tree
version=v4
num_class=1
num_tree_per_iteration=1
label_index=0
max_feature_idx=105
objective=regression
feature_names=ruolo cambio_squadra presenze_cumulate_carriera_n1 fantamedia_lag1 gol_lag1 assist_lag1 bonus_netti_lag1 presenze_lag1 voto_medio_lag1 minuti_totali_lag1 xg_totale_lag1 xa_totale_lag1 shots_totali_lag1 presenze_titolare_lag1 ammonizioni_totali_lag1 espulsioni_totali_lag1 rigori_segnati_totali_lag1 rigori_sbagliati_totali_lag1 rigori_parati_totali_lag1 fantamedia_ma3 gol_ma3 assist_ma3 bonus_netti_ma3 presenze_ma3 voto_medio_ma3 minuti_totali_ma3 xg_totale_ma3 xa_totale_ma3 shots_totali_ma3 presenze_titolare_ma3 ammonizioni_totali_ma3 espulsioni_totali_ma3 rigori_segnati_totali_ma3 rigori_sbagliati_totali_ma3 rigori_parati_totali_ma3 fantamedia_std3 fantamedia_trend3 gol_std3 gol_trend3 assist_std3 assist_trend3 bonus_netti_std3 bonus_netti_trend3 presenze_std3 presenze_trend3 voto_medio_std3 voto_medio_trend3 minuti_totali_std3 minuti_totali_trend3 xg_totale_std3 xg_totale_trend3 xa_totale_std3 xa_totale_trend3 shots_totali_std3 shots_totali_trend3 presenze_titolare_std3 presenze_titolare_trend3 ammonizioni_totali_std3 ammonizioni_totali_trend3 espulsioni_totali_std3 espulsioni_totali_trend3 rigori_segnati_totali_std3 rigori_segnati_totali_trend3 rigori_sbagliati_totali_std3 rigori_sbagliati_totali_trend3 rigori_parati_totali_std3 rigori_parati_totali_trend3 fantamedia_career_mean gol_career_mean assist_career_mean bonus_netti_career_mean presenze_career_mean voto_medio_career_mean minuti_totali_career_mean xg_totale_career_mean xa_totale_career_mean shots_totali_career_mean presenze_titolare_career_mean ammonizioni_totali_career_mean espulsioni_totali_career_mean rigori_segnati_totali_career_mean rigori_sbagliati_totali_career_mean rigori_parati_totali_career_mean eta_n1 squadra_in_champions_n1 squadra_in_champions_target squadra_punti_finali_n1 squadra_posizione_finale_n1 squadra_nuova_punti_finali_n1 squadra_nuova_posizione_finale_n1 quotazione_iniziale_n1 quotazione_attuale_n1 fvm_n1 quotazione_iniziale_target infortuni_n1_count infortuni_n1_giorni_totali infortuni_career_count altezza_m nazionalita piede_dominante titolarita_forum media_voto_forum salute_forum bonus_forum consiglio_esperti_forum totale_forum
feature_infos=-1:2:1:0:3 [0:1] [1:7] [0.5:10] [0:28] [0:15] [-76:108] [1:38] [4:7] [0:3420] [0:32.399444118142128] [0:12.840456929057837] [0:208] [0:38] [0:15] [0:3] [0:14] [0:4] [0:4] [1:10] [0:28.5] [0:11] [-74.5:91.5] [1:38] [5:7] [0:3420] [0:27.531273673598964] [0:10.716328046595056] [0:191.5] [0:38] [0:14] [0:2] [0:8.5] [0:3] [0:3] [0:2.25] [-4.5:2.833333333333333] [0:11] [-11:22] [0:6.2360956446232354] [-11:11] [0:34.75] [-61.5:69.5] [0:18] [-32:36] [0:0.94981736037512643] [-1.3157894736842106:1] [0:1620] [-2895:3240] [0:10.681196013465524] [-8.6136132180690765:21.362392026931047] [0:4.9391173347830772] [-6.2035563364624977:9.8782346695661545] [0:49] [-63:98] [0:18] [-33:36] [0:5.5] [-9:11] [0:1.5] [-2:3] [0:4.714045207910317] [-6:7] [0:1.699673171197595] [-3:3] [0:2] [-3:4] [2.6666666666666665:10] [0:28.5] [0:11] [-74.5:91.5] [1:38] [5:7] [0:3420] [0:27.531273673598964] [0:9.9446295751258713] [0:191.5] [0:38] [0:14] [0:2] [0:8.5] [0:3] [0:3] [15:41] [0:1] [0:1] [14:92] [1:20] [31:92] [1:18] [1:49] [1:50] none [1:49] [0:7] [0:408] [0:14] [1.6299999999999999:2.02] -1:44:3:9:63:73:31:69:56:20:83:0:16:8:64:19:34:75:7:35:72:65:76:68:1:55:80:71:36:22:24:58:77:15:59:61:47:85:27:60:2:54:37:38:12:25:41:45:52:53:62:81:4:11:30:40:50:66:86 -1:2:1:0 none none none none none none
tree_sizes=1357 1415 1442 1408 1434 1413 1418 1412 1415 1441 1418 1414 1410 1408 1407 1463 1423 1473 1427 1432 1411 1460 1450 1431 1432 1436 1445 1404 1465 1415 1451 1436 1439 1424 1451 1464 1500 1484 1482 1455 1469 1438 1429 1425 1510 1509 1460 1458 1488 1451 1469 1468 1501 1489 1452 1451 1459 1453 1480 1451 1467 1477 1506 1520 1488 1493 1465 1431 1464 1470 1423

Tree=0
num_leaves=15
num_cat=0
split_feature=93 7 7 13 71 83 4 93 1 83 96 89 7 35
split_gain=42869.9 12172.8 3676.12 2703.88 1564.68 1559.63 1377.15 1347.72 1248.54 1206.66 1175.17 1142.16 1090.87 998.561
threshold=5.5000000000000009 27.500000000000004 7.5000000000000009 32.500000000000007 12.732142857142859 26.500000000000004 1.0000000180025095e-35 10.500000000000002 1.0000000180025095e-35 29.500000000000004 1.0000000180025095e-35 12.500000000000002 17.500000000000004 0.12913527851843917
decision_type=2 2 2 2 2 8 2 2 2 8 2 8 2 8
left_child=2 4 8 -3 6 7 -2 -6 -1 11 -10 -4 -13 -11
right_child=1 3 9 -5 5 -7 -8 -9 10 13 -12 12 -14 -15
leaf_value=20.996258356223841 21.666972625131351 21.896494187287502 21.194662603184131 22.116234411527611 21.675856042139063 21.582726232804344 21.237508345372209 21.902686909185221 21.633023046641775 21.449383342252279 21.140305970406899 21.372903079390937 21.575039854328658 21.108181428080947
leaf_weight=108 35 424 47 209 174 218 40 105 17 32 42 152 119 65
leaf_count=108 35 424 47 209 174 218 40 105 17 32 42 152 119 65
internal_value=21.6478 21.818 21.2954 21.969 21.6508 21.6829 21.4379 21.7612 21.0973 21.3751 21.2823 21.4222 21.4617 21.2207
internal_weight=1787 1205 582 633 572 497 75 279 167 415 59 318 271 97
internal_count=1787 1205 582 633 572 497 75 279 167 415 59 318 271 97
is_linear=0
shrinkage=1


Tree=1
num_leaves=15
num_cat=0
split_feature=93 7 7 7 71 96 4 29 1 1 83 96 88 56
split_gain=38690.1 10985.9 3317.7 2123.91 1412.12 1442.87 1242.88 1235.98 1251.5 1126.81 1089.01 1060.59 1039.02 1114.24
threshold=5.5000000000000009 27.500000000000004 7.5000000000000009 35.500000000000007 12.732142857142859 5.5000000000000009 1.0000000180025095e-35 20.833333333333339 1.0000000180025095e-35 1.0000000180025095e-35 29.500000000000004 1.0000000180025095e-35 43.500000000000007 7.2500000000000009
decision_type=2 2 2 2 2 2 2 2 2 2 8 2 10 10
left_child=2 4 9 7 6 -6 -2 8 -3 -1 12 -11 13 -4
right_child=1 3 10 -5 5 -7 -8 -9 -10 11 -12 -13 -14 -15
leaf_value=-0.62481290934353007 0.012365662711007254 0.19476777804491011 -0.21964668568299742 0.48489606071323643 0.075060067201981773 -0.12515706869505219 -0.39562542987987404 0.29905562190075669 -0.2061569577238212 -0.019886448891723859 -0.41155260054337001 -0.48796768241694999 -0.44872699369524804 0.10318972339232764
leaf_weight=108 35 103 245 124 379 118 40 382 24 17 97 42 43 30
leaf_count=108 35 103 245 124 379 118 40 382 24 17 97 42 43 30
internal_value=-0.00586426 0.155823 -0.340629 0.299336 -0.00299473 0.0275236 -0.20523 0.254131 0.119002 -0.528817 -0.2649 -0.353097 -0.220167 -0.184428
internal_weight=1787 1205 582 633 572 497 75 509 127 167 415 59 318 275
internal_count=1787 1205 582 633 572 497 75 509 127 167 415 59 318 275
is_linear=0
shrinkage=0.05


Tree=2
num_leaves=15
num_cat=0
split_feature=93 7 9 9 93 85 93 95 83 14 89 23 97 49
split_gain=34917.8 9914.81 3107.7 2314.04 1375.02 1519.54 1208.85 1267.95 1208.3 1228.98 1233.64 1154.1 1106.5 1084.46
threshold=5.5000000000000009 27.500000000000004 686.00000000000011 2889.0000000000005 10.500000000000002 1.0000000180025095e-35 1.5000000000000002 6.5000000000000009 28.500000000000004 1.0000000180025095e-35 1.0000000180025095e-35 26.416666666666668 1.7350000000000001 0.085446270100034707
decision_type=2 2 2 2 2 2 2 2 8 2 10 2 10 8
left_child=2 4 6 11 5 12 -1 -8 9 -4 -11 -3 -2 -14
right_child=1 3 8 -5 -6 -7 7 -9 -10 10 -12 -13 13 -15
leaf_value=-0.63230797780651438 -0.40627049010466126 0.088188598001912491 -0.58698920831084256 0.43144947776293502 0.097422673095400647 -0.28356560880783949 -0.23033676445484164 -0.50220635070228103 -0.37313160126663975 -0.054941241985017611 -0.31063867515939125 0.27060224099215752 0.30433514738189327 -0.023864972896604653
leaf_weight=71 17 118 15.999999999999998 188 214 64 74 102 97 154 68 327 28 249
leaf_count=71 17 118 16 188 214 64 74 102 97 154 68 327 28 249
internal_value=-0.00557105 0.148032 -0.323598 0.284369 -0.002845 -0.0627815 -0.458153 -0.387898 -0.224388 -0.163766 -0.133263 0.222232 -0.0147197 0.00931049
internal_weight=1787 1205 582 633 572 358 247 176 335 238 222 445 294 277
internal_count=1787 1205 582 633 572 358 247 176 335 238 222 445 294 277
is_linear=0
shrinkage=0.05


Tree=3
num_leaves=15
num_cat=0
split_feature=9 91 91 9 31 83 43 25 75 11 30 72 89 5
split_gain=24970.5 5687.86 4637.38 1804.34 1686.02 1373.68 1385.17 1281.87 1189.98 1206.25 1165.46 1136.53 1072.29 966.496
threshold=1569.5000000000002 3.5000000000000004 9.5000000000000018 2808.5000000000005 0.41666666666666669 26.500000000000004 3.529513042005219 1092.1666666666667 0.011457200472553551 0.40172549802809959 6.8333333333333348 5.6078098290598302 8.5000000000000018 4.5000000000000009
decision_type=2 10 10 2 2 8 10 2 2 2 2 2 8 2
left_child=1 5 10 13 7 -1 -7 8 -3 -10 11 -2 -5 -4
right_child=2 4 3 12 -6 6 -8 -9 9 -11 -12 -13 -14 -15
leaf_value=-0.29590630418761582 -0.40534658204106722 0.17555213333929287 0.15111894153841277 0.063863772695714791 0.10622238509626275 -0.73071471012451439 -0.35727618966709107 -0.060956343242609172 -0.42258725077526216 -0.16860519199990309 0.1992620066041127 0.016244020421447149 0.43483575741157821 0.33566495446982436
leaf_weight=212 17 17 257 22 83 44 57 251 73 130 88 268 170 98
leaf_count=212 17 17 257 22 83 44 57 251 73 130 88 268 170 98
internal_value=-0.0052925 -0.197826 0.176149 0.268848 -0.101565 -0.368206 -0.519962 -0.138181 -0.226287 -0.259939 0.0402079 -0.00890349 0.392329 0.202064
internal_weight=1787 867 920 547 554 313 101 471 220 203 373 285 192 355
internal_count=1787 867 920 547 554 313 101 471 220 203 373 285 192 355
is_linear=0
shrinkage=0.05


Tree=4
num_leaves=15
num_cat=0
split_feature=93 7 93 13 25 93 85 41 57 77 76 23 54 9
split_gain=29315.6 8066.29 2580.87 1917.06 1298.14 1186.52 1178.35 997.94 961.433 912.455 861.021 856.105 850.994 849.022
threshold=5.5000000000000009 27.500000000000004 1.5000000000000002 32.500000000000007 1268.2500000000002 8.5000000000000018 1.0000000180025095e-35 2.976670428889113 2.4719640003162362 11.225000000000001 30.100000000000005 19.166666666666668 4.7500000000000009 958.50000000000011
decision_type=2 2 2 2 2 2 2 10 10 2 2 2 10 2
left_child=2 5 7 8 9 6 10 -1 -3 -4 11 -2 -6 -7
right_child=1 3 4 -5 12 13 -8 -9 -10 -11 -12 -13 -14 -15
leaf_value=-0.61879494867722196 -0.090873922770919879 0.23021399844594362 -0.26268838116110443 0.38262313732690223 -0.17909793615693878 -0.066631727502113436 -0.30543182506428468 -0.24836711545164386 0.023799177203605425 -0.46440741548935577 -0.38248519836924971 0.10908233947120607 0.19202846595469644 0.12295811176123495
leaf_weight=75 121 357 222 209 169 82 46 24 67 75 15.999999999999998 96 17 211
leaf_count=75 121 357 222 209 169 82 46 24 67 75 16 96 17 211
internal_value=-0.00502787 0.135715 -0.296428 0.258687 -0.248759 -0.000372565 -0.0741701 -0.528994 0.197597 -0.313628 -0.0285133 -0.00241401 -0.145178 0.0698988
internal_weight=1787 1205 582 633 483 572 279 99 424 297 233 217 186 293
internal_count=1787 1205 582 633 483 572 279 99 424 297 233 217 186 293
is_linear=0
shrinkage=0.05


Tree=5
num_leaves=15
num_cat=0
split_feature=7 7 91 86 8 88 19 83 77 9 9 25 42 68
split_gain=24178.9 4129.71 3481.22 2694.4 1858.38 1373.88 1366.76 1053.92 919.644 872.024 845.875 839.18 1380.11 831.932
threshold=20.500000000000004 31.500000000000004 3.5000000000000004 30.000000000000004 6.0431677018633545 45.500000000000007 5.7402917131178013 27.500000000000004 14.803571428571431 2995.5000000000005 750.00000000000011 2006.1666666666667 -1.1249999999999998 0.55000000000000016
decision_type=2 2 10 2 2 10 2 8 2 2 2 2 8 2
left_child=2 4 7 -3 6 9 -2 -1 -9 13 -4 12 -6 -5
right_child=1 3 10 5 11 -7 -8 8 -10 -11 -12 -13 -14 -15
leaf_value=-0.29208329513395598 -0.17887759006729254 -0.36260885000228882 -0.2166561950466806 0.025221695160043651 -0.2105458172503859 0.051745993256568916 0.056444925999995781 -0.63164886528370434 -0.27500950167221683 0.43812031651300098 -0.068873892337545872 0.31720793419024523 0.20104565253392101 0.30968790587565276
leaf_weight=218 76 15.999999999999998 155 29 26 50 328 51 28 126 258 85 94 226
leaf_count=218 76 16 155 29 26 50 328 51 28 126 258 85 94 226
internal_value=0.00740427 0.159106 -0.218225 0.274518 0.0743941 0.29817 0.0121763 -0.348783 -0.505245 0.330509 -0.124337 0.197009 0.111868 0.277337
internal_weight=1766 1056 710 447 609 431 404 297 79 381 413 205 120 255
internal_count=1766 1056 710 447 609 431 404 297 79 381 413 205 120 255
is_linear=0
shrinkage=0.05


Tree=6
num_leaves=15
num_cat=0
split_feature=7 7 91 86 8 88 83 25 43 69 26 70 77 69
split_gain=21821.4 3727.06 3141.8 2431.7 1691.66 1239.93 951.159 934.807 1197.9 1060.11 873.523 1124.97 830.379 818.368
threshold=20.500000000000004 31.500000000000004 3.5000000000000004 30.000000000000004 5.870669056152928 45.500000000000007 27.500000000000004 2159.0000000000005 5.8972611465541744 0.92857142857142871 4.1446403600275525 1.4500000000000002 15.366666666666669 0.53571428571428581
decision_type=2 2 10 2 2 10 8 2 8 2 2 2 2 2
left_child=2 4 6 -3 10 -5 -1 8 9 -6 11 13 -8 -2
right_child=1 3 -4 5 7 -7 12 -9 -10 -11 -12 -13 -14 -15
leaf_value=-0.27747912934955654 -0.21024835608845605 -0.34447841048240663 -0.11812013455060003 0.31398386171483622 -0.28479702859185635 0.049158689126372335 -0.59679140127622166 0.23427203930226878 0.17432780386039265 0.046249887875735175 -0.35500346308662778 0.18124512181832242 -0.25501805883314876 0.049633269232732286
leaf_weight=218 69 15.999999999999998 413 381 32 50 52 138 144 99 21 52 27 54
leaf_count=218 69 16 413 381 32 50 52 138 144 99 21 52 27 54
internal_value=0.00703405 0.15115 -0.207314 0.260792 0.0706744 0.283262 -0.331344 0.128082 0.0747943 -0.0346165 -0.0502922 -0.0137268 -0.479983 -0.096154
internal_weight=1766 1056 710 447 609 431 297 413 275 131 196 175 79 123
internal_count=1766 1056 710 447 609 431 297 413 275 131 196 175 79 123
is_linear=0
shrinkage=0.05


Tree=7
num_leaves=15
num_cat=0
split_feature=93 13 93 7 41 9 9 8 90 58 43 41 35 58
split_gain=23152.4 5959.08 2286.69 1328.57 1202.99 1048.08 984.983 962.617 1090.1 936.568 925.55 918.203 881.316 880.775
threshold=5.5000000000000009 24.500000000000004 3.5000000000000004 20.500000000000004 1.5456030825826177 811.00000000000011 2974.5000000000005 5.8768939393939403 12.500000000000002 0.75000000000000011 5.3953141390848511 1.1293173758561117 0.3893861887620706 -1.0000000180025095e-35
decision_type=2 2 2 2 8 2 2 2 10 10 10 10 10 10
left_child=2 3 9 4 13 11 12 8 -5 -1 -9 -4 -3 -2
right_child=1 6 5 7 -6 -7 -8 10 -10 -11 -12 -13 -14 -15
leaf_value=-0.41469235014274858 -0.48074451804161078 0.17513406159629846 -0.16336900872500759 0.043727698713018182 -0.0036493034660816195 -0.098371914587914944 0.35686262187522816 0.077543985675826363 -0.39358823075339106 -0.17235930619039097 0.28369241780356358 -0.47980604884101119 0.37046897765518966 -0.087294552091396221
leaf_weight=214 25 354 52 57 245 192 148 192 19 49 76 41 69 33
leaf_count=214 25 354 52 57 245 192 148 192 19 49 76 41 69 33
internal_value=0.00668235 0.128116 -0.26322 0.0242194 -0.0521235 -0.165104 0.245841 0.0914633 -0.0656013 -0.369543 0.136004 -0.302874 0.206997 -0.256885
internal_weight=1766 1218 548 647 303 285 571 344 76 263 268 93 423 58
internal_count=1766 1218 548 647 303 285 571 344 76 263 268 93 423 58
is_linear=0
shrinkage=0.05


Tree=8
num_leaves=15
num_cat=0
split_feature=13 91 86 13 23 28 89 83 73 38 57 94 88 83
split_gain=15901.2 5159.19 2374.57 1803.19 1265.91 1260.87 1253.96 1161.83 1940.63 1079.7 955.304 977.852 926.02 862.848
threshold=20.500000000000004 4.5000000000000009 30.000000000000004 30.500000000000004 18.833333333333339 59.250000000000007 9.5000000000000018 27.500000000000004 1691.1250000000002 -1.0000000180025095e-35 1.1236095644623239 1.5000000000000002 36.500000000000007 26.500000000000004
decision_type=2 10 2 2 2 2 8 8 2 8 8 2 10 10
left_child=1 7 -2 5 10 -4 -5 8 -1 -9 -3 12 -12 -6
right_child=2 4 3 6 13 -7 -8 9 -10 -11 11 -13 -14 -15
leaf_value=-0.25241561969103365 -0.21770325495224252 0.0089827313029060239 0.093764463285354926 -0.0030964362940617972 0.11346008400601078 0.34882800572636458 0.31427562382350616 -0.19328169779557933 0.23547822673889726 -0.52433125612991194 -0.038206864148378372 -0.38869129856427515 -0.40855761738050556 -0.058551328692298669
leaf_weight=277 38 95 407 35 166 55 281 38 22 70 86 45 21 130
leaf_count=277 38 95 407 35 166 55 281 38 22 70 86 45 21 130
internal_value=0.00634823 -0.132702 0.168233 0.187083 -0.0318242 0.124129 0.279124 -0.267289 -0.216517 -0.407851 -0.115398 -0.193136 -0.110893 0.0379145
internal_weight=1766 950 816 778 543 462 316 407 299 108 247 152 107 296
internal_count=1766 950 816 778 543 462 316 407 299 108 247 152 107 296
is_linear=0
shrinkage=0.05


Tree=9
num_leaves=15
num_cat=0
split_feature=93 7 93 95 8 35 49 93 9 27 35 96 3 51
split_gain=19420.3 4824.55 1977.9 1319.05 1256.9 1093.93 1071.3 1037.69 897.811 866.531 866.443 864.21 849.012 758.218
threshold=5.5000000000000009 26.500000000000004 2.5000000000000004 36.500000000000007 6.0822072072072073 0.051693671424081301 0.040032580360651708 13.500000000000002 2808.5000000000005 2.1050061138036358 0.39196778473682781 5.5000000000000009 6.4425824175824191 1.0957518655948149
decision_type=2 2 2 2 2 8 8 2 2 2 10 2 2 8
left_child=2 6 -1 -4 8 -5 -2 11 9 -3 13 12 -8 -11
right_child=1 4 3 5 -6 -7 7 -9 -10 10 -12 -13 -14 -15
leaf_value=-0.40102237366087784 0.31456944855073327 0.16480202374446115 -0.12442664762875731 0.080786270499229429 0.27512582081217712 -0.37438897617330608 0.032529499141537417 0.13570634422683589 0.27164626641141387 0.097037921414563535 0.33574596961339315 -0.18514157644994966 -0.17198919174261393 -0.19448473952296708
leaf_weight=143 26 171 280 14.999999999999998 324 110 245 93 97 38 14.999999999999998 91 64 54
leaf_count=143 26 171 280 15 324 110 245 93 97 38 15 91 64 54
internal_value=0.00603082 0.117247 -0.241162 -0.184717 0.202994 -0.319768 0.00176114 -0.0147359 0.140673 0.0949734 -0.0166219 -0.0497137 -0.00983036 -0.0740732
internal_weight=1766 1218 548 405 699 125 519 493 375 278 107 400 309 92
internal_count=1766 1218 548 405 699 125 519 493 375 278 107 400 309 92
is_linear=0
shrinkage=0.05


Tree=10
num_leaves=15
num_cat=0
split_feature=93 73 93 93 49 85 23 8 95 45 94 44 52 95
split_gain=17623.4 4431.19 2328.55 1299.34 1283.7 1077.78 1171.08 893.033 860.992 784.161 742.599 693.642 975.581 713.23
threshold=5.5000000000000009 2046.4761904761908 1.5000000000000002 15.500000000000002 0.068939648102968862 1.0000000180025095e-35 21.833333333333339 6.0845238095238097 36.500000000000007 0.11113757218217152 1.5000000000000002 20.500000000000004 1.7010538559406998 99.500000000000014
decision_type=2 2 2 2 8 2 2 2 2 8 2 10 10 2
left_child=2 3 9 4 -2 11 10 -3 -4 -1 -7 12 13 -6
right_child=1 7 8 -5 5 6 -8 -9 -10 -11 -12 -13 -14 -15
leaf_value=-0.19810432145992918 0.23653611025027932 0.16187543576637653 -0.13561342249735303 0.17975622993289381 0.039692186858791577 -0.17702128001621792 0.0030883335842276523 0.29663331627494954 -0.27987160221734025 -0.52543160093180208 -0.54275355662988589 0.32172478875693156 -0.3066754700392485 -0.1948632950273653
leaf_weight=24 50 274 315 114 325 35 53 223 154 77 23 17 25 36
leaf_count=24 50 274 315 114 325 35 53 223 154 77 23 17 25 36
internal_value=-0.00174049 0.108931 -0.229879 0.0257978 -0.00532141 -0.0288484 -0.166805 0.22234 -0.182982 -0.447651 -0.322053 0.00914967 -0.00461659 0.0163016
internal_weight=1745 1175 570 678 564 514 111 497 469 101 58 403 386 361
internal_count=1745 1175 570 678 564 514 111 497 469 101 58 403 386 361
is_linear=0
shrinkage=0.05


Tree=11
num_leaves=15
num_cat=0
split_feature=93 73 93 93 49 85 78 13 95 14 42 45 83 44
split_gain=15905.2 3999.15 2101.52 1186.65 1345.14 1014.79 1227.46 962.689 777.046 805.661 758.88 707.705 690.048 682.055
threshold=5.5000000000000009 2046.4761904761908 1.5000000000000002 13.500000000000002 0.068939648102968862 1.0000000180025095e-35 2.2250000000000005 32.500000000000007 36.500000000000007 2.5000000000000004 -1.1249999999999998 0.11113757218217152 28.500000000000004 20.500000000000004
decision_type=2 2 2 2 8 2 2 2 2 2 10 8 8 10
left_child=2 3 11 4 -2 13 -7 -3 -4 -10 -5 -1 -11 -6
right_child=1 7 8 10 5 6 -8 -9 9 12 -12 -13 -14 -15
leaf_value=-0.18819910362362863 0.251518968393658 0.15878579195483064 -0.12883275215824447 0.020297434826086209 -0.018797859376253084 -0.5061021895512291 -0.08355428771499325 0.30357138530868627 -0.37165130558143183 -0.048004831631596273 0.22504292822415284 -0.49916002248208247 -0.40010030732343077 0.30563854855649614
leaf_weight=24 43 317 315 82 344 23 68 180 83 52 101 77 19 17
leaf_count=24 43 317 315 82 344 23 68 180 83 52 101 77 19 17
internal_value=-0.00165346 0.103485 -0.218385 0.024508 -0.0157118 -0.0411342 -0.190352 0.211223 -0.173833 -0.265878 0.133299 -0.425268 -0.142228 -0.00351969
internal_weight=1745 1175 570 678 495 452 91 497 469 154 183 101 71 361
internal_count=1745 1175 570 678 495 452 91 497 469 154 183 101 71 361
is_linear=0
shrinkage=0.05


Tree=12
num_leaves=15
num_cat=0
split_feature=93 73 93 48 9 46 23 49 86 67 75 43 97 97
split_gain=14354.4 3609.23 1896.62 1081.34 966.766 1153.41 961.96 853.243 779.652 735.66 795.674 701.809 835.365 793.572
threshold=5.5000000000000009 2046.4761904761908 1.5000000000000002 1119.5000000000002 2808.5000000000005 0.10924310064935082 26.833333333333339 0.068939648102968862 44.500000000000007 6.1252419354838716 1.8810642448952422 5.3332926424530411 1.8650000000000004 1.8450000000000004
decision_type=2 2 2 10 2 10 2 8 2 2 2 8 8 10
left_child=2 3 -1 6 5 -3 7 -2 -5 10 -4 12 13 -9
right_child=1 4 9 8 -6 -7 -8 11 -10 -11 -12 -13 -14 -15
leaf_value=-0.404004906398235 0.21797390973026101 0.10831431443469142 -0.15854574577409591 0.022215039691617412 0.28708075784070763 0.40994237197770017 0.13567512054334988 -0.14003433382805483 0.35815091423499279 -0.31099173595031648 0.10929946313301722 -0.0025395317121770732 -0.32317102139904386 0.1687497734225222
leaf_weight=101 33 265 366 31 196 36 110 81 39 73 30 314 42 28
leaf_count=101 33 265 366 31 196 36 110 81 39 73 30 314 42 28
internal_value=-0.00157079 0.0983103 -0.207466 0.0232826 0.200662 0.144389 0.00185694 -0.0277013 0.209379 -0.165141 -0.138254 -0.0451363 -0.133715 -0.0607136
internal_weight=1745 1175 570 678 497 301 608 498 70 469 396 465 151 109
internal_count=1745 1175 570 678 497 301 608 498 70 469 396 465 151 109
is_linear=0
shrinkage=0.05


Tree=13
num_leaves=15
num_cat=0
split_feature=93 71 93 96 43 89 9 8 89 49 7 26 26 49
split_gain=12954.8 3122.13 1711.7 1279.02 1039.91 850.524 828.946 697.846 711.939 717.902 1113.03 712.756 723.17 840.355
threshold=5.5000000000000009 26.416666666666668 1.5000000000000002 4.5000000000000009 12.875399643332088 5.5000000000000009 2889.0000000000005 5.929563492063493 12.500000000000002 0.27711337801003 15.500000000000002 0.32370983824754757 0.461456203678002 0.10717387031763791
decision_type=2 2 2 2 10 8 2 2 8 10 2 2 2 10
left_child=2 3 -1 4 5 -2 -3 8 -4 11 -11 -10 -13 -14
right_child=1 6 7 -5 -6 -7 -8 -9 9 10 -12 12 13 -15
leaf_value=-0.38380465908805927 -0.27589356690645217 0.14247016299467583 -0.31162488325390708 -0.093717908564504682 0.33799312859773639 0.058199208122016191 0.27941124695924019 -0.26089649672930437 -0.12944953173841581 -0.38773070636722778 -0.06424322275015025 0.28606899965267918 -0.16325090822009813 0.19428481316124951
leaf_weight=101 20 385 43 182 32 401 155 120 101 45 65 26 42 27
leaf_count=101 20 385 43 182 32 401 155 120 101 45 65 26 42 27
internal_value=-0.00149225 0.0933948 -0.197093 0.0182349 0.0632137 0.0423278 0.181777 -0.156884 -0.12112 -0.0943502 -0.196579 -0.0369768 0.0613363 -0.0233456
internal_weight=1745 1175 570 635 453 421 540 469 349 306 110 196 95 69
internal_count=1745 1175 570 635 453 421 540 469 349 306 110 196 95 69
is_linear=0
shrinkage=0.05


Tree=14
num_leaves=15
num_cat=0
split_feature=93 73 93 93 85 23 43 52 9 74 96 57 95 14
split_gain=11691.8 2993.68 1544.81 989.194 947.771 1053.91 980.626 1039.58 796.851 772.802 697.351 1009.06 675.662 687.452
threshold=5.5000000000000009 2046.4761904761908 1.5000000000000002 15.500000000000002 1.0000000180025095e-35 21.833333333333339 11.012611802847077 1.6501787956804039 2748.5000000000005 1.370514815207571 4.5000000000000009 1.4571067811865477 36.500000000000007 2.5000000000000004
decision_type=2 2 2 2 2 2 10 10 2 2 2 8 2 2
left_child=2 3 -1 4 6 9 7 -2 -3 -6 -10 -12 -4 -14
right_child=1 8 12 -5 5 -7 -8 -9 10 -11 11 -13 13 -15
leaf_value=-0.36461442428650243 0.02756707830033775 0.1262056457131569 -0.10707806259393693 0.15472723261306162 -0.1288851924861471 0.020499843554089556 0.27693930079953538 -0.27361845537539453 0.2931641620026062 -0.49075130140781403 -0.22678870067876927 0.31036940084563364 -0.33257659712458504 -0.12065099404311518
leaf_weight=101 378 280 315 114 36 58 36 31 182 25 17 18 83 71
leaf_count=101 378 280 315 114 36 58 36 31 182 25 17 18 83 71
internal_value=-0.00141764 0.0887251 -0.187238 0.0203942 -0.00675826 -0.132098 0.0267595 0.00473883 0.181941 -0.277191 0.253858 0.049464 -0.14904 -0.234871
internal_weight=1745 1175 570 678 564 119 445 409 497 61 217 35 469 154
internal_count=1745 1175 570 678 564 119 445 409 497 61 217 35 469 154
is_linear=0
shrinkage=0.05


Tree=15
num_leaves=15
num_cat=0
split_feature=93 13 93 96 86 45 58 68 9 53 11 72 73 83
split_gain=9266.54 2356.38 1499.64 1019.19 883.068 1222.31 868.145 826.948 902.633 820.147 793.621 766.735 764.83 779.479
threshold=5.5000000000000009 24.500000000000004 3.5000000000000004 5.5000000000000009 35.500000000000007 0.041784831295286061 0.75000000000000011 1.4142857142857144 2576.0000000000005 12.499444419750894 0.92688805516809236 5.6913919413919425 1719.9500000000003 22.500000000000004
decision_type=2 2 2 2 2 10 10 2 2 10 2 2 2 10
left_child=2 3 6 9 5 -3 12 8 -4 11 -5 -2 13 -1
right_child=1 4 7 10 -6 -7 -8 -9 -10 -11 -12 -13 -14 -15
leaf_value=-0.21068455521948637 -0.30561670040090883 0.20395821340382098 -0.079531708473854879 -0.25057671816271759 0.16369107826652651 -0.43435069282849637 -0.072992483865131033 -0.29059277142990719 0.3205199813842774 0.18823835581075402 -0.0094907154898262684 0.027851017870933404 -0.071173059443632766 -0.41285557798978134
leaf_weight=80 18 15.000000000000002 235 59 527 14.999999999999998 55 44 14.999999999999998 80 81 407 33 118
leaf_count=80 18 15 235 59 527 15 55 44 15 80 81 407 33 118
internal_value=-0.0058661 0.073336 -0.170006 0.00827993 0.14867 -0.115196 -0.251521 -0.0907083 -0.0555286 0.0413729 -0.111091 0.0137277 -0.294028 -0.33117
internal_weight=1782 1202 580 645 557 30 286 294 250 505 140 425 231 198
internal_count=1782 1202 580 645 557 30 286 294 250 505 140 425 231 198
is_linear=0
shrinkage=0.05


Tree=16
num_leaves=15
num_cat=0
split_feature=23 13 9 53 95 19 87 85 90 72 89 52 83 83
split_gain=7509.24 1696.02 1192.64 1144.38 929.901 978.483 825.262 803.932 908.557 959.214 797.43 795.575 775.772 674.369
threshold=21.833333333333339 7.5000000000000009 2479.0000000000005 12.156333373623243 71.500000000000014 5.4509746588693959 5.5000000000000009 1.0000000180025095e-35 2.5000000000000004 5.9999581343196651 12.500000000000002 -0.016439797589555345 30.500000000000004 26.500000000000004
decision_type=2 2 2 10 2 2 2 2 8 2 8 8 10 8
left_child=1 4 6 10 5 -1 -2 8 -7 -10 -3 12 -4 -12
right_child=2 3 11 -5 -6 7 -8 -9 9 -11 13 -13 -14 -15
leaf_value=-0.37489812862365807 0.13117639201608938 -0.26532823672661415 0.12753770674650486 0.17565748766064646 -0.39217594067255657 -0.23309813934268761 -0.00035643850558862526 -0.32736854063256127 -0.079324658200717893 0.24586586977901131 -0.0055208177321410482 0.1921496969956169 -0.17320228251628578 -0.14476778543805771
leaf_weight=47 174 52 65 48 54 68 379 41 104 29 238 314 32 137
leaf_count=47 174 52 65 48 54 68 379 41 104 29 238 314 32 137
internal_value=-0.00557279 -0.116996 0.0889752 -0.0558161 -0.201721 -0.166134 0.04103 -0.125589 -0.0844295 -0.00841845 -0.0818366 0.153485 0.0283245 -0.0563924
internal_weight=1782 818 964 475 343 289 553 242 201 133 427 411 97 375
internal_count=1782 818 964 475 343 289 553 242 201 133 427 411 97 375
is_linear=0
shrinkage=0.05


Tree=17
num_leaves=15
num_cat=0
split_feature=93 73 7 93 52 85 83 97 72 14 67 87 3 36
split_gain=7798.03 1975.49 1281.82 1079.67 952.793 928.637 811.031 727.066 665.886 656.401 745.746 645.17 669.273 627.638
threshold=5.5000000000000009 2046.4761904761908 4.5000000000000009 10.500000000000002 -0.082428524969145586 1.0000000180025095e-35 26.500000000000004 1.8250000000000004 5.6804594366350676 1.0000000180025095e-35 6.1158430073159673 2.5000000000000004 6.2231800766283536 -0.49573863636363663
decision_type=2 2 2 2 10 2 8 10 2 2 2 2 2 8
left_child=2 3 -1 5 13 8 -5 -8 -2 -4 -11 12 -7 -3
right_child=1 4 9 6 -6 11 7 -9 -10 10 -12 -13 -14 -15
leaf_value=-0.3227670759583513 -0.33405172606309258 0.38092151323954271 -0.27059966559593496 0.14289781247974986 0.20302668106990779 0.17004685206338765 0.080782077549134981 -0.17337998056318613 0.0076518519403180113 -0.073628973645817483 -0.26966012365051678 -0.38216607512966283 -0.26381144016981123 0.046977322702890983
leaf_weight=96 14.999999999999998 14.999999999999998 65 193 281 15.999999999999998 68 48 288 363 56 31 20 227
leaf_count=96 15 15 65 193 281 16 68 48 288 363 56 31 20 227
internal_value=-0.00529415 0.0673617 -0.155867 0.0111054 0.140398 -0.0465126 0.0800978 -0.0243884 -0.00926417 -0.122763 -0.0998288 -0.214965 -0.0709855 0.0676763
internal_weight=1782 1202 580 679 523 370 309 116 303 484 419 67 36 242
internal_count=1782 1202 580 679 523 370 309 116 303 484 419 67 36 242
is_linear=0
shrinkage=0.05


Tree=18
num_leaves=15
num_cat=0
split_feature=93 7 93 15 49 93 26 71 22 58 47 86 85 73
split_gain=7037.72 1812.31 1224.41 895.287 847.626 992.331 1021.13 906.962 832.059 713.491 680.261 705.118 659.714 647.185
threshold=5.5000000000000009 32.500000000000007 3.5000000000000004 1.0000000180025095e-35 0.068939648102968862 12.500000000000002 4.249945777623604 22.550000000000004 -3.0833333333333326 0.75000000000000011 618.62951259230431 42.500000000000007 1.0000000180025095e-35 1719.9500000000003
decision_type=2 2 2 2 8 2 2 2 2 10 8 2 2 2
left_child=2 3 9 4 -2 6 7 12 -4 13 11 -9 -6 -1
right_child=1 -3 8 -5 5 -7 -8 10 -10 -11 -12 -13 -14 -15
leaf_value=-0.29443181770938365 0.1798035631658601 0.1625587262457148 0.2193431940945712 0.1329533240060855 -0.051575483111716683 0.07735989185795189 -0.29132323884183453 -0.23529891985710019 -0.10034381832387335 -0.059882565763863652 0.20763062837661483 0.054260200732632692 -0.25388929815246514 -0.055265100232579495
leaf_weight=198 61 336 22 159 179 200 42 27 272 55 51 95 52 33
leaf_count=198 61 336 22 159 179 200 42 27 272 55 51 95 52 33
internal_value=-0.00502945 0.0639936 -0.148074 0.0257512 0.00164211 -0.0151812 -0.0566794 -0.0322858 -0.0764217 -0.22173 0.0542821 -0.00982256 -0.097118 -0.260265
internal_weight=1782 1202 580 866 707 646 446 404 294 286 173 122 231 231
internal_count=1782 1202 580 866 707 646 446 404 294 286 173 122 231 231
is_linear=0
shrinkage=0.05


Tree=19
num_leaves=15
num_cat=0
split_feature=93 73 93 93 52 68 9 83 47 57 86 97 54 58
split_gain=6351.54 1651.56 1105.03 948.367 839.326 726.257 724.479 691.71 745.19 712.266 750.275 692.189 718.97 643.926
threshold=5.5000000000000009 2046.4761904761908 3.5000000000000004 8.5000000000000018 -0.082428524969145586 1.4142857142857144 2576.0000000000005 26.500000000000004 485.44112672747923 2.4972191289246477 40.500000000000007 1.8350000000000002 1.0000000180025095e-35 0.75000000000000011
decision_type=2 2 2 2 10 2 2 8 10 10 2 8 10 10
left_child=2 3 13 -2 -3 6 -4 8 -5 10 -10 -9 -13 -1
right_child=1 4 5 7 -6 -7 -8 11 9 -11 -12 12 -14 -15
leaf_value=-0.24725188558711572 -0.06096910236111687 0.059320093135634237 -0.061136443509541928 0.043904096927297742 0.18635564699000101 -0.2599210573868318 0.29726806004842121 0.061592179624007107 0.003346499274758732 -0.056890945550468232 0.38259449824690822 -0.034799093444172931 -0.40046403919346629 -0.05688843616030434
leaf_weight=231 281 242 235 152 281 44 14.999999999999998 94 17 18 56 41 20 55
leaf_count=231 281 242 235 152 281 44 15 94 17 18 56 41 20 55
internal_value=-0.00477797 0.0607939 -0.14067 0.00935622 0.127574 -0.0726006 -0.0396322 0.059008 0.111653 0.224815 0.294276 -0.023525 -0.154689 -0.210644
internal_weight=1782 1202 580 679 523 294 250 398 243 91 73 155 61 286
internal_count=1782 1202 580 679 523 294 250 398 243 91 73 155 61 286
is_linear=0
shrinkage=0.05


Tree=20
num_leaves=15
num_cat=0
split_feature=93 93 76 23 19 97 23 23 91 88 83 41 83 13
split_gain=6260.14 2221.49 1241.46 1360.23 1158.75 970.047 812.101 744.319 722.576 788.332 934.088 905.073 700.757 699.258
threshold=8.5000000000000018 3.5000000000000004 35.900000000000006 27.416666666666668 5.5211363636363648 1.7450000000000003 12.833333333333334 5.5833333333333348 2.5000000000000004 35.500000000000007 28.500000000000004 1.6414544923120318 20.500000000000004 35.500000000000007
decision_type=2 2 2 2 2 10 2 2 10 10 10 8 10 2
left_child=1 7 3 5 -2 -3 -6 12 -7 10 -10 -12 -1 -8
right_child=4 2 -4 -5 6 8 13 -9 9 -11 11 -13 -14 -15
leaf_value=-0.19903461621566254 0.32487859427928928 -0.30097049529640341 -0.39078256885210672 0.11297171977151868 -0.2357159545547084 -0.17537110963288477 0.083244228475907844 -0.15226779419963607 0.071069783109543011 -0.14712880144516627 -0.29880465284371988 0.01729509831164722 -0.49881763526371548 0.29595723928111356
leaf_weight=44 55 39 24 142 19 85 670 214 243 90 39 54 35 41
leaf_count=44 55 39 24 142 19 85 670 214 243 90 39 54 35 41
internal_value=-0.00232783 -0.0847113 -0.0372518 -0.0249906 0.103564 -0.06061 0.0868894 -0.200688 -0.0422654 -0.0157068 0.0194956 -0.115263 -0.33185 0.0955104
internal_weight=1794 1009 716 692 785 550 730 293 511 426 336 93 79 711
internal_count=1794 1009 716 692 785 550 730 293 511 426 336 93 79 711
is_linear=0
shrinkage=0.05


Tree=21
num_leaves=15
num_cat=0
split_feature=93 93 26 23 67 71 57 52 51 51 23 37 20 27
split_gain=5649.78 2004.89 1260.9 1114.71 1047.78 1113.47 825.73 824.759 817.888 679.249 671.748 655.68 878.787 701.666
threshold=8.5000000000000018 3.5000000000000004 3.6539909355342397 19.166666666666668 5.8736449764982384 12.583333333333334 2.4719640003162362 0.47947040572762489 0.27502722851986722 0.021639385086223303 5.5833333333333348 0.65824829046386313 4.166666666666667 3.0121658202260737
decision_type=2 2 2 2 2 2 10 8 10 8 2 10 2 2
left_child=1 10 3 7 -2 -6 -7 8 -3 -5 -1 -8 -13 -14
right_child=4 2 -4 9 5 6 11 -9 -10 -11 -12 12 13 -15
leaf_value=-0.31525738549572008 0.27354786914664431 -0.068404223710637202 -0.4080565832555294 0.36453610996405289 -0.30888765272166996 0.11010237911774697 -0.2983844719827175 -0.010614032158331508 -0.29394090353838498 0.021133740449893395 -0.14465440600081217 0.19852903669371325 -0.39988057650625697 0.076123342663049709
leaf_weight=79 77 88 22 14.999999999999998 18 604 21 157 74 360 214 34 16.000000000000004 14.999999999999998
leaf_count=79 77 88 22 15 18 604 21 157 74 360 214 34 16 15
internal_value=-0.00221144 -0.0804758 -0.0353892 -0.0235755 0.0983856 0.0793355 0.0894631 -0.0922809 -0.171427 0.0348698 -0.190653 -0.0554922 0.0229807 -0.169556
internal_weight=1794 1009 716 694 785 708 690 319 162 375 293 86 65 31
internal_count=1794 1009 716 694 785 708 690 319 162 375 293 86 65 31
is_linear=0
shrinkage=0.05


Tree=22
num_leaves=15
num_cat=0
split_feature=93 93 74 91 88 19 71 96 97 76 57 7 71 79
split_gain=5098.93 1809.41 1176.07 1068.96 1055.63 960.463 855.521 724.156 984.545 851.414 662.516 653.463 741.679 772.585
threshold=8.5000000000000018 3.5000000000000004 2.1168034991715108 3.5000000000000004 1.0000000180025095e-35 5.5211363636363648 12.583333333333334 1.0000000180025095e-35 1.8450000000000004 12.083333333333334 2.4719640003162362 33.500000000000007 17.416666666666668 0.69047619047619058
decision_type=2 2 2 10 10 2 2 2 10 2 10 2 2 2
left_child=1 -1 3 7 -5 -2 -7 8 -3 -9 11 12 -8 -14
right_child=5 2 -4 4 -6 6 10 9 -10 -11 -12 -13 13 -15
leaf_value=-0.18112050394810508 0.29495727222074164 -0.20033820634086924 -0.20155811801061529 0.062836957467988758 -0.12082357820199462 -0.25283183984850582 0.29421581798898327 -0.26357823032452615 0.3725331969559193 0.078905960917472845 -0.038848066624704303 0.18715531092391097 0.030240024301443499 0.24984790285842284
leaf_weight=293 55 15.000000000000002 91 388 98 19 35 86 14.999999999999998 23 91 176 364 45
leaf_count=293 55 15 91 388 98 19 35 86 15 23 91 176 364 45
internal_value=-0.00210086 -0.076452 -0.0336197 -0.0091679 0.0258025 0.0934663 0.0782855 -0.131439 0.0860975 -0.191311 0.087134 0.105625 0.0733065 0.0544023
internal_weight=1794 1009 716 625 486 785 730 139 30 109 711 620 444 409
internal_count=1794 1009 716 625 486 785 730 139 30 109 711 620 444 409
is_linear=0
shrinkage=0.05


Tree=23
num_leaves=15
num_cat=0
split_feature=93 93 74 23 67 11 3 42 97 83 23 83 21 44
split_gain=4601.78 1633 1061.41 1002.37 873.286 685.085 708.353 685.97 678.63 651.319 606.253 632.434 596.385 774.372
threshold=8.5000000000000018 3.5000000000000004 2.1168034991715108 27.416666666666668 5.9833092926165685 3.8810093742795297 6.5571895424836608 1.3750000000000002 1.7450000000000003 32.500000000000007 5.5833333333333348 20.500000000000004 0.58333333333333337 5.2500000000000009
decision_type=2 2 2 2 2 2 2 10 10 8 2 10 2 10
left_child=1 10 3 8 -2 -6 7 -7 -3 12 11 -1 13 -10
right_child=4 2 -4 -5 5 6 -8 -9 9 -11 -12 -13 -14 -15
leaf_value=-0.16426399107017048 0.22226666245952181 -0.25212012442094939 -0.19148021287151748 0.1205215117378422 0.034580637345727215 0.097010689463821201 0.20022334240882703 -0.29689271092414854 -0.10124326720341253 -0.2533989170614373 -0.1283656599087136 -0.44905786003385278 0.064955145021426616 0.098847782174273147
leaf_weight=44 106 35 91 121 471 42 151 14.999999999999998 208 29 214 35 169 63
leaf_count=44 106 35 91 121 471 42 151 15 208 29 214 35 169 63
internal_value=-0.00199582 -0.0726294 -0.0319387 -0.0087095 0.088793 0.0679562 0.143533 -0.0066481 -0.0397352 -0.0238856 -0.172064 -0.290438 -0.00875857 -0.0547276
internal_weight=1794 1009 716 625 785 679 208 57 504 469 293 79 440 271
internal_count=1794 1009 716 625 785 679 208 57 504 469 293 79 440 271
is_linear=0
shrinkage=0.05


Tree=24
num_leaves=15
num_cat=0
split_feature=93 93 76 23 19 97 71 57 88 83 78 8 55 11
split_gain=4153.11 1473.78 963.598 1067.45 807.428 778.186 768.548 593.815 625.463 592.648 743.412 597.169 579.225 576.747
threshold=8.5000000000000018 3.5000000000000004 35.900000000000006 27.416666666666668 5.5211363636363648 1.7450000000000003 12.583333333333334 2.4719640003162362 78.500000000000014 26.500000000000004 2.0833333333333335 6.0408333333333344 6.0733743993530052 0.97411715425550949
decision_type=2 2 2 2 2 10 2 10 10 8 2 2 10 2
left_child=1 -1 3 5 -2 -3 -6 8 9 12 -11 -12 -8 -7
right_child=4 2 -4 -5 6 13 7 -9 -10 10 11 -13 -14 -15
leaf_value=-0.1634612552489475 0.2690960767120123 -0.26637597350546949 -0.34180647258957231 0.10267648299185324 -0.24340100994235592 -0.072003668586979486 0.11343234380388248 -0.04045032107240551 -0.22261155635118485 -0.12043606959856475 -0.029780058930037729 0.14623093562449019 0.27136263642708464 0.040902249819802998
leaf_weight=293 55 39 24 142 19 342 257 91 14.999999999999998 52 71 150 75 169
leaf_count=293 55 39 24 142 19 342 257 91 15 52 71 150 75 169
internal_value=-0.00189603 -0.0689979 -0.0303418 -0.0195396 0.0843534 -0.0510935 0.0704344 0.078821 0.096327 0.104235 0.0496615 0.0896844 0.149109 -0.034663
internal_weight=1794 1009 716 692 785 550 730 711 620 605 273 221 332 511
internal_count=1794 1009 716 692 785 550 730 711 620 605 273 221 332 511
is_linear=0
shrinkage=0.05


Tree=25
num_leaves=15
num_cat=0
split_feature=93 71 48 93 52 79 87 57 52 26 41 8 29 19
split_gain=4145.44 1264.16 923.304 772.787 736.81 706.387 834.294 630.485 602.341 545.025 924.112 682.346 717.148 884.431
threshold=5.5000000000000009 26.900000000000002 1254.7500000000002 1.5000000000000002 -0.082428524969145586 0.69047619047619058 18.500000000000004 2.4032561733691686 2.2442902489565317 1.3715305719524624 2.5247548783981961 5.9538352272727275 15.41666666666667 5.7945436507936519
decision_type=2 2 10 2 8 2 2 10 10 2 8 2 2 2
left_child=3 2 5 -1 -3 6 8 -6 -2 10 11 12 -5 -14
right_child=1 4 -4 9 7 -7 -8 -9 -10 -11 -12 -13 13 -15
leaf_value=-0.23280139998395877 -0.0035093072743939964 0.025818456823836614 0.19935943853046934 -0.14993880468541543 0.1739356355627667 0.18324789206186931 -0.39043734187881157 -0.052164300136706414 -0.3057220666066689 -0.20856132406583977 0.037721539762887085 -0.30207803112765158 -0.059283745403473198 0.33933047997324089
leaf_weight=102 547 166 59 131 331 45 14.999999999999998 34 17 71 154 42 52 19
leaf_count=102 547 166 59 131 331 45 15 34 17 71 154 42 52 19
internal_value=0.0030312 0.0552882 0.0103001 -0.108072 0.113154 -0.00757576 -0.0224066 0.152874 -0.0126186 -0.0809456 -0.0581799 -0.118708 -0.0805815 0.0473877
internal_weight=1785 1214 683 571 531 624 579 365 564 469 398 244 202 71
internal_count=1785 1214 683 571 531 624 579 365 564 469 398 244 202 71
is_linear=0
shrinkage=0.05


Tree=26
num_leaves=15
num_cat=0
split_feature=93 7 79 87 35 33 25 93 88 87 12 52 12 11
split_gain=3741.26 1153.42 826.772 805.867 769.777 701.302 718.786 697.44 620.75 613.352 671.68 609.702 586.609 521.682
threshold=5.5000000000000009 33.500000000000007 0.69047619047619058 18.500000000000004 0.48590757215991337 1.0000000180025095e-35 1760.7500000000002 1.5000000000000002 59.500000000000007 4.5000000000000009 51.500000000000007 1.1872900375165047 41.500000000000007 2.1765447813086216
decision_type=2 2 2 2 10 2 2 2 10 2 2 10 2 2
left_child=7 2 3 4 5 6 8 -1 12 -7 13 -8 -2 -11
right_child=1 -3 -4 -5 -6 9 11 -9 -10 10 -12 -13 -14 -15
leaf_value=-0.22116133000555577 -0.039424610211203498 0.14453034015736521 0.1815732717891283 -0.32823982812902508 0.15946574160109528 0.095283971957507596 0.087400032283187129 -0.076898292915971056 -0.34469049473603569 -0.25931034521623092 -0.45495292201638221 -0.23885238369305931 0.16909658689247936 0.10947149834212136
leaf_weight=102 300 266 79 17 88 21 316 469 14.999999999999998 22 20 14.999999999999998 38 17
leaf_count=102 300 266 79 17 88 21 316 469 15 22 20 15 38 17
internal_value=0.00287964 0.0525238 0.0267076 0.0126289 0.0194303 0.00330059 0.0196836 -0.102669 -0.0299492 -0.136774 -0.219371 0.0726152 -0.0159814 -0.0985593
internal_weight=1785 1214 948 869 852 764 684 571 353 80 59 331 338 39
internal_count=1785 1214 948 869 852 764 684 571 353 80 59 331 338 39
is_linear=0
shrinkage=0.05


Tree=27
num_leaves=15
num_cat=0
split_feature=93 71 48 55 52 93 79 86 47 52 71 97 26 29
split_gain=3376.48 1055.97 812.673 680.631 745.115 629.44 580.848 696.956 542.181 532.921 522.65 510.496 500.721 705.331
threshold=5.5000000000000009 26.900000000000002 1254.7500000000002 7.5212361663282543 -0.082428524969145586 1.5000000000000002 0.69047619047619058 30.000000000000004 502.84659495899189 2.2442902489565317 21.416666666666668 1.925 1.1453102797580266 24.833333333333339
decision_type=2 2 10 10 8 2 2 2 10 10 2 10 2 2
left_child=5 2 6 4 8 11 7 -2 -3 -9 -4 -1 13 -7
right_child=1 3 10 -5 -6 12 -8 9 -10 -11 -12 -13 -14 -15
leaf_value=-0.26534585871892735 -0.33685001397834108 0.025732050393158058 0.31824483546343718 0.2584776450429232 0.12457377378289636 -0.06539294855418297 0.16504799551433988 -0.0032986324805116987 -0.2606460577563236 -0.28757897562840407 0.018495719134807586 0.016391362790018321 -0.17556087424880581 0.20953549957275391
leaf_weight=82 17 127 33 62 323 349 45 545 19 17 26 20 95 25
leaf_count=82 17 127 33 62 323 349 45 545 19 17 26 20 95 25
internal_value=0.00273566 0.0498976 0.0087805 0.102785 0.0822026 -0.0975351 -0.0079902 -0.0214388 -0.0115363 -0.0118979 0.186152 -0.210103 -0.0730534 -0.0470154
internal_weight=1785 1214 683 531 469 571 624 579 146 562 59 102 469 374
internal_count=1785 1214 683 531 469 571 624 579 146 562 59 102 469 374
is_linear=0
shrinkage=0.05


Tree=28
num_leaves=15
num_cat=1
split_feature=93 71 48 55 52 47 9 89 83 98 10 22 87 50
split_gain=3047.28 953.01 733.437 618.95 672.876 693.799 578.585 819.458 778.34 532.98 721.713 760.875 574.023 862.41
threshold=5.5000000000000009 26.900000000000002 1254.7500000000002 7.1954126026849901 -0.082428524969145586 502.84659495899189 91.500000000000014 11.500000000000002 32.500000000000007 0 2.6575731514021759 2.916666666666667 16.500000000000004 0.25220005097799009
decision_type=2 2 10 10 8 10 2 8 8 9 2 2 2 8
left_child=6 2 9 4 5 -3 -1 -8 -9 10 11 -2 -11 -14
right_child=1 3 -4 -5 -6 -7 7 8 -10 12 -12 -13 13 -15
leaf_value=-0.25000688976274349 -0.14597305743669978 0.024445448164630124 0.17684440312244126 0.23970552544985246 0.11711718366938349 -0.33512457847595217 -0.2503093673537175 -0.029222334467078982 -0.22668168088870547 0.032370696561451168 -0.33377620939697539 0.20262980836889019 0.16950392880860499 -0.25116826735956727
leaf_weight=53 49 127 59 67 322 14.999999999999998 60 401 57 464 28 23 17 43
leaf_count=53 49 127 59 67 322 15 60 401 57 464 28 23 17 43
internal_value=0.00259888 0.0474027 0.00834147 0.0976454 0.0771324 -0.0135373 -0.0926584 -0.076559 -0.053797 -0.00759069 -0.107618 -0.0346138 0.0132984 -0.131978
internal_weight=1785 1214 683 531 464 142 571 518 458 624 100 72 524 60
internal_count=1785 1214 683 531 464 142 571 518 458 624 100 72 524 60
cat_boundaries=0 3
cat_threshold=1048577 16777220 524832
is_linear=0
shrinkage=0.05


Tree=29
num_leaves=15
num_cat=0
split_feature=93 7 79 86 35 33 8 71 51 86 57 37 27 83
split_gain=2750.17 916.06 686.73 717.13 670.676 640.57 605.913 618.125 549.299 727.152 921.144 562.662 546.499 675.461
threshold=5.5000000000000009 33.500000000000007 0.69047619047619058 30.000000000000004 0.48590757215991337 1.0000000180025095e-35 6.1120071684587822 10.125000000000002 1.1443087662606037 43.500000000000007 0.65824829046386313 0.65824829046386313 1.2327098857300978 27.500000000000004
decision_type=2 2 2 2 10 2 2 2 10 2 10 10 2 8
left_child=12 2 3 -2 5 6 7 -5 9 10 -9 -11 -1 -14
right_child=1 -3 -4 4 -6 -7 -8 8 -10 11 -12 -13 13 -15
leaf_value=-0.11083731092562253 -0.28674146249890325 0.12702736449112792 0.1631673174191125 -0.24124787396618297 0.14685028076637538 -0.13278706134296955 0.090966728720006218 0.076386553026510012 -0.14592096369181359 0.020721640787792928 -0.17132594913843721 0.18032371396849675 0.10188441456780889 -0.17785923441932086
leaf_weight=469 20 266 79 28 88 80 196 66 56 165 87 83 71 31
leaf_count=469 20 266 79 28 88 80 196 66 56 165 87 83 71 31
internal_value=0.00246893 0.0450326 0.0220256 0.00919458 0.016166 0.001054 0.0167769 -0.013205 0.000767002 0.0212521 -0.0644696 0.0741369 -0.0880255 0.0168643
internal_weight=1785 1214 948 869 849 761 681 485 457 401 153 248 571 102
internal_count=1785 1214 948 869 849 761 681 485 457 401 153 248 571 102
is_linear=0
shrinkage=0.05


Tree=30
num_leaves=15
num_cat=0
split_feature=9 1 83 83 43 96 41 47 53 10 26 56 49 43
split_gain=2225.31 1235.86 967.808 780.677 702.465 735.242 666.132 605.039 582.181 553.743 531.371 676.76 574.387 569.669
threshold=1041.0000000000002 1.0000000180025095e-35 28.500000000000004 26.500000000000004 3.529513042005219 4.5000000000000009 1.7248365855987977 474.50616432562327 1.0000000180025095e-35 9.426818925887348 3.8272297337340819 -1.7499999999999998 0.20989873518477933 4.4984562605386751
decision_type=2 2 8 8 10 2 8 10 8 2 2 8 8 10
left_child=3 2 -2 8 -5 -6 -4 -7 -1 10 11 -3 -13 -12
right_child=1 9 6 4 5 7 -8 -9 -10 -11 13 12 -14 -15
leaf_value=0.18189695874849957 0.10006124518440912 0.13852856452266377 -0.14541354671768522 -0.28715139252913968 0.069911295725879341 0.07914585789044698 0.032265112591474986 -0.28557699322700503 -0.059508120195308073 0.21524522784683439 -0.1097866133848826 -0.25071385016566827 -0.028310638787300609 -0.45714683225378394
leaf_weight=27 643 45 69 74 44 14.999999999999998 224 47 333 18 45 38 123 15.999999999999998
leaf_count=27 643 45 69 74 44 15 224 47 333 18 45 38 123 16
internal_value=0.000604387 0.0379831 0.0657406 -0.083913 -0.168934 -0.0864041 -0.0095773 -0.197338 -0.0414027 -0.0531785 -0.0712745 -0.032891 -0.0808033 -0.200897
internal_weight=1761 1221 936 540 180 106 293 62 360 285 267 206 161 61
internal_count=1761 1221 936 540 180 106 293 62 360 285 267 206 161 61
is_linear=0
shrinkage=0.05


Tree=31
num_leaves=15
num_cat=0
split_feature=7 83 1 85 87 77 49 42 28 29 95 13 83 10
split_gain=2094.37 1113.42 1057.58 922.486 674.885 823.806 716.521 635.236 576.548 568.714 547.472 525.226 688.724 502.263
threshold=20.500000000000004 26.500000000000004 1.0000000180025095e-35 1.0000000180025095e-35 3.5000000000000004 9.4166666666666696 0.24633074637359798 8.1250000000000018 19.583333333333339 12.583333333333334 51.500000000000007 35.500000000000007 32.500000000000007 9.426818925887348
decision_type=2 8 2 2 2 2 10 10 2 2 2 2 8 2
left_child=1 3 7 4 -1 -6 10 11 -5 -3 -7 12 -2 -4
right_child=2 9 13 8 5 6 -8 -9 -10 -11 -12 -13 -14 -15
leaf_value=0.23438910147355452 0.060448023033884149 -0.22612598078037666 -0.070670959766583427 -0.26898760924545617 -0.075998171018713187 0.094559047107682814 -0.056459884511099928 0.19709462150931359 0.082878939708073932 -0.077231482641489962 0.37297737857569824 0.21671485379338265 -0.12573054430109484 0.20448296566804253
leaf_weight=31 620 123 211 52 202 76 63 91 14.999999999999998 134 23 48 54 18
leaf_count=31 620 123 211 52 202 76 63 91 15 134 23 48 54 18
internal_value=0.000574168 -0.0650685 0.0458689 -0.0186618 0.0104365 -0.00863636 0.075358 0.072603 -0.190212 -0.148492 0.159242 0.0569122 0.0455316 -0.0490431
internal_weight=1761 719 1042 462 395 364 162 813 67 257 99 722 674 229
internal_count=1761 719 1042 462 395 364 162 813 67 257 99 722 674 229
is_linear=0
shrinkage=0.05


Tree=32
num_leaves=15
num_cat=0
split_feature=7 83 1 85 87 77 49 83 9 28 29 95 49 41
split_gain=1890.17 1004.86 954.47 832.544 609.083 743.485 646.66 585.58 764.892 520.335 513.265 494.093 483.304 475.861
threshold=20.500000000000004 26.500000000000004 1.0000000180025095e-35 1.0000000180025095e-35 3.5000000000000004 9.4166666666666696 0.24633074637359798 22.500000000000004 2015.5000000000002 19.583333333333339 12.583333333333334 51.500000000000007 0.11095264998550582 3.4800930160380013
decision_type=2 8 2 2 2 2 10 8 2 2 2 2 8 8
left_child=1 3 7 4 -1 12 11 -2 13 -5 -3 -7 -6 -9
right_child=2 10 -4 9 5 6 -8 8 -10 -11 -12 -13 -14 -15
leaf_value=0.22266964979710116 0.15503422260612437 -0.21481968013993732 -0.046590982406810907 -0.25553822763837303 0.11298771490653357 0.089831091189070761 -0.053636890058479617 0.053249384773914346 0.086022353434263302 0.078734988371531173 -0.073369908601101208 0.35432850873988608 -0.10449814262236795 -0.095953665456163295
leaf_weight=31 159 123 229 52 30 76 63 97 438 14.999999999999998 134 23 172 119
leaf_count=31 159 123 229 52 30 76 63 97 438 15 134 23 172 119
internal_value=0.00054546 -0.0618151 0.0435754 -0.0177287 0.0099147 -0.00820455 0.0715901 0.0689729 0.0480497 -0.180701 -0.141068 0.15128 -0.0721983 -0.0289504
internal_weight=1761 719 1042 462 395 364 162 813 654 67 257 99 202 216
internal_count=1761 719 1042 462 395 364 162 813 654 67 257 99 202 216
is_linear=0
shrinkage=0.05


Tree=33
num_leaves=15
num_cat=0
split_feature=9 1 83 18 27 83 43 96 27 24 10 86 42 51
split_gain=1655.36 919.844 790.51 602.549 865.026 568.158 591.511 665.885 667.529 485.306 538.675 453.089 429.562 613.348
threshold=1041.0000000000002 1.0000000180025095e-35 28.500000000000004 1.0000000180025095e-35 0.88968718610703956 26.500000000000004 3.529513042005219 4.5000000000000009 0.54896082216873776 6.261335090636166 9.426818925887348 35.500000000000007 7.6250000000000009 0.7252089457112324
decision_type=2 2 8 2 2 8 10 2 2 2 2 2 10 10
left_child=5 2 12 4 -4 11 -7 -8 -9 10 -3 -1 13 -2
right_child=1 9 3 -5 -6 6 7 8 -10 -11 -12 -13 -14 -15
leaf_value=-0.23310429004055486 0.10577904217894757 -0.047906096534157894 -0.1620163426756166 0.25354384601116181 0.029583800315139765 -0.25338813991764109 0.079584322717379447 0.081759765909777751 -0.2796820976602083 -0.30494960266001087 0.24292402994983339 -0.020138850964762429 0.2019184854825678 -0.0092144893068406321
leaf_weight=27 408 251 86 20 187 74 44 18 44 17 17 333 73 162
leaf_count=27 408 251 86 20 187 74 44 18 44 17 17 333 73 162
internal_value=0.000518187 0.0327567 0.0567038 -0.0113664 -0.0307738 -0.0723767 -0.144907 -0.0691757 -0.174747 -0.0458908 -0.0294579 -0.0361113 0.0877219 0.0730967
internal_weight=1761 1221 936 293 273 540 180 106 62 285 268 360 643 570
internal_count=1761 1221 936 293 273 540 180 106 62 285 268 360 643 570
is_linear=0
shrinkage=0.05


Tree=34
num_leaves=15
num_cat=0
split_feature=93 78 87 85 6 93 77 96 50 73 28 28 67 49
split_gain=1621.53 990.922 747.495 697.33 826.201 804.233 828.217 753.559 681.705 645.592 642.575 622.674 518.25 453.01
threshold=10.500000000000002 6.2678571428571432 16.500000000000004 1.0000000180025095e-35 -31.249999999999996 1.5000000000000002 27.30952380952381 1.5000000000000002 -0.25866648391820485 616.50000000000011 20.833333333333339 20.583333333333339 6.1252419354838716 0.94101129968156993
decision_type=2 2 2 2 2 2 2 2 8 2 2 2 2 10
left_child=1 3 -2 4 -1 -6 7 11 -8 -9 -5 -7 -13 -3
right_child=2 13 -4 10 5 6 8 9 -10 -11 -12 12 -14 -15
leaf_value=0.23628287072534915 0.080372116782855552 0.1075434935310443 -0.1576604199782014 -0.20386891684184474 -0.20199934812010945 0.090664571258491783 -0.49383227825164799 -0.21155197434127332 -0.099865833265440809 -0.030062611775154402 0.062138059801821202 0.043509984844260746 -0.34758552033454182 -0.14588710263371468
leaf_weight=27 572 149 35 120 74 203 15.999999999999998 56 35 392 28 18 15.999999999999998 20
leaf_count=27 572 149 35 120 74 203 16 56 35 392 28 18 16 20
internal_value=0.000492277 -0.0343049 0.066647 -0.0534965 -0.0358061 -0.0448757 -0.0290779 -0.0146055 -0.223463 -0.0527488 -0.153543 0.0574967 -0.140535 0.0775517
internal_weight=1761 1154 607 985 837 810 736 685 51 448 148 237 34 169
internal_count=1761 1154 607 985 837 810 736 685 51 448 148 237 34 169
is_linear=0
shrinkage=0.05


Tree=35
num_leaves=15
num_cat=0
split_feature=7 1 91 28 76 1 86 83 11 96 81 87 30 42
split_gain=1718.37 932.574 670.072 669.362 698.333 652.529 617.456 616.454 603.759 623.574 579.796 575.266 538.735 544.77
threshold=15.500000000000002 1.0000000180025095e-35 13.500000000000002 1.4166666666666667 2.5833333333333335 1.0000000180025095e-35 55.500000000000007 28.500000000000004 0.096336849033832508 5.5000000000000009 0.53571428571428581 3.5000000000000004 3.416666666666667 -1.0000000180025095e-35
decision_type=2 2 10 2 2 2 2 8 2 2 2 2 2 10
left_child=5 2 3 -2 -5 8 12 -6 -1 11 -3 -10 13 -7
right_child=1 10 -4 4 7 6 -8 -9 9 -11 -12 -13 -14 -15
leaf_value=-0.20696304336081456 0.17522077220492066 -0.066684403810650106 0.11249127218364433 -0.33170681692659859 0.047336404594044784 -0.068352050196430467 0.11023366350461455 -0.063754817941252082 -0.23753701698780061 -0.24051939995459667 0.2423570929095149 0.026303769360069468 0.13250565739969414 -0.35733311318215871
leaf_weight=137 64 295 289 14.999999999999998 413 73 68 179 25 41 15.999999999999998 119 24 21
leaf_count=137 64 295 289 15 413 73 68 179 25 41 16 119 24 21
internal_value=-0.00660429 0.0244627 0.0488399 0.0214253 0.00520959 -0.084333 -0.00977242 0.0137463 -0.127402 -0.0684842 -0.0507852 -0.0195019 -0.0789285 -0.132912
internal_weight=1779 1271 960 671 607 508 186 592 322 185 311 144 118 94
internal_count=1779 1271 960 671 607 508 186 592 322 185 311 144 118 94
is_linear=0
shrinkage=0.05


Tree=36
num_leaves=15
num_cat=2
split_feature=93 98 13 10 87 36 52 7 98 10 45 57 7 97
split_gain=1680.17 1148.74 891.833 663.013 630.874 566.252 635.505 534.278 455.698 693.996 594.774 593.63 503.994 483.732
threshold=10.500000000000002 0 28.500000000000004 2.2214445266872649 16.500000000000004 -0.30311844602017385 -0.36204350134357804 3.5000000000000004 1 0.61269444040954124 0.2384468045397318 0.87965281125489481 9.5000000000000018 1.8350000000000002
decision_type=2 9 2 2 2 8 8 2 9 2 10 8 2 10
left_child=1 3 7 -1 -2 -4 -7 -3 9 10 -9 -11 -10 -14
right_child=4 2 5 -5 -6 6 -8 8 12 11 -12 -13 13 -15
leaf_value=0.088013867327295575 0.074875800631497264 -0.21221005525439979 0.33926025390625003 -0.21345586717128753 -0.13825101191933092 -0.29130771239598591 0.054544376382796939 0.046034563119922371 -0.28192079416052862 -0.26061872873217501 -0.23932031652890148 -0.060108392412752613 -0.18558039960074935 -0.039355841332810448
leaf_weight=207 564 76 14.999999999999998 20 37 14.999999999999998 116 210 44 47 20 172 94 142
leaf_count=207 564 76 15 20 37 15 116 210 44 47 20 172 94 142
internal_value=-0.00627408 -0.0409815 -0.0647513 0.0588597 0.0617548 0.0482633 0.014943 -0.0860527 -0.0729005 -0.0385771 0.0212211 -0.10314 -0.122199 -0.0975978
internal_weight=1779 1178 951 227 601 146 131 805 729 449 230 219 280 236
internal_count=1779 1178 951 227 601 146 131 805 729 449 230 219 280 236
cat_boundaries=0 3 6
cat_threshold=2147549696 2147483652 6177 129 4104 512
is_linear=0
shrinkage=0.05


Tree=37
num_leaves=15
num_cat=1
split_feature=93 61 7 86 7 45 94 1 2 98 83 36 57 96
split_gain=1520.24 750.853 808.187 581.019 552.717 553.403 514.255 541.918 922.142 507.974 676.703 619.829 1131.21 502.077
threshold=8.5000000000000018 1.0000000180025095e-35 9.5000000000000018 30.000000000000004 33.500000000000007 0.14062118123920678 1.0000000180025095e-35 1.0000000180025095e-35 1.5000000000000002 0 28.500000000000004 -0.37782738095238083 1.0000000180025095e-35 2.5000000000000004
decision_type=2 10 2 2 2 10 2 2 2 9 10 8 8 2
left_child=1 2 6 -2 5 -5 7 -1 -9 10 -4 -11 -13 -6
right_child=3 -3 9 4 13 -7 -8 8 -10 11 -12 12 -14 -15
leaf_value=-0.12092442093541225 -0.23423477415409355 -0.28890034421797722 0.16512483788654209 -0.0039052448101574559 0.17030203001279581 0.11069687163600556 -0.19294812094670635 0.41521008014678956 -0.093198522688312968 0.12895242299545895 -0.11004743316481191 -0.3356313124764711 -0.029701256887760444 0.0033581893192604186
leaf_weight=75 18 31 80 400 152 143 119 14.999999999999998 22 55 31 32 542 64
leaf_count=75 18 31 80 400 152 143 119 15 22 55 31 32 542 64
internal_value=-0.00596037 -0.0466623 -0.0389287 0.0465279 0.0531863 0.0262754 -0.120573 -0.0436745 0.112913 -0.0134424 0.0809795 -0.0309013 -0.0467566 0.120837
internal_weight=1779 1002 971 777 759 543 231 112 37 740 111 629 574 216
internal_count=1779 1002 971 777 759 543 231 112 37 740 111 629 574 216
cat_boundaries=0 3
cat_threshold=2147484160 4 4129
is_linear=0
shrinkage=0.05


Tree=38
num_leaves=15
num_cat=1
split_feature=93 98 9 74 87 41 11 51 90 9 94 97 55 30
split_gain=1388 975.477 802.55 706.696 544.251 538.537 500.256 524.758 496.007 508.032 523.594 480.167 457.033 541.974
threshold=10.500000000000002 0 2521.5000000000005 1.7498844851118827 16.500000000000004 2.5247548783981961 0.21056740079075098 0.094517953908303018 11.500000000000002 321.50000000000006 1.0000000180025095e-35 1.8450000000000004 6.9601860320760025 6.416666666666667
decision_type=2 9 2 2 2 10 2 10 10 2 2 8 10 2
left_child=1 3 8 5 -2 6 7 -1 9 10 -3 12 13 -4
right_child=4 2 11 -5 -6 -7 -8 -9 -10 -11 -12 -13 -14 -15
leaf_value=0.02244346360576914 0.068356369437025666 -0.056030317672318031 -0.33269270161787667 -0.21079869216138666 -0.12959854272571769 0.25999720660415859 0.11778604055542757 -0.30907730162143709 -0.22209648048239097 -0.049648253651119557 -0.25990669718012216 0.1255798612359692 0.13437718745124969 0.060816595355669661
leaf_weight=47 564 62 21 22 37 37 101 15.999999999999998 56 633 64 85 19 14.999999999999998
leaf_count=47 564 62 21 22 37 37 101 16 56 633 64 85 19 15
internal_value=-0.00566236 -0.0372081 -0.0588803 0.0557439 0.0561695 0.087691 0.048817 -0.0617523 -0.0784941 -0.0678989 -0.159587 0.051094 -0.0640206 -0.16873
internal_weight=1779 1178 955 223 601 201 164 63 815 759 126 140 55 36
internal_count=1779 1178 955 223 601 201 164 63 815 759 126 140 55 36
cat_boundaries=0 3
cat_threshold=2147549824 2147483652 2081
is_linear=0
shrinkage=0.05


Tree=39
num_leaves=15
num_cat=1
split_feature=93 98 9 74 78 42 97 42 87 7 63 35 19 38
split_gain=1252.67 883.324 791.689 579.394 509.998 685.846 511.109 515.886 469.401 425.68 420.85 633.436 631.461 482.449
threshold=10.500000000000002 0 2521.5000000000005 1.7498844851118827 1.2250000000000003 6.8750000000000009 1.7850000000000004 5.1250000000000009 16.500000000000004 3.5000000000000004 1.0000000180025095e-35 0.37470996490844416 6.9425981089903006 3.7500000000000004
decision_type=2 9 2 2 2 10 10 8 2 2 8 8 2 10
left_child=1 3 9 -1 5 -2 7 -6 10 -3 13 12 -12 -8
right_child=4 2 -4 -5 6 -7 8 -9 -10 -11 11 -13 -14 -15
leaf_value=0.081941792614794728 -0.1286296481379707 -0.18824960029634991 0.053941188101400285 -0.1778444642821948 0.071923728098471959 0.21742081460025578 0.1158075217911127 0.2724900117543127 -0.19905143999739697 -0.063965331986192683 -0.0056265713913100108 0.056555760211708467 -0.41554843012024378 -0.14068506924435495
leaf_weight=203 70 76 138 24 75 18 220 56 19 737 21 85 17 20
leaf_count=203 70 76 138 24 75 18 220 56 19 737 21 85 17 20
internal_value=-0.00537924 -0.0353477 -0.0561972 0.0521769 0.053361 -0.0578466 0.0724375 0.157662 0.0432113 -0.0755835 0.0558918 -0.0193109 -0.189013 0.0944331
internal_weight=1779 1178 951 227 601 88 513 131 382 813 363 123 38 240
internal_count=1779 1178 951 227 601 88 513 131 382 813 363 123 38 240
cat_boundaries=0 3
cat_threshold=2147549696 2147483652 6177
is_linear=0
shrinkage=0.05


Tree=40
num_leaves=15
num_cat=1
split_feature=93 96 72 79 48 88 40 71 27 52 99 29 78 76
split_gain=1207.86 646.862 760.254 749.422 557.614 604.825 523.633 648.96 1003.7 551.752 509.27 529.704 507.434 515.114
threshold=5.5000000000000009 4.5000000000000009 5.8735916771105083 0.15476190476190474 1149.5000000000002 75.500000000000014 -1.0000000180025095e-35 10.900000000000002 0.56265811870495497 0.94085247535258543 0 16.166666666666668 6.0833333333333348 22.450000000000003
decision_type=2 2 2 2 10 10 8 2 2 10 9 2 2 2
left_child=6 4 -3 -4 5 -2 7 -1 -9 12 -5 -12 13 -8
right_child=1 2 3 10 -6 -7 9 8 -10 -11 11 -13 -14 -15
leaf_value=-0.25609131492674353 0.046270541837733881 -0.19901209283424051 -0.081520160583276602 0.21922544876967245 0.18756816390189618 -0.19867427490221767 -0.095712247904804024 0.39357658546595348 0.0030576995279836031 0.17006832205113911 -0.21753719856864528 0.090170435494971724 0.096979974345727415 -0.38484399747103454
leaf_weight=15.999999999999998 821 57 126 48 68 26 414 21 76 21 19 53 33 15.999999999999998
leaf_count=16 821 57 126 48 68 26 414 21 76 21 19 53 33 16
internal_value=0.000286539 0.0288429 -0.0344772 0.00364678 0.0498112 0.0387516 -0.0579742 0.0389383 0.087603 -0.0806004 0.0930721 0.00896981 -0.0919698 -0.106471
internal_weight=1815 1218 303 246 915 847 597 113 97 484 120 72 463 430
internal_count=1815 1218 303 246 915 847 597 113 97 484 120 72 463 430
cat_boundaries=0 1
cat_threshold=4
is_linear=0
shrinkage=0.05


Tree=41
num_leaves=15
num_cat=0
split_feature=93 86 35 9 7 53 72 89 6 35 27 7 6 83
split_gain=1090.09 655.737 556.332 555.997 550.299 561.47 545.511 496.612 532.606 675.447 479.414 464.573 794.141 453.805
threshold=5.5000000000000009 30.000000000000004 0.49215249670741934 91.500000000000014 32.500000000000007 1.1236095644623239 5.9513670794532549 11.500000000000002 -6.2499999999999991 0.57855448758989714 0.0092338747344910526 10.500000000000002 1.7500000000000002 32.500000000000007
decision_type=2 2 10 2 2 8 2 8 2 10 2 2 2 8
left_child=3 6 4 -1 5 -3 -2 -5 -9 13 -7 12 -12 -10
right_child=1 2 -4 7 -6 10 -8 8 9 -11 11 -13 -14 -15
leaf_value=-0.21128787468545715 0.0047771556385080606 0.11865418336257852 0.13111906758867778 -0.16987201768618365 0.079732257591992775 0.21885018462226508 -0.40198861928656698 0.18137778013944628 -0.0060110878981070818 -0.33630534973409443 0.017697619308124891 -0.01295629754148995 -0.42359072722886737 -0.17215101031141114
leaf_weight=52 17 87 130 65 293 21 15.999999999999998 30 386 18 22 613 19 46
leaf_count=52 17 87 130 65 293 21 16 30 386 18 22 613 19 46
internal_value=0.000272212 0.0274007 0.033523 -0.0550754 0.0214969 -0.000895431 -0.192443 -0.0401708 -0.0226071 -0.0362061 -0.016304 -0.0238549 -0.186802 -0.0237019
internal_weight=1815 1218 1185 597 1055 762 33 545 480 450 675 654 41 432
internal_count=1815 1218 1185 597 1055 762 33 545 480 450 675 654 41 432
is_linear=0
shrinkage=0.05


Tree=42
num_leaves=15
num_cat=0
split_feature=93 96 25 9 35 94 69 75 94 93 44 56 77 73
split_gain=983.888 659.813 816.854 811.424 636.494 609.591 615.481 905.867 638.928 624.097 599.392 552.098 541.742 538.974
threshold=4.5000000000000009 4.5000000000000009 1107.7500000000002 2808.5000000000005 0.49215249670741934 3.5000000000000004 2.7083333333333335 2.6392673959489916 2.5000000000000004 9.5000000000000018 -1.0000000180025095e-35 3.2500000000000004 19.225000000000005 2046.4761904761908
decision_type=2 2 2 2 10 2 2 2 2 2 8 10 2 2
left_child=12 3 10 4 -2 6 7 8 9 11 -3 -4 -1 -14
right_child=1 2 5 -5 -6 -7 -8 -9 -10 -11 -12 -13 13 -15
leaf_value=-0.09215020078932204 0.0040878232123347904 -0.46614935621619225 -0.01006972982037452 0.12899908301549737 0.15256875989958646 0.13936780672520399 0.10037489843865235 -0.43178146937314205 -0.2023626947174004 -0.20229984034712498 -0.11085993327762243 0.25121589717765652 0.22027671451369923 -0.057205260722410112
leaf_weight=351 738 15.999999999999998 62 209 80 60 60 17 48 26 46 30 30 42
leaf_count=351 738 16 62 209 80 60 60 17 48 26 46 30 30 42
internal_value=0.000258602 0.020552 -0.037191 0.0410741 0.0186092 -0.00335569 -0.0385961 -0.0841603 -0.0485606 0.014003 -0.202548 0.0751321 -0.0665226 0.0584122
internal_weight=1815 1392 365 1027 818 303 243 183 166 118 62 92 423 72
internal_count=1815 1392 365 1027 818 303 243 183 166 118 62 92 423 72
is_linear=0
shrinkage=0.05


Tree=43
num_leaves=15
num_cat=0
split_feature=77 91 72 42 76 73 91 86 96 72 43 83 13 50
split_gain=867.441 592.657 561.846 524.794 561.593 703.726 518.958 641.065 514.156 473.847 471.242 443.22 723.354 502.119
threshold=19.708333333333339 2.5000000000000004 5.6956057887345928 8.3750000000000018 4.5833333333333348 1384.8000000000002 2.5000000000000004 30.000000000000004 1.0000000180025095e-35 5.8095513784461152 1.9428090415820636 32.500000000000007 31.500000000000004 -0.4455215791240334
decision_type=2 10 2 10 2 2 10 2 2 2 8 10 2 10
left_child=1 8 -2 4 5 10 -4 -8 9 -1 -3 -9 13 -13
right_child=2 3 6 -5 -6 -7 7 11 -10 -11 -12 12 -14 -15
leaf_value=0.17033328011080073 -0.21112871955741538 -0.13273647551735243 0.32689463160932064 0.13587573066054445 -0.046467085653574956 -0.1696961144517575 -0.21518490786353747 0.060778539080604044 -0.15960962702585779 -0.11023126340964262 0.14191642631224152 0.060431076642125853 0.1864762492985888 -0.24281430545934413
leaf_weight=27 22 18 15.999999999999998 56 568 28 24 677 142 34 118 20 22 43
leaf_count=27 22 18 16 56 568 28 24 677 142 34 118 20 22 43
internal_value=0.000245672 -0.0312738 0.0381532 -0.0116483 -0.0229343 0.0585695 0.0449913 0.0392528 -0.107455 0.013953 0.105565 0.0472666 -0.060352 -0.146546
internal_weight=1815 991 824 788 732 164 802 786 203 61 136 762 85 63
internal_count=1815 991 824 788 732 164 802 786 203 61 136 762 85 63
is_linear=0
shrinkage=0.05


Tree=44
num_leaves=15
num_cat=1
split_feature=93 71 83 48 90 45 40 46 86 72 95 98 51 87
split_gain=840.093 497.212 847.852 486.964 468.951 581.667 564.956 485.963 454.385 421.871 421.436 372.672 581.54 572.301
threshold=4.5000000000000009 33.083333333333336 36.500000000000007 1119.5000000000002 7.5000000000000009 0.12949134720859223 -1.0000000180025095e-35 -0.058369990224828895 30.000000000000004 5.9357250864055304 181.50000000000003 0 1.2423756230690752 16.500000000000004
decision_type=2 2 8 10 8 8 8 10 2 2 2 9 10 2
left_child=4 2 3 8 6 -6 7 -1 9 -2 11 13 -13 -10
right_child=1 -3 -4 -5 5 -7 -8 -9 10 -11 -12 12 -14 -15
leaf_value=-0.037114509951436163 -0.011612289201687366 0.096036333635776905 -0.33319988018936586 0.12573312047276308 -0.0051798175606462687 -0.38118159845471383 -0.070837755902410496 0.24343622126455966 0.049516725814700971 -0.37541413148244224 -0.24563063886016609 -0.0046497475070988439 -0.1978285749527541 -0.11743183435340013
leaf_weight=33 17 182 18 88 18 24 319 29 616 14.999999999999998 15.999999999999998 340 44 56
leaf_count=33 17 182 18 88 18 24 319 29 616 15 16 340 44 56
internal_value=0.000233388 0.0189853 0.00739583 0.0125391 -0.0614751 -0.220038 -0.0439957 0.0941108 0.00351634 -0.182144 0.00905845 0.0129174 -0.026105 0.0350823
internal_weight=1815 1392 1210 1192 423 42 381 62 1104 32 1072 1056 384 672
internal_count=1815 1392 1210 1192 423 42 381 62 1104 32 1072 1056 384 672
cat_boundaries=0 3
cat_threshold=2152268680 2147487744 32
is_linear=0
shrinkage=0.05


Tree=45
num_leaves=15
num_cat=1
split_feature=9 98 3 6 41 37 67 40 97 89 83 58 87 13
split_gain=831.511 494.167 597.617 574.34 509.414 629.854 540.842 548.313 495.212 418.898 485.482 554.733 434.681 429.966
threshold=1041.0000000000002 0 6.6091269841269851 5.2500000000000009 2.6404494332110713 0.87965281125489481 5.6695206766917305 -0.74999999999999989 1.8250000000000004 4.5000000000000009 33.500000000000007 1.0000000180025095e-35 8.5000000000000018 35.500000000000007
decision_type=2 9 2 2 8 8 2 10 10 8 8 8 2 2
left_child=1 4 3 -3 -1 -6 -7 -8 -9 -2 13 12 -12 -11
right_child=9 2 -4 -5 5 6 7 8 -10 10 11 -13 -14 -15
leaf_value=-0.070671307711171458 -0.10745613919915978 -0.090676302157496058 -0.28819538487328428 0.23045388837655387 0.32746040068174664 -0.20130465263905736 0.12862606562026169 0.13400674641132357 -0.22938898929953577 0.035131044689672562 -0.41270624072058126 0.079657039684908726 -0.081473527155601633 0.16581417039703969
leaf_weight=147 54 194 36 14.999999999999998 19 23 92 14.999999999999998 25 1039 15.999999999999998 28 26 67
leaf_count=147 54 194 36 15 19 23 92 15 25 1039 16 28 26 67
internal_value=0.00563445 -0.0445184 -0.0961154 -0.0676287 -0.00207845 0.0557512 0.022445 0.0614316 -0.0931156 0.0287129 0.0349656 -0.0927316 -0.207657 0.0430477
internal_weight=1796 566 245 209 321 174 155 132 40 1230 1176 70 42 1106
internal_count=1796 566 245 209 321 174 155 132 40 1230 1176 70 42 1106
cat_boundaries=0 3
cat_threshold=2147483648 2155876352 544
is_linear=0
shrinkage=0.05


Tree=46
num_leaves=15
num_cat=0
split_feature=9 75 83 58 88 48 74 57 78 77 22 70 29 90
split_gain=750.439 404.265 436.521 528.097 466.062 511.062 407.841 381.569 370.637 360.557 640.372 801.679 623.502 670.672
threshold=1041.0000000000002 0.0062191374599933008 33.500000000000007 1.0000000180025095e-35 75.500000000000014 -1076.9999999999998 11.547453884966673 1.3307163456488713 4.8166666666666673 15.071428571428573 -0.79166666666666663 1.3452380952380956 9.8333333333333339 7.5000000000000009
decision_type=2 2 8 8 10 8 2 8 2 2 2 2 2 8
left_child=9 -2 4 8 5 -3 -7 -6 -4 10 -1 12 13 -12
right_child=1 2 3 -5 7 6 -8 -9 -10 -11 11 -13 -14 -15
leaf_value=-0.17097590237569352 0.21174601193132073 0.31712545023765415 -0.33411033660173417 0.064950553815940323 -0.30713540679878659 0.025627954228599543 0.17187688219547273 -0.0025988004868850115 -0.025929169170558455 0.03850417372745437 0.13143486000001431 -0.10378714082990226 -0.1834696124792099 -0.16794151690873235
leaf_weight=104 29 15.999999999999998 25 29 18 1023 50 24 15.999999999999998 111 125 179 25 22
leaf_count=104 29 16 25 29 18 1023 50 24 16 111 125 179 25 22
internal_value=0.00535272 0.0272772 0.022823 -0.0983437 0.0303222 0.0366256 0.0324429 -0.133114 -0.213845 -0.0422924 -0.0620033 -0.0297151 0.0473715 0.0866302
internal_weight=1796 1230 1201 70 1131 1089 1073 42 41 566 455 351 172 147
internal_count=1796 1230 1201 70 1131 1089 1073 42 41 566 455 351 172 147
is_linear=0
shrinkage=0.05


Tree=47
num_leaves=15
num_cat=0
split_feature=93 10 86 9 89 96 28 96 87 28 36 36 56 51
split_gain=714.796 568.113 554.856 610.635 563.612 425.706 410.435 428.677 405.609 546.817 383.397 1101.04 516.178 514.981
threshold=3.5000000000000004 0.40563985239714384 30.000000000000004 2974.5000000000005 3.5000000000000004 11.500000000000002 2.8333333333333335 5.5000000000000009 12.500000000000002 9.5833333333333339 -0.35050505050505038 -0.26934523809523786 0.75000000000000011 0.99155641826896668
decision_type=2 2 2 2 10 2 2 2 2 2 8 8 10 10
left_child=1 6 4 5 -2 10 7 -1 -3 -10 12 13 -4 -12
right_child=2 8 3 -5 -6 -7 -8 -9 9 -11 11 -13 -14 -15
leaf_value=-0.099608130851252516 -0.37612768617622994 -0.066353187777779321 0.15532894596895752 0.12379769536134388 -0.031144961829368885 -0.25086643392841024 -0.21720348662047675 0.17017597065252418 0.29092312981016361 -0.088174211181079348 -0.099810903436607798 0.018251693193417264 -0.047963931469453713 -0.42156102641632681
leaf_weight=110 17 44 102 140 39 14.999999999999998 66 17 26 14.999999999999998 36 1105 45 19
leaf_count=110 17 44 102 140 39 15 66 17 26 15 36 1105 45 19
internal_value=0.00508509 -0.068624 0.0185839 0.0245001 -0.135872 0.0139845 -0.116059 -0.0634953 0.0390806 0.152229 0.0170241 0.00738385 0.0930964 -0.210961
internal_weight=1796 278 1518 1462 56 1322 193 127 85 41 1307 1160 147 55
internal_count=1796 278 1518 1462 56 1322 193 127 85 41 1307 1160 147 55
is_linear=0
shrinkage=0.05


Tree=48
num_leaves=15
num_cat=1
split_feature=93 10 29 26 95 98 75 75 96 43 1 64 27 45
split_gain=645.103 512.722 484.699 476.116 661.586 423.875 429.721 582.594 454.028 435.617 595.051 403.352 384.621 376.384
threshold=3.5000000000000004 0.40563985239714384 36.416666666666679 0.16655258182436228 39.500000000000007 0 3.5901452396065001 3.4646385009400551 8.5000000000000018 3.529513042005219 1.0000000180025095e-35 -1.0000000180025095e-35 0.0064846833702176506 0.045372200263504608
decision_type=2 2 2 2 2 9 2 2 2 8 2 8 2 8
left_child=1 3 5 4 -1 -2 7 8 12 -10 -11 -8 -7 -14
right_child=2 -3 -4 -5 -6 6 11 -9 9 10 -12 -13 13 -15
leaf_value=-0.11154889996756208 0.071482229645533316 0.037126538446720911 0.23599296510219575 -0.23006783574819567 0.1733978855609894 0.16277796609534159 -0.10112073246775002 -0.320302476088206 -0.31396879120306537 0.095774094657651312 -0.27020871446778377 0.10135461631012553 0.07338254025688877 -0.016931632778361853
leaf_weight=110 254 85 25 58 25 36 29 14.999999999999998 22 29 18 162 135 793
leaf_count=110 254 85 25 58 25 36 29 15 22 29 18 162 135 793
internal_value=0.00483083 -0.0651928 0.0176547 -0.110256 -0.058781 0.0139986 0.00162422 -0.0109335 -0.0064412 -0.130342 -0.0443895 0.0706123 0.00242725 -0.00379326
internal_weight=1796 278 1518 193 135 1493 1239 1048 1033 69 47 191 964 928
internal_count=1796 278 1518 193 135 1493 1239 1048 1033 69 47 191 964 928
cat_boundaries=0 3
cat_threshold=525185 2147483648 8224
is_linear=0
shrinkage=0.05


Tree=49
num_leaves=15
num_cat=3
split_feature=9 98 24 99 88 26 78 37 14 56 98 8 76 51
split_gain=596.384 433.871 534.517 522.501 505.073 463.355 440.258 427.423 403.742 684.096 383.639 436.366 779.283 684.432
threshold=1041.0000000000002 0 5.8887301587301595 1 78.500000000000014 0.15748385153710839 1.9285714285714286 0.48570226039551589 1.5000000000000002 -7.2499999999999991 2 6.0941722972972983 35.900000000000006 1.550290367111236
decision_type=2 9 2 9 8 2 2 10 2 10 9 2 2 10
left_child=1 -1 3 6 -4 -5 -3 -7 -6 -10 -2 12 13 -12
right_child=10 2 4 5 8 7 -8 -9 9 -11 11 -13 -14 -15
leaf_value=0.0016687010338929484 0.066823860218491016 0.018595186207029556 0.035607575152355894 0.23877982777357101 -0.29079507483590034 -0.12104858729160495 -0.31838934535071967 0.17735804538759922 0.10841132899125416 -0.31165224495861266 0.022285379035180655 0.058178614657849841 -0.13446098558187228 -0.27647486418485639
leaf_weight=321 359 18 26 25 62 36 21 18 21 18 462 273 116 20
leaf_count=321 359 18 26 25 62 36 21 18 21 18 462 273 116 20
internal_value=0.00460919 -0.0378649 -0.0862113 -0.0131125 -0.160918 0.0608125 -0.162858 -0.0215797 -0.211509 -0.0854642 0.0241542 0.00573398 -0.0181123 0.00988869
internal_weight=1796 566 245 118 127 79 39 54 101 39 1230 871 598 482
internal_count=1796 566 245 118 127 79 39 54 101 39 1230 871 598 482
cat_boundaries=0 3 4 7
cat_threshold=2147483648 2155876352 544 4 1573769 2147483656 49
is_linear=0
shrinkage=0.05


Tree=50
num_leaves=15
num_cat=2
split_feature=98 83 97 93 0 93 95 49 4 25 29 67 84 12
split_gain=584.1 702.656 640.643 589.833 798.067 603.509 537.927 559.542 417.524 407.814 394.848 633.806 386.121 371.884
threshold=0 22.500000000000004 1.8650000000000004 13.500000000000002 1 2.5000000000000004 70.500000000000014 0.7025300468667719 9.5000000000000018 770.00000000000011 6.416666666666667 5.7908966033966047 1.0000000180025095e-35 3.5000000000000004
decision_type=9 10 10 2 1 2 2 8 2 2 2 2 2 2
left_child=1 2 9 4 6 -6 7 -2 -3 -1 11 -7 -5 -13
right_child=3 8 -4 12 5 10 -8 -9 -10 -11 -12 13 -14 -15
leaf_value=0.47617735942204797 0.1375624678636852 0.030994063163430764 -0.030801656941572827 0.088727761148014561 -0.12525848326265093 -0.055098622904292176 -0.40480853468179706 -0.15608054968268351 -0.1649790299932162 0.18316610792749807 -0.012275659061015413 0.44134290590882302 -0.041946823132883122 0.10549240975695498
leaf_weight=14.999999999999998 19 289 30 182 114 28 18 111 30 57 771 15.999999999999998 82 17
leaf_count=15 19 289 30 182 114 28 18 111 30 57 771 16 82 17
internal_value=-0.00284087 0.0479513 0.163324 -0.0188018 -0.0351277 -0.0171882 -0.139227 -0.113163 0.012564 0.24421 -0.00258706 0.11987 0.0481394 0.268329
internal_weight=1779 421 102 1358 1094 946 148 130 319 72 832 61 264 33
internal_count=1779 421 102 1358 1094 946 148 130 319 72 832 61 264 33
cat_boundaries=0 3 4
cat_threshold=2148106377 2214592512 2592 1
is_linear=0
shrinkage=0.05


Tree=51
num_leaves=15
num_cat=1
split_feature=93 0 96 42 9 49 39 48 53 46 6 4 9 3
split_gain=536.515 489.087 587.074 659.095 646.052 748.063 557.955 582.497 515.251 580.636 811.397 479.78 476.333 471.505
threshold=16.500000000000004 0 4.5000000000000009 -1.3749999999999998 2607.0000000000005 0.23554612811255202 1.3307163456488713 827.50000000000011 4.5230302828309767 -0.043756530825496347 -1.0000000180025095e-35 5.5000000000000009 1081.0000000000002 5.4045454545454552
decision_type=2 1 2 8 2 8 10 10 8 10 2 2 2 2
left_child=1 11 3 -3 5 13 7 -5 -7 10 -10 -1 -11 -4
right_child=-2 2 4 6 -6 8 -8 -9 9 12 -12 -13 -14 -15
leaf_value=0.033634324185284122 0.068917393360466692 0.074284941678755032 0.30880314668019615 -0.036456323425492689 -0.35119432392327687 -0.2411252667506536 -0.21250544053812825 0.18360251840204 0.090369434654712685 -0.084147278729238009 -0.28603417044732632 -0.24430507235229015 0.26990178541133275 -0.0051445834464946038
leaf_weight=525 228 173 14.999999999999998 499 23 66 42 32 22 19 41 15.999999999999998 19 59
leaf_count=525 228 173 15 499 23 66 42 32 22 19 41 16 19 59
internal_value=-0.00269883 -0.0132265 -0.0335917 -0.0112471 -0.0980044 -0.073841 -0.0370709 -0.0231948 -0.13248 -0.0614845 -0.154592 0.0249531 0.0928773 0.0584935
internal_weight=1779 1551 1010 746 264 241 573 531 167 101 63 541 38 74
internal_count=1779 1551 1010 746 264 241 573 531 167 101 63 541 38 74
cat_boundaries=0 1
cat_threshold=2
is_linear=0
shrinkage=0.05


Tree=52
num_leaves=15
num_cat=1
split_feature=98 83 10 20 77 73 41 24 6 97 85 88 45 14
split_gain=513.984 731.36 580.99 550.226 640.739 530.014 491.648 544.444 641.322 477.598 473.453 508.541 570.33 539.248
threshold=0 22.500000000000004 9.2825988722033816 6.8333333333333348 21.366666666666667 2022.4166666666667 9.7455463987341542 5.8255798751686916 1.7500000000000002 1.8650000000000004 1.0000000180025095e-35 36.500000000000007 0.049595786579682451 4.5000000000000009
decision_type=9 10 2 2 2 2 10 2 2 10 2 10 8 2
left_child=1 9 3 5 -5 10 7 8 -7 -1 11 -2 -13 -14
right_child=2 -3 -4 4 -6 6 -8 -9 -10 -11 -12 12 13 -15
leaf_value=0.22420241437949145 -0.0016145963355311357 0.0078338059539697618 0.1336209532742699 -0.04470856922368209 -0.45319250635802749 0.019654235781894791 -0.23983897538855672 0.070633352373659683 -0.34587113476461839 -0.0031478115103461528 -0.12041108179852585 0.14404146142303945 -0.087669973657923006 -0.32882181237141295
leaf_weight=77 558 343 60 24 15.999999999999998 36 15.999999999999998 292 18 33 154 20 102 30
leaf_count=77 558 343 60 24 16 36 16 292 18 33 154 20 102 30
internal_value=-0.00256389 0.0428655 -0.0182694 -0.0256123 -0.208102 -0.0196583 0.0311309 0.0436613 -0.102188 0.155997 -0.040938 -0.0237002 -0.104777 -0.142477
internal_weight=1779 453 1326 1266 40 1226 362 346 54 110 864 710 152 132
internal_count=1779 453 1326 1266 40 1226 362 346 54 110 864 710 152 132
cat_boundaries=0 3
cat_threshold=2148106377 2348810240 2593
is_linear=0
shrinkage=0.05


Tree=53
num_leaves=15
num_cat=1
split_feature=98 83 10 49 25 20 93 86 4 21 58 96 40 83
split_gain=463.87 660.053 531.669 517.385 484.561 480.665 486.779 465.109 489.717 431.645 593.036 644.235 382.515 586.957
threshold=0 22.500000000000004 8.4976821416057664 0.85351434568828222 2900.8333333333335 6.8333333333333348 5.5000000000000009 62.000000000000007 1.0000000180025095e-35 5.8333333333333348 -1.0000000180025095e-35 1.5000000000000002 -1.0000000180025095e-35 21.500000000000004
decision_type=9 10 2 8 2 2 2 2 2 2 10 2 8 8
left_child=1 7 5 4 -3 6 12 8 -1 10 -5 -12 -2 -14
right_child=2 3 -4 9 -6 -7 -8 -9 -10 -11 11 -13 13 -15
leaf_value=-0.07773448109626771 0.036334867009062723 0.096599738441208116 0.11562347914761223 -0.016870845238469084 -0.19250042699277403 -0.21045054208268141 0.0045204251722183106 0.30191316096221699 0.18192847024487413 0.13022401514980528 0.01597559208817342 -0.367032193176208 0.017198760772369943 -0.12186666177062506
leaf_weight=30 83 154 71 98 15.999999999999998 34 765 34 46 27 17 31 106 267
leaf_count=30 83 154 71 98 16 34 765 34 46 27 17 31 106 267
internal_value=-0.00243569 0.0407222 -0.0173559 0.00744212 0.0693903 -0.0250173 -0.0198537 0.148197 0.0794299 -0.0534318 -0.0873956 -0.231384 -0.0607446 -0.0823467
internal_weight=1779 453 1326 343 170 1255 1221 110 76 173 146 48 456 373
internal_count=1779 453 1326 343 170 1255 1221 110 76 173 146 48 456 373
cat_boundaries=0 3
cat_threshold=2148106377 2348810240 2593
is_linear=0
shrinkage=0.05


Tree=54
num_leaves=15
num_cat=3
split_feature=93 48 0 4 98 6 15 70 19 52 42 98 25 6
split_gain=425.564 475.394 473.611 587.906 485.368 506.327 471.359 484.54 467.734 810.054 409.222 469.971 542.873 439.493
threshold=16.500000000000004 1912.5000000000002 0 5.5000000000000009 1 9.2500000000000018 1.0000000180025095e-35 -25.208333333333332 5.8118055555555568 -0.035020009381696547 -1.3749999999999998 2 770.00000000000011 6.2500000000000009
decision_type=2 10 1 2 9 2 2 2 2 8 10 9 2 2
left_child=1 2 3 4 8 10 7 -4 -1 -10 11 12 -6 -13
right_child=-2 -3 6 -5 5 -7 -8 -9 9 -11 -12 13 -14 -15
leaf_value=-0.28961002755165105 0.061468781666470733 0.20911278248143694 0.043940396264928294 -0.2914527055095224 0.23905456328648145 0.12195764720753427 0.13413941101343543 -0.11224890403442561 -0.2128900643634169 0.10063197425670095 -0.029052183663215825 0.0050804412010812053 0.050346412070699648 -0.25845381091622749
leaf_weight=25 228 24 61 17 48 101 27 267 38 45 468 228 185 17
leaf_count=25 228 24 61 17 48 101 27 267 38 45 468 228 185 17
internal_value=-0.00231391 -0.0116901 -0.0151605 0.000438495 0.00473853 0.015397 -0.0648447 -0.0832015 -0.0915393 -0.0429082 0.00418278 0.0367224 0.0855502 -0.0126877
internal_weight=1779 1551 1527 1172 1155 1047 355 328 108 83 946 478 233 245
internal_count=1779 1551 1527 1172 1155 1047 355 328 108 83 946 478 233 245
cat_boundaries=0 1 4 7
cat_threshold=6 266 0 589824 0 2147487744 544
is_linear=0
shrinkage=0.05


Tree=55
num_leaves=15
num_cat=1
split_feature=41 98 72 72 13 95 14 96 43 25 24 70 45 48
split_gain=600.632 571.855 580.382 626.427 818.797 549.829 500.08 600.737 449.39 457.02 409.518 415.803 403.445 384.523
threshold=2.7341255358583414 0 6.1139259973938653 5.8714026915113875 18.500000000000004 13.500000000000002 2.5000000000000004 4.5000000000000009 1.7926456271808611 2837.7500000000005 5.5884552538964307 18.767857142857146 0.13568782468160467 1292.2500000000002
decision_type=10 9 2 2 2 2 2 2 8 2 2 2 8 10
left_child=1 2 3 12 5 -5 7 -3 -8 10 -10 -12 -1 -2
right_child=13 6 -4 4 -6 -7 8 -9 9 -11 11 -13 -14 -15
leaf_value=-0.023588631342391711 0.027606626383363315 -0.050612685872324217 0.2389662090908079 -0.36650778827843844 0.069203297484595819 -0.041095638781785966 -0.14103091569109397 -0.20293739032314484 -0.2303994068973943 0.19259976344183088 0.020001463671918785 -0.22651894738276801 0.18568251871763441 0.17701968586315281
leaf_weight=37 674 294 34 27 53 25 55 83 19 32 344 18 61 46
leaf_count=37 674 294 34 27 53 25 55 83 19 32 344 18 61 46
internal_value=0.00176542 -0.0217823 0.0458436 0.0157563 -0.0690983 -0.21006 -0.0408092 -0.0841484 -0.00676909 0.0111108 -0.00413235 0.00774354 0.106672 0.0371525
internal_weight=1802 1082 237 203 105 52 845 377 468 413 381 362 98 720
internal_count=1802 1082 237 203 105 52 845 377 468 413 381 362 98 720
cat_boundaries=0 3
cat_threshold=2164785161 16777216 6689
is_linear=0
shrinkage=0.05


Tree=56
num_leaves=15
num_cat=1
split_feature=41 98 14 96 75 29 6 26 28 76 1 27 49 88
split_gain=542.07 516.595 437.534 555.146 409.961 582.492 651.632 513.112 428.632 458.609 416.292 391.038 421.891 390.948
threshold=2.7341255358583414 0 2.5000000000000004 3.5000000000000004 0.39593382296152418 22.583333333333339 -1.7499999999999998 0.50472027435898792 36.833333333333336 14.900000000000002 1.0000000180025095e-35 0.49880143883638084 0.091604502748697622 40.500000000000007
decision_type=10 9 2 2 2 2 2 2 2 2 2 2 8 8
left_child=1 -1 3 13 7 6 -6 -4 9 -7 -9 -8 -13 -3
right_child=-2 2 4 -5 5 8 11 10 -10 -11 -12 12 -14 -15
leaf_value=0.045830161831317807 0.035294837666377941 0.19354898254661002 0.20637532587203644 -0.16908194083366224 -0.24038090726324157 -0.01959395178167497 -0.24831918525068383 -0.1511078030004033 -0.10556922967617328 0.16903475540834415 0.15211520462640024 0.22690987245124927 -0.038572020783275374 -0.054244808072596788
leaf_weight=224 720 17 46 117 51 59 19 28 39 71 19 17 125 250
leaf_count=224 720 17 46 117 51 59 19 28 39 71 19 17 125 250
internal_value=0.00167715 -0.0206932 -0.0381501 -0.0782642 -0.00645752 -0.0294312 -0.0846298 0.0876606 0.039812 0.0834263 -0.0285283 -0.0352925 -0.00678898 -0.0384677
internal_weight=1802 1082 858 384 474 381 212 93 169 130 47 161 142 267
internal_count=1802 1082 858 384 474 381 212 93 169 130 47 161 142 267
cat_boundaries=0 3
cat_threshold=2164785161 8 6689
is_linear=0
shrinkage=0.05


Tree=57
num_leaves=15
num_cat=1
split_feature=41 98 30 72 24 9 69 48 44 5 97 72 49 81
split_gain=488.829 467.386 536.923 366.921 623.685 475.425 410.406 347.032 552.142 492.29 643.805 549.006 635.461 400.208
threshold=2.7341255358583414 0 6.8333333333333348 5.8714026915113875 6.1113958859986584 1117.0000000000002 1.3666666666666669 1292.2500000000002 3.2500000000000004 3.5000000000000004 1.925 6.1585585585585596 2.2199818946452847 0.2678571428571429
decision_type=10 9 2 2 2 2 2 10 10 2 8 2 10 2
left_child=1 3 -3 -1 5 -5 -7 8 13 10 11 12 -10 -2
right_child=7 2 -4 4 -6 6 -8 -9 9 -11 -12 -13 -14 -15
leaf_value=0.12084050132556166 0.076163990779563442 -0.051594846485338901 0.068122656272602417 -0.24674420505762101 0.16157412278024774 0.084933944635613032 -0.18922207444906236 0.1664039607929147 -0.029981061257421972 0.094631299619441445 0.2167823314666748 -0.38545356856452095 -0.33543452153514541 -0.035721895283106535
leaf_weight=94 383 751 107 29 38 43 20 46 90 46 14.999999999999998 18 21 101
leaf_count=94 383 751 107 29 38 43 20 46 90 46 15 18 21 101
internal_value=0.00160601 -0.0196374 -0.0362426 0.0436366 -0.00883113 -0.0792159 -0.00209971 0.0335301 0.0244616 -0.0477674 -0.0932559 -0.129307 -0.0877696 0.0528159
internal_weight=1802 1082 858 224 130 92 63 720 674 190 144 129 111 484
internal_count=1802 1082 858 224 130 92 63 720 674 190 144 129 111 484
cat_boundaries=0 3
cat_threshold=2164785161 8 6689
is_linear=0
shrinkage=0.05


Tree=58
num_leaves=15
num_cat=1
split_feature=41 98 72 72 9 50 85 87 14 74 73 76 86 20
split_gain=441.168 427.722 496.172 513.016 752.764 478.344 426.345 363.648 407.566 418.24 443.066 436 787.924 559.437
threshold=2.7341255358583414 0 6.1139259973938653 5.8869722877575175 1781.5000000000002 0.0028019237797706508 1.0000000180025095e-35 3.5000000000000004 1.0000000180025095e-35 0.014697775244712802 582.75000000000011 35.900000000000006 41.500000000000007 1.4166666666666667
decision_type=10 9 2 2 2 10 2 2 2 2 2 2 2 2
left_child=1 2 3 5 -5 -1 7 -3 -9 -10 -11 13 -13 -12
right_child=-2 6 -4 4 -6 -7 -8 8 9 10 11 12 -14 -15
leaf_value=0.16571152814920398 0.031853590715569834 0.15398563352124445 0.21827870940460878 -0.21785760882270078 0.06108911000922615 -0.057115399233392775 -0.11356317747769684 -0.11533985830535856 0.25077816824118299 -0.15871194609999659 -0.011408207899533044 -0.32330368344805072 0.030344927393727836 0.13574656483870517
leaf_weight=69 720 29 34 46 51 37 145 109 14.999999999999998 50 354 28 36 79
leaf_count=69 720 29 34 46 51 37 145 109 15 50 354 28 36 79
internal_value=0.00152571 -0.0186555 0.0398235 0.0118962 -0.0711949 0.0879323 -0.0351131 -0.0193643 -0.0268563 -0.00969491 -0.0168377 -0.00256461 -0.124376 0.0154399
internal_weight=1802 1082 237 203 97 106 845 700 671 562 547 497 64 433
internal_count=1802 1082 237 203 97 106 845 700 671 562 547 497 64 433
cat_boundaries=0 3
cat_threshold=2164785161 16777216 6689
is_linear=0
shrinkage=0.05


Tree=59
num_leaves=15
num_cat=0
split_feature=71 88 41 48 48 24 5 49 91 53 72 97 75 27
split_gain=405.915 595.926 367.496 343.991 501.077 392.894 367.051 355.293 423.124 383.922 389.61 353.969 507.466 458.924
threshold=33.291666666666679 78.500000000000014 2.7341255358583414 1149.5000000000002 849.25000000000011 5.8000771604938288 1.5000000000000002 0.53873365266316486 3.5000000000000004 11.566230392515019 6.2472786150205506 1.8350000000000002 2.1210512351244692 0.47439944418147212
decision_type=2 10 10 10 10 2 2 10 10 10 2 10 2 2
left_child=1 2 -1 4 5 -4 -6 8 -7 11 -11 -9 13 -13
right_child=-2 -3 3 -5 6 7 -8 9 -10 10 -12 12 -14 -15
leaf_value=-0.020947940637483085 0.073807118610611996 -0.23096021701549663 -0.10173120931364024 0.15016712783923691 -0.34456322193145755 0.32585238194779348 -0.0058842619415372614 -0.11231212628085213 0.074067922458596475 0.10542494138339308 -0.13785124648558467 -0.080205955356359493 -0.12534367518965156 0.22900140699413091
leaf_weight=994 175 29 52 53 15.999999999999998 19 15.999999999999998 83 137 123 19 18 32 36
leaf_count=994 175 29 52 53 16 19 16 83 137 123 19 18 32 36
internal_value=0.00144942 -0.00633337 -0.00225691 0.0285028 0.0168001 0.0286397 -0.175224 0.0431564 0.104734 0.0122686 0.0728739 -0.0386542 0.0324343 0.125932
internal_weight=1802 1627 1598 604 551 519 32 467 156 311 142 169 86 54
internal_count=1802 1627 1598 604 551 519 32 467 156 311 142 169 86 54
is_linear=0
shrinkage=0.05


Tree=60
num_leaves=15
num_cat=0
split_feature=79 3 19 93 19 38 68 93 35 36 96 97 72 8
split_gain=369.799 528.295 503.905 370.567 393.092 332.711 481.274 435.455 512.667 431.051 508.402 406.545 390.476 371.998
threshold=0.53571428571428581 5.4843597262952111 5.6805377492877502 3.5000000000000004 4.8163101065097438 -1.7499999999999998 2.9285714285714293 13.500000000000002 0.41075414543851002 -0.26934523809523786 4.5000000000000009 1.8250000000000004 5.9253241921768725 5.6371473354231982
decision_type=2 2 2 2 2 8 2 2 10 8 2 8 2 2
left_child=3 -2 -3 -1 -5 6 -6 8 -8 10 11 -7 -13 -11
right_child=1 2 -4 4 5 9 7 -9 -10 13 -12 12 -14 -15
leaf_value=-0.058014092118059857 -0.20799894854426385 0.35090621289084939 0.065475473974896767 0.19963382574228139 0.20198248091096782 0.17343401806919201 -0.25538138568401342 0.098481769938217972 0.11436334609985353 0.18343494885734149 -0.25537704476414042 -0.30067924410104752 0.0070116707733992867 -0.0013513255066505236
leaf_weight=262 15.999999999999998 17 171 26 49 19 25 57 14.999999999999998 28 36 15.999999999999998 29 998
leaf_count=262 16 17 171 26 49 19 25 57 15 28 36 16 29 998
internal_value=0.00450552 0.0678124 0.0912857 -0.00377307 0.00717542 0.00324152 0.074257 0.00973584 -0.116727 -0.00596652 -0.105059 -0.0205044 -0.10239 0.00369157
internal_weight=1764 204 188 1560 1298 1272 146 97 40 1126 100 64 45 1026
internal_count=1764 204 188 1560 1298 1272 146 97 40 1126 100 64 45 1026
is_linear=0
shrinkage=0.05


Tree=61
num_leaves=15
num_cat=1
split_feature=98 51 39 91 4 47 57 19 73 53 72 93 6 12
split_gain=532.359 557.307 720.225 443.859 551.631 540.218 532.707 503.228 364.697 470.673 383.598 344.398 360.99 329.918
threshold=0 1.2075765976213813 1.5664965809277263 13.500000000000002 6.5000000000000009 102.20804374406677 2.107525783562807 6.6702535273368619 1007.3750000000001 1.4571067811865477 6.0734156425332904 5.5000000000000009 0.75000000000000011 43.500000000000007
decision_type=9 8 10 10 2 8 10 2 2 10 2 2 2 2
left_child=1 8 -3 7 13 -6 -7 -2 -1 10 -10 -11 -13 -5
right_child=3 2 -4 4 5 6 -8 -9 9 11 -12 12 -14 -15
leaf_value=0.32422432551781338 -0.013050216108391528 0.039280447922647004 -0.34349399422605836 0.055688411720435732 -0.30973710617671413 0.050320254476232965 -0.23020655374974011 -0.15819558083774554 -0.22798997821176756 0.34091422043275088 0.10320315261681874 -0.032118021118743671 0.18805269980086731 0.20144416176403565
leaf_weight=21 1146 68 14.999999999999998 110 14.999999999999998 110 20 63 17 20 18 29 52 60
leaf_count=21 1146 68 15 110 15 110 20 63 17 20 18 29 52 60
internal_value=0.00428024 0.0718992 -0.0298957 -0.0067956 0.0460235 -0.0256204 0.00716228 -0.0206136 0.130294 0.100349 -0.0576621 0.155105 0.109226 0.107132
internal_weight=1764 240 83 1524 315 145 130 1209 157 136 35 101 81 170
internal_count=1764 240 83 1524 315 145 130 1209 157 136 35 101 81 170
cat_boundaries=0 3
cat_threshold=557568 2147483664 288
is_linear=0
shrinkage=0.05


Tree=62
num_leaves=15
num_cat=2
split_feature=98 51 43 93 77 29 27 49 49 53 2 98 44 93
split_gain=506.8 502.985 489.103 443.248 462.537 493.965 451.086 430.929 593.583 405.212 499.724 360.562 432.422 413.814
threshold=0 1.2607999315951022 5.3332926424530411 4.5000000000000009 19.708333333333339 16.166666666666668 0.0064846833702176506 0.27711337801003 0.15858120145276186 3.7564467765510972 2.5000000000000004 1 -10.749999999999998 13.500000000000002
decision_type=9 8 8 2 2 2 2 10 10 10 2 9 8 2
left_child=1 -1 -3 4 5 7 -5 8 -2 10 -6 -8 -13 -14
right_child=3 2 -4 6 9 -7 11 -9 -10 -11 -12 12 13 -15
leaf_value=0.12083131516209017 -0.052550630014013035 -0.27527471520006658 0.028203067374535096 0.16508191200819883 0.21819956302642823 -0.28852402086441337 -0.071758887758799669 -0.15887338459491729 0.2173693104768577 0.2868408288806677 -0.12988298119142139 0.16603488075462255 -0.016241012022136406 0.057729464195974502
leaf_weight=169 178 15.999999999999998 78 44 15.999999999999998 26 135 80 23 15.999999999999998 29 44 642 268
leaf_count=169 178 16 78 44 16 26 135 80 23 16 29 44 642 268
internal_value=0.00406623 0.066725 -0.0234527 -0.00730848 -0.0550325 -0.0800196 0.00812786 -0.0607274 -0.0216643 0.070722 -0.0061203 0.00178628 0.0128115 0.0055437
internal_weight=1764 263 94 1501 368 307 1133 281 201 61 45 1089 954 910
internal_count=1764 263 94 1501 368 307 1133 281 201 61 45 1089 954 910
cat_boundaries=0 3 6
cat_threshold=623104 2147483664 288 4194307 0 526849
is_linear=0
shrinkage=0.05


Tree=63
num_leaves=15
num_cat=1
split_feature=98 51 43 93 73 45 6 19 74 78 27 53 2 46
split_gain=457.698 453.944 441.416 399.609 441.24 415.683 480.031 749.948 432.254 437.75 407.278 376.21 441.847 353.009
threshold=0 1.2607999315951022 5.3332926424530411 4.5000000000000009 1758.9583333333337 0.072912073490795412 -1.0000000180025095e-35 5.4914044289044295 0.74676438506382226 2.8452380952380953 0.0064846833702176506 3.7564467765510972 2.5000000000000004 0.12535511363636351
decision_type=9 8 8 2 2 10 2 2 2 2 2 10 2 8
left_child=1 -1 -3 4 5 6 7 -2 9 -7 13 12 -6 -5
right_child=3 2 -4 10 11 8 -8 -9 -10 -11 -12 -13 -14 -15
leaf_value=0.11478974830935099 -0.15387049317359924 -0.2615109741687775 0.026792914210221709 -0.040092204014460252 0.20728958249092103 -0.17295030011932871 -0.094978475905954846 0.18844425310380758 -0.28955462566680379 0.038314141060520966 0.0016640223162479638 0.28990035653114321 -0.12429789543427804 0.25868299706228853
leaf_weight=169 24 15.999999999999998 78 14.999999999999998 15.999999999999998 61 100 48 36 41 1089 14.999999999999998 27 29
leaf_count=169 24 16 78 15 16 61 100 48 36 41 1089 15 27 29
internal_value=0.00384258 0.0633888 -0.0222801 -0.0069668 -0.0522809 -0.0759628 -0.0241013 0.0743393 -0.140602 -0.0880303 0.0076898 0.0742947 -0.000916508 0.156828
internal_weight=1764 263 94 1501 368 310 172 72 138 102 1133 58 43 44
internal_count=1764 263 94 1501 368 310 172 72 138 102 1133 58 43 44
cat_boundaries=0 3
cat_threshold=623104 2147483664 288
is_linear=0
shrinkage=0.05


Tree=64
num_leaves=15
num_cat=2
split_feature=98 51 43 93 98 55 2 11 73 10 54 52 52 52
split_gain=413.072 409.685 398.378 363.705 528.419 474.976 426.378 544.059 481.635 405.632 354.653 480.175 401.329 481.391
threshold=0 1.2607999315951022 5.3332926424530411 5.5000000000000009 1 5.3953141390848511 2.5000000000000004 1.0000000180025095e-35 637.66666666666686 2.8821323220618074 0.75000000000000011 0.21992202778346839 -0.095625251065939595 -0.016439797589555345
decision_type=9 8 8 2 9 10 2 2 2 2 10 10 10 10
left_child=1 -1 -3 10 5 9 7 -6 -9 -5 11 12 -2 -14
right_child=3 2 -4 4 6 -7 -8 8 -10 -11 -12 -13 13 -15
leaf_value=0.10905026188395786 -0.0017529952786997337 -0.24843542948365213 0.025453266100241592 -0.098661635792318819 0.25954389851540327 0.046267804632791218 -0.0077353970250248387 -0.17692553446344708 0.05929828322303074 -0.36751137353479862 -0.12200962640693254 0.20756206802007826 -0.2989933157408679 -0.051891596390776444
leaf_weight=169 277 15.999999999999998 78 47 32 36 488 23 349 20 107 22 27 73
leaf_count=169 277 16 78 47 32 36 488 23 349 20 107 22 27 73
internal_value=0.00365045 0.0602193 -0.0211661 -0.00661846 0.0108891 -0.0913423 0.0234549 0.0617109 0.044693 -0.178915 -0.0411762 -0.019499 -0.0327493 -0.118609
internal_weight=1764 263 94 1501 995 103 892 404 372 67 506 399 377 100
internal_count=1764 263 94 1501 995 103 892 404 372 67 506 399 377 100
cat_boundaries=0 3 6
cat_threshold=623104 2147483664 288 4194306 4 530433
is_linear=0
shrinkage=0.05


Tree=65
num_leaves=15
num_cat=1
split_feature=96 15 47 48 0 89 69 24 49 51 9 91 23 96
split_gain=374.261 606.833 586.187 494.227 478.926 460.481 448.907 436.366 799.036 436.215 402.105 497.08 401.641 380.775
threshold=4.5000000000000009 1.0000000180025095e-35 105.10703862117514 -7.4999999999999991 0 3.5000000000000004 0.53571428571428581 6.1338141025641031 0.23554612811255202 0.36009173475597206 1010.5000000000001 7.5000000000000009 1.5833333333333337 6.5000000000000009
decision_type=2 2 10 10 1 8 2 2 10 8 2 10 2 2
left_child=5 2 3 -2 -4 -1 7 8 -6 13 -8 -12 -7 -3
right_child=1 9 4 -5 6 12 10 -9 -10 -11 11 -13 -14 -15
leaf_value=-0.15854761738043566 -0.12697178860928149 -0.22981066862742103 0.04611011463714669 -0.45660782655080157 0.083134439635661347 -0.16499561389287315 -0.16203997429046368 -0.40205182023346425 -0.23996019881963729 0.19922001368661479 0.19404711392708124 -0.050691655720189466 0.020105909017901852 0.12645485877990723
leaf_weight=39 47 15.000000000000002 108 14.999999999999998 31 30 36 15.999999999999998 50 41 32 59 1267 14.999999999999998
leaf_count=39 47 15 108 15 31 30 36 16 50 41 32 59 1267 15
internal_value=-0.0027127 -0.0413474 -0.0655944 -0.206722 -0.0392392 0.0107343 -0.0789248 -0.16344 -0.116307 0.0932068 -0.0205885 0.0353703 0.0158245 -0.0516779
internal_weight=1801 465 394 62 332 1336 224 97 81 71 127 91 1297 30
internal_count=1801 465 394 62 332 1336 224 97 81 71 127 91 1297 30
cat_boundaries=0 1
cat_threshold=2
is_linear=0
shrinkage=0.05


Tree=66
num_leaves=15
num_cat=2
split_feature=98 7 83 93 6 75 30 23 53 29 99 79 25 23
split_gain=549.164 900.5 539.181 480.543 475.78 443.976 395.434 382.919 457.096 372.801 391.481 368.091 359.342 367.845
threshold=0 26.500000000000004 28.500000000000004 9.5000000000000018 -39.249999999999993 2.2932323000859474 5.416666666666667 1.5833333333333337 0.65824829046386313 20.833333333333339 1 0.30952380952380959 1247.0000000000002 22.166666666666668
decision_type=9 2 8 2 2 2 2 2 8 2 9 2 2 2
left_child=2 3 4 6 -1 -5 9 -6 -9 10 -2 -8 -4 -14
right_child=1 -3 12 5 7 -7 11 8 -10 -11 -12 -13 13 -15
leaf_value=-0.1902287018570033 -0.21923026670946888 0.025690467269028683 -0.13766844486412796 0.11167485460321953 -0.1894101142883301 -0.11496199887245893 0.21736468076705928 0.16704584331692834 0.038140436686462061 -0.33730729681750143 -0.07638013940304518 -0.12740018032491207 0.11729629631055163 -0.037117001947968506
leaf_weight=22 76 284 69 47 17 40 15.000000000000002 76 723 24 130 15.999999999999998 47 215
leaf_count=22 76 284 69 47 17 40 15 76 723 24 130 16 47 215
internal_value=-0.00256426 -0.0397475 0.0177266 -0.0942931 0.0392196 0.007474 -0.128215 0.0454057 0.0504018 -0.15081 -0.129082 0.0394215 -0.0361521 -0.00941691
internal_weight=1801 632 1169 348 838 87 261 816 799 230 206 31 331 262
internal_count=1801 632 1169 348 838 87 261 816 799 230 206 31 331 262
cat_boundaries=0 3 4
cat_threshold=17367681 2348814336 14881 4
is_linear=0
shrinkage=0.05


Tree=67
num_leaves=15
num_cat=2
split_feature=98 7 0 35 79 7 83 41 89 77 44 13 9 42
split_gain=503.947 579.263 463.572 522.062 565.705 500.417 536.175 407.192 505.216 416 511.498 391.093 387.214 365.103
threshold=0 26.500000000000004 1 0.022813216195569152 0.53571428571428581 21.500000000000004 23.500000000000004 10.753713187701644 16.500000000000004 17.535714285714288 2.7500000000000004 29.500000000000004 2974.5000000000005 8.3750000000000018
decision_type=9 2 1 8 2 2 10 10 8 2 10 2 2 10
left_child=1 -1 -2 -4 7 -6 -7 8 -5 -9 -11 -3 -13 -10
right_child=2 11 3 4 5 6 -8 9 13 10 -12 12 -14 -15
leaf_value=-0.12744124782970176 0.04811894494571093 0.096020348904573394 0.22512646633321826 -0.1263666252334249 0.25640492374077439 0.1925774328162273 -0.071945882581596107 0.23565226667202435 -0.031351743258133807 0.10097607223746868 -0.1582846255103747 -0.16331454978846924 0.12050535924294417 0.14743433371186257
leaf_weight=160 500 69 23 145 32 30 53 26 593 52 30 41 17 30
leaf_count=160 500 69 23 145 32 30 53 26 593 52 30 41 17 30
internal_value=-0.00243605 -0.061995 0.00920287 -0.010269 -0.0158359 0.0884274 0.023665 -0.0295234 -0.0423069 0.0613813 0.0061246 0.0155756 -0.080126 -0.0227425
internal_weight=1801 287 1514 1014 991 115 83 876 768 108 82 127 58 623
internal_count=1801 287 1514 1014 991 115 83 876 768 108 82 127 58 623
cat_boundaries=0 3 4
cat_threshold=4194314 562036748 589826 2
is_linear=0
shrinkage=0.05


Tree=68
num_leaves=15
num_cat=1
split_feature=98 42 83 36 36 88 90 49 47 78 49 86 2 22
split_gain=512.626 423.278 390.083 394.348 678.002 482.558 377.864 415.86 439.167 376.372 496.477 456.012 354.847 411.349
threshold=0 -3.8749999999999996 28.500000000000004 -0.49573863636363663 -0.26113445378151251 60.500000000000007 5.5000000000000009 0.18515690811909738 98.467770051972991 3.9285714285714293 0.2742447076967251 42.500000000000007 5.5000000000000009 33.666666666666679
decision_type=9 8 8 8 8 10 10 8 8 2 10 2 2 2
left_child=1 -1 3 -2 -5 -6 -4 -8 -9 10 -3 -11 13 -10
right_child=2 9 6 4 5 -7 7 8 12 11 -12 -13 -14 -15
leaf_value=0.10361996128090792 0.13854769782562343 -0.2607244381805261 -0.10719455431836347 -0.1229881515795434 0.035896563659051188 -0.1221146636332075 0.11791060788171559 -0.24348329115997661 -0.059918924494379078 -0.22377355225384235 -0.043710877619525218 0.055026184130798683 0.12430225550764945 0.14787617789374458
leaf_weight=28 70 60 120 81 919 51 58 22 202 20 47 55 41 27
leaf_count=28 70 60 120 81 919 51 58 22 202 20 47 55 41 27
internal_value=-0.00230089 -0.0738434 0.00755881 0.0236373 0.0159839 0.0275888 -0.0306292 -0.00437826 -0.0286685 -0.105203 -0.165401 -0.0193204 -0.0111651 -0.0354191
internal_weight=1801 210 1591 1121 1051 970 470 350 292 182 107 75 270 229
internal_count=1801 210 1591 1121 1051 970 470 350 292 182 107 75 270 229
cat_boundaries=0 3
cat_threshold=4194306 562036748 589954
is_linear=0
shrinkage=0.05


Tree=69
num_leaves=15
num_cat=1
split_feature=98 93 42 49 83 9 44 8 57 39 52 30 22 87
split_gain=464.998 363.662 348.259 374.286 346.563 444.817 416.734 392.973 535.974 616.979 382.377 378.987 375.412 374.15
threshold=0 1.5000000000000002 -3.8749999999999996 0.21808628978096023 28.500000000000004 3052.5000000000005 -9.2499999999999982 5.929563492063493 2.5623346456686353 0.87965281125489481 0.17101164953783157 5.166666666666667 -2.4166666666666661 6.5000000000000009
decision_type=9 2 8 8 8 2 8 2 8 10 10 2 2 2
left_child=2 -2 -1 -4 7 6 -6 10 -9 11 -3 13 -8 -10
right_child=1 4 3 -5 5 -7 12 8 9 -11 -12 -13 -14 -15
leaf_value=0.08482775275905928 -0.090294684999518926 0.089335261957528889 -0.24865597333101666 -0.06480544423903245 0.11693448050339755 0.12695000135784293 -0.21034283337907658 0.034606035050896621 0.04247731394076254 -0.2948853250163106 -0.0086482043773364672 0.14241622176666099 -0.040172251198727353 -0.12989422907504966
leaf_weight=30 90 351 34 149 38 44 36 378 50 26 139 26 325 85
leaf_count=30 90 351 34 149 38 44 36 378 50 26 139 26 325 85
internal_value=-0.00218584 0.00727709 -0.0698004 -0.0989635 0.0131878 -0.0239255 -0.0405634 0.0287719 0.000353524 -0.0688842 0.06154 -0.0323871 -0.0571422 -0.0660529
internal_weight=1801 1588 213 183 1498 443 399 1055 565 187 490 161 361 135
internal_count=1801 1588 213 183 1498 443 399 1055 565 187 490 161 361 135
cat_boundaries=0 3
cat_threshold=4194306 562036748 589842
is_linear=0
shrinkage=0.05


Tree=70
num_leaves=15
num_cat=1
split_feature=93 71 76 71 0 83 97 52 74 7 19 47 85 47
split_gain=357.622 696.343 585.986 525.586 375.765 412.866 441.384 746.246 619.286 551.13 609.354 472.537 405.813 455.294
threshold=8.5000000000000018 17.416666666666668 35.900000000000006 18.708333333333339 0 20.500000000000004 1.8450000000000004 -0.14975822158157823 1.7498844851118827 15.500000000000002 5.7833160800552115 243.94815419591615 1.0000000180025095e-35 857.33624180748814
decision_type=2 2 2 2 1 8 8 8 2 2 2 8 2 10
left_child=2 -2 4 -3 5 -1 7 8 -7 -9 -11 -8 13 -6
right_child=1 3 -4 -5 12 6 11 9 -10 10 -12 -13 -14 -15
leaf_value=0.17937428009297168 0.18507212267722936 -0.19943657570651599 -0.25717597091197969 0.021586317103219767 -0.030894201845633535 0.18108582006836382 -0.092736007019200109 -0.28655793432033427 -0.11991127593815328 -0.30657981975990189 0.032537638321518896 0.17698837406332457 -0.13367284642193805 0.14012758623631227
leaf_weight=42 64 28 25 683 530 54 22 33 25 17 60 62 88 42
leaf_count=42 64 28 25 683 530 54 22 33 25 17 60 62 88 42
internal_value=0.00160807 0.0271017 -0.0181495 0.0128822 -0.0120206 0.0324051 0.0109814 -0.031403 0.0858336 -0.1156 -0.0423324 0.106346 -0.0332116 -0.0183367
internal_weight=1775 775 1000 711 975 315 273 189 79 110 77 84 660 572
internal_count=1775 775 1000 711 975 315 273 189 79 110 77 84 660 572
cat_boundaries=0 1
cat_threshold=2
is_linear=0
shrinkage=0.05


end of trees

feature_importances:
quotazione_iniziale_target=83
eta_n1=46
minuti_totali_lag1=36
presenze_lag1=34
nazionalita=30
infortuni_career_count=26
xg_totale_std3=25
xa_totale_trend3=20
squadra_punti_finali_n1=20
altezza_m=20
presenze_ma3=18
presenze_career_mean=18
voto_medio_career_mean=18
squadra_posizione_finale_n1=18
minuti_totali_career_mean=17
bonus_netti_std3=16
presenze_titolare_lag1=15
presenze_std3=15
squadra_nuova_punti_finali_n1=15
bonus_netti_trend3=14
minuti_totali_trend3=14
xa_totale_std3=14
ammonizioni_totali_std3=14
squadra_in_champions_target=14
fantamedia_ma3=13
squadra_nuova_posizione_finale_n1=13
quotazione_attuale_n1=13
infortuni_n1_giorni_totali=13
cambio_squadra=12
bonus_netti_lag1=12
voto_medio_lag1=12
xa_totale_ma3=12
presenze_titolare_ma3=12
fantamedia_std3=12
presenze_titolare_career_mean=12
xg_totale_lag1=11
minuti_totali_ma3=11
xg_totale_ma3=11
shots_totali_career_mean=11
voto_medio_std3=10
minuti_totali_std3=10
shots_totali_std3=10
ammonizioni_totali_lag1=9
shots_totali_ma3=9
xg_totale_career_mean=9
xa_totale_career_mean=9
ammonizioni_totali_career_mean=9
espulsioni_totali_career_mean=9
xa_totale_lag1=8
fantamedia_trend3=8
presenze_trend3=8
ammonizioni_totali_trend3=8
gol_lag1=7
voto_medio_ma3=7
fantamedia_career_mean=7
ruolo=6
fantamedia_lag1=6
ammonizioni_totali_ma3=6
quotazione_iniziale_n1=6
infortuni_n1_count=6
presenze_cumulate_carriera_n1=5
bonus_netti_ma3=5
presenze_titolare_std3=5
presenze_titolare_trend3=5
assist_career_mean=5
shots_totali_lag1=4
gol_ma3=4
gol_std3=4
assist_trend3=4
voto_medio_trend3=4
xg_totale_trend3=4
gol_career_mean=4
bonus_netti_career_mean=4
assist_lag1=3
espulsioni_totali_lag1=3
gol_trend3=3
assist_std3=3
shots_totali_trend3=3
piede_dominante=3
assist_ma3=2
rigori_sbagliati_totali_ma3=2
rigori_sbagliati_totali_career_mean=2
rigori_parati_totali_lag1=1
espulsioni_totali_ma3=1
rigori_segnati_totali_std3=1
rigori_sbagliati_totali_std3=1
rigori_sbagliati_totali_trend3=1
squadra_in_champions_n1=1

parameters:
[boosting: gbdt]
[objective: regression]
[metric: l1]
[tree_learner: serial]
[device_type: cpu]
[data_sample_strategy: bagging]
[data: ]
[valid: ]
[num_iterations: 1000]
[learning_rate: 0.05]
[num_leaves: 15]
[num_threads: 0]
[seed: 42]
[deterministic: 0]
[force_col_wise: 0]
[force_row_wise: 0]
[histogram_pool_size: -1]
[max_depth: -1]
[min_data_in_leaf: 15]
[min_sum_hessian_in_leaf: 0.001]
[bagging_fraction: 0.85]
[pos_bagging_fraction: 1]
[neg_bagging_fraction: 1]
[bagging_freq: 5]
[bagging_seed: 400]
[bagging_by_query: 0]
[feature_fraction: 0.85]
[feature_fraction_bynode: 1]
[feature_fraction_seed: 30056]
[extra_trees: 0]
[extra_seed: 12879]
[early_stopping_round: 0]
[early_stopping_min_delta: 0]
[first_metric_only: 0]
[max_delta_step: 0]
[lambda_l1: 0]
[lambda_l2: 0]
[linear_lambda: 0]
[min_gain_to_split: 0]
[drop_rate: 0.1]
[max_drop: 50]
[skip_drop: 0.5]
[xgboost_dart_mode: 0]
[uniform_drop: 0]
[drop_seed: 17869]
[top_rate: 0.2]
[other_rate: 0.1]
[min_data_per_group: 100]
[max_cat_threshold: 32]
[cat_l2: 10]
[cat_smooth: 10]
[max_cat_to_onehot: 4]
[top_k: 20]
[monotone_constraints: ]
[monotone_constraints_method: basic]
[monotone_penalty: 0]
[feature_contri: ]
[forcedsplits_filename: ]
[refit_decay_rate: 0.9]
[cegb_tradeoff: 1]
[cegb_penalty_split: 0]
[cegb_penalty_feature_lazy: ]
[cegb_penalty_feature_coupled: ]
[path_smooth: 0]
[interaction_constraints: ]
[verbosity: -1]
[saved_feature_importance_type: 0]
[use_quantized_grad: 0]
[num_grad_quant_bins: 4]
[quant_train_renew_leaf: 0]
[stochastic_rounding: 1]
[linear_tree: 0]
[max_bin: 255]
[max_bin_by_feature: ]
[min_data_in_bin: 3]
[bin_construct_sample_cnt: 200000]
[data_random_seed: 175]
[is_enable_sparse: 1]
[enable_bundle: 1]
[use_missing: 1]
[zero_as_missing: 0]
[feature_pre_filter: 1]
[pre_partition: 0]
[two_round: 0]
[header: 0]
[label_column: ]
[weight_column: ]
[group_column: ]
[ignore_column: ]
[categorical_feature: 0,98,99]
[forcedbins_filename: ]
[precise_float_parser: 0]
[parser_config_file: ]
[objective_seed: 16083]
[num_class: 1]
[is_unbalance: 0]
[scale_pos_weight: 1]
[sigmoid: 1]
[boost_from_average: 1]
[reg_sqrt: 0]
[alpha: 0.9]
[fair_c: 1]
[poisson_max_delta_step: 0.7]
[tweedie_variance_power: 1.5]
[lambdarank_truncation_level: 30]
[lambdarank_norm: 1]
[label_gain: ]
[lambdarank_position_bias_regularization: 0]
[eval_at: ]
[multi_error_top_k: 1]
[auc_mu_weights: ]
[num_machines: 1]
[local_listen_port: 12400]
[time_out: 120]
[machine_list_filename: ]
[machines: ]
[gpu_platform_id: -1]
[gpu_device_id: -1]
[gpu_device_id_list: ]
[gpu_use_dp: 0]
[num_gpu: 1]

end of parameters

pandas_categorical:[["attaccante", "centrocampista", "difensore", "portiere"], ["Albania", "Algeria", "Angola", "Argentina", "Armenia", "Australia", "Austria", "Belgium", "Bosnia-Herzegovina", "Brazil", "Bulgaria", "Burkina Faso", "Cameroon", "Canada", "Central African Republic", "Chile", "Colombia", "Congo", "Costa Rica", "Cote d'Ivoire", "Croatia", "Cyprus", "Czech Republic", "DR Congo", "Denmark", "Ecuador", "Egypt", "England", "Equatorial Guinea", "Estonia", "Finland", "France", "Gabon", "Georgia", "Germany", "Ghana", "Greece", "Guinea", "Guinea-Bissau", "Hungary", "Iceland", "Indonesia", "Iraq", "Ireland", "Italy", "Japan", "Korea, North", "Kosovo", "Liechtenstein", "Lithuania", "Mali", "Martinique", "Mexico", "Moldova", "Montenegro", "Morocco", "Netherlands", "New Zealand", "Nigeria", "North Macedonia", "Norway", "Paraguay", "Peru", "Poland", "Portugal", "Romania", "Russia", "Scotland", "Senegal", "Serbia", "Sierra Leone", "Slovakia", "Slovenia", "Spain", "Suriname", "Sweden", "Switzerland", "The Gambia", "Togo", "Tunisia", "T\u00fcrkiye", "Ukraine", "United States", "Uruguay", "Uzbekistan", "Venezuela", "Wales", "Zambia", "Zimbabwe"], ["both", "left", "right"]]
