tree
version=v4
num_class=1
num_tree_per_iteration=1
label_index=0
max_feature_idx=105
objective=regression
feature_names=ruolo cambio_squadra presenze_cumulate_carriera_n1 fantamedia_lag1 gol_lag1 assist_lag1 bonus_netti_lag1 presenze_lag1 voto_medio_lag1 minuti_totali_lag1 xg_totale_lag1 xa_totale_lag1 shots_totali_lag1 presenze_titolare_lag1 ammonizioni_totali_lag1 espulsioni_totali_lag1 rigori_segnati_totali_lag1 rigori_sbagliati_totali_lag1 rigori_parati_totali_lag1 fantamedia_ma3 gol_ma3 assist_ma3 bonus_netti_ma3 presenze_ma3 voto_medio_ma3 minuti_totali_ma3 xg_totale_ma3 xa_totale_ma3 shots_totali_ma3 presenze_titolare_ma3 ammonizioni_totali_ma3 espulsioni_totali_ma3 rigori_segnati_totali_ma3 rigori_sbagliati_totali_ma3 rigori_parati_totali_ma3 fantamedia_std3 fantamedia_trend3 gol_std3 gol_trend3 assist_std3 assist_trend3 bonus_netti_std3 bonus_netti_trend3 presenze_std3 presenze_trend3 voto_medio_std3 voto_medio_trend3 minuti_totali_std3 minuti_totali_trend3 xg_totale_std3 xg_totale_trend3 xa_totale_std3 xa_totale_trend3 shots_totali_std3 shots_totali_trend3 presenze_titolare_std3 presenze_titolare_trend3 ammonizioni_totali_std3 ammonizioni_totali_trend3 espulsioni_totali_std3 espulsioni_totali_trend3 rigori_segnati_totali_std3 rigori_segnati_totali_trend3 rigori_sbagliati_totali_std3 rigori_sbagliati_totali_trend3 rigori_parati_totali_std3 rigori_parati_totali_trend3 fantamedia_career_mean gol_career_mean assist_career_mean bonus_netti_career_mean presenze_career_mean voto_medio_career_mean minuti_totali_career_mean xg_totale_career_mean xa_totale_career_mean shots_totali_career_mean presenze_titolare_career_mean ammonizioni_totali_career_mean espulsioni_totali_career_mean rigori_segnati_totali_career_mean rigori_sbagliati_totali_career_mean rigori_parati_totali_career_mean eta_n1 squadra_in_champions_n1 squadra_in_champions_target squadra_punti_finali_n1 squadra_posizione_finale_n1 squadra_nuova_punti_finali_n1 squadra_nuova_posizione_finale_n1 quotazione_iniziale_n1 quotazione_attuale_n1 fvm_n1 quotazione_iniziale_target infortuni_n1_count infortuni_n1_giorni_totali infortuni_career_count altezza_m nazionalita piede_dominante titolarita_forum media_voto_forum salute_forum bonus_forum consiglio_esperti_forum totale_forum
feature_infos=-1:2:1:0:3 [0:1] [1:7] [0.5:10] [0:28] [0:15] [-76:108] [1:38] [4:7] [0:3420] [0:32.399444118142128] [0:12.840456929057837] [0:208] [0:38] [0:15] [0:3] [0:14] [0:4] [0:4] [1:10] [0:28.5] [0:11] [-74.5:91.5] [1:38] [5:7] [0:3420] [0:27.531273673598964] [0:10.716328046595056] [0:191.5] [0:38] [0:14] [0:2] [0:8.5] [0:3] [0:3] [0:2.25] [-4.5:2.833333333333333] [0:11] [-11:22] [0:6.2360956446232354] [-11:11] [0:34.75] [-61.5:69.5] [0:18] [-32:36] [0:0.94981736037512643] [-1.3157894736842106:1] [0:1620] [-2895:3240] [0:10.681196013465524] [-8.6136132180690765:21.362392026931047] [0:4.9391173347830772] [-6.2035563364624977:9.8782346695661545] [0:49] [-63:98] [0:18] [-33:36] [0:5.5] [-9:11] [0:1.5] [-2:3] [0:4.714045207910317] [-6:7] [0:1.699673171197595] [-3:3] [0:2] [-3:4] [2.6666666666666665:10] [0:28.5] [0:11] [-74.5:91.5] [1:38] [5:7] [0:3420] [0:27.531273673598964] [0:9.9446295751258713] [0:191.5] [0:38] [0:14] [0:2] [0:8.5] [0:3] [0:3] [15:41] [0:1] [0:1] [14:92] [1:20] [31:92] [1:18] [1:49] [1:50] none [1:49] [0:7] [0:408] [0:14] [1.6299999999999999:2.02] -1:44:3:9:63:73:31:69:56:20:83:0:16:8:64:19:34:75:7:35:72:65:76:68:1:55:80:71:36:22:24:58:77:15:59:61:47:85:27:60:2:54:37:38:12:25:41:45:52:53:62:81:4:11:30:40:50:66:86 -1:2:1:0 none none none none none none
tree_sizes=1344 1412 1423 1421 1429 1414 1423 1424 1411 1413 1434 1433 1403 1433 1430 1447 1420 1429 1443 1446 1464 1414 1439 1432 1476 1428 1425 1438 1416 1422 1449 1433 1435 1455 1422 1460 1478 1465 1423 1507 1504 1492 1440 1453 1478 1486 1438 1462 1467 1540 1478 1433 1462 1503 1457 1478 1463 1457 1481 1415 1464 1467 1441 1483 1520 1455 1474 1459 1450 1448 1425 1502 1457 1431 1441 1505 1457 1522 1461 1461 1485 1474 1475 1475 1504 1472 1486 1463 1434 1476 1510 1496 1449 1514 1526 1478 1491 1459 1474 1419 1460 1488 1444 1469 1464 1428 1487 1435 1432 1436 1512 1495 1492 1478 1463 1504 1475 1482 1442 1455 1493 1462 1504 1459 1458 1474 1536 1485 1521 1486 1476 1532 1523 1457 1528 1438 1504

Tree=0
num_leaves=15
num_cat=0
split_feature=13 9 9 1 93 1 93 13 88 96 87 74 87 70
split_gain=45599.2 7500.33 7246.47 3050.77 2381.49 2222.16 2009.65 1777.53 1743.9 1683.4 1598.68 1422.41 1262.01 1208.14
threshold=20.500000000000004 750.00000000000011 2808.5000000000005 1.0000000180025095e-35 5.5000000000000009 1.0000000180025095e-35 5.5000000000000009 1.5000000000000002 64.000000000000014 5.5000000000000009 8.5000000000000018 1.1564329307681571 11.500000000000002 15.950000000000001
decision_type=2 2 2 2 2 2 2 2 10 2 2 2 2 2
left_child=1 5 4 -4 11 7 -3 -1 -6 13 -7 -2 -5 -8
right_child=2 6 3 12 8 10 9 -9 -10 -11 -12 -13 -14 -15
leaf_value=17.075692259558448 17.791614794597333 17.52101382685558 18.351357431362302 18.27788929510994 17.994065774135933 17.687448128281282 17.825056559923269 17.359368801647179 17.572911930197648 17.520189370497075 17.3613276784825 17.274621332989614 17.755176884323173 17.571565777864535
leaf_weight=83 51 231 192 17 450 68 217 165 26 89 84 18 36 60
leaf_count=83 51 231 192 17 450 68 217 165 26 89 84 18 36 60
internal_value=17.7491 17.5242 18.0328 18.2587 17.9313 17.3567 17.6365 17.2644 17.9711 17.7094 17.5072 17.6567 17.9228 17.7701
internal_weight=1787 997 790 245 545 400 597 248 476 366 152 69 53 277
internal_count=1787 997 790 245 545 400 597 248 476 366 152 69 53 277
is_linear=0
shrinkage=1


Tree=1
num_leaves=15
num_cat=0
split_feature=25 25 93 48 25 29 52 1 95 83 93 48 14 53
split_gain=34659.7 9733.64 5958.08 3318.02 3039.91 2492.35 1875.84 1528.05 1602.86 1509.82 1430.83 1230.02 1228.25 1175.77
threshold=2006.1666666666667 1143.8333333333337 5.5000000000000009 464.75000000000006 2974.8333333333335 3.166666666666667 -0.12360684946179383 1.0000000180025095e-35 3.5000000000000004 26.500000000000004 3.5000000000000004 669.50000000000011 5.5000000000000009 3.3495889939662065
decision_type=2 2 2 10 2 2 10 2 2 8 2 10 2 10
left_child=1 5 -2 10 6 7 12 -1 -9 11 -3 -7 -4 -12
right_child=2 3 4 -5 -6 9 -8 8 -10 -11 13 -13 -14 -15
leaf_value=-0.62448437755497599 -0.16372227782294865 -0.34518815436615397 0.093950753818816429 0.1700843451587252 0.61536515977647577 -0.2379514528077937 0.3879302919152906 0.022764202045357746 -0.58142107554844447 -0.40568996099454746 0.019878613771778523 0.064119102748540741 0.34953942340894362 -0.14719234940119683
leaf_weight=91 63 52 132 153 90 248 256 23 21 124 202 39 73 220
leaf_count=91 63 52 132 153 90 248 256 23 21 124 202 39 73 220
internal_value=-0.00745861 -0.166773 0.2969 -0.0323664 0.349566 -0.321119 0.297675 -0.507514 -0.265597 -0.259895 -0.0977144 -0.196904 0.184965 -0.06722
internal_weight=1787 1173 614 627 551 546 461 135 44 411 474 287 205 422
internal_count=1787 1173 614 627 551 546 461 135 44 411 474 287 205 422
is_linear=0
shrinkage=0.05


Tree=2
num_leaves=15
num_cat=0
split_feature=13 9 9 86 1 1 93 50 86 96 13 89 70 9
split_gain=37469.6 6186.37 6084.13 3021.87 2200.41 1882.65 1701.89 1661.81 1500.23 1471.14 1446.24 1254.6 1078.96 1498.18
threshold=20.500000000000004 750.00000000000011 2808.5000000000005 30.000000000000004 1.0000000180025095e-35 1.0000000180025095e-35 5.5000000000000009 0.010946150636300401 55.500000000000007 5.5000000000000009 1.5000000000000002 9.5000000000000018 15.950000000000001 1299.5000000000002
decision_type=2 2 2 2 2 2 2 8 2 2 2 8 2 2
left_child=1 5 4 -4 -2 10 -3 -6 -7 12 -1 -5 13 -8
right_child=2 6 3 11 7 8 9 -9 -10 -11 -12 -13 -14 -15
leaf_value=-0.61821294769824275 0.21104180972239373 -0.21520402230548139 -0.23053847193717958 0.15979057513177397 0.24971079953216219 -0.36210156265039778 -0.080657979395861432 -0.15173864498734477 -0.045181636309081862 -0.21872160252225534 -0.36233412948070154 0.54177655904617128 -0.1727182740221421 0.18385929529331935
leaf_weight=83 423 231 14.999999999999998 24 37 86 96 85 66 89 165 206 60 121
leaf_count=83 423 231 15 24 37 86 96 85 66 89 165 206 60 121
internal_value=-0.00708567 -0.21089 0.25012 0.457073 0.157087 -0.363049 -0.108941 -0.0299876 -0.224492 -0.041873 -0.447971 0.501917 0.0149484 0.0668378
internal_weight=1787 997 790 245 545 400 597 122 152 366 248 230 277 217
internal_count=1787 997 790 245 545 400 597 122 152 366 248 230 277 217
is_linear=0
shrinkage=0.05


Tree=3
num_leaves=15
num_cat=0
split_feature=13 9 9 86 1 1 86 25 89 50 83 89 25 9
split_gain=33816.3 5583.2 5522.65 2584.06 2079.44 1699.09 1353.96 1343.52 1286.59 1265 1255.25 1398.95 1397.99 1130.76
threshold=20.500000000000004 750.00000000000011 2748.5000000000005 30.000000000000004 1.0000000180025095e-35 1.0000000180025095e-35 55.500000000000007 262.75000000000006 9.5000000000000018 -0.044440713129006292 26.500000000000004 17.500000000000004 1173.1666666666667 3150.5000000000005
decision_type=2 2 2 2 2 2 2 2 8 8 8 8 2 2
left_child=1 5 4 -4 -2 7 -7 -1 -5 -6 11 -3 -12 -10
right_child=2 10 3 8 9 6 -8 -9 13 -11 12 -13 -14 -15
leaf_value=-0.6040257027020326 0.19503207113082868 -0.23055928125034406 -0.21901154597600303 0.12931931841152686 0.20980771898346792 -0.34399648510829306 -0.042922554526365168 -0.34967851214025214 0.43173590169965542 -0.15359032731733205 -0.39912136670995935 0.0075938979713942234 -0.12135827803709121 0.68969359099864969
leaf_weight=74 401 79 14.999999999999998 27 34 86 66 174 176 81 61 281 176 56
leaf_count=74 401 79 15 27 34 86 66 174 176 81 61 281 176 56
internal_value=-0.00673139 -0.200345 0.237614 0.419032 0.14128 -0.344896 -0.213267 -0.425572 0.455984 -0.0461509 -0.103494 -0.0446675 -0.19285 0.494002
internal_weight=1787 997 790 274 516 400 152 248 259 115 597 360 237 232
internal_count=1787 997 790 274 516 400 152 248 259 115 597 360 237 232
is_linear=0
shrinkage=0.05


Tree=4
num_leaves=15
num_cat=0
split_feature=9 9 1 9 29 93 93 49 93 74 26 57 96 8
split_gain=30614.9 6650.3 3641.97 3365.01 1911.4 1816.48 1311.32 1547.39 1242.81 1453.86 1175.57 1136.9 1156.23 1110.91
threshold=2015.5000000000002 1180.5000000000002 1.0000000180025095e-35 2808.5000000000005 3.166666666666667 4.5000000000000009 5.5000000000000009 0.076172295854479363 5.5000000000000009 0.18032002518884838 1.7685293687973174 0.87965281125489481 5.5000000000000009 6.0480030721966225
decision_type=2 2 2 2 2 2 2 8 2 2 2 8 2 2
left_child=1 4 3 13 -1 -4 10 -8 -6 -10 -3 -9 -13 -2
right_child=2 6 5 -5 8 -7 7 11 9 -11 -12 12 -14 -15
leaf_value=-0.43819844984345968 0.14571130119386266 -0.10333367100830715 -0.44289972825961954 0.49114931334430978 -0.29434529171940776 0.10670159507256288 0.40515822553634645 -0.16936434160631439 0.28177569437968103 -0.17610420341594052 -0.5598192654550076 0.11001594649119811 -0.14721778965832896 0.33208374503842547
leaf_weight=135 183 119 17 192 289 130 25 78 19 198 15.999999999999998 187 57 142
leaf_count=135 183 119 17 192 289 130 25 78 19 198 16 187 57 142
internal_value=-0.00639482 -0.165531 0.262746 0.325187 -0.271041 0.0431423 -0.0252152 0.0262251 -0.226444 -0.136013 -0.157436 -0.00319519 0.0499245 0.227142
internal_weight=1787 1123 664 517 641 147 482 347 506 217 135 322 244 325
internal_count=1787 1123 664 517 641 147 482 347 506 217 135 322 244 325
is_linear=0
shrinkage=0.05


Tree=5
num_leaves=15
num_cat=0
split_feature=9 9 9 89 9 8 36 87 29 55 96 89 83 26
split_gain=30546.6 6965.71 3070.71 2146.9 1477.15 1186.66 1432.36 1074.74 1019.65 990.17 941.292 933.407 1115.21 1083.52
threshold=2015.5000000000002 1028.5000000000002 2691.0000000000005 9.5000000000000018 81.500000000000014 5.7533783783783798 -0.081400997899159638 17.500000000000004 15.41666666666667 7.2876732428628985 4.5000000000000009 12.500000000000002 24.500000000000004 1.9768010836560281
decision_type=2 2 2 8 2 2 8 2 2 10 2 8 8 2
left_child=1 4 5 -4 -1 6 -2 10 -6 11 -5 -3 -13 -14
right_child=2 9 3 7 8 -7 -8 -9 -10 -11 -12 12 13 -15
leaf_value=-0.5321771217510104 0.2145229484723962 -0.2626342099446517 0.0049572799241904058 0.50237200977192042 -0.29081549696821835 0.2063917243975901 -0.34349395525844201 0.034069278463721278 -0.07990341349435387 0.12639854704432282 0.25899791010484402 0.057713197163006262 -0.025221931540196942 -0.24038041396502485
leaf_weight=56 23 52 33 210 396 334 23 15.999999999999998 67 81 49 177 155 94
leaf_count=56 23 52 33 210 396 334 23 16 67 81 49 177 155 94
internal_value=0.00840273 -0.157724 0.268701 0.386032 -0.289631 0.173601 -0.0644855 0.43176 -0.260295 -0.0352569 0.456328 -0.0626504 -0.0382393 -0.106446
internal_weight=1766 1078 688 308 519 380 46 275 463 559 259 478 426 249
internal_count=1766 1078 688 308 519 380 46 275 463 559 259 478 426 249
is_linear=0
shrinkage=0.05


Tree=6
num_leaves=15
num_cat=0
split_feature=9 9 9 88 70 37 47 83 88 72 1 86 41 25
split_gain=27663.8 5190.15 4014.31 2306.77 1366.82 1110.67 1081.25 1052.91 1162.03 1050.44 984.444 1058.96 950.13 869.577
threshold=1679.5000000000002 2479.0000000000005 750.00000000000011 48.500000000000007 -24.133928571428566 0.65824829046386313 34.041353031680352 23.500000000000004 47.000000000000007 6.0485164334563652 1.0000000180025095e-35 55.500000000000007 1.2486095644623239 2006.1666666666667
decision_type=2 2 2 10 2 10 8 8 10 2 2 2 8 2
left_child=2 7 6 4 -3 -6 -1 8 -2 -9 -8 -12 -4 -11
right_child=1 3 12 -5 5 -7 10 9 -10 13 11 -13 -14 -15
leaf_value=-0.62462413035906283 0.25772827949407884 0.60103603571101472 -0.21835285578704169 0.027054239574231601 0.23086106536256801 0.41218649995597928 -0.35971024283207953 -0.0388434686496393 -0.19754730127751829 -0.0047525964974564445 -0.30742737739174458 -0.031593830468224698 -0.059162398276263656 0.2824519807224472
leaf_weight=26 113 54 124 57 154 187 208 194 15.999999999999998 47 81 61 384 60
leaf_count=26 113 54 124 57 154 187 208 194 16 47 81 61 384 60
internal_value=0.00798259 0.2061 -0.189687 0.324402 0.36731 0.330298 -0.313534 0.0817457 0.20126 0.0305253 -0.290424 -0.188936 -0.0980199 0.156297
internal_weight=1766 882 884 452 395 341 376 430 129 301 350 142 508 107
internal_count=1766 882 884 452 395 341 376 430 129 301 350 142 508 107
is_linear=0
shrinkage=0.05


Tree=7
num_leaves=15
num_cat=1
split_feature=13 9 86 9 93 35 29 93 76 94 71 83 0 93
split_gain=25059.6 6597.02 2803.25 2185.73 1894.39 1256.33 1255.3 1253.5 1212.63 1015.25 1351.76 984.733 850.266 2164.65
threshold=24.500000000000004 1128.0000000000002 30.000000000000004 2995.5000000000005 2.5000000000000004 0.081393701393245768 15.41666666666667 4.5000000000000009 1.7333333333333336 1.5000000000000002 18.875000000000004 32.500000000000007 0 13.500000000000002
decision_type=2 2 2 2 2 8 2 2 2 2 2 10 1 2
left_child=1 4 -2 11 -1 -5 9 -3 -9 10 -6 -4 -10 -14
right_child=2 7 3 5 6 -7 -8 8 12 -11 -12 -13 13 -15
leaf_value=-0.43182831176071085 -0.23527187053804047 -0.19104522795338807 0.25435611987881962 0.080408764748196859 -0.1277914748972126 0.51774598449961207 -0.014634178128714363 0.40956997557690267 0.039602362452419451 -0.35897551965713503 -0.42039087718846846 -0.014763884326896152 -0.37632149172325935 0.067861942911986259
leaf_weight=117 27 84 418 19 203 121 72 19 363 125 49 37 48 64
leaf_count=117 27 84 418 19 203 121 72 19 363 125 49 37 48 64
internal_value=0.00758346 -0.131298 0.263018 0.28563 -0.252633 0.458393 -0.205939 -0.0124819 0.0178811 -0.242474 -0.184686 0.232472 0.0022135 -0.112461
internal_weight=1766 1144 622 595 566 140 449 578 494 377 252 455 475 112
internal_count=1766 1144 622 595 566 140 449 578 494 377 252 455 475 112
cat_boundaries=0 1
cat_threshold=6
is_linear=0
shrinkage=0.05


Tree=8
num_leaves=15
num_cat=0
split_feature=13 13 13 89 29 1 87 87 13 89 1 86 45 37
split_gain=22689 3891.25 3082.76 2040.97 1227.99 1037.62 1024.77 995.568 1119.58 1077.57 983.39 1183.66 900.55 965.745
threshold=20.500000000000004 7.5000000000000009 30.500000000000004 9.5000000000000018 28.416666666666668 1.0000000180025095e-35 17.500000000000004 13.500000000000002 14.500000000000002 12.500000000000002 1.0000000180025095e-35 55.500000000000007 0.11337408433010367 0.48570226039551589
decision_type=2 2 2 8 2 2 2 2 2 8 2 2 10 8
left_child=1 10 4 -4 5 -2 -5 8 -3 -9 -1 -12 13 -10
right_child=2 7 3 6 -6 -7 -8 9 12 -11 11 -13 -14 -15
leaf_value=-0.35286168386941563 0.12424201022383551 -0.1134126132737364 -0.02039163418305226 0.3884865970251507 0.27425959639034225 -0.072027330724897143 -0.011663123088724473 -0.41534838324060308 0.33439874445519796 -0.11446303197819936 -0.30880747832267025 -0.017950699221892435 -0.090160835275823692 0.034665155687775367
leaf_weight=222 298 209 39 272 103 87 17 37 41 152 82 61 68 78
leaf_count=222 298 209 39 272 103 87 17 37 41 152 82 61 68 78
internal_value=0.0072155 -0.158883 0.20059 0.319131 0.120915 0.0798902 0.364948 -0.0789508 -0.0338887 -0.173367 -0.286993 -0.184736 0.0549909 0.137935
internal_weight=1766 950 816 328 488 385 289 585 396 189 365 143 187 119
internal_count=1766 950 816 328 488 385 289 585 396 189 365 143 187 119
is_linear=0
shrinkage=0.05


Tree=9
num_leaves=15
num_cat=0
split_feature=9 9 93 70 93 9 93 49 29 85 87 95 23 55
split_gain=20561.2 4667.74 2570.17 2181.4 1535 1246.33 1041.32 1246.38 986.372 1124.65 1642.51 1037.35 1078.99 953.799
threshold=2015.5000000000002 1041.0000000000002 5.5000000000000009 -24.133928571428566 2.5000000000000004 2808.5000000000005 4.5000000000000009 0.076172295854479363 15.41666666666667 1.0000000180025095e-35 5.5000000000000009 36.500000000000007 18.583333333333339 7.2876732428628985
decision_type=2 2 2 2 2 2 2 8 2 2 2 2 2 8
left_child=1 4 -2 -4 -1 -5 -3 -8 9 10 -6 12 -12 -9
right_child=2 6 3 5 8 -7 7 13 -10 -11 11 -13 -14 -15
leaf_value=-0.39780994034331779 -0.08397492028418041 -0.18287882336087855 0.55484585221166971 0.16896322243809703 0.074125293064862485 0.32454598584801569 0.31949515260499101 -0.081468491678632154 -0.0090749288007380465 -0.44350879862904552 -0.10861673843004366 -0.37659781040267998 -0.47930749913920528 0.068980779606435047
leaf_weight=115 63 91 54 375 50 196 29 254 63 50 134 89 23 180
leaf_count=115 63 91 54 375 50 196 29 254 63 50 134 89 23 180
internal_value=0.00685473 -0.129442 0.220412 0.251094 -0.236422 0.222368 -0.0282546 0.00213586 -0.191044 -0.224177 -0.187127 -0.240227 -0.162922 -0.0190702
internal_weight=1766 1078 688 625 524 571 554 463 409 346 296 246 157 434
internal_count=1766 1078 688 625 524 571 554 463 409 346 296 246 157 434
is_linear=0
shrinkage=0.05


Tree=10
num_leaves=15
num_cat=1
split_feature=93 73 73 49 69 29 48 46 89 89 96 0 93 4
split_gain=15401.2 8277.45 2745.44 1816.19 1591.75 1390.51 1361.31 1227.44 953.452 947.211 849.335 840.384 1633.39 927.752
threshold=5.5000000000000009 2046.4761904761908 19.000000000000004 0.068939648102968862 1.0000000180025095e-35 3.5833333333333335 1292.2500000000002 0.10924310064935082 5.5000000000000009 11.500000000000002 5.5000000000000009 0 12.500000000000002 4.5000000000000009
decision_type=2 2 2 8 2 2 10 10 8 8 2 1 2 2
left_child=5 2 -2 -4 -3 -1 8 -6 -5 -7 11 12 -10 -13
right_child=1 4 3 6 7 9 -8 -9 10 -11 -12 13 -14 -15
leaf_value=-0.38441006371168179 -0.63835373205297141 0.45896133118104648 0.31937445374422296 -0.32180046236940796 0.17716991989708517 -0.37739625975208463 0.25134075687012891 0.39949488269753364 -0.28977367906520762 -0.1530195670278128 -0.13951599334389711 0.031672026134199567 0.065745030859751363 0.35005155086517337
leaf_weight=99 17 82 43 28 339 53 44 76 60 418 121 270 70 25
leaf_count=99 17 82 43 28 339 53 44 76 60 418 121 270 70 25
internal_value=-0.000800592 0.102659 -0.0109636 0.00517203 0.25766 -0.214072 -0.0166899 0.217885 -0.0372359 -0.178268 -0.0226428 0.0106317 -0.0913162 0.0567303
internal_weight=1745 1175 678 661 497 570 618 415 574 471 546 425 130 295
internal_count=1745 1175 678 661 497 570 618 415 574 471 546 425 130 295
cat_boundaries=0 1
cat_threshold=1
is_linear=0
shrinkage=0.05


Tree=11
num_leaves=15
num_cat=1
split_feature=13 93 93 25 49 13 93 8 96 0 93 95 10 29
split_gain=14579.3 3853.2 2718.38 2371.97 1977.86 1828.21 1167.86 1154.88 981.146 911.988 2116.59 890.401 951.263 1126.01
threshold=23.500000000000004 5.5000000000000009 5.5000000000000009 19.000000000000004 0.076172295854479363 32.500000000000007 1.5000000000000002 6.2013513513513523 5.5000000000000009 0 12.500000000000002 36.500000000000007 1.7831293786875906 15.41666666666667
decision_type=2 2 2 2 8 2 2 2 2 1 2 2 2 2
left_child=1 6 -2 -3 -5 7 -1 -4 9 10 -6 12 13 -8
right_child=2 3 5 4 8 -7 11 -9 -10 -11 -12 -13 -14 -15
leaf_value=-0.37979374983412928 -0.13176264895436665 -0.60643603941973523 0.10872639808483756 0.35166607151428858 -0.30818700064538107 0.34098539771287195 -0.15971496898898896 0.31918558424250004 -0.15786544448938691 0.055626653663419928 0.083816148780493274 -0.27666353602214039 -0.44006460038098427 0.080338234955684817
leaf_weight=86 60 17 291 36 66 207 188 84 119 283 72 148 22 66
leaf_count=86 60 17 291 36 66 207 188 84 119 283 72 148 22 66
internal_value=-0.000760562 -0.111021 0.188675 -0.0243548 -0.00717531 0.22171 -0.211792 0.155869 -0.0310981 0.00473404 -0.0966593 -0.177716 -0.124658 -0.0973389
internal_weight=1745 1103 642 593 576 582 510 375 540 421 138 424 276 254
internal_count=1745 1103 642 593 576 582 510 375 540 421 138 424 276 254
cat_boundaries=0 1
cat_threshold=1
is_linear=0
shrinkage=0.05


Tree=12
num_leaves=15
num_cat=0
split_feature=9 93 9 1 49 41 9 29 9 43 96 56 8 88
split_gain=13659 4471.7 2246.64 1775.68 1515.8 1376.98 1235.36 1091.61 1039.17 945.456 852.08 844.784 841.831 772.66
threshold=2311.5000000000005 5.5000000000000009 29.500000000000004 1.0000000180025095e-35 0.068939648102968862 1.7248365855987977 1544.5000000000002 3.5833333333333335 2995.5000000000005 4.0550824479184113 1.5000000000000002 -6.7499999999999991 5.9177927927927945 40.500000000000007
decision_type=2 2 2 2 8 8 2 2 2 8 2 8 2 10
left_child=1 7 -3 5 -4 12 9 -1 -7 -6 -5 -8 -2 -9
right_child=3 2 4 10 6 8 11 13 -10 -11 -12 -13 -14 -15
leaf_value=-0.35135862692776654 -0.13085381081327796 -0.57611424502204445 0.31699648563926286 0.1702423231193313 -0.23716677854934784 0.24738572084877108 0.3757365984097123 -0.14017058324415207 0.44218498874217904 -0.033780851857488824 -0.11196434243388896 0.039291923473046414 0.21134381412369449 -0.33219399712979797
leaf_weight=99 32 17 37 54 73 252 20 371 94 263 53 278 41 61
leaf_count=99 32 17 37 54 73 252 20 371 94 263 53 278 41 61
internal_value=-0.000706595 -0.0925975 -0.00846617 0.21225 0.00591538 0.258674 -0.0122392 -0.201604 0.300308 -0.0779689 0.0304577 0.0618721 0.0613394 -0.167285
internal_weight=1745 1219 688 526 671 419 634 531 346 336 107 298 73 432
internal_count=1745 1219 688 526 671 419 634 531 346 336 107 298 73 432
is_linear=0
shrinkage=0.05


Tree=13
num_leaves=15
num_cat=1
split_feature=9 93 9 1 0 93 41 96 93 9 50 10 56 95
split_gain=12327.2 4035.71 2027.59 1602.55 1446.84 1772.18 1242.72 1059.52 1001.88 938.296 907.59 826.741 798.767 791.966
threshold=2311.5000000000005 5.5000000000000009 29.500000000000004 1.0000000180025095e-35 0 12.500000000000002 1.7248365855987977 5.5000000000000009 1.5000000000000002 3030.5000000000005 0.73598145786672842 1.7189755877479913 -11.749999999999998 36.500000000000007
decision_type=2 2 2 2 1 2 8 2 2 2 8 2 8 2
left_child=1 8 -3 6 5 10 -2 12 -1 -8 -4 13 -6 -10
right_child=3 2 4 -5 7 -7 9 -9 11 -11 -12 -13 -14 -15
leaf_value=-0.3456197808919983 0.058272404172649117 -0.54730854034423826 -0.076697428098746717 0.028934829152911623 0.39245478368940812 0.021578809920826864 0.23830422119547925 -0.095742163518744136 -0.088822272283011192 0.42957481678794418 -0.40357036597561091 -0.36404972089661491 0.075020725561559878 -0.23921458709125334
leaf_weight=88 73 17 35 107 21 116 261 93 268 85 54 45 352 130
leaf_count=88 73 17 35 107 21 116 261 93 268 85 54 45 352 130
internal_value=-0.000671266 -0.0879676 -0.00804286 0.201637 0.00561961 -0.102205 0.24574 0.0540858 -0.191524 0.285293 -0.275025 -0.160913 0.0928923 -0.137945
internal_weight=1745 1219 688 526 671 205 419 466 531 346 89 443 373 398
internal_count=1745 1219 688 526 671 205 419 466 531 346 89 443 373 398
cat_boundaries=0 1
cat_threshold=1
is_linear=0
shrinkage=0.05


Tree=14
num_leaves=15
num_cat=0
split_feature=9 9 29 93 49 96 48 21 93 45 93 89 88 53
split_gain=11278.2 3070.71 1898.39 1384.49 1225.53 1205.88 1137.69 1002.89 992.258 873.885 873.098 804.044 751.702 662.414
threshold=1544.5000000000002 2516.5000000000005 3.166666666666667 4.5000000000000009 0.27711337801003 5.5000000000000009 -701.24999999999989 1.0000000180025095e-35 5.5000000000000009 0.19367440845185821 5.5000000000000009 13.500000000000002 40.500000000000007 2.4719640003162362
decision_type=2 2 2 2 10 2 8 2 2 10 2 8 10 8
left_child=2 6 -1 -3 12 8 -2 -5 -6 -10 11 -8 13 -4
right_child=1 3 4 7 5 -7 10 -9 9 -11 -12 -13 -14 -15
leaf_value=-0.31294437206473003 0.41687702999303222 -0.17588702468645007 0.091541170572139785 0.3975342846762987 -0.23799040916930425 -0.32908313624030083 -0.43232009829953316 0.20001130920394636 -0.093108504945726214 0.22716128284643805 0.056425572956087959 -0.046996751393784175 -0.22744059498820987 -0.063104939493409881
leaf_weight=129 19 21 98 81 89 93 15.999999999999998 311 89 28 398 88 49 236
leaf_count=129 19 21 98 81 89 93 16 311 89 28 398 88 49 236
internal_value=-0.000637702 0.117811 -0.137051 0.219637 -0.103781 -0.179639 0.0370925 0.240826 -0.112171 -0.0164627 0.0227182 -0.106277 -0.0445596 -0.0177297
internal_weight=1745 934 811 413 682 299 521 392 206 117 502 104 383 334
internal_count=1745 934 811 413 682 299 521 392 206 117 502 104 383 334
is_linear=0
shrinkage=0.05


Tree=15
num_leaves=15
num_cat=0
split_feature=9 93 70 1 9 9 73 50 58 83 9 56 23 86
split_gain=10571 2452.76 1619.36 1504.36 1380.28 1279.52 905.895 816.793 743.237 686.028 823.416 756.162 674.172 660.617
threshold=2015.5000000000002 3.5000000000000004 -3.5833333333333326 1.0000000180025095e-35 2974.5000000000005 1.0000000180025095e-35 1719.9500000000003 -0.068454285152256433 1.2500000000000002 34.500000000000007 1128.0000000000002 -3.2499999999999996 25.416666666666668 35.500000000000007
decision_type=2 2 2 2 2 2 2 10 10 8 2 10 2 2
left_child=1 6 -3 4 7 -4 8 12 -1 10 -7 -12 -2 -5
right_child=3 2 5 13 -6 9 -8 -9 -10 -11 11 -13 -14 -15
leaf_value=-0.29835337564489095 -0.26368657867113748 0.31168389692902565 -0.50429589047151457 -0.14652159268346926 0.33158404424471122 -0.11694717240863524 0.050548233777284624 0.19998594719039364 -0.032534201443195347 -0.35493752703070647 0.056022052943276668 -0.076657349564269325 0.087668443059450707 0.078070334246544873
leaf_weight=213 14.999999999999998 28 17 48 124 336 25 241 30 20 208 222 152 103
leaf_count=213 15 28 17 48 124 336 25 241 30 20 208 222 152 103
internal_value=-0.0085153 -0.104518 -0.0620989 0.145961 0.185495 -0.0751325 -0.236051 0.141095 -0.265536 -0.0658503 -0.0583023 -0.0124775 0.0561096 0.00667687
internal_weight=1782 1099 831 683 532 803 268 408 243 786 766 430 167 151
internal_count=1782 1099 831 683 532 803 268 408 243 786 766 430 167 151
is_linear=0
shrinkage=0.05


Tree=16
num_leaves=15
num_cat=0
split_feature=9 9 1 9 9 83 51 95 42 96 1 35 25 83
split_gain=9540.33 2206.02 1357.68 1245.71 804.235 792.046 732.282 711.672 652.378 675.342 956.444 649.686 805.001 648.757
threshold=2015.5000000000002 1041.0000000000002 1.0000000180025095e-35 2974.5000000000005 1.0000000180025095e-35 28.500000000000004 0.83900142022492885 30.500000000000004 5.8750000000000009 1.5000000000000002 1.0000000180025095e-35 0.34430451785391253 1950.8333333333337 20.500000000000004
decision_type=2 2 2 2 2 10 8 2 10 2 2 10 2 10
left_child=1 4 3 5 -1 6 -2 -8 9 10 -6 12 -4 -12
right_child=2 -3 11 -5 8 -7 7 -9 -10 -11 13 -13 -14 -15
leaf_value=-0.49041392928675603 0.26667916954342114 -0.029158530022848295 -0.30816529215030047 0.31500484044363186 -0.17969359310625269 0.036060140736020395 0.053799494079731662 0.3701229914313271 0.11377273010356087 -0.21997315516465743 -0.2167348491234912 0.23374884587067823 0.019295388065716804 0.12908898149024359
leaf_weight=19 134 555 23 124 139 137 116 21 21 292 18 26 102 55
leaf_count=19 134 555 23 124 139 137 116 21 21 292 18 26 102 55
internal_value=-0.00808954 -0.0992926 0.138663 0.17622 -0.170845 0.134041 0.183573 0.102287 -0.159279 -0.170657 -0.10273 0.00634303 -0.0409574 0.0438174
internal_weight=1782 1099 683 532 544 408 271 137 525 504 212 151 125 73
internal_count=1782 1099 683 532 544 408 271 137 525 504 212 151 125 73
is_linear=0
shrinkage=0.05


Tree=17
num_leaves=15
num_cat=0
split_feature=9 93 70 1 73 9 73 83 25 54 77 52 83 93
split_gain=8610.14 2148.22 1431.76 1225.31 1173.38 1044.09 790.731 774.243 669.625 641.702 775.959 692.907 702.406 701.739
threshold=2015.5000000000002 3.5000000000000004 -3.5833333333333326 1.0000000180025095e-35 2990.2500000000005 1.0000000180025095e-35 1719.9500000000003 30.500000000000004 1461.3333333333335 -4.2499999999999991 23.366666666666667 0.022414555074647052 26.500000000000004 8.5000000000000018
decision_type=2 2 2 2 2 2 2 10 2 10 2 10 10 2
left_child=1 6 -3 4 7 -4 8 9 -1 -2 11 -11 13 -13
right_child=3 2 5 -5 -6 -7 -8 -9 -10 10 -12 12 -14 -15
leaf_value=-0.22293554168740198 0.067979953403012203 0.29683630658047544 -0.45456039765301876 0.0060258791368726083 0.38176858255214863 -0.058499636070040932 0.050338994383811952 0.0029576119484312565 -0.5576050501316786 0.34660060840348406 0.27776685342279789 -0.14116875881122218 -0.20115953318097374 0.2249085206538439
leaf_weight=227 109 28 17 151 57 786 25 83 15.999999999999998 24 171 18 22 48
leaf_count=227 109 28 17 151 57 786 25 83 16 24 171 18 22 48
internal_value=-0.00768506 -0.0943279 -0.0546292 0.13173 0.167409 -0.0668845 -0.217424 0.141686 -0.244971 0.17106 0.210762 0.10846 0.0435121 0.125069
internal_weight=1782 1099 831 683 532 803 268 475 243 392 283 112 88 66
internal_count=1782 1099 831 683 532 803 268 475 243 392 283 112 88 66
is_linear=0
shrinkage=0.05


Tree=18
num_leaves=15
num_cat=0
split_feature=9 9 27 86 93 74 70 49 87 89 73 9 21 73
split_gain=7772.89 2500.67 1060.67 1041.62 825.814 1385.62 1218.5 1115.39 928.716 909.329 765.472 732.833 725.077 949.398
threshold=2311.5000000000005 1041.0000000000002 1.0000000180025095e-35 30.000000000000004 10.500000000000002 2.052255112677813 16.562500000000004 1.0324141965315101 15.500000000000002 9.5000000000000018 2306.3333333333335 2974.5000000000005 0.41666666666666669 1691.1250000000002
decision_type=2 2 2 2 2 2 2 8 2 8 2 2 2 2
left_child=1 -1 -2 -4 5 9 8 -7 -6 -3 -8 -5 -11 -14
right_child=2 4 3 11 6 7 10 -9 -10 12 -12 -13 13 -15
leaf_value=-0.15599105908410874 0.56724922815958656 -0.29686259856590858 -0.19590156593106012 0.11768955901170966 0.22692654501194154 -0.032706450259214953 -0.11978557091415598 -0.39700097790423861 -0.13674973760332382 -0.070243219533003873 0.25585664641112088 0.2530658388416544 -0.019211435030703827 0.2007209119520017
leaf_weight=544 14.999999999999998 26 22 356 107 38 89 47 21 160 15.999999999999998 139 118 84
leaf_count=544 15 26 22 356 107 38 89 47 21 160 16 139 118 84
internal_value=-0.00730081 -0.0754261 0.152768 0.140742 -0.0133476 -0.0513015 0.0637004 -0.23414 0.167261 -0.0112467 -0.0625449 0.155704 0.00926711 0.0722456
internal_weight=1782 1250 532 517 706 473 233 85 128 388 105 495 362 202
internal_count=1782 1250 532 517 706 473 233 85 128 388 105 495 362 202
is_linear=0
shrinkage=0.05


Tree=19
num_leaves=15
num_cat=0
split_feature=9 93 70 27 1 9 9 8 79 41 93 77 45 41
split_gain=7027.29 1862.09 1272.59 1081.51 1094.1 921.617 777.439 783.299 1038.42 849.432 737.993 705.634 667.225 879.174
threshold=2015.5000000000002 3.5000000000000004 -3.5833333333333326 1.0000000180025095e-35 1.0000000180025095e-35 1.0000000180025095e-35 2808.5000000000005 6.0508620689655181 0.15476190476190474 1.7248365855987977 4.5000000000000009 20.450000000000003 0.12489155401030146 6.524480450731418
decision_type=2 2 2 2 2 2 2 2 2 10 2 2 10 10
left_child=1 11 -3 -2 6 -4 7 8 -5 -10 -6 -1 13 -12
right_child=3 2 5 4 10 -7 -8 -9 9 -11 12 -13 -14 -15
leaf_value=-0.22347242231612749 0.53888676007588709 0.28310386389493941 -0.42403283119201662 -0.10153133215225606 -0.29281758293509486 -0.051926328568024982 0.22496829559986897 0.18601186155126648 -0.06697110405990056 0.2339994241549096 0.032766059366986157 0.078431723515192675 0.21280358429696108 -0.37549446858465674
leaf_weight=247 14.999999999999998 28 17 83 20 786 188 143 35 71 75 21 37 15.999999999999998
leaf_count=247 15 28 17 83 20 786 188 143 35 71 75 21 37 16
internal_value=-0.00693577 -0.0852105 -0.04825 0.119014 0.109586 -0.0598041 0.143724 0.0977186 0.0309147 0.134622 -0.0103586 -0.199816 0.0337756 -0.039016
internal_weight=1782 1099 831 683 668 803 520 332 189 106 148 268 128 91
internal_count=1782 1099 831 683 668 803 520 332 189 106 148 268 128 91
is_linear=0
shrinkage=0.05


Tree=20
num_leaves=15
num_cat=1
split_feature=9 9 98 93 54 67 10 93 19 51 39 93 1 21
split_gain=6793.96 2184.9 1409.2 971.471 968.828 994.399 900.008 1295.79 1018.56 1019.87 886.957 916.736 870.587 805.24
threshold=2278.5000000000005 678.50000000000011 0 12.500000000000002 1.7500000000000002 6.1882070135746616 3.952486968133599 7.5000000000000009 5.9566770186335409 0.91125817879500948 1.0000000180025095e-35 4.5000000000000009 1.0000000180025095e-35 5.166666666666667
decision_type=2 2 9 2 10 2 2 2 2 8 8 2 2 2
left_child=1 -1 -3 4 6 12 7 -4 -9 -10 11 -2 -6 -12
right_child=10 2 3 -5 5 -7 -8 8 9 -11 13 -13 -14 -15
leaf_value=-0.17240206210539166 -0.10248224111273885 0.12971877626356063 -0.078468638743760533 0.054747637407854204 0.0094243182828932098 -0.38599147987034588 -0.32157893917626806 0.42811118601398035 0.21508285030722618 -0.12937873422744728 0.079730820987698819 0.30062955895892718 -0.27043249399090807 0.2813324587909799
leaf_weight=356 15.999999999999998 117 289 168 66 45 27 22 44 42 378 119 48 57
leaf_count=356 16 117 289 168 66 45 27 22 44 42 378 119 48 57
internal_value=-0.00169125 -0.0680911 -0.0253092 -0.050516 -0.0817157 -0.186971 -0.042245 -0.0232475 0.12452 0.0468574 0.140894 0.252853 -0.10841 0.106148
internal_weight=1794 1224 868 751 583 159 424 397 108 86 570 135 114 435
internal_count=1794 1224 868 751 583 159 424 397 108 86 570 135 114 435
cat_boundaries=0 3
cat_threshold=524800 2147483648 33
is_linear=0
shrinkage=0.05


Tree=21
num_leaves=15
num_cat=0
split_feature=9 9 29 35 87 79 88 69 52 8 43 93 10 97
split_gain=6143.33 1724.92 1161.17 957.382 917.805 904.024 902.575 1058.06 800.779 794.465 762.509 1099.77 720.28 645.647
threshold=1534.0000000000002 2516.5000000000005 3.166666666666667 0.66648732818778478 12.500000000000002 0.41428571428571431 53.000000000000007 1.0000000180025095e-35 1.7010538559406998 5.7416573971078986 1.7926456271808611 6.5000000000000009 0.93873555120080732 1.8450000000000004
decision_type=2 2 2 10 2 2 10 2 10 2 10 2 2 10
left_child=2 4 -1 5 8 -4 7 -3 10 -7 11 -2 -9 -11
right_child=1 6 3 -5 -6 9 -8 12 -10 13 -12 -13 -14 -15
leaf_value=-0.23314445562285485 -0.28068698953699184 0.33578751700619858 -0.11444220698383385 0.21162476542272737 -0.062512783878050829 -0.15632935531840131 -0.032332888963045897 -0.066624672710895547 -0.16026399460705845 0.018422446103283651 0.16163153974141212 0.082239222411147284 0.16980568307141464 0.30772334811588131
leaf_weight=139 27 90 542 28 194 37 54 37 33 54 188 92 249 30
leaf_count=139 27 90 542 28 194 37 54 37 33 54 188 92 249 30
internal_value=-0.00157053 0.0842836 -0.101285 -0.074761 0.0242659 -0.0868557 0.158817 0.18627 0.0737808 0.0367134 0.0989387 -0.00010538 0.139219 0.121744
internal_weight=1794 964 830 691 534 663 430 376 340 121 307 119 286 84
internal_count=1794 964 830 691 534 663 430 376 340 121 307 119 286 84
is_linear=0
shrinkage=0.05


Tree=22
num_leaves=15
num_cat=1
split_feature=13 93 70 93 70 86 98 97 6 76 96 28 3 74
split_gain=5490.28 1527.21 1427.8 1284.29 1204.4 982.462 923.874 830.45 999.839 799.343 777.858 766.309 723.616 695.603
threshold=20.500000000000004 3.5000000000000004 -3.8999999999999995 5.5000000000000009 -23.145833333333332 41.500000000000007 0 1.8250000000000004 14.250000000000002 13.550000000000002 5.5000000000000009 2.8333333333333335 5.8693957115009754 1.0722843899081151
decision_type=2 2 2 2 2 2 9 10 2 2 2 2 2 2
left_child=1 -1 -3 12 -5 7 11 -6 9 -9 -8 -4 -2 -13
right_child=3 2 6 4 5 -7 10 8 -10 -11 -12 13 -14 -15
leaf_value=-0.18356000135952699 -0.012501449251876157 0.36289056961735094 -0.22267167417003828 0.35682899544433672 0.12036709612092147 0.13627662400798343 -0.04918875481466653 -0.2041970361822418 -0.35078721365758353 0.14069409002328204 -0.1861384084324042 0.30527077262338842 -0.36984846442937852 0.021468966089189054
leaf_weight=267 85 21 17 49 78 492 447 28 28 42 135 38 17 50
leaf_count=267 85 21 17 49 78 492 447 28 28 42 135 38 17 50
internal_value=-0.00149201 -0.081659 -0.0432303 0.0939449 0.117561 0.100009 -0.0556445 -0.00137371 -0.0982695 0.00273764 -0.0795879 0.0772897 -0.0720593 0.14402
internal_weight=1794 975 708 819 717 668 687 176 98 70 582 105 102 88
internal_count=1794 975 708 819 717 668 687 176 98 70 582 105 102 88
cat_boundaries=0 3
cat_threshold=16843264 2147483648 33
is_linear=0
shrinkage=0.05


Tree=23
num_leaves=15
num_cat=0
split_feature=29 93 70 25 93 31 95 72 12 56 24 45 42 70
split_gain=5132.51 1728.9 1534.55 961.477 900.313 803.507 716.515 713.997 671.535 799.297 675.41 654.037 788.448 585.906
threshold=16.583333333333339 5.5000000000000009 -24.133928571428566 88.000000000000014 13.500000000000002 0.83333333333333337 149.00000000000003 6.0776733560557092 20.500000000000004 7.2500000000000009 5.8423127798127803 0.11203886598400402 -1.0000000180025095e-35 16.562500000000004
decision_type=2 2 2 2 2 2 2 2 2 10 2 8 10 2
left_child=3 7 -3 -1 5 8 13 11 9 -5 -11 12 -2 -4
right_child=1 2 6 4 -6 -7 -8 -9 -10 10 -12 -13 -14 -15
leaf_value=-0.30535373401183352 0.27991338505827151 0.35508149191737176 0.11747003445010228 -0.11330549612992623 0.087673293628862933 0.10064539490672558 -0.24698746278882028 -0.33196832395118214 -0.23048399422528609 -0.13433556832373142 0.23605962097644806 -0.12704467073910766 -0.070404949577318299 0.019117294570008197
leaf_weight=52 29 56 564 456 70 46 15.999999999999998 23 106 20 32 81 36 207
leaf_count=52 29 56 564 456 70 46 16 23 106 20 32 81 36 207
internal_value=-0.00141741 0.0729251 0.102186 -0.0976253 -0.0828282 -0.100912 0.0841913 -0.0730354 -0.116012 -0.0921262 0.0935999 -0.0322446 0.0858909 0.091064
internal_weight=1794 1012 843 782 730 660 787 169 614 508 52 146 65 771
internal_count=1794 1012 843 782 730 660 787 169 614 508 52 146 65 771
is_linear=0
shrinkage=0.05


Tree=24
num_leaves=15
num_cat=1
split_feature=9 98 25 69 80 86 49 4 93 44 73 88 93 71
split_gain=4700.63 1578.33 1824.11 837.03 735.509 883.21 819.56 926.053 723.276 697.105 685.254 795.823 769.977 1119.23
threshold=2278.5000000000005 0 1659.1666666666667 1.0000000180025095e-35 0.81666666666666676 45.500000000000007 2.3221614350797908 1.0000000180025095e-35 3.5000000000000004 -1.2499999999999998 597.25000000000011 41.500000000000007 10.500000000000002 17.550000000000004
decision_type=2 9 2 2 2 2 10 2 2 8 2 8 2 2
left_child=1 9 10 8 5 -5 7 -7 -2 -1 11 -3 -12 -14
right_child=3 2 -4 4 -6 6 -8 -9 -10 -11 12 -13 13 -15
leaf_value=-0.084464721814278637 -0.087700257947047555 0.11293441276339924 0.021359195781650242 -0.047121548602231465 0.2190274539452923 -0.072079464538795199 -0.20071429512218428 0.19192047608603857 0.28415091609691873 0.11021422098882581 -0.13028565723024019 -0.24656345288274936 0.29198907230581556 -0.07652678751171782
leaf_weight=62 14.999999999999998 17 286 133 85 41 19 175 102 178 412 163 28 78
leaf_count=62 15 17 286 133 85 41 19 175 102 178 412 163 28 78
internal_value=-0.00134654 -0.0565776 -0.0841371 0.117255 0.0864623 0.0558426 0.114116 0.141809 0.236478 0.0575253 -0.128569 -0.212611 -0.099365 0.020817
internal_weight=1794 1224 984 570 453 368 235 216 117 240 698 180 518 106
internal_count=1794 1224 984 570 453 368 235 216 117 240 698 180 518 106
cat_boundaries=0 3
cat_threshold=2164851200 2214592512 49
is_linear=0
shrinkage=0.05


Tree=25
num_leaves=15
num_cat=0
split_feature=93 73 52 48 52 83 88 13 48 49 89 54 73 42
split_gain=4434.87 2273.7 1089.86 1048.58 925.518 747.79 854.341 960.019 823.746 760.951 713.373 704.589 684.617 674.134
threshold=5.5000000000000009 2046.4761904761908 -0.082428524969145586 1254.7500000000002 2.3765581385232513 29.500000000000004 43.500000000000007 7.5000000000000009 -146.49999999999997 0.2742447076967251 4.5000000000000009 -7.7499999999999991 1262.6250000000002 -0.625
decision_type=2 2 10 10 10 8 10 2 8 10 8 10 2 8
left_child=5 3 -3 4 10 6 7 9 -7 -1 -2 -4 -5 -9
right_child=1 2 11 12 -6 8 -8 13 -10 -11 -12 -13 -14 -15
leaf_value=-0.083618974508522279 -0.32946139503927796 0.059050206431016633 -0.073088491530645464 0.48070592395961287 -0.33999584195288746 -0.10263631729917094 -0.27634632491013583 0.15489739477634432 -0.3621198321120781 -0.31741248893996943 -0.001055081274972079 0.22859197632986528 0.093717535678297284 -0.042822881423088974
leaf_weight=143 17 245 21 15.999999999999998 22 66 51 61 57 46 606 247 40 147
leaf_count=143 17 245 21 16 22 66 51 61 57 46 606 247 40 147
internal_value=0.00123324 0.0552838 0.135272 -0.00325269 -0.0212715 -0.113683 -0.0837017 -0.0589539 -0.222885 -0.140521 -0.0100164 0.204953 0.204286 0.0151624
internal_weight=1785 1214 513 701 645 571 448 397 123 189 623 268 56 208
internal_count=1785 1214 513 701 645 571 448 397 123 189 623 268 56 208
is_linear=0
shrinkage=0.05


Tree=26
num_leaves=15
num_cat=0
split_feature=9 93 52 48 52 15 42 88 83 45 88 13 49 44
split_gain=4032.48 1762.5 958.39 954.961 1103.85 738.981 691.154 688.501 656.84 1304.2 679.413 729.675 686.759 648.744
threshold=2403.5000000000005 5.5000000000000009 -0.60225659492425609 1292.2500000000002 1.5313589815050366 1.0000000180025095e-35 -1.1249999999999998 73.000000000000014 29.500000000000004 0.064465036122928768 43.500000000000007 7.5000000000000009 0.2742447076967251 -11.749999999999998
decision_type=2 2 8 10 10 2 10 10 8 8 10 2 10 8
left_child=1 8 6 4 5 13 -2 -4 10 -10 11 12 -1 -3
right_child=2 3 7 -5 -6 -7 -8 -9 9 -11 -12 -13 -14 -15
leaf_value=-0.079438024277349459 0.10910040587186814 0.23649982303194703 0.16101155117493599 0.32117185657439024 -0.23288063862919808 0.12497883784847381 -0.31796865105628969 -0.11439090284208459 0.10268244023124379 -0.31417103427094084 -0.26966803178191184 0.0056268938995422202 -0.30154186506634173 -0.023838017342115665
leaf_weight=143 18 25 417 23 50 117 20 24 24 86 45 188 46 559
leaf_count=143 18 25 417 23 50 117 20 24 24 86 45 188 46 559
internal_value=0.00117157 -0.0443412 0.125263 0.00381458 -0.00590475 0.0102847 -0.115673 0.146024 -0.114402 -0.223221 -0.0860374 -0.0641186 -0.133495 -0.0126934
internal_weight=1785 1306 479 774 751 701 38 441 532 110 422 377 189 584
internal_count=1785 1306 479 774 751 701 38 441 532 110 422 377 189 584
is_linear=0
shrinkage=0.05


Tree=27
num_leaves=15
num_cat=1
split_feature=93 77 52 48 14 8 83 44 71 79 99 89 94 83
split_gain=3647.13 1923.35 907.334 895.726 724.093 901.368 707.882 837.97 708.348 688.602 713.961 679.837 658.261 619.565
threshold=5.5000000000000009 23.30952380952381 -0.082428524969145586 1254.7500000000002 5.5000000000000009 6.0615530303030312 26.500000000000004 -4.7499999999999991 19.928571428571434 0.69047619047619058 0 5.5000000000000009 1.0000000180025095e-35 29.500000000000004
decision_type=2 2 10 10 2 2 8 8 2 2 9 8 2 8
left_child=13 3 4 6 5 -3 7 -2 -8 11 -11 -9 -7 -1
right_child=1 2 -4 -5 -6 12 8 9 -10 10 -12 -13 -14 -15
leaf_value=-0.075808706132478879 0.21383988145662816 -0.1176627241674511 0.18813878258655095 0.18647445002407359 0.16578017014443228 0.31129726693034176 0.039040396625796954 -0.33694996868862825 -0.14628134587497421 0.43649257701985977 -0.021752338724977831 -0.012095663934379962 -0.0064598282560324061 -0.20249802564702382
leaf_weight=448 49 87 265 57 92 28 75 17 165 17 17 306 39 123
leaf_count=448 49 87 265 57 92 28 75 17 165 17 17 306 39 123
internal_value=0.00111299 0.0501287 0.123946 -0.00352779 0.0547948 -0.0115082 -0.0202927 0.0199491 -0.0883683 -0.00666341 0.20737 -0.0291933 0.126334 -0.103099
internal_weight=1785 1214 511 703 246 154 646 406 240 357 34 323 67 571
internal_count=1785 1214 511 703 246 154 646 406 240 357 34 323 67 571
cat_boundaries=0 1
cat_threshold=4
is_linear=0
shrinkage=0.05


Tree=28
num_leaves=15
num_cat=0
split_feature=73 44 9 71 83 93 51 89 83 41 90 47 73 88
split_gain=3378.72 1304.58 989.321 895.829 915.481 879.271 706.716 653.625 678.15 690.849 659.305 774.329 672.068 639.736
threshold=1758.9583333333337 20.500000000000004 2587.5000000000005 23.366666666666667 33.500000000000007 1.5000000000000002 0.094517953908303018 11.500000000000002 26.500000000000004 10.252540020971722 4.5000000000000009 319.10419793977854 971.33333333333337 53.000000000000007
decision_type=2 10 2 2 8 2 8 8 8 10 8 8 2 10
left_child=1 5 3 -2 6 -1 -5 -7 9 10 11 -9 -12 -4
right_child=2 -3 13 4 -6 7 -8 8 -10 -11 12 -13 -14 -15
leaf_value=-0.23570200728350565 0.23168512649301973 0.23824181841952463 0.16605710321112185 0.29545238465880569 -0.25573252333748725 -0.18207623663701511 0.0096712939881279589 -0.12635039286878036 -0.11097516725849675 0.30281458724947541 -0.17695027957910425 0.1011548228452831 -0.016699193464360426 -0.049127735006503574
leaf_weight=76 49 35 302 23 31 95 364 49 249 17 97 158 201 39
leaf_count=76 49 35 302 23 31 95 364 49 249 17 97 158 201 39
internal_value=0.00105734 -0.061501 0.0767003 0.0294232 0.00571303 -0.072638 0.0266557 -0.0583275 -0.0430796 -0.0106927 -0.0212464 0.0473009 -0.0688615 0.141447
internal_weight=1785 977 808 467 418 942 387 866 771 522 505 207 298 341
internal_count=1785 977 808 467 418 942 387 866 771 522 505 207 298 341
is_linear=0
shrinkage=0.05


Tree=29
num_leaves=15
num_cat=0
split_feature=93 73 52 86 47 9 7 73 37 45 25 51 71 71
split_gain=3091.24 1634.28 809.13 749.914 821.391 632.075 840.667 876.954 622.233 617.19 624.493 775.537 721.763 696.628
threshold=5.5000000000000009 2046.4761904761908 -0.082428524969145586 30.000000000000004 975.91603335287903 2834.5000000000005 30.500000000000004 2707.5833333333335 2.4032561733691686 0.022091889412403653 129.66666666666671 0.75980449236641878 20.225000000000005 26.900000000000002
decision_type=2 2 10 2 10 2 2 2 10 8 2 10 2 2
left_child=-1 3 5 -2 9 6 -3 -8 -4 -5 -11 -12 -13 -14
right_child=1 2 8 4 -6 -7 7 -9 -10 10 11 12 13 -15
leaf_value=-0.094937402500906376 -0.28427826694172359 0.091520649886045316 0.21047121503757774 -0.24599140412532369 0.23188213853067474 0.18052849570910137 -0.014386130457457442 -0.38517231060111007 0.014901860952377319 -0.28743754890229972 0.050955500777246934 0.09482388569384205 -0.1908299506555691 0.063143726852205068
leaf_weight=571 23 104 218 26 38 66 52 23 50 18 403 49 108 36
leaf_count=571 23 104 218 26 38 66 52 23 50 18 403 49 108 36
internal_value=0.00100448 0.0461304 0.113945 -0.00349722 0.0060278 0.0482693 -0.000496616 -0.128094 0.173984 -0.00738231 0.00272166 0.0114849 -0.0709331 -0.127337
internal_weight=1785 1214 513 701 678 245 179 75 268 640 614 596 193 144
internal_count=1785 1214 513 701 678 245 179 75 268 640 614 596 193 144
is_linear=0
shrinkage=0.05


Tree=30
num_leaves=15
num_cat=0
split_feature=9 83 88 93 87 76 42 49 95 97 20 79 52 49
split_gain=3106.17 954.149 827.504 707.68 946.885 850.553 1001.59 685.525 833.801 868.298 670.046 622.033 618.259 610.758
threshold=1433.5000000000002 26.500000000000004 75.500000000000014 10.500000000000002 16.500000000000004 35.900000000000006 -3.1249999999999996 0.25819169942976405 7.5000000000000009 1.8950000000000002 3.5833333333333335 0.53571428571428581 -0.13505443767644457 1.2023632354818112
decision_type=2 8 10 2 2 2 10 8 2 10 2 2 10 10
left_child=1 7 3 5 10 -2 -7 8 -1 12 -5 -9 -10 -12
right_child=2 -3 -4 4 -6 6 -8 11 9 -11 13 -13 -14 -15
leaf_value=-0.081191704222666361 0.043414070083129086 -0.1528787631389798 -0.18825263958988769 0.19656219948656284 -0.20854525484822017 -0.45740278331856987 0.079521695291623479 -0.092071176067607979 0.26869025207482855 0.51436789313952136 -0.017929015913099613 0.12419332138489228 -0.059561805240809923 0.14242993510431715
leaf_weight=56 477 264 33 195 22 19 15.999999999999998 328 26 14.999999999999998 106 37 32 135
leaf_count=56 477 264 33 195 22 19 16 328 26 15 106 37 32 135
internal_value=0.000245107 -0.0761417 0.0579731 0.0663499 0.111505 0.0259574 -0.211952 -0.0351325 0.0639438 0.175281 0.127654 -0.0701485 0.0875857 0.0718986
internal_weight=1761 758 1003 970 458 512 35 494 129 73 436 365 58 241
internal_count=1761 758 1003 970 458 512 35 494 129 73 436 365 58 241
is_linear=0
shrinkage=0.05


Tree=31
num_leaves=15
num_cat=0
split_feature=9 83 6 88 9 83 51 49 86 89 31 13 94 95
split_gain=2803.32 861.119 754.191 746.823 669.115 541.294 518.996 649.45 526.603 717.849 492.103 559.439 483.37 888.017
threshold=1433.5000000000002 26.500000000000004 -3.2499999999999996 75.500000000000014 2403.5000000000005 32.500000000000007 0.021639385086223303 0.25819169942976405 77.000000000000014 14.500000000000002 0.58333333333333337 9.5000000000000018 1.0000000180025095e-35 34.500000000000007
decision_type=2 8 2 10 2 8 8 8 2 8 2 2 2 2
left_child=1 2 -1 4 5 12 -4 8 9 -8 -9 -12 -2 -14
right_child=3 -3 6 -5 -6 -7 7 10 -10 -11 11 -13 13 -15
leaf_value=0.24001903186241785 0.10502341154994171 -0.14523482463379023 -0.27896550764208256 -0.17884000937143962 0.10823213413215101 -0.15192074988037349 -0.13426699183489149 -0.086989435919575281 -0.18098669014871122 0.21838611186792456 -0.083467735271704827 0.30551852054066131 -0.076999906199165136 0.093317000903713879
leaf_weight=24 178 264 23 33 444 40 19 315 15.999999999999998 60 19 18 166 142
leaf_count=24 178 264 23 33 444 40 19 315 16 60 19 18 166 142
internal_value=0.000232852 -0.0723346 -0.0333758 0.0550745 0.0630324 0.024879 -0.0473364 -0.0354182 0.0805927 0.133571 -0.0667279 0.105769 0.0394304 0.00152282
internal_weight=1761 758 494 1003 970 526 470 447 95 79 352 37 486 308
internal_count=1761 758 494 1003 970 526 470 447 95 79 352 37 486 308
is_linear=0
shrinkage=0.05


Tree=32
num_leaves=15
num_cat=0
split_feature=9 83 27 93 6 29 88 36 89 88 85 87 89 49
split_gain=2529.99 777.16 711.773 815.847 680.657 583.549 571.33 606.494 549.29 501.689 487.655 567.743 661.96 727.557
threshold=1433.5000000000002 26.500000000000004 1.0000000180025095e-35 4.5000000000000009 -3.2499999999999996 36.583333333333336 75.500000000000014 0.71624460595048867 15.500000000000002 36.500000000000007 1.0000000180025095e-35 3.5000000000000004 14.500000000000002 0.25819169942976405
decision_type=2 8 2 2 2 2 10 10 10 10 2 2 8 8
left_child=1 4 -2 9 -1 6 7 8 -5 -4 11 -6 -13 -14
right_child=2 -3 3 5 10 -7 -8 -9 -10 -11 -12 12 13 -15
leaf_value=0.22801807858049872 0.33358428634025833 -0.13797308341458892 -0.025408751257406229 0.060389407479277492 0.17545402305144253 0.35904445908963684 -0.16788616606167384 0.27875141501426698 -0.18744074339451999 -0.29722451580067477 -0.16374078468508918 -0.2044678627038902 0.13547792669672232 -0.052609324367050597
leaf_weight=24 22 264 58 801 33 15.999999999999998 28 31 23 24 73 53 65 246
leaf_count=24 22 264 58 801 33 16 28 31 23 24 73 53 65 246
internal_value=0.000221209 -0.0687179 0.0523208 0.0460131 -0.0317071 0.0597842 0.0543616 0.0616399 0.0534718 -0.104965 -0.0449696 -0.0231301 -0.0411336 -0.0132985
internal_weight=1761 758 1003 981 494 899 883 855 824 82 470 397 364 311
internal_count=1761 758 1003 981 494 899 883 855 824 82 470 397 364 311
is_linear=0
shrinkage=0.05


Tree=33
num_leaves=15
num_cat=0
split_feature=9 83 29 88 83 6 15 96 16 47 47 51 72 27
split_gain=2283.32 701.387 645.145 656.487 754.114 614.293 530.358 797.793 674.364 514.127 1025.92 494.27 565.127 601.683
threshold=1433.5000000000002 26.500000000000004 28.416666666666668 75.500000000000014 32.500000000000007 -3.2499999999999996 1.0000000180025095e-35 8.5000000000000018 1.0000000180025095e-35 436.01083051587653 293.13780009324336 2.1391112751341965 5.8072814302814306 0.70144776899057149
decision_type=2 8 2 10 8 2 2 2 2 10 10 10 2 2
left_child=1 5 3 4 6 -1 7 9 -8 10 -2 12 13 -11
right_child=2 -3 -4 -5 -6 -7 8 -9 -10 11 -12 -13 -14 -15
leaf_value=0.21661718065539995 0.049471084460882206 -0.13107442893087864 0.10723058339009606 -0.24689209020950575 -0.15784591318165164 -0.042721134673189776 0.083962826468050478 -0.28874903619289399 0.38509650061076339 -0.29208713317057117 -0.18193181148215909 -0.15147035263086622 0.15538915897218081 0.14153227414935829
leaf_weight=24 168 264 328 22 49 470 120 20 22 15.999999999999998 67 19 156 15.999999999999998
leaf_count=24 168 264 328 22 49 470 120 20 22 16 67 19 156 16
internal_value=0.000210149 -0.065282 0.0497047 0.0217514 0.0308022 -0.0301217 0.0461064 0.0201312 0.130617 0.0341077 -0.0165034 0.0915647 0.116127 -0.0752774
internal_weight=1761 758 1003 675 653 494 604 462 142 442 235 207 188 32
internal_count=1761 758 1003 675 653 494 604 462 142 442 235 207 188 32
is_linear=0
shrinkage=0.05


Tree=34
num_leaves=15
num_cat=0
split_feature=9 85 29 83 88 83 87 89 13 45 79 47 8 49
split_gain=2092.77 712.258 692.572 710.099 816.37 619.02 518.849 792.062 829.552 533.186 518.664 498.762 605.503 588.005
threshold=1156.5000000000002 1.0000000180025095e-35 28.416666666666668 33.500000000000007 75.500000000000014 26.500000000000004 7.5000000000000009 15.500000000000002 6.5000000000000009 0.13568782468160467 0.69047619047619058 580.45710995195611 5.9508064516129044 0.88635320402189455
decision_type=2 2 2 8 10 8 2 8 2 10 2 10 2 10
left_child=1 5 3 4 10 6 -1 -8 -9 -10 11 -2 13 -13
right_child=2 -3 -4 -5 -6 -7 7 8 9 -11 -12 12 -14 -15
leaf_value=0.089370808936655527 -0.0071141189844699726 -0.19382947419370924 0.1008343933008634 -0.18520437727371852 -0.26135631198994819 -0.13105508166347973 -0.2504150428968232 -0.10485151656598689 0.036987677135815224 0.32754079706966882 0.16252348277614348 0.057876701885117933 0.15267582633460944 -0.24117903540080246
leaf_weight=92 476 105 329 42 24 161 41 107 75 20 72 65 130 22
leaf_count=92 476 105 329 42 24 161 41 107 75 20 72 65 130 22
internal_value=0.000199641 -0.0755259 0.0394333 0.0151241 0.025788 -0.0504818 -0.0117586 -0.0500462 -0.00937733 0.0981568 0.0347964 0.0215261 0.0843498 -0.0177466
internal_weight=1761 601 1160 831 789 496 335 243 202 95 765 693 217 87
internal_count=1761 601 1160 831 789 496 335 243 202 95 765 693 217 87
is_linear=0
shrinkage=0.05


Tree=35
num_leaves=15
num_cat=2
split_feature=13 98 83 53 77 35 31 96 98 47 97 57 78 36
split_gain=1908.95 744.924 721.373 904.872 681.927 695.674 624.882 622.959 622.898 1017.62 924.981 524.485 818.873 764.889
threshold=18.500000000000004 0 32.500000000000007 0.48570226039551589 14.803571428571431 0.10678837158698172 0.41666666666666669 1.0000000180025095e-35 1 589.22555904928947 1.885 2.4719640003162362 2.2678571428571432 -0.41368595825426929
decision_type=2 9 8 8 2 8 2 2 9 10 8 10 2 8
left_child=1 2 3 -1 -3 -6 -5 -8 10 -10 11 12 13 -2
right_child=8 4 -4 6 5 -7 7 -9 9 -11 -12 -13 -14 -15
leaf_value=0.24945160701419367 0.21483383248834051 -0.16335345346199734 -0.2323119024972658 -0.045929058428806818 0.24923720238730313 -0.071796841974611642 0.37389694016116359 0.022324810389961518 -0.069891797126950442 0.15504986703395846 0.19443340204595549 -0.07110414007342919 0.10044778378732899 -0.16510575744012992
leaf_weight=33 17 252 37 377 20 108 18 42 222 65 123 86 319 60
leaf_count=33 17 252 37 377 20 108 18 42 222 65 123 86 319 60
internal_value=-0.00887814 -0.0608179 -0.0193638 -0.00301184 -0.112652 -0.0216353 -0.0220766 0.127796 0.0427705 -0.0183089 0.0708765 0.0408168 0.0651229 -0.081223
internal_weight=1779 887 507 470 380 128 437 60 892 287 605 482 396 77
internal_count=1779 887 507 470 380 128 437 60 892 287 605 482 396 77
cat_boundaries=0 3 6
cat_threshold=2164326912 2147487752 32 2149057160 16781312 288
is_linear=0
shrinkage=0.05


Tree=36
num_leaves=15
num_cat=1
split_feature=29 93 28 98 3 4 27 93 39 25 73 52 24 54
split_gain=2001.07 832.089 934.094 752.452 658.982 865.404 856.878 700.848 633.14 569.507 689.54 568.885 688.114 562.773
threshold=16.583333333333339 8.5000000000000018 35.833333333333336 0 7.030330882352942 7.5000000000000009 2.7513633058406417 17.500000000000004 1.6663331665265237 1681.1666666666667 2006.2000000000003 1.1872900375165047 6.1569914056473207 5.2500000000000009
decision_type=2 2 2 9 2 2 2 2 10 2 2 10 2 10
left_child=3 2 8 -1 7 -6 -7 9 13 -3 11 12 -11 -2
right_child=1 4 -4 -5 5 6 -8 -9 -10 10 -12 -13 -14 -15
leaf_value=-0.025653256292488838 -0.0022468917270970046 0.26626331342972426 -0.34045972824096682 -0.125781024412532 -0.28841146415472035 -0.30386254787445072 0.10836232085771198 0.27082355150154663 -0.24110494659841064 0.080867116720903492 0.10421616987311351 -0.29669900646335201 -0.29595082998275757 0.2037858819639361
leaf_weight=484 318 38 21 316 25 14.999999999999998 79 56 25 63 268 19 14.999999999999998 37
leaf_count=484 318 38 21 316 25 15 79 56 25 63 268 19 15 37
internal_value=-0.00843423 0.0395024 -0.0158397 -0.0670967 0.0778971 -0.0269546 0.0425818 0.105081 0.00209985 0.0820497 0.0628713 -0.05136 0.00840213 0.0192269
internal_weight=1779 979 401 800 578 119 94 459 380 403 365 97 78 355
internal_count=1779 979 401 800 578 119 94 459 380 403 365 97 78 355
cat_boundaries=0 3
cat_threshold=2147549696 2147487752 524320
is_linear=0
shrinkage=0.05


Tree=37
num_leaves=15
num_cat=1
split_feature=29 93 74 98 44 78 85 27 3 4 27 93 57 45
split_gain=1809.35 750.96 869.968 676.858 720.977 651.32 618.86 600.866 594.731 781.027 773.332 632.516 577.776 669.375
threshold=16.583333333333339 8.5000000000000018 2.1168034991715108 0 -1.2499999999999998 2.7750000000000004 1.0000000180025095e-35 0.083148915631075668 7.030330882352942 7.5000000000000009 2.7513633058406417 17.500000000000004 1.9428090415820636 0.075610117098237908
decision_type=2 2 2 9 8 2 2 2 2 2 2 2 10 10
left_child=3 2 6 4 -1 -6 7 -2 11 -10 -11 -3 13 -9
right_child=1 8 -4 -5 5 -7 -8 12 9 10 -12 -13 -14 -15
leaf_value=-0.22056086815893652 0.27768899053335189 0.077947204830656508 -0.20173605306556933 -0.081899051444776272 0.20236410733667159 -0.077585655522923319 -0.17640497154115065 0.039070979908841563 -0.27399089428596202 -0.28866941690444947 0.1029442039400905 0.25728237434689488 0.12030028054369209 -0.15402551633371434
leaf_weight=20 24 403 54 686 63 31 38 122 25 14.999999999999998 79 56 92 71
leaf_count=20 24 403 54 686 63 31 38 122 25 15 79 56 92 71
internal_value=-0.00805508 0.0375273 -0.0150477 -0.0638365 0.0478433 0.11004 0.0140047 0.0374207 0.0740023 -0.0256069 0.0404527 0.0998269 0.0171876 -0.0319645
internal_weight=1779 979 401 800 114 94 347 309 578 119 94 459 285 193
internal_count=1779 979 401 800 114 94 347 309 578 119 94 459 285 193
cat_boundaries=0 3
cat_threshold=2147549696 2147483648 32
is_linear=0
shrinkage=0.05


Tree=38
num_leaves=15
num_cat=0
split_feature=29 93 28 85 9 53 49 27 57 76 74 90 54 52
split_gain=1634.67 677.742 796.405 682.281 665.607 667.166 593.677 655.406 588.571 576.249 575.164 897.742 675.522 651.138
threshold=16.583333333333339 8.5000000000000018 35.833333333333336 1.0000000180025095e-35 321.50000000000006 1.1236095644623239 0.85849703282762213 1.4149091022554787 1.0000000180025095e-35 14.366666666666669 6.516648387225966 18.500000000000004 -4.2499999999999991 -0.27989749051630491
decision_type=2 2 2 2 2 8 10 2 10 2 2 10 10 8
left_child=4 2 3 6 8 -6 -2 -8 -1 -5 13 12 -12 -3
right_child=1 10 -4 9 5 -7 7 -9 -10 -11 11 -13 -14 -15
leaf_value=-0.079073221019460169 0.052841161030802331 -0.019725316147441451 -0.3140368827751705 -0.30222315836337305 0.1002964613693101 -0.056656819367582073 0.035396714508533482 -0.36549665041660012 -0.27712668902793175 0.060011953005895895 -0.33742798248926803 0.077926098421383441 0.032318938346136188 0.12993669761829293
leaf_weight=103 291 92 21 31 77 561 22 19 59 17 30 89 21 346
leaf_count=103 291 92 21 31 77 561 22 19 59 17 30 89 21 346
internal_value=-0.00767534 0.0356509 -0.0142953 0.00226935 -0.0606958 -0.0377142 0.0277442 -0.150383 -0.151204 -0.173932 0.0703022 -0.0179194 -0.185179 0.0985008
internal_weight=1779 979 401 380 800 638 332 41 162 48 578 140 51 438
internal_count=1779 979 401 380 800 638 332 41 162 48 578 140 51 438
is_linear=0
shrinkage=0.05


Tree=39
num_leaves=15
num_cat=1
split_feature=29 98 93 74 88 64 31 24 12 56 46 3 22 97
split_gain=1475.29 655.011 611.662 719.505 546.794 541.727 510.934 628.456 718.707 602.203 739.177 643.855 657.441 507.876
threshold=16.583333333333339 0 8.5000000000000018 2.1168034991715108 64.000000000000014 -1.0000000180025095e-35 0.41666666666666669 5.6672619047619053 12.500000000000002 2.2500000000000004 -0.055121527777777644 5.7639318885448931 1.4166666666666667 1.8750000000000002
decision_type=2 9 2 2 10 8 2 2 2 8 10 2 2 10
left_child=1 6 3 4 -2 -4 7 -1 9 -9 11 -11 -13 -8
right_child=2 -3 5 -5 -6 -7 13 8 -10 10 -12 12 -14 -15
leaf_value=-0.19203307587524943 0.026639814100304221 -0.11234381157659178 -0.11073702370747925 -0.18335906417557488 -0.27263675743379284 0.079985869508305885 0.02961486486925019 -0.0493741853819007 -0.10643127456031465 -0.12094309329986573 0.33427268369444491 0.24633150965991346 -0.12794077787548305 0.35759514756500721
leaf_weight=58 331 316 40 54 15.999999999999998 538 45 105 135 36 29 44 15.999999999999998 15.999999999999998
leaf_count=58 331 316 40 54 16 538 45 105 135 36 29 44 16 16
internal_value=-0.00729158 -0.057661 0.0338684 -0.0135805 0.0128403 0.0667871 -0.0192404 -0.0391464 -0.0148521 0.0389009 0.113052 0.0462248 0.146526 0.115642
internal_weight=1779 800 979 401 347 578 484 423 365 230 125 96 60 61
internal_count=1779 800 979 401 347 578 484 423 365 230 125 96 60 61
cat_boundaries=0 3
cat_threshold=2147549696 2147487752 524320
is_linear=0
shrinkage=0.05


Tree=40
num_leaves=15
num_cat=1
split_feature=93 87 98 67 79 67 53 37 14 10 88 6 24 44
split_gain=1545.91 732.118 802.96 708.736 624.221 812.533 550.515 521.888 483.97 492.755 469.893 585.422 675.766 515.937
threshold=5.5000000000000009 18.500000000000004 0 5.4642491645781135 0.69047619047619058 5.6253496503496514 13.457742695021233 2.4719640003162362 1.0000000180025095e-35 2.059153083711863 40.500000000000007 -5.7499999999999991 6.1266865079365092 9.2500000000000018
decision_type=2 2 9 2 2 2 10 10 2 2 10 2 2 8
left_child=8 2 6 -4 5 -5 -2 -8 -1 10 11 -10 -13 -12
right_child=1 -3 3 4 -6 -7 7 -9 9 -11 13 12 -14 -15
leaf_value=-0.15021465815701038 -0.082509786582000921 -0.22103045767705357 0.21124240478101586 -0.3316587734222412 0.18015818211804085 0.039794179340502334 0.32114836871623997 -0.041880494148724461 0.28966258464497513 -0.2382791349804029 -0.061020473740538775 -0.0043598650848066592 -0.33704153103753925 -0.36237640261650084
leaf_weight=134 191 28 70 14.999999999999998 79 795 18 22 15.999999999999998 30 49 332 15.999999999999998 20
leaf_count=134 191 28 70 15 79 795 18 22 16 30 49 332 16 20
internal_value=-0.000621584 0.0316848 0.037631 0.0574623 0.046 0.0329154 -0.0452285 0.121482 -0.066533 -0.0423141 -0.0287369 -0.00605917 -0.0196556 -0.14837
internal_weight=1815 1218 1190 959 889 810 231 40 597 463 433 364 348 69
internal_count=1815 1218 1190 959 889 810 231 40 597 463 433 364 348 69
cat_boundaries=0 3
cat_threshold=5308417 142606348 530945
is_linear=0
shrinkage=0.05


Tree=41
num_leaves=15
num_cat=1
split_feature=93 86 98 70 35 79 9 26 72 71 76 11 93 12
split_gain=1395.19 935.743 755.569 792.556 537.127 624.071 525.915 521.977 514.66 572.216 643.592 849.893 672.549 587.52
threshold=5.5000000000000009 30.000000000000004 0 -25.208333333333332 0.55643293717421971 0.69047619047619058 81.500000000000014 0.64218466278786479 5.6744360902255648 17.550000000000004 5.0714285714285721 0.55940041039139043 12.500000000000002 2.5000000000000004
decision_type=2 2 9 2 10 2 2 2 2 2 2 2 2 2
left_child=6 -2 -3 -4 5 8 -1 -7 -5 10 -10 -12 -13 -11
right_child=1 2 3 4 -6 7 -8 -9 9 13 11 12 -14 -15
leaf_value=-0.24319905772020944 -0.23251891766082156 -0.042967078886555196 0.25110815798491243 -0.2587917950935662 0.1839425731788982 -0.097254487276077273 -0.050970721721302639 0.22996440723108558 0.27176579385995864 -0.23971475142499676 -0.21743167910886851 0.029405115685752922 0.4173849605023861 0.017822198964492886
leaf_weight=38 33 231 50 15.999999999999998 66 14.999999999999998 559 65 47 23 23 37 15.999999999999998 596
leaf_count=38 33 231 50 16 66 15 559 65 47 23 23 37 16 596
internal_value=-0.000590505 0.0301005 0.037414 0.056733 0.0466097 0.0357936 -0.0632064 0.168611 0.0217759 0.0278259 0.126327 0.0363845 0.146531 0.00825297
internal_weight=1815 1218 1185 954 904 838 597 80 758 742 123 76 53 619
internal_count=1815 1218 1185 954 904 838 597 80 758 742 123 76 53 619
cat_boundaries=0 3
cat_threshold=5308417 142606348 530945
is_linear=0
shrinkage=0.05


Tree=42
num_leaves=15
num_cat=0
split_feature=93 86 69 9 8 7 49 2 26 47 26 44 15 55
split_gain=1258.65 844.389 691.986 784.389 484.538 690.101 632.068 844.255 748.861 716.671 645.829 791.14 758.161 699.902
threshold=5.5000000000000009 30.000000000000004 1.0000000180025095e-35 200.50000000000003 6.1017241379310354 18.500000000000004 0.85351434568828222 2.5000000000000004 10.528244305867704 182.17839656409848 1.9768010836560281 -2.2499999999999996 1.0000000180025095e-35 5.5288886667555124
decision_type=2 2 2 2 2 2 8 2 2 10 2 8 2 8
left_child=-1 -2 -3 -4 6 -6 7 -5 10 -9 13 -12 -13 -8
right_child=1 2 3 4 5 -7 8 9 -10 -11 11 12 -14 -15
leaf_value=-0.060046042563439345 -0.22089297130252375 0.11359272560991314 -0.28538114683968679 0.16173423765641121 -0.11977366020039815 0.09938027388448345 -0.23983192907439338 -0.19916845696364963 0.29497778077920278 0.041033475685981105 0.029601492439255573 -0.23079823314901293 0.061793447755001209 0.10606024311139034
leaf_weight=597 33 229 21 108 41 290 18 41 14.999999999999998 128 66 123 27 78
leaf_count=597 33 229 21 108 41 290 18 41 15 128 66 123 27 78
internal_value=-0.000572816 0.0285779 0.0355251 0.0168249 0.0236124 0.0722343 -0.0030331 0.0525403 -0.0501091 -0.0172404 -0.0666998 -0.114658 -0.178132 0.0412055
internal_weight=1815 1218 1185 956 935 331 604 277 327 169 312 216 150 96
internal_count=1815 1218 1185 956 935 331 604 277 327 169 312 216 150 96
is_linear=0
shrinkage=0.05


Tree=43
num_leaves=15
num_cat=0
split_feature=73 96 51 12 70 41 8 96 6 25 11 52 49 48
split_gain=1080.08 713.428 828.352 650.184 860.911 787.44 552.351 520.62 507.843 474.194 501.363 446.899 490.184 535.975
threshold=582.75000000000011 2.5000000000000004 0.18532282854245238 72.500000000000014 17.050000000000004 10.252540020971722 5.7788888888888899 4.5000000000000009 -39.249999999999993 2949.916666666667 5.0186619511805484 0.47947040572762489 0.13089374549254024 -1076.9999999999998
decision_type=2 2 8 2 2 10 2 2 2 2 2 10 8 8
left_child=7 2 -2 4 9 -6 -3 -1 -8 10 11 12 -4 -14
right_child=1 6 3 -5 5 -7 8 -9 -10 -11 -12 -13 13 -15
leaf_value=-0.084258968878247964 0.15787403588655635 -0.097921227536090977 -0.17773820202092869 0.15806774814860733 -0.26577427458702302 0.13822205252945424 -0.28552700360616051 -0.36593927128447429 0.0089528707658213524 0.17467462870539452 -0.22178299494765025 0.10881677860542474 0.27964046775466866 -0.0016240629468126167
leaf_weight=185 138 178 37 79 49 15.999999999999998 14.999999999999998 18 611 49 22 113 18 287
leaf_count=185 138 178 37 79 49 16 15 18 611 49 22 113 18 287
internal_value=-0.000544175 0.0131434 0.046324 0.0233481 0.00533985 -0.166329 -0.0202023 -0.109236 0.00189664 0.0265537 0.0113379 0.0226097 -0.00587395 0.0149752
internal_weight=1815 1612 808 670 591 65 804 203 626 526 477 455 342 305
internal_count=1815 1612 808 670 591 65 804 203 626 526 477 455 342 305
is_linear=0
shrinkage=0.05


Tree=44
num_leaves=15
num_cat=1
split_feature=93 86 98 70 53 41 79 35 72 71 12 9 91 93
split_gain=1073.53 754.406 664.998 670.406 477.051 540.298 460.096 538.973 472.695 517.222 617.654 513.048 786.723 667.169
threshold=5.5000000000000009 30.000000000000004 0 -24.133928571428566 13.457742695021233 8.5122372841814755 0.69047619047619058 0.55643293717421971 5.6744360902255648 17.550000000000004 2.5000000000000004 2610.5000000000005 6.5000000000000009 12.500000000000002
decision_type=2 2 9 2 10 10 2 10 2 2 2 2 10 2
left_child=-1 -2 4 -4 -3 -6 7 8 -5 -10 -11 12 -12 -14
right_child=1 2 3 6 5 -7 -8 -9 9 10 11 -13 13 -15
leaf_value=-0.055442701484672598 -0.2093992348873254 -0.077054598541315938 0.22621965679125144 -0.25038666930049658 0.32658471465110783 -0.045145956325628192 0.15527654820018344 0.16853170201182366 0.11792822110095645 -0.26086875739551724 0.13624579539181481 0.085837243330878263 -0.10901824985265107 0.030600401869704648
leaf_weight=597 33 191 52 15.999999999999998 17 23 81 65 123 21 71 179 191 155
leaf_count=597 33 191 52 16 17 23 81 65 123 21 71 179 191 155
internal_value=-0.000516967 0.0264048 0.0329715 0.0511152 -0.0423396 0.11284 0.0415871 0.0303705 0.0184916 0.0243052 0.00564125 0.0150317 -0.015362 -0.0464723
internal_weight=1815 1218 1185 954 231 40 902 821 756 740 617 596 417 346
internal_count=1815 1218 1185 954 231 40 902 821 756 740 617 596 417 346
cat_boundaries=0 3
cat_threshold=5308417 142606348 530945
is_linear=0
shrinkage=0.05


Tree=45
num_leaves=15
num_cat=1
split_feature=9 98 3 25 90 1 87 11 87 46 96 78 29 25
split_gain=1048.46 494.654 566.018 549.738 479.253 448.846 901.757 457.035 801.717 437.462 430.353 419.287 510.127 585.601
threshold=1041.0000000000002 0 7.2939814814814827 2974.8333333333335 16.500000000000004 1.0000000180025095e-35 8.5000000000000018 0.04381174966692921 3.5000000000000004 0.034327192415427553 1.0000000180025095e-35 8.0833333333333339 19.166666666666668 1561.2500000000002
decision_type=2 9 2 2 10 2 2 2 2 10 2 2 2 2
left_child=5 2 4 -3 11 7 9 -1 -9 -7 -8 12 13 -2
right_child=1 3 -4 -5 -6 6 10 8 -10 -11 -12 -13 -14 -15
leaf_value=-0.16491118421585396 0.10287957134346166 0.0020072280383174245 -0.12230235130659171 0.13394754247033391 0.29550726488814688 0.072902723153432214 0.11923186252217577 -0.23561323468469914 -0.0023469198898875658 0.34292200520634653 -0.12086191087810681 0.33587920516729358 0.013238296992536905 0.44332063347101214
leaf_weight=116 60 853 28 87 32 60 23 45 203 20 99 15.999999999999998 138 15.999999999999998
leaf_count=116 60 853 28 87 32 60 23 45 203 20 99 16 138 16
internal_value=0.00649505 0.0324099 0.0883287 0.0140691 0.11421 -0.0498218 0.00994855 -0.082991 -0.0446735 0.140408 -0.0755983 0.0889863 0.0705271 0.174551
internal_weight=1796 1230 290 940 262 566 202 364 248 80 122 230 214 76
internal_count=1796 1230 290 940 262 566 202 364 248 80 122 230 214 76
cat_boundaries=0 3
cat_threshold=1572872 2164260872 4131
is_linear=0
shrinkage=0.05


Tree=46
num_leaves=15
num_cat=0
split_feature=93 19 19 86 9 22 73 22 93 76 53 23 45 15
split_gain=966.416 633.924 607.629 595.95 577.335 533.502 846.337 649.157 701.095 561.443 619.758 523.091 521.642 630.902
threshold=3.5000000000000004 5.5211363636363648 5.6277173913043486 30.000000000000004 2808.5000000000005 0.79166666666666685 669.83333333333337 -1.9166666666666663 7.5000000000000009 11.535714285714286 10.640581604551672 12.833333333333334 0.13297174116149904 1.0000000180025095e-35
decision_type=2 2 2 2 2 2 2 2 2 2 8 2 8 2
left_child=-1 -2 -3 -4 5 7 -7 8 -5 11 -11 -9 -8 -14
right_child=1 2 3 4 -6 6 12 9 -10 10 -12 -13 13 -15
leaf_value=-0.079535915774440649 0.12926190666381329 -0.17514379159325646 -0.17214208785444499 -0.19467432724720823 0.10436667033079033 -0.19515899632864731 -0.036743013118157343 0.18293646497518889 0.20482394417126973 0.33813916396263033 0.020978973774860302 -0.00028174869657959789 0.016358497559426224 0.19161463421018377
leaf_weight=278 126 42 40 41 190 58 394 56 14.999999999999998 43 24 128 299 62
leaf_count=278 126 42 40 41 190 58 394 56 15 43 24 128 299 62
internal_value=0.0061703 0.0218662 0.012145 0.0179718 0.0237768 0.0101053 -0.0111005 0.0662624 -0.0876659 0.100605 0.22453 0.0554803 0.00303914 0.0464579
internal_weight=1796 1518 1392 1350 1310 1120 813 307 56 251 67 184 755 361
internal_count=1796 1518 1392 1350 1310 1120 813 307 56 251 67 184 755 361
is_linear=0
shrinkage=0.05


Tree=47
num_leaves=15
num_cat=1
split_feature=9 89 98 8 96 83 8 55 74 32 42 37 45 85
split_gain=878.581 456.64 552.565 734.12 594.681 592.298 532.707 467.598 458.429 610.124 538.93 443.201 443.143 498.024
threshold=1041.0000000000002 4.5000000000000009 0 6.1300322061191634 8.5000000000000018 29.500000000000004 6.3114224137931041 0.87965281125489481 3.2488213288597767 1.1666666666666667 -3.6249999999999996 1.3307163456488713 0.037636518339722057 1.0000000180025095e-35
decision_type=2 8 9 2 2 8 2 10 2 2 10 10 8 2
left_child=12 -2 6 4 8 -5 -3 -7 10 -10 11 -4 -1 -14
right_child=1 2 3 5 -6 7 -8 -9 9 -11 -12 -13 13 -15
leaf_value=0.11694133379914536 -0.11258654012172312 0.10864406370433088 0.063767282007371681 0.14383892131521467 -0.22934697354512831 0.1860964164922112 -0.11875845119357109 -0.10161955605853688 -0.13918116251964158 0.12298405244946481 -0.021214740972627294 0.32157148138472907 -0.036113004972523254 -0.16703556174861975
leaf_weight=39 54 321 136 157 31 19 28 55 107 28 275 19 440 87
leaf_count=39 54 321 136 157 31 19 28 55 107 28 275 19 440 87
internal_value=0.00586178 0.0295844 0.0361127 0.0130454 -0.0161249 0.0888722 0.0878816 -0.0277465 -0.00442598 -0.0848062 0.0208097 0.0953691 -0.045691 -0.0577264
internal_weight=1796 1230 1176 827 596 231 349 74 565 135 430 155 566 527
internal_count=1796 1230 1176 827 596 231 349 74 565 135 430 155 566 527
cat_boundaries=0 3
cat_threshold=1573385 2164260872 4131
is_linear=0
shrinkage=0.05


Tree=48
num_leaves=15
num_cat=0
split_feature=93 19 19 75 10 87 9 96 22 27 22 36 36 31
split_gain=830.637 557.831 548.386 516.159 506.189 488.294 527.484 512.401 497.816 685.103 653.781 526.002 881.159 532.138
threshold=3.5000000000000004 5.5211363636363648 5.6277173913043486 0.76973340990177064 0.40563985239714384 18.500000000000004 2808.5000000000005 11.500000000000002 0.79166666666666685 0.33472661953419452 -1.9166666666666663 -0.35050505050505038 -0.26113445378151251 0.58333333333333337
decision_type=2 2 2 2 2 2 2 2 2 2 2 8 8 2
left_child=4 -2 3 -3 -1 6 7 8 10 -10 -4 -11 -13 -14
right_child=1 2 5 -5 -6 -7 -8 -9 9 11 -12 12 13 -15
leaf_value=-0.11866393451979432 0.12086441764046277 -0.036275961001714069 -0.087423012245978635 -0.40208872516949978 0.027776367274277354 -0.16513630464259121 0.098329667363764417 -0.28182573179403941 -0.17075851192077002 0.10801940351584048 0.10172563599452618 -0.24575000253358953 -0.015132572778749381 0.12806938466288753
leaf_weight=193 126 27 56 14.999999999999998 85 36 191 14.999999999999998 60 106 248 38 526 74
leaf_count=193 126 27 56 15 85 36 191 15 60 106 248 38 526 74
internal_value=0.0055687 0.0201202 0.0110012 -0.166923 -0.073889 0.0165366 0.0215139 0.00844909 0.0123788 -0.00822954 0.0668825 0.00487763 -0.0122588 0.002529
internal_weight=1796 1518 1392 42 278 1350 1314 1123 1108 804 304 744 638 600
internal_count=1796 1518 1392 42 278 1350 1314 1123 1108 804 304 744 638 600
is_linear=0
shrinkage=0.05


Tree=49
num_leaves=15
num_cat=1
split_feature=9 98 96 53 88 88 36 57 75 77 45 25 46 56
split_gain=758.877 587.49 542.922 615.023 506.441 474.282 456.004 676.635 638.821 534.577 523.988 511.358 438.464 420.152
threshold=750.00000000000011 0 8.5000000000000018 6.5743120962686392 41.500000000000007 78.500000000000014 -0.38668246168246173 1.0000000180025095e-35 0.0094015748240053026 6.9000000000000012 0.045372200263504608 1719.1666666666667 0.031103226773855054 -4.7499999999999991
decision_type=2 9 2 8 8 10 8 8 2 2 8 2 8 10
left_child=1 13 5 -4 -3 6 -2 11 -9 -10 -11 12 -8 -1
right_child=2 4 3 -5 -6 -7 7 8 9 10 -12 -13 -14 -15
leaf_value=0.048486383808413885 0.13111783753132875 0.15393537254383169 -0.20505447349739525 0.060588453186524886 -0.149285804215608 -0.16878641802689126 -0.45857694819569589 0.24918446944040409 -0.26737357805172607 0.11936568301171065 0.018607830578196698 -0.0012062987967117415 -0.082296245296796147 -0.098533070989897553
leaf_weight=154 114 14.999999999999998 53 37 168 29 15.999999999999998 34 14.999999999999998 151 887 37 15.000000000000002 71
leaf_count=154 114 15 53 37 168 29 16 34 15 151 887 37 15 71
internal_value=0.00529026 -0.0546567 0.0229116 -0.0958457 -0.117984 0.0311459 0.0357149 0.0262985 0.0358703 0.0289827 0.0332653 -0.12671 -0.276506 0.00200449
internal_weight=1796 408 1388 90 183 1298 1269 1155 1087 1053 1038 68 31 225
internal_count=1796 408 1388 90 183 1298 1269 1155 1087 1053 1038 68 31 225
cat_boundaries=0 3
cat_threshold=2147483648 2147487744 544
is_linear=0
shrinkage=0.05


Tree=50
num_leaves=15
num_cat=2
split_feature=98 93 98 49 10 47 30 83 70 10 70 23 19 67
split_gain=618.828 584.733 629.642 525.774 463.164 453.729 584.869 446.777 442.535 941.967 636.02 440.044 439.239 600.562
threshold=0 5.5000000000000009 1 2.1683331661350898 1.1584618994966152 445.13909509937082 1.5833333333333337 26.500000000000004 16.562500000000004 8.4976821416057664 13.91666666666667 22.833333333333339 5.4509746588693959 5.5921775009410881
decision_type=9 2 9 10 2 10 2 10 2 2 2 2 2 2
left_child=3 4 5 -1 12 6 -3 -7 10 11 -4 -10 -2 -14
right_child=1 2 8 -5 -6 7 -8 -9 9 -11 -12 -13 13 -15
leaf_value=0.07207119278924759 -0.15506531951872454 0.11124576457077638 0.028218692165808724 -0.13696797625585036 -0.18252297967646114 0.17229697416722775 -0.22174276417493821 -0.14053743761919796 0.021317048200095695 0.082537108103574175 0.25697691564564595 -0.22920773003536921 0.13643736994037262 -0.048642486040096557
leaf_weight=340 73 15.999999999999998 602 33 71 25 75 21 24 71 32 65 52 279
leaf_count=340 73 16 602 33 71 25 75 21 24 71 32 65 52 279
internal_value=-0.00426174 -0.0194674 0.00342591 0.0521782 -0.0647482 -0.0918003 -0.163195 0.0294813 0.0207514 -0.0532922 0.0397648 -0.16165 -0.0440502 -0.0195665
internal_weight=1779 1406 931 373 475 137 91 46 794 160 634 89 404 331
internal_count=1779 1406 931 373 475 137 91 46 794 160 634 89 404 331
cat_boundaries=0 3 6
cat_threshold=2148007944 2231369728 67617 4194307 134217740 524800
is_linear=0
shrinkage=0.05


Tree=51
num_leaves=15
num_cat=1
split_feature=78 96 73 42 26 83 48 93 71 52 39 44 9 0
split_gain=566.662 610.149 593.2 569.953 481.42 431.636 415.69 395.708 396.722 395.625 611.81 479.45 413.812 415.367
threshold=6.2250000000000005 11.500000000000002 2253.9000000000005 8.3750000000000018 3.4265630063988897 30.500000000000004 1292.2500000000002 7.5000000000000009 22.900000000000002 1.6501787956804039 2.0274023338281633 10.750000000000002 91.500000000000014 0
decision_type=2 2 2 10 2 10 10 2 2 10 10 10 2 1
left_child=1 3 4 9 7 -4 -5 8 -2 12 11 -11 -1 -14
right_child=2 -3 5 6 -6 -7 -8 -9 -10 10 -12 -13 13 -15
leaf_value=-0.13411583765477375 0.11230678852824938 -0.30479614802946653 0.16579511705194674 0.043658892476120065 -0.24283948732939151 -0.057963021214191737 0.26981074540660932 0.19043049895763398 -0.17305095247153579 -0.36968064793833982 0.12121321452817511 -0.062538513168692592 -0.064521975609762916 0.0062402443649562621
leaf_weight=69 21 18 126 93 21 26 26 25 29 27 17 24 251 1006
leaf_count=69 21 18 126 93 21 26 26 25 29 27 17 24 251 1006
internal_value=-0.00404865 -0.0154061 0.0660655 -0.0119633 -0.0312386 0.127521 0.0930702 0.0280097 -0.0532007 -0.0209296 -0.138554 -0.225143 -0.0148975 -0.00835334
internal_weight=1779 1531 248 1513 96 152 119 75 50 1394 68 51 1326 1257
internal_count=1779 1531 248 1513 96 152 119 75 50 1394 68 51 1326 1257
cat_boundaries=0 1
cat_threshold=1
is_linear=0
shrinkage=0.05


Tree=52
num_leaves=15
num_cat=2
split_feature=98 78 98 35 79 10 26 93 78 23 44 6 9 41
split_gain=548.193 528.302 515.395 874.163 570.455 535.936 845.865 745.992 516.891 639.423 554.502 1289.51 519.355 490.734
threshold=0 6.2250000000000005 1 0.26828186924540809 0.90000000000000013 9.2825988722033816 4.3408159262035051 8.5000000000000018 1.2250000000000003 17.833333333333339 0.75000000000000011 8.7500000000000018 2880.5000000000005 1.0137011669140816
decision_type=9 2 9 10 2 2 2 2 2 2 8 2 2 8
left_child=-1 2 4 13 5 6 7 -2 -9 -10 -11 12 -12 -4
right_child=1 -3 3 -5 -6 -7 -8 8 9 10 11 -13 -14 -15
leaf_value=0.049256584244262304 -0.042536357432181225 0.058763541569472492 -0.32455795325081926 0.049589557756393496 0.16396136710627213 0.14890532252689204 -0.16354537723346219 -0.10857283816193089 0.35916589012538847 0.17878612354397774 -0.29714363431558016 0.22958867682609707 0.044836423589902766 -0.10607884155701748
leaf_weight=373 476 192 29 91 45 45 101 33 22 65 32 32 17 226
leaf_count=373 476 192 29 91 45 45 101 33 22 65 32 32 17 226
internal_value=-0.0038626 -0.0181757 -0.0304938 -0.0811049 -0.009278 -0.0188631 -0.0285669 -0.00842984 0.0723398 0.107876 0.0700107 -0.0172783 -0.178497 -0.130925
internal_weight=1779 1406 1214 346 868 823 778 677 201 168 146 81 49 255
internal_count=1779 1406 1214 346 868 823 778 677 201 168 146 81 49 255
cat_boundaries=0 3 6
cat_threshold=2148007944 2231369728 67617 66304 4116 4736
is_linear=0
shrinkage=0.05


Tree=53
num_leaves=15
num_cat=1
split_feature=98 35 30 86 35 45 42 35 96 58 38 59 75 20
split_gain=498.9 771.856 608.076 531.232 517.096 480.326 757.783 573.815 492.678 470.911 465.274 451.144 384.479 402.709
threshold=0 0.23397874523293991 6.416666666666667 36.500000000000007 0.1970030277479142 0.060272748241263906 8.3750000000000018 0.022813216195569152 8.5000000000000018 -2.7499999999999996 3.7500000000000004 0.48570226039551589 0.42767728151132672 1.0000000180025095e-35
decision_type=9 10 2 2 10 10 10 8 2 8 10 10 2 2
left_child=5 2 4 -3 9 7 8 -1 -7 -2 -8 -9 -11 -14
right_child=1 3 -4 -5 -6 6 10 11 -10 12 -12 -13 13 -15
leaf_value=0.26823317210988273 0.12675794035196306 0.32933628082275396 0.068699444176591171 0.014434262198954821 -0.40819537480672202 -0.017833309158422919 0.24750676527619364 0.049643554536645151 -0.17641811328676513 -0.04422582159326835 0.0025463382816976973 -0.12124672872679575 -0.31407078191255916 -0.12516598019968062
leaf_weight=28 20 14.999999999999998 49 125 14.999999999999998 645 42 480 53 88 36 42 39 102
leaf_count=28 20 15 49 125 15 645 42 480 53 88 36 42 39 102
internal_value=-0.00365562 -0.0483472 -0.0930641 0.0481738 -0.123088 0.0118873 -0.0133579 0.0477219 -0.0298748 -0.105913 0.134448 0.0358938 -0.126234 -0.177416
internal_weight=1779 453 313 140 264 1326 776 550 698 249 78 522 229 141
internal_count=1779 453 313 140 264 1326 776 550 698 249 78 522 229 141
cat_boundaries=0 3
cat_threshold=2148073992 2231373828 72353
is_linear=0
shrinkage=0.05


Tree=54
num_leaves=15
num_cat=1
split_feature=98 93 19 45 23 67 93 70 93 49 25 48 73 77
split_gain=482.512 477.261 535.825 578.06 734.058 560.689 486.057 948.686 601.157 464.569 453.143 695.644 478.699 435.189
threshold=0 5.5000000000000009 5.9169714385231638 0.10243970275225692 35.166666666666679 5.8227808429215093 9.5000000000000018 17.050000000000004 7.5000000000000009 2.1683331661350898 1744.166666666667 97.750000000000014 955.50000000000011 22.550000000000004
decision_type=9 2 2 10 2 2 2 2 2 10 2 8 2 2
left_child=9 -2 5 4 6 -3 8 10 -4 -1 12 -12 -8 -13
right_child=1 2 3 -5 -6 -7 7 -9 -10 -11 11 13 -14 -15
leaf_value=0.064987784402225829 -0.057806327539054972 0.021527817271845908 -0.033459972449834799 0.034357392062040769 0.23912827163934708 0.19993830618839112 -0.041210118584010913 -0.16547867409241054 -0.23429640199483176 -0.13150785980802593 0.12506619462743404 -0.35162464500301416 0.24027036609636113 -0.040644465784231823
leaf_weight=340 475 152 69 311 20 62 23 81 81 33 40 18 44 30
leaf_count=340 475 152 69 311 20 62 23 81 81 33 40 18 44 30
internal_value=-0.00347284 -0.0169027 0.00378489 -0.0169382 -0.0562311 0.0732168 -0.0715347 -0.0268036 -0.141912 0.0463605 0.0456654 -0.028931 0.143643 -0.157262
internal_weight=1779 1406 931 717 406 214 386 236 150 373 155 88 67 48
internal_count=1779 1406 931 717 406 214 386 236 150 373 155 88 67 48
cat_boundaries=0 3
cat_threshold=2148007944 2231369728 67617
is_linear=0
shrinkage=0.05


Tree=55
num_leaves=15
num_cat=1
split_feature=41 98 85 76 86 93 27 71 48 48 87 72 50 53
split_gain=585.758 758.302 731.134 722.286 669.123 657.694 692.635 701.154 585.148 689.129 760.766 490.996 462.099 481.471
threshold=2.7341255358583414 0 1.0000000180025095e-35 35.900000000000006 41.500000000000007 5.5000000000000009 0.0092338747344910526 13.083333333333334 1292.2500000000002 849.25000000000011 12.500000000000002 6.1665482954545459 0.14853014610707757 2.4972191289246477
decision_type=10 9 2 2 2 2 2 2 10 10 2 2 10 10
left_child=1 11 3 5 -5 -3 -7 -8 9 -2 -11 -1 -9 -14
right_child=8 2 -4 4 -6 6 7 12 -10 10 -12 -13 13 -15
leaf_value=0.037146982167743973 0.04058573364113538 -0.048841829626486331 -0.14258241427911295 -0.34157806169241667 -0.02935028924933962 0.3837263583640258 -0.18123322580799914 0.11055812932099357 0.21090067752495245 -0.0018076218912998834 -0.41297574175728696 0.2723044502735138 -0.2575949777113764 0.037282995835823174
leaf_weight=198 626 359 148 32 37 14.999999999999998 33 165 46 30 18 25 19 51
leaf_count=198 626 359 148 32 37 15 33 165 46 30 18 25 19 51
internal_value=0.00341541 -0.0198389 -0.0409994 -0.0204307 -0.174152 -0.00390934 0.0530898 0.034584 0.0383615 0.0265859 -0.155996 0.0607842 0.0648903 -0.0427553
internal_weight=1802 1082 859 711 69 642 283 268 720 674 48 223 235 70
internal_count=1802 1082 859 711 69 642 283 268 720 674 48 223 235 70
cat_boundaries=0 3
cat_threshold=2164785160 16777216 2595
is_linear=0
shrinkage=0.05


Tree=56
num_leaves=15
num_cat=1
split_feature=41 98 85 76 86 29 76 48 48 86 72 61 72 97
split_gain=528.647 697.017 654.76 645.005 603.883 565.265 585.953 528.096 621.939 467.795 448.184 429.089 468.41 404.694
threshold=2.7341255358583414 0 1.0000000180025095e-35 35.900000000000006 41.500000000000007 22.583333333333339 18.708333333333339 1292.2500000000002 849.25000000000011 42.500000000000007 6.1665482954545459 0.48570226039551589 5.8000771604938279 1.7450000000000003
decision_type=10 9 2 2 2 2 2 10 10 2 2 10 2 8
left_child=1 10 3 5 -5 13 -7 8 11 -10 -1 12 -2 -3
right_child=7 2 -4 4 -6 6 -8 -9 9 -11 -12 -13 -14 -15
leaf_value=0.034681407314096913 -0.090669864638054626 -0.21050650539069343 -0.13696197714913508 -0.32449915837496524 -0.027882775110570163 0.017877498734742404 0.24368281110030848 0.20035564371425174 -0.34970810413360598 -0.027288546164830525 0.25868922871351246 -0.043095443618949507 0.075197420342074994 -0.018024620569796642
leaf_weight=209 47 29 145 32 37 96 41 46 18 30 25 128 451 468
leaf_count=209 47 29 145 32 37 96 41 46 18 30 25 128 451 468
internal_value=0.00324464 -0.018847 -0.039753 -0.0202683 -0.165444 -0.00446842 0.0854543 0.0364435 0.0252566 -0.148196 0.0562117 0.0385564 0.0595433 -0.029256
internal_weight=1802 1082 848 703 69 634 137 720 674 48 234 626 498 497
internal_count=1802 1082 848 703 69 634 137 720 674 48 234 626 498 497
cat_boundaries=0 3
cat_threshold=2164785160 16777216 6691
is_linear=0
shrinkage=0.05


Tree=57
num_leaves=15
num_cat=1
split_feature=41 98 48 44 87 80 30 76 29 53 86 89 69 71
split_gain=477.104 629.058 476.607 564.175 507.535 416.792 440.856 411.296 693.404 701.562 561.267 438.139 507.231 412.952
threshold=2.7341255358583414 0 1292.2500000000002 9.2500000000000018 12.500000000000002 0.18333333333333332 0.41666666666666669 35.900000000000006 22.583333333333339 4.9440812476641245 41.500000000000007 12.500000000000002 0.69047619047619058 23.775000000000002
decision_type=10 9 10 10 2 2 2 2 2 8 2 10 2 2
left_child=1 5 3 -2 -5 6 -1 8 11 -10 -9 13 -13 -3
right_child=2 7 -4 4 -6 -7 -8 10 9 -11 -12 12 -14 -15
leaf_value=0.23598805672178666 0.036942847616648157 -0.054248333763203753 0.19033786162086155 -0.018135384237393738 -0.35001207258966238 0.26283014152537693 0.0084249271931958955 -0.30403910560505182 -0.038225783407688146 0.16374947859083908 -0.037287749600957855 0.17333774980748209 -0.15150301048860831 -0.22321129082105098
leaf_weight=24 624 497 46 32 18 22 188 33 87 85 49 41 17 39
leaf_count=24 624 497 46 32 18 22 188 33 87 85 49 41 17 39
internal_value=0.00308241 -0.0179046 0.0346213 0.0239937 -0.137611 0.0534011 0.0341868 -0.0377654 -0.0268176 0.0615876 -0.144639 -0.0524164 0.0781258 -0.0665423
internal_weight=1802 1082 720 674 50 234 212 848 766 172 82 594 58 536
internal_count=1802 1082 720 674 50 234 212 848 766 172 82 594 58 536
cat_boundaries=0 3
cat_threshold=2164785160 16777216 6691
is_linear=0
shrinkage=0.05


Tree=58
num_leaves=15
num_cat=2
split_feature=98 93 98 86 56 41 77 78 88 83 91 78 93 7
split_gain=438.044 529.74 533.683 507.299 580.042 470.521 469.692 527.422 467.639 458.672 446.582 658.565 718.539 445.892
threshold=0 5.5000000000000009 1 43.500000000000007 15.750000000000002 1.2486095644623239 22.071428571428573 0.91666666666666685 40.500000000000007 28.500000000000004 10.500000000000002 4.7083333333333348 9.5000000000000018 14.500000000000002
decision_type=9 2 9 2 10 8 2 2 10 10 10 2 2 2
left_child=-1 8 -3 5 6 -4 7 -5 -2 -8 -7 12 -12 -10
right_child=1 2 3 4 -6 10 9 -9 13 -11 11 -13 -14 -15
leaf_value=0.048976881031540055 -0.033451056807815391 -0.084262712125385567 -0.24319622328747875 0.18698645487668053 0.28646086563284578 0.04631199506170388 0.14530234766342948 -0.033882519309695866 -0.024067790875280347 0.006668384895496763 -0.30626033365726474 -0.25674058345926776 0.081976697671002352 -0.29130216538906101
leaf_weight=392 419 116 23 31 26 158 155 211 27 97 14.999999999999998 37 58 37
leaf_count=392 419 116 23 31 26 158 155 211 27 97 15 37 58 37
internal_value=0.00292829 -0.0101492 0.0119008 0.0263693 0.056277 -0.026168 0.0441621 -0.00558939 -0.0526791 0.0919393 -0.0075424 -0.0848969 0.00220197 -0.178563
internal_weight=1802 1410 927 811 520 291 494 242 483 252 268 110 73 64
internal_count=1802 1410 927 811 520 291 494 242 483 252 268 110 73 64
cat_boundaries=0 3 6
cat_threshold=2149154824 2214592528 2080 3 142606340 768
is_linear=0
shrinkage=0.05


Tree=59
num_leaves=15
num_cat=0
split_feature=9 96 77 5 61 28 1 9 26 69 57 3 69 8
split_gain=418.491 500.102 760.941 590.341 492.131 441.946 642.215 976.314 491.439 481.539 474.472 470.269 457.529 535.87
threshold=81.500000000000014 1.5000000000000002 4.8333333333333348 4.5000000000000009 0.48570226039551589 10.583333333333334 1.0000000180025095e-35 901.00000000000011 1.4660087747421737 0.92857142857142871 2.107525783562807 7.2045036764705896 1.2250000000000003 6.0775240384615392
decision_type=2 2 2 2 10 2 2 2 2 2 8 2 2 2
left_child=-1 5 -3 -4 -5 6 9 -8 -7 -2 -10 12 -12 -14
right_child=1 2 3 4 -6 8 7 -9 10 -11 11 -13 13 -15
leaf_value=-0.13054819567161693 0.0022760010497378451 -0.20292885692096224 -0.017272065254542363 0.18133137530514173 -0.081042045975724855 -0.082162454760314349 0.37961316320409133 0.0042589136337240537 0.089927388050467072 0.21726236366666854 0.12752215137394768 -0.24835565115014713 -0.18646920273701351 0.092981626350304186
leaf_weight=57 140 51 910 70 24 108 41 30 199 32 48 21 42 29
leaf_count=57 140 51 910 70 24 108 41 30 199 32 48 21 42 29
internal_value=0.00277208 0.00712696 -0.0145202 -0.00494959 0.114342 0.0402251 0.0944977 0.221013 0.0107212 0.0422735 0.0403124 -0.0302117 0.00828423 -0.0723273
internal_weight=1802 1745 1055 1004 94 690 243 71 447 172 339 140 119 71
internal_count=1802 1745 1055 1004 94 690 243 71 447 172 339 140 119 71
is_linear=0
shrinkage=0.05


Tree=60
num_leaves=15
num_cat=0
split_feature=29 75 96 79 3 19 35 97 97 6 36 7 97 41
split_gain=458.868 622.767 404.527 342.36 428.79 444.636 350.824 332.123 372.311 348.262 336.348 397.017 330.557 297.673
threshold=3.166666666666667 0.0062191374599933008 11.500000000000002 0.53571428571428581 5.5281746031746044 5.6922722672064792 0.017973461040145654 1.7650000000000003 1.8350000000000002 1.0000000180025095e-35 -0.14037916106881601 22.500000000000004 1.905 1.7647565210026095
decision_type=2 2 2 2 2 2 8 8 8 2 8 2 10 10
left_child=-1 12 3 6 -5 -6 -3 -7 9 -9 -10 -12 -2 -13
right_child=1 2 -4 4 5 7 -8 8 10 -11 11 13 -14 -15
leaf_value=-0.088205888728762782 0.043840604399641353 0.18386907991766932 -0.21929116174578667 -0.17803228404372931 0.34362382218241694 0.26325903158438835 -0.0051640715167609492 -0.23625244378215737 -0.09121310021728278 0.024817163141613658 0.38045352660119536 -0.041549976567991753 0.2967180246753352 0.21307547042767205
leaf_weight=129 24 25 20 15.999999999999998 15.999999999999998 19 1347 18 15.999999999999998 44 15.999999999999998 22 28 24
leaf_count=129 24 25 20 16 16 19 1347 18 16 44 16 22 28 24
internal_value=0.00258219 0.00974528 0.0041524 0.00701157 0.0697296 0.0923821 -0.00171959 0.0670999 0.0404784 -0.0509772 0.113174 0.165919 0.180005 0.0912981
internal_weight=1764 1635 1583 1563 191 175 1372 159 140 62 78 62 52 46
internal_count=1764 1635 1583 1563 191 175 1372 159 140 62 78 62 52 46
is_linear=0
shrinkage=0.05


Tree=61
num_leaves=15
num_cat=1
split_feature=98 22 93 10 4 10 73 48 51 88 72 90 78 48
split_gain=534.149 531.806 524.043 668.348 621.434 741.496 607.844 759.277 660.898 595.974 514.814 450.352 554.105 637.531
threshold=0 15.41666666666667 10.500000000000002 2.059153083711863 6.5000000000000009 9.426818925887348 1661.3250000000003 -1076.9999999999998 1.2157852491363885 55.500000000000007 5.6956057887345928 7.5000000000000009 1.2250000000000003 322.25000000000006
decision_type=9 2 2 2 2 2 2 8 10 10 2 10 2 8
left_child=1 -1 3 6 11 -6 -2 -8 9 10 -9 -4 13 -13
right_child=2 -3 4 -5 5 -7 7 8 -10 -11 -12 12 -14 -15
leaf_value=0.10125645635073029 -0.044352583384473822 -0.12379513462384542 0.20146248978045256 -0.12507561899721623 -0.16560877058151607 0.05533558251097416 0.29151399192799415 -0.21152048297226431 -0.23832146538340529 -0.22126491725444797 0.081881273479053857 0.076206587019719579 0.07055997892879369 -0.32823986440896991
leaf_weight=210 542 30 54 155 74 78 28 15.999999999999998 23 20 228 19 267 20
leaf_count=210 542 30 54 155 74 78 28 16 23 20 228 19 267 20
internal_value=0.00245308 0.0702 -0.0086198 -0.0295311 0.0325444 -0.0522294 -0.0122506 0.0429851 0.0187384 0.0411337 0.0626418 0.0683378 0.0448452 -0.131202
internal_weight=1764 240 1524 1012 512 152 857 315 287 264 244 360 306 39
internal_count=1764 240 1524 1012 512 152 857 315 287 264 244 360 306 39
cat_boundaries=0 3
cat_threshold=17302016 2147483664 288
is_linear=0
shrinkage=0.05


Tree=62
num_leaves=15
num_cat=2
split_feature=98 22 93 22 4 10 93 45 36 90 78 48 57 0
split_gain=482.07 479.955 472.949 624.359 560.844 669.2 529.288 555.602 1022.26 406.442 500.08 575.371 455.419 397.234
threshold=0 15.41666666666667 10.500000000000002 0.91666666666666685 6.5000000000000009 9.426818925887348 7.5000000000000009 0.05954201367087756 -0.050923564990512343 7.5000000000000009 1.2250000000000003 322.25000000000006 2.5623346456686353 1
decision_type=9 2 2 2 2 2 2 8 10 10 2 8 10 1
left_child=1 -1 3 6 9 -6 7 8 -2 -4 11 -11 -12 -5
right_child=2 -3 4 13 5 -7 -8 -9 -10 10 12 -13 -14 -15
leaf_value=0.096193634696703945 0.37910896788040799 -0.11760538006822269 0.19138936649628535 -0.0044684653897292736 -0.15732833250249562 0.052568803460170066 0.11828298649091401 -0.038076529839062345 -0.010919347937617984 0.072396258460847948 0.088934599887191629 -0.31182787768542769 -0.12765796984787342 -0.10653126628770662
leaf_weight=210 24 30 54 154 74 78 89 406 56 19 240 20 27 283
leaf_count=210 24 30 54 154 74 78 89 406 56 19 240 20 27 283
internal_value=0.00233042 0.06669 -0.00818881 -0.0280546 0.0309172 -0.049618 0.00618304 -0.0143456 0.106089 0.0649209 0.042603 -0.124642 0.067032 -0.0731041
internal_weight=1764 240 1524 1012 512 152 575 486 80 360 306 39 267 437
internal_count=1764 240 1524 1012 512 152 575 486 80 360 306 39 267 437
cat_boundaries=0 3 4
cat_threshold=17302016 2147483664 288 4
is_linear=0
shrinkage=0.05


Tree=63
num_leaves=15
num_cat=1
split_feature=98 43 93 10 70 93 31 90 78 73 48 51 89 36
split_gain=436.017 441.376 411.869 670.713 541.658 668.827 501.837 442.178 451.463 400.286 664.576 490.955 459.562 431.946
threshold=0 10.936502143433366 10.500000000000002 2.059153083711863 16.562500000000004 13.500000000000002 1.0000000180025095e-35 7.5000000000000009 1.4142857142857144 1719.9500000000003 -1076.9999999999998 1.2319497552869039 9.5000000000000018 -0.26113445378151251
decision_type=9 10 2 2 2 2 2 10 2 2 8 10 8 8
left_child=1 -1 3 9 7 -6 -5 -4 -9 13 -11 12 -12 -2
right_child=2 -3 4 6 5 -7 -8 8 -10 10 11 -13 -14 -15
leaf_value=0.038574185224149279 -0.14339041754421664 0.30680400840938093 0.20317311084495404 -0.21038151437916408 -0.29723926322026689 -0.0022756759959616161 -0.017222746749196136 -0.1380175789197286 0.071404536737345203 0.27687688986412606 -0.2038401817020617 -0.22631738744676114 0.05274781633481801 -0.018397087889977477
leaf_weight=370 82 15.999999999999998 53 82 22 152 57 30 181 26 19 20 214 440
leaf_count=370 82 16 53 82 22 152 57 30 181 26 19 20 214 440
internal_value=0.00218244 0.0484377 -0.0110457 -0.0297853 0.0289194 -0.0395699 -0.131173 0.0740601 0.0416289 -0.0121913 0.036156 0.0114179 0.0318243 -0.0380321
internal_weight=1764 386 1378 940 438 174 139 264 211 801 279 253 233 522
internal_count=1764 386 1378 940 438 174 139 264 211 801 279 253 233 522
cat_boundaries=0 3
cat_threshold=18350600 2147483664 65824
is_linear=0
shrinkage=0.05


Tree=64
num_leaves=15
num_cat=1
split_feature=98 43 52 61 11 35 93 6 10 15 95 48 51 52
split_gain=411.949 473.102 440.338 425.72 416.536 737.961 404.125 619.057 461.62 438.148 431.641 429.565 457.862 1186.47
threshold=0 10.936502143433366 1.6501787956804039 2.5595537745932826 0.061984598636627163 0.12421918153620326 10.500000000000002 -5.7499999999999991 2.059153083711863 1.0000000180025095e-35 181.50000000000003 -133.24999999999997 0.30090667479805916 -0.18219344271346921
decision_type=9 10 10 10 2 10 2 2 2 2 2 10 8 10
left_child=1 2 4 6 5 -1 7 -2 10 -10 11 12 13 -9
right_child=3 -3 -4 -5 -6 -7 -8 8 9 -11 -12 -13 -14 -15
leaf_value=-0.24342023704586357 0.12684047356728587 0.31693233363330364 -0.18302891325382961 -0.275035908917586 0.07934406453242096 0.13582955734885258 0.031472547300323679 0.34935174935004293 -0.16040116970737775 0.06305208636654748 -0.27752016070298852 -0.064443951592722662 -0.011729321587383695 -0.015166513105997674
leaf_weight=29 62 15.999999999999998 21 14.999999999999998 260 23 455 34 117 27 15.999999999999998 273 351 65
leaf_count=29 62 16 21 15 260 23 455 34 117 27 16 273 351 65
internal_value=0.00207332 0.0499211 0.0385908 -0.0100101 0.0535075 -0.0756751 -0.00724199 -0.0258823 -0.0366058 -0.118504 -0.0206473 -0.0149627 0.0150559 0.110022
internal_weight=1764 349 333 1415 312 52 1400 945 883 144 739 723 450 99
internal_count=1764 349 333 1415 312 52 1400 945 883 144 739 723 450 99
cat_boundaries=0 3
cat_threshold=2165834240 2147483664 65824
is_linear=0
shrinkage=0.05


Tree=65
num_leaves=15
num_cat=0
split_feature=9 96 15 77 39 46 36 45 79 19 95 11 89 93
split_gain=482.944 362.113 472.21 760.978 574.562 495.616 528.387 798.061 540.83 680.624 483.581 465.039 421.907 413.596
threshold=81.500000000000014 4.5000000000000009 1.0000000180025095e-35 30.225000000000005 2.0274023338281633 -0.15243506493506473 0.32638888888888867 0.19367440845185821 0.30952380952380959 5.9007575757575772 51.500000000000007 0.34676700364798313 3.5000000000000004 7.5000000000000009
decision_type=2 2 2 2 8 10 10 10 2 2 2 2 8 2
left_child=-1 12 3 5 -4 -3 7 8 9 10 -7 -11 -2 -8
right_child=1 2 4 -5 -6 6 13 -9 -10 11 -12 -13 -14 -15
leaf_value=-0.13713983940699745 -0.14667823032328958 -0.14005969321257192 0.0074431133803657514 -0.39373676814138892 0.34787191804498435 0.064166183002067334 -0.35144264863597025 0.35191487459575432 -0.15812089456452263 -0.27284155753167239 0.37109297648781825 0.010025916084647179 0.022455735380713337 -0.037112374112010009
leaf_weight=63 38 95 55 15.999999999999998 15.999999999999998 33 18 17 45 17 21 100 1242 25
leaf_count=63 38 95 55 16 16 33 18 17 45 17 21 100 1242 25
internal_value=-0.00114694 0.00378261 -0.0343714 -0.0561173 0.0841595 -0.0415569 -0.00765197 0.022068 -0.00389222 0.0366943 0.183527 -0.0310745 0.0174346 -0.168692
internal_weight=1801 1738 458 387 71 371 276 233 216 171 54 117 1280 43
internal_count=1801 1738 458 387 71 371 276 233 216 171 54 117 1280 43
is_linear=0
shrinkage=0.05


Tree=66
num_leaves=15
num_cat=2
split_feature=98 9 83 42 93 27 46 14 69 52 91 13 52 99
split_gain=620.981 700.678 593.288 524.71 497.501 407.24 676.512 551.28 440.476 409.321 404.338 395.647 385.784 363.683
threshold=0 1534.0000000000002 33.500000000000007 -4.8749999999999991 9.5000000000000018 1.826714836759493 -0.040466054842989797 2.5000000000000004 0.63333333333333341 -0.082428524969145586 10.500000000000002 31.500000000000004 0.13543444266542792 1
decision_type=9 2 8 8 2 2 10 2 2 8 10 2 10 9
left_child=2 4 -1 -3 13 8 7 -7 9 -5 -8 -12 -10 -2
right_child=1 3 -4 5 -6 6 10 -9 12 -11 11 -13 -14 -15
leaf_value=0.030452223835117465 -0.22011968837334561 0.16517442422716513 -0.12627304033376277 -0.21916440558498321 0.014447239186469611 -0.46505159138391416 -0.21724418024222059 -0.11778742058668286 0.22230031842535194 0.023124670149344537 0.15779001557146496 -0.098110351225604187 -0.0038537069703593399 -0.087011073981722198
leaf_weight=1069 78 46 64 23 77 14.999999999999998 14.999999999999998 48 44 72 44 23 33 150
leaf_count=1069 78 46 64 23 77 15 15 48 44 72 44 23 33 150
internal_value=-0.00108959 -0.0389887 0.0214103 0.00736708 -0.0954379 -0.0155324 -0.0772552 -0.200469 0.0365014 -0.0355348 0.0174093 0.0699436 0.125377 -0.132548
internal_weight=1801 668 1133 363 305 317 145 63 172 95 82 67 77 228
internal_count=1801 668 1133 363 305 317 145 63 172 95 82 67 77 228
cat_boundaries=0 3 4
cat_threshold=17367680 2214596624 6689 4
is_linear=0
shrinkage=0.05


Tree=67
num_leaves=15
num_cat=1
split_feature=98 83 72 42 87 39 47 46 25 86 40 89 78 20
split_gain=560.831 599.182 555.194 506.827 601.014 542.755 477.273 472.287 641.575 451.114 729.631 453.785 392.564 363.083
threshold=0 28.500000000000004 6.0452346906565664 -3.8749999999999996 14.500000000000002 1.1236095644623239 357.01784516882361 0.047458172458172361 1222.1666666666667 35.500000000000007 1.2500000000000002 11.500000000000002 8.0833333333333339 4.166666666666667
decision_type=9 8 2 8 2 10 8 10 2 2 8 10 2 2
left_child=1 9 13 4 5 -2 -4 12 -9 10 11 -1 -5 -3
right_child=3 2 6 7 -6 -7 -8 8 -10 -11 -12 -13 -14 -15
leaf_value=-0.30875460044030223 0.11476174375414849 -0.065467760951333609 -0.066978916092352445 -0.099535808847893203 0.3359489216524012 -0.1441711904207135 0.12863861160456308 -0.14508689747916328 0.07733192759935327 0.055736528047390932 0.094989086221903565 0.0068736909164322756 0.10521600939333441 -0.27692081591357359
leaf_weight=31 50 173 55 368 17 34 72 45 116 734 40 18 25 23
leaf_count=31 50 173 55 368 17 34 72 45 116 734 40 18 25 23
internal_value=-0.00103511 0.0200221 -0.0375138 -0.0376087 0.0648257 0.00995556 0.0439224 -0.0569624 0.0151652 0.0428463 -0.0634618 -0.19281 -0.0865109 -0.0902811
internal_weight=1801 1146 323 655 101 84 127 554 161 823 89 49 393 196
internal_count=1801 1146 323 655 101 84 127 554 161 823 89 49 393 196
cat_boundaries=0 3
cat_threshold=2164851328 2214596624 14369
is_linear=0
shrinkage=0.05


Tree=68
num_leaves=15
num_cat=2
split_feature=98 93 25 0 67 83 47 3 39 69 96 25 9 86
split_gain=515.983 658.048 382.292 396.588 714.346 394.64 514.166 737.719 497.662 898.571 498.58 440.505 520.397 513.98
threshold=0 1.5000000000000002 97.000000000000014 1 6.2722102902546455 28.500000000000004 456.27489247110981 5.6091269841269851 1.4571067811865477 3.4142857142857146 8.5000000000000018 1780.5000000000002 1912.5000000000002 69.500000000000014
decision_type=9 2 2 1 2 10 10 2 10 2 2 2 2 2
left_child=-1 -2 -3 4 -4 8 -7 -8 10 -10 11 13 -13 -5
right_child=1 2 3 5 -6 6 7 -9 9 -11 -12 12 -14 -15
leaf_value=-0.070974009587712911 -0.11909439891101199 -0.15642946920087261 -0.19963132764632796 0.07013184492600838 0.0037706503692436035 -0.064975020638044501 -0.21334363408386708 0.11749068928978224 -0.17818934675948372 0.12548464589885303 -0.14224325363282805 0.2711925658583641 0.093214125825578115 -0.075709923157921521
leaf_weight=220 94 31 51 329 281 187 20 107 58 42 27 50 230 74
leaf_count=220 94 31 51 329 281 187 20 107 58 42 27 50 230 74
internal_value=-0.000983358 0.00914707 0.0173153 0.0210145 -0.0266715 0.0350254 -0.0122474 0.0653908 0.0537834 -0.0506463 0.0684918 0.0768224 0.124996 0.043352
internal_weight=1801 1581 1487 1456 332 1124 314 127 810 100 710 683 280 403
internal_count=1801 1581 1487 1456 332 1124 314 127 810 100 710 683 280 403
cat_boundaries=0 3 4
cat_threshold=4194307 696254476 524544 1
is_linear=0
shrinkage=0.05


Tree=69
num_leaves=15
num_cat=1
split_feature=98 93 95 96 76 6 11 95 49 27 50 48 42 87
split_gain=493.263 451.762 437.206 433.602 446.379 447.817 473.523 501.897 431.588 472.999 563.957 398.067 387.54 432.777
threshold=0 1.5000000000000002 161.50000000000003 3.5000000000000004 8.4500000000000011 -0.74999999999999989 1.00479270843789 10.500000000000002 1.8843575387418434 3.7988392554689203 0.81855003023520123 -203.49999999999997 -3.8749999999999996 14.500000000000002
decision_type=9 2 2 2 2 2 2 2 8 2 10 10 8 2
left_child=1 -1 12 4 5 -3 7 -7 9 10 -5 -10 13 -2
right_child=2 3 -4 8 -6 6 -8 -9 11 -11 -12 -13 -14 -15
leaf_value=-0.10184627156172479 0.014526307344609916 0.04319954337870513 -0.2760079676906268 0.019206468411818708 0.02703297190701881 0.26053217183521377 0.43556577072424052 0.0041641766045774735 -0.050893946070420117 0.19939653503918842 -0.20746409306603095 -0.31015709519386292 -0.041720706008816805 0.27820236118216263
leaf_weight=70 86 96 18 239 427 42 17 35 57 31 31 20 613 19
leaf_count=70 86 96 18 239 427 42 17 35 57 31 31 20 613 19
internal_value=-0.000953894 0.0207348 -0.0321821 0.0295669 0.0554019 0.119157 0.196731 0.144001 -0.0126028 0.0144194 -0.00681867 -0.118235 -0.0265177 0.0622391
internal_weight=1801 1065 736 995 617 190 94 77 378 301 270 77 718 105
internal_count=1801 1065 736 995 617 190 94 77 378 301 270 77 718 105
cat_boundaries=0 3
cat_threshold=17367680 2214596608 6177
is_linear=0
shrinkage=0.05


Tree=70
num_leaves=15
num_cat=0
split_feature=93 71 76 44 77 85 39 21 83 49 97 55 30 95
split_gain=414.69 692.579 615.281 510.348 551.653 427.032 481.898 464.989 441.787 521.758 558.792 648.811 563.429 488.868
threshold=8.5000000000000018 17.416666666666668 30.100000000000005 5.7500000000000009 6.416666666666667 1.0000000180025095e-35 1.7926456271808611 0.83333333333333337 32.500000000000007 0.23554612811255202 1.8950000000000002 1.6663331665265237 1.1666666666666667 6.5000000000000009
decision_type=2 2 2 8 2 2 10 2 10 8 10 10 2 2
left_child=2 3 5 -2 -5 6 8 -7 9 10 11 -1 -13 -10
right_child=1 -3 -4 4 -6 7 -8 -9 13 -11 -12 12 -14 -15
leaf_value=-0.10735871578965868 0.42119085262803468 0.014699571871557356 -0.19262978425439525 -0.1260493220651851 0.23045657948901255 -0.16287675006862951 -0.27885388170058528 0.04752183247749743 0.080417246681948509 -0.0083279542924179443 0.26382688101794988 -0.11997310013874718 0.15193144982294726 -0.19158187017266481
leaf_weight=49 17 711 49 17 30 85 14.999999999999998 38 24 517 36 23 111 53
leaf_count=49 17 711 49 17 30 85 15 38 24 517 36 23 111 53
internal_value=0.00142815 0.0288806 -0.0198475 0.186423 0.101508 -0.010945 0.00196862 -0.0978756 0.00714984 0.0190715 0.0837543 0.0483302 0.105261 -0.106803
internal_weight=1775 775 1000 64 47 951 828 123 813 736 219 183 134 77
internal_count=1775 775 1000 64 47 951 828 123 813 736 219 183 134 77
is_linear=0
shrinkage=0.05


Tree=71
num_leaves=15
num_cat=1
split_feature=98 51 57 93 10 86 30 43 30 41 20 10 61 42
split_gain=383.251 382.446 433.366 330.093 473.681 544.341 430.385 457.596 409.555 414.391 394.817 733.757 409.331 385.435
threshold=0 0.32276705879579842 1.0000000180025095e-35 9.5000000000000018 2.0978692611679444 49.500000000000007 6.416666666666667 1.4571067811865477 5.166666666666667 2.4888578310705927 6.416666666666667 9.6842850279063004 1.0000000180025095e-35 0.87500000000000011
decision_type=9 8 8 2 2 2 2 8 2 10 2 2 8 10
left_child=1 -1 -3 4 6 -6 8 -8 -2 -10 -5 12 -12 -7
right_child=3 2 -4 10 5 13 7 -9 9 -11 11 -13 -14 -15
leaf_value=0.12547575189398791 -0.018023224717585773 -0.23784810965880754 0.030409406163528854 0.045491998055219592 -0.20319420388975257 -0.13514405069872737 -0.15980470767244698 0.13341935963393484 -0.25656178911795491 0.030709086123265717 -0.014338181683650385 0.08661760672622798 -0.26917510636150838 0.20677109606125776
leaf_weight=109 633 15.999999999999998 255 389 74 15.999999999999998 15.999999999999998 79 37 19 26 49 40 17
leaf_count=109 633 16 255 389 74 16 16 79 37 19 26 49 40 17
internal_value=0.00135674 0.0451941 0.0145713 -0.0108309 -0.0292013 -0.127884 -0.0157331 0.0840343 -0.0294891 -0.159095 0.0214303 -0.0599612 -0.168785 0.0409941
internal_weight=1775 380 271 1395 891 107 784 95 689 56 504 115 66 33
internal_count=1775 380 271 1395 891 107 784 95 689 56 504 115 66 33
cat_boundaries=0 3
cat_threshold=1638408 2239758352 33
is_linear=0
shrinkage=0.05


Tree=72
num_leaves=15
num_cat=1
split_feature=98 93 71 78 26 22 67 48 19 63 39 45 77 26
split_gain=353.689 367.561 553.787 512.013 398.228 381.62 476.893 367.861 367.787 360.242 464.501 453.251 347.97 450.48
threshold=0 10.500000000000002 17.775000000000002 6.3809523809523823 4.7861139914020905 9.4166666666666696 6.3334123972169527 -673.74999999999989 6.2583553791887132 1.0000000180025095e-35 1.1236095644623239 0.20165615512115961 34.416666666666679 1.2311332435347142
decision_type=9 2 2 2 2 2 2 10 2 10 10 10 2 2
left_child=9 3 -3 4 5 6 8 -5 -2 11 -11 -1 13 -4
right_child=1 2 12 7 -6 -7 -8 -9 -10 10 -12 -13 -14 -15
leaf_value=0.042290672807283936 -0.039898309555868511 0.19956709203265965 -0.17700457598481861 0.18408812710712122 -0.28223068819326513 0.13150353170931339 -0.18257707401082435 0.0042673418054445869 0.16778030077164824 0.078143110043472727 -0.27630370682791661 0.24269320094777691 0.14890879280865194 0.011593759702294168
leaf_weight=314 688 42 35 43 17 32 58 84 22 18 19 31 40 332
leaf_count=314 688 42 35 43 17 32 58 84 22 18 19 31 40 332
internal_value=0.0012889 -0.0104574 0.0267085 -0.0282457 -0.042764 -0.0376753 -0.0447244 0.0651515 -0.0334632 0.0432642 -0.10387 0.0602979 0.00887056 -0.00639246
internal_weight=1775 1393 449 944 817 800 768 127 710 382 37 345 407 367
internal_count=1775 1393 449 944 817 800 768 127 710 382 37 345 407 367
cat_boundaries=0 3
cat_threshold=1638408 2222981140 2081
is_linear=0
shrinkage=0.05


Tree=73
num_leaves=15
num_cat=0
split_feature=96 24 24 44 5 11 74 30 47 73 36 69 7 41
split_gain=343.035 404.524 525.696 687.431 626.942 553.963 453.156 394.347 385.973 438.506 361.907 480.53 511.988 435.059
threshold=2.5000000000000004 5.8102941502941512 6.2156839744155929 -1.0000000180025095e-35 4.5000000000000009 4.3242554920725533 0.499016699846834 1.4166666666666667 216.51228439406879 1319.2500000000002 -0.40547683310841237 2.291666666666667 6.5000000000000009 12.195164428811347
decision_type=2 2 2 10 2 2 2 2 8 2 8 2 2 8
left_child=-1 6 4 -4 10 -5 7 -2 -8 -10 -3 12 -12 -13
right_child=1 2 3 5 -6 -7 8 -9 9 -11 11 13 -14 -15
leaf_value=0.022011473524138698 -0.19710470579172437 0.12637550481967627 0.0055602505803108221 -0.46747504159023889 0.18604439299325556 -0.08566408784765947 -0.37759249855298549 0.0618449103144499 -0.24500045407759516 -0.027216624746383245 -0.2021018442180422 -0.18940039663041225 0.023847213424304421 0.11116604427496593
leaf_weight=937 19 50 50 19 49 19 15.999999999999998 65 38 59 27 61 351 14.999999999999998
leaf_count=937 19 50 50 19 49 19 16 65 38 59 27 61 351 15
internal_value=0.00122446 -0.0220183 -0.00275974 -0.116269 0.0153031 -0.27657 -0.084682 0.00327297 -0.150064 -0.112534 -0.0012967 -0.0153575 0.007708 -0.130078
internal_weight=1775 838 641 88 553 38 197 84 113 97 504 454 378 76
internal_count=1775 838 641 88 553 38 197 84 113 97 504 454 378 76
is_linear=0
shrinkage=0.05


Tree=74
num_leaves=15
num_cat=0
split_feature=93 71 74 22 88 57 71 36 97 48 49 53 53 22
split_gain=321.184 564.936 519.732 515.278 455.621 554.533 455.377 386.128 441.681 381.489 620.671 381.318 369.474 361.163
threshold=8.5000000000000018 17.416666666666668 2.1168034991715108 4.791666666666667 45.500000000000007 1.0000000180025095e-35 14.450000000000001 -0.19038795889708643 1.8350000000000002 827.50000000000011 0.38365034610735221 1.1236095644623239 10.91879687789954 4.2083333333333348
decision_type=2 2 2 2 10 10 2 10 10 10 10 8 8 2
left_child=2 6 3 4 13 -6 -2 -4 -9 11 -11 -3 -5 -1
right_child=1 9 7 12 5 -7 -8 8 -10 10 -12 -13 -14 -15
leaf_value=0.0020855213831665505 0.049986477030648124 0.13808276019434432 -0.1995503114303574 0.017962291647912933 -0.35707676172256475 -0.050364358001388609 0.31883958918707717 -0.13814980766177179 0.19218516104361591 -0.36975710075348617 -0.019875305756682254 0.011949623357570308 0.29261535654465359 -0.24568719764550528
leaf_weight=754 36 67 64 25 20 56 28 25 17 15.999999999999998 61 567 24 14.999999999999998
leaf_count=754 36 67 64 25 20 56 28 25 17 16 61 567 24 15
internal_value=0.00116323 0.0253232 -0.0175608 -0.0051487 -0.0142897 -0.131078 0.16761 -0.122244 -0.0044428 0.0125154 -0.092578 0.0252792 0.152486 -0.0027475
internal_weight=1775 775 1000 894 845 76 64 106 42 711 77 634 49 769
internal_count=1775 775 1000 894 845 76 64 106 42 711 77 634 49 769
is_linear=0
shrinkage=0.05


Tree=75
num_leaves=15
num_cat=1
split_feature=41 79 19 90 98 45 51 64 47 86 25 96 48 46
split_gain=407.425 423.559 635.72 478.664 464.216 615.086 612.331 448.564 419.052 414.825 442.521 400.942 530.265 425.855
threshold=1.7248365855987977 0.41428571428571431 5.4757936507936522 4.5000000000000009 0 0.068448256525421164 0.70172995979438002 -1.0000000180025095e-35 213.13165046452119 45.500000000000007 1258.7500000000002 5.5000000000000009 -347.99999999999994 0.31397849462365596
decision_type=8 2 2 10 9 8 10 8 8 2 2 2 8 10
left_child=-1 4 -3 -4 6 -6 8 -7 -2 -5 -11 12 -9 -14
right_child=1 2 3 9 5 7 -8 11 -10 10 -12 -13 13 -15
leaf_value=-0.041088983817402086 -0.20934560234132024 -0.23769757524132729 0.25381407026906272 -0.021201275203852579 0.10255430531279559 -0.18929436899000598 -0.19539243270846784 0.15744145984833058 0.021542576229958626 -0.14320891439914704 0.14372218372336365 -0.07895379689489973 -0.004571251421838605 0.23704538237499562
leaf_weight=421 23 15.999999999999998 37 94 171 31 64 65 135 14.999999999999998 129 116 454 19
leaf_count=421 23 16 37 94 171 31 64 65 135 15 129 116 454 19
internal_value=0.00192683 0.0151552 0.0686841 0.0865099 0.000705392 0.0175199 -0.0621199 -0.00345191 -0.0120677 0.0605005 0.113834 0.00535714 0.0235357 0.00513428
internal_weight=1790 1369 291 275 1078 856 222 685 158 238 144 654 538 473
internal_count=1790 1369 291 275 1078 856 222 685 158 238 144 654 538 473
cat_boundaries=0 3
cat_threshold=525059 16777220 2563
is_linear=0
shrinkage=0.05


Tree=76
num_leaves=15
num_cat=0
split_feature=41 79 19 28 86 93 45 45 22 23 35 95 42 83
split_gain=367.701 382.262 573.737 410.461 482.709 413.808 374.499 372.402 711.291 517.812 487.494 452.537 371.55 438.223
threshold=1.7248365855987977 0.41428571428571431 5.4757936507936522 8.4166666666666696 45.500000000000007 8.5000000000000018 0.068448256525421164 0.14949174755461403 16.416666666666668 19.166666666666668 0.11810979001653657 112.50000000000001 1.6250000000000002 30.500000000000004
decision_type=8 2 2 2 2 2 8 8 2 2 10 2 10 8
left_child=12 6 -3 -4 5 -5 -2 8 9 -8 -11 -9 13 -1
right_child=1 2 3 4 -6 -7 7 11 -10 10 -12 -13 -14 -15
leaf_value=0.0082466407654598565 0.063186285918464466 -0.22581269517540933 0.23024634779663758 -0.14631153407484987 0.11293202088763044 0.069438788424367501 -0.1649120110030077 0.017698608079933141 -0.2264044928803759 -0.25199863122155269 0.046777284319365502 -0.18806593897087234 -0.15654514488475077 -0.12613584099748693
leaf_weight=286 196 15.999999999999998 40 43 146 46 49 585 53 14.999999999999998 152 28 58 77
leaf_count=286 196 16 40 43 146 46 49 585 53 15 152 28 58 77
internal_value=0.00183048 0.0143974 0.0652499 0.0821844 0.0569824 -0.0348001 0.000670123 -0.0132224 -0.0622675 -0.0219932 0.0199411 0.0082999 -0.0390345 -0.0202587
internal_weight=1790 1369 291 275 235 89 1078 882 269 216 167 613 421 363
internal_count=1790 1369 291 275 235 89 1078 882 269 216 167 613 421 363
is_linear=0
shrinkage=0.05


Tree=77
num_leaves=15
num_cat=0
split_feature=42 52 3 23 9 9 96 54 35 96 62 8 12 47
split_gain=277.348 730.913 557.118 480.725 427.916 366.323 379.239 317.065 307.326 488.185 260.718 243.851 451.914 267.996
threshold=8.3750000000000018 2.3047572644427423 7.5138888888888902 17.166666666666668 2494.5000000000005 2516.5000000000005 11.500000000000002 19.250000000000004 0.089058315425382464 3.5000000000000004 -1.2499999999999998 6.0941722972972983 53.500000000000007 809.57533956702321
decision_type=10 10 2 2 2 2 2 10 8 2 10 2 2 10
left_child=1 2 5 -2 -3 6 7 -1 9 -7 -4 12 -5 -13
right_child=3 4 10 11 -6 8 -8 -9 -10 -11 -12 13 -14 -15
leaf_value=-0.0010162107423663843 0.32612494304776196 -0.36399259025400338 -0.078149385713040836 0.056791202857026039 -0.024156223051249981 0.053550256163764159 -0.25687159637610119 -0.22505840286612511 0.075294321901007988 -0.25163928002060859 -0.35390790869792305 0.13437782610823032 -0.28330963432788847 -0.063817332587812262
leaf_weight=1213 15.999999999999998 22 20 28 15.999999999999998 38 14.999999999999998 15.999999999999998 267 20 14.999999999999998 66 14.999999999999998 23
leaf_count=1213 16 22 20 28 16 38 15 16 267 20 15 66 15 23
internal_value=0.00173896 -0.00416986 0.000964732 0.0672949 -0.220904 0.00536586 -0.00698286 -0.00393295 0.0526329 -0.0516875 -0.196332 0.0359216 -0.0618486 0.0831589
internal_weight=1790 1642 1604 148 38 1569 1244 1229 325 58 35 132 43 89
internal_count=1790 1642 1604 148 38 1569 1244 1229 325 58 35 132 43 89
is_linear=0
shrinkage=0.05


Tree=78
num_leaves=15
num_cat=1
split_feature=41 41 42 9 29 70 26 52 50 30 41 35 98 79
split_gain=320.36 354.607 333.562 395.078 411.768 396.329 563.335 534.236 350.083 408.864 313.433 373.887 316.211 579.154
threshold=1.7248365855987977 1.9646530752325189 1.6250000000000002 1242.0000000000002 10.833333333333334 -1.9583333333333333 0.44124147249385715 -0.027416086290031647 0.013948127394542051 3.166666666666667 2.2492281302693375 0.10091517236956386 0 0.4642857142857143
decision_type=8 8 10 2 2 2 2 10 10 2 8 10 9 2
left_child=2 -2 3 4 -1 7 -7 -5 -8 -10 11 -3 13 -12
right_child=1 10 -4 5 -6 6 8 -9 9 -11 12 -13 -14 -15
leaf_value=-0.0066686192952582369 0.12736092921632988 0.096193409842603356 -0.14783306124395337 -0.32466919246841885 -0.16694403774511646 0.26339443241213928 0.1140003745577165 0.041682833291512608 0.18139263937870664 -0.11095782675922423 -0.070572394283522896 -0.179899028417739 0.026058274748968376 0.1248218615093957
leaf_weight=92 65 17 58 17 71 29 56 24 14.999999999999998 59 216 44 981 46
leaf_count=92 65 17 58 17 71 29 56 24 15 59 216 44 981 46
internal_value=0.00165201 0.0133821 -0.0364917 -0.0187016 -0.0764818 0.0283892 0.0641311 -0.110219 0.01968 -0.0516976 0.00770065 -0.102955 0.0131311 -0.0349332
internal_weight=1790 1369 421 363 163 200 159 41 130 74 1304 61 1243 262
internal_count=1790 1369 421 363 163 200 159 41 130 74 1304 61 1243 262
cat_boundaries=0 3
cat_threshold=5767939 0 10883
is_linear=0
shrinkage=0.05


Tree=79
num_leaves=15
num_cat=1
split_feature=41 98 72 73 44 42 20 27 14 76 75 49 57 95
split_gain=289.241 321.256 422.17 441.322 381.669 422.869 482.785 447.281 413.723 399.12 426.587 366.555 354.153 352.277
threshold=1.7248365855987977 0 5.9999581343196651 1818.4523809523814 0.75000000000000011 8.3750000000000018 4.416666666666667 2.7513633058406417 5.5000000000000009 30.625000000000004 2.7440080627178158 2.2199818946452847 1.0000000180025095e-35 139.50000000000003
decision_type=8 9 2 2 8 10 2 2 2 2 2 10 10 2
left_child=-1 2 -2 -4 8 11 -7 -8 9 10 12 -6 -3 -14
right_child=1 4 3 -5 5 6 7 -9 -10 -11 -12 -13 13 -15
leaf_value=-0.034667120640323172 0.021595664071264092 0.27154044939412014 -0.22063903039693833 -0.024957634968792691 -0.0034747091568198109 0.25703871733311451 -0.17198983058333397 0.13759997511016472 0.17270442755289483 -0.032747808585235898 0.32118145122247588 -0.19178955212787346 0.016896808215994045 0.2627550270408392
leaf_weight=421 135 18 50 68 602 33 20 28 71 121 17 27 163 15.999999999999998
leaf_count=421 135 18 50 68 602 33 20 28 71 121 17 27 163 16
internal_value=0.00157669 0.0127225 -0.0373143 -0.107873 0.0241837 0.002289 0.109818 0.00860422 0.063068 0.0398316 0.0808695 -0.0115582 0.0601319 0.038873
internal_weight=1790 1369 253 118 1116 710 81 48 406 335 214 629 197 179
internal_count=1790 1369 253 118 1116 710 81 48 406 335 214 629 197 179
cat_boundaries=0 3
cat_threshold=4227971 0 2691
is_linear=0
shrinkage=0.05


Tree=80
num_leaves=15
num_cat=1
split_feature=98 86 24 14 83 54 96 29 48 52 45 7 96 45
split_gain=300.961 340.265 321.598 256.132 254.37 352.23 357.305 299.33 679.26 543.767 380.65 577.463 424.071 404.449
threshold=0 42.500000000000007 5.8654986318029803 5.5000000000000009 33.500000000000007 1.7500000000000002 4.5000000000000009 14.833333333333334 -1076.9999999999998 -0.98867557616904367 0.071537855135616418 12.500000000000002 3.5000000000000004 0.082989646305119916
decision_type=9 2 2 2 10 8 2 2 8 8 8 2 2 8
left_child=1 2 -1 -3 7 6 -6 9 -9 -2 11 -11 -13 -12
right_child=4 3 -4 -5 5 -7 -8 8 -10 10 13 12 -14 -15
leaf_value=-0.059761610010173175 -0.21816288761554228 -0.071781661871958655 -0.37677796743810177 0.16177056779464086 -0.025476844299364049 0.11619349780835604 -0.25630635415514308 0.24381108689639303 0.02253299231147797 0.27775777259043288 -0.2482534320730912 0.11000608086416669 -0.13378534297148387 -0.012681282154255053
leaf_weight=15.999999999999998 31 54 15.999999999999998 14.999999999999998 38 19 30 36 947 28 19 44 30 444
leaf_count=16 31 54 16 15 38 19 30 36 947 28 19 44 30 444
internal_value=0.00380622 -0.0759845 -0.21827 -0.0210094 0.00904527 -0.0741337 -0.127313 0.0136856 0.0306368 -0.0142725 -0.00308563 0.0843522 0.0111717 -0.0223484
internal_weight=1767 101 32 69 1666 87 68 1579 983 596 565 102 74 463
internal_count=1767 101 32 69 1666 87 68 1579 983 596 565 102 74 463
cat_boundaries=0 3
cat_threshold=20971778 16 18
is_linear=0
shrinkage=0.05


Tree=81
num_leaves=15
num_cat=1
split_feature=98 89 9 74 19 73 43 13 39 45 46 35 50 36
split_gain=276.245 317.279 300.199 379.106 462.345 336.443 445.579 338.104 277.432 262.579 480.035 425.929 394.691 380.271
threshold=0 11.500000000000002 539.00000000000011 0.53252469515427958 5.8246167818536243 1606.6666666666667 5.3332926424530411 22.500000000000004 2.9719601443879751 0.069790368699102212 -0.1124627976190475 0.042750122079482956 -0.89150686631910492 -0.056634897360703741
decision_type=9 10 2 2 2 2 10 2 10 10 8 10 8 8
left_child=1 2 -1 -4 -5 6 -6 -7 9 10 -2 -11 -12 -14
right_child=8 -3 3 4 5 7 -8 -9 -10 11 12 -13 13 -15
leaf_value=-0.21995617140616691 0.24463057649135589 0.17016744568943978 0.13647818234190345 -0.3114645217648811 -0.071978234296495275 -0.25578209743835034 0.26346178452173868 -0.033193623950168241 0.15017509490251543 -0.2400489278510213 -0.1167356878053397 -0.006323307503180331 0.13115367307992917 0.017301343796230131
leaf_weight=28 25 14.999999999999998 25 18 22 24 18 59 35 20 48 768 84 578
leaf_count=28 25 15 25 18 22 24 18 59 35 20 48 768 84 578
internal_value=0.00361591 -0.0490369 -0.0685133 -0.0429687 -0.0747856 -0.0401496 0.0789698 -0.0975566 0.0109237 0.00779531 0.0292919 -0.0122554 0.0217095 0.0317479
internal_weight=1767 209 194 166 141 123 40 83 1558 1523 735 788 710 662
internal_count=1767 209 194 166 141 123 40 83 1558 1523 735 788 710 662
cat_boundaries=0 3
cat_threshold=21037314 20 534546
is_linear=0
shrinkage=0.05


Tree=82
num_leaves=15
num_cat=2
split_feature=57 28 98 53 10 3 37 28 57 97 44 93 99 53
split_gain=278.854 500.23 401.094 498.966 404.185 486.153 445.257 519.199 446.288 391.226 506.015 439.601 597.083 409.685
threshold=2.4719640003162362 27.833333333333339 0 7.6518811931770907 0.39612700045108795 6.1603571428571433 1.0000000180025095e-35 4.8333333333333348 1.3307163456488713 1.925 3.7500000000000004 6.5000000000000009 1 1.9428090415820636
decision_type=10 2 9 10 2 2 10 2 10 10 10 2 9 10
left_child=2 -2 4 -4 5 9 7 -6 -9 10 11 -1 -13 -12
right_child=1 -3 3 -5 6 -7 -8 8 -10 -11 13 12 -14 -15
leaf_value=-0.064154980597328506 -0.0057595800769490169 -0.17296025197384723 -0.057581200344000827 0.065526011489607669 0.31507569207594943 0.20420054067736088 0.021364374250664838 0.054473803156447897 0.2872250415141816 0.10585337426773339 -0.33254990254839267 0.22269663819495369 -0.14770485684275628 -0.013258469663560391
leaf_weight=173 185 59 346 108 26 23 491 197 23 43 27 34 15.999999999999998 15.999999999999998
leaf_count=173 185 59 346 108 26 23 491 197 23 43 27 34 16 16
internal_value=0.00343512 -0.0461893 0.0113854 -0.027686 0.0279762 -0.0175695 0.048873 0.103778 0.0788069 -0.0340767 -0.0566969 -0.0264144 0.104168 -0.213744
internal_weight=1767 244 1523 454 1069 332 737 246 220 309 266 223 50 43
internal_count=1767 244 1523 454 1069 332 737 246 220 309 266 223 50 43
cat_boundaries=0 3 4
cat_threshold=2148008584 2239762432 66208 4
is_linear=0
shrinkage=0.05


Tree=83
num_leaves=15
num_cat=1
split_feature=57 28 98 53 83 78 97 9 47 36 45 97 72 30
split_gain=251.665 451.458 361.988 450.317 394.755 383.279 507.367 440.494 899.424 576.408 531.346 644.602 480.117 502.106
threshold=2.4719640003162362 27.833333333333339 0 7.6518811931770907 26.500000000000004 3.6333333333333337 1.9350000000000003 2141.5000000000005 586.82660977142882 0.48038461538461569 0.095412791137095956 1.885 5.9999581343196651 0.41666666666666669
decision_type=10 2 9 10 8 2 10 2 10 10 10 10 2 2
left_child=2 -2 4 -4 5 6 7 8 10 -9 11 12 13 -1
right_child=1 -3 3 -5 -6 -7 -8 9 -10 -11 -12 -13 -14 -15
leaf_value=-0.23612100295722485 -0.0054715997690485945 -0.16431223841036779 -0.054702139935440069 0.062249710912712745 -0.011542859941255302 0.10139180712994174 0.25572054521604021 -0.15534691824645239 0.25495124015866261 0.16969175794545344 -0.11052182309228827 -0.16635562539100648 0.19992538948180313 0.067855105876612171
leaf_weight=15.999999999999998 185 59 346 108 412 239 22 69 41 17 74 30 59 90
leaf_count=16 185 59 346 108 412 239 22 69 41 17 74 30 59 90
internal_value=0.00326336 -0.0438798 0.0108162 -0.0263017 0.0265774 0.0508868 0.0220096 0.00902566 0.0368011 -0.0910951 0.00355144 0.0468408 0.0856038 0.0219719
internal_weight=1767 244 1523 454 1069 657 418 396 310 86 269 195 165 106
internal_count=1767 244 1523 454 1069 657 418 396 310 86 269 195 165 106
cat_boundaries=0 3
cat_threshold=2148008584 2239762432 66208
is_linear=0
shrinkage=0.05


Tree=84
num_leaves=15
num_cat=1
split_feature=57 28 98 53 58 40 91 44 71 42 57 46 77 74
split_gain=227.128 407.441 326.694 406.411 364.656 302.32 300.183 342.852 329.649 352.25 395.91 424.311 382.207 325.969
threshold=2.4719640003162362 27.833333333333339 0 7.6518811931770907 2.2500000000000004 -1.0000000180025095e-35 1.5000000000000002 -4.7499999999999991 7.166666666666667 -7.3749999999999991 0.97140452079103179 -0.12860002860002853 6.9000000000000012 0.4752470010425896
decision_type=10 2 9 10 10 10 8 8 2 8 10 10 2 2
left_child=2 -2 6 4 -4 -3 7 -1 -8 10 11 -10 -11 -14
right_child=1 5 3 -5 -6 -7 8 -9 9 12 -12 -13 13 -15
leaf_value=0.13323797807097434 -0.0051980206219328423 -0.0038459193138849174 -0.06289413723123212 0.059137224835447144 0.18915770411491395 -0.24023517240819181 0.14945799952144165 -0.12819807877250275 -0.0037838136577712637 -0.094276650784150609 0.071390459071280374 -0.27230485254718412 -0.012307863457438846 0.062527464193093615
leaf_weight=15.999999999999998 185 21 331 108 14.999999999999998 38 57 58 28 53 33 31 192 601
leaf_count=16 185 21 331 108 15 38 57 58 28 53 33 31 192 601
internal_value=0.00310019 -0.0416858 0.0102754 -0.0249866 -0.051967 -0.156097 0.0252485 -0.0716714 0.0327104 0.0256159 -0.067299 -0.144871 0.0357201 0.0444084
internal_weight=1767 244 1523 454 346 59 1069 74 995 938 92 59 846 793
internal_count=1767 244 1523 454 346 59 1069 74 995 938 92 59 846 793
cat_boundaries=0 3
cat_threshold=2148008584 2239762432 66208
is_linear=0
shrinkage=0.05


Tree=85
num_leaves=15
num_cat=0
split_feature=89 43 30 39 52 50 25 52 36 83 30 11 76 77
split_gain=259.548 339.894 574.034 239.699 351.514 487.788 425.196 337.793 314.109 270.026 248.444 219.391 394.873 502.995
threshold=2.5000000000000004 11.012611802847077 3.5833333333333335 2.9719601443879751 1.6501787956804039 0.058204538887366604 2221.8333333333335 1.0728124568704518 0.22340495525979406 16.500000000000004 4.8333333333333348 4.0481873038224885 27.083333333333339 22.550000000000004
decision_type=8 10 2 10 10 10 2 10 10 10 2 2 2 2
left_child=-1 3 -3 4 7 -6 8 9 -7 -2 -9 12 -11 -14
right_child=1 2 -4 -5 5 6 -8 10 -10 11 -12 -13 13 -15
leaf_value=-0.14010777319922593 -0.20374038394759683 0.15380018958066766 -0.18541282186905544 0.141398053084101 -0.36332343339920048 -0.01231468560234193 0.16865362864645089 0.17648472299178442 -0.25325248452524346 0.0051128188151183217 -0.028539036807011475 0.067046963141381172 -0.0046811014572839911 -0.14004825423708409
leaf_weight=33 17 74 14.999999999999998 28 14.999999999999998 31 17 45 24 1081 22 103 164 118
leaf_count=33 17 74 15 28 15 31 17 45 24 1081 22 103 164 118
internal_value=-0.00118477 0.00142895 0.0966295 -0.00365985 -0.00614098 -0.103937 -0.0498987 -0.000651763 -0.117451 -0.00561307 0.109163 -0.00331555 -0.00863275 -0.0613241
internal_weight=1787 1754 89 1665 1637 87 72 1550 55 1483 67 1466 1363 282
internal_count=1787 1754 89 1665 1637 87 72 1550 55 1483 67 1466 1363 282
is_linear=0
shrinkage=0.05


Tree=86
num_leaves=15
num_cat=1
split_feature=98 75 41 70 93 70 54 58 2 14 36 26 49 53
split_gain=281.752 665.961 373.177 336.426 534.63 447.001 315.971 309.669 325.377 287.179 318.056 376.078 372.556 348.642
threshold=0 5.0341445798985669 13.223483940820332 16.562500000000004 12.500000000000002 13.91666666666667 25.250000000000004 -1.0000000180025095e-35 4.5000000000000009 8.5000000000000018 -0.37782738095238083 0.08956670295447107 2.1683331661350898 5.4682510717166828
decision_type=9 2 10 2 2 2 8 10 2 2 10 2 10 10
left_child=1 9 3 5 -5 -2 -7 -4 -9 10 11 -1 13 -12
right_child=2 -3 7 4 -6 6 -8 8 -10 -11 12 -13 -14 -15
leaf_value=-0.18121958907693625 -0.012755285896532798 -0.25712732425069107 0.21820403722024737 -0.29521434640884403 -0.044979214012520773 0.24219731684774159 -0.022785487771034243 0.10072353913171872 -0.16913754977285864 -0.098823603118459391 0.10352740286315761 0.063503120104744015 -0.10582946111758551 0.28444243756760107
leaf_weight=20 1208 17 31 25 146 30 18 37 15.999999999999998 24 89 73 14.999999999999998 38
leaf_count=20 1208 17 31 25 146 30 18 37 16 24 89 73 15 38
internal_value=-0.00112553 0.0444186 -0.00967458 -0.0157673 -0.0815633 -0.0068094 0.142829 0.0926773 0.019256 0.0659262 0.0827517 0.0108746 0.129826 0.157659
internal_weight=1787 276 1511 1427 171 1256 48 84 53 259 235 93 142 127
internal_count=1787 276 1511 1427 171 1256 48 84 53 259 235 93 142 127
cat_boundaries=0 3
cat_threshold=590336 75497472 2211
is_linear=0
shrinkage=0.05


Tree=87
num_leaves=15
num_cat=1
split_feature=98 53 89 36 76 9 3 27 72 28 41 69 24 9
split_gain=254.579 416.273 396.581 394.044 401.988 486.4 446.411 374.732 357.233 342.844 462.322 308.531 456.544 324.435
threshold=0 13.085184751838694 2.5000000000000004 -0.43528986226754979 28.166666666666668 1227.5000000000002 6.3015151515151517 2.9576353292601811 5.9867632648882667 5.166666666666667 2.8430825789966163 0.4642857142857143 5.8325135461695981 2352.5000000000005
decision_type=9 10 8 8 2 2 2 2 2 2 8 2 2 2
left_child=2 3 -1 -2 5 -5 -6 9 -8 10 -7 13 -13 -11
right_child=1 -3 -4 4 6 7 8 -9 -10 11 -12 12 -14 -15
leaf_value=-0.18887017241989573 0.097944228744341277 0.085547423640816994 0.016453844685862178 -0.10093929497649273 -0.30901433784386212 -0.29053723180995272 0.10297460440546274 -0.17946506467732518 -0.14053071870728107 -0.13212626653332865 0.068378259868998287 0.30819001284738384 0.062168400679630309 0.14510498121380808
leaf_weight=24 45 71 1170 150 29 17 20 22 61 31 19 24 88 15.999999999999998
leaf_count=24 45 71 1170 150 29 17 20 22 61 31 19 24 88 16
internal_value=-0.00106925 -0.0275769 0.0122243 -0.0434918 -0.0568349 -0.0317055 -0.140675 0.0161519 -0.0804059 0.0382215 -0.10111 0.0697682 0.114887 -0.0377497
internal_weight=1787 593 1194 522 477 367 110 217 81 195 36 159 112 47
internal_count=1787 593 1194 522 477 367 110 217 81 195 36 159 112 47
cat_boundaries=0 3
cat_threshold=2164851329 2222985216 10403
is_linear=0
shrinkage=0.05


Tree=88
num_leaves=15
num_cat=0
split_feature=96 43 30 7 6 53 77 89 97 30 64 53 93 8
split_gain=247.206 219.646 458.586 351.089 456.385 358.754 221.082 242.21 244.333 205.657 336.102 511.246 271.423 261.798
threshold=11.500000000000002 10.515189666310439 3.5833333333333335 27.500000000000004 1.2500000000000002 16.699919019393018 36.928571428571431 4.5000000000000009 1.8350000000000002 6.416666666666667 -1.0000000180025095e-35 14.704496666741854 20.500000000000004 6.1802777777777784
decision_type=2 10 2 2 2 10 2 8 10 2 8 10 2 2
left_child=1 6 3 4 -3 -5 7 8 -1 10 11 -9 -12 -14
right_child=-2 2 -4 5 -6 -7 -8 9 -10 -11 12 -13 13 -15
leaf_value=-0.24461241161362049 -0.185374900771098 0.086566462367773059 -0.13975554296658152 0.12287688933072552 0.42517463845365189 -0.17498883932828904 0.17575352025382662 -0.29127772625249165 -0.0034186248091005143 0.040720344559384225 -0.010906184412400976 0.022276899404823781 0.25053803159130944 0.036094947904348376
leaf_weight=21 18 24 21 31 17 14.999999999999998 17 26 21 236 1228 26 18 68
leaf_count=21 18 24 21 31 17 15 17 26 21 236 1228 26 18 68
internal_value=-0.00101579 0.000860109 0.0699542 0.120574 0.226965 0.0257468 -0.00363246 -0.00548742 -0.124016 -0.00237995 -0.00982626 -0.1345 -0.00489243 0.0809784
internal_weight=1787 1769 108 87 41 46 1661 1644 42 1602 1366 52 1314 86
internal_count=1787 1769 108 87 41 46 1661 1644 42 1602 1366 52 1314 86
is_linear=0
shrinkage=0.05


Tree=89
num_leaves=15
num_cat=1
split_feature=98 75 84 95 87 37 48 74 35 26 96 3 90 52
split_gain=248.19 596.926 427.803 392.63 362.164 320.203 320.025 367.444 399.631 315.607 360.884 346.695 302.619 264.585
threshold=0 5.0157719095004731 1.0000000180025095e-35 44.500000000000007 4.5000000000000009 0.48570226039551589 -1024.9999999999998 2.0225800010375683 0.099181547619047558 0.039407724514603608 3.5000000000000004 5.9013888888888895 30.500000000000004 -1.0000000180025095e-35
decision_type=9 2 2 2 2 8 8 2 10 2 2 2 10 10
left_child=1 2 3 9 13 -5 7 8 -2 -1 -11 -12 -8 -4
right_child=6 -3 4 5 -6 -7 12 -9 -10 10 11 -13 -14 -15
leaf_value=-0.14048659880128173 -0.039346526960531869 -0.2197824375331402 -0.11946745114400983 0.39350705304566552 -0.25417287472416378 0.12773831734324204 -0.017104204839026367 -0.055923230799898097 0.27190935613982603 0.14149326979747731 0.14259230792522432 -0.13676321609266873 0.17410439366386052 0.15997738490502042
leaf_weight=18 14.999999999999998 20 15.999999999999998 17 17 34 1415 27 33 89 18 29 21 18
leaf_count=18 15 20 16 17 17 34 1415 27 33 89 18 29 21 18
internal_value=-0.000965 0.0417794 0.063846 0.0960848 -0.0657417 0.216328 -0.00898973 0.0916384 0.174642 0.0562641 0.0823046 -0.029776 -0.014308 0.0284739
internal_weight=1787 276 256 205 51 51 1511 75 48 154 136 47 1436 34
internal_count=1787 276 256 205 51 51 1511 75 48 154 136 47 1436 34
cat_boundaries=0 3
cat_threshold=590336 75497472 2211
is_linear=0
shrinkage=0.05


Tree=90
num_leaves=15
num_cat=1
split_feature=77 9 98 51 51 30 73 43 97 11 67 44 7 93
split_gain=374.336 264.769 281.017 310.607 349.577 552.563 330.273 335.509 320.324 255.411 399.926 450.236 492.446 684.213
threshold=36.775000000000006 81.500000000000014 0 0.47049229126305753 0.080195530986373012 2.416666666666667 2334.666666666667 2.7265482080417307 1.7350000000000001 2.1947606997564439 6.733509939861448 -8.2499999999999982 14.500000000000002 1.5000000000000002
decision_type=2 2 9 8 10 2 2 10 8 2 2 10 2 2
left_child=1 -1 3 4 -3 -6 7 -7 -5 10 11 12 13 -4
right_child=-2 2 9 8 5 6 -8 -9 -10 -11 -12 -13 -14 -15
leaf_value=-0.10984039910555143 0.23815449029207231 -0.16606894543296413 -0.10246337181137455 -0.26615432006391615 0.29141878563733331 -0.27606196890274687 0.17816425907076339 0.030604222152297474 -0.06227461535723941 0.040667768006778932 -0.12480699266448166 -0.022457347623796677 -0.014122478847313286 0.15765978819996554
leaf_weight=58 15.999999999999998 19 31 22 21 14.999999999999998 15.999999999999998 22 155 418 66 618 154 137
leaf_count=58 16 19 31 22 21 15 16 22 155 418 66 618 154 137
internal_value=-0.0025958 -0.00479443 -0.00119781 -0.0470017 0.0252417 0.074362 -0.0116417 -0.0937199 -0.0876156 0.00776248 -0.00583274 0.00252077 0.0504601 0.109661
internal_weight=1768 1752 1694 270 93 74 53 37 177 1424 1006 940 322 168
internal_count=1768 1752 1694 270 93 74 53 37 177 1424 1006 940 322 168
cat_boundaries=0 3
cat_threshold=4194818 25165836 590208
is_linear=0
shrinkage=0.05


Tree=91
num_leaves=15
num_cat=2
split_feature=77 44 98 98 8 5 74 53 41 36 35 36 86 36
split_gain=337.838 249.156 572.86 483.794 644.828 441.858 570.644 412.554 356.969 536.097 427.187 380.735 402.553 453.629
threshold=36.775000000000006 -1.0000000180025095e-35 0 1 5.929563492063493 2.5000000000000004 4.9551987010830407 9.4816898555261329 2.6976570695424251 -0.035871848739495692 0.092052445480952261 0.010197728516693802 45.500000000000007 0.34449171518137028
decision_type=2 8 9 9 2 2 2 10 10 10 10 10 2 10
left_child=1 2 -1 4 -3 7 -7 -5 9 10 -4 -10 -13 -14
right_child=-2 3 8 5 -6 6 -8 -9 11 -11 -12 12 13 -15
leaf_value=-0.077178266364311396 0.22624676562845708 0.11257215173876223 0.26462125903368 -0.045590062746625179 -0.025903346232774828 -0.033360917347669598 0.15318641861381591 -0.17531945089931075 0.038564168299847053 -0.067691701035513432 0.028522341725098474 0.34190325305098668 0.17715928425165739 -0.11201808982425265
leaf_weight=111 15.999999999999998 144 25 548 202 125 61 69 159 129 82 24 55 18
leaf_count=111 16 144 25 548 202 125 61 69 159 129 82 24 55 18
internal_value=-0.00246601 -0.00455471 0.0214733 -0.0182143 0.0308368 -0.0392449 0.0278186 -0.0600979 0.0443963 0.000941246 0.0836856 0.0861907 0.164259 0.105855
internal_weight=1768 1752 603 1149 346 803 186 617 492 236 107 256 97 73
internal_count=1768 1752 603 1149 346 803 186 617 492 236 107 256 97 73
cat_boundaries=0 3 6
cat_threshold=2147484170 0 524800 2164785800 2214592512 562
is_linear=0
shrinkage=0.05


Tree=92
num_leaves=15
num_cat=0
split_feature=9 57 19 43 58 3 24 71 93 75 85 96 96 50
split_gain=242.305 276.483 390.997 405.037 395.531 415.461 282.849 466.328 281.255 502.225 423.059 560.921 413.55 377.868
threshold=81.500000000000014 2.4719640003162362 6.3391824249165749 2.107525783562807 -4.7499999999999991 5.7314560439560447 6.1816509742825536 22.416666666666668 8.5000000000000018 0.56961174681782734 1.0000000180025095e-35 6.5000000000000009 3.5000000000000004 0.11682925373315813
decision_type=2 10 2 10 10 2 2 2 2 2 2 2 2 8
left_child=-1 8 3 -3 -5 -6 7 -4 9 10 11 12 -2 -13
right_child=1 2 6 4 5 -7 -8 -9 -10 -11 -12 13 -14 -15
leaf_value=-0.10287097139115414 0.061569560745397517 -0.18500998785783507 -0.04672591520680322 0.20518789564569795 -0.14081306135789914 0.047718844883914653 0.013278646580874921 -0.38988719555464657 0.032773745326162076 -0.050385905445746129 -0.10495803418258827 0.39024101589855398 -0.07303493060171605 0.054536398649215702
leaf_weight=58 229 29 18 24 44 87 15.999999999999998 22 679 401 51 19 76 14.999999999999998
leaf_count=58 229 29 18 24 44 87 16 22 679 401 51 19 76 15
internal_value=-0.00236453 0.00104446 -0.0487131 -0.0135055 0.0185824 -0.0156048 -0.164395 -0.235465 0.00916814 -0.0110951 0.0293039 0.0495027 0.0280288 0.242136
internal_weight=1768 1710 240 184 155 131 56 40 1470 791 390 339 305 34
internal_count=1768 1710 240 184 155 131 56 40 1470 791 390 339 305 34
is_linear=0
shrinkage=0.05


Tree=93
num_leaves=15
num_cat=1
split_feature=77 30 25 76 98 45 85 6 86 88 79 87 48 45
split_gain=301.498 228.22 314.345 305.109 216.526 674.461 402.97 395.702 410.055 342.615 312.285 270.822 567.348 270.549
threshold=36.775000000000006 6.416666666666667 1829.2500000000002 20.450000000000003 0 0.061611897423880756 1.0000000180025095e-35 -0.74999999999999989 65.500000000000014 48.500000000000007 0.4642857142857143 3.5000000000000004 -726.49999999999989 0.038456416045520005
decision_type=2 2 2 2 9 10 2 2 2 10 2 2 10 8
left_child=1 4 3 -3 5 7 11 -1 -9 10 -7 12 -6 -8
right_child=-2 2 -4 -5 6 9 13 8 -10 -11 -12 -13 -14 -15
leaf_value=-0.34648499290148416 0.21381548490608113 -0.2103564736517993 0.067729998565730212 0.076601181551814085 0.32145137843631566 -0.050937400834841863 0.096200306312395983 -0.16948239726324876 0.087230830196113829 0.24416929503281912 0.16319194542510171 0.0057079197172681733 -0.031077051952481272 -0.073398816820264348
leaf_weight=21 15.999999999999998 22 194 15.999999999999998 21 90 26 60 21 14.999999999999998 21 974 25 246
leaf_count=21 16 22 194 16 21 90 26 60 21 15 21 974 25 246
internal_value=-0.00224631 -0.00421947 0.0419715 -0.0895322 -0.0112697 -0.055076 -0.00308897 -0.153071 -0.102927 0.0198826 -0.0104264 0.0113069 0.12986 -0.0571871
internal_weight=1768 1752 232 38 1520 228 1292 102 81 126 111 1020 46 272
internal_count=1768 1752 232 38 1520 228 1292 102 81 126 111 1020 46 272
cat_boundaries=0 3
cat_threshold=5243139 16777240 590224
is_linear=0
shrinkage=0.05


Tree=94
num_leaves=15
num_cat=1
split_feature=77 9 98 27 27 78 21 7 95 50 50 24 7 57
split_gain=272.102 211.731 239.483 358.853 551.431 419.821 422.937 368.298 355.527 286.643 280.047 325.592 346.493 259.179
threshold=36.775000000000006 81.500000000000014 0 0.77808012316624342 0.19181713104868922 3.9285714285714293 1.1666666666666667 12.500000000000002 20.500000000000004 0.56446808017790329 0.19704436720348892 6.1431994047619058 22.500000000000004 2.4719640003162362
decision_type=2 2 9 2 2 2 2 2 2 10 10 2 2 8
left_child=1 -1 3 4 -3 10 8 -6 -7 -8 11 12 -5 -9
right_child=-2 2 -4 5 7 6 9 13 -10 -11 -12 -13 -14 -15
leaf_value=-0.097945679435185326 0.20312471142970026 -0.13362520913014542 0.0078605687136582073 -0.18735964929356297 0.3232725024223328 -0.27919821503261727 0.10139774542163921 0.13123868611690245 0.025079686194658279 -0.13955541467294097 -0.012441911208717262 -0.071134603176923369 -0.51706185569365826 -0.073632885859562805
leaf_weight=58 15.999999999999998 37 1402 17 14.999999999999998 24 54 38 15.999999999999998 15.999999999999998 17 17 14.999999999999998 26
leaf_count=58 16 37 1402 17 15 24 54 38 16 16 17 17 15 26
internal_value=-0.00213399 -0.0040085 -0.000792232 -0.0411959 0.0256687 -0.0876064 -0.0277899 0.100275 -0.157487 0.0463227 -0.187301 -0.247966 -0.341908 0.0480096
internal_weight=1768 1752 1694 292 116 176 110 79 40 70 66 49 32 64
internal_count=1768 1752 1694 292 116 176 110 79 40 70 66 49 32 64
cat_boundaries=0 3
cat_threshold=4195074 25165836 590208
is_linear=0
shrinkage=0.05


Tree=95
num_leaves=15
num_cat=2
split_feature=83 98 83 41 73 89 87 76 71 86 36 59 0 72
split_gain=282.13 537.426 384.362 362.283 285.967 544.245 344.606 341.984 496.149 349.589 339.698 328.123 541.528 485.685
threshold=28.500000000000004 0 20.500000000000004 1.7248365855987977 1799.3333333333337 12.500000000000002 3.5000000000000004 51.291666666666679 25.535714285714288 73.000000000000014 -0.26113445378151251 1.0000000180025095e-35 1 5.6531484040153401
decision_type=8 9 10 10 2 8 2 2 2 2 10 10 1 2
left_child=1 2 -1 -4 5 6 -3 8 9 11 -11 12 -7 -13
right_child=-2 4 3 -5 -6 7 -8 -9 -10 10 -12 13 -14 -15
leaf_value=0.13575611986219882 -0.035086471031228465 0.10200986228883267 -0.23152956188637386 -0.03722509794095729 0.051213128620345674 0.12653608633879504 -0.15192069926379639 0.20229535863424342 -0.19570283283080375 -0.19676738192929943 0.0098006305595239006 0.20446000204366796 0.0062643661366642584 -0.086439063730042273
leaf_weight=14.999999999999998 501 15.999999999999998 49 47 442 153 81 24 28 34 48 17 235 92
leaf_count=15 501 16 49 47 442 153 81 24 28 34 48 17 235 92
internal_value=-0.00327407 0.00916778 -0.09139 -0.136401 0.0193238 0.000227895 -0.110035 0.017178 0.00985871 0.0197995 -0.0758495 0.0355806 0.0571138 -0.0410695
internal_weight=1782 1281 111 96 1170 728 97 631 607 579 82 497 388 109
internal_count=1782 1281 111 96 1170 728 97 631 607 579 82 497 388 109
cat_boundaries=0 3 4
cat_threshold=5243010 8388608 524288 4
is_linear=0
shrinkage=0.05


Tree=96
num_leaves=15
num_cat=1
split_feature=83 98 83 18 90 24 78 46 57 91 24 58 47 69
split_gain=255.25 485.54 346.886 340.13 334.59 315.208 302.879 280.634 277.674 315.541 343.232 275.133 282.648 356.674
threshold=28.500000000000004 0 20.500000000000004 1.0000000180025095e-35 12.500000000000002 5.6672619047619053 7.366666666666668 0.033278867102396456 1.7926456271808611 1.5000000000000002 5.617066822066823 -2.7499999999999996 462.60914461355867 3.8452380952380958
decision_type=8 9 10 2 10 2 2 10 10 8 2 8 10 2
left_child=1 2 -1 5 7 -2 8 -4 9 -3 -11 -12 -13 -14
right_child=3 6 4 -5 -6 -7 -8 -9 -10 10 11 12 13 -15
leaf_value=0.12896831753974161 -0.24232133673136369 -0.0872370566787391 -0.23700363073084088 0.14643356449902059 0.071642960761399838 -0.034477328629736306 0.11941736157584404 -0.034381441593170164 -0.035527032381508138 0.19665419738289092 0.22589502615087176 0.0040672502920892266 0.09219890002321493 -0.16125646283229192
leaf_weight=14.999999999999998 19 58 54 25 17 457 70 25 239 31 17 554 186 14.999999999999998
leaf_count=15 19 58 54 25 17 457 70 25 239 31 17 554 186 15
internal_value=-0.00307311 0.00876122 -0.0868205 -0.0333321 -0.129581 -0.0427736 0.0184139 -0.172883 0.0121538 0.0253893 0.0335242 0.0269736 0.0224946 0.0732843
internal_weight=1782 1281 111 501 96 476 1170 79 1100 861 803 772 755 201
internal_count=1782 1281 111 501 96 476 1170 79 1100 861 803 772 755 201
cat_boundaries=0 3
cat_threshold=5243010 8388608 524288
is_linear=0
shrinkage=0.05


Tree=97
num_leaves=15
num_cat=0
split_feature=85 30 70 3 39 23 43 87 88 54 11 80 71 52
split_gain=243.894 404.668 323.433 490.795 304.842 274.639 260.855 336.358 331.959 415.034 356.082 455.389 348.621 291.729
threshold=1.0000000180025095e-35 6.416666666666667 -25.666666666666661 4.9039473684210533 2.9719601443879751 34.833333333333336 2.0274023338281633 3.5000000000000004 36.500000000000007 -10.249999999999998 0.59119434375315916 0.18333333333333332 28.775000000000002 0.20967312273569402
decision_type=2 2 2 2 10 2 8 2 10 8 2 2 2 10
left_child=2 -2 5 -4 6 -1 13 -8 9 -9 -10 -12 -13 -5
right_child=1 -3 3 4 -6 -7 7 8 10 -11 11 12 -14 -15
leaf_value=0.20986473304884778 -0.055014196599180679 0.11682867578377849 -0.24385586261749267 -0.095211412829830672 0.19026481168852613 -0.02625780999660492 0.13913088004291058 -0.087967072007041888 0.034850111400539223 0.030271239130926865 -0.17770841698367876 -0.11309944693930446 0.22242353215813637 0.024957949237292072
leaf_weight=35 348 38 20 129 22 19 50 82 66 782 77 16.000000000000004 14.999999999999998 83
leaf_count=35 348 38 20 129 22 19 50 82 66 782 77 16 15 83
internal_value=-0.00291945 -0.038097 0.0068073 0.0019796 0.00569874 0.126785 0.00257532 0.012462 0.00636043 0.0190495 -0.0566476 -0.112563 0.0492504 -0.048164
internal_weight=1782 386 1396 1342 1322 54 1300 1088 1038 864 174 108 31 212
internal_count=1782 386 1396 1342 1322 54 1300 1088 1038 864 174 108 31 212
is_linear=0
shrinkage=0.05


Tree=98
num_leaves=15
num_cat=0
split_feature=46 46 46 51 9 27 89 58 45 77 44 2 44 73
split_gain=232.693 222.784 498.819 278.528 325.509 325.202 380.252 374.939 396.691 337.423 320.822 379.337 401.07 277.546
threshold=-0.52583525345622106 0.047458172458172361 0.055759817432143408 0.99155641826896668 2724.0000000000005 0.74440817674621951 12.500000000000002 0.75000000000000011 0.10460526315789466 20.450000000000003 -6.7499999999999991 3.5000000000000004 -1.0000000180025095e-35 1394.3000000000002
decision_type=8 8 8 10 2 2 10 10 10 2 10 2 10 2
left_child=-1 3 -3 5 -5 6 9 8 -7 13 -11 -12 -13 -2
right_child=1 2 -4 4 -6 7 -8 -9 -10 10 11 12 -14 -15
leaf_value=0.19332777321338657 -0.070223536736462727 0.24221462581468664 0.0064587283073761813 -0.10667952788032734 0.063959822129896468 -0.064476865594546628 0.12530860966692367 0.12152075895457529 0.062854851376644136 0.18473446995019915 0.060130896068671169 -0.0082420073173664239 -0.29958815234048025 -0.21940469972434498
leaf_weight=14.999999999999998 121 23.000000000000004 916 157 34 127 30 80 118 20 51 27 21 42
leaf_count=15 121 23 916 157 34 127 30 80 118 20 51 27 21 42
internal_value=-0.00277348 -0.00443818 0.0122334 -0.0233447 -0.0763039 -0.00746521 -0.0439273 0.0275384 -0.00314975 -0.0619311 0.00207966 -0.0348203 -0.135706 -0.108663
internal_weight=1782 1767 939 828 191 637 312 325 245 282 119 99 48 163
internal_count=1782 1767 939 828 191 637 312 325 245 282 119 99 48 163
is_linear=0
shrinkage=0.05


Tree=99
num_leaves=15
num_cat=0
split_feature=96 43 14 36 13 5 26 51 19 83 96 2 72 40
split_gain=224.729 415.211 386.453 363.304 351.086 308.792 338.671 412.021 367.292 355.278 561.74 301.726 364.837 402.598
threshold=4.5000000000000009 1.6663331665265237 1.0000000180025095e-35 -0.018441878048957899 29.500000000000004 4.5000000000000009 0.49175911815837031 0.18031104327418176 5.7787119281684509 28.500000000000004 6.5000000000000009 2.5000000000000004 5.7647934173669482 -1.2499999999999998
decision_type=2 8 2 10 2 2 2 8 2 8 2 2 2 10
left_child=11 4 3 -3 -2 6 7 -4 -8 10 -9 -1 -13 -14
right_child=1 2 5 -5 -6 -7 8 9 -10 -11 -12 12 13 -15
leaf_value=0.0286889785366529 -0.075498490480751523 -0.29173082223405011 0.25113106444478034 -0.0075231374664740131 -0.34039386527405846 0.15618156217038634 -0.19027294175965448 -0.082407062898190442 -0.015836668348675552 -0.16592178851366046 0.29824149923192128 -0.13522860536993039 -0.14024522387981417 0.0093427366497053303
leaf_weight=752 41 23 24 22 18 30 35 21 219 20 18 61 50 448
leaf_count=752 41 23 24 22 18 30 35 21 219 20 18 61 50 448
internal_value=-0.0026348 -0.0322583 -0.0144931 -0.152785 -0.156314 0.00246368 -0.0112204 0.076464 -0.0398732 0.00541293 0.0932769 0.00800797 -0.0198133 -0.00567613
internal_weight=1782 471 412 45 59 367 337 83 254 59 39 1311 559 498
internal_count=1782 471 412 45 59 367 337 83 254 59 39 1311 559 498
is_linear=0
shrinkage=0.05


Tree=100
num_leaves=15
num_cat=2
split_feature=43 98 0 11 57 54 23 50 74 10 25 93 29 67
split_gain=251.463 237.194 328.166 710.36 381.784 452.746 370.156 364.546 363.563 527.525 287.662 757.081 492.604 425.145
threshold=13.548692684790382 0 1 1.8321447805501523 0.48570226039551589 11.750000000000002 22.833333333333339 -1.0972164843697099 5.0006636588834237 5.704417205415667 763.75000000000011 2.5000000000000004 6.166666666666667 5.8548643779868579
decision_type=10 9 1 2 8 10 2 8 2 2 2 2 2 2
left_child=1 2 3 6 -5 -6 7 -1 9 10 11 -4 13 -13
right_child=-2 -3 8 4 5 -7 -8 -9 -10 -11 -12 12 -14 -15
leaf_value=0.12460246655870887 0.15584292406285252 -0.02221523969351643 -0.034059060523004246 -0.17670755656436088 0.17789582732532705 -0.045706135171808694 -0.30481732040643694 -0.13504763402214104 0.17116938586844954 -0.27171546692649523 0.014213914169086734 0.12451864721046553 0.06095762430010615 0.44320704841613773
leaf_weight=17 27 633 66 15.999999999999998 56 38 24 66 43 14.999999999999998 708 18 37 25
leaf_count=17 27 633 66 16 56 38 24 66 43 15 708 18 37 25
internal_value=0.00440911 0.00208862 0.0157722 -0.0383811 0.0490728 0.0875035 -0.131874 -0.0818663 0.0289339 0.0222287 0.0273917 0.0912948 0.194712 0.309803
internal_weight=1789 1762 1129 217 110 94 107 83 912 869 854 146 80 43
internal_count=1789 1762 1129 217 110 94 107 83 912 869 854 146 80 43
cat_boundaries=0 3 4
cat_threshold=18415744 2172653572 71843 1
is_linear=0
shrinkage=0.05


Tree=101
num_leaves=15
num_cat=1
split_feature=98 24 67 57 85 86 54 46 24 93 6 51 46 51
split_gain=229.114 313.814 447.577 320.964 403.784 653.472 337.303 334.734 309.675 345.22 361.985 338.648 309.011 304.175
threshold=0 5.8088487831779902 5.9458535417755618 2.9719601443879751 1.0000000180025095e-35 77.000000000000014 -9.2499999999999982 -0.092660675381263491 5.8945925399934564 16.500000000000004 17.750000000000004 0.14028913522648973 -0.30678839838322597 0.030891425674781155
decision_type=9 2 2 10 2 2 8 10 2 2 2 8 8 10
left_child=1 2 -1 4 5 6 7 -3 11 10 12 13 -10 -2
right_child=8 3 -4 -5 -6 -7 -8 -9 9 -11 -12 -13 -14 -15
leaf_value=-0.002701160705974562 0.053300774623365965 -0.22053377458027434 -0.18614990942180157 -0.077066613826900721 -0.021677052978412721 0.37416042471304539 0.063376198166907913 0.019579314432562667 0.14939235852045171 0.040833316975656675 -0.25955557301640514 0.048465254895810814 -0.070639441261927671 -0.22313438225537541
leaf_weight=197 17 21 40 64 207 15.999999999999998 558 47 17 85 24 212 260 24
leaf_count=197 17 21 40 64 207 16 558 47 17 85 24 212 260 24
internal_value=0.00418245 0.01745 -0.033663 0.0309092 0.0390487 0.0586285 0.0505638 -0.0545733 -0.0196603 -0.0481479 -0.0732755 0.0230258 -0.0571357 -0.108515
internal_weight=1789 1150 237 913 849 642 626 68 639 386 301 253 277 41
internal_count=1789 1150 237 913 849 642 626 68 639 386 301 253 277 41
cat_boundaries=0 3
cat_threshold=18415744 2172653572 72097
is_linear=0
shrinkage=0.05


Tree=102
num_leaves=15
num_cat=2
split_feature=43 46 46 98 0 72 72 27 74 28 6 93 29 30
split_gain=227.777 214.41 359.624 230.231 372.541 506.751 360.836 447.934 348.672 367.353 430.773 333.466 836.528 321.447
threshold=13.548692684790382 0.23206521739130423 0.27113095238095219 0 1 5.8791025544553781 5.949306682900434 2.9741148618049924 5.0006636588834237 9.5833333333333339 -0.74999999999999989 2.5000000000000004 6.166666666666667 3.416666666666667
decision_type=10 10 10 9 1 2 2 2 2 2 2 2 2 2
left_child=1 3 -3 4 5 -1 -7 -8 9 10 -6 -12 -13 -14
right_child=-2 2 -4 -5 8 6 7 -9 -10 -11 11 12 13 -15
leaf_value=-0.17741397282510413 0.14809869284983035 -0.2035564961758527 -0.0084251441959157045 -0.017142961407369973 0.01411307419807014 0.17468526595487044 -0.12309871541876947 0.073877344818578827 0.17833514462520439 -0.0046845462836208754 -0.01486371879776319 0.39497266329568009 0.030527511652972961 0.20730933699756862
leaf_weight=51 27 33 83 633 202 26 62 54 41 400 36 29 72 40
leaf_count=51 27 33 83 633 202 26 62 54 41 400 36 29 72 40
internal_value=0.00397333 0.00176482 -0.0639366 0.00639506 0.0210647 -0.0401431 0.0063315 -0.031403 0.035781 0.0287375 0.0640114 0.120957 0.155635 0.0936639
internal_weight=1789 1762 116 1646 1013 193 142 116 820 779 379 177 141 112
internal_count=1789 1762 116 1646 1013 193 142 116 820 779 379 177 141 112
cat_boundaries=0 3 4
cat_threshold=18416128 2222985220 67744 1
is_linear=0
shrinkage=0.05


Tree=103
num_leaves=15
num_cat=1
split_feature=43 46 46 25 46 96 14 75 11 0 55 93 43 86
split_gain=205.583 193.475 324.56 246.096 212.433 268.828 193.897 197.804 314.132 311.343 309.293 418.312 304.147 250.946
threshold=13.548692684790382 0.23206521739130423 0.27113095238095219 1690.5000000000002 0.20571789321789308 11.500000000000002 11.500000000000002 3.6224245573394005 4.531842840835453 0 9.0982273269111733 13.500000000000002 3.4496731711975954 37.500000000000007
decision_type=10 10 10 2 10 2 2 2 2 1 10 2 10 2
left_child=1 4 3 -3 5 6 7 8 9 10 11 13 -13 -1
right_child=-2 2 -4 -5 -6 -7 -8 -9 -10 -11 -12 12 -14 -15
leaf_value=0.019531684741377831 0.14069375456483277 -0.068733620478047264 -0.0080038864524608639 -0.34295272191365561 0.14261529430306316 -0.18844335733188525 0.16904721251792379 0.048473545778930816 -0.20490514888967337 0.010815628567968119 -0.24212183564901354 -0.01946784021689537 0.18870034145989589 -0.13227312936796806
leaf_weight=38 27 18 83 14.999999999999998 28 18 18 216 19 1118 20 47 28 96
leaf_count=38 27 18 83 15 28 18 18 216 19 1118 20 47 28 96
internal_value=0.00376987 0.00167172 -0.0607398 -0.193379 0.0060701 0.00370714 0.00586883 0.00401219 -0.0030183 -0.000170604 -0.0520077 -0.0363033 0.0582483 -0.089224
internal_weight=1789 1762 116 33 1646 1618 1600 1582 1366 1347 229 209 75 134
internal_count=1789 1762 116 33 1646 1618 1600 1582 1366 1347 229 209 75 134
cat_boundaries=0 1
cat_threshold=1
is_linear=0
shrinkage=0.05


Tree=104
num_leaves=15
num_cat=1
split_feature=98 36 9 53 6 78 73 56 56 3 83 42 9 50
split_gain=192.134 265.883 377.408 291.948 303.516 256.562 381.548 367.547 332.759 259.208 549.392 249.587 361.208 304.066
threshold=0 -0.49573863636363663 763.50000000000011 15.581327448739257 28.750000000000004 6.8166666666666673 2334.666666666667 2.7500000000000004 3.7500000000000004 5.5923295454545459 22.500000000000004 -2.3749999999999996 2655.0000000000005 -0.84263430186547328
decision_type=9 8 2 10 2 2 2 8 8 2 8 10 2 10
left_child=-1 2 -2 5 -5 7 -7 11 -9 10 -10 13 -13 -3
right_child=1 3 -4 4 -6 6 -8 8 9 -11 -12 12 -14 -15
leaf_value=0.01611992324219123 -0.091421088050393506 -0.11916866634453004 0.20345489788955701 0.19682930069310325 -0.07616140968166292 -0.094709523394703871 0.139391125291181 0.18483067899942399 0.27597795490175486 -0.047410743118189602 -0.094626849591732023 -0.099877111758333414 -0.32194862961769105 0.12763205245137216
leaf_weight=1124 17 26 30 28 15.999999999999998 28 46 20 20 226 20 143 21 24
leaf_count=1124 17 26 30 28 16 28 46 20 20 226 20 143 21 24
internal_value=0.0035844 -0.0175815 0.0967976 -0.0265647 0.09756 -0.0360795 0.0508125 -0.0489395 -0.0118573 -0.0266459 0.0906756 -0.098498 -0.128313 -0.000704321
internal_weight=1789 665 47 618 44 574 74 500 286 266 40 214 164 50
internal_count=1789 665 47 618 44 574 74 500 286 266 40 214 164 50
cat_boundaries=0 3
cat_threshold=18415744 2155876356 72099
is_linear=0
shrinkage=0.05


Tree=105
num_leaves=15
num_cat=0
split_feature=95 2 52 45 94 11 11 55 11 93 8 97 96 51
split_gain=226.25 220.143 459.895 329.796 337.139 404.764 537.783 418.044 312.029 303.642 313.494 301.193 286.882 261.435
threshold=200.50000000000003 2.5000000000000004 2.433508919551969 0.041284152526971957 4.5000000000000009 1.6057433951646092 1.4615003531798723 7.1954126026849901 1.1914882604032757 2.5000000000000004 6.4733285917496453 1.8350000000000002 3.5000000000000004 1.057903661018113
decision_type=2 2 8 10 2 2 2 10 2 2 2 8 2 10
left_child=1 9 3 -3 5 6 8 -7 13 11 -11 -1 -10 -5
right_child=-2 2 -4 4 -6 7 -8 -9 12 10 -12 -13 -14 -15
leaf_value=0.062487175518816163 -0.16134248290743147 0.091521839745625666 -0.17723288165587114 -0.04122232380259671 0.2045186025254867 -0.0097120560510005772 -0.31892059581975141 0.12498261726608402 -0.058063677946726483 0.027379208280183351 0.24448762343210331 -0.1225167809223587 0.23444478668664634 -0.19972561085596682
leaf_weight=33 21 79 41 367 17 238 18 76 14.999999999999998 758 17 66 19 28
leaf_count=33 21 79 41 367 17 238 18 76 15 758 17 66 19 28
internal_value=0.00181106 0.00374459 -0.0136417 -0.00581533 -0.0156992 -0.0206186 -0.0511812 0.0228892 -0.0399474 0.0216084 0.0321416 -0.0608488 0.105397 -0.052458
internal_weight=1793 1772 898 857 778 761 447 314 429 874 775 99 34 395
internal_count=1793 1772 898 857 778 761 447 314 429 874 775 99 34 395
is_linear=0
shrinkage=0.05


Tree=106
num_leaves=15
num_cat=1
split_feature=95 2 36 94 45 88 48 87 98 35 35 53 37 91
split_gain=204.191 198.679 291.077 272.301 280.395 307.154 267.079 260.945 361.263 314.378 340.093 317.64 312.544 286.671
threshold=200.50000000000003 2.5000000000000004 -0.77710437710437696 4.5000000000000009 0.037636518339722057 1.0000000180025095e-35 102.00000000000001 15.500000000000002 0 0.11938296054675351 0.19401129958233312 12.499444419750894 1.0000000180025095e-35 2.5000000000000004
decision_type=2 2 10 2 10 10 10 2 9 10 10 10 8 8
left_child=1 7 -3 4 5 6 -4 8 9 12 -11 -12 -1 -9
right_child=-2 2 3 -5 -6 -7 -8 13 -10 10 11 -13 -14 -15
leaf_value=0.20879816493391989 -0.15327535974127907 -0.18117791056632995 0.117854199744761 0.17422504124231639 -0.020787959588625241 0.28509606709082924 -0.11506301704328509 -0.21797525443528831 -0.0087077799300340555 -0.11563346950071199 0.0064672953954764776 0.23240824848413469 0.070595690310415293 -0.011978183243742311
leaf_weight=50 21 25 32 20 786 14.999999999999998 20 19 296 42 70 20 225 152
leaf_count=50 21 25 32 20 786 15 20 19 296 42 70 20 225 152
internal_value=0.0017205 0.00355736 -0.0129597 -0.00814241 -0.0124183 0.0857689 0.0282707 0.0205279 0.0340023 0.0637127 0.00185053 0.0566764 0.0957234 -0.0348667
internal_weight=1793 1772 898 873 853 67 52 874 703 407 132 90 275 171
internal_count=1793 1772 898 873 853 67 52 874 703 407 132 90 275 171
cat_boundaries=0 3
cat_threshold=2147484296 16781312 2560
is_linear=0
shrinkage=0.05


Tree=107
num_leaves=15
num_cat=2
split_feature=0 83 35 86 72 98 86 86 72 24 42 45 9 10
split_gain=196.864 332.79 415.203 326.737 272.793 307.31 349.303 423.691 391.184 307.012 303.302 356.749 300.017 311.508
threshold=0 32.500000000000007 0.27225049876380553 30.000000000000004 5.8412878787878801 1 39.500000000000007 53.000000000000007 5.9894338234994535 5.925859788359789 10.125000000000002 0.037636518339722057 2790.5000000000005 8.4976821416057664
decision_type=1 10 8 2 2 9 2 2 2 2 10 8 2 2
left_child=1 -1 -3 -2 -5 6 -6 8 -8 -7 11 -11 13 -13
right_child=3 2 -4 4 5 9 7 -9 -10 10 -12 12 -14 -15
leaf_value=0.018262687049279157 -0.20542284560700261 -0.14601508202331681 0.14714443112413089 -0.11307917507513175 0.15793249968021197 0.14769310818778145 -0.22217401731759312 0.093254721184310163 0.0024375687988977585 0.1172127495355466 0.08452806500373064 -0.13380563897136155 -0.29012858990741813 0.081497145408675795
leaf_weight=1223 24 62 14.999999999999998 63 49 18 28 76 63 17 27 84 23 21
leaf_count=1223 24 62 15 63 49 18 28 76 63 17 27 84 23 21
internal_value=0.00163205 0.011824 -0.0889061 -0.0249766 -0.0162752 -0.00125393 0.0387555 0.0061081 -0.0666737 -0.0463392 -0.0693391 -0.0979902 -0.126572 -0.0907451
internal_weight=1793 1300 77 493 469 406 216 167 91 190 172 145 128 105
internal_count=1793 1300 77 493 469 406 216 167 91 190 172 145 128 105
cat_boundaries=0 1 3
cat_threshold=6 8 4096
is_linear=0
shrinkage=0.05


Tree=108
num_leaves=15
num_cat=0
split_feature=93 8 4 57 68 70 91 77 45 67 83 50 36 36
split_gain=179.48 184.701 534.317 296.126 219.713 471.085 269.116 266.728 240.861 287.046 235.962 370.161 240.258 547.083
threshold=1.5000000000000002 6.452272727272728 14.500000000000002 1.1236095644623239 8.1000000000000014 17.541666666666668 17.500000000000004 33.900000000000006 0.079857221879315016 7.0588063817902542 32.500000000000007 -0.4455215791240334 -0.26113445378151251 -0.33570036594230118
decision_type=2 2 2 10 2 2 10 2 8 2 10 10 8 10
left_child=-1 2 4 -3 5 6 7 10 -7 -10 12 -12 13 -2
right_child=1 3 -4 -5 -6 8 -8 -9 9 -11 11 -13 -14 -15
leaf_value=-0.064597304564775887 0.0012682086915420973 0.22846185066129851 -0.27610236301141627 -0.046739268828840823 0.096476987222558819 0.022385748018111502 0.12654843405665209 0.1075234564802339 -0.17379213723501094 0.048265886969036526 0.11180746963149624 -0.14044477535231459 0.015756626619855062 -0.20465423752154624
leaf_weight=97 139 23 17 17 64 35 48 62 76 18 19 62 1074 42
leaf_count=97 139 23 17 17 64 35 48 62 76 18 19 62 1074 42
internal_value=0.00155045 0.00533366 0.00276923 0.111501 0.00566173 0.00197146 0.010139 0.00614209 -0.0895807 -0.13127 0.00143726 -0.0812745 0.00677563 -0.0465149
internal_weight=1793 1696 1656 40 1639 1575 1446 1398 129 94 1336 81 1255 181
internal_count=1793 1696 1656 40 1639 1575 1446 1398 129 94 1336 81 1255 181
is_linear=0
shrinkage=0.05


Tree=109
num_leaves=15
num_cat=0
split_feature=95 44 87 52 58 86 97 91 52 91 73 83 54 36
split_gain=179.738 178.904 371.778 333.36 368.595 266.807 237.403 504.608 266.958 234.012 221.116 226.099 384.998 311.759
threshold=200.50000000000003 -1.0000000180025095e-35 16.500000000000004 0.081462868256494361 1.0000000180025095e-35 28.500000000000004 1.7450000000000003 10.500000000000002 0.21992202778346839 25.500000000000004 406.00000000000006 29.500000000000004 4.7500000000000009 0.31786420101637508
decision_type=2 10 2 10 10 2 8 8 8 8 2 10 10 10
left_child=1 6 10 -4 -5 -6 7 -1 -9 -8 -3 -12 -13 -14
right_child=-2 2 3 4 5 -7 9 8 -10 -11 11 12 13 -15
leaf_value=-0.18824209214710608 -0.14394632173436028 -0.13252233566055377 -0.249866501421764 -0.23623422086238863 0.1805910535156727 -0.067926394387527747 0.028329519516556864 -0.099429237488657243 0.17169838942911314 -0.1071923955823436 0.020090827676591903 -0.12490067079317016 0.14139602394664991 -0.10362978187345324
leaf_weight=41 21 31 29 18 18 27 917 14.999999999999998 23 33 487 78 34 21
leaf_count=41 21 31 29 18 18 27 917 15 23 33 487 78 34 21
internal_value=0.00147293 0.00319629 -0.0155003 -0.109584 -0.0450094 0.0314806 0.0166963 -0.0665861 0.0646743 0.0236219 -0.00220426 0.00431165 -0.0534663 0.0478407
internal_weight=1793 1772 743 92 63 45 1029 79 38 950 651 620 133 55
internal_count=1793 1772 743 92 63 45 1029 79 38 950 651 620 133 55
is_linear=0
shrinkage=0.05


Tree=110
num_leaves=15
num_cat=3
split_feature=66 95 2 98 0 43 43 97 30 89 25 49 52 98
split_gain=241.148 269.415 176.15 314.652 318.988 739.623 424.432 350.849 328.771 309.952 367.359 340.624 296.955 295.006
threshold=1.0000000180025095e-35 5.5000000000000009 2.5000000000000004 0 1 6.515986323710905 10.515189666310439 1.8250000000000004 4.416666666666667 11.500000000000002 2600.3333333333335 1.6040346223711566 2.5591603394132112 2
decision_type=10 2 2 9 1 8 8 10 2 8 2 10 8 9
left_child=2 -2 3 9 6 -6 7 -5 -9 10 -1 -11 13 -4
right_child=1 -3 12 4 5 -7 -8 8 -10 11 -12 -13 -14 -15
leaf_value=-0.14769311950701039 -0.0019743151524487662 0.28875323494275412 -0.036944004435726645 -0.25591352507472037 0.052692071440600868 -0.12292083393616282 0.120985441615707 -0.069496203048361668 0.20911898771921794 0.042822678662711888 0.14148920098940532 0.22350996828504971 -0.16065549529674983 0.02349776134290027
leaf_weight=41 17 14.999999999999998 517 15.999999999999998 97 157 76 36 14.999999999999998 381 14.999999999999998 28 36 320
leaf_count=41 17 15 517 16 97 157 76 36 15 381 15 28 36 320
internal_value=-0.00170498 0.134304 -0.0042135 0.0118195 -0.0207672 -0.0537403 0.037485 -0.0516372 0.0124494 0.0392435 -0.0702336 0.0551925 -0.0200445 -0.0139967
internal_weight=1767 32 1735 862 397 254 143 67 51 465 56 409 873 837
internal_count=1767 32 1735 862 397 254 143 67 51 465 56 409 873 837
cat_boundaries=0 3 4 7
cat_threshold=2147483649 83890188 526848 4 2147483659 16781320 512
is_linear=0
shrinkage=0.05


Tree=111
num_leaves=15
num_cat=2
split_feature=66 95 2 98 81 52 46 94 36 85 26 6 98 96
split_gain=217.649 243.147 159.056 293.416 351.837 316.72 360.339 341.966 308.328 286.419 293.527 355.646 242.781 327.907
threshold=1.0000000180025095e-35 5.5000000000000009 2.5000000000000004 0 0.36666666666666675 1.5313589815050366 0.049260635198135012 1.0000000180025095e-35 0.65369630369630338 1.0000000180025095e-35 0.41925977581801516 2.2500000000000004 1 4.5000000000000009
decision_type=10 2 2 9 2 10 8 2 8 2 2 2 9 2
left_child=2 -2 12 8 5 6 7 -5 -4 10 -9 -12 -1 -14
right_child=1 -3 3 4 -6 -7 -8 9 -10 -11 11 -13 13 -15
leaf_value=0.077858887688588285 -0.0018756028483895696 0.27431557238101961 -0.033455029043011612 0.1075799491975391 -0.18908945063227101 -0.15452240215880531 0.12533180785236861 0.17314838734823035 -0.21668875999748707 -0.19950087504542394 -0.1340286625859638 0.072255894582013827 0.013471096438046488 -0.084160991637694721
leaf_weight=108 17 14.999999999999998 529 57 19 21 96 19 24 23 48 37 655 99
leaf_count=108 17 15 529 57 19 21 96 19 24 23 48 37 655 99
internal_value=-0.00162353 0.127589 -0.0040067 -0.01905 0.0189928 0.0327586 0.0468047 0.00583396 -0.0406718 -0.0398316 -0.00452008 -0.0442342 0.0112285 0.000643495
internal_weight=1767 32 1735 873 320 301 280 184 553 127 104 85 862 754
internal_count=1767 32 1735 873 320 301 280 184 553 127 104 85 862 754
cat_boundaries=0 3 6
cat_threshold=2147483915 16781320 512 2147483649 67108872 2560
is_linear=0
shrinkage=0.05


Tree=112
num_leaves=15
num_cat=1
split_feature=66 79 54 96 86 30 98 53 32 48 86 45 49 87
split_gain=196.358 150.649 288.154 319.04 216.88 190.587 172.134 403.387 251.305 236.231 221.246 257.047 238.372 223.787
threshold=1.0000000180025095e-35 0.69047619047619058 -1.7499999999999998 3.5000000000000004 43.500000000000007 5.166666666666667 0 16.120801191457748 0.83333333333333337 -711.74999999999989 86.000000000000014 0.13646151238506962 0.13557242700746211 7.5000000000000009
decision_type=10 2 10 2 2 2 9 10 2 8 2 10 8 2
left_child=1 6 3 4 -3 -4 7 8 9 -1 11 12 -11 -13
right_child=-2 2 5 -5 -6 -7 -8 -9 -10 10 -12 13 -14 -15
leaf_value=-0.09378058182505461 0.12120956229045987 -0.15433821587851554 0.23182296973687633 0.15946803036190216 0.029837378620680782 0.038174457599719366 -0.01643077154506542 -0.18781614433974028 -0.13759798038946955 -0.15822859872132541 0.25066079239050548 0.0012662743601728889 0.04306721853931527 0.22138122741857336
leaf_weight=26 32 33 27 21 31 24 1267 21 19 15.999999999999998 14.999999999999998 17 182 36
leaf_count=26 32 33 27 21 31 24 1267 21 19 16 15 17 182 36
internal_value=-0.00152032 -0.00378393 0.0467355 -0.00963969 -0.0651282 0.140694 -0.00808077 0.02357 0.0386016 0.0500666 0.0641268 0.0529794 0.0268009 0.150778
internal_weight=1767 1735 136 85 64 51 1599 332 311 292 266 251 198 53
internal_count=1767 1735 136 85 64 51 1599 332 311 292 266 251 198 53
cat_boundaries=0 3
cat_threshold=2168455168 2172649480 526387
is_linear=0
shrinkage=0.05


Tree=113
num_leaves=15
num_cat=0
split_feature=66 82 85 11 61 23 71 71 77 7 43 86 8 72
split_gain=177.227 204.839 150.132 249.643 264.473 211.868 329.398 176.668 334.075 375.576 287.942 525.527 284.588 425.016
threshold=1.0000000180025095e-35 0.81666666666666676 1.0000000180025095e-35 0.24017054680734873 1.1236095644623239 24.833333333333339 13.29166666666667 27.816666666666666 27.816666666666666 25.500000000000004 2.107525783562807 64.000000000000014 5.7928921568627461 5.9218113856722736
decision_type=10 2 2 2 10 2 2 2 2 2 10 2 2 2
left_child=2 -2 7 -4 5 6 -5 -1 9 -9 11 12 -10 -14
right_child=1 -3 3 4 -6 -7 -8 8 10 -11 -12 -13 13 -15
leaf_value=0.015032667448850776 0.24165234211832287 -0.011354181915521622 -0.11444021497967921 0.15164399988511032 -0.17475107675013335 0.036519613118062531 -0.086957253454272285 -0.28869509570300583 0.21004914820194243 -0.053471053877313227 0.082994404625754026 -0.27055417597293857 -0.18944184434201039 0.038436662582190417
leaf_weight=996 15.999999999999998 15.999999999999998 73 17 23 172 97 20 14.999999999999998 112 86 20 28 76
leaf_count=996 16 16 73 17 23 172 97 20 15 112 86 20 28 76
internal_value=-0.00144896 0.115149 -0.00359947 -0.03128 -0.0116337 0.00148415 -0.0513764 0.00421572 -0.0259627 -0.0891111 0.0110844 -0.0334067 0.00645002 -0.0229152
internal_weight=1767 32 1735 382 309 286 114 1353 357 132 225 139 119 104
internal_count=1767 32 1735 382 309 286 114 1353 357 132 225 139 119 104
is_linear=0
shrinkage=0.05


Tree=114
num_leaves=15
num_cat=0
split_feature=66 82 93 3 83 97 30 46 52 97 36 83 22 3
split_gain=159.947 184.868 145.072 276.671 313.967 249.811 281.568 254.847 199.527 191.249 440.975 335.909 258.741 257.944
threshold=1.0000000180025095e-35 0.81666666666666676 1.5000000000000002 5.1365330848089483 26.500000000000004 1.925 1.8333333333333337 -0.023412619150659796 -0.018695875070989045 1.8450000000000004 -0.25714869281045777 18.500000000000004 12.91666666666667 5.4843597262952111
decision_type=10 2 2 2 10 10 2 10 8 8 8 10 2 2
left_child=2 -2 8 4 -4 9 -7 -8 -1 -5 12 -12 -11 -13
right_child=1 -3 3 5 -6 6 7 -9 -10 10 11 13 -14 -15
leaf_value=-0.23170100661615531 0.22956973109394313 -0.01078647505491972 0.23635935668761912 -0.014890506823502639 -0.0070747420191764835 0.035467229499703365 -0.33428188422146965 -0.060502520028282616 -0.031937629441420243 -0.13681204650728476 0.22436909487713941 -0.15684970632816356 0.059125554934144023 0.035731611161268592
leaf_weight=14.999999999999998 15.999999999999998 15.999999999999998 26 899 27 21 17 17 75 63 23 18 23 511
leaf_count=15 16 16 26 899 27 21 17 17 75 63 23 18 23 511
internal_value=-0.00137651 0.109392 -0.0034195 -3.7682e-05 0.112346 -0.00377909 -0.108482 -0.197392 -0.0652315 -3.23936e-05 0.020904 0.0373117 -0.0844101 0.0291787
internal_weight=1767 32 1735 1645 53 1592 55 34 90 1537 638 552 86 529
internal_count=1767 32 1735 1645 53 1592 55 34 90 1537 638 552 86 529
is_linear=0
shrinkage=0.05


Tree=115
num_leaves=15
num_cat=1
split_feature=88 98 94 35 87 67 24 42 45 95 45 12 51 93
split_gain=206.98 166.406 242.522 301.157 251.862 283.769 204.011 367.678 473.73 373.105 357.263 294.792 375.684 418.121
threshold=78.500000000000014 0 3.5000000000000004 0.18840213000590778 1.5000000000000002 6.3408333333333342 5.9060185185185192 1.0000000180025095e-35 0.071537855135616418 39.500000000000007 0.13297174116149904 30.500000000000004 0.13699774636368653 3.5000000000000004
decision_type=10 9 2 10 2 2 2 8 10 2 10 2 8 2
left_child=1 -1 4 -4 5 -3 7 8 -6 10 -10 12 -9 -14
right_child=-2 2 3 -5 6 -7 -8 11 9 -11 -12 -13 13 -15
leaf_value=0.013147631292146328 -0.13138477762540182 0.26818471471468608 -0.070114740928014119 0.21785605504460959 0.32590374736224903 -0.011349417463592861 -0.05746742508830787 -0.22367526332014487 -0.0868978766600291 -0.17118106444968897 0.21952665820717812 -0.23076852998799749 -0.12678466894336649 0.072879770244989137
leaf_weight=1085 30 14.999999999999998 14.999999999999998 23 17 23 361 19 14.999999999999998 17 26 18 37 90
leaf_count=1085 30 15 15 23 17 23 361 19 15 17 26 18 37 90
internal_value=-0.0011563 0.00106224 -0.0182595 0.104183 -0.0258386 0.098993 -0.0337446 0.00208784 0.0937935 0.0257612 0.10742 -0.0398507 -0.0163129 0.0147098
internal_weight=1791 1761 676 38 638 38 600 239 75 58 41 164 146 127
internal_count=1791 1761 676 38 638 38 600 239 75 58 41 164 146 127
cat_boundaries=0 3
cat_threshold=2149154816 2214596620 67634
is_linear=0
shrinkage=0.05


Tree=116
num_leaves=15
num_cat=0
split_feature=30 88 53 25 23 26 86 13 25 24 96 90 73 50
split_gain=191.188 214.528 213.023 225.723 263.419 246.795 291.632 250.058 193.872 417.214 397.913 487.439 450.782 410.687
threshold=6.416666666666667 78.500000000000014 13.89643318945541 1872.0000000000002 29.833333333333339 0.93305843990917026 44.500000000000007 31.500000000000004 2269.166666666667 5.7958599371642858 4.5000000000000009 4.5000000000000009 2626.3333333333335 -0.085785818519070689
decision_type=2 10 10 2 2 2 2 2 2 2 2 10 2 8
left_child=1 8 3 -2 -5 -6 7 -7 -1 -10 11 -11 13 -13
right_child=2 -3 -4 4 5 6 -8 -9 9 10 -12 12 -14 -15
leaf_value=0.0041165809191864499 -0.085506395753976464 -0.14457671794641233 0.20152342386151614 0.13139985893503764 0.18671634905040266 -0.28386259712278844 0.043562453544388216 -0.024079574915495786 0.20870204325765374 -0.27896428420725794 -0.18688500986454337 -0.20056336936216024 0.062041388791904122 -0.0067420651714007063
leaf_weight=1216 37 28 19 64 15.999999999999998 15.999999999999998 60 22 15.999999999999998 18 47 43 114 75
leaf_count=1216 37 28 19 64 16 16 60 22 16 18 47 43 114 75
internal_value=-0.00109481 -0.00742792 0.0410447 0.0268628 0.0502205 0.00464611 -0.0250796 -0.133462 -0.00491636 -0.0400092 -0.0534078 -0.0283141 -0.00886708 -0.0773719
internal_weight=1791 1557 234 215 178 114 98 38 1529 313 297 250 232 118
internal_count=1791 1557 234 215 178 114 98 38 1529 313 297 250 232 118
is_linear=0
shrinkage=0.05


Tree=117
num_leaves=15
num_cat=1
split_feature=30 97 42 83 25 88 64 49 75 78 49 98 46 36
split_gain=172.548 216.069 212.066 233.064 210.301 193.611 188.437 385.323 248.448 301.949 234.008 231.411 282.158 392.162
threshold=6.416666666666667 1.7650000000000003 8.6250000000000018 24.500000000000004 1965.5000000000002 78.500000000000014 -1.0000000180025095e-35 1.3365353063896031 5.166472333405788 2.8452380952380953 1.310666485243561 0 0.093968287654620564 0.015494638715701501
decision_type=2 10 8 8 2 10 8 10 2 2 8 9 8 10
left_child=5 -2 4 -4 -3 6 7 -1 11 -10 -11 12 13 -8
right_child=1 2 3 -5 -6 -7 8 -9 9 10 -12 -13 -14 -15
leaf_value=-0.27771929980892884 0.151670471413268 -0.07709392469238352 0.031428061357561363 -0.18271547098411248 0.077352047419796399 -0.13734788506158763 -0.040223369563759215 -0.0019464357915383421 -0.061617258387176611 0.037010309426113962 0.28831792643124404 0.003534283416664407 0.0028007987578323968 -0.23757358021699848
leaf_weight=19 36 27 27 24 120 28 71 38 19 15.999999999999998 22 1194 111 39
leaf_count=19 36 27 27 24 120 28 71 38 19 16 22 1194 111 39
internal_value=-0.00104007 0.0389924 0.0185055 -0.0693454 0.0489844 -0.00705652 -0.00467054 -0.0938707 -0.00121646 0.10113 0.182504 -0.00533927 -0.051127 -0.110193
internal_weight=1791 234 198 51 147 1557 1529 57 1472 57 38 1415 221 110
internal_count=1791 234 198 51 147 1557 1529 57 1472 57 38 1415 221 110
cat_boundaries=0 3
cat_threshold=394 150994944 66049
is_linear=0
shrinkage=0.05


Tree=118
num_leaves=15
num_cat=0
split_feature=30 97 6 27 11 9 38 88 42 41 73 58 39 31
split_gain=155.716 195.002 211.115 225.91 233.614 210.535 185.998 174.737 186.653 365.366 252.229 418.559 449.836 343.58
threshold=6.416666666666667 1.7650000000000003 -4.7499999999999991 4.0801330275523169 1.8484006160870197 2343.5000000000005 1.2500000000000002 78.500000000000014 8.3750000000000018 14.622088854712574 2297.5000000000005 1.2500000000000002 1.6663331665265237 0.58333333333333337
decision_type=2 10 2 2 2 2 8 10 10 10 2 10 10 2
left_child=7 -2 -3 4 -4 -6 -7 8 10 -10 -1 12 13 -12
right_child=1 2 3 -5 5 6 -8 -9 9 -11 11 -13 -14 -15
leaf_value=0.00017027996129526018 0.14408694712652101 0.18604619520552018 0.027311456905057038 0.12463230207081764 -0.23251488983631133 0.058863830793163055 -0.1592409769401831 -0.13048048948070831 0.11046623765545734 -0.087751383194699883 0.017517217562792921 -0.25404154025018216 -0.19839644387364389 -0.23217424233754477
leaf_weight=1169 36 17 90 31 20 23 17 28 85 32 169 24 35 14.999999999999998
leaf_count=1169 36 17 90 31 20 23 17 28 85 32 169 24 35 15
internal_value=-0.000987083 0.0370428 0.0175803 0.00175749 -0.0236366 -0.100059 -0.0338307 -0.00670256 -0.00443586 0.0562529 -0.0094646 -0.0558151 -0.0340917 -0.00283806
internal_weight=1791 234 198 181 150 60 40 1557 1529 117 1412 243 219 184
internal_count=1791 234 198 181 150 60 40 1557 1529 117 1412 243 219 184
is_linear=0
shrinkage=0.05


Tree=119
num_leaves=15
num_cat=1
split_feature=42 36 48 51 10 7 98 8 49 75 95 14 42 5
split_gain=145.814 403.39 270.988 467.833 445.812 289.117 261.094 364.919 413.883 358.836 431.872 420.819 344.213 423.685
threshold=-1.3749999999999998 0.22814882189882194 827.50000000000011 0.33758401312706771 0.28919454710558062 14.500000000000002 0 5.9491379310344836 2.1249229634893667 0.45332740701269364 22.500000000000004 1.5000000000000002 1.0000000180025095e-35 1.0000000180025095e-35
decision_type=8 10 10 10 2 2 9 2 8 2 2 2 8 2
left_child=1 2 3 4 -1 -6 7 9 -9 10 -2 -11 -13 -14
right_child=6 -3 -4 -5 5 -7 -8 8 -10 11 -12 12 13 -15
leaf_value=0.0039801744908532673 0.096950814042772573 0.26222158775610083 -0.10682293112788882 -0.013845774312377782 0.35470232301288185 0.12665788301678957 -0.021990278003205674 0.050862182339187711 -0.10312501519918443 0.37198956746827155 -0.18575819310816855 0.26976186391853152 0.19119819030165675 -0.086712465016171345
leaf_weight=68 35 17 42 259 18 61 999 96 80 17 22 21 24 32
leaf_count=68 35 17 42 259 18 61 999 96 80 17 22 21 24 32
internal_value=-0.000937728 0.0231539 0.0140822 0.0265896 0.0978328 0.178617 -0.00938616 0.0289084 -0.019132 0.0868171 -0.0121649 0.146838 0.0971293 0.0323921
internal_weight=1791 465 448 406 147 79 1326 327 176 151 57 94 77 56
internal_count=1791 465 448 406 147 79 1326 327 176 151 57 94 77 56
cat_boundaries=0 3
cat_threshold=2149155328 2214592532 2337
is_linear=0
shrinkage=0.05


Tree=120
num_leaves=15
num_cat=1
split_feature=55 45 46 96 91 45 47 2 55 27 45 31 98 87
split_gain=161.847 317.705 375.604 378.178 344.442 306.868 305.031 246.943 238.277 550.862 235.393 283.64 207.126 330.067
threshold=2.2586347517122234 0.10243970275225692 -0.042362817362817141 1.5000000000000002 14.500000000000002 0.11203886598400402 169.86137811746235 3.5000000000000004 1.3307163456488713 0.57394541404210042 0.12686984957402647 0.41666666666666669 0 10.500000000000002
decision_type=8 10 10 2 10 10 10 2 10 2 10 2 9 2
left_child=1 2 8 6 7 -3 -4 -5 9 -1 -7 -12 13 -2
right_child=12 5 3 4 -6 10 -8 -9 -10 -11 11 -13 -14 -15
leaf_value=0.16518967833990852 0.0078277648476783382 0.21449232540632548 0.049183813082735714 -0.18251278682758934 -0.0033482061492072211 -0.18021587152034046 -0.21432712912559509 -0.40733230908711748 0.1249145192821743 -0.23564462535083297 -0.017969568408476296 0.1697550246348748 0.00075033486653646635 0.12304988576080463
leaf_weight=14.999999999999998 167 19 41 38 18 15.999999999999998 14.999999999999998 18 32 20 89 26 1191 99
leaf_count=15 167 19 41 38 18 16 15 18 32 20 89 26 1191 99
internal_value=0.002568 -0.02812 -0.0698675 -0.119432 -0.193618 0.0267083 -0.0213995 -0.254776 0.0263018 -0.0638585 -0.000527595 0.0244725 0.00987668 0.0488738
internal_weight=1804 347 197 130 74 150 56 56 67 35 131 115 1457 266
internal_count=1804 347 197 130 74 150 56 56 67 35 131 115 1457 266
cat_boundaries=0 3
cat_threshold=520 0 12961
is_linear=0
shrinkage=0.05


Tree=121
num_leaves=15
num_cat=0
split_feature=44 6 52 53 43 96 46 43 51 95 89 43 49 86
split_gain=151.406 279.534 486.444 345.109 308.573 422.18 285.906 425.177 255.267 585.935 408.176 340.827 288.872 249.657
threshold=-1.0000000180025095e-35 8.2500000000000018 2.2442902489565317 9.516783215358366 3.8149242336291644 2.5000000000000004 -0.033622362357506444 2.107525783562807 0.28404469129121251 79.500000000000014 13.500000000000002 4.4984562605386751 0.044553471277078857 23.500000000000004
decision_type=10 2 10 10 10 2 10 10 8 2 8 10 8 2
left_child=8 2 3 4 5 -2 -7 -8 9 10 -1 -12 -10 -14
right_child=1 -3 -4 -5 -6 6 7 -9 12 -11 11 -13 13 -15
leaf_value=0.22904791650564774 0.01064202355487006 0.028307926666318064 -0.31680389126141867 -0.16290081865912262 0.024474231165170796 -0.04312907124453403 -0.34135381034735979 -0.056850043684244157 -0.2151453161239624 0.28128283526058551 0.059580002725124363 -0.090602345863978084 -0.18337420286501158 0.01023593036811454
leaf_weight=23 105 251 14.999999999999998 43 236 47 29 24 14.999999999999998 27 102 60 17 810
leaf_count=23 105 251 15 43 236 47 29 24 15 27 102 60 17 810
internal_value=0.00243981 -0.0147319 -0.0363811 -0.0276904 -0.0145066 -0.059382 -0.132907 -0.212522 0.0146587 0.063697 0.0319412 0.00395691 0.00231183 0.00625604
internal_weight=1804 750 499 484 441 205 100 53 1054 212 185 162 842 827
internal_count=1804 750 499 484 441 205 100 53 1054 212 185 162 842 827
is_linear=0
shrinkage=0.05


Tree=122
num_leaves=15
num_cat=0
split_feature=47 39 45 39 52 52 30 75 28 8 9 77 45 27
split_gain=152.598 142.21 216.583 186.641 179.339 282.147 246.134 233.313 387.179 233.527 211.471 251.131 204.296 230.976
threshold=6.7500000000000009 2.9719601443879751 0.15041582664188671 2.5623346456686353 1.7010538559406998 0.94085247535258543 5.5833333333333348 3.4646385009400551 30.166666666666668 6.0408333333333344 2732.5000000000005 18.708333333333339 0.0118157591242671 0.85376620071474474
decision_type=8 10 10 10 10 10 2 2 2 2 2 2 8 2
left_child=-1 3 -3 4 5 7 -7 12 9 -9 11 -6 13 -2
right_child=1 2 -4 -5 10 6 -8 8 -10 -11 -12 -13 -14 -15
leaf_value=-0.13167810039151281 0.00095516066066920742 0.21195653896778821 -0.034851074192556557 -0.14284488206559962 -0.038469689261428151 0.12566380067555993 -0.088941078353673222 0.34199650182443508 0.020516843337741661 0.071324511033793295 0.057212556769641543 -0.24036085313806932 -0.0013644683796161143 -0.27214918394883475
leaf_weight=21 16.000000000000004 20 15.999999999999998 22 43 81 15.999999999999998 17 127 14.999999999999998 26 24 1345 14.999999999999998
leaf_count=21 16 20 16 22 43 81 16 17 127 15 26 24 1345 15
internal_value=0.00231782 0.00389601 0.102264 0.00186896 0.00371459 0.00756311 0.0902651 0.00233699 0.0596821 0.215119 -0.0638208 -0.110789 -0.00428936 -0.131192
internal_weight=1804 1783 36 1747 1725 1632 97 1535 159 32 93 67 1376 31
internal_count=1804 1783 36 1747 1725 1632 97 1535 159 32 93 67 1376 31
is_linear=0
shrinkage=0.05


Tree=123
num_leaves=15
num_cat=0
split_feature=85 23 37 43 47 43 47 61 68 43 43 88 45 48
split_gain=152.933 296.661 302.076 244.019 313.918 310.424 261.137 233.853 264.454 216.056 468.255 421.915 273.685 260.081
threshold=1.0000000180025095e-35 21.833333333333339 1.0000000180025095e-35 11.204999582005431 904.18852448611381 10.273818416794795 846.50000000000011 1.1236095644623239 0.41428571428571431 6.2890974207183605 5.9533408577782261 39.500000000000007 0.0118157591242671 -701.24999999999989
decision_type=2 2 8 10 10 10 10 10 2 10 10 8 8 8
left_child=3 2 -2 4 6 -6 9 8 -3 10 12 -11 -1 -14
right_child=1 7 -4 -5 5 -7 -8 -9 -10 11 -12 -13 13 -15
leaf_value=-0.15060768084457288 0.052902919799089433 -0.10681923684256618 -0.13101688367074604 0.1075938226746731 -0.30419136295095089 -0.011857713829903376 0.16628350116885626 -0.1471590087749064 0.042217331198067524 -0.27794954513802245 0.19813678948318258 -0.018784122972848635 0.18780934668722607 0.0099981067234637122
leaf_weight=26 29 35 97 61 15.999999999999998 21 26 23 199 17 34 206 21 993
leaf_count=26 29 35 97 61 16 21 26 23 199 17 34 206 21 993
internal_value=0.00220193 -0.0258395 -0.0886861 0.0097599 0.00537176 -0.138272 0.00938901 0.00497245 0.0199255 0.00624387 0.0155428 -0.0385411 0.00957338 0.0136806
internal_weight=1804 383 126 1421 1360 37 1323 257 234 1297 1074 223 1040 1014
internal_count=1804 383 126 1421 1360 37 1323 257 234 1297 1074 223 1040 1014
is_linear=0
shrinkage=0.05


Tree=124
num_leaves=15
num_cat=1
split_feature=98 39 22 24 73 37 72 76 28 43 94 95 55 41
split_gain=142.241 241.344 224.59 208.167 237.381 208.401 207.064 206.554 240.995 205.301 327.121 348.173 254.039 281.918
threshold=0 2.9719601443879751 -2.0833333333333326 5.8190628815628829 1335.5000000000002 0.48570226039551589 5.7478167641325539 37.550000000000004 23.833333333333339 3.3495889939662065 1.0000000180025095e-35 8.5000000000000018 3.3495889939662065 1.2359820001581181
decision_type=9 10 2 2 2 8 2 2 2 8 2 2 10 10
left_child=2 9 -1 6 -5 -6 -4 8 -7 10 -2 -12 13 -13
right_child=1 -3 3 4 5 7 -8 -9 -10 -11 11 12 -14 -15
leaf_value=-0.11138127967715264 0.011317590446615558 0.13716911442267399 0.052207433289060225 -0.072858795732082357 0.19376699841022493 0.045125071062096234 0.2606301684948531 0.11285716485232117 -0.1919739273541114 0.0057446264605715931 -0.23618088436537776 -0.13242197009650145 -0.15590986466926079 0.014587126438698125
leaf_weight=22 212 30 26 42 25 29 22 40 17 1094 29 44 46 126
leaf_count=22 212 30 26 42 25 29 22 40 17 1094 29 44 46 126
internal_value=0.00209183 -0.00327509 0.0385594 0.0568892 0.0283886 0.0666985 0.147735 0.02976 -0.0424985 -0.00601273 -0.0341583 -0.0735089 -0.0516687 -0.0234623
internal_weight=1804 1581 223 201 153 111 48 86 46 1551 457 245 216 170
internal_count=1804 1581 223 201 153 111 48 86 46 1551 457 245 216 170
cat_boundaries=0 3
cat_threshold=22020864 67108864 2049
is_linear=0
shrinkage=0.05


Tree=125
num_leaves=15
num_cat=2
split_feature=48 99 57 98 78 35 19 91 72 22 75 67 11 51
split_gain=253.364 351.173 234.086 278.998 374.348 296.759 258.955 235.082 307.221 320.575 261.052 234.018 288.639 241.437
threshold=-1076.9999999999998 0 2.4719640003162362 1 0.36666666666666675 0.34131583384778191 6.3391824249165749 2.5000000000000004 5.6251574240296058 -0.91666666666666663 0.30522830631317838 5.8982279693486594 0.04381174966692921 0.03942873665525181
decision_type=8 9 10 9 2 10 2 8 2 2 2 2 2 8
left_child=1 -1 3 4 -2 -6 -4 10 9 -9 11 12 13 -5
right_child=2 -3 6 7 5 -7 -8 8 -10 -11 -12 -13 -14 -15
leaf_value=0.21450745700858534 0.16093973689957669 -0.013137878974278769 -0.021500742536398675 0.006786421980775361 -0.10339890088525511 0.04643658734858036 -0.14953028343196184 0.34087472200393676 0.015197588365460825 0.023742911340120965 -0.13717922480920186 0.14069716476875802 0.10307761869579553 -0.19576648554854817
leaf_weight=32 19 36 155 28 155 42 53 14.999999999999998 1081 17 52 23 25 31
leaf_count=32 19 36 155 28 155 42 53 15 1081 17 52 23 25 31
internal_value=-0.000645593 0.0939893 -0.00443992 0.00250512 -0.048755 -0.0714543 -0.0541237 0.0115025 0.0197173 0.172398 -0.0452773 -0.000614635 -0.0393072 -0.0996397
internal_weight=1764 68 1696 1488 216 197 208 1272 1113 32 159 107 84 59
internal_count=1764 68 1696 1488 216 197 208 1272 1113 32 159 107 84 59
cat_boundaries=0 1 4
cat_threshold=4 20971779 134217752 533264
is_linear=0
shrinkage=0.05


Tree=126
num_leaves=15
num_cat=1
split_feature=48 44 57 98 53 78 45 45 2 95 44 67 80 24
split_gain=228.661 213.254 211.262 251.796 484.329 369.238 348.771 246.781 256.594 247.074 241.914 234.502 308.343 229.166
threshold=-1076.9999999999998 -13.749999999999998 2.4719640003162362 0 14.298404948033651 0.2678571428571429 0.042657128020202155 0.053177579379281859 2.5000000000000004 23.500000000000004 20.500000000000004 6.232837226430977 0.4642857142857143 5.9327259655615414
decision_type=8 10 10 9 10 2 8 8 2 2 10 2 2 2
left_child=1 -1 3 4 5 -2 13 8 -7 -9 -8 -4 -13 -5
right_child=2 -3 11 6 -6 7 10 9 -10 -11 -12 12 -14 -15
leaf_value=0.017435419341412985 0.15780389867722988 0.19840218778009769 -0.014012571676171943 0.17746789943750785 0.18592154033482078 -0.081907641515135743 -0.00097330747557927287 -0.11120492973690853 -0.36975920041402183 0.025844978738804255 0.18379728562302061 -0.18247659011847445 0.073776609897613518 0.040280307241612016
leaf_weight=41 15.999999999999998 27 139 46 20 16.000000000000004 1118 100 14.999999999999998 49 18 54 14.999999999999998 90
leaf_count=41 16 27 139 46 20 16 1118 100 15 49 18 54 15 90
internal_value=-0.000613313 0.0892899 -0.00421792 0.00237986 -0.0463173 -0.0723782 0.0109274 -0.0928389 -0.221191 -0.0661348 0.0019544 -0.0514175 -0.126769 0.086682
internal_weight=1764 68 1696 1488 216 196 1272 180 31 149 1136 208 69 136
internal_count=1764 68 1696 1488 216 196 1272 180 31 149 1136 208 69 136
cat_boundaries=0 3
cat_threshold=20971779 134217752 533264
is_linear=0
shrinkage=0.05


Tree=127
num_leaves=15
num_cat=1
split_feature=56 76 78 51 98 42 46 19 31 20 78 86 31 45
split_gain=201.681 269.992 191.286 271.904 188.19 387.892 247.513 269.132 233.562 219.425 242.128 271.854 261.86 212.028
threshold=-11.749999999999998 27.083333333333339 3.4642857142857149 0.39826543471796755 0 -3.8749999999999996 0.06621732026143777 5.6160450268817215 1.0000000180025095e-35 3.416666666666667 3.9285714285714293 71.000000000000014 0.41666666666666669 0.11337408433010367
decision_type=8 2 2 10 9 8 10 2 2 2 2 2 2 10
left_child=1 2 -1 -4 5 -2 7 -7 -8 10 11 -9 -12 -6
right_child=4 -3 3 -5 13 6 8 9 -10 -11 12 -13 -14 -15
leaf_value=0.036180837836957747 0.13205786656874877 -0.099841414479648366 0.073545750800301055 0.36561290661493939 0.016300865849156864 0.087871086696783715 -0.064151601100133529 -0.33220468489453198 0.14566892816552096 0.013709777891635895 0.0020968402052919072 -0.084783521031632156 -0.23913143972555795 -0.023456974185348766
leaf_weight=31 26 17 17 14.999999999999998 951 14.999999999999998 36 32 21 20 30 17 18 518
leaf_count=31 26 17 17 15 951 15 36 32 21 20 30 17 18 518
internal_value=-0.000582647 0.0769847 0.1247 0.210452 -0.00426756 -0.0468354 -0.0739232 -0.111523 0.0131507 -0.137087 -0.168179 -0.246365 -0.0883638 0.002266
internal_weight=1764 80 63 32 1684 215 189 132 57 117 97 49 48 1469
internal_count=1764 80 63 32 1684 215 189 132 57 117 97 49 48 1469
cat_boundaries=0 3
cat_threshold=21004291 142606344 526721
is_linear=0
shrinkage=0.05


Tree=128
num_leaves=15
num_cat=2
split_feature=48 99 73 52 98 58 56 24 30 83 58 8 45 45
split_gain=188.825 307.208 194.898 149.729 148.293 490.134 209.379 293.509 263.113 269.675 248.991 247.763 162.458 664.106
threshold=-1076.9999999999998 0 1719.9500000000003 -0.39271761896088714 1 1.2500000000000002 -1.0000000180025095e-35 5.8667483660130726 0.41666666666666669 25.500000000000004 1.0000000180025095e-35 6.0692049808429127 0.11337408433010367 0.13155292895669521
decision_type=8 9 2 10 9 10 8 2 2 10 8 2 10 10
left_child=1 3 -3 -1 5 6 7 -2 -8 11 -11 -10 -6 -14
right_child=4 2 -4 -5 12 -7 8 -9 9 10 -12 -13 13 -15
leaf_value=0.30202088244259362 0.18682728240887325 -0.14204458173583537 0.090991791455369245 0.085710529424250129 0.014133074249645387 0.11916522615050014 0.049480365491227106 -0.065943639254083447 -0.30653123668261939 -0.21169205864562707 0.034392745735553593 -0.063650285253922148 -0.13427169907982778 0.0074376346621226721
leaf_weight=15.999999999999998 14.999999999999998 17 19 15.999999999999998 960 38 19 49 35 17 26 14.999999999999998 103 419
leaf_count=16 15 17 19 16 960 38 19 49 35 17 26 15 103 419
internal_value=-0.000553515 0.081144 -0.0190532 0.193866 -0.00382912 -0.0417336 -0.0788443 -0.00670045 -0.120069 -0.154709 -0.0628966 -0.233667 0.00191296 -0.0205242
internal_weight=1764 68 36 32 1696 214 176 64 112 93 43 50 1482 522
internal_count=1764 68 36 32 1696 214 176 64 112 93 43 50 1482 522
cat_boundaries=0 1 4
cat_threshold=4 21004291 134217736 534913
is_linear=0
shrinkage=0.05


Tree=129
num_leaves=15
num_cat=1
split_feature=56 76 3 72 57 19 67 98 53 74 24 45 72 90
split_gain=162.902 243.312 181.863 181.963 169.682 223.476 221.146 213.091 492.523 400.039 405.683 266.932 284.156 322.343
threshold=-11.749999999999998 27.083333333333339 5.7279220779220799 5.9002688172043021 2.4719640003162362 6.3391824249165749 6.6353400314085809 0 13.085184751838694 0.57010675407946121 6.0777529761904772 0.046331105541631702 5.863760105593137 4.5000000000000009
decision_type=8 2 2 2 10 2 2 9 10 2 2 8 2 10
left_child=1 2 -1 -4 7 -6 -7 8 9 10 -2 -9 13 -13
right_child=4 -3 3 -5 5 6 -8 11 -10 -11 -12 12 -14 -15
leaf_value=0.016388686608385158 0.11449905031326194 -0.098675459973952356 0.062373141199350363 0.28859676301479337 -0.015699437888813953 -0.22426170001427337 -0.018187784808485406 0.077516825435062262 0.12779096489936886 -0.093979652228683819 -0.13625490969937781 0.017660254011831144 0.021375753169061901 -0.082724645295563878
leaf_weight=27 54 17 15.999999999999998 20 153 30 23 138 41 206 23 151 695 170
leaf_count=27 54 17 16 20 153 30 23 138 41 206 23 151 695 170
internal_value=-0.000525839 0.0691865 0.114483 0.188053 -0.00383759 -0.0463504 -0.134833 0.00208774 -0.0331476 -0.0576351 0.0395985 0.0121624 0.00340517 -0.0355031
internal_weight=1764 80 63 36 1684 206 53 1478 324 283 77 1154 1016 321
internal_count=1764 80 63 36 1684 206 53 1478 324 283 77 1154 1016 321
cat_boundaries=0 3
cat_threshold=20971787 134217756 535312
is_linear=0
shrinkage=0.05


Tree=130
num_leaves=15
num_cat=2
split_feature=52 50 98 45 73 73 57 75 26 3 70 73 9 0
split_gain=234.55 424.435 234.428 253.026 260.656 274.835 244.029 253.81 311.077 242.868 347.928 232.554 221.116 206.785
threshold=1.7010538559406998 0.20234025176614523 0 0.042657128020202155 1667.8333333333337 835.87500000000011 1.4571067811865477 0.68738891521934431 1.8947866307571533 7.5138888888888902 25.250000000000004 2046.4761904761908 2732.5000000000005 1
decision_type=10 10 9 8 2 2 8 2 2 2 2 2 2 1
left_child=2 -2 6 4 5 -4 7 -1 -9 10 13 -3 -11 -5
right_child=1 11 3 9 -6 -7 -8 8 -10 12 -12 -13 -14 -15
leaf_value=0.011577044088732114 -0.32119798034429553 -0.087668373451476378 0.15982621279027728 -0.049297863891147931 0.12433981486083417 -0.069271721721937268 -0.0033046706432910407 -0.28615917669875279 -0.072970084600489246 -0.02247522312306589 0.14667326534787814 0.072974989828512526 -0.23571539878845216 0.0091085249062501251
leaf_weight=33 14.999999999999998 71 18 169 89 48 146 28 44 31 42 33 20 978
leaf_count=33 15 71 18 169 89 48 146 28 44 31 42 33 20 978
internal_value=-0.00476805 -0.0725567 0.000132828 0.0082151 0.0685037 -0.00679047 -0.0433854 -0.103249 -0.155877 0.000745276 0.00532816 -0.036695 -0.106099 0.000152489
internal_weight=1765 119 1646 1395 155 66 251 105 72 1240 1189 104 51 1147
internal_count=1765 119 1646 1395 155 66 251 105 72 1240 1189 104 51 1147
cat_boundaries=0 3 4
cat_threshold=2151710850 16777216 537104 1
is_linear=0
shrinkage=0.05


Tree=131
num_leaves=15
num_cat=1
split_feature=52 50 52 98 8 25 24 85 45 73 73 3 68 58
split_gain=211.607 383.053 216.673 211.448 235.463 359.819 289.089 270.171 228.471 235.242 248.039 219.119 315.334 242.412
threshold=1.7010538559406998 0.20234025176614523 1.8685886317398401 0 6.1417410714285721 2006.1666666666667 6.0496302352185687 1.0000000180025095e-35 0.042657128020202155 1667.8333333333337 835.87500000000011 7.5138888888888902 7.7750000000000012 -1.0000000180025095e-35
decision_type=10 10 10 9 2 2 2 2 8 2 2 2 2 8
left_child=3 -2 -3 4 5 6 -1 -7 9 10 -5 12 -10 -14
right_child=1 2 -4 8 -6 7 -8 -9 11 -11 -12 -13 13 -15
leaf_value=-0.0029318741217139177 -0.30513808180888496 -0.2106544754592081 -0.0052320082263832687 0.15183490133947797 0.048561889744279059 -0.25736647231711285 -0.23494004706541696 -0.015513603356392944 5.7085180936712797e-05 0.11812282293365245 -0.065808138934274521 -0.10079388022422792 0.28479112044853322 0.041979224177507254
leaf_weight=128 14.999999999999998 14.999999999999998 89 18 55 36 14.999999999999998 17 1146 89 48 51 17 26
leaf_count=128 15 15 89 18 55 36 15 17 1146 89 48 51 17 26
internal_value=-0.00454104 -0.0689289 -0.0348602 0.000113978 -0.0412161 -0.0685118 -0.0272684 -0.179791 0.00779004 0.0650785 -0.00645095 0.000691807 0.00504485 0.137975
internal_weight=1765 119 104 1646 251 196 143 53 1395 155 66 1240 1189 43
internal_count=1765 119 104 1646 251 196 143 53 1395 155 66 1240 1189 43
cat_boundaries=0 3
cat_threshold=2151710850 16777216 537104
is_linear=0
shrinkage=0.05


Tree=132
num_leaves=15
num_cat=1
split_feature=52 50 73 80 36 93 98 75 96 45 47 87 44 23
split_gain=190.975 345.705 206.434 203.057 284.609 200.405 220.708 285.432 474.252 337.881 301.459 283.389 282.396 246.612
threshold=1.7010538559406998 0.20234025176614523 2046.4761904761908 0.4642857142857143 0.33725490196078428 1.5000000000000002 0 0.68738891521934431 1.5000000000000002 0.066303245436105662 456.27489247110981 4.5000000000000009 -4.2499999999999991 34.583333333333336
decision_type=10 10 2 2 10 2 9 2 2 8 10 2 10 2
left_child=5 -2 3 4 -3 -1 7 8 -7 -10 11 -9 -12 -13
right_child=1 2 -4 -5 -6 6 -8 10 9 -11 12 13 -14 -15
leaf_value=-0.067418210325961556 -0.28988117728382351 -0.044130294407541688 0.070210334398981306 0.082237061088283867 -0.28220360336923289 0.15014312653711029 0.015561433650770857 0.011057776146464878 0.11340541088810335 -0.098952852801155691 -0.092283382912476855 -0.16010054612647645 0.10857066971782064 0.055672717392444615
leaf_weight=103 14.999999999999998 37 33 14.999999999999998 19 51 1154 45 26 67 30 113 42 14.999999999999998
leaf_count=103 15 37 33 15 19 51 1154 45 26 67 30 113 42 15
internal_value=-0.00431398 -0.0654824 -0.0331172 -0.0811427 -0.124905 0.000108279 0.00461588 -0.0275469 0.0276111 -0.0395839 -0.0610906 -0.0968709 0.0248815 -0.134815
internal_weight=1765 119 104 71 56 1646 1543 389 144 93 245 173 72 128
internal_count=1765 119 104 71 56 1646 1543 389 144 93 245 173 72 128
cat_boundaries=0 3
cat_threshold=2151776266 2164260864 528913
is_linear=0
shrinkage=0.05


Tree=133
num_leaves=15
num_cat=2
split_feature=0 26 74 45 50 78 61 90 93 98 86 44 44 72
split_gain=181.451 251.218 325.859 232.901 248.013 254.861 214.885 214.388 208.882 192.587 328.403 276.152 193.686 209.277
threshold=0 2.7200589634788535 3.6989276869222532 0.15732094662381593 0.50028034765273344 4.7083333333333348 1.1236095644623239 12.500000000000002 1.5000000000000002 1 65.500000000000014 1.0000000180025095e-35 16.750000000000004 5.9442627775747985
decision_type=1 2 2 10 8 2 10 10 2 9 2 8 10 2
left_child=1 -1 -3 4 7 -6 8 -4 -2 10 11 -10 13 -11
right_child=6 2 3 -5 5 -7 -8 -9 9 12 -12 -13 -14 -15
leaf_value=-0.11796886301164827 -0.064085117929144619 0.16544680716874807 -0.012131359510951574 0.038487936997280259 0.014091863491288995 -0.17199369270516479 -0.13573819281602348 -0.22347021595471436 -0.012378732557408512 0.043088323455195338 0.057394100237815153 -0.2129611075125836 -0.086090898535452612 0.00021777452718067382
leaf_weight=75 97 23 18 81 92 23 27 36 32 579 42 37 43 560
leaf_count=75 97 23 18 81 92 23 27 36 32 579 42 37 43 560
internal_value=-0.00409388 -0.035887 -0.0146516 -0.0312207 -0.0646313 -0.0231252 0.00393964 -0.153024 0.00668115 0.01199 -0.0484721 -0.119937 0.0179263 0.0220106
internal_weight=1765 348 273 250 169 115 1417 54 1390 1293 111 69 1182 1139
internal_count=1765 348 273 250 169 115 1417 54 1390 1293 111 69 1182 1139
cat_boundaries=0 1 4
cat_threshold=1 4260098 16777216 4096
is_linear=0
shrinkage=0.05


Tree=134
num_leaves=15
num_cat=1
split_feature=52 50 52 98 91 79 52 35 51 45 44 4 68 6
split_gain=167.485 303.374 190.402 178.982 633.123 185.601 182.471 232.906 186.701 169.728 168.762 168.235 168.23 231.76
threshold=1.7010538559406998 0.20234025176614523 1.8685886317398401 0 3.5000000000000004 0.15476190476190474 1.0728124568704518 0.15124058819338229 1.2815662321230337 0.042657128020202155 13.250000000000002 14.500000000000002 8.4166666666666696 34.250000000000007
decision_type=10 10 10 9 10 2 10 10 10 8 10 2 2 2
left_child=3 -2 -3 4 -1 -6 9 -8 -9 -5 -4 12 -11 -14
right_child=1 2 10 6 5 -7 7 8 -10 11 -12 -13 13 -15
leaf_value=0.22268417938612403 -0.27138391743103663 -0.19564598490794502 0.051054837730797858 0.048208376985534047 -0.17524671076373621 -0.023798916302621365 -0.049500175068775819 0.20839449127807336 0.012706188151710913 -0.0066426943055157874 -0.090649123500813458 -0.16159905913998099 0.1789182214864663 -0.064637999733289084
leaf_weight=15.999999999999998 14.999999999999998 14.999999999999998 55 167 55 32 24 34 19 1239 34 17 28 14.999999999999998
leaf_count=16 15 15 55 167 55 32 24 34 19 1239 34 17 28 15
internal_value=-0.00388918 -0.0611723 -0.0308533 0.000252184 -0.0605061 -0.119542 0.00466985 0.079725 0.138242 0.00075952 -0.00307926 -0.00534053 -0.00326845 0.0939567
internal_weight=1765 119 104 1646 103 87 1543 77 53 1466 89 1299 1282 43
internal_count=1765 119 104 1646 103 87 1543 77 53 1466 89 1299 1282 43
cat_boundaries=0 3
cat_threshold=4227074 0 12800
is_linear=0
shrinkage=0.05


Tree=135
num_leaves=15
num_cat=0
split_feature=55 9 9 72 52 76 11 87 8 72 72 13 96 8
split_gain=171.419 132.063 148.816 144.282 369.314 341.409 504.229 339.32 328.904 224.235 209.564 166.732 154.324 283.405
threshold=13.936342782027046 91.500000000000014 162.50000000000003 5.7426526119952852 0.94085247535258543 4.5833333333333348 0.061984598636627163 14.500000000000002 5.6267857142857158 5.6531484040153401 5.6598813258856051 1.5000000000000002 3.5000000000000004 5.7018518518518526
decision_type=10 2 2 2 10 2 2 2 2 2 2 2 2 2
left_child=1 -1 -3 4 5 6 -4 -8 9 -7 -10 -5 13 -12
right_child=-2 2 3 11 -6 8 7 -9 10 -11 12 -13 -14 -15
leaf_value=-0.063036667857931494 0.1672037879819982 0.12435156768904283 -0.15686883538961413 -0.14189825521575081 0.18068017044828999 0.086131895879904441 0.28690414031346639 -0.01873269733041525 -0.27928774643402837 -0.14116106243694532 -0.20604483467691087 0.011229652510137043 -0.23323385382399842 0.065768289024179624
leaf_weight=73 15.999999999999998 26 20 18 18 30 21 15.999999999999998 26 17 17 1433 17 22
leaf_count=73 16 26 20 18 18 30 21 16 26 17 17 1433 17 22
internal_value=0.00428626 0.00280013 0.00565919 0.00379454 -0.0355783 -0.0565065 0.0454015 0.154737 -0.101536 0.00391955 -0.161979 0.00933006 -0.107515 -0.0527144
internal_weight=1770 1754 1681 1655 204 186 57 37 129 47 82 1451 56 39
internal_count=1770 1754 1681 1655 204 186 57 37 129 47 82 1451 56 39
is_linear=0
shrinkage=0.05


Tree=136
num_leaves=15
num_cat=1
split_feature=55 17 5 91 81 97 61 50 52 51 91 98 93 88
split_gain=154.706 128.048 400.437 278.276 241.174 245.396 273.16 219.412 173.732 176.834 224.783 202.092 253.909 321.749
threshold=13.936342782027046 1.0000000180025095e-35 2.5000000000000004 25.500000000000004 0.2678571428571429 1.8150000000000002 0.48570226039551589 1.1352203579153868 -2.6931010577827688 2.0747268895483275 17.500000000000004 0 5.5000000000000009 40.500000000000007
decision_type=10 2 2 10 2 10 10 10 8 10 10 9 2 10
left_child=1 4 7 -4 8 6 -6 -3 -1 11 -11 -10 13 -13
right_child=-2 2 3 -5 5 -7 -8 -9 9 10 -12 12 -14 -15
leaf_value=0.14639919038329804 0.15884359723422678 0.023374473527073863 0.23445837598513153 0.021602859614150868 0.14054892706243616 -0.17088782549267864 -0.12110184636853992 -0.20590121261775496 0.037092899602856021 -0.21463802623606865 0.026151956038342583 -0.018726908237409048 0.012191814031708858 -0.14266395359987119
leaf_weight=21 15.999999999999998 30 34 28 19 41 21 15.999999999999998 349 21 18 370 725 61
leaf_count=21 16 30 34 28 19 41 21 16 349 21 18 370 725 61
internal_value=0.00407195 0.00266012 0.0554007 0.13833 -0.000800384 -0.0849273 0.00318227 -0.0563736 0.00355379 0.00161094 -0.103504 0.00433486 -0.00582538 -0.0362679
internal_weight=1770 1754 108 62 1646 81 40 46 1565 1544 39 1505 1156 431
internal_count=1770 1754 108 62 1646 81 40 46 1565 1544 39 1505 1156 431
cat_boundaries=0 3
cat_threshold=2148073984 92274704 6179
is_linear=0
shrinkage=0.05


end of trees

feature_importances:
quotazione_iniziale_target=105
minuti_totali_lag1=97
nazionalita=80
voto_medio_std3=50
eta_n1=50
infortuni_career_count=47
squadra_punti_finali_n1=45
xa_totale_trend3=44
minuti_totali_career_mean=39
minuti_totali_trend3=35
squadra_nuova_punti_finali_n1=33
fantamedia_trend3=32
minuti_totali_ma3=31
xg_totale_std3=31
squadra_nuova_posizione_finale_n1=31
squadra_posizione_finale_n1=30
bonus_netti_std3=28
shots_totali_std3=28
voto_medio_career_mean=28
presenze_titolare_ma3=27
presenze_std3=27
presenze_trend3=27
voto_medio_trend3=27
infortuni_n1_giorni_totali=27
xa_totale_std3=26
voto_medio_lag1=25
ammonizioni_totali_ma3=25
bonus_netti_trend3=25
ammonizioni_totali_std3=25
bonus_netti_career_mean=25
fantamedia_std3=24
altezza_m=24
presenze_titolare_lag1=23
ammonizioni_totali_career_mean=23
voto_medio_ma3=22
xg_totale_trend3=22
presenze_titolare_career_mean=22
cambio_squadra=21
xa_totale_ma3=21
minuti_totali_std3=21
presenze_career_mean=21
shots_totali_career_mean=21
fantamedia_lag1=20
xg_totale_lag1=20
bonus_netti_lag1=19
xa_totale_lag1=19
fantamedia_ma3=18
xg_totale_ma3=18
xg_totale_career_mean=18
espulsioni_totali_career_mean=17
squadra_in_champions_target=17
ruolo=15
bonus_netti_ma3=15
assist_std3=15
fantamedia_career_mean=15
xa_totale_career_mean=15
presenze_ma3=14
quotazione_attuale_n1=14
shots_totali_ma3=13
shots_totali_trend3=13
presenze_lag1=12
presenze_titolare_std3=12
presenze_titolare_trend3=12
ammonizioni_totali_trend3=12
assist_career_mean=12
quotazione_iniziale_n1=12
presenze_cumulate_carriera_n1=10
ammonizioni_totali_lag1=10
espulsioni_totali_ma3=10
gol_std3=10
gol_lag1=8
rigori_segnati_totali_std3=8
infortuni_n1_count=8
shots_totali_lag1=7
assist_lag1=6
espulsioni_totali_lag1=6
gol_ma3=6
assist_ma3=5
rigori_parati_totali_trend3=5
rigori_segnati_totali_career_mean=5
piede_dominante=5
rigori_sbagliati_totali_trend3=4
gol_career_mean=4
assist_trend3=3
rigori_segnati_totali_ma3=2
gol_trend3=2
espulsioni_totali_std3=2
rigori_sbagliati_totali_career_mean=2
rigori_parati_totali_career_mean=2
rigori_segnati_totali_lag1=1
rigori_sbagliati_totali_lag1=1
rigori_parati_totali_lag1=1
rigori_segnati_totali_trend3=1
rigori_sbagliati_totali_std3=1
squadra_in_champions_n1=1

parameters:
[boosting: gbdt]
[objective: regression]
[metric: l1]
[tree_learner: serial]
[device_type: cpu]
[data_sample_strategy: bagging]
[data: ]
[valid: ]
[num_iterations: 1000]
[learning_rate: 0.05]
[num_leaves: 15]
[num_threads: 0]
[seed: 42]
[deterministic: 0]
[force_col_wise: 0]
[force_row_wise: 0]
[histogram_pool_size: -1]
[max_depth: -1]
[min_data_in_leaf: 15]
[min_sum_hessian_in_leaf: 0.001]
[bagging_fraction: 0.85]
[pos_bagging_fraction: 1]
[neg_bagging_fraction: 1]
[bagging_freq: 5]
[bagging_seed: 400]
[bagging_by_query: 0]
[feature_fraction: 0.85]
[feature_fraction_bynode: 1]
[feature_fraction_seed: 30056]
[extra_trees: 0]
[extra_seed: 12879]
[early_stopping_round: 0]
[early_stopping_min_delta: 0]
[first_metric_only: 0]
[max_delta_step: 0]
[lambda_l1: 0]
[lambda_l2: 0]
[linear_lambda: 0]
[min_gain_to_split: 0]
[drop_rate: 0.1]
[max_drop: 50]
[skip_drop: 0.5]
[xgboost_dart_mode: 0]
[uniform_drop: 0]
[drop_seed: 17869]
[top_rate: 0.2]
[other_rate: 0.1]
[min_data_per_group: 100]
[max_cat_threshold: 32]
[cat_l2: 10]
[cat_smooth: 10]
[max_cat_to_onehot: 4]
[top_k: 20]
[monotone_constraints: ]
[monotone_constraints_method: basic]
[monotone_penalty: 0]
[feature_contri: ]
[forcedsplits_filename: ]
[refit_decay_rate: 0.9]
[cegb_tradeoff: 1]
[cegb_penalty_split: 0]
[cegb_penalty_feature_lazy: ]
[cegb_penalty_feature_coupled: ]
[path_smooth: 0]
[interaction_constraints: ]
[verbosity: -1]
[saved_feature_importance_type: 0]
[use_quantized_grad: 0]
[num_grad_quant_bins: 4]
[quant_train_renew_leaf: 0]
[stochastic_rounding: 1]
[linear_tree: 0]
[max_bin: 255]
[max_bin_by_feature: ]
[min_data_in_bin: 3]
[bin_construct_sample_cnt: 200000]
[data_random_seed: 175]
[is_enable_sparse: 1]
[enable_bundle: 1]
[use_missing: 1]
[zero_as_missing: 0]
[feature_pre_filter: 1]
[pre_partition: 0]
[two_round: 0]
[header: 0]
[label_column: ]
[weight_column: ]
[group_column: ]
[ignore_column: ]
[categorical_feature: 0,98,99]
[forcedbins_filename: ]
[precise_float_parser: 0]
[parser_config_file: ]
[objective_seed: 16083]
[num_class: 1]
[is_unbalance: 0]
[scale_pos_weight: 1]
[sigmoid: 1]
[boost_from_average: 1]
[reg_sqrt: 0]
[alpha: 0.9]
[fair_c: 1]
[poisson_max_delta_step: 0.7]
[tweedie_variance_power: 1.5]
[lambdarank_truncation_level: 30]
[lambdarank_norm: 1]
[label_gain: ]
[lambdarank_position_bias_regularization: 0]
[eval_at: ]
[multi_error_top_k: 1]
[auc_mu_weights: ]
[num_machines: 1]
[local_listen_port: 12400]
[time_out: 120]
[machine_list_filename: ]
[machines: ]
[gpu_platform_id: -1]
[gpu_device_id: -1]
[gpu_device_id_list: ]
[gpu_use_dp: 0]
[num_gpu: 1]

end of parameters

pandas_categorical:[["attaccante", "centrocampista", "difensore", "portiere"], ["Albania", "Algeria", "Angola", "Argentina", "Armenia", "Australia", "Austria", "Belgium", "Bosnia-Herzegovina", "Brazil", "Bulgaria", "Burkina Faso", "Cameroon", "Canada", "Central African Republic", "Chile", "Colombia", "Congo", "Costa Rica", "Cote d'Ivoire", "Croatia", "Cyprus", "Czech Republic", "DR Congo", "Denmark", "Ecuador", "Egypt", "England", "Equatorial Guinea", "Estonia", "Finland", "France", "Gabon", "Georgia", "Germany", "Ghana", "Greece", "Guinea", "Guinea-Bissau", "Hungary", "Iceland", "Indonesia", "Iraq", "Ireland", "Italy", "Japan", "Korea, North", "Kosovo", "Liechtenstein", "Lithuania", "Mali", "Martinique", "Mexico", "Moldova", "Montenegro", "Morocco", "Netherlands", "New Zealand", "Nigeria", "North Macedonia", "Norway", "Paraguay", "Peru", "Poland", "Portugal", "Romania", "Russia", "Scotland", "Senegal", "Serbia", "Sierra Leone", "Slovakia", "Slovenia", "Spain", "Suriname", "Sweden", "Switzerland", "The Gambia", "Togo", "Tunisia", "T\u00fcrkiye", "Ukraine", "United States", "Uruguay", "Uzbekistan", "Venezuela", "Wales", "Zambia", "Zimbabwe"], ["both", "left", "right"]]
