tree
version=v4
num_class=1
num_tree_per_iteration=1
label_index=0
max_feature_idx=30
objective=regression
feature_names=ruolo cambio_squadra presenze_cumulate_carriera_n1 fantamedia_lag1 gol_lag1 assist_lag1 bonus_netti_lag1 presenze_lag1 voto_medio_lag1 minuti_totali_lag1 xg_totale_lag1 xa_totale_lag1 shots_totali_lag1 fantamedia_ma3 gol_ma3 assist_ma3 bonus_netti_ma3 presenze_ma3 voto_medio_ma3 minuti_totali_ma3 xg_totale_ma3 xa_totale_ma3 shots_totali_ma3 squadra_punti_finali_n1 squadra_posizione_finale_n1 squadra_nuova_punti_finali_n1 squadra_nuova_posizione_finale_n1 quotazione_iniziale_n1 quotazione_attuale_n1 fvm_n1 quotazione_iniziale_target
feature_infos=-1:2:1:0:3 [0:1] [1:7] [0.5:10] [0:28] [0:15] [-76:108] [1:38] [4:7] [0:3065] [0:10.599772159010172] [0:9.2656112750992179] [0:66] [1:10] [0:28.5] [0:11] [-74.5:91.5] [1:38] [5:7] [0:2984.5] [0:10.599772159010172] [0:7.8876863638870418] [0:66] [14:92] [1:20] [31:92] [1:18] [1:49] [1:50] none [1:49]
tree_sizes=1348 1382 1394 1450 1430 1472 1433 1432 1440 1440 1428 1471 1428 1443 1445 1469 1475 1475 1432 1478 1454 1428 1466 1477 1394 1501 1436 1448 1501 1461 1468 1490 1496 1459 1440 1461 1485 1474 1437 1487 1470 1455 1477 1464 1458 1445 1444 1506 1468 1499 1472 1497 1507 1493 1504 1465 1452 1510 1531 1481 1499 1480 1483 1419 1445 1470 1484 1482 1505 1486 1509 1470 1492 1454 1465 1508 1538 1488 1496 1463 1505 1468 1468 1491 1463 1501 1524 1499 1561 1451 1415 1459 1448 1444 1503 1538 1495 1558 1484 1483 1523 1499 1413 1492 1455 1432 1489 1462 1496 1465 1483 1473 1505 1527 1505 1448 1492 1480 1465 1495 1476 1464 1465 1481 1490 1509 1549 1451 1486 1447 1501 1450 1421 1450

Tree=0
num_leaves=15
num_cat=0
split_feature=16 28 16 14 14 2 8 4 17 2 13 18 16 14
split_gain=5833.66 1262.12 656.859 339.453 268.853 188.393 134.523 117.335 115.618 101.105 76.8442 63.7258 76.2485 61.397
threshold=12.583333333333334 26.500000000000004 4.791666666666667 13.833333333333334 7.8333333333333348 4.5000000000000009 6.006756756756757 4.5000000000000009 30.166666666666668 1.5000000000000002 5.8334680416202165 5.7958599371642858 9.5833333333333339 5.166666666666667
decision_type=2 10 2 2 2 2 2 2 2 2 2 2 2 2
left_child=2 4 10 5 7 -3 -6 -2 -8 -9 -1 -4 -13 -11
right_child=1 3 11 -5 6 -7 8 9 -10 13 -12 12 -14 -15
leaf_value=1.9364636481964614 2.0801482899764574 2.4100371761465049 2.1033228944890605 2.564037173376752 2.3490371763569842 2.2068943256149738 2.0859121791265043 2.0709337305786719 2.2580371790075278 2.2316842395897778 1.9627236925294338 2.0085869409106429 2.0659121785129959 2.1503385471907421
leaf_weight=544 90 25 28 20 20 21 15.999999999999998 29 25 34 571 211 80 73
leaf_count=544 90 25 28 20 20 21 16 29 25 34 571 211 80 73
internal_value=2.01283 2.19492 1.96801 2.39207 2.14958 2.3173 2.24273 2.12444 2.19087 2.15374 1.94991 2.03128 2.02435 2.17619
internal_weight=1787 353 1434 66 287 46 61 226 41 136 1115 319 291 107
internal_count=1787 353 1434 66 287 46 61 226 41 136 1115 319 291 107
is_linear=0
shrinkage=1


Tree=1
num_leaves=15
num_cat=0
split_feature=16 30 16 14 15 30 18 30 13 30 3 3 8 8
split_gain=5264.88 1537.31 592.816 283.933 251.748 232.786 212.961 115.53 69.7151 69.3537 58.5027 59.8654 74.531 63.3987
threshold=12.583333333333334 24.500000000000004 4.791666666666667 13.833333333333334 3.166666666666667 12.500000000000002 5.9136830623149974 15.500000000000002 5.8583994708994718 22.500000000000004 7.2589285714285721 6.6923624288425065 6.1900656814449926 6.0256578947368427
decision_type=2 2 2 2 2 2 2 2 2 2 2 2 2 2
left_child=2 5 8 4 -3 -2 -7 -4 -1 10 11 13 -13 -8
right_child=1 3 7 -5 -6 6 9 -9 -10 -11 -12 12 -14 -15
leaf_value=-0.073628815188040514 0.0171402162078906 0.42908726657430335 0.0076897030936916612 0.5045935904437846 0.2285636886043681 0.30323450736263219 0.12521381844524984 0.12902741648168081 -0.048603475261653699 0.21196451623820597 0.036392600958546004 0.17642338536078894 0.088202608625094103 0.0093789296136015943
leaf_weight=580 54 24 298 22 45 17 27 21 535 18 24 62 39 21
leaf_count=580 54 24 298 22 45 17 27 21 535 18 24 62 39 21
internal_value=-0.00184484 0.171132 -0.0444257 0.348182 0.298311 0.109638 0.133652 0.0156775 -0.0616211 0.118558 0.10884 0.120509 0.142358 0.0745361
internal_weight=1787 353 1434 91 69 262 208 319 1115 191 173 149 101 48
internal_count=1787 353 1434 91 69 262 208 319 1115 191 173 149 101 48
is_linear=0
shrinkage=0.05


Tree=2
num_leaves=15
num_cat=0
split_feature=16 30 16 14 15 30 18 30 1 23 3 18 13 30
split_gain=4751.55 1387.43 535.016 256.249 227.202 210.089 192.197 104.266 65.3682 74.3532 94.0152 89.9598 62.9867 48.4038
threshold=12.583333333333334 24.500000000000004 4.791666666666667 13.833333333333334 3.166666666666667 12.500000000000002 5.9136830623149974 15.500000000000002 1.0000000180025095e-35 80.000000000000014 6.6923624288425065 6.0464135745042134 5.8334680416202165 9.5000000000000018
decision_type=2 2 2 2 2 2 2 2 2 2 2 2 2 2
left_child=2 5 12 4 -3 -2 -7 -4 9 10 -8 -12 -1 -14
right_child=1 3 7 -5 -6 6 8 -9 -10 -11 11 -13 13 -15
leaf_value=-0.070715270154452059 0.016283204468588035 0.40763290325800583 0.0073052180190289378 0.47936391722072252 0.21713550253046884 0.28807278468328368 0.071504316083155578 0.12257604556424279 0.06143067401457341 0.046933989809907005 0.2748858879594242 0.1470070951928695 -0.05429107729550247 -0.018109016634266954
leaf_weight=544 54 24 298 22 45 17 32 21 47 23 17 72 455 116
leaf_count=544 54 24 298 22 45 17 32 21 47 23 17 72 455 116
internal_value=-0.00175259 0.162576 -0.0422044 0.330772 0.283395 0.104156 0.12697 0.0148936 0.112631 0.129342 0.145006 0.171433 -0.0585401 -0.0469406
internal_weight=1787 353 1434 91 69 262 208 319 191 144 121 89 1115 571
internal_count=1787 353 1434 91 69 262 208 319 191 144 121 89 1115 571
is_linear=0
shrinkage=0.05


Tree=3
num_leaves=15
num_cat=0
split_feature=16 30 16 13 18 30 18 27 30 17 3 30 13 15
split_gain=4288.27 1252.15 482.852 252.621 291.858 189.606 173.458 162.384 94.1003 88.1156 64.2332 73.8721 56.948 51.1386
threshold=12.583333333333334 24.500000000000004 4.791666666666667 7.0340112433862449 6.2092759391146499 12.500000000000002 5.9136830623149974 29.500000000000004 15.500000000000002 31.583333333333339 7.4171428571428581 22.500000000000004 5.8583994708994718 5.166666666666667
decision_type=2 2 2 2 2 2 2 10 2 2 2 2 2 2
left_child=2 5 12 -3 -5 -2 -7 9 -4 -6 11 13 -1 -8
right_child=1 3 8 4 7 6 10 -9 -10 -11 -12 -13 -14 -15
leaf_value=-0.066465705655001359 0.015469045074725594 0.13386800680309535 0.0069399578746833258 0.5499791852633158 0.322056232492129 0.27366914153099059 0.1200560134719126 0.39745796414522028 0.11644724281061264 0.15994487436194171 0.017107233653465906 0.22239199866851173 -0.043847620417581543 0.047527704338232675
leaf_weight=580 54 15.999999999999998 298 14.999999999999998 14.999999999999998 17 128 26 21 19 18 14.999999999999998 535 30
leaf_count=580 54 16 298 15 15 17 128 26 21 19 18 15 535 30
internal_value=-0.00166497 0.154447 -0.0400942 0.314234 0.352712 0.0989485 0.120621 0.303395 0.0141489 0.231465 0.106999 0.116352 -0.0556131 0.106285
internal_weight=1787 353 1434 91 75 262 208 60 319 34 191 173 1115 158
internal_count=1787 353 1434 91 75 262 208 60 319 34 191 173 1115 158
is_linear=0
shrinkage=0.05


Tree=4
num_leaves=15
num_cat=0
split_feature=16 30 16 13 18 30 18 27 30 17 1 3 18 8
split_gain=3870.17 1130.07 435.774 227.99 263.402 171.119 156.546 146.551 84.9255 79.5243 58.235 66.5712 110.098 65.7504
threshold=12.583333333333334 24.500000000000004 4.791666666666667 7.0340112433862449 6.2092759391146499 12.500000000000002 5.9136830623149974 29.500000000000004 15.500000000000002 31.583333333333339 1.0000000180025095e-35 6.6923624288425065 6.0464135745042134 6.0256578947368427
decision_type=2 2 2 2 2 2 2 10 2 2 2 2 2 2
left_child=2 5 -1 -3 -5 -2 -7 9 -4 -6 11 13 -13 -8
right_child=1 3 8 4 7 6 10 -9 -10 -11 -12 12 -14 -15
leaf_value=-0.052832426535040812 0.014695594473569482 0.12717460589483381 0.0065929570050922625 0.52248022158940632 0.30595342318216961 0.25998568412135631 0.1253302106545085 0.37758506811582127 0.11062488144352323 0.1519476266675874 0.053323396612355051 0.25514060328988469 0.11588738681965097 -0.0013434514403343201
leaf_weight=1115 54 15.999999999999998 298 14.999999999999998 14.999999999999998 17 21 26 21 19 47 17 86 20
leaf_count=1115 54 16 298 15 15 17 21 26 21 19 47 17 86 20
internal_value=-0.00158172 0.146725 -0.0380895 0.298522 0.335076 0.0940011 0.11459 0.288225 0.0134415 0.219891 0.101649 0.117422 0.138871 0.0635382
internal_weight=1787 353 1434 91 75 262 208 60 319 34 191 144 103 41
internal_count=1787 353 1434 91 75 262 208 60 319 34 191 144 103 41
is_linear=0
shrinkage=0.05


Tree=5
num_leaves=15
num_cat=1
split_feature=4 16 16 28 4 17 0 23 1 17 13 28 25 24
split_gain=3898.67 823.811 574.697 249.806 128.576 107.194 106.803 120.87 74.3491 79.0248 113.357 82.9696 72.5295 72.0548
threshold=4.5000000000000009 25.083333333333339 4.791666666666667 30.500000000000004 7.5000000000000009 32.833333333333336 0 68.500000000000014 1.0000000180025095e-35 21.166666666666668 6.8558380886337895 13.500000000000002 80.000000000000014 15.500000000000002
decision_type=2 2 2 10 2 2 1 2 2 2 2 10 8 2
left_child=2 8 -1 4 -3 -5 7 12 9 -2 11 -11 -4 -14
right_child=1 3 6 5 -6 -7 -8 -9 -10 10 -12 -13 13 -15
leaf_value=-0.048986224569346329 0.20904041415169125 0.13072442901134493 -0.028383860245347028 0.48134427405893804 0.26504517044992215 0.29831892400979998 0.0033356927127532357 0.19762299140294393 0.048910858905782895 0.038007484003901484 0.016839166384722506 0.16386622868216874 0.044864111173836915 0.16407662741839887
leaf_weight=1097 21 25 25 15.999999999999998 62 15.999999999999998 259 14.999999999999998 51 17 28 57 61 15.999999999999998
leaf_count=1097 21 25 25 16 62 16 259 15 51 17 28 57 61 16
internal_value=0.00243144 0.169003 -0.0307019 0.270383 0.226447 0.389832 0.0226436 0.0599739 0.0996684 0.120714 0.102529 0.134953 0.0456112 0.0696355
internal_weight=1766 293 1473 119 87 32 376 117 174 123 102 74 102 77
internal_count=1766 293 1473 119 87 32 376 117 174 123 102 74 102 77
cat_boundaries=0 1
cat_threshold=1
is_linear=0
shrinkage=0.05


Tree=6
num_leaves=15
num_cat=0
split_feature=30 16 16 30 2 28 8 3 8 6 17 6 27 2
split_gain=3697.91 1220.55 218.335 204.871 149.517 149.863 121.918 90.3278 89.0268 84.0559 86.8284 76.0578 62.0026 56.8676
threshold=22.500000000000004 6.0833333333333348 26.375000000000004 13.500000000000002 4.5000000000000009 30.500000000000004 5.9552139037433163 5.9140394088669961 5.8732142857142859 16.750000000000004 27.833333333333339 25.250000000000004 8.5000000000000018 3.5000000000000004
decision_type=2 2 2 2 2 10 2 2 2 2 2 2 10 2
left_child=1 7 -2 -3 5 -4 8 -1 -5 12 11 -11 -8 -12
right_child=2 3 4 6 -6 -7 9 -9 -10 10 13 -13 -14 -15
leaf_value=-0.055962412135019929 0.15781371940633859 0.021252230266535669 0.30383617551553821 0.091424875358740471 0.21049719750881196 0.47012874618172645 0.11158258591435458 -0.027909934757206163 0.26097794605302627 0.24221445269444408 0.030071684278738804 0.087743517259756723 0.0079405343656738601 0.12000577470753343
leaf_weight=679 29 262 42 15.000000000000002 24 20 19 497 15.999999999999998 17 39 14.999999999999998 60 32
leaf_count=679 29 262 42 15 24 20 19 497 16 17 39 15 60 32
internal_value=0.00231081 -0.0167846 0.276454 0.0508598 0.316461 0.357479 0.0872784 -0.0441069 0.178936 0.0716664 0.101425 0.169806 0.0328671 0.0706054
internal_weight=1766 1651 115 475 86 62 213 1176 31 182 103 32 79 71
internal_count=1766 1651 115 475 86 62 213 1176 31 182 103 32 79 71
is_linear=0
shrinkage=0.05


Tree=7
num_leaves=15
num_cat=1
split_feature=30 16 16 4 2 28 30 18 16 18 25 0 17 28
split_gain=3337.37 1101.55 197.047 189.555 134.939 135.251 94.6315 209.169 84.868 60.4217 52.1317 46.8255 45.972 42.6858
threshold=22.500000000000004 6.0833333333333348 26.375000000000004 4.5000000000000009 4.5000000000000009 30.500000000000004 13.500000000000002 5.9741686076604568 -0.20833333333333329 6.2092759391146499 36.500000000000007 0 25.583333333333339 17.500000000000004
decision_type=2 2 2 2 2 10 2 2 2 2 10 1 2 10
left_child=1 8 -2 -3 5 9 12 -8 -1 -4 13 -10 -5 -9
right_child=2 3 4 6 -6 -7 7 10 11 -11 -12 -13 -14 -15
leaf_value=-0.05660403140237398 0.14992303265065984 0.023864276375094751 0.36910402178764345 -0.0099959614420575757 0.19997234158994009 0.44662230279296633 0.25739499614352274 0.15135314134614808 -0.013715662103378401 0.24394456137109688 0.0093373958217470281 -0.042241583277348262 0.080609183758497238 0.075277998767517229
leaf_weight=535 29 297 14.999999999999998 28 24 20 21 28 303 27 19 338 28 54
leaf_count=535 29 297 15 28 24 20 21 28 303 27 19 338 28 54
internal_value=0.00219527 -0.0159453 0.262631 0.0483168 0.300638 0.339605 0.0891167 0.113816 -0.0419016 0.288644 0.0839635 -0.0296304 0.0353066 0.101255
internal_weight=1766 1651 115 475 86 62 178 122 1176 42 101 641 56 82
internal_count=1766 1651 115 475 86 62 178 122 1176 42 101 641 56 82
cat_boundaries=0 1
cat_threshold=3
is_linear=0
shrinkage=0.05


Tree=8
num_leaves=15
num_cat=0
split_feature=30 16 16 4 18 28 30 18 3 8 7 25 17 25
split_gain=3012.36 994.699 177.835 171.074 132.503 186.25 85.405 188.775 76.5943 76.4775 47.8632 46.3738 41.4898 38.2566
threshold=22.500000000000004 6.0833333333333348 26.375000000000004 4.5000000000000009 6.4254563004563012 30.500000000000004 13.500000000000002 5.9741686076604568 5.9140394088669961 6.2533783783783798 28.500000000000004 1.0000000180025095e-35 25.583333333333339 39.500000000000007
decision_type=2 2 2 2 2 10 2 2 2 2 2 10 2 8
left_child=1 8 -2 13 5 9 12 -8 -1 -4 -9 -12 -5 -3
right_child=2 3 4 6 -6 -7 7 10 -10 -11 11 -13 -14 -15
leaf_value=-0.050747386400693477 0.14242688042336499 -0.052532464684918526 0.3121070337331584 -0.0094961642952901982 0.15579157945467159 0.44423287719488141 0.24452524775905268 0.13822465404295003 -0.024915335727251235 0.18470857064974935 0.079157664272546155 -0.019133732815583546 0.076578725342239654 0.02695311420461249
leaf_weight=679 29 15.999999999999998 31 28 15.999999999999998 20 21 26 497 19 60 14.999999999999998 28 281
leaf_count=679 29 16 31 28 16 20 21 26 497 19 60 15 28 281
internal_value=0.00206967 -0.015165 0.2495 0.0459009 0.285606 0.315278 0.0846609 0.108126 -0.0398303 0.263696 0.0797653 0.0594994 0.0335413 0.0226711
internal_weight=1766 1651 115 475 86 70 178 122 1176 50 101 75 56 297
internal_count=1766 1651 115 475 86 70 178 122 1176 50 101 75 56 297
is_linear=0
shrinkage=0.05


Tree=9
num_leaves=15
num_cat=0
split_feature=30 16 30 30 2 30 17 18 7 16 1 27 6 16
split_gain=2718.65 897.716 166.282 157.412 131.393 177.191 189.618 103.222 119.974 72.3137 57.7634 56.3501 54.9542 94.057
threshold=22.500000000000004 6.0833333333333348 33.500000000000007 13.500000000000002 4.5000000000000009 25.500000000000004 31.833333333333339 5.9478614929584772 26.500000000000004 -0.20833333333333329 1.0000000180025095e-35 17.500000000000004 16.750000000000004 17.083333333333339
decision_type=2 2 2 2 2 2 2 2 2 2 2 10 2 2
left_child=1 9 4 11 5 -2 -7 8 -5 -1 12 -3 -9 -14
right_child=2 3 -4 7 -6 6 -8 10 -10 -11 -12 -13 13 -15
leaf_value=-0.05141028337946562 0.14038312705233694 0.011169296319102065 0.36064048100432217 0.061506703943014135 0.11949361966087901 0.4325839686724875 0.21376123242080214 0.042833584271695306 0.26148517072200778 -0.026511506384380989 0.0046711967533661263 0.10057967183621307 0.21661425630251566 0.077299528796639705
leaf_weight=535 24 243 22 15.000000000000002 29 18 22 69 14.999999999999998 641 36 19 14.999999999999998 63
leaf_count=535 24 243 22 15 29 18 22 69 15 641 36 19 15 63
internal_value=0.00196618 -0.0144068 0.237025 0.0436059 0.207782 0.247788 0.312231 0.0755288 0.161496 -0.0378388 0.0614359 0.0176533 0.0753374 0.104091
internal_weight=1766 1651 115 475 93 64 40 213 30 1176 183 262 147 78
internal_count=1766 1651 115 475 93 64 40 213 30 1176 183 262 147 78
is_linear=0
shrinkage=0.05


Tree=10
num_leaves=15
num_cat=0
split_feature=16 16 28 8 30 6 8 14 30 17 15 8 28 18
split_gain=2334.26 785.729 273.534 171.93 161.688 140.918 135.726 97.3755 77.8452 130.96 90.9409 85.8227 76.2282 60.2576
threshold=25.083333333333339 8.9166666666666696 30.500000000000004 6.006756756756757 21.500000000000004 3.7500000000000004 6.506756756756757 10.583333333333334 12.500000000000002 19.583333333333339 1.5833333333333337 5.9552139037433163 19.500000000000004 6.1113958859986584
decision_type=2 2 10 2 2 2 2 2 2 2 2 2 10 2
left_child=1 5 3 -2 -5 -1 -4 -6 13 -10 -11 -12 -13 -3
right_child=2 8 6 4 7 -7 -8 -9 9 10 11 12 -14 -15
leaf_value=-0.042607920694854334 0.30901151327416304 0.038516848512215193 0.42099255794245338 0.0069011679477989675 0.22865016286959872 -0.0019423938278441202 0.22682348845733538 0.090086866418520609 0.21394467247029147 -0.014928740443605365 0.17913504482971299 0.034863622416474525 0.11283581828584477 -0.04962143587569396
leaf_weight=1024 15.999999999999998 101 18 20 32 269 18 21 14.999999999999998 33 18 87 49 24
leaf_count=1024 16 101 18 20 32 269 18 21 15 33 18 87 49 24
internal_value=-0.000572584 -0.0166362 0.207612 0.160571 0.128036 -0.0341477 0.323908 0.173748 0.0526065 0.0717972 0.060395 0.0765359 0.0629565 0.0215943
internal_weight=1745 1620 125 89 73 1293 36 53 327 202 187 154 136 125
internal_count=1745 1620 125 89 73 1293 36 53 327 202 187 154 136 125
is_linear=0
shrinkage=0.05


Tree=11
num_leaves=15
num_cat=0
split_feature=16 30 16 24 18 30 27 18 30 27 16 27 8 17
split_gain=2110.9 466.712 460.237 160.943 99.6931 88.3798 80.5257 124.089 115.083 79.2691 62.1078 51.4766 43.5436 43.2429
threshold=19.708333333333339 27.500000000000004 6.0833333333333348 4.5000000000000009 5.9518338585434183 20.500000000000004 13.500000000000002 6.2575225234618026 23.500000000000004 28.500000000000004 2.5833333333333335 4.5000000000000009 6.0408333333333344 31.583333333333339
decision_type=2 2 2 2 2 2 10 2 2 10 2 10 2 2
left_child=2 4 10 9 -2 11 -6 8 12 -3 -1 -4 -8 -9
right_child=1 3 5 -5 6 -7 7 13 -10 -11 -12 -13 -14 -15
leaf_value=-0.042042552849984378 0.22606962521870932 0.27057493997116877 0.094451875822699594 0.18188827325804877 0.026158006729868552 0.13874447106876794 0.17236029649419446 -0.027379477123419444 0.27543479045232139 0.43312654515107474 -0.013217888180262004 0.017139826934178048 0.077821854527654333 0.086185512721146412
leaf_weight=928 14.999999999999998 15.000000000000002 23 26 36 17 21 14.999999999999998 14.999999999999998 14.999999999999998 234 337 29 19
leaf_count=928 15 15 23 26 36 17 21 15 15 15 234 337 29 19
internal_value=-0.000543954 0.149767 -0.0206636 0.27294 0.103783 0.02734 0.0901959 0.113482 0.153968 0.351851 -0.0362379 0.0220792 0.117528 0.0360833
internal_weight=1745 206 1539 56 150 377 135 99 65 30 1162 360 50 34
internal_count=1745 206 1539 56 150 377 135 99 65 30 1162 360 50 34
is_linear=0
shrinkage=0.05


Tree=12
num_leaves=15
num_cat=0
split_feature=16 16 28 8 30 17 6 2 17 30 15 28 18 17
split_gain=1911.15 645.402 227.704 150.523 135.384 128.899 116.171 74.0346 65.5044 103.465 65.7175 62.6823 60.3115 59.764
threshold=25.083333333333339 8.9166666666666696 30.500000000000004 6.006756756756757 21.500000000000004 32.166666666666679 3.7500000000000004 3.5000000000000004 19.416666666666668 11.500000000000002 1.5833333333333337 19.500000000000004 6.2414447324268165 16.583333333333339
decision_type=2 2 10 2 2 2 2 2 2 2 2 10 2 2
left_child=1 6 3 -2 -5 -4 -1 -6 9 -3 -10 -12 -13 -8
right_child=2 8 5 4 7 -7 13 -9 10 -11 11 12 -14 -15
leaf_value=-0.038604241927896514 0.28383034430444243 0.033118592273621336 0.40591061005989709 0.0036513161100447181 0.20050011903684425 0.21400370328199295 0.045344064395046901 0.07727222724964744 -0.0030824170110450278 0.19648121297359467 0.037760473196450844 0.14008838434101029 0.028866086115962582 -0.013492863938039126
leaf_weight=1024 15.999999999999998 21 14.999999999999998 20 34 21 54 19 69 18 166 34 19 215
leaf_count=1024 16 21 15 20 34 21 54 19 69 18 166 34 19 215
internal_value=-0.000516757 -0.0150518 0.187858 0.144938 0.114496 0.293965 -0.0309228 0.156324 0.0477039 0.108517 0.0394688 0.0528753 0.100216 -0.00168173
internal_weight=1745 1620 125 89 73 36 1293 53 327 39 288 219 53 269
internal_count=1745 1620 125 89 73 36 1293 53 327 39 288 219 53 269
is_linear=0
shrinkage=0.05


Tree=13
num_leaves=15
num_cat=1
split_feature=16 30 16 2 24 30 28 16 16 30 16 0 25 17
split_gain=1726.07 383.723 377.052 157.008 208.793 75.6973 62.4071 90.9613 79.1952 73.7558 51.8133 50.0864 58.3319 86.6767
threshold=19.708333333333339 26.500000000000004 6.0833333333333348 4.5000000000000009 4.5000000000000009 19.500000000000004 22.500000000000004 25.083333333333339 20.583333333333339 22.500000000000004 2.5833333333333335 0 35.500000000000007 16.583333333333339
decision_type=2 2 2 2 2 2 10 2 2 2 2 1 10 2
left_child=2 6 10 4 -3 11 7 8 -2 -8 -1 12 13 -4
right_child=1 3 5 -5 -6 -7 9 -9 -10 -11 -12 -13 -14 -15
leaf_value=-0.038082928636014979 0.1769062651321292 0.38483080399036407 0.17285745274275544 0.12091972939670087 0.16493969591040361 0.10237726063050073 -0.037447113378180401 0.17810258573907264 0.045285785221494734 0.093216989341157463 -0.011755292185653861 0.0036603648086609552 -0.014156467441854807 0.044034979765264083
leaf_weight=928 14.999999999999998 25 15.999999999999998 20 19 29 18 34 48 27 234 232 29 71
leaf_count=928 15 25 16 20 19 29 18 34 48 27 234 232 29 71
internal_value=-0.000490919 0.13543 -0.0186844 0.237078 0.289878 0.024765 0.089617 0.112194 0.076624 0.0409513 -0.0327811 0.0182973 0.0435053 0.0677265
internal_weight=1745 206 1539 64 44 377 142 97 63 45 1162 348 116 87
internal_count=1745 206 1539 64 44 377 142 97 63 45 1162 348 116 87
cat_boundaries=0 1
cat_threshold=1
is_linear=0
shrinkage=0.05


Tree=14
num_leaves=15
num_cat=1
split_feature=4 30 16 23 27 8 30 28 0 2 8 3 6 18
split_gain=1567.55 448.719 222.431 132.442 92.7168 86.9076 94.1734 72.0341 55.0879 53.6541 73.036 81.0553 52.2589 49.9724
threshold=4.5000000000000009 27.500000000000004 3.0833333333333335 78.500000000000014 21.500000000000004 5.9275210084033629 22.500000000000004 33.500000000000007 0 1.5000000000000002 6.1900656814449926 6.8768939393939403 19.750000000000004 6.2504537205081681
decision_type=2 2 2 2 10 2 2 10 1 2 2 2 2 2
left_child=2 5 -1 7 8 -2 9 -3 -4 -7 11 -11 -12 -8
right_child=1 3 4 -5 -6 6 13 -9 -10 10 12 -13 -14 -15
leaf_value=-0.035139061345834041 0.15919222186009091 0.23355211555957794 0.031355584917148037 0.34817446645568401 0.1093962576550742 -0.024235418197349645 0.16093646324588917 0.094955192108949038 -0.0081729890298322481 0.046503482627061506 0.072814976920684185 0.14406299367547035 -0.046153344400227073 0.058567451489599132
leaf_weight=986 27 25 108 17 21 24 32 14.999999999999998 339 60 14.999999999999998 33 24 19
leaf_count=986 27 25 108 17 21 24 32 15 339 60 15 33 24 19
internal_value=-0.000465324 0.105465 -0.0216659 0.231265 0.00671989 0.074821 0.0638161 0.181578 0.00189617 0.0445332 0.0570366 0.0811214 -0.000396298 0.122799
internal_weight=1745 291 1454 57 468 234 207 40 447 156 132 93 39 51
internal_count=1745 291 1454 57 468 234 207 40 447 156 132 93 39 51
cat_boundaries=0 1
cat_threshold=1
is_linear=0
shrinkage=0.05


Tree=15
num_leaves=15
num_cat=1
split_feature=30 16 17 23 3 30 18 13 24 0 5 30 14 3
split_gain=1326.5 451.849 152.439 182.897 131.677 118.242 74.8256 92.6339 60.7684 59.6154 44.2095 39.1199 38.1965 32.2784
threshold=23.500000000000004 6.416666666666667 25.833333333333339 78.500000000000014 7.4171428571428581 8.5000000000000018 5.9478614929584772 6.4395089285714304 13.500000000000002 0 5.5000000000000009 13.500000000000002 2.5833333333333335 6.6267857142857158
decision_type=2 2 2 2 2 2 2 2 2 1 2 2 2 2
left_child=1 9 -2 4 -4 -3 7 12 -9 -1 -6 13 -7 -8
right_child=2 5 3 -5 10 6 11 8 -10 -11 -12 -13 -14 -15
leaf_value=-0.013390849496351715 0.3152677278965712 -0.030214532512567335 0.18810612585109016 0.26745482346285948 -0.021509282733313741 0.1045877406001091 0.022638019737565802 0.085443286933004861 0.21857528567314147 -0.037668105825474585 0.089998220708221208 0.041054063112049101 0.0099995005775142375 -0.032405518425198704
leaf_weight=432 15.999999999999998 74 26 23 15.999999999999998 14.999999999999998 84 20 14.999999999999998 766 20 199 37 39
leaf_count=432 16 74 26 23 16 15 84 20 15 766 20 199 37 39
internal_value=-0.0023058 -0.01288 0.173686 0.147036 0.102364 0.0279461 0.038469 0.0796126 0.1425 -0.0293399 0.0404393 0.0273526 0.0372846 0.00518519
internal_weight=1782 1681 101 85 62 483 409 87 35 1198 36 322 52 123
internal_count=1782 1681 101 85 62 483 409 87 35 1198 36 322 52 123
cat_boundaries=0 1
cat_threshold=3
is_linear=0
shrinkage=0.05


Tree=16
num_leaves=15
num_cat=1
split_feature=30 16 17 23 8 30 18 13 16 24 0 30 14 3
split_gain=1197.37 408.113 137.576 165.064 158.386 106.714 67.5301 83.6021 65.691 54.8435 53.841 35.3057 34.4724 32.242
threshold=23.500000000000004 6.416666666666667 25.833333333333339 78.500000000000014 6.2651654411764719 8.5000000000000018 5.9478614929584772 6.4395089285714304 37.750000000000007 13.500000000000002 0 13.500000000000002 2.5833333333333335 7.1950483091787456
decision_type=2 2 2 2 2 2 2 2 2 2 1 2 2 2
left_child=1 10 -2 4 -4 -3 7 12 -6 -9 -1 -8 -7 -13
right_child=2 5 3 -5 8 6 11 9 -10 -11 -12 13 -14 -15
leaf_value=-0.012736454524934224 0.29950434062629938 -0.02870380642849046 0.1978044318035245 0.2540820817584577 0.11082248918246479 0.099358350634574891 0.0049259306425683026 0.081171122607047452 -0.022328167815100067 0.20764652311801912 -0.03580897108066021 0.048298868026851294 0.0094995238088272718 -0.0045641086356980462
leaf_weight=432 15.999999999999998 74 24 23 15.999999999999998 14.999999999999998 123 20 22 14.999999999999998 766 164 37 35
leaf_count=432 16 74 24 23 16 15 123 20 22 15 766 164 37 35
internal_value=-0.00220483 -0.0122512 0.165002 0.139684 0.0972459 0.0265488 0.0365456 0.0756319 0.0337353 0.135375 -0.0278942 0.025985 0.0354203 0.0390014
internal_weight=1782 1681 101 85 62 483 409 87 38 35 1198 322 52 199
internal_count=1782 1681 101 85 62 483 409 87 38 35 1198 322 52 199
cat_boundaries=0 1
cat_threshold=3
is_linear=0
shrinkage=0.05


Tree=17
num_leaves=15
num_cat=1
split_feature=30 16 17 23 3 30 0 5 3 16 24 16 30 16
split_gain=1080.81 368.61 124.162 148.97 107.386 96.3092 48.6258 40.7933 40.3314 71.8301 96.4439 44.1827 34.9929 39.4418
threshold=23.500000000000004 6.416666666666667 25.833333333333339 78.500000000000014 7.4171428571428581 8.5000000000000018 0 5.5000000000000009 7.2806250000000015 23.375000000000004 13.500000000000002 21.791666666666668 15.500000000000002 14.91666666666667
decision_type=2 2 2 2 2 2 1 2 2 2 2 2 2 2
left_child=1 6 -2 4 -4 -3 -1 -6 9 11 -11 12 -7 -14
right_child=2 5 3 -5 7 8 -8 -9 -10 10 -12 -13 13 -15
leaf_value=-0.012114039772059515 0.2845291242003441 -0.027268615996188208 0.16981423712120608 0.24137797809165457 -0.023045533889762739 0.024922491461358359 -0.034041594054799569 0.084067125655710701 -0.022117593678934823 0.046711485721453123 0.19629665352404119 -0.050362776359543206 0.10855477710564931 0.036561279600629437
leaf_weight=432 15.999999999999998 74 26 23 15.999999999999998 233 766 20 29 33 15.999999999999998 15.999999999999998 30 52
leaf_count=432 16 74 26 23 16 233 766 20 29 33 16 16 30 52
internal_value=-0.00210821 -0.0116531 0.156752 0.1327 0.0923836 0.0252213 -0.0265198 0.0364615 0.0347183 0.0390558 0.0955556 0.0306917 0.0348088 0.0629004
internal_weight=1782 1681 101 85 62 483 1198 36 409 380 49 331 315 82
internal_count=1782 1681 101 85 62 483 1198 36 409 380 49 331 315 82
cat_boundaries=0 1
cat_threshold=3
is_linear=0
shrinkage=0.05


Tree=18
num_leaves=15
num_cat=0
split_feature=30 16 15 24 30 3 18 6 18 16 30 27 30 3
split_gain=975.603 333.326 115.63 188.656 93.8471 63.7019 55.551 65.0052 53.0947 44.8449 53.7571 29.9928 28.6116 30.5194
threshold=23.500000000000004 5.916666666666667 7.166666666666667 3.5000000000000004 8.5000000000000018 7.8468750000000007 5.9478614929584772 18.250000000000004 6.1928776465541189 -4.8749999999999991 9.5000000000000018 15.500000000000002 13.500000000000002 6.6267857142857158
decision_type=2 2 2 2 2 2 2 2 2 2 2 10 2 2
left_child=1 9 3 5 -3 -2 7 11 -5 -1 -11 -6 13 -8
right_child=2 4 -4 8 6 -7 12 -9 -10 10 -12 -13 -14 -15
leaf_value=-0.054248390373803912 0.20065377841393148 -0.023484480815970307 0.029993033540599484 0.17928160529228904 0.02888504124500535 0.34637261390686036 0.020998464558231698 0.1555310871671228 0.077580460714119864 -0.026794977983315496 0.0071233471104903013 0.10487194333006354 0.034808227878116681 -0.031582415248267354
leaf_weight=124 15.000000000000002 91 17 21 55 14.999999999999998 89 17 33 911 134 17 203 40
leaf_count=124 15 91 17 21 55 15 89 17 33 911 134 17 203 40
internal_value=-0.00201575 -0.0110841 0.148914 0.172982 0.0225587 0.273513 0.0325111 0.0675902 0.117131 -0.0258191 -0.0224456 0.0468264 0.0231073 0.00469432
internal_weight=1782 1681 101 84 512 30 421 89 54 1169 1045 72 332 129
internal_count=1782 1681 101 84 512 30 421 89 54 1169 1045 72 332 129
is_linear=0
shrinkage=0.05


Tree=19
num_leaves=15
num_cat=0
split_feature=30 16 15 24 30 3 18 13 24 7 18 16 30 14
split_gain=880.481 300.827 104.356 170.262 84.697 57.491 50.1347 60.8418 54.9679 49.8542 74.2411 40.4725 48.5158 30.6284
threshold=23.500000000000004 5.916666666666667 7.166666666666667 3.5000000000000004 8.5000000000000018 7.8468750000000007 5.9478614929584772 6.4395089285714304 13.500000000000002 34.500000000000007 6.2504537205081681 -4.8749999999999991 9.5000000000000018 2.5833333333333335
decision_type=2 2 2 2 2 2 2 2 2 2 2 2 2 2
left_child=1 11 3 5 -3 -2 7 13 -9 10 -5 -1 -13 -6
right_child=2 4 -4 9 6 -7 -8 8 -10 -11 -12 12 -14 -15
leaf_value=-0.051535967908679481 0.19062108963727947 -0.022310256635115207 0.028493382305125981 0.15251644862194857 0.087940267240628603 0.32905398050944012 0.021951973406844832 0.062154616273584817 0.18747468094031017 0.16921557166867637 -9.8460748353425197e-05 -0.02545522840624076 0.0067671799893254669 0.0051443458912340369
leaf_weight=124 15.000000000000002 91 17 14.999999999999998 15.999999999999998 14.999999999999998 332 21 14.999999999999998 22 17 911 134 37
leaf_count=124 15 91 17 15 16 15 332 21 15 22 17 911 134 37
internal_value=-0.00191497 -0.0105299 0.141469 0.164333 0.0214308 0.259838 0.0308855 0.0642107 0.114371 0.111274 0.0714398 -0.0245281 -0.0213234 0.0301393
internal_weight=1782 1681 101 84 512 30 421 89 36 54 32 1169 1045 53
internal_count=1782 1681 101 84 512 30 421 89 36 54 32 1169 1045 53
is_linear=0
shrinkage=0.05


Tree=20
num_leaves=15
num_cat=0
split_feature=6 30 30 8 30 8 16 30 8 1 23 18 30 8
split_gain=844.164 296.78 99.8276 94.188 87.5062 66.7816 63.347 56.4566 130.718 52.8428 53.3625 47.3549 39.2635 37.5647
threshold=13.750000000000002 33.500000000000007 13.500000000000002 5.96609195402299 6.5000000000000009 5.929563492063493 -7.7499999999999991 25.500000000000004 6.3623737373737379 1.0000000180025095e-35 47.000000000000007 6.2504537205081681 10.500000000000002 6.3033008658008667
decision_type=2 2 2 2 2 2 2 2 2 2 2 2 2 2
left_child=4 2 5 -4 -1 -2 -6 9 11 13 -11 -9 -8 -5
right_child=1 -3 3 7 6 -7 12 8 -10 10 -12 -13 -14 -15
leaf_value=-0.029668688010091423 0.10050363103548686 0.22921118972202145 0.16847489366874746 0.076039288838458535 -0.050004514590115616 -0.017449073987081648 -0.0099002067480282296 0.23832865983247753 0.017074500704589098 0.053264532689201206 -0.066872187703847882 0.11269046569863955 0.015299056517332793 0.0052371487183415378
leaf_weight=729 14.999999999999998 27 23 101 71 60 405 15.000000000000002 23 19 18 14.999999999999998 250 23
leaf_count=729 15 27 23 101 71 60 405 15 23 19 18 15 250 23
internal_value=-0.000876605 0.0701799 0.0564176 0.0723277 -0.017432 0.00614147 -0.00514482 0.0619942 0.106755 0.0472593 -0.00518036 0.17551 -0.000282167 0.0629066
internal_weight=1794 339 312 237 1455 75 726 214 53 161 37 30 655 124
internal_count=1794 339 312 237 1455 75 726 214 53 161 37 30 655 124
is_linear=0
shrinkage=0.05


Tree=21
num_leaves=15
num_cat=0
split_feature=4 30 30 27 18 30 3 4 6 2 7 17 17 17
split_gain=790.661 245.686 103.93 75.1519 100.422 116.992 74.328 68.3236 61.9872 46.6972 67.1999 46.2961 37.6104 49.9551
threshold=4.5000000000000009 33.500000000000007 10.500000000000002 13.500000000000002 6.2575225234618026 23.500000000000004 7.0784615384615392 6.5000000000000009 -5.2499999999999991 2.5000000000000004 32.500000000000007 19.833333333333339 23.166666666666668 27.833333333333339
decision_type=2 2 2 10 2 2 2 2 2 2 2 2 2 2
left_child=2 3 -1 11 5 6 7 -5 -4 -6 -11 -2 -13 -14
right_child=1 -3 8 4 9 -7 -8 -9 -10 10 -12 12 13 -15
leaf_value=-0.022634606492831371 0.10114575465650935 0.21775062914799759 -0.047883902419181099 0.15974451858421854 0.095574111473979428 0.19864401620413577 -0.0097965676751401703 0.046951268807053567 0.0170531145442708 -0.087124565939108542 0.054445458791757884 -0.034389721657390952 0.10436751795442481 0.0098719488592150656
leaf_weight=1163 19 27 42 29 15.999999999999998 28 18 25 294 14.999999999999998 19 27 19 53
leaf_count=1163 19 27 42 29 16 28 18 25 294 15 19 27 19 53
internal_value=-0.000832775 0.0739917 -0.0155581 0.0595085 0.0829923 0.111921 0.0781949 0.107525 0.00893599 0.0251356 -0.00801191 0.0296563 0.0159361 0.0348083
internal_weight=1794 295 1499 268 150 100 72 54 336 50 34 118 99 72
internal_count=1794 295 1499 268 150 100 72 54 336 50 34 118 99 72
is_linear=0
shrinkage=0.05


Tree=22
num_leaves=15
num_cat=1
split_feature=4 30 0 24 27 6 15 15 30 3 7 8 3 25
split_gain=713.572 221.732 98.168 78.1439 67.8246 58.0761 65.8028 69.0298 75.3095 64.4792 55.7091 54.6573 51.9552 45.5252
threshold=4.5000000000000009 33.500000000000007 0 7.5000000000000009 13.500000000000002 17.750000000000004 1.8333333333333337 3.8333333333333335 23.500000000000004 7.006756756756757 17.500000000000004 5.9275210084033629 6.4696691176470598 35.500000000000007
decision_type=2 2 1 2 10 2 2 2 2 2 2 2 2 10
left_child=2 4 3 -1 11 -6 -7 8 9 -8 -4 -2 -12 -5
right_child=1 -3 10 13 5 6 7 -9 -10 -11 12 -13 -14 -15
leaf_value=0.08392402810546068 0.11111832672784872 0.2068630991158662 -0.032704637788456718 0.020297674741595984 0.17217764705419542 -0.012861079261416481 0.15085513291414829 0.048447917784667678 0.20554929840329447 0.0089053675532341 -0.01571853760808303 0.014212468091518353 0.025519654961193312 -0.048566022084560248
leaf_weight=39 17 27 494 96 14.999999999999998 21 15.999999999999998 63 19 15.999999999999998 753 101 85 32
leaf_count=39 17 27 494 96 15 21 16 63 19 16 753 101 85 32
internal_value=-0.000791136 0.0702921 -0.0147802 0.0207203 0.0565331 0.0788427 0.0684722 0.0834546 0.126698 0.0798803 -0.0192422 0.0281735 -0.0115357 0.00308175
internal_weight=1794 295 1499 167 268 150 135 114 51 32 1332 118 838 128
internal_count=1794 295 1499 167 268 150 135 114 51 32 1332 118 838 128
cat_boundaries=0 1
cat_threshold=1
is_linear=0
shrinkage=0.05


Tree=23
num_leaves=15
num_cat=1
split_feature=4 30 0 24 8 30 18 7 13 13 30 14 23 26
split_gain=643.998 200.113 88.5966 70.5249 57.9847 80.1571 125.441 50.2775 52.5388 46.7424 41.6946 127.798 41.6039 35.7028
threshold=4.5000000000000009 33.500000000000007 0 7.5000000000000009 5.9275210084033629 25.500000000000004 6.2414447324268165 17.500000000000004 5.8899404761904774 6.5014204545454559 9.5000000000000018 4.5833333333333348 71.000000000000014 16.500000000000004
decision_type=2 2 1 2 2 2 2 2 2 2 2 2 2 8
left_child=2 4 3 -1 9 13 -7 -4 -9 -2 -5 -12 -8 -6
right_child=1 -3 7 10 5 6 12 8 -10 -11 11 -13 -14 -15
leaf_value=0.079727828282921118 0.052533868824442234 0.19651994280241156 -0.031069405677375813 -0.018445896068815051 -0.0093702939069933364 0.19800018087029458 0.098855104576796304 -0.02599873711441918 -0.00053732745612811563 0.17363006858264698 0.10189118603865306 -0.07308945562690497 -0.011955241113901139 0.041961938811697234
leaf_weight=39 14.999999999999998 27 494 82 45 20 15.999999999999998 343 495 17 30 15.999999999999998 18 137
leaf_count=39 15 27 494 82 45 20 16 343 495 17 30 16 18 137
internal_value=-0.000751579 0.0667775 -0.0140412 0.0196843 0.0537065 0.0451424 0.0986387 -0.0182801 -0.0109589 0.116866 0.00292766 0.0410284 0.0401908 0.0292699
internal_weight=1794 295 1499 167 268 236 54 1332 838 32 128 46 34 182
internal_count=1794 295 1499 167 268 236 54 1332 838 32 128 46 34 182
cat_boundaries=0 1
cat_threshold=1
is_linear=0
shrinkage=0.05


Tree=24
num_leaves=15
num_cat=0
split_feature=4 30 30 27 18 30 8 6 15 8 18 4 3 13
split_gain=581.209 180.602 80.2956 57.6177 83.4821 93.58 76.9027 50.91 48.5107 46.6501 48.3493 42.8129 35.4121 52.2639
threshold=4.5000000000000009 33.500000000000007 10.500000000000002 13.500000000000002 6.2575225234618026 23.500000000000004 6.1557112068965525 -5.2499999999999991 2.166666666666667 5.9275210084033629 6.1667987060143945 8.5000000000000018 7.030330882352942 6.8903405112044824
decision_type=2 2 2 10 2 2 2 2 2 2 2 2 2 2
left_child=2 3 -1 9 5 6 8 -4 -5 -2 -11 -6 13 -9
right_child=1 -3 7 4 11 -7 -8 12 -10 10 -12 -13 -14 -15
leaf_value=-0.019559168600061766 0.10151105571319075 0.18669394585131496 -0.043302862559046064 0.047150799956010736 -0.035538332164287569 0.17552142278956517 -0.012732049964723133 0.014292018013074996 0.1451518920117191 -0.0046678448372404089 0.083852299596918256 0.058203596531830985 -0.054500038286342346 0.10478178253945183
leaf_weight=1163 17 27 42 23 21 28 21 260 28 82 19 29 17 17
leaf_count=1163 17 27 42 23 21 28 21 260 28 82 19 29 17 17
internal_value=-0.000714 0.0634387 -0.0133391 0.0510211 0.0715836 0.0979595 0.0677965 0.00819046 0.100955 0.0248824 0.0119845 0.018832 0.0155466 0.0198455
internal_weight=1794 295 1499 268 150 100 72 336 51 118 101 50 294 277
internal_count=1794 295 1499 268 150 100 72 336 51 118 101 50 294 277
is_linear=0
shrinkage=0.05


Tree=25
num_leaves=15
num_cat=1
split_feature=4 3 3 0 24 27 6 15 25 7 27 3 7 3
split_gain=638.155 253.919 83.3689 81.4419 94.6865 59.527 70.5149 67.7536 56.9383 56.2137 52.412 45.9496 43.1938 42.6587
threshold=4.5000000000000009 7.8468750000000007 8.2712418300653621 0 7.5000000000000009 13.500000000000002 20.250000000000004 2.5833333333333335 35.500000000000007 28.500000000000004 16.500000000000004 6.4649014778325133 17.500000000000004 5.58477011494253
decision_type=2 2 2 1 2 10 2 2 10 2 10 2 2 2
left_child=3 5 -3 4 11 -2 7 -7 -6 -8 -11 -1 -5 -14
right_child=1 2 -4 12 8 6 9 -9 -10 10 -12 -13 13 -15
leaf_value=0.12938718667253854 0.027405749639776364 0.28876655849317706 0.12468975409865379 -0.028064979473829563 0.018950423383090682 0.21796296735604603 -0.0049154762710843774 0.070048227300867447 -0.055672909344053445 0.14313313693485477 0.052707710180242187 0.020876422116998583 -0.035698185214960536 -0.0044010804902714145
leaf_weight=25 123 15.000000000000002 15.999999999999998 486 103 15.000000000000002 28 15.999999999999998 34 22 59 15.999999999999998 129 698
leaf_count=25 123 15 16 486 103 15 28 16 34 22 59 16 129 698
internal_value=0.00141167 0.0687371 0.204082 -0.0118638 0.0192964 0.0527839 0.0750805 0.14162 0.000430764 0.0561564 0.0772677 0.0870415 -0.0161123 -0.00928297
internal_weight=1785 294 31 1491 178 263 140 31 137 109 81 41 1313 827
internal_count=1785 294 31 1491 178 263 140 31 137 109 81 41 1313 827
cat_boundaries=0 1
cat_threshold=1
is_linear=0
shrinkage=0.05


Tree=26
num_leaves=15
num_cat=1
split_feature=16 4 2 27 7 7 0 1 17 15 5 17 7 27
split_gain=576.386 171.178 147.066 194.187 41.9109 65.306 41.1224 41.0491 115.096 49.2478 66.4943 46.492 50.0758 44.9817
threshold=24.583333333333339 2.5000000000000004 2.5000000000000004 22.500000000000004 27.500000000000004 31.500000000000004 0 1.0000000180025095e-35 16.833333333333339 5.5833333333333348 5.5000000000000009 25.583333333333339 30.500000000000004 15.500000000000002
decision_type=2 2 2 10 2 2 1 2 2 2 2 2 2 10
left_child=1 6 3 -2 -4 -6 -1 8 -3 10 13 -9 -13 -10
right_child=2 7 4 -5 5 -7 -8 11 9 -11 -12 12 -14 -15
leaf_value=-0.0042779517011664247 0.081824722318422236 0.13655012256155413 -0.002149564991979038 0.30562776823838556 0.17784982313712439 0.060151937261901128 -0.022852669151995096 -0.040865422959905119 0.011344983379209514 -0.046064505664010845 0.11636053822934628 0.084365652797913013 -0.017256638849223103 0.070936814033867507
leaf_weight=520 21 24 17 18 14.999999999999998 55 746 48 190 24 20 22 27 38
leaf_count=520 21 24 17 18 15 55 746 48 190 24 20 22 27 38
internal_value=0.00134108 -0.00648906 0.104438 0.185118 0.0682708 0.0853729 -0.0154375 0.0223374 0.0315879 0.0223265 0.028945 -0.00589098 0.0283697 0.021277
internal_weight=1785 1659 126 39 87 70 1266 393 296 272 248 97 49 228
internal_count=1785 1659 126 39 87 70 1266 393 296 272 248 97 49 228
cat_boundaries=0 1
cat_threshold=3
is_linear=0
shrinkage=0.05


Tree=27
num_leaves=15
num_cat=1
split_feature=4 3 3 0 23 30 28 23 23 17 3 25 7 17
split_gain=531.25 212.397 75.3466 68.0961 72.7695 54.4913 67.1562 91.7423 70.0079 82.082 45.8744 43.3193 37.906 37.8538
threshold=4.5000000000000009 7.8468750000000007 8.2712418300653621 0 58.000000000000007 15.500000000000002 21.500000000000004 55.500000000000007 62.000000000000007 30.583333333333339 6.4610323886639689 35.500000000000007 17.500000000000004 22.833333333333339
decision_type=2 2 2 1 2 2 10 2 2 2 2 10 2 2
left_child=3 5 -3 4 11 -2 7 -7 9 -8 -6 13 -5 -1
right_child=1 2 -4 12 10 6 8 -9 -10 -11 -12 -13 -14 -15
leaf_value=0.035718817749834611 0.019279858114031875 0.26698641434311859 0.11100346073508263 -0.025925421865978911 0.11282801173095192 0.17025478987087464 -0.080261478209424586 0.057167548383090731 0.079886138303713369 0.059535974574585759 0.010517855816417272 -0.049846062367556225 -0.0083305672711343013 -0.032930212441299643
leaf_weight=71 101 15.000000000000002 15.999999999999998 486 28 29 21 47 44 21 18 33 827 28
leaf_count=71 101 15 16 486 28 29 21 47 44 21 18 33 827 28
internal_value=0.00126643 0.0626943 0.186479 -0.0108461 0.0176467 0.0481037 0.0660742 0.100319 0.0358111 -0.0103628 0.0727936 -0.000234318 -0.014731 0.0163029
internal_weight=1785 294 31 1491 178 263 162 76 86 42 46 132 1313 99
internal_count=1785 294 31 1491 178 263 162 76 86 42 46 132 1313 99
cat_boundaries=0 1
cat_threshold=1
is_linear=0
shrinkage=0.05


Tree=28
num_leaves=15
num_cat=1
split_feature=4 3 2 27 30 8 0 16 27 18 28 25 16 23
split_gain=479.454 191.688 72.9492 65.1758 49.1784 130.966 48.2538 39.4222 32.0389 71.0421 56.2336 29.5299 54.173 38.9448
threshold=4.5000000000000009 7.8468750000000007 3.5000000000000004 21.500000000000004 15.500000000000002 6.006756756756757 0 15.125000000000002 13.500000000000002 6.0836868686868693 25.500000000000004 43.500000000000007 20.791666666666668 55.500000000000007
decision_type=2 2 2 10 2 2 1 2 10 2 10 10 2 2
left_child=3 4 -3 6 11 -6 -1 -7 -9 -10 -11 12 13 -2
right_child=1 2 -4 -5 5 7 -8 8 9 10 -12 -13 -14 -15
leaf_value=-0.0014193378858987609 0.0031794532622192425 0.25142026748508212 0.097938980559508004 0.081709702940363643 0.17926139916692463 0.1124144720011636 -0.019665716212408205 -0.0098833367787301545 0.14916733535627524 -0.0067778702359646559 0.079565735658009853 0.074481490411256498 -0.080588880876700089 0.092589699570089584
leaf_weight=671 51 16.000000000000004 14.999999999999998 19 21 19 801 30 14.999999999999998 44 33 19 14.999999999999998 15.999999999999998
leaf_count=671 51 16 15 19 21 19 801 30 15 44 33 19 15 16
internal_value=0.00120311 0.0595596 0.177155 -0.0103038 0.0456986 0.0627705 -0.0114915 0.0454208 0.0349873 0.0496191 0.0302265 0.0183159 0.00530188 0.0245312
internal_weight=1785 294 31 1491 263 162 1472 141 122 92 77 101 82 67
internal_count=1785 294 31 1491 263 162 1472 141 122 92 77 101 82 67
cat_boundaries=0 1
cat_threshold=3
is_linear=0
shrinkage=0.05


Tree=29
num_leaves=15
num_cat=0
split_feature=4 3 15 27 27 6 5 15 16 16 13 18 15 13
split_gain=432.799 172.998 70.0092 58.8307 42.7201 62.3571 92.2567 56.7575 49.5016 76.1893 64.0429 43.84 44.8236 40.3111
threshold=4.5000000000000009 7.8468750000000007 4.166666666666667 21.500000000000004 13.500000000000002 20.250000000000004 1.5000000000000002 2.5833333333333335 26.083333333333339 33.083333333333336 6.8558380886337895 6.1667987060143945 1.8333333333333337 5.893817012916279
decision_type=2 2 2 10 10 2 2 2 2 2 2 2 2 2
left_child=3 4 -3 13 11 7 -7 -6 10 -10 -8 12 -2 -1
right_child=1 2 -4 -5 5 6 8 -9 9 -11 -12 -13 -14 -15
leaf_value=-0.020267430337846667 0.040316839937049043 0.24590084989865618 0.095544119179248821 0.077624218558010313 0.19474818885326384 -0.055608908834524066 0.099353249546359573 0.05936747677624226 0.17155418651666315 0.045566984957882334 -0.027489949017763138 0.085873627459461047 -0.02633071290899296 -0.0035966143888195579
leaf_weight=647 52 15.000000000000002 15.999999999999998 19 15.000000000000002 19 17 15.999999999999998 21 28 24 22 49 825
leaf_count=647 52 15 16 19 15 19 17 16 21 28 24 22 49 825
internal_value=0.00113705 0.0565816 0.168297 -0.00979569 0.0434136 0.0623021 0.0445063 0.124874 0.0656418 0.0995615 0.0251036 0.0219146 0.00798288 -0.0109241
internal_weight=1785 294 31 1491 263 140 109 31 90 49 41 123 101 1472
internal_count=1785 294 31 1491 263 140 109 31 90 49 41 123 101 1472
is_linear=0
shrinkage=0.05


Tree=30
num_leaves=15
num_cat=1
split_feature=16 30 0 16 4 27 30 16 17 8 23 3 16 13
split_gain=353.882 98.3668 88.7574 58.4008 57.1642 56.6034 50.1044 75.7161 37.3162 40.9265 30.8529 27.8061 26.4333 23.824
threshold=24.583333333333339 33.500000000000007 0 32.625000000000007 10.500000000000002 19.500000000000004 15.500000000000002 14.29166666666667 31.583333333333339 6.2013513513513523 59.500000000000007 7.766891891891893 39.916666666666664 6.8558380886337895
decision_type=2 2 1 2 2 10 2 2 2 2 2 2 2 2
left_child=2 3 6 4 5 -2 13 10 9 -9 -8 12 -5 -1
right_child=1 -3 -4 11 -6 -7 7 8 -10 -11 -12 -13 -14 -15
leaf_value=0.0011751830223209947 -0.0048331843171682629 0.16470532330612725 -0.019136495497008462 -0.046422668624865382 0.17215351397171619 0.11738382861018182 0.14879478756338357 0.022806463135610813 0.062767476975917821 -0.056471544504165652 0.050603502913145353 0.071693441534743593 0.039398670108879319 -0.040040799049106811
leaf_weight=669 18 26 797 19 15.999999999999998 20 15.999999999999998 41 25 27 15.999999999999998 17 17 37
leaf_count=669 18 26 797 19 16 20 16 41 25 27 16 17 17 37
internal_value=-0.000945237 0.0774738 -0.0073517 0.0562773 0.0928729 0.0594916 0.00413149 0.0333591 0.0105325 -0.00867157 0.0996991 0.0189912 -0.00589593 -0.000984861
internal_weight=1761 133 1628 107 54 38 831 125 93 68 32 53 36 706
internal_count=1761 133 1628 107 54 38 831 125 93 68 32 53 36 706
cat_boundaries=0 1
cat_threshold=3
is_linear=0
shrinkage=0.05


Tree=31
num_leaves=15
num_cat=1
split_feature=16 30 0 18 30 3 2 30 16 17 8 24 24 16
split_gain=319.426 88.776 80.1893 56.1873 62.8349 54.7442 49.3038 45.2192 68.3337 33.6779 36.9361 27.8447 22.8711 33.3474
threshold=24.583333333333339 33.500000000000007 0 6.2504537205081681 25.500000000000004 7.0784615384615392 2.5000000000000004 15.500000000000002 14.29166666666667 31.583333333333339 6.2013513513513523 7.5000000000000009 4.5000000000000009 17.583333333333339
decision_type=2 2 1 2 2 2 2 2 2 2 2 2 2 2
left_child=2 3 7 4 5 -2 -5 12 11 10 -10 -9 -1 -14
right_child=1 -3 -4 6 -6 -7 -8 8 9 -11 -12 -13 13 -15
leaf_value=0.018561132810634352 0.10969049534760417 0.15647005745424675 -0.018191527255804738 0.078810456767678269 0.17270568549633025 0.0039694609120488169 -0.031954584629447377 0.048073329374892643 0.021666140629478345 0.059629101999104032 -0.053647967427968984 0.14135504867881538 -0.0022026577345201407 -0.054708283976651728
leaf_weight=124 24 26 797 15.999999999999998 14.999999999999998 25 27 15.999999999999998 41 25 27 15.999999999999998 550 32
leaf_count=124 24 26 797 16 15 25 27 16 41 25 27 16 550 32
internal_value=-0.000903408 0.0736001 -0.00698999 0.0534634 0.0831624 0.0557512 0.00926031 0.00392491 0.0316912 0.0100059 -0.00823799 0.0947142 -0.000935618 -0.00508957
internal_weight=1761 133 1628 107 64 49 43 831 125 93 68 32 706 582
internal_count=1761 133 1628 107 64 49 43 831 125 93 68 32 706 582
cat_boundaries=0 1
cat_threshold=3
is_linear=0
shrinkage=0.05


Tree=32
num_leaves=15
num_cat=1
split_feature=16 27 17 16 0 30 16 8 30 17 8 23 28 18
split_gain=288.324 81.3479 106.695 76.2843 72.4483 40.8103 61.6712 34.4902 31.831 30.3943 33.3349 25.1299 23.6222 22.412
threshold=24.583333333333339 30.500000000000004 25.833333333333339 32.625000000000007 0 15.500000000000002 14.29166666666667 6.3766891891891904 21.500000000000004 31.583333333333339 6.2013513513513523 59.500000000000007 29.500000000000004 6.0802582607116937
decision_type=2 10 2 2 1 2 2 2 2 2 2 2 10 2
left_child=4 2 -2 8 5 -1 11 -3 -4 10 13 -7 -5 -8
right_child=1 7 3 12 -6 6 9 -9 -10 -11 -12 -13 -14 -15
leaf_value=-0.00088883727483376183 0.16327489369055803 0.088764791488647452 0.034827555586462437 0.0078764181850211959 -0.017293222022431533 0.13428729753941299 0.060361768246481297 0.19598768154780072 0.12228139088930268 0.056647649729624397 -0.050965567926565807 0.045669662294676533 -0.068281998066231614 -0.013771700317209418
leaf_weight=706 17 15.000000000000002 23 28 797 15.999999999999998 19 14.999999999999998 19 25 27 15.999999999999998 15.999999999999998 22
leaf_count=706 17 15 23 28 797 16 19 15 19 25 27 16 16 22
internal_value=-0.000863403 0.0699201 0.0488163 0.0261908 -0.00664608 0.00372867 0.0301066 0.142376 0.07439 0.00950556 -0.00782609 0.0899785 -0.0198176 0.0205828
internal_weight=1761 133 103 86 1628 831 125 30 42 93 68 32 44 41
internal_count=1761 133 103 86 1628 831 125 30 42 93 68 32 44 41
cat_boundaries=0 1
cat_threshold=3
is_linear=0
shrinkage=0.05


Tree=33
num_leaves=15
num_cat=1
split_feature=30 4 5 27 18 7 18 25 7 17 2 18 0 5
split_gain=262.531 79.0118 77.6308 113.04 134.06 55.2778 48.2431 40.5045 29.7712 49.9316 51.1194 31.5091 28.5223 27.5588
threshold=22.500000000000004 2.5000000000000004 7.5000000000000009 30.500000000000004 6.2052598817304707 31.500000000000004 5.7958599371642858 39.500000000000007 27.500000000000004 29.166666666666668 2.5000000000000004 6.0001173020527867 0 2.5000000000000004
decision_type=2 2 2 10 2 2 2 8 2 2 2 2 1 2
left_child=1 12 3 4 -2 -6 -3 -8 -9 10 13 -12 -1 -10
right_child=2 6 -4 -5 5 -7 7 8 9 -11 11 -13 -14 -15
leaf_value=-0.032737848794223458 0.13978703382970958 0.079185439888925235 -0.0048525808453559879 0.18752962897221248 0.062890604138374329 -0.06324647267005945 -0.05870953024852843 -0.0067075629960598911 0.054506158623844385 0.0058571108224085809 0.064031252712011336 -0.013868852035590896 -0.0091130763030587529 0.14748947480145622
leaf_weight=141 29 26 25 24 15.999999999999998 19 21 127 14.999999999999998 147 25 27 1102 17
leaf_count=141 29 26 25 24 16 19 21 127 15 147 25 27 1102 17
internal_value=-0.000825143 -0.00588038 0.0729008 0.0949898 0.0602874 -0.00558381 0.0132995 0.00877961 0.0127385 0.0234296 0.0541814 0.0235831 -0.0121297 0.103904
internal_weight=1761 1648 113 88 64 35 405 379 358 231 84 52 1243 32
internal_count=1761 1648 113 88 64 35 405 379 358 231 84 52 1243 32
cat_boundaries=0 1
cat_threshold=8
is_linear=0
shrinkage=0.05


Tree=34
num_leaves=15
num_cat=1
split_feature=16 30 4 25 17 16 4 27 8 13 13 5 8 0
split_gain=240.638 70.7904 63.1188 57.2549 95.5399 47.3487 48.8218 48.9413 38.2538 39.9012 48.9613 51.717 26.4825 25.9134
threshold=24.583333333333339 33.500000000000007 2.5000000000000004 83.500000000000014 16.833333333333339 32.625000000000007 10.500000000000002 19.500000000000004 5.8415071770334936 6.8558380886337895 6.7742895545314914 5.5000000000000009 6.242179863147606 0
decision_type=2 2 2 8 2 2 2 10 2 2 2 2 2 1
left_child=2 5 13 -4 -5 6 7 -2 -6 10 11 -10 -7 -1
right_child=1 -3 3 4 8 12 -8 -9 9 -11 -12 -13 -14 -15
leaf_value=-0.031209359717684865 -0.01182263812257184 0.13787073834011188 -0.030437229990736767 0.11424278318881989 -0.04806648200998704 -0.022367656189534402 0.15210730528924615 0.10182187169790269 0.010593724600833165 -0.021551286151113278 0.096187653343962592 0.09742389841397342 0.048332297916595754 -0.0086893000777871175
leaf_weight=141 18 26 67 25 24 27 15.999999999999998 20 176 52 23 19 26 1101
leaf_count=141 18 26 67 25 24 27 16 20 176 52 23 19 26 1101
internal_value=-0.000795768 0.0638699 -0.00607865 0.0115813 0.0204065 0.0458884 0.0788398 0.0479903 0.0124272 0.0178044 0.027192 0.0190541 0.0123153 -0.0115672
internal_weight=1761 133 1628 386 319 107 54 38 294 270 218 195 53 1242
internal_count=1761 133 1628 386 319 107 54 38 294 270 218 195 53 1242
cat_boundaries=0 1
cat_threshold=8
is_linear=0
shrinkage=0.05


Tree=35
num_leaves=15
num_cat=0
split_feature=4 27 5 30 3 15 17 14 5 30 7 27 3 26
split_gain=228.878 131.378 52.1562 42.3015 41.0301 61.5614 44.2831 37.7177 34.0358 47.2489 88.5191 36.1983 42.4559 47.5888
threshold=2.5000000000000004 30.500000000000004 3.5000000000000004 12.500000000000002 6.6091269841269851 3.166666666666667 24.166666666666668 11.16666666666667 8.5000000000000018 22.500000000000004 31.500000000000004 7.5000000000000009 6.3768939393939403 4.5000000000000009
decision_type=2 10 2 2 2 2 2 2 2 2 2 10 2 10
left_child=-1 3 -3 4 5 6 -2 8 9 11 -11 -5 -13 -14
right_child=1 2 -4 7 -6 -7 -8 -9 -10 10 -12 12 13 -15
leaf_value=-0.011254465302363891 0.069082930033826942 0.0639032204945882 0.19575691195825737 0.078139024771548604 -0.041562558710575105 -0.079566319386164361 0.0048026813483620819 -0.033478570021688935 -0.01830585625767708 0.16457067131996156 0.026550980915243813 0.10176491338788765 0.028427849759214693 -0.042978005097912893
leaf_weight=1264 42 15.000000000000002 14.999999999999998 37 41 14.999999999999998 74 20 25 21 26 15.999999999999998 140 28
leaf_count=1264 42 15 15 37 41 15 74 20 25 21 26 16 140 28
internal_value=0.000193125 0.0282897 0.12983 0.0220089 0.00208908 0.015751 0.0280766 0.0329552 0.03749 0.0426948 0.0882194 0.0330131 0.0239389 0.0165269
internal_weight=1779 515 30 485 172 131 116 313 293 268 47 221 184 168
internal_count=1779 515 30 485 172 131 116 313 293 268 47 221 184 168
is_linear=0
shrinkage=0.05


Tree=36
num_leaves=15
num_cat=1
split_feature=27 30 3 6 0 18 6 13 13 6 18 3 18 5
split_gain=203.36 96.5682 58.4625 116.932 53.4086 29.5443 31.1965 28.3149 56.2471 27.3593 30.4349 49.0532 32.1157 34.2437
threshold=25.500000000000004 9.5000000000000018 8.2712418300653621 35.250000000000007 0 5.9190476190476202 42.250000000000007 6.4882846087883861 6.1155626780626786 6.2500000000000009 6.0340740740740744 6.3768939393939403 5.9918614745366705 1.5000000000000002
decision_type=10 2 2 2 1 2 2 2 2 2 2 2 2 2
left_child=1 -1 3 -2 5 7 9 8 -3 -7 12 -12 13 -11
right_child=2 4 -4 -5 -6 6 -8 -9 -10 10 11 -13 -14 -15
leaf_value=-0.012015533944498242 0.039451638076986588 0.099129865749886165 0.00057528126053512101 0.18822487765550613 -0.010226735022456889 -0.012334956923898842 -0.05411630605657896 0.095686315931379801 -0.0082793520106112257 -0.039365934133529665 0.12307836204767227 0.02914017562104005 -0.043563155723469603 0.051326983542565041
leaf_weight=1104 28 19 15.999999999999998 25 177 56 14.999999999999998 24 34 14.999999999999998 14.999999999999998 189 28 34
leaf_count=1104 28 19 16 25 177 56 15 24 34 15 15 189 28 34
internal_value=0.000183469 -0.00321233 0.0843402 0.109628 0.0128252 0.0220603 0.0164376 0.0506291 0.0302258 0.019578 0.0259378 0.0360474 -0.000845973 0.0235638
internal_weight=1779 1710 69 53 606 429 352 77 53 337 281 204 77 49
internal_count=1779 1710 69 53 606 429 352 77 53 337 281 204 77 49
cat_boundaries=0 1
cat_threshold=3
is_linear=0
shrinkage=0.05


Tree=37
num_leaves=15
num_cat=0
split_feature=4 27 18 8 1 23 17 17 5 30 7 8 7 17
split_gain=189.895 110.86 72.3335 53.6142 46.713 46.4988 54.9675 54.8109 50.6323 65.792 52.264 43.4565 40.8186 39.8147
threshold=2.5000000000000004 30.500000000000004 6.4005170755170768 5.7734604105571856 1.0000000180025095e-35 42.500000000000007 35.166666666666679 23.833333333333339 8.5000000000000018 22.500000000000004 23.500000000000004 6.4285130718954262 33.500000000000007 28.583333333333339
decision_type=2 10 2 2 2 2 2 2 2 2 2 2 2 2
left_child=-1 3 -3 -2 5 7 8 -5 9 10 -7 -11 -9 -12
right_child=1 2 -4 4 -6 6 -8 12 -10 11 13 -13 -14 -15
leaf_value=-0.010255801011539284 0.10999882789328695 0.19667729318141935 0.041399622360865279 0.044204937887843701 -0.011415303456974593 -0.01570548386527942 -0.038383495823844621 -0.070905029851350915 -0.04672323194642862 0.14683376955986024 0.077801462892881215 0.039184335693717008 0.023984871322617812 0.027108867896927732
leaf_weight=1264 15.999999999999998 15.000000000000002 14.999999999999998 32 111 39 23 34 14.999999999999998 25 68 14.999999999999998 17 90
leaf_count=1264 16 15 15 32 111 39 23 34 15 25 68 15 17 90
internal_value=0.000171421 0.0257637 0.119038 0.0199941 0.0169236 0.0257102 0.0356099 -0.00709 0.0423633 0.0480017 0.0361309 0.106465 -0.0392751 0.0489259
internal_weight=1779 515 30 485 469 358 275 83 252 237 197 40 51 158
internal_count=1779 515 30 485 469 358 275 83 252 237 197 40 51 158
is_linear=0
shrinkage=0.05


Tree=38
num_leaves=15
num_cat=1
split_feature=0 23 7 7 30 3 3 30 14 14 17 30 4 24
split_gain=174.662 139.725 70.21 49.0087 100.938 75.2099 46.6855 74.2644 51.501 46.6286 37.2824 28.2933 32.0772 25.3569
threshold=0 53.000000000000007 33.500000000000007 31.500000000000004 24.500000000000004 6.4649014778325133 7.4354166666666677 12.500000000000002 6.5833333333333348 6.166666666666667 30.833333333333339 5.5000000000000009 6.5000000000000009 17.500000000000004
decision_type=1 2 2 2 2 2 2 2 2 2 2 2 2 2
left_child=1 6 3 4 5 -3 7 13 -9 11 -10 -2 -13 -1
right_child=9 2 -4 -5 -6 -7 -8 8 10 -11 -12 12 -14 -15
leaf_value=-0.02144722183501082 -0.018229573929198158 0.094215677465282144 0.14104474994257607 -0.027408025722252205 0.1605648037384857 -0.01203037498311864 -0.06742488679132963 0.087204390838742263 -0.046864967234432703 0.053908222317695625 0.053847470059990889 -0.0019825230606376983 -0.063139260433275599 0.036888351663947105
leaf_weight=98 527 31 29 15.999999999999998 22 36 19 45 17 30 20 844 22 23
leaf_count=98 527 31 29 16 22 36 19 45 17 30 20 844 22 23
internal_value=0.00016285 0.0309884 0.0721775 0.053157 0.0676407 0.0371282 0.00752241 0.0145372 0.0512737 -0.00771253 0.00757419 -0.00909497 -0.00353616 -0.0103586
internal_weight=1779 356 134 105 89 67 222 203 82 1423 37 1393 866 121
internal_count=1779 356 134 105 89 67 222 203 82 1423 37 1393 866 121
cat_boundaries=0 1
cat_threshold=1
is_linear=0
shrinkage=0.05


Tree=39
num_leaves=15
num_cat=0
split_feature=4 27 18 18 30 14 13 18 13 17 17 15 17 25
split_gain=158.688 90.2156 63.6871 34.8528 42.7143 33.6323 31.4642 65.1419 63.9542 62.9419 49.4337 32.2622 40.0239 36.5465
threshold=2.5000000000000004 30.500000000000004 6.4005170755170768 5.7958599371642858 12.500000000000002 11.16666666666667 7.0340112433862449 6.2575225234618026 6.8989146270396278 24.833333333333339 30.583333333333339 1.4166666666666667 23.166666666666668 50.500000000000007
decision_type=2 10 2 2 2 2 2 2 2 2 2 2 2 10
left_child=-1 3 -3 -2 -5 6 8 9 11 -8 -9 12 -6 -13
right_child=1 2 -4 4 5 -7 7 10 -10 -11 -12 13 -14 -15
leaf_value=-0.0093773099205475482 0.073548833115233317 0.1805436120430628 0.034841748078664143 -0.0065744902238580654 0.061726203758050414 -0.036831324063241487 0.032531395088881254 0.081966556906700141 -0.041258914704833713 0.16558176200836897 -0.035746767208911477 0.055981277563218357 -0.032235486410996494 -0.027126186092694599
leaf_weight=1264 27 15.000000000000002 14.999999999999998 152 17 20 15.999999999999998 14.999999999999998 35 20 22 112 34 14.999999999999998
leaf_count=1264 27 15 15 152 17 20 16 15 35 20 22 112 34 15
internal_value=0.000154707 0.0235498 0.107693 0.0183451 0.0150907 0.0258525 0.030236 0.0585645 0.0205272 0.106448 0.0119749 0.0326761 -0.000914923 0.0461654
internal_weight=1779 515 30 485 458 306 286 73 213 36 37 178 51 127
internal_count=1779 515 30 485 458 306 286 73 213 36 37 178 51 127
is_linear=0
shrinkage=0.05


Tree=40
num_leaves=15
num_cat=0
split_feature=28 30 24 8 14 13 18 16 30 17 30 30 2 8
split_gain=170.087 79.922 79.485 45.6456 44.3764 38.4612 83.6207 40.6326 34.6406 26.4654 26.4321 38.4466 22.8912 34.5109
threshold=30.500000000000004 8.5000000000000018 4.5000000000000009 5.9364919354838719 7.166666666666667 7.0749484632683668 6.3336777954425019 32.083333333333336 25.500000000000004 16.833333333333339 24.500000000000004 20.500000000000004 3.5000000000000004 5.8415071770334936
decision_type=10 2 2 2 2 2 2 2 2 2 2 2 2 2
left_child=1 -1 -2 4 9 10 7 -7 -9 -3 11 -5 13 -11
right_child=2 3 -4 5 -6 6 -8 8 -10 12 -12 -13 -14 -15
leaf_value=-0.013031965851388883 0.17274270035326481 0.077111563310027123 0.020482631698250771 -0.0037740852001545764 0.11454475443810225 0.11113652243382402 -0.044732598681002857 -0.024172338203061375 0.07987177915783833 -0.0094776881798621163 -0.062195831702815167 0.057522231002372727 -0.015238449621729825 0.059081888513432615
leaf_weight=1013 20 20 14.999999999999998 487 14.999999999999998 27 24 15.999999999999998 15.999999999999998 31 18 27 41 45
leaf_count=1013 20 20 15 487 15 27 24 16 16 31 18 27 41 45
internal_value=-0.00166661 -0.00381291 0.107488 0.00836296 0.032898 0.00229901 0.0339554 0.065964 0.0278497 0.0239586 -0.00263986 -0.00055424 0.0148727 0.0311168
internal_weight=1815 1780 35 767 152 615 83 59 32 137 532 514 117 76
internal_count=1815 1780 35 767 152 615 83 59 32 137 532 514 117 76
is_linear=0
shrinkage=0.05


Tree=41
num_leaves=15
num_cat=0
split_feature=13 18 23 27 5 3 30 30 18 13 13 17 18 15
split_gain=150.266 72.0989 98.0908 146.897 64.3575 85.6262 54.9777 47.5448 36.6241 60.3917 86.745 40.127 39.4586 25.8771
threshold=7.0540322580645176 6.3048477293216161 75.500000000000014 29.500000000000004 4.5000000000000009 7.0784615384615392 7.5000000000000009 23.500000000000004 5.9357250864055304 6.4882846087883861 6.6575008424470798 18.583333333333339 5.8521382435824583 0.41666666666666669
decision_type=2 2 2 10 2 2 2 2 2 2 2 2 2 2
left_child=6 4 -3 -4 5 -2 -1 -7 9 11 -11 12 -8 -10
right_child=1 2 3 -5 -6 7 8 -9 13 10 -12 -13 -14 -15
leaf_value=-0.014357911844024136 0.1476973350159824 -0.064935034520637536 -0.037420023802448722 0.1736609969288111 0.15120848449675933 -0.04299435690045357 0.10891899069150289 0.070737663482534976 -0.020483317709959193 0.15842556022625004 0.00093099615153144398 -0.0025887189994923268 -0.00088448941707611097 0.003511224386903317
leaf_weight=873 15.999999999999998 26 17 15.999999999999998 23 20 18 17 149 18 17 133 14.999999999999998 457
leaf_count=873 16 26 17 16 23 20 18 17 149 18 17 133 15 457
internal_value=-0.00158328 0.0491684 0.00769703 0.0649223 0.0813632 0.051053 -0.00566154 0.0092609 0.00374607 0.0222411 0.0819282 0.00965648 0.0590083 -0.00238842
internal_weight=1815 135 59 33 76 53 1680 37 807 201 35 166 33 606
internal_count=1815 135 59 33 76 53 1680 37 807 201 35 166 33 606
is_linear=0
shrinkage=0.05


Tree=42
num_leaves=15
num_cat=1
split_feature=28 24 30 6 0 17 17 23 28 8 18 23 17 17
split_gain=144.57 67.22 65.5688 44.0149 44.3321 37.8044 36.7337 43.0607 44.8698 36.8423 35.582 44.8797 52.9603 33.641
threshold=30.500000000000004 4.5000000000000009 10.500000000000002 40.750000000000007 0 16.833333333333339 33.166666666666679 65.500000000000014 22.500000000000004 5.8689931350114426 5.896899638203986 41.500000000000007 21.583333333333339 27.833333333333339
decision_type=10 2 2 2 1 2 2 2 10 2 2 2 2 2
left_child=2 -2 -1 4 5 -4 7 8 9 -7 -6 -12 -13 -11
right_child=1 -3 3 -5 10 6 -8 -9 -10 13 11 12 -14 -15
leaf_value=-0.010248564735725264 0.15913935214281083 0.019118490666151049 0.094154587319247765 -0.064739581758438275 0.07481135637499392 -0.046103152446448803 0.076262363598778332 0.065312490363915773 -0.077145483298227194 0.051635215108124716 -0.045834994992735439 -0.050356634439447448 0.013458967974075853 -0.016118046534912927
leaf_weight=1189 20 14.999999999999998 22 19 15.999999999999998 21 29 33 15.999999999999998 53 49 37 268 28
leaf_count=1189 20 15 22 19 16 21 29 33 16 53 49 37 268 28
internal_value=-0.00150411 0.0991304 -0.00348288 0.0101286 0.0126155 0.0307603 0.024721 0.0148224 0.000702264 0.0129137 0.00182862 -0.00141838 0.0057174 0.0282143
internal_weight=1815 35 1780 591 572 202 180 151 118 102 370 354 305 81
internal_count=1815 35 1780 591 572 202 180 151 118 102 370 354 305 81
cat_boundaries=0 1
cat_threshold=1
is_linear=0
shrinkage=0.05


Tree=43
num_leaves=15
num_cat=0
split_feature=28 24 6 25 6 13 18 3 30 2 7 17 8 16
split_gain=130.475 60.6661 60.6537 40.3949 37.8441 51.7968 63.3468 63.0025 43.7096 32.3697 27.9889 24.3316 46.4892 96.7627
threshold=30.500000000000004 4.5000000000000009 1.7500000000000002 39.500000000000007 40.750000000000007 7.0540322580645176 6.3048477293216161 7.155645161290324 23.500000000000004 2.5000000000000004 10.500000000000002 16.833333333333339 6.0408333333333344 3.7083333333333335
decision_type=10 2 2 8 2 2 2 2 2 2 2 2 2 2
left_child=2 -2 -1 -4 5 10 7 -7 -9 -8 -5 12 13 -12
right_child=1 -3 3 4 -6 6 9 8 -10 -11 11 -13 -14 -15
leaf_value=-0.0126008954081077 0.15118238367140294 0.018162568658590318 -0.040857819853011859 -0.031718450936270841 -0.061502604184084035 0.14273002468373464 0.043270165176363666 -0.027615156273047121 0.093090583483378106 -0.055815702632946135 0.0096706266657242343 0.0048393551097401207 -0.027121282220733442 0.14683830611407758
leaf_weight=884 20 14.999999999999998 44 47 19 23 15.999999999999998 15.000000000000002 14.999999999999998 17 36 622 22 20
leaf_count=884 20 15 44 47 19 23 16 15 15 17 36 622 22 20
internal_value=-0.00142891 0.0941739 -0.00330874 0.00585897 0.00827157 0.00986306 0.046609 0.0804702 0.0327377 -0.00777407 0.0056326 0.00814046 0.0344646 0.0586591
internal_weight=1815 35 1780 896 852 833 86 53 30 33 747 700 78 56
internal_count=1815 35 1780 896 852 833 86 53 30 33 747 700 78 56
is_linear=0
shrinkage=0.05


Tree=44
num_leaves=15
num_cat=0
split_feature=28 30 24 18 13 13 6 13 18 16 4 26 24 28
split_gain=117.753 55.344 54.7511 39.2294 39.812 75.7644 32.2592 46.1044 56.43 58.8176 20.7095 24.4362 29.0085 21.9603
threshold=30.500000000000004 10.500000000000002 4.5000000000000009 5.8996607939770902 6.4445767195767205 6.1155626780626786 40.750000000000007 7.0749484632683668 6.3048477293216161 32.083333333333336 1.0000000180025095e-35 1.5000000000000002 2.5000000000000004 12.500000000000002
decision_type=10 2 2 2 2 2 2 2 2 2 2 10 2 10
left_child=1 -1 -2 4 5 -3 7 10 9 -9 -5 12 -12 -13
right_child=2 3 -4 6 -6 -7 -8 8 -10 -11 11 13 -14 -15
leaf_value=-0.0093591172290636501 0.14362326547503473 0.10358583211898804 0.017254438201586408 -0.023277909174372537 0.12040168993175029 -0.050586860101012626 -0.058427473240973138 0.13183544700344405 -0.016152113854885099 0.021139209965864818 -0.017798984400354902 0.022508892848303444 0.019604190750396811 -0.042037726782782135
leaf_weight=1189 20 14.999999999999998 14.999999999999998 69 14.999999999999998 17 19 24 25 24 65 19 256 43
leaf_count=1189 20 15 15 69 15 17 19 24 25 24 65 19 256 43
internal_value=-0.00135746 -0.0031433 0.0894652 0.00936195 0.053188 0.0216816 0.00557551 0.00789181 0.0447615 0.0764873 0.00193719 0.00647986 0.0120303 -0.0222573
internal_weight=1815 1780 35 591 47 32 544 525 73 48 452 383 321 62
internal_count=1815 1780 35 591 47 32 544 525 73 48 452 383 321 62
is_linear=0
shrinkage=0.05


Tree=45
num_leaves=15
num_cat=1
split_feature=16 2 27 6 4 30 13 17 16 0 23 25 30 3
split_gain=121.391 57.1366 114.765 72.5674 113.436 40.2782 28.7968 28.302 24.8476 29.1642 43.5416 32.5318 52.975 39.0861
threshold=24.583333333333339 2.5000000000000004 23.500000000000004 56.000000000000007 10.500000000000002 5.5000000000000009 5.6488816738816743 30.833333333333339 21.791666666666668 0 68.500000000000014 35.500000000000007 13.500000000000002 6.4361413043478271
decision_type=2 2 10 2 2 2 2 2 2 1 2 10 2 2
left_child=5 2 -2 4 7 -1 -7 -3 9 10 11 12 13 -8
right_child=1 3 -4 -5 -6 6 8 -9 -10 -11 -12 -13 -14 -15
leaf_value=-0.013512161162160592 0.02407873579515861 -0.052479189239880625 0.18574406504631044 -0.077058630188306179 0.1303753603845835 -0.021334380079228599 0.040835660600509402 0.026932097130426859 -0.035197399670465125 0.0028768962261591525 0.096557237692177306 -0.021781991082465729 0.085663780078175489 -0.035076794695730017
leaf_weight=586 26 17 19 14.999999999999998 25 111 39 33 36 769 20 38 32 30
leaf_count=586 26 17 19 15 25 111 39 33 36 769 20 38 32 30
internal_value=0.000739428 0.0463356 0.0923374 0.0233346 0.0434133 -0.00296646 0.00278217 -6.77402e-05 0.00555908 0.00714015 0.0259465 0.0176533 0.0324904 0.00783025
internal_weight=1796 135 45 90 75 1661 1075 50 964 928 159 139 101 69
internal_count=1796 135 45 90 75 1661 1075 50 964 928 159 139 101 69
cat_boundaries=0 1
cat_threshold=1
is_linear=0
shrinkage=0.05


Tree=46
num_leaves=15
num_cat=0
split_feature=30 17 5 14 13 13 30 8 13 23 2 26 14 3
split_gain=110.327 51.8296 139.217 126.312 92.0982 70.3102 38.2641 29.8901 86.1079 47.1916 28.1782 27.8668 29.0474 26.6794
threshold=22.500000000000004 25.833333333333339 2.5000000000000004 13.833333333333334 7.3696991634491651 7.0340112433862449 5.5000000000000009 5.9275210084033629 6.5115575396825411 41.500000000000007 3.5000000000000004 1.5000000000000002 0.83333333333333337 6.2880184331797242
decision_type=2 2 2 2 2 2 2 2 2 2 2 10 2 2
left_child=6 -2 -3 4 5 -4 -1 8 10 -10 13 12 -9 -8
right_child=1 2 3 -5 -6 -7 7 11 9 -11 -12 -13 -14 -15
leaf_value=-0.012836553468591447 0.12616287341548338 -0.10093157337978483 0.006059325403637357 0.1772355527112571 -0.047355013668537144 0.14396023208177405 0.010232429867228568 -0.018187433525454252 0.14640724124277341 0.037523209769278768 -0.018966385036268657 -0.023842740146298613 0.0079900278376069337 0.078909948095679291
leaf_weight=586 18 15.999999999999998 18 18 25 19 247 140 17 24 85 132 436 14.999999999999998
leaf_count=586 18 16 18 18 25 19 247 140 17 24 85 132 436 15
internal_value=0.000703257 0.0483044 0.033706 0.0606335 0.0267812 0.0768733 -0.00252298 0.00299139 0.0141454 0.0826702 0.00604875 -0.00312123 0.00162745 0.0141643
internal_weight=1796 114 96 80 62 37 1682 1096 388 41 347 708 576 262
internal_count=1796 114 96 80 62 37 1682 1096 388 41 347 708 576 262
is_linear=0
shrinkage=0.05


Tree=47
num_leaves=15
num_cat=0
split_feature=30 27 8 8 16 24 4 8 23 30 13 24 27 13
split_gain=99.8593 53.3454 41.0411 39.9909 37.0803 32.1763 30.2098 51.1921 43.8009 23.9365 26.7904 35.8567 35.1186 19.0266
threshold=15.500000000000002 30.500000000000004 5.9552139037433163 6.0638586956521747 41.375000000000007 4.5000000000000009 10.500000000000002 6.2113237639553436 78.500000000000014 5.5000000000000009 6.785253750644217 14.500000000000002 18.500000000000004 5.6488816738816743
decision_type=2 10 2 2 2 2 2 2 2 2 2 2 10 2
left_child=9 2 -2 -4 6 -3 8 -8 -5 -1 12 -12 13 -11
right_child=1 5 3 4 -6 -7 7 -9 -10 10 11 -13 -14 -15
leaf_value=-0.012194725373043098 0.089466466996818789 0.1434804139534632 -0.049290301379832355 0.03378869678342232 -0.05110421753488481 0.03991681675116221 0.0026190286967903379 0.12260974537581207 -0.03057390484426703 -0.019253144443643337 -0.054707312609323044 0.034810500343640645 0.076252919808030131 0.0041380603973112714
leaf_weight=586 20 15.000000000000002 22 108 15.999999999999998 14.999999999999998 15.999999999999998 20 35 98 44 14.999999999999998 15.999999999999998 770
leaf_count=586 20 15 22 108 16 15 16 20 35 98 44 15 16 770
internal_value=0.000668094 0.0288817 0.0209302 0.0146135 0.0218232 0.0916986 0.0283419 0.0692805 0.0180356 -0.00425868 0.000672938 -0.0319485 0.00285016 0.00149712
internal_weight=1796 267 237 217 195 30 179 36 143 1529 943 59 884 868
internal_count=1796 267 237 217 195 30 179 36 143 1529 943 59 884 868
is_linear=0
shrinkage=0.05


Tree=48
num_leaves=15
num_cat=2
split_feature=16 2 27 6 4 0 23 16 27 23 17 14 14 0
split_gain=91.2727 50.0657 97.4076 66.6396 93.0515 27.5038 77.0485 37.3008 36.4102 26.6176 37.107 22.4611 23.3483 20.3137
threshold=24.583333333333339 2.5000000000000004 23.500000000000004 56.000000000000007 10.500000000000002 0 68.500000000000014 17.083333333333339 13.500000000000002 74.500000000000014 33.166666666666679 6.416666666666667 5.166666666666667 1
decision_type=2 2 10 2 2 1 2 2 10 2 2 2 2 1
left_child=5 2 -2 4 9 6 7 8 -1 10 -3 12 13 -7
right_child=1 3 -4 -5 -6 11 -8 -9 -10 -11 -12 -13 -14 -15
leaf_value=0.0068162950330103436 0.020347766578197479 -0.022884499301251613 0.16928706624005971 -0.077564401626586912 0.116644119232893 -0.0029243355661745189 0.094692776085307406 -0.032358082804690907 0.080742431695475014 -0.054678838094696404 0.082315374414126077 0.048778251833037328 -0.054845437391971556 -0.02237831852153728
leaf_weight=135 26 19 19 14.999999999999998 25 1242 26 54 19 15.999999999999998 14.999999999999998 19 24 142
leaf_count=135 26 19 19 15 25 1242 26 54 19 16 15 19 24 142
internal_value=0.00063469 0.0401718 0.0832332 0.0186411 0.0378822 -0.00257874 0.0129876 0.00339889 0.0159371 -0.00149873 0.0235272 -0.005186 -0.00595104 -0.00510316
internal_weight=1796 135 45 90 75 1661 234 208 154 50 34 1427 1408 1384
internal_count=1796 135 45 90 75 1661 234 208 154 50 34 1427 1408 1384
cat_boundaries=0 1 2
cat_threshold=1 6
is_linear=0
shrinkage=0.05


Tree=49
num_leaves=15
num_cat=0
split_feature=30 27 16 16 8 3 15 7 24 30 13 3 27 3
split_gain=83.5179 46.5673 37.9886 32.1568 54.6825 69.9085 65.6015 31.7202 27.8102 21.39 24.1584 40.9204 29.9837 33.7901
threshold=15.500000000000002 30.500000000000004 41.375000000000007 25.541666666666668 6.2113237639553436 7.2939814814814827 5.166666666666667 20.500000000000004 4.5000000000000009 5.5000000000000009 6.785253750644217 6.6688596491228083 18.500000000000004 6.7635233918128668
decision_type=2 10 2 2 2 2 2 2 2 2 2 2 10 2
left_child=9 2 3 7 5 -5 -6 -2 -3 -1 12 -12 13 -11
right_child=1 8 -4 4 6 -7 -8 -9 -10 10 11 -13 -14 -15
leaf_value=-0.011411777464255736 0.071515286405031617 0.13322921792666115 -0.053043981729184876 0.069000264567633474 0.17247779726458246 -0.063524409208227606 0.026931164264678953 0.002316742198354052 0.036947979529698687 -0.00026463971118619213 0.038037947146221995 -0.055625862870798563 0.070644137542694815 0.054631897158406932
leaf_weight=586 19 15.000000000000002 17 24 16.000000000000004 17 14.999999999999998 129 14.999999999999998 839 15.999999999999998 43 15.999999999999998 29
leaf_count=586 19 15 17 24 16 17 15 129 15 839 16 43 16 29
internal_value=0.000595911 0.026398 0.0189688 0.0245334 0.0519403 0.014051 0.102052 0.0112003 0.0850886 -0.00390975 0.000752167 -0.0302255 0.00281968 0.00156946
internal_weight=1796 267 237 220 72 41 31 148 30 1529 943 59 884 868
internal_count=1796 267 237 220 72 41 31 148 30 1529 943 59 884 868
is_linear=0
shrinkage=0.05


Tree=50
num_leaves=15
num_cat=1
split_feature=0 23 23 23 25 17 18 7 27 3 15 17 28 8
split_gain=64.2527 53.7554 41.2311 59.245 65.7796 70.8072 58.8945 34.4822 65.1718 57.1024 46.749 40.0681 54.0005 37.1579
threshold=0 83.500000000000014 40.500000000000007 24.500000000000004 39.500000000000007 24.166666666666668 5.9143479614067855 34.500000000000007 25.500000000000004 7.2806250000000015 3.166666666666667 27.833333333333339 14.500000000000002 6.3766891891891904
decision_type=1 2 2 2 10 2 2 2 10 2 2 2 10 2
left_child=1 2 3 -1 5 6 -5 9 -9 10 11 12 -4 -11
right_child=-2 -3 7 4 -6 -7 -8 8 -10 13 -12 -13 -14 -15
leaf_value=-0.049205610854551197 -0.0051936308171034633 0.10279421508312225 -0.0073324288282057525 0.017264702338083037 0.13281887624235381 -0.045025287142821724 0.12575281218371609 -0.0096034162000498986 0.12302006436511875 -0.094499686983628928 0.067776319177614328 -0.064402924364675651 0.087364345519906961 0.004322670499483745
leaf_weight=15.999999999999998 1413 18 92 29 21 21 22 22 15.999999999999998 26 27 23 18 14.999999999999998
leaf_count=16 1413 18 92 29 21 21 22 22 16 26 27 23 18 15
internal_value=-0.000340115 0.0180465 0.0141815 0.0396662 0.054956 0.0322459 0.0640635 0.00255884 0.046238 -0.00569892 0.00779168 -0.00438566 0.00816341 -0.0583452
internal_weight=1779 366 348 109 93 72 51 239 38 201 160 133 110 41
internal_count=1779 366 348 109 93 72 51 239 38 201 160 133 110 41
cat_boundaries=0 1
cat_threshold=1
is_linear=0
shrinkage=0.05


Tree=51
num_leaves=15
num_cat=1
split_feature=0 23 18 28 23 16 17 18 15 14 15 30 16 13
split_gain=57.9976 48.5143 38.6952 68.3589 41.4431 80.8946 34.3711 50.3716 33.7608 61.0365 37.7981 36.57 30.431 29.5833
threshold=0 83.500000000000014 6.4089978213507637 30.500000000000004 40.500000000000007 23.375000000000004 23.166666666666668 5.9143479614067855 3.166666666666667 9.8333333333333339 4.5833333333333348 17.500000000000004 25.541666666666668 7.0165859040859049
decision_type=1 2 2 8 2 2 2 2 2 2 2 2 2 2
left_child=1 2 3 4 5 6 7 -1 9 11 -10 -6 13 -2
right_child=12 -3 -4 -5 8 -7 -8 -9 10 -11 -12 -13 -14 -15
leaf_value=0.003518661479465664 -0.0049000821073576046 0.097654503252771169 -0.065084678133328758 0.10910551904847748 -0.012353688355271272 0.14057328947819769 -0.0312573194205761 0.095144365929688016 0.077934867680072795 -0.10833804607391358 -0.011926384439522569 0.060386472740210598 0.065867025901873918 -0.069416610399881992
leaf_weight=40 1380 18 14.999999999999998 19 127 15.999999999999998 25 24 25 14.999999999999998 22 20 14.999999999999998 18
leaf_count=40 1380 18 15 19 127 16 25 24 25 15 22 20 15 18
internal_value=-0.000324569 0.0171441 0.0134725 0.0170111 0.0114385 0.0370662 0.0184582 0.0378783 -0.00143669 -0.0122609 0.0358722 -0.00245707 -0.00493577 -0.00573077
internal_weight=1779 366 348 333 314 105 89 64 209 162 47 147 1413 1398
internal_count=1779 366 348 333 314 105 89 64 209 162 47 147 1413 1398
cat_boundaries=0 1
cat_threshold=1
is_linear=0
shrinkage=0.05


Tree=52
num_leaves=15
num_cat=1
split_feature=0 23 18 28 23 16 3 5 15 15 17 18 8 3
split_gain=52.3429 43.7841 34.9225 61.6939 37.4024 73.0074 32.0664 35.6697 32.7507 34.0224 31.0199 45.4604 29.4921 35.9096
threshold=0 83.500000000000014 6.4089978213507637 30.500000000000004 40.500000000000007 23.375000000000004 7.2939814814814827 3.5000000000000004 3.166666666666667 4.5833333333333348 23.166666666666668 5.9143479614067855 6.1394444444444458 6.6858552631578956
decision_type=1 2 2 10 2 2 2 2 2 2 2 2 2 2
left_child=1 2 3 4 5 10 8 -8 12 -10 11 -1 13 -6
right_child=-2 -3 -4 -5 6 -7 7 -9 9 -11 -12 -13 -14 -15
leaf_value=0.0033427293226122854 -0.004688985436654994 0.092771777676211475 -0.061830441753069565 0.10365024307056477 0.0044124000552263889 0.13354462422430516 -0.091301390763960391 0.011840957800547282 0.095766073426133719 -0.0031917145010083915 -0.029694452732801437 0.090387149446178233 0.060339172137901187 -0.056472306766293272
leaf_weight=40 1413 18 14.999999999999998 19 91 15.999999999999998 19 14.999999999999998 19 15.999999999999998 25 24 15.999999999999998 33
leaf_count=40 1413 18 15 19 91 16 19 15 19 16 25 24 16 33
internal_value=-0.000308341 0.0162869 0.0127988 0.0161605 0.0108666 0.0352129 -0.00136486 -0.0457974 0.00726775 0.0505282 0.0175353 0.0359844 -0.00354736 -0.0117908
internal_weight=1779 366 348 333 314 105 209 34 175 35 89 64 140 124
internal_count=1779 366 348 333 314 105 209 34 175 35 89 64 140 124
cat_boundaries=0 1
cat_threshold=1
is_linear=0
shrinkage=0.05


Tree=53
num_leaves=15
num_cat=1
split_feature=0 23 16 3 3 8 15 16 30 6 24 30 23 17
split_gain=47.9089 40.4327 29.5811 60.8916 72.2436 55.3664 33.7584 30.8447 33.1869 54.5867 27.611 44.0265 23.8013 45.2611
threshold=0 24.500000000000004 24.583333333333339 8.0413595413595438 7.635416666666667 6.0538127413127425 4.8333333333333348 20.791666666666668 19.500000000000004 22.750000000000004 17.500000000000004 6.5000000000000009 42.500000000000007 27.583333333333339
decision_type=1 2 2 2 2 2 2 2 2 2 2 2 2 2
left_child=1 -1 7 4 5 -4 -7 8 10 -10 12 -12 13 -3
right_child=-2 2 3 -5 -6 6 -8 -9 9 -11 11 -13 -14 -15
leaf_value=-0.048148840473731983 -0.0093477314475627106 0.0027166260362259651 0.088022489313568389 -0.042166430693443703 0.14546713661402463 -0.031050783562981951 0.044336442483796014 -0.030294557178526055 0.12306300390046088 -0.0097035002211729691 0.00078808274585753693 0.11410643291970096 0.010569744598405517 -0.049157879224771432
leaf_weight=32 796 190 28 23 15.999999999999998 33 27 56 16.000000000000004 14.999999999999998 20 14.999999999999998 458 54
leaf_count=32 796 190 28 23 16 33 27 56 16 15 20 15 458 54
internal_value=-0.000294241 0.00706024 0.0089922 0.0314542 0.0477357 0.0299663 0.00287347 0.00553021 0.00814244 0.0588211 0.00601077 0.0493531 0.00384982 -0.0087638
internal_weight=1779 983 951 127 104 88 60 824 768 31 737 35 702 244
internal_count=1779 983 951 127 104 88 60 824 768 31 737 35 702 244
cat_boundaries=0 1
cat_threshold=3
is_linear=0
shrinkage=0.05


Tree=54
num_leaves=15
num_cat=1
split_feature=0 23 18 28 23 16 3 15 15 17 18 8 3 25
split_gain=43.773 38.7215 32.2451 54.1423 34.0813 64.6222 27.502 29.0275 31.488 27.22 46.1995 27.0551 32.872 30.296
threshold=0 83.500000000000014 6.4089978213507637 30.500000000000004 40.500000000000007 23.375000000000004 7.2939814814814827 3.166666666666667 4.5833333333333348 22.833333333333339 5.9143479614067855 6.1394444444444458 6.6858552631578956 40.500000000000007
decision_type=1 2 2 10 2 2 2 2 2 2 2 2 2 10
left_child=1 2 3 4 5 9 7 11 -9 10 -1 12 13 -6
right_child=-2 -3 -4 -5 6 -7 -8 8 -10 -11 -12 -13 -14 -15
leaf_value=0.0027202236605808139 -0.0042881706394417964 0.086809542030096054 -0.06010939419269562 0.096792786235087802 -0.0097078436662753429 0.12562596108764409 -0.04295170441927279 0.090439492032716159 -0.0047611625050194561 -0.025420055162006367 0.092927801524373632 0.057200215687043969 -0.054635425295793655 0.066078860638663181
leaf_weight=40 1413 18 14.999999999999998 19 75 15.999999999999998 34 19 15.999999999999998 27 22 15.999999999999998 33 15.999999999999998
leaf_count=40 1413 18 15 19 75 16 34 19 16 27 22 16 33 16
internal_value=-0.000282157 0.0148939 0.0116021 0.0148324 0.00987298 0.0331133 -0.00180277 0.00619188 0.0469192 0.0164818 0.0347294 -0.00398994 -0.0118854 0.00361729
internal_weight=1779 366 348 333 314 105 209 175 35 89 62 140 124 91
internal_count=1779 366 348 333 314 105 209 175 35 89 62 140 124 91
cat_boundaries=0 1
cat_threshold=1
is_linear=0
shrinkage=0.05


Tree=55
num_leaves=15
num_cat=1
split_feature=0 30 24 8 7 24 2 13 14 14 24 13 8 7
split_gain=53.42 36.2655 27.0144 28.8067 30.7909 63.3944 118.126 73.5426 48.3891 25.5012 25.0559 39.9988 122.209 27.4234
threshold=0 24.500000000000004 9.5000000000000018 5.9224759615384626 26.500000000000004 5.5000000000000009 2.5000000000000004 7.4981339250156465 6.166666666666667 6.416666666666667 15.500000000000002 6.4395089285714304 6.0822072072072073 34.500000000000007
decision_type=1 2 2 2 2 2 2 2 2 2 2 2 2 2
left_child=2 9 3 -1 8 6 -6 -8 -5 -2 13 -12 -13 -4
right_child=1 -3 10 4 5 -7 7 -9 -10 -11 11 12 -14 -15
leaf_value=0.082830688233176866 -0.0046692308003498575 -0.079566803481429818 -0.015236887777209041 0.024138840355186 0.1133727894311673 0.10345236494072847 0.034003161266446112 -0.1053061094880104 -0.082749942429363732 0.052192498892545708 -0.011304547474719585 0.15348014426172565 -0.02832636568281386 0.054349650326184933
leaf_weight=24 1398 15.999999999999998 123 36 19 28 18 20 14.999999999999998 20 32 19 18 15.999999999999998
leaf_count=24 1398 16 123 36 19 28 18 20 15 20 32 19 18 16
internal_value=-0.00030215 -0.00467923 0.0164347 0.0323273 0.0234149 0.0418433 0.0115793 -0.0393175 -0.00729904 -0.00386723 0.00499981 0.0296305 0.0650337 -0.00722693
internal_weight=1802 1434 368 160 136 85 57 38 51 1418 208 69 37 139
internal_count=1802 1434 368 160 136 85 57 38 51 1418 208 69 37 139
cat_boundaries=0 1
cat_threshold=1
is_linear=0
shrinkage=0.05


Tree=56
num_leaves=15
num_cat=1
split_feature=0 23 3 6 3 28 17 16 18 27 18 17 8 7
split_gain=48.2116 41.3549 53.7363 45.6775 27.556 25.8041 37.6134 39.1095 31.7592 28.8208 36.2245 35.6911 27.2117 25.978
threshold=0 80.000000000000014 8.2712418300653621 46.750000000000007 7.4171428571428581 14.500000000000002 30.833333333333339 15.583333333333334 5.9918614745366705 6.5000000000000009 5.874691358024692 18.583333333333339 5.9275210084033629 15.500000000000002
decision_type=1 2 2 2 2 10 2 2 2 10 2 2 2 2
left_child=1 2 3 4 5 6 7 9 -7 13 11 -11 -12 -1
right_child=-2 -3 -4 -5 -6 8 -8 -9 -10 10 12 -13 -14 -15
leaf_value=-0.036691010878844695 -0.0044452655412352817 0.072298254563162731 -0.075587371517630189 0.095390896236195288 -0.041446188286594722 0.092572681531310097 0.080462127594898153 -0.052915878353580352 0.021758798740215995 0.041332909940845437 0.10428176194821533 -0.058237105825295059 0.024898826479911804 0.039504098097483314
leaf_weight=44 1434 30 17 17 23 20 14.999999999999998 31 76 18 19 18 25 14.999999999999998
leaf_count=44 1434 30 17 17 23 20 15 31 76 18 19 18 25 15
internal_value=-0.000287043 0.015613 0.0110437 0.0156316 0.0111714 0.0154782 0.00456349 -0.00213345 0.0365117 0.00919213 0.0287444 -0.0084521 0.0591778 -0.0173194
internal_weight=1802 368 338 321 304 281 185 170 96 139 80 36 44 59
internal_count=1802 368 338 321 304 281 185 170 96 139 80 36 44 59
cat_boundaries=0 1
cat_threshold=1
is_linear=0
shrinkage=0.05


Tree=57
num_leaves=15
num_cat=1
split_feature=0 23 3 13 14 30 14 4 15 16 24 3 23 30
split_gain=43.518 37.3228 48.497 79.7406 34.4427 43.4751 39.9964 37.9394 55.4739 68.5141 35.1839 33.0712 34.5244 32.7296
threshold=0 80.000000000000014 8.2712418300653621 7.7138554737238954 9.5000000000000018 12.500000000000002 4.5833333333333348 5.5000000000000009 2.8333333333333335 25.083333333333339 7.5000000000000009 6.6014705882352951 53.000000000000007 24.500000000000004
decision_type=1 2 2 2 2 2 2 2 2 2 2 2 2 2
left_child=1 2 3 4 5 11 -7 10 9 -9 -8 12 -1 -2
right_child=13 -3 -4 -5 -6 6 7 8 -10 -11 -12 -13 -14 -15
leaf_value=-0.0032733164165205889 -0.0034516069952205443 0.068683343579371767 -0.071808004445012882 0.12365465140901506 -0.044772683294420995 0.091142357884438335 0.027098916424438353 0.030033843447604486 -0.020026612640261496 0.15743342656642201 -0.079491284340620041 -0.049885022964689045 0.071890654187235573 -0.075366198597475897
leaf_weight=101 1418 30 17 15.999999999999998 27 26 16.000000000000004 31 24 15.999999999999998 14.999999999999998 31 18 15.999999999999998
leaf_count=101 1418 30 17 16 27 26 16 31 24 16 15 31 18 16
internal_value=-0.000273924 0.0148323 0.0104915 0.01485 0.00914226 0.0143786 0.0357833 0.0216721 0.0418218 0.0734039 -0.024477 -0.00388673 0.00809602 -0.00422454
internal_weight=1802 368 338 321 305 278 128 102 71 47 31 150 119 1434
internal_count=1802 368 338 321 305 278 128 102 71 47 31 150 119 1434
cat_boundaries=0 1
cat_threshold=1
is_linear=0
shrinkage=0.05


Tree=58
num_leaves=15
num_cat=1
split_feature=0 23 3 13 16 17 17 28 28 16 13 3 24 30
split_gain=39.275 33.6838 43.7686 71.9659 30.9719 53.4769 34.6038 35.1892 41.3223 33.9514 30.4405 30.3582 34.0863 29.5385
threshold=0 80.000000000000014 8.2712418300653621 7.7138554737238954 32.625000000000007 30.583333333333339 28.166666666666668 14.500000000000002 16.500000000000004 22.791666666666668 6.8634137426900592 6.6014705882352951 7.5000000000000009 24.500000000000004
decision_type=1 2 2 2 2 2 2 10 10 2 2 2 2 2
left_child=1 2 3 4 5 6 7 11 -9 -7 -10 12 -1 -2
right_child=13 -3 -4 -5 -6 9 -8 8 10 -11 -12 -13 -14 -15
leaf_value=0.072019472024403508 -0.0032790265303207209 0.065249176666450998 -0.068217603599323953 0.11747191457543522 -0.037853173620533198 0.025305606424808499 -0.049483907431364063 0.11485635787248612 0.072396183805540207 0.13001227881138525 -0.01740961159053056 -0.041091363533290431 0.00095733268859071871 -0.071597890788689264
leaf_weight=20 1418 30 17 15.999999999999998 32 16.000000000000004 25 15.999999999999998 15.999999999999998 14.999999999999998 23 34 108 15.999999999999998
leaf_count=20 1418 30 17 16 32 16 25 16 16 15 23 34 108 16
internal_value=-0.000260227 0.0140907 0.00996692 0.0141075 0.00868515 0.0141402 0.00621982 0.0126373 0.0471931 0.0759701 0.0194338 0.000905401 0.0120608 -0.00401331
internal_weight=1802 368 338 321 305 273 242 217 55 31 39 162 128 1434
internal_count=1802 368 338 321 305 273 242 217 55 31 39 162 128 1434
cat_boundaries=0 1
cat_threshold=1
is_linear=0
shrinkage=0.05


Tree=59
num_leaves=15
num_cat=0
split_feature=27 16 3 3 30 16 16 30 3 8 13 2 2 3
split_gain=35.8873 32.8065 36.4361 28.9294 32.2656 25.1575 29.6426 25.6916 20.1339 26.7111 23.5462 20.7009 30.7135 46.3643
threshold=30.500000000000004 45.583333333333336 7.8468750000000007 7.5138888888888902 6.5000000000000009 32.625000000000007 25.541666666666668 16.500000000000004 5.5923295454545459 5.770032051282052 6.2723890093671892 2.5000000000000004 1.5000000000000002 6.6371473354231982
decision_type=10 2 2 2 2 2 2 2 2 2 2 2 2 2
left_child=1 2 3 4 -1 6 8 -8 -6 10 -10 12 13 -11
right_child=-2 -3 -4 -5 5 -7 7 -9 9 11 -12 -13 -14 -15
leaf_value=-0.0086926792576668514 0.054924707191771477 -0.07478045254945756 0.064944764883590064 -0.064371027342147308 -0.018214491073941363 -0.046501463426924919 0.00095118413368860889 0.086627686875207097 0.020895012521318028 0.013448507475703465 0.093873891495168213 -0.0026652419300021973 0.026438416398849598 -0.048005024902522564
leaf_weight=723 29 14.999999999999998 21 18 87 23 14.999999999999998 21 42 114 14.999999999999998 435 202 42
leaf_count=723 29 15 21 18 87 23 15 21 42 114 15 435 202 42
internal_value=-0.000247216 -0.00114963 -0.000521384 -0.00131286 -0.000652562 0.00518379 0.00640554 0.0509291 0.00469492 0.00703976 0.0401 0.00466343 0.0135684 -0.00309667
internal_weight=1802 1773 1758 1737 1719 996 973 36 937 850 57 793 358 156
internal_count=1802 1773 1758 1737 1719 996 973 36 937 850 57 793 358 156
is_linear=0
shrinkage=0.05


Tree=60
num_leaves=15
num_cat=1
split_feature=13 18 17 6 6 18 15 14 13 28 27 16 0 18
split_gain=45.9303 56.3688 58.0087 38.6162 49.1328 29.7288 32.8029 28.458 21.4656 63.9417 23.4961 21.2019 16.0842 24.8161
threshold=7.0340112433862449 6.1816509742825536 25.583333333333339 56.000000000000007 38.250000000000007 6.3120450218489443 3.8333333333333335 6.416666666666667 6.8813969899496223 18.500000000000004 14.500000000000002 21.416666666666668 0 5.9327259655615414
decision_type=2 2 2 2 2 2 2 2 2 10 10 2 1 2
left_child=8 2 -2 4 5 6 -3 -7 9 12 -11 -10 13 -1
right_child=1 3 -4 -5 -6 7 -8 -9 11 10 -12 -13 -14 -15
leaf_value=0.011955819440577074 0.018787209341923392 -0.011257473090173383 0.15784194355209669 -0.056029771682288912 0.089101861823688858 0.016567951689163841 0.084346470455912981 -0.079294207913335413 -0.0010205653592430311 0.016057540560141206 0.088142570022207045 -0.06049818718625654 -0.0078324862343947931 -0.0066522755572964226
leaf_weight=351 15.000000000000002 19 14.999999999999998 18 22 15.000000000000002 17 15.999999999999998 29 20 26 31 804 366
leaf_count=351 15 19 15 18 22 15 17 16 29 20 26 31 804 366
internal_value=-5.95886e-05 0.0277442 0.0883146 0.0107618 0.0242702 0.00298224 0.0338888 -0.0329093 -0.00240078 -0.00127698 0.0568013 -0.0317507 -0.00303345 0.00242333
internal_weight=1764 137 30 107 89 67 36 31 1627 1567 46 60 1521 717
internal_count=1764 137 30 107 89 67 36 31 1627 1567 46 60 1521 717
cat_boundaries=0 1
cat_threshold=3
is_linear=0
shrinkage=0.05


Tree=61
num_leaves=15
num_cat=0
split_feature=30 4 2 2 18 13 23 28 30 30 16 14 6 6
split_gain=43.2631 27.2299 33.841 42.2236 40.327 40.9432 38.3943 71.1408 47.2124 35.2645 29.6671 21.6815 20.6097 20.4848
threshold=33.500000000000007 2.5000000000000004 2.5000000000000004 1.5000000000000002 6.3336777954425019 7.0340112433862449 45.500000000000007 15.500000000000002 12.500000000000002 24.500000000000004 26.083333333333339 5.8333333333333348 18.250000000000004 28.250000000000004
decision_type=2 2 2 2 2 2 2 10 2 2 2 2 2 2
left_child=1 -1 3 -3 5 10 -5 8 -8 -7 12 -9 -4 -14
right_child=-2 2 4 6 -6 9 7 11 -10 -11 -12 -13 13 -15
leaf_value=-0.0048112358275812749 0.068067505514330204 -0.0026182510811521348 -0.011050390258865202 0.0039322032034397126 -0.079210924729704868 0.0024241137007872267 0.068614775066574415 -0.025614491368041323 0.18169306745131811 0.089064062791674045 -0.072205071523785594 0.048851135146358741 0.046528403274714948 -0.021466443454846742
leaf_weight=1262 23 83 146 40 15.999999999999998 24 24 17 14.999999999999998 23 15.999999999999998 23 36 15.999999999999998
leaf_count=1262 23 83 146 40 16 24 24 17 15 23 16 23 36 16
internal_value=-5.88292e-05 -0.000958832 0.00919092 0.0247537 -0.00215813 0.00256542 0.0438451 0.0640542 0.112106 0.0448224 -0.00671532 0.0172032 -0.00142322 0.0256069
internal_weight=1764 1741 479 202 277 261 119 79 39 47 214 40 198 52
internal_count=1764 1741 479 202 277 261 119 79 39 47 214 40 198 52
is_linear=0
shrinkage=0.05


Tree=62
num_leaves=15
num_cat=0
split_feature=3 18 14 25 25 13 30 15 3 13 17 30 23 23
split_gain=39.0456 38.7631 81.9251 24.4956 39.5927 25.9497 33.5001 26.6634 22.2513 43.0346 41.477 46.4188 23.985 21.6201
threshold=6.7635233918128668 6.4254563004563012 13.833333333333334 75.500000000000014 50.500000000000007 6.785253750644217 13.500000000000002 1.4166666666666667 6.982738095238096 7.0340112433862449 31.833333333333339 23.500000000000004 64.000000000000014 59.500000000000007
decision_type=2 2 2 10 10 2 2 2 2 2 2 2 2 2
left_child=-1 2 3 4 5 7 -7 -2 12 -10 11 -11 -8 -9
right_child=1 -3 -4 -5 -6 6 8 13 9 10 -12 -13 -14 -15
leaf_value=-0.0031974914503342441 -0.0011174267530441285 -0.046018024593253028 0.13265099084819668 -0.046142462243636453 0.095610093604773294 -0.053823328035121611 0.089652532339096078 0.11108118272934329 -0.052566462393022255 0.0034109241413799204 -0.031037194897299225 0.11010020185065897 0.0043596585746854544 0.028723625838756563
leaf_weight=1497 20 22 15.999999999999998 14.999999999999998 15.999999999999998 22 17 17 27 22 23 19 15.999999999999998 14.999999999999998
leaf_count=1497 20 22 16 15 16 22 17 17 27 22 23 19 16 15
internal_value=-5.58879e-05 0.0175583 0.0232672 0.0156246 0.0199541 0.0138405 0.00303787 0.0441709 0.0131261 0.000371365 0.0227045 0.0528523 0.0482984 0.0724761
internal_weight=1764 267 245 229 214 198 146 52 124 91 64 41 33 32
internal_count=1764 267 245 229 214 198 146 52 124 91 64 41 33 32
is_linear=0
shrinkage=0.05


Tree=63
num_leaves=15
num_cat=0
split_feature=13 18 6 6 23 13 28 27 16 2 4 23 2 18
split_gain=35.0862 49.7123 37.8697 40.521 44.5516 18.0589 53.6152 20.3973 18.616 17.2744 30.252 45.1921 35.4545 23.3735
threshold=7.0340112433862449 6.1816509742825536 56.000000000000007 38.250000000000007 69.500000000000014 6.8813969899496223 18.500000000000004 14.500000000000002 21.416666666666668 2.5000000000000004 2.5000000000000004 45.500000000000007 1.5000000000000002 5.9190476190476202
decision_type=2 2 2 2 2 2 10 10 2 2 2 2 2 2
left_child=5 -2 3 4 -3 6 9 -8 -7 10 -1 13 -13 -12
right_child=1 2 -4 -5 -6 8 7 -9 -10 -11 11 12 -14 -15
leaf_value=-0.0018549186813585933 0.081129577929774932 0.03796245461072479 -0.057843196883590686 0.080553230169144549 -0.044327745830704424 -0.00022454645548915044 0.014151502009481193 0.081315034914475226 -0.055957110298256722 -0.0079949754572765565 0.026100482136011124 0.0032110635477762954 0.075707066746933074 -0.039360457987835017
leaf_weight=630 30 38 18 22 29 29 20 26 31 762 25 26 48 30
leaf_count=630 30 38 18 22 29 29 20 26 31 762 25 26 48 30
internal_value=-5.30934e-05 0.0242478 0.00829965 0.0216769 0.00234431 -0.00209933 -0.00106855 0.0521135 -0.0290197 -0.00267695 0.00266209 0.0247219 0.0502355 -0.00960549
internal_weight=1764 137 107 89 67 1627 1567 46 60 1521 759 129 74 55
internal_count=1764 137 107 89 67 1627 1567 46 60 1521 759 129 74 55
is_linear=0
shrinkage=0.05


Tree=64
num_leaves=15
num_cat=0
split_feature=30 30 18 15 2 18 18 30 2 13 13 16 17 7
split_gain=35.7904 20.6457 31.582 30.9831 24.6924 29.7639 32.8094 38.594 22.4892 24.0369 31.238 27.5709 20.3774 18.7472
threshold=33.500000000000007 10.500000000000002 5.896899638203986 1.5833333333333337 2.5000000000000004 5.9424501424501432 6.3336777954425019 25.500000000000004 1.5000000000000002 6.2913008519501785 6.4277361853832451 14.083333333333334 27.833333333333339 21.500000000000004
decision_type=2 2 2 2 2 2 2 2 2 2 2 2 2 2
left_child=1 -1 3 -3 8 -6 7 -7 13 -10 -11 -12 -13 -4
right_child=-2 2 4 -5 5 6 -8 -9 9 10 11 12 -14 -15
leaf_value=-0.0047124849352765223 0.06191354491140532 0.015176230553409149 -0.043296952054581866 0.10018971937105936 -0.071834917995147407 -0.0026815353678363678 -0.065485666300121106 0.069348644837737089 -0.0088350194836816481 0.10808174048860869 -0.015543625038117171 0.08118710182607175 0.022384918842683822 0.010542522085311472
leaf_weight=1162 23 29 22 17 15.999999999999998 265 19 20 31 14.999999999999998 24 26 34 61
leaf_count=1162 23 29 22 17 16 265 19 20 31 15 24 26 34 61
internal_value=-5.04388e-05 -0.000869033 0.00684442 0.0465943 0.00341386 -0.00536631 -0.00186797 0.00237321 0.0166047 0.0295865 0.0416175 0.0297489 0.0478659 -0.00372818
internal_weight=1764 1741 579 46 533 320 304 285 213 130 99 84 60 83
internal_count=1764 1741 579 46 533 320 304 285 213 130 99 84 60 83
is_linear=0
shrinkage=0.05


Tree=65
num_leaves=15
num_cat=1
split_feature=27 15 16 3 0 3 23 15 13 7 23 24 8 17
split_gain=38.1409 34.9746 22.386 34.6037 20.5137 21.9206 28.4632 27.0669 56.7954 34.1055 22.6807 24.2907 20.0981 34.804
threshold=30.500000000000004 4.5833333333333348 41.375000000000007 7.8468750000000007 0 7.2939814814814827 62.000000000000007 5.5833333333333348 7.0540322580645176 32.500000000000007 30.000000000000004 17.500000000000004 6.2202941176470601 25.833333333333339
decision_type=10 2 2 2 1 2 2 2 2 2 2 2 2 2
left_child=2 -2 3 4 5 7 -7 8 10 -9 -1 12 -12 -14
right_child=1 -3 -4 -5 -6 6 -8 9 -10 -11 11 -13 13 -15
leaf_value=-0.029204703654561726 0.0023904453497380022 0.10693504502996803 -0.057516007969046351 0.069106914972265565 -0.0062898926259395849 -0.05204197563029625 0.016222482402092561 -0.075586472604085103 0.083096674919128422 0.0076045693031379161 0.0045319532712561677 0.057013351574540141 -0.018816788701547515 0.067615556039593447
leaf_weight=42 15.999999999999998 15.999999999999998 17 18 818 37 26 22 25 28 660 25 18 33
leaf_count=42 16 16 17 18 818 37 26 22 25 28 660 25 18 33
internal_value=0.000562709 0.0546627 -0.000415923 0.00013813 -0.000577809 0.00454224 -0.0238693 0.00669388 0.00891638 -0.0289995 0.00653269 0.00857206 0.00686878 0.03711
internal_weight=1801 32 1769 1752 1734 916 63 853 803 50 778 736 711 51
internal_count=1801 32 1769 1752 1734 916 63 853 803 50 778 736 711 51
cat_boundaries=0 1
cat_threshold=3
is_linear=0
shrinkage=0.05


Tree=66
num_leaves=15
num_cat=0
split_feature=14 16 3 2 30 3 6 17 17 3 2 15 3 13
split_gain=31.0324 33.3704 52.1061 17.2588 25.8065 40.0135 36.6503 48.6954 54.1717 36.5255 24.2779 37.4749 20.0865 28.4255
threshold=13.833333333333334 41.375000000000007 7.8468750000000007 2.5000000000000004 10.500000000000002 7.2939814814814827 29.250000000000004 28.833333333333339 23.833333333333339 6.4361413043478271 1.5000000000000002 1.4166666666666667 6.4830069124423968 6.2958874458874465
decision_type=2 2 2 2 2 2 2 2 2 2 2 2 2 2
left_child=1 2 3 4 12 6 7 8 10 -10 -6 -12 13 -1
right_child=-2 -3 -4 -5 5 -7 -8 -9 9 -11 11 -13 -14 -15
leaf_value=-0.0012262171875368837 0.052759962675294703 -0.072174333781003949 0.082715055772936669 -0.0054688618563493224 -0.018562803987477876 -0.036132577903054915 0.10187231024106345 -0.0079188422400908298 0.03200776320882142 0.13038082496141609 0.099945100722834468 -0.0027184546738862995 -0.035038708501961079 0.044626767157266545
leaf_weight=553 28 15.999999999999998 19 878 29 29 14.999999999999998 83 15.999999999999998 23 15.999999999999998 20 40 36
leaf_count=553 28 16 19 878 29 29 15 83 16 23 16 20 40 36
internal_value=0.000532828 -0.000291966 0.000362625 -0.00053766 0.00449675 0.0187891 0.0266739 0.020642 0.0434357 0.0900226 0.0154836 0.0429098 -0.000752119 0.00157634
internal_weight=1801 1773 1757 1738 860 231 202 187 104 39 65 36 629 589
internal_count=1801 1773 1757 1738 860 231 202 187 104 39 65 36 629 589
is_linear=0
shrinkage=0.05


Tree=67
num_leaves=15
num_cat=0
split_feature=27 5 23 30 23 24 13 13 4 6 13 3 8 28
split_gain=32.9366 38.064 21.1917 19.0339 25.1325 31.3677 21.2882 28.2251 27.9854 27.4583 25.2471 30.6896 27.6699 25.3441
threshold=30.500000000000004 3.5000000000000004 89.000000000000014 6.5000000000000009 31.500000000000004 17.500000000000004 7.5423251915708818 7.0749484632683668 10.500000000000002 24.250000000000004 6.8813969899496223 7.2806250000000015 6.1120071684587822 18.500000000000004
decision_type=10 2 2 2 2 2 2 2 2 2 2 2 2 10
left_child=2 -2 3 -1 -5 6 7 10 9 -9 13 12 -12 -6
right_child=1 -3 -4 4 5 -7 -8 8 -10 -11 11 -13 -14 -15
leaf_value=-0.0059854577483956263 -0.0037520983256399635 0.1053120855242014 -0.040722632280085241 -0.035791583062225095 0.0040911131287116728 0.075619735312648123 -0.038739485225502267 0.054412669947613845 0.087297939136624342 -0.023720924901268023 -0.048713819358659829 -0.088463076750437422 0.024179362058639527 0.040163044975354126
leaf_weight=706 15.999999999999998 15.999999999999998 32 37 766 15.999999999999998 27 23 20 22 23 14.999999999999998 30 52
leaf_count=706 16 16 32 37 766 16 27 23 20 22 23 15 30 52
internal_value=0.000506186 0.05078 -0.000403233 0.000339554 0.00467075 0.00617689 0.00504081 0.00628378 0.038086 0.016214 0.00395066 -0.0253233 -0.00745353 0.00638419
internal_weight=1801 32 1769 1737 1031 994 978 951 65 45 886 68 53 818
internal_count=1801 32 1769 1737 1031 994 978 951 65 45 886 68 53 818
is_linear=0
shrinkage=0.05


Tree=68
num_leaves=15
num_cat=1
split_feature=27 15 16 3 0 15 3 13 18 24 18 4 18 2
split_gain=29.7253 29.7496 18.3843 27.0245 17.2651 19.5622 22.8986 47.3971 19.8122 18.9649 38.2959 43.6194 27.4536 27.9493
threshold=30.500000000000004 4.5833333333333348 41.375000000000007 7.8468750000000007 0 5.5833333333333348 7.2939814814814827 7.0540322580645176 6.2575225234618026 7.5000000000000009 5.8102941502941512 3.5000000000000004 6.146481320823427 2.5000000000000004
decision_type=10 2 2 2 1 2 2 2 2 2 2 2 2 2
left_child=2 -2 3 4 5 6 7 9 -8 10 -1 -12 13 -13
right_child=1 -3 -4 -5 -6 -7 8 -9 -10 -11 11 12 -14 -15
leaf_value=0.082135812760818577 3.1179795041680339e-05 0.096450810227543121 -0.052128573452286865 0.061068491658402814 -0.005754143044021845 -0.022657630453625371 -0.048206393338520739 0.076024317860603333 0.019265323883155362 0.00077295475775074861 -0.0017410511983502093 0.12863917941848438 0.0093657722481741354 0.037338801512592716
leaf_weight=21 15.999999999999998 15.999999999999998 17 18 818 63 34 25 15.999999999999998 532 165 14.999999999999998 26 19
leaf_count=21 16 16 17 18 818 63 34 25 16 532 165 15 26 19
internal_value=0.000480877 0.048241 -0.000383071 0.000119026 -0.000513668 0.00418329 0.00621473 0.00825895 -0.0266154 0.0060814 0.0175614 0.0115345 0.0480422 0.0776184
internal_weight=1801 32 1769 1752 1734 916 853 803 50 778 246 225 60 34
internal_count=1801 32 1769 1752 1734 916 853 803 50 778 246 225 60 34
cat_boundaries=0 1
cat_threshold=3
is_linear=0
shrinkage=0.05


Tree=69
num_leaves=15
num_cat=1
split_feature=27 15 23 0 24 23 3 13 13 8 27 24 30 13
split_gain=26.829 26.849 18.9989 19.1843 36.4291 84.3692 31.3745 32.9453 19.0202 34.3457 33.5117 27.7158 24.3361 28.6125
threshold=30.500000000000004 4.5833333333333348 89.000000000000014 0 4.5000000000000009 71.000000000000014 7.2806250000000015 7.0540322580645176 6.6575008424470798 6.1233108108108114 17.500000000000004 10.500000000000002 9.5000000000000018 5.9884167917263271
decision_type=10 2 2 1 2 2 2 2 2 2 10 2 2 2
left_child=2 -2 3 4 5 -1 7 8 10 -10 12 -11 13 -6
right_child=1 -3 -4 -5 6 -7 -8 -9 9 11 -12 -13 -14 -15
leaf_value=0.098895147594157615 2.9618665575981143e-05 0.091628269944339993 -0.038541934202658015 -0.0052831994432261777 0.0090516319039959433 0.0097203663311478117 -0.035351233766005755 0.058459959064538658 -0.038912579532660231 0.050327002099500251 0.074069580260445092 -0.030384847852918839 0.019191451262553002 -0.018707685919054733
leaf_weight=32 15.999999999999998 15.999999999999998 32 805 194 155 57 26 71 26 17 18 158 178
leaf_count=32 16 16 32 805 194 155 57 26 71 26 17 18 158 178
internal_value=0.000455236 0.0458289 -0.000365544 0.000337763 0.00519374 0.0249802 0.000296914 0.00325032 0.00108197 -0.0174019 0.00496797 0.0173085 0.00275151 -0.00423105
internal_weight=1801 32 1769 1737 932 187 745 688 662 115 547 44 530 372
internal_count=1801 32 1769 1737 932 187 745 688 662 115 547 44 530 372
cat_boundaries=0 1
cat_threshold=3
is_linear=0
shrinkage=0.05


Tree=70
num_leaves=15
num_cat=1
split_feature=6 3 28 23 0 6 15 7 5 3 30 28 17 23
split_gain=27.4998 84.4201 30.7781 31.5553 18.7906 37.4827 21.7316 48.6894 27.288 39.3112 33.5868 26.8501 25.5708 19.1922
threshold=65.250000000000014 7.9919354838709689 26.500000000000004 62.000000000000007 0 10.750000000000002 5.416666666666667 32.500000000000007 5.5000000000000009 7.4171428571428581 10.500000000000002 8.5000000000000018 27.416666666666668 42.500000000000007
decision_type=2 2 10 2 1 2 2 2 2 2 2 10 2 2
left_child=1 2 4 -4 6 -6 8 -8 9 10 -1 -12 -10 -13
right_child=-2 -3 3 -5 5 -7 7 -9 12 -11 11 13 -14 -15
leaf_value=-0.0015748652984597811 0.065142643824219706 -0.11881536911552151 -0.0079912986387224768 0.081844153461734889 -0.0043387894007438695 -0.065372967146910155 -0.07957625982041161 0.015970874764025211 0.0053638021647930134 -0.061459711871363898 0.065368062103616772 -0.0050668040661895203 0.096233057821518753 0.023826549706627505
leaf_weight=502 15.999999999999998 14.999999999999998 17 23 774 26 24 30 15.000000000000002 22 29 84 15.999999999999998 182
leaf_count=502 16 15 17 23 774 26 24 30 15 22 29 84 16 182
internal_value=-0.000111563 -0.000705121 0.000310736 0.0436641 -0.000706948 -0.00624435 0.00421584 -0.0264945 0.00621645 0.0044735 0.00629349 0.019683 0.0522641 0.0147023
internal_weight=1775 1759 1744 40 1704 800 904 54 850 819 797 295 31 266
internal_count=1775 1759 1744 40 1704 800 904 54 850 819 797 295 31 266
cat_boundaries=0 1
cat_threshold=3
is_linear=0
shrinkage=0.05


Tree=71
num_leaves=15
num_cat=0
split_feature=6 3 28 24 30 18 23 17 6 24 6 14 3 28
split_gain=24.8186 76.1891 27.7773 28.7959 15.7974 22.6702 21.9143 25.5149 22.6105 20.4864 21.5025 16.4637 16.4364 22.4863
threshold=65.250000000000014 7.9919354838709689 26.500000000000004 3.5000000000000004 6.5000000000000009 6.1757204319190562 31.500000000000004 15.583333333333334 3.7500000000000004 2.5000000000000004 16.750000000000004 2.5833333333333335 7.0784615384615392 20.500000000000004
decision_type=2 2 10 2 2 2 2 2 2 2 2 2 2 10
left_child=1 2 4 -4 -1 6 -6 8 -8 11 -11 -7 13 -12
right_child=-2 -3 3 -5 5 9 7 -9 -10 10 12 -13 -14 -15
leaf_value=-0.0063064374129131809 0.0618855121312663 -0.11287460091213386 0.090826055714312737 0.0050083630920752242 -0.036206660842123838 -0.0094163337619975213 0.018353095186329535 0.0057809162265824096 0.07771805123142575 -0.01802155316785671 0.0062490419729759822 -0.065726027872275425 -0.010696694254875183 0.086699039419181653
leaf_weight=719 15.999999999999998 14.999999999999998 17 23 28 25 53 684 23 86 19 27 24 15.999999999999998
leaf_count=719 16 15 17 23 28 25 53 684 23 86 19 27 24 16
internal_value=-0.000105985 -0.000669865 0.000295199 0.0414809 -0.000671601 0.00344154 0.00723425 0.00883471 0.0363188 -0.0117293 -0.0020735 -0.0386541 0.0211728 0.0430262
internal_weight=1775 1759 1744 40 1704 985 788 760 76 197 145 52 59 35
internal_count=1775 1759 1744 40 1704 985 788 760 76 197 145 52 59 35
is_linear=0
shrinkage=0.05


Tree=72
num_leaves=15
num_cat=1
split_feature=6 3 27 0 4 23 15 7 6 16 7 24 7 5
split_gain=22.3988 68.7607 25.7483 16.8146 26.3829 21.7128 19.7098 31.8787 22.3846 33.258 27.2605 23.9448 22.2235 21.9911
threshold=65.250000000000014 7.9919354838709689 30.500000000000004 0 3.5000000000000004 24.500000000000004 5.416666666666667 32.500000000000007 9.2500000000000018 7.7083333333333348 35.500000000000007 10.500000000000002 23.500000000000004 1.5000000000000002
decision_type=2 2 10 1 2 2 2 2 2 2 2 2 2 2
left_child=1 2 3 5 -5 -1 8 -8 -7 -10 11 12 13 -11
right_child=-2 -3 -4 4 -6 6 7 -9 9 10 -12 -13 -14 -15
leaf_value=-0.03614745126105845 0.058791235316311946 -0.10723087211449943 0.065506802201271058 -0.0035989339357601459 -0.046285690758132235 0.001537767972883749 -0.062250919115764129 0.010059401903833663 0.073794055864214905 0.041734400654540343 -0.023539211032246904 0.0011147193073138253 0.044987592771649362 -0.035614586938172578
leaf_weight=32 15.999999999999998 14.999999999999998 14.999999999999998 763 38 527 27 35 25 17 42 98 105 20
leaf_count=32 16 15 15 763 38 527 27 35 25 17 42 98 105 20
internal_value=-0.000100686 -0.000636371 0.000280439 -0.000285434 -0.00555468 0.00427647 0.00576791 -0.0214306 0.00778986 0.0185223 0.0136223 0.0201256 0.0332457 -7.58629e-05
internal_weight=1775 1759 1744 1729 801 928 896 62 834 307 282 240 142 37
internal_count=1775 1759 1744 1729 801 928 896 62 834 307 282 240 142 37
cat_boundaries=0 1
cat_threshold=3
is_linear=0
shrinkage=0.05


Tree=73
num_leaves=15
num_cat=0
split_feature=6 3 28 23 3 30 8 2 8 3 27 17 27 4
split_gain=20.2149 62.0565 24.185 26.3836 14.7133 19.403 33.5606 39.6762 45.8433 20.1317 18.2278 24.3593 17.8776 41.2707
threshold=65.250000000000014 7.9919354838709689 26.500000000000004 62.000000000000007 7.4171428571428581 10.500000000000002 5.9491379310344836 3.5000000000000004 5.8278556034482767 6.253571428571429 19.500000000000004 31.583333333333339 15.500000000000002 4.5000000000000009
decision_type=2 2 10 2 2 2 2 2 2 2 10 2 10 2
left_child=1 2 4 -4 5 -1 7 8 -7 -10 12 -12 -8 -14
right_child=-2 -3 3 -5 -6 6 10 -9 9 -11 11 -13 13 -15
leaf_value=-0.003588138597050958 0.055851672904100272 -0.10186932841936747 -0.0085363600622205184 0.073608209160359012 -0.036581522439207349 -0.0003134176484309137 0.00059832632849697045 -0.016367090500339312 0.042971173673868185 0.11243051137361262 -0.056308314708414776 0.01104058124125004 -0.0020984112152031493 0.077135109183964906
leaf_weight=1167 15.999999999999998 14.999999999999998 17 23 28 24 291 27 17 27 29 25 42 27
leaf_count=1167 16 15 17 23 28 24 291 27 17 27 29 25 42 27
internal_value=-9.56516e-05 -0.000604553 0.000266417 0.0386968 -0.000635704 -3.51769e-05 0.00811081 0.0349126 0.0552737 0.0855939 0.00196063 -0.0251283 0.00602397 0.028906
internal_weight=1775 1759 1744 40 1704 1676 509 95 68 44 414 54 360 69
internal_count=1775 1759 1744 40 1704 1676 509 95 68 44 414 54 360 69
is_linear=0
shrinkage=0.05


Tree=74
num_leaves=15
num_cat=0
split_feature=2 27 18 18 18 6 16 15 18 18 3 27 27 3
split_gain=19.2538 108.455 61.0039 20.0439 29.2133 39.694 64.3805 18.5306 17.5587 28.8607 16.8404 14.4748 46.0255 42.632
threshold=2.5000000000000004 20.500000000000004 6.4005170755170768 6.1757204319190562 6.0825625854408756 9.7500000000000018 17.083333333333339 0.41666666666666669 6.2656556372549028 6.2456987456987463 6.3015151515151517 19.500000000000004 14.500000000000002 6.7635233918128668
decision_type=2 10 2 2 2 2 2 2 2 2 2 10 10 2
left_child=1 3 7 4 -1 10 -7 -2 9 11 -6 12 -9 -14
right_child=2 -3 -4 -5 5 6 -8 8 -10 -11 -12 -13 13 -15
leaf_value=0.0012287258354300506 -0.013360910531580934 0.098675475679337987 -0.10191327542997897 -0.017768351257940854 0.026922010531416164 0.15160506377617519 0.01457349279895425 -0.0015435354398206284 0.04365491260153552 -0.066206465824507177 -0.031564766727387908 -0.024937081701405669 0.010186306522227824 0.091499935573449848
leaf_weight=631 308 30 15.999999999999998 112 32 14.999999999999998 20 438 24 15.999999999999998 20 46 40 27
leaf_count=631 308 30 16 112 32 15 20 438 24 16 20 46 40 27
internal_value=-9.0869e-05 0.00528057 -0.00513943 0.00190485 0.00497365 0.0321351 0.0733013 -0.0034171 0.00176513 -7.9845e-06 0.0044271 0.00191429 0.00436016 0.0429545
internal_weight=1775 860 915 830 718 87 35 899 591 567 52 551 505 67
internal_count=1775 860 915 830 718 87 35 899 591 567 52 551 505 67
is_linear=0
shrinkage=0.05


Tree=75
num_leaves=15
num_cat=0
split_feature=2 27 18 3 16 16 17 27 23 25 8 3 8 23
split_gain=28.5137 118.967 83.8901 21.1161 18.9508 35.0829 15.2937 34.3431 13.7166 23.6368 17.7694 19.2016 14.4671 12.9548
threshold=2.5000000000000004 24.500000000000004 6.4005170755170768 7.8468750000000007 33.083333333333336 25.541666666666668 28.833333333333339 19.500000000000004 42.500000000000007 59.500000000000007 6.0480030721966225 6.1692708333333348 5.8265050167224084 38.500000000000007
decision_type=2 8 2 2 2 2 2 10 2 10 2 2 2 2
left_child=1 4 3 6 5 13 7 -2 12 10 11 -10 -8 -1
right_child=2 -3 -4 -5 -6 -7 8 -9 9 -11 -12 -13 -14 -15
leaf_value=-0.0072758735441847862 -0.0066848899716386474 0.14656984716653826 -0.11913792924024165 0.051560695907648869 -0.049373104283586149 0.081339544157187152 0.026417946560929217 -0.070283427275717264 0.0062008230856097331 0.068150941238683815 -0.0051863093597766686 0.061797496125102047 -0.030611026408367381 0.0076003070753301663
leaf_weight=190 604 14.999999999999998 15.999999999999998 17 15.999999999999998 14.999999999999998 14.999999999999998 22 41 17 117 25 43 637
leaf_count=190 604 15 16 17 16 15 15 22 41 17 117 25 43 637
internal_value=0.000505587 0.00697325 -0.00565174 -0.00363645 0.00453275 0.00555709 -0.00469794 -0.00891998 0.00554626 0.0117547 0.0065157 0.0272602 -0.0158622 0.00418256
internal_weight=1790 873 917 901 858 842 884 626 258 200 183 66 58 827
internal_count=1790 873 917 901 858 842 884 626 258 200 183 66 58 827
is_linear=0
shrinkage=0.05


Tree=76
num_leaves=15
num_cat=0
split_feature=2 27 18 7 14 16 15 3 3 3 6 16 16 24
split_gain=25.7336 107.368 75.7108 20.0389 28.0442 19.8481 56.9227 19.2107 19.012 37.8856 28.8659 17.1031 31.6623 15.7734
threshold=2.5000000000000004 24.500000000000004 6.4005170755170768 27.500000000000004 6.8333333333333348 9.2083333333333339 1.5833333333333337 7.8468750000000007 7.4171428571428581 7.1273148148148158 27.750000000000004 33.083333333333336 25.541666666666668 12.500000000000002
decision_type=2 8 2 2 2 2 2 2 2 2 2 2 2 2
left_child=1 11 3 4 5 -2 -7 8 9 10 -5 12 13 -1
right_child=2 -3 -4 7 -6 6 -8 -9 -10 -11 -12 -13 -14 -15
leaf_value=0.0094175057242825346 -0.011987948666638607 0.13924135191986958 -0.11318103310186417 0.0045219292588310088 -0.075095058325678116 0.079326545431589096 -0.014661064947366107 0.060599231719970705 -0.047242734001742476 0.070571486634157951 -0.066451368009050688 -0.046904450142756106 0.077272565513849256 -0.0047851649929742902
leaf_weight=510 424 14.999999999999998 15.999999999999998 319 15.999999999999998 24 49 14.999999999999998 18 21 14.999999999999998 15.999999999999998 14.999999999999998 317
leaf_count=510 424 15 16 319 16 24 49 15 18 21 15 16 15 317
internal_value=0.000480308 0.00662459 -0.00536916 -0.00345463 -0.00993951 -0.00784194 0.016239 0.00511945 0.00288836 0.00543021 0.00133451 0.00430612 0.00527924 0.00397343
internal_weight=1790 873 917 901 513 497 73 388 373 355 334 858 842 827
internal_count=1790 873 917 901 513 497 73 388 373 355 334 858 842 827
is_linear=0
shrinkage=0.05


Tree=77
num_leaves=15
num_cat=0
split_feature=18 27 14 4 15 30 27 17 8 14 6 14 14 17
split_gain=19.6178 44.2482 19.6989 21.7312 30.1462 47.3861 30.5146 21.112 20.1058 19.1136 18.644 15.0849 36.8502 21.6772
threshold=6.4254563004563012 30.500000000000004 11.16666666666667 4.5000000000000009 3.8333333333333335 25.500000000000004 19.500000000000004 32.583333333333336 5.9177927927927945 6.416666666666667 31.750000000000004 6.8333333333333348 5.5833333333333348 30.416666666666668
decision_type=2 10 2 2 2 2 10 2 2 2 2 2 2 2
left_child=1 2 3 9 5 8 7 -6 -5 -1 -2 12 -10 -13
right_child=10 -3 -4 4 6 -7 -8 -9 11 -11 -12 13 -14 -15
leaf_value=-0.00077780209845185796 -0.004263422951886529 0.081459771096706393 -0.053159155104966729 0.056366791174961975 -0.017542691100388766 0.097707667537033568 -0.053941842348181779 0.060928180416425073 -0.00093559304325243654 -0.057507513264815013 -0.078832118213176733 -0.045918632566928866 0.067366703044223999 0.030111488699913026
leaf_weight=1463 19 17 17 26 20 20 28 14.999999999999998 67 14.999999999999998 14.999999999999998 25 28 14.999999999999998
leaf_count=1463 19 17 17 26 20 20 28 15 67 15 15 25 28 15
internal_value=0.000456292 0.00118465 0.000399904 0.000928652 0.0147528 0.0251214 -0.0150366 0.0160877 0.0161045 -0.00135354 -0.0371614 0.00835029 0.0191956 -0.0174073
internal_weight=1790 1756 1739 1722 244 181 63 35 161 1478 34 135 95 40
internal_count=1790 1756 1739 1722 244 181 63 35 161 1478 34 135 95 40
is_linear=0
shrinkage=0.05


Tree=78
num_leaves=15
num_cat=0
split_feature=23 30 3 5 3 17 4 4 16 6 30 8 18 14
split_gain=18.1836 20.9922 17.9864 16.1837 34.2931 71.5722 34.1978 27.2849 43.9893 24.3078 19.4825 17.2376 20.8672 16.8256
threshold=89.000000000000014 6.5000000000000009 5.5923295454545459 8.5000000000000018 7.8468750000000007 33.166666666666679 11.500000000000002 10.500000000000002 33.083333333333336 32.750000000000007 22.500000000000004 5.770032051282052 5.7920921537300858 6.5833333333333348
decision_type=2 2 2 2 2 2 2 2 2 2 2 2 2 2
left_child=1 -1 -3 4 6 -6 7 8 10 -5 11 12 -4 -13
right_child=-2 2 3 9 5 -7 -8 -9 -10 -11 -12 13 -14 -15
leaf_value=-0.0054733995646447618 -0.035251754539120682 -0.016102246045410613 -0.0076440529407639252 0.01626448966562748 0.13448784407228231 -0.015065865172073246 -0.061188846495416428 0.067697938492423615 -0.077751756012439735 -0.070891541987657555 0.050418418514783736 0.0071730842437945355 0.057442045275654108 -0.024349461330307853
leaf_weight=712 35 87 19 15.999999999999998 15.999999999999998 15.999999999999998 18 19 14.999999999999998 15.999999999999998 27 714 35 45
leaf_count=712 35 87 19 16 16 16 18 19 15 16 27 714 35 45
internal_value=0.000433478 0.00114515 0.00566328 0.00764403 0.00885468 0.059711 0.00703024 0.00843521 0.00711826 -0.0273135 0.0086338 0.00724611 0.0345414 0.00530416
internal_weight=1790 1755 1043 956 924 32 892 874 855 32 840 813 54 759
internal_count=1790 1755 1043 956 924 32 892 874 855 32 840 813 54 759
is_linear=0
shrinkage=0.05


Tree=79
num_leaves=15
num_cat=0
split_feature=18 27 27 14 4 15 27 27 8 6 17 17 17 27
split_gain=17.5878 39.0135 17.4939 17.0499 19.0973 26.1789 27.2557 26.9738 55.2281 60.7759 19.4602 25.1034 88.4398 18.7735
threshold=6.4254563004563012 30.500000000000004 16.500000000000004 11.16666666666667 4.5000000000000009 3.8333333333333335 19.500000000000004 15.500000000000002 6.215476190476191 20.250000000000004 19.416666666666668 25.583333333333339 28.416666666666668 10.500000000000002
decision_type=2 10 10 2 2 2 10 10 2 2 2 2 2 10
left_child=1 3 -2 4 -1 7 -7 10 9 -9 -6 -12 -13 -14
right_child=2 -3 -4 -5 5 6 -8 8 -10 -11 11 12 13 -15
leaf_value=-0.0012829300817178242 0.0051585700611273448 0.076478722954497619 -0.067073544938313343 -0.049463401274646032 0.06145437983796001 0.015471080371311733 -0.050713324989192191 0.095238341204822066 0.1305386228952557 -0.026340769976377489 -0.027155500246471793 0.11984834083739448 0.024462920760637837 -0.040409904207896308
leaf_weight=1478 14.999999999999998 17 19 17 15.999999999999998 35 28 17 15.999999999999998 26 43 17 19 27
leaf_count=1478 15 17 19 17 16 35 28 17 16 26 43 17 19 27
internal_value=0.000411804 0.00110145 -0.0352064 0.000364583 0.000856497 0.0138158 -0.0139442 0.0234781 0.0512341 0.0217254 0.0100552 0.00229682 0.0223992 -0.0136146
internal_weight=1790 1756 34 1739 1722 244 63 181 59 43 122 106 63 46
internal_count=1790 1756 34 1739 1722 244 63 181 59 43 122 106 63 46
is_linear=0
shrinkage=0.05


Tree=80
num_leaves=15
num_cat=0
split_feature=18 27 18 16 16 2 28 23 6 28 8 13 6 6
split_gain=18.2658 36.7915 35.079 18.3317 27.1632 56.1631 45.3825 34.9001 15.3184 17.7049 30.9399 27.223 17.5282 13.6535
threshold=6.4254563004563012 30.500000000000004 6.4959944270289105 41.375000000000007 25.541666666666668 3.5000000000000004 25.500000000000004 55.500000000000007 32.750000000000007 18.500000000000004 6.1960403726708089 6.9234606481481489 20.250000000000004 23.750000000000004
decision_type=2 10 2 2 2 2 10 2 2 10 2 2 2 2
left_child=1 3 -2 4 8 7 -7 -6 9 12 -11 -12 -1 -14
right_child=2 -3 -4 -5 5 6 -8 -9 -10 10 11 -13 13 -15
leaf_value=-0.00034505863504837194 -0.092700952334950376 0.068576273256912831 0.012204642550033682 -0.054665800634150712 0.1139455360919237 -0.077947960092740909 0.04137366225322088 0.027466672325473548 -0.045183515627133221 0.069171191692352293 0.029245191120675636 -0.052511931740446022 -0.066543519538309837 -0.0019531445701917011
leaf_weight=1499 14.999999999999998 20 17 14.999999999999998 20 17 14.999999999999998 28 19 25 28 15.999999999999998 18 14.999999999999998
leaf_count=1499 15 20 17 15 20 17 15 28 19 25 28 16 18 15
internal_value=0.00046243 0.00115282 -0.0369699 0.000366545 0.000852124 0.0292933 -0.0220159 0.0634995 -0.00055238 -2.27165e-05 0.024753 -0.000484672 -0.00113859 -0.0371843
internal_weight=1767 1735 32 1715 1700 80 32 48 1620 1601 69 44 1532 33
internal_count=1767 1735 32 1715 1700 80 32 48 1620 1601 69 44 1532 33
is_linear=0
shrinkage=0.05


Tree=81
num_leaves=15
num_cat=0
split_feature=23 30 23 2 13 18 25 8 3 23 3 16 8 24
split_gain=17.4855 19.1684 27.8021 23.1716 40.8643 38.4908 24.6517 34.1719 23.133 37.0266 18.5801 53.1965 15.3277 18.8091
threshold=89.000000000000014 6.5000000000000009 31.500000000000004 2.5000000000000004 7.7138554737238954 6.4005170755170768 40.500000000000007 5.7533783783783798 7.3366666666666669 66.500000000000014 7.2939814814814827 23.375000000000004 5.8174242424242433 12.500000000000002
decision_type=2 2 2 2 2 2 8 2 2 2 2 2 2 2
left_child=1 -1 -3 4 10 6 -5 -8 -9 -10 11 12 -4 -14
right_child=-2 2 3 5 -6 -7 7 8 9 -11 -12 -13 13 -15
leaf_value=-0.0052392249008756412 -0.037407599715515973 -0.038348826776657789 -0.020121456510113444 -0.04146425140400728 0.09689748021463554 -0.07604716119822115 0.061020939596570456 -0.0012567024195100597 0.075488212145864972 -0.013776500026384988 -0.026440400537103417 0.10499477890552954 0.021860908127721009 -0.005980193533468992
leaf_weight=708 30 35 34 30 14.999999999999998 15.999999999999998 26 451 26 21 28 15.999999999999998 251 80
leaf_count=708 30 35 34 30 15 16 26 451 26 21 28 16 251 80
internal_value=0.000439309 0.00109297 0.00544981 0.00699202 0.0158434 0.000407854 0.00261594 0.00513962 0.00222212 0.035604 0.0128707 0.0157597 0.0118481 0.0151319
internal_weight=1767 1737 1029 994 424 570 554 524 498 47 409 381 365 331
internal_count=1767 1737 1029 994 424 570 554 524 498 47 409 381 365 331
is_linear=0
shrinkage=0.05


Tree=82
num_leaves=15
num_cat=0
split_feature=2 13 28 3 13 17 13 17 17 30 8 2 3 7
split_gain=16.0757 60.8582 46.0764 20.0067 69.9752 26.9062 26.5665 26.2388 37.2757 18.1611 24.1851 43.0065 65.1301 28.9489
threshold=2.5000000000000004 7.9176307942531858 28.500000000000004 6.3275240384615392 6.3729838709677429 21.833333333333339 6.2958874458874465 28.416666666666668 25.833333333333339 19.500000000000004 6.2113237639553436 4.5000000000000009 7.3768939393939403 31.500000000000004
decision_type=2 2 10 2 2 2 2 2 2 2 2 2 2 2
left_child=2 9 3 -1 6 -6 -5 8 -7 -2 13 12 -12 -11
right_child=1 -3 -4 4 5 7 -8 -9 -10 10 11 -13 -14 -15
leaf_value=-0.0010669346715392331 -0.0048566735765664488 -0.10086858766153456 0.086822654164451007 0.037048092475160957 -0.018820270158063909 0.011250600921422509 0.11960961406952458 -0.00080054267240104403 0.10198580842269095 0.038715665362542499 0.0081859755795449015 -0.014313629855002678 0.15320870757102967 -0.05055672910419249
leaf_weight=610 804 15.999999999999998 17 20 78 28 19 67 19 15.999999999999998 16.000000000000004 21 14.999999999999998 21
leaf_count=610 804 16 17 20 78 28 19 67 19 16 16 21 15 21
internal_value=0.000417343 -0.00421604 0.00532614 0.00367877 0.0162107 0.00380797 0.0772704 0.0192904 0.0479308 -0.00248431 0.018947 0.0409331 0.0783583 -0.0119525
internal_weight=1767 909 858 841 231 192 39 114 47 893 89 52 31 37
internal_count=1767 909 858 841 231 192 39 114 47 893 89 52 31 37
is_linear=0
shrinkage=0.05


Tree=83
num_leaves=15
num_cat=0
split_feature=18 27 18 16 16 3 25 6 28 16 16 15 6 7
split_gain=14.9292 32.5378 28.2135 18.3449 21.3831 30.428 20.3864 14.783 15.3957 22.485 26.4631 17.9774 16.4036 12.687
threshold=6.4254563004563012 30.500000000000004 6.4959944270289105 41.375000000000007 25.541666666666668 7.5456221198156692 77.000000000000014 32.750000000000007 18.500000000000004 15.125000000000002 19.416666666666668 4.5833333333333348 20.250000000000004 32.500000000000007
decision_type=2 10 2 2 2 2 8 2 10 2 2 2 2 2
left_child=1 3 -2 4 7 6 -6 8 12 -10 -11 -12 -1 -8
right_child=2 -3 -4 -5 5 -7 13 -9 9 10 11 -13 -14 -15
leaf_value=-0.00023176821742503171 -0.083425370628635087 0.064426818995270876 0.010655896277988658 -0.054771006877223652 0.057267086813226342 0.081253683096484133 -0.032189916014671326 -0.044323393192730459 0.071188800533612581 -0.040553684650283112 0.069143719209686802 -0.0059559246152639392 -0.035869626023552641 0.021238347850739955
leaf_weight=1499 14.999999999999998 20 17 14.999999999999998 15.999999999999998 19 25 19 18 19 17 14.999999999999998 33 20
leaf_count=1499 15 20 17 15 16 19 25 19 18 19 17 15 33 20
internal_value=0.000396476 0.00102064 -0.0334447 0.000281205 0.00076696 0.0260014 0.00879168 -0.000479185 4.11396e-05 0.0231447 0.00618793 0.0339408 -0.000999424 -0.00844402
internal_weight=1767 1735 32 1715 1700 80 61 1620 1601 69 51 32 1532 45
internal_count=1767 1735 32 1715 1700 80 61 1620 1601 69 51 32 1532 45
is_linear=0
shrinkage=0.05


Tree=84
num_leaves=15
num_cat=0
split_feature=23 30 23 24 23 16 24 3 17 24 17 17 8 17
split_gain=15.4104 16.2201 24.5327 19.507 18.7948 39.9962 15.6794 28.4869 22.9613 20.073 30.2256 34.0421 34.8212 28.5384
threshold=89.000000000000014 6.5000000000000009 31.500000000000004 17.500000000000004 86.000000000000014 5.916666666666667 2.5000000000000004 8.2712418300653621 24.583333333333339 4.5000000000000009 32.583333333333336 23.583333333333339 6.2202941176470601 17.583333333333339
decision_type=2 2 2 2 2 2 2 2 2 2 2 2 2 2
left_child=1 -1 -3 4 6 -6 8 9 -4 10 11 -8 -13 -11
right_child=-2 2 3 -5 5 -7 7 -9 -10 13 -12 12 -14 -15
leaf_value=-0.0048345953641764534 -0.035153572211662924 -0.036144704201391764 -0.050492873150975476 0.06120904344134033 -0.0035342783068439791 0.10336520081696413 -0.0065729419251197366 -0.06200276965896289 0.002654644289701167 0.029256174125119435 -0.018309959946200254 0.03710299608512567 0.11778990593221453 0.00018760468073181625
leaf_weight=708 30 35 31 15.999999999999998 21 14.999999999999998 29 14.999999999999998 59 98 30 52 18 610
leaf_count=708 30 35 31 16 21 15 29 15 59 98 30 52 18 610
internal_value=0.000376652 0.000990301 0.0049981 0.00644679 0.00555088 0.0410072 0.00419587 0.00629244 -0.0156517 0.00751637 0.0256563 0.0389794 0.0578511 0.00421122
internal_weight=1767 1737 1029 994 978 36 942 852 90 837 129 99 70 708
internal_count=1767 1737 1029 994 978 36 942 852 90 837 129 99 70 708
is_linear=0
shrinkage=0.05


Tree=85
num_leaves=15
num_cat=0
split_feature=14 30 16 26 6 6 6 30 28 13 18 30 27 14
split_gain=22.8799 24.2322 24.8675 12.4994 14.7476 13.3916 14.133 11.9839 11.2764 10.8738 15.416 13.0915 49.6722 25.8603
threshold=14.333333333333334 29.500000000000004 36.916666666666679 2.5000000000000004 11.250000000000002 34.250000000000007 29.250000000000004 22.500000000000004 21.500000000000004 7.0749484632683668 6.150089126559716 16.500000000000004 17.500000000000004 5.166666666666667
decision_type=2 2 2 8 2 2 2 2 10 2 2 2 10 2
left_child=1 2 3 4 -1 6 7 8 9 10 11 13 -13 -5
right_child=-2 -3 -4 5 -6 -7 -8 -9 -10 -11 -12 12 -14 -15
leaf_value=0.0027597406506538395 0.046763742296995287 -0.058547936693618179 0.0536579376924783 9.6512064576601472e-05 -0.065260125784312978 0.033774717610615949 -0.039698833700269463 0.041241086879745127 -0.040537239924857499 0.029672101140022278 -0.014511327206359701 0.069299625777281257 -0.044958325227101643 -0.03932853644323904
leaf_weight=14.999999999999998 24 19 20 1272 17 26 25 15.999999999999998 19 27 223 26 14.999999999999998 43
leaf_count=15 24 19 20 1272 17 26 25 16 19 27 223 26 15 43
internal_value=-0.00172661 -0.00238672 -0.00177487 -0.00241794 -0.0333758 -0.00183245 -0.00238814 -0.00181973 -0.00224371 -0.00179068 -0.00232867 -0.000325183 0.0274979 -0.00119267
internal_weight=1787 1763 1744 1724 32 1692 1666 1641 1625 1606 1579 1356 41 1315
internal_count=1787 1763 1744 1724 32 1692 1666 1641 1625 1606 1579 1356 41 1315
is_linear=0
shrinkage=0.05


Tree=86
num_leaves=15
num_cat=0
split_feature=14 3 6 23 4 26 18 13 3 28 18 30 18 15
split_gain=20.6491 27.212 21.0762 18.9609 16.0021 19.8325 17.9198 14.2893 16.4385 28.2995 14.1534 16.0499 24.7687 24.4329
threshold=14.333333333333334 8.0413595413595438 34.250000000000007 53.000000000000007 6.5000000000000009 5.5000000000000009 6.269345238095239 7.3160291006045552 7.0784615384615392 19.500000000000004 6.146481320823427 10.500000000000002 5.8996607939770902 1.4166666666666667
decision_type=2 2 2 2 2 10 2 2 2 10 2 2 2 2
left_child=1 2 4 -4 7 6 -6 8 9 10 11 -1 13 -13
right_child=-2 -3 3 -5 5 -7 -8 -9 -10 -11 -12 12 -14 -15
leaf_value=-0.0026944173644114344 0.044425556963930531 -0.069325202405452729 0.00072048426820681653 0.062350422702729703 -0.0011755941816690293 -0.075214645576973771 -0.060156530048698191 0.045575502188876273 -0.037386861172126376 0.061146176678852908 -0.013746308791169507 0.016628235143919787 0.0046810680610889733 0.097974602393805982
leaf_weight=1059 24 14.999999999999998 26 24 66 14.999999999999998 15.999999999999998 15.999999999999998 32 18 217 24 220 14.999999999999998
leaf_count=1059 24 15 26 24 66 15 16 16 32 18 217 24 220 15
internal_value=-0.00164028 -0.00226738 -0.00169194 0.0303029 -0.00263407 -0.0223537 -0.0126841 -0.00143932 -0.00191391 -0.00118298 -0.00191388 3.42516e-05 0.0111912 0.0479153
internal_weight=1787 1763 1748 50 1698 97 82 1601 1585 1553 1535 1318 259 39
internal_count=1787 1763 1748 50 1698 97 82 1601 1585 1553 1535 1318 259 39
is_linear=0
shrinkage=0.05


Tree=87
num_leaves=15
num_cat=0
split_feature=14 3 6 23 14 14 24 23 7 3 27 8 4 30
split_gain=18.6358 24.5589 19.0213 17.1122 14.932 21.9355 15.8881 38.1749 27.2163 22.7866 16.1768 19.7018 10.5514 20.5737
threshold=14.333333333333334 8.0413595413595438 34.250000000000007 53.000000000000007 5.166666666666667 5.8333333333333348 13.500000000000002 58.000000000000007 31.500000000000004 7.2045036764705896 18.500000000000004 6.1734949832775934 4.5000000000000009 17.500000000000004
decision_type=2 2 2 2 2 2 2 2 2 2 10 2 2 2
left_child=1 2 4 -4 12 -6 7 -7 -8 10 -9 -12 -1 -14
right_child=-2 -3 3 -5 5 6 8 9 -10 -11 11 -13 13 -15
leaf_value=-0.0019945996551541611 0.042204276712921762 -0.065858945002158484 0.00068445976537007559 0.059232899422446889 -0.055622931644320486 -0.068696032630072706 0.068501388654112816 0.053135889247059823 -0.02372161166276783 -0.048821588211199821 -0.041039650528417793 0.037579446447392306 0.0046929229206095144 0.069302336474259693
leaf_weight=1456 24 14.999999999999998 26 24 30 27 15.999999999999998 20 15.999999999999998 17 17 14.999999999999998 69 14.999999999999998
leaf_count=1456 24 15 26 24 30 27 16 20 16 17 17 15 69 15
internal_value=-0.00155827 -0.00215401 -0.00160735 0.0287877 -0.00250237 -0.0171407 -0.00812147 -0.0182919 0.0223899 0.00143143 0.0178603 -0.00418695 -0.00100051 0.0162303
internal_weight=1787 1763 1748 50 1698 158 128 96 32 69 52 32 1540 84
internal_count=1787 1763 1748 50 1698 158 128 96 32 69 52 32 1540 84
is_linear=0
shrinkage=0.05


Tree=88
num_leaves=15
num_cat=0
split_feature=27 15 16 3 25 3 13 18 13 30 13 3 4 28
split_gain=17.6007 68.9464 18.975 12.9998 11.5204 19.6272 15.8143 23.7642 27.3783 20.6829 19.2875 17.4367 17.3672 13.7028
threshold=30.500000000000004 4.5833333333333348 40.750000000000007 7.8468750000000007 73.000000000000014 6.4240384615384629 7.0340112433862449 6.3048477293216161 7.1211367880485543 23.500000000000004 6.785253750644217 6.982738095238096 7.5000000000000009 18.500000000000004
decision_type=10 2 2 2 10 2 2 2 2 2 2 2 2 10
left_child=2 -2 3 4 6 -6 10 8 -8 -10 11 12 13 -1
right_child=1 -3 -4 -5 5 -7 7 -9 9 -11 -12 -13 -14 -15
leaf_value=-0.0017111696971755935 -0.039304684499899545 0.11229392816623052 -0.056330688332673164 0.043230758327990775 0.0025767577668795224 -0.062414069473743443 0.097117027541001641 -0.018408735633756109 -0.01559447219728359 0.059863864164799455 -0.024284747089014243 0.03953572288155556 -0.053578925647889269 0.044815637590363624
leaf_weight=1447 15.000000000000002 14.999999999999998 15.999999999999998 15.999999999999998 26 21 14.999999999999998 26 21 15.999999999999998 95 26 15.999999999999998 15.999999999999998
leaf_count=1447 15 15 16 16 26 21 15 26 21 16 95 26 16 16
internal_value=-0.00148035 0.0364946 -0.00212876 -0.00163064 -0.00204674 -0.0264617 -0.00136289 0.0206214 0.0401364 0.0170362 -0.00243462 -0.00105538 -0.00176895 -0.00120233
internal_weight=1787 30 1757 1741 1725 47 1678 78 52 37 1600 1505 1479 1463
internal_count=1787 30 1757 1741 1725 47 1678 78 52 37 1600 1505 1479 1463
is_linear=0
shrinkage=0.05


Tree=89
num_leaves=15
num_cat=0
split_feature=14 3 6 23 6 13 3 23 6 17 17 3 17 16
split_gain=15.7286 22.2387 16.6191 14.9344 13.8739 12.0569 11.2274 8.91167 14.7792 23.1345 31.1831 63.8098 24.1589 21.5188
threshold=14.333333333333334 8.0413595413595438 34.250000000000007 53.000000000000007 31.750000000000004 7.3160291006045552 7.2045036764705896 42.500000000000007 6.7500000000000009 27.583333333333339 21.833333333333339 6.4696691176470598 33.583333333333336 8.0833333333333339
decision_type=2 2 2 2 2 2 2 2 2 2 2 2 2 2
left_child=1 2 4 -4 5 6 7 8 13 10 -10 -12 -11 -1
right_child=-2 -3 3 -5 -6 -7 -8 -9 9 12 11 -13 -14 -15
leaf_value=-0.0051105369464217766 0.038797989316905541 -0.062574694106976192 0.00072352270094247972 0.055419565861423818 -0.04265848497549693 0.03201944922598509 -0.039531033784151078 0.00086558132462875251 -0.038300938191158429 -0.071308651268482209 -0.032502809078210876 0.095789364270038091 0.0013440586160868408 0.045615223337980834
leaf_weight=421 24 14.999999999999998 26 24 21 26 20 1062 35 35 21 18 17 22
leaf_count=421 24 15 26 24 21 26 20 1062 35 35 21 18 17 22
internal_value=-0.00140634 -0.00195364 -0.00143344 0.0269776 -0.00227004 -0.00176428 -0.00229631 -0.00183972 -0.006889 -0.0219987 -0.00403896 0.026709 -0.0475568 -0.00259142
internal_weight=1787 1763 1748 50 1698 1677 1651 1631 569 126 74 39 52 443
internal_count=1787 1763 1748 50 1698 1677 1651 1631 569 126 74 39 52 443
is_linear=0
shrinkage=0.05


Tree=90
num_leaves=15
num_cat=0
split_feature=7 5 15 14 16 16 3 14 4 17 5 3 8 23
split_gain=13.6287 17.1521 23.6797 84.2179 48.2941 29.6816 31.0426 15.9542 42.8631 15.278 11.0706 25.5852 12.4393 11.4365
threshold=26.500000000000004 8.5000000000000018 5.166666666666667 8.1666666666666696 48.500000000000007 29.666666666666668 7.2806250000000015 7.166666666666667 5.5000000000000009 17.583333333333339 4.5000000000000009 6.5065789473684221 6.1518445322793163 45.500000000000007
decision_type=2 2 2 2 2 2 2 2 2 2 2 2 2 2
left_child=7 2 4 -4 5 6 9 8 -1 -2 12 -12 13 -11
right_child=1 -3 3 -5 -6 -7 -8 -9 -10 10 11 -13 -14 -15
leaf_value=-0.0029793738857580537 0.048647275228391997 -0.030339579501499733 -0.0081446941070739305 0.1278284776541922 -0.074993230795694726 0.058391181619039605 -0.057159288541266798 -0.04638079151511193 0.06207650485090338 -0.00064077232650015499 -0.0131249380176482 0.055572007579559636 -0.010575437901956638 0.015915446989280987
leaf_weight=967 22 30 31 18 18 28 19 20 26 200 23 33 115 218
leaf_count=967 22 30 31 18 18 28 19 20 26 200 23 33 115 218
internal_value=0.00162335 0.0067083 0.00824132 0.0418046 0.00580847 0.00801886 0.00578009 -0.00216652 -0.001276 0.00773728 0.00620924 0.0273572 0.00398731 0.00799381
internal_weight=1768 755 725 49 676 658 630 1013 993 611 589 56 533 418
internal_count=1768 755 725 49 676 658 630 1013 993 611 589 56 533 418
is_linear=0
shrinkage=0.05


Tree=91
num_leaves=15
num_cat=0
split_feature=30 25 25 13 2 5 5 27 14 27 23 3 30 14
split_gain=13.3121 14.1605 32.8035 23.6272 17.4243 15.7506 18.8256 51.3965 31.2976 23.8605 37.9675 35.7097 22.0137 19.5359
threshold=1.5000000000000002 39.500000000000007 44.500000000000007 6.5277693018533549 2.5000000000000004 8.5000000000000018 4.5000000000000009 26.500000000000004 12.250000000000002 19.500000000000004 48.500000000000007 6.6091269841269851 25.500000000000004 6.5833333333333348
decision_type=2 8 8 2 2 2 2 10 2 10 2 2 2 2
left_child=-1 -2 3 4 -3 6 8 9 12 10 -8 -12 13 -4
right_child=1 2 5 -5 -6 -7 7 -9 -10 -11 11 -13 -14 -15
leaf_value=-0.015901600001651108 -0.016555835814266416 0.055814340693706825 0.0026727628577368056 0.093246522073944405 -0.0027693983757247527 -0.034284163221459961 -0.021136359193108301 0.10495115630328655 -0.060924283144995574 -0.03283430190327076 -0.0036622003482824025 0.077631156880940716 0.054152946956455707 -0.025867116768356593
leaf_weight=103 91 22 1243 14.999999999999998 30 29 33 15.999999999999998 20 26 22 35 20 63
leaf_count=103 91 22 1243 15 30 29 33 16 20 26 22 35 20 63
internal_value=0.00154218 0.00262129 0.00373001 0.0379632 0.022016 0.00220803 0.00292404 0.0209436 0.0011569 0.0093563 0.0215447 0.0462548 0.00209327 0.00129603
internal_weight=1768 1665 1574 67 52 1507 1478 132 1346 116 90 57 1326 1306
internal_count=1768 1665 1574 67 52 1507 1478 132 1346 116 90 57 1326 1306
is_linear=0
shrinkage=0.05


Tree=92
num_leaves=15
num_cat=0
split_feature=14 18 13 14 13 15 27 30 3 24 15 17 30 30
split_gain=12.4085 22.0066 21.9762 23.2621 26.5013 21.1645 26.6986 20.7206 26.7856 29.2235 37.7664 20.9746 19.2039 25.4574
threshold=3.166666666666667 6.4254563004563012 6.2643956705489225 5.166666666666667 7.7138554737238954 3.8333333333333335 8.5000000000000018 28.500000000000004 6.7867965367965377 13.500000000000002 2.166666666666667 25.833333333333339 22.500000000000004 18.500000000000004
decision_type=2 2 2 2 2 2 10 2 2 2 2 2 2 2
left_child=-1 2 -2 5 7 6 -4 8 -5 10 11 -10 13 -12
right_child=1 -3 3 4 -6 -7 -8 -9 9 -11 12 -13 -14 -15
leaf_value=-0.00081825485711463581 -0.039454259220510726 -0.046531926709062921 -0.0046658870801329615 -0.023136146823096962 0.056255819466473025 -0.0034123141525520223 0.054114365797928159 -0.049842098504304891 0.0044421631097793582 0.069641075825149376 0.050445857370893167 -0.076676601259147423 0.056165445904668071 -0.036689436043563645
leaf_weight=1363 20 17 25 61 22 36 85 20 14.999999999999998 22 14.999999999999998 17 31 19
leaf_count=1363 20 17 25 61 22 36 85 20 15 22 15 17 31 19
internal_value=0.00146508 0.00914947 0.0115891 0.0143632 0.00416861 0.0298646 0.0407552 -0.00156098 0.00380359 0.017613 0.00581286 -0.0386522 0.0277033 0.00175261
internal_weight=1768 405 388 368 222 146 110 200 180 119 97 32 65 34
internal_count=1768 405 388 368 222 146 110 200 180 119 97 32 65 34
is_linear=0
shrinkage=0.05


Tree=93
num_leaves=15
num_cat=0
split_feature=7 17 27 15 13 14 4 14 15 13 26 7 3 3
split_gain=11.9089 14.6201 14.7764 30.8833 23.1301 13.868 37.3157 11.1818 44.3138 19.3317 11.2503 18.8822 18.1196 17.0462
threshold=26.500000000000004 17.583333333333339 26.500000000000004 4.8333333333333348 7.4981339250156465 7.166666666666667 5.5000000000000009 8.1666666666666696 2.166666666666667 6.8558380886337895 4.5000000000000009 30.500000000000004 6.1885775862068977 6.1779953917050703
decision_type=2 2 10 2 2 2 2 2 2 2 10 2 2 2
left_child=5 -2 4 -4 7 6 -1 9 -9 10 -3 13 -13 -12
right_child=1 2 3 -5 -6 -7 -8 8 -10 -11 11 12 -14 -15
leaf_value=-0.0029099542122888507 0.046306929398666735 0.0085531620806755717 -0.013817946481354097 0.077844814881682406 -0.05811318718207379 -0.043373078703880311 0.05779033930828939 -0.024031622041212886 0.082598543763160712 -0.024990157076224154 -0.014365259479535254 0.0017861335453662006 -0.059868612398321808 0.056936505287885665
leaf_weight=967 22 504 17 20 14.999999999999998 20 26 19 20 56 19 22 26 14.999999999999998
leaf_count=967 22 504 17 20 15 20 26 19 20 56 19 22 26 15
internal_value=0.00139182 0.00614514 0.00493974 0.0357295 0.00330293 -0.00215088 -0.00132062 0.0046557 0.0306505 0.00307658 0.00575872 -0.0114168 -0.0316102 0.0170914
internal_weight=1768 755 733 37 696 1013 993 681 39 642 586 82 48 34
internal_count=1768 755 733 37 696 1013 993 681 39 642 586 82 48 34
is_linear=0
shrinkage=0.05


Tree=94
num_leaves=15
num_cat=0
split_feature=30 25 25 14 5 15 3 27 14 16 27 23 4 3
split_gain=11.6819 12.4457 29.6732 21.1352 14.4002 17.2775 20.9596 33.7024 28.9664 22.7353 21.6052 13.9173 13.2472 36.618
threshold=1.5000000000000002 39.500000000000007 44.500000000000007 2.416666666666667 8.5000000000000018 6.416666666666667 8.2712418300653621 30.500000000000004 10.833333333333334 28.333333333333339 23.500000000000004 43.500000000000007 4.5000000000000009 6.4926470588235299
decision_type=2 8 8 2 2 2 2 10 2 2 10 2 2 2
left_child=-1 -2 3 11 5 6 7 8 9 10 12 -3 -4 -14
right_child=1 2 4 -5 -6 -7 -8 -9 -10 -11 -12 -13 13 -15
leaf_value=-0.01501861008119236 -0.015645449010880438 -0.0034705919080546925 0.00060717854606149322 0.086068647936917847 -0.032967875885038543 0.046588400412689558 -0.053248185160405498 0.07475981255993247 -0.065110551007091996 0.04980247634649277 -0.054327627863077557 0.049020924571010732 0.087712397612631332 0.0079236122477852125
leaf_weight=103 91 28 1207 15.999999999999998 29 22 17 15.999999999999998 15.999999999999998 25 17 23 15.999999999999998 142
leaf_count=103 91 28 1207 16 29 22 17 16 16 25 17 23 16 142
internal_value=0.00132223 0.00233311 0.00337253 0.0359314 0.00192499 0.00260962 0.00194511 0.00259715 0.00178576 0.00254649 0.00169164 0.0202021 0.00238932 0.0160035
internal_weight=1768 1665 1574 67 1507 1478 1456 1439 1423 1407 1382 51 1365 158
internal_count=1768 1665 1574 67 1507 1478 1456 1439 1423 1407 1382 51 1365 158
is_linear=0
shrinkage=0.05


Tree=95
num_leaves=15
num_cat=0
split_feature=17 14 16 8 3 3 16 28 18 23 18 23 24 16
split_gain=11.7536 17.0866 12.8037 44.9654 22.4455 20.0578 21.0316 12.654 9.68618 18.9518 10.5824 12.0637 10.1787 12.5474
threshold=36.416666666666679 13.833333333333334 35.750000000000007 6.3204365079365088 7.5456221198156692 7.4171428571428581 25.083333333333339 15.500000000000002 5.6345295698924742 65.500000000000014 5.7271533613445387 24.500000000000004 2.5000000000000004 17.583333333333339
decision_type=2 2 2 2 2 2 2 10 2 2 2 2 2 2
left_child=1 2 4 -4 5 6 8 -2 9 -1 -10 -12 -13 -14
right_child=7 -3 3 -5 -6 -7 -8 -9 10 -11 11 12 13 -15
leaf_value=0.0047570517697891638 -0.0027627817168831828 0.040694959447360957 0.028691781659921006 -0.093735632201035812 0.045654041734006667 -0.05601528435945511 0.037509565196327262 -0.063514396101236353 -0.016023484359566981 0.064561249921098351 -0.029790426138103666 -0.011244275817242227 0.0034712066014146651 -0.015374035015702248
leaf_weight=77 20 26 15.000000000000002 14.999999999999998 27 15.999999999999998 37 14.999999999999998 117 15.999999999999998 34 166 1105 96
leaf_count=77 20 26 15 15 27 16 37 15 117 16 34 166 1105 96
internal_value=-0.000110222 0.000464543 -0.000143238 -0.0325219 0.000431192 -0.000302592 0.000238308 -0.0287992 -0.000617705 0.0150459 -0.00157734 -0.000370912 0.000360809 0.00196484
internal_weight=1782 1747 1721 30 1691 1664 1648 35 1611 93 1518 1401 1367 1201
internal_count=1782 1747 1721 30 1691 1664 1648 35 1611 93 1518 1401 1367 1201
is_linear=0
shrinkage=0.05


Tree=96
num_leaves=15
num_cat=0
split_feature=5 8 4 16 3 16 15 15 16 16 4 16 18 18
split_gain=19.7474 22.2543 38.4601 20.1823 37.956 25.832 17.1022 15.3104 12.8559 12.1936 14.231 27.1556 12.5413 22.8448
threshold=4.5000000000000009 6.3114224137931041 8.5000000000000018 48.500000000000007 7.885135135135136 33.083333333333336 5.416666666666667 6.416666666666667 37.750000000000007 28.916666666666668 6.5000000000000009 22.791666666666668 6.1035678535678546 6.0950495489035053
decision_type=2 2 2 2 2 2 2 2 2 2 2 2 2 2
left_child=3 2 6 4 5 9 -2 -8 -3 10 11 12 13 -1
right_child=1 8 -4 -5 -6 -7 7 -9 -10 -11 -12 -13 -14 -15
leaf_value=-0.0001212310239389146 0.033131280159577725 0.010299085607818727 0.097783776328844191 -0.059514003731310376 0.07537944554351271 -0.065228730207309127 -0.0415413851408582 0.021134940586052836 -0.04145337279353823 0.040741578533368954 -0.023865839306797303 0.066138476431369789 -0.011126752991406044 0.056636663784997335
leaf_weight=1176 60 28 17 14.999999999999998 15.999999999999998 15.999999999999998 19 20 21 17 70 14.999999999999998 274 18
leaf_count=1176 60 28 17 15 16 16 19 20 21 17 70 15 274 18
internal_value=-0.000104711 0.0163725 0.028307 -0.00178606 -0.00124554 -0.00201855 0.0163767 -0.00939968 -0.0118805 -0.00137437 -0.0018354 -0.000795523 -0.00147945 0.000734416
internal_weight=1782 165 116 1617 1602 1586 99 39 49 1570 1553 1483 1468 1194
internal_count=1782 165 116 1617 1602 1586 99 39 49 1570 1553 1483 1468 1194
is_linear=0
shrinkage=0.05


Tree=97
num_leaves=15
num_cat=0
split_feature=5 14 3 18 2 17 5 18 23 7 18 17 3 13
split_gain=17.8221 21.0546 23.0357 13.7402 29.4559 25.8668 21.4805 14.5411 14.2715 23.1352 14.8005 12.4788 10.7978 38.2331
threshold=4.5000000000000009 12.250000000000002 7.8468750000000007 6.3048477293216161 3.5000000000000004 31.833333333333339 7.5000000000000009 6.1791016561177861 53.000000000000007 32.500000000000007 6.0037321746880581 31.583333333333339 7.0784615384615392 7.0540322580645176
decision_type=2 2 2 2 2 2 2 2 2 2 2 2 2 2
left_child=1 2 12 4 6 -5 8 11 10 -10 -2 -6 13 -1
right_child=3 -3 -4 5 7 -7 -8 -9 9 -11 -12 -13 -14 -15
leaf_value=-0.0016237134761312823 0.02778287770847479 -0.051435534815703121 0.060627776334683109 -0.058815365505870437 0.062241193105777096 0.031092256680130961 -0.044605740563323101 0.082629124684767297 -0.0018479975231457503 0.083180019538849598 -0.042455951968828842 -0.001238006731728092 -0.021744959015632049 0.073783468980999564
leaf_weight=1500 15.000000000000002 21 14.999999999999998 15.999999999999998 15.000000000000002 15.999999999999998 18 22 15.999999999999998 15.999999999999998 14.999999999999998 15.999999999999998 64 17
leaf_count=1500 15 21 15 16 15 16 18 22 16 16 15 16 64 17
internal_value=-9.9475e-05 -0.00169676 -0.0010423 0.0155539 0.0226313 -0.0138616 0.00347891 0.0515406 0.017439 0.040666 -0.00733654 0.0294777 -0.00162741 -0.000778676
internal_weight=1782 1617 1596 165 133 32 80 53 62 32 30 31 1581 1517
internal_count=1782 1617 1596 165 133 32 80 53 62 32 30 31 1581 1517
is_linear=0
shrinkage=0.05


Tree=98
num_leaves=15
num_cat=0
split_feature=7 14 18 27 17 28 4 13 3 3 16 24 16 30
split_gain=15.6786 21.2413 15.7258 44.6996 14.3681 12.872 22.499 21.1967 57.7484 20.0594 12.4023 27.0453 26.8073 11.3043
threshold=22.500000000000004 6.8333333333333348 6.4254563004563012 30.500000000000004 15.583333333333334 8.5000000000000018 4.5000000000000009 6.2723890093671892 6.3454907161803726 6.1231060606060614 32.625000000000007 4.5000000000000009 28.333333333333339 10.500000000000002
decision_type=2 2 2 10 2 10 2 2 2 2 2 2 2 2
left_child=1 5 3 4 -2 7 13 -1 9 -9 12 -12 -6 -7
right_child=2 -3 -4 -5 10 6 -8 8 -10 -11 11 -13 -14 -15
leaf_value=-0.0046036452217285391 0.050559018447529525 -0.062209756486117845 -0.040790596859235514 0.081067531438250295 0.0027153234441993634 -0.010598428002459572 0.030778494134153192 0.036792699210345739 -0.0097471658615212817 0.11856343923757473 0.024141263435868657 -0.058287271733085316 0.062769366722357903 -0.044134005293664007
leaf_weight=605 15.999999999999998 15.999999999999998 19 19 846 47 19 15.000000000000002 51 14.999999999999998 17 24 19 54
leaf_count=605 16 16 19 19 846 47 19 15 51 15 17 24 19 54
internal_value=-9.45013e-05 -0.00516289 0.00424531 0.00515464 0.00359027 -0.00403045 -0.0191381 -0.00138771 0.0226326 0.0776781 0.0027608 -0.0241096 0.00403443 -0.0285283
internal_weight=1782 822 960 941 922 806 120 686 81 30 906 41 865 101
internal_count=1782 822 960 941 922 806 120 686 81 30 906 41 865 101
is_linear=0
shrinkage=0.05


Tree=99
num_leaves=15
num_cat=0
split_feature=5 8 4 14 3 15 15 7 23 2 18 23 18 18
split_gain=15.7137 19.1282 32.7719 19.0041 21.0375 14.8126 12.897 12.5071 13.2816 10.9381 10.1005 17.2276 10.1005 10.9201
threshold=4.5000000000000009 6.3114224137931041 8.5000000000000018 12.250000000000002 7.8468750000000007 5.416666666666667 6.416666666666667 32.500000000000007 48.500000000000007 4.5000000000000009 5.6395467559260668 65.500000000000014 5.7271533613445387 5.925859788359789
decision_type=2 2 2 2 2 2 2 2 2 2 2 2 2 2
left_child=3 2 5 4 10 7 -7 -2 -9 -3 11 -1 -12 -14
right_child=1 9 -4 -5 -6 6 -8 8 -10 -11 12 -13 13 -15
leaf_value=0.004759286825613278 0.054657633802188299 0.0064159679797387891 0.089806620776653301 -0.048844381208930698 0.057966793328523641 -0.038828517075039842 0.018696228510234506 -0.02331299176439643 0.041111488966271287 -0.042586927348747854 -0.01706166336363232 0.06147823352366686 0.0041902958939752004 -0.0049524326928229515
leaf_weight=82 28 31 17 21 14.999999999999998 19 20 15.999999999999998 15.999999999999998 18 111 15.999999999999998 536 836
leaf_count=82 28 31 17 21 15 19 20 16 16 18 111 16 536 836
internal_value=-8.97763e-05 0.0146086 0.0256731 -0.00158961 -0.000967835 0.0146603 -0.00932865 0.0302532 0.00889925 -0.0115851 -0.00152699 0.0140195 -0.00255434 -0.00138064
internal_weight=1782 165 116 1617 1596 99 39 60 32 49 1581 98 1483 1372
internal_count=1782 165 116 1617 1596 99 39 60 32 49 1581 98 1483 1372
is_linear=0
shrinkage=0.05


Tree=100
num_leaves=15
num_cat=0
split_feature=30 28 28 24 13 30 23 16 16 3 24 3 13 15
split_gain=37.18 17.9394 15.253 8.77417 17.644 30.9375 22.5743 20.4252 13.789 12.012 11.4378 18.7634 16.8668 9.649
threshold=33.500000000000007 28.500000000000004 26.500000000000004 2.5000000000000004 7.0340112433862449 22.500000000000004 42.500000000000007 27.083333333333339 22.291666666666668 6.9099025974025983 3.5000000000000004 6.5651528013582352 6.2583553791887132 1.4166666666666667
decision_type=2 10 10 2 2 2 2 2 2 2 2 2 2 2
left_child=1 2 3 8 7 6 -6 10 9 -1 11 12 -5 -8
right_child=-2 -3 -4 4 5 -7 13 -9 -10 -11 -12 -13 -14 -15
leaf_value=-0.01028833926030541 0.066980236094622378 -0.0428773087138931 0.045201978107032026 0.015577133921241122 0.053347158531347916 0.075083558769388645 0.0056378981214947992 -0.055920487083494667 -0.054360275529325014 0.032820696611371304 -0.00024615323219262199 -0.032579668729255599 0.072440138722167299 -0.050181653002897897
leaf_weight=158 21 24 19 56 14.999999999999998 22 16.000000000000004 15.999999999999998 15.999999999999998 18 1361 14.999999999999998 17 14.999999999999998
leaf_count=158 21 24 19 56 15 22 16 16 16 18 1361 15 17 15
internal_value=0.000842208 5.66315e-05 0.000647466 0.00015672 0.00141872 0.0263166 0.00299324 0.000263047 -0.00991953 -0.00587946 0.000883432 0.0183535 0.0288192 -0.0213716
internal_weight=1789 1768 1744 1725 1533 68 46 1465 192 176 1449 88 73 31
internal_count=1789 1768 1744 1725 1533 68 46 1465 192 176 1449 88 73 31
is_linear=0
shrinkage=0.05


Tree=101
num_leaves=15
num_cat=0
split_feature=30 28 28 9 16 7 6 8 28 16 14 5 28 8
split_gain=33.555 16.1903 13.7658 8.47739 9.85098 34.5747 19.8382 12.0893 10.1367 25.8003 35.5377 15.1914 12.6059 34.2895
threshold=33.500000000000007 28.500000000000004 26.500000000000004 590.50000000000011 28.333333333333339 29.500000000000004 31.750000000000004 6.1490740740740746 18.500000000000004 15.125000000000002 5.5833333333333348 3.5000000000000004 12.500000000000002 6.0692049808429127
decision_type=2 10 10 2 2 2 2 2 10 2 2 2 8 2
left_child=1 2 3 4 6 -6 8 -7 12 -10 -11 -12 -1 -14
right_child=-2 -3 -4 -5 5 7 -8 -9 9 10 11 -13 13 -15
leaf_value=0.0016674585449802598 0.063631224277473628 -0.040733444473395747 0.042941879833999441 -0.023859903123229744 -0.030024065312586334 0.024436228871345514 -0.052201530616730454 0.08791677912076315 0.077183467994133642 -0.041661845523864038 0.072286930261179813 0.0061619329021165249 -0.035680040423440834 0.0033089836039076185
leaf_weight=1302 21 24 19 36 19 15.000000000000002 18 14.999999999999998 14.999999999999998 25 15.999999999999998 19 88 157
leaf_count=1302 21 24 19 36 19 15 18 15 15 25 16 19 88 157
internal_value=0.000800097 5.37999e-05 0.000615092 0.000148884 0.000660617 0.0227518 5.75509e-07 0.0561765 0.000579884 0.0185316 0.00386869 0.0363905 -0.000290434 -0.0106952
internal_weight=1789 1768 1744 1725 1689 49 1640 30 1622 75 60 35 1547 245
internal_count=1789 1768 1744 1725 1689 49 1640 30 1622 75 60 35 1547 245
is_linear=0
shrinkage=0.05


Tree=102
num_leaves=15
num_cat=0
split_feature=30 24 24 2 17 16 17 30 17 18 16 17 8 1
split_gain=30.2834 8.85495 13.4931 24.9102 35.9403 25.8528 22.8719 18.217 13.368 12.9019 10.427 8.96883 19.7879 13.7676
threshold=33.500000000000007 2.5000000000000004 4.5000000000000009 4.5000000000000009 23.583333333333339 5.2083333333333348 32.583333333333336 12.500000000000002 10.16666666666667 6.0037321746880581 22.791666666666668 26.583333333333339 6.1417410714285721 1.0000000180025095e-35
decision_type=2 2 2 2 2 2 2 2 2 2 2 2 2 2
left_child=1 10 3 4 5 8 7 9 -3 -6 11 13 -13 -1
right_child=-2 2 -4 -5 6 -7 -8 -9 -10 -11 -12 12 -14 -15
leaf_value=-0.02286388689836303 0.060449664064106491 0.044152792623000488 -0.00040781615386632363 -0.023692931472841239 0.068012780871461426 -0.057706546432831712 0.00043552807447585194 0.090699030859050928 -0.0071873103501275187 0.0080547092090311797 -0.040738346334546809 0.038895337587843339 -0.017628276860341432 0.019028733372688296
leaf_weight=91 21 21 1375 36 17 17 22 27 32 19 24 30 32 25
leaf_count=91 21 21 1375 36 17 17 22 27 32 19 24 30 32 25
internal_value=0.000760092 5.111e-05 0.00132198 0.0137747 0.0224769 -0.00405424 0.044326 0.0596529 0.013155 0.0363682 -0.00980129 -0.00563 0.00972186 -0.0138353
internal_weight=1789 1768 1566 191 155 70 85 63 53 36 202 178 62 116
internal_count=1789 1768 1566 191 155 70 85 63 53 36 202 178 62 116
is_linear=0
shrinkage=0.05


Tree=103
num_leaves=15
num_cat=0
split_feature=30 28 13 17 7 25 3 24 6 30 13 3 3 3
split_gain=27.3307 14.3652 12.8613 19.0796 17.2532 17.8169 12.2528 12.5683 9.18395 12.4693 13.6967 19.9065 31.0583 17.0466
threshold=33.500000000000007 28.500000000000004 7.0340112433862449 33.833333333333336 31.500000000000004 43.500000000000007 7.4782214156079858 7.5000000000000009 32.750000000000007 19.500000000000004 6.6358479991323138 6.7867965367965377 6.8768939393939403 6.4610323886639689
decision_type=2 10 2 2 2 10 2 2 2 2 2 2 2 2
left_child=1 2 8 4 5 6 7 -4 9 10 -1 13 -13 -12
right_child=-2 -3 3 -5 -6 -7 -8 -9 -10 -11 11 12 -14 -15
leaf_value=0.00074449209423820873 0.057427179565032328 -0.038370978025098645 -0.035615902312011241 0.067984308442100891 -0.036586446840973466 0.065869508311152458 0.041939603171340427 0.024308470586935679 -0.031860581720652786 0.029055891641312177 0.00071212243702676562 0.063476741839857673 -0.016623866602423647 -0.047945652602033484
leaf_weight=1444 21 24 21 15.999999999999998 17 15.999999999999998 15.999999999999998 14.999999999999998 23 36 27 17 42 54
leaf_count=1444 21 24 21 16 17 16 16 15 23 36 27 17 42 54
internal_value=0.000722088 4.85545e-05 0.000577264 0.0178952 0.0084667 0.01973 0.00553321 -0.0106474 -0.000487322 -4.18994e-05 -0.000703213 -0.0156353 0.00645597 -0.0317264
internal_weight=1789 1768 1744 101 85 68 52 36 1643 1620 1584 140 59 81
internal_count=1789 1768 1744 101 85 68 52 36 1643 1620 1584 140 59 81
is_linear=0
shrinkage=0.05


Tree=104
num_leaves=15
num_cat=1
split_feature=30 28 28 0 17 18 24 14 6 4 17 8 8 25
split_gain=24.666 12.9646 12.0078 8.88203 8.94308 17.8237 30.2173 17.6068 12.0121 9.32124 9.30166 9.11384 30.974 17.2601
threshold=33.500000000000007 28.500000000000004 26.500000000000004 0 34.416666666666679 6.0733575837742517 5.5000000000000009 9.8333333333333339 34.250000000000007 6.5000000000000009 23.833333333333339 6.1716517857142863 6.1900656814449926 64.000000000000014
decision_type=2 10 10 1 2 2 2 2 2 2 2 2 2 8
left_child=1 2 3 -1 7 -6 -7 8 9 11 -11 -5 -13 -14
right_child=-2 -3 -4 4 5 6 -8 -9 -10 10 -12 12 13 -15
leaf_value=-0.011354148526095434 0.05455582111497366 -0.036452431386957571 0.040080137511617264 -0.0001410226049286238 -0.0080796912752298857 0.0013184018595063169 0.086526673838594248 -0.047454244212100385 0.042773126964183422 0.012341349454302538 -0.028755922150798141 0.070618446171283725 -0.036521849053149875 0.011288314402327502
leaf_weight=144 21 24 19 1223 36 23 19 19 17 19 50 20 22 133
leaf_count=144 21 24 19 1223 36 23 19 19 17 19 50 20 22 133
internal_value=0.000685983 4.61267e-05 0.0005484 0.000112978 0.00122151 0.0177367 0.039865 0.000372565 0.000984903 0.00050065 -0.0174393 0.0013861 0.0120585 0.00450236
internal_weight=1789 1768 1744 1725 1581 78 42 1503 1484 1467 69 1398 175 155
internal_count=1789 1768 1744 1725 1581 78 42 1503 1484 1467 69 1398 175 155
cat_boundaries=0 1
cat_threshold=8
is_linear=0
shrinkage=0.05


Tree=105
num_leaves=15
num_cat=0
split_feature=16 28 2 18 30 17 13 17 30 4 7 18 14 13
split_gain=28.5388 43.8743 10.5471 10.0151 19.866 10.9606 18.4715 27.9433 31.2305 26.1001 22.293 32.1 21.5273 10.9792
threshold=51.875000000000007 30.500000000000004 2.5000000000000004 5.6345295698924742 3.5000000000000004 23.833333333333339 6.2840757999378702 28.833333333333339 15.500000000000002 3.5000000000000004 34.500000000000007 6.0749788851351356 2.416666666666667 6.3391824249165749
decision_type=2 10 2 2 2 2 2 2 2 2 2 2 2 2
left_child=1 2 3 4 -1 13 12 8 9 -8 11 -9 -7 -5
right_child=-2 -3 -4 5 -6 6 7 10 -10 -11 -12 -13 -14 -15
leaf_value=-0.0049026325345039373 -0.05342248744952182 0.086618602747718501 -0.0031051782496606434 0.0024878948872514152 0.049986083323464679 0.0062686264896707512 0.033973951593917966 -0.06898624905768562 -0.0016797864602671729 0.11925275837512393 0.043835285347368982 0.01244650723612202 -0.045443987206596398 -0.015391064265401969
leaf_weight=32 24 14.999999999999998 884 368 34 161 17 17 18 19 27 42 23 112
leaf_count=32 24 15 884 368 34 161 17 17 18 19 27 42 23 112
internal_value=0.000734663 0.00146941 0.000741227 0.00464953 0.0233734 0.0031125 0.0102182 0.0239047 0.0520949 0.0789822 0.00620395 -0.0110172 -0.00019545 -0.00168386
internal_weight=1793 1769 1754 870 66 804 324 140 54 36 86 59 184 480
internal_count=1793 1769 1754 870 66 804 324 140 54 36 86 59 184 480
is_linear=0
shrinkage=0.05


Tree=106
num_leaves=15
num_cat=1
split_feature=16 28 2 0 18 17 24 24 18 15 5 24 13 28
split_gain=25.7562 39.5966 9.78705 9.00705 9.07152 14.2259 11.2681 18.9323 17.339 14.653 23.4466 15.8307 15.5076 14.0287
threshold=51.875000000000007 30.500000000000004 6.5000000000000009 0 6.3292167649727782 22.416666666666668 2.5000000000000004 3.5000000000000004 6.0985208216962254 5.5833333333333348 4.5000000000000009 6.5000000000000009 6.5875659229208932 20.500000000000004
decision_type=2 10 2 1 2 2 2 2 2 2 2 2 2 10
left_child=1 2 3 -1 6 -6 -5 8 -8 10 13 -12 -13 -9
right_child=-2 -3 -4 4 5 -7 7 9 -10 -11 11 12 -14 -15
leaf_value=-0.010704770198065814 -0.050751362399508559 0.082287670671939858 -0.021327393920141824 -0.011094975995500449 -0.0025416584137608026 0.064264139135678619 0.008581722333716851 0.0022092719724000989 0.057037737770006064 -0.028325509574288168 0.073755582115229437 -0.0059870832799268628 0.053497793784158101 -0.028659638301714471
leaf_weight=133 24 14.999999999999998 49 151 17 14.999999999999998 48 1171 30 39 17 28 18 38
leaf_count=133 24 15 49 151 17 15 48 1171 30 39 17 28 18 38
internal_value=0.00069793 0.00139594 0.000704165 0.00133733 0.00240893 0.0287736 0.00187674 0.00328691 0.0272187 0.00186305 0.00278865 0.0325265 0.0172896 0.00123903
internal_weight=1793 1769 1754 1705 1572 32 1540 1389 78 1311 1272 63 46 1209
internal_count=1793 1769 1754 1705 1572 32 1540 1389 78 1311 1272 63 46 1209
cat_boundaries=0 1
cat_threshold=8
is_linear=0
shrinkage=0.05


Tree=107
num_leaves=15
num_cat=0
split_feature=3 28 3 14 17 8 14 14 13 23 14 3 18 14
split_gain=13.6369 25.2695 15.8727 19.1565 20.3009 17.1847 14.0974 13.4268 25.8823 21.7288 11.0201 22.8539 22.3715 14.9505
threshold=8.0413595413595438 29.500000000000004 7.4171428571428581 7.8333333333333348 30.583333333333339 6.0775240384615392 9.8333333333333339 6.5833333333333348 7.0540322580645176 65.500000000000014 5.166666666666667 6.7214052287581714 6.1313633564711161 3.5833333333333335
decision_type=2 10 2 2 2 2 2 2 2 2 2 2 2 2
left_child=1 2 3 7 -5 -6 -4 8 10 -9 13 -12 -13 -1
right_child=-2 -3 6 4 5 -7 -8 9 -10 -11 11 12 -14 -15
leaf_value=-0.00032696711785738846 -0.035287542956379744 0.057072254382073889 -0.008746624204876095 -0.0073506913613528013 0.020776551848070493 0.09199364525265992 -0.068453173662225406 -0.063330203277014552 0.052584203053265811 0.010465637486624092 -0.056115132785187316 0.044819181578026883 -0.034011759453763564 0.018203791061226847
leaf_weight=1403 26 20 29 22 18 15.999999999999998 14.999999999999998 21 24 19 26 18 18 118
leaf_count=1403 26 20 29 22 18 16 15 21 24 19 26 18 18 118
internal_value=0.000660048 0.00118899 0.000549226 0.0013153 0.0300743 0.0542905 -0.0291011 0.000337454 0.0010497 -0.0282772 0.000268384 -0.0203945 0.00540371 0.00111066
internal_weight=1793 1767 1747 1703 56 34 44 1647 1607 40 1583 62 36 1521
internal_count=1793 1767 1747 1703 56 34 44 1647 1607 40 1583 62 36 1521
is_linear=0
shrinkage=0.05


Tree=108
num_leaves=15
num_cat=0
split_feature=16 28 2 8 13 8 8 7 16 23 15 18 30 17
split_gain=22.4791 35.1325 9.12061 9.79108 21.0432 13.5084 14.085 10.1707 9.90587 9.31593 13.0806 12.0521 23.9533 13.7638
threshold=51.875000000000007 30.500000000000004 2.5000000000000004 5.8099343185550092 6.2787326388888891 5.7018518518518526 5.7254032258064518 18.500000000000004 3.5833333333333335 37.500000000000007 1.4166666666666667 5.6345295698924742 3.5000000000000004 23.833333333333339
decision_type=2 10 2 2 2 2 2 2 2 2 2 2 2 2
left_child=1 2 9 4 5 8 -7 -8 -4 10 -1 12 -11 -13
right_child=-2 -3 3 -5 -6 6 7 -9 -10 11 -12 13 -14 -15
leaf_value=0.0021880313765723258 -0.047437813443442188 0.07747473597526551 -0.0046214504215197688 -0.0058773878490879991 0.061609872058033949 0.057691867742687468 -0.012636116049007365 0.022319255699403587 -0.048988948352634912 -0.0054977260868657729 -0.029422230910923747 -0.00076340095850173384 0.067478888773399845 0.014013904196998248
leaf_weight=120 24 14.999999999999998 78 675 15.999999999999998 15.999999999999998 38 46 14.999999999999998 22 45 400 23 260
leaf_count=120 24 15 78 675 16 16 38 46 15 22 45 400 23 260
internal_value=0.000627046 0.00127914 0.000627525 -0.00294932 0.00650734 0.00193925 0.0146958 0.00650611 -0.0117775 0.00426193 -0.00643295 0.00676499 0.0318014 0.00505796
internal_weight=1793 1769 1754 884 209 193 100 84 93 870 165 705 45 660
internal_count=1793 1769 1754 884 209 193 100 84 93 870 165 705 45 660
is_linear=0
shrinkage=0.05


Tree=109
num_leaves=15
num_cat=0
split_feature=16 28 2 16 17 6 14 24 3 24 15 8 13 16
split_gain=20.2874 31.7071 8.51194 7.8889 27.1892 19.7482 13.4528 6.51937 15.7815 12.349 25.1173 23.1705 21.843 18.8349
threshold=51.875000000000007 30.500000000000004 6.5000000000000009 28.916666666666668 30.583333333333339 31.750000000000004 10.583333333333334 2.5000000000000004 6.9099025974025983 4.5000000000000009 5.5833333333333348 5.7965856481481497 6.2507562008469462 23.083333333333339
decision_type=2 10 2 2 2 2 2 2 2 2 2 2 2 2
left_child=1 2 3 5 -5 7 -6 8 -1 11 13 -9 -13 -11
right_child=-2 -3 -4 4 6 -7 -8 9 -10 10 -12 12 -14 -15
leaf_value=-0.013208952508437889 -0.045065922786792119 0.07360099822282791 -0.019950156812841187 -0.021651508667222832 0.084132014811038977 -0.040330695938961263 0.019166670761564197 0.05974175387620926 0.036303051954342261 0.00099716386162315945 -0.048860063955187799 -0.01000358411776168 0.03103694899577282 0.051156713068485266
leaf_weight=152 24 14.999999999999998 49 23 14.999999999999998 29 17 25 18 1249 25 77 56 19
leaf_count=152 24 15 49 23 15 29 17 25 18 1249 25 77 56 19
internal_value=0.000595694 0.00121518 0.000596149 0.00118663 0.0198151 0.000565682 0.0496192 0.00129733 -0.0079665 0.00238268 0.00077025 0.0155781 0.00727664 0.00174877
internal_weight=1793 1769 1754 1705 55 1650 32 1621 170 1451 1293 158 133 1268
internal_count=1793 1769 1754 1705 55 1650 32 1621 170 1451 1293 158 133 1268
is_linear=0
shrinkage=0.05


Tree=110
num_leaves=15
num_cat=0
split_feature=18 27 4 18 23 15 27 30 27 16 30 23 3 5
split_gain=14.2383 17.902 11.547 11.1205 15.829 12.8933 12.8404 25.2213 28.5213 12.7573 12.431 22.5892 15.776 14.3998
threshold=6.4488622656465404 30.500000000000004 6.5000000000000009 6.12047558922559 58.000000000000007 0.83333333333333337 19.500000000000004 17.500000000000004 13.500000000000002 22.291666666666668 15.500000000000002 74.500000000000014 6.4610323886639689 4.5000000000000009
decision_type=2 10 2 2 2 2 10 2 10 2 2 2 2 2
left_child=1 3 -2 6 5 -5 7 9 -9 -1 12 13 -6 -12
right_child=2 -3 -4 4 10 -7 -8 8 -10 -11 11 -13 -14 -15
leaf_value=0.0015356796873588644 -0.0036934498852739723 0.044845349849625071 -0.065733811557292951 -0.0045752542812036922 0.00033310033084655351 -0.0377559652649311 -0.031360247246278776 -0.0066836788858238017 0.074587097191484639 -0.044848607629537587 0.013529078575472038 -0.0085476715919150705 -0.036912381897370027 0.06751291382880438
leaf_weight=1261 15.000000000000002 22 14.999999999999998 52 88 67 29 19 25 14.999999999999998 30 66 42 21
leaf_count=1261 15 22 15 52 88 67 29 19 25 15 30 66 42 21
internal_value=-0.000561336 2.85136e-05 -0.0347136 -0.000546396 -0.00827616 -0.0232568 0.00155078 0.00227383 0.0394929 0.00099041 -0.00105874 0.0107649 -0.0117001 0.0357577
internal_weight=1767 1737 30 1715 366 119 1349 1320 44 1276 247 117 130 51
internal_count=1767 1737 30 1715 366 119 1349 1320 44 1276 247 117 130 51
is_linear=0
shrinkage=0.05


Tree=111
num_leaves=15
num_cat=0
split_feature=18 13 13 13 18 13 8 16 17 27 3 18 8 16
split_gain=12.8501 20.1461 15.6287 10.9233 15.6683 15.1843 34.0214 21.0228 20.891 14.5615 12.8472 10.6503 12.2215 14.215
threshold=6.4488622656465404 7.7138554737238954 7.5423251915708818 7.0990070662768039 6.2575225234618026 6.8813969899496223 6.1017241379310354 22.583333333333339 30.583333333333339 19.500000000000004 7.006756756756757 6.12047558922559 6.2635233918128668 11.29166666666667
decision_type=2 2 2 2 2 2 2 2 2 10 2 2 2 2
left_child=1 2 3 5 -5 7 -7 9 10 11 -8 -1 -13 -14
right_child=-2 -3 -4 4 -6 6 8 -9 -10 -11 -12 12 13 -15
leaf_value=0.0020399732204083153 -0.032977950804245974 0.043709218874573713 -0.046981197988821402 0.046325195431709293 -0.005215134979065123 -0.075078329240733932 0.012768726696570715 0.057210962846875192 0.039322482645511629 -0.037500515110710141 -0.046218090349187453 -0.017349854436033638 -0.004673600301210736 0.047318301569013038
leaf_weight=1276 30 26 18 30 29 22 14.999999999999998 15.999999999999998 20 26 24 160 58 17
leaf_count=1276 30 26 18 30 29 22 15 16 20 26 24 160 58 17
internal_value=-0.000533269 2.70879e-05 -0.000636697 -0.000143961 0.0209918 -0.000907126 -0.0220121 0.000193647 -0.00222464 -0.000399897 -0.0235309 0.000238499 -0.00954313 0.00711123
internal_weight=1767 1737 1711 1693 59 1634 81 1553 59 1537 39 1511 235 75
internal_count=1767 1737 1711 1693 59 1634 81 1553 59 1537 39 1511 235 75
is_linear=0
shrinkage=0.05


Tree=112
num_leaves=15
num_cat=0
split_feature=28 28 27 13 18 13 8 17 16 3 28 16 14 27
split_gain=11.6635 19.8899 13.8893 9.98746 19.4936 14.1588 29.9982 19.6104 12.6527 18.011 12.6169 20.8896 18.9846 16.0041
threshold=34.500000000000007 30.500000000000004 31.500000000000004 7.0990070662768039 6.1757204319190562 6.8813969899496223 6.1017241379310354 30.583333333333339 33.083333333333336 7.4782214156079858 18.500000000000004 15.125000000000002 5.8333333333333348 17.500000000000004
decision_type=10 10 8 2 2 2 2 2 2 2 10 2 2 10
left_child=1 2 3 5 -5 10 -7 -8 9 -6 13 -12 -13 -1
right_child=-2 -3 -4 4 8 6 7 -9 -10 -11 11 12 -14 -15
leaf_value=-0.00010452841499397838 -0.044408908262848858 0.047111595422029501 -0.047101025609299546 0.059747607033350504 -0.0096281884144991652 -0.071324412795630371 -0.023281552484259012 0.037356359716504813 -0.026305202078884062 0.062850765595212577 0.071434107422828672 -0.030960041759535675 0.036348320713097397 -0.032560152460176212
leaf_weight=1457 14.999999999999998 22 15.999999999999998 20 20 22 40 20 23 14.999999999999998 15.999999999999998 20 22 39
leaf_count=1457 15 22 16 20 20 22 40 20 23 15 16 20 22 39
internal_value=-0.000506606 -0.00013073 -0.000731499 -0.000298645 0.0171812 -0.00113203 -0.0213814 -0.00306892 0.00250307 0.0214342 -6.35366e-05 0.0228174 0.00429672 -0.000950631
internal_weight=1767 1752 1730 1714 78 1636 82 60 58 35 1554 58 42 1496
internal_count=1767 1752 1730 1714 78 1636 82 60 58 35 1554 58 42 1496
is_linear=0
shrinkage=0.05


Tree=113
num_leaves=15
num_cat=0
split_feature=18 30 8 16 4 14 30 16 16 18 30 15 24 3
split_gain=11.7933 15.5179 10.0948 11.5832 10.0138 9.31583 16.3117 22.3101 15.8106 12.5681 18.9194 19.935 14.0748 15.4778
threshold=6.4488622656465404 33.500000000000007 6.4932432432432448 39.916666666666664 6.5000000000000009 9.5000000000000018 20.500000000000004 27.416666666666668 18.125000000000004 5.9357250864055304 11.500000000000002 1.8333333333333337 12.500000000000002 7.2045036764705896
decision_type=2 2 2 2 2 2 2 2 2 2 2 2 2 2
left_child=1 2 3 5 -2 6 9 8 -8 10 -1 -12 13 -11
right_child=4 -3 -4 -5 -6 -7 7 -9 -10 12 11 -13 -14 -15
leaf_value=0.0013810353597244222 -0.0026758247738083198 0.044994267664457625 -0.041279820899168651 0.040984231677344621 -0.060450589259465538 -0.031424538797000426 0.045966126210987571 0.076242397166788586 -0.017205444737695731 -0.00028113070192640951 0.011844519009956948 0.076725139611345888 -0.017085918776700564 -0.046110105710594283
leaf_weight=728 15.000000000000002 19 14.999999999999998 17 14.999999999999998 24 15.999999999999998 15.999999999999998 26 607 39 17 194 19
leaf_count=728 15 19 15 17 15 24 16 16 26 607 39 17 194 19
internal_value=-0.000481276 5.55454e-05 -0.000441449 -8.17448e-05 -0.0315632 -0.000495815 -4.91904e-05 0.0259999 0.00685992 -0.000991115 0.00353528 0.0315404 -0.00531879 -0.00167211
internal_weight=1767 1737 1718 1703 30 1686 1662 58 42 1604 784 56 820 626
internal_count=1767 1737 1718 1703 30 1686 1662 58 42 1604 784 56 820 626
is_linear=0
shrinkage=0.05


Tree=114
num_leaves=15
num_cat=0
split_feature=18 13 13 4 13 4 13 8 16 17 27 3 28 13
split_gain=10.6434 17.1306 14.3454 9.03743 8.88437 14.4724 11.8988 27.6937 18.3924 16.5994 12.8176 11.2927 10.1889 10.0194
threshold=6.4488622656465404 7.7138554737238954 7.5423251915708818 6.5000000000000009 7.0990070662768039 10.500000000000002 6.8813969899496223 6.1017241379310354 22.583333333333339 30.583333333333339 19.500000000000004 7.006756756756757 21.500000000000004 6.7742895545314914
decision_type=2 2 2 2 2 2 2 2 2 2 10 2 10 2
left_child=1 2 4 -2 6 12 8 -8 10 11 13 -9 -6 -1
right_child=3 -3 -4 -5 5 -7 7 9 -10 -11 -12 -13 -14 -15
leaf_value=-0.00042870399879448668 -0.0025420336549480753 0.040333214359214678 -0.044960331409755687 -0.057428060957851516 0.023543813801370564 0.056348226503986458 -0.067335801622407002 0.013435143058498701 0.053530072700232273 0.03542903908528388 -0.035164502112624736 -0.041868061013519767 -0.027049680065829307 0.024933452513068916
leaf_weight=1471 15.000000000000002 26 18 14.999999999999998 24 18 22 14.999999999999998 15.999999999999998 20 26 24 17 40
leaf_count=1471 15 26 18 15 24 18 22 15 16 20 26 24 17 40
internal_value=-0.000457212 5.27681e-05 -0.000559325 -0.029985 -8.72531e-05 0.0189742 -0.000775517 -0.0194582 0.000198917 -0.00160552 -0.000356254 -0.0205976 0.00256602 0.000242697
internal_weight=1767 1737 1711 30 1693 59 1634 81 1553 59 1537 39 41 1511
internal_count=1767 1737 1711 30 1693 59 1634 81 1553 59 1537 39 41 1511
is_linear=0
shrinkage=0.05


Tree=115
num_leaves=15
num_cat=0
split_feature=2 27 3 27 24 6 2 15 17 30 8 27 23 25
split_gain=16.9063 57.984 48.9902 28.2352 13.4205 17.616 41.798 20.4384 28.1449 18.6084 19.3978 15.604 15.1783 12.1367
threshold=2.5000000000000004 20.500000000000004 8.0413595413595438 16.500000000000004 12.500000000000002 2.7500000000000004 1.5000000000000002 2.8333333333333335 16.833333333333339 7.5000000000000009 6.2466216216216219 7.5000000000000009 69.500000000000014 41.500000000000007
decision_type=2 10 2 10 2 2 2 2 2 2 2 10 2 8
left_child=1 3 -2 4 5 13 9 8 -8 -7 11 -11 -10 -1
right_child=2 -3 -4 -5 -6 6 7 -9 12 10 -12 -13 -14 -15
leaf_value=0.03531288051356872 -0.0038766682594130798 0.069365519331768155 -0.094986269709964599 -0.041522154532786876 -0.0039725747054824272 0.036712854697058601 0.076739362457936458 0.077305894903838643 0.02902713933158893 -0.00056217809518178301 0.02162340468623572 -0.065068560302257536 -0.022454053806987676 -0.0018421028979779205
leaf_weight=24 901 33 14.999999999999998 36 332 18 22 28 41 14.999999999999998 18 25 22 261
leaf_count=24 901 33 15 36 332 18 22 28 41 15 18 25 22 261
internal_value=-0.000620727 0.00434966 -0.00536864 0.00180153 0.00373658 0.00913625 0.0209728 0.0402562 0.0280516 -0.00769861 -0.0214815 -0.0408787 0.0110496 0.00128674
internal_weight=1791 875 916 842 806 474 189 113 85 76 58 40 63 285
internal_count=1791 875 916 842 806 474 189 113 85 76 58 40 63 285
is_linear=0
shrinkage=0.05


Tree=116
num_leaves=15
num_cat=0
split_feature=2 27 3 27 23 5 8 7 14 28 13 23 18 28
split_gain=15.2579 52.3306 44.2136 25.4822 12.2486 19.7081 11.4158 13.6606 13.166 31.0797 27.8339 36.9482 20.9847 19.9408
threshold=2.5000000000000004 20.500000000000004 8.0413595413595438 16.500000000000004 37.500000000000007 4.5000000000000009 6.2661458333333337 27.500000000000004 5.166666666666667 17.500000000000004 6.8903405112044824 68.500000000000014 6.1904590670215676 15.500000000000002
decision_type=2 10 2 10 2 2 2 2 2 10 2 2 2 10
left_child=1 3 6 4 -1 -6 8 -8 9 13 -10 12 -12 -2
right_child=2 -3 -4 -5 5 -7 7 -9 10 -11 11 -13 -14 -15
leaf_value=-0.008328018361452031 -0.0034260479179383432 0.06589724319337896 -0.090236958563327793 -0.039446046778983959 0.0049650934948509591 0.050259430095553406 -0.018017779459030586 0.024593881803893432 -0.054902596579631792 0.068015061095356946 -0.0012251230207486795 -0.056949494052678351 0.073039282457903032 -0.059902608674019579
leaf_weight=171 675 33 14.999999999999998 36 610 25 26 68 40 14.999999999999998 26 20 14.999999999999998 15.999999999999998
leaf_count=171 675 33 15 36 610 25 26 68 40 15 26 20 15 16
internal_value=-0.00058969 0.00413217 -0.00510021 0.00171145 0.00354975 0.00674834 -0.00368283 0.0128077 -0.00560366 -0.0031881 -0.0224887 -0.00123367 0.0259448 -0.00473375
internal_weight=1791 875 916 842 806 635 901 94 807 706 101 61 41 691
internal_count=1791 875 916 842 806 635 901 94 807 706 101 61 41 691
is_linear=0
shrinkage=0.05


Tree=117
num_leaves=15
num_cat=0
split_feature=2 27 6 27 23 18 15 27 23 13 13 28 14 27
split_gain=13.7703 47.325 26.8881 16.2275 11.3726 15.5112 15.4499 24.5644 10.8207 8.97857 9.00941 9.91804 9.80307 8.95254
threshold=2.5000000000000004 21.500000000000004 56.000000000000007 16.500000000000004 58.000000000000007 5.6395467559260668 1.8333333333333337 12.500000000000002 71.000000000000014 7.0540322580645176 6.5982072346107445 12.500000000000002 3.416666666666667 18.500000000000004
decision_type=2 10 2 10 2 2 2 10 2 2 2 8 2 10
left_child=1 3 -2 4 9 -6 -7 8 -8 10 11 12 -1 -5
right_child=2 -3 -4 13 5 6 7 -9 -10 -11 -12 -13 -14 -15
leaf_value=-0.0003175661093533529 -0.003739882607067771 0.06788048926474792 -0.071237658808628729 -0.051675044071106679 0.061099331329266232 0.0014774852138208716 0.029810271977826402 0.074207913786882448 -0.018712901547551158 0.036010532267391683 -0.025127544266004595 0.027697569189282758 -0.034544968395493925 -0.0049326992966234684
leaf_weight=426 901 28 14.999999999999998 21 14.999999999999998 190 27 21 20 15.999999999999998 39 30 22 20
leaf_count=426 901 28 15 21 15 190 27 21 20 16 39 30 22 20
internal_value=-0.000560206 0.00392557 -0.0048452 0.00181135 0.00337227 0.0116711 0.00879732 0.0292498 0.00916211 -0.000878332 -0.00201996 -0.000134614 -0.00199838 -0.0288739
internal_weight=1791 875 916 847 806 273 258 68 47 533 517 478 448 41
internal_count=1791 875 916 847 806 273 258 68 47 533 517 478 448 41
is_linear=0
shrinkage=0.05


Tree=118
num_leaves=15
num_cat=1
split_feature=14 6 0 17 17 1 8 16 6 2 16 2 18 28
split_gain=12.5282 18.4845 10.6463 25.3176 37.2491 45.0396 22.4148 18.6206 32.8422 18.824 23.669 17.4807 16.7032 13.0752
threshold=13.833333333333334 44.250000000000007 0 16.583333333333339 11.833333333333334 1.0000000180025095e-35 5.879655172413794 17.583333333333339 11.250000000000002 3.5000000000000004 23.083333333333339 4.5000000000000009 5.9617261904761909 20.500000000000004
decision_type=2 2 1 2 2 2 2 2 2 2 2 2 2 10
left_child=1 2 3 4 -1 -6 -5 8 -8 10 -9 -11 -10 -12
right_child=-2 -3 -4 6 5 -7 7 9 12 11 13 -13 -14 -15
leaf_value=0.0010662001906894148 0.035350054611141483 -0.046564746034246957 -0.0022643663971242882 -0.028952762391418221 0.11945347432047129 0.013340789806097748 -0.017328780815005301 -0.021409055987993877 0.025891015529632567 -0.070711388322524729 0.07057069878586951 -0.0047573394814713135 0.098280308088835547 0.013734647704288365
leaf_weight=48 24 22 1436 54 20 20 20 30 14.999999999999998 15.999999999999998 17 27 17 25
leaf_count=48 24 22 1436 54 20 20 20 30 15 16 17 27 17 25
internal_value=-0.000532196 -0.00101956 -0.000445352 0.00782801 0.0307621 0.0663971 -0.000949902 0.00810492 0.0329337 -0.00312203 0.0125111 -0.0292984 0.0643478 0.0367397
internal_weight=1791 1767 1745 309 88 40 221 167 52 115 72 43 32 42
internal_count=1791 1767 1745 309 88 40 221 167 52 115 72 43 32 42
cat_boundaries=0 1
cat_threshold=1
is_linear=0
shrinkage=0.05


Tree=119
num_leaves=15
num_cat=0
split_feature=2 13 3 27 27 23 5 18 3 3 3 3 3 3
split_gain=11.9393 42.5448 37.1353 12.6921 20.6104 11.5986 15.3047 11.7999 12.1288 11.3335 12.7473 21.1747 14.2848 20.1826
threshold=2.5000000000000004 7.9176307942531858 8.0413595413595438 20.500000000000004 16.500000000000004 37.500000000000007 4.5000000000000009 5.9340247109854962 6.0968750000000007 7.6961538461538472 7.4354166666666677 7.2939814814814827 7.0408333333333344 6.8956442831215972
decision_type=2 2 2 10 10 2 2 2 2 2 2 2 2 2
left_child=1 3 9 4 5 7 -7 8 -1 10 11 12 13 -2
right_child=2 -3 -4 -5 -6 6 -8 -9 -10 -11 -12 -13 -14 -15
leaf_value=-0.0064438035619537263 -0.0041117736473170593 0.084454785054549578 -0.082520921286195523 0.038015046031311311 -0.035872127074334362 0.0043722510728185912 0.045083152118604634 -0.026635732694339821 0.038475755920323235 0.039901233642982946 -0.043391323350369937 0.053970742382807663 -0.036859889188781379 0.044435796895149079
leaf_weight=91 796 15.999999999999998 14.999999999999998 24 36 606 24 60 18 14.999999999999998 20 15.999999999999998 32 22
leaf_count=91 796 16 15 24 36 606 24 60 18 15 20 16 32 22
internal_value=-0.000506218 0.00367069 -0.00449617 0.00216598 0.00113559 0.00280302 0.00592314 -0.0088282 0.000974105 -0.0031972 -0.00392686 -0.00301544 -0.00408812 -0.00280609
internal_weight=1791 875 916 859 835 799 630 169 109 901 886 866 850 818
internal_count=1791 875 916 859 835 799 630 169 109 901 886 866 850 818
is_linear=0
shrinkage=0.05


Tree=120
num_leaves=15
num_cat=0
split_feature=16 13 27 21 24 16 25 16 8 30 16 30 28 17
split_gain=14.354 11.8257 12.2479 11.8284 11.5726 17.865 25.2982 12.7956 11.6339 10.6004 10.0695 17.2772 19.4687 28.2453
threshold=55.083333333333336 7.7138554737238954 28.500000000000004 0.80069756181910645 2.5000000000000004 23.375000000000004 40.500000000000007 22.791666666666668 6.1056618819776727 23.500000000000004 17.583333333333339 10.500000000000002 8.5000000000000018 13.833333333333334
decision_type=2 2 8 2 2 2 10 2 2 2 2 2 10 2
left_child=1 2 3 4 7 10 8 -1 -7 -10 11 -6 -13 -14
right_child=-2 -3 -4 -5 5 6 -8 -9 9 -11 -12 12 13 -15
leaf_value=-0.0063687660454973928 -0.045191226724316094 0.036592193320393561 -0.035741566380728847 -0.030679901130497456 -0.00019069593427945589 -0.020350103853270414 0.078370341824160694 -0.05453174660603205 -0.0010738094544245136 0.051815909901633865 -0.015191066079402724 0.052394506317996907 -0.057398297290007276 0.013249626170026127
leaf_weight=171 17 23 23 29 1074 20 18 14.999999999999998 18 20 83 29 14.999999999999998 249
leaf_count=171 17 23 23 29 1074 20 18 15 18 20 83 29 15 249
internal_value=0.000536126 0.000971138 0.000506691 0.000985559 0.00152195 0.00295715 0.0265875 -0.0102529 0.010517 0.0267629 0.00171859 0.00274529 0.0135072 0.00923554
internal_weight=1804 1787 1764 1741 1712 1526 76 186 58 38 1450 1367 293 264
internal_count=1804 1787 1764 1741 1712 1526 76 186 58 38 1450 1367 293 264
is_linear=0
shrinkage=0.05


Tree=121
num_leaves=15
num_cat=0
split_feature=16 3 28 21 30 5 23 18 30 16 25 3 3 18
split_gain=12.9545 11.7209 22.1676 11.001 9.11304 15.2832 45.0243 10.4307 11.9884 21.5023 20.0312 16.2106 15.7765 32.4308
threshold=55.083333333333336 7.8468750000000007 28.500000000000004 0.80069756181910645 22.500000000000004 2.5000000000000004 68.500000000000014 6.1239890828126127 12.500000000000002 16.416666666666668 78.500000000000014 6.6858552631578956 6.7635233918128668 6.0446879509379512
decision_type=2 2 8 2 2 2 2 2 2 2 8 2 2 2
left_child=1 2 3 4 7 -6 -7 8 9 -1 11 -10 -12 -14
right_child=-2 -3 -4 -5 5 6 -8 -9 10 -11 12 -13 13 -15
leaf_value=0.0016639692254207775 -0.042931667408522445 0.032450696658985367 -0.060120856442178294 -0.03016451585239598 -0.016800170645460879 0.086602663231844262 -0.017052691802382471 -0.0075366171242128455 0.015818614620519311 -0.050632291436195381 0.013940170275640082 -0.048674017153680332 0.10786852051814398 0.009520402447761674
leaf_weight=1141 17 29 14.999999999999998 28 19 22 20 310 19 20 110 20 14.999999999999998 19
leaf_count=1141 17 29 15 28 19 22 20 310 19 20 110 20 15 19
internal_value=0.00050932 0.000922581 0.000402492 0.000923347 0.0014309 0.0204099 0.037243 0.000730955 0.00263791 0.000763086 0.0145323 -0.0172545 0.0231412 0.0529093
internal_weight=1804 1787 1758 1743 1715 61 42 1654 1344 1161 183 39 144 34
internal_count=1804 1787 1758 1743 1715 61 42 1654 1344 1161 183 39 144 34
is_linear=0
shrinkage=0.05


Tree=122
num_leaves=15
num_cat=0
split_feature=4 3 20 19 24 30 13 13 30 15 6 17 8 3
split_gain=11.4282 10.4799 9.89526 11.8224 11.755 13.894 15.6883 28.1115 24.1008 15.344 31.2693 26.554 30.6622 20.6383
threshold=17.500000000000004 7.885135135135136 0.21564455221717552 1.0000000180025095e-35 2.5000000000000004 10.500000000000002 6.5395595916429263 6.4882846087883861 13.500000000000002 1.5833333333333337 11.250000000000002 30.416666666666668 6.0986111111111123 5.8732142857142859
decision_type=2 2 2 2 2 2 2 2 2 2 2 2 2 2
left_child=1 2 3 4 -1 -6 7 9 -8 10 13 12 -11 -7
right_child=-2 -3 -4 -5 5 6 8 -9 -10 11 -12 -13 -14 -15
leaf_value=-0.011141984331353291 -0.042977192799250288 0.035144765048541804 -0.022724736470522155 0.036633460790566778 -0.0011355735208421322 -0.011155890408368346 -0.030007768897157089 0.078884170287185251 0.0087466053788530385 0.025521327955648307 -0.058462074481778675 -0.0029388068243861201 0.1112310806522146 0.034156994121494116
leaf_weight=191 14.999999999999998 22 45 23 1052 47 51 18 188 30 18 34 15.999999999999998 54
leaf_count=191 15 22 45 23 1052 47 51 18 188 30 18 34 16 54
internal_value=0.000483854 0.000848256 0.000421248 0.00102611 0.000544079 0.00202421 0.00931389 0.0190468 0.000476844 0.0136344 0.0022507 0.0305677 0.0553334 0.0130708
internal_weight=1804 1789 1767 1722 1699 1508 456 217 239 199 119 80 46 101
internal_count=1804 1789 1767 1722 1699 1508 456 217 239 199 119 80 46 101
is_linear=0
shrinkage=0.05


Tree=123
num_leaves=15
num_cat=0
split_feature=16 3 28 21 30 16 8 18 18 6 16 2 3 16
split_gain=11.169 10.1358 19.9688 9.3017 7.97562 14.1534 19.6988 9.22195 11.0354 16.1344 16.9515 7.91109 35.8233 15.3971
threshold=55.083333333333336 7.8468750000000007 28.500000000000004 0.80069756181910645 22.500000000000004 28.333333333333339 6.1734949832775934 6.1239890828126127 6.0836868686868693 7.7500000000000009 13.083333333333334 3.5000000000000004 6.7635233918128668 11.583333333333334
decision_type=2 2 8 2 2 2 2 2 2 2 2 2 2 2
left_child=1 2 3 4 7 -6 -7 8 11 -10 -11 -1 13 -13
right_child=-2 -3 -4 -5 5 6 -8 -9 9 10 -12 12 -14 -15
leaf_value=0.0036678130422544719 -0.039876625730710873 0.03016224591189931 -0.057083650852243109 -0.027732047119310928 -0.0062235628415284495 0.0027737987853470262 0.08123327611829155 -0.00710779101249852 0.0016911848897247445 0.074097299158927946 0.0079730163541777681 -0.0051557614800099884 0.065539211823659779 -0.040243752816958092
leaf_weight=904 17 29 14.999999999999998 28 29 15.999999999999998 15.999999999999998 310 56 21 18 293 17 35
leaf_count=904 17 29 15 28 29 16 16 310 56 21 18 293 17 35
internal_value=0.000459661 0.000843387 0.000359742 0.000854091 0.0013208 0.0190759 0.0420035 0.000665991 0.00245905 0.018887 0.0435784 0.00120953 -0.00523189 -0.00889991
internal_weight=1804 1787 1758 1743 1715 61 32 1654 1344 95 39 1249 345 328
internal_count=1804 1787 1758 1743 1715 61 32 1654 1344 95 39 1249 345 328
is_linear=0
shrinkage=0.05


Tree=124
num_leaves=15
num_cat=0
split_feature=16 2 30 17 30 8 6 8 13 8 27 24 15 24
split_gain=10.08 9.38975 39.0354 41.0918 19.7528 19.8915 17.0989 14.0428 28.263 32.3226 11.643 13.028 11.1836 18.6526
threshold=55.083333333333336 3.5000000000000004 25.500000000000004 31.833333333333339 25.500000000000004 6.2936105476673436 9.2500000000000018 5.9364919354838719 6.4882846087883861 5.8190909090909102 14.500000000000002 15.500000000000002 0.83333333333333337 2.5000000000000004
decision_type=2 2 2 2 2 2 2 2 2 2 8 2 2 2
left_child=1 2 7 -4 5 -3 -7 8 -1 -10 11 12 -9 -14
right_child=-2 4 3 -5 -6 6 -8 10 9 -11 -12 -13 13 -15
leaf_value=0.0044710212482244405 -0.037882793738561515 -0.004980260350710251 0.11422648131847382 0.0067226534709334375 -0.04720946698306272 -0.00077897872154911348 0.074716966425379117 -0.0057749354440401295 0.0040619488874012065 0.10307576563209296 -0.02029450252083027 -0.020701287276255836 -0.029807356329491511 0.015172931181296727
leaf_weight=568 17 487 15.999999999999998 20 26 15.000000000000002 14.999999999999998 217 17 15.999999999999998 90 71 26 203
leaf_count=568 17 487 16 20 26 15 15 217 17 16 90 71 26 203
internal_value=0.000436678 0.000801217 0.00319577 0.0545021 -0.00468465 -0.00254607 0.036969 0.00166677 0.00708453 0.0520686 -0.00369744 -0.000808198 0.00235864 0.010066
internal_weight=1804 1787 1244 36 543 517 30 1208 601 33 607 517 446 229
internal_count=1804 1787 1244 36 543 517 30 1208 601 33 607 517 446 229
is_linear=0
shrinkage=0.05


Tree=125
num_leaves=15
num_cat=0
split_feature=27 15 16 15 13 15 16 28 2 5 3 30 30 13
split_gain=7.20845 16.2541 14.0341 18.9896 11.1203 10.7625 15.9732 16.739 10.3765 13.7964 16.4802 14.3784 13.0326 9.55288
threshold=30.500000000000004 4.5833333333333348 35.750000000000007 4.416666666666667 7.3160291006045552 3.8333333333333335 25.083333333333339 18.500000000000004 4.5000000000000009 4.5000000000000009 6.8651515151515161 11.500000000000002 15.500000000000002 6.7923781947219455
decision_type=8 2 2 2 2 2 2 10 2 2 2 2 2 2
left_child=2 -2 4 -4 5 6 -1 -8 9 11 12 -7 -11 -10
right_child=1 -3 3 -5 -6 8 7 -9 13 10 -12 -13 -14 -15
leaf_value=-0.00028961026816673815 -0.0084086185507476329 0.059204077697359025 0.0024940713945972295 -0.070246652250780792 0.032792920961976051 -0.011271520821671738 0.073908172454684951 -0.00078894314666589109 0.0277951648196904 -0.010795505238430841 -0.045946249613342316 -0.069492264837026599 0.04577273298054934 -0.023069748568038145
leaf_weight=1492 20 15.999999999999998 19 17 25 19 15.000000000000002 14.999999999999998 24 28 19 24 15.999999999999998 14.999999999999998
leaf_count=1492 20 16 19 17 25 19 15 15 24 28 19 24 16 15
internal_value=-0.000502848 0.0216415 -0.000964188 -0.0318557 -0.000306922 -0.00080332 0.000436721 0.0365596 -0.0138195 -0.0219327 -0.00702999 -0.0437668 0.00977476 0.00823174
internal_weight=1764 36 1728 36 1692 1667 1522 30 145 106 63 43 44 39
internal_count=1764 36 1728 36 1692 1667 1522 30 145 106 63 43 44 39
is_linear=0
shrinkage=0.05


Tree=126
num_leaves=15
num_cat=0
split_feature=26 25 7 28 17 3 13 3 13 13 18 3 13 13
split_gain=7.06187 17.7157 20.4584 14.6193 12.9402 18.0201 12.34 63.753 12.7427 10.1885 8.23542 33.9238 28.094 39.0183
threshold=13.500000000000002 44.500000000000007 25.500000000000004 9.5000000000000018 36.416666666666679 6.2819293478260878 7.7138554737238954 8.2712418300653621 7.5423251915708818 7.2141341256366731 5.9518338585434183 6.7867965367965377 6.6253632478632491 6.4882846087883861
decision_type=10 8 2 10 2 2 2 2 2 2 2 2 2 2
left_child=1 2 -1 -2 6 -6 8 -8 9 10 11 12 13 -3
right_child=3 4 -4 -5 5 -7 7 -9 -10 -11 -12 -13 -14 -15
leaf_value=0.0091058369549746453 -0.0010847087616077911 0.0011179112537729322 0.078330566510558142 -0.040565555621728755 0.0042790306184221716 -0.069650962064042685 0.10773627986510595 -0.027227204683281128 -0.044995746240601875 0.026523771384464847 -0.0045232023354532629 0.077371481756369279 -0.0663109902245924 0.082621334263434015
leaf_weight=37 81 698 14.999999999999998 33 17 15.999999999999998 14.999999999999998 21 15.999999999999998 35 735 14.999999999999998 14.999999999999998 14.999999999999998
leaf_count=37 81 698 15 33 17 16 15 21 16 35 735 15 15 15
internal_value=-0.000477706 0.000353849 0.0290745 -0.0125134 -0.00058074 -0.0315658 7.2619e-05 0.0290076 -0.000608649 -0.000139255 -0.000770652 0.00294149 0.00140791 0.00283257
internal_weight=1764 1650 52 114 1598 33 1565 36 1529 1513 1478 743 728 713
internal_count=1764 1650 52 114 1598 33 1565 36 1529 1513 1478 743 728 713
is_linear=0
shrinkage=0.05


Tree=127
num_leaves=15
num_cat=0
split_feature=2 27 4 3 3 7 3 3 4 18 18 3 3 27
split_gain=6.62741 56.0583 33.7409 11.3482 18.2072 12.7043 12.4408 17.7749 12.5124 33.6305 35.8025 17.4133 16.2852 8.60952
threshold=2.5000000000000004 25.500000000000004 15.500000000000002 7.2939814814814827 7.0408333333333344 28.500000000000004 6.6371473354231982 6.7728110599078351 2.5000000000000004 6.0607588145411428 5.839817927170869 6.3897569444444455 6.4830069124423968 20.500000000000004
decision_type=2 8 2 2 2 2 2 2 2 2 2 2 2 10
left_child=1 3 13 4 6 -5 8 -8 12 10 -10 -12 -1 -2
right_child=2 -3 -4 5 -6 -7 7 -9 9 -11 11 -13 -14 -15
leaf_value=0.0016297304917319148 -0.00070568145133509505 0.092587267333532092 -0.075400963565334683 0.0048145329251008881 0.045952926880335844 -0.054682620673587451 -0.051961793446949178 -0.0008148966319098766 0.067813515249872586 0.068194684730126312 -0.042951161904881401 0.012954627209378837 -0.046647831181892092 -0.018974003128574363
leaf_weight=591 820 17 15.999999999999998 17 23 19 26 49 15.999999999999998 26 30 26 18 70
leaf_count=591 820 17 16 17 23 19 26 49 16 26 30 26 18 70
internal_value=-0.000453821 0.00269547 -0.00343626 0.000878396 0.00210665 -0.0265867 0.000817055 -0.0185458 0.00287111 0.0194527 0.00185141 -0.0169949 0.000202807 -0.00214252
internal_weight=1764 858 906 841 805 36 782 75 707 98 72 56 609 890
internal_count=1764 858 906 841 805 36 782 75 707 98 72 56 609 890
is_linear=0
shrinkage=0.05


Tree=128
num_leaves=15
num_cat=0
split_feature=26 25 7 28 5 27 14 15 30 23 23 4 18 30
split_gain=6.39038 15.7555 18.567 12.9637 8.22634 14.8674 13.4089 10.9668 20.8436 16.2539 25.8239 16.9981 10.5724 14.91
threshold=13.500000000000002 44.500000000000007 25.500000000000004 9.5000000000000018 8.5000000000000018 30.500000000000004 12.250000000000002 3.8333333333333335 24.500000000000004 68.500000000000014 60.500000000000007 3.5000000000000004 5.9791309837505491 15.500000000000002
decision_type=10 8 2 10 2 10 2 2 2 2 2 2 2 2
left_child=1 2 -1 -2 5 6 7 8 -3 10 12 -11 -9 -14
right_child=3 4 -4 -5 -6 -7 -8 9 -10 11 -12 -13 13 -15
leaf_value=0.0084217921855884639 -0.0011181849802349821 0.00031471233575201666 0.074368873735268917 -0.038296351892252764 -0.026908911502085117 0.036073835579944508 -0.047732943917314218 0.018547791615128519 0.051727176243439324 -0.012195301304260891 0.057813433315604928 -0.076471829507499936 -0.048839603963618479 0.0053527379598976542
leaf_weight=37 81 1379 14.999999999999998 33 29 28 14.999999999999998 18 20 24 14.999999999999998 18 30 22
leaf_count=37 81 1379 15 33 29 28 15 18 20 24 15 18 30 22
internal_value=-0.00043113 0.000359903 0.027445 -0.0118803 -0.000521464 -3.3742e-05 -0.000689817 -0.000227401 0.0010497 -0.0142956 -0.00172195 -0.0397424 -0.0144795 -0.0259121
internal_weight=1764 1650 52 114 1598 1569 1541 1526 1399 127 85 42 70 52
internal_count=1764 1650 52 114 1598 1569 1541 1526 1399 127 85 42 70 52
is_linear=0
shrinkage=0.05


Tree=129
num_leaves=15
num_cat=0
split_feature=2 27 4 3 6 6 3 6 18 17 6 3 5 26
split_gain=5.99262 49.5024 31.0564 9.96121 17.6166 12.497 12.3446 13.9538 38.4153 22.5334 20.8287 13.8896 12.0565 7.61104
threshold=2.5000000000000004 25.500000000000004 15.500000000000002 7.2939814814814827 23.250000000000004 33.750000000000007 6.6371473354231982 8.7500000000000018 6.0535139641196816 28.833333333333339 7.7500000000000009 6.7728110599078351 1.5000000000000002 10.500000000000002
decision_type=2 8 2 2 2 2 2 2 2 2 2 2 2 8
left_child=1 3 13 4 6 -5 7 10 9 -9 -1 -8 -13 -2
right_child=2 -3 -4 5 -6 -7 11 8 -10 -11 -12 12 -14 -15
leaf_value=0.0017371939425432526 0.011954251080963084 0.087057140162762475 -0.072288036625832316 0.0046047187772476012 0.043343611401040108 -0.054313704443888534 -0.051028164330384013 0.030784960449994382 0.078657932714982476 -0.033318131531660376 -0.056049377284944059 0.019510297792462203 -0.029634054909305027 -0.0035359965232049958
leaf_weight=614 88 17 15.999999999999998 18 25 18 23 29 22 26 15.999999999999998 26 24 802
leaf_count=614 88 17 16 18 25 18 23 29 22 26 16 26 24 802
internal_value=-0.000409573 0.0025851 -0.00324559 0.00087758 0.00202833 -0.0248545 0.000704124 0.00272534 0.0228178 0.000481681 0.000269598 -0.0188712 -0.00407899 -0.00200438
internal_weight=1764 858 906 841 805 36 780 707 77 55 630 73 50 890
internal_count=1764 858 906 841 805 36 780 707 77 55 630 73 50 890
is_linear=0
shrinkage=0.05


Tree=130
num_leaves=15
num_cat=0
split_feature=8 6 13 6 13 2 13 23 30 18 18 23 18 13
split_gain=10.2523 12.3467 31.2226 13.3021 18.6163 11.6199 9.07076 9.92616 9.27979 8.75251 8.54496 7.22931 16.7823 12.631
threshold=5.9364919354838719 12.250000000000002 6.5445738397226467 8.2500000000000018 6.5612500000000002 2.5000000000000004 6.1863970588235304 55.500000000000007 8.5000000000000018 5.8371075974249358 5.922048611111113 80.000000000000014 6.4488622656465404 7.3160291006045552
decision_type=2 2 2 2 2 2 2 2 2 2 2 2 2 2
left_child=1 3 -3 4 6 -5 8 -8 -1 -10 -11 12 -2 -13
right_child=11 2 -4 5 -6 -7 7 -9 9 10 -12 13 -14 -15
leaf_value=0.0025946951278396223 -0.0047508189436823662 0.086315066516399364 -0.014095621672458947 -0.0033812403112002047 0.058954137749969965 -0.058866798924282197 0.0025539388383428257 -0.040105136722326282 -0.0041401874493150149 0.067892302572727201 0.016794747238357863 0.00043862127334527349 -0.052286213053096289 0.044444970708144342
leaf_weight=606 816 15.000000000000002 15.999999999999998 23 14.999999999999998 15.999999999999998 30 25 17 14.999999999999998 18 115 19 19
leaf_count=606 816 15 16 23 15 16 30 25 17 15 18 115 19 19
internal_value=-0.000648531 0.00355597 0.0344902 0.00230243 0.00383057 -0.0261445 0.00266763 -0.0168366 0.00430288 0.0250061 0.0400209 -0.00410238 -0.00583246 0.00667833
internal_weight=1765 796 31 765 726 39 711 55 656 50 33 969 835 134
internal_count=1765 796 31 765 726 39 711 55 656 50 33 969 835 134
is_linear=0
shrinkage=0.05


Tree=131
num_leaves=15
num_cat=0
split_feature=8 3 6 30 27 17 24 27 27 16 7 3 25 8
split_gain=9.25274 17.0679 10.1609 12.6404 19.1031 11.5828 10.4852 9.7974 9.77663 8.40177 7.60078 16.3401 10.6968 7.08389
threshold=5.9364919354838719 6.3651515151515161 7.7500000000000009 8.5000000000000018 11.500000000000002 31.416666666666668 14.500000000000002 10.500000000000002 12.500000000000002 4.0833333333333348 14.500000000000002 5.9928571428571438 47.000000000000007 6.452272727272728
decision_type=2 2 2 2 8 2 2 10 10 2 2 2 8 2
left_child=1 2 3 4 9 7 8 -4 -5 10 12 -12 -1 -2
right_child=13 -3 5 6 -6 -7 -8 -9 -10 -11 11 -13 -14 -15
leaf_value=0.023168806398682525 -0.0049358222217574495 0.04403754010796547 -0.010746102879444755 0.03044412444656094 -0.051182013202239487 0.010573001166707591 0.048016013634892614 -0.067893272315462425 -0.0095953124297422279 -0.019045099604963547 0.0059106688622914232 0.050410658933899621 -0.0076712811865696784 0.013700507462231649
leaf_weight=33 915 25 15.000000000000002 30 17 19 26 14.999999999999998 31 42 331 22 190 54
leaf_count=33 915 25 15 30 17 19 26 15 31 42 331 22 190 54
internal_value=-0.000616105 0.00337817 0.00205977 0.00355511 0.00110631 -0.0199735 0.0214286 -0.0393197 0.0100962 0.00254466 0.00411891 0.00868404 -0.0031075 -0.00389727
internal_weight=1765 796 771 722 635 49 87 30 61 618 576 353 223 969
internal_count=1765 796 771 722 635 49 87 30 61 618 576 353 223 969
is_linear=0
shrinkage=0.05


Tree=132
num_leaves=15
num_cat=0
split_feature=3 3 13 13 16 3 2 14 8 16 28 17 3 8
split_gain=8.63801 16.467 15.0353 24.2673 24.1454 11.7417 17.6751 11.6035 10.0343 22.6979 20.1579 13.4569 11.5684 10.8407
threshold=6.4830069124423968 6.5163978494623667 6.5115575396825411 6.6814072090897225 12.79166666666667 6.4311868686868694 2.5000000000000004 4.166666666666667 6.452272727272728 48.500000000000007 26.500000000000004 31.583333333333339 6.5444664031620565 6.0775240384615392
decision_type=2 2 2 2 2 2 2 2 2 2 10 2 2 2
left_child=2 -2 5 4 -4 7 -7 -1 9 10 12 -10 -3 -14
right_child=1 8 3 -5 -6 6 -8 -9 11 -11 -12 -13 13 -15
leaf_value=4.7188422879691262e-05 -0.043120211125190919 0.032060245103720166 0.013389309993209808 -0.010584736643014132 0.095412548016482857 0.06526084403123926 -0.006840291553560425 -0.038349391979863867 -0.0079651757863096213 -0.058571320474147794 0.043689069378056694 0.048703214451670647 -0.024588808300624411 -0.003369042484013185
leaf_weight=1216 29 18 19 27 17 17 17 20 22 20 21 20 83 219
leaf_count=1216 29 18 19 27 17 17 17 20 22 20 21 20 83 219
internal_value=-0.0005853 -0.00672967 0.00140598 0.025248 0.0521225 0.000223262 0.0292103 -0.000574115 -0.004111 -0.00680211 -0.0037658 0.0190198 -0.00688002 -0.00920096
internal_weight=1765 432 1333 63 36 1270 34 1236 403 361 341 42 320 302
internal_count=1765 432 1333 63 36 1270 34 1236 403 361 341 42 320 302
is_linear=0
shrinkage=0.05


Tree=133
num_leaves=15
num_cat=1
split_feature=8 30 27 24 28 30 16 15 8 18 0 16 14 24
split_gain=8.12742 11.1037 32.9681 17.6163 14.6787 6.52129 10.9015 8.70461 8.42253 9.84848 7.12156 14.2353 15.9619 17.2455
threshold=5.9364919354838719 11.500000000000002 13.500000000000002 7.5000000000000009 10.500000000000002 8.5000000000000018 4.0833333333333348 1.5833333333333337 5.8879928315412196 5.8592428420803717 0 -0.20833333333333329 0.83333333333333337 10.500000000000002
decision_type=2 2 10 2 8 2 2 2 2 2 1 2 2 2
left_child=1 4 -3 -4 5 6 10 -8 9 -7 11 -1 13 -13
right_child=-2 2 3 -5 -6 8 7 -9 -10 -11 -12 12 -14 -15
leaf_value=-0.002823575664064791 -0.0036312012527062545 0.069487857422791427 0.03395729509784895 -0.033165371142651723 -0.034738863955458832 -0.023647122096051187 0.00041245137030879652 -0.037368079829179952 0.045998913084009767 0.024934789917811201 -0.00033523399839535933 0.089690198178868752 0.0074690286643229993 0.022675177874043585
leaf_weight=83 969 24 17 23 27 17 30 31 19 27 406 15.999999999999998 52 24
leaf_count=83 969 24 17 23 27 17 30 31 19 27 406 16 52 24
internal_value=-0.000556034 0.00318748 0.023159 -0.00463824 0.00144133 0.00282696 0.00132054 -0.0187875 0.0181781 0.00616451 0.00343171 0.0115312 0.0257352 0.0494812
internal_weight=1765 796 64 40 732 705 642 61 63 44 581 175 92 40
internal_count=1765 796 64 40 732 705 642 61 63 44 581 175 92 40
cat_boundaries=0 1
cat_threshold=2
is_linear=0
shrinkage=0.05


end of trees

feature_importances:
quotazione_iniziale_target=181
fantamedia_lag1=172
bonus_netti_ma3=169
voto_medio_ma3=141
fantamedia_ma3=122
presenze_ma3=118
quotazione_iniziale_n1=104
voto_medio_lag1=100
squadra_punti_finali_n1=94
quotazione_attuale_n1=78
bonus_netti_lag1=76
gol_ma3=74
assist_ma3=71
squadra_posizione_finale_n1=66
presenze_cumulate_carriera_n1=61
gol_lag1=61
presenze_lag1=50
ruolo=43
assist_lag1=36
squadra_nuova_punti_finali_n1=34
squadra_nuova_posizione_finale_n1=10
cambio_squadra=9
xa_totale_ma3=3
minuti_totali_lag1=1
minuti_totali_ma3=1
xg_totale_ma3=1

parameters:
[boosting: gbdt]
[objective: regression]
[metric: l1]
[tree_learner: serial]
[device_type: cpu]
[data_sample_strategy: bagging]
[data: ]
[valid: ]
[num_iterations: 1000]
[learning_rate: 0.05]
[num_leaves: 15]
[num_threads: 0]
[seed: 42]
[deterministic: 0]
[force_col_wise: 0]
[force_row_wise: 0]
[histogram_pool_size: -1]
[max_depth: -1]
[min_data_in_leaf: 15]
[min_sum_hessian_in_leaf: 0.001]
[bagging_fraction: 0.85]
[pos_bagging_fraction: 1]
[neg_bagging_fraction: 1]
[bagging_freq: 5]
[bagging_seed: 400]
[bagging_by_query: 0]
[feature_fraction: 0.85]
[feature_fraction_bynode: 1]
[feature_fraction_seed: 30056]
[extra_trees: 0]
[extra_seed: 12879]
[early_stopping_round: 0]
[early_stopping_min_delta: 0]
[first_metric_only: 0]
[max_delta_step: 0]
[lambda_l1: 0]
[lambda_l2: 0]
[linear_lambda: 0]
[min_gain_to_split: 0]
[drop_rate: 0.1]
[max_drop: 50]
[skip_drop: 0.5]
[xgboost_dart_mode: 0]
[uniform_drop: 0]
[drop_seed: 17869]
[top_rate: 0.2]
[other_rate: 0.1]
[min_data_per_group: 100]
[max_cat_threshold: 32]
[cat_l2: 10]
[cat_smooth: 10]
[max_cat_to_onehot: 4]
[top_k: 20]
[monotone_constraints: ]
[monotone_constraints_method: basic]
[monotone_penalty: 0]
[feature_contri: ]
[forcedsplits_filename: ]
[refit_decay_rate: 0.9]
[cegb_tradeoff: 1]
[cegb_penalty_split: 0]
[cegb_penalty_feature_lazy: ]
[cegb_penalty_feature_coupled: ]
[path_smooth: 0]
[interaction_constraints: ]
[verbosity: -1]
[saved_feature_importance_type: 0]
[use_quantized_grad: 0]
[num_grad_quant_bins: 4]
[quant_train_renew_leaf: 0]
[stochastic_rounding: 1]
[linear_tree: 0]
[max_bin: 255]
[max_bin_by_feature: ]
[min_data_in_bin: 3]
[bin_construct_sample_cnt: 200000]
[data_random_seed: 175]
[is_enable_sparse: 1]
[enable_bundle: 1]
[use_missing: 1]
[zero_as_missing: 0]
[feature_pre_filter: 1]
[pre_partition: 0]
[two_round: 0]
[header: 0]
[label_column: ]
[weight_column: ]
[group_column: ]
[ignore_column: ]
[categorical_feature: 0]
[forcedbins_filename: ]
[precise_float_parser: 0]
[parser_config_file: ]
[objective_seed: 16083]
[num_class: 1]
[is_unbalance: 0]
[scale_pos_weight: 1]
[sigmoid: 1]
[boost_from_average: 1]
[reg_sqrt: 0]
[alpha: 0.9]
[fair_c: 1]
[poisson_max_delta_step: 0.7]
[tweedie_variance_power: 1.5]
[lambdarank_truncation_level: 30]
[lambdarank_norm: 1]
[label_gain: ]
[lambdarank_position_bias_regularization: 0]
[eval_at: ]
[multi_error_top_k: 1]
[auc_mu_weights: ]
[num_machines: 1]
[local_listen_port: 12400]
[time_out: 120]
[machine_list_filename: ]
[machines: ]
[gpu_platform_id: -1]
[gpu_device_id: -1]
[gpu_device_id_list: ]
[gpu_use_dp: 0]
[num_gpu: 1]

end of parameters

pandas_categorical:[["attaccante", "centrocampista", "difensore", "portiere"]]
