stagione,giornata,squadra,punti_pre,vittorie_pre,pareggi_pre,sconfitte_pre,gol_fatti_pre,gol_subiti_pre,diff_reti_pre,posizione_pre
2015-16,1,Roma,0,0,0,0,0,0,0,1
2015-16,1,Sampdoria,0,0,0,0,0,0,0,2
2015-16,1,Inter,0,0,0,0,0,0,0,3
2015-16,1,Bologna,0,0,0,0,0,0,0,4
2015-16,1,Genoa,0,0,0,0,0,0,0,5
2015-16,1,Fiorentina,0,0,0,0,0,0,0,6
2015-16,1,Juventus,0,0,0,0,0,0,0,7
2015-16,1,Chievo,0,0,0,0,0,0,0,8
2015-16,1,Atalanta,0,0,0,0,0,0,0,9
2015-16,1,Udinese,0,0,0,0,0,0,0,10
2015-16,1,Napoli,0,0,0,0,0,0,0,11
2015-16,1,Lazio,0,0,0,0,0,0,0,12
2015-16,1,Empoli,0,0,0,0,0,0,0,13
2015-16,1,Frosinone,0,0,0,0,0,0,0,14
2015-16,1,Verona,0,0,0,0,0,0,0,15
2015-16,1,Palermo,0,0,0,0,0,0,0,16
2015-16,1,Sassuolo,0,0,0,0,0,0,0,17
2015-16,1,Milan,0,0,0,0,0,0,0,18
2015-16,1,Torino,0,0,0,0,0,0,0,19
2015-16,1,Carpi,0,0,0,0,0,0,0,20
2015-16,2,Sampdoria,3,1,0,0,5.0,2.0,3.0,1
2015-16,2,Chievo,3,1,0,0,3.0,1.0,2.0,2
2015-16,2,Fiorentina,3,1,0,0,2.0,0.0,2.0,3
2015-16,2,Lazio,3,1,0,0,2.0,1.0,1.0,4
2015-16,2,Sassuolo,3,1,0,0,2.0,1.0,1.0,5
2015-16,2,Torino,3,1,0,0,2.0,1.0,1.0,6
2015-16,2,Inter,3,1,0,0,1.0,0.0,1.0,7
2015-16,2,Udinese,3,1,0,0,1.0,0.0,1.0,8
2015-16,2,Palermo,3,1,0,0,1.0,0.0,1.0,9
2015-16,2,Roma,1,0,1,0,1.0,1.0,0.0,10
2015-16,2,Verona,1,0,1,0,1.0,1.0,0.0,11
2015-16,2,Bologna,0,0,0,1,1.0,2.0,-1.0,12
2015-16,2,Napoli,0,0,0,1,1.0,2.0,-1.0,13
2015-16,2,Frosinone,0,0,0,1,1.0,2.0,-1.0,14
2015-16,2,Genoa,0,0,0,1,0.0,1.0,-1.0,15
2015-16,2,Juventus,0,0,0,1,0.0,1.0,-1.0,16
2015-16,2,Atalanta,0,0,0,1,0.0,1.0,-1.0,17
2015-16,2,Empoli,0,0,0,1,1.0,3.0,-2.0,18
2015-16,2,Milan,0,0,0,1,0.0,2.0,-2.0,19
2015-16,2,Carpi,0,0,0,1,2.0,5.0,-3.0,20
2015-16,3,Chievo,6,2,0,0,7.0,1.0,6.0,1
2015-16,3,Torino,6,2,0,0,5.0,2.0,3.0,2
2015-16,3,Inter,6,2,0,0,3.0,1.0,2.0,3
2015-16,3,Sassuolo,6,2,0,0,3.0,1.0,2.0,4
2015-16,3,Palermo,6,2,0,0,2.0,0.0,2.0,5
2015-16,3,Sampdoria,4,1,1,0,7.0,4.0,3.0,6
2015-16,3,Roma,4,1,1,0,3.0,2.0,1.0,7
2015-16,3,Genoa,3,1,0,1,2.0,1.0,1.0,8
2015-16,3,Atalanta,3,1,0,1,2.0,1.0,1.0,9
2015-16,3,Fiorentina,3,1,0,1,3.0,3.0,0.0,10
2015-16,3,Udinese,3,1,0,1,1.0,1.0,0.0,11
2015-16,3,Milan,3,1,0,1,2.0,3.0,-1.0,12
2015-16,3,Lazio,3,1,0,1,2.0,5.0,-3.0,13
2015-16,3,Napoli,1,0,1,1,3.0,4.0,-1.0,14
2015-16,3,Verona,1,0,1,1,1.0,3.0,-2.0,15
2015-16,3,Bologna,0,0,0,2,1.0,3.0,-2.0,16
2015-16,3,Juventus,0,0,0,2,1.0,3.0,-2.0,17
2015-16,3,Empoli,0,0,0,2,2.0,5.0,-3.0,18
2015-16,3,Frosinone,0,0,0,2,1.0,4.0,-3.0,19
2015-16,3,Carpi,0,0,0,2,3.0,7.0,-4.0,20
2015-16,4,Inter,9,3,0,0,4.0,1.0,3.0,1
2015-16,4,Chievo,7,2,1,0,8.0,2.0,6.0,2
2015-16,4,Sampdoria,7,2,1,0,9.0,4.0,5.0,3
2015-16,4,Torino,7,2,1,0,7.0,4.0,3.0,4
2015-16,4,Roma,7,2,1,0,5.0,2.0,3.0,5
2015-16,4,Sassuolo,7,2,1,0,5.0,3.0,2.0,6
2015-16,4,Palermo,7,2,1,0,4.0,2.0,2.0,7
2015-16,4,Fiorentina,6,2,0,1,4.0,3.0,1.0,8
2015-16,4,Lazio,6,2,0,1,4.0,5.0,-1.0,9
2015-16,4,Atalanta,4,1,1,1,4.0,3.0,1.0,10
2015-16,4,Genoa,3,1,0,2,2.0,2.0,0.0,11
2015-16,4,Milan,3,1,0,2,2.0,4.0,-2.0,12
2015-16,4,Udinese,3,1,0,2,1.0,3.0,-2.0,13
2015-16,4,Napoli,2,0,2,1,5.0,6.0,-1.0,14
2015-16,4,Verona,2,0,2,1,3.0,5.0,-2.0,15
2015-16,4,Juventus,1,0,1,2,2.0,4.0,-2.0,16
2015-16,4,Empoli,1,0,1,2,4.0,7.0,-3.0,17
2015-16,4,Carpi,1,0,1,2,5.0,9.0,-4.0,18
2015-16,4,Bologna,0,0,0,3,1.0,5.0,-4.0,19
2015-16,4,Frosinone,0,0,0,3,1.0,6.0,-5.0,20
2015-16,5,Inter,12,4,0,0,5.0,1.0,4.0,1
2015-16,5,Torino,10,3,1,0,9.0,4.0,5.0,2
2015-16,5,Fiorentina,9,3,0,1,5.0,3.0,2.0,3
2015-16,5,Roma,8,2,2,0,7.0,4.0,3.0,4
2015-16,5,Sassuolo,8,2,2,0,7.0,5.0,2.0,5
2015-16,5,Chievo,7,2,1,1,8.0,3.0,5.0,6
2015-16,5,Sampdoria,7,2,1,1,9.0,6.0,3.0,7
2015-16,5,Palermo,7,2,1,1,6.0,5.0,1.0,8
2015-16,5,Milan,6,2,0,2,5.0,6.0,-1.0,9
2015-16,5,Lazio,6,2,0,2,4.0,10.0,-6.0,10
2015-16,5,Napoli,5,1,2,1,10.0,6.0,4.0,11
2015-16,5,Atalanta,5,1,2,1,5.0,4.0,1.0,12
2015-16,5,Juventus,4,1,1,2,4.0,4.0,0.0,13
2015-16,5,Empoli,4,1,1,2,6.0,8.0,-2.0,14
2015-16,5,Verona,3,0,3,1,4.0,6.0,-2.0,15
2015-16,5,Genoa,3,1,0,3,2.0,4.0,-2.0,16
2015-16,5,Bologna,3,1,0,3,2.0,5.0,-3.0,17
2015-16,5,Udinese,3,1,0,3,2.0,5.0,-3.0,18
2015-16,5,Carpi,1,0,1,3,5.0,10.0,-5.0,19
2015-16,5,Frosinone,0,0,0,4,1.0,7.0,-6.0,20
2015-16,6,Inter,15,5,0,0,6.0,1.0,5.0,1
2015-16,6,Fiorentina,12,4,0,1,7.0,3.0,4.0,2
2015-16,6,Sassuolo,11,3,2,0,8.0,5.0,3.0,3
2015-16,6,Chievo,10,3,1,1,9.0,3.0,6.0,4
2015-16,6,Sampdoria,10,3,1,1,11.0,7.0,4.0,5
2015-16,6,Torino,10,3,1,1,9.0,5.0,4.0,6
2015-16,6,Milan,9,3,0,2,8.0,8.0,0.0,7
2015-16,6,Lazio,9,3,0,2,6.0,10.0,-4.0,8
2015-16,6,Roma,8,2,2,1,8.0,6.0,2.0,9
2015-16,6,Atalanta,8,2,2,1,6.0,4.0,2.0,10
2015-16,6,Palermo,7,2,1,2,6.0,6.0,0.0,11
2015-16,6,Napoli,6,1,3,1,10.0,6.0,4.0,12
2015-16,6,Juventus,5,1,2,2,5.0,5.0,0.0,13
2015-16,6,Empoli,4,1,1,3,6.0,9.0,-3.0,14
2015-16,6,Verona,3,0,3,2,4.0,7.0,-3.0,15
2015-16,6,Udinese,3,1,0,4,4.0,8.0,-4.0,16
2015-16,6,Genoa,3,1,0,4,2.0,6.0,-4.0,17
2015-16,6,Bologna,3,1,0,4,2.0,7.0,-5.0,18
2015-16,6,Carpi,2,0,2,3,5.0,10.0,-5.0,19
2015-16,6,Frosinone,1,0,1,4,2.0,8.0,-6.0,20
2015-16,7,Fiorentina,15,5,0,1,11.0,4.0,7.0,1
2015-16,7,Inter,15,5,0,1,7.0,5.0,2.0,2
2015-16,7,Torino,13,4,1,1,11.0,6.0,5.0,3
2015-16,7,Sassuolo,12,3,3,0,9.0,6.0,3.0,4
2015-16,7,Lazio,12,4,0,2,8.0,11.0,-3.0,5
2015-16,7,Roma,11,3,2,1,13.0,7.0,6.0,6
2015-16,7,Chievo,11,3,2,1,10.0,4.0,6.0,7
2015-16,7,Atalanta,11,3,2,1,8.0,5.0,3.0,8
2015-16,7,Sampdoria,10,3,1,2,12.0,9.0,3.0,9
2015-16,7,Napoli,9,2,3,1,12.0,7.0,5.0,10
2015-16,7,Milan,9,3,0,3,8.0,9.0,-1.0,11
2015-16,7,Palermo,7,2,1,3,7.0,8.0,-1.0,12
2015-16,7,Udinese,6,2,0,4,6.0,9.0,-3.0,13
2015-16,7,Genoa,6,2,0,4,3.0,6.0,-3.0,14
2015-16,7,Juventus,5,1,2,3,6.0,7.0,-1.0,15
2015-16,7,Frosinone,4,1,1,4,4.0,8.0,-4.0,16
2015-16,7,Empoli,4,1,1,4,6.0,11.0,-5.0,17
2015-16,7,Verona,3,0,3,3,5.0,9.0,-4.0,18
2015-16,7,Bologna,3,1,0,5,3.0,9.0,-6.0,19
2015-16,7,Carpi,2,0,2,4,6.0,15.0,-9.0,20
2015-16,8,Fiorentina,18,6,0,1,14.0,4.0,10.0,1
2015-16,8,Inter,16,5,1,1,8.0,6.0,2.0,2
2015-16,8,Lazio,15,5,0,2,10.0,11.0,-1.0,3
2015-16,8,Roma,14,4,2,1,17.0,9.0,8.0,4
2015-16,8,Torino,13,4,1,2,12.0,8.0,4.0,5
2015-16,8,Napoli,12,3,3,1,16.0,7.0,9.0,6
2015-16,8,Chievo,12,3,3,1,11.0,5.0,6.0,7
2015-16,8,Sassuolo,12,3,3,1,9.0,7.0,2.0,8
2015-16,8,Sampdoria,11,3,2,2,13.0,10.0,3.0,9
2015-16,8,Atalanta,11,3,2,2,8.0,8.0,0.0,10
2015-16,8,Milan,9,3,0,4,8.0,13.0,-5.0,11
2015-16,8,Juventus,8,2,2,3,9.0,8.0,1.0,12
2015-16,8,Palermo,7,2,1,4,9.0,12.0,-3.0,13
2015-16,8,Udinese,7,2,1,4,7.0,10.0,-3.0,14
2015-16,8,Genoa,7,2,1,4,4.0,7.0,-3.0,15
2015-16,8,Empoli,7,2,1,4,7.0,11.0,-4.0,16
2015-16,8,Carpi,5,1,2,4,8.0,16.0,-8.0,17
2015-16,8,Verona,4,0,4,3,6.0,10.0,-4.0,18
2015-16,8,Frosinone,4,1,1,5,4.0,10.0,-6.0,19
2015-16,8,Bologna,3,1,0,6,4.0,12.0,-8.0,20
2015-16,9,Fiorentina,18,6,0,2,15.0,6.0,9.0,1
2015-16,9,Roma,17,5,2,1,20.0,10.0,10.0,2
2015-16,9,Inter,17,5,2,1,8.0,6.0,2.0,3
2015-16,9,Napoli,15,4,3,1,18.0,8.0,10.0,4
2015-16,9,Sassuolo,15,4,3,1,11.0,8.0,3.0,5
2015-16,9,Lazio,15,5,0,3,11.0,13.0,-2.0,6
2015-16,9,Torino,14,4,2,2,13.0,9.0,4.0,7
2015-16,9,Atalanta,14,4,2,2,11.0,8.0,3.0,8
2015-16,9,Chievo,12,3,3,2,13.0,8.0,5.0,9
2015-16,9,Sampdoria,11,3,2,3,13.0,12.0,1.0,10
2015-16,9,Palermo,10,3,1,4,10.0,12.0,-2.0,11
2015-16,9,Genoa,10,3,1,4,7.0,9.0,-2.0,12
2015-16,9,Milan,10,3,1,4,9.0,14.0,-5.0,13
2015-16,9,Juventus,9,2,3,3,9.0,8.0,1.0,14
2015-16,9,Udinese,8,2,2,4,8.0,11.0,-3.0,15
2015-16,9,Frosinone,7,2,1,5,6.0,10.0,-4.0,16
2015-16,9,Empoli,7,2,1,5,8.0,14.0,-6.0,17
2015-16,9,Verona,5,0,5,3,7.0,11.0,-4.0,18
2015-16,9,Carpi,5,1,2,5,8.0,19.0,-11.0,19
2015-16,9,Bologna,3,1,0,7,4.0,13.0,-9.0,20
2015-16,10,Roma,20,6,2,1,22.0,11.0,11.0,1
2015-16,10,Napoli,18,5,3,1,19.0,8.0,11.0,2
2015-16,10,Fiorentina,18,6,0,3,16.0,8.0,8.0,3
2015-16,10,Inter,18,5,3,1,9.0,7.0,2.0,4
2015-16,10,Lazio,18,6,0,3,14.0,13.0,1.0,5
2015-16,10,Sassuolo,15,4,3,2,12.0,10.0,2.0,6
2015-16,10,Sampdoria,14,4,2,3,17.0,13.0,4.0,7
2015-16,10,Torino,14,4,2,3,13.0,12.0,1.0,8
2015-16,10,Atalanta,14,4,2,3,11.0,10.0,1.0,9
2015-16,10,Milan,13,4,1,4,11.0,15.0,-4.0,10
2015-16,10,Chievo,12,3,3,3,13.0,9.0,4.0,11
2015-16,10,Juventus,12,3,3,3,11.0,8.0,3.0,12
2015-16,10,Palermo,11,3,2,4,11.0,13.0,-2.0,13
2015-16,10,Udinese,11,3,2,4,9.0,11.0,-2.0,14
2015-16,10,Empoli,10,3,1,5,10.0,14.0,-4.0,15
2015-16,10,Genoa,10,3,1,5,7.0,11.0,-4.0,16
2015-16,10,Frosinone,7,2,1,6,6.0,11.0,-5.0,17
2015-16,10,Bologna,6,2,0,7,6.0,14.0,-8.0,18
2015-16,10,Verona,5,0,5,4,8.0,15.0,-7.0,19
2015-16,10,Carpi,5,1,2,6,9.0,21.0,-12.0,20
2015-16,11,Roma,23,7,2,1,25.0,12.0,13.0,1
2015-16,11,Napoli,21,6,3,1,21.0,8.0,13.0,2
2015-16,11,Fiorentina,21,7,0,3,18.0,8.0,10.0,3
2015-16,11,Inter,21,6,3,1,10.0,7.0,3.0,4
2015-16,11,Sassuolo,18,5,3,2,13.0,10.0,3.0,5
2015-16,11,Lazio,18,6,0,4,15.0,15.0,0.0,6
2015-16,11,Atalanta,17,5,2,3,13.0,11.0,2.0,7
2015-16,11,Milan,16,5,1,4,12.0,15.0,-3.0,8
2015-16,11,Sampdoria,15,4,3,3,18.0,14.0,4.0,9
2015-16,11,Torino,15,4,3,3,16.0,15.0,1.0,10
2015-16,11,Chievo,12,3,3,4,13.0,10.0,3.0,11
2015-16,11,Juventus,12,3,3,4,11.0,9.0,2.0,12
2015-16,11,Empoli,11,3,2,5,11.0,15.0,-4.0,13
2015-16,11,Palermo,11,3,2,5,11.0,15.0,-4.0,14
2015-16,11,Genoa,11,3,2,5,10.0,14.0,-4.0,15
2015-16,11,Udinese,11,3,2,5,10.0,14.0,-4.0,16
2015-16,11,Frosinone,10,3,1,6,8.0,12.0,-4.0,17
2015-16,11,Bologna,6,2,0,8,6.0,15.0,-9.0,18
2015-16,11,Verona,5,0,5,5,8.0,17.0,-9.0,19
2015-16,11,Carpi,5,1,2,7,10.0,23.0,-13.0,20
2015-16,12,Fiorentina,24,8,0,3,22.0,9.0,13.0,1
2015-16,12,Inter,24,7,3,1,11.0,7.0,4.0,2
2015-16,12,Roma,23,7,2,2,25.0,13.0,12.0,3
2015-16,12,Napoli,22,6,4,1,21.0,8.0,13.0,4
2015-16,12,Sassuolo,19,5,4,2,13.0,10.0,3.0,5
2015-16,12,Milan,19,6,1,4,15.0,16.0,-1.0,6
2015-16,12,Lazio,18,6,0,5,16.0,18.0,-2.0,7
2015-16,12,Atalanta,17,5,2,4,13.0,14.0,-1.0,8
2015-16,12,Sampdoria,16,4,4,3,19.0,15.0,4.0,9
2015-16,12,Juventus,15,4,3,4,13.0,10.0,3.0,10
2015-16,12,Torino,15,4,3,4,17.0,17.0,0.0,11
2015-16,12,Empoli,14,4,2,5,12.0,15.0,-3.0,12
2015-16,12,Chievo,13,3,4,4,14.0,11.0,3.0,13
2015-16,12,Genoa,12,3,3,5,10.0,14.0,-4.0,14
2015-16,12,Udinese,12,3,3,5,10.0,14.0,-4.0,15
2015-16,12,Palermo,11,3,2,6,11.0,16.0,-5.0,16
2015-16,12,Frosinone,10,3,1,7,9.0,16.0,-7.0,17
2015-16,12,Bologna,9,3,0,8,9.0,15.0,-6.0,18
2015-16,12,Verona,6,0,6,5,8.0,17.0,-9.0,19
2015-16,12,Carpi,6,1,3,7,10.0,23.0,-13.0,20
2015-16,13,Fiorentina,27,9,0,3,24.0,9.0,15.0,1
2015-16,13,Inter,27,8,3,1,12.0,7.0,5.0,2
2015-16,13,Roma,26,8,2,2,27.0,13.0,14.0,3
2015-16,13,Napoli,25,7,4,1,22.0,8.0,14.0,4
2015-16,13,Sassuolo,22,6,4,2,14.0,10.0,4.0,5
2015-16,13,Milan,20,6,2,4,15.0,16.0,-1.0,6
2015-16,13,Juventus,18,5,3,4,16.0,11.0,5.0,7
2015-16,13,Atalanta,18,5,3,4,13.0,14.0,-1.0,8
2015-16,13,Lazio,18,6,0,6,16.0,20.0,-4.0,9
2015-16,13,Sampdoria,16,4,4,4,19.0,17.0,2.0,10
2015-16,13,Torino,15,4,3,5,17.0,18.0,-1.0,11
2015-16,13,Palermo,14,4,2,6,12.0,16.0,-4.0,12
2015-16,13,Empoli,14,4,2,6,13.0,18.0,-5.0,13
2015-16,13,Chievo,13,3,4,5,14.0,12.0,2.0,14
2015-16,13,Genoa,13,3,4,5,12.0,16.0,-4.0,15
2015-16,13,Bologna,12,4,0,8,11.0,15.0,-4.0,16
2015-16,13,Udinese,12,3,3,6,10.0,15.0,-5.0,17
2015-16,13,Frosinone,11,3,2,7,11.0,18.0,-7.0,18
2015-16,13,Verona,6,0,6,6,8.0,19.0,-11.0,19
2015-16,13,Carpi,6,1,3,8,10.0,24.0,-14.0,20
2015-16,14,Inter,30,9,3,1,16.0,7.0,9.0,1
2015-16,14,Napoli,28,8,4,1,24.0,8.0,16.0,2
2015-16,14,Fiorentina,28,9,1,3,26.0,11.0,15.0,3
2015-16,14,Roma,27,8,3,2,29.0,15.0,14.0,4
2015-16,14,Sassuolo,22,6,4,3,15.0,12.0,3.0,5
2015-16,14,Juventus,21,6,3,4,17.0,11.0,6.0,6
2015-16,14,Milan,20,6,2,5,15.0,17.0,-2.0,7
2015-16,14,Lazio,19,6,1,6,17.0,21.0,-4.0,8
2015-16,14,Torino,18,5,3,5,18.0,18.0,0.0,9
2015-16,14,Atalanta,18,5,3,5,13.0,15.0,-2.0,10
2015-16,14,Chievo,16,4,4,5,16.0,13.0,3.0,11
2015-16,14,Sampdoria,16,4,4,5,19.0,18.0,1.0,12
2015-16,14,Genoa,16,4,4,5,14.0,17.0,-3.0,13
2015-16,14,Palermo,15,4,3,6,13.0,17.0,-4.0,14
2015-16,14,Udinese,15,4,3,6,11.0,15.0,-4.0,15
2015-16,14,Empoli,15,4,3,6,15.0,20.0,-5.0,16
2015-16,14,Bologna,13,4,1,8,13.0,17.0,-4.0,17
2015-16,14,Frosinone,11,3,2,8,11.0,22.0,-11.0,18
2015-16,14,Verona,6,0,6,7,8.0,21.0,-13.0,19
2015-16,14,Carpi,6,1,3,9,11.0,26.0,-15.0,20
2015-16,15,Napoli,31,9,4,1,26.0,9.0,17.0,1
2015-16,15,Inter,30,9,3,2,17.0,9.0,8.0,2
2015-16,15,Fiorentina,29,9,2,3,27.0,12.0,15.0,3
2015-16,15,Roma,27,8,3,3,29.0,17.0,12.0,4
2015-16,15,Juventus,24,7,3,4,20.0,11.0,9.0,5
2015-16,15,Sassuolo,23,6,5,3,16.0,13.0,3.0,6
2015-16,15,Milan,23,7,2,5,19.0,18.0,1.0,7
2015-16,15,Torino,21,6,3,5,20.0,18.0,2.0,8
2015-16,15,Atalanta,21,6,3,5,15.0,15.0,0.0,9
2015-16,15,Lazio,19,6,1,7,17.0,22.0,-5.0,10
2015-16,15,Udinese,18,5,3,6,14.0,17.0,-3.0,11
2015-16,15,Empoli,18,5,3,6,16.0,20.0,-4.0,12
2015-16,15,Chievo,16,4,4,6,18.0,16.0,2.0,13
2015-16,15,Sampdoria,16,4,4,6,20.0,22.0,-2.0,14
2015-16,15,Genoa,16,4,4,6,15.0,19.0,-4.0,15
2015-16,15,Palermo,15,4,3,7,13.0,20.0,-7.0,16
2015-16,15,Frosinone,14,4,2,8,14.0,24.0,-10.0,17
2015-16,15,Bologna,13,4,1,9,13.0,19.0,-6.0,18
2015-16,15,Carpi,9,2,3,9,13.0,27.0,-14.0,19
2015-16,15,Verona,6,0,6,8,10.0,24.0,-14.0,20
2015-16,16,Inter,33,10,3,2,18.0,9.0,9.0,1
2015-16,16,Fiorentina,32,10,2,3,30.0,12.0,18.0,2
2015-16,16,Napoli,31,9,4,2,28.0,12.0,16.0,3
2015-16,16,Roma,28,8,4,3,30.0,18.0,12.0,4
2015-16,16,Juventus,27,8,3,4,22.0,11.0,11.0,5
2015-16,16,Sassuolo,26,7,5,3,19.0,14.0,5.0,6
2015-16,16,Atalanta,24,7,3,5,18.0,15.0,3.0,7
2015-16,16,Milan,24,7,3,5,19.0,18.0,1.0,8
2015-16,16,Torino,22,6,4,5,21.0,19.0,2.0,9
2015-16,16,Empoli,21,6,3,6,17.0,20.0,-3.0,10
2015-16,16,Chievo,19,5,4,6,20.0,16.0,4.0,11
2015-16,16,Lazio,19,6,1,8,17.0,24.0,-7.0,12
2015-16,16,Udinese,18,5,3,7,14.0,20.0,-6.0,13
2015-16,16,Sampdoria,16,4,4,7,21.0,25.0,-4.0,14
2015-16,16,Bologna,16,5,1,9,16.0,21.0,-5.0,15
2015-16,16,Genoa,16,4,4,7,15.0,20.0,-5.0,16
2015-16,16,Palermo,15,4,3,8,13.0,23.0,-10.0,17
2015-16,16,Frosinone,14,4,2,9,14.0,26.0,-12.0,18
2015-16,16,Carpi,10,2,4,9,13.0,27.0,-14.0,19
2015-16,16,Verona,6,0,6,9,10.0,25.0,-15.0,20
2015-16,17,Inter,36,11,3,2,22.0,9.0,13.0,1
2015-16,17,Fiorentina,32,10,2,4,31.0,15.0,16.0,2
2015-16,17,Napoli,32,9,5,2,28.0,12.0,16.0,3
2015-16,17,Juventus,30,9,3,4,25.0,12.0,13.0,4
2015-16,17,Roma,29,8,5,3,30.0,18.0,12.0,5
2015-16,17,Sassuolo,27,7,6,3,20.0,15.0,5.0,6
2015-16,17,Milan,25,7,4,5,20.0,19.0,1.0,7
2015-16,17,Atalanta,24,7,3,6,18.0,16.0,2.0,8
2015-16,17,Empoli,24,7,3,6,20.0,20.0,0.0,9
2015-16,17,Torino,23,6,5,5,22.0,20.0,2.0,10
2015-16,17,Chievo,22,6,4,6,21.0,16.0,5.0,11
2015-16,17,Lazio,20,6,2,8,18.0,25.0,-7.0,12
2015-16,17,Bologna,19,6,1,9,17.0,21.0,-4.0,13
2015-16,17,Palermo,18,5,3,8,17.0,24.0,-7.0,14
2015-16,17,Udinese,18,5,3,8,14.0,24.0,-10.0,15
2015-16,17,Sampdoria,17,4,5,7,22.0,26.0,-4.0,16
2015-16,17,Genoa,16,4,4,8,15.0,21.0,-6.0,17
2015-16,17,Frosinone,14,4,2,10,15.0,30.0,-15.0,18
2015-16,17,Carpi,10,2,4,10,13.0,30.0,-17.0,19
2015-16,17,Verona,7,0,7,9,11.0,26.0,-15.0,20
2015-16,18,Inter,36,11,3,3,23.0,11.0,12.0,1
2015-16,18,Fiorentina,35,11,2,4,33.0,15.0,18.0,2
2015-16,18,Napoli,35,10,5,2,31.0,13.0,18.0,3
2015-16,18,Juventus,33,10,3,4,28.0,14.0,14.0,4
2015-16,18,Roma,32,9,5,3,32.0,18.0,14.0,5
2015-16,18,Sassuolo,28,7,7,3,21.0,16.0,5.0,6
2015-16,18,Milan,28,8,4,5,24.0,21.0,3.0,7
2015-16,18,Empoli,27,8,3,6,23.0,22.0,1.0,8
2015-16,18,Atalanta,24,7,3,7,19.0,19.0,0.0,9
2015-16,18,Torino,23,6,5,6,22.0,21.0,1.0,10
2015-16,18,Lazio,23,7,2,8,20.0,26.0,-6.0,11
2015-16,18,Chievo,22,6,4,7,21.0,18.0,3.0,12
2015-16,18,Udinese,21,6,3,8,15.0,24.0,-9.0,13
2015-16,18,Sampdoria,20,5,5,7,24.0,26.0,-2.0,14
2015-16,18,Bologna,19,6,1,10,19.0,24.0,-5.0,15
2015-16,18,Palermo,18,5,3,9,17.0,26.0,-9.0,16
2015-16,18,Genoa,16,4,4,9,15.0,23.0,-8.0,17
2015-16,18,Frosinone,14,4,2,11,17.0,34.0,-17.0,18
2015-16,18,Carpi,10,2,4,11,15.0,33.0,-18.0,19
2015-16,18,Verona,8,0,8,9,12.0,27.0,-15.0,20
2015-16,19,Inter,39,12,3,3,24.0,11.0,13.0,1
2015-16,19,Fiorentina,38,12,2,4,36.0,16.0,20.0,2
2015-16,19,Napoli,38,11,5,2,33.0,14.0,19.0,3
2015-16,19,Juventus,36,11,3,4,31.0,14.0,17.0,4
2015-16,19,Roma,33,9,6,3,35.0,21.0,14.0,5
2015-16,19,Sassuolo,29,7,8,3,23.0,18.0,5.0,6
2015-16,19,Milan,28,8,4,6,24.0,22.0,2.0,7
2015-16,19,Empoli,27,8,3,7,23.0,23.0,0.0,8
2015-16,19,Atalanta,24,7,3,8,20.0,21.0,-1.0,9
2015-16,19,Lazio,24,7,3,8,20.0,26.0,-6.0,10
2015-16,19,Udinese,24,7,3,8,17.0,25.0,-8.0,11
2015-16,19,Chievo,23,6,5,7,24.0,21.0,3.0,12
2015-16,19,Torino,23,6,5,7,23.0,23.0,0.0,13
2015-16,19,Sampdoria,23,6,5,7,27.0,28.0,-1.0,14
2015-16,19,Bologna,22,7,1,10,20.0,24.0,-4.0,15
2015-16,19,Palermo,18,5,3,10,18.0,29.0,-11.0,16
2015-16,19,Genoa,16,4,4,10,17.0,26.0,-9.0,17
2015-16,19,Frosinone,15,4,3,11,19.0,36.0,-17.0,18
2015-16,19,Carpi,11,2,5,11,15.0,33.0,-18.0,19
2015-16,19,Verona,8,0,8,10,12.0,30.0,-18.0,20
2015-16,20,Napoli,41,12,5,2,38.0,15.0,23.0,1
2015-16,20,Juventus,39,12,3,4,33.0,15.0,18.0,2
2015-16,20,Inter,39,12,3,4,24.0,12.0,12.0,3
2015-16,20,Fiorentina,38,12,2,5,37.0,19.0,18.0,4
2015-16,20,Roma,34,9,7,3,36.0,22.0,14.0,5
2015-16,20,Sassuolo,32,8,8,3,24.0,18.0,6.0,6
2015-16,20,Empoli,30,9,3,7,24.0,23.0,1.0,7
2015-16,20,Milan,29,8,5,6,25.0,23.0,2.0,8
2015-16,20,Lazio,27,8,3,8,23.0,27.0,-4.0,9
2015-16,20,Chievo,26,7,5,7,25.0,21.0,4.0,10
2015-16,20,Atalanta,24,7,3,9,20.0,23.0,-3.0,11
2015-16,20,Udinese,24,7,3,9,18.0,27.0,-9.0,12
2015-16,20,Torino,23,6,5,8,23.0,24.0,-1.0,13
2015-16,20,Sampdoria,23,6,5,8,28.0,30.0,-2.0,14
2015-16,20,Bologna,22,7,1,11,20.0,25.0,-5.0,15
2015-16,20,Palermo,21,6,3,10,19.0,29.0,-10.0,16
2015-16,20,Genoa,19,5,4,10,19.0,26.0,-7.0,17
2015-16,20,Frosinone,15,4,3,12,20.0,41.0,-21.0,18
2015-16,20,Carpi,14,3,5,11,17.0,34.0,-17.0,19
2015-16,20,Verona,8,0,8,11,12.0,31.0,-19.0,20
2015-16,21,Napoli,44,13,5,2,41.0,16.0,25.0,1
2015-16,21,Juventus,42,13,3,4,37.0,15.0,22.0,2
2015-16,21,Inter,40,12,4,4,25.0,13.0,12.0,3
2015-16,21,Fiorentina,38,12,2,6,37.0,21.0,16.0,4
2015-16,21,Roma,35,9,8,3,37.0,23.0,14.0,5
2015-16,21,Milan,32,9,5,6,27.0,23.0,4.0,6
2015-16,21,Sassuolo,32,8,8,4,25.0,21.0,4.0,7
2015-16,21,Empoli,31,9,4,7,25.0,24.0,1.0,8
2015-16,21,Lazio,28,8,4,8,25.0,29.0,-4.0,9
2015-16,21,Chievo,27,7,6,7,26.0,22.0,4.0,10
2015-16,21,Torino,26,7,5,8,27.0,26.0,1.0,11
2015-16,21,Atalanta,25,7,4,9,21.0,24.0,-3.0,12
2015-16,21,Udinese,24,7,3,10,18.0,31.0,-13.0,13
2015-16,21,Sampdoria,23,6,5,9,29.0,32.0,-3.0,14
2015-16,21,Bologna,23,7,2,11,22.0,27.0,-5.0,15
2015-16,21,Genoa,22,6,4,10,23.0,26.0,-3.0,16
2015-16,21,Palermo,21,6,3,11,19.0,33.0,-14.0,17
2015-16,21,Carpi,17,4,5,11,19.0,35.0,-16.0,18
2015-16,21,Frosinone,15,4,3,13,22.0,45.0,-23.0,19
2015-16,21,Verona,9,0,9,11,13.0,32.0,-19.0,20
2015-16,22,Napoli,47,14,5,2,45.0,18.0,27.0,1
2015-16,22,Juventus,45,14,3,4,38.0,15.0,23.0,2
2015-16,22,Fiorentina,41,13,2,6,39.0,21.0,18.0,3
2015-16,22,Inter,41,12,5,4,26.0,14.0,12.0,4
2015-16,22,Roma,35,9,8,4,37.0,24.0,13.0,5
2015-16,22,Milan,33,9,6,6,29.0,25.0,4.0,6
2015-16,22,Sassuolo,32,8,8,5,25.0,23.0,2.0,7
2015-16,22,Empoli,32,9,5,7,27.0,26.0,1.0,8
2015-16,22,Lazio,31,9,4,8,29.0,30.0,-1.0,9
2015-16,22,Chievo,27,7,6,8,27.0,26.0,1.0,10
2015-16,22,Torino,26,7,5,9,27.0,28.0,-1.0,11
2015-16,22,Bologna,26,8,2,11,24.0,27.0,-3.0,12
2015-16,22,Atalanta,26,7,5,9,21.0,24.0,-3.0,13
2015-16,22,Palermo,24,7,3,11,23.0,34.0,-11.0,14
2015-16,22,Udinese,24,7,3,11,19.0,35.0,-16.0,15
2015-16,22,Genoa,23,6,5,10,24.0,27.0,-3.0,16
2015-16,22,Sampdoria,23,6,5,10,31.0,36.0,-5.0,17
2015-16,22,Carpi,18,4,6,11,20.0,36.0,-16.0,18
2015-16,22,Frosinone,16,4,4,13,22.0,45.0,-23.0,19
2015-16,22,Verona,10,0,10,11,14.0,33.0,-19.0,20
2015-16,23,Napoli,50,15,5,2,50.0,19.0,31.0,1
2015-16,23,Juventus,48,15,3,4,42.0,15.0,27.0,2
2015-16,23,Fiorentina,42,13,3,6,39.0,21.0,18.0,3
2015-16,23,Inter,41,12,5,5,26.0,17.0,9.0,4
2015-16,23,Roma,38,10,8,4,40.0,25.0,15.0,5
2015-16,23,Milan,36,10,6,6,32.0,25.0,7.0,6
2015-16,23,Sassuolo,33,8,9,5,26.0,24.0,2.0,7
2015-16,23,Lazio,32,9,5,8,29.0,30.0,-1.0,8
2015-16,23,Empoli,32,9,5,8,28.0,31.0,-3.0,9
2015-16,23,Bologna,29,9,2,11,27.0,29.0,-2.0,10
2015-16,23,Torino,27,7,6,9,27.0,28.0,-1.0,11
2015-16,23,Chievo,27,7,6,9,27.0,30.0,-3.0,12
2015-16,23,Atalanta,27,7,6,9,22.0,25.0,-3.0,13
2015-16,23,Palermo,25,7,4,11,24.0,35.0,-11.0,14
2015-16,23,Udinese,25,7,4,11,19.0,35.0,-16.0,15
2015-16,23,Genoa,24,6,6,10,24.0,27.0,-3.0,16
2015-16,23,Sampdoria,23,6,5,11,33.0,39.0,-6.0,17
2015-16,23,Carpi,19,4,7,11,21.0,37.0,-16.0,18
2015-16,23,Frosinone,16,4,4,14,23.0,48.0,-25.0,19
2015-16,23,Verona,11,0,11,11,14.0,33.0,-19.0,20
2015-16,24,Napoli,53,16,5,2,52.0,19.0,33.0,1
2015-16,24,Juventus,51,16,3,4,43.0,15.0,28.0,2
2015-16,24,Fiorentina,45,14,3,6,41.0,22.0,19.0,3
2015-16,24,Inter,44,13,5,5,27.0,17.0,10.0,4
2015-16,24,Roma,41,11,8,4,42.0,25.0,17.0,5
2015-16,24,Milan,39,11,6,6,34.0,25.0,9.0,6
2015-16,24,Sassuolo,33,8,9,6,26.0,26.0,0.0,7
2015-16,24,Empoli,33,9,6,8,29.0,32.0,-3.0,8
2015-16,24,Lazio,32,9,5,9,29.0,32.0,-3.0,9
2015-16,24,Bologna,29,9,2,12,27.0,30.0,-3.0,10
2015-16,24,Torino,28,7,7,9,29.0,30.0,-1.0,11
2015-16,24,Chievo,27,7,6,10,27.0,31.0,-4.0,12
2015-16,24,Atalanta,27,7,6,10,23.0,27.0,-4.0,13
2015-16,24,Udinese,26,7,5,11,20.0,36.0,-16.0,14
2015-16,24,Palermo,25,7,4,12,24.0,37.0,-13.0,15
2015-16,24,Genoa,24,6,6,11,24.0,28.0,-4.0,16
2015-16,24,Sampdoria,24,6,6,11,35.0,41.0,-6.0,17
2015-16,24,Carpi,19,4,7,12,22.0,39.0,-17.0,18
2015-16,24,Frosinone,19,5,4,14,24.0,48.0,-24.0,19
2015-16,24,Verona,14,1,11,11,16.0,34.0,-18.0,20
2015-16,25,Napoli,56,17,5,2,53.0,19.0,34.0,1
2015-16,25,Juventus,54,17,3,4,45.0,15.0,30.0,2
2015-16,25,Fiorentina,46,14,4,6,42.0,23.0,19.0,3
2015-16,25,Inter,45,13,6,5,30.0,20.0,10.0,4
2015-16,25,Roma,44,12,8,4,44.0,26.0,18.0,5
2015-16,25,Milan,40,11,7,6,35.0,26.0,9.0,6
2015-16,25,Sassuolo,34,8,10,6,28.0,28.0,0.0,7
2015-16,25,Empoli,34,9,7,8,29.0,32.0,-3.0,8
2015-16,25,Lazio,33,9,6,9,29.0,32.0,-3.0,9
2015-16,25,Chievo,30,8,6,10,29.0,32.0,-3.0,10
2015-16,25,Bologna,30,9,3,12,28.0,31.0,-3.0,11
2015-16,25,Torino,28,7,7,10,30.0,32.0,-2.0,12
2015-16,25,Atalanta,28,7,7,10,23.0,27.0,-4.0,13
2015-16,25,Udinese,27,7,6,11,21.0,37.0,-16.0,14
2015-16,25,Palermo,26,7,5,12,26.0,39.0,-13.0,15
2015-16,25,Genoa,25,6,7,11,24.0,28.0,-4.0,16
2015-16,25,Sampdoria,24,6,6,12,36.0,43.0,-7.0,17
2015-16,25,Carpi,19,4,7,13,22.0,40.0,-18.0,18
2015-16,25,Frosinone,19,5,4,15,24.0,50.0,-26.0,19
2015-16,25,Verona,15,1,12,11,19.0,37.0,-18.0,20
2015-16,26,Juventus,57,18,3,4,46.0,15.0,31.0,1
2015-16,26,Napoli,56,17,5,3,53.0,20.0,33.0,2
2015-16,26,Fiorentina,49,15,4,6,44.0,24.0,20.0,3
2015-16,26,Roma,47,13,8,4,47.0,27.0,20.0,4
2015-16,26,Inter,45,13,6,6,31.0,22.0,9.0,5
2015-16,26,Milan,43,12,7,6,37.0,27.0,10.0,6
2015-16,26,Lazio,36,10,6,9,34.0,34.0,0.0,7
2015-16,26,Sassuolo,35,8,11,6,29.0,29.0,0.0,8
2015-16,26,Empoli,34,9,7,9,30.0,34.0,-4.0,9
2015-16,26,Bologna,33,10,3,12,29.0,31.0,-2.0,10
2015-16,26,Torino,31,8,7,10,33.0,33.0,0.0,11
2015-16,26,Chievo,31,8,7,10,30.0,33.0,-3.0,12
2015-16,26,Atalanta,29,7,8,10,23.0,27.0,-4.0,13
2015-16,26,Udinese,27,7,6,12,21.0,38.0,-17.0,14
2015-16,26,Palermo,26,7,5,13,27.0,42.0,-15.0,15
2015-16,26,Genoa,25,6,7,12,25.0,30.0,-5.0,16
2015-16,26,Sampdoria,25,6,7,12,36.0,43.0,-7.0,17
2015-16,26,Frosinone,22,6,4,15,26.0,51.0,-25.0,18
2015-16,26,Carpi,19,4,7,14,23.0,43.0,-20.0,19
2015-16,26,Verona,15,1,12,12,21.0,42.0,-21.0,20
2015-16,27,Juventus,58,18,4,4,46.0,15.0,31.0,1
2015-16,27,Napoli,57,17,6,3,54.0,21.0,33.0,2
2015-16,27,Fiorentina,52,16,4,6,47.0,26.0,21.0,3
2015-16,27,Roma,50,14,8,4,52.0,27.0,25.0,4
2015-16,27,Inter,48,14,6,6,34.0,23.0,11.0,5
2015-16,27,Milan,44,12,8,6,38.0,28.0,10.0,6
2015-16,27,Sassuolo,38,9,11,6,32.0,31.0,1.0,7
2015-16,27,Lazio,37,10,7,9,34.0,34.0,0.0,8
2015-16,27,Bologna,34,10,4,12,29.0,31.0,-2.0,9
2015-16,27,Empoli,34,9,7,10,32.0,37.0,-5.0,10
2015-16,27,Torino,32,8,8,10,33.0,33.0,0.0,11
2015-16,27,Chievo,31,8,7,11,31.0,36.0,-5.0,12
2015-16,27,Atalanta,29,7,8,11,25.0,30.0,-5.0,13
2015-16,27,Genoa,28,7,7,12,27.0,31.0,-4.0,14
2015-16,27,Udinese,27,7,6,13,22.0,40.0,-18.0,15
2015-16,27,Palermo,26,7,5,14,27.0,47.0,-20.0,16
2015-16,27,Sampdoria,25,6,7,13,37.0,46.0,-9.0,17
2015-16,27,Frosinone,23,6,5,15,26.0,51.0,-25.0,18
2015-16,27,Carpi,20,4,8,14,23.0,43.0,-20.0,19
2015-16,27,Verona,18,2,12,12,24.0,43.0,-19.0,20
2015-16,28,Juventus,61,19,4,4,48.0,15.0,33.0,1
2015-16,28,Napoli,58,17,7,3,55.0,22.0,33.0,2
2015-16,28,Roma,53,15,8,4,55.0,28.0,27.0,3
2015-16,28,Fiorentina,53,16,5,6,48.0,27.0,21.0,4
2015-16,28,Inter,48,14,6,7,34.0,25.0,9.0,5
2015-16,28,Milan,47,13,8,6,39.0,28.0,11.0,6
2015-16,28,Sassuolo,41,10,11,6,34.0,31.0,3.0,7
2015-16,28,Lazio,37,10,7,10,34.0,36.0,-2.0,8
2015-16,28,Bologna,35,10,5,12,29.0,31.0,-2.0,9
2015-16,28,Chievo,34,9,7,11,32.0,36.0,-4.0,10
2015-16,28,Empoli,34,9,7,11,33.0,40.0,-7.0,11
2015-16,28,Torino,32,8,8,11,33.0,34.0,-1.0,12
2015-16,28,Atalanta,30,7,9,11,26.0,31.0,-5.0,13
2015-16,28,Udinese,30,8,6,13,24.0,40.0,-16.0,14
2015-16,28,Genoa,28,7,7,13,27.0,32.0,-5.0,15
2015-16,28,Sampdoria,28,7,7,13,39.0,46.0,-7.0,16
2015-16,28,Palermo,27,7,6,14,27.0,47.0,-20.0,17
2015-16,28,Frosinone,23,6,5,16,26.0,53.0,-27.0,18
2015-16,28,Carpi,21,4,9,14,24.0,44.0,-20.0,19
2015-16,28,Verona,18,2,12,13,24.0,45.0,-21.0,20
2015-16,29,Juventus,64,20,4,4,50.0,15.0,35.0,1
2015-16,29,Napoli,61,18,7,3,58.0,23.0,35.0,2
2015-16,29,Roma,56,16,8,4,59.0,29.0,30.0,3
2015-16,29,Fiorentina,53,16,5,7,49.0,31.0,18.0,4
2015-16,29,Inter,51,15,6,7,37.0,26.0,11.0,5
2015-16,29,Milan,47,13,8,7,39.0,30.0,9.0,6
2015-16,29,Sassuolo,44,11,11,6,36.0,31.0,5.0,7
2015-16,29,Lazio,38,10,8,10,35.0,37.0,-2.0,8
2015-16,29,Bologna,36,10,6,12,29.0,31.0,-2.0,9
2015-16,29,Chievo,34,9,7,12,33.0,39.0,-6.0,10
2015-16,29,Empoli,34,9,7,12,33.0,41.0,-8.0,11
2015-16,29,Torino,33,8,9,11,34.0,35.0,-1.0,12
2015-16,29,Sampdoria,31,8,7,13,42.0,46.0,-4.0,13
2015-16,29,Genoa,31,8,7,13,28.0,32.0,-4.0,14
2015-16,29,Atalanta,30,7,9,12,26.0,33.0,-7.0,15
2015-16,29,Udinese,30,8,6,14,24.0,42.0,-18.0,16
2015-16,29,Palermo,27,7,6,15,28.0,50.0,-22.0,17
2015-16,29,Frosinone,26,7,5,16,28.0,53.0,-25.0,18
2015-16,29,Carpi,22,4,10,14,24.0,44.0,-20.0,19
2015-16,29,Verona,18,2,12,14,24.0,48.0,-24.0,20
2015-16,30,Juventus,67,21,4,4,51.0,15.0,36.0,1
2015-16,30,Napoli,64,19,7,3,59.0,23.0,36.0,2
2015-16,30,Roma,59,17,8,4,61.0,30.0,31.0,3
2015-16,30,Fiorentina,54,16,6,7,50.0,32.0,18.0,4
2015-16,30,Inter,54,16,6,7,39.0,27.0,12.0,5
2015-16,30,Milan,48,13,9,7,39.0,30.0,9.0,6
2015-16,30,Sassuolo,44,11,11,7,36.0,32.0,4.0,7
2015-16,30,Lazio,41,11,8,10,37.0,37.0,0.0,8
2015-16,30,Bologna,36,10,6,13,30.0,33.0,-3.0,9
2015-16,30,Chievo,35,9,8,12,33.0,39.0,-6.0,10
2015-16,30,Empoli,35,9,8,12,34.0,42.0,-8.0,11
2015-16,30,Genoa,34,9,7,13,31.0,34.0,-3.0,12
2015-16,30,Torino,33,8,9,12,36.0,38.0,-2.0,13
2015-16,30,Sampdoria,32,8,8,13,43.0,47.0,-4.0,14
2015-16,30,Atalanta,30,7,9,13,26.0,35.0,-9.0,15
2015-16,30,Udinese,30,8,6,15,25.0,44.0,-19.0,16
2015-16,30,Palermo,27,7,6,16,28.0,51.0,-23.0,17
2015-16,30,Frosinone,26,7,5,17,29.0,55.0,-26.0,18
2015-16,30,Carpi,25,5,10,14,26.0,45.0,-19.0,19
2015-16,30,Verona,19,2,13,14,25.0,49.0,-24.0,20
2015-16,31,Juventus,70,22,4,4,55.0,16.0,39.0,1
2015-16,31,Napoli,67,20,7,3,62.0,24.0,38.0,2
2015-16,31,Roma,60,17,9,4,62.0,31.0,31.0,3
2015-16,31,Fiorentina,55,16,7,7,50.0,32.0,18.0,4
2015-16,31,Inter,55,16,7,7,40.0,28.0,12.0,5
2015-16,31,Milan,49,13,10,7,40.0,31.0,9.0,6
2015-16,31,Sassuolo,45,11,12,7,37.0,33.0,4.0,7
2015-16,31,Lazio,42,11,9,10,38.0,38.0,0.0,8
2015-16,31,Chievo,38,10,8,12,34.0,39.0,-5.0,9
2015-16,31,Bologna,36,10,6,14,30.0,35.0,-5.0,10
2015-16,31,Empoli,36,9,9,12,34.0,42.0,-8.0,11
2015-16,31,Genoa,34,9,7,14,32.0,37.0,-5.0,12
2015-16,31,Torino,33,8,9,13,37.0,42.0,-5.0,13
2015-16,31,Atalanta,33,8,9,13,28.0,35.0,-7.0,14
2015-16,31,Sampdoria,32,8,8,14,43.0,48.0,-5.0,15
2015-16,31,Udinese,31,8,7,15,26.0,45.0,-19.0,16
2015-16,31,Carpi,28,6,10,14,28.0,46.0,-18.0,17
2015-16,31,Palermo,28,7,7,16,28.0,51.0,-23.0,18
2015-16,31,Frosinone,27,7,6,17,29.0,55.0,-26.0,19
2015-16,31,Verona,19,2,13,15,26.0,51.0,-25.0,20
2015-16,32,Juventus,73,23,4,4,56.0,16.0,40.0,1
2015-16,32,Napoli,67,20,7,4,63.0,27.0,36.0,2
2015-16,32,Roma,63,18,9,4,66.0,32.0,34.0,3
2015-16,32,Fiorentina,56,16,8,7,51.0,33.0,18.0,4
2015-16,32,Inter,55,16,7,8,41.0,30.0,11.0,5
2015-16,32,Milan,49,13,10,8,41.0,33.0,8.0,6
2015-16,32,Sassuolo,48,12,12,7,40.0,34.0,6.0,7
2015-16,32,Lazio,42,11,9,11,39.0,42.0,-3.0,8
2015-16,32,Chievo,41,11,8,12,37.0,40.0,-3.0,9
2015-16,32,Genoa,37,10,7,14,36.0,37.0,-1.0,10
2015-16,32,Torino,36,9,9,13,39.0,43.0,-4.0,11
2015-16,32,Bologna,36,10,6,15,30.0,36.0,-6.0,12
2015-16,32,Atalanta,36,9,9,13,30.0,36.0,-6.0,13
2015-16,32,Empoli,36,9,9,13,34.0,43.0,-9.0,14
2015-16,32,Udinese,34,9,7,15,29.0,46.0,-17.0,15
2015-16,32,Sampdoria,33,8,9,14,44.0,49.0,-5.0,16
2015-16,32,Carpi,28,6,10,15,29.0,49.0,-20.0,17
2015-16,32,Palermo,28,7,7,17,29.0,54.0,-25.0,18
2015-16,32,Frosinone,27,7,6,18,29.0,59.0,-30.0,19
2015-16,32,Verona,22,3,13,15,27.0,51.0,-24.0,20
2015-16,33,Juventus,76,24,4,4,58.0,17.0,41.0,1
2015-16,33,Napoli,70,21,7,4,66.0,27.0,39.0,2
2015-16,33,Roma,64,18,10,4,67.0,33.0,34.0,3
2015-16,33,Inter,58,17,7,8,42.0,30.0,12.0,4
2015-16,33,Fiorentina,56,16,8,8,51.0,35.0,16.0,5
2015-16,33,Milan,49,13,10,9,42.0,35.0,7.0,6
2015-16,33,Sassuolo,48,12,12,8,40.0,35.0,5.0,7
2015-16,33,Lazio,45,12,9,11,42.0,42.0,0.0,8
2015-16,33,Chievo,44,12,8,12,38.0,40.0,-2.0,9
2015-16,33,Genoa,40,11,7,14,37.0,37.0,0.0,10
2015-16,33,Torino,39,10,9,13,41.0,44.0,-3.0,11
2015-16,33,Empoli,39,10,9,13,36.0,43.0,-7.0,12
2015-16,33,Bologna,37,10,7,15,31.0,37.0,-6.0,13
2015-16,33,Sampdoria,36,9,9,14,46.0,49.0,-3.0,14
2015-16,33,Atalanta,36,9,9,14,31.0,38.0,-7.0,15
2015-16,33,Udinese,34,9,7,16,29.0,48.0,-19.0,16
2015-16,33,Carpi,28,6,10,16,29.0,50.0,-21.0,17
2015-16,33,Palermo,28,7,7,18,29.0,57.0,-28.0,18
2015-16,33,Frosinone,27,7,6,19,29.0,60.0,-31.0,19
2015-16,33,Verona,22,3,13,16,27.0,54.0,-27.0,20
2015-16,34,Juventus,79,25,4,4,62.0,17.0,45.0,1
2015-16,34,Napoli,70,21,7,5,66.0,29.0,37.0,2
2015-16,34,Roma,65,18,11,4,70.0,36.0,34.0,3
2015-16,34,Inter,61,18,7,8,44.0,30.0,14.0,4
2015-16,34,Fiorentina,59,17,8,8,54.0,36.0,18.0,5
2015-16,34,Milan,52,14,10,9,43.0,35.0,8.0,6
2015-16,34,Sassuolo,48,12,12,9,41.0,38.0,3.0,7
2015-16,34,Lazio,48,13,9,11,44.0,42.0,2.0,8
2015-16,34,Chievo,45,12,9,12,38.0,40.0,-2.0,9
2015-16,34,Torino,42,11,9,13,42.0,44.0,-2.0,10
2015-16,34,Genoa,40,11,7,15,38.0,41.0,-3.0,11
2015-16,34,Empoli,39,10,9,14,36.0,45.0,-9.0,12
2015-16,34,Atalanta,37,9,10,14,34.0,41.0,-7.0,13
2015-16,34,Bologna,37,10,7,16,31.0,38.0,-7.0,14
2015-16,34,Sampdoria,36,9,9,15,46.0,50.0,-4.0,15
2015-16,34,Udinese,35,9,8,16,29.0,48.0,-19.0,16
2015-16,34,Carpi,31,7,10,16,33.0,51.0,-18.0,17
2015-16,34,Frosinone,30,8,6,19,31.0,61.0,-30.0,18
2015-16,34,Palermo,28,7,7,19,29.0,61.0,-32.0,19
2015-16,34,Verona,22,3,13,17,28.0,56.0,-28.0,20
2015-16,35,Juventus,82,26,4,4,65.0,17.0,48.0,1
2015-16,35,Napoli,73,22,7,5,72.0,29.0,43.0,2
2015-16,35,Roma,68,19,11,4,73.0,38.0,35.0,3
2015-16,35,Inter,61,18,7,9,44.0,31.0,13.0,4
2015-16,35,Fiorentina,59,17,8,9,55.0,38.0,17.0,5
2015-16,35,Milan,53,14,11,9,43.0,35.0,8.0,6
2015-16,35,Sassuolo,49,12,13,9,41.0,38.0,3.0,7
2015-16,35,Chievo,48,13,9,12,43.0,41.0,2.0,8
2015-16,35,Lazio,48,13,9,12,44.0,45.0,-1.0,9
2015-16,35,Genoa,43,12,7,15,39.0,41.0,-2.0,10
2015-16,35,Torino,42,11,9,14,44.0,47.0,-3.0,11
2015-16,35,Empoli,42,11,9,14,37.0,45.0,-8.0,12
2015-16,35,Atalanta,38,9,11,14,36.0,43.0,-7.0,13
2015-16,35,Udinese,38,10,8,16,31.0,49.0,-18.0,14
2015-16,35,Sampdoria,37,9,10,15,46.0,50.0,-4.0,15
2015-16,35,Bologna,37,10,7,17,31.0,44.0,-13.0,16
2015-16,35,Carpi,32,7,11,16,33.0,51.0,-18.0,17
2015-16,35,Frosinone,30,8,6,20,32.0,66.0,-34.0,18
2015-16,35,Palermo,29,7,8,19,31.0,63.0,-32.0,19
2015-16,35,Verona,22,3,13,18,28.0,57.0,-29.0,20
2015-16,36,Juventus,85,27,4,4,67.0,18.0,49.0,1
2015-16,36,Napoli,73,22,7,6,72.0,30.0,42.0,2
2015-16,36,Roma,71,20,11,4,74.0,38.0,36.0,3
2015-16,36,Inter,64,19,7,9,47.0,32.0,15.0,4
2015-16,36,Fiorentina,59,17,8,10,56.0,40.0,16.0,5
2015-16,36,Milan,53,14,11,10,44.0,37.0,7.0,6
2015-16,36,Sassuolo,52,13,13,9,44.0,39.0,5.0,7
2015-16,36,Chievo,48,13,9,13,43.0,42.0,1.0,8
2015-16,36,Lazio,48,13,9,13,45.0,47.0,-2.0,9
2015-16,36,Genoa,43,12,7,16,39.0,43.0,-4.0,10
2015-16,36,Torino,42,11,9,15,45.0,50.0,-5.0,11
2015-16,36,Empoli,42,11,9,15,37.0,46.0,-9.0,12
2015-16,36,Atalanta,41,10,11,14,37.0,43.0,-6.0,13
2015-16,36,Sampdoria,40,10,10,15,48.0,51.0,-3.0,14
2015-16,36,Bologna,40,11,7,17,33.0,44.0,-11.0,15
2015-16,36,Udinese,38,10,8,17,32.0,52.0,-20.0,16
2015-16,36,Carpi,35,8,11,16,34.0,51.0,-17.0,17
2015-16,36,Palermo,32,8,8,19,33.0,63.0,-30.0,18
2015-16,36,Frosinone,30,8,6,21,32.0,68.0,-36.0,19
2015-16,36,Verona,25,4,13,18,30.0,58.0,-28.0,20
2015-16,37,Juventus,88,28,4,4,69.0,18.0,51.0,1
2015-16,37,Napoli,76,23,7,6,74.0,31.0,43.0,2
2015-16,37,Roma,74,21,11,4,77.0,40.0,37.0,3
2015-16,37,Inter,64,19,7,10,47.0,34.0,13.0,4
2015-16,37,Fiorentina,60,17,9,10,56.0,40.0,16.0,5
2015-16,37,Sassuolo,55,14,13,9,45.0,39.0,6.0,6
2015-16,37,Milan,54,14,12,10,47.0,40.0,7.0,7
2015-16,37,Lazio,51,14,9,13,47.0,47.0,0.0,8
2015-16,37,Chievo,49,13,10,13,43.0,42.0,1.0,9
2015-16,37,Torino,45,12,9,15,50.0,51.0,-1.0,10
2015-16,37,Genoa,43,12,7,17,41.0,46.0,-5.0,11
2015-16,37,Empoli,43,11,10,15,37.0,46.0,-9.0,12
2015-16,37,Atalanta,41,10,11,15,38.0,45.0,-7.0,13
2015-16,37,Bologna,41,11,8,17,33.0,44.0,-11.0,14
2015-16,37,Sampdoria,40,10,10,16,48.0,53.0,-5.0,15
2015-16,37,Udinese,38,10,8,18,33.0,57.0,-24.0,16
2015-16,37,Carpi,35,8,11,17,34.0,53.0,-19.0,17
2015-16,37,Palermo,35,9,8,19,35.0,63.0,-28.0,18
2015-16,37,Frosinone,31,8,7,21,35.0,71.0,-36.0,19
2015-16,37,Verona,25,4,13,19,30.0,59.0,-29.0,20
2015-16,38,Juventus,88,28,4,5,70.0,20.0,50.0,1
2015-16,38,Napoli,79,24,7,6,76.0,32.0,44.0,2
2015-16,38,Roma,77,22,11,4,80.0,40.0,40.0,3
2015-16,38,Inter,67,20,7,10,49.0,35.0,14.0,4
2015-16,38,Fiorentina,61,17,10,10,56.0,40.0,16.0,5
2015-16,38,Sassuolo,58,15,13,9,46.0,39.0,7.0,6
2015-16,38,Milan,57,15,12,10,48.0,40.0,8.0,7
2015-16,38,Lazio,54,15,9,13,50.0,48.0,2.0,8
2015-16,38,Chievo,49,13,10,14,43.0,45.0,-2.0,9
2015-16,38,Genoa,46,13,7,17,44.0,46.0,-2.0,10
2015-16,38,Torino,45,12,9,16,51.0,53.0,-2.0,11
2015-16,38,Empoli,43,11,10,16,38.0,48.0,-10.0,12
2015-16,38,Atalanta,42,10,12,15,39.0,46.0,-7.0,13
2015-16,38,Bologna,41,11,8,18,33.0,45.0,-12.0,14
2015-16,38,Sampdoria,40,10,10,17,48.0,56.0,-8.0,15
2015-16,38,Udinese,39,10,9,18,34.0,58.0,-24.0,16
2015-16,38,Palermo,36,9,9,19,35.0,63.0,-28.0,17
2015-16,38,Carpi,35,8,11,18,35.0,56.0,-21.0,18
2015-16,38,Frosinone,31,8,7,22,35.0,72.0,-37.0,19
2015-16,38,Verona,28,5,13,19,32.0,60.0,-28.0,20
2016-17,1,Roma,0,0,0,0,0,0,0,1
2016-17,1,Sampdoria,0,0,0,0,0,0,0,2
2016-17,1,Inter,0,0,0,0,0,0,0,3
2016-17,1,Bologna,0,0,0,0,0,0,0,4
2016-17,1,Genoa,0,0,0,0,0,0,0,5
2016-17,1,Fiorentina,0,0,0,0,0,0,0,6
2016-17,1,Juventus,0,0,0,0,0,0,0,7
2016-17,1,Chievo,0,0,0,0,0,0,0,8
2016-17,1,Atalanta,0,0,0,0,0,0,0,9
2016-17,1,Udinese,0,0,0,0,0,0,0,10
2016-17,1,Napoli,0,0,0,0,0,0,0,11
2016-17,1,Lazio,0,0,0,0,0,0,0,12
2016-17,1,Empoli,0,0,0,0,0,0,0,13
2016-17,1,Palermo,0,0,0,0,0,0,0,14
2016-17,1,Sassuolo,0,0,0,0,0,0,0,15
2016-17,1,Crotone,0,0,0,0,0,0,0,16
2016-17,1,Milan,0,0,0,0,0,0,0,17
2016-17,1,Pescara,0,0,0,0,0,0,0,18
2016-17,1,Torino,0,0,0,0,0,0,0,19
2016-17,1,Cagliari,0,0,0,0,0,0,0,20
2016-17,2,Roma,3,1,0,0,4.0,0.0,4.0,1
2016-17,2,Genoa,3,1,0,0,3.0,1.0,2.0,2
2016-17,2,Chievo,3,1,0,0,2.0,0.0,2.0,3
2016-17,2,Lazio,3,1,0,0,4.0,3.0,1.0,4
2016-17,2,Milan,3,1,0,0,3.0,2.0,1.0,5
2016-17,2,Juventus,3,1,0,0,2.0,1.0,1.0,6
2016-17,2,Sampdoria,3,1,0,0,1.0,0.0,1.0,7
2016-17,2,Bologna,3,1,0,0,1.0,0.0,1.0,8
2016-17,2,Sassuolo,3,1,0,0,1.0,0.0,1.0,9
2016-17,2,Napoli,1,0,1,0,2.0,2.0,0.0,10
2016-17,2,Pescara,1,0,1,0,2.0,2.0,0.0,11
2016-17,2,Atalanta,0,0,0,1,3.0,4.0,-1.0,12
2016-17,2,Torino,0,0,0,1,2.0,3.0,-1.0,13
2016-17,2,Fiorentina,0,0,0,1,1.0,2.0,-1.0,14
2016-17,2,Empoli,0,0,0,1,0.0,1.0,-1.0,15
2016-17,2,Palermo,0,0,0,1,0.0,1.0,-1.0,16
2016-17,2,Crotone,0,0,0,1,0.0,1.0,-1.0,17
2016-17,2,Cagliari,0,0,0,1,1.0,3.0,-2.0,18
2016-17,2,Inter,0,0,0,1,0.0,2.0,-2.0,19
2016-17,2,Udinese,0,0,0,1,0.0,4.0,-4.0,20
2016-17,3,Genoa,6,2,0,0,6.0,2.0,4.0,1
2016-17,3,Sampdoria,6,2,0,0,3.0,1.0,2.0,2
2016-17,3,Juventus,6,2,0,0,3.0,1.0,2.0,3
2016-17,3,Sassuolo,6,2,0,0,3.0,1.0,2.0,4
2016-17,3,Roma,4,1,1,0,6.0,2.0,4.0,5
2016-17,3,Napoli,4,1,1,0,6.0,4.0,2.0,6
2016-17,3,Torino,3,1,0,1,7.0,4.0,3.0,7
2016-17,3,Chievo,3,1,0,1,2.0,1.0,1.0,8
2016-17,3,Lazio,3,1,0,1,4.0,4.0,0.0,9
2016-17,3,Fiorentina,3,1,0,1,2.0,2.0,0.0,10
2016-17,3,Milan,3,1,0,1,5.0,6.0,-1.0,11
2016-17,3,Udinese,3,1,0,1,2.0,4.0,-2.0,12
2016-17,3,Bologna,3,1,0,1,2.0,5.0,-3.0,13
2016-17,3,Pescara,1,0,1,1,3.0,4.0,-1.0,14
2016-17,3,Palermo,1,0,1,1,1.0,2.0,-1.0,15
2016-17,3,Cagliari,1,0,1,1,3.0,5.0,-2.0,16
2016-17,3,Inter,1,0,1,1,1.0,3.0,-2.0,17
2016-17,3,Atalanta,0,0,0,2,4.0,6.0,-2.0,18
2016-17,3,Crotone,0,0,0,2,1.0,4.0,-3.0,19
2016-17,3,Empoli,0,0,0,2,0.0,3.0,-3.0,20
2016-17,4,Genoa,9,3,0,0,7.0,2.0,5.0,1
2016-17,4,Juventus,9,3,0,0,6.0,2.0,4.0,2
2016-17,4,Roma,7,2,1,0,9.0,4.0,5.0,3
2016-17,4,Napoli,7,2,1,0,9.0,4.0,5.0,4
2016-17,4,Sampdoria,6,2,0,1,5.0,4.0,1.0,5
2016-17,4,Sassuolo,6,2,0,1,4.0,4.0,0.0,6
2016-17,4,Udinese,6,2,0,1,3.0,4.0,-1.0,7
2016-17,4,Bologna,6,2,0,1,4.0,6.0,-2.0,8
2016-17,4,Chievo,4,1,1,1,3.0,2.0,1.0,9
2016-17,4,Lazio,4,1,1,1,5.0,5.0,0.0,10
2016-17,4,Inter,4,1,1,1,3.0,4.0,-1.0,11
2016-17,4,Torino,3,1,0,2,8.0,6.0,2.0,12
2016-17,4,Atalanta,3,1,0,2,6.0,7.0,-1.0,13
2016-17,4,Fiorentina,3,1,0,2,2.0,3.0,-1.0,14
2016-17,4,Milan,3,1,0,2,5.0,7.0,-2.0,15
2016-17,4,Empoli,3,1,0,2,2.0,4.0,-2.0,16
2016-17,4,Pescara,1,0,1,2,4.0,6.0,-2.0,17
2016-17,4,Cagliari,1,0,1,2,4.0,7.0,-3.0,18
2016-17,4,Palermo,1,0,1,2,1.0,5.0,-4.0,19
2016-17,4,Crotone,0,0,0,3,2.0,6.0,-4.0,20
2016-17,5,Napoli,10,3,1,0,12.0,5.0,7.0,1
2016-17,5,Genoa,9,3,0,1,7.0,4.0,3.0,2
2016-17,5,Juventus,9,3,0,1,7.0,4.0,3.0,3
2016-17,5,Sassuolo,9,3,0,1,6.0,4.0,2.0,4
2016-17,5,Roma,7,2,1,1,9.0,5.0,4.0,5
2016-17,5,Lazio,7,2,1,1,8.0,5.0,3.0,6
2016-17,5,Chievo,7,2,1,1,5.0,3.0,2.0,7
2016-17,5,Inter,7,2,1,1,5.0,5.0,0.0,8
2016-17,5,Sampdoria,6,2,0,2,5.0,5.0,0.0,9
2016-17,5,Fiorentina,6,2,0,2,3.0,3.0,0.0,10
2016-17,5,Milan,6,2,0,2,6.0,7.0,-1.0,11
2016-17,5,Udinese,6,2,0,2,4.0,6.0,-2.0,12
2016-17,5,Bologna,6,2,0,2,5.0,9.0,-4.0,13
2016-17,5,Torino,4,1,1,2,8.0,6.0,2.0,14
2016-17,5,Cagliari,4,1,1,2,7.0,7.0,0.0,15
2016-17,5,Empoli,4,1,1,2,2.0,4.0,-2.0,16
2016-17,5,Atalanta,3,1,0,3,6.0,10.0,-4.0,17
2016-17,5,Palermo,2,0,2,2,2.0,6.0,-4.0,18
2016-17,5,Crotone,1,0,1,3,3.0,7.0,-4.0,19
2016-17,5,Pescara,1,0,1,3,4.0,9.0,-5.0,20
2016-17,6,Juventus,12,4,0,1,11.0,4.0,7.0,1
2016-17,6,Napoli,11,3,2,0,12.0,5.0,7.0,2
2016-17,6,Roma,10,3,1,1,13.0,5.0,8.0,3
2016-17,6,Genoa,10,3,1,1,7.0,4.0,3.0,4
2016-17,6,Chievo,10,3,1,1,7.0,4.0,3.0,5
2016-17,6,Inter,10,3,1,1,7.0,5.0,2.0,6
2016-17,6,Milan,9,3,0,2,8.0,7.0,1.0,7
2016-17,6,Sassuolo,9,3,0,2,7.0,6.0,1.0,8
2016-17,6,Bologna,9,3,0,2,7.0,9.0,-2.0,9
2016-17,6,Lazio,7,2,1,2,8.0,7.0,1.0,10
2016-17,6,Fiorentina,7,2,1,2,5.0,5.0,0.0,11
2016-17,6,Udinese,7,2,1,2,6.0,8.0,-2.0,12
2016-17,6,Sampdoria,6,2,0,3,5.0,7.0,-2.0,13
2016-17,6,Torino,5,1,2,2,8.0,6.0,2.0,14
2016-17,6,Palermo,5,1,2,2,3.0,6.0,-3.0,15
2016-17,6,Cagliari,4,1,1,3,7.0,11.0,-4.0,16
2016-17,6,Empoli,4,1,1,3,2.0,6.0,-4.0,17
2016-17,6,Atalanta,3,1,0,4,6.0,11.0,-5.0,18
2016-17,6,Pescara,2,0,2,3,4.0,9.0,-5.0,19
2016-17,6,Crotone,1,0,1,4,3.0,11.0,-8.0,20
2016-17,7,Juventus,15,5,0,1,12.0,4.0,8.0,1
2016-17,7,Napoli,14,4,2,0,14.0,5.0,9.0,2
2016-17,7,Sassuolo,12,4,0,2,8.0,6.0,2.0,3
2016-17,7,Genoa,11,3,2,1,8.0,5.0,3.0,4
2016-17,7,Inter,11,3,2,1,8.0,6.0,2.0,5
2016-17,7,Roma,10,3,1,2,14.0,8.0,6.0,6
2016-17,7,Lazio,10,3,1,2,10.0,7.0,3.0,7
2016-17,7,Milan,10,3,1,2,8.0,7.0,1.0,8
2016-17,7,Chievo,10,3,1,2,7.0,6.0,1.0,9
2016-17,7,Bologna,10,3,1,2,8.0,10.0,-2.0,10
2016-17,7,Torino,8,2,2,2,11.0,7.0,4.0,11
2016-17,7,Fiorentina,8,2,2,2,5.0,5.0,0.0,12
2016-17,7,Cagliari,7,2,1,3,9.0,12.0,-3.0,13
2016-17,7,Udinese,7,2,1,3,6.0,9.0,-3.0,14
2016-17,7,Atalanta,6,2,0,4,9.0,12.0,-3.0,15
2016-17,7,Sampdoria,6,2,0,4,6.0,9.0,-3.0,16
2016-17,7,Palermo,5,1,2,3,3.0,7.0,-4.0,17
2016-17,7,Empoli,4,1,1,4,2.0,8.0,-6.0,18
2016-17,7,Pescara,3,0,3,3,5.0,10.0,-5.0,19
2016-17,7,Crotone,1,0,1,5,4.0,14.0,-10.0,20
2016-17,8,Juventus,18,6,0,1,15.0,4.0,11.0,1
2016-17,8,Napoli,14,4,2,1,14.0,6.0,8.0,2
2016-17,8,Genoa,14,4,2,1,9.0,5.0,4.0,3
2016-17,8,Roma,13,4,1,2,16.0,9.0,7.0,4
2016-17,8,Lazio,13,4,1,2,13.0,7.0,6.0,5
2016-17,8,Chievo,13,4,1,2,9.0,6.0,3.0,6
2016-17,8,Milan,13,4,1,2,12.0,10.0,2.0,7
2016-17,8,Sassuolo,12,4,0,3,11.0,10.0,1.0,8
2016-17,8,Torino,11,3,2,2,13.0,8.0,5.0,9
2016-17,8,Inter,11,3,2,2,9.0,8.0,1.0,10
2016-17,8,Cagliari,10,3,1,3,11.0,13.0,-2.0,11
2016-17,8,Bologna,10,3,1,3,8.0,11.0,-3.0,12
2016-17,8,Atalanta,9,3,0,4,10.0,12.0,-2.0,13
2016-17,8,Fiorentina,8,2,2,3,6.0,7.0,-1.0,14
2016-17,8,Sampdoria,7,2,1,4,7.0,10.0,-3.0,15
2016-17,8,Udinese,7,2,1,4,6.0,12.0,-6.0,16
2016-17,8,Palermo,6,1,3,3,4.0,8.0,-4.0,17
2016-17,8,Empoli,4,1,1,5,2.0,11.0,-9.0,18
2016-17,8,Pescara,3,0,3,4,5.0,12.0,-7.0,19
2016-17,8,Crotone,1,0,1,6,5.0,16.0,-11.0,20
2016-17,9,Juventus,21,7,0,1,17.0,5.0,12.0,1
2016-17,9,Roma,16,5,1,2,19.0,10.0,9.0,2
2016-17,9,Milan,16,5,1,2,15.0,11.0,4.0,3
2016-17,9,Genoa,15,4,3,1,9.0,5.0,4.0,4
2016-17,9,Sassuolo,15,5,0,3,13.0,11.0,2.0,5
2016-17,9,Torino,14,4,2,2,17.0,9.0,8.0,6
2016-17,9,Napoli,14,4,2,2,15.0,9.0,6.0,7
2016-17,9,Lazio,14,4,2,2,14.0,8.0,6.0,8
2016-17,9,Chievo,13,4,1,3,10.0,9.0,1.0,9
2016-17,9,Cagliari,13,4,1,3,13.0,14.0,-1.0,10
2016-17,9,Inter,11,3,2,3,10.0,10.0,0.0,11
2016-17,9,Bologna,11,3,2,3,9.0,12.0,-3.0,12
2016-17,9,Atalanta,10,3,1,4,10.0,12.0,-2.0,13
2016-17,9,Fiorentina,9,2,3,3,6.0,7.0,-1.0,14
2016-17,9,Sampdoria,8,2,2,4,8.0,11.0,-3.0,15
2016-17,9,Udinese,7,2,1,5,7.0,14.0,-7.0,16
2016-17,9,Palermo,6,1,3,4,5.0,12.0,-7.0,17
2016-17,9,Empoli,5,1,2,5,2.0,11.0,-9.0,18
2016-17,9,Pescara,4,0,4,4,6.0,13.0,-7.0,19
2016-17,9,Crotone,1,0,1,7,6.0,18.0,-12.0,20
2016-17,10,Juventus,21,7,0,2,17.0,6.0,11.0,1
2016-17,10,Roma,19,6,1,2,23.0,11.0,12.0,2
2016-17,10,Milan,19,6,1,2,16.0,11.0,5.0,3
2016-17,10,Napoli,17,5,2,2,17.0,10.0,7.0,4
2016-17,10,Sassuolo,16,5,1,3,14.0,12.0,2.0,5
2016-17,10,Torino,15,4,3,2,19.0,11.0,8.0,6
2016-17,10,Lazio,15,4,3,2,16.0,10.0,6.0,7
2016-17,10,Genoa,15,4,3,2,10.0,7.0,3.0,8
2016-17,10,Chievo,14,4,2,3,10.0,9.0,1.0,9
2016-17,10,Atalanta,13,4,1,4,12.0,13.0,-1.0,10
2016-17,10,Cagliari,13,4,1,4,16.0,19.0,-3.0,11
2016-17,10,Fiorentina,12,3,3,3,11.0,10.0,1.0,12
2016-17,10,Bologna,12,3,3,3,10.0,13.0,-3.0,13
2016-17,10,Inter,11,3,2,4,11.0,12.0,-1.0,14
2016-17,10,Sampdoria,11,3,2,4,10.0,12.0,-2.0,15
2016-17,10,Udinese,10,3,1,5,10.0,15.0,-5.0,16
2016-17,10,Empoli,6,1,3,5,2.0,11.0,-9.0,17
2016-17,10,Palermo,6,1,3,5,6.0,16.0,-10.0,18
2016-17,10,Pescara,4,0,4,5,7.0,16.0,-9.0,19
2016-17,10,Crotone,1,0,1,8,7.0,20.0,-13.0,20
2016-17,11,Juventus,24,8,0,2,21.0,7.0,14.0,1
2016-17,11,Roma,22,7,1,2,26.0,12.0,14.0,2
2016-17,11,Napoli,20,6,2,2,19.0,10.0,9.0,3
2016-17,11,Milan,19,6,1,3,16.0,14.0,2.0,4
2016-17,11,Lazio,18,5,3,2,20.0,11.0,9.0,5
2016-17,11,Genoa,18,5,3,2,13.0,7.0,6.0,6
2016-17,11,Sassuolo,16,5,1,4,15.0,15.0,0.0,7
2016-17,11,Atalanta,16,5,1,4,13.0,13.0,0.0,8
2016-17,11,Torino,15,4,3,3,20.0,13.0,7.0,9
2016-17,11,Chievo,15,4,3,3,11.0,10.0,1.0,10
2016-17,11,Inter,14,4,2,4,13.0,13.0,0.0,11
2016-17,11,Fiorentina,13,3,4,3,12.0,11.0,1.0,12
2016-17,11,Udinese,13,4,1,5,13.0,16.0,-3.0,13
2016-17,11,Bologna,13,3,4,3,11.0,14.0,-3.0,14
2016-17,11,Cagliari,13,4,1,5,17.0,23.0,-6.0,15
2016-17,11,Sampdoria,11,3,2,5,11.0,16.0,-5.0,16
2016-17,11,Empoli,6,1,3,6,2.0,13.0,-11.0,17
2016-17,11,Palermo,6,1,3,6,7.0,19.0,-12.0,18
2016-17,11,Pescara,4,0,4,6,7.0,17.0,-10.0,19
2016-17,11,Crotone,2,0,2,8,8.0,21.0,-13.0,20
2016-17,12,Juventus,27,9,0,2,23.0,8.0,15.0,1
2016-17,12,Roma,23,7,2,2,26.0,12.0,14.0,2
2016-17,12,Milan,22,7,1,3,17.0,14.0,3.0,3
2016-17,12,Lazio,21,6,3,2,22.0,12.0,10.0,4
2016-17,12,Napoli,20,6,2,3,20.0,12.0,8.0,5
2016-17,12,Atalanta,19,6,1,4,16.0,13.0,3.0,6
2016-17,12,Genoa,18,5,3,3,13.0,10.0,3.0,7
2016-17,12,Torino,16,4,4,3,22.0,15.0,7.0,8
2016-17,12,Fiorentina,16,4,4,3,13.0,11.0,2.0,9
2016-17,12,Sassuolo,16,5,1,5,16.0,17.0,-1.0,10
2016-17,12,Cagliari,16,5,1,5,19.0,24.0,-5.0,11
2016-17,12,Chievo,15,4,3,4,11.0,12.0,-1.0,12
2016-17,12,Inter,14,4,2,5,13.0,14.0,-1.0,13
2016-17,12,Udinese,14,4,2,5,15.0,18.0,-3.0,14
2016-17,12,Sampdoria,14,4,2,5,12.0,16.0,-4.0,15
2016-17,12,Bologna,13,3,4,4,11.0,15.0,-4.0,16
2016-17,12,Empoli,7,1,4,6,2.0,13.0,-11.0,17
2016-17,12,Palermo,6,1,3,7,8.0,21.0,-13.0,18
2016-17,12,Crotone,5,1,2,8,10.0,21.0,-11.0,19
2016-17,12,Pescara,4,0,4,7,7.0,18.0,-11.0,20
2016-17,13,Juventus,30,10,0,2,25.0,9.0,16.0,1
2016-17,13,Roma,26,8,2,2,29.0,12.0,17.0,2
2016-17,13,Milan,25,8,1,3,19.0,15.0,4.0,3
2016-17,13,Lazio,22,6,4,2,23.0,13.0,10.0,4
2016-17,13,Atalanta,22,7,1,4,19.0,13.0,6.0,5
2016-17,13,Napoli,21,6,3,3,21.0,13.0,8.0,6
2016-17,13,Torino,19,5,4,3,27.0,16.0,11.0,7
2016-17,13,Genoa,19,5,4,3,14.0,11.0,3.0,8
2016-17,13,Inter,17,5,2,5,16.0,14.0,2.0,9
2016-17,13,Fiorentina,17,4,5,3,14.0,12.0,2.0,10
2016-17,13,Sassuolo,16,5,1,6,16.0,20.0,-4.0,11
2016-17,13,Cagliari,16,5,1,6,20.0,29.0,-9.0,12
2016-17,13,Chievo,15,4,3,5,12.0,14.0,-2.0,13
2016-17,13,Udinese,15,4,3,5,16.0,19.0,-3.0,14
2016-17,13,Sampdoria,15,4,3,5,13.0,17.0,-4.0,15
2016-17,13,Bologna,13,3,4,5,11.0,18.0,-7.0,16
2016-17,13,Empoli,10,2,4,6,6.0,13.0,-7.0,17
2016-17,13,Palermo,6,1,3,8,9.0,23.0,-14.0,18
2016-17,13,Crotone,5,1,2,9,10.0,24.0,-14.0,19
2016-17,13,Pescara,4,0,4,8,7.0,22.0,-15.0,20
2016-17,14,Juventus,33,11,0,2,28.0,9.0,19.0,1
2016-17,14,Roma,26,8,2,3,30.0,14.0,16.0,2
2016-17,14,Milan,26,8,2,3,21.0,17.0,4.0,3
2016-17,14,Lazio,25,7,4,2,26.0,14.0,12.0,4
2016-17,14,Atalanta,25,8,1,4,21.0,14.0,7.0,5
2016-17,14,Napoli,24,7,3,3,23.0,14.0,9.0,6
2016-17,14,Torino,22,6,4,3,29.0,16.0,13.0,7
2016-17,14,Fiorentina,20,5,5,3,18.0,12.0,6.0,8
2016-17,14,Genoa,19,5,4,4,15.0,14.0,1.0,9
2016-17,14,Inter,18,5,3,5,18.0,16.0,2.0,10
2016-17,14,Chievo,18,5,3,5,13.0,14.0,-1.0,11
2016-17,14,Sampdoria,18,5,3,5,16.0,19.0,-3.0,12
2016-17,14,Sassuolo,16,5,1,7,18.0,23.0,-5.0,13
2016-17,14,Bologna,16,4,4,5,14.0,19.0,-5.0,14
2016-17,14,Cagliari,16,5,1,7,20.0,30.0,-10.0,15
2016-17,14,Udinese,15,4,3,6,17.0,21.0,-4.0,16
2016-17,14,Empoli,10,2,4,7,6.0,17.0,-11.0,17
2016-17,14,Palermo,6,1,3,9,10.0,26.0,-16.0,18
2016-17,14,Crotone,5,1,2,10,10.0,26.0,-16.0,19
2016-17,14,Pescara,4,0,4,9,7.0,25.0,-18.0,20
2016-17,15,Juventus,33,11,0,3,29.0,12.0,17.0,1
2016-17,15,Roma,29,9,2,3,33.0,16.0,17.0,2
2016-17,15,Milan,29,9,2,3,25.0,18.0,7.0,3
2016-17,15,Lazio,28,8,4,2,27.0,14.0,13.0,4
2016-17,15,Atalanta,28,9,1,4,23.0,14.0,9.0,5
2016-17,15,Torino,25,7,4,3,31.0,17.0,14.0,6
2016-17,15,Napoli,25,7,4,3,24.0,15.0,9.0,7
2016-17,15,Genoa,22,6,4,4,18.0,15.0,3.0,8
2016-17,15,Inter,21,6,3,5,22.0,18.0,4.0,9
2016-17,15,Fiorentina,20,5,5,4,20.0,16.0,4.0,10
2016-17,15,Sampdoria,19,5,4,5,17.0,20.0,-3.0,11
2016-17,15,Cagliari,19,6,1,7,22.0,31.0,-9.0,12
2016-17,15,Chievo,18,5,3,6,14.0,16.0,-2.0,13
2016-17,15,Sassuolo,17,5,2,7,19.0,24.0,-5.0,14
2016-17,15,Bologna,16,4,4,6,14.0,21.0,-7.0,15
2016-17,15,Udinese,15,4,3,7,18.0,23.0,-5.0,16
2016-17,15,Empoli,10,2,4,8,7.0,21.0,-14.0,17
2016-17,15,Crotone,6,1,3,10,11.0,27.0,-16.0,18
2016-17,15,Palermo,6,1,3,10,10.0,27.0,-17.0,19
2016-17,15,Pescara,4,0,4,10,9.0,28.0,-19.0,20
2016-17,16,Juventus,36,12,0,3,32.0,13.0,19.0,1
2016-17,16,Roma,32,10,2,3,35.0,16.0,19.0,2
2016-17,16,Milan,32,10,2,3,27.0,19.0,8.0,3
2016-17,16,Napoli,28,8,4,3,27.0,15.0,12.0,4
2016-17,16,Lazio,28,8,4,3,27.0,16.0,11.0,5
2016-17,16,Atalanta,28,9,1,5,24.0,17.0,7.0,6
2016-17,16,Torino,25,7,4,4,31.0,19.0,12.0,7
2016-17,16,Fiorentina,23,6,5,4,22.0,17.0,5.0,8
2016-17,16,Genoa,23,6,5,4,18.0,15.0,3.0,9
2016-17,16,Sampdoria,22,6,4,5,19.0,20.0,-1.0,10
2016-17,16,Inter,21,6,3,6,22.0,21.0,1.0,11
2016-17,16,Sassuolo,20,6,2,7,22.0,24.0,-2.0,12
2016-17,16,Cagliari,20,6,2,7,23.0,32.0,-9.0,13
2016-17,16,Chievo,19,5,4,6,14.0,16.0,-2.0,14
2016-17,16,Udinese,18,5,3,7,19.0,23.0,-4.0,15
2016-17,16,Bologna,16,4,4,7,14.0,22.0,-8.0,16
2016-17,16,Empoli,10,2,4,9,7.0,24.0,-17.0,17
2016-17,16,Crotone,6,1,3,11,12.0,29.0,-17.0,18
2016-17,16,Palermo,6,1,3,11,11.0,29.0,-18.0,19
2016-17,16,Pescara,5,0,5,10,10.0,29.0,-19.0,20
2016-17,17,Juventus,39,13,0,3,35.0,14.0,21.0,1
2016-17,17,Roma,35,11,2,3,36.0,16.0,20.0,2
2016-17,17,Milan,32,10,2,4,27.0,20.0,7.0,3
2016-17,17,Napoli,31,9,4,3,32.0,15.0,17.0,4
2016-17,17,Lazio,31,9,4,3,29.0,17.0,12.0,5
2016-17,17,Atalanta,28,9,1,6,25.0,20.0,5.0,6
2016-17,17,Fiorentina,26,7,5,4,24.0,18.0,6.0,7
2016-17,17,Torino,25,7,4,5,32.0,22.0,10.0,8
2016-17,17,Inter,24,7,3,6,24.0,21.0,3.0,9
2016-17,17,Genoa,23,6,5,5,18.0,17.0,1.0,10
2016-17,17,Chievo,22,6,4,6,16.0,16.0,0.0,11
2016-17,17,Sampdoria,22,6,4,6,20.0,22.0,-2.0,12
2016-17,17,Udinese,21,6,3,7,22.0,24.0,-2.0,13
2016-17,17,Sassuolo,20,6,2,8,23.0,26.0,-3.0,14
2016-17,17,Cagliari,20,6,2,8,23.0,37.0,-14.0,15
2016-17,17,Bologna,17,4,5,7,14.0,22.0,-8.0,16
2016-17,17,Empoli,11,2,5,9,7.0,24.0,-17.0,17
2016-17,17,Crotone,9,2,3,11,14.0,30.0,-16.0,18
2016-17,17,Palermo,6,1,3,12,11.0,31.0,-20.0,19
2016-17,17,Pescara,5,0,5,11,11.0,31.0,-20.0,20
2016-17,18,Juventus,42,14,0,3,36.0,14.0,22.0,1
2016-17,18,Roma,35,11,2,4,36.0,17.0,19.0,2
2016-17,18,Napoli,34,10,4,3,37.0,18.0,19.0,3
2016-17,18,Lazio,34,10,4,3,32.0,18.0,14.0,4
2016-17,18,Milan,33,10,3,4,27.0,20.0,7.0,5
2016-17,18,Atalanta,29,9,2,6,25.0,20.0,5.0,6
2016-17,18,Inter,27,8,3,6,25.0,21.0,4.0,7
2016-17,18,Fiorentina,26,7,5,5,25.0,21.0,4.0,8
2016-17,18,Torino,25,7,4,6,35.0,27.0,8.0,9
2016-17,18,Chievo,25,7,4,6,18.0,17.0,1.0,10
2016-17,18,Udinese,24,7,3,7,24.0,24.0,0.0,11
2016-17,18,Genoa,23,6,5,6,21.0,21.0,0.0,12
2016-17,18,Sampdoria,22,6,4,7,21.0,24.0,-3.0,13
2016-17,18,Sassuolo,20,6,2,9,23.0,27.0,-4.0,14
2016-17,18,Bologna,20,5,5,7,17.0,22.0,-5.0,15
2016-17,18,Cagliari,20,6,2,9,23.0,39.0,-16.0,16
2016-17,18,Empoli,14,3,5,9,9.0,24.0,-15.0,17
2016-17,18,Crotone,9,2,3,12,14.0,32.0,-18.0,18
2016-17,18,Palermo,9,2,3,12,15.0,34.0,-19.0,19
2016-17,18,Pescara,5,0,5,12,11.0,34.0,-23.0,20
2016-17,19,Juventus,45,15,0,3,38.0,14.0,24.0,1
2016-17,19,Roma,38,12,2,4,39.0,18.0,21.0,2
2016-17,19,Milan,36,11,3,4,28.0,20.0,8.0,3
2016-17,19,Napoli,35,10,5,3,40.0,21.0,19.0,4
2016-17,19,Lazio,34,10,4,4,32.0,21.0,11.0,5
2016-17,19,Atalanta,32,10,2,6,27.0,21.0,6.0,6
2016-17,19,Inter,30,9,3,6,28.0,21.0,7.0,7
2016-17,19,Torino,28,8,4,6,36.0,27.0,9.0,8
2016-17,19,Fiorentina,27,7,6,5,28.0,24.0,4.0,9
2016-17,19,Udinese,25,7,4,7,24.0,24.0,0.0,10
2016-17,19,Chievo,25,7,4,7,19.0,20.0,-1.0,11
2016-17,19,Genoa,23,6,5,7,21.0,22.0,-1.0,12
2016-17,19,Sampdoria,23,6,5,7,21.0,24.0,-3.0,13
2016-17,19,Cagliari,23,7,2,9,27.0,42.0,-15.0,14
2016-17,19,Sassuolo,20,6,2,10,26.0,31.0,-5.0,15
2016-17,19,Bologna,20,5,5,8,17.0,23.0,-6.0,16
2016-17,19,Empoli,14,3,5,10,10.0,26.0,-16.0,17
2016-17,19,Palermo,10,2,4,12,16.0,35.0,-19.0,18
2016-17,19,Crotone,9,2,3,13,14.0,34.0,-20.0,19
2016-17,19,Pescara,6,0,6,12,12.0,35.0,-23.0,20
2016-17,20,Juventus,48,16,0,3,41.0,14.0,27.0,1
2016-17,20,Roma,41,13,2,4,40.0,18.0,22.0,2
2016-17,20,Milan,39,12,3,4,29.0,20.0,9.0,3
2016-17,20,Napoli,38,11,5,3,42.0,22.0,20.0,4
2016-17,20,Lazio,37,11,4,4,33.0,21.0,12.0,5
2016-17,20,Atalanta,35,11,2,6,31.0,22.0,9.0,6
2016-17,20,Inter,33,10,3,6,30.0,22.0,8.0,7
2016-17,20,Fiorentina,30,8,6,5,30.0,25.0,5.0,8
2016-17,20,Torino,29,8,5,6,36.0,27.0,9.0,9
2016-17,20,Udinese,25,7,4,8,25.0,26.0,-1.0,10
2016-17,20,Chievo,25,7,4,8,20.0,24.0,-4.0,11
2016-17,20,Genoa,23,6,5,8,21.0,23.0,-2.0,12
2016-17,20,Sampdoria,23,6,5,8,22.0,26.0,-4.0,13
2016-17,20,Cagliari,23,7,2,10,27.0,43.0,-16.0,14
2016-17,20,Sassuolo,21,6,3,10,26.0,31.0,-5.0,15
2016-17,20,Bologna,20,5,5,9,17.0,26.0,-9.0,16
2016-17,20,Empoli,17,4,5,10,11.0,26.0,-15.0,17
2016-17,20,Palermo,10,2,4,13,16.0,36.0,-20.0,18
2016-17,20,Crotone,9,2,3,14,14.0,35.0,-21.0,19
2016-17,20,Pescara,6,0,6,13,13.0,37.0,-24.0,20
2016-17,21,Juventus,48,16,0,4,42.0,16.0,26.0,1
2016-17,21,Roma,44,14,2,4,41.0,18.0,23.0,2
2016-17,21,Napoli,41,12,5,3,45.0,23.0,22.0,3
2016-17,21,Lazio,40,12,4,4,35.0,22.0,13.0,4
2016-17,21,Milan,40,12,4,4,31.0,22.0,9.0,5
2016-17,21,Inter,36,11,3,6,33.0,23.0,10.0,6
2016-17,21,Atalanta,35,11,2,7,32.0,24.0,8.0,7
2016-17,21,Fiorentina,33,9,6,5,32.0,26.0,6.0,8
2016-17,21,Torino,30,8,6,6,38.0,29.0,9.0,9
2016-17,21,Cagliari,26,8,2,10,31.0,44.0,-13.0,10
2016-17,21,Udinese,25,7,4,9,25.0,27.0,-2.0,11
2016-17,21,Chievo,25,7,4,9,21.0,27.0,-6.0,12
2016-17,21,Sassuolo,24,7,3,10,30.0,32.0,-2.0,13
2016-17,21,Sampdoria,24,6,6,8,22.0,26.0,-4.0,14
2016-17,21,Genoa,23,6,5,9,22.0,27.0,-5.0,15
2016-17,21,Bologna,23,6,5,9,18.0,26.0,-8.0,16
2016-17,21,Empoli,18,4,6,10,11.0,26.0,-15.0,17
2016-17,21,Palermo,10,2,4,14,17.0,40.0,-23.0,18
2016-17,21,Crotone,9,2,3,15,14.0,36.0,-22.0,19
2016-17,21,Pescara,6,0,6,14,14.0,40.0,-26.0,20
2016-17,22,Juventus,51,17,0,4,44.0,16.0,28.0,1
2016-17,22,Roma,47,15,2,4,42.0,18.0,24.0,2
2016-17,22,Napoli,44,13,5,3,47.0,24.0,23.0,3
2016-17,22,Lazio,40,12,4,5,35.0,24.0,11.0,4
2016-17,22,Milan,40,12,4,5,32.0,24.0,8.0,5
2016-17,22,Inter,39,12,3,6,34.0,23.0,11.0,6
2016-17,22,Atalanta,38,12,2,7,33.0,24.0,9.0,7
2016-17,22,Fiorentina,36,10,6,5,35.0,26.0,9.0,8
2016-17,22,Torino,30,8,6,7,38.0,31.0,7.0,9
2016-17,22,Sassuolo,27,8,3,10,33.0,33.0,0.0,10
2016-17,22,Bologna,26,7,5,9,20.0,26.0,-6.0,11
2016-17,22,Cagliari,26,8,2,11,31.0,45.0,-14.0,12
2016-17,22,Udinese,25,7,4,10,25.0,28.0,-3.0,13
2016-17,22,Chievo,25,7,4,10,21.0,30.0,-9.0,14
2016-17,22,Genoa,24,6,6,9,24.0,29.0,-5.0,15
2016-17,22,Sampdoria,24,6,6,9,22.0,27.0,-5.0,16
2016-17,22,Empoli,21,5,6,10,12.0,26.0,-14.0,17
2016-17,22,Crotone,10,2,4,15,16.0,38.0,-22.0,18
2016-17,22,Palermo,10,2,4,15,17.0,41.0,-24.0,19
2016-17,22,Pescara,6,0,6,15,15.0,43.0,-28.0,20
2016-17,23,Juventus,54,18,0,4,46.0,16.0,30.0,1
2016-17,23,Roma,47,15,2,5,44.0,21.0,23.0,2
2016-17,23,Napoli,45,13,6,3,48.0,25.0,23.0,3
2016-17,23,Inter,42,13,3,6,37.0,23.0,14.0,4
2016-17,23,Lazio,40,12,4,6,35.0,25.0,10.0,5
2016-17,23,Milan,40,12,4,6,33.0,26.0,7.0,6
2016-17,23,Atalanta,39,12,3,7,34.0,25.0,9.0,7
2016-17,23,Fiorentina,37,10,7,5,38.0,29.0,9.0,8
2016-17,23,Torino,31,8,7,7,39.0,32.0,7.0,9
2016-17,23,Udinese,28,8,4,10,27.0,29.0,-2.0,10
2016-17,23,Chievo,28,8,4,10,22.0,30.0,-8.0,11
2016-17,23,Sassuolo,27,8,3,11,33.0,35.0,-2.0,12
2016-17,23,Sampdoria,27,7,6,9,25.0,29.0,-4.0,13
2016-17,23,Bologna,27,7,6,9,21.0,27.0,-6.0,14
2016-17,23,Cagliari,27,8,3,11,32.0,46.0,-14.0,15
2016-17,23,Genoa,25,6,7,9,27.0,32.0,-5.0,16
2016-17,23,Empoli,21,5,6,11,13.0,30.0,-17.0,17
2016-17,23,Crotone,13,3,4,15,20.0,39.0,-19.0,18
2016-17,23,Palermo,11,2,5,15,18.0,42.0,-24.0,19
2016-17,23,Pescara,6,0,6,16,15.0,46.0,-31.0,20
2016-17,24,Juventus,57,19,0,4,47.0,16.0,31.0,1
2016-17,24,Roma,50,16,2,5,48.0,21.0,27.0,2
2016-17,24,Napoli,48,14,6,3,55.0,26.0,29.0,3
2016-17,24,Lazio,43,13,4,6,41.0,27.0,14.0,4
2016-17,24,Inter,42,13,3,7,37.0,24.0,13.0,5
2016-17,24,Atalanta,42,13,3,7,36.0,25.0,11.0,6
2016-17,24,Milan,40,12,4,7,33.0,27.0,6.0,7
2016-17,24,Fiorentina,37,10,7,6,38.0,33.0,5.0,8
2016-17,24,Torino,32,8,8,7,40.0,33.0,7.0,9
2016-17,24,Sassuolo,30,9,3,11,34.0,35.0,-1.0,10
2016-17,24,Sampdoria,30,8,6,9,26.0,29.0,-3.0,11
2016-17,24,Udinese,29,8,5,10,27.0,29.0,-2.0,12
2016-17,24,Chievo,29,8,5,10,22.0,30.0,-8.0,13
2016-17,24,Bologna,27,7,6,10,22.0,34.0,-12.0,14
2016-17,24,Cagliari,27,8,3,12,32.0,48.0,-16.0,15
2016-17,24,Genoa,25,6,7,10,27.0,33.0,-6.0,16
2016-17,24,Empoli,22,5,7,11,14.0,31.0,-17.0,17
2016-17,24,Palermo,14,3,5,15,19.0,42.0,-23.0,18
2016-17,24,Crotone,13,3,4,16,20.0,40.0,-20.0,19
2016-17,24,Pescara,6,0,6,17,17.0,52.0,-35.0,20
2016-17,25,Juventus,60,20,0,4,49.0,16.0,33.0,1
2016-17,25,Roma,53,17,2,5,50.0,21.0,29.0,2
2016-17,25,Napoli,51,15,6,3,57.0,26.0,31.0,3
2016-17,25,Inter,45,14,3,7,39.0,24.0,15.0,4
2016-17,25,Atalanta,45,14,3,7,39.0,26.0,13.0,5
2016-17,25,Lazio,44,13,5,6,42.0,28.0,14.0,6
2016-17,25,Milan,41,12,5,7,34.0,28.0,6.0,7
2016-17,25,Fiorentina,40,11,7,6,41.0,33.0,8.0,8
2016-17,25,Torino,35,9,8,7,45.0,36.0,9.0,9
2016-17,25,Sampdoria,33,9,6,9,29.0,30.0,-1.0,10
2016-17,25,Chievo,32,9,5,10,25.0,31.0,-6.0,11
2016-17,25,Sassuolo,30,9,3,12,35.0,38.0,-3.0,12
2016-17,25,Udinese,29,8,5,11,27.0,32.0,-5.0,13
2016-17,25,Bologna,27,7,6,11,23.0,37.0,-14.0,14
2016-17,25,Cagliari,27,8,3,13,32.0,50.0,-18.0,15
2016-17,25,Genoa,25,6,7,11,27.0,35.0,-8.0,16
2016-17,25,Empoli,22,5,7,12,14.0,33.0,-19.0,17
2016-17,25,Palermo,14,3,5,16,20.0,45.0,-25.0,18
2016-17,25,Crotone,13,3,4,17,20.0,42.0,-22.0,19
2016-17,25,Pescara,6,0,6,18,20.0,57.0,-37.0,20
2016-17,26,Juventus,63,21,0,4,53.0,17.0,36.0,1
2016-17,26,Roma,56,18,2,5,54.0,22.0,32.0,2
2016-17,26,Napoli,54,16,6,3,60.0,27.0,33.0,3
2016-17,26,Inter,48,15,3,7,40.0,24.0,16.0,4
2016-17,26,Atalanta,48,15,3,7,40.0,26.0,14.0,5
2016-17,26,Lazio,47,14,5,6,44.0,29.0,15.0,6
2016-17,26,Milan,44,13,5,7,36.0,29.0,7.0,7
2016-17,26,Fiorentina,40,11,7,7,42.0,35.0,7.0,8
2016-17,26,Torino,35,9,8,8,46.0,40.0,6.0,9
2016-17,26,Sampdoria,34,9,7,9,30.0,31.0,-1.0,10
2016-17,26,Sassuolo,33,10,3,12,37.0,39.0,-2.0,11
2016-17,26,Chievo,32,9,5,11,26.0,34.0,-8.0,12
2016-17,26,Udinese,29,8,5,12,28.0,34.0,-6.0,13
2016-17,26,Cagliari,28,8,4,13,33.0,51.0,-18.0,14
2016-17,26,Bologna,27,7,6,12,23.0,38.0,-15.0,15
2016-17,26,Genoa,25,6,7,12,27.0,40.0,-13.0,16
2016-17,26,Empoli,22,5,7,13,15.0,35.0,-20.0,17
2016-17,26,Palermo,14,3,5,17,21.0,49.0,-28.0,18
2016-17,26,Crotone,13,3,4,18,20.0,43.0,-23.0,19
2016-17,26,Pescara,9,1,6,18,25.0,57.0,-32.0,20
2016-17,27,Juventus,66,22,0,4,55.0,17.0,38.0,1
2016-17,27,Roma,59,19,2,5,57.0,23.0,34.0,2
2016-17,27,Napoli,54,16,6,4,60.0,29.0,31.0,3
2016-17,27,Atalanta,51,16,3,7,42.0,26.0,16.0,4
2016-17,27,Lazio,50,15,5,6,45.0,29.0,16.0,5
2016-17,27,Inter,48,15,3,8,41.0,27.0,14.0,6
2016-17,27,Milan,47,14,5,7,37.0,29.0,8.0,7
2016-17,27,Fiorentina,41,11,8,7,44.0,37.0,7.0,8
2016-17,27,Torino,36,9,9,8,48.0,42.0,6.0,9
2016-17,27,Sampdoria,35,9,8,9,31.0,32.0,-1.0,10
2016-17,27,Chievo,35,10,5,11,28.0,34.0,-6.0,11
2016-17,27,Sassuolo,33,10,3,13,37.0,40.0,-3.0,12
2016-17,27,Cagliari,31,9,4,13,35.0,52.0,-17.0,13
2016-17,27,Udinese,29,8,5,13,28.0,35.0,-7.0,14
2016-17,27,Bologna,28,7,7,12,24.0,39.0,-15.0,15
2016-17,27,Genoa,26,6,8,12,28.0,41.0,-13.0,16
2016-17,27,Empoli,22,5,7,14,15.0,37.0,-22.0,17
2016-17,27,Palermo,15,3,6,17,22.0,50.0,-28.0,18
2016-17,27,Crotone,13,3,4,19,21.0,45.0,-24.0,19
2016-17,27,Pescara,9,1,6,19,25.0,59.0,-34.0,20
2016-17,28,Juventus,67,22,1,4,56.0,18.0,38.0,1
2016-17,28,Roma,59,19,2,6,58.0,25.0,33.0,2
2016-17,28,Napoli,57,17,6,4,62.0,30.0,32.0,3
2016-17,28,Lazio,53,16,5,6,47.0,29.0,18.0,4
2016-17,28,Atalanta,52,16,4,7,42.0,26.0,16.0,5
2016-17,28,Inter,51,16,3,8,46.0,28.0,18.0,6
2016-17,28,Milan,50,15,5,7,40.0,30.0,10.0,7
2016-17,28,Fiorentina,42,11,9,7,44.0,37.0,7.0,8
2016-17,28,Torino,39,10,9,8,51.0,43.0,8.0,9
2016-17,28,Sampdoria,38,10,8,9,34.0,33.0,1.0,10
2016-17,28,Chievo,35,10,5,12,29.0,37.0,-8.0,11
2016-17,28,Sassuolo,34,10,4,13,37.0,40.0,-3.0,12
2016-17,28,Cagliari,31,9,4,14,36.0,57.0,-21.0,13
2016-17,28,Udinese,30,8,6,13,29.0,36.0,-7.0,14
2016-17,28,Genoa,29,7,8,12,30.0,41.0,-11.0,15
2016-17,28,Bologna,28,7,7,13,24.0,41.0,-17.0,16
2016-17,28,Empoli,22,5,7,15,15.0,39.0,-24.0,17
2016-17,28,Palermo,15,3,6,18,23.0,53.0,-30.0,18
2016-17,28,Crotone,14,3,5,19,21.0,45.0,-24.0,19
2016-17,28,Pescara,9,1,6,20,26.0,62.0,-36.0,20
2016-17,29,Juventus,70,23,1,4,58.0,19.0,39.0,1
2016-17,29,Roma,62,20,2,6,61.0,25.0,36.0,2
2016-17,29,Napoli,60,18,6,4,65.0,30.0,35.0,3
2016-17,29,Lazio,56,17,5,6,50.0,30.0,20.0,4
2016-17,29,Inter,54,17,3,8,53.0,29.0,24.0,5
2016-17,29,Atalanta,52,16,4,8,43.0,33.0,10.0,6
2016-17,29,Milan,50,15,5,8,41.0,32.0,9.0,7
2016-17,29,Fiorentina,45,12,9,7,45.0,37.0,8.0,8
2016-17,29,Sampdoria,41,11,8,9,35.0,33.0,2.0,9
2016-17,29,Torino,39,10,9,9,52.0,46.0,6.0,10
2016-17,29,Chievo,38,11,5,12,33.0,37.0,-4.0,11
2016-17,29,Sassuolo,34,10,4,14,37.0,41.0,-4.0,12
2016-17,29,Udinese,33,9,6,13,32.0,37.0,-5.0,13
2016-17,29,Bologna,31,8,7,13,25.0,41.0,-16.0,14
2016-17,29,Cagliari,31,9,4,15,36.0,58.0,-22.0,15
2016-17,29,Genoa,29,7,8,13,30.0,42.0,-12.0,16
2016-17,29,Empoli,22,5,7,16,15.0,43.0,-28.0,17
2016-17,29,Palermo,15,3,6,19,23.0,56.0,-33.0,18
2016-17,29,Crotone,14,3,5,20,21.0,48.0,-27.0,19
2016-17,29,Pescara,9,1,6,21,27.0,65.0,-38.0,20
2016-17,30,Juventus,73,24,1,4,59.0,19.0,40.0,1
2016-17,30,Roma,65,21,2,6,64.0,26.0,38.0,2
2016-17,30,Napoli,63,19,6,4,68.0,32.0,36.0,3
2016-17,30,Lazio,57,17,6,6,50.0,30.0,20.0,4
2016-17,30,Inter,55,17,4,8,55.0,31.0,24.0,5
2016-17,30,Atalanta,55,17,4,8,46.0,33.0,13.0,6
2016-17,30,Milan,53,16,5,8,42.0,32.0,10.0,7
2016-17,30,Fiorentina,48,13,9,7,46.0,37.0,9.0,8
2016-17,30,Sampdoria,41,11,8,10,35.0,34.0,1.0,9
2016-17,30,Torino,40,10,10,9,54.0,48.0,6.0,10
2016-17,30,Chievo,38,11,5,13,34.0,41.0,-7.0,11
2016-17,30,Udinese,36,10,6,13,36.0,38.0,-2.0,12
2016-17,30,Sassuolo,34,10,4,15,38.0,44.0,-6.0,13
2016-17,30,Bologna,34,9,7,13,29.0,42.0,-13.0,14
2016-17,30,Cagliari,32,9,5,15,36.0,58.0,-22.0,15
2016-17,30,Genoa,29,7,8,14,30.0,43.0,-13.0,16
2016-17,30,Empoli,22,5,7,17,17.0,46.0,-29.0,17
2016-17,30,Palermo,15,3,6,20,24.0,60.0,-36.0,18
2016-17,30,Crotone,14,3,5,21,21.0,49.0,-28.0,19
2016-17,30,Pescara,9,1,6,22,27.0,68.0,-41.0,20
2016-17,31,Juventus,74,24,2,4,60.0,20.0,40.0,1
2016-17,31,Roma,68,22,2,6,66.0,26.0,40.0,2
2016-17,31,Napoli,64,19,7,4,69.0,33.0,36.0,3
2016-17,31,Lazio,60,18,6,6,52.0,31.0,21.0,4
2016-17,31,Atalanta,58,18,4,8,51.0,33.0,18.0,5
2016-17,31,Inter,55,17,4,9,56.0,33.0,23.0,6
2016-17,31,Milan,54,16,6,8,43.0,33.0,10.0,7
2016-17,31,Fiorentina,51,14,9,7,47.0,37.0,10.0,8
2016-17,31,Sampdoria,44,12,8,10,37.0,35.0,2.0,9
2016-17,31,Torino,41,10,11,9,56.0,50.0,6.0,10
2016-17,31,Chievo,38,11,5,14,35.0,43.0,-8.0,11
2016-17,31,Udinese,37,10,7,13,38.0,40.0,-2.0,12
2016-17,31,Cagliari,35,10,5,15,39.0,59.0,-20.0,13
2016-17,31,Sassuolo,34,10,4,16,39.0,46.0,-7.0,14
2016-17,31,Bologna,34,9,7,14,29.0,43.0,-14.0,15
2016-17,31,Genoa,29,7,8,15,30.0,48.0,-18.0,16
2016-17,31,Empoli,22,5,7,18,17.0,48.0,-31.0,17
2016-17,31,Crotone,17,4,5,21,23.0,50.0,-27.0,18
2016-17,31,Palermo,15,3,6,21,25.0,63.0,-38.0,19
2016-17,31,Pescara,10,1,7,22,28.0,69.0,-41.0,20
2016-17,32,Juventus,77,25,2,4,62.0,20.0,42.0,1
2016-17,32,Roma,71,23,2,6,69.0,26.0,43.0,2
2016-17,32,Napoli,67,20,7,4,72.0,33.0,39.0,3
2016-17,32,Lazio,60,18,6,7,52.0,34.0,18.0,4
2016-17,32,Atalanta,59,18,5,8,52.0,34.0,18.0,5
2016-17,32,Milan,57,17,6,8,47.0,33.0,14.0,6
2016-17,32,Inter,55,17,4,10,57.0,35.0,22.0,7
2016-17,32,Fiorentina,52,14,10,7,49.0,39.0,10.0,8
2016-17,32,Sampdoria,45,12,9,10,39.0,37.0,2.0,9
2016-17,32,Torino,44,11,11,9,59.0,52.0,7.0,10
2016-17,32,Udinese,40,11,7,13,41.0,40.0,1.0,11
2016-17,32,Chievo,38,11,5,15,35.0,45.0,-10.0,12
2016-17,32,Sassuolo,35,10,5,16,40.0,47.0,-7.0,13
2016-17,32,Cagliari,35,10,5,16,41.0,62.0,-21.0,14
2016-17,32,Bologna,34,9,7,15,29.0,46.0,-17.0,15
2016-17,32,Genoa,29,7,8,16,30.0,51.0,-21.0,16
2016-17,32,Empoli,23,5,8,18,18.0,49.0,-31.0,17
2016-17,32,Crotone,20,5,5,21,25.0,51.0,-26.0,18
2016-17,32,Palermo,15,3,6,22,25.0,67.0,-42.0,19
2016-17,32,Pescara,11,1,8,22,29.0,70.0,-41.0,20
2016-17,33,Juventus,80,26,2,4,64.0,20.0,44.0,1
2016-17,33,Roma,72,23,3,6,70.0,27.0,43.0,2
2016-17,33,Napoli,70,21,7,4,75.0,33.0,42.0,3
2016-17,33,Lazio,61,18,7,7,54.0,36.0,18.0,4
2016-17,33,Atalanta,60,18,6,8,53.0,35.0,18.0,5
2016-17,33,Milan,58,17,7,8,49.0,35.0,14.0,6
2016-17,33,Inter,56,17,5,10,59.0,37.0,22.0,7
2016-17,33,Fiorentina,52,14,10,8,50.0,41.0,9.0,8
2016-17,33,Torino,45,11,12,9,60.0,53.0,7.0,9
2016-17,33,Sampdoria,45,12,9,11,40.0,39.0,1.0,10
2016-17,33,Udinese,40,11,7,14,41.0,43.0,-2.0,11
2016-17,33,Sassuolo,38,11,5,16,42.0,48.0,-6.0,12
2016-17,33,Chievo,38,11,5,16,35.0,49.0,-14.0,13
2016-17,33,Cagliari,38,11,5,16,45.0,62.0,-17.0,14
2016-17,33,Bologna,35,9,8,15,29.0,46.0,-17.0,15
2016-17,33,Genoa,30,7,9,16,32.0,53.0,-21.0,16
2016-17,33,Empoli,26,6,8,18,20.0,50.0,-30.0,17
2016-17,33,Crotone,21,5,6,21,26.0,52.0,-26.0,18
2016-17,33,Palermo,16,3,7,22,25.0,67.0,-42.0,19
2016-17,33,Pescara,11,1,8,23,29.0,72.0,-43.0,20
2016-17,34,Juventus,83,27,2,4,68.0,20.0,48.0,1
2016-17,34,Roma,75,24,3,6,74.0,28.0,46.0,2
2016-17,34,Napoli,71,21,8,4,77.0,35.0,42.0,3
2016-17,34,Lazio,64,19,7,7,60.0,38.0,22.0,4
2016-17,34,Atalanta,63,19,6,8,56.0,37.0,19.0,5
2016-17,34,Milan,58,17,7,9,50.0,37.0,13.0,6
2016-17,34,Inter,56,17,5,11,63.0,42.0,21.0,7
2016-17,34,Fiorentina,55,15,10,8,55.0,45.0,10.0,8
2016-17,34,Torino,48,12,12,9,63.0,54.0,9.0,9
2016-17,34,Sampdoria,45,12,9,12,41.0,41.0,0.0,10
2016-17,34,Udinese,43,12,7,14,43.0,44.0,-1.0,11
2016-17,34,Sassuolo,39,11,6,16,44.0,50.0,-6.0,12
2016-17,34,Chievo,38,11,5,17,36.0,52.0,-16.0,13
2016-17,34,Cagliari,38,11,5,17,46.0,64.0,-18.0,14
2016-17,34,Bologna,35,9,8,16,31.0,49.0,-18.0,15
2016-17,34,Genoa,30,7,9,17,32.0,57.0,-25.0,16
2016-17,34,Empoli,29,7,8,18,22.0,51.0,-29.0,17
2016-17,34,Crotone,24,6,6,21,28.0,53.0,-25.0,18
2016-17,34,Palermo,16,3,7,23,27.0,73.0,-46.0,19
2016-17,34,Pescara,11,1,8,24,30.0,76.0,-46.0,20
2016-17,35,Juventus,84,27,3,4,70.0,22.0,48.0,1
2016-17,35,Roma,75,24,3,7,75.0,31.0,44.0,2
2016-17,35,Napoli,74,22,8,4,78.0,35.0,43.0,3
2016-17,35,Lazio,67,20,7,7,63.0,39.0,24.0,4
2016-17,35,Atalanta,64,19,7,8,58.0,39.0,19.0,5
2016-17,35,Milan,59,17,8,9,51.0,38.0,13.0,6
2016-17,35,Inter,56,17,5,12,63.0,43.0,20.0,7
2016-17,35,Fiorentina,55,15,10,9,55.0,47.0,8.0,8
2016-17,35,Torino,49,12,13,9,64.0,55.0,9.0,9
2016-17,35,Sampdoria,46,12,10,12,42.0,42.0,0.0,10
2016-17,35,Udinese,43,12,7,15,43.0,48.0,-5.0,11
2016-17,35,Sassuolo,42,12,6,16,47.0,51.0,-4.0,12
2016-17,35,Chievo,41,12,5,17,38.0,53.0,-15.0,13
2016-17,35,Cagliari,41,12,5,17,47.0,64.0,-17.0,14
2016-17,35,Bologna,38,10,8,16,35.0,49.0,-14.0,15
2016-17,35,Genoa,30,7,9,18,33.0,59.0,-26.0,16
2016-17,35,Empoli,29,7,8,19,23.0,54.0,-31.0,17
2016-17,35,Crotone,25,6,7,21,29.0,54.0,-25.0,18
2016-17,35,Palermo,19,4,7,23,29.0,73.0,-44.0,19
2016-17,35,Pescara,11,1,8,25,30.0,77.0,-47.0,20
2016-17,36,Juventus,85,27,4,4,71.0,23.0,48.0,1
2016-17,36,Roma,78,25,3,7,79.0,32.0,47.0,2
2016-17,36,Napoli,77,23,8,4,81.0,36.0,45.0,3
2016-17,36,Lazio,70,21,7,7,70.0,42.0,28.0,4
2016-17,36,Atalanta,65,19,8,8,59.0,40.0,19.0,5
2016-17,36,Milan,59,17,8,10,52.0,42.0,10.0,6
2016-17,36,Inter,56,17,5,13,63.0,44.0,19.0,7
2016-17,36,Fiorentina,56,15,11,9,57.0,49.0,8.0,8
2016-17,36,Torino,50,12,14,9,65.0,56.0,9.0,9
2016-17,36,Sampdoria,46,12,10,13,45.0,49.0,-4.0,10
2016-17,36,Udinese,44,12,8,15,44.0,49.0,-5.0,11
2016-17,36,Sassuolo,43,12,7,16,49.0,53.0,-4.0,12
2016-17,36,Chievo,42,12,6,17,39.0,54.0,-15.0,13
2016-17,36,Cagliari,41,12,5,18,48.0,67.0,-19.0,14
2016-17,36,Bologna,38,10,8,17,36.0,52.0,-16.0,15
2016-17,36,Genoa,33,8,9,18,34.0,59.0,-25.0,16
2016-17,36,Empoli,32,8,8,19,26.0,55.0,-29.0,17
2016-17,36,Crotone,28,7,7,21,30.0,54.0,-24.0,18
2016-17,36,Palermo,20,4,8,23,30.0,74.0,-44.0,19
2016-17,36,Pescara,11,1,8,26,30.0,78.0,-48.0,20
2016-17,37,Juventus,85,27,4,5,72.0,26.0,46.0,1
2016-17,37,Roma,81,26,3,7,82.0,33.0,49.0,2
2016-17,37,Napoli,80,24,8,4,86.0,36.0,50.0,3
2016-17,37,Lazio,70,21,7,8,72.0,45.0,27.0,4
2016-17,37,Atalanta,66,19,9,8,60.0,41.0,19.0,5
2016-17,37,Milan,60,17,9,10,53.0,43.0,10.0,6
2016-17,37,Fiorentina,59,16,11,9,60.0,51.0,9.0,7
2016-17,37,Inter,56,17,5,14,64.0,46.0,18.0,8
2016-17,37,Torino,50,12,14,10,65.0,61.0,4.0,9
2016-17,37,Sampdoria,47,12,11,13,46.0,50.0,-4.0,10
2016-17,37,Sassuolo,46,13,7,16,51.0,54.0,-3.0,11
2016-17,37,Udinese,44,12,8,16,44.0,50.0,-6.0,12
2016-17,37,Cagliari,44,13,5,18,51.0,69.0,-18.0,13
2016-17,37,Chievo,43,12,7,17,40.0,55.0,-15.0,14
2016-17,37,Bologna,41,11,8,17,39.0,53.0,-14.0,15
2016-17,37,Genoa,33,8,9,19,34.0,60.0,-26.0,16
2016-17,37,Empoli,32,8,8,20,28.0,58.0,-30.0,17
2016-17,37,Crotone,31,8,7,21,31.0,54.0,-23.0,18
2016-17,37,Palermo,23,5,8,23,31.0,74.0,-43.0,19
2016-17,37,Pescara,11,1,8,27,31.0,81.0,-50.0,20
2016-17,38,Juventus,88,28,4,5,75.0,26.0,49.0,1
2016-17,38,Roma,84,27,3,7,87.0,36.0,51.0,2
2016-17,38,Napoli,83,25,8,4,90.0,37.0,53.0,3
2016-17,38,Lazio,70,21,7,9,73.0,48.0,25.0,4
2016-17,38,Atalanta,69,20,9,8,61.0,41.0,20.0,5
2016-17,38,Milan,63,18,9,10,56.0,43.0,13.0,6
2016-17,38,Inter,59,18,5,14,67.0,47.0,20.0,7
2016-17,38,Fiorentina,59,16,11,10,61.0,55.0,6.0,8
2016-17,38,Torino,50,12,14,11,66.0,63.0,3.0,9
2016-17,38,Sassuolo,49,14,7,16,57.0,56.0,1.0,10
2016-17,38,Sampdoria,48,12,12,13,47.0,51.0,-4.0,11
2016-17,38,Udinese,45,12,9,16,45.0,51.0,-6.0,12
2016-17,38,Cagliari,44,13,5,19,53.0,75.0,-22.0,13
2016-17,38,Chievo,43,12,7,18,43.0,60.0,-17.0,14
2016-17,38,Bologna,41,11,8,18,39.0,56.0,-17.0,15
2016-17,38,Genoa,36,9,9,19,36.0,61.0,-25.0,16
2016-17,38,Empoli,32,8,8,21,28.0,59.0,-31.0,17
2016-17,38,Crotone,31,8,7,22,31.0,57.0,-26.0,18
2016-17,38,Palermo,23,5,8,24,31.0,76.0,-45.0,19
2016-17,38,Pescara,14,2,8,27,33.0,81.0,-48.0,20
2017-18,1,Roma,0,0,0,0,0,0,0,1
2017-18,1,Sampdoria,0,0,0,0,0,0,0,2
2017-18,1,Inter,0,0,0,0,0,0,0,3
2017-18,1,Bologna,0,0,0,0,0,0,0,4
2017-18,1,Genoa,0,0,0,0,0,0,0,5
2017-18,1,Fiorentina,0,0,0,0,0,0,0,6
2017-18,1,Juventus,0,0,0,0,0,0,0,7
2017-18,1,Chievo,0,0,0,0,0,0,0,8
2017-18,1,Benevento,0,0,0,0,0,0,0,9
2017-18,1,Atalanta,0,0,0,0,0,0,0,10
2017-18,1,Udinese,0,0,0,0,0,0,0,11
2017-18,1,SPAL,0,0,0,0,0,0,0,12
2017-18,1,Napoli,0,0,0,0,0,0,0,13
2017-18,1,Lazio,0,0,0,0,0,0,0,14
2017-18,1,Verona,0,0,0,0,0,0,0,15
2017-18,1,Sassuolo,0,0,0,0,0,0,0,16
2017-18,1,Crotone,0,0,0,0,0,0,0,17
2017-18,1,Milan,0,0,0,0,0,0,0,18
2017-18,1,Torino,0,0,0,0,0,0,0,19
2017-18,1,Cagliari,0,0,0,0,0,0,0,20
2017-18,2,Inter,3,1,0,0,3.0,0.0,3.0,1
2017-18,2,Juventus,3,1,0,0,3.0,0.0,3.0,2
2017-18,2,Milan,3,1,0,0,3.0,0.0,3.0,3
2017-18,2,Napoli,3,1,0,0,3.0,1.0,2.0,4
2017-18,2,Sampdoria,3,1,0,0,2.0,1.0,1.0,5
2017-18,2,Chievo,3,1,0,0,2.0,1.0,1.0,6
2017-18,2,Roma,3,1,0,0,1.0,0.0,1.0,7
2017-18,2,Bologna,1,0,1,0,1.0,1.0,0.0,8
2017-18,2,Torino,1,0,1,0,1.0,1.0,0.0,9
2017-18,2,Genoa,1,0,1,0,0.0,0.0,0.0,10
2017-18,2,SPAL,1,0,1,0,0.0,0.0,0.0,11
2017-18,2,Lazio,1,0,1,0,0.0,0.0,0.0,12
2017-18,2,Sassuolo,1,0,1,0,0.0,0.0,0.0,13
2017-18,2,Benevento,0,0,0,1,1.0,2.0,-1.0,14
2017-18,2,Udinese,0,0,0,1,1.0,2.0,-1.0,15
2017-18,2,Atalanta,0,0,0,1,0.0,1.0,-1.0,16
2017-18,2,Verona,0,0,0,1,1.0,3.0,-2.0,17
2017-18,2,Fiorentina,0,0,0,1,0.0,3.0,-3.0,18
2017-18,2,Crotone,0,0,0,1,0.0,3.0,-3.0,19
2017-18,2,Cagliari,0,0,0,1,0.0,3.0,-3.0,20
2017-18,3,Juventus,6,2,0,0,7.0,2.0,5.0,1
2017-18,3,Inter,6,2,0,0,6.0,1.0,5.0,2
2017-18,3,Napoli,6,2,0,0,6.0,2.0,4.0,3
2017-18,3,Milan,6,2,0,0,5.0,1.0,4.0,4
2017-18,3,Sampdoria,6,2,0,0,4.0,2.0,2.0,5
2017-18,3,Torino,4,1,1,0,4.0,1.0,3.0,6
2017-18,3,SPAL,4,1,1,0,3.0,2.0,1.0,7
2017-18,3,Bologna,4,1,1,0,2.0,1.0,1.0,8
2017-18,3,Lazio,4,1,1,0,2.0,1.0,1.0,9
2017-18,3,Chievo,3,1,0,1,3.0,3.0,0.0,10
2017-18,3,Roma,3,1,0,1,2.0,3.0,-1.0,11
2017-18,3,Genoa,1,0,1,1,2.0,4.0,-2.0,12
2017-18,3,Verona,1,0,1,1,1.0,3.0,-2.0,13
2017-18,3,Sassuolo,1,0,1,1,0.0,3.0,-3.0,14
2017-18,3,Crotone,1,0,1,1,0.0,3.0,-3.0,15
2017-18,3,Udinese,0,0,0,2,3.0,5.0,-2.0,16
2017-18,3,Benevento,0,0,0,2,1.0,3.0,-2.0,17
2017-18,3,Atalanta,0,0,0,2,1.0,4.0,-3.0,18
2017-18,3,Fiorentina,0,0,0,2,1.0,5.0,-4.0,19
2017-18,3,Cagliari,0,0,0,2,1.0,5.0,-4.0,20
2017-18,4,Juventus,9,3,0,0,10.0,2.0,8.0,1
2017-18,4,Napoli,9,3,0,0,9.0,2.0,7.0,2
2017-18,4,Inter,9,3,0,0,8.0,1.0,7.0,3
2017-18,4,Lazio,7,2,1,0,6.0,2.0,4.0,4
2017-18,4,Torino,7,2,1,0,5.0,1.0,4.0,5
2017-18,4,Sampdoria,7,2,1,0,5.0,3.0,2.0,6
2017-18,4,Milan,6,2,0,1,6.0,5.0,1.0,7
2017-18,4,Roma,4,1,1,1,3.0,4.0,-1.0,8
2017-18,4,SPAL,4,1,1,1,3.0,4.0,-1.0,9
2017-18,4,Bologna,4,1,1,1,2.0,4.0,-2.0,10
2017-18,4,Fiorentina,3,1,0,2,6.0,5.0,1.0,11
2017-18,4,Udinese,3,1,0,2,4.0,5.0,-1.0,12
2017-18,4,Atalanta,3,1,0,2,3.0,5.0,-2.0,13
2017-18,4,Chievo,3,1,0,2,3.0,6.0,-3.0,14
2017-18,4,Cagliari,3,1,0,2,2.0,5.0,-3.0,15
2017-18,4,Genoa,1,0,1,2,2.0,5.0,-3.0,16
2017-18,4,Sassuolo,1,0,1,2,1.0,5.0,-4.0,17
2017-18,4,Crotone,1,0,1,2,0.0,4.0,-4.0,18
2017-18,4,Verona,1,0,1,2,1.0,8.0,-7.0,19
2017-18,4,Benevento,0,0,0,3,1.0,4.0,-3.0,20
2017-18,5,Napoli,12,4,0,0,15.0,2.0,13.0,1
2017-18,5,Juventus,12,4,0,0,13.0,3.0,10.0,2
2017-18,5,Inter,12,4,0,0,10.0,1.0,9.0,3
2017-18,5,Lazio,10,3,1,0,9.0,4.0,5.0,4
2017-18,5,Milan,9,3,0,1,8.0,6.0,2.0,5
2017-18,5,Torino,8,2,2,0,7.0,3.0,4.0,6
2017-18,5,Sampdoria,8,2,2,0,7.0,5.0,2.0,7
2017-18,5,Roma,7,2,1,1,6.0,4.0,2.0,8
2017-18,5,Fiorentina,6,2,0,2,8.0,6.0,2.0,9
2017-18,5,Cagliari,6,2,0,2,4.0,5.0,-1.0,10
2017-18,5,Atalanta,4,1,1,2,4.0,6.0,-2.0,11
2017-18,5,Chievo,4,1,1,2,4.0,7.0,-3.0,12
2017-18,5,Bologna,4,1,1,2,3.0,6.0,-3.0,13
2017-18,5,SPAL,4,1,1,2,3.0,6.0,-3.0,14
2017-18,5,Udinese,3,1,0,3,5.0,7.0,-2.0,15
2017-18,5,Genoa,1,0,1,3,4.0,8.0,-4.0,16
2017-18,5,Sassuolo,1,0,1,3,2.0,8.0,-6.0,17
2017-18,5,Crotone,1,0,1,3,0.0,6.0,-6.0,18
2017-18,5,Verona,1,0,1,3,1.0,11.0,-10.0,19
2017-18,5,Benevento,0,0,0,4,1.0,10.0,-9.0,20
2017-18,6,Napoli,15,5,0,0,19.0,3.0,16.0,1
2017-18,6,Juventus,15,5,0,0,14.0,3.0,11.0,2
2017-18,6,Inter,13,4,1,0,11.0,2.0,9.0,3
2017-18,6,Milan,12,4,0,1,10.0,6.0,4.0,4
2017-18,6,Torino,11,3,2,0,10.0,5.0,5.0,5
2017-18,6,Roma,10,3,1,1,10.0,4.0,6.0,6
2017-18,6,Lazio,10,3,1,1,10.0,8.0,2.0,7
2017-18,6,Sampdoria,9,2,3,0,7.0,5.0,2.0,8
2017-18,6,Atalanta,7,2,1,2,9.0,7.0,2.0,9
2017-18,6,Fiorentina,6,2,0,3,8.0,7.0,1.0,10
2017-18,6,Cagliari,6,2,0,3,4.0,6.0,-2.0,11
2017-18,6,Chievo,5,1,2,2,5.0,8.0,-3.0,12
2017-18,6,Bologna,5,1,2,2,4.0,7.0,-3.0,13
2017-18,6,SPAL,4,1,1,3,3.0,8.0,-5.0,14
2017-18,6,Sassuolo,4,1,1,3,3.0,8.0,-5.0,15
2017-18,6,Udinese,3,1,0,4,7.0,10.0,-3.0,16
2017-18,6,Genoa,2,0,2,3,5.0,9.0,-4.0,17
2017-18,6,Verona,2,0,2,3,1.0,11.0,-10.0,18
2017-18,6,Crotone,1,0,1,4,1.0,11.0,-10.0,19
2017-18,6,Benevento,0,0,0,5,1.0,14.0,-13.0,20
2017-18,7,Napoli,18,6,0,0,22.0,5.0,17.0,1
2017-18,7,Juventus,18,6,0,0,18.0,3.0,15.0,2
2017-18,7,Inter,16,5,1,0,12.0,2.0,10.0,3
2017-18,7,Roma,13,4,1,1,13.0,5.0,8.0,4
2017-18,7,Lazio,13,4,1,1,13.0,8.0,5.0,5
2017-18,7,Sampdoria,12,3,3,0,9.0,5.0,4.0,6
2017-18,7,Milan,12,4,0,2,10.0,8.0,2.0,7
2017-18,7,Torino,11,3,2,1,10.0,9.0,1.0,8
2017-18,7,Atalanta,8,2,2,2,10.0,8.0,2.0,9
2017-18,7,Chievo,8,2,2,2,7.0,8.0,-1.0,10
2017-18,7,Bologna,8,2,2,2,5.0,7.0,-2.0,11
2017-18,7,Fiorentina,7,2,1,3,9.0,8.0,1.0,12
2017-18,7,Cagliari,6,2,0,4,4.0,8.0,-4.0,13
2017-18,7,SPAL,4,1,1,4,5.0,11.0,-6.0,14
2017-18,7,Sassuolo,4,1,1,4,3.0,9.0,-6.0,15
2017-18,7,Crotone,4,1,1,4,3.0,11.0,-8.0,16
2017-18,7,Udinese,3,1,0,5,8.0,13.0,-5.0,17
2017-18,7,Genoa,2,0,2,4,5.0,10.0,-5.0,18
2017-18,7,Verona,2,0,2,4,1.0,14.0,-13.0,19
2017-18,7,Benevento,0,0,0,6,1.0,16.0,-15.0,20
2017-18,8,Napoli,21,7,0,0,25.0,5.0,20.0,1
2017-18,8,Juventus,19,6,1,0,20.0,5.0,15.0,2
2017-18,8,Inter,19,6,1,0,14.0,3.0,11.0,3
2017-18,8,Lazio,16,5,1,1,19.0,9.0,10.0,4
2017-18,8,Roma,16,5,1,1,15.0,5.0,10.0,5
2017-18,8,Torino,12,3,3,1,12.0,11.0,1.0,6
2017-18,8,Milan,12,4,0,3,10.0,10.0,0.0,7
2017-18,8,Sampdoria,12,3,3,1,9.0,9.0,0.0,8
2017-18,8,Chievo,11,3,2,2,9.0,9.0,0.0,9
2017-18,8,Bologna,11,3,2,2,6.0,7.0,-1.0,10
2017-18,8,Atalanta,9,2,3,2,12.0,10.0,2.0,11
2017-18,8,Fiorentina,7,2,1,4,10.0,10.0,0.0,12
2017-18,8,Udinese,6,2,0,5,12.0,13.0,-1.0,13
2017-18,8,Cagliari,6,2,0,5,4.0,11.0,-7.0,14
2017-18,8,SPAL,5,1,2,4,6.0,12.0,-6.0,15
2017-18,8,Crotone,5,1,2,4,4.0,12.0,-8.0,16
2017-18,8,Sassuolo,4,1,1,5,4.0,15.0,-11.0,17
2017-18,8,Verona,3,0,3,4,3.0,16.0,-13.0,18
2017-18,8,Genoa,2,0,2,5,5.0,11.0,-6.0,19
2017-18,8,Benevento,0,0,0,7,2.0,18.0,-16.0,20
2017-18,9,Napoli,24,8,0,0,26.0,5.0,21.0,1
2017-18,9,Inter,22,7,1,0,17.0,5.0,12.0,2
2017-18,9,Juventus,19,6,1,1,21.0,7.0,14.0,3
2017-18,9,Lazio,19,6,1,1,21.0,10.0,11.0,4
2017-18,9,Roma,16,5,1,2,15.0,6.0,9.0,5
2017-18,9,Sampdoria,15,4,3,1,12.0,10.0,2.0,6
2017-18,9,Bologna,14,4,2,2,8.0,8.0,0.0,7
2017-18,9,Torino,13,3,4,1,14.0,13.0,1.0,8
2017-18,9,Chievo,12,3,3,2,9.0,9.0,0.0,9
2017-18,9,Milan,12,4,0,4,12.0,13.0,-1.0,10
2017-18,9,Fiorentina,10,3,1,4,12.0,11.0,1.0,11
2017-18,9,Atalanta,9,2,3,3,13.0,13.0,0.0,12
2017-18,9,Udinese,6,2,0,6,13.0,15.0,-2.0,13
2017-18,9,Crotone,6,1,3,4,6.0,14.0,-8.0,14
2017-18,9,Cagliari,6,2,0,6,6.0,14.0,-8.0,15
2017-18,9,Verona,6,1,3,4,4.0,16.0,-12.0,16
2017-18,9,Genoa,5,1,2,5,8.0,13.0,-5.0,17
2017-18,9,SPAL,5,1,2,5,7.0,14.0,-7.0,18
2017-18,9,Sassuolo,5,1,2,5,4.0,15.0,-11.0,19
2017-18,9,Benevento,0,0,0,8,2.0,19.0,-17.0,20
2017-18,10,Napoli,25,8,1,0,26.0,5.0,21.0,1
2017-18,10,Inter,23,7,2,0,17.0,5.0,12.0,2
2017-18,10,Juventus,22,7,1,1,27.0,9.0,18.0,3
2017-18,10,Lazio,22,7,1,1,24.0,10.0,14.0,4
2017-18,10,Roma,19,6,1,2,16.0,6.0,10.0,5
2017-18,10,Sampdoria,18,5,3,1,17.0,10.0,7.0,6
2017-18,10,Chievo,15,4,3,2,12.0,11.0,1.0,7
2017-18,10,Bologna,14,4,2,3,8.0,9.0,-1.0,8
2017-18,10,Fiorentina,13,4,1,4,15.0,11.0,4.0,9
2017-18,10,Torino,13,3,4,2,14.0,14.0,0.0,10
2017-18,10,Milan,13,4,1,4,12.0,13.0,-1.0,11
2017-18,10,Atalanta,12,3,3,3,14.0,13.0,1.0,12
2017-18,10,Sassuolo,8,2,2,5,5.0,15.0,-10.0,13
2017-18,10,Genoa,6,1,3,5,8.0,13.0,-5.0,14
2017-18,10,Udinese,6,2,0,7,15.0,21.0,-6.0,15
2017-18,10,Cagliari,6,2,0,7,6.0,17.0,-11.0,16
2017-18,10,Verona,6,1,3,5,6.0,19.0,-13.0,17
2017-18,10,Crotone,6,1,3,5,6.0,19.0,-13.0,18
2017-18,10,SPAL,5,1,2,6,7.0,15.0,-8.0,19
2017-18,10,Benevento,0,0,0,9,2.0,22.0,-20.0,20
2017-18,11,Napoli,28,9,1,0,29.0,7.0,22.0,1
2017-18,11,Inter,26,8,2,0,20.0,7.0,13.0,2
2017-18,11,Juventus,25,8,1,1,31.0,10.0,21.0,3
2017-18,11,Lazio,25,8,1,1,26.0,11.0,15.0,4
2017-18,11,Roma,22,7,1,2,17.0,6.0,11.0,5
2017-18,11,Sampdoria,18,5,3,2,19.0,13.0,6.0,6
2017-18,11,Fiorentina,16,5,1,4,18.0,11.0,7.0,7
2017-18,11,Milan,16,5,1,4,16.0,14.0,2.0,8
2017-18,11,Atalanta,15,4,3,3,17.0,13.0,4.0,9
2017-18,11,Chievo,15,4,3,3,13.0,15.0,-2.0,10
2017-18,11,Bologna,14,4,2,4,9.0,11.0,-2.0,11
2017-18,11,Torino,13,3,4,3,14.0,17.0,-3.0,12
2017-18,11,Udinese,9,3,0,7,16.0,21.0,-5.0,13
2017-18,11,Cagliari,9,3,0,7,8.0,18.0,-10.0,14
2017-18,11,Sassuolo,8,2,2,6,5.0,16.0,-11.0,15
2017-18,11,Genoa,6,1,3,6,10.0,16.0,-6.0,16
2017-18,11,Crotone,6,1,3,6,6.0,20.0,-14.0,17
2017-18,11,Verona,6,1,3,6,6.0,22.0,-16.0,18
2017-18,11,SPAL,5,1,2,7,8.0,19.0,-11.0,19
2017-18,11,Benevento,0,0,0,10,3.0,24.0,-21.0,20
2017-18,12,Napoli,31,10,1,0,32.0,8.0,24.0,1
2017-18,12,Inter,29,9,2,0,22.0,8.0,14.0,2
2017-18,12,Juventus,28,9,1,1,33.0,10.0,23.0,3
2017-18,12,Lazio,28,9,1,1,31.0,12.0,19.0,4
2017-18,12,Roma,25,8,1,2,18.0,6.0,12.0,5
2017-18,12,Sampdoria,21,6,3,2,23.0,14.0,9.0,6
2017-18,12,Fiorentina,16,5,1,5,19.0,13.0,6.0,7
2017-18,12,Milan,16,5,1,5,16.0,16.0,0.0,8
2017-18,12,Torino,16,4,4,3,16.0,18.0,-2.0,9
2017-18,12,Atalanta,15,4,3,4,18.0,15.0,3.0,10
2017-18,12,Chievo,15,4,3,4,14.0,19.0,-5.0,11
2017-18,12,Bologna,14,4,2,5,9.0,12.0,-3.0,12
2017-18,12,Udinese,12,4,0,7,18.0,22.0,-4.0,13
2017-18,12,Cagliari,9,3,0,8,9.0,20.0,-11.0,14
2017-18,12,Crotone,9,2,3,6,8.0,21.0,-13.0,15
2017-18,12,SPAL,8,2,2,7,9.0,19.0,-10.0,16
2017-18,12,Sassuolo,8,2,2,7,6.0,19.0,-13.0,17
2017-18,12,Genoa,6,1,3,7,10.0,17.0,-7.0,18
2017-18,12,Verona,6,1,3,7,7.0,24.0,-17.0,19
2017-18,12,Benevento,0,0,0,11,4.0,29.0,-25.0,20
2017-18,13,Napoli,32,10,2,0,32.0,8.0,24.0,1
2017-18,13,Juventus,31,10,1,1,35.0,11.0,24.0,2
2017-18,13,Lazio,31,10,1,1,34.0,12.0,22.0,3
2017-18,13,Inter,30,9,3,0,23.0,9.0,14.0,4
2017-18,13,Roma,28,9,1,2,22.0,8.0,14.0,5
2017-18,13,Sampdoria,24,7,3,2,25.0,14.0,11.0,6
2017-18,13,Milan,19,6,1,5,18.0,16.0,2.0,7
2017-18,13,Torino,17,4,5,3,17.0,19.0,-2.0,8
2017-18,13,Fiorentina,16,5,1,6,21.0,17.0,4.0,9
2017-18,13,Atalanta,16,4,4,4,19.0,16.0,3.0,10
2017-18,13,Chievo,16,4,4,4,14.0,19.0,-5.0,11
2017-18,13,Bologna,14,4,2,6,11.0,15.0,-4.0,12
2017-18,13,Udinese,12,4,0,8,18.0,25.0,-7.0,13
2017-18,13,Cagliari,12,4,0,8,11.0,21.0,-10.0,14
2017-18,13,Crotone,12,3,3,6,11.0,23.0,-12.0,15
2017-18,13,SPAL,9,2,3,7,10.0,20.0,-10.0,16
2017-18,13,Sassuolo,8,2,2,8,6.0,21.0,-15.0,17
2017-18,13,Genoa,6,1,3,8,10.0,19.0,-9.0,18
2017-18,13,Verona,6,1,3,8,8.0,26.0,-18.0,19
2017-18,13,Benevento,0,0,0,12,5.0,31.0,-26.0,20
2017-18,14,Napoli,35,11,2,0,34.0,9.0,25.0,1
2017-18,14,Inter,33,10,3,0,25.0,9.0,16.0,2
2017-18,14,Juventus,31,10,1,2,37.0,14.0,23.0,3
2017-18,14,Lazio,31,10,1,2,35.0,14.0,21.0,4
2017-18,14,Roma,31,10,1,2,24.0,9.0,15.0,5
2017-18,14,Sampdoria,27,8,3,2,28.0,16.0,12.0,6
2017-18,14,Milan,19,6,1,6,19.0,18.0,1.0,7
2017-18,14,Torino,18,4,6,3,18.0,20.0,-2.0,8
2017-18,14,Fiorentina,17,5,2,6,22.0,18.0,4.0,9
2017-18,14,Bologna,17,5,2,6,14.0,17.0,-3.0,10
2017-18,14,Chievo,17,4,5,4,15.0,20.0,-5.0,11
2017-18,14,Atalanta,16,4,4,5,19.0,18.0,1.0,12
2017-18,14,Cagliari,15,5,0,8,12.0,21.0,-9.0,13
2017-18,14,Udinese,12,4,0,9,18.0,26.0,-8.0,14
2017-18,14,Crotone,12,3,3,7,11.0,24.0,-13.0,15
2017-18,14,Sassuolo,11,3,2,8,8.0,22.0,-14.0,16
2017-18,14,SPAL,10,2,4,7,11.0,21.0,-10.0,17
2017-18,14,Genoa,9,2,3,8,11.0,19.0,-8.0,18
2017-18,14,Verona,6,1,3,9,10.0,29.0,-19.0,19
2017-18,14,Benevento,0,0,0,13,6.0,33.0,-27.0,20
2017-18,15,Napoli,38,12,2,0,35.0,9.0,26.0,1
2017-18,15,Inter,36,11,3,0,28.0,10.0,18.0,2
2017-18,15,Juventus,34,11,1,2,40.0,14.0,26.0,3
2017-18,15,Lazio,32,10,2,2,36.0,15.0,21.0,4
2017-18,15,Roma,32,10,2,2,25.0,10.0,15.0,5
2017-18,15,Sampdoria,27,8,3,3,28.0,19.0,9.0,6
2017-18,15,Milan,20,6,2,6,19.0,18.0,1.0,7
2017-18,15,Bologna,20,6,2,6,17.0,17.0,0.0,8
2017-18,15,Chievo,20,5,5,4,17.0,21.0,-4.0,9
2017-18,15,Atalanta,19,5,4,5,20.0,18.0,2.0,10
2017-18,15,Torino,19,4,7,3,18.0,20.0,-2.0,11
2017-18,15,Fiorentina,18,5,3,6,23.0,19.0,4.0,12
2017-18,15,Cagliari,15,5,0,9,13.0,24.0,-11.0,13
2017-18,15,Udinese,12,4,0,10,18.0,27.0,-9.0,14
2017-18,15,Crotone,12,3,3,8,11.0,27.0,-16.0,15
2017-18,15,Sassuolo,11,3,2,9,8.0,24.0,-16.0,16
2017-18,15,Genoa,10,2,4,8,12.0,20.0,-8.0,17
2017-18,15,SPAL,10,2,4,8,12.0,23.0,-11.0,18
2017-18,15,Verona,9,2,3,9,12.0,29.0,-17.0,19
2017-18,15,Benevento,0,0,0,14,6.0,34.0,-28.0,20
2017-18,16,Inter,39,12,3,0,33.0,10.0,23.0,1
2017-18,16,Napoli,38,12,2,1,35.0,10.0,25.0,2
2017-18,16,Juventus,37,12,1,2,41.0,14.0,27.0,3
2017-18,16,Lazio,35,11,2,2,38.0,16.0,22.0,4
2017-18,16,Roma,35,11,2,2,28.0,11.0,17.0,5
2017-18,16,Sampdoria,27,8,3,4,29.0,21.0,8.0,6
2017-18,16,Fiorentina,21,6,3,6,26.0,19.0,7.0,7
2017-18,16,Milan,21,6,3,6,21.0,20.0,1.0,8
2017-18,16,Bologna,21,6,3,6,18.0,18.0,0.0,9
2017-18,16,Atalanta,20,5,5,5,21.0,19.0,2.0,10
2017-18,16,Torino,20,4,8,3,19.0,21.0,-2.0,11
2017-18,16,Chievo,20,5,5,5,17.0,26.0,-9.0,12
2017-18,16,Cagliari,16,5,1,9,14.0,25.0,-11.0,13
2017-18,16,Udinese,15,5,0,10,21.0,27.0,-6.0,14
2017-18,16,Genoa,13,3,4,8,13.0,20.0,-7.0,15
2017-18,16,Crotone,12,3,3,9,11.0,30.0,-19.0,16
2017-18,16,Sassuolo,11,3,2,10,8.0,27.0,-19.0,17
2017-18,16,SPAL,10,2,4,9,13.0,26.0,-13.0,18
2017-18,16,Verona,9,2,3,10,12.0,30.0,-18.0,19
2017-18,16,Benevento,1,0,1,14,8.0,36.0,-28.0,20
2017-18,17,Inter,40,12,4,0,33.0,10.0,23.0,1
2017-18,17,Napoli,39,12,3,1,35.0,10.0,25.0,2
2017-18,17,Juventus,38,12,2,2,41.0,14.0,27.0,3
2017-18,17,Roma,36,11,3,2,28.0,11.0,17.0,4
2017-18,17,Lazio,35,11,2,3,39.0,19.0,20.0,5
2017-18,17,Sampdoria,28,8,4,4,31.0,23.0,8.0,6
2017-18,17,Milan,24,7,3,6,23.0,21.0,2.0,7
2017-18,17,Atalanta,23,6,5,5,23.0,20.0,3.0,8
2017-18,17,Torino,23,5,8,3,22.0,22.0,0.0,9
2017-18,17,Fiorentina,22,6,4,6,26.0,19.0,7.0,10
2017-18,17,Bologna,21,6,3,7,19.0,20.0,-1.0,11
2017-18,17,Chievo,21,5,6,5,17.0,26.0,-9.0,12
2017-18,17,Udinese,18,6,0,10,23.0,27.0,-4.0,13
2017-18,17,Cagliari,17,5,2,9,16.0,27.0,-11.0,14
2017-18,17,Sassuolo,14,4,2,10,10.0,28.0,-18.0,15
2017-18,17,Genoa,13,3,4,9,14.0,22.0,-8.0,16
2017-18,17,Crotone,12,3,3,10,12.0,32.0,-20.0,17
2017-18,17,SPAL,11,2,5,9,15.0,28.0,-13.0,18
2017-18,17,Verona,10,2,4,10,14.0,32.0,-18.0,19
2017-18,17,Benevento,1,0,1,15,8.0,38.0,-30.0,20
2017-18,18,Napoli,42,13,3,1,38.0,11.0,27.0,1
2017-18,18,Juventus,41,13,2,2,44.0,14.0,30.0,2
2017-18,18,Inter,40,12,4,1,34.0,13.0,21.0,3
2017-18,18,Roma,39,12,3,2,29.0,11.0,18.0,4
2017-18,18,Lazio,36,11,3,3,42.0,22.0,20.0,5
2017-18,18,Sampdoria,28,8,4,5,31.0,24.0,7.0,6
2017-18,18,Atalanta,24,6,6,5,26.0,23.0,3.0,7
2017-18,18,Milan,24,7,3,7,23.0,24.0,-1.0,8
2017-18,18,Fiorentina,23,6,5,6,26.0,19.0,7.0,9
2017-18,18,Torino,23,5,8,4,23.0,25.0,-2.0,10
2017-18,18,Udinese,21,7,0,10,26.0,28.0,-2.0,11
2017-18,18,Bologna,21,6,3,8,19.0,23.0,-4.0,12
2017-18,18,Chievo,21,5,6,6,17.0,27.0,-10.0,13
2017-18,18,Cagliari,17,5,2,10,16.0,28.0,-12.0,14
2017-18,18,Sassuolo,17,5,2,10,11.0,28.0,-17.0,15
2017-18,18,Crotone,15,4,3,10,13.0,32.0,-19.0,16
2017-18,18,Genoa,14,3,5,9,14.0,22.0,-8.0,17
2017-18,18,SPAL,14,3,5,9,17.0,29.0,-12.0,18
2017-18,18,Verona,13,3,4,10,17.0,32.0,-15.0,19
2017-18,18,Benevento,1,0,1,16,9.0,40.0,-31.0,20
2017-18,19,Napoli,45,14,3,1,41.0,13.0,28.0,1
2017-18,19,Juventus,44,14,2,2,45.0,14.0,31.0,2
2017-18,19,Inter,40,12,4,2,34.0,14.0,20.0,3
2017-18,19,Lazio,39,12,3,3,46.0,22.0,24.0,4
2017-18,19,Roma,39,12,3,3,29.0,12.0,17.0,5
2017-18,19,Sampdoria,28,8,4,6,33.0,27.0,6.0,6
2017-18,19,Atalanta,27,7,6,5,28.0,23.0,5.0,7
2017-18,19,Fiorentina,26,7,5,6,27.0,19.0,8.0,8
2017-18,19,Udinese,24,8,0,10,30.0,28.0,2.0,9
2017-18,19,Torino,24,5,9,4,25.0,27.0,-2.0,10
2017-18,19,Milan,24,7,3,8,23.0,26.0,-3.0,11
2017-18,19,Bologna,24,7,3,8,22.0,25.0,-3.0,12
2017-18,19,Chievo,21,5,6,7,19.0,30.0,-11.0,13
2017-18,19,Sassuolo,20,6,2,10,12.0,28.0,-16.0,14
2017-18,19,Genoa,17,4,5,9,15.0,22.0,-7.0,15
2017-18,19,Cagliari,17,5,2,11,16.0,29.0,-13.0,16
2017-18,19,SPAL,15,3,6,9,19.0,31.0,-12.0,17
2017-18,19,Crotone,15,4,3,11,13.0,36.0,-23.0,18
2017-18,19,Verona,13,3,4,11,17.0,36.0,-19.0,19
2017-18,19,Benevento,1,0,1,17,9.0,41.0,-32.0,20
2017-18,20,Napoli,48,15,3,1,42.0,13.0,29.0,1
2017-18,20,Juventus,47,15,2,2,48.0,15.0,33.0,2
2017-18,20,Inter,41,12,5,2,34.0,14.0,20.0,3
2017-18,20,Lazio,40,12,4,3,46.0,22.0,24.0,4
2017-18,20,Roma,40,12,4,3,30.0,13.0,17.0,5
2017-18,20,Sampdoria,31,9,4,6,35.0,27.0,8.0,6
2017-18,20,Fiorentina,27,7,6,6,28.0,20.0,8.0,7
2017-18,20,Atalanta,27,7,6,6,29.0,25.0,4.0,8
2017-18,20,Udinese,27,9,0,10,32.0,29.0,3.0,9
2017-18,20,Torino,25,5,10,4,25.0,27.0,-2.0,10
2017-18,20,Milan,25,7,4,8,24.0,27.0,-3.0,11
2017-18,20,Bologna,24,7,3,9,23.0,27.0,-4.0,12
2017-18,20,Chievo,21,5,6,8,19.0,31.0,-12.0,13
2017-18,20,Sassuolo,21,6,3,10,13.0,29.0,-16.0,14
2017-18,20,Cagliari,20,6,2,11,18.0,30.0,-12.0,15
2017-18,20,Genoa,18,4,6,9,15.0,22.0,-7.0,16
2017-18,20,SPAL,15,3,6,10,19.0,33.0,-14.0,17
2017-18,20,Crotone,15,4,3,12,13.0,37.0,-24.0,18
2017-18,20,Verona,13,3,4,12,18.0,39.0,-21.0,19
2017-18,20,Benevento,4,1,1,17,10.0,41.0,-31.0,20
2017-18,21,Napoli,51,16,3,1,44.0,13.0,31.0,1
2017-18,21,Juventus,50,16,2,2,49.0,15.0,34.0,2
2017-18,21,Lazio,43,13,4,3,51.0,24.0,27.0,3
2017-18,21,Inter,42,12,6,2,35.0,15.0,20.0,4
2017-18,21,Roma,40,12,4,4,31.0,15.0,16.0,5
2017-18,21,Sampdoria,31,9,4,7,37.0,30.0,7.0,6
2017-18,21,Atalanta,30,8,6,6,31.0,26.0,5.0,7
2017-18,21,Fiorentina,28,7,7,6,29.0,21.0,8.0,8
2017-18,21,Udinese,28,9,1,10,33.0,30.0,3.0,9
2017-18,21,Torino,28,6,10,4,28.0,27.0,1.0,10
2017-18,21,Milan,28,8,4,8,25.0,27.0,-2.0,11
2017-18,21,Bologna,24,7,3,10,23.0,30.0,-7.0,12
2017-18,21,Chievo,22,5,7,8,20.0,32.0,-12.0,13
2017-18,21,Genoa,21,5,6,9,16.0,22.0,-6.0,14
2017-18,21,Sassuolo,21,6,3,11,13.0,30.0,-17.0,15
2017-18,21,Cagliari,20,6,2,12,18.0,31.0,-13.0,16
2017-18,21,SPAL,15,3,6,11,21.0,38.0,-17.0,17
2017-18,21,Crotone,15,4,3,13,13.0,38.0,-25.0,18
2017-18,21,Verona,13,3,4,13,18.0,41.0,-23.0,19
2017-18,21,Benevento,7,2,1,17,13.0,43.0,-30.0,20
2017-18,22,Napoli,54,17,3,1,45.0,13.0,32.0,1
2017-18,22,Juventus,53,17,2,2,50.0,15.0,35.0,2
2017-18,22,Lazio,46,14,4,3,56.0,25.0,31.0,3
2017-18,22,Inter,43,12,7,2,36.0,16.0,20.0,4
2017-18,22,Roma,41,12,5,4,32.0,16.0,16.0,5
2017-18,22,Sampdoria,34,10,4,7,40.0,31.0,9.0,6
2017-18,22,Milan,31,9,4,8,27.0,28.0,-1.0,7
2017-18,22,Atalanta,30,8,6,7,31.0,27.0,4.0,8
2017-18,22,Udinese,29,9,2,10,34.0,31.0,3.0,9
2017-18,22,Torino,29,6,11,4,29.0,28.0,1.0,10
2017-18,22,Fiorentina,28,7,7,7,30.0,24.0,6.0,11
2017-18,22,Bologna,27,8,3,10,26.0,30.0,-4.0,12
2017-18,22,Chievo,22,5,7,9,21.0,37.0,-16.0,13
2017-18,22,Sassuolo,22,6,4,11,14.0,31.0,-17.0,14
2017-18,22,Genoa,21,5,6,10,16.0,23.0,-7.0,15
2017-18,22,Cagliari,20,6,2,13,19.0,33.0,-14.0,16
2017-18,22,Crotone,18,5,3,13,16.0,38.0,-22.0,17
2017-18,22,SPAL,16,3,7,11,22.0,39.0,-17.0,18
2017-18,22,Verona,13,3,4,14,18.0,44.0,-26.0,19
2017-18,22,Benevento,7,2,1,18,13.0,46.0,-33.0,20
2017-18,23,Napoli,57,18,3,1,48.0,14.0,34.0,1
2017-18,23,Juventus,56,18,2,2,52.0,15.0,37.0,2
2017-18,23,Lazio,46,14,4,4,57.0,27.0,30.0,3
2017-18,23,Inter,44,12,8,2,37.0,17.0,20.0,4
2017-18,23,Roma,41,12,5,5,32.0,17.0,15.0,5
2017-18,23,Sampdoria,37,11,4,7,41.0,31.0,10.0,6
2017-18,23,Milan,34,10,4,8,29.0,29.0,0.0,7
2017-18,23,Atalanta,33,9,6,7,34.0,27.0,7.0,8
2017-18,23,Udinese,32,10,2,10,35.0,31.0,4.0,9
2017-18,23,Torino,32,7,11,4,32.0,28.0,4.0,10
2017-18,23,Fiorentina,28,7,7,8,31.0,28.0,3.0,11
2017-18,23,Bologna,27,8,3,11,27.0,33.0,-6.0,12
2017-18,23,Chievo,22,5,7,10,21.0,39.0,-18.0,13
2017-18,23,Sassuolo,22,6,4,12,14.0,34.0,-20.0,14
2017-18,23,Genoa,21,5,6,11,16.0,24.0,-8.0,15
2017-18,23,Cagliari,21,6,3,13,20.0,34.0,-14.0,16
2017-18,23,Crotone,19,5,4,13,17.0,39.0,-22.0,17
2017-18,23,SPAL,17,3,8,11,23.0,40.0,-17.0,18
2017-18,23,Verona,16,4,4,14,22.0,45.0,-23.0,19
2017-18,23,Benevento,7,2,1,19,13.0,49.0,-36.0,20
2017-18,24,Napoli,60,19,3,1,50.0,14.0,36.0,1
2017-18,24,Juventus,59,19,2,2,59.0,15.0,44.0,2
2017-18,24,Lazio,46,14,4,5,58.0,29.0,29.0,3
2017-18,24,Inter,45,12,9,2,38.0,18.0,20.0,4
2017-18,24,Roma,44,13,5,5,33.0,17.0,16.0,5
2017-18,24,Sampdoria,38,11,5,7,42.0,32.0,10.0,6
2017-18,24,Atalanta,36,10,6,7,35.0,27.0,8.0,7
2017-18,24,Milan,35,10,5,8,30.0,30.0,0.0,8
2017-18,24,Udinese,33,10,3,10,36.0,32.0,4.0,9
2017-18,24,Torino,33,7,12,4,33.0,29.0,4.0,10
2017-18,24,Fiorentina,31,8,7,8,33.0,29.0,4.0,11
2017-18,24,Bologna,27,8,3,12,28.0,35.0,-7.0,12
2017-18,24,Genoa,24,6,6,11,18.0,25.0,-7.0,13
2017-18,24,Cagliari,24,7,3,13,22.0,34.0,-12.0,14
2017-18,24,Chievo,22,5,7,11,21.0,40.0,-19.0,15
2017-18,24,Sassuolo,22,6,4,13,14.0,41.0,-27.0,16
2017-18,24,Crotone,20,5,5,13,18.0,40.0,-22.0,17
2017-18,24,SPAL,17,3,8,12,23.0,42.0,-19.0,18
2017-18,24,Verona,16,4,4,15,22.0,46.0,-24.0,19
2017-18,24,Benevento,7,2,1,20,13.0,51.0,-38.0,20
2017-18,25,Napoli,63,20,3,1,54.0,15.0,39.0,1
2017-18,25,Juventus,62,20,2,2,61.0,15.0,46.0,2
2017-18,25,Inter,48,13,9,2,40.0,19.0,21.0,3
2017-18,25,Roma,47,14,5,5,38.0,19.0,19.0,4
2017-18,25,Lazio,46,14,4,6,59.0,33.0,26.0,5
2017-18,25,Sampdoria,41,12,5,7,44.0,32.0,12.0,6
2017-18,25,Milan,38,11,5,8,34.0,30.0,4.0,7
2017-18,25,Atalanta,37,10,7,7,36.0,28.0,8.0,8
2017-18,25,Torino,36,8,12,4,35.0,29.0,6.0,9
2017-18,25,Udinese,33,10,3,11,36.0,34.0,2.0,10
2017-18,25,Fiorentina,31,8,7,9,33.0,31.0,2.0,11
2017-18,25,Genoa,27,7,6,11,19.0,25.0,-6.0,12
2017-18,25,Bologna,27,8,3,13,29.0,37.0,-8.0,13
2017-18,25,Cagliari,25,7,4,13,22.0,34.0,-12.0,14
2017-18,25,Sassuolo,23,6,5,13,14.0,41.0,-27.0,15
2017-18,25,Chievo,22,5,7,12,21.0,41.0,-20.0,16
2017-18,25,Crotone,21,5,6,13,19.0,41.0,-22.0,17
2017-18,25,SPAL,17,3,8,13,23.0,46.0,-23.0,18
2017-18,25,Verona,16,4,4,16,22.0,48.0,-26.0,19
2017-18,25,Benevento,7,2,1,21,15.0,56.0,-41.0,20
2017-18,26,Napoli,66,21,3,1,55.0,15.0,40.0,1
2017-18,26,Juventus,65,21,2,2,62.0,15.0,47.0,2
2017-18,26,Roma,50,15,5,5,40.0,19.0,21.0,3
2017-18,26,Lazio,49,15,4,6,61.0,33.0,28.0,4
2017-18,26,Inter,48,13,9,3,40.0,21.0,19.0,5
2017-18,26,Sampdoria,41,12,5,8,44.0,33.0,11.0,6
2017-18,26,Milan,41,12,5,8,35.0,30.0,5.0,7
2017-18,26,Atalanta,38,10,8,7,37.0,29.0,8.0,8
2017-18,26,Torino,36,8,12,5,35.0,30.0,5.0,9
2017-18,26,Udinese,33,10,3,12,36.0,36.0,0.0,10
2017-18,26,Fiorentina,32,8,8,9,34.0,32.0,2.0,11
2017-18,26,Genoa,30,8,6,11,21.0,25.0,-4.0,12
2017-18,26,Bologna,30,9,3,13,31.0,38.0,-7.0,13
2017-18,26,Cagliari,25,7,4,14,23.0,36.0,-13.0,14
2017-18,26,Chievo,25,6,7,12,23.0,42.0,-19.0,15
2017-18,26,Sassuolo,23,6,5,14,15.0,43.0,-28.0,16
2017-18,26,Crotone,21,5,6,14,21.0,44.0,-23.0,17
2017-18,26,SPAL,17,3,8,14,23.0,47.0,-24.0,18
2017-18,26,Verona,16,4,4,17,22.0,50.0,-28.0,19
2017-18,26,Benevento,10,3,1,21,18.0,58.0,-40.0,20
2017-18,27,Napoli,69,22,3,1,60.0,15.0,45.0,1
2017-18,27,Juventus,68,22,2,2,64.0,15.0,49.0,2
2017-18,27,Lazio,52,16,4,6,64.0,33.0,31.0,3
2017-18,27,Inter,51,14,9,3,42.0,21.0,21.0,4
2017-18,27,Roma,50,15,5,6,40.0,21.0,19.0,5
2017-18,27,Sampdoria,44,13,5,8,46.0,34.0,12.0,6
2017-18,27,Milan,44,13,5,8,37.0,30.0,7.0,7
2017-18,27,Atalanta,38,10,8,8,37.0,31.0,6.0,8
2017-18,27,Torino,36,8,12,6,36.0,32.0,4.0,9
2017-18,27,Fiorentina,35,9,8,9,35.0,32.0,3.0,10
2017-18,27,Udinese,33,10,3,13,37.0,38.0,-1.0,11
2017-18,27,Bologna,33,10,3,13,33.0,38.0,-5.0,12
2017-18,27,Genoa,30,8,6,12,21.0,27.0,-6.0,13
2017-18,27,Cagliari,25,7,4,15,23.0,41.0,-18.0,14
2017-18,27,Chievo,25,6,7,13,23.0,43.0,-20.0,15
2017-18,27,Sassuolo,23,6,5,15,15.0,46.0,-31.0,16
2017-18,27,Crotone,21,5,6,15,23.0,47.0,-24.0,17
2017-18,27,SPAL,20,4,8,14,26.0,49.0,-23.0,18
2017-18,27,Verona,19,5,4,17,24.0,51.0,-27.0,19
2017-18,27,Benevento,10,3,1,22,18.0,60.0,-42.0,20
2017-18,28,Juventus,71,23,2,2,65.0,15.0,50.0,1
2017-18,28,Napoli,69,22,3,2,62.0,19.0,43.0,2
2017-18,28,Roma,53,16,5,6,44.0,23.0,21.0,3
2017-18,28,Lazio,52,16,4,7,64.0,34.0,30.0,4
2017-18,28,Inter,52,14,10,3,42.0,21.0,21.0,5
2017-18,28,Sampdoria,47,14,5,8,48.0,35.0,13.0,6
2017-18,28,Milan,45,13,6,8,37.0,30.0,7.0,7
2017-18,28,Torino,39,9,12,6,40.0,33.0,7.0,8
2017-18,28,Atalanta,38,10,8,9,38.0,33.0,5.0,9
2017-18,28,Fiorentina,38,10,8,9,37.0,32.0,5.0,10
2017-18,28,Udinese,33,10,3,14,37.0,40.0,-3.0,11
2017-18,28,Genoa,33,9,6,12,23.0,28.0,-5.0,12
2017-18,28,Bologna,33,10,3,14,33.0,39.0,-6.0,13
2017-18,28,Chievo,26,6,8,13,24.0,44.0,-20.0,14
2017-18,28,Cagliari,25,7,4,16,24.0,43.0,-19.0,15
2017-18,28,Sassuolo,24,6,6,15,16.0,47.0,-31.0,16
2017-18,28,SPAL,23,5,8,14,27.0,49.0,-22.0,17
2017-18,28,Crotone,21,5,6,16,24.0,51.0,-27.0,18
2017-18,28,Verona,19,5,4,18,24.0,54.0,-30.0,19
2017-18,28,Benevento,13,4,1,22,21.0,60.0,-39.0,20
2017-18,29,Juventus,74,24,2,2,67.0,15.0,52.0,1
2017-18,29,Napoli,70,22,4,2,62.0,19.0,43.0,2
2017-18,29,Roma,56,17,5,6,47.0,23.0,24.0,3
2017-18,29,Lazio,53,16,5,7,66.0,36.0,30.0,4
2017-18,29,Inter,53,14,11,3,42.0,21.0,21.0,5
2017-18,29,Milan,48,14,6,8,38.0,30.0,8.0,6
2017-18,29,Sampdoria,47,14,5,9,49.0,39.0,10.0,7
2017-18,29,Atalanta,41,11,8,9,39.0,33.0,6.0,8
2017-18,29,Fiorentina,41,11,8,9,38.0,32.0,6.0,9
2017-18,29,Torino,39,9,12,7,40.0,36.0,4.0,10
2017-18,29,Udinese,33,10,3,15,37.0,42.0,-5.0,11
2017-18,29,Genoa,33,9,6,13,23.0,29.0,-6.0,12
2017-18,29,Bologna,33,10,3,15,33.0,40.0,-7.0,13
2017-18,29,Cagliari,26,7,5,16,26.0,45.0,-19.0,14
2017-18,29,Chievo,26,6,8,14,24.0,45.0,-21.0,15
2017-18,29,Sassuolo,25,6,7,15,17.0,48.0,-31.0,16
2017-18,29,SPAL,24,5,9,14,28.0,50.0,-22.0,17
2017-18,29,Crotone,24,6,6,16,28.0,52.0,-24.0,18
2017-18,29,Verona,22,6,4,18,25.0,54.0,-29.0,19
2017-18,29,Benevento,13,4,1,23,21.0,61.0,-40.0,20
2017-18,30,Juventus,75,24,3,2,67.0,15.0,52.0,1
2017-18,30,Napoli,73,23,4,2,63.0,19.0,44.0,2
2017-18,30,Roma,59,18,5,6,49.0,23.0,26.0,3
2017-18,30,Inter,56,15,11,3,47.0,21.0,26.0,4
2017-18,30,Lazio,54,16,6,7,67.0,37.0,30.0,5
2017-18,30,Milan,51,15,6,8,41.0,32.0,9.0,6
2017-18,30,Sampdoria,47,14,5,10,49.0,44.0,5.0,7
2017-18,30,Atalanta,44,12,8,9,44.0,33.0,11.0,8
2017-18,30,Fiorentina,44,12,8,9,40.0,33.0,7.0,9
2017-18,30,Torino,39,9,12,8,41.0,38.0,3.0,10
2017-18,30,Bologna,34,10,4,15,34.0,41.0,-7.0,11
2017-18,30,Udinese,33,10,3,16,38.0,44.0,-6.0,12
2017-18,30,Genoa,33,9,6,14,23.0,30.0,-7.0,13
2017-18,30,Cagliari,29,8,5,16,28.0,46.0,-18.0,14
2017-18,30,Sassuolo,28,7,7,15,19.0,49.0,-30.0,15
2017-18,30,Chievo,26,6,8,15,26.0,48.0,-22.0,16
2017-18,30,SPAL,25,5,10,14,28.0,50.0,-22.0,17
2017-18,30,Crotone,24,6,6,17,28.0,54.0,-26.0,18
2017-18,30,Verona,22,6,4,19,25.0,59.0,-34.0,19
2017-18,30,Benevento,13,4,1,24,22.0,63.0,-41.0,20
2017-18,31,Juventus,78,25,3,2,70.0,16.0,54.0,1
2017-18,31,Napoli,74,23,5,2,64.0,20.0,44.0,2
2017-18,31,Roma,60,18,6,6,50.0,24.0,26.0,3
2017-18,31,Inter,59,16,11,3,50.0,21.0,29.0,4
2017-18,31,Lazio,57,17,6,7,73.0,39.0,34.0,5
2017-18,31,Milan,51,15,6,9,42.0,35.0,7.0,6
2017-18,31,Atalanta,47,13,8,9,46.0,33.0,13.0,7
2017-18,31,Fiorentina,47,13,8,9,42.0,33.0,9.0,8
2017-18,31,Sampdoria,47,14,5,11,50.0,46.0,4.0,9
2017-18,31,Torino,42,10,12,8,45.0,38.0,7.0,10
2017-18,31,Bologna,35,10,5,15,35.0,42.0,-7.0,11
2017-18,31,Genoa,34,9,7,14,24.0,31.0,-7.0,12
2017-18,31,Udinese,33,10,3,17,38.0,46.0,-8.0,13
2017-18,31,Chievo,29,7,8,15,28.0,49.0,-21.0,14
2017-18,31,Cagliari,29,8,5,17,28.0,50.0,-22.0,15
2017-18,31,Sassuolo,29,7,8,15,20.0,50.0,-30.0,16
2017-18,31,SPAL,26,5,11,14,29.0,51.0,-22.0,17
2017-18,31,Crotone,24,6,6,18,28.0,56.0,-28.0,18
2017-18,31,Verona,22,6,4,20,25.0,62.0,-37.0,19
2017-18,31,Benevento,13,4,1,25,24.0,69.0,-45.0,20
2017-18,32,Juventus,81,26,3,2,74.0,18.0,56.0,1
2017-18,32,Napoli,77,24,5,2,66.0,21.0,45.0,2
2017-18,32,Lazio,60,18,6,7,75.0,40.0,35.0,3
2017-18,32,Roma,60,18,6,7,50.0,26.0,24.0,4
2017-18,32,Inter,59,16,11,4,50.0,22.0,28.0,5
2017-18,32,Milan,52,15,7,9,43.0,36.0,7.0,6
2017-18,32,Fiorentina,50,14,8,9,44.0,33.0,11.0,7
2017-18,32,Atalanta,48,13,9,9,47.0,34.0,13.0,8
2017-18,32,Sampdoria,48,14,6,11,50.0,46.0,4.0,9
2017-18,32,Torino,45,11,12,8,46.0,38.0,8.0,10
2017-18,32,Genoa,35,9,8,14,24.0,31.0,-7.0,11
2017-18,32,Bologna,35,10,5,16,35.0,43.0,-8.0,12
2017-18,32,Udinese,33,10,3,18,39.0,48.0,-9.0,13
2017-18,32,Sassuolo,30,7,9,15,21.0,51.0,-30.0,14
2017-18,32,Chievo,29,7,8,16,29.0,51.0,-22.0,15
2017-18,32,Cagliari,29,8,5,18,28.0,51.0,-23.0,16
2017-18,32,SPAL,27,5,12,14,30.0,52.0,-22.0,17
2017-18,32,Crotone,27,7,6,18,29.0,56.0,-27.0,18
2017-18,32,Verona,25,7,4,20,26.0,62.0,-36.0,19
2017-18,32,Benevento,13,4,1,26,26.0,73.0,-47.0,20
2017-18,33,Juventus,84,27,3,2,77.0,18.0,59.0,1
2017-18,33,Napoli,78,24,6,2,66.0,21.0,45.0,2
2017-18,33,Lazio,61,18,7,7,75.0,40.0,35.0,3
2017-18,33,Roma,61,18,7,7,50.0,26.0,24.0,4
2017-18,33,Inter,60,16,12,4,50.0,22.0,28.0,5
2017-18,33,Milan,53,15,8,9,43.0,36.0,7.0,6
2017-18,33,Fiorentina,51,14,9,9,44.0,33.0,11.0,7
2017-18,33,Atalanta,49,13,10,9,47.0,34.0,13.0,8
2017-18,33,Sampdoria,48,14,6,12,50.0,49.0,1.0,9
2017-18,33,Torino,46,11,13,8,46.0,38.0,8.0,10
2017-18,33,Bologna,38,11,5,16,37.0,43.0,-6.0,11
2017-18,33,Genoa,38,10,8,14,25.0,31.0,-6.0,12
2017-18,33,Udinese,33,10,3,19,40.0,50.0,-10.0,13
2017-18,33,Cagliari,32,9,5,18,30.0,52.0,-22.0,14
2017-18,33,Sassuolo,31,7,10,15,23.0,53.0,-30.0,15
2017-18,33,Chievo,30,7,9,16,29.0,51.0,-22.0,16
2017-18,33,SPAL,28,5,13,14,30.0,52.0,-22.0,17
2017-18,33,Crotone,27,7,6,19,29.0,57.0,-28.0,18
2017-18,33,Verona,25,7,4,21,26.0,64.0,-38.0,19
2017-18,33,Benevento,14,4,2,26,28.0,75.0,-47.0,20
2017-18,34,Juventus,85,27,4,2,78.0,19.0,59.0,1
2017-18,34,Napoli,81,25,6,2,70.0,23.0,47.0,2
2017-18,34,Lazio,64,19,7,7,79.0,43.0,36.0,3
2017-18,34,Roma,64,19,7,7,52.0,27.0,25.0,4
2017-18,34,Inter,63,17,12,4,54.0,22.0,32.0,5
2017-18,34,Milan,54,15,9,9,44.0,37.0,7.0,6
2017-18,34,Atalanta,52,14,10,9,50.0,34.0,16.0,7
2017-18,34,Fiorentina,51,14,9,10,47.0,37.0,10.0,8
2017-18,34,Sampdoria,51,15,6,12,51.0,49.0,2.0,9
2017-18,34,Torino,47,11,14,8,47.0,39.0,8.0,10
2017-18,34,Bologna,38,11,5,17,37.0,44.0,-7.0,11
2017-18,34,Genoa,38,10,8,15,26.0,33.0,-7.0,12
2017-18,34,Sassuolo,34,8,10,15,24.0,53.0,-29.0,13
2017-18,34,Udinese,33,10,3,20,42.0,54.0,-12.0,14
2017-18,34,Cagliari,32,9,5,19,30.0,56.0,-26.0,15
2017-18,34,Chievo,31,7,10,16,29.0,51.0,-22.0,16
2017-18,34,SPAL,29,5,14,14,30.0,52.0,-22.0,17
2017-18,34,Crotone,28,7,7,19,30.0,58.0,-28.0,18
2017-18,34,Verona,25,7,4,22,26.0,65.0,-39.0,19
2017-18,34,Benevento,14,4,2,27,28.0,78.0,-50.0,20
2017-18,35,Juventus,85,27,4,3,78.0,20.0,58.0,1
2017-18,35,Napoli,84,26,6,2,71.0,23.0,48.0,2
2017-18,35,Lazio,67,20,7,7,83.0,43.0,40.0,3
2017-18,35,Roma,67,20,7,7,55.0,27.0,28.0,4
2017-18,35,Inter,66,18,12,4,56.0,23.0,33.0,5
2017-18,35,Atalanta,55,15,10,9,52.0,35.0,17.0,6
2017-18,35,Milan,54,15,9,10,44.0,38.0,6.0,7
2017-18,35,Fiorentina,51,14,9,11,47.0,38.0,9.0,8
2017-18,35,Sampdoria,51,15,6,13,51.0,53.0,-2.0,9
2017-18,35,Torino,47,11,14,9,48.0,41.0,7.0,10
2017-18,35,Genoa,41,11,8,15,29.0,34.0,-5.0,11
2017-18,35,Bologna,39,11,6,17,37.0,44.0,-7.0,12
2017-18,35,Sassuolo,37,9,10,15,25.0,53.0,-28.0,13
2017-18,35,Udinese,33,10,3,21,43.0,56.0,-13.0,14
2017-18,35,Cagliari,33,9,6,19,30.0,56.0,-26.0,15
2017-18,35,Chievo,31,7,10,17,30.0,53.0,-23.0,16
2017-18,35,Crotone,31,8,7,19,32.0,59.0,-27.0,17
2017-18,35,SPAL,29,5,14,15,30.0,55.0,-25.0,18
2017-18,35,Verona,25,7,4,23,27.0,68.0,-41.0,19
2017-18,35,Benevento,17,5,2,27,29.0,78.0,-49.0,20
2017-18,36,Juventus,88,28,4,3,81.0,22.0,59.0,1
2017-18,36,Napoli,84,26,6,3,71.0,26.0,45.0,2
2017-18,36,Lazio,70,21,7,7,84.0,43.0,41.0,3
2017-18,36,Roma,70,21,7,7,59.0,28.0,31.0,4
2017-18,36,Inter,66,18,12,5,58.0,26.0,32.0,5
2017-18,36,Atalanta,58,16,10,9,55.0,36.0,19.0,6
2017-18,36,Milan,57,16,9,10,46.0,39.0,7.0,7
2017-18,36,Fiorentina,54,15,9,11,50.0,38.0,12.0,8
2017-18,36,Sampdoria,54,16,6,13,55.0,54.0,1.0,9
2017-18,36,Torino,47,11,14,10,48.0,42.0,6.0,10
2017-18,36,Genoa,41,11,8,16,30.0,37.0,-7.0,11
2017-18,36,Bologna,39,11,6,18,38.0,46.0,-8.0,12
2017-18,36,Sassuolo,37,9,10,16,26.0,57.0,-31.0,13
2017-18,36,Udinese,34,10,4,21,46.0,59.0,-13.0,14
2017-18,36,Crotone,34,9,7,19,36.0,60.0,-24.0,15
2017-18,36,Cagliari,33,9,6,20,31.0,60.0,-29.0,16
2017-18,36,SPAL,32,6,14,15,33.0,56.0,-23.0,17
2017-18,36,Chievo,31,7,10,18,31.0,57.0,-26.0,18
2017-18,36,Verona,25,7,4,24,28.0,71.0,-43.0,19
2017-18,36,Benevento,18,5,3,27,32.0,81.0,-49.0,20
2017-18,37,Juventus,91,29,4,3,84.0,23.0,61.0,1
2017-18,37,Napoli,85,26,7,3,73.0,28.0,45.0,2
2017-18,37,Roma,73,22,7,7,60.0,28.0,32.0,3
2017-18,37,Lazio,71,21,8,7,85.0,44.0,41.0,4
2017-18,37,Inter,69,19,12,5,62.0,26.0,36.0,5
2017-18,37,Milan,60,17,9,10,50.0,40.0,10.0,6
2017-18,37,Atalanta,59,16,11,9,56.0,37.0,19.0,7
2017-18,37,Fiorentina,57,16,9,11,53.0,40.0,13.0,8
2017-18,37,Sampdoria,54,16,6,14,55.0,55.0,0.0,9
2017-18,37,Torino,48,11,15,10,50.0,44.0,6.0,10
2017-18,37,Genoa,41,11,8,17,32.0,40.0,-8.0,11
2017-18,37,Sassuolo,40,10,10,16,27.0,57.0,-30.0,12
2017-18,37,Bologna,39,11,6,19,39.0,49.0,-10.0,13
2017-18,37,SPAL,35,7,14,15,35.0,56.0,-21.0,14
2017-18,37,Udinese,34,10,4,22,46.0,63.0,-17.0,15
2017-18,37,Crotone,34,9,7,20,37.0,62.0,-25.0,16
2017-18,37,Chievo,34,8,10,18,33.0,58.0,-25.0,17
2017-18,37,Cagliari,33,9,6,21,31.0,61.0,-30.0,18
2017-18,37,Verona,25,7,4,25,29.0,75.0,-46.0,19
2017-18,37,Benevento,18,5,3,28,32.0,83.0,-51.0,20
2017-18,38,Juventus,92,29,5,3,84.0,23.0,61.0,1
2017-18,38,Napoli,88,27,7,3,75.0,28.0,47.0,2
2017-18,38,Roma,74,22,8,7,60.0,28.0,32.0,3
2017-18,38,Lazio,72,21,9,7,87.0,46.0,41.0,4
2017-18,38,Inter,69,19,12,6,63.0,28.0,35.0,5
2017-18,38,Milan,61,17,10,10,51.0,41.0,10.0,6
2017-18,38,Atalanta,60,16,12,9,57.0,38.0,19.0,7
2017-18,38,Fiorentina,57,16,9,12,53.0,41.0,12.0,8
2017-18,38,Sampdoria,54,16,6,15,55.0,57.0,-2.0,9
2017-18,38,Torino,51,12,15,10,52.0,45.0,7.0,10
2017-18,38,Sassuolo,43,11,10,16,29.0,58.0,-29.0,11
2017-18,38,Genoa,41,11,8,18,32.0,41.0,-9.0,12
2017-18,38,Bologna,39,11,6,20,40.0,51.0,-11.0,13
2017-18,38,Udinese,37,11,4,22,47.0,63.0,-16.0,14
2017-18,38,Chievo,37,9,10,18,35.0,59.0,-24.0,15
2017-18,38,Cagliari,36,10,6,21,32.0,61.0,-29.0,16
2017-18,38,SPAL,35,7,14,16,36.0,58.0,-22.0,17
2017-18,38,Crotone,35,9,8,20,39.0,64.0,-25.0,18
2017-18,38,Verona,25,7,4,26,29.0,76.0,-47.0,19
2017-18,38,Benevento,21,6,3,28,33.0,83.0,-50.0,20
2018-19,1,Parma,0,0,0,0,0,0,0,1
2018-19,1,Roma,0,0,0,0,0,0,0,2
2018-19,1,Sampdoria,0,0,0,0,0,0,0,3
2018-19,1,Inter,0,0,0,0,0,0,0,4
2018-19,1,Bologna,0,0,0,0,0,0,0,5
2018-19,1,Genoa,0,0,0,0,0,0,0,6
2018-19,1,Fiorentina,0,0,0,0,0,0,0,7
2018-19,1,Juventus,0,0,0,0,0,0,0,8
2018-19,1,Chievo,0,0,0,0,0,0,0,9
2018-19,1,Atalanta,0,0,0,0,0,0,0,10
2018-19,1,Udinese,0,0,0,0,0,0,0,11
2018-19,1,SPAL,0,0,0,0,0,0,0,12
2018-19,1,Napoli,0,0,0,0,0,0,0,13
2018-19,1,Lazio,0,0,0,0,0,0,0,14
2018-19,1,Empoli,0,0,0,0,0,0,0,15
2018-19,1,Frosinone,0,0,0,0,0,0,0,16
2018-19,1,Sassuolo,0,0,0,0,0,0,0,17
2018-19,1,Milan,0,0,0,0,0,0,0,18
2018-19,1,Torino,0,0,0,0,0,0,0,19
2018-19,1,Cagliari,0,0,0,0,0,0,0,20
2018-19,2,Atalanta,3,1,0,0,4.0,0.0,4.0,1
2018-19,2,Empoli,3,1,0,0,2.0,0.0,2.0,2
2018-19,2,Juventus,3,1,0,0,3.0,2.0,1.0,3
2018-19,2,Napoli,3,1,0,0,2.0,1.0,1.0,4
2018-19,2,Milan,3,1,0,0,2.0,1.0,1.0,5
2018-19,2,Roma,3,1,0,0,1.0,0.0,1.0,6
2018-19,2,SPAL,3,1,0,0,1.0,0.0,1.0,7
2018-19,2,Sassuolo,3,1,0,0,1.0,0.0,1.0,8
2018-19,2,Parma,1,0,1,0,2.0,2.0,0.0,9
2018-19,2,Udinese,1,0,1,0,2.0,2.0,0.0,10
2018-19,2,Sampdoria,1,0,1,0,1.0,1.0,0.0,11
2018-19,2,Fiorentina,1,0,1,0,1.0,1.0,0.0,12
2018-19,2,Chievo,0,0,0,1,2.0,3.0,-1.0,13
2018-19,2,Genoa,0,0,0,1,1.0,2.0,-1.0,14
2018-19,2,Lazio,0,0,0,1,1.0,2.0,-1.0,15
2018-19,2,Inter,0,0,0,1,0.0,1.0,-1.0,16
2018-19,2,Bologna,0,0,0,1,0.0,1.0,-1.0,17
2018-19,2,Torino,0,0,0,1,0.0,1.0,-1.0,18
2018-19,2,Cagliari,0,0,0,1,0.0,2.0,-2.0,19
2018-19,2,Frosinone,0,0,0,1,0.0,4.0,-4.0,20
2018-19,3,Juventus,6,2,0,0,5.0,2.0,3.0,1
2018-19,3,Napoli,6,2,0,0,5.0,3.0,2.0,2
2018-19,3,SPAL,6,2,0,0,2.0,0.0,2.0,3
2018-19,3,Fiorentina,4,1,1,0,7.0,2.0,5.0,4
2018-19,3,Atalanta,4,1,1,0,7.0,3.0,4.0,5
2018-19,3,Roma,4,1,1,0,4.0,3.0,1.0,6
2018-19,3,Udinese,4,1,1,0,3.0,2.0,1.0,7
2018-19,3,Sassuolo,4,1,1,0,3.0,2.0,1.0,8
2018-19,3,Empoli,3,1,0,1,3.0,2.0,1.0,9
2018-19,3,Milan,3,1,0,1,4.0,4.0,0.0,10
2018-19,3,Genoa,3,1,0,1,3.0,3.0,0.0,11
2018-19,3,Parma,1,0,1,1,2.0,3.0,-1.0,12
2018-19,3,Inter,1,0,1,1,2.0,3.0,-1.0,13
2018-19,3,Torino,1,0,1,1,2.0,3.0,-1.0,14
2018-19,3,Sampdoria,1,0,1,1,1.0,2.0,-1.0,15
2018-19,3,Bologna,1,0,1,1,0.0,1.0,-1.0,16
2018-19,3,Cagliari,1,0,1,1,2.0,4.0,-2.0,17
2018-19,3,Frosinone,1,0,1,1,0.0,4.0,-4.0,18
2018-19,3,Lazio,0,0,0,2,1.0,4.0,-3.0,19
2018-19,3,Chievo,0,0,0,2,3.0,9.0,-6.0,20
2018-19,4,Juventus,9,3,0,0,7.0,3.0,4.0,1
2018-19,4,Fiorentina,7,2,1,0,8.0,2.0,6.0,2
2018-19,4,Sassuolo,7,2,1,0,8.0,5.0,3.0,3
2018-19,4,Milan,6,2,0,1,6.0,5.0,1.0,4
2018-19,4,SPAL,6,2,0,1,2.0,1.0,1.0,5
2018-19,4,Napoli,6,2,0,1,5.0,6.0,-1.0,6
2018-19,4,Atalanta,4,1,1,1,7.0,4.0,3.0,7
2018-19,4,Inter,4,1,1,1,5.0,3.0,2.0,8
2018-19,4,Sampdoria,4,1,1,1,4.0,2.0,2.0,9
2018-19,4,Empoli,4,1,1,1,3.0,2.0,1.0,10
2018-19,4,Roma,4,1,1,1,5.0,5.0,0.0,11
2018-19,4,Udinese,4,1,1,1,3.0,3.0,0.0,12
2018-19,4,Torino,4,1,1,1,3.0,3.0,0.0,13
2018-19,4,Cagliari,4,1,1,1,3.0,4.0,-1.0,14
2018-19,4,Genoa,3,1,0,2,6.0,8.0,-2.0,15
2018-19,4,Lazio,3,1,0,2,2.0,4.0,-2.0,16
2018-19,4,Parma,1,0,1,2,3.0,5.0,-2.0,17
2018-19,4,Bologna,1,0,1,2,0.0,4.0,-4.0,18
2018-19,4,Frosinone,1,0,1,2,0.0,5.0,-5.0,19
2018-19,4,Chievo,1,0,1,2,3.0,9.0,-6.0,20
2018-19,5,Juventus,12,4,0,0,9.0,4.0,5.0,1
2018-19,5,SPAL,9,3,0,1,4.0,1.0,3.0,2
2018-19,5,Napoli,9,3,0,1,6.0,6.0,0.0,3
2018-19,5,Sampdoria,7,2,1,1,9.0,2.0,7.0,4
2018-19,5,Fiorentina,7,2,1,1,8.0,3.0,5.0,5
2018-19,5,Sassuolo,7,2,1,1,9.0,7.0,2.0,6
2018-19,5,Milan,7,2,1,1,7.0,6.0,1.0,7
2018-19,5,Genoa,6,2,0,2,7.0,8.0,-1.0,8
2018-19,5,Lazio,6,2,0,2,3.0,4.0,-1.0,9
2018-19,5,Roma,5,1,2,1,7.0,7.0,0.0,10
2018-19,5,Udinese,5,1,2,1,4.0,4.0,0.0,11
2018-19,5,Torino,5,1,2,1,4.0,4.0,0.0,12
2018-19,5,Cagliari,5,1,2,1,4.0,5.0,-1.0,13
2018-19,5,Atalanta,4,1,1,2,7.0,6.0,1.0,14
2018-19,5,Inter,4,1,1,2,5.0,4.0,1.0,15
2018-19,5,Empoli,4,1,1,2,3.0,3.0,0.0,16
2018-19,5,Parma,4,1,1,2,4.0,5.0,-1.0,17
2018-19,5,Chievo,2,0,2,2,5.0,11.0,-6.0,18
2018-19,5,Bologna,1,0,1,3,0.0,5.0,-5.0,19
2018-19,5,Frosinone,1,0,1,3,0.0,10.0,-10.0,20
2018-19,6,Juventus,15,5,0,0,11.0,4.0,7.0,1
2018-19,6,Napoli,12,4,0,1,9.0,7.0,2.0,2
2018-19,6,Fiorentina,10,3,1,1,11.0,3.0,8.0,3
2018-19,6,Sassuolo,10,3,1,1,12.0,8.0,4.0,4
2018-19,6,Lazio,9,3,0,2,7.0,5.0,2.0,5
2018-19,6,SPAL,9,3,0,2,4.0,4.0,0.0,6
2018-19,6,Udinese,8,2,2,1,6.0,4.0,2.0,7
2018-19,6,Milan,8,2,2,1,9.0,8.0,1.0,8
2018-19,6,Sampdoria,7,2,1,2,9.0,3.0,6.0,9
2018-19,6,Inter,7,2,1,2,6.0,4.0,2.0,10
2018-19,6,Parma,7,2,1,2,6.0,5.0,1.0,11
2018-19,6,Genoa,6,2,0,3,8.0,12.0,-4.0,12
2018-19,6,Atalanta,5,1,2,2,9.0,8.0,1.0,13
2018-19,6,Roma,5,1,2,2,7.0,9.0,-2.0,14
2018-19,6,Torino,5,1,2,2,5.0,7.0,-2.0,15
2018-19,6,Cagliari,5,1,2,2,4.0,7.0,-3.0,16
2018-19,6,Empoli,4,1,1,3,4.0,6.0,-2.0,17
2018-19,6,Bologna,4,1,1,3,2.0,5.0,-3.0,18
2018-19,6,Chievo,2,0,2,3,5.0,13.0,-8.0,19
2018-19,6,Frosinone,1,0,1,4,0.0,12.0,-12.0,20
2018-19,7,Juventus,18,6,0,0,13.0,4.0,9.0,1
2018-19,7,Napoli,15,5,0,1,12.0,7.0,5.0,2
2018-19,7,Sassuolo,13,4,1,1,14.0,8.0,6.0,3
2018-19,7,Lazio,12,4,0,2,9.0,6.0,3.0,4
2018-19,7,Fiorentina,10,3,1,2,12.0,5.0,7.0,5
2018-19,7,Inter,10,3,1,2,8.0,5.0,3.0,6
2018-19,7,Milan,9,2,3,1,10.0,9.0,1.0,7
2018-19,7,Genoa,9,3,0,3,10.0,12.0,-2.0,8
2018-19,7,SPAL,9,3,0,3,4.0,6.0,-2.0,9
2018-19,7,Sampdoria,8,2,2,2,9.0,3.0,6.0,10
2018-19,7,Roma,8,2,2,2,11.0,9.0,2.0,11
2018-19,7,Udinese,8,2,2,2,7.0,6.0,1.0,12
2018-19,7,Parma,7,2,1,3,6.0,8.0,-2.0,13
2018-19,7,Atalanta,6,1,3,2,9.0,8.0,1.0,14
2018-19,7,Torino,6,1,3,2,5.0,7.0,-2.0,15
2018-19,7,Cagliari,6,1,3,2,4.0,7.0,-3.0,16
2018-19,7,Empoli,5,1,2,3,5.0,7.0,-2.0,17
2018-19,7,Bologna,4,1,1,4,2.0,7.0,-5.0,18
2018-19,7,Chievo,2,0,2,4,5.0,15.0,-10.0,19
2018-19,7,Frosinone,1,0,1,5,0.0,16.0,-16.0,20
2018-19,8,Juventus,21,7,0,0,16.0,5.0,11.0,1
2018-19,8,Napoli,15,5,0,2,13.0,10.0,3.0,2
2018-19,8,Fiorentina,13,4,1,2,14.0,5.0,9.0,3
2018-19,8,Inter,13,4,1,2,10.0,5.0,5.0,4
2018-19,8,Sassuolo,13,4,1,2,15.0,12.0,3.0,5
2018-19,8,Milan,12,3,3,1,14.0,10.0,4.0,6
2018-19,8,Lazio,12,4,0,3,10.0,9.0,1.0,7
2018-19,8,Genoa,12,4,0,3,12.0,13.0,-1.0,8
2018-19,8,Sampdoria,11,3,2,2,11.0,4.0,7.0,9
2018-19,8,Roma,11,3,2,2,14.0,10.0,4.0,10
2018-19,8,Parma,10,3,1,3,7.0,8.0,-1.0,11
2018-19,8,Torino,9,2,3,2,6.0,7.0,-1.0,12
2018-19,8,SPAL,9,3,0,4,5.0,8.0,-3.0,13
2018-19,8,Udinese,8,2,2,3,8.0,8.0,0.0,14
2018-19,8,Bologna,7,2,1,4,4.0,8.0,-4.0,15
2018-19,8,Atalanta,6,1,3,3,9.0,10.0,-1.0,16
2018-19,8,Cagliari,6,1,3,3,4.0,9.0,-5.0,17
2018-19,8,Empoli,5,1,2,4,5.0,8.0,-3.0,18
2018-19,8,Chievo,2,0,2,5,5.0,16.0,-11.0,19
2018-19,8,Frosinone,1,0,1,6,1.0,18.0,-17.0,20
2018-19,9,Juventus,24,8,0,0,18.0,5.0,13.0,1
2018-19,9,Napoli,18,6,0,2,15.0,10.0,5.0,2
2018-19,9,Inter,16,5,1,2,12.0,6.0,6.0,3
2018-19,9,Milan,15,4,3,1,17.0,11.0,6.0,4
2018-19,9,Lazio,15,5,0,3,11.0,9.0,2.0,5
2018-19,9,Sampdoria,14,4,2,2,12.0,4.0,8.0,6
2018-19,9,Roma,14,4,2,2,16.0,10.0,6.0,7
2018-19,9,Fiorentina,13,4,1,3,14.0,6.0,8.0,8
2018-19,9,Sassuolo,13,4,1,3,15.0,14.0,1.0,9
2018-19,9,Parma,13,4,1,3,10.0,9.0,1.0,10
2018-19,9,Torino,12,3,3,2,9.0,9.0,0.0,11
2018-19,9,Genoa,12,4,0,4,13.0,16.0,-3.0,12
2018-19,9,Cagliari,9,2,3,3,6.0,9.0,-3.0,13
2018-19,9,SPAL,9,3,0,5,6.0,10.0,-4.0,14
2018-19,9,Udinese,8,2,2,4,8.0,10.0,-2.0,15
2018-19,9,Bologna,7,2,1,5,4.0,10.0,-6.0,16
2018-19,9,Atalanta,6,1,3,4,9.0,11.0,-2.0,17
2018-19,9,Empoli,5,1,2,5,5.0,10.0,-5.0,18
2018-19,9,Chievo,2,0,2,6,6.0,19.0,-13.0,19
2018-19,9,Frosinone,1,0,1,7,3.0,21.0,-18.0,20
2018-19,10,Juventus,25,8,1,0,19.0,6.0,13.0,1
2018-19,10,Napoli,21,7,0,2,18.0,10.0,8.0,2
2018-19,10,Inter,19,6,1,2,13.0,6.0,7.0,3
2018-19,10,Lazio,18,6,0,3,13.0,9.0,4.0,4
2018-19,10,Sampdoria,15,4,3,2,12.0,4.0,8.0,5
2018-19,10,Milan,15,4,3,2,17.0,12.0,5.0,6
2018-19,10,Fiorentina,14,4,2,3,15.0,7.0,8.0,7
2018-19,10,Roma,14,4,2,3,16.0,12.0,4.0,8
2018-19,10,Sassuolo,14,4,2,3,15.0,14.0,1.0,9
2018-19,10,Torino,13,3,4,2,11.0,11.0,0.0,10
2018-19,10,Parma,13,4,1,4,10.0,11.0,-1.0,11
2018-19,10,Genoa,13,4,1,4,14.0,17.0,-3.0,12
2018-19,10,SPAL,12,4,0,5,8.0,10.0,-2.0,13
2018-19,10,Cagliari,10,2,4,3,7.0,10.0,-3.0,14
2018-19,10,Atalanta,9,2,3,4,14.0,12.0,2.0,15
2018-19,10,Udinese,8,2,2,5,8.0,13.0,-5.0,16
2018-19,10,Bologna,8,2,2,5,6.0,12.0,-6.0,17
2018-19,10,Empoli,6,1,3,5,8.0,13.0,-5.0,18
2018-19,10,Chievo,2,0,2,7,7.0,24.0,-17.0,19
2018-19,10,Frosinone,2,0,2,7,6.0,24.0,-18.0,20
2018-19,11,Juventus,28,9,1,0,21.0,7.0,14.0,1
2018-19,11,Inter,22,7,1,2,16.0,6.0,10.0,2
2018-19,11,Napoli,22,7,1,2,19.0,11.0,8.0,3
2018-19,11,Milan,18,5,3,2,20.0,14.0,6.0,4
2018-19,11,Lazio,18,6,0,4,13.0,12.0,1.0,5
2018-19,11,Fiorentina,15,4,3,3,16.0,8.0,8.0,6
2018-19,11,Sampdoria,15,4,3,3,14.0,7.0,7.0,7
2018-19,11,Roma,15,4,3,3,17.0,13.0,4.0,8
2018-19,11,Sassuolo,15,4,3,3,17.0,16.0,1.0,9
2018-19,11,Torino,14,3,5,2,12.0,12.0,0.0,10
2018-19,11,Genoa,14,4,2,4,16.0,19.0,-3.0,11
2018-19,11,Cagliari,13,3,4,3,9.0,11.0,-2.0,12
2018-19,11,Parma,13,4,1,5,10.0,14.0,-4.0,13
2018-19,11,Atalanta,12,3,3,4,17.0,12.0,5.0,14
2018-19,11,SPAL,12,4,0,6,8.0,13.0,-5.0,15
2018-19,11,Udinese,9,2,3,5,10.0,15.0,-5.0,16
2018-19,11,Bologna,9,2,3,5,8.0,14.0,-6.0,17
2018-19,11,Empoli,6,1,3,6,9.0,15.0,-6.0,18
2018-19,11,Frosinone,5,1,2,7,9.0,24.0,-15.0,19
2018-19,11,Chievo,2,0,2,8,8.0,26.0,-18.0,20
2018-19,12,Juventus,31,10,1,0,24.0,8.0,16.0,1
2018-19,12,Inter,25,8,1,2,21.0,6.0,15.0,2
2018-19,12,Napoli,25,8,1,2,24.0,12.0,12.0,3
2018-19,12,Milan,21,6,3,2,21.0,14.0,7.0,4
2018-19,12,Lazio,21,7,0,4,17.0,13.0,4.0,5
2018-19,12,Sassuolo,18,5,3,3,19.0,16.0,3.0,6
2018-19,12,Torino,17,4,5,2,16.0,13.0,3.0,7
2018-19,12,Fiorentina,16,4,4,3,17.0,9.0,8.0,8
2018-19,12,Roma,16,4,4,3,18.0,14.0,4.0,9
2018-19,12,Atalanta,15,4,3,4,19.0,13.0,6.0,10
2018-19,12,Sampdoria,15,4,3,4,15.0,11.0,4.0,11
2018-19,12,Parma,14,4,2,5,10.0,14.0,-4.0,12
2018-19,12,Genoa,14,4,2,5,16.0,24.0,-8.0,13
2018-19,12,Cagliari,13,3,4,4,10.0,14.0,-4.0,14
2018-19,12,SPAL,12,4,0,7,9.0,17.0,-8.0,15
2018-19,12,Udinese,9,2,3,6,10.0,16.0,-6.0,16
2018-19,12,Bologna,9,2,3,6,9.0,16.0,-7.0,17
2018-19,12,Empoli,6,1,3,7,10.0,20.0,-10.0,18
2018-19,12,Frosinone,6,1,3,7,9.0,24.0,-15.0,19
2018-19,12,Chievo,2,0,2,9,8.0,28.0,-20.0,20
2018-19,13,Juventus,34,11,1,0,26.0,8.0,18.0,1
2018-19,13,Napoli,28,9,1,2,26.0,13.0,13.0,2
2018-19,13,Inter,25,8,1,3,22.0,10.0,12.0,3
2018-19,13,Lazio,22,7,1,4,18.0,14.0,4.0,4
2018-19,13,Milan,21,6,3,3,21.0,16.0,5.0,5
2018-19,13,Roma,19,5,4,3,22.0,15.0,7.0,6
2018-19,13,Sassuolo,19,5,4,3,20.0,17.0,3.0,7
2018-19,13,Atalanta,18,5,3,4,23.0,14.0,9.0,8
2018-19,13,Fiorentina,17,4,5,3,18.0,10.0,8.0,9
2018-19,13,Torino,17,4,5,3,17.0,15.0,2.0,10
2018-19,13,Parma,17,5,2,5,12.0,15.0,-3.0,11
2018-19,13,Sampdoria,15,4,3,5,16.0,15.0,1.0,12
2018-19,13,Cagliari,14,3,5,4,12.0,16.0,-4.0,13
2018-19,13,Genoa,14,4,2,6,17.0,26.0,-9.0,14
2018-19,13,SPAL,13,4,1,7,11.0,19.0,-8.0,15
2018-19,13,Bologna,10,2,4,6,11.0,18.0,-7.0,16
2018-19,13,Udinese,9,2,3,7,11.0,18.0,-7.0,17
2018-19,13,Empoli,9,2,3,7,12.0,21.0,-9.0,18
2018-19,13,Frosinone,7,1,4,7,10.0,25.0,-15.0,19
2018-19,13,Chievo,3,0,3,9,10.0,30.0,-20.0,20
2018-19,14,Juventus,37,12,1,0,28.0,8.0,20.0,1
2018-19,14,Napoli,29,9,2,2,26.0,13.0,13.0,2
2018-19,14,Inter,28,9,1,3,25.0,10.0,15.0,3
2018-19,14,Lazio,23,7,2,4,19.0,15.0,4.0,4
2018-19,14,Milan,22,6,4,3,22.0,17.0,5.0,5
2018-19,14,Parma,20,6,2,5,14.0,16.0,-2.0,6
2018-19,14,Roma,19,5,4,4,22.0,16.0,6.0,7
2018-19,14,Sassuolo,19,5,4,4,21.0,19.0,2.0,8
2018-19,14,Atalanta,18,5,3,5,25.0,17.0,8.0,9
2018-19,14,Fiorentina,18,4,6,3,18.0,10.0,8.0,10
2018-19,14,Torino,18,4,6,3,17.0,15.0,2.0,11
2018-19,14,Sampdoria,16,4,4,5,17.0,16.0,1.0,12
2018-19,14,Cagliari,15,3,6,4,12.0,16.0,-4.0,13
2018-19,14,Genoa,15,4,3,6,18.0,27.0,-9.0,14
2018-19,14,SPAL,13,4,1,8,11.0,21.0,-10.0,15
2018-19,14,Udinese,12,3,3,7,12.0,18.0,-6.0,16
2018-19,14,Empoli,12,3,3,7,15.0,23.0,-8.0,17
2018-19,14,Bologna,11,2,5,6,11.0,18.0,-7.0,18
2018-19,14,Frosinone,7,1,4,8,10.0,28.0,-18.0,19
2018-19,14,Chievo,4,0,4,9,10.0,30.0,-20.0,20
2018-19,15,Juventus,40,13,1,0,31.0,8.0,23.0,1
2018-19,15,Napoli,32,10,2,2,28.0,14.0,14.0,2
2018-19,15,Inter,29,9,2,3,27.0,12.0,15.0,3
2018-19,15,Milan,25,7,4,3,24.0,18.0,6.0,4
2018-19,15,Lazio,24,7,3,4,20.0,16.0,4.0,5
2018-19,15,Torino,21,5,6,3,19.0,16.0,3.0,6
2018-19,15,Roma,20,5,5,4,24.0,18.0,6.0,7
2018-19,15,Sassuolo,20,5,5,4,21.0,19.0,2.0,8
2018-19,15,Parma,20,6,2,6,15.0,18.0,-3.0,9
2018-19,15,Sampdoria,19,5,4,5,21.0,17.0,4.0,10
2018-19,15,Atalanta,18,5,3,6,26.0,19.0,7.0,11
2018-19,15,Fiorentina,18,4,6,4,18.0,13.0,5.0,12
2018-19,15,Cagliari,16,3,7,4,13.0,17.0,-4.0,13
2018-19,15,Genoa,15,4,3,7,19.0,29.0,-10.0,14
2018-19,15,SPAL,14,4,2,8,13.0,23.0,-10.0,15
2018-19,15,Udinese,13,3,4,7,12.0,18.0,-6.0,16
2018-19,15,Empoli,13,3,4,7,17.0,25.0,-8.0,17
2018-19,15,Bologna,11,2,5,7,12.0,22.0,-10.0,18
2018-19,15,Frosinone,8,1,5,8,11.0,29.0,-18.0,19
2018-19,15,Chievo,5,0,5,9,11.0,31.0,-20.0,20
2018-19,16,Juventus,43,14,1,0,32.0,8.0,24.0,1
2018-19,16,Napoli,35,11,2,2,32.0,14.0,18.0,2
2018-19,16,Inter,29,9,2,4,27.0,13.0,14.0,3
2018-19,16,Milan,26,7,5,3,24.0,18.0,6.0,4
2018-19,16,Lazio,25,7,4,4,22.0,18.0,4.0,5
2018-19,16,Torino,22,5,7,3,19.0,16.0,3.0,6
2018-19,16,Atalanta,21,6,3,6,29.0,20.0,9.0,7
2018-19,16,Roma,21,5,6,4,26.0,20.0,6.0,8
2018-19,16,Sassuolo,21,5,6,4,24.0,22.0,2.0,9
2018-19,16,Parma,21,6,3,6,16.0,19.0,-3.0,10
2018-19,16,Sampdoria,20,5,5,5,23.0,19.0,4.0,11
2018-19,16,Fiorentina,19,4,7,4,21.0,16.0,5.0,12
2018-19,16,Cagliari,17,3,8,4,15.0,19.0,-4.0,13
2018-19,16,Empoli,16,4,4,7,19.0,26.0,-7.0,14
2018-19,16,Genoa,16,4,4,7,20.0,30.0,-10.0,15
2018-19,16,SPAL,15,4,3,8,14.0,24.0,-10.0,16
2018-19,16,Udinese,13,3,4,8,13.0,21.0,-8.0,17
2018-19,16,Bologna,11,2,5,8,13.0,24.0,-11.0,18
2018-19,16,Frosinone,8,1,5,9,11.0,33.0,-22.0,19
2018-19,16,Chievo,6,0,6,9,12.0,32.0,-20.0,20
2018-19,17,Juventus,46,15,1,0,33.0,8.0,25.0,1
2018-19,17,Napoli,38,12,2,2,33.0,14.0,19.0,2
2018-19,17,Inter,32,10,2,4,28.0,13.0,15.0,3
2018-19,17,Milan,27,7,6,3,24.0,18.0,6.0,4
2018-19,17,Lazio,25,7,4,5,22.0,19.0,3.0,5
2018-19,17,Atalanta,24,7,3,6,30.0,20.0,10.0,6
2018-19,17,Roma,24,6,6,4,29.0,22.0,7.0,7
2018-19,17,Sassuolo,24,6,6,4,26.0,22.0,4.0,8
2018-19,17,Sampdoria,23,6,5,5,25.0,19.0,6.0,9
2018-19,17,Fiorentina,22,5,7,4,24.0,17.0,7.0,10
2018-19,17,Torino,22,5,7,4,19.0,17.0,2.0,11
2018-19,17,Parma,21,6,3,7,16.0,21.0,-5.0,12
2018-19,17,Cagliari,17,3,8,5,15.0,20.0,-5.0,13
2018-19,17,Empoli,16,4,4,8,20.0,29.0,-9.0,14
2018-19,17,SPAL,16,4,4,8,14.0,24.0,-10.0,15
2018-19,17,Genoa,16,4,4,8,22.0,33.0,-11.0,16
2018-19,17,Udinese,13,3,4,9,13.0,22.0,-9.0,17
2018-19,17,Bologna,12,2,6,8,13.0,24.0,-11.0,18
2018-19,17,Frosinone,8,1,5,10,11.0,35.0,-24.0,19
2018-19,17,Chievo,7,0,7,9,12.0,32.0,-20.0,20
2018-19,18,Juventus,49,16,1,0,34.0,8.0,26.0,1
2018-19,18,Napoli,41,13,2,2,34.0,14.0,20.0,2
2018-19,18,Inter,33,10,3,4,29.0,14.0,15.0,3
2018-19,18,Lazio,28,8,4,5,25.0,20.0,5.0,4
2018-19,18,Milan,27,7,6,4,24.0,19.0,5.0,5
2018-19,18,Sampdoria,26,7,5,5,29.0,21.0,8.0,6
2018-19,18,Fiorentina,25,6,7,4,25.0,17.0,8.0,7
2018-19,18,Sassuolo,25,6,7,4,27.0,23.0,4.0,8
2018-19,18,Atalanta,24,7,3,7,31.0,23.0,8.0,9
2018-19,18,Roma,24,6,6,5,29.0,23.0,6.0,10
2018-19,18,Torino,23,5,8,4,20.0,18.0,2.0,11
2018-19,18,Parma,22,6,4,7,16.0,21.0,-5.0,12
2018-19,18,Genoa,19,5,4,8,25.0,34.0,-9.0,13
2018-19,18,Cagliari,17,3,8,6,16.0,23.0,-7.0,14
2018-19,18,Empoli,16,4,4,9,22.0,33.0,-11.0,15
2018-19,18,SPAL,16,4,4,9,14.0,25.0,-11.0,16
2018-19,18,Udinese,14,3,5,9,14.0,23.0,-9.0,17
2018-19,18,Bologna,13,2,7,8,13.0,24.0,-11.0,18
2018-19,18,Frosinone,9,1,6,10,12.0,36.0,-24.0,19
2018-19,18,Chievo,8,0,8,9,13.0,33.0,-20.0,20
2018-19,19,Juventus,50,16,2,0,36.0,10.0,26.0,1
2018-19,19,Napoli,41,13,2,3,34.0,15.0,19.0,2
2018-19,19,Inter,36,11,3,4,30.0,14.0,16.0,3
2018-19,19,Lazio,31,9,4,5,27.0,20.0,7.0,4
2018-19,19,Sampdoria,29,8,5,5,31.0,21.0,10.0,5
2018-19,19,Milan,28,7,7,4,24.0,19.0,5.0,6
2018-19,19,Roma,27,7,6,5,32.0,24.0,8.0,7
2018-19,19,Torino,26,6,8,4,23.0,18.0,5.0,8
2018-19,19,Atalanta,25,7,4,7,33.0,25.0,8.0,9
2018-19,19,Fiorentina,25,6,7,5,25.0,18.0,7.0,10
2018-19,19,Sassuolo,25,6,7,5,28.0,26.0,2.0,11
2018-19,19,Parma,25,7,4,7,17.0,21.0,-4.0,12
2018-19,19,Cagliari,20,4,8,6,17.0,23.0,-6.0,13
2018-19,19,Genoa,19,5,4,9,25.0,35.0,-10.0,14
2018-19,19,SPAL,17,4,5,9,14.0,25.0,-11.0,15
2018-19,19,Empoli,16,4,4,10,22.0,36.0,-14.0,16
2018-19,19,Udinese,15,3,6,9,14.0,23.0,-9.0,17
2018-19,19,Bologna,13,2,7,9,13.0,26.0,-13.0,18
2018-19,19,Frosinone,10,1,7,10,12.0,36.0,-24.0,19
2018-19,19,Chievo,8,0,8,10,13.0,35.0,-22.0,20
2018-19,20,Juventus,53,17,2,0,38.0,11.0,27.0,1
2018-19,20,Napoli,44,14,2,3,37.0,17.0,20.0,2
2018-19,20,Inter,39,12,3,4,31.0,14.0,17.0,3
2018-19,20,Lazio,32,9,5,5,28.0,21.0,7.0,4
2018-19,20,Milan,31,8,7,4,26.0,20.0,6.0,5
2018-19,20,Roma,30,8,6,5,34.0,24.0,10.0,6
2018-19,20,Sampdoria,29,8,5,6,32.0,23.0,9.0,7
2018-19,20,Atalanta,28,8,4,7,39.0,27.0,12.0,8
2018-19,20,Torino,27,6,9,4,24.0,19.0,5.0,9
2018-19,20,Fiorentina,26,6,8,5,25.0,18.0,7.0,10
2018-19,20,Sassuolo,25,6,7,6,30.0,32.0,-2.0,11
2018-19,20,Parma,25,7,4,8,17.0,23.0,-6.0,12
2018-19,20,Cagliari,20,4,8,7,17.0,25.0,-8.0,13
2018-19,20,Genoa,20,5,5,9,25.0,35.0,-10.0,14
2018-19,20,Udinese,18,4,6,9,16.0,23.0,-7.0,15
2018-19,20,SPAL,17,4,5,10,15.0,27.0,-12.0,16
2018-19,20,Empoli,16,4,4,11,22.0,37.0,-15.0,17
2018-19,20,Bologna,13,2,7,10,15.0,29.0,-14.0,18
2018-19,20,Chievo,11,1,8,10,14.0,35.0,-21.0,19
2018-19,20,Frosinone,10,1,7,11,12.0,37.0,-25.0,20
2018-19,21,Juventus,56,18,2,0,41.0,11.0,30.0,1
2018-19,21,Napoli,47,15,2,3,39.0,18.0,21.0,2
2018-19,21,Inter,40,12,4,4,31.0,14.0,17.0,3
2018-19,21,Milan,34,9,7,4,28.0,20.0,8.0,4
2018-19,21,Roma,33,9,6,5,37.0,26.0,11.0,5
2018-19,21,Lazio,32,9,5,6,29.0,23.0,6.0,6
2018-19,21,Atalanta,31,9,4,7,44.0,27.0,17.0,7
2018-19,21,Sampdoria,30,8,6,6,35.0,26.0,9.0,8
2018-19,21,Parma,28,8,4,8,19.0,24.0,-5.0,9
2018-19,21,Fiorentina,27,6,9,5,28.0,21.0,7.0,10
2018-19,21,Torino,27,6,9,5,26.0,22.0,4.0,11
2018-19,21,Sassuolo,26,6,8,6,30.0,32.0,-2.0,12
2018-19,21,Cagliari,21,4,9,7,19.0,27.0,-8.0,13
2018-19,21,Genoa,20,5,5,10,25.0,37.0,-12.0,14
2018-19,21,Udinese,18,4,6,10,17.0,25.0,-8.0,15
2018-19,21,SPAL,18,4,6,10,16.0,28.0,-12.0,16
2018-19,21,Empoli,17,4,5,11,24.0,39.0,-15.0,17
2018-19,21,Bologna,14,2,8,10,16.0,30.0,-14.0,18
2018-19,21,Chievo,11,1,8,11,14.0,38.0,-24.0,19
2018-19,21,Frosinone,10,1,7,12,12.0,42.0,-30.0,20
2018-19,22,Juventus,59,19,2,0,43.0,12.0,31.0,1
2018-19,22,Napoli,48,15,3,3,39.0,18.0,21.0,2
2018-19,22,Inter,40,12,4,5,31.0,15.0,16.0,3
2018-19,22,Milan,35,9,8,4,28.0,20.0,8.0,4
2018-19,22,Roma,34,9,7,5,40.0,29.0,11.0,5
2018-19,22,Sampdoria,33,9,6,6,39.0,26.0,13.0,6
2018-19,22,Atalanta,32,9,5,7,47.0,30.0,17.0,7
2018-19,22,Lazio,32,9,5,7,30.0,25.0,5.0,8
2018-19,22,Fiorentina,30,7,9,5,32.0,24.0,8.0,9
2018-19,22,Torino,30,7,9,5,27.0,22.0,5.0,10
2018-19,22,Sassuolo,29,7,8,6,33.0,32.0,1.0,11
2018-19,22,Parma,28,8,4,9,21.0,27.0,-6.0,12
2018-19,22,Genoa,23,6,5,10,28.0,38.0,-10.0,13
2018-19,22,SPAL,21,5,6,10,19.0,30.0,-11.0,14
2018-19,22,Cagliari,21,4,9,8,19.0,30.0,-11.0,15
2018-19,22,Udinese,18,4,6,11,17.0,29.0,-12.0,16
2018-19,22,Empoli,17,4,5,12,25.0,42.0,-17.0,17
2018-19,22,Bologna,14,2,8,11,16.0,34.0,-18.0,18
2018-19,22,Frosinone,13,2,7,12,16.0,42.0,-26.0,19
2018-19,22,Chievo,11,1,8,12,17.0,42.0,-25.0,20
2018-19,23,Juventus,60,19,3,0,46.0,15.0,31.0,1
2018-19,23,Napoli,51,16,3,3,42.0,18.0,24.0,2
2018-19,23,Inter,40,12,4,6,31.0,16.0,15.0,3
2018-19,23,Milan,36,9,9,4,29.0,21.0,8.0,4
2018-19,23,Atalanta,35,10,5,7,48.0,30.0,18.0,5
2018-19,23,Roma,35,9,8,5,41.0,30.0,11.0,6
2018-19,23,Lazio,35,10,5,7,31.0,25.0,6.0,7
2018-19,23,Sampdoria,33,9,6,7,39.0,29.0,10.0,8
2018-19,23,Fiorentina,31,7,10,5,33.0,25.0,8.0,9
2018-19,23,Torino,31,7,10,5,27.0,22.0,5.0,10
2018-19,23,Sassuolo,30,7,9,6,34.0,33.0,1.0,11
2018-19,23,Parma,29,8,5,9,24.0,30.0,-6.0,12
2018-19,23,Genoa,24,6,6,10,29.0,39.0,-10.0,13
2018-19,23,SPAL,22,5,7,10,19.0,30.0,-11.0,14
2018-19,23,Cagliari,21,4,9,9,19.0,31.0,-12.0,15
2018-19,23,Udinese,19,4,7,11,18.0,30.0,-12.0,16
2018-19,23,Empoli,18,4,6,12,27.0,44.0,-17.0,17
2018-19,23,Bologna,17,3,8,11,17.0,34.0,-17.0,18
2018-19,23,Frosinone,13,2,7,13,16.0,43.0,-27.0,19
2018-19,23,Chievo,12,1,9,12,19.0,44.0,-25.0,20
2018-19,24,Juventus,63,20,3,0,49.0,15.0,34.0,1
2018-19,24,Napoli,52,16,4,3,42.0,18.0,24.0,2
2018-19,24,Inter,43,13,4,6,32.0,16.0,16.0,3
2018-19,24,Milan,39,10,9,4,32.0,21.0,11.0,4
2018-19,24,Atalanta,38,11,5,7,50.0,31.0,19.0,5
2018-19,24,Roma,38,10,8,5,44.0,30.0,14.0,6
2018-19,24,Lazio,38,11,5,7,32.0,25.0,7.0,7
2018-19,24,Torino,34,8,10,5,28.0,22.0,6.0,8
2018-19,24,Sampdoria,33,9,6,8,39.0,30.0,9.0,9
2018-19,24,Fiorentina,32,7,11,5,33.0,25.0,8.0,10
2018-19,24,Sassuolo,30,7,9,7,34.0,36.0,-2.0,11
2018-19,24,Parma,29,8,5,10,24.0,31.0,-7.0,12
2018-19,24,Genoa,25,6,7,10,30.0,40.0,-10.0,13
2018-19,24,SPAL,22,5,7,11,20.0,32.0,-12.0,14
2018-19,24,Cagliari,21,4,9,10,19.0,34.0,-15.0,15
2018-19,24,Udinese,19,4,7,12,18.0,31.0,-13.0,16
2018-19,24,Bologna,18,3,9,11,18.0,35.0,-17.0,17
2018-19,24,Empoli,18,4,6,13,27.0,45.0,-18.0,18
2018-19,24,Frosinone,16,3,7,13,17.0,43.0,-26.0,19
2018-19,24,Chievo,12,1,9,13,19.0,47.0,-28.0,20
2018-19,25,Juventus,66,21,3,0,52.0,15.0,37.0,1
2018-19,25,Napoli,53,16,5,3,42.0,18.0,24.0,2
2018-19,25,Inter,46,14,4,6,34.0,17.0,17.0,3
2018-19,25,Milan,42,11,9,4,35.0,22.0,13.0,4
2018-19,25,Roma,41,11,8,5,46.0,31.0,15.0,5
2018-19,25,Atalanta,38,11,5,8,51.0,34.0,17.0,6
2018-19,25,Lazio,38,11,5,8,33.0,27.0,6.0,7
2018-19,25,Fiorentina,35,8,11,5,37.0,26.0,11.0,8
2018-19,25,Torino,35,8,11,5,28.0,22.0,6.0,9
2018-19,25,Sampdoria,33,9,6,9,40.0,32.0,8.0,10
2018-19,25,Sassuolo,30,7,9,8,34.0,39.0,-5.0,11
2018-19,25,Parma,29,8,5,11,25.0,33.0,-8.0,12
2018-19,25,Genoa,28,7,7,10,32.0,41.0,-9.0,13
2018-19,25,Cagliari,24,5,9,10,21.0,35.0,-14.0,14
2018-19,25,Udinese,22,5,7,12,19.0,31.0,-12.0,15
2018-19,25,SPAL,22,5,7,12,21.0,36.0,-15.0,16
2018-19,25,Empoli,21,5,6,13,30.0,45.0,-15.0,17
2018-19,25,Bologna,18,3,9,12,19.0,37.0,-18.0,18
2018-19,25,Frosinone,16,3,7,14,17.0,46.0,-29.0,19
2018-19,25,Chievo,12,1,9,14,19.0,48.0,-29.0,20
2018-19,26,Juventus,69,22,3,0,53.0,15.0,38.0,1
2018-19,26,Napoli,56,17,5,3,46.0,18.0,28.0,2
2018-19,26,Inter,47,14,5,6,37.0,20.0,17.0,3
2018-19,26,Milan,45,12,9,4,38.0,22.0,16.0,4
2018-19,26,Roma,44,12,8,5,49.0,33.0,16.0,5
2018-19,26,Lazio,41,12,5,8,35.0,27.0,8.0,6
2018-19,26,Atalanta,38,11,5,9,51.0,36.0,15.0,7
2018-19,26,Torino,38,9,11,5,30.0,22.0,8.0,8
2018-19,26,Fiorentina,36,8,12,5,40.0,29.0,11.0,9
2018-19,26,Sampdoria,36,10,6,9,41.0,32.0,9.0,10
2018-19,26,Sassuolo,31,7,10,8,35.0,40.0,-5.0,11
2018-19,26,Genoa,29,7,8,10,32.0,41.0,-9.0,12
2018-19,26,Parma,29,8,5,12,25.0,37.0,-12.0,13
2018-19,26,Cagliari,24,5,9,11,21.0,36.0,-15.0,14
2018-19,26,SPAL,23,5,8,12,22.0,37.0,-15.0,15
2018-19,26,Udinese,22,5,7,13,19.0,33.0,-14.0,16
2018-19,26,Empoli,21,5,6,14,30.0,48.0,-18.0,17
2018-19,26,Bologna,18,3,9,13,19.0,38.0,-19.0,18
2018-19,26,Frosinone,16,3,7,15,19.0,49.0,-30.0,19
2018-19,26,Chievo,13,1,10,14,19.0,48.0,-29.0,20
2018-19,27,Juventus,72,23,3,0,55.0,16.0,39.0,1
2018-19,27,Napoli,56,17,5,4,47.0,20.0,27.0,2
2018-19,27,Milan,48,13,9,4,39.0,22.0,17.0,3
2018-19,27,Inter,47,14,5,7,38.0,22.0,16.0,4
2018-19,27,Roma,44,12,8,6,49.0,36.0,13.0,5
2018-19,27,Lazio,44,13,5,8,38.0,27.0,11.0,6
2018-19,27,Atalanta,41,12,5,9,54.0,37.0,17.0,7
2018-19,27,Torino,41,10,11,5,33.0,22.0,11.0,8
2018-19,27,Sampdoria,39,11,6,9,43.0,33.0,10.0,9
2018-19,27,Fiorentina,36,8,12,6,41.0,32.0,9.0,10
2018-19,27,Sassuolo,31,7,10,9,35.0,41.0,-6.0,11
2018-19,27,Genoa,30,7,9,10,32.0,41.0,-9.0,12
2018-19,27,Parma,30,8,6,12,28.0,40.0,-12.0,13
2018-19,27,Cagliari,27,6,9,11,23.0,37.0,-14.0,14
2018-19,27,Udinese,25,6,7,13,21.0,34.0,-13.0,15
2018-19,27,SPAL,23,5,8,13,23.0,39.0,-16.0,16
2018-19,27,Empoli,22,5,7,14,33.0,51.0,-18.0,17
2018-19,27,Bologna,18,3,9,14,20.0,40.0,-20.0,18
2018-19,27,Frosinone,17,3,8,15,19.0,49.0,-30.0,19
2018-19,27,Chievo,13,1,10,15,19.0,51.0,-32.0,20
2018-19,28,Juventus,75,24,3,0,59.0,17.0,42.0,1
2018-19,28,Napoli,57,17,6,4,48.0,21.0,27.0,2
2018-19,28,Milan,51,14,9,4,41.0,23.0,18.0,3
2018-19,28,Inter,50,15,5,7,40.0,22.0,18.0,4
2018-19,28,Roma,47,13,8,6,51.0,37.0,14.0,5
2018-19,28,Lazio,45,13,6,8,39.0,28.0,11.0,6
2018-19,28,Atalanta,44,13,5,9,56.0,38.0,18.0,7
2018-19,28,Torino,44,11,11,5,35.0,23.0,12.0,8
2018-19,28,Sampdoria,39,11,6,10,44.0,35.0,9.0,9
2018-19,28,Fiorentina,37,8,13,6,42.0,33.0,9.0,10
2018-19,28,Parma,33,9,6,12,29.0,40.0,-11.0,11
2018-19,28,Sassuolo,32,7,11,9,36.0,42.0,-6.0,12
2018-19,28,Genoa,30,7,9,11,32.0,42.0,-10.0,13
2018-19,28,Cagliari,27,6,9,12,23.0,39.0,-16.0,14
2018-19,28,Udinese,25,6,7,14,22.0,38.0,-16.0,15
2018-19,28,SPAL,23,5,8,14,23.0,41.0,-18.0,16
2018-19,28,Empoli,22,5,7,15,34.0,53.0,-19.0,17
2018-19,28,Bologna,21,4,9,14,22.0,40.0,-18.0,18
2018-19,28,Frosinone,17,3,8,16,20.0,51.0,-31.0,19
2018-19,28,Chievo,13,1,10,16,20.0,53.0,-33.0,20
2018-19,29,Juventus,75,24,3,1,59.0,19.0,40.0,1
2018-19,29,Napoli,60,18,6,4,52.0,23.0,29.0,2
2018-19,29,Inter,53,16,5,7,43.0,24.0,19.0,3
2018-19,29,Milan,51,14,9,5,43.0,26.0,17.0,4
2018-19,29,Lazio,48,14,6,8,43.0,29.0,14.0,5
2018-19,29,Roma,47,13,8,7,52.0,39.0,13.0,6
2018-19,29,Atalanta,45,13,6,9,57.0,39.0,18.0,7
2018-19,29,Torino,44,11,11,6,37.0,26.0,11.0,8
2018-19,29,Sampdoria,42,12,6,10,49.0,38.0,11.0,9
2018-19,29,Fiorentina,37,8,13,7,43.0,35.0,8.0,10
2018-19,29,Genoa,33,8,9,11,34.0,42.0,-8.0,11
2018-19,29,Parma,33,9,6,13,30.0,44.0,-14.0,12
2018-19,29,Sassuolo,32,7,11,10,39.0,47.0,-8.0,13
2018-19,29,Cagliari,30,7,9,12,25.0,40.0,-15.0,14
2018-19,29,SPAL,26,6,8,14,25.0,42.0,-17.0,15
2018-19,29,Empoli,25,6,7,15,36.0,54.0,-18.0,16
2018-19,29,Udinese,25,6,7,15,24.0,42.0,-18.0,17
2018-19,29,Bologna,24,5,9,14,25.0,42.0,-17.0,18
2018-19,29,Frosinone,17,3,8,17,21.0,53.0,-32.0,19
2018-19,29,Chievo,14,1,11,16,21.0,54.0,-33.0,20
2018-19,30,Juventus,78,25,3,1,60.0,19.0,41.0,1
2018-19,30,Napoli,63,19,6,4,56.0,24.0,32.0,2
2018-19,30,Inter,53,16,5,8,43.0,25.0,18.0,3
2018-19,30,Milan,51,14,9,6,43.0,27.0,16.0,4
2018-19,30,Lazio,51,15,6,8,44.0,29.0,15.0,5
2018-19,30,Atalanta,48,14,6,9,60.0,40.0,20.0,6
2018-19,30,Roma,47,13,8,8,53.0,43.0,10.0,7
2018-19,30,Sampdoria,45,13,6,10,50.0,38.0,12.0,8
2018-19,30,Torino,45,11,12,6,38.0,27.0,11.0,9
2018-19,30,Fiorentina,38,8,14,7,44.0,36.0,8.0,10
2018-19,30,Genoa,33,8,9,12,34.0,44.0,-10.0,11
2018-19,30,Cagliari,33,8,9,12,28.0,40.0,-12.0,12
2018-19,30,Parma,33,9,6,14,31.0,47.0,-16.0,13
2018-19,30,Sassuolo,32,7,11,11,40.0,49.0,-9.0,14
2018-19,30,SPAL,29,7,8,14,26.0,42.0,-16.0,15
2018-19,30,Udinese,28,7,7,15,26.0,42.0,-16.0,16
2018-19,30,Bologna,27,6,9,14,27.0,43.0,-16.0,17
2018-19,30,Empoli,25,6,7,16,36.0,55.0,-19.0,18
2018-19,30,Frosinone,17,3,8,18,21.0,54.0,-33.0,19
2018-19,30,Chievo,14,1,11,17,21.0,57.0,-36.0,20
2018-19,31,Juventus,81,26,3,1,62.0,19.0,43.0,1
2018-19,31,Napoli,63,19,6,5,57.0,26.0,31.0,2
2018-19,31,Inter,56,17,5,8,47.0,25.0,22.0,3
2018-19,31,Milan,52,14,10,6,44.0,28.0,16.0,4
2018-19,31,Atalanta,51,15,6,9,64.0,41.0,23.0,5
2018-19,31,Lazio,51,15,6,9,44.0,30.0,14.0,6
2018-19,31,Torino,48,12,12,6,40.0,28.0,12.0,7
2018-19,31,Roma,48,13,9,8,55.0,45.0,10.0,8
2018-19,31,Sampdoria,45,13,6,11,51.0,40.0,11.0,9
2018-19,31,Fiorentina,39,8,15,7,46.0,38.0,8.0,10
2018-19,31,Sassuolo,35,8,11,11,44.0,49.0,-5.0,11
2018-19,31,Genoa,33,8,9,13,34.0,48.0,-14.0,12
2018-19,31,Cagliari,33,8,9,13,28.0,42.0,-14.0,13
2018-19,31,Parma,33,9,6,15,33.0,50.0,-17.0,14
2018-19,31,SPAL,32,8,8,14,27.0,42.0,-15.0,15
2018-19,31,Udinese,29,7,8,15,27.0,43.0,-16.0,16
2018-19,31,Empoli,28,7,7,16,38.0,56.0,-18.0,17
2018-19,31,Bologna,27,6,9,15,28.0,47.0,-19.0,18
2018-19,31,Frosinone,20,4,8,18,24.0,56.0,-32.0,19
2018-19,31,Chievo,14,1,11,18,21.0,61.0,-40.0,20
2018-19,32,Juventus,84,27,3,1,64.0,20.0,44.0,1
2018-19,32,Napoli,64,19,7,5,58.0,27.0,31.0,2
2018-19,32,Inter,57,17,6,8,47.0,25.0,22.0,3
2018-19,32,Atalanta,52,15,7,9,64.0,41.0,23.0,4
2018-19,32,Milan,52,14,10,7,45.0,30.0,15.0,5
2018-19,32,Lazio,52,15,7,9,46.0,32.0,14.0,6
2018-19,32,Roma,51,14,9,8,56.0,45.0,11.0,7
2018-19,32,Torino,49,12,13,6,40.0,28.0,12.0,8
2018-19,32,Sampdoria,45,13,6,12,51.0,41.0,10.0,9
2018-19,32,Fiorentina,39,8,15,8,46.0,39.0,7.0,10
2018-19,32,Sassuolo,36,8,12,11,46.0,51.0,-5.0,11
2018-19,32,Cagliari,36,9,9,13,30.0,43.0,-13.0,12
2018-19,32,Genoa,34,8,10,13,35.0,49.0,-14.0,13
2018-19,32,Parma,34,9,7,15,33.0,50.0,-17.0,14
2018-19,32,Udinese,32,8,8,15,30.0,45.0,-15.0,15
2018-19,32,SPAL,32,8,8,15,28.0,44.0,-16.0,16
2018-19,32,Bologna,30,7,9,15,31.0,47.0,-16.0,17
2018-19,32,Empoli,28,7,7,17,40.0,59.0,-19.0,18
2018-19,32,Frosinone,23,5,8,18,25.0,56.0,-31.0,19
2018-19,32,Chievo,14,1,11,19,21.0,64.0,-43.0,20
2018-19,33,Juventus,84,27,3,2,65.0,22.0,43.0,1
2018-19,33,Napoli,67,20,7,5,61.0,28.0,33.0,2
2018-19,33,Inter,60,18,6,8,50.0,26.0,24.0,3
2018-19,33,Milan,55,15,10,7,46.0,30.0,16.0,4
2018-19,33,Roma,54,15,9,8,57.0,45.0,12.0,5
2018-19,33,Atalanta,53,15,8,9,64.0,41.0,23.0,6
2018-19,33,Lazio,52,15,7,10,46.0,33.0,13.0,7
2018-19,33,Torino,50,12,14,6,41.0,29.0,12.0,8
2018-19,33,Sampdoria,48,14,6,12,53.0,41.0,12.0,9
2018-19,33,Fiorentina,40,8,16,8,46.0,39.0,7.0,10
2018-19,33,Sassuolo,37,8,13,11,46.0,51.0,-5.0,11
2018-19,33,Cagliari,37,9,10,13,31.0,44.0,-13.0,12
2018-19,33,SPAL,35,9,8,15,30.0,45.0,-15.0,13
2018-19,33,Parma,35,9,8,15,33.0,50.0,-17.0,14
2018-19,33,Genoa,34,8,10,14,35.0,51.0,-16.0,15
2018-19,33,Udinese,32,8,8,16,30.0,46.0,-16.0,16
2018-19,33,Bologna,31,7,10,15,31.0,47.0,-16.0,17
2018-19,33,Empoli,29,7,8,17,40.0,59.0,-19.0,18
2018-19,33,Frosinone,23,5,8,19,26.0,59.0,-33.0,19
2018-19,33,Chievo,14,1,11,20,22.0,67.0,-45.0,20
2018-19,34,Juventus,87,28,3,2,67.0,23.0,44.0,1
2018-19,34,Napoli,67,20,7,6,62.0,30.0,32.0,2
2018-19,34,Inter,61,18,7,8,51.0,27.0,24.0,3
2018-19,34,Atalanta,56,16,8,9,66.0,42.0,24.0,4
2018-19,34,Milan,56,15,11,7,47.0,31.0,16.0,5
2018-19,34,Roma,55,15,10,8,58.0,46.0,12.0,6
2018-19,34,Torino,53,13,14,6,42.0,29.0,13.0,7
2018-19,34,Lazio,52,15,7,11,47.0,35.0,12.0,8
2018-19,34,Sampdoria,48,14,6,13,53.0,44.0,9.0,9
2018-19,34,Fiorentina,40,8,16,9,47.0,41.0,6.0,10
2018-19,34,Cagliari,40,10,10,13,32.0,44.0,-12.0,11
2018-19,34,Sassuolo,38,8,14,11,47.0,52.0,-5.0,12
2018-19,34,SPAL,38,10,8,15,34.0,47.0,-13.0,13
2018-19,34,Parma,36,9,9,15,34.0,51.0,-17.0,14
2018-19,34,Bologna,34,8,10,15,34.0,47.0,-13.0,15
2018-19,34,Genoa,34,8,10,15,35.0,52.0,-17.0,16
2018-19,34,Udinese,33,8,9,16,31.0,47.0,-16.0,17
2018-19,34,Empoli,29,7,8,18,42.0,63.0,-21.0,18
2018-19,34,Frosinone,23,5,8,20,26.0,60.0,-34.0,19
2018-19,34,Chievo,17,2,11,20,24.0,68.0,-44.0,20
2018-19,35,Juventus,88,28,4,2,68.0,24.0,44.0,1
2018-19,35,Napoli,70,21,7,6,64.0,30.0,34.0,2
2018-19,35,Inter,62,18,8,8,52.0,28.0,24.0,3
2018-19,35,Atalanta,59,17,8,9,68.0,42.0,26.0,4
2018-19,35,Roma,58,16,10,8,61.0,46.0,15.0,5
2018-19,35,Torino,56,14,14,6,44.0,29.0,15.0,6
2018-19,35,Milan,56,15,11,8,47.0,33.0,14.0,7
2018-19,35,Lazio,55,16,7,11,49.0,36.0,13.0,8
2018-19,35,Sampdoria,48,14,6,14,54.0,46.0,8.0,9
2018-19,35,Sassuolo,41,9,14,11,48.0,52.0,-4.0,10
2018-19,35,Fiorentina,40,8,16,10,47.0,42.0,5.0,11
2018-19,35,Cagliari,40,10,10,14,32.0,47.0,-15.0,12
2018-19,35,SPAL,39,10,9,15,35.0,48.0,-13.0,13
2018-19,35,Bologna,37,9,10,15,37.0,48.0,-11.0,14
2018-19,35,Parma,37,9,10,15,35.0,52.0,-17.0,15
2018-19,35,Genoa,35,8,11,15,36.0,53.0,-17.0,16
2018-19,35,Udinese,33,8,9,17,31.0,49.0,-18.0,17
2018-19,35,Empoli,29,7,8,19,43.0,66.0,-23.0,18
2018-19,35,Frosinone,23,5,8,21,26.0,62.0,-36.0,19
2018-19,35,Chievo,18,2,12,20,25.0,69.0,-44.0,20
2018-19,36,Juventus,89,28,5,2,69.0,25.0,44.0,1
2018-19,36,Napoli,73,22,7,6,66.0,31.0,35.0,2
2018-19,36,Inter,63,18,9,8,52.0,28.0,24.0,3
2018-19,36,Atalanta,62,18,8,9,71.0,43.0,28.0,4
2018-19,36,Roma,59,16,11,8,62.0,47.0,15.0,5
2018-19,36,Milan,59,16,11,8,49.0,34.0,15.0,6
2018-19,36,Torino,57,14,15,6,45.0,30.0,15.0,7
2018-19,36,Lazio,55,16,7,12,50.0,39.0,11.0,8
2018-19,36,Sampdoria,49,14,7,14,57.0,49.0,8.0,9
2018-19,36,Sassuolo,42,9,15,11,50.0,54.0,-4.0,10
2018-19,36,SPAL,42,11,9,15,39.0,48.0,-9.0,11
2018-19,36,Fiorentina,40,8,16,11,47.0,43.0,4.0,12
2018-19,36,Cagliari,40,10,10,15,33.0,49.0,-16.0,13
2018-19,36,Parma,38,9,11,15,38.0,55.0,-17.0,14
2018-19,36,Bologna,37,9,10,16,38.0,50.0,-12.0,15
2018-19,36,Genoa,36,8,12,15,37.0,54.0,-17.0,16
2018-19,36,Udinese,34,8,10,17,31.0,49.0,-18.0,17
2018-19,36,Empoli,32,8,8,19,44.0,66.0,-22.0,18
2018-19,36,Frosinone,24,5,9,21,28.0,64.0,-36.0,19
2018-19,36,Chievo,18,2,12,21,25.0,73.0,-48.0,20
2018-19,37,Juventus,89,28,5,3,69.0,27.0,42.0,1
2018-19,37,Napoli,76,23,7,6,68.0,32.0,36.0,2
2018-19,37,Inter,66,19,9,8,54.0,28.0,26.0,3
2018-19,37,Atalanta,65,19,8,9,73.0,44.0,29.0,4
2018-19,37,Roma,62,17,11,8,64.0,47.0,17.0,5
2018-19,37,Milan,62,17,11,8,50.0,34.0,16.0,6
2018-19,37,Torino,60,15,15,6,48.0,32.0,16.0,7
2018-19,37,Lazio,58,17,7,12,52.0,40.0,12.0,8
2018-19,37,Sampdoria,49,14,7,15,58.0,51.0,7.0,9
2018-19,37,Sassuolo,42,9,15,12,52.0,57.0,-5.0,10
2018-19,37,SPAL,42,11,9,16,40.0,50.0,-10.0,11
2018-19,37,Fiorentina,40,8,16,12,47.0,44.0,3.0,12
2018-19,37,Bologna,40,10,10,16,42.0,51.0,-9.0,13
2018-19,37,Cagliari,40,10,10,16,34.0,51.0,-17.0,14
2018-19,37,Parma,38,9,11,16,39.0,59.0,-20.0,15
2018-19,37,Udinese,37,9,10,17,34.0,50.0,-16.0,16
2018-19,37,Genoa,36,8,12,16,38.0,56.0,-18.0,17
2018-19,37,Empoli,35,9,8,19,46.0,67.0,-21.0,18
2018-19,37,Frosinone,24,5,9,22,29.0,67.0,-38.0,19
2018-19,37,Chievo,18,2,12,22,25.0,75.0,-50.0,20
2018-19,38,Juventus,90,28,6,3,70.0,28.0,42.0,1
2018-19,38,Napoli,79,24,7,6,72.0,33.0,39.0,2
2018-19,38,Atalanta,66,19,9,9,74.0,45.0,29.0,3
2018-19,38,Inter,66,19,9,9,55.0,32.0,23.0,4
2018-19,38,Milan,65,18,11,8,52.0,34.0,18.0,5
2018-19,38,Roma,63,17,12,8,64.0,47.0,17.0,6
2018-19,38,Torino,60,15,15,7,49.0,36.0,13.0,7
2018-19,38,Lazio,59,17,8,12,55.0,43.0,12.0,8
2018-19,38,Sampdoria,50,14,8,15,58.0,51.0,7.0,9
2018-19,38,Sassuolo,43,9,16,12,52.0,57.0,-5.0,10
2018-19,38,SPAL,42,11,9,17,42.0,53.0,-11.0,11
2018-19,38,Bologna,41,10,11,16,45.0,54.0,-9.0,12
2018-19,38,Cagliari,41,10,11,16,35.0,52.0,-17.0,13
2018-19,38,Parma,41,10,11,16,40.0,59.0,-19.0,14
2018-19,38,Fiorentina,40,8,16,13,47.0,45.0,2.0,15
2018-19,38,Udinese,40,10,10,17,37.0,52.0,-15.0,16
2018-19,38,Empoli,38,10,8,19,50.0,68.0,-18.0,17
2018-19,38,Genoa,37,8,13,16,39.0,57.0,-18.0,18
2018-19,38,Frosinone,24,5,9,23,29.0,69.0,-40.0,19
2018-19,38,Chievo,19,2,13,22,25.0,75.0,-50.0,20
2019-20,1,Parma,0,0,0,0,0,0,0,1
2019-20,1,Lecce,0,0,0,0,0,0,0,2
2019-20,1,Roma,0,0,0,0,0,0,0,3
2019-20,1,Brescia,0,0,0,0,0,0,0,4
2019-20,1,Sampdoria,0,0,0,0,0,0,0,5
2019-20,1,Inter,0,0,0,0,0,0,0,6
2019-20,1,Bologna,0,0,0,0,0,0,0,7
2019-20,1,Genoa,0,0,0,0,0,0,0,8
2019-20,1,Fiorentina,0,0,0,0,0,0,0,9
2019-20,1,Juventus,0,0,0,0,0,0,0,10
2019-20,1,Atalanta,0,0,0,0,0,0,0,11
2019-20,1,Udinese,0,0,0,0,0,0,0,12
2019-20,1,SPAL,0,0,0,0,0,0,0,13
2019-20,1,Napoli,0,0,0,0,0,0,0,14
2019-20,1,Lazio,0,0,0,0,0,0,0,15
2019-20,1,Verona,0,0,0,0,0,0,0,16
2019-20,1,Sassuolo,0,0,0,0,0,0,0,17
2019-20,1,Milan,0,0,0,0,0,0,0,18
2019-20,1,Torino,0,0,0,0,0,0,0,19
2019-20,1,Cagliari,0,0,0,0,0,0,0,20
2019-20,2,Inter,3,1,0,0,4.0,0.0,4.0,1
2019-20,2,Lazio,3,1,0,0,3.0,0.0,3.0,2
2019-20,2,Napoli,3,1,0,0,4.0,3.0,1.0,3
2019-20,2,Atalanta,3,1,0,0,3.0,2.0,1.0,4
2019-20,2,Torino,3,1,0,0,2.0,1.0,1.0,5
2019-20,2,Brescia,3,1,0,0,1.0,0.0,1.0,6
2019-20,2,Juventus,3,1,0,0,1.0,0.0,1.0,7
2019-20,2,Udinese,3,1,0,0,1.0,0.0,1.0,8
2019-20,2,Roma,1,0,1,0,3.0,3.0,0.0,9
2019-20,2,Genoa,1,0,1,0,3.0,3.0,0.0,10
2019-20,2,Bologna,1,0,1,0,1.0,1.0,0.0,11
2019-20,2,Verona,1,0,1,0,1.0,1.0,0.0,12
2019-20,2,Fiorentina,0,0,0,1,3.0,4.0,-1.0,13
2019-20,2,SPAL,0,0,0,1,2.0,3.0,-1.0,14
2019-20,2,Sassuolo,0,0,0,1,1.0,2.0,-1.0,15
2019-20,2,Parma,0,0,0,1,0.0,1.0,-1.0,16
2019-20,2,Milan,0,0,0,1,0.0,1.0,-1.0,17
2019-20,2,Cagliari,0,0,0,1,0.0,1.0,-1.0,18
2019-20,2,Sampdoria,0,0,0,1,0.0,3.0,-3.0,19
2019-20,2,Lecce,0,0,0,1,0.0,4.0,-4.0,20
2019-20,3,Inter,6,2,0,0,6.0,1.0,5.0,1
2019-20,3,Juventus,6,2,0,0,5.0,3.0,2.0,2
2019-20,3,Torino,6,2,0,0,5.0,3.0,2.0,3
2019-20,3,Lazio,4,1,1,0,4.0,1.0,3.0,4
2019-20,3,Genoa,4,1,1,0,5.0,4.0,1.0,5
2019-20,3,Bologna,4,1,1,0,2.0,1.0,1.0,6
2019-20,3,Verona,4,1,1,0,2.0,1.0,1.0,7
2019-20,3,Sassuolo,3,1,0,1,5.0,3.0,2.0,8
2019-20,3,Parma,3,1,0,1,3.0,2.0,1.0,9
2019-20,3,Napoli,3,1,0,1,7.0,7.0,0.0,10
2019-20,3,Atalanta,3,1,0,1,5.0,5.0,0.0,11
2019-20,3,Brescia,3,1,0,1,1.0,1.0,0.0,12
2019-20,3,Milan,3,1,0,1,1.0,1.0,0.0,13
2019-20,3,Udinese,3,1,0,1,2.0,3.0,-1.0,14
2019-20,3,Roma,2,0,2,0,4.0,4.0,0.0,15
2019-20,3,Fiorentina,0,0,0,2,4.0,6.0,-2.0,16
2019-20,3,SPAL,0,0,0,2,2.0,4.0,-2.0,17
2019-20,3,Cagliari,0,0,0,2,1.0,3.0,-2.0,18
2019-20,3,Lecce,0,0,0,2,0.0,5.0,-5.0,19
2019-20,3,Sampdoria,0,0,0,2,1.0,7.0,-6.0,20
2019-20,4,Inter,9,3,0,0,7.0,1.0,6.0,1
2019-20,4,Bologna,7,2,1,0,6.0,4.0,2.0,2
2019-20,4,Juventus,7,2,1,0,5.0,3.0,2.0,3
2019-20,4,Napoli,6,2,0,1,9.0,7.0,2.0,4
2019-20,4,Atalanta,6,2,0,1,7.0,6.0,1.0,5
2019-20,4,Torino,6,2,0,1,6.0,5.0,1.0,6
2019-20,4,Milan,6,2,0,1,2.0,1.0,1.0,7
2019-20,4,Roma,5,1,2,0,8.0,6.0,2.0,8
2019-20,4,Lazio,4,1,1,1,5.0,3.0,2.0,9
2019-20,4,Genoa,4,1,1,1,6.0,6.0,0.0,10
2019-20,4,Verona,4,1,1,1,2.0,2.0,0.0,11
2019-20,4,Sassuolo,3,1,0,2,7.0,7.0,0.0,12
2019-20,4,Cagliari,3,1,0,2,4.0,4.0,0.0,13
2019-20,4,Parma,3,1,0,2,4.0,5.0,-1.0,14
2019-20,4,Brescia,3,1,0,2,4.0,5.0,-1.0,15
2019-20,4,SPAL,3,1,0,2,4.0,5.0,-1.0,16
2019-20,4,Udinese,3,1,0,2,2.0,4.0,-2.0,17
2019-20,4,Lecce,3,1,0,2,2.0,6.0,-4.0,18
2019-20,4,Fiorentina,1,0,1,2,4.0,6.0,-2.0,19
2019-20,4,Sampdoria,0,0,0,3,1.0,9.0,-8.0,20
2019-20,5,Inter,12,4,0,0,9.0,1.0,8.0,1
2019-20,5,Juventus,10,3,1,0,7.0,4.0,3.0,2
2019-20,5,Napoli,9,3,0,1,13.0,8.0,5.0,3
2019-20,5,Roma,8,2,2,0,10.0,7.0,3.0,4
2019-20,5,Lazio,7,2,1,1,7.0,3.0,4.0,5
2019-20,5,Atalanta,7,2,1,1,9.0,8.0,1.0,6
2019-20,5,Bologna,7,2,1,1,7.0,6.0,1.0,7
2019-20,5,Sassuolo,6,2,0,2,10.0,7.0,3.0,8
2019-20,5,Cagliari,6,2,0,2,7.0,5.0,2.0,9
2019-20,5,Torino,6,2,0,2,6.0,6.0,0.0,10
2019-20,5,Brescia,6,2,0,2,5.0,5.0,0.0,11
2019-20,5,Milan,6,2,0,2,2.0,3.0,-1.0,12
2019-20,5,Verona,4,1,1,2,3.0,4.0,-1.0,13
2019-20,5,Genoa,4,1,1,2,7.0,9.0,-2.0,14
2019-20,5,Parma,3,1,0,3,4.0,7.0,-3.0,15
2019-20,5,Udinese,3,1,0,3,2.0,5.0,-3.0,16
2019-20,5,SPAL,3,1,0,3,4.0,8.0,-4.0,17
2019-20,5,Lecce,3,1,0,3,3.0,10.0,-7.0,18
2019-20,5,Sampdoria,3,1,0,3,2.0,9.0,-7.0,19
2019-20,5,Fiorentina,2,0,2,2,6.0,8.0,-2.0,20
2019-20,6,Inter,15,5,0,0,10.0,1.0,9.0,1
2019-20,6,Juventus,13,4,1,0,9.0,5.0,4.0,2
2019-20,6,Atalanta,10,3,1,1,11.0,8.0,3.0,3
2019-20,6,Napoli,9,3,0,2,13.0,9.0,4.0,4
2019-20,6,Cagliari,9,3,0,2,8.0,5.0,3.0,5
2019-20,6,Torino,9,3,0,2,8.0,7.0,1.0,6
2019-20,6,Roma,8,2,2,1,10.0,9.0,1.0,7
2019-20,6,Bologna,8,2,2,1,7.0,6.0,1.0,8
2019-20,6,Lazio,7,2,1,2,7.0,4.0,3.0,9
2019-20,6,Sassuolo,6,2,0,3,10.0,8.0,2.0,10
2019-20,6,Brescia,6,2,0,3,6.0,7.0,-1.0,11
2019-20,6,Parma,6,2,0,3,5.0,7.0,-2.0,12
2019-20,6,Milan,6,2,0,3,3.0,5.0,-2.0,13
2019-20,6,Lecce,6,2,0,3,6.0,11.0,-5.0,14
2019-20,6,Fiorentina,5,1,2,2,8.0,9.0,-1.0,15
2019-20,6,Verona,5,1,2,2,3.0,4.0,-1.0,16
2019-20,6,Genoa,5,1,2,2,7.0,9.0,-2.0,17
2019-20,6,Udinese,4,1,1,3,2.0,5.0,-3.0,18
2019-20,6,SPAL,3,1,0,4,5.0,11.0,-6.0,19
2019-20,6,Sampdoria,3,1,0,4,3.0,11.0,-8.0,20
2019-20,7,Inter,18,6,0,0,13.0,2.0,11.0,1
2019-20,7,Juventus,16,5,1,0,11.0,5.0,6.0,2
2019-20,7,Atalanta,13,4,1,1,15.0,9.0,6.0,3
2019-20,7,Napoli,12,4,0,2,15.0,10.0,5.0,4
2019-20,7,Roma,11,3,2,1,11.0,9.0,2.0,5
2019-20,7,Lazio,10,3,1,2,11.0,4.0,7.0,6
2019-20,7,Cagliari,10,3,1,2,9.0,6.0,3.0,7
2019-20,7,Torino,9,3,0,3,10.0,10.0,0.0,8
2019-20,7,Parma,9,3,0,3,8.0,9.0,-1.0,9
2019-20,7,Fiorentina,8,2,2,2,11.0,10.0,1.0,10
2019-20,7,Bologna,8,2,2,2,7.0,7.0,0.0,11
2019-20,7,Udinese,7,2,1,3,3.0,5.0,-2.0,12
2019-20,7,Sassuolo,6,2,0,4,11.0,12.0,-1.0,13
2019-20,7,Verona,6,1,3,2,4.0,5.0,-1.0,14
2019-20,7,Brescia,6,2,0,4,7.0,9.0,-2.0,15
2019-20,7,Milan,6,2,0,4,4.0,8.0,-4.0,16
2019-20,7,Lecce,6,2,0,4,6.0,12.0,-6.0,17
2019-20,7,Genoa,5,1,2,3,7.0,13.0,-6.0,18
2019-20,7,SPAL,3,1,0,5,5.0,13.0,-8.0,19
2019-20,7,Sampdoria,3,1,0,5,4.0,14.0,-10.0,20
2019-20,8,Juventus,19,6,1,0,13.0,6.0,7.0,1
2019-20,8,Inter,18,6,0,1,14.0,4.0,10.0,2
2019-20,8,Atalanta,16,5,1,1,18.0,10.0,8.0,3
2019-20,8,Napoli,13,4,1,2,15.0,10.0,5.0,4
2019-20,8,Roma,12,3,3,1,12.0,10.0,2.0,5
2019-20,8,Lazio,11,3,2,2,13.0,6.0,7.0,6
2019-20,8,Cagliari,11,3,2,2,10.0,7.0,3.0,7
2019-20,8,Fiorentina,11,3,2,2,12.0,10.0,2.0,8
2019-20,8,Torino,10,3,1,3,10.0,10.0,0.0,9
2019-20,8,Sassuolo,9,3,0,4,13.0,12.0,1.0,10
2019-20,8,Verona,9,2,3,2,6.0,5.0,1.0,11
2019-20,8,Bologna,9,2,3,2,9.0,9.0,0.0,12
2019-20,8,Parma,9,3,0,4,8.0,10.0,-2.0,13
2019-20,8,Milan,9,3,0,4,6.0,9.0,-3.0,14
2019-20,8,Udinese,7,2,1,4,3.0,6.0,-3.0,15
2019-20,8,Brescia,6,2,0,5,7.0,11.0,-4.0,16
2019-20,8,SPAL,6,2,0,5,6.0,13.0,-7.0,17
2019-20,8,Lecce,6,2,0,5,7.0,15.0,-8.0,18
2019-20,8,Genoa,5,1,2,4,8.0,15.0,-7.0,19
2019-20,8,Sampdoria,3,1,0,6,4.0,16.0,-12.0,20
2019-20,9,Juventus,22,7,1,0,15.0,7.0,8.0,1
2019-20,9,Inter,21,7,0,1,18.0,7.0,11.0,2
2019-20,9,Atalanta,17,5,2,1,21.0,13.0,8.0,3
2019-20,9,Napoli,16,5,1,2,17.0,10.0,7.0,4
2019-20,9,Cagliari,14,4,2,2,12.0,7.0,5.0,5
2019-20,9,Roma,13,3,4,1,12.0,10.0,2.0,6
2019-20,9,Lazio,12,3,3,2,16.0,9.0,7.0,7
2019-20,9,Parma,12,4,0,4,13.0,11.0,2.0,8
2019-20,9,Fiorentina,12,3,3,2,12.0,10.0,2.0,9
2019-20,9,Torino,10,3,1,4,10.0,11.0,-1.0,10
2019-20,9,Udinese,10,3,1,4,4.0,6.0,-2.0,11
2019-20,9,Milan,10,3,1,4,8.0,11.0,-3.0,12
2019-20,9,Sassuolo,9,3,0,5,16.0,16.0,0.0,13
2019-20,9,Bologna,9,2,3,3,10.0,11.0,-1.0,14
2019-20,9,Verona,9,2,3,3,6.0,7.0,-1.0,15
2019-20,9,Brescia,7,2,1,5,7.0,11.0,-4.0,16
2019-20,9,Lecce,7,2,1,5,9.0,17.0,-8.0,17
2019-20,9,SPAL,6,2,0,6,6.0,15.0,-9.0,18
2019-20,9,Genoa,5,1,2,5,9.0,20.0,-11.0,19
2019-20,9,Sampdoria,4,1,1,6,4.0,16.0,-12.0,20
2019-20,10,Juventus,23,7,2,0,16.0,8.0,8.0,1
2019-20,10,Inter,22,7,1,1,20.0,9.0,11.0,2
2019-20,10,Atalanta,20,6,2,1,28.0,14.0,14.0,3
2019-20,10,Napoli,17,5,2,2,18.0,11.0,7.0,4
2019-20,10,Roma,16,4,4,1,14.0,11.0,3.0,5
2019-20,10,Lazio,15,4,3,2,18.0,10.0,8.0,6
2019-20,10,Cagliari,15,4,3,2,13.0,8.0,5.0,7
2019-20,10,Parma,13,4,1,4,15.0,13.0,2.0,8
2019-20,10,Sassuolo,12,4,0,5,17.0,16.0,1.0,9
2019-20,10,Fiorentina,12,3,3,3,13.0,12.0,1.0,10
2019-20,10,Bologna,12,3,3,3,12.0,12.0,0.0,11
2019-20,10,Torino,11,3,2,4,11.0,12.0,-1.0,12
2019-20,10,Milan,10,3,1,5,9.0,13.0,-4.0,13
2019-20,10,Udinese,10,3,1,5,5.0,13.0,-8.0,14
2019-20,10,Verona,9,2,3,4,6.0,8.0,-2.0,15
2019-20,10,Lecce,8,2,2,5,10.0,18.0,-8.0,16
2019-20,10,Genoa,8,2,2,5,12.0,21.0,-9.0,17
2019-20,10,Brescia,7,2,1,6,8.0,14.0,-6.0,18
2019-20,10,SPAL,7,2,1,6,7.0,16.0,-9.0,19
2019-20,10,Sampdoria,4,1,1,7,5.0,18.0,-13.0,20
2019-20,11,Juventus,26,8,2,0,18.0,9.0,9.0,1
2019-20,11,Inter,25,8,1,1,22.0,10.0,12.0,2
2019-20,11,Atalanta,21,6,3,1,30.0,16.0,14.0,3
2019-20,11,Roma,19,5,4,1,18.0,11.0,7.0,4
2019-20,11,Lazio,18,5,3,2,22.0,10.0,12.0,5
2019-20,11,Napoli,18,5,3,2,20.0,13.0,7.0,6
2019-20,11,Cagliari,18,5,3,2,16.0,10.0,6.0,7
2019-20,11,Fiorentina,15,4,3,3,15.0,13.0,2.0,8
2019-20,11,Parma,13,4,1,5,15.0,14.0,1.0,9
2019-20,11,Milan,13,4,1,5,10.0,13.0,-3.0,10
2019-20,11,Sassuolo,12,4,0,6,18.0,18.0,0.0,11
2019-20,11,Bologna,12,3,3,4,14.0,15.0,-1.0,12
2019-20,11,Verona,12,3,3,4,7.0,8.0,-1.0,13
2019-20,11,Torino,11,3,2,5,11.0,16.0,-5.0,14
2019-20,11,Udinese,10,3,1,6,5.0,17.0,-12.0,15
2019-20,11,Lecce,9,2,3,5,11.0,19.0,-8.0,16
2019-20,11,Genoa,8,2,2,6,13.0,23.0,-10.0,17
2019-20,11,Brescia,7,2,1,7,9.0,16.0,-7.0,18
2019-20,11,SPAL,7,2,1,7,7.0,17.0,-10.0,19
2019-20,11,Sampdoria,5,1,2,7,6.0,19.0,-13.0,20
2019-20,12,Juventus,29,9,2,0,19.0,9.0,10.0,1
2019-20,12,Inter,28,9,1,1,24.0,11.0,13.0,2
2019-20,12,Roma,22,6,4,1,20.0,12.0,8.0,3
2019-20,12,Lazio,21,6,3,2,24.0,11.0,13.0,4
2019-20,12,Atalanta,21,6,3,2,30.0,18.0,12.0,5
2019-20,12,Cagliari,21,6,3,2,18.0,10.0,8.0,6
2019-20,12,Napoli,18,5,3,3,21.0,15.0,6.0,7
2019-20,12,Fiorentina,16,4,4,3,16.0,14.0,2.0,8
2019-20,12,Verona,15,4,3,4,9.0,9.0,0.0,9
2019-20,12,Parma,14,4,2,5,16.0,15.0,1.0,10
2019-20,12,Sassuolo,13,4,1,6,20.0,20.0,0.0,11
2019-20,12,Milan,13,4,1,6,11.0,15.0,-4.0,12
2019-20,12,Udinese,13,4,1,6,8.0,18.0,-10.0,13
2019-20,12,Bologna,12,3,3,5,15.0,17.0,-2.0,14
2019-20,12,Torino,11,3,2,6,11.0,17.0,-6.0,15
2019-20,12,Lecce,10,2,4,5,13.0,21.0,-8.0,16
2019-20,12,Genoa,8,2,2,7,14.0,26.0,-12.0,17
2019-20,12,Sampdoria,8,2,2,7,7.0,19.0,-12.0,18
2019-20,12,Brescia,7,2,1,8,10.0,18.0,-8.0,19
2019-20,12,SPAL,7,2,1,8,7.0,18.0,-11.0,20
2019-20,13,Juventus,32,10,2,0,20.0,9.0,11.0,1
2019-20,13,Inter,31,10,1,1,26.0,12.0,14.0,2
2019-20,13,Lazio,24,7,3,2,28.0,13.0,15.0,3
2019-20,13,Cagliari,24,7,3,2,23.0,12.0,11.0,4
2019-20,13,Atalanta,22,6,4,2,30.0,18.0,12.0,5
2019-20,13,Roma,22,6,4,2,20.0,14.0,6.0,6
2019-20,13,Napoli,19,5,4,3,21.0,15.0,6.0,7
2019-20,13,Parma,17,5,2,5,18.0,15.0,3.0,8
2019-20,13,Sassuolo,16,5,1,6,23.0,21.0,2.0,9
2019-20,13,Fiorentina,16,4,4,4,18.0,19.0,-1.0,10
2019-20,13,Verona,15,4,3,5,10.0,11.0,-1.0,11
2019-20,13,Torino,14,4,2,6,15.0,17.0,-2.0,12
2019-20,13,Udinese,14,4,2,6,8.0,18.0,-10.0,13
2019-20,13,Milan,13,4,1,7,11.0,16.0,-5.0,14
2019-20,13,Bologna,12,3,3,6,16.0,20.0,-4.0,15
2019-20,13,Lecce,10,2,4,6,15.0,25.0,-10.0,16
2019-20,13,Genoa,9,2,3,7,14.0,26.0,-12.0,17
2019-20,13,Sampdoria,9,2,3,7,7.0,19.0,-12.0,18
2019-20,13,SPAL,8,2,2,8,7.0,18.0,-11.0,19
2019-20,13,Brescia,7,2,1,9,10.0,22.0,-12.0,20
2019-20,14,Juventus,35,11,2,0,23.0,10.0,13.0,1
2019-20,14,Inter,34,11,1,1,29.0,12.0,17.0,2
2019-20,14,Lazio,27,8,3,2,30.0,14.0,16.0,3
2019-20,14,Cagliari,25,7,4,2,25.0,14.0,11.0,4
2019-20,14,Roma,25,7,4,2,23.0,14.0,9.0,5
2019-20,14,Atalanta,22,6,4,3,31.0,21.0,10.0,6
2019-20,14,Napoli,20,5,5,3,22.0,16.0,6.0,7
2019-20,14,Parma,18,5,3,5,20.0,17.0,3.0,8
2019-20,14,Verona,18,5,3,5,11.0,11.0,0.0,9
2019-20,14,Sassuolo,16,5,1,7,24.0,23.0,1.0,10
2019-20,14,Fiorentina,16,4,4,5,18.0,20.0,-2.0,11
2019-20,14,Torino,14,4,2,7,15.0,20.0,-5.0,12
2019-20,14,Milan,14,4,2,7,12.0,17.0,-5.0,13
2019-20,14,Udinese,14,4,2,7,9.0,20.0,-11.0,14
2019-20,14,Bologna,13,3,4,6,18.0,22.0,-4.0,15
2019-20,14,Sampdoria,12,3,3,7,9.0,20.0,-11.0,16
2019-20,14,Lecce,11,2,5,6,17.0,27.0,-10.0,17
2019-20,14,Genoa,10,2,4,7,15.0,27.0,-12.0,18
2019-20,14,SPAL,9,2,3,8,8.0,19.0,-11.0,19
2019-20,14,Brescia,7,2,1,10,10.0,25.0,-15.0,20
2019-20,15,Inter,37,12,1,1,31.0,13.0,18.0,1
2019-20,15,Juventus,36,11,3,0,25.0,12.0,13.0,2
2019-20,15,Lazio,30,9,3,2,33.0,14.0,19.0,3
2019-20,15,Cagliari,28,8,4,2,29.0,17.0,12.0,4
2019-20,15,Roma,28,8,4,2,26.0,15.0,11.0,5
2019-20,15,Atalanta,25,7,4,3,34.0,21.0,13.0,6
2019-20,15,Napoli,20,5,5,4,23.0,18.0,5.0,7
2019-20,15,Parma,18,5,3,6,20.0,18.0,2.0,8
2019-20,15,Verona,18,5,3,6,12.0,14.0,-2.0,9
2019-20,15,Sassuolo,17,5,2,7,26.0,25.0,1.0,10
2019-20,15,Torino,17,5,2,7,16.0,20.0,-4.0,11
2019-20,15,Milan,17,5,2,7,13.0,17.0,-4.0,12
2019-20,15,Bologna,16,4,4,6,20.0,23.0,-3.0,13
2019-20,15,Fiorentina,16,4,4,6,18.0,21.0,-3.0,14
2019-20,15,Lecce,14,3,5,6,18.0,27.0,-9.0,15
2019-20,15,Udinese,14,4,2,8,9.0,23.0,-14.0,16
2019-20,15,Sampdoria,12,3,3,8,12.0,24.0,-12.0,17
2019-20,15,Genoa,10,2,4,8,15.0,28.0,-13.0,18
2019-20,15,SPAL,9,2,3,9,9.0,21.0,-12.0,19
2019-20,15,Brescia,7,2,1,11,10.0,28.0,-18.0,20
2019-20,16,Inter,38,12,2,1,31.0,13.0,18.0,1
2019-20,16,Juventus,36,11,3,1,26.0,15.0,11.0,2
2019-20,16,Lazio,33,10,3,2,36.0,15.0,21.0,3
2019-20,16,Cagliari,29,8,5,2,31.0,19.0,12.0,4
2019-20,16,Roma,29,8,5,2,26.0,15.0,11.0,5
2019-20,16,Atalanta,28,8,4,3,37.0,23.0,14.0,6
2019-20,16,Napoli,21,5,6,4,24.0,19.0,5.0,7
2019-20,16,Parma,21,6,3,6,21.0,18.0,3.0,8
2019-20,16,Torino,20,6,2,7,18.0,21.0,-3.0,9
2019-20,16,Milan,20,6,2,7,16.0,19.0,-3.0,10
2019-20,16,Sassuolo,18,5,3,7,28.0,27.0,1.0,11
2019-20,16,Verona,18,5,3,7,14.0,17.0,-3.0,12
2019-20,16,Bologna,16,4,4,7,22.0,26.0,-4.0,13
2019-20,16,Fiorentina,16,4,4,7,19.0,23.0,-4.0,14
2019-20,16,Lecce,15,3,6,6,20.0,29.0,-9.0,15
2019-20,16,Udinese,15,4,3,8,10.0,24.0,-14.0,16
2019-20,16,Sampdoria,12,3,3,9,12.0,25.0,-13.0,17
2019-20,16,Genoa,11,2,5,8,17.0,30.0,-13.0,18
2019-20,16,Brescia,10,3,1,11,11.0,28.0,-17.0,19
2019-20,16,SPAL,9,2,3,10,9.0,22.0,-13.0,20
2019-20,17,Inter,39,12,3,1,32.0,14.0,18.0,1
2019-20,17,Juventus,39,12,3,1,29.0,16.0,13.0,2
2019-20,17,Lazio,36,11,3,2,38.0,16.0,22.0,3
2019-20,17,Roma,32,9,5,2,29.0,16.0,13.0,4
2019-20,17,Cagliari,29,8,5,3,32.0,21.0,11.0,5
2019-20,17,Atalanta,28,8,4,4,38.0,25.0,13.0,6
2019-20,17,Parma,24,7,3,6,23.0,19.0,4.0,7
2019-20,17,Napoli,21,5,6,5,25.0,21.0,4.0,8
2019-20,17,Torino,21,6,3,7,21.0,24.0,-3.0,9
2019-20,17,Milan,21,6,3,7,16.0,19.0,-3.0,10
2019-20,17,Sassuolo,19,5,4,7,28.0,27.0,1.0,11
2019-20,17,Bologna,19,5,4,7,24.0,27.0,-3.0,12
2019-20,17,Verona,19,5,4,7,17.0,20.0,-3.0,13
2019-20,17,Fiorentina,17,4,5,7,20.0,24.0,-4.0,14
2019-20,17,Lecce,15,3,6,7,20.0,32.0,-12.0,15
2019-20,17,Sampdoria,15,4,3,9,13.0,25.0,-12.0,16
2019-20,17,Udinese,15,4,3,9,11.0,27.0,-16.0,17
2019-20,17,Brescia,13,4,1,11,14.0,28.0,-14.0,18
2019-20,17,Genoa,11,2,5,9,17.0,31.0,-14.0,19
2019-20,17,SPAL,9,2,3,11,10.0,25.0,-15.0,20
2019-20,18,Inter,42,13,3,1,36.0,14.0,22.0,1
2019-20,18,Juventus,42,13,3,1,31.0,17.0,14.0,2
2019-20,18,Lazio,37,11,4,2,38.0,16.0,22.0,3
2019-20,18,Roma,35,10,5,2,33.0,17.0,16.0,4
2019-20,18,Atalanta,31,9,4,4,43.0,25.0,18.0,5
2019-20,18,Cagliari,29,8,5,4,33.0,23.0,10.0,6
2019-20,18,Parma,25,7,4,6,24.0,20.0,4.0,7
2019-20,18,Napoli,24,6,6,5,27.0,22.0,5.0,8
2019-20,18,Bologna,22,6,4,7,27.0,29.0,-2.0,9
2019-20,18,Torino,21,6,3,8,22.0,26.0,-4.0,10
2019-20,18,Milan,21,6,3,8,16.0,24.0,-8.0,11
2019-20,18,Verona,20,5,5,7,17.0,20.0,-3.0,12
2019-20,18,Sassuolo,19,5,4,8,29.0,29.0,0.0,13
2019-20,18,Udinese,18,5,3,9,13.0,28.0,-15.0,14
2019-20,18,Fiorentina,17,4,5,8,21.0,28.0,-7.0,15
2019-20,18,Lecce,15,3,6,8,22.0,35.0,-13.0,16
2019-20,18,Sampdoria,15,4,3,10,14.0,27.0,-13.0,17
2019-20,18,Brescia,14,4,2,11,15.0,29.0,-14.0,18
2019-20,18,SPAL,12,3,3,11,12.0,26.0,-14.0,19
2019-20,18,Genoa,11,2,5,10,17.0,35.0,-18.0,20
2019-20,19,Inter,45,14,3,1,39.0,15.0,24.0,1
2019-20,19,Juventus,45,14,3,1,35.0,17.0,18.0,2
2019-20,19,Lazio,40,12,4,2,40.0,17.0,23.0,3
2019-20,19,Roma,35,10,5,3,33.0,19.0,14.0,4
2019-20,19,Atalanta,34,10,4,4,48.0,25.0,23.0,5
2019-20,19,Cagliari,29,8,5,5,33.0,27.0,6.0,6
2019-20,19,Parma,25,7,4,7,24.0,25.0,-1.0,7
2019-20,19,Napoli,24,6,6,6,28.0,25.0,3.0,8
2019-20,19,Torino,24,7,3,8,24.0,26.0,-2.0,9
2019-20,19,Verona,23,6,5,7,19.0,20.0,-1.0,10
2019-20,19,Bologna,23,6,5,7,28.0,30.0,-2.0,11
2019-20,19,Milan,22,6,4,8,16.0,24.0,-8.0,12
2019-20,19,Udinese,21,6,3,9,14.0,28.0,-14.0,13
2019-20,19,Sassuolo,19,5,4,9,30.0,31.0,-1.0,14
2019-20,19,Fiorentina,18,4,6,8,22.0,29.0,-7.0,15
2019-20,19,Sampdoria,16,4,4,10,14.0,27.0,-13.0,16
2019-20,19,Lecce,15,3,6,9,22.0,36.0,-14.0,17
2019-20,19,Brescia,14,4,2,12,16.0,31.0,-15.0,18
2019-20,19,Genoa,14,3,5,10,19.0,36.0,-17.0,19
2019-20,19,SPAL,12,3,3,12,12.0,28.0,-16.0,20
2019-20,20,Juventus,48,15,3,1,37.0,18.0,19.0,1
2019-20,20,Inter,46,14,4,1,40.0,16.0,24.0,2
2019-20,20,Lazio,43,13,4,2,41.0,17.0,24.0,3
2019-20,20,Atalanta,35,10,5,4,49.0,26.0,23.0,4
2019-20,20,Roma,35,10,5,4,34.0,21.0,13.0,5
2019-20,20,Cagliari,29,8,5,6,33.0,29.0,4.0,6
2019-20,20,Parma,28,8,4,7,26.0,25.0,1.0,7
2019-20,20,Torino,27,8,3,8,25.0,26.0,-1.0,8
2019-20,20,Verona,26,7,5,7,21.0,21.0,0.0,9
2019-20,20,Milan,25,7,4,8,18.0,24.0,-6.0,10
2019-20,20,Napoli,24,6,6,7,28.0,26.0,2.0,11
2019-20,20,Udinese,24,7,3,9,17.0,28.0,-11.0,12
2019-20,20,Bologna,23,6,5,8,28.0,31.0,-3.0,13
2019-20,20,Fiorentina,21,5,6,8,23.0,29.0,-6.0,14
2019-20,20,Sassuolo,19,5,4,10,30.0,34.0,-4.0,15
2019-20,20,Sampdoria,19,5,4,10,19.0,28.0,-9.0,16
2019-20,20,Lecce,15,3,6,10,22.0,38.0,-16.0,17
2019-20,20,Genoa,14,3,5,11,20.0,38.0,-18.0,18
2019-20,20,Brescia,14,4,2,13,17.0,36.0,-19.0,19
2019-20,20,SPAL,12,3,3,13,12.0,29.0,-17.0,20
2019-20,21,Juventus,51,16,3,1,39.0,19.0,20.0,1
2019-20,21,Inter,47,14,5,1,41.0,17.0,24.0,2
2019-20,21,Lazio,46,14,4,2,46.0,18.0,28.0,3
2019-20,21,Roma,38,11,5,4,37.0,22.0,15.0,4
2019-20,21,Atalanta,35,10,5,5,50.0,28.0,22.0,5
2019-20,21,Cagliari,30,8,6,6,35.0,31.0,4.0,6
2019-20,21,Parma,28,8,4,8,27.0,27.0,0.0,7
2019-20,21,Milan,28,8,4,8,21.0,26.0,-5.0,8
2019-20,21,Verona,27,7,6,7,22.0,22.0,0.0,9
2019-20,21,Torino,27,8,3,9,26.0,28.0,-2.0,10
2019-20,21,Napoli,24,6,6,8,28.0,28.0,0.0,11
2019-20,21,Bologna,24,6,6,8,29.0,32.0,-3.0,12
2019-20,21,Fiorentina,24,6,6,8,25.0,29.0,-4.0,13
2019-20,21,Udinese,24,7,3,10,19.0,31.0,-12.0,14
2019-20,21,Sassuolo,22,6,4,10,32.0,35.0,-3.0,15
2019-20,21,Sampdoria,19,5,4,11,20.0,33.0,-13.0,16
2019-20,21,Lecce,16,3,7,10,23.0,39.0,-16.0,17
2019-20,21,SPAL,15,4,3,13,14.0,30.0,-16.0,18
2019-20,21,Brescia,15,4,3,13,19.0,38.0,-19.0,19
2019-20,21,Genoa,14,3,5,12,21.0,41.0,-20.0,20
2019-20,22,Juventus,51,16,3,2,40.0,21.0,19.0,1
2019-20,22,Inter,48,14,6,1,42.0,18.0,24.0,2
2019-20,22,Lazio,47,14,5,2,47.0,19.0,28.0,3
2019-20,22,Roma,39,11,6,4,38.0,23.0,15.0,4
2019-20,22,Atalanta,38,11,5,5,57.0,28.0,29.0,5
2019-20,22,Cagliari,31,8,7,6,36.0,32.0,4.0,6
2019-20,22,Parma,31,9,4,8,29.0,27.0,2.0,7
2019-20,22,Milan,31,9,4,8,22.0,26.0,-4.0,8
2019-20,22,Verona,30,8,6,7,25.0,22.0,3.0,9
2019-20,22,Napoli,27,7,6,8,30.0,29.0,1.0,10
2019-20,22,Bologna,27,7,6,8,32.0,33.0,-1.0,11
2019-20,22,Torino,27,8,3,10,26.0,35.0,-9.0,12
2019-20,22,Fiorentina,25,6,7,8,25.0,29.0,-4.0,13
2019-20,22,Udinese,24,7,3,11,19.0,33.0,-14.0,14
2019-20,22,Sassuolo,23,6,5,10,32.0,35.0,-3.0,15
2019-20,22,Sampdoria,20,5,5,11,20.0,33.0,-13.0,16
2019-20,22,Lecce,16,3,7,11,23.0,42.0,-19.0,17
2019-20,22,SPAL,15,4,3,14,15.0,33.0,-18.0,18
2019-20,22,Genoa,15,3,6,12,21.0,41.0,-20.0,19
2019-20,22,Brescia,15,4,3,14,19.0,39.0,-20.0,20
2019-20,23,Juventus,54,17,3,2,43.0,21.0,22.0,1
2019-20,23,Inter,51,15,6,1,44.0,18.0,26.0,2
2019-20,23,Lazio,50,15,5,2,52.0,20.0,32.0,3
2019-20,23,Atalanta,39,11,6,5,59.0,30.0,29.0,4
2019-20,23,Roma,39,11,6,5,40.0,27.0,13.0,5
2019-20,23,Cagliari,32,8,8,6,38.0,34.0,4.0,6
2019-20,23,Parma,32,9,5,8,31.0,29.0,2.0,7
2019-20,23,Milan,32,9,5,8,23.0,27.0,-4.0,8
2019-20,23,Verona,31,8,7,7,26.0,23.0,3.0,9
2019-20,23,Napoli,30,8,6,8,34.0,31.0,3.0,10
2019-20,23,Bologna,30,8,6,8,34.0,34.0,0.0,11
2019-20,23,Torino,27,8,3,11,26.0,39.0,-13.0,12
2019-20,23,Sassuolo,26,7,5,10,36.0,37.0,-1.0,13
2019-20,23,Fiorentina,25,6,7,9,25.0,32.0,-7.0,14
2019-20,23,Udinese,24,7,3,12,19.0,35.0,-16.0,15
2019-20,23,Sampdoria,20,5,5,12,22.0,37.0,-15.0,16
2019-20,23,Lecce,19,4,7,11,27.0,42.0,-15.0,17
2019-20,23,Genoa,16,3,7,12,23.0,43.0,-20.0,18
2019-20,23,Brescia,15,4,3,15,20.0,41.0,-21.0,19
2019-20,23,SPAL,15,4,3,15,16.0,38.0,-22.0,20
2019-20,24,Inter,54,16,6,1,48.0,20.0,28.0,1
2019-20,24,Juventus,54,17,3,3,44.0,23.0,21.0,2
2019-20,24,Lazio,53,16,5,2,53.0,20.0,33.0,3
2019-20,24,Atalanta,42,12,6,5,61.0,31.0,30.0,4
2019-20,24,Roma,39,11,6,6,42.0,30.0,12.0,5
2019-20,24,Verona,34,9,7,7,28.0,24.0,4.0,6
2019-20,24,Bologna,33,9,6,8,37.0,36.0,1.0,7
2019-20,24,Cagliari,32,8,8,7,38.0,35.0,3.0,8
2019-20,24,Parma,32,9,5,9,31.0,30.0,1.0,9
2019-20,24,Milan,32,9,5,9,25.0,31.0,-6.0,10
2019-20,24,Napoli,30,8,6,9,36.0,34.0,2.0,11
2019-20,24,Sassuolo,29,8,5,10,38.0,38.0,0.0,12
2019-20,24,Torino,27,8,3,12,27.0,42.0,-15.0,13
2019-20,24,Fiorentina,25,6,7,10,26.0,34.0,-8.0,14
2019-20,24,Udinese,25,7,4,12,20.0,36.0,-16.0,15
2019-20,24,Sampdoria,23,6,5,12,25.0,38.0,-13.0,16
2019-20,24,Lecce,22,5,7,11,30.0,44.0,-14.0,17
2019-20,24,Genoa,19,4,7,12,24.0,43.0,-19.0,18
2019-20,24,Brescia,16,4,4,15,21.0,42.0,-21.0,19
2019-20,24,SPAL,15,4,3,16,17.0,40.0,-23.0,20
2019-20,25,Juventus,57,18,3,3,46.0,23.0,23.0,1
2019-20,25,Lazio,56,17,5,2,55.0,21.0,34.0,2
2019-20,25,Inter,54,16,6,2,49.0,22.0,27.0,3
2019-20,25,Atalanta,45,13,6,5,63.0,32.0,31.0,4
2019-20,25,Roma,39,11,6,7,43.0,32.0,11.0,5
2019-20,25,Verona,35,9,8,7,28.0,24.0,4.0,6
2019-20,25,Parma,35,10,5,9,32.0,30.0,2.0,7
2019-20,25,Milan,35,10,5,9,26.0,31.0,-5.0,8
2019-20,25,Napoli,33,9,6,9,37.0,34.0,3.0,9
2019-20,25,Bologna,33,9,6,9,37.0,39.0,-2.0,10
2019-20,25,Cagliari,32,8,8,8,38.0,36.0,2.0,11
2019-20,25,Sassuolo,29,8,5,11,38.0,39.0,-1.0,12
2019-20,25,Fiorentina,28,7,7,10,31.0,35.0,-4.0,13
2019-20,25,Torino,27,8,3,13,27.0,43.0,-16.0,14
2019-20,25,Udinese,26,7,5,12,20.0,36.0,-16.0,15
2019-20,25,Lecce,25,6,7,11,32.0,45.0,-13.0,16
2019-20,25,Sampdoria,23,6,5,13,26.0,43.0,-17.0,17
2019-20,25,Genoa,22,5,7,12,27.0,43.0,-16.0,18
2019-20,25,Brescia,16,4,4,16,21.0,44.0,-23.0,19
2019-20,25,SPAL,15,4,3,17,18.0,42.0,-24.0,20
2019-20,26,Juventus,60,19,3,3,48.0,24.0,24.0,1
2019-20,26,Lazio,59,18,5,2,58.0,23.0,35.0,2
2019-20,26,Inter,57,17,6,2,51.0,23.0,28.0,3
2019-20,26,Atalanta,48,14,6,5,67.0,33.0,34.0,4
2019-20,26,Roma,42,12,6,7,47.0,32.0,15.0,5
2019-20,26,Verona,38,10,8,7,30.0,25.0,5.0,6
2019-20,26,Napoli,36,10,6,9,39.0,35.0,4.0,7
2019-20,26,Parma,36,10,6,9,33.0,31.0,2.0,8
2019-20,26,Milan,36,10,6,9,27.0,32.0,-5.0,9
2019-20,26,Bologna,34,9,7,9,38.0,40.0,-2.0,10
2019-20,26,Cagliari,32,8,8,9,39.0,38.0,1.0,11
2019-20,26,Sassuolo,29,8,5,12,39.0,43.0,-4.0,12
2019-20,26,Fiorentina,29,7,8,10,32.0,36.0,-4.0,13
2019-20,26,Torino,28,8,4,13,28.0,44.0,-16.0,14
2019-20,26,Udinese,27,7,6,12,21.0,37.0,-16.0,15
2019-20,26,Lecce,25,6,7,12,32.0,49.0,-17.0,16
2019-20,26,Sampdoria,23,6,5,14,27.0,45.0,-18.0,17
2019-20,26,Genoa,22,5,7,13,29.0,46.0,-17.0,18
2019-20,26,Brescia,16,4,4,17,22.0,46.0,-24.0,19
2019-20,26,SPAL,15,4,3,18,19.0,44.0,-25.0,20
2019-20,27,Juventus,63,20,3,3,50.0,24.0,26.0,1
2019-20,27,Lazio,62,19,5,2,60.0,23.0,37.0,2
2019-20,27,Inter,57,17,6,3,51.0,25.0,26.0,3
2019-20,27,Atalanta,51,15,6,5,74.0,35.0,39.0,4
2019-20,27,Roma,45,13,6,7,51.0,35.0,16.0,5
2019-20,27,Napoli,39,11,6,9,41.0,36.0,5.0,6
2019-20,27,Verona,38,10,8,8,31.0,27.0,4.0,7
2019-20,27,Parma,36,10,6,10,33.0,32.0,1.0,8
2019-20,27,Milan,36,10,6,10,28.0,34.0,-6.0,9
2019-20,27,Bologna,34,9,7,10,38.0,42.0,-4.0,10
2019-20,27,Cagliari,32,8,8,10,42.0,42.0,0.0,11
2019-20,27,Sassuolo,32,9,5,12,42.0,43.0,-1.0,12
2019-20,27,Fiorentina,30,7,9,10,32.0,36.0,-4.0,13
2019-20,27,Udinese,28,7,7,12,21.0,37.0,-16.0,14
2019-20,27,Torino,28,8,4,14,29.0,46.0,-17.0,15
2019-20,27,Sampdoria,26,7,5,14,29.0,46.0,-17.0,16
2019-20,27,Genoa,25,6,7,13,31.0,47.0,-16.0,17
2019-20,27,Lecce,25,6,7,13,34.0,56.0,-22.0,18
2019-20,27,SPAL,18,5,3,18,20.0,44.0,-24.0,19
2019-20,27,Brescia,16,4,4,18,22.0,49.0,-27.0,20
2019-20,28,Juventus,66,21,3,3,52.0,24.0,28.0,1
2019-20,28,Lazio,62,19,5,3,62.0,26.0,36.0,2
2019-20,28,Inter,58,17,7,3,54.0,28.0,26.0,3
2019-20,28,Atalanta,54,16,6,5,77.0,37.0,40.0,4
2019-20,28,Roma,48,14,6,7,53.0,36.0,17.0,5
2019-20,28,Napoli,42,12,6,9,43.0,36.0,7.0,6
2019-20,28,Parma,39,11,6,10,37.0,33.0,4.0,7
2019-20,28,Milan,39,11,6,10,32.0,35.0,-3.0,8
2019-20,28,Verona,38,10,8,9,31.0,29.0,2.0,9
2019-20,28,Cagliari,35,9,8,10,43.0,42.0,1.0,10
2019-20,28,Bologna,34,9,7,11,38.0,44.0,-6.0,11
2019-20,28,Sassuolo,33,9,6,12,45.0,46.0,-1.0,12
2019-20,28,Fiorentina,31,7,10,10,33.0,37.0,-4.0,13
2019-20,28,Torino,31,9,4,14,30.0,46.0,-16.0,14
2019-20,28,Udinese,28,7,7,13,21.0,38.0,-17.0,15
2019-20,28,Sampdoria,26,7,5,15,30.0,48.0,-18.0,16
2019-20,28,Genoa,25,6,7,14,32.0,51.0,-19.0,17
2019-20,28,Lecce,25,6,7,14,35.0,60.0,-25.0,18
2019-20,28,SPAL,18,5,3,19,20.0,45.0,-25.0,19
2019-20,28,Brescia,17,4,5,18,23.0,50.0,-27.0,20
2019-20,29,Juventus,69,22,3,3,56.0,24.0,32.0,1
2019-20,29,Lazio,65,20,5,3,64.0,27.0,37.0,2
2019-20,29,Inter,61,18,7,3,56.0,29.0,27.0,3
2019-20,29,Atalanta,57,17,6,5,80.0,39.0,41.0,4
2019-20,29,Roma,48,14,6,8,53.0,38.0,15.0,5
2019-20,29,Napoli,45,13,6,9,46.0,37.0,9.0,6
2019-20,29,Milan,42,12,6,10,34.0,35.0,-1.0,7
2019-20,29,Parma,39,11,6,11,38.0,35.0,3.0,8
2019-20,29,Verona,39,10,9,9,34.0,32.0,2.0,9
2019-20,29,Cagliari,38,10,8,10,47.0,44.0,3.0,10
2019-20,29,Bologna,37,10,7,11,40.0,45.0,-5.0,11
2019-20,29,Sassuolo,34,9,7,12,48.0,49.0,-1.0,12
2019-20,29,Fiorentina,31,7,10,11,34.0,39.0,-5.0,13
2019-20,29,Torino,31,9,4,15,32.0,50.0,-18.0,14
2019-20,29,Udinese,28,7,7,14,23.0,41.0,-18.0,15
2019-20,29,Genoa,26,6,8,14,34.0,53.0,-19.0,16
2019-20,29,Sampdoria,26,7,5,16,31.0,50.0,-19.0,17
2019-20,29,Lecce,25,6,7,15,35.0,64.0,-29.0,18
2019-20,29,Brescia,18,4,6,18,25.0,52.0,-27.0,19
2019-20,29,SPAL,18,5,3,20,21.0,48.0,-27.0,20
2019-20,30,Juventus,72,23,3,3,59.0,25.0,34.0,1
2019-20,30,Lazio,68,21,5,3,66.0,28.0,38.0,2
2019-20,30,Inter,64,19,7,3,62.0,29.0,33.0,3
2019-20,30,Atalanta,60,18,6,5,82.0,39.0,43.0,4
2019-20,30,Roma,48,14,6,9,53.0,40.0,13.0,5
2019-20,30,Napoli,45,13,6,10,46.0,39.0,7.0,6
2019-20,30,Milan,43,12,7,10,36.0,37.0,-1.0,7
2019-20,30,Verona,42,11,9,9,37.0,34.0,3.0,8
2019-20,30,Cagliari,39,10,9,10,48.0,45.0,3.0,9
2019-20,30,Parma,39,11,6,12,40.0,38.0,2.0,10
2019-20,30,Bologna,38,10,8,11,41.0,46.0,-5.0,11
2019-20,30,Sassuolo,37,10,7,12,51.0,50.0,1.0,12
2019-20,30,Fiorentina,31,7,10,12,35.0,42.0,-7.0,13
2019-20,30,Udinese,31,8,7,14,25.0,41.0,-16.0,14
2019-20,30,Torino,31,9,4,16,33.0,52.0,-19.0,15
2019-20,30,Sampdoria,29,8,5,16,33.0,51.0,-18.0,16
2019-20,30,Genoa,26,6,8,15,35.0,56.0,-21.0,17
2019-20,30,Lecce,25,6,7,16,36.0,66.0,-30.0,18
2019-20,30,SPAL,19,5,4,20,23.0,50.0,-27.0,19
2019-20,30,Brescia,18,4,6,19,25.0,58.0,-33.0,20
2019-20,31,Juventus,75,24,3,3,63.0,26.0,37.0,1
2019-20,31,Lazio,68,21,5,4,66.0,31.0,35.0,2
2019-20,31,Inter,64,19,7,4,63.0,31.0,32.0,3
2019-20,31,Atalanta,63,19,6,5,83.0,39.0,44.0,4
2019-20,31,Roma,48,14,6,10,54.0,42.0,12.0,5
2019-20,31,Napoli,48,14,6,10,48.0,40.0,8.0,6
2019-20,31,Milan,46,13,7,10,39.0,37.0,2.0,7
2019-20,31,Verona,42,11,9,10,37.0,36.0,1.0,8
2019-20,31,Bologna,41,11,8,11,43.0,47.0,-4.0,9
2019-20,31,Sassuolo,40,11,7,12,55.0,52.0,3.0,10
2019-20,31,Cagliari,39,10,9,11,48.0,46.0,2.0,11
2019-20,31,Parma,39,11,6,13,41.0,40.0,1.0,12
2019-20,31,Fiorentina,34,8,10,12,37.0,43.0,-6.0,13
2019-20,31,Sampdoria,32,9,5,16,36.0,51.0,-15.0,14
2019-20,31,Udinese,32,8,8,14,27.0,43.0,-16.0,15
2019-20,31,Torino,31,9,4,17,34.0,56.0,-22.0,16
2019-20,31,Genoa,27,6,9,15,37.0,58.0,-21.0,17
2019-20,31,Lecce,25,6,7,17,38.0,70.0,-32.0,18
2019-20,31,Brescia,21,5,6,19,27.0,58.0,-31.0,19
2019-20,31,SPAL,19,5,4,21,23.0,53.0,-30.0,20
2019-20,32,Juventus,75,24,3,4,65.0,30.0,35.0,1
2019-20,32,Lazio,68,21,5,5,67.0,33.0,34.0,2
2019-20,32,Atalanta,66,20,6,5,85.0,39.0,46.0,3
2019-20,32,Inter,65,19,8,4,65.0,33.0,32.0,4
2019-20,32,Roma,51,15,6,10,56.0,43.0,13.0,5
2019-20,32,Napoli,51,15,6,10,50.0,41.0,9.0,6
2019-20,32,Milan,49,14,7,10,43.0,39.0,4.0,7
2019-20,32,Sassuolo,43,12,7,12,57.0,53.0,4.0,8
2019-20,32,Verona,43,11,10,10,39.0,38.0,1.0,9
2019-20,32,Bologna,41,11,8,12,44.0,49.0,-5.0,10
2019-20,32,Cagliari,40,10,10,11,48.0,46.0,2.0,11
2019-20,32,Parma,39,11,6,14,42.0,42.0,0.0,12
2019-20,32,Fiorentina,35,8,11,12,37.0,43.0,-6.0,13
2019-20,32,Udinese,35,9,8,14,30.0,43.0,-13.0,14
2019-20,32,Torino,34,10,4,17,37.0,57.0,-20.0,15
2019-20,32,Sampdoria,32,9,5,17,36.0,53.0,-17.0,16
2019-20,32,Lecce,28,7,7,17,40.0,71.0,-31.0,17
2019-20,32,Genoa,27,6,9,16,38.0,60.0,-22.0,18
2019-20,32,Brescia,21,5,6,20,28.0,61.0,-33.0,19
2019-20,32,SPAL,19,5,4,22,23.0,56.0,-33.0,20
2019-20,33,Juventus,76,24,4,4,67.0,32.0,35.0,1
2019-20,33,Inter,68,20,8,4,68.0,34.0,34.0,2
2019-20,33,Lazio,68,21,5,6,68.0,35.0,33.0,3
2019-20,33,Atalanta,67,20,7,5,87.0,41.0,46.0,4
2019-20,33,Roma,54,16,6,10,59.0,43.0,16.0,5
2019-20,33,Napoli,52,15,7,10,52.0,43.0,9.0,6
2019-20,33,Milan,50,14,8,10,45.0,41.0,4.0,7
2019-20,33,Sassuolo,46,13,7,12,59.0,54.0,5.0,8
2019-20,33,Verona,44,11,11,10,40.0,39.0,1.0,9
2019-20,33,Bologna,42,11,9,12,46.0,51.0,-5.0,10
2019-20,33,Cagliari,41,10,11,11,48.0,46.0,2.0,11
2019-20,33,Parma,40,11,7,14,44.0,44.0,0.0,12
2019-20,33,Fiorentina,36,8,12,12,38.0,44.0,-6.0,13
2019-20,33,Sampdoria,35,10,5,17,39.0,54.0,-15.0,14
2019-20,33,Udinese,35,9,8,15,31.0,46.0,-15.0,15
2019-20,33,Torino,34,10,4,18,38.0,60.0,-22.0,16
2019-20,33,Genoa,30,7,9,16,40.0,60.0,-20.0,17
2019-20,33,Lecce,29,7,8,17,40.0,71.0,-31.0,18
2019-20,33,Brescia,21,5,6,21,28.0,64.0,-36.0,19
2019-20,33,SPAL,19,5,4,23,23.0,58.0,-35.0,20
2019-20,34,Juventus,77,24,5,4,70.0,35.0,35.0,1
2019-20,34,Inter,71,21,8,4,72.0,34.0,38.0,2
2019-20,34,Atalanta,70,21,7,5,93.0,43.0,50.0,3
2019-20,34,Lazio,69,21,6,6,68.0,35.0,33.0,4
2019-20,34,Roma,57,17,6,10,61.0,44.0,17.0,5
2019-20,34,Napoli,53,15,8,10,53.0,44.0,9.0,6
2019-20,34,Milan,53,15,8,10,48.0,42.0,6.0,7
2019-20,34,Sassuolo,47,13,8,12,62.0,57.0,5.0,8
2019-20,34,Verona,44,11,11,11,41.0,41.0,0.0,9
2019-20,34,Bologna,43,11,10,12,47.0,52.0,-5.0,10
2019-20,34,Cagliari,41,10,11,12,48.0,49.0,-1.0,11
2019-20,34,Parma,40,11,7,15,45.0,47.0,-2.0,12
2019-20,34,Fiorentina,39,9,12,12,41.0,45.0,-4.0,13
2019-20,34,Sampdoria,38,11,5,17,42.0,54.0,-12.0,14
2019-20,34,Torino,37,11,4,18,41.0,60.0,-19.0,15
2019-20,34,Udinese,36,9,9,15,31.0,46.0,-15.0,16
2019-20,34,Genoa,30,7,9,17,40.0,63.0,-23.0,17
2019-20,34,Lecce,29,7,8,18,41.0,74.0,-33.0,18
2019-20,34,Brescia,21,5,6,22,30.0,70.0,-40.0,19
2019-20,34,SPAL,19,5,4,24,23.0,62.0,-39.0,20
2019-20,35,Juventus,80,25,5,4,72.0,36.0,36.0,1
2019-20,35,Inter,72,21,9,4,74.0,36.0,38.0,2
2019-20,35,Atalanta,71,21,8,5,94.0,44.0,50.0,3
2019-20,35,Lazio,69,21,6,7,69.0,37.0,32.0,4
2019-20,35,Roma,58,17,7,10,63.0,46.0,17.0,5
2019-20,35,Napoli,56,16,8,10,55.0,45.0,10.0,6
2019-20,35,Milan,56,16,8,10,53.0,43.0,10.0,7
2019-20,35,Sassuolo,48,13,9,12,63.0,58.0,5.0,8
2019-20,35,Verona,45,11,12,11,42.0,42.0,0.0,9
2019-20,35,Bologna,43,11,10,13,48.0,57.0,-9.0,10
2019-20,35,Cagliari,42,10,12,12,49.0,50.0,-1.0,11
2019-20,35,Fiorentina,42,10,12,12,43.0,45.0,-2.0,12
2019-20,35,Sampdoria,41,12,5,17,45.0,56.0,-11.0,13
2019-20,35,Parma,40,11,7,16,47.0,50.0,-3.0,14
2019-20,35,Torino,37,11,4,19,41.0,62.0,-21.0,15
2019-20,35,Udinese,36,9,9,16,32.0,48.0,-16.0,16
2019-20,35,Genoa,33,8,9,17,42.0,64.0,-22.0,17
2019-20,35,Lecce,29,7,8,19,42.0,76.0,-34.0,18
2019-20,35,Brescia,24,6,6,22,32.0,71.0,-39.0,19
2019-20,35,SPAL,19,5,4,25,24.0,64.0,-40.0,20
2019-20,36,Juventus,80,25,5,5,73.0,38.0,35.0,1
2019-20,36,Atalanta,74,22,8,5,95.0,44.0,51.0,2
2019-20,36,Inter,73,21,10,4,74.0,36.0,38.0,3
2019-20,36,Lazio,72,22,6,7,71.0,38.0,33.0,4
2019-20,36,Roma,61,18,7,10,69.0,47.0,22.0,5
2019-20,36,Milan,59,17,8,10,55.0,44.0,11.0,6
2019-20,36,Napoli,56,16,8,11,56.0,47.0,9.0,7
2019-20,36,Sassuolo,48,13,9,13,64.0,60.0,4.0,8
2019-20,36,Verona,46,11,13,11,43.0,43.0,0.0,9
2019-20,36,Parma,43,12,7,16,49.0,51.0,-2.0,10
2019-20,36,Fiorentina,43,10,13,12,43.0,45.0,-2.0,11
2019-20,36,Bologna,43,11,10,14,48.0,58.0,-10.0,12
2019-20,36,Cagliari,42,10,12,13,50.0,52.0,-2.0,13
2019-20,36,Sampdoria,41,12,5,18,46.0,58.0,-12.0,14
2019-20,36,Udinese,39,10,9,16,34.0,49.0,-15.0,15
2019-20,36,Torino,38,11,5,19,42.0,63.0,-21.0,16
2019-20,36,Genoa,36,9,9,17,44.0,65.0,-21.0,17
2019-20,36,Lecce,32,8,8,19,45.0,77.0,-32.0,18
2019-20,36,Brescia,24,6,6,23,33.0,74.0,-41.0,19
2019-20,36,SPAL,19,5,4,26,25.0,70.0,-45.0,20
2019-20,37,Juventus,83,26,5,5,75.0,38.0,37.0,1
2019-20,37,Inter,76,22,10,4,77.0,36.0,41.0,2
2019-20,37,Atalanta,75,22,9,5,96.0,45.0,51.0,3
2019-20,37,Lazio,75,23,6,7,76.0,39.0,37.0,4
2019-20,37,Roma,64,19,7,10,71.0,48.0,23.0,5
2019-20,37,Milan,60,17,9,10,56.0,45.0,11.0,6
2019-20,37,Napoli,59,17,8,11,58.0,47.0,11.0,7
2019-20,37,Sassuolo,48,13,9,14,64.0,62.0,2.0,8
2019-20,37,Parma,46,13,7,16,51.0,52.0,-1.0,9
2019-20,37,Verona,46,11,13,12,44.0,48.0,-4.0,10
2019-20,37,Bologna,46,12,10,14,51.0,60.0,-9.0,11
2019-20,37,Fiorentina,43,10,13,13,44.0,47.0,-3.0,12
2019-20,37,Cagliari,42,10,12,14,50.0,53.0,-3.0,13
2019-20,37,Udinese,42,11,9,16,35.0,49.0,-14.0,14
2019-20,37,Sampdoria,41,12,5,19,46.0,60.0,-14.0,15
2019-20,37,Torino,39,11,6,19,43.0,64.0,-21.0,16
2019-20,37,Genoa,36,9,9,18,44.0,68.0,-24.0,17
2019-20,37,Lecce,32,8,8,20,47.0,80.0,-33.0,18
2019-20,37,Brescia,24,6,6,24,34.0,76.0,-42.0,19
2019-20,37,SPAL,20,5,5,26,26.0,71.0,-45.0,20
2019-20,38,Juventus,83,26,5,6,75.0,40.0,35.0,1
2019-20,38,Inter,79,23,10,4,79.0,36.0,43.0,2
2019-20,38,Atalanta,78,23,9,5,98.0,46.0,52.0,3
2019-20,38,Lazio,78,24,6,7,78.0,39.0,39.0,4
2019-20,38,Roma,67,20,7,10,74.0,50.0,24.0,5
2019-20,38,Milan,63,18,9,10,60.0,46.0,14.0,6
2019-20,38,Napoli,59,17,8,12,58.0,49.0,9.0,7
2019-20,38,Sassuolo,51,14,9,14,69.0,62.0,7.0,8
2019-20,38,Verona,49,12,13,12,47.0,48.0,-1.0,9
2019-20,38,Fiorentina,46,11,13,13,48.0,47.0,1.0,10
2019-20,38,Parma,46,13,7,17,52.0,54.0,-2.0,11
2019-20,38,Bologna,46,12,10,15,51.0,64.0,-13.0,12
2019-20,38,Cagliari,45,11,12,14,52.0,53.0,-1.0,13
2019-20,38,Udinese,42,11,9,17,36.0,51.0,-15.0,14
2019-20,38,Sampdoria,41,12,5,20,47.0,64.0,-17.0,15
2019-20,38,Torino,39,11,6,20,45.0,67.0,-22.0,16
2019-20,38,Genoa,36,9,9,19,44.0,73.0,-29.0,17
2019-20,38,Lecce,35,9,8,20,49.0,81.0,-32.0,18
2019-20,38,Brescia,24,6,6,25,34.0,78.0,-44.0,19
2019-20,38,SPAL,20,5,5,27,26.0,74.0,-48.0,20
2020-21,1,Parma,0,0,0,0,0,0,0,1
2020-21,1,Roma,0,0,0,0,0,0,0,2
2020-21,1,Sampdoria,0,0,0,0,0,0,0,3
2020-21,1,Inter,0,0,0,0,0,0,0,4
2020-21,1,Bologna,0,0,0,0,0,0,0,5
2020-21,1,Genoa,0,0,0,0,0,0,0,6
2020-21,1,Fiorentina,0,0,0,0,0,0,0,7
2020-21,1,Juventus,0,0,0,0,0,0,0,8
2020-21,1,Benevento,0,0,0,0,0,0,0,9
2020-21,1,Atalanta,0,0,0,0,0,0,0,10
2020-21,1,Udinese,0,0,0,0,0,0,0,11
2020-21,1,Napoli,0,0,0,0,0,0,0,12
2020-21,1,Lazio,0,0,0,0,0,0,0,13
2020-21,1,Spezia,0,0,0,0,0,0,0,14
2020-21,1,Verona,0,0,0,0,0,0,0,15
2020-21,1,Sassuolo,0,0,0,0,0,0,0,16
2020-21,1,Crotone,0,0,0,0,0,0,0,17
2020-21,1,Milan,0,0,0,0,0,0,0,18
2020-21,1,Torino,0,0,0,0,0,0,0,19
2020-21,1,Cagliari,0,0,0,0,0,0,0,20
2020-21,2,Inter,3,1,0,0,5.0,2.0,3.0,1
2020-21,2,Genoa,3,1,0,0,4.0,1.0,3.0,2
2020-21,2,Atalanta,3,1,0,0,4.0,1.0,3.0,3
2020-21,2,Juventus,3,1,0,0,3.0,0.0,3.0,4
2020-21,2,Verona,3,1,0,0,3.0,0.0,3.0,5
2020-21,2,Napoli,3,1,0,0,2.0,0.0,2.0,6
2020-21,2,Spezia,3,1,0,0,2.0,0.0,2.0,7
2020-21,2,Milan,3,1,0,0,2.0,0.0,2.0,8
2020-21,2,Fiorentina,3,1,0,0,1.0,0.0,1.0,9
2020-21,2,Sassuolo,1,0,1,0,1.0,1.0,0.0,10
2020-21,2,Cagliari,1,0,1,0,1.0,1.0,0.0,11
2020-21,2,Torino,0,0,0,1,0.0,1.0,-1.0,12
2020-21,2,Parma,0,0,0,1,0.0,2.0,-2.0,13
2020-21,2,Bologna,0,0,0,1,0.0,2.0,-2.0,14
2020-21,2,Udinese,0,0,0,1,0.0,2.0,-2.0,15
2020-21,2,Benevento,0,0,0,1,2.0,5.0,-3.0,16
2020-21,2,Lazio,0,0,0,1,1.0,4.0,-3.0,17
2020-21,2,Crotone,0,0,0,1,1.0,4.0,-3.0,18
2020-21,2,Roma,0,0,0,1,0.0,3.0,-3.0,19
2020-21,2,Sampdoria,0,0,0,1,0.0,3.0,-3.0,20
2020-21,3,Napoli,6,2,0,0,8.0,0.0,8.0,1
2020-21,3,Atalanta,6,2,0,0,8.0,3.0,5.0,2
2020-21,3,Inter,6,2,0,0,9.0,5.0,4.0,3
2020-21,3,Verona,6,2,0,0,4.0,0.0,4.0,4
2020-21,3,Milan,6,2,0,0,4.0,0.0,4.0,5
2020-21,3,Juventus,4,1,1,0,5.0,2.0,3.0,6
2020-21,3,Sassuolo,4,1,1,0,5.0,2.0,3.0,7
2020-21,3,Bologna,3,1,0,1,4.0,3.0,1.0,8
2020-21,3,Fiorentina,3,1,0,1,4.0,4.0,0.0,9
2020-21,3,Lazio,3,1,0,1,3.0,4.0,-1.0,10
2020-21,3,Spezia,3,1,0,1,3.0,4.0,-1.0,11
2020-21,3,Benevento,3,1,0,1,5.0,7.0,-2.0,12
2020-21,3,Genoa,3,1,0,1,4.0,7.0,-3.0,13
2020-21,3,Cagliari,1,0,1,1,1.0,3.0,-2.0,14
2020-21,3,Roma,1,0,1,1,2.0,5.0,-3.0,15
2020-21,3,Torino,0,0,0,2,2.0,5.0,-3.0,16
2020-21,3,Udinese,0,0,0,2,0.0,3.0,-3.0,17
2020-21,3,Sampdoria,0,0,0,2,2.0,6.0,-4.0,18
2020-21,3,Parma,0,0,0,2,1.0,6.0,-5.0,19
2020-21,3,Crotone,0,0,0,2,1.0,6.0,-5.0,20
2020-21,4,Atalanta,9,3,0,0,13.0,5.0,8.0,1
2020-21,4,Milan,9,3,0,0,7.0,0.0,7.0,2
2020-21,4,Sassuolo,7,2,1,0,9.0,3.0,6.0,3
2020-21,4,Inter,7,2,1,0,10.0,6.0,4.0,4
2020-21,4,Juventus,7,2,1,0,7.0,3.0,4.0,5
2020-21,4,Napoli,6,2,0,1,9.0,2.0,7.0,6
2020-21,4,Verona,6,2,0,1,4.0,1.0,3.0,7
2020-21,4,Benevento,6,2,0,1,6.0,7.0,-1.0,8
2020-21,4,Lazio,4,1,1,1,4.0,5.0,-1.0,9
2020-21,4,Roma,4,1,1,1,3.0,5.0,-2.0,10
2020-21,4,Bologna,3,1,0,2,4.0,4.0,0.0,11
2020-21,4,Fiorentina,3,1,0,2,5.0,6.0,-1.0,12
2020-21,4,Torino,3,1,0,2,4.0,6.0,-2.0,13
2020-21,4,Sampdoria,3,1,0,2,4.0,7.0,-3.0,14
2020-21,4,Genoa,3,1,0,2,5.0,9.0,-4.0,15
2020-21,4,Spezia,3,1,0,2,3.0,7.0,-4.0,16
2020-21,4,Parma,3,1,0,2,2.0,6.0,-4.0,17
2020-21,4,Cagliari,1,0,1,2,3.0,8.0,-5.0,18
2020-21,4,Udinese,0,0,0,3,0.0,4.0,-4.0,19
2020-21,4,Crotone,0,0,0,3,2.0,10.0,-8.0,20
2020-21,5,Milan,12,4,0,0,9.0,1.0,8.0,1
2020-21,5,Sassuolo,10,3,1,0,13.0,6.0,7.0,2
2020-21,5,Napoli,9,3,0,1,13.0,3.0,10.0,3
2020-21,5,Atalanta,9,3,0,1,14.0,9.0,5.0,4
2020-21,5,Juventus,8,2,2,0,8.0,4.0,4.0,5
2020-21,5,Inter,7,2,1,1,11.0,8.0,3.0,6
2020-21,5,Verona,7,2,1,1,4.0,1.0,3.0,7
2020-21,5,Roma,7,2,1,1,8.0,7.0,1.0,8
2020-21,5,Sampdoria,6,2,0,2,7.0,7.0,0.0,9
2020-21,5,Benevento,6,2,0,2,8.0,12.0,-4.0,10
2020-21,5,Fiorentina,4,1,1,2,7.0,8.0,-1.0,11
2020-21,5,Cagliari,4,1,1,2,6.0,10.0,-4.0,12
2020-21,5,Genoa,4,1,1,2,5.0,9.0,-4.0,13
2020-21,5,Spezia,4,1,1,2,5.0,9.0,-4.0,14
2020-21,5,Lazio,4,1,1,2,4.0,8.0,-4.0,15
2020-21,5,Bologna,3,1,0,3,7.0,8.0,-1.0,16
2020-21,5,Torino,3,1,0,3,6.0,9.0,-3.0,17
2020-21,5,Udinese,3,1,0,3,3.0,6.0,-3.0,18
2020-21,5,Parma,3,1,0,3,4.0,9.0,-5.0,19
2020-21,5,Crotone,1,0,1,3,3.0,11.0,-8.0,20
2020-21,6,Milan,13,4,1,0,12.0,4.0,8.0,1
2020-21,6,Napoli,12,4,0,1,15.0,4.0,11.0,2
2020-21,6,Sassuolo,11,3,2,0,16.0,9.0,7.0,3
2020-21,6,Inter,10,3,1,1,13.0,8.0,5.0,4
2020-21,6,Juventus,9,2,3,0,9.0,5.0,4.0,5
2020-21,6,Atalanta,9,3,0,2,15.0,12.0,3.0,6
2020-21,6,Sampdoria,9,3,0,2,10.0,8.0,2.0,7
2020-21,6,Verona,8,2,2,1,5.0,2.0,3.0,8
2020-21,6,Roma,8,2,2,1,11.0,10.0,1.0,9
2020-21,6,Fiorentina,7,2,1,2,10.0,10.0,0.0,10
2020-21,6,Cagliari,7,2,1,2,10.0,12.0,-2.0,11
2020-21,6,Lazio,7,2,1,2,6.0,9.0,-3.0,12
2020-21,6,Benevento,6,2,0,3,9.0,14.0,-5.0,13
2020-21,6,Spezia,5,1,2,2,7.0,11.0,-4.0,14
2020-21,6,Torino,4,1,1,3,9.0,12.0,-3.0,15
2020-21,6,Parma,4,1,1,3,6.0,11.0,-5.0,16
2020-21,6,Genoa,4,1,1,3,5.0,11.0,-6.0,17
2020-21,6,Bologna,3,1,0,4,8.0,10.0,-2.0,18
2020-21,6,Udinese,3,1,0,4,5.0,9.0,-4.0,19
2020-21,6,Crotone,1,0,1,4,5.0,15.0,-10.0,20
2020-21,7,Milan,16,5,1,0,14.0,5.0,9.0,1
2020-21,7,Sassuolo,14,4,2,0,18.0,9.0,9.0,2
2020-21,7,Napoli,12,4,0,2,15.0,6.0,9.0,3
2020-21,7,Juventus,12,3,3,0,13.0,6.0,7.0,4
2020-21,7,Atalanta,12,4,0,2,17.0,13.0,4.0,5
2020-21,7,Inter,11,3,2,1,15.0,10.0,5.0,6
2020-21,7,Verona,11,3,2,1,8.0,3.0,5.0,7
2020-21,7,Roma,11,3,2,1,13.0,10.0,3.0,8
2020-21,7,Sampdoria,10,3,1,2,11.0,9.0,2.0,9
2020-21,7,Lazio,10,3,1,2,10.0,12.0,-2.0,10
2020-21,7,Fiorentina,7,2,1,3,10.0,12.0,-2.0,11
2020-21,7,Cagliari,7,2,1,3,12.0,15.0,-3.0,12
2020-21,7,Bologna,6,2,0,4,11.0,12.0,-1.0,13
2020-21,7,Benevento,6,2,0,4,10.0,17.0,-7.0,14
2020-21,7,Parma,5,1,2,3,8.0,13.0,-5.0,15
2020-21,7,Genoa,5,1,2,3,6.0,12.0,-6.0,16
2020-21,7,Spezia,5,1,2,3,8.0,15.0,-7.0,17
2020-21,7,Torino,4,1,1,4,12.0,16.0,-4.0,18
2020-21,7,Udinese,3,1,0,5,6.0,11.0,-5.0,19
2020-21,7,Crotone,1,0,1,5,6.0,17.0,-11.0,20
2020-21,8,Milan,17,5,2,0,16.0,7.0,9.0,1
2020-21,8,Napoli,15,5,0,2,16.0,6.0,10.0,2
2020-21,8,Sassuolo,15,4,3,0,18.0,9.0,9.0,3
2020-21,8,Roma,14,4,2,1,16.0,11.0,5.0,4
2020-21,8,Juventus,13,3,4,0,14.0,7.0,7.0,5
2020-21,8,Atalanta,13,4,1,2,18.0,14.0,4.0,6
2020-21,8,Inter,12,3,3,1,16.0,11.0,5.0,7
2020-21,8,Verona,12,3,3,1,10.0,5.0,5.0,8
2020-21,8,Lazio,11,3,2,2,11.0,13.0,-2.0,9
2020-21,8,Sampdoria,10,3,1,3,11.0,11.0,0.0,10
2020-21,8,Cagliari,10,3,1,3,14.0,15.0,-1.0,11
2020-21,8,Fiorentina,8,2,2,3,10.0,12.0,-2.0,12
2020-21,8,Spezia,8,2,2,3,11.0,15.0,-4.0,13
2020-21,8,Bologna,6,2,0,5,11.0,13.0,-2.0,14
2020-21,8,Parma,6,1,3,3,8.0,13.0,-5.0,15
2020-21,8,Benevento,6,2,0,5,10.0,20.0,-10.0,16
2020-21,8,Torino,5,1,2,4,12.0,16.0,-4.0,17
2020-21,8,Genoa,5,1,2,4,7.0,15.0,-8.0,18
2020-21,8,Udinese,4,1,1,5,6.0,11.0,-5.0,19
2020-21,8,Crotone,2,0,2,5,6.0,17.0,-11.0,20
2020-21,9,Milan,20,6,2,0,19.0,8.0,11.0,1
2020-21,9,Sassuolo,18,5,3,0,20.0,9.0,11.0,2
2020-21,9,Roma,17,5,2,1,19.0,11.0,8.0,3
2020-21,9,Juventus,16,4,4,0,16.0,7.0,9.0,4
2020-21,9,Napoli,15,5,0,3,17.0,9.0,8.0,5
2020-21,9,Inter,15,4,3,1,20.0,13.0,7.0,6
2020-21,9,Atalanta,14,4,2,2,18.0,14.0,4.0,7
2020-21,9,Lazio,14,4,2,2,13.0,13.0,0.0,8
2020-21,9,Verona,12,3,3,2,10.0,7.0,3.0,9
2020-21,9,Sampdoria,10,3,1,4,12.0,13.0,-1.0,10
2020-21,9,Cagliari,10,3,1,4,14.0,17.0,-3.0,11
2020-21,9,Bologna,9,3,0,5,13.0,14.0,-1.0,12
2020-21,9,Spezia,9,2,3,3,11.0,15.0,-4.0,13
2020-21,9,Benevento,9,3,0,5,11.0,20.0,-9.0,14
2020-21,9,Fiorentina,8,2,2,4,10.0,13.0,-3.0,15
2020-21,9,Udinese,7,2,1,5,7.0,11.0,-4.0,16
2020-21,9,Parma,6,1,3,4,8.0,16.0,-8.0,17
2020-21,9,Torino,5,1,2,5,14.0,20.0,-6.0,18
2020-21,9,Genoa,5,1,2,5,7.0,16.0,-9.0,19
2020-21,9,Crotone,2,0,2,6,6.0,19.0,-13.0,20
2020-21,10,Milan,23,7,2,0,21.0,8.0,13.0,1
2020-21,10,Napoli,18,6,0,3,21.0,9.0,12.0,2
2020-21,10,Inter,18,5,3,1,23.0,13.0,10.0,3
2020-21,10,Sassuolo,18,5,3,1,20.0,12.0,8.0,4
2020-21,10,Juventus,17,4,5,0,17.0,8.0,9.0,5
2020-21,10,Roma,17,5,2,2,19.0,15.0,4.0,6
2020-21,10,Verona,15,4,3,2,12.0,7.0,5.0,7
2020-21,10,Atalanta,14,4,2,3,18.0,16.0,2.0,8
2020-21,10,Lazio,14,4,2,3,14.0,16.0,-2.0,9
2020-21,10,Bologna,12,4,0,5,14.0,14.0,0.0,10
2020-21,10,Sampdoria,11,3,2,4,14.0,15.0,-1.0,11
2020-21,10,Cagliari,11,3,2,4,16.0,19.0,-3.0,12
2020-21,10,Udinese,10,3,1,5,10.0,12.0,-2.0,13
2020-21,10,Spezia,10,2,4,3,13.0,17.0,-4.0,14
2020-21,10,Benevento,10,3,1,5,12.0,21.0,-9.0,15
2020-21,10,Parma,9,2,3,4,10.0,17.0,-7.0,16
2020-21,10,Fiorentina,8,2,2,5,10.0,15.0,-5.0,17
2020-21,10,Torino,6,1,3,5,16.0,22.0,-6.0,18
2020-21,10,Genoa,5,1,2,6,8.0,18.0,-10.0,19
2020-21,10,Crotone,2,0,2,7,6.0,20.0,-14.0,20
2020-21,11,Milan,26,8,2,0,23.0,9.0,14.0,1
2020-21,11,Napoli,21,7,0,3,25.0,9.0,16.0,2
2020-21,11,Inter,21,6,3,1,26.0,14.0,12.0,3
2020-21,11,Juventus,20,5,5,0,19.0,9.0,10.0,4
2020-21,11,Sassuolo,19,5,4,1,20.0,12.0,8.0,5
2020-21,11,Roma,18,5,3,2,19.0,15.0,4.0,6
2020-21,11,Lazio,17,5,2,3,16.0,17.0,-1.0,7
2020-21,11,Verona,16,4,4,2,13.0,8.0,5.0,8
2020-21,11,Atalanta,15,4,3,3,19.0,17.0,2.0,9
2020-21,11,Bologna,12,4,0,6,15.0,17.0,-2.0,10
2020-21,11,Cagliari,12,3,3,4,17.0,20.0,-3.0,11
2020-21,11,Sampdoria,11,3,2,5,15.0,17.0,-2.0,12
2020-21,11,Udinese,11,3,2,5,11.0,13.0,-2.0,13
2020-21,11,Benevento,11,3,2,5,12.0,21.0,-9.0,14
2020-21,11,Spezia,10,2,4,4,14.0,19.0,-5.0,15
2020-21,11,Parma,10,2,4,4,10.0,17.0,-7.0,16
2020-21,11,Fiorentina,9,2,3,5,11.0,16.0,-5.0,17
2020-21,11,Torino,6,1,3,6,17.0,24.0,-7.0,18
2020-21,11,Genoa,6,1,3,6,9.0,19.0,-10.0,19
2020-21,11,Crotone,2,0,2,8,6.0,24.0,-18.0,20
2020-21,12,Milan,27,8,3,0,25.0,11.0,14.0,1
2020-21,12,Napoli,24,8,0,3,27.0,10.0,17.0,2
2020-21,12,Inter,24,7,3,1,29.0,15.0,14.0,3
2020-21,12,Juventus,23,6,5,0,22.0,10.0,12.0,4
2020-21,12,Sassuolo,22,6,4,1,21.0,12.0,9.0,5
2020-21,12,Roma,21,6,3,2,24.0,16.0,8.0,6
2020-21,12,Verona,19,5,4,2,15.0,9.0,6.0,7
2020-21,12,Atalanta,18,5,3,3,22.0,17.0,5.0,8
2020-21,12,Lazio,17,5,2,4,17.0,19.0,-2.0,9
2020-21,12,Udinese,14,4,2,5,14.0,15.0,-1.0,10
2020-21,12,Cagliari,12,3,3,5,18.0,23.0,-5.0,11
2020-21,12,Bologna,12,4,0,7,16.0,22.0,-6.0,12
2020-21,12,Sampdoria,11,3,2,6,16.0,19.0,-3.0,13
2020-21,12,Parma,11,2,5,4,12.0,19.0,-7.0,14
2020-21,12,Benevento,11,3,2,6,12.0,22.0,-10.0,15
2020-21,12,Spezia,10,2,4,5,15.0,23.0,-8.0,16
2020-21,12,Fiorentina,9,2,3,6,11.0,19.0,-8.0,17
2020-21,12,Torino,6,1,3,7,19.0,27.0,-8.0,18
2020-21,12,Genoa,6,1,3,7,10.0,22.0,-12.0,19
2020-21,12,Crotone,5,1,2,8,10.0,25.0,-15.0,20
2020-21,13,Milan,28,8,4,0,27.0,13.0,14.0,1
2020-21,13,Inter,27,8,3,1,30.0,15.0,15.0,2
2020-21,13,Napoli,24,8,0,4,27.0,11.0,16.0,3
2020-21,13,Juventus,24,6,6,0,23.0,11.0,12.0,4
2020-21,13,Roma,24,7,3,2,27.0,17.0,10.0,5
2020-21,13,Sassuolo,23,6,5,1,22.0,13.0,9.0,6
2020-21,13,Atalanta,19,5,4,3,23.0,18.0,5.0,7
2020-21,13,Verona,19,5,4,3,16.0,11.0,5.0,8
2020-21,13,Lazio,18,5,3,4,18.0,20.0,-2.0,9
2020-21,13,Udinese,15,4,3,5,14.0,15.0,-1.0,10
2020-21,13,Sampdoria,14,4,2,6,18.0,20.0,-2.0,11
2020-21,13,Cagliari,13,3,4,5,18.0,23.0,-5.0,12
2020-21,13,Bologna,13,4,1,7,18.0,24.0,-6.0,13
2020-21,13,Parma,12,2,6,4,12.0,19.0,-7.0,14
2020-21,13,Benevento,12,3,3,6,13.0,23.0,-10.0,15
2020-21,13,Spezia,11,2,5,5,17.0,25.0,-8.0,16
2020-21,13,Fiorentina,10,2,4,6,12.0,20.0,-8.0,17
2020-21,13,Genoa,7,1,4,7,12.0,24.0,-12.0,18
2020-21,13,Torino,6,1,3,8,20.0,30.0,-10.0,19
2020-21,13,Crotone,6,1,3,8,10.0,25.0,-15.0,20
2020-21,14,Milan,31,9,4,0,29.0,14.0,15.0,1
2020-21,14,Inter,30,9,3,1,32.0,16.0,16.0,2
2020-21,14,Juventus,27,7,6,0,27.0,11.0,16.0,3
2020-21,14,Napoli,24,8,0,5,27.0,13.0,14.0,4
2020-21,14,Roma,24,7,3,3,28.0,21.0,7.0,5
2020-21,14,Sassuolo,23,6,5,2,23.0,15.0,8.0,6
2020-21,14,Atalanta,22,6,4,3,27.0,19.0,8.0,7
2020-21,14,Lazio,21,6,3,4,20.0,20.0,0.0,8
2020-21,14,Verona,20,5,5,3,17.0,12.0,5.0,9
2020-21,14,Sampdoria,17,5,2,6,21.0,21.0,0.0,10
2020-21,14,Udinese,16,4,4,5,15.0,16.0,-1.0,11
2020-21,14,Benevento,15,4,3,6,15.0,23.0,-8.0,12
2020-21,14,Cagliari,14,3,5,5,19.0,24.0,-5.0,13
2020-21,14,Bologna,14,4,2,7,19.0,25.0,-6.0,14
2020-21,14,Parma,12,2,6,5,12.0,23.0,-11.0,15
2020-21,14,Fiorentina,11,2,5,6,13.0,21.0,-8.0,16
2020-21,14,Spezia,11,2,5,6,18.0,27.0,-9.0,17
2020-21,14,Torino,7,1,4,8,21.0,31.0,-10.0,18
2020-21,14,Genoa,7,1,4,8,12.0,26.0,-14.0,19
2020-21,14,Crotone,6,1,3,9,11.0,28.0,-17.0,20
2020-21,15,Milan,34,10,4,0,32.0,16.0,16.0,1
2020-21,15,Inter,33,10,3,1,34.0,17.0,17.0,2
2020-21,15,Juventus,27,7,6,1,27.0,14.0,13.0,3
2020-21,15,Roma,27,8,3,3,31.0,23.0,8.0,4
2020-21,15,Sassuolo,26,7,5,2,26.0,17.0,9.0,5
2020-21,15,Napoli,25,8,1,5,28.0,14.0,14.0,6
2020-21,15,Atalanta,23,6,5,3,29.0,21.0,8.0,7
2020-21,15,Lazio,21,6,3,5,22.0,23.0,-1.0,8
2020-21,15,Verona,20,5,5,4,18.0,14.0,4.0,9
2020-21,15,Benevento,18,5,3,6,17.0,23.0,-6.0,10
2020-21,15,Sampdoria,17,5,2,7,23.0,24.0,-1.0,11
2020-21,15,Udinese,16,4,4,6,15.0,18.0,-3.0,12
2020-21,15,Bologna,15,4,3,7,21.0,27.0,-6.0,13
2020-21,15,Fiorentina,14,3,5,6,16.0,21.0,-5.0,14
2020-21,15,Cagliari,14,3,5,6,21.0,27.0,-6.0,15
2020-21,15,Parma,12,2,6,6,13.0,25.0,-12.0,16
2020-21,15,Spezia,11,2,5,7,19.0,29.0,-10.0,17
2020-21,15,Genoa,10,2,4,8,14.0,27.0,-13.0,18
2020-21,15,Crotone,9,2,3,9,13.0,29.0,-16.0,19
2020-21,15,Torino,8,1,5,8,22.0,32.0,-10.0,20
2020-21,16,Milan,37,11,4,0,34.0,16.0,18.0,1
2020-21,16,Inter,36,11,3,1,40.0,19.0,21.0,2
2020-21,16,Juventus,30,8,6,1,31.0,15.0,16.0,3
2020-21,16,Roma,30,9,3,3,32.0,23.0,9.0,4
2020-21,16,Napoli,28,9,1,5,32.0,15.0,17.0,5
2020-21,16,Atalanta,26,7,5,3,34.0,22.0,12.0,6
2020-21,16,Sassuolo,26,7,5,3,27.0,22.0,5.0,7
2020-21,16,Verona,23,6,5,4,19.0,14.0,5.0,8
2020-21,16,Lazio,22,6,4,5,23.0,24.0,-1.0,9
2020-21,16,Benevento,18,5,3,7,17.0,25.0,-8.0,10
2020-21,16,Sampdoria,17,5,2,8,23.0,25.0,-2.0,11
2020-21,16,Bologna,16,4,4,7,21.0,27.0,-6.0,12
2020-21,16,Udinese,16,4,4,7,16.0,22.0,-6.0,13
2020-21,16,Fiorentina,15,3,6,6,16.0,21.0,-5.0,14
2020-21,16,Cagliari,14,3,5,7,22.0,31.0,-9.0,15
2020-21,16,Parma,12,2,6,7,13.0,28.0,-15.0,16
2020-21,16,Torino,11,2,5,8,25.0,32.0,-7.0,17
2020-21,16,Spezia,11,2,5,8,19.0,30.0,-11.0,18
2020-21,16,Genoa,11,2,5,8,15.0,28.0,-13.0,19
2020-21,16,Crotone,9,2,3,10,15.0,35.0,-20.0,20
2020-21,17,Milan,37,11,4,1,35.0,19.0,16.0,1
2020-21,17,Inter,36,11,3,2,41.0,21.0,20.0,2
2020-21,17,Juventus,33,9,6,1,34.0,16.0,18.0,3
2020-21,17,Roma,33,10,3,3,35.0,24.0,11.0,4
2020-21,17,Atalanta,29,8,5,3,37.0,22.0,15.0,5
2020-21,17,Sassuolo,29,8,5,3,29.0,23.0,6.0,6
2020-21,17,Napoli,28,9,1,6,33.0,17.0,16.0,7
2020-21,17,Lazio,25,7,4,5,25.0,25.0,0.0,8
2020-21,17,Verona,24,6,6,4,20.0,15.0,5.0,9
2020-21,17,Benevento,21,6,3,7,19.0,26.0,-7.0,10
2020-21,17,Sampdoria,20,6,2,8,25.0,26.0,-1.0,11
2020-21,17,Bologna,17,4,5,7,23.0,29.0,-6.0,12
2020-21,17,Udinese,17,4,5,7,18.0,24.0,-6.0,13
2020-21,17,Fiorentina,15,3,6,7,17.0,23.0,-6.0,14
2020-21,17,Cagliari,14,3,5,8,23.0,33.0,-10.0,15
2020-21,17,Spezia,14,3,5,8,21.0,31.0,-10.0,16
2020-21,17,Torino,12,2,6,8,26.0,33.0,-7.0,17
2020-21,17,Parma,12,2,6,8,13.0,31.0,-18.0,18
2020-21,17,Genoa,11,2,5,9,16.0,30.0,-14.0,19
2020-21,17,Crotone,9,2,3,11,16.0,38.0,-22.0,20
2020-21,18,Milan,40,12,4,1,37.0,19.0,18.0,1
2020-21,18,Inter,37,11,4,2,43.0,23.0,20.0,2
2020-21,18,Juventus,36,10,6,1,37.0,17.0,20.0,3
2020-21,18,Roma,34,10,4,3,37.0,26.0,11.0,4
2020-21,18,Atalanta,32,9,5,3,41.0,23.0,18.0,5
2020-21,18,Napoli,31,10,1,6,35.0,18.0,17.0,6
2020-21,18,Sassuolo,29,8,5,4,30.0,26.0,4.0,7
2020-21,18,Lazio,28,8,4,5,27.0,25.0,2.0,8
2020-21,18,Verona,27,7,6,4,22.0,16.0,6.0,9
2020-21,18,Benevento,21,6,3,8,20.0,30.0,-10.0,10
2020-21,18,Sampdoria,20,6,2,9,26.0,28.0,-2.0,11
2020-21,18,Fiorentina,18,4,6,7,18.0,23.0,-5.0,12
2020-21,18,Udinese,17,4,5,8,19.0,26.0,-7.0,13
2020-21,18,Bologna,17,4,5,8,23.0,31.0,-8.0,14
2020-21,18,Spezia,17,4,5,8,23.0,32.0,-9.0,15
2020-21,18,Cagliari,14,3,5,9,23.0,34.0,-11.0,16
2020-21,18,Genoa,14,3,5,9,18.0,30.0,-12.0,17
2020-21,18,Torino,12,2,6,9,26.0,35.0,-9.0,18
2020-21,18,Parma,12,2,6,9,13.0,33.0,-20.0,19
2020-21,18,Crotone,9,2,3,12,17.0,40.0,-23.0,20
2020-21,19,Milan,43,13,4,1,39.0,19.0,20.0,1
2020-21,19,Inter,40,12,4,2,45.0,23.0,22.0,2
2020-21,19,Juventus,36,10,6,2,37.0,19.0,18.0,3
2020-21,19,Napoli,34,11,1,6,41.0,18.0,23.0,4
2020-21,19,Roma,34,10,4,4,37.0,29.0,8.0,5
2020-21,19,Atalanta,33,9,6,3,41.0,23.0,18.0,6
2020-21,19,Lazio,31,9,4,5,30.0,25.0,5.0,7
2020-21,19,Sassuolo,30,8,6,4,31.0,27.0,4.0,8
2020-21,19,Verona,27,7,6,5,22.0,17.0,5.0,9
2020-21,19,Sampdoria,23,7,2,9,28.0,29.0,-1.0,10
2020-21,19,Benevento,21,6,3,9,21.0,34.0,-13.0,11
2020-21,19,Bologna,20,5,5,8,24.0,31.0,-7.0,12
2020-21,19,Spezia,18,4,6,8,23.0,32.0,-9.0,13
2020-21,19,Fiorentina,18,4,6,8,18.0,29.0,-11.0,14
2020-21,19,Udinese,17,4,5,9,20.0,28.0,-8.0,15
2020-21,19,Genoa,15,3,6,9,18.0,30.0,-12.0,16
2020-21,19,Cagliari,14,3,5,10,23.0,36.0,-13.0,17
2020-21,19,Torino,13,2,7,9,26.0,35.0,-9.0,18
2020-21,19,Parma,13,2,7,9,14.0,34.0,-20.0,19
2020-21,19,Crotone,12,3,3,12,21.0,41.0,-20.0,20
2020-21,20,Milan,43,13,4,2,39.0,22.0,17.0,1
2020-21,20,Inter,41,12,5,2,45.0,23.0,22.0,2
2020-21,20,Juventus,39,11,6,2,39.0,19.0,20.0,3
2020-21,20,Roma,37,11,4,4,41.0,32.0,9.0,4
2020-21,20,Atalanta,36,10,6,3,44.0,23.0,21.0,5
2020-21,20,Napoli,34,11,1,7,42.0,21.0,21.0,6
2020-21,20,Lazio,34,10,4,5,32.0,26.0,6.0,7
2020-21,20,Verona,30,8,6,5,25.0,18.0,7.0,8
2020-21,20,Sassuolo,30,8,6,5,32.0,29.0,3.0,9
2020-21,20,Sampdoria,26,8,2,9,30.0,29.0,1.0,10
2020-21,20,Benevento,22,6,4,9,23.0,36.0,-13.0,11
2020-21,20,Fiorentina,21,5,6,8,20.0,30.0,-10.0,12
2020-21,20,Bologna,20,5,5,9,24.0,33.0,-9.0,13
2020-21,20,Udinese,18,4,6,9,20.0,28.0,-8.0,14
2020-21,20,Spezia,18,4,6,9,26.0,36.0,-10.0,15
2020-21,20,Genoa,18,4,6,9,19.0,30.0,-11.0,16
2020-21,20,Torino,14,2,8,9,28.0,37.0,-9.0,17
2020-21,20,Cagliari,14,3,5,11,23.0,37.0,-14.0,18
2020-21,20,Parma,13,2,7,10,14.0,36.0,-22.0,19
2020-21,20,Crotone,12,3,3,13,22.0,43.0,-21.0,20
2020-21,21,Milan,46,14,4,2,41.0,23.0,18.0,1
2020-21,21,Inter,44,13,5,2,49.0,23.0,26.0,2
2020-21,21,Juventus,42,12,6,2,41.0,19.0,22.0,3
2020-21,21,Roma,40,12,4,4,44.0,33.0,11.0,4
2020-21,21,Napoli,37,12,1,7,44.0,21.0,23.0,5
2020-21,21,Lazio,37,11,4,5,35.0,27.0,8.0,6
2020-21,21,Atalanta,36,10,6,4,45.0,26.0,19.0,7
2020-21,21,Sassuolo,31,8,7,5,33.0,30.0,3.0,8
2020-21,21,Verona,30,8,6,6,26.0,21.0,5.0,9
2020-21,21,Sampdoria,26,8,2,10,30.0,31.0,-1.0,10
2020-21,21,Fiorentina,22,5,7,8,21.0,31.0,-10.0,11
2020-21,21,Benevento,22,6,4,10,23.0,40.0,-17.0,12
2020-21,21,Udinese,21,5,6,9,21.0,28.0,-7.0,13
2020-21,21,Genoa,21,5,6,9,22.0,30.0,-8.0,14
2020-21,21,Bologna,20,5,5,10,25.0,35.0,-10.0,15
2020-21,21,Spezia,18,4,6,10,26.0,37.0,-11.0,16
2020-21,21,Torino,15,2,9,9,29.0,38.0,-9.0,17
2020-21,21,Cagliari,15,3,6,11,24.0,38.0,-14.0,18
2020-21,21,Parma,13,2,7,11,14.0,38.0,-24.0,19
2020-21,21,Crotone,12,3,3,14,22.0,46.0,-24.0,20
2020-21,22,Milan,49,15,4,2,45.0,23.0,22.0,1
2020-21,22,Inter,47,14,5,2,51.0,23.0,28.0,2
2020-21,22,Juventus,45,13,6,2,43.0,19.0,24.0,3
2020-21,22,Roma,40,12,4,5,44.0,35.0,9.0,4
2020-21,22,Lazio,40,12,4,5,36.0,27.0,9.0,5
2020-21,22,Napoli,37,12,1,8,45.0,23.0,22.0,6
2020-21,22,Atalanta,37,10,7,4,48.0,29.0,19.0,7
2020-21,22,Sassuolo,31,8,7,6,34.0,32.0,2.0,8
2020-21,22,Verona,30,8,6,7,26.0,23.0,3.0,9
2020-21,22,Sampdoria,27,8,3,10,31.0,32.0,-1.0,10
2020-21,22,Udinese,24,6,6,9,23.0,28.0,-5.0,11
2020-21,22,Genoa,24,6,6,9,24.0,31.0,-7.0,12
2020-21,22,Bologna,23,6,5,10,28.0,35.0,-7.0,13
2020-21,22,Benevento,23,6,5,10,24.0,41.0,-17.0,14
2020-21,22,Fiorentina,22,5,7,9,21.0,33.0,-12.0,15
2020-21,22,Spezia,21,5,6,10,28.0,38.0,-10.0,16
2020-21,22,Torino,16,2,10,9,32.0,41.0,-9.0,17
2020-21,22,Cagliari,15,3,6,12,24.0,39.0,-15.0,18
2020-21,22,Parma,13,2,7,12,14.0,41.0,-27.0,19
2020-21,22,Crotone,12,3,3,15,22.0,50.0,-28.0,20
2020-21,23,Inter,50,15,5,2,54.0,24.0,30.0,1
2020-21,23,Milan,49,15,4,3,45.0,25.0,20.0,2
2020-21,23,Juventus,45,13,6,3,43.0,20.0,23.0,3
2020-21,23,Roma,43,13,4,5,47.0,35.0,12.0,4
2020-21,23,Napoli,40,13,1,8,46.0,23.0,23.0,5
2020-21,23,Atalanta,40,11,7,4,49.0,29.0,20.0,6
2020-21,23,Lazio,40,12,4,6,37.0,30.0,7.0,7
2020-21,23,Sassuolo,34,9,7,6,36.0,33.0,3.0,8
2020-21,23,Verona,33,9,6,7,28.0,24.0,4.0,9
2020-21,23,Sampdoria,30,9,3,10,33.0,33.0,0.0,10
2020-21,23,Genoa,25,6,7,9,24.0,31.0,-7.0,11
2020-21,23,Bologna,24,6,6,10,29.0,36.0,-7.0,12
2020-21,23,Spezia,24,6,6,10,30.0,38.0,-8.0,13
2020-21,23,Udinese,24,6,6,10,23.0,31.0,-8.0,14
2020-21,23,Benevento,24,6,6,10,25.0,42.0,-17.0,15
2020-21,23,Fiorentina,22,5,7,10,22.0,35.0,-13.0,16
2020-21,23,Torino,17,2,11,9,32.0,41.0,-9.0,17
2020-21,23,Cagliari,15,3,6,13,24.0,40.0,-16.0,18
2020-21,23,Parma,13,2,7,13,15.0,43.0,-28.0,19
2020-21,23,Crotone,12,3,3,16,23.0,52.0,-29.0,20
2020-21,24,Inter,53,16,5,2,57.0,24.0,33.0,1
2020-21,24,Milan,49,15,4,4,45.0,28.0,17.0,2
2020-21,24,Juventus,48,14,6,3,46.0,20.0,26.0,3
2020-21,24,Roma,44,13,5,5,47.0,35.0,12.0,4
2020-21,24,Atalanta,43,12,7,4,53.0,31.0,22.0,5
2020-21,24,Lazio,43,13,4,6,38.0,30.0,8.0,6
2020-21,24,Napoli,40,13,1,9,48.0,27.0,21.0,7
2020-21,24,Sassuolo,35,9,8,6,37.0,34.0,3.0,8
2020-21,24,Verona,34,9,7,7,30.0,26.0,4.0,9
2020-21,24,Sampdoria,30,9,3,11,33.0,34.0,-1.0,10
2020-21,24,Genoa,26,6,8,9,26.0,33.0,-7.0,11
2020-21,24,Bologna,25,6,7,10,30.0,37.0,-7.0,12
2020-21,24,Udinese,25,6,7,10,25.0,33.0,-8.0,13
2020-21,24,Fiorentina,25,6,7,10,25.0,35.0,-10.0,14
2020-21,24,Benevento,25,6,7,10,25.0,42.0,-17.0,15
2020-21,24,Spezia,24,6,6,11,30.0,41.0,-11.0,16
2020-21,24,Torino,20,3,11,9,33.0,41.0,-8.0,17
2020-21,24,Cagliari,15,3,6,14,24.0,41.0,-17.0,18
2020-21,24,Parma,14,2,8,13,17.0,45.0,-28.0,19
2020-21,24,Crotone,12,3,3,17,23.0,55.0,-32.0,20
2020-21,25,Inter,56,17,5,2,60.0,24.0,36.0,1
2020-21,25,Milan,52,16,4,4,47.0,29.0,18.0,2
2020-21,25,Juventus,49,14,7,3,47.0,21.0,26.0,3
2020-21,25,Atalanta,46,13,7,4,55.0,31.0,24.0,4
2020-21,25,Roma,44,13,5,6,48.0,37.0,11.0,5
2020-21,25,Napoli,43,14,1,9,50.0,27.0,23.0,6
2020-21,25,Lazio,43,13,4,7,38.0,32.0,6.0,7
2020-21,25,Verona,35,9,8,7,31.0,27.0,4.0,8
2020-21,25,Sassuolo,35,9,8,7,39.0,37.0,2.0,9
2020-21,25,Sampdoria,30,9,3,12,33.0,36.0,-3.0,10
2020-21,25,Bologna,28,7,7,10,32.0,37.0,-5.0,11
2020-21,25,Udinese,28,7,7,10,26.0,33.0,-7.0,12
2020-21,25,Genoa,26,6,8,10,26.0,36.0,-10.0,13
2020-21,25,Spezia,25,6,7,11,32.0,43.0,-11.0,14
2020-21,25,Fiorentina,25,6,7,11,25.0,36.0,-11.0,15
2020-21,25,Benevento,25,6,7,11,25.0,44.0,-19.0,16
2020-21,25,Torino,23,4,11,9,36.0,43.0,-7.0,17
2020-21,25,Cagliari,18,4,6,14,26.0,41.0,-15.0,18
2020-21,25,Parma,15,2,9,13,19.0,47.0,-28.0,19
2020-21,25,Crotone,12,3,3,18,23.0,57.0,-34.0,20
2020-21,26,Inter,59,18,5,2,62.0,25.0,37.0,1
2020-21,26,Milan,53,16,5,4,48.0,30.0,18.0,2
2020-21,26,Juventus,52,15,7,3,50.0,21.0,29.0,3
2020-21,26,Atalanta,49,14,7,4,60.0,32.0,28.0,4
2020-21,26,Roma,47,14,5,6,50.0,38.0,12.0,5
2020-21,26,Napoli,44,14,2,9,53.0,30.0,23.0,6
2020-21,26,Lazio,44,13,5,7,38.0,32.0,6.0,7
2020-21,26,Verona,38,10,8,7,34.0,27.0,7.0,8
2020-21,26,Sassuolo,36,9,9,7,42.0,40.0,2.0,9
2020-21,26,Sampdoria,31,9,4,12,34.0,37.0,-3.0,10
2020-21,26,Udinese,29,7,8,10,27.0,34.0,-7.0,11
2020-21,26,Bologna,28,7,7,11,32.0,38.0,-6.0,12
2020-21,26,Genoa,27,6,9,10,27.0,37.0,-10.0,13
2020-21,26,Fiorentina,25,6,7,12,26.0,38.0,-12.0,14
2020-21,26,Spezia,25,6,7,12,32.0,46.0,-14.0,15
2020-21,26,Benevento,25,6,7,12,25.0,47.0,-22.0,16
2020-21,26,Torino,24,4,12,9,36.0,43.0,-7.0,17
2020-21,26,Cagliari,21,5,6,14,27.0,41.0,-14.0,18
2020-21,26,Parma,15,2,9,14,20.0,49.0,-29.0,19
2020-21,26,Crotone,12,3,3,19,24.0,62.0,-38.0,20
2020-21,27,Inter,62,19,5,2,63.0,25.0,38.0,1
2020-21,27,Milan,56,17,5,4,50.0,30.0,20.0,2
2020-21,27,Juventus,55,16,7,3,53.0,22.0,31.0,3
2020-21,27,Roma,50,15,5,6,51.0,38.0,13.0,4
2020-21,27,Atalanta,49,14,7,5,60.0,33.0,27.0,5
2020-21,27,Napoli,47,15,2,9,56.0,31.0,25.0,6
2020-21,27,Lazio,44,13,5,8,39.0,35.0,4.0,7
2020-21,27,Verona,38,10,8,8,34.0,29.0,5.0,8
2020-21,27,Sassuolo,36,9,9,8,42.0,42.0,0.0,9
2020-21,27,Sampdoria,32,9,5,12,36.0,39.0,-3.0,10
2020-21,27,Udinese,32,8,8,10,29.0,34.0,-5.0,11
2020-21,27,Bologna,28,7,7,12,33.0,41.0,-8.0,12
2020-21,27,Genoa,27,6,9,11,27.0,38.0,-11.0,13
2020-21,27,Fiorentina,26,6,8,12,29.0,41.0,-12.0,14
2020-21,27,Spezia,26,6,8,12,33.0,47.0,-14.0,15
2020-21,27,Benevento,26,6,8,12,26.0,48.0,-22.0,16
2020-21,27,Torino,24,4,12,10,38.0,47.0,-9.0,17
2020-21,27,Cagliari,22,5,7,14,29.0,43.0,-14.0,18
2020-21,27,Parma,16,2,10,14,23.0,52.0,-29.0,19
2020-21,27,Crotone,15,4,3,19,28.0,64.0,-36.0,20
2020-21,28,Inter,65,20,5,2,65.0,26.0,39.0,1
2020-21,28,Juventus,58,17,7,3,56.0,23.0,33.0,2
2020-21,28,Milan,56,17,5,5,50.0,31.0,19.0,3
2020-21,28,Atalanta,52,15,7,5,63.0,34.0,29.0,4
2020-21,28,Napoli,50,16,2,9,57.0,31.0,26.0,5
2020-21,28,Roma,50,15,5,7,51.0,40.0,11.0,6
2020-21,28,Lazio,47,14,5,8,42.0,37.0,5.0,7
2020-21,28,Sassuolo,39,10,9,8,45.0,44.0,1.0,8
2020-21,28,Verona,38,10,8,9,36.0,32.0,4.0,9
2020-21,28,Udinese,33,8,9,10,30.0,35.0,-5.0,10
2020-21,28,Sampdoria,32,9,5,13,37.0,42.0,-5.0,11
2020-21,28,Bologna,31,8,7,12,36.0,42.0,-6.0,12
2020-21,28,Fiorentina,29,7,8,12,33.0,42.0,-9.0,13
2020-21,28,Genoa,28,6,10,11,28.0,39.0,-11.0,14
2020-21,28,Spezia,26,6,8,13,34.0,50.0,-16.0,15
2020-21,28,Benevento,26,6,8,13,27.0,52.0,-25.0,16
2020-21,28,Torino,24,4,12,11,39.0,49.0,-10.0,17
2020-21,28,Cagliari,22,5,7,15,30.0,46.0,-16.0,18
2020-21,28,Parma,19,3,10,14,25.0,52.0,-27.0,19
2020-21,28,Crotone,15,4,3,20,30.0,67.0,-37.0,20
2020-21,29,Inter,68,21,5,2,67.0,27.0,40.0,1
2020-21,29,Milan,59,18,5,5,53.0,33.0,20.0,2
2020-21,29,Juventus,58,17,7,4,56.0,24.0,32.0,3
2020-21,29,Atalanta,55,16,7,5,65.0,34.0,31.0,4
2020-21,29,Napoli,53,17,2,9,59.0,31.0,28.0,5
2020-21,29,Roma,50,15,5,8,51.0,42.0,9.0,6
2020-21,29,Lazio,50,15,5,8,43.0,37.0,6.0,7
2020-21,29,Sassuolo,39,10,9,9,46.0,46.0,0.0,8
2020-21,29,Verona,38,10,8,10,36.0,34.0,2.0,9
2020-21,29,Sampdoria,35,10,5,13,38.0,42.0,-4.0,10
2020-21,29,Bologna,34,9,7,12,39.0,44.0,-5.0,11
2020-21,29,Udinese,33,8,9,11,30.0,36.0,-6.0,12
2020-21,29,Genoa,31,7,10,11,30.0,40.0,-10.0,13
2020-21,29,Fiorentina,29,7,8,13,35.0,45.0,-10.0,14
2020-21,29,Spezia,29,7,8,13,36.0,51.0,-15.0,15
2020-21,29,Benevento,29,7,8,13,28.0,52.0,-24.0,16
2020-21,29,Torino,24,4,12,12,39.0,50.0,-11.0,17
2020-21,29,Cagliari,22,5,7,16,31.0,48.0,-17.0,18
2020-21,29,Parma,19,3,10,15,26.0,54.0,-28.0,19
2020-21,29,Crotone,15,4,3,21,32.0,70.0,-38.0,20
2020-21,30,Inter,71,22,5,2,68.0,27.0,41.0,1
2020-21,30,Milan,60,18,6,5,54.0,34.0,20.0,2
2020-21,30,Juventus,59,17,8,4,58.0,26.0,32.0,3
2020-21,30,Atalanta,58,17,7,5,68.0,36.0,32.0,4
2020-21,30,Napoli,56,18,2,9,63.0,34.0,29.0,5
2020-21,30,Lazio,53,16,5,8,45.0,38.0,7.0,6
2020-21,30,Roma,51,15,6,8,53.0,44.0,9.0,7
2020-21,30,Verona,41,11,8,10,38.0,34.0,4.0,8
2020-21,30,Sassuolo,40,10,10,9,48.0,48.0,0.0,9
2020-21,30,Sampdoria,36,10,6,13,39.0,43.0,-4.0,10
2020-21,30,Bologna,34,9,7,13,39.0,45.0,-6.0,11
2020-21,30,Udinese,33,8,9,12,32.0,39.0,-7.0,12
2020-21,30,Genoa,32,7,11,11,31.0,41.0,-10.0,13
2020-21,30,Fiorentina,30,7,9,13,36.0,46.0,-10.0,14
2020-21,30,Benevento,30,7,9,13,30.0,54.0,-24.0,15
2020-21,30,Spezia,29,7,8,14,37.0,53.0,-16.0,16
2020-21,30,Torino,25,4,13,12,41.0,52.0,-11.0,17
2020-21,30,Cagliari,22,5,7,17,31.0,50.0,-19.0,18
2020-21,30,Parma,20,3,11,15,28.0,56.0,-28.0,19
2020-21,30,Crotone,15,4,3,22,35.0,74.0,-39.0,20
2020-21,31,Inter,74,23,5,2,69.0,27.0,42.0,1
2020-21,31,Milan,63,19,6,5,57.0,35.0,22.0,2
2020-21,31,Juventus,62,18,8,4,61.0,27.0,34.0,3
2020-21,31,Atalanta,61,18,7,5,71.0,38.0,33.0,4
2020-21,31,Napoli,59,19,2,9,65.0,34.0,31.0,5
2020-21,31,Lazio,56,17,5,8,46.0,38.0,8.0,6
2020-21,31,Roma,54,16,6,8,54.0,44.0,10.0,7
2020-21,31,Sassuolo,43,11,10,9,49.0,48.0,1.0,8
2020-21,31,Verona,41,11,8,11,38.0,35.0,3.0,9
2020-21,31,Sampdoria,36,10,6,14,39.0,45.0,-6.0,10
2020-21,31,Bologna,34,9,7,14,39.0,46.0,-7.0,11
2020-21,31,Udinese,33,8,9,13,32.0,40.0,-8.0,12
2020-21,31,Genoa,32,7,11,12,32.0,44.0,-12.0,13
2020-21,31,Spezia,32,8,8,14,40.0,55.0,-15.0,14
2020-21,31,Fiorentina,30,7,9,14,38.0,49.0,-11.0,15
2020-21,31,Benevento,30,7,9,14,30.0,55.0,-25.0,16
2020-21,31,Torino,28,5,13,12,42.0,52.0,-10.0,17
2020-21,31,Cagliari,22,5,7,18,31.0,51.0,-20.0,18
2020-21,31,Parma,20,3,11,16,29.0,59.0,-30.0,19
2020-21,31,Crotone,15,4,3,23,37.0,77.0,-40.0,20
2020-21,32,Inter,75,23,6,2,70.0,28.0,42.0,1
2020-21,32,Milan,66,20,6,5,59.0,36.0,23.0,2
2020-21,32,Atalanta,64,19,7,5,72.0,38.0,34.0,3
2020-21,32,Juventus,62,18,8,5,61.0,28.0,33.0,4
2020-21,32,Napoli,60,19,3,9,66.0,35.0,31.0,5
2020-21,32,Lazio,59,18,5,8,51.0,41.0,10.0,6
2020-21,32,Roma,54,16,6,9,55.0,47.0,8.0,7
2020-21,32,Sassuolo,46,12,10,9,52.0,49.0,3.0,8
2020-21,32,Verona,41,11,8,12,39.0,38.0,1.0,9
2020-21,32,Sampdoria,39,11,6,14,42.0,46.0,-4.0,10
2020-21,32,Bologna,37,10,7,14,43.0,47.0,-4.0,11
2020-21,32,Udinese,36,9,9,13,34.0,41.0,-7.0,12
2020-21,32,Genoa,32,7,11,13,33.0,46.0,-13.0,13
2020-21,32,Spezia,32,8,8,15,41.0,59.0,-18.0,14
2020-21,32,Torino,31,6,13,12,45.0,53.0,-8.0,15
2020-21,32,Fiorentina,30,7,9,15,39.0,52.0,-13.0,16
2020-21,32,Benevento,30,7,9,15,33.0,60.0,-27.0,17
2020-21,32,Cagliari,25,6,7,18,35.0,54.0,-19.0,18
2020-21,32,Parma,20,3,11,17,32.0,63.0,-31.0,19
2020-21,32,Crotone,15,4,3,24,38.0,79.0,-41.0,20
2020-21,33,Inter,76,23,7,2,71.0,29.0,42.0,1
2020-21,33,Milan,66,20,6,6,60.0,38.0,22.0,2
2020-21,33,Juventus,65,19,8,5,64.0,29.0,35.0,3
2020-21,33,Atalanta,65,19,8,5,73.0,39.0,34.0,4
2020-21,33,Napoli,63,20,3,9,71.0,37.0,34.0,5
2020-21,33,Lazio,59,18,5,9,53.0,46.0,7.0,6
2020-21,33,Roma,55,16,7,9,56.0,48.0,8.0,7
2020-21,33,Sassuolo,49,13,10,9,54.0,50.0,4.0,8
2020-21,33,Sampdoria,42,12,6,14,43.0,46.0,-3.0,9
2020-21,33,Verona,41,11,8,13,40.0,40.0,0.0,10
2020-21,33,Bologna,38,10,8,14,44.0,48.0,-4.0,11
2020-21,33,Udinese,36,9,9,14,34.0,42.0,-8.0,12
2020-21,33,Fiorentina,33,8,9,15,41.0,53.0,-12.0,13
2020-21,33,Genoa,33,7,12,13,35.0,48.0,-13.0,14
2020-21,33,Spezia,33,8,9,15,42.0,60.0,-18.0,15
2020-21,33,Torino,32,6,14,12,46.0,54.0,-8.0,16
2020-21,33,Benevento,31,7,10,15,35.0,62.0,-27.0,17
2020-21,33,Cagliari,28,7,7,18,36.0,54.0,-18.0,18
2020-21,33,Parma,20,3,11,18,33.0,66.0,-33.0,19
2020-21,33,Crotone,15,4,3,25,38.0,80.0,-42.0,20
2020-21,34,Inter,79,24,7,2,72.0,29.0,43.0,1
2020-21,34,Atalanta,68,20,8,5,78.0,39.0,39.0,2
2020-21,34,Napoli,66,21,3,9,73.0,37.0,36.0,3
2020-21,34,Juventus,66,19,9,5,65.0,30.0,35.0,4
2020-21,34,Milan,66,20,6,7,60.0,41.0,19.0,5
2020-21,34,Lazio,62,19,5,9,56.0,46.0,10.0,6
2020-21,34,Roma,55,16,7,10,58.0,51.0,7.0,7
2020-21,34,Sassuolo,52,14,10,9,55.0,50.0,5.0,8
2020-21,34,Sampdoria,42,12,6,15,43.0,47.0,-4.0,9
2020-21,34,Verona,41,11,8,14,40.0,41.0,-1.0,10
2020-21,34,Udinese,39,10,9,14,38.0,44.0,-6.0,11
2020-21,34,Bologna,38,10,8,15,44.0,53.0,-9.0,12
2020-21,34,Genoa,36,8,12,13,37.0,48.0,-11.0,13
2020-21,34,Fiorentina,34,8,10,15,42.0,54.0,-12.0,14
2020-21,34,Spezia,33,8,9,16,42.0,62.0,-20.0,15
2020-21,34,Torino,32,6,14,13,46.0,56.0,-10.0,16
2020-21,34,Cagliari,31,8,7,18,39.0,56.0,-17.0,17
2020-21,34,Benevento,31,7,10,16,37.0,66.0,-29.0,18
2020-21,34,Parma,20,3,11,19,36.0,70.0,-34.0,19
2020-21,34,Crotone,18,5,3,25,42.0,83.0,-41.0,20
2020-21,35,Inter,82,25,7,2,74.0,29.0,45.0,1
2020-21,35,Atalanta,69,20,9,5,79.0,40.0,39.0,2
2020-21,35,Juventus,69,20,9,5,67.0,31.0,36.0,3
2020-21,35,Milan,69,21,6,7,62.0,41.0,21.0,4
2020-21,35,Napoli,67,21,4,9,74.0,38.0,36.0,5
2020-21,35,Lazio,65,20,5,9,60.0,49.0,11.0,6
2020-21,35,Roma,55,16,7,11,58.0,53.0,5.0,7
2020-21,35,Sassuolo,53,14,11,9,56.0,51.0,5.0,8
2020-21,35,Sampdoria,45,13,6,15,45.0,47.0,-2.0,9
2020-21,35,Verona,42,11,9,14,41.0,42.0,-1.0,10
2020-21,35,Udinese,39,10,9,15,39.0,46.0,-7.0,11
2020-21,35,Bologna,39,10,9,15,47.0,56.0,-9.0,12
2020-21,35,Genoa,36,8,12,14,40.0,52.0,-12.0,13
2020-21,35,Torino,35,7,14,13,47.0,56.0,-9.0,14
2020-21,35,Fiorentina,35,8,11,15,45.0,57.0,-12.0,15
2020-21,35,Spezia,34,8,10,16,43.0,63.0,-20.0,16
2020-21,35,Cagliari,32,8,8,18,40.0,57.0,-17.0,17
2020-21,35,Benevento,31,7,10,17,37.0,68.0,-31.0,18
2020-21,35,Parma,20,3,11,20,36.0,71.0,-35.0,19
2020-21,35,Crotone,18,5,3,26,42.0,85.0,-43.0,20
2020-21,36,Inter,85,26,7,2,79.0,30.0,49.0,1
2020-21,36,Atalanta,72,21,9,5,84.0,42.0,42.0,2
2020-21,36,Milan,72,22,6,7,65.0,41.0,24.0,3
2020-21,36,Napoli,70,22,4,9,78.0,39.0,39.0,4
2020-21,36,Juventus,69,20,9,6,67.0,34.0,33.0,5
2020-21,36,Lazio,65,20,5,10,60.0,51.0,9.0,6
2020-21,36,Roma,58,17,7,11,63.0,53.0,10.0,7
2020-21,36,Sassuolo,56,15,11,9,58.0,52.0,6.0,8
2020-21,36,Sampdoria,45,13,6,16,46.0,52.0,-6.0,9
2020-21,36,Verona,43,11,10,14,42.0,43.0,-1.0,10
2020-21,36,Udinese,40,10,10,15,40.0,47.0,-7.0,11
2020-21,36,Bologna,40,10,10,15,48.0,57.0,-9.0,12
2020-21,36,Fiorentina,38,9,11,15,47.0,57.0,-10.0,13
2020-21,36,Torino,36,7,15,13,48.0,57.0,-9.0,14
2020-21,36,Genoa,36,8,12,15,41.0,54.0,-13.0,15
2020-21,36,Cagliari,35,9,8,18,43.0,58.0,-15.0,16
2020-21,36,Spezia,34,8,10,17,44.0,67.0,-23.0,17
2020-21,36,Benevento,31,7,10,18,38.0,71.0,-33.0,18
2020-21,36,Parma,20,3,11,21,38.0,76.0,-38.0,19
2020-21,36,Crotone,18,5,3,27,42.0,90.0,-48.0,20
2020-21,37,Inter,88,27,7,2,82.0,31.0,51.0,1
2020-21,37,Atalanta,75,22,9,5,86.0,42.0,44.0,2
2020-21,37,Milan,75,23,6,7,72.0,41.0,31.0,3
2020-21,37,Napoli,73,23,4,9,83.0,40.0,43.0,4
2020-21,37,Juventus,72,21,9,6,70.0,35.0,35.0,5
2020-21,37,Lazio,68,21,5,10,61.0,51.0,10.0,6
2020-21,37,Roma,58,17,7,12,64.0,56.0,8.0,7
2020-21,37,Sassuolo,56,15,11,10,59.0,55.0,4.0,8
2020-21,37,Sampdoria,46,13,7,16,48.0,54.0,-6.0,9
2020-21,37,Verona,43,11,10,15,43.0,45.0,-2.0,10
2020-21,37,Bologna,40,10,10,16,48.0,59.0,-11.0,11
2020-21,37,Udinese,40,10,10,16,41.0,52.0,-11.0,12
2020-21,37,Fiorentina,39,9,12,15,47.0,57.0,-10.0,13
2020-21,37,Genoa,39,9,12,15,43.0,54.0,-11.0,14
2020-21,37,Cagliari,36,9,9,18,43.0,58.0,-15.0,15
2020-21,37,Torino,36,7,15,14,48.0,64.0,-16.0,16
2020-21,37,Spezia,35,8,11,17,46.0,69.0,-23.0,17
2020-21,37,Benevento,31,7,10,19,38.0,73.0,-35.0,18
2020-21,37,Crotone,21,6,3,27,44.0,91.0,-47.0,19
2020-21,37,Parma,20,3,11,22,38.0,77.0,-39.0,20
2020-21,38,Inter,88,27,7,3,84.0,34.0,50.0,1
2020-21,38,Atalanta,78,23,9,5,90.0,45.0,45.0,2
2020-21,38,Napoli,76,24,4,9,85.0,40.0,45.0,3
2020-21,38,Milan,76,23,7,7,72.0,41.0,31.0,4
2020-21,38,Juventus,75,22,9,6,73.0,37.0,36.0,5
2020-21,38,Lazio,68,21,5,11,61.0,53.0,8.0,6
2020-21,38,Roma,61,18,7,12,66.0,56.0,10.0,7
2020-21,38,Sassuolo,59,16,11,10,62.0,56.0,6.0,8
2020-21,38,Sampdoria,49,14,7,16,49.0,54.0,-5.0,9
2020-21,38,Verona,44,11,11,15,45.0,47.0,-2.0,10
2020-21,38,Bologna,41,10,11,16,50.0,61.0,-11.0,11
2020-21,38,Udinese,40,10,10,17,41.0,53.0,-12.0,12
2020-21,38,Fiorentina,39,9,12,16,47.0,59.0,-12.0,13
2020-21,38,Genoa,39,9,12,16,46.0,58.0,-12.0,14
2020-21,38,Spezia,38,9,11,17,50.0,70.0,-20.0,15
2020-21,38,Cagliari,37,9,10,18,43.0,58.0,-15.0,16
2020-21,38,Torino,36,7,15,15,49.0,68.0,-19.0,17
2020-21,38,Benevento,32,7,11,19,39.0,74.0,-35.0,18
2020-21,38,Crotone,22,6,4,27,45.0,92.0,-47.0,19
2020-21,38,Parma,20,3,11,23,39.0,80.0,-41.0,20
2021-22,1,Roma,0,0,0,0,0,0,0,1
2021-22,1,Sampdoria,0,0,0,0,0,0,0,2
2021-22,1,Inter,0,0,0,0,0,0,0,3
2021-22,1,Bologna,0,0,0,0,0,0,0,4
2021-22,1,Salernitana,0,0,0,0,0,0,0,5
2021-22,1,Genoa,0,0,0,0,0,0,0,6
2021-22,1,Fiorentina,0,0,0,0,0,0,0,7
2021-22,1,Juventus,0,0,0,0,0,0,0,8
2021-22,1,Atalanta,0,0,0,0,0,0,0,9
2021-22,1,Udinese,0,0,0,0,0,0,0,10
2021-22,1,Napoli,0,0,0,0,0,0,0,11
2021-22,1,Lazio,0,0,0,0,0,0,0,12
2021-22,1,Empoli,0,0,0,0,0,0,0,13
2021-22,1,Spezia,0,0,0,0,0,0,0,14
2021-22,1,Verona,0,0,0,0,0,0,0,15
2021-22,1,Sassuolo,0,0,0,0,0,0,0,16
2021-22,1,Milan,0,0,0,0,0,0,0,17
2021-22,1,Torino,0,0,0,0,0,0,0,18
2021-22,1,Venezia,0,0,0,0,0,0,0,19
2021-22,1,Cagliari,0,0,0,0,0,0,0,20
2021-22,2,Inter,3,1,0,0,4.0,0.0,4.0,1
2021-22,2,Roma,3,1,0,0,3.0,1.0,2.0,2
2021-22,2,Lazio,3,1,0,0,3.0,1.0,2.0,3
2021-22,2,Napoli,3,1,0,0,2.0,0.0,2.0,4
2021-22,2,Bologna,3,1,0,0,3.0,2.0,1.0,5
2021-22,2,Sassuolo,3,1,0,0,3.0,2.0,1.0,6
2021-22,2,Atalanta,3,1,0,0,2.0,1.0,1.0,7
2021-22,2,Milan,3,1,0,0,1.0,0.0,1.0,8
2021-22,2,Juventus,1,0,1,0,2.0,2.0,0.0,9
2021-22,2,Udinese,1,0,1,0,2.0,2.0,0.0,10
2021-22,2,Spezia,1,0,1,0,2.0,2.0,0.0,11
2021-22,2,Cagliari,1,0,1,0,2.0,2.0,0.0,12
2021-22,2,Salernitana,0,0,0,1,2.0,3.0,-1.0,13
2021-22,2,Verona,0,0,0,1,2.0,3.0,-1.0,14
2021-22,2,Torino,0,0,0,1,1.0,2.0,-1.0,15
2021-22,2,Sampdoria,0,0,0,1,0.0,1.0,-1.0,16
2021-22,2,Fiorentina,0,0,0,1,1.0,3.0,-2.0,17
2021-22,2,Empoli,0,0,0,1,1.0,3.0,-2.0,18
2021-22,2,Venezia,0,0,0,1,0.0,2.0,-2.0,19
2021-22,2,Genoa,0,0,0,1,0.0,4.0,-4.0,20
2021-22,3,Lazio,6,2,0,0,9.0,2.0,7.0,1
2021-22,3,Roma,6,2,0,0,7.0,1.0,6.0,2
2021-22,3,Inter,6,2,0,0,7.0,1.0,6.0,3
2021-22,3,Milan,6,2,0,0,5.0,1.0,4.0,4
2021-22,3,Napoli,6,2,0,0,4.0,1.0,3.0,5
2021-22,3,Udinese,4,1,1,0,5.0,2.0,3.0,6
2021-22,3,Bologna,4,1,1,0,3.0,2.0,1.0,7
2021-22,3,Sassuolo,4,1,1,0,3.0,2.0,1.0,8
2021-22,3,Atalanta,4,1,1,0,2.0,1.0,1.0,9
2021-22,3,Fiorentina,3,1,0,1,3.0,4.0,-1.0,10
2021-22,3,Empoli,3,1,0,1,2.0,3.0,-1.0,11
2021-22,3,Juventus,1,0,1,1,2.0,3.0,-1.0,12
2021-22,3,Sampdoria,1,0,1,1,0.0,1.0,-1.0,13
2021-22,3,Cagliari,1,0,1,1,3.0,6.0,-3.0,14
2021-22,3,Spezia,1,0,1,1,3.0,8.0,-5.0,15
2021-22,3,Torino,0,0,0,2,2.0,4.0,-2.0,16
2021-22,3,Verona,0,0,0,2,3.0,6.0,-3.0,17
2021-22,3,Salernitana,0,0,0,2,2.0,7.0,-5.0,18
2021-22,3,Genoa,0,0,0,2,1.0,6.0,-5.0,19
2021-22,3,Venezia,0,0,0,2,0.0,5.0,-5.0,20
2021-22,4,Roma,9,3,0,0,9.0,2.0,7.0,1
2021-22,4,Milan,9,3,0,0,7.0,1.0,6.0,2
2021-22,4,Napoli,9,3,0,0,6.0,2.0,4.0,3
2021-22,4,Inter,7,2,1,0,9.0,3.0,6.0,4
2021-22,4,Udinese,7,2,1,0,6.0,2.0,4.0,5
2021-22,4,Bologna,7,2,1,0,4.0,2.0,2.0,6
2021-22,4,Lazio,6,2,0,1,9.0,4.0,5.0,7
2021-22,4,Fiorentina,6,2,0,1,5.0,5.0,0.0,8
2021-22,4,Sassuolo,4,1,1,1,4.0,4.0,0.0,9
2021-22,4,Atalanta,4,1,1,1,3.0,3.0,0.0,10
2021-22,4,Torino,3,1,0,2,6.0,4.0,2.0,11
2021-22,4,Empoli,3,1,0,2,3.0,5.0,-2.0,12
2021-22,4,Genoa,3,1,0,2,4.0,8.0,-4.0,13
2021-22,4,Venezia,3,1,0,2,2.0,6.0,-4.0,14
2021-22,4,Sampdoria,2,0,2,1,2.0,3.0,-1.0,15
2021-22,4,Juventus,1,0,1,2,3.0,5.0,-2.0,16
2021-22,4,Cagliari,1,0,1,2,5.0,9.0,-4.0,17
2021-22,4,Spezia,1,0,1,2,3.0,9.0,-6.0,18
2021-22,4,Verona,0,0,0,3,3.0,7.0,-4.0,19
2021-22,4,Salernitana,0,0,0,3,2.0,11.0,-9.0,20
2021-22,5,Napoli,12,4,0,0,10.0,2.0,8.0,1
2021-22,5,Inter,10,3,1,0,15.0,4.0,11.0,2
2021-22,5,Milan,10,3,1,0,8.0,2.0,6.0,3
2021-22,5,Roma,9,3,0,1,11.0,5.0,6.0,4
2021-22,5,Fiorentina,9,3,0,1,7.0,6.0,1.0,5
2021-22,5,Lazio,7,2,1,1,11.0,6.0,5.0,6
2021-22,5,Atalanta,7,2,1,1,4.0,3.0,1.0,7
2021-22,5,Udinese,7,2,1,1,6.0,6.0,0.0,8
2021-22,5,Bologna,7,2,1,1,5.0,8.0,-3.0,9
2021-22,5,Torino,6,2,0,2,7.0,4.0,3.0,10
2021-22,5,Sampdoria,5,1,2,1,5.0,3.0,2.0,11
2021-22,5,Sassuolo,4,1,1,2,4.0,5.0,-1.0,12
2021-22,5,Spezia,4,1,1,2,5.0,10.0,-5.0,13
2021-22,5,Verona,3,1,0,3,6.0,9.0,-3.0,14
2021-22,5,Genoa,3,1,0,3,5.0,10.0,-5.0,15
2021-22,5,Empoli,3,1,0,3,3.0,8.0,-5.0,16
2021-22,5,Venezia,3,1,0,3,3.0,8.0,-5.0,17
2021-22,5,Juventus,2,0,2,2,4.0,6.0,-2.0,18
2021-22,5,Cagliari,2,0,2,2,7.0,11.0,-4.0,19
2021-22,5,Salernitana,0,0,0,4,2.0,12.0,-10.0,20
2021-22,6,Napoli,15,5,0,0,14.0,2.0,12.0,1
2021-22,6,Inter,13,4,1,0,18.0,5.0,13.0,2
2021-22,6,Milan,13,4,1,0,10.0,2.0,8.0,3
2021-22,6,Roma,12,4,0,1,12.0,5.0,7.0,4
2021-22,6,Atalanta,10,3,1,1,6.0,4.0,2.0,5
2021-22,6,Fiorentina,9,3,0,2,8.0,9.0,-1.0,6
2021-22,6,Lazio,8,2,2,1,12.0,7.0,5.0,7
2021-22,6,Bologna,8,2,2,1,7.0,10.0,-3.0,8
2021-22,6,Torino,7,2,1,2,8.0,5.0,3.0,9
2021-22,6,Udinese,7,2,1,2,6.0,7.0,-1.0,10
2021-22,6,Empoli,6,2,0,3,5.0,8.0,-3.0,11
2021-22,6,Juventus,5,1,2,2,7.0,8.0,-1.0,12
2021-22,6,Sampdoria,5,1,2,2,5.0,7.0,-2.0,13
2021-22,6,Sassuolo,4,1,1,3,5.0,7.0,-2.0,14
2021-22,6,Verona,4,1,1,3,8.0,11.0,-3.0,15
2021-22,6,Genoa,4,1,1,3,7.0,12.0,-5.0,16
2021-22,6,Spezia,4,1,1,3,7.0,13.0,-6.0,17
2021-22,6,Venezia,3,1,0,4,3.0,10.0,-7.0,18
2021-22,6,Cagliari,2,0,2,3,7.0,13.0,-6.0,19
2021-22,6,Salernitana,1,0,1,4,4.0,14.0,-10.0,20
2021-22,7,Napoli,18,6,0,0,16.0,2.0,14.0,1
2021-22,7,Milan,16,5,1,0,12.0,3.0,9.0,2
2021-22,7,Inter,14,4,2,0,20.0,7.0,13.0,3
2021-22,7,Roma,12,4,0,2,14.0,8.0,6.0,4
2021-22,7,Fiorentina,12,4,0,2,9.0,9.0,0.0,5
2021-22,7,Lazio,11,3,2,1,15.0,9.0,6.0,6
2021-22,7,Atalanta,11,3,2,1,8.0,6.0,2.0,7
2021-22,7,Empoli,9,3,0,3,9.0,10.0,-1.0,8
2021-22,7,Torino,8,2,2,2,9.0,6.0,3.0,9
2021-22,7,Juventus,8,2,2,2,10.0,10.0,0.0,10
2021-22,7,Bologna,8,2,2,2,9.0,14.0,-5.0,11
2021-22,7,Sassuolo,7,2,1,3,6.0,7.0,-1.0,12
2021-22,7,Udinese,7,2,1,3,6.0,8.0,-2.0,13
2021-22,7,Verona,5,1,2,3,11.0,14.0,-3.0,14
2021-22,7,Sampdoria,5,1,2,3,7.0,10.0,-3.0,15
2021-22,7,Genoa,5,1,2,3,10.0,15.0,-5.0,16
2021-22,7,Spezia,4,1,1,4,8.0,15.0,-7.0,17
2021-22,7,Venezia,4,1,1,4,4.0,11.0,-7.0,18
2021-22,7,Cagliari,2,0,2,4,7.0,15.0,-8.0,19
2021-22,7,Salernitana,1,0,1,5,4.0,15.0,-11.0,20
2021-22,8,Napoli,21,7,0,0,18.0,3.0,15.0,1
2021-22,8,Milan,19,6,1,0,15.0,5.0,10.0,2
2021-22,8,Inter,17,5,2,0,22.0,8.0,14.0,3
2021-22,8,Roma,15,5,0,2,16.0,8.0,8.0,4
2021-22,8,Fiorentina,12,4,0,3,10.0,11.0,-1.0,5
2021-22,8,Lazio,11,3,2,2,15.0,12.0,3.0,6
2021-22,8,Juventus,11,3,2,2,11.0,10.0,1.0,7
2021-22,8,Atalanta,11,3,2,2,10.0,9.0,1.0,8
2021-22,8,Bologna,11,3,2,2,12.0,14.0,-2.0,9
2021-22,8,Empoli,9,3,0,4,9.0,12.0,-3.0,10
2021-22,8,Torino,8,2,2,3,9.0,7.0,2.0,11
2021-22,8,Verona,8,2,2,3,15.0,14.0,1.0,12
2021-22,8,Udinese,8,2,2,3,9.0,11.0,-2.0,13
2021-22,8,Sassuolo,7,2,1,4,7.0,9.0,-2.0,14
2021-22,8,Sampdoria,6,1,3,3,10.0,13.0,-3.0,15
2021-22,8,Genoa,5,1,2,4,10.0,16.0,-6.0,16
2021-22,8,Venezia,5,1,2,4,5.0,12.0,-7.0,17
2021-22,8,Salernitana,4,1,1,5,5.0,15.0,-10.0,18
2021-22,8,Spezia,4,1,1,5,8.0,19.0,-11.0,19
2021-22,8,Cagliari,3,0,3,4,8.0,16.0,-8.0,20
2021-22,9,Napoli,24,8,0,0,19.0,3.0,16.0,1
2021-22,9,Milan,22,7,1,0,18.0,7.0,11.0,2
2021-22,9,Inter,17,5,2,1,23.0,11.0,12.0,3
2021-22,9,Roma,15,5,0,3,16.0,9.0,7.0,4
2021-22,9,Lazio,14,4,2,2,18.0,13.0,5.0,5
2021-22,9,Atalanta,14,4,2,2,14.0,10.0,4.0,6
2021-22,9,Juventus,14,4,2,2,12.0,10.0,2.0,7
2021-22,9,Bologna,12,3,3,2,13.0,15.0,-2.0,8
2021-22,9,Fiorentina,12,4,0,4,10.0,12.0,-2.0,9
2021-22,9,Udinese,9,2,3,3,10.0,12.0,-2.0,10
2021-22,9,Empoli,9,3,0,5,10.0,16.0,-6.0,11
2021-22,9,Torino,8,2,2,4,9.0,8.0,1.0,12
2021-22,9,Verona,8,2,2,4,17.0,17.0,0.0,13
2021-22,9,Sassuolo,8,2,2,4,9.0,11.0,-2.0,14
2021-22,9,Venezia,8,2,2,4,6.0,12.0,-6.0,15
2021-22,9,Spezia,7,2,1,5,10.0,20.0,-10.0,16
2021-22,9,Sampdoria,6,1,3,4,11.0,16.0,-5.0,17
2021-22,9,Genoa,6,1,3,4,12.0,18.0,-6.0,18
2021-22,9,Cagliari,6,1,3,4,11.0,17.0,-6.0,19
2021-22,9,Salernitana,4,1,1,6,6.0,17.0,-11.0,20
2021-22,10,Napoli,25,8,1,0,19.0,3.0,16.0,1
2021-22,10,Milan,25,8,1,0,22.0,9.0,13.0,2
2021-22,10,Inter,18,5,3,1,24.0,12.0,12.0,3
2021-22,10,Roma,16,5,1,3,16.0,9.0,7.0,4
2021-22,10,Atalanta,15,4,3,2,15.0,11.0,4.0,5
2021-22,10,Juventus,15,4,3,2,13.0,11.0,2.0,6
2021-22,10,Fiorentina,15,5,0,4,13.0,12.0,1.0,7
2021-22,10,Lazio,14,4,2,3,19.0,17.0,2.0,8
2021-22,10,Bologna,12,3,3,3,15.0,19.0,-4.0,9
2021-22,10,Empoli,12,4,0,5,14.0,18.0,-4.0,10
2021-22,10,Verona,11,3,2,4,21.0,18.0,3.0,11
2021-22,10,Torino,11,3,2,4,12.0,10.0,2.0,12
2021-22,10,Sassuolo,11,3,2,4,12.0,12.0,0.0,13
2021-22,10,Udinese,10,2,4,3,11.0,13.0,-2.0,14
2021-22,10,Sampdoria,9,2,3,4,13.0,17.0,-4.0,15
2021-22,10,Venezia,8,2,2,5,7.0,15.0,-8.0,16
2021-22,10,Spezia,7,2,1,6,11.0,22.0,-11.0,17
2021-22,10,Genoa,6,1,3,5,14.0,21.0,-7.0,18
2021-22,10,Cagliari,6,1,3,5,11.0,20.0,-9.0,19
2021-22,10,Salernitana,4,1,1,7,8.0,21.0,-13.0,20
2021-22,11,Napoli,28,9,1,0,22.0,3.0,19.0,1
2021-22,11,Milan,28,9,1,0,23.0,9.0,14.0,2
2021-22,11,Inter,21,6,3,1,26.0,12.0,14.0,3
2021-22,11,Roma,19,6,1,3,18.0,10.0,8.0,4
2021-22,11,Atalanta,18,5,3,2,18.0,12.0,6.0,5
2021-22,11,Lazio,17,5,2,3,20.0,17.0,3.0,6
2021-22,11,Juventus,15,4,3,3,14.0,13.0,1.0,7
2021-22,11,Fiorentina,15,5,0,5,13.0,13.0,0.0,8
2021-22,11,Sassuolo,14,4,2,4,14.0,13.0,1.0,9
2021-22,11,Verona,12,3,3,4,22.0,19.0,3.0,10
2021-22,11,Empoli,12,4,0,6,14.0,20.0,-6.0,11
2021-22,11,Bologna,12,3,3,4,15.0,22.0,-7.0,12
2021-22,11,Torino,11,3,2,5,12.0,11.0,1.0,13
2021-22,11,Udinese,11,2,5,3,12.0,14.0,-2.0,14
2021-22,11,Sampdoria,9,2,3,5,14.0,20.0,-6.0,15
2021-22,11,Venezia,8,2,2,6,8.0,17.0,-9.0,16
2021-22,11,Spezia,8,2,2,6,12.0,23.0,-11.0,17
2021-22,11,Genoa,7,1,4,5,15.0,22.0,-7.0,18
2021-22,11,Salernitana,7,2,1,7,10.0,22.0,-12.0,19
2021-22,11,Cagliari,6,1,3,6,12.0,22.0,-10.0,20
2021-22,12,Napoli,31,10,1,0,23.0,3.0,20.0,1
2021-22,12,Milan,31,10,1,0,25.0,10.0,15.0,2
2021-22,12,Inter,24,7,3,1,28.0,12.0,16.0,3
2021-22,12,Roma,19,6,1,4,19.0,12.0,7.0,4
2021-22,12,Atalanta,19,5,4,2,20.0,14.0,6.0,5
2021-22,12,Lazio,18,5,3,3,22.0,19.0,3.0,6
2021-22,12,Fiorentina,18,6,0,5,16.0,13.0,3.0,7
2021-22,12,Verona,15,4,3,4,24.0,20.0,4.0,8
2021-22,12,Juventus,15,4,3,4,15.0,15.0,0.0,9
2021-22,12,Bologna,15,4,3,4,17.0,22.0,-5.0,10
2021-22,12,Empoli,15,5,0,6,16.0,21.0,-5.0,11
2021-22,12,Torino,14,4,2,5,15.0,11.0,4.0,12
2021-22,12,Sassuolo,14,4,2,5,15.0,15.0,0.0,13
2021-22,12,Udinese,11,2,5,4,12.0,16.0,-4.0,14
2021-22,12,Sampdoria,9,2,3,6,14.0,23.0,-9.0,15
2021-22,12,Venezia,9,2,3,6,8.0,17.0,-9.0,16
2021-22,12,Genoa,8,1,5,5,15.0,22.0,-7.0,17
2021-22,12,Spezia,8,2,2,7,12.0,26.0,-14.0,18
2021-22,12,Salernitana,7,2,1,8,10.0,23.0,-13.0,19
2021-22,12,Cagliari,6,1,3,7,12.0,24.0,-12.0,20
2021-22,13,Napoli,32,10,2,0,24.0,4.0,20.0,1
2021-22,13,Milan,32,10,2,0,26.0,11.0,15.0,2
2021-22,13,Inter,25,7,4,1,29.0,13.0,16.0,3
2021-22,13,Atalanta,22,6,4,2,22.0,15.0,7.0,4
2021-22,13,Lazio,21,6,3,3,25.0,19.0,6.0,5
2021-22,13,Roma,19,6,1,5,21.0,15.0,6.0,6
2021-22,13,Fiorentina,18,6,0,6,16.0,14.0,2.0,7
2021-22,13,Juventus,18,5,3,4,16.0,15.0,1.0,8
2021-22,13,Bologna,18,5,3,4,19.0,23.0,-4.0,9
2021-22,13,Verona,16,4,4,4,25.0,21.0,4.0,10
2021-22,13,Empoli,16,5,1,6,18.0,23.0,-5.0,11
2021-22,13,Torino,14,4,2,6,15.0,12.0,3.0,12
2021-22,13,Sassuolo,14,4,2,6,17.0,18.0,-1.0,13
2021-22,13,Udinese,14,3,5,4,15.0,18.0,-3.0,14
2021-22,13,Venezia,12,3,3,6,11.0,19.0,-8.0,15
2021-22,13,Spezia,11,3,2,7,13.0,26.0,-13.0,16
2021-22,13,Genoa,9,1,6,5,17.0,24.0,-7.0,17
2021-22,13,Sampdoria,9,2,3,7,15.0,25.0,-10.0,18
2021-22,13,Salernitana,7,2,1,9,10.0,26.0,-16.0,19
2021-22,13,Cagliari,6,1,3,8,13.0,26.0,-13.0,20
2021-22,14,Napoli,32,10,2,1,26.0,7.0,19.0,1
2021-22,14,Milan,32,10,2,1,29.0,15.0,14.0,2
2021-22,14,Inter,28,8,4,1,32.0,15.0,17.0,3
2021-22,14,Atalanta,25,7,4,2,27.0,17.0,10.0,4
2021-22,14,Roma,22,7,1,5,23.0,15.0,8.0,5
2021-22,14,Lazio,21,6,3,4,25.0,21.0,4.0,6
2021-22,14,Fiorentina,21,7,0,6,20.0,17.0,3.0,7
2021-22,14,Juventus,21,6,3,4,18.0,15.0,3.0,8
2021-22,14,Verona,19,5,4,4,27.0,22.0,5.0,9
2021-22,14,Bologna,18,5,3,5,19.0,24.0,-5.0,10
2021-22,14,Torino,17,5,2,6,17.0,13.0,4.0,11
2021-22,14,Empoli,16,5,1,7,19.0,25.0,-6.0,12
2021-22,14,Sassuolo,15,4,3,6,19.0,20.0,-1.0,13
2021-22,14,Venezia,15,4,3,6,12.0,19.0,-7.0,14
2021-22,14,Udinese,14,3,5,5,16.0,20.0,-4.0,15
2021-22,14,Sampdoria,12,3,3,7,17.0,25.0,-8.0,16
2021-22,14,Spezia,11,3,2,8,15.0,31.0,-16.0,17
2021-22,14,Genoa,9,1,6,6,17.0,26.0,-9.0,18
2021-22,14,Cagliari,7,1,4,8,15.0,28.0,-13.0,19
2021-22,14,Salernitana,7,2,1,10,10.0,28.0,-18.0,20
2021-22,15,Napoli,35,11,2,1,30.0,7.0,23.0,1
2021-22,15,Milan,32,10,2,2,30.0,18.0,12.0,2
2021-22,15,Inter,31,9,4,1,34.0,15.0,19.0,3
2021-22,15,Atalanta,28,8,4,2,28.0,17.0,11.0,4
2021-22,15,Roma,25,8,1,5,24.0,15.0,9.0,5
2021-22,15,Fiorentina,21,7,0,7,21.0,19.0,2.0,6
2021-22,15,Juventus,21,6,3,5,18.0,16.0,2.0,7
2021-22,15,Lazio,21,6,3,5,25.0,25.0,0.0,8
2021-22,15,Bologna,21,6,3,5,20.0,24.0,-4.0,9
2021-22,15,Verona,19,5,4,5,28.0,25.0,3.0,10
2021-22,15,Empoli,19,6,1,7,21.0,26.0,-5.0,11
2021-22,15,Sassuolo,18,5,3,6,22.0,21.0,1.0,12
2021-22,15,Torino,17,5,2,7,17.0,14.0,3.0,13
2021-22,15,Udinese,15,3,6,5,16.0,20.0,-4.0,14
2021-22,15,Sampdoria,15,4,3,7,20.0,26.0,-6.0,15
2021-22,15,Venezia,15,4,3,7,12.0,21.0,-9.0,16
2021-22,15,Spezia,11,3,2,9,15.0,32.0,-17.0,17
2021-22,15,Genoa,10,1,7,6,17.0,26.0,-9.0,18
2021-22,15,Cagliari,8,1,5,8,16.0,29.0,-13.0,19
2021-22,15,Salernitana,8,2,2,10,11.0,29.0,-18.0,20
2021-22,16,Napoli,36,11,3,1,32.0,9.0,23.0,1
2021-22,16,Milan,35,11,2,2,33.0,18.0,15.0,2
2021-22,16,Inter,34,10,4,1,36.0,15.0,21.0,3
2021-22,16,Atalanta,31,9,4,2,32.0,17.0,15.0,4
2021-22,16,Roma,25,8,1,6,24.0,16.0,8.0,5
2021-22,16,Fiorentina,24,8,0,7,24.0,20.0,4.0,6
2021-22,16,Juventus,24,7,3,5,20.0,16.0,4.0,7
2021-22,16,Bologna,24,7,3,5,21.0,24.0,-3.0,8
2021-22,16,Lazio,22,6,4,5,29.0,29.0,0.0,9
2021-22,16,Verona,20,5,5,5,28.0,25.0,3.0,10
2021-22,16,Empoli,20,6,2,7,23.0,28.0,-5.0,11
2021-22,16,Sassuolo,19,5,4,6,24.0,23.0,1.0,12
2021-22,16,Torino,18,5,3,7,19.0,16.0,3.0,13
2021-22,16,Udinese,16,3,7,5,20.0,24.0,-4.0,14
2021-22,16,Sampdoria,15,4,3,8,21.0,29.0,-8.0,15
2021-22,16,Venezia,15,4,3,8,12.0,25.0,-13.0,16
2021-22,16,Spezia,11,3,2,10,15.0,34.0,-19.0,17
2021-22,16,Genoa,10,1,7,7,17.0,29.0,-12.0,18
2021-22,16,Cagliari,9,1,6,8,16.0,29.0,-13.0,19
2021-22,16,Salernitana,8,2,2,11,11.0,31.0,-20.0,20
2021-22,17,Milan,38,12,2,2,35.0,18.0,17.0,1
2021-22,17,Inter,37,11,4,1,39.0,15.0,24.0,2
2021-22,17,Napoli,36,11,3,2,34.0,12.0,22.0,3
2021-22,17,Atalanta,34,10,4,2,35.0,19.0,16.0,4
2021-22,17,Juventus,27,8,3,5,22.0,16.0,6.0,5
2021-22,17,Fiorentina,27,9,0,7,27.0,22.0,5.0,6
2021-22,17,Roma,25,8,1,7,24.0,19.0,5.0,7
2021-22,17,Lazio,25,7,4,5,32.0,30.0,2.0,8
2021-22,17,Bologna,24,7,3,6,23.0,27.0,-4.0,9
2021-22,17,Verona,23,6,5,5,32.0,28.0,4.0,10
2021-22,17,Empoli,23,7,2,7,26.0,29.0,-3.0,11
2021-22,17,Sassuolo,20,5,5,6,26.0,25.0,1.0,12
2021-22,17,Torino,19,5,4,7,20.0,17.0,3.0,13
2021-22,17,Udinese,16,3,7,6,21.0,27.0,-6.0,14
2021-22,17,Sampdoria,15,4,3,9,22.0,32.0,-10.0,15
2021-22,17,Venezia,15,4,3,9,15.0,29.0,-14.0,16
2021-22,17,Spezia,12,3,3,10,17.0,36.0,-19.0,17
2021-22,17,Cagliari,10,1,7,8,17.0,30.0,-13.0,18
2021-22,17,Genoa,10,1,7,8,17.0,31.0,-14.0,19
2021-22,17,Salernitana,8,2,2,12,11.0,33.0,-22.0,20
2021-22,18,Inter,40,12,4,1,43.0,15.0,28.0,1
2021-22,18,Milan,39,12,3,2,36.0,19.0,17.0,2
2021-22,18,Atalanta,37,11,4,2,37.0,20.0,17.0,3
2021-22,18,Napoli,36,11,3,3,34.0,13.0,21.0,4
2021-22,18,Fiorentina,30,10,0,7,31.0,22.0,9.0,5
2021-22,18,Roma,28,9,1,7,26.0,19.0,7.0,6
2021-22,18,Juventus,28,8,4,5,23.0,17.0,6.0,7
2021-22,18,Empoli,26,8,2,7,27.0,29.0,-2.0,8
2021-22,18,Lazio,25,7,4,6,33.0,32.0,1.0,9
2021-22,18,Bologna,24,7,3,7,24.0,29.0,-5.0,10
2021-22,18,Verona,23,6,5,6,33.0,30.0,3.0,11
2021-22,18,Sassuolo,23,6,5,6,28.0,26.0,2.0,12
2021-22,18,Torino,22,6,4,7,22.0,18.0,4.0,13
2021-22,18,Sampdoria,18,5,3,9,25.0,33.0,-8.0,14
2021-22,18,Udinese,17,3,8,6,22.0,28.0,-6.0,15
2021-22,18,Venezia,16,4,4,9,16.0,30.0,-14.0,16
2021-22,18,Spezia,12,3,3,11,17.0,38.0,-21.0,17
2021-22,18,Genoa,10,1,7,9,18.0,34.0,-16.0,18
2021-22,18,Cagliari,10,1,7,9,17.0,34.0,-17.0,19
2021-22,18,Salernitana,8,2,2,13,11.0,37.0,-26.0,20
2021-22,19,Inter,43,13,4,1,48.0,15.0,33.0,1
2021-22,19,Napoli,39,12,3,3,35.0,13.0,22.0,2
2021-22,19,Milan,39,12,3,3,36.0,20.0,16.0,3
2021-22,19,Atalanta,37,11,4,3,38.0,24.0,14.0,4
2021-22,19,Roma,31,10,1,7,30.0,20.0,10.0,5
2021-22,19,Fiorentina,31,10,1,7,33.0,24.0,9.0,6
2021-22,19,Juventus,31,9,4,5,25.0,17.0,8.0,7
2021-22,19,Lazio,28,8,4,6,36.0,33.0,3.0,8
2021-22,19,Empoli,27,8,3,7,28.0,30.0,-2.0,9
2021-22,19,Torino,25,7,4,7,23.0,18.0,5.0,10
2021-22,19,Sassuolo,24,6,6,6,30.0,28.0,2.0,11
2021-22,19,Bologna,24,7,3,8,24.0,31.0,-7.0,12
2021-22,19,Verona,23,6,5,7,33.0,31.0,2.0,13
2021-22,19,Udinese,20,4,8,6,26.0,28.0,-2.0,14
2021-22,19,Sampdoria,19,5,4,9,26.0,34.0,-8.0,15
2021-22,19,Venezia,17,4,5,9,17.0,31.0,-14.0,16
2021-22,19,Spezia,13,3,4,11,18.0,39.0,-21.0,17
2021-22,19,Genoa,10,1,7,10,19.0,37.0,-18.0,18
2021-22,19,Cagliari,10,1,7,10,17.0,38.0,-21.0,19
2021-22,19,Salernitana,8,2,2,14,11.0,42.0,-31.0,20
2021-22,20,Inter,46,14,4,1,49.0,15.0,34.0,1
2021-22,20,Milan,42,13,3,3,40.0,22.0,18.0,2
2021-22,20,Napoli,39,12,3,4,35.0,14.0,21.0,3
2021-22,20,Atalanta,38,11,5,3,38.0,24.0,14.0,4
2021-22,20,Juventus,34,10,4,5,27.0,17.0,10.0,5
2021-22,20,Roma,32,10,2,7,31.0,21.0,10.0,6
2021-22,20,Fiorentina,32,10,2,7,34.0,25.0,9.0,7
2021-22,20,Lazio,31,9,4,6,39.0,34.0,5.0,8
2021-22,20,Empoli,27,8,3,8,30.0,34.0,-4.0,9
2021-22,20,Bologna,27,8,3,8,27.0,31.0,-4.0,10
2021-22,20,Torino,25,7,4,8,23.0,19.0,4.0,11
2021-22,20,Verona,24,6,6,7,34.0,32.0,2.0,12
2021-22,20,Sassuolo,24,6,6,7,30.0,31.0,-1.0,13
2021-22,20,Udinese,20,4,8,7,26.0,29.0,-3.0,14
2021-22,20,Sampdoria,20,5,5,9,27.0,35.0,-8.0,15
2021-22,20,Venezia,17,4,5,10,18.0,34.0,-16.0,16
2021-22,20,Spezia,16,4,4,11,19.0,39.0,-20.0,17
2021-22,20,Genoa,11,1,8,10,19.0,37.0,-18.0,18
2021-22,20,Salernitana,11,3,2,14,12.0,42.0,-30.0,19
2021-22,20,Cagliari,10,1,7,11,17.0,40.0,-23.0,20
2021-22,21,Inter,46,14,4,2,50.0,17.0,33.0,1
2021-22,21,Milan,45,14,3,3,43.0,23.0,20.0,2
2021-22,21,Napoli,40,12,4,4,36.0,15.0,21.0,3
2021-22,21,Atalanta,39,11,6,3,42.0,28.0,14.0,4
2021-22,21,Juventus,35,10,5,5,28.0,18.0,10.0,5
2021-22,21,Roma,32,10,2,8,32.0,24.0,8.0,6
2021-22,21,Lazio,32,9,5,6,42.0,37.0,5.0,7
2021-22,21,Fiorentina,32,10,2,8,34.0,29.0,5.0,8
2021-22,21,Bologna,30,9,3,8,29.0,32.0,-3.0,9
2021-22,21,Empoli,28,8,4,8,33.0,37.0,-4.0,10
2021-22,21,Verona,27,7,6,7,36.0,33.0,3.0,11
2021-22,21,Torino,26,7,5,8,27.0,23.0,4.0,12
2021-22,21,Sassuolo,25,6,7,7,31.0,32.0,-1.0,13
2021-22,21,Udinese,23,5,8,7,30.0,29.0,1.0,14
2021-22,21,Sampdoria,20,5,5,10,28.0,37.0,-9.0,15
2021-22,21,Venezia,17,4,5,11,19.0,36.0,-17.0,16
2021-22,21,Spezia,16,4,4,12,20.0,41.0,-21.0,17
2021-22,21,Salernitana,14,4,2,14,14.0,43.0,-29.0,18
2021-22,21,Cagliari,13,2,7,11,19.0,41.0,-22.0,19
2021-22,21,Genoa,12,1,9,10,20.0,38.0,-18.0,20
2021-22,22,Inter,49,15,4,2,52.0,18.0,34.0,1
2021-22,22,Milan,48,15,3,3,46.0,23.0,23.0,2
2021-22,22,Napoli,43,13,4,4,37.0,15.0,22.0,3
2021-22,22,Atalanta,42,12,6,3,48.0,30.0,18.0,4
2021-22,22,Juventus,38,11,5,5,32.0,21.0,11.0,5
2021-22,22,Roma,32,10,2,9,35.0,28.0,7.0,6
2021-22,22,Lazio,32,9,5,7,43.0,39.0,4.0,7
2021-22,22,Fiorentina,32,10,2,9,34.0,33.0,1.0,8
2021-22,22,Bologna,30,9,3,9,30.0,34.0,-4.0,9
2021-22,22,Torino,29,8,5,8,31.0,23.0,8.0,10
2021-22,22,Sassuolo,28,7,7,7,36.0,33.0,3.0,11
2021-22,22,Empoli,28,8,4,9,34.0,42.0,-8.0,12
2021-22,22,Verona,27,7,6,8,37.0,35.0,2.0,13
2021-22,22,Udinese,23,5,8,8,32.0,35.0,-3.0,14
2021-22,22,Sampdoria,20,5,5,11,28.0,38.0,-10.0,15
2021-22,22,Spezia,19,5,4,12,21.0,41.0,-20.0,16
2021-22,22,Venezia,17,4,5,12,19.0,39.0,-20.0,17
2021-22,22,Salernitana,17,5,2,14,16.0,44.0,-28.0,18
2021-22,22,Cagliari,16,3,7,11,21.0,42.0,-21.0,19
2021-22,22,Genoa,12,1,9,11,20.0,39.0,-19.0,20
2021-22,23,Inter,50,15,5,2,52.0,18.0,34.0,1
2021-22,23,Milan,48,15,3,4,47.0,25.0,22.0,2
2021-22,23,Napoli,46,14,4,4,39.0,15.0,24.0,3
2021-22,23,Atalanta,43,12,7,3,48.0,30.0,18.0,4
2021-22,23,Juventus,41,12,5,5,34.0,21.0,13.0,5
2021-22,23,Roma,35,11,2,9,36.0,28.0,8.0,6
2021-22,23,Lazio,35,10,5,7,46.0,39.0,7.0,7
2021-22,23,Fiorentina,35,11,2,9,40.0,33.0,7.0,8
2021-22,23,Torino,32,9,5,8,33.0,24.0,9.0,9
2021-22,23,Verona,30,8,6,8,41.0,37.0,4.0,10
2021-22,23,Bologna,30,9,3,10,30.0,36.0,-6.0,11
2021-22,23,Empoli,29,8,5,9,35.0,43.0,-8.0,12
2021-22,23,Sassuolo,28,7,7,8,38.0,37.0,1.0,13
2021-22,23,Udinese,23,5,8,9,32.0,37.0,-5.0,14
2021-22,23,Spezia,22,6,4,12,23.0,42.0,-19.0,15
2021-22,23,Sampdoria,20,5,5,12,29.0,40.0,-11.0,16
2021-22,23,Venezia,18,4,6,12,20.0,40.0,-20.0,17
2021-22,23,Salernitana,17,5,2,15,16.0,47.0,-31.0,18
2021-22,23,Cagliari,16,3,7,12,21.0,43.0,-22.0,19
2021-22,23,Genoa,12,1,9,12,20.0,45.0,-25.0,20
2021-22,24,Inter,53,16,5,2,54.0,19.0,35.0,1
2021-22,24,Napoli,49,15,4,4,43.0,16.0,27.0,2
2021-22,24,Milan,49,15,4,4,47.0,25.0,22.0,3
2021-22,24,Atalanta,44,12,8,3,48.0,30.0,18.0,4
2021-22,24,Juventus,42,12,6,5,34.0,21.0,13.0,5
2021-22,24,Roma,38,12,2,9,40.0,30.0,10.0,6
2021-22,24,Lazio,36,10,6,7,46.0,39.0,7.0,7
2021-22,24,Fiorentina,36,11,3,9,41.0,34.0,7.0,8
2021-22,24,Torino,33,9,6,8,34.0,25.0,9.0,9
2021-22,24,Verona,33,9,6,8,43.0,38.0,5.0,10
2021-22,24,Bologna,30,9,3,11,31.0,38.0,-7.0,11
2021-22,24,Sassuolo,29,7,8,8,39.0,38.0,1.0,12
2021-22,24,Empoli,29,8,5,10,37.0,47.0,-10.0,13
2021-22,24,Spezia,25,7,4,12,24.0,42.0,-18.0,14
2021-22,24,Udinese,24,5,9,9,32.0,37.0,-5.0,15
2021-22,24,Sampdoria,20,5,5,13,29.0,41.0,-12.0,16
2021-22,24,Venezia,18,4,6,13,21.0,42.0,-21.0,17
2021-22,24,Cagliari,17,3,8,12,22.0,44.0,-22.0,18
2021-22,24,Salernitana,17,5,2,16,17.0,51.0,-34.0,19
2021-22,24,Genoa,13,1,10,12,20.0,45.0,-25.0,20
2021-22,25,Inter,53,16,5,3,55.0,21.0,34.0,1
2021-22,25,Napoli,52,16,4,4,45.0,16.0,29.0,2
2021-22,25,Milan,52,16,4,4,49.0,26.0,23.0,3
2021-22,25,Juventus,45,13,6,5,36.0,21.0,15.0,4
2021-22,25,Atalanta,44,12,8,4,49.0,32.0,17.0,5
2021-22,25,Lazio,39,11,6,7,49.0,39.0,10.0,6
2021-22,25,Roma,39,12,3,9,40.0,30.0,10.0,7
2021-22,25,Fiorentina,36,11,3,10,41.0,37.0,4.0,8
2021-22,25,Torino,33,9,6,9,34.0,27.0,7.0,9
2021-22,25,Verona,33,9,6,9,43.0,40.0,3.0,10
2021-22,25,Bologna,31,9,4,11,31.0,38.0,-7.0,11
2021-22,25,Empoli,30,8,6,10,37.0,47.0,-10.0,12
2021-22,25,Sassuolo,29,7,8,9,39.0,42.0,-3.0,13
2021-22,25,Udinese,27,6,9,9,34.0,37.0,-3.0,14
2021-22,25,Spezia,26,7,5,12,26.0,44.0,-18.0,15
2021-22,25,Sampdoria,23,6,5,13,33.0,41.0,-8.0,16
2021-22,25,Cagliari,20,4,8,12,24.0,45.0,-21.0,17
2021-22,25,Venezia,18,4,6,14,21.0,44.0,-23.0,18
2021-22,25,Salernitana,18,5,3,16,19.0,53.0,-34.0,19
2021-22,25,Genoa,14,1,11,12,20.0,45.0,-25.0,20
2021-22,26,Milan,55,17,4,4,50.0,26.0,24.0,1
2021-22,26,Inter,54,16,6,3,56.0,22.0,34.0,2
2021-22,26,Napoli,53,16,5,4,46.0,17.0,29.0,3
2021-22,26,Juventus,46,13,7,5,37.0,22.0,15.0,4
2021-22,26,Atalanta,45,12,9,4,50.0,33.0,17.0,5
2021-22,26,Lazio,42,12,6,7,52.0,39.0,13.0,6
2021-22,26,Roma,40,12,4,9,42.0,32.0,10.0,7
2021-22,26,Fiorentina,39,12,3,10,43.0,38.0,5.0,8
2021-22,26,Verona,36,10,6,9,47.0,40.0,7.0,9
2021-22,26,Torino,33,9,6,10,35.0,29.0,6.0,10
2021-22,26,Empoli,31,8,7,10,38.0,48.0,-10.0,11
2021-22,26,Bologna,31,9,4,12,31.0,41.0,-10.0,12
2021-22,26,Sassuolo,30,7,9,9,41.0,44.0,-3.0,13
2021-22,26,Udinese,27,6,9,10,34.0,41.0,-7.0,14
2021-22,26,Spezia,26,7,5,13,27.0,46.0,-19.0,15
2021-22,26,Sampdoria,23,6,5,14,33.0,42.0,-9.0,16
2021-22,26,Cagliari,21,4,9,12,25.0,46.0,-21.0,17
2021-22,26,Venezia,21,5,6,14,23.0,45.0,-22.0,18
2021-22,26,Salernitana,19,5,4,16,20.0,54.0,-34.0,19
2021-22,26,Genoa,15,1,12,12,21.0,46.0,-25.0,20
2021-22,27,Milan,56,17,5,4,52.0,28.0,24.0,1
2021-22,27,Inter,54,16,6,4,56.0,24.0,32.0,2
2021-22,27,Napoli,54,16,6,4,47.0,18.0,29.0,3
2021-22,27,Juventus,47,13,8,5,38.0,23.0,15.0,4
2021-22,27,Atalanta,45,12,9,5,50.0,34.0,16.0,5
2021-22,27,Lazio,43,12,7,7,53.0,40.0,13.0,6
2021-22,27,Fiorentina,42,13,3,10,44.0,38.0,6.0,7
2021-22,27,Roma,41,12,5,9,44.0,34.0,10.0,8
2021-22,27,Verona,37,10,7,9,49.0,42.0,7.0,9
2021-22,27,Torino,34,9,7,10,36.0,30.0,6.0,10
2021-22,27,Bologna,34,10,4,12,33.0,42.0,-9.0,11
2021-22,27,Sassuolo,33,8,9,9,43.0,44.0,-1.0,12
2021-22,27,Empoli,31,8,7,11,38.0,50.0,-12.0,13
2021-22,27,Udinese,28,6,10,10,35.0,42.0,-7.0,14
2021-22,27,Sampdoria,26,7,5,14,35.0,42.0,-7.0,15
2021-22,27,Spezia,26,7,5,14,28.0,48.0,-20.0,16
2021-22,27,Cagliari,22,4,10,12,26.0,47.0,-21.0,17
2021-22,27,Venezia,22,5,7,14,24.0,46.0,-22.0,18
2021-22,27,Salernitana,20,5,5,16,22.0,56.0,-34.0,19
2021-22,27,Genoa,16,1,13,12,22.0,47.0,-25.0,20
2021-22,28,Napoli,57,17,6,4,49.0,19.0,30.0,1
2021-22,28,Milan,57,17,6,4,53.0,29.0,24.0,2
2021-22,28,Inter,55,16,7,4,56.0,24.0,32.0,3
2021-22,28,Juventus,50,14,8,5,41.0,25.0,16.0,4
2021-22,28,Atalanta,48,13,9,5,54.0,34.0,20.0,5
2021-22,28,Roma,44,13,5,9,45.0,34.0,11.0,6
2021-22,28,Lazio,43,12,7,8,54.0,42.0,12.0,7
2021-22,28,Fiorentina,42,13,3,11,45.0,40.0,5.0,8
2021-22,28,Verona,40,11,7,9,52.0,43.0,9.0,9
2021-22,28,Sassuolo,36,9,9,9,45.0,45.0,0.0,10
2021-22,28,Bologna,35,10,5,12,34.0,43.0,-9.0,11
2021-22,28,Torino,34,9,7,11,37.0,32.0,5.0,12
2021-22,28,Empoli,31,8,7,12,40.0,53.0,-13.0,13
2021-22,28,Udinese,29,6,11,10,36.0,43.0,-7.0,14
2021-22,28,Sampdoria,26,7,5,15,35.0,46.0,-11.0,15
2021-22,28,Spezia,26,7,5,15,28.0,49.0,-21.0,16
2021-22,28,Cagliari,25,5,10,12,28.0,48.0,-20.0,17
2021-22,28,Venezia,22,5,7,15,25.0,49.0,-24.0,18
2021-22,28,Salernitana,21,5,6,16,23.0,57.0,-34.0,19
2021-22,28,Genoa,17,1,14,12,22.0,47.0,-25.0,20
2021-22,29,Milan,60,18,6,4,54.0,29.0,25.0,1
2021-22,29,Inter,58,17,7,4,61.0,24.0,37.0,2
2021-22,29,Napoli,57,17,6,5,49.0,20.0,29.0,3
2021-22,29,Juventus,53,15,8,5,42.0,25.0,17.0,4
2021-22,29,Atalanta,48,13,9,6,54.0,35.0,19.0,5
2021-22,29,Roma,47,14,5,9,46.0,34.0,12.0,6
2021-22,29,Lazio,46,13,7,8,57.0,42.0,15.0,7
2021-22,29,Fiorentina,43,13,4,11,46.0,41.0,5.0,8
2021-22,29,Verona,41,11,8,9,53.0,44.0,9.0,9
2021-22,29,Sassuolo,39,10,9,9,49.0,46.0,3.0,10
2021-22,29,Bologna,36,10,6,12,34.0,43.0,-9.0,11
2021-22,29,Torino,35,9,8,11,37.0,32.0,5.0,12
2021-22,29,Udinese,32,7,11,10,38.0,44.0,-6.0,13
2021-22,29,Empoli,32,8,8,12,40.0,53.0,-13.0,14
2021-22,29,Sampdoria,26,7,5,16,36.0,48.0,-12.0,15
2021-22,29,Spezia,26,7,5,16,28.0,50.0,-22.0,16
2021-22,29,Cagliari,25,5,10,13,28.0,51.0,-23.0,17
2021-22,29,Venezia,22,5,7,16,26.0,53.0,-27.0,18
2021-22,29,Salernitana,21,5,6,17,23.0,62.0,-39.0,19
2021-22,29,Genoa,18,1,15,12,22.0,47.0,-25.0,20
2021-22,30,Milan,63,19,6,4,55.0,29.0,26.0,1
2021-22,30,Napoli,60,18,6,5,51.0,21.0,30.0,2
2021-22,30,Inter,59,17,8,4,62.0,25.0,37.0,3
2021-22,30,Juventus,56,16,8,5,45.0,26.0,19.0,4
2021-22,30,Atalanta,49,13,10,6,54.0,35.0,19.0,5
2021-22,30,Lazio,49,14,7,8,58.0,42.0,16.0,6
2021-22,30,Roma,48,14,6,9,47.0,35.0,12.0,7
2021-22,30,Fiorentina,46,14,4,11,47.0,41.0,6.0,8
2021-22,30,Verona,41,11,8,10,54.0,46.0,8.0,9
2021-22,30,Sassuolo,40,10,10,9,51.0,48.0,3.0,10
2021-22,30,Torino,36,9,9,11,38.0,33.0,5.0,11
2021-22,30,Bologna,36,10,6,13,34.0,44.0,-10.0,12
2021-22,30,Udinese,33,7,12,10,39.0,45.0,-6.0,13
2021-22,30,Empoli,32,8,8,13,40.0,54.0,-14.0,14
2021-22,30,Spezia,29,8,5,16,30.0,50.0,-20.0,15
2021-22,30,Sampdoria,26,7,5,17,37.0,51.0,-14.0,16
2021-22,30,Cagliari,25,5,10,14,28.0,53.0,-25.0,17
2021-22,30,Venezia,22,5,7,17,26.0,54.0,-28.0,18
2021-22,30,Salernitana,22,5,7,17,25.0,64.0,-39.0,19
2021-22,30,Genoa,19,1,16,12,22.0,47.0,-25.0,20
2021-22,31,Milan,66,20,6,4,56.0,29.0,27.0,1
2021-22,31,Napoli,63,19,6,5,53.0,22.0,31.0,2
2021-22,31,Inter,60,17,9,4,63.0,26.0,37.0,3
2021-22,31,Juventus,59,17,8,5,47.0,26.0,21.0,4
2021-22,31,Atalanta,52,14,10,6,55.0,35.0,20.0,5
2021-22,31,Roma,51,15,6,9,50.0,35.0,15.0,6
2021-22,31,Lazio,49,14,7,9,58.0,45.0,13.0,7
2021-22,31,Fiorentina,47,14,5,11,48.0,42.0,6.0,8
2021-22,31,Sassuolo,43,11,10,9,55.0,49.0,6.0,9
2021-22,31,Verona,42,11,9,10,55.0,47.0,8.0,10
2021-22,31,Torino,36,9,9,12,38.0,34.0,4.0,11
2021-22,31,Bologna,36,10,6,14,34.0,45.0,-11.0,12
2021-22,31,Udinese,33,7,12,11,40.0,47.0,-7.0,13
2021-22,31,Empoli,33,8,9,13,41.0,55.0,-14.0,14
2021-22,31,Sampdoria,29,8,5,17,39.0,51.0,-12.0,15
2021-22,31,Spezia,29,8,5,17,31.0,54.0,-23.0,16
2021-22,31,Cagliari,25,5,10,15,28.0,54.0,-26.0,17
2021-22,31,Genoa,22,2,16,12,23.0,47.0,-24.0,18
2021-22,31,Venezia,22,5,7,18,26.0,56.0,-30.0,19
2021-22,31,Salernitana,22,5,7,18,25.0,66.0,-41.0,20
2021-22,32,Milan,67,20,7,4,56.0,29.0,27.0,1
2021-22,32,Napoli,66,20,6,5,56.0,23.0,33.0,2
2021-22,32,Inter,63,18,9,4,64.0,26.0,38.0,3
2021-22,32,Juventus,59,17,8,6,47.0,27.0,20.0,4
2021-22,32,Roma,54,16,6,9,51.0,35.0,16.0,5
2021-22,32,Atalanta,52,14,10,7,56.0,38.0,18.0,6
2021-22,32,Lazio,52,15,7,9,60.0,46.0,14.0,7
2021-22,32,Fiorentina,50,15,5,11,49.0,42.0,7.0,8
2021-22,32,Verona,45,12,9,10,56.0,47.0,9.0,9
2021-22,32,Sassuolo,43,11,10,10,56.0,51.0,5.0,10
2021-22,32,Torino,39,10,9,12,39.0,34.0,5.0,11
2021-22,32,Bologna,37,10,7,14,34.0,45.0,-11.0,12
2021-22,32,Udinese,36,8,12,11,45.0,48.0,-3.0,13
2021-22,32,Empoli,33,8,9,14,41.0,56.0,-15.0,14
2021-22,32,Spezia,32,9,5,17,32.0,54.0,-22.0,15
2021-22,32,Sampdoria,29,8,5,18,39.0,52.0,-13.0,16
2021-22,32,Cagliari,25,5,10,16,29.0,59.0,-30.0,17
2021-22,32,Genoa,22,2,16,13,23.0,48.0,-25.0,18
2021-22,32,Venezia,22,5,7,19,26.0,57.0,-31.0,19
2021-22,32,Salernitana,22,5,7,19,25.0,67.0,-42.0,20
2021-22,33,Milan,68,20,8,4,56.0,29.0,27.0,1
2021-22,33,Inter,66,19,9,4,66.0,26.0,40.0,2
2021-22,33,Napoli,66,20,6,6,58.0,26.0,32.0,3
2021-22,33,Juventus,62,18,8,6,49.0,28.0,21.0,4
2021-22,33,Roma,57,17,6,9,53.0,36.0,17.0,5
2021-22,33,Lazio,55,16,7,9,64.0,47.0,17.0,6
2021-22,33,Fiorentina,53,16,5,11,52.0,44.0,8.0,7
2021-22,33,Atalanta,52,14,10,8,57.0,40.0,17.0,8
2021-22,33,Sassuolo,46,12,10,10,58.0,52.0,6.0,9
2021-22,33,Verona,45,12,9,11,56.0,49.0,7.0,10
2021-22,33,Torino,40,10,10,12,39.0,34.0,5.0,11
2021-22,33,Bologna,40,11,7,14,36.0,45.0,-9.0,12
2021-22,33,Udinese,39,9,12,11,47.0,49.0,-2.0,13
2021-22,33,Empoli,34,8,10,14,41.0,56.0,-15.0,14
2021-22,33,Spezia,33,9,6,17,32.0,54.0,-22.0,15
2021-22,33,Sampdoria,29,8,5,19,39.0,54.0,-15.0,16
2021-22,33,Cagliari,25,5,10,17,30.0,61.0,-31.0,17
2021-22,33,Genoa,22,2,16,14,24.0,52.0,-28.0,18
2021-22,33,Venezia,22,5,7,20,27.0,59.0,-32.0,19
2021-22,33,Salernitana,22,5,7,20,26.0,69.0,-43.0,20
2021-22,34,Milan,71,21,8,4,58.0,29.0,29.0,1
2021-22,34,Inter,69,20,9,4,69.0,27.0,42.0,2
2021-22,34,Napoli,67,20,7,6,59.0,27.0,32.0,3
2021-22,34,Juventus,63,18,9,6,50.0,29.0,21.0,4
2021-22,34,Roma,58,17,7,9,54.0,37.0,17.0,5
2021-22,34,Lazio,56,16,8,9,65.0,48.0,17.0,6
2021-22,34,Fiorentina,56,17,5,11,53.0,44.0,9.0,7
2021-22,34,Atalanta,52,14,10,9,58.0,42.0,16.0,8
2021-22,34,Verona,48,13,9,11,58.0,50.0,8.0,9
2021-22,34,Sassuolo,46,12,10,11,58.0,53.0,5.0,10
2021-22,34,Udinese,42,10,12,11,51.0,50.0,1.0,11
2021-22,34,Torino,41,10,11,12,40.0,35.0,5.0,12
2021-22,34,Bologna,41,11,8,14,37.0,46.0,-9.0,13
2021-22,34,Empoli,34,8,10,15,42.0,60.0,-18.0,14
2021-22,34,Spezia,33,9,6,18,33.0,57.0,-24.0,15
2021-22,34,Sampdoria,29,8,5,20,40.0,56.0,-16.0,16
2021-22,34,Cagliari,28,6,10,17,31.0,61.0,-30.0,17
2021-22,34,Salernitana,25,6,7,20,28.0,70.0,-42.0,18
2021-22,34,Genoa,22,2,16,15,24.0,54.0,-30.0,19
2021-22,34,Venezia,22,5,7,21,27.0,60.0,-33.0,20
2021-22,35,Milan,74,22,8,4,60.0,30.0,30.0,1
2021-22,35,Inter,72,21,9,4,72.0,28.0,44.0,2
2021-22,35,Napoli,67,20,7,7,61.0,30.0,31.0,3
2021-22,35,Juventus,66,19,9,6,52.0,30.0,22.0,4
2021-22,35,Roma,58,17,7,10,55.0,40.0,15.0,5
2021-22,35,Lazio,56,16,8,10,66.0,50.0,16.0,6
2021-22,35,Fiorentina,56,17,5,12,54.0,46.0,8.0,7
2021-22,35,Atalanta,55,15,10,9,61.0,43.0,18.0,8
2021-22,35,Verona,49,13,10,11,59.0,51.0,8.0,9
2021-22,35,Sassuolo,46,12,10,12,59.0,55.0,4.0,10
2021-22,35,Torino,44,11,11,12,42.0,36.0,6.0,11
2021-22,35,Udinese,43,10,13,11,53.0,52.0,1.0,12
2021-22,35,Bologna,42,11,9,14,39.0,48.0,-9.0,13
2021-22,35,Empoli,37,9,10,15,45.0,62.0,-17.0,14
2021-22,35,Spezia,33,9,6,19,34.0,59.0,-25.0,15
2021-22,35,Sampdoria,30,8,6,20,41.0,57.0,-16.0,16
2021-22,35,Cagliari,28,6,10,18,31.0,62.0,-31.0,17
2021-22,35,Salernitana,28,7,7,20,30.0,71.0,-41.0,18
2021-22,35,Genoa,25,3,16,15,25.0,54.0,-29.0,19
2021-22,35,Venezia,22,5,7,22,28.0,63.0,-35.0,20
2021-22,36,Milan,77,23,8,4,61.0,30.0,31.0,1
2021-22,36,Inter,75,22,9,4,74.0,29.0,45.0,2
2021-22,36,Napoli,70,21,7,7,67.0,31.0,36.0,3
2021-22,36,Juventus,69,20,9,6,54.0,31.0,23.0,4
2021-22,36,Lazio,59,17,8,10,70.0,53.0,17.0,5
2021-22,36,Roma,59,17,8,10,55.0,40.0,15.0,6
2021-22,36,Atalanta,56,15,11,9,62.0,44.0,18.0,7
2021-22,36,Fiorentina,56,17,5,13,54.0,47.0,7.0,8
2021-22,36,Verona,52,14,10,11,61.0,52.0,9.0,9
2021-22,36,Torino,47,12,11,12,45.0,37.0,8.0,10
2021-22,36,Sassuolo,46,12,10,13,60.0,61.0,-1.0,11
2021-22,36,Udinese,43,10,13,12,54.0,54.0,0.0,12
2021-22,36,Bologna,43,11,10,14,39.0,48.0,-9.0,13
2021-22,36,Empoli,37,9,10,16,46.0,65.0,-19.0,14
2021-22,36,Sampdoria,33,9,6,20,42.0,57.0,-15.0,15
2021-22,36,Spezia,33,9,6,20,37.0,63.0,-26.0,16
2021-22,36,Salernitana,29,7,8,20,31.0,72.0,-41.0,17
2021-22,36,Cagliari,28,6,10,19,32.0,64.0,-32.0,18
2021-22,36,Genoa,25,3,16,16,25.0,55.0,-30.0,19
2021-22,36,Venezia,22,5,7,23,29.0,65.0,-36.0,20
2021-22,37,Milan,80,24,8,4,64.0,31.0,33.0,1
2021-22,37,Inter,78,23,9,4,78.0,31.0,47.0,2
2021-22,37,Napoli,73,22,7,7,68.0,31.0,37.0,3
2021-22,37,Juventus,69,20,9,7,55.0,33.0,22.0,4
2021-22,37,Lazio,62,18,8,10,72.0,53.0,19.0,5
2021-22,37,Atalanta,59,16,11,9,65.0,45.0,20.0,6
2021-22,37,Roma,59,17,8,11,55.0,42.0,13.0,7
2021-22,37,Fiorentina,59,18,5,13,56.0,47.0,9.0,8
2021-22,37,Verona,52,14,10,12,62.0,55.0,7.0,9
2021-22,37,Torino,47,12,11,13,45.0,38.0,7.0,10
2021-22,37,Sassuolo,47,12,11,13,61.0,62.0,-1.0,11
2021-22,37,Udinese,44,10,14,12,55.0,55.0,0.0,12
2021-22,37,Bologna,43,11,10,15,42.0,52.0,-10.0,13
2021-22,37,Empoli,37,9,10,17,48.0,69.0,-21.0,14
2021-22,37,Sampdoria,33,9,6,21,42.0,59.0,-17.0,15
2021-22,37,Spezia,33,9,6,21,38.0,66.0,-28.0,16
2021-22,37,Salernitana,30,7,9,20,32.0,73.0,-41.0,17
2021-22,37,Cagliari,29,6,11,19,33.0,65.0,-32.0,18
2021-22,37,Genoa,28,4,16,16,27.0,56.0,-29.0,19
2021-22,37,Venezia,25,6,7,23,33.0,68.0,-35.0,20
2021-22,38,Milan,83,25,8,4,66.0,31.0,35.0,1
2021-22,38,Inter,81,24,9,4,81.0,32.0,49.0,2
2021-22,38,Napoli,76,23,7,7,71.0,31.0,40.0,3
2021-22,38,Juventus,70,20,10,7,57.0,35.0,22.0,4
2021-22,38,Lazio,63,18,9,10,74.0,55.0,19.0,5
2021-22,38,Roma,60,17,9,11,56.0,43.0,13.0,6
2021-22,38,Atalanta,59,16,11,10,65.0,47.0,18.0,7
2021-22,38,Fiorentina,59,18,5,14,57.0,51.0,6.0,8
2021-22,38,Verona,52,14,10,13,62.0,56.0,6.0,9
2021-22,38,Torino,50,13,11,13,46.0,38.0,8.0,10
2021-22,38,Sassuolo,50,13,11,13,64.0,63.0,1.0,11
2021-22,38,Udinese,44,10,14,13,57.0,58.0,-1.0,12
2021-22,38,Bologna,43,11,10,16,43.0,55.0,-12.0,13
2021-22,38,Empoli,38,9,11,17,49.0,70.0,-21.0,14
2021-22,38,Sampdoria,36,10,6,21,46.0,60.0,-14.0,15
2021-22,38,Spezia,36,10,6,21,41.0,68.0,-27.0,16
2021-22,38,Salernitana,31,7,10,20,33.0,74.0,-41.0,17
2021-22,38,Cagliari,29,6,11,20,34.0,68.0,-34.0,18
2021-22,38,Genoa,28,4,16,17,27.0,59.0,-32.0,19
2021-22,38,Venezia,26,6,8,23,34.0,69.0,-35.0,20
2022-23,1,Lecce,0,0,0,0,0,0,0,1
2022-23,1,Roma,0,0,0,0,0,0,0,2
2022-23,1,Sampdoria,0,0,0,0,0,0,0,3
2022-23,1,Inter,0,0,0,0,0,0,0,4
2022-23,1,Bologna,0,0,0,0,0,0,0,5
2022-23,1,Salernitana,0,0,0,0,0,0,0,6
2022-23,1,Cremonese,0,0,0,0,0,0,0,7
2022-23,1,Fiorentina,0,0,0,0,0,0,0,8
2022-23,1,Juventus,0,0,0,0,0,0,0,9
2022-23,1,Atalanta,0,0,0,0,0,0,0,10
2022-23,1,Udinese,0,0,0,0,0,0,0,11
2022-23,1,Napoli,0,0,0,0,0,0,0,12
2022-23,1,Lazio,0,0,0,0,0,0,0,13
2022-23,1,Empoli,0,0,0,0,0,0,0,14
2022-23,1,Spezia,0,0,0,0,0,0,0,15
2022-23,1,Verona,0,0,0,0,0,0,0,16
2022-23,1,Sassuolo,0,0,0,0,0,0,0,17
2022-23,1,Monza,0,0,0,0,0,0,0,18
2022-23,1,Milan,0,0,0,0,0,0,0,19
2022-23,1,Torino,0,0,0,0,0,0,0,20
2022-23,2,Napoli,3,1,0,0,5.0,2.0,3.0,1
2022-23,2,Juventus,3,1,0,0,3.0,0.0,3.0,2
2022-23,2,Milan,3,1,0,0,4.0,2.0,2.0,3
2022-23,2,Atalanta,3,1,0,0,2.0,0.0,2.0,4
2022-23,2,Fiorentina,3,1,0,0,3.0,2.0,1.0,5
2022-23,2,Inter,3,1,0,0,2.0,1.0,1.0,6
2022-23,2,Lazio,3,1,0,0,2.0,1.0,1.0,7
2022-23,2,Torino,3,1,0,0,2.0,1.0,1.0,8
2022-23,2,Roma,3,1,0,0,1.0,0.0,1.0,9
2022-23,2,Spezia,3,1,0,0,1.0,0.0,1.0,10
2022-23,2,Cremonese,0,0,0,1,2.0,3.0,-1.0,11
2022-23,2,Lecce,0,0,0,1,1.0,2.0,-1.0,12
2022-23,2,Bologna,0,0,0,1,1.0,2.0,-1.0,13
2022-23,2,Monza,0,0,0,1,1.0,2.0,-1.0,14
2022-23,2,Salernitana,0,0,0,1,0.0,1.0,-1.0,15
2022-23,2,Empoli,0,0,0,1,0.0,1.0,-1.0,16
2022-23,2,Udinese,0,0,0,1,2.0,4.0,-2.0,17
2022-23,2,Sampdoria,0,0,0,1,0.0,2.0,-2.0,18
2022-23,2,Verona,0,0,0,1,2.0,5.0,-3.0,19
2022-23,2,Sassuolo,0,0,0,1,0.0,3.0,-3.0,20
2022-23,3,Napoli,6,2,0,0,9.0,2.0,7.0,1
2022-23,3,Inter,6,2,0,0,5.0,1.0,4.0,2
2022-23,3,Roma,6,2,0,0,2.0,0.0,2.0,3
2022-23,3,Juventus,4,1,1,0,3.0,0.0,3.0,4
2022-23,3,Milan,4,1,1,0,5.0,3.0,2.0,5
2022-23,3,Atalanta,4,1,1,0,3.0,1.0,2.0,6
2022-23,3,Fiorentina,4,1,1,0,3.0,2.0,1.0,7
2022-23,3,Lazio,4,1,1,0,2.0,1.0,1.0,8
2022-23,3,Torino,4,1,1,0,2.0,1.0,1.0,9
2022-23,3,Spezia,3,1,0,1,1.0,3.0,-2.0,10
2022-23,3,Sassuolo,3,1,0,1,1.0,3.0,-2.0,11
2022-23,3,Bologna,1,0,1,1,2.0,3.0,-1.0,12
2022-23,3,Salernitana,1,0,1,1,0.0,1.0,-1.0,13
2022-23,3,Empoli,1,0,1,1,0.0,1.0,-1.0,14
2022-23,3,Udinese,1,0,1,1,2.0,4.0,-2.0,15
2022-23,3,Sampdoria,1,0,1,1,0.0,2.0,-2.0,16
2022-23,3,Verona,1,0,1,1,3.0,6.0,-3.0,17
2022-23,3,Cremonese,0,0,0,2,2.0,4.0,-2.0,18
2022-23,3,Lecce,0,0,0,2,1.0,3.0,-2.0,19
2022-23,3,Monza,0,0,0,2,1.0,6.0,-5.0,20
2022-23,4,Napoli,7,2,1,0,9.0,2.0,7.0,1
2022-23,4,Milan,7,2,1,0,7.0,3.0,4.0,2
2022-23,4,Lazio,7,2,1,0,5.0,2.0,3.0,3
2022-23,4,Atalanta,7,2,1,0,4.0,1.0,3.0,4
2022-23,4,Torino,7,2,1,0,4.0,2.0,2.0,5
2022-23,4,Roma,7,2,1,0,3.0,1.0,2.0,6
2022-23,4,Inter,6,2,0,1,6.0,4.0,2.0,7
2022-23,4,Juventus,5,1,2,0,4.0,1.0,3.0,8
2022-23,4,Fiorentina,5,1,2,0,3.0,2.0,1.0,9
2022-23,4,Salernitana,4,1,1,1,4.0,1.0,3.0,10
2022-23,4,Udinese,4,1,1,1,4.0,5.0,-1.0,11
2022-23,4,Spezia,4,1,1,1,3.0,5.0,-2.0,12
2022-23,4,Sassuolo,4,1,1,1,3.0,5.0,-2.0,13
2022-23,4,Empoli,2,0,2,1,1.0,2.0,-1.0,14
2022-23,4,Lecce,1,0,1,2,2.0,4.0,-2.0,15
2022-23,4,Bologna,1,0,1,2,2.0,5.0,-3.0,16
2022-23,4,Verona,1,0,1,2,3.0,7.0,-4.0,17
2022-23,4,Sampdoria,1,0,1,2,0.0,6.0,-6.0,18
2022-23,4,Cremonese,0,0,0,3,3.0,6.0,-3.0,19
2022-23,4,Monza,0,0,0,3,2.0,8.0,-6.0,20
2022-23,5,Atalanta,10,3,1,0,7.0,2.0,5.0,1
2022-23,5,Roma,10,3,1,0,6.0,1.0,5.0,2
2022-23,5,Inter,9,3,0,1,9.0,5.0,4.0,3
2022-23,5,Napoli,8,2,2,0,10.0,3.0,7.0,4
2022-23,5,Juventus,8,2,2,0,6.0,1.0,5.0,5
2022-23,5,Milan,8,2,2,0,7.0,3.0,4.0,6
2022-23,5,Lazio,8,2,2,0,6.0,3.0,3.0,7
2022-23,5,Udinese,7,2,1,1,5.0,5.0,0.0,8
2022-23,5,Torino,7,2,1,1,5.0,5.0,0.0,9
2022-23,5,Salernitana,5,1,2,1,5.0,2.0,3.0,10
2022-23,5,Fiorentina,5,1,2,1,3.0,3.0,0.0,11
2022-23,5,Sassuolo,5,1,2,1,3.0,5.0,-2.0,12
2022-23,5,Spezia,4,1,1,2,3.0,7.0,-4.0,13
2022-23,5,Empoli,3,0,3,1,2.0,3.0,-1.0,14
2022-23,5,Lecce,2,0,2,2,3.0,5.0,-2.0,15
2022-23,5,Bologna,2,0,2,2,3.0,6.0,-3.0,16
2022-23,5,Verona,2,0,2,2,4.0,8.0,-4.0,17
2022-23,5,Sampdoria,2,0,2,2,1.0,7.0,-6.0,18
2022-23,5,Cremonese,0,0,0,4,4.0,9.0,-5.0,19
2022-23,5,Monza,0,0,0,4,2.0,11.0,-9.0,20
2022-23,6,Atalanta,13,4,1,0,9.0,2.0,7.0,1
2022-23,6,Napoli,11,3,2,0,12.0,4.0,8.0,2
2022-23,6,Milan,11,3,2,0,10.0,5.0,5.0,3
2022-23,6,Udinese,10,3,1,1,9.0,5.0,4.0,4
2022-23,6,Roma,10,3,1,1,6.0,5.0,1.0,5
2022-23,6,Torino,10,3,1,1,6.0,5.0,1.0,6
2022-23,6,Juventus,9,2,3,0,7.0,2.0,5.0,7
2022-23,6,Inter,9,3,0,2,11.0,8.0,3.0,8
2022-23,6,Lazio,8,2,2,1,7.0,5.0,2.0,9
2022-23,6,Salernitana,6,1,3,1,7.0,4.0,3.0,10
2022-23,6,Fiorentina,6,1,3,1,4.0,4.0,0.0,11
2022-23,6,Sassuolo,6,1,3,1,3.0,5.0,-2.0,12
2022-23,6,Verona,5,1,2,2,6.0,9.0,-3.0,13
2022-23,6,Spezia,5,1,2,2,5.0,9.0,-4.0,14
2022-23,6,Empoli,4,0,4,1,4.0,5.0,-1.0,15
2022-23,6,Bologna,3,0,3,2,5.0,8.0,-3.0,16
2022-23,6,Lecce,2,0,2,3,3.0,6.0,-3.0,17
2022-23,6,Sampdoria,2,0,2,3,2.0,9.0,-7.0,18
2022-23,6,Cremonese,1,0,1,4,4.0,9.0,-5.0,19
2022-23,6,Monza,0,0,0,5,2.0,13.0,-11.0,20
2022-23,7,Napoli,14,4,2,0,13.0,4.0,9.0,1
2022-23,7,Atalanta,14,4,2,0,10.0,3.0,7.0,2
2022-23,7,Milan,14,4,2,0,12.0,6.0,6.0,3
2022-23,7,Udinese,13,4,1,1,12.0,6.0,6.0,4
2022-23,7,Roma,13,4,1,1,8.0,6.0,2.0,5
2022-23,7,Inter,12,4,0,2,12.0,8.0,4.0,6
2022-23,7,Lazio,11,3,2,1,9.0,5.0,4.0,7
2022-23,7,Juventus,10,2,4,0,9.0,4.0,5.0,8
2022-23,7,Torino,10,3,1,2,6.0,6.0,0.0,9
2022-23,7,Salernitana,7,1,4,1,9.0,6.0,3.0,10
2022-23,7,Fiorentina,6,1,3,2,5.0,6.0,-1.0,11
2022-23,7,Bologna,6,1,3,2,7.0,9.0,-2.0,12
2022-23,7,Sassuolo,6,1,3,2,4.0,8.0,-4.0,13
2022-23,7,Verona,5,1,2,3,6.0,11.0,-5.0,14
2022-23,7,Spezia,5,1,2,3,5.0,10.0,-5.0,15
2022-23,7,Empoli,4,0,4,2,5.0,7.0,-2.0,16
2022-23,7,Lecce,3,0,3,3,4.0,7.0,-3.0,17
2022-23,7,Cremonese,2,0,2,4,5.0,10.0,-5.0,18
2022-23,7,Sampdoria,2,0,2,4,3.0,11.0,-8.0,19
2022-23,7,Monza,1,0,1,5,3.0,14.0,-11.0,20
2022-23,8,Napoli,17,5,2,0,15.0,5.0,10.0,1
2022-23,8,Atalanta,17,5,2,0,11.0,3.0,8.0,2
2022-23,8,Udinese,16,5,1,1,15.0,7.0,8.0,3
2022-23,8,Lazio,14,4,2,1,13.0,5.0,8.0,4
2022-23,8,Milan,14,4,2,1,13.0,8.0,5.0,5
2022-23,8,Roma,13,4,1,2,8.0,7.0,1.0,6
2022-23,8,Inter,12,4,0,3,13.0,11.0,2.0,7
2022-23,8,Juventus,10,2,4,1,9.0,5.0,4.0,8
2022-23,8,Torino,10,3,1,3,6.0,7.0,-1.0,9
2022-23,8,Fiorentina,9,2,3,2,7.0,6.0,1.0,10
2022-23,8,Sassuolo,9,2,3,2,5.0,8.0,-3.0,11
2022-23,8,Spezia,8,2,2,3,7.0,11.0,-4.0,12
2022-23,8,Salernitana,7,1,4,2,10.0,8.0,2.0,13
2022-23,8,Empoli,7,1,4,2,6.0,7.0,-1.0,14
2022-23,8,Lecce,6,1,3,3,6.0,8.0,-2.0,15
2022-23,8,Bologna,6,1,3,3,7.0,10.0,-3.0,16
2022-23,8,Verona,5,1,2,4,6.0,13.0,-7.0,17
2022-23,8,Monza,4,1,1,5,4.0,14.0,-10.0,18
2022-23,8,Cremonese,2,0,2,5,5.0,14.0,-9.0,19
2022-23,8,Sampdoria,2,0,2,5,4.0,13.0,-9.0,20
2022-23,9,Napoli,20,6,2,0,18.0,6.0,12.0,1
2022-23,9,Atalanta,20,6,2,0,12.0,3.0,9.0,2
2022-23,9,Udinese,19,6,1,1,17.0,8.0,9.0,3
2022-23,9,Lazio,17,5,2,1,17.0,5.0,12.0,4
2022-23,9,Milan,17,5,2,1,16.0,9.0,7.0,5
2022-23,9,Roma,16,5,1,2,10.0,8.0,2.0,6
2022-23,9,Juventus,13,3,4,1,12.0,5.0,7.0,7
2022-23,9,Sassuolo,12,3,3,2,10.0,8.0,2.0,8
2022-23,9,Inter,12,4,0,4,14.0,13.0,1.0,9
2022-23,9,Torino,10,3,1,4,7.0,10.0,-3.0,10
2022-23,9,Fiorentina,9,2,3,3,7.0,7.0,0.0,11
2022-23,9,Spezia,8,2,2,4,7.0,15.0,-8.0,12
2022-23,9,Lecce,7,1,4,3,7.0,9.0,-2.0,13
2022-23,9,Salernitana,7,1,4,3,10.0,13.0,-3.0,14
2022-23,9,Empoli,7,1,4,3,7.0,10.0,-3.0,15
2022-23,9,Monza,7,2,1,5,7.0,14.0,-7.0,16
2022-23,9,Bologna,6,1,3,4,7.0,13.0,-6.0,17
2022-23,9,Verona,5,1,2,5,7.0,15.0,-8.0,18
2022-23,9,Cremonese,3,0,3,5,6.0,15.0,-9.0,19
2022-23,9,Sampdoria,2,0,2,6,4.0,16.0,-12.0,20
2022-23,10,Napoli,23,7,2,0,22.0,7.0,15.0,1
2022-23,10,Atalanta,21,6,3,0,14.0,5.0,9.0,2
2022-23,10,Lazio,20,6,2,1,21.0,5.0,16.0,3
2022-23,10,Udinese,20,6,2,1,19.0,10.0,9.0,4
2022-23,10,Milan,20,6,2,1,18.0,9.0,9.0,5
2022-23,10,Roma,19,6,1,2,12.0,9.0,3.0,6
2022-23,10,Inter,15,5,0,4,16.0,14.0,2.0,7
2022-23,10,Juventus,13,3,4,2,12.0,7.0,5.0,8
2022-23,10,Sassuolo,12,3,3,3,11.0,10.0,1.0,9
2022-23,10,Torino,11,3,2,4,8.0,11.0,-3.0,10
2022-23,10,Salernitana,10,2,4,3,12.0,14.0,-2.0,11
2022-23,10,Monza,10,3,1,5,9.0,14.0,-5.0,12
2022-23,10,Fiorentina,9,2,3,4,7.0,11.0,-4.0,13
2022-23,10,Empoli,8,1,5,3,8.0,11.0,-3.0,14
2022-23,10,Spezia,8,2,2,5,7.0,17.0,-10.0,15
2022-23,10,Lecce,7,1,4,4,8.0,11.0,-3.0,16
2022-23,10,Bologna,7,1,4,4,8.0,14.0,-6.0,17
2022-23,10,Verona,5,1,2,6,8.0,17.0,-9.0,18
2022-23,10,Cremonese,3,0,3,6,7.0,19.0,-12.0,19
2022-23,10,Sampdoria,3,0,3,6,5.0,17.0,-12.0,20
2022-23,11,Napoli,26,8,2,0,25.0,9.0,16.0,1
2022-23,11,Atalanta,24,7,3,0,16.0,6.0,10.0,2
2022-23,11,Milan,23,7,2,1,20.0,10.0,10.0,3
2022-23,11,Roma,22,7,1,2,13.0,9.0,4.0,4
2022-23,11,Lazio,21,6,3,1,21.0,5.0,16.0,5
2022-23,11,Udinese,21,6,3,1,19.0,10.0,9.0,6
2022-23,11,Inter,18,6,0,4,18.0,14.0,4.0,7
2022-23,11,Juventus,16,4,4,2,13.0,7.0,6.0,8
2022-23,11,Sassuolo,12,3,3,4,12.0,12.0,0.0,9
2022-23,11,Empoli,11,2,5,3,9.0,11.0,-2.0,10
2022-23,11,Torino,11,3,2,5,8.0,12.0,-4.0,11
2022-23,11,Salernitana,10,2,4,4,12.0,16.0,-4.0,12
2022-23,11,Fiorentina,10,2,4,4,8.0,12.0,-4.0,13
2022-23,11,Monza,10,3,1,6,9.0,15.0,-6.0,14
2022-23,11,Spezia,9,2,3,5,9.0,19.0,-10.0,15
2022-23,11,Lecce,8,1,5,4,9.0,12.0,-3.0,16
2022-23,11,Bologna,7,1,4,5,10.0,17.0,-7.0,17
2022-23,11,Verona,5,1,2,7,9.0,19.0,-10.0,18
2022-23,11,Cremonese,4,0,4,6,9.0,21.0,-12.0,19
2022-23,11,Sampdoria,3,0,3,7,5.0,18.0,-13.0,20
2022-23,12,Napoli,29,9,2,0,26.0,9.0,17.0,1
2022-23,12,Milan,26,8,2,1,24.0,11.0,13.0,2
2022-23,12,Lazio,24,7,3,1,23.0,5.0,18.0,3
2022-23,12,Atalanta,24,7,3,1,16.0,8.0,8.0,4
2022-23,12,Roma,22,7,1,3,13.0,10.0,3.0,5
2022-23,12,Udinese,21,6,3,2,20.0,12.0,8.0,6
2022-23,12,Inter,21,7,0,4,22.0,17.0,5.0,7
2022-23,12,Juventus,19,5,4,2,17.0,7.0,10.0,8
2022-23,12,Sassuolo,15,4,3,4,14.0,13.0,1.0,9
2022-23,12,Torino,14,4,2,5,10.0,13.0,-3.0,10
2022-23,12,Salernitana,13,3,4,4,13.0,16.0,-3.0,11
2022-23,12,Empoli,11,2,5,4,9.0,15.0,-6.0,12
2022-23,12,Bologna,10,2,4,5,12.0,17.0,-5.0,13
2022-23,12,Fiorentina,10,2,4,5,11.0,16.0,-5.0,14
2022-23,12,Monza,10,3,1,7,10.0,19.0,-9.0,15
2022-23,12,Spezia,9,2,3,6,9.0,20.0,-11.0,16
2022-23,12,Lecce,8,1,5,5,9.0,14.0,-5.0,17
2022-23,12,Sampdoria,6,1,3,7,6.0,18.0,-12.0,18
2022-23,12,Verona,5,1,2,8,10.0,21.0,-11.0,19
2022-23,12,Cremonese,4,0,4,7,9.0,22.0,-13.0,20
2022-23,13,Napoli,32,10,2,0,30.0,9.0,21.0,1
2022-23,13,Atalanta,27,8,3,1,18.0,8.0,10.0,2
2022-23,13,Milan,26,8,2,2,25.0,13.0,12.0,3
2022-23,13,Roma,25,8,1,3,16.0,11.0,5.0,4
2022-23,13,Lazio,24,7,3,2,24.0,8.0,16.0,5
2022-23,13,Inter,24,8,0,4,25.0,17.0,8.0,6
2022-23,13,Juventus,22,6,4,2,18.0,7.0,11.0,7
2022-23,13,Udinese,22,6,4,2,20.0,12.0,8.0,8
2022-23,13,Torino,17,5,2,5,12.0,14.0,-2.0,9
2022-23,13,Salernitana,16,4,4,4,16.0,17.0,-1.0,10
2022-23,13,Sassuolo,15,4,3,5,14.0,17.0,-3.0,11
2022-23,13,Bologna,13,3,4,5,14.0,18.0,-4.0,12
2022-23,13,Fiorentina,13,3,4,5,13.0,17.0,-4.0,13
2022-23,13,Empoli,11,2,5,5,9.0,17.0,-8.0,14
2022-23,13,Monza,10,3,1,8,11.0,21.0,-10.0,15
2022-23,13,Spezia,9,2,3,7,10.0,22.0,-12.0,16
2022-23,13,Lecce,8,1,5,6,9.0,15.0,-6.0,17
2022-23,13,Sampdoria,6,1,3,8,6.0,21.0,-15.0,18
2022-23,13,Verona,5,1,2,9,11.0,24.0,-13.0,19
2022-23,13,Cremonese,5,0,5,7,9.0,22.0,-13.0,20
2022-23,14,Napoli,35,11,2,0,32.0,10.0,22.0,1
2022-23,14,Milan,29,9,2,2,27.0,14.0,13.0,2
2022-23,14,Lazio,27,8,3,2,25.0,8.0,17.0,3
2022-23,14,Atalanta,27,8,3,2,19.0,10.0,9.0,4
2022-23,14,Juventus,25,7,4,2,20.0,7.0,13.0,5
2022-23,14,Roma,25,8,1,4,16.0,12.0,4.0,6
2022-23,14,Inter,24,8,0,5,25.0,19.0,6.0,7
2022-23,14,Udinese,23,6,5,2,21.0,13.0,8.0,8
2022-23,14,Salernitana,17,4,5,4,18.0,19.0,-1.0,9
2022-23,14,Torino,17,5,2,6,13.0,16.0,-3.0,10
2022-23,14,Fiorentina,16,4,4,5,15.0,17.0,-2.0,11
2022-23,14,Bologna,16,4,4,5,16.0,19.0,-3.0,12
2022-23,14,Sassuolo,15,4,3,6,14.0,18.0,-4.0,13
2022-23,14,Empoli,14,3,5,5,10.0,17.0,-7.0,14
2022-23,14,Monza,13,4,1,8,13.0,21.0,-8.0,15
2022-23,14,Lecce,9,1,6,6,10.0,16.0,-6.0,16
2022-23,14,Spezia,9,2,3,8,11.0,24.0,-13.0,17
2022-23,14,Cremonese,6,0,6,7,11.0,24.0,-13.0,18
2022-23,14,Sampdoria,6,1,3,9,6.0,23.0,-17.0,19
2022-23,14,Verona,5,1,2,10,11.0,26.0,-15.0,20
2022-23,15,Napoli,38,12,2,0,34.0,10.0,24.0,1
2022-23,15,Lazio,30,9,3,2,26.0,8.0,18.0,2
2022-23,15,Milan,30,9,3,2,27.0,14.0,13.0,3
2022-23,15,Juventus,28,8,4,2,21.0,7.0,14.0,4
2022-23,15,Inter,27,9,0,5,31.0,20.0,11.0,5
2022-23,15,Atalanta,27,8,3,3,20.0,12.0,8.0,6
2022-23,15,Roma,26,8,2,4,17.0,13.0,4.0,7
2022-23,15,Udinese,24,6,6,2,22.0,14.0,8.0,8
2022-23,15,Torino,20,6,2,6,15.0,16.0,-1.0,9
2022-23,15,Fiorentina,19,5,4,5,17.0,18.0,-1.0,10
2022-23,15,Salernitana,17,4,5,5,19.0,21.0,-2.0,11
2022-23,15,Sassuolo,16,4,4,6,15.0,19.0,-4.0,12
2022-23,15,Bologna,16,4,4,6,17.0,25.0,-8.0,13
2022-23,15,Empoli,14,3,5,6,10.0,19.0,-9.0,14
2022-23,15,Monza,13,4,1,9,13.0,22.0,-9.0,15
2022-23,15,Lecce,12,2,6,6,12.0,17.0,-5.0,16
2022-23,15,Spezia,10,2,4,8,12.0,25.0,-13.0,17
2022-23,15,Cremonese,7,0,7,7,11.0,24.0,-13.0,18
2022-23,15,Sampdoria,6,1,3,10,6.0,25.0,-19.0,19
2022-23,15,Verona,5,1,2,11,11.0,27.0,-16.0,20
2022-23,16,Napoli,41,13,2,0,37.0,12.0,25.0,1
2022-23,16,Milan,33,10,3,2,29.0,15.0,14.0,2
2022-23,16,Juventus,31,9,4,2,24.0,7.0,17.0,3
2022-23,16,Lazio,30,9,3,3,26.0,11.0,15.0,4
2022-23,16,Inter,30,10,0,5,34.0,22.0,12.0,5
2022-23,16,Atalanta,27,8,3,4,22.0,15.0,7.0,6
2022-23,16,Roma,27,8,3,4,18.0,14.0,4.0,7
2022-23,16,Udinese,24,6,6,3,24.0,17.0,7.0,8
2022-23,16,Torino,21,6,3,6,16.0,17.0,-1.0,9
2022-23,16,Fiorentina,19,5,4,6,18.0,20.0,-2.0,10
2022-23,16,Bologna,19,5,4,6,20.0,25.0,-5.0,11
2022-23,16,Salernitana,17,4,5,6,19.0,24.0,-5.0,12
2022-23,16,Empoli,17,4,5,6,12.0,19.0,-7.0,13
2022-23,16,Monza,16,5,1,9,16.0,22.0,-6.0,14
2022-23,16,Sassuolo,16,4,4,7,15.0,22.0,-7.0,15
2022-23,16,Lecce,15,3,6,6,14.0,17.0,-3.0,16
2022-23,16,Spezia,13,3,4,8,14.0,26.0,-12.0,17
2022-23,16,Cremonese,7,0,7,8,11.0,26.0,-15.0,18
2022-23,16,Sampdoria,6,1,3,11,6.0,27.0,-21.0,19
2022-23,16,Verona,5,1,2,12,12.0,29.0,-17.0,20
2022-23,17,Napoli,41,13,2,1,37.0,13.0,24.0,1
2022-23,17,Milan,36,11,3,2,31.0,16.0,15.0,2
2022-23,17,Juventus,34,10,4,2,25.0,7.0,18.0,3
2022-23,17,Inter,33,11,0,5,35.0,22.0,13.0,4
2022-23,17,Lazio,30,9,3,4,27.0,13.0,14.0,5
2022-23,17,Roma,30,9,3,4,19.0,14.0,5.0,6
2022-23,17,Atalanta,28,8,4,4,24.0,17.0,7.0,7
2022-23,17,Udinese,25,6,7,3,25.0,18.0,7.0,8
2022-23,17,Torino,22,6,4,6,17.0,18.0,-1.0,9
2022-23,17,Fiorentina,20,5,5,6,19.0,21.0,-2.0,10
2022-23,17,Bologna,19,5,4,7,20.0,26.0,-6.0,11
2022-23,17,Lecce,18,4,6,6,16.0,18.0,-2.0,12
2022-23,17,Empoli,18,4,6,6,13.0,20.0,-7.0,13
2022-23,17,Salernitana,17,4,5,7,20.0,26.0,-6.0,14
2022-23,17,Monza,17,5,2,9,17.0,23.0,-6.0,15
2022-23,17,Sassuolo,16,4,4,8,16.0,24.0,-8.0,16
2022-23,17,Spezia,14,3,5,8,16.0,28.0,-12.0,17
2022-23,17,Sampdoria,9,2,3,11,8.0,28.0,-20.0,18
2022-23,17,Cremonese,7,0,7,9,11.0,27.0,-16.0,19
2022-23,17,Verona,6,1,3,12,13.0,30.0,-17.0,20
2022-23,18,Napoli,44,14,2,1,39.0,13.0,26.0,1
2022-23,18,Juventus,37,11,4,2,26.0,7.0,19.0,2
2022-23,18,Milan,37,11,4,2,33.0,18.0,15.0,3
2022-23,18,Inter,34,11,1,5,37.0,24.0,13.0,4
2022-23,18,Lazio,31,9,4,4,29.0,15.0,14.0,5
2022-23,18,Atalanta,31,9,4,4,26.0,18.0,8.0,6
2022-23,18,Roma,31,9,4,4,21.0,16.0,5.0,7
2022-23,18,Udinese,25,6,7,4,25.0,19.0,6.0,8
2022-23,18,Fiorentina,23,6,5,6,21.0,22.0,-1.0,9
2022-23,18,Torino,23,6,5,6,18.0,19.0,-1.0,10
2022-23,18,Lecce,19,4,7,6,16.0,18.0,-2.0,11
2022-23,18,Bologna,19,5,4,8,21.0,28.0,-7.0,12
2022-23,18,Empoli,19,4,7,6,15.0,22.0,-7.0,13
2022-23,18,Salernitana,18,4,6,7,21.0,27.0,-6.0,14
2022-23,18,Monza,18,5,3,9,19.0,25.0,-6.0,15
2022-23,18,Sassuolo,16,4,4,9,17.0,26.0,-9.0,16
2022-23,18,Spezia,15,3,6,8,16.0,28.0,-12.0,17
2022-23,18,Verona,9,2,3,12,15.0,30.0,-15.0,18
2022-23,18,Sampdoria,9,2,3,12,8.0,30.0,-22.0,19
2022-23,18,Cremonese,7,0,7,10,11.0,29.0,-18.0,20
2022-23,19,Napoli,47,15,2,1,44.0,14.0,30.0,1
2022-23,19,Milan,38,11,5,2,35.0,20.0,15.0,2
2022-23,19,Juventus,37,11,4,3,27.0,12.0,15.0,3
2022-23,19,Inter,37,12,1,5,38.0,24.0,14.0,4
2022-23,19,Lazio,34,10,4,4,31.0,15.0,16.0,5
2022-23,19,Atalanta,34,10,4,4,34.0,20.0,14.0,6
2022-23,19,Roma,34,10,4,4,23.0,16.0,7.0,7
2022-23,19,Udinese,25,6,7,5,26.0,21.0,5.0,8
2022-23,19,Torino,23,6,5,7,18.0,20.0,-2.0,9
2022-23,19,Fiorentina,23,6,5,7,21.0,24.0,-3.0,10
2022-23,19,Bologna,22,6,4,8,23.0,29.0,-6.0,11
2022-23,19,Empoli,22,5,7,6,16.0,22.0,-6.0,12
2022-23,19,Monza,21,6,3,9,22.0,27.0,-5.0,13
2022-23,19,Lecce,20,4,8,6,18.0,20.0,-2.0,14
2022-23,19,Spezia,18,4,6,8,17.0,28.0,-11.0,15
2022-23,19,Salernitana,18,4,6,8,23.0,35.0,-12.0,16
2022-23,19,Sassuolo,16,4,4,10,17.0,28.0,-11.0,17
2022-23,19,Verona,9,2,3,13,15.0,31.0,-16.0,18
2022-23,19,Sampdoria,9,2,3,13,8.0,31.0,-23.0,19
2022-23,19,Cremonese,7,0,7,11,13.0,32.0,-19.0,20
2022-23,20,Napoli,50,16,2,1,46.0,14.0,32.0,1
2022-23,20,Juventus,38,11,5,3,30.0,15.0,15.0,2
2022-23,20,Milan,38,11,5,3,35.0,24.0,11.0,3
2022-23,20,Lazio,37,11,4,4,35.0,15.0,20.0,4
2022-23,20,Inter,37,12,1,6,38.0,25.0,13.0,5
2022-23,20,Roma,37,11,4,4,25.0,16.0,9.0,6
2022-23,20,Atalanta,35,10,5,4,37.0,23.0,14.0,7
2022-23,20,Udinese,28,7,7,5,27.0,21.0,6.0,8
2022-23,20,Torino,26,7,5,7,19.0,20.0,-1.0,9
2022-23,20,Empoli,25,6,7,6,17.0,22.0,-5.0,10
2022-23,20,Fiorentina,23,6,5,8,21.0,25.0,-4.0,11
2022-23,20,Bologna,23,6,5,8,24.0,30.0,-6.0,12
2022-23,20,Monza,22,6,4,9,23.0,28.0,-5.0,13
2022-23,20,Lecce,20,4,8,7,18.0,22.0,-4.0,14
2022-23,20,Spezia,18,4,6,9,17.0,30.0,-13.0,15
2022-23,20,Salernitana,18,4,6,9,23.0,37.0,-14.0,16
2022-23,20,Sassuolo,17,4,5,10,18.0,29.0,-11.0,17
2022-23,20,Verona,12,3,3,13,17.0,31.0,-14.0,18
2022-23,20,Sampdoria,9,2,3,14,8.0,32.0,-24.0,19
2022-23,20,Cremonese,8,0,8,11,14.0,33.0,-19.0,20
2022-23,21,Napoli,53,17,2,1,48.0,15.0,33.0,1
2022-23,21,Inter,40,13,1,6,40.0,26.0,14.0,2
2022-23,21,Lazio,38,11,5,4,36.0,16.0,20.0,3
2022-23,21,Atalanta,38,11,5,4,39.0,23.0,16.0,4
2022-23,21,Juventus,38,11,5,4,30.0,17.0,13.0,5
2022-23,21,Milan,38,11,5,4,37.0,29.0,8.0,6
2022-23,21,Roma,37,11,4,5,26.0,18.0,8.0,7
2022-23,21,Udinese,29,7,8,5,28.0,22.0,6.0,8
2022-23,21,Torino,27,7,6,7,21.0,22.0,-1.0,9
2022-23,21,Bologna,26,7,5,8,26.0,30.0,-4.0,10
2022-23,21,Empoli,26,6,8,6,19.0,24.0,-5.0,11
2022-23,21,Monza,25,7,4,9,25.0,28.0,-3.0,12
2022-23,21,Fiorentina,24,6,6,8,22.0,26.0,-4.0,13
2022-23,21,Salernitana,21,5,6,9,25.0,38.0,-13.0,14
2022-23,21,Lecce,20,4,8,8,19.0,24.0,-5.0,15
2022-23,21,Sassuolo,20,5,5,10,23.0,31.0,-8.0,16
2022-23,21,Spezia,18,4,6,10,17.0,32.0,-15.0,17
2022-23,21,Verona,13,3,4,13,18.0,32.0,-14.0,18
2022-23,21,Sampdoria,9,2,3,15,8.0,34.0,-26.0,19
2022-23,21,Cremonese,8,0,8,12,15.0,35.0,-20.0,20
2022-23,22,Napoli,56,18,2,1,51.0,15.0,36.0,1
2022-23,22,Inter,43,14,1,6,41.0,26.0,15.0,2
2022-23,22,Juventus,41,12,5,4,33.0,17.0,16.0,3
2022-23,22,Roma,40,12,4,5,28.0,18.0,10.0,4
2022-23,22,Lazio,39,11,6,4,37.0,17.0,20.0,5
2022-23,22,Atalanta,38,11,5,5,39.0,24.0,15.0,6
2022-23,22,Milan,38,11,5,5,37.0,30.0,7.0,7
2022-23,22,Torino,30,8,6,7,22.0,22.0,0.0,8
2022-23,22,Udinese,29,7,8,6,28.0,23.0,5.0,9
2022-23,22,Bologna,29,8,5,8,28.0,31.0,-3.0,10
2022-23,22,Monza,26,7,5,9,27.0,30.0,-3.0,11
2022-23,22,Empoli,26,6,8,7,19.0,26.0,-7.0,12
2022-23,22,Fiorentina,24,6,6,9,23.0,28.0,-5.0,13
2022-23,22,Lecce,23,5,8,8,21.0,24.0,-3.0,14
2022-23,22,Sassuolo,23,6,5,10,24.0,31.0,-7.0,15
2022-23,22,Salernitana,21,5,6,10,25.0,41.0,-16.0,16
2022-23,22,Spezia,18,4,6,11,17.0,35.0,-18.0,17
2022-23,22,Verona,14,3,5,13,19.0,33.0,-14.0,18
2022-23,22,Sampdoria,10,2,4,15,10.0,36.0,-26.0,19
2022-23,22,Cremonese,8,0,8,13,15.0,37.0,-22.0,20
2022-23,23,Napoli,59,19,2,1,54.0,15.0,39.0,1
2022-23,23,Juventus,44,13,5,4,34.0,17.0,17.0,2
2022-23,23,Inter,44,14,2,6,41.0,26.0,15.0,3
2022-23,23,Atalanta,41,12,5,5,41.0,24.0,17.0,4
2022-23,23,Roma,41,12,5,5,29.0,19.0,10.0,5
2022-23,23,Milan,41,12,5,5,38.0,30.0,8.0,6
2022-23,23,Lazio,39,11,6,5,37.0,19.0,18.0,7
2022-23,23,Udinese,30,7,9,6,30.0,25.0,5.0,8
2022-23,23,Torino,30,8,6,8,22.0,23.0,-1.0,9
2022-23,23,Monza,29,8,5,9,28.0,30.0,-2.0,10
2022-23,23,Bologna,29,8,5,9,28.0,32.0,-4.0,11
2022-23,23,Empoli,27,6,9,7,21.0,28.0,-7.0,12
2022-23,23,Lecce,24,5,9,8,22.0,25.0,-3.0,13
2022-23,23,Fiorentina,24,6,6,10,23.0,29.0,-6.0,14
2022-23,23,Sassuolo,24,6,6,10,26.0,33.0,-7.0,15
2022-23,23,Salernitana,21,5,6,11,25.0,42.0,-17.0,16
2022-23,23,Spezia,19,4,7,11,19.0,37.0,-18.0,17
2022-23,23,Verona,17,4,5,13,20.0,33.0,-13.0,18
2022-23,23,Sampdoria,11,2,5,15,10.0,36.0,-26.0,19
2022-23,23,Cremonese,8,0,8,14,15.0,40.0,-25.0,20
2022-23,24,Napoli,62,20,2,1,56.0,15.0,41.0,1
2022-23,24,Juventus,47,14,5,4,36.0,17.0,19.0,2
2022-23,24,Inter,47,15,2,6,44.0,27.0,17.0,3
2022-23,24,Roma,44,13,5,5,30.0,19.0,11.0,4
2022-23,24,Milan,44,13,5,5,39.0,30.0,9.0,5
2022-23,24,Lazio,42,12,6,5,39.0,19.0,20.0,6
2022-23,24,Atalanta,41,12,5,6,42.0,26.0,16.0,7
2022-23,24,Bologna,32,9,5,9,30.0,33.0,-3.0,8
2022-23,24,Torino,31,8,7,8,24.0,25.0,-1.0,9
2022-23,24,Udinese,30,7,9,7,31.0,28.0,3.0,10
2022-23,24,Monza,29,8,5,10,28.0,31.0,-3.0,11
2022-23,24,Empoli,28,6,10,7,22.0,29.0,-7.0,12
2022-23,24,Lecce,27,6,9,8,24.0,26.0,-2.0,13
2022-23,24,Fiorentina,25,6,7,10,24.0,30.0,-6.0,14
2022-23,24,Sassuolo,24,6,6,11,26.0,35.0,-9.0,15
2022-23,24,Salernitana,21,5,6,12,25.0,44.0,-19.0,16
2022-23,24,Spezia,19,4,7,12,19.0,39.0,-20.0,17
2022-23,24,Verona,17,4,5,14,20.0,34.0,-14.0,18
2022-23,24,Sampdoria,11,2,5,16,11.0,38.0,-27.0,19
2022-23,24,Cremonese,9,0,9,14,17.0,42.0,-25.0,20
2022-23,25,Napoli,65,21,2,1,58.0,15.0,43.0,1
2022-23,25,Juventus,50,15,5,4,40.0,19.0,21.0,2
2022-23,25,Inter,47,15,2,7,44.0,28.0,16.0,3
2022-23,25,Milan,47,14,5,5,41.0,30.0,11.0,4
2022-23,25,Lazio,45,13,6,5,40.0,19.0,21.0,5
2022-23,25,Roma,44,13,5,6,31.0,21.0,10.0,6
2022-23,25,Atalanta,41,12,5,7,42.0,28.0,14.0,7
2022-23,25,Bologna,35,10,5,9,31.0,33.0,-2.0,8
2022-23,25,Udinese,31,7,10,7,33.0,30.0,3.0,9
2022-23,25,Torino,31,8,7,9,26.0,29.0,-3.0,10
2022-23,25,Monza,29,8,5,11,28.0,34.0,-6.0,11
2022-23,25,Fiorentina,28,7,7,10,27.0,30.0,-3.0,12
2022-23,25,Empoli,28,6,10,8,22.0,31.0,-9.0,13
2022-23,25,Lecce,27,6,9,9,24.0,27.0,-3.0,14
2022-23,25,Sassuolo,27,7,6,11,27.0,35.0,-8.0,15
2022-23,25,Salernitana,24,6,6,12,28.0,44.0,-16.0,16
2022-23,25,Spezia,20,4,8,12,21.0,41.0,-20.0,17
2022-23,25,Verona,17,4,5,15,20.0,37.0,-17.0,18
2022-23,25,Cremonese,12,1,9,14,19.0,43.0,-24.0,19
2022-23,25,Sampdoria,11,2,5,17,11.0,39.0,-28.0,20
2022-23,26,Napoli,65,21,2,2,58.0,16.0,42.0,1
2022-23,26,Juventus,50,15,5,5,40.0,20.0,20.0,2
2022-23,26,Inter,50,16,2,7,46.0,28.0,18.0,3
2022-23,26,Lazio,48,14,6,5,41.0,19.0,22.0,4
2022-23,26,Roma,47,14,5,6,32.0,21.0,11.0,5
2022-23,26,Milan,47,14,5,6,42.0,32.0,10.0,6
2022-23,26,Atalanta,42,12,6,7,42.0,28.0,14.0,7
2022-23,26,Bologna,35,10,5,10,31.0,34.0,-3.0,8
2022-23,26,Torino,34,9,7,9,27.0,29.0,-2.0,9
2022-23,26,Udinese,32,7,11,7,33.0,30.0,3.0,10
2022-23,26,Monza,32,9,5,11,30.0,35.0,-5.0,11
2022-23,26,Fiorentina,31,8,7,10,29.0,31.0,-2.0,12
2022-23,26,Sassuolo,30,8,6,11,30.0,37.0,-7.0,13
2022-23,26,Empoli,28,6,10,9,23.0,33.0,-10.0,14
2022-23,26,Lecce,27,6,9,10,24.0,29.0,-5.0,15
2022-23,26,Salernitana,25,6,7,12,28.0,44.0,-16.0,16
2022-23,26,Spezia,21,4,9,12,21.0,41.0,-20.0,17
2022-23,26,Verona,18,4,6,15,20.0,37.0,-17.0,18
2022-23,26,Cremonese,12,1,9,15,21.0,46.0,-25.0,19
2022-23,26,Sampdoria,12,2,6,17,11.0,39.0,-28.0,20
2022-23,27,Napoli,68,22,2,2,60.0,16.0,44.0,1
2022-23,27,Juventus,53,16,5,5,44.0,22.0,22.0,2
2022-23,27,Inter,50,16,2,8,47.0,30.0,17.0,3
2022-23,27,Lazio,49,14,7,5,41.0,19.0,22.0,4
2022-23,27,Milan,48,14,6,6,43.0,33.0,10.0,5
2022-23,27,Roma,47,14,5,7,35.0,25.0,10.0,6
2022-23,27,Atalanta,42,12,6,8,42.0,30.0,12.0,7
2022-23,27,Torino,37,10,7,9,29.0,29.0,0.0,8
2022-23,27,Bologna,36,10,6,10,31.0,34.0,-3.0,9
2022-23,27,Udinese,35,8,11,7,34.0,30.0,4.0,10
2022-23,27,Fiorentina,34,9,7,10,31.0,31.0,0.0,11
2022-23,27,Monza,33,9,6,11,31.0,36.0,-5.0,12
2022-23,27,Sassuolo,33,9,6,11,34.0,40.0,-6.0,13
2022-23,27,Empoli,28,6,10,10,23.0,34.0,-11.0,14
2022-23,27,Lecce,27,6,9,11,24.0,31.0,-7.0,15
2022-23,27,Salernitana,26,6,8,12,29.0,45.0,-16.0,16
2022-23,27,Spezia,24,5,9,12,23.0,42.0,-19.0,17
2022-23,27,Verona,19,4,7,15,21.0,38.0,-17.0,18
2022-23,27,Cremonese,12,1,9,16,21.0,48.0,-27.0,19
2022-23,27,Sampdoria,12,2,6,18,13.0,43.0,-30.0,20
2022-23,28,Napoli,71,23,2,2,64.0,16.0,48.0,1
2022-23,28,Juventus,56,17,5,5,45.0,22.0,23.0,2
2022-23,28,Lazio,52,15,7,5,42.0,19.0,23.0,3
2022-23,28,Inter,50,16,2,9,47.0,31.0,16.0,4
2022-23,28,Milan,48,14,6,7,44.0,36.0,8.0,5
2022-23,28,Roma,47,14,5,8,35.0,26.0,9.0,6
2022-23,28,Atalanta,45,13,6,8,44.0,31.0,13.0,7
2022-23,28,Udinese,38,9,11,7,37.0,31.0,6.0,8
2022-23,28,Fiorentina,37,10,7,10,32.0,31.0,1.0,9
2022-23,28,Bologna,37,10,7,10,33.0,36.0,-3.0,10
2022-23,28,Torino,37,10,7,10,29.0,33.0,-4.0,11
2022-23,28,Sassuolo,36,10,6,11,35.0,40.0,-5.0,12
2022-23,28,Monza,34,9,7,11,32.0,37.0,-5.0,13
2022-23,28,Empoli,28,6,10,11,24.0,36.0,-12.0,14
2022-23,28,Lecce,27,6,9,12,24.0,32.0,-8.0,15
2022-23,28,Salernitana,27,6,9,12,31.0,47.0,-16.0,16
2022-23,28,Spezia,24,5,9,13,23.0,43.0,-20.0,17
2022-23,28,Verona,19,4,7,16,22.0,41.0,-19.0,18
2022-23,28,Sampdoria,15,3,6,18,16.0,44.0,-28.0,19
2022-23,28,Cremonese,13,1,10,16,22.0,49.0,-27.0,20
2022-23,29,Napoli,71,23,2,3,64.0,20.0,44.0,1
2022-23,29,Juventus,59,18,5,5,46.0,22.0,24.0,2
2022-23,29,Lazio,55,16,7,5,44.0,19.0,25.0,3
2022-23,29,Milan,51,15,6,7,48.0,36.0,12.0,4
2022-23,29,Inter,50,16,2,10,47.0,32.0,15.0,5
2022-23,29,Roma,50,15,5,8,38.0,26.0,12.0,6
2022-23,29,Atalanta,48,14,6,8,47.0,32.0,15.0,7
2022-23,29,Fiorentina,40,11,7,10,33.0,31.0,2.0,8
2022-23,29,Bologna,40,11,7,10,36.0,36.0,0.0,9
2022-23,29,Udinese,38,9,11,8,37.0,34.0,3.0,10
2022-23,29,Torino,38,10,8,10,30.0,34.0,-4.0,11
2022-23,29,Sassuolo,37,10,7,11,36.0,41.0,-5.0,12
2022-23,29,Monza,34,9,7,12,32.0,39.0,-7.0,13
2022-23,29,Empoli,31,7,10,11,25.0,36.0,-11.0,14
2022-23,29,Salernitana,28,6,10,12,32.0,48.0,-16.0,15
2022-23,29,Lecce,27,6,9,13,24.0,33.0,-9.0,16
2022-23,29,Spezia,25,5,10,13,24.0,44.0,-20.0,17
2022-23,29,Verona,19,4,7,17,22.0,42.0,-20.0,18
2022-23,29,Sampdoria,15,3,6,19,16.0,47.0,-31.0,19
2022-23,29,Cremonese,13,1,10,17,23.0,52.0,-29.0,20
2022-23,30,Napoli,74,24,2,3,66.0,21.0,45.0,1
2022-23,30,Juventus,59,18,5,6,47.0,24.0,23.0,2
2022-23,30,Lazio,58,17,7,5,46.0,20.0,26.0,3
2022-23,30,Roma,53,16,5,8,39.0,26.0,13.0,4
2022-23,30,Milan,52,15,7,7,48.0,36.0,12.0,5
2022-23,30,Inter,51,16,3,10,48.0,33.0,15.0,6
2022-23,30,Atalanta,48,14,6,9,47.0,34.0,13.0,7
2022-23,30,Bologna,43,12,7,10,38.0,36.0,2.0,8
2022-23,30,Fiorentina,41,11,8,10,34.0,32.0,2.0,9
2022-23,30,Udinese,39,9,12,8,39.0,36.0,3.0,10
2022-23,30,Torino,38,10,8,11,30.0,35.0,-5.0,11
2022-23,30,Sassuolo,37,10,7,12,37.0,43.0,-6.0,12
2022-23,30,Monza,35,9,8,12,34.0,41.0,-7.0,13
2022-23,30,Empoli,32,7,11,11,25.0,36.0,-11.0,14
2022-23,30,Salernitana,29,6,11,12,33.0,49.0,-16.0,15
2022-23,30,Lecce,27,6,9,14,25.0,35.0,-10.0,16
2022-23,30,Spezia,26,5,11,13,25.0,45.0,-20.0,17
2022-23,30,Verona,22,5,7,17,24.0,43.0,-19.0,18
2022-23,30,Cremonese,16,2,10,17,26.0,54.0,-28.0,19
2022-23,30,Sampdoria,15,3,6,20,18.0,50.0,-32.0,20
2022-23,31,Napoli,75,24,3,3,66.0,21.0,45.0,1
2022-23,31,Lazio,61,18,7,5,49.0,20.0,29.0,2
2022-23,31,Juventus,59,18,5,7,47.0,25.0,22.0,3
2022-23,31,Roma,56,17,5,8,42.0,26.0,16.0,4
2022-23,31,Milan,53,15,8,7,49.0,37.0,12.0,5
2022-23,31,Inter,51,16,3,11,48.0,34.0,14.0,6
2022-23,31,Atalanta,49,14,7,9,48.0,35.0,13.0,7
2022-23,31,Bologna,44,12,8,10,39.0,37.0,2.0,8
2022-23,31,Fiorentina,42,11,9,10,35.0,33.0,2.0,9
2022-23,31,Sassuolo,40,11,7,12,38.0,43.0,-5.0,10
2022-23,31,Udinese,39,9,12,9,39.0,39.0,0.0,11
2022-23,31,Torino,39,10,9,11,31.0,36.0,-5.0,12
2022-23,31,Monza,38,10,8,12,35.0,41.0,-6.0,13
2022-23,31,Empoli,32,7,11,12,25.0,37.0,-12.0,14
2022-23,31,Salernitana,30,6,12,12,34.0,50.0,-16.0,15
2022-23,31,Lecce,28,6,10,14,26.0,36.0,-10.0,16
2022-23,31,Spezia,26,5,11,14,25.0,48.0,-23.0,17
2022-23,31,Verona,23,5,8,17,24.0,43.0,-19.0,18
2022-23,31,Cremonese,19,3,10,17,27.0,54.0,-27.0,19
2022-23,31,Sampdoria,16,3,7,20,19.0,51.0,-32.0,20
2022-23,32,Napoli,78,25,3,3,67.0,21.0,46.0,1
2022-23,32,Lazio,61,18,7,6,49.0,21.0,28.0,2
2022-23,32,Juventus,59,18,5,8,47.0,26.0,21.0,3
2022-23,32,Milan,56,16,8,7,51.0,37.0,14.0,4
2022-23,32,Roma,56,17,5,9,43.0,29.0,14.0,5
2022-23,32,Inter,54,17,3,11,51.0,34.0,17.0,6
2022-23,32,Atalanta,52,15,7,9,51.0,36.0,15.0,7
2022-23,32,Bologna,44,12,8,11,40.0,39.0,1.0,8
2022-23,32,Udinese,42,10,12,9,42.0,39.0,3.0,9
2022-23,32,Fiorentina,42,11,9,11,37.0,36.0,1.0,10
2022-23,32,Torino,42,11,9,11,32.0,36.0,-4.0,11
2022-23,32,Monza,41,11,8,12,38.0,43.0,-5.0,12
2022-23,32,Sassuolo,40,11,7,13,38.0,46.0,-8.0,13
2022-23,32,Salernitana,33,7,12,12,37.0,50.0,-13.0,14
2022-23,32,Empoli,32,7,11,13,25.0,40.0,-15.0,15
2022-23,32,Lecce,28,6,10,15,26.0,38.0,-12.0,16
2022-23,32,Spezia,27,5,12,14,26.0,49.0,-23.0,17
2022-23,32,Verona,26,6,8,17,26.0,44.0,-18.0,18
2022-23,32,Cremonese,19,3,10,18,27.0,57.0,-30.0,19
2022-23,32,Sampdoria,17,3,8,20,20.0,52.0,-32.0,20
2022-23,33,Napoli,79,25,4,3,68.0,22.0,46.0,1
2022-23,33,Lazio,61,18,7,7,50.0,24.0,26.0,2
2022-23,33,Juventus,60,18,6,8,48.0,27.0,21.0,3
2022-23,33,Inter,57,18,3,11,54.0,35.0,19.0,4
2022-23,33,Milan,57,16,9,7,52.0,38.0,14.0,5
2022-23,33,Roma,57,17,6,9,44.0,30.0,14.0,6
2022-23,33,Atalanta,55,16,7,9,53.0,37.0,16.0,7
2022-23,33,Fiorentina,45,12,9,11,42.0,36.0,6.0,8
2022-23,33,Bologna,45,12,9,11,41.0,40.0,1.0,9
2022-23,33,Monza,44,12,8,12,40.0,43.0,-3.0,10
2022-23,33,Sassuolo,43,12,7,13,40.0,47.0,-7.0,11
2022-23,33,Udinese,42,10,12,10,42.0,40.0,2.0,12
2022-23,33,Torino,42,11,9,12,33.0,38.0,-5.0,13
2022-23,33,Salernitana,34,7,13,12,38.0,51.0,-13.0,14
2022-23,33,Empoli,32,7,11,14,26.0,42.0,-16.0,15
2022-23,33,Lecce,31,7,10,15,27.0,38.0,-11.0,16
2022-23,33,Verona,27,6,9,17,27.0,45.0,-18.0,17
2022-23,33,Spezia,27,5,12,15,26.0,51.0,-25.0,18
2022-23,33,Cremonese,20,3,11,18,28.0,58.0,-30.0,19
2022-23,33,Sampdoria,17,3,8,21,20.0,57.0,-37.0,20
2022-23,34,Napoli,80,25,5,3,69.0,23.0,46.0,1
2022-23,34,Lazio,64,19,7,7,52.0,24.0,28.0,2
2022-23,34,Juventus,63,19,6,8,50.0,28.0,22.0,3
2022-23,34,Inter,60,19,3,11,60.0,35.0,25.0,4
2022-23,34,Atalanta,58,17,7,9,56.0,39.0,17.0,5
2022-23,34,Milan,58,16,10,7,53.0,39.0,14.0,6
2022-23,34,Roma,58,17,7,9,45.0,31.0,14.0,7
2022-23,34,Fiorentina,46,12,10,11,45.0,39.0,6.0,8
2022-23,34,Bologna,45,12,9,12,42.0,43.0,-1.0,9
2022-23,34,Monza,45,12,9,12,41.0,44.0,-3.0,10
2022-23,34,Torino,45,12,9,12,35.0,38.0,-3.0,11
2022-23,34,Udinese,43,10,13,10,43.0,41.0,2.0,12
2022-23,34,Sassuolo,43,12,7,14,40.0,49.0,-9.0,13
2022-23,34,Salernitana,35,7,14,12,41.0,54.0,-13.0,14
2022-23,34,Empoli,35,8,11,14,29.0,43.0,-14.0,15
2022-23,34,Lecce,31,7,10,16,28.0,40.0,-12.0,16
2022-23,34,Verona,27,6,9,18,27.0,51.0,-24.0,17
2022-23,34,Spezia,27,5,12,16,28.0,54.0,-26.0,18
2022-23,34,Cremonese,21,3,12,18,29.0,59.0,-30.0,19
2022-23,34,Sampdoria,17,3,8,22,20.0,59.0,-39.0,20
2022-23,35,Napoli,83,26,5,3,70.0,23.0,47.0,1
2022-23,35,Juventus,66,20,6,8,52.0,28.0,24.0,2
2022-23,35,Lazio,64,19,7,8,52.0,26.0,26.0,3
2022-23,35,Inter,63,20,3,11,62.0,35.0,27.0,4
2022-23,35,Milan,61,17,10,7,55.0,39.0,16.0,5
2022-23,35,Atalanta,58,17,7,10,56.0,41.0,15.0,6
2022-23,35,Roma,58,17,7,10,45.0,33.0,12.0,7
2022-23,35,Fiorentina,46,12,10,12,45.0,40.0,5.0,8
2022-23,35,Udinese,46,11,13,10,45.0,41.0,4.0,9
2022-23,35,Bologna,46,12,10,12,43.0,44.0,-1.0,10
2022-23,35,Monza,46,12,10,12,42.0,45.0,-3.0,11
2022-23,35,Torino,46,12,10,12,36.0,39.0,-3.0,12
2022-23,35,Sassuolo,44,12,8,14,41.0,50.0,-9.0,13
2022-23,35,Empoli,38,9,11,14,31.0,44.0,-13.0,14
2022-23,35,Salernitana,35,7,14,13,42.0,56.0,-14.0,15
2022-23,35,Lecce,31,7,10,17,28.0,41.0,-13.0,16
2022-23,35,Verona,30,7,9,18,28.0,51.0,-23.0,17
2022-23,35,Spezia,27,5,12,17,28.0,56.0,-28.0,18
2022-23,35,Cremonese,24,4,12,18,31.0,59.0,-28.0,19
2022-23,35,Sampdoria,17,3,8,23,20.0,61.0,-41.0,20
2022-23,36,Napoli,83,26,5,4,70.0,25.0,45.0,1
2022-23,36,Juventus,69,21,6,8,54.0,28.0,26.0,2
2022-23,36,Inter,66,21,3,11,66.0,37.0,29.0,3
2022-23,36,Lazio,65,19,8,8,54.0,28.0,26.0,4
2022-23,36,Milan,61,17,10,8,55.0,41.0,14.0,5
2022-23,36,Roma,59,17,8,10,45.0,33.0,12.0,6
2022-23,36,Atalanta,58,17,7,11,56.0,42.0,14.0,7
2022-23,36,Fiorentina,49,13,10,12,47.0,40.0,7.0,8
2022-23,36,Monza,49,13,10,12,44.0,45.0,-1.0,9
2022-23,36,Torino,49,13,10,12,37.0,39.0,-2.0,10
2022-23,36,Bologna,47,12,11,12,43.0,44.0,-1.0,11
2022-23,36,Udinese,46,11,13,11,45.0,43.0,2.0,12
2022-23,36,Sassuolo,44,12,8,15,43.0,54.0,-11.0,13
2022-23,36,Empoli,39,9,12,14,32.0,45.0,-13.0,14
2022-23,36,Salernitana,38,8,14,13,43.0,56.0,-13.0,15
2022-23,36,Lecce,32,7,11,17,30.0,43.0,-13.0,16
2022-23,36,Verona,30,7,9,19,28.0,52.0,-24.0,17
2022-23,36,Spezia,30,6,12,17,30.0,56.0,-26.0,18
2022-23,36,Cremonese,24,4,12,19,31.0,61.0,-30.0,19
2022-23,36,Sampdoria,18,3,9,23,21.0,62.0,-41.0,20
2022-23,37,Napoli,86,27,5,4,73.0,26.0,47.0,1
2022-23,37,Juventus,69,21,6,9,55.0,32.0,23.0,2
2022-23,37,Lazio,68,20,8,8,55.0,28.0,27.0,3
2022-23,37,Inter,66,21,3,12,67.0,40.0,27.0,4
2022-23,37,Milan,64,18,10,8,60.0,42.0,18.0,5
2022-23,37,Atalanta,61,18,7,11,59.0,43.0,16.0,6
2022-23,37,Roma,60,17,9,10,47.0,35.0,12.0,7
2022-23,37,Monza,52,14,10,12,46.0,46.0,0.0,8
2022-23,37,Fiorentina,50,13,11,12,48.0,41.0,7.0,9
2022-23,37,Bologna,50,13,11,12,48.0,45.0,3.0,10
2022-23,37,Torino,50,13,11,12,38.0,40.0,-2.0,11
2022-23,37,Udinese,46,11,13,12,45.0,44.0,1.0,12
2022-23,37,Sassuolo,44,12,8,16,44.0,56.0,-12.0,13
2022-23,37,Empoli,42,10,12,14,36.0,46.0,-10.0,14
2022-23,37,Salernitana,39,8,15,13,45.0,58.0,-13.0,15
2022-23,37,Lecce,33,7,12,17,30.0,43.0,-13.0,16
2022-23,37,Spezia,31,6,13,17,30.0,56.0,-26.0,17
2022-23,37,Verona,30,7,9,20,29.0,55.0,-26.0,18
2022-23,37,Cremonese,24,4,12,20,32.0,66.0,-34.0,19
2022-23,37,Sampdoria,18,3,9,24,22.0,67.0,-45.0,20
2022-23,38,Napoli,87,27,6,4,75.0,28.0,47.0,1
2022-23,38,Lazio,71,21,8,8,58.0,30.0,28.0,2
2022-23,38,Inter,69,22,3,12,70.0,42.0,28.0,3
2022-23,38,Juventus,69,21,6,10,55.0,33.0,22.0,4
2022-23,38,Milan,67,19,10,8,61.0,42.0,19.0,5
2022-23,38,Atalanta,61,18,7,12,61.0,46.0,15.0,6
2022-23,38,Roma,60,17,9,11,48.0,37.0,11.0,7
2022-23,38,Fiorentina,53,14,11,12,50.0,42.0,8.0,8
2022-23,38,Torino,53,14,11,12,42.0,40.0,2.0,9
2022-23,38,Monza,52,14,10,13,46.0,47.0,-1.0,10
2022-23,38,Bologna,51,13,12,12,50.0,47.0,3.0,11
2022-23,38,Udinese,46,11,13,13,47.0,47.0,0.0,12
2022-23,38,Sassuolo,45,12,9,16,46.0,58.0,-12.0,13
2022-23,38,Empoli,43,10,13,14,37.0,47.0,-10.0,14
2022-23,38,Salernitana,42,9,15,13,48.0,60.0,-12.0,15
2022-23,38,Lecce,36,8,12,17,31.0,43.0,-12.0,16
2022-23,38,Verona,31,7,10,20,30.0,56.0,-26.0,17
2022-23,38,Spezia,31,6,13,18,30.0,60.0,-30.0,18
2022-23,38,Cremonese,24,4,12,21,34.0,69.0,-35.0,19
2022-23,38,Sampdoria,19,3,10,24,24.0,69.0,-45.0,20
2023-24,1,Lecce,0,0,0,0,0,0,0,1
2023-24,1,Roma,0,0,0,0,0,0,0,2
2023-24,1,Inter,0,0,0,0,0,0,0,3
2023-24,1,Bologna,0,0,0,0,0,0,0,4
2023-24,1,Salernitana,0,0,0,0,0,0,0,5
2023-24,1,Genoa,0,0,0,0,0,0,0,6
2023-24,1,Fiorentina,0,0,0,0,0,0,0,7
2023-24,1,Juventus,0,0,0,0,0,0,0,8
2023-24,1,Atalanta,0,0,0,0,0,0,0,9
2023-24,1,Udinese,0,0,0,0,0,0,0,10
2023-24,1,Napoli,0,0,0,0,0,0,0,11
2023-24,1,Lazio,0,0,0,0,0,0,0,12
2023-24,1,Empoli,0,0,0,0,0,0,0,13
2023-24,1,Frosinone,0,0,0,0,0,0,0,14
2023-24,1,Verona,0,0,0,0,0,0,0,15
2023-24,1,Sassuolo,0,0,0,0,0,0,0,16
2023-24,1,Monza,0,0,0,0,0,0,0,17
2023-24,1,Milan,0,0,0,0,0,0,0,18
2023-24,1,Torino,0,0,0,0,0,0,0,19
2023-24,1,Cagliari,0,0,0,0,0,0,0,20
2023-24,2,Fiorentina,3,1,0,0,4.0,1.0,3.0,1
2023-24,2,Juventus,3,1,0,0,3.0,0.0,3.0,2
2023-24,2,Napoli,3,1,0,0,3.0,1.0,2.0,3
2023-24,2,Inter,3,1,0,0,2.0,0.0,2.0,4
2023-24,2,Atalanta,3,1,0,0,2.0,0.0,2.0,5
2023-24,2,Milan,3,1,0,0,2.0,0.0,2.0,6
2023-24,2,Lecce,3,1,0,0,2.0,1.0,1.0,7
2023-24,2,Verona,3,1,0,0,1.0,0.0,1.0,8
2023-24,2,Roma,1,0,1,0,2.0,2.0,0.0,9
2023-24,2,Salernitana,1,0,1,0,2.0,2.0,0.0,10
2023-24,2,Torino,1,0,1,0,0.0,0.0,0.0,11
2023-24,2,Cagliari,1,0,1,0,0.0,0.0,0.0,12
2023-24,2,Lazio,0,0,0,1,1.0,2.0,-1.0,13
2023-24,2,Empoli,0,0,0,1,0.0,1.0,-1.0,14
2023-24,2,Frosinone,0,0,0,1,1.0,3.0,-2.0,15
2023-24,2,Bologna,0,0,0,1,0.0,2.0,-2.0,16
2023-24,2,Sassuolo,0,0,0,1,0.0,2.0,-2.0,17
2023-24,2,Monza,0,0,0,1,0.0,2.0,-2.0,18
2023-24,2,Genoa,0,0,0,1,1.0,4.0,-3.0,19
2023-24,2,Udinese,0,0,0,1,0.0,3.0,-3.0,20
2023-24,3,Milan,6,2,0,0,6.0,1.0,5.0,1
2023-24,3,Napoli,6,2,0,0,5.0,1.0,4.0,2
2023-24,3,Inter,6,2,0,0,4.0,0.0,4.0,3
2023-24,3,Verona,6,2,0,0,3.0,1.0,2.0,4
2023-24,3,Fiorentina,4,1,1,0,6.0,3.0,3.0,5
2023-24,3,Juventus,4,1,1,0,4.0,1.0,3.0,6
2023-24,3,Lecce,4,1,1,0,4.0,3.0,1.0,7
2023-24,3,Atalanta,3,1,0,1,3.0,2.0,1.0,8
2023-24,3,Monza,3,1,0,1,2.0,2.0,0.0,9
2023-24,3,Frosinone,3,1,0,1,3.0,4.0,-1.0,10
2023-24,3,Genoa,3,1,0,1,2.0,4.0,-2.0,11
2023-24,3,Salernitana,2,0,2,0,3.0,3.0,0.0,12
2023-24,3,Roma,1,0,1,1,3.0,4.0,-1.0,13
2023-24,3,Bologna,1,0,1,1,1.0,3.0,-2.0,14
2023-24,3,Cagliari,1,0,1,1,0.0,2.0,-2.0,15
2023-24,3,Udinese,1,0,1,1,1.0,4.0,-3.0,16
2023-24,3,Torino,1,0,1,1,1.0,4.0,-3.0,17
2023-24,3,Lazio,0,0,0,2,1.0,3.0,-2.0,18
2023-24,3,Empoli,0,0,0,2,0.0,3.0,-3.0,19
2023-24,3,Sassuolo,0,0,0,2,0.0,4.0,-4.0,20
2023-24,4,Inter,9,3,0,0,8.0,0.0,8.0,1
2023-24,4,Milan,9,3,0,0,8.0,2.0,6.0,2
2023-24,4,Juventus,7,2,1,0,6.0,1.0,5.0,3
2023-24,4,Lecce,7,2,1,0,6.0,3.0,3.0,4
2023-24,4,Atalanta,6,2,0,1,6.0,2.0,4.0,5
2023-24,4,Napoli,6,2,0,1,6.0,3.0,3.0,6
2023-24,4,Verona,6,2,0,1,4.0,4.0,0.0,7
2023-24,4,Fiorentina,4,1,1,1,6.0,7.0,-1.0,8
2023-24,4,Bologna,4,1,1,1,3.0,4.0,-1.0,9
2023-24,4,Frosinone,4,1,1,1,3.0,4.0,-1.0,10
2023-24,4,Torino,4,1,1,1,2.0,4.0,-2.0,11
2023-24,4,Lazio,3,1,0,2,3.0,4.0,-1.0,12
2023-24,4,Sassuolo,3,1,0,2,3.0,5.0,-2.0,13
2023-24,4,Genoa,3,1,0,2,2.0,5.0,-3.0,14
2023-24,4,Monza,3,1,0,2,2.0,5.0,-3.0,15
2023-24,4,Salernitana,2,0,2,1,3.0,5.0,-2.0,16
2023-24,4,Udinese,2,0,2,1,1.0,4.0,-3.0,17
2023-24,4,Roma,1,0,1,2,4.0,6.0,-2.0,18
2023-24,4,Cagliari,1,0,1,2,1.0,4.0,-3.0,19
2023-24,4,Empoli,0,0,0,3,0.0,5.0,-5.0,20
2023-24,5,Inter,12,4,0,0,13.0,1.0,12.0,1
2023-24,5,Juventus,10,3,1,0,9.0,2.0,7.0,2
2023-24,5,Milan,9,3,0,1,9.0,7.0,2.0,3
2023-24,5,Lecce,8,2,2,0,7.0,4.0,3.0,4
2023-24,5,Napoli,7,2,1,1,8.0,5.0,3.0,5
2023-24,5,Frosinone,7,2,1,1,7.0,6.0,1.0,6
2023-24,5,Torino,7,2,1,1,5.0,4.0,1.0,7
2023-24,5,Fiorentina,7,2,1,1,9.0,9.0,0.0,8
2023-24,5,Verona,7,2,1,1,4.0,4.0,0.0,9
2023-24,5,Atalanta,6,2,0,2,8.0,5.0,3.0,10
2023-24,5,Bologna,5,1,2,1,3.0,4.0,-1.0,11
2023-24,5,Roma,4,1,1,2,11.0,6.0,5.0,12
2023-24,5,Genoa,4,1,1,2,4.0,7.0,-3.0,13
2023-24,5,Monza,4,1,1,2,3.0,6.0,-3.0,14
2023-24,5,Lazio,3,1,0,3,4.0,7.0,-3.0,15
2023-24,5,Udinese,3,0,3,1,1.0,4.0,-3.0,16
2023-24,5,Sassuolo,3,1,0,3,5.0,9.0,-4.0,17
2023-24,5,Cagliari,2,0,2,2,1.0,4.0,-3.0,18
2023-24,5,Salernitana,2,0,2,2,3.0,8.0,-5.0,19
2023-24,5,Empoli,0,0,0,4,0.0,12.0,-12.0,20
2023-24,6,Inter,15,5,0,0,14.0,1.0,13.0,1
2023-24,6,Milan,12,4,0,1,10.0,7.0,3.0,2
2023-24,6,Lecce,11,3,2,0,8.0,4.0,4.0,3
2023-24,6,Juventus,10,3,1,1,11.0,6.0,5.0,4
2023-24,6,Fiorentina,10,3,1,1,11.0,9.0,2.0,5
2023-24,6,Atalanta,9,3,0,2,10.0,5.0,5.0,6
2023-24,6,Napoli,8,2,2,1,8.0,5.0,3.0,7
2023-24,6,Frosinone,8,2,2,1,8.0,7.0,1.0,8
2023-24,6,Torino,8,2,2,1,6.0,5.0,1.0,9
2023-24,6,Verona,7,2,1,2,4.0,5.0,-1.0,10
2023-24,6,Bologna,6,1,3,1,3.0,4.0,-1.0,11
2023-24,6,Sassuolo,6,2,0,3,9.0,11.0,-2.0,12
2023-24,6,Roma,5,1,2,2,12.0,7.0,5.0,13
2023-24,6,Monza,5,1,2,2,4.0,7.0,-3.0,14
2023-24,6,Lazio,4,1,1,3,5.0,8.0,-3.0,15
2023-24,6,Genoa,4,1,1,3,4.0,8.0,-4.0,16
2023-24,6,Salernitana,3,0,3,2,4.0,9.0,-5.0,17
2023-24,6,Udinese,3,0,3,2,1.0,6.0,-5.0,18
2023-24,6,Cagliari,2,0,2,3,1.0,6.0,-5.0,19
2023-24,6,Empoli,0,0,0,5,0.0,13.0,-13.0,20
2023-24,7,Inter,15,5,0,1,15.0,3.0,12.0,1
2023-24,7,Milan,15,5,0,1,13.0,8.0,5.0,2
2023-24,7,Juventus,13,4,1,1,12.0,6.0,6.0,3
2023-24,7,Atalanta,12,4,0,2,11.0,5.0,6.0,4
2023-24,7,Napoli,11,3,2,1,12.0,6.0,6.0,5
2023-24,7,Lecce,11,3,2,1,8.0,5.0,3.0,6
2023-24,7,Fiorentina,11,3,2,1,12.0,10.0,2.0,7
2023-24,7,Frosinone,9,2,3,1,9.0,8.0,1.0,8
2023-24,7,Sassuolo,9,3,0,3,11.0,12.0,-1.0,9
2023-24,7,Torino,8,2,2,2,6.0,7.0,-1.0,10
2023-24,7,Genoa,7,2,1,3,8.0,9.0,-1.0,11
2023-24,7,Lazio,7,2,1,3,7.0,8.0,-1.0,12
2023-24,7,Bologna,7,1,4,1,3.0,4.0,-1.0,13
2023-24,7,Verona,7,2,1,3,4.0,6.0,-2.0,14
2023-24,7,Monza,6,1,3,2,4.0,7.0,-3.0,15
2023-24,7,Roma,5,1,2,3,13.0,11.0,2.0,16
2023-24,7,Salernitana,3,0,3,3,4.0,10.0,-6.0,17
2023-24,7,Udinese,3,0,3,3,2.0,10.0,-8.0,18
2023-24,7,Empoli,3,1,0,5,1.0,13.0,-12.0,19
2023-24,7,Cagliari,2,0,2,4,2.0,9.0,-7.0,20
2023-24,8,Inter,18,6,0,1,19.0,3.0,16.0,1
2023-24,8,Milan,18,6,0,1,15.0,8.0,7.0,2
2023-24,8,Napoli,14,4,2,1,16.0,6.0,10.0,3
2023-24,8,Juventus,14,4,2,1,12.0,6.0,6.0,4
2023-24,8,Fiorentina,14,4,2,1,15.0,10.0,5.0,5
2023-24,8,Atalanta,13,4,1,2,11.0,5.0,6.0,6
2023-24,8,Lecce,11,3,2,2,8.0,9.0,-1.0,7
2023-24,8,Bologna,10,2,4,1,6.0,4.0,2.0,8
2023-24,8,Frosinone,9,2,3,2,9.0,10.0,-1.0,9
2023-24,8,Torino,9,2,3,2,6.0,7.0,-1.0,10
2023-24,8,Sassuolo,9,3,0,4,11.0,13.0,-2.0,11
2023-24,8,Monza,9,2,3,2,5.0,7.0,-2.0,12
2023-24,8,Roma,8,2,2,3,15.0,11.0,4.0,13
2023-24,8,Genoa,8,2,2,3,10.0,11.0,-1.0,14
2023-24,8,Verona,8,2,2,3,4.0,6.0,-2.0,15
2023-24,8,Lazio,7,2,1,4,7.0,10.0,-3.0,16
2023-24,8,Udinese,4,0,4,3,4.0,12.0,-8.0,17
2023-24,8,Salernitana,3,0,3,4,4.0,14.0,-10.0,18
2023-24,8,Empoli,3,1,0,6,1.0,16.0,-15.0,19
2023-24,8,Cagliari,2,0,2,5,2.0,12.0,-10.0,20
2023-24,9,Milan,21,7,0,1,16.0,8.0,8.0,1
2023-24,9,Inter,19,6,1,1,21.0,5.0,16.0,2
2023-24,9,Juventus,17,5,2,1,14.0,6.0,8.0,3
2023-24,9,Fiorentina,17,5,2,1,18.0,11.0,7.0,4
2023-24,9,Napoli,14,4,2,2,17.0,9.0,8.0,5
2023-24,9,Atalanta,13,4,1,3,13.0,8.0,5.0,6
2023-24,9,Monza,12,3,3,2,8.0,7.0,1.0,7
2023-24,9,Frosinone,12,3,3,2,11.0,11.0,0.0,8
2023-24,9,Lecce,12,3,3,2,9.0,10.0,-1.0,9
2023-24,9,Roma,11,3,2,3,19.0,12.0,7.0,10
2023-24,9,Bologna,11,2,5,1,8.0,6.0,2.0,11
2023-24,9,Sassuolo,10,3,1,4,12.0,14.0,-2.0,12
2023-24,9,Lazio,10,3,1,4,10.0,12.0,-2.0,13
2023-24,9,Torino,9,2,3,3,6.0,9.0,-3.0,14
2023-24,9,Genoa,8,2,2,4,10.0,12.0,-2.0,15
2023-24,9,Verona,8,2,2,4,5.0,8.0,-3.0,16
2023-24,9,Udinese,5,0,5,3,4.0,12.0,-8.0,17
2023-24,9,Empoli,4,1,1,6,1.0,16.0,-15.0,18
2023-24,9,Salernitana,3,0,3,5,4.0,17.0,-13.0,19
2023-24,9,Cagliari,2,0,2,6,3.0,16.0,-13.0,20
2023-24,10,Inter,22,7,1,1,24.0,5.0,19.0,1
2023-24,10,Milan,21,7,0,2,16.0,9.0,7.0,2
2023-24,10,Juventus,20,6,2,1,15.0,6.0,9.0,3
2023-24,10,Napoli,17,5,2,2,20.0,10.0,10.0,4
2023-24,10,Fiorentina,17,5,2,2,18.0,13.0,5.0,5
2023-24,10,Atalanta,16,5,1,3,15.0,8.0,7.0,6
2023-24,10,Roma,14,4,2,3,20.0,12.0,8.0,7
2023-24,10,Bologna,14,3,5,1,10.0,7.0,3.0,8
2023-24,10,Lazio,13,4,1,4,12.0,12.0,0.0,9
2023-24,10,Lecce,13,3,4,2,10.0,11.0,-1.0,10
2023-24,10,Monza,12,3,3,3,8.0,8.0,0.0,11
2023-24,10,Frosinone,12,3,3,3,12.0,13.0,-1.0,12
2023-24,10,Sassuolo,10,3,1,5,12.0,16.0,-4.0,13
2023-24,10,Torino,9,2,3,4,6.0,12.0,-6.0,14
2023-24,10,Genoa,8,2,2,5,10.0,14.0,-4.0,15
2023-24,10,Verona,8,2,2,5,6.0,11.0,-5.0,16
2023-24,10,Empoli,7,2,1,6,3.0,16.0,-13.0,17
2023-24,10,Udinese,6,0,6,3,5.0,13.0,-8.0,18
2023-24,10,Salernitana,4,0,4,5,6.0,19.0,-13.0,19
2023-24,10,Cagliari,3,0,3,6,5.0,18.0,-13.0,20
2023-24,11,Inter,25,8,1,1,25.0,5.0,20.0,1
2023-24,11,Juventus,23,7,2,1,16.0,6.0,10.0,2
2023-24,11,Milan,22,7,1,2,18.0,11.0,7.0,3
2023-24,11,Atalanta,19,6,1,3,18.0,8.0,10.0,4
2023-24,11,Napoli,18,5,3,2,22.0,12.0,10.0,5
2023-24,11,Fiorentina,17,5,2,3,18.0,14.0,4.0,6
2023-24,11,Lazio,16,5,1,4,13.0,12.0,1.0,7
2023-24,11,Bologna,15,3,6,1,11.0,8.0,3.0,8
2023-24,11,Roma,14,4,2,4,20.0,13.0,7.0,9
2023-24,11,Monza,13,3,4,3,9.0,9.0,0.0,10
2023-24,11,Lecce,13,3,4,3,10.0,12.0,-2.0,11
2023-24,11,Frosinone,12,3,3,4,15.0,17.0,-2.0,12
2023-24,11,Torino,12,3,3,4,7.0,12.0,-5.0,13
2023-24,11,Genoa,11,3,2,5,11.0,14.0,-3.0,14
2023-24,11,Sassuolo,11,3,2,5,13.0,17.0,-4.0,15
2023-24,11,Verona,8,2,2,6,6.0,12.0,-6.0,16
2023-24,11,Udinese,7,0,7,3,6.0,14.0,-8.0,17
2023-24,11,Empoli,7,2,1,7,3.0,19.0,-16.0,18
2023-24,11,Cagliari,6,1,3,6,9.0,21.0,-12.0,19
2023-24,11,Salernitana,4,0,4,6,6.0,20.0,-14.0,20
2023-24,12,Inter,28,9,1,1,27.0,6.0,21.0,1
2023-24,12,Juventus,26,8,2,1,17.0,6.0,11.0,2
2023-24,12,Milan,22,7,1,3,18.0,12.0,6.0,3
2023-24,12,Napoli,21,6,3,2,24.0,12.0,12.0,4
2023-24,12,Atalanta,19,6,1,4,19.0,10.0,9.0,5
2023-24,12,Bologna,18,4,6,1,12.0,8.0,4.0,6
2023-24,12,Roma,17,5,2,4,22.0,14.0,8.0,7
2023-24,12,Fiorentina,17,5,2,4,18.0,15.0,3.0,8
2023-24,12,Monza,16,4,4,3,12.0,10.0,2.0,9
2023-24,12,Lazio,16,5,1,5,13.0,13.0,0.0,10
2023-24,12,Frosinone,15,4,3,4,17.0,18.0,-1.0,11
2023-24,12,Torino,15,4,3,4,9.0,13.0,-4.0,12
2023-24,12,Lecce,13,3,4,4,11.0,14.0,-3.0,13
2023-24,12,Genoa,11,3,2,6,12.0,16.0,-4.0,14
2023-24,12,Sassuolo,11,3,2,6,14.0,19.0,-5.0,15
2023-24,12,Udinese,10,1,7,3,7.0,14.0,-7.0,16
2023-24,12,Cagliari,9,2,3,6,11.0,22.0,-11.0,17
2023-24,12,Verona,8,2,2,7,7.0,15.0,-8.0,18
2023-24,12,Empoli,7,2,1,8,4.0,21.0,-17.0,19
2023-24,12,Salernitana,4,0,4,7,6.0,22.0,-16.0,20
2023-24,13,Inter,31,10,1,1,29.0,6.0,23.0,1
2023-24,13,Juventus,29,9,2,1,19.0,7.0,12.0,2
2023-24,13,Milan,23,7,2,3,20.0,14.0,6.0,3
2023-24,13,Napoli,21,6,3,3,24.0,13.0,11.0,4
2023-24,13,Atalanta,20,6,2,4,20.0,11.0,9.0,5
2023-24,13,Fiorentina,20,6,2,4,20.0,16.0,4.0,6
2023-24,13,Roma,18,5,3,4,22.0,14.0,8.0,7
2023-24,13,Bologna,18,4,6,2,13.0,10.0,3.0,8
2023-24,13,Monza,17,4,5,3,13.0,11.0,2.0,9
2023-24,13,Lazio,17,5,2,5,13.0,13.0,0.0,10
2023-24,13,Torino,16,4,4,4,10.0,14.0,-4.0,11
2023-24,13,Frosinone,15,4,3,5,17.0,20.0,-3.0,12
2023-24,13,Lecce,14,3,5,4,13.0,16.0,-3.0,13
2023-24,13,Genoa,14,4,2,6,13.0,16.0,-3.0,14
2023-24,13,Sassuolo,12,3,3,6,16.0,21.0,-5.0,15
2023-24,13,Udinese,11,1,8,3,8.0,15.0,-7.0,16
2023-24,13,Empoli,10,3,1,8,5.0,21.0,-16.0,17
2023-24,13,Cagliari,9,2,3,7,12.0,24.0,-12.0,18
2023-24,13,Verona,8,2,2,8,7.0,16.0,-9.0,19
2023-24,13,Salernitana,5,0,5,7,8.0,24.0,-16.0,20
2023-24,14,Inter,32,10,2,1,30.0,7.0,23.0,1
2023-24,14,Juventus,30,9,3,1,20.0,8.0,12.0,2
2023-24,14,Milan,26,8,2,3,21.0,14.0,7.0,3
2023-24,14,Napoli,24,7,3,3,26.0,14.0,12.0,4
2023-24,14,Roma,21,6,3,4,25.0,15.0,10.0,5
2023-24,14,Bologna,21,5,6,2,15.0,10.0,5.0,6
2023-24,14,Atalanta,20,6,2,5,21.0,13.0,8.0,7
2023-24,14,Fiorentina,20,6,2,5,20.0,17.0,3.0,8
2023-24,14,Monza,18,4,6,3,14.0,12.0,2.0,9
2023-24,14,Frosinone,18,5,3,5,19.0,21.0,-2.0,10
2023-24,14,Lazio,17,5,2,6,14.0,15.0,-1.0,11
2023-24,14,Torino,16,4,4,5,10.0,16.0,-6.0,12
2023-24,14,Lecce,15,3,6,4,15.0,18.0,-3.0,13
2023-24,14,Sassuolo,15,4,3,6,20.0,24.0,-4.0,14
2023-24,14,Genoa,14,4,2,7,14.0,18.0,-4.0,15
2023-24,14,Udinese,11,1,8,4,9.0,18.0,-9.0,16
2023-24,14,Cagliari,10,2,4,7,13.0,25.0,-12.0,17
2023-24,14,Empoli,10,3,1,9,8.0,25.0,-17.0,18
2023-24,14,Verona,9,2,3,8,9.0,18.0,-9.0,19
2023-24,14,Salernitana,8,1,5,7,10.0,25.0,-15.0,20
2023-24,15,Inter,35,11,2,1,33.0,7.0,26.0,1
2023-24,15,Juventus,33,10,3,1,22.0,9.0,13.0,2
2023-24,15,Milan,29,9,2,3,24.0,15.0,9.0,3
2023-24,15,Roma,24,7,3,4,27.0,16.0,11.0,4
2023-24,15,Napoli,24,7,3,4,26.0,17.0,9.0,5
2023-24,15,Fiorentina,23,7,2,5,23.0,17.0,6.0,6
2023-24,15,Bologna,22,5,7,2,16.0,11.0,5.0,7
2023-24,15,Atalanta,20,6,2,6,21.0,16.0,5.0,8
2023-24,15,Lazio,20,6,2,6,15.0,15.0,0.0,9
2023-24,15,Torino,19,5,4,5,13.0,16.0,-3.0,10
2023-24,15,Monza,18,4,6,4,15.0,14.0,1.0,11
2023-24,15,Frosinone,18,5,3,6,20.0,24.0,-4.0,12
2023-24,15,Lecce,16,3,7,4,16.0,19.0,-3.0,13
2023-24,15,Genoa,15,4,3,7,15.0,19.0,-4.0,14
2023-24,15,Sassuolo,15,4,3,7,21.0,26.0,-5.0,15
2023-24,15,Udinese,12,1,9,4,12.0,21.0,-9.0,16
2023-24,15,Empoli,11,3,2,9,9.0,26.0,-17.0,17
2023-24,15,Verona,10,2,4,8,12.0,21.0,-9.0,18
2023-24,15,Cagliari,10,2,4,8,13.0,26.0,-13.0,19
2023-24,15,Salernitana,8,1,5,8,10.0,28.0,-18.0,20
2023-24,16,Inter,38,12,2,1,37.0,7.0,30.0,1
2023-24,16,Juventus,36,11,3,1,23.0,9.0,14.0,2
2023-24,16,Milan,29,9,2,4,26.0,18.0,8.0,3
2023-24,16,Roma,25,7,4,4,28.0,17.0,11.0,4
2023-24,16,Bologna,25,6,7,2,18.0,12.0,6.0,5
2023-24,16,Napoli,24,7,3,5,26.0,18.0,8.0,6
2023-24,16,Fiorentina,24,7,3,5,24.0,18.0,6.0,7
2023-24,16,Atalanta,23,7,2,6,24.0,18.0,6.0,8
2023-24,16,Monza,21,5,6,4,16.0,14.0,2.0,9
2023-24,16,Lazio,21,6,3,6,16.0,16.0,0.0,10
2023-24,16,Torino,20,5,5,5,13.0,16.0,-3.0,11
2023-24,16,Frosinone,19,5,4,6,20.0,24.0,-4.0,12
2023-24,16,Lecce,17,3,8,4,17.0,20.0,-3.0,13
2023-24,16,Genoa,15,4,3,8,15.0,20.0,-5.0,14
2023-24,16,Sassuolo,15,4,3,8,22.0,28.0,-6.0,15
2023-24,16,Cagliari,13,3,4,8,15.0,27.0,-12.0,16
2023-24,16,Udinese,12,1,9,5,12.0,25.0,-13.0,17
2023-24,16,Empoli,12,3,3,9,10.0,27.0,-17.0,18
2023-24,16,Verona,11,2,5,8,13.0,22.0,-9.0,19
2023-24,16,Salernitana,8,1,5,9,11.0,30.0,-19.0,20
2023-24,17,Inter,41,13,2,1,39.0,7.0,32.0,1
2023-24,17,Juventus,37,11,4,1,24.0,10.0,14.0,2
2023-24,17,Milan,32,10,2,4,29.0,18.0,11.0,3
2023-24,17,Bologna,28,7,7,2,20.0,12.0,8.0,4
2023-24,17,Napoli,27,8,3,5,28.0,19.0,9.0,5
2023-24,17,Fiorentina,27,8,3,5,25.0,18.0,7.0,6
2023-24,17,Atalanta,26,8,2,6,28.0,19.0,9.0,7
2023-24,17,Roma,25,7,4,5,28.0,19.0,9.0,8
2023-24,17,Torino,23,6,5,5,14.0,16.0,-2.0,9
2023-24,17,Monza,21,5,6,5,16.0,17.0,-1.0,10
2023-24,17,Lazio,21,6,3,7,16.0,18.0,-2.0,11
2023-24,17,Lecce,20,4,8,4,19.0,21.0,-2.0,12
2023-24,17,Frosinone,19,5,4,7,21.0,26.0,-5.0,13
2023-24,17,Genoa,16,4,4,8,16.0,21.0,-5.0,14
2023-24,17,Sassuolo,16,4,4,8,24.0,30.0,-6.0,15
2023-24,17,Cagliari,13,3,4,9,16.0,29.0,-13.0,16
2023-24,17,Udinese,13,1,10,5,14.0,27.0,-13.0,17
2023-24,17,Empoli,12,3,3,10,10.0,28.0,-18.0,18
2023-24,17,Verona,11,2,5,9,13.0,23.0,-10.0,19
2023-24,17,Salernitana,8,1,5,10,12.0,34.0,-22.0,20
2023-24,18,Inter,44,14,2,1,41.0,7.0,34.0,1
2023-24,18,Juventus,40,12,4,1,26.0,11.0,15.0,2
2023-24,18,Milan,33,10,3,4,31.0,20.0,11.0,3
2023-24,18,Bologna,31,8,7,2,21.0,12.0,9.0,4
2023-24,18,Fiorentina,30,9,3,5,26.0,18.0,8.0,5
2023-24,18,Roma,28,8,4,5,30.0,19.0,11.0,6
2023-24,18,Napoli,27,8,3,6,28.0,21.0,7.0,7
2023-24,18,Atalanta,26,8,2,7,28.0,20.0,8.0,8
2023-24,18,Lazio,24,7,3,7,18.0,18.0,0.0,9
2023-24,18,Torino,24,6,6,5,15.0,17.0,-2.0,10
2023-24,18,Monza,21,5,6,6,16.0,18.0,-2.0,11
2023-24,18,Lecce,20,4,8,5,19.0,23.0,-4.0,12
2023-24,18,Genoa,19,5,4,8,18.0,22.0,-4.0,13
2023-24,18,Frosinone,19,5,4,8,22.0,28.0,-6.0,14
2023-24,18,Sassuolo,16,4,4,9,25.0,32.0,-7.0,15
2023-24,18,Verona,14,3,5,9,15.0,23.0,-8.0,16
2023-24,18,Udinese,14,1,11,5,15.0,28.0,-13.0,17
2023-24,18,Cagliari,13,3,4,10,16.0,31.0,-15.0,18
2023-24,18,Empoli,12,3,3,11,10.0,30.0,-20.0,19
2023-24,18,Salernitana,9,1,6,10,14.0,36.0,-22.0,20
2023-24,19,Inter,45,14,3,1,42.0,8.0,34.0,1
2023-24,19,Juventus,43,13,4,1,27.0,11.0,16.0,2
2023-24,19,Milan,36,11,3,4,32.0,20.0,12.0,3
2023-24,19,Fiorentina,33,10,3,5,27.0,18.0,9.0,4
2023-24,19,Bologna,31,8,7,3,21.0,15.0,6.0,5
2023-24,19,Atalanta,29,9,2,7,29.0,20.0,9.0,6
2023-24,19,Roma,28,8,4,6,30.0,20.0,10.0,7
2023-24,19,Napoli,28,8,4,6,28.0,21.0,7.0,8
2023-24,19,Lazio,27,8,3,7,21.0,19.0,2.0,9
2023-24,19,Torino,24,6,6,6,15.0,18.0,-3.0,10
2023-24,19,Monza,22,5,7,6,16.0,18.0,-2.0,11
2023-24,19,Genoa,20,5,5,8,19.0,23.0,-4.0,12
2023-24,19,Lecce,20,4,8,6,19.0,24.0,-5.0,13
2023-24,19,Frosinone,19,5,4,9,23.0,31.0,-8.0,14
2023-24,19,Udinese,17,2,11,5,18.0,28.0,-10.0,15
2023-24,19,Sassuolo,16,4,4,10,25.0,33.0,-8.0,16
2023-24,19,Verona,14,3,5,10,15.0,24.0,-9.0,17
2023-24,19,Cagliari,14,3,5,10,16.0,31.0,-15.0,18
2023-24,19,Empoli,13,3,4,11,10.0,30.0,-20.0,19
2023-24,19,Salernitana,12,2,6,10,15.0,36.0,-21.0,20
2023-24,20,Inter,48,15,3,1,44.0,9.0,35.0,1
2023-24,20,Juventus,46,14,4,1,29.0,12.0,17.0,2
2023-24,20,Milan,39,12,3,4,35.0,20.0,15.0,3
2023-24,20,Fiorentina,33,10,3,6,27.0,19.0,8.0,4
2023-24,20,Bologna,32,8,8,3,22.0,16.0,6.0,5
2023-24,20,Atalanta,30,9,3,7,30.0,21.0,9.0,6
2023-24,20,Lazio,30,9,3,7,23.0,20.0,3.0,7
2023-24,20,Roma,29,8,5,6,31.0,21.0,10.0,8
2023-24,20,Napoli,28,8,4,7,28.0,24.0,4.0,9
2023-24,20,Torino,27,7,6,6,18.0,18.0,0.0,10
2023-24,20,Monza,25,6,7,6,19.0,20.0,-1.0,11
2023-24,20,Genoa,21,5,6,8,20.0,24.0,-4.0,12
2023-24,20,Lecce,21,4,9,6,20.0,25.0,-5.0,13
2023-24,20,Sassuolo,19,5,4,10,26.0,33.0,-7.0,14
2023-24,20,Frosinone,19,5,4,10,25.0,34.0,-9.0,15
2023-24,20,Udinese,17,2,11,6,19.0,30.0,-11.0,16
2023-24,20,Cagliari,15,3,6,10,17.0,32.0,-15.0,17
2023-24,20,Verona,14,3,5,11,16.0,26.0,-10.0,18
2023-24,20,Empoli,13,3,4,12,10.0,33.0,-23.0,19
2023-24,20,Salernitana,12,2,6,11,16.0,38.0,-22.0,20
2023-24,21,Inter,51,16,3,1,49.0,10.0,39.0,1
2023-24,21,Juventus,49,15,4,1,32.0,12.0,20.0,2
2023-24,21,Milan,42,13,3,4,38.0,21.0,17.0,3
2023-24,21,Fiorentina,34,10,4,6,29.0,21.0,8.0,4
2023-24,21,Atalanta,33,10,3,7,35.0,21.0,14.0,5
2023-24,21,Lazio,33,10,3,7,24.0,20.0,4.0,6
2023-24,21,Bologna,32,8,8,4,23.0,18.0,5.0,7
2023-24,21,Napoli,31,9,4,7,30.0,25.0,5.0,8
2023-24,21,Roma,29,8,5,7,32.0,24.0,8.0,9
2023-24,21,Torino,28,7,7,6,18.0,18.0,0.0,10
2023-24,21,Monza,25,6,7,7,20.0,25.0,-5.0,11
2023-24,21,Genoa,22,5,7,8,20.0,24.0,-4.0,12
2023-24,21,Lecce,21,4,9,7,20.0,26.0,-6.0,13
2023-24,21,Sassuolo,19,5,4,11,26.0,36.0,-10.0,14
2023-24,21,Frosinone,19,5,4,11,25.0,39.0,-14.0,15
2023-24,21,Udinese,18,2,12,6,21.0,32.0,-11.0,16
2023-24,21,Cagliari,18,4,6,10,19.0,33.0,-14.0,17
2023-24,21,Verona,17,4,5,11,18.0,27.0,-9.0,18
2023-24,21,Empoli,13,3,4,13,11.0,35.0,-24.0,19
2023-24,21,Salernitana,12,2,6,12,17.0,40.0,-23.0,20
2023-24,22,Inter,54,17,3,1,53.0,10.0,43.0,1
2023-24,22,Juventus,52,16,4,1,35.0,12.0,23.0,2
2023-24,22,Milan,45,14,3,4,41.0,23.0,18.0,3
2023-24,22,Lazio,36,11,3,7,26.0,20.0,6.0,4
2023-24,22,Bologna,35,9,8,4,25.0,18.0,7.0,5
2023-24,22,Napoli,34,10,4,7,36.0,26.0,10.0,6
2023-24,22,Fiorentina,34,10,4,7,29.0,23.0,6.0,7
2023-24,22,Atalanta,33,10,3,8,35.0,25.0,10.0,8
2023-24,22,Roma,32,9,5,7,34.0,25.0,9.0,9
2023-24,22,Torino,28,7,7,7,18.0,20.0,-2.0,10
2023-24,22,Genoa,25,6,7,8,22.0,25.0,-3.0,11
2023-24,22,Monza,25,6,7,8,20.0,28.0,-8.0,12
2023-24,22,Frosinone,22,6,4,11,28.0,40.0,-12.0,13
2023-24,22,Lecce,21,4,9,8,20.0,29.0,-9.0,14
2023-24,22,Sassuolo,19,5,4,12,27.0,42.0,-15.0,15
2023-24,22,Udinese,18,2,12,7,23.0,35.0,-12.0,16
2023-24,22,Cagliari,18,4,6,11,20.0,36.0,-16.0,17
2023-24,22,Verona,17,4,5,12,19.0,29.0,-10.0,18
2023-24,22,Empoli,16,4,4,13,14.0,35.0,-21.0,19
2023-24,22,Salernitana,12,2,6,13,18.0,42.0,-24.0,20
2023-24,23,Inter,57,18,3,1,54.0,10.0,44.0,1
2023-24,23,Juventus,53,16,5,1,36.0,13.0,23.0,2
2023-24,23,Milan,46,14,4,4,43.0,25.0,18.0,3
2023-24,23,Lazio,37,11,4,7,26.0,20.0,6.0,4
2023-24,23,Atalanta,36,11,3,8,37.0,25.0,12.0,5
2023-24,23,Bologna,36,9,9,4,27.0,20.0,7.0,6
2023-24,23,Roma,35,10,5,7,36.0,26.0,10.0,7
2023-24,23,Napoli,35,10,5,7,36.0,26.0,10.0,8
2023-24,23,Fiorentina,34,10,4,8,29.0,24.0,5.0,9
2023-24,23,Torino,31,8,7,7,20.0,21.0,-1.0,10
2023-24,23,Genoa,28,7,7,8,24.0,26.0,-2.0,11
2023-24,23,Monza,28,7,7,8,21.0,28.0,-7.0,12
2023-24,23,Frosinone,23,6,5,11,29.0,41.0,-12.0,13
2023-24,23,Lecce,21,4,9,9,21.0,31.0,-10.0,14
2023-24,23,Sassuolo,19,5,4,13,27.0,43.0,-16.0,15
2023-24,23,Verona,18,4,6,12,20.0,30.0,-10.0,16
2023-24,23,Udinese,18,2,12,8,23.0,37.0,-14.0,17
2023-24,23,Cagliari,18,4,6,12,21.0,38.0,-17.0,18
2023-24,23,Empoli,17,4,5,13,15.0,36.0,-21.0,19
2023-24,23,Salernitana,12,2,6,14,19.0,44.0,-25.0,20
2023-24,24,Inter,60,19,3,1,55.0,10.0,45.0,1
2023-24,24,Juventus,53,16,5,2,36.0,14.0,22.0,2
2023-24,24,Milan,49,15,4,4,46.0,27.0,19.0,3
2023-24,24,Atalanta,39,12,3,8,40.0,26.0,14.0,4
2023-24,24,Bologna,39,10,9,4,31.0,22.0,9.0,5
2023-24,24,Roma,38,11,5,7,40.0,26.0,14.0,6
2023-24,24,Napoli,38,11,5,7,38.0,27.0,11.0,7
2023-24,24,Lazio,37,11,4,8,27.0,23.0,4.0,8
2023-24,24,Fiorentina,34,10,4,9,31.0,27.0,4.0,9
2023-24,24,Torino,32,8,8,7,20.0,21.0,-1.0,10
2023-24,24,Genoa,29,7,8,8,24.0,26.0,-2.0,11
2023-24,24,Monza,29,7,8,8,21.0,28.0,-7.0,12
2023-24,24,Lecce,24,5,9,9,24.0,33.0,-9.0,13
2023-24,24,Frosinone,23,6,5,12,31.0,44.0,-13.0,14
2023-24,24,Udinese,19,2,13,8,23.0,37.0,-14.0,15
2023-24,24,Sassuolo,19,5,4,14,29.0,47.0,-18.0,16
2023-24,24,Verona,18,4,6,13,21.0,32.0,-11.0,17
2023-24,24,Cagliari,18,4,6,13,21.0,42.0,-21.0,18
2023-24,24,Empoli,18,4,6,13,15.0,36.0,-21.0,19
2023-24,24,Salernitana,13,2,7,14,19.0,44.0,-25.0,20
2023-24,25,Inter,63,20,3,1,59.0,12.0,47.0,1
2023-24,25,Juventus,53,16,5,3,36.0,15.0,21.0,2
2023-24,25,Milan,52,16,4,4,47.0,27.0,20.0,3
2023-24,25,Atalanta,42,13,3,8,44.0,27.0,17.0,4
2023-24,25,Bologna,42,11,9,4,35.0,22.0,13.0,5
2023-24,25,Lazio,40,12,4,8,30.0,24.0,6.0,6
2023-24,25,Roma,38,11,5,8,42.0,30.0,12.0,7
2023-24,25,Napoli,38,11,5,8,38.0,28.0,10.0,8
2023-24,25,Fiorentina,37,11,4,9,36.0,28.0,8.0,9
2023-24,25,Torino,33,8,9,7,21.0,22.0,-1.0,10
2023-24,25,Monza,30,7,9,8,21.0,28.0,-7.0,11
2023-24,25,Genoa,29,7,8,9,25.0,30.0,-5.0,12
2023-24,25,Lecce,24,5,9,10,24.0,37.0,-13.0,13
2023-24,25,Frosinone,23,6,5,13,32.0,49.0,-17.0,14
2023-24,25,Udinese,22,3,13,8,24.0,37.0,-13.0,15
2023-24,25,Empoli,21,5,6,13,18.0,37.0,-19.0,16
2023-24,25,Sassuolo,20,5,5,14,30.0,48.0,-18.0,17
2023-24,25,Verona,19,4,7,13,21.0,32.0,-11.0,18
2023-24,25,Cagliari,18,4,6,14,22.0,45.0,-23.0,19
2023-24,25,Salernitana,13,2,7,15,20.0,47.0,-27.0,20
2023-24,26,Inter,66,21,3,1,63.0,12.0,51.0,1
2023-24,26,Juventus,54,16,6,3,38.0,17.0,21.0,2
2023-24,26,Milan,52,16,4,5,49.0,31.0,18.0,3
2023-24,26,Atalanta,45,14,3,8,47.0,27.0,20.0,4
2023-24,26,Bologna,45,12,9,4,37.0,23.0,14.0,5
2023-24,26,Roma,41,12,5,8,45.0,30.0,15.0,6
2023-24,26,Lazio,40,12,4,9,31.0,26.0,5.0,7
2023-24,26,Napoli,39,11,6,8,39.0,29.0,10.0,8
2023-24,26,Fiorentina,38,11,5,9,37.0,29.0,8.0,9
2023-24,26,Torino,36,9,9,7,23.0,22.0,1.0,10
2023-24,26,Monza,33,8,9,8,25.0,30.0,-5.0,11
2023-24,26,Genoa,30,7,9,9,26.0,31.0,-5.0,12
2023-24,26,Lecce,24,5,9,11,24.0,39.0,-15.0,13
2023-24,26,Udinese,23,3,14,8,25.0,38.0,-13.0,14
2023-24,26,Frosinone,23,6,5,14,32.0,52.0,-20.0,15
2023-24,26,Empoli,22,5,7,13,19.0,38.0,-19.0,16
2023-24,26,Verona,20,4,8,13,23.0,34.0,-11.0,17
2023-24,26,Sassuolo,20,5,5,15,30.0,51.0,-21.0,18
2023-24,26,Cagliari,19,4,7,14,23.0,46.0,-23.0,19
2023-24,26,Salernitana,13,2,7,16,20.0,51.0,-31.0,20
2023-24,27,Inter,69,22,3,1,67.0,12.0,55.0,1
2023-24,27,Juventus,57,17,6,3,41.0,19.0,22.0,2
2023-24,27,Milan,53,16,5,5,50.0,32.0,18.0,3
2023-24,27,Bologna,48,13,9,4,39.0,23.0,16.0,4
2023-24,27,Atalanta,46,14,4,8,48.0,28.0,20.0,5
2023-24,27,Roma,44,13,5,8,48.0,32.0,16.0,6
2023-24,27,Fiorentina,41,12,5,9,39.0,30.0,9.0,7
2023-24,27,Napoli,40,11,7,8,40.0,30.0,10.0,8
2023-24,27,Lazio,40,12,4,10,32.0,28.0,4.0,9
2023-24,27,Torino,36,9,9,8,25.0,25.0,0.0,10
2023-24,27,Monza,36,9,9,8,27.0,30.0,-3.0,11
2023-24,27,Genoa,33,8,9,9,28.0,31.0,-3.0,12
2023-24,27,Empoli,25,6,7,13,22.0,40.0,-18.0,13
2023-24,27,Lecce,24,5,9,12,24.0,43.0,-19.0,14
2023-24,27,Udinese,23,3,14,9,25.0,40.0,-15.0,15
2023-24,27,Frosinone,23,6,5,15,34.0,55.0,-21.0,16
2023-24,27,Verona,20,4,8,14,23.0,36.0,-13.0,17
2023-24,27,Sassuolo,20,5,5,16,32.0,54.0,-22.0,18
2023-24,27,Cagliari,20,4,8,14,24.0,47.0,-23.0,19
2023-24,27,Salernitana,13,2,7,17,20.0,53.0,-33.0,20
2023-24,28,Inter,72,23,3,1,69.0,13.0,56.0,1
2023-24,28,Juventus,57,17,6,4,42.0,21.0,21.0,2
2023-24,28,Milan,56,17,5,5,51.0,32.0,19.0,3
2023-24,28,Bologna,51,14,9,4,41.0,24.0,17.0,4
2023-24,28,Roma,47,14,5,8,52.0,33.0,19.0,5
2023-24,28,Atalanta,46,14,4,9,49.0,30.0,19.0,6
2023-24,28,Napoli,43,12,7,8,42.0,31.0,11.0,7
2023-24,28,Fiorentina,42,12,6,9,39.0,30.0,9.0,8
2023-24,28,Lazio,40,12,4,11,32.0,29.0,3.0,9
2023-24,28,Torino,37,9,10,8,25.0,25.0,0.0,10
2023-24,28,Monza,36,9,9,9,28.0,34.0,-6.0,11
2023-24,28,Genoa,33,8,9,10,29.0,33.0,-4.0,12
2023-24,28,Lecce,25,5,10,12,25.0,44.0,-19.0,13
2023-24,28,Empoli,25,6,7,14,22.0,41.0,-19.0,14
2023-24,28,Udinese,24,3,15,9,26.0,41.0,-15.0,15
2023-24,28,Frosinone,24,6,6,15,35.0,56.0,-21.0,16
2023-24,28,Verona,23,5,8,14,24.0,36.0,-12.0,17
2023-24,28,Cagliari,23,5,8,14,25.0,47.0,-22.0,18
2023-24,28,Sassuolo,20,5,5,17,32.0,55.0,-23.0,19
2023-24,28,Salernitana,14,2,8,17,21.0,54.0,-33.0,20
2023-24,29,Inter,75,24,3,1,70.0,13.0,57.0,1
2023-24,29,Milan,59,18,5,5,52.0,32.0,20.0,2
2023-24,29,Juventus,58,17,7,4,44.0,23.0,21.0,3
2023-24,29,Bologna,51,14,9,5,41.0,25.0,16.0,4
2023-24,29,Roma,48,14,6,8,54.0,35.0,19.0,5
2023-24,29,Atalanta,47,14,5,9,51.0,32.0,19.0,6
2023-24,29,Napoli,44,12,8,8,43.0,32.0,11.0,7
2023-24,29,Fiorentina,43,12,7,9,41.0,32.0,9.0,8
2023-24,29,Lazio,40,12,4,12,33.0,31.0,2.0,9
2023-24,29,Monza,39,10,9,9,31.0,36.0,-5.0,10
2023-24,29,Torino,38,9,11,8,26.0,26.0,0.0,11
2023-24,29,Genoa,33,8,9,11,31.0,36.0,-5.0,12
2023-24,29,Udinese,27,4,15,9,28.0,42.0,-14.0,13
2023-24,29,Verona,26,6,8,14,25.0,36.0,-11.0,14
2023-24,29,Cagliari,26,6,8,14,29.0,49.0,-20.0,15
2023-24,29,Lecce,25,5,10,13,25.0,45.0,-20.0,16
2023-24,29,Empoli,25,6,7,15,22.0,42.0,-20.0,17
2023-24,29,Frosinone,24,6,6,16,35.0,57.0,-22.0,18
2023-24,29,Sassuolo,23,6,5,17,33.0,55.0,-22.0,19
2023-24,29,Salernitana,14,2,8,18,23.0,58.0,-35.0,20
2023-24,30,Inter,76,24,4,1,71.0,14.0,57.0,1
2023-24,30,Milan,62,19,5,5,55.0,33.0,22.0,2
2023-24,30,Juventus,59,17,8,4,44.0,23.0,21.0,3
2023-24,30,Bologna,54,15,9,5,42.0,25.0,17.0,4
2023-24,30,Roma,51,15,6,8,55.0,35.0,20.0,5
2023-24,30,Atalanta,47,14,5,10,53.0,35.0,18.0,6
2023-24,30,Fiorentina,46,13,7,9,44.0,34.0,10.0,7
2023-24,30,Napoli,45,12,9,8,44.0,33.0,11.0,8
2023-24,30,Lazio,43,13,4,12,36.0,33.0,3.0,9
2023-24,30,Monza,42,11,9,9,32.0,36.0,-4.0,10
2023-24,30,Torino,41,10,11,8,28.0,26.0,2.0,11
2023-24,30,Genoa,34,8,10,11,31.0,36.0,-5.0,12
2023-24,30,Lecce,28,6,10,13,26.0,45.0,-19.0,13
2023-24,30,Udinese,27,4,15,10,28.0,44.0,-16.0,14
2023-24,30,Verona,26,6,8,15,26.0,39.0,-13.0,15
2023-24,30,Cagliari,26,6,8,15,29.0,50.0,-21.0,16
2023-24,30,Empoli,25,6,7,16,22.0,43.0,-21.0,17
2023-24,30,Frosinone,24,6,6,17,37.0,60.0,-23.0,18
2023-24,30,Sassuolo,23,6,5,18,33.0,56.0,-23.0,19
2023-24,30,Salernitana,14,2,8,19,23.0,59.0,-36.0,20
2023-24,31,Inter,79,25,4,1,73.0,14.0,59.0,1
2023-24,31,Milan,65,20,5,5,57.0,34.0,23.0,2
2023-24,31,Juventus,59,17,8,5,44.0,24.0,20.0,3
2023-24,31,Bologna,57,16,9,5,45.0,25.0,20.0,4
2023-24,31,Roma,52,15,7,8,55.0,35.0,20.0,5
2023-24,31,Atalanta,50,15,5,10,56.0,35.0,21.0,6
2023-24,31,Fiorentina,46,13,7,10,45.0,36.0,9.0,7
2023-24,31,Lazio,46,14,4,12,37.0,33.0,4.0,8
2023-24,31,Napoli,45,12,9,9,44.0,36.0,8.0,9
2023-24,31,Torino,44,11,11,8,29.0,26.0,3.0,10
2023-24,31,Monza,42,11,9,10,32.0,37.0,-5.0,11
2023-24,31,Genoa,35,8,11,11,32.0,37.0,-5.0,12
2023-24,31,Lecce,29,6,11,13,26.0,45.0,-19.0,13
2023-24,31,Udinese,28,4,16,10,29.0,45.0,-16.0,14
2023-24,31,Verona,27,6,9,15,27.0,40.0,-13.0,15
2023-24,31,Cagliari,27,6,9,15,30.0,51.0,-21.0,16
2023-24,31,Frosinone,25,6,7,17,38.0,61.0,-23.0,17
2023-24,31,Empoli,25,6,7,17,22.0,45.0,-23.0,18
2023-24,31,Sassuolo,24,6,6,18,34.0,57.0,-23.0,19
2023-24,31,Salernitana,14,2,8,20,23.0,62.0,-39.0,20
2023-24,32,Inter,82,26,4,1,75.0,15.0,60.0,1
2023-24,32,Milan,68,21,5,5,60.0,34.0,26.0,2
2023-24,32,Juventus,62,18,8,5,45.0,24.0,21.0,3
2023-24,32,Bologna,58,16,10,5,45.0,25.0,20.0,4
2023-24,32,Roma,55,16,7,8,56.0,35.0,21.0,5
2023-24,32,Atalanta,50,15,5,11,57.0,37.0,20.0,6
2023-24,32,Napoli,48,13,9,9,48.0,38.0,10.0,7
2023-24,32,Fiorentina,46,13,7,11,45.0,37.0,8.0,8
2023-24,32,Lazio,46,14,4,13,37.0,34.0,3.0,9
2023-24,32,Torino,44,11,11,9,31.0,29.0,2.0,10
2023-24,32,Monza,42,11,9,11,34.0,41.0,-7.0,11
2023-24,32,Genoa,38,9,11,11,34.0,38.0,-4.0,12
2023-24,32,Cagliari,30,7,9,15,32.0,52.0,-20.0,13
2023-24,32,Lecce,29,6,11,14,26.0,48.0,-22.0,14
2023-24,32,Udinese,28,4,16,11,30.0,47.0,-17.0,15
2023-24,32,Empoli,28,7,7,17,25.0,47.0,-22.0,16
2023-24,32,Verona,27,6,9,16,28.0,42.0,-14.0,17
2023-24,32,Frosinone,26,6,8,17,38.0,61.0,-23.0,18
2023-24,32,Sassuolo,25,6,7,18,36.0,59.0,-23.0,19
2023-24,32,Salernitana,15,2,9,20,25.0,64.0,-39.0,20
2023-24,33,Inter,83,26,5,1,77.0,17.0,60.0,1
2023-24,33,Milan,69,21,6,5,63.0,37.0,26.0,2
2023-24,33,Juventus,63,18,9,5,45.0,24.0,21.0,3
2023-24,33,Bologna,59,16,11,5,45.0,25.0,20.0,4
2023-24,33,Roma,58,17,7,8,58.0,36.0,22.0,5
2023-24,33,Atalanta,51,15,6,11,59.0,39.0,20.0,6
2023-24,33,Napoli,49,13,10,9,50.0,40.0,10.0,7
2023-24,33,Lazio,49,15,4,13,41.0,35.0,6.0,8
2023-24,33,Fiorentina,47,13,8,11,46.0,38.0,8.0,9
2023-24,33,Torino,45,11,12,9,31.0,29.0,2.0,10
2023-24,33,Monza,43,11,10,11,34.0,41.0,-7.0,11
2023-24,33,Genoa,39,9,12,11,35.0,39.0,-4.0,12
2023-24,33,Lecce,32,7,11,14,27.0,48.0,-21.0,13
2023-24,33,Cagliari,31,7,10,15,34.0,54.0,-20.0,14
2023-24,33,Verona,28,6,10,16,30.0,44.0,-14.0,15
2023-24,33,Udinese,28,4,16,12,31.0,49.0,-18.0,16
2023-24,33,Empoli,28,7,7,18,25.0,48.0,-23.0,17
2023-24,33,Frosinone,27,6,9,17,40.0,63.0,-23.0,18
2023-24,33,Sassuolo,26,6,8,18,39.0,62.0,-23.0,19
2023-24,33,Salernitana,15,2,9,21,26.0,68.0,-42.0,20
2023-24,34,Inter,86,27,5,1,79.0,18.0,61.0,1
2023-24,34,Milan,69,21,6,6,64.0,39.0,25.0,2
2023-24,34,Juventus,64,18,10,5,47.0,26.0,21.0,3
2023-24,34,Bologna,62,17,11,5,48.0,26.0,22.0,4
2023-24,34,Roma,58,17,7,9,59.0,39.0,20.0,5
2023-24,34,Atalanta,54,16,6,11,61.0,40.0,21.0,6
2023-24,34,Lazio,52,16,4,13,42.0,35.0,7.0,7
2023-24,34,Fiorentina,50,14,8,11,48.0,38.0,10.0,8
2023-24,34,Napoli,49,13,10,10,50.0,41.0,9.0,9
2023-24,34,Torino,46,11,13,9,31.0,29.0,2.0,10
2023-24,34,Monza,43,11,10,12,35.0,43.0,-8.0,11
2023-24,34,Genoa,39,9,12,12,35.0,40.0,-5.0,12
2023-24,34,Lecce,35,8,11,14,30.0,48.0,-18.0,13
2023-24,34,Cagliari,32,7,11,15,36.0,56.0,-20.0,14
2023-24,34,Verona,31,7,10,16,31.0,44.0,-13.0,15
2023-24,34,Empoli,31,8,7,18,26.0,48.0,-22.0,16
2023-24,34,Udinese,28,4,16,13,31.0,50.0,-19.0,17
2023-24,34,Frosinone,28,6,10,17,40.0,63.0,-23.0,18
2023-24,34,Sassuolo,26,6,8,19,39.0,65.0,-26.0,19
2023-24,34,Salernitana,15,2,9,22,26.0,70.0,-44.0,20
2023-24,35,Inter,89,28,5,1,81.0,18.0,63.0,1
2023-24,35,Milan,70,21,7,6,64.0,39.0,25.0,2
2023-24,35,Juventus,65,18,11,5,47.0,26.0,21.0,3
2023-24,35,Bologna,63,17,12,5,49.0,27.0,22.0,4
2023-24,35,Roma,59,17,8,9,61.0,41.0,20.0,5
2023-24,35,Atalanta,57,17,6,11,63.0,40.0,23.0,6
2023-24,35,Lazio,55,17,4,13,43.0,35.0,8.0,7
2023-24,35,Fiorentina,53,15,8,11,53.0,39.0,14.0,8
2023-24,35,Napoli,50,13,11,10,52.0,43.0,9.0,9
2023-24,35,Torino,46,11,13,10,31.0,31.0,0.0,10
2023-24,35,Monza,44,11,11,12,36.0,44.0,-8.0,11
2023-24,35,Genoa,42,10,12,12,38.0,40.0,-2.0,12
2023-24,35,Lecce,36,8,12,14,31.0,49.0,-18.0,13
2023-24,35,Cagliari,32,7,11,16,36.0,59.0,-23.0,14
2023-24,35,Verona,31,7,10,17,31.0,45.0,-14.0,15
2023-24,35,Frosinone,31,7,10,17,43.0,63.0,-20.0,16
2023-24,35,Empoli,31,8,7,19,26.0,50.0,-24.0,17
2023-24,35,Udinese,29,4,17,13,32.0,51.0,-19.0,18
2023-24,35,Sassuolo,26,6,8,20,40.0,70.0,-30.0,19
2023-24,35,Salernitana,15,2,9,23,26.0,73.0,-47.0,20
2023-24,36,Inter,89,28,5,2,81.0,19.0,62.0,1
2023-24,36,Milan,71,21,8,6,67.0,42.0,25.0,2
2023-24,36,Juventus,66,18,12,5,48.0,27.0,21.0,3
2023-24,36,Bologna,64,17,13,5,49.0,27.0,22.0,4
2023-24,36,Atalanta,60,18,6,11,65.0,41.0,24.0,5
2023-24,36,Roma,60,17,9,9,62.0,42.0,20.0,6
2023-24,36,Lazio,56,17,5,13,45.0,37.0,8.0,7
2023-24,36,Fiorentina,53,15,8,12,54.0,41.0,13.0,8
2023-24,36,Napoli,51,13,12,10,53.0,44.0,9.0,9
2023-24,36,Torino,47,11,14,10,31.0,31.0,0.0,10
2023-24,36,Monza,45,11,12,12,38.0,46.0,-8.0,11
2023-24,36,Genoa,43,10,13,12,41.0,43.0,-2.0,12
2023-24,36,Lecce,37,8,13,14,32.0,50.0,-18.0,13
2023-24,36,Verona,34,8,10,17,33.0,46.0,-13.0,14
2023-24,36,Cagliari,33,7,12,16,37.0,60.0,-23.0,15
2023-24,36,Frosinone,32,7,11,17,43.0,63.0,-20.0,16
2023-24,36,Empoli,32,8,8,19,26.0,50.0,-24.0,17
2023-24,36,Udinese,30,4,18,13,33.0,52.0,-19.0,18
2023-24,36,Sassuolo,29,7,8,20,41.0,70.0,-29.0,19
2023-24,36,Salernitana,15,2,9,24,27.0,75.0,-48.0,20
2023-24,37,Inter,92,29,5,2,86.0,19.0,67.0,1
2023-24,37,Milan,74,22,8,6,72.0,43.0,29.0,2
2023-24,37,Bologna,67,18,13,5,51.0,27.0,24.0,3
2023-24,37,Juventus,67,18,13,5,49.0,28.0,21.0,4
2023-24,37,Atalanta,63,19,6,11,67.0,42.0,25.0,5
2023-24,37,Roma,60,17,9,10,63.0,44.0,19.0,6
2023-24,37,Lazio,59,18,5,13,47.0,37.0,10.0,7
2023-24,37,Fiorentina,56,16,8,12,56.0,42.0,14.0,8
2023-24,37,Napoli,51,13,12,11,53.0,46.0,7.0,9
2023-24,37,Torino,50,12,14,10,33.0,32.0,1.0,10
2023-24,37,Genoa,46,11,13,12,43.0,44.0,-1.0,11
2023-24,37,Monza,45,11,12,13,39.0,48.0,-9.0,12
2023-24,37,Lecce,37,8,13,15,32.0,52.0,-20.0,13
2023-24,37,Verona,34,8,10,18,34.0,48.0,-14.0,14
2023-24,37,Udinese,33,5,18,13,35.0,52.0,-17.0,15
2023-24,37,Cagliari,33,7,12,17,38.0,65.0,-27.0,16
2023-24,37,Frosinone,32,7,11,18,43.0,68.0,-25.0,17
2023-24,37,Empoli,32,8,8,20,26.0,52.0,-26.0,18
2023-24,37,Sassuolo,29,7,8,21,42.0,72.0,-30.0,19
2023-24,37,Salernitana,16,2,10,24,28.0,76.0,-48.0,20
2023-24,38,Inter,93,29,6,2,87.0,20.0,67.0,1
2023-24,38,Milan,74,22,8,7,73.0,46.0,27.0,2
2023-24,38,Bologna,68,18,14,5,54.0,30.0,24.0,3
2023-24,38,Juventus,68,18,14,5,52.0,31.0,21.0,4
2023-24,38,Atalanta,66,20,6,11,69.0,42.0,27.0,5
2023-24,38,Roma,63,18,9,10,64.0,44.0,20.0,6
2023-24,38,Lazio,60,18,6,13,48.0,38.0,10.0,7
2023-24,38,Fiorentina,57,16,9,12,58.0,44.0,14.0,8
2023-24,38,Torino,53,13,14,10,36.0,33.0,3.0,9
2023-24,38,Napoli,52,13,13,11,55.0,48.0,7.0,10
2023-24,38,Genoa,46,11,13,13,43.0,45.0,-2.0,11
2023-24,38,Monza,45,11,12,14,39.0,49.0,-10.0,12
2023-24,38,Verona,37,9,10,18,36.0,49.0,-13.0,13
2023-24,38,Lecce,37,8,13,16,32.0,54.0,-22.0,14
2023-24,38,Cagliari,36,8,12,17,40.0,65.0,-25.0,15
2023-24,38,Frosinone,35,8,11,18,44.0,68.0,-24.0,16
2023-24,38,Udinese,34,5,19,13,36.0,53.0,-17.0,17
2023-24,38,Empoli,33,8,9,20,27.0,53.0,-26.0,18
2023-24,38,Sassuolo,29,7,8,22,42.0,74.0,-32.0,19
2023-24,38,Salernitana,16,2,10,25,29.0,78.0,-49.0,20
2024-25,1,Parma,0,0,0,0,0,0,0,1
2024-25,1,Lecce,0,0,0,0,0,0,0,2
2024-25,1,Como,0,0,0,0,0,0,0,3
2024-25,1,Roma,0,0,0,0,0,0,0,4
2024-25,1,Inter,0,0,0,0,0,0,0,5
2024-25,1,Bologna,0,0,0,0,0,0,0,6
2024-25,1,Genoa,0,0,0,0,0,0,0,7
2024-25,1,Fiorentina,0,0,0,0,0,0,0,8
2024-25,1,Juventus,0,0,0,0,0,0,0,9
2024-25,1,Atalanta,0,0,0,0,0,0,0,10
2024-25,1,Udinese,0,0,0,0,0,0,0,11
2024-25,1,Napoli,0,0,0,0,0,0,0,12
2024-25,1,Lazio,0,0,0,0,0,0,0,13
2024-25,1,Empoli,0,0,0,0,0,0,0,14
2024-25,1,Verona,0,0,0,0,0,0,0,15
2024-25,1,Monza,0,0,0,0,0,0,0,16
2024-25,1,Milan,0,0,0,0,0,0,0,17
2024-25,1,Torino,0,0,0,0,0,0,0,18
2024-25,1,Venezia,0,0,0,0,0,0,0,19
2024-25,1,Cagliari,0,0,0,0,0,0,0,20
2024-25,2,Atalanta,3,1,0,0,4.0,0.0,4.0,1
2024-25,2,Juventus,3,1,0,0,3.0,0.0,3.0,2
2024-25,2,Verona,3,1,0,0,3.0,0.0,3.0,3
2024-25,2,Lazio,3,1,0,0,3.0,1.0,2.0,4
2024-25,2,Inter,1,0,1,0,2.0,2.0,0.0,5
2024-25,2,Genoa,1,0,1,0,2.0,2.0,0.0,6
2024-25,2,Milan,1,0,1,0,2.0,2.0,0.0,7
2024-25,2,Torino,1,0,1,0,2.0,2.0,0.0,8
2024-25,2,Parma,1,0,1,0,1.0,1.0,0.0,9
2024-25,2,Bologna,1,0,1,0,1.0,1.0,0.0,10
2024-25,2,Fiorentina,1,0,1,0,1.0,1.0,0.0,11
2024-25,2,Udinese,1,0,1,0,1.0,1.0,0.0,12
2024-25,2,Roma,1,0,1,0,0.0,0.0,0.0,13
2024-25,2,Empoli,1,0,1,0,0.0,0.0,0.0,14
2024-25,2,Monza,1,0,1,0,0.0,0.0,0.0,15
2024-25,2,Cagliari,1,0,1,0,0.0,0.0,0.0,16
2024-25,2,Venezia,0,0,0,1,1.0,3.0,-2.0,17
2024-25,2,Como,0,0,0,1,0.0,3.0,-3.0,18
2024-25,2,Napoli,0,0,0,1,0.0,3.0,-3.0,19
2024-25,2,Lecce,0,0,0,1,0.0,4.0,-4.0,20
2024-25,3,Juventus,6,2,0,0,6.0,0.0,6.0,1
2024-25,3,Inter,4,1,1,0,4.0,2.0,2.0,2
2024-25,3,Torino,4,1,1,0,4.0,3.0,1.0,3
2024-25,3,Parma,4,1,1,0,3.0,2.0,1.0,4
2024-25,3,Genoa,4,1,1,0,3.0,2.0,1.0,5
2024-25,3,Udinese,4,1,1,0,3.0,2.0,1.0,6
2024-25,3,Empoli,4,1,1,0,2.0,1.0,1.0,7
2024-25,3,Atalanta,3,1,0,1,5.0,2.0,3.0,8
2024-25,3,Lazio,3,1,0,1,4.0,3.0,1.0,9
2024-25,3,Napoli,3,1,0,1,3.0,3.0,0.0,10
2024-25,3,Verona,3,1,0,1,3.0,3.0,0.0,11
2024-25,3,Fiorentina,2,0,2,0,1.0,1.0,0.0,12
2024-25,3,Cagliari,2,0,2,0,1.0,1.0,0.0,13
2024-25,3,Milan,1,0,1,1,3.0,4.0,-1.0,14
2024-25,3,Roma,1,0,1,1,1.0,2.0,-1.0,15
2024-25,3,Monza,1,0,1,1,0.0,1.0,-1.0,16
2024-25,3,Venezia,1,0,1,1,1.0,3.0,-2.0,17
2024-25,3,Como,1,0,1,1,1.0,4.0,-3.0,18
2024-25,3,Bologna,1,0,1,1,1.0,4.0,-3.0,19
2024-25,3,Lecce,0,0,0,2,0.0,6.0,-6.0,20
2024-25,4,Inter,7,2,1,0,8.0,2.0,6.0,1
2024-25,4,Juventus,7,2,1,0,6.0,0.0,6.0,2
2024-25,4,Torino,7,2,1,0,5.0,3.0,2.0,3
2024-25,4,Udinese,7,2,1,0,4.0,2.0,2.0,4
2024-25,4,Verona,6,2,0,1,5.0,3.0,2.0,5
2024-25,4,Napoli,6,2,0,1,5.0,4.0,1.0,6
2024-25,4,Empoli,5,1,2,0,3.0,2.0,1.0,7
2024-25,4,Lazio,4,1,1,1,6.0,5.0,1.0,8
2024-25,4,Parma,4,1,1,1,4.0,4.0,0.0,9
2024-25,4,Genoa,4,1,1,1,3.0,4.0,-1.0,10
2024-25,4,Fiorentina,3,0,3,0,3.0,3.0,0.0,11
2024-25,4,Atalanta,3,1,0,2,5.0,6.0,-1.0,12
2024-25,4,Lecce,3,1,0,2,1.0,6.0,-5.0,13
2024-25,4,Milan,2,0,2,1,5.0,6.0,-1.0,14
2024-25,4,Monza,2,0,2,1,2.0,3.0,-1.0,15
2024-25,4,Roma,2,0,2,1,1.0,2.0,-1.0,16
2024-25,4,Cagliari,2,0,2,1,1.0,2.0,-1.0,17
2024-25,4,Bologna,2,0,2,1,2.0,5.0,-3.0,18
2024-25,4,Venezia,1,0,1,2,1.0,4.0,-3.0,19
2024-25,4,Como,1,0,1,2,1.0,5.0,-4.0,20
2024-25,5,Udinese,10,3,1,0,7.0,4.0,3.0,1
2024-25,5,Napoli,9,3,0,1,9.0,4.0,5.0,2
2024-25,5,Inter,8,2,2,0,9.0,3.0,6.0,3
2024-25,5,Juventus,8,2,2,0,6.0,0.0,6.0,4
2024-25,5,Torino,8,2,2,0,5.0,3.0,2.0,5
2024-25,5,Lazio,7,2,1,1,8.0,6.0,2.0,6
2024-25,5,Verona,6,2,0,2,6.0,5.0,1.0,7
2024-25,5,Empoli,6,1,3,0,3.0,2.0,1.0,8
2024-25,5,Atalanta,6,2,0,2,8.0,8.0,0.0,9
2024-25,5,Milan,5,1,2,1,9.0,6.0,3.0,10
2024-25,5,Genoa,5,1,2,1,4.0,5.0,-1.0,11
2024-25,5,Parma,4,1,1,2,6.0,7.0,-1.0,12
2024-25,5,Lecce,4,1,1,2,1.0,6.0,-5.0,13
2024-25,5,Fiorentina,3,0,3,1,5.0,6.0,-1.0,14
2024-25,5,Monza,3,0,3,1,3.0,4.0,-1.0,15
2024-25,5,Roma,3,0,3,1,2.0,3.0,-1.0,16
2024-25,5,Bologna,3,0,3,1,4.0,7.0,-3.0,17
2024-25,5,Como,2,0,2,2,3.0,7.0,-4.0,18
2024-25,5,Cagliari,2,0,2,2,1.0,6.0,-5.0,19
2024-25,5,Venezia,1,0,1,3,1.0,8.0,-7.0,20
2024-25,6,Torino,11,3,2,0,8.0,5.0,3.0,1
2024-25,6,Napoli,10,3,1,1,9.0,4.0,5.0,2
2024-25,6,Udinese,10,3,1,1,7.0,7.0,0.0,3
2024-25,6,Juventus,9,2,3,0,6.0,0.0,6.0,4
2024-25,6,Empoli,9,2,3,0,5.0,2.0,3.0,5
2024-25,6,Inter,8,2,2,1,10.0,5.0,5.0,6
2024-25,6,Milan,8,2,2,1,11.0,7.0,4.0,7
2024-25,6,Lazio,7,2,1,2,9.0,8.0,1.0,8
2024-25,6,Roma,6,1,3,1,5.0,3.0,2.0,9
2024-25,6,Verona,6,2,0,3,8.0,8.0,0.0,10
2024-25,6,Fiorentina,6,1,3,1,7.0,7.0,0.0,11
2024-25,6,Atalanta,6,2,0,3,10.0,11.0,-1.0,12
2024-25,6,Bologna,6,1,3,1,6.0,8.0,-2.0,13
2024-25,6,Parma,5,1,2,2,8.0,9.0,-1.0,14
2024-25,6,Como,5,1,2,2,6.0,9.0,-3.0,15
2024-25,6,Genoa,5,1,2,2,4.0,7.0,-3.0,16
2024-25,6,Lecce,5,1,2,2,3.0,8.0,-5.0,17
2024-25,6,Venezia,4,1,1,3,3.0,8.0,-5.0,18
2024-25,6,Monza,3,0,3,2,4.0,6.0,-2.0,19
2024-25,6,Cagliari,2,0,2,3,1.0,8.0,-7.0,20
2024-25,7,Napoli,13,4,1,1,11.0,4.0,7.0,1
2024-25,7,Juventus,12,3,3,0,9.0,0.0,9.0,2
2024-25,7,Milan,11,3,2,1,14.0,7.0,7.0,3
2024-25,7,Inter,11,3,2,1,13.0,7.0,6.0,4
2024-25,7,Torino,11,3,2,1,10.0,8.0,2.0,5
2024-25,7,Empoli,10,2,4,0,5.0,2.0,3.0,6
2024-25,7,Lazio,10,3,1,2,12.0,10.0,2.0,7
2024-25,7,Udinese,10,3,1,2,9.0,10.0,-1.0,8
2024-25,7,Roma,9,2,3,1,7.0,4.0,3.0,9
2024-25,7,Como,8,2,2,2,9.0,11.0,-2.0,10
2024-25,7,Fiorentina,7,1,4,1,7.0,7.0,0.0,11
2024-25,7,Atalanta,7,2,1,3,11.0,12.0,-1.0,12
2024-25,7,Bologna,7,1,4,1,7.0,9.0,-2.0,13
2024-25,7,Verona,6,2,0,4,10.0,11.0,-1.0,14
2024-25,7,Parma,5,1,2,3,10.0,12.0,-2.0,15
2024-25,7,Genoa,5,1,2,3,4.0,10.0,-6.0,16
2024-25,7,Cagliari,5,1,2,3,4.0,10.0,-6.0,17
2024-25,7,Lecce,5,1,2,3,3.0,11.0,-8.0,18
2024-25,7,Venezia,4,1,1,4,4.0,10.0,-6.0,19
2024-25,7,Monza,3,0,3,3,4.0,8.0,-4.0,20
2024-25,8,Napoli,16,5,1,1,14.0,5.0,9.0,1
2024-25,8,Inter,14,4,2,1,16.0,9.0,7.0,2
2024-25,8,Juventus,13,3,4,0,10.0,1.0,9.0,3
2024-25,8,Lazio,13,4,1,2,14.0,11.0,3.0,4
2024-25,8,Udinese,13,4,1,2,10.0,10.0,0.0,5
2024-25,8,Milan,11,3,2,2,15.0,9.0,6.0,6
2024-25,8,Torino,11,3,2,2,12.0,11.0,1.0,7
2024-25,8,Atalanta,10,3,1,3,16.0,13.0,3.0,8
2024-25,8,Roma,10,2,4,1,8.0,5.0,3.0,9
2024-25,8,Empoli,10,2,4,1,6.0,4.0,2.0,10
2024-25,8,Fiorentina,10,2,4,1,9.0,8.0,1.0,11
2024-25,8,Verona,9,3,0,4,12.0,12.0,0.0,12
2024-25,8,Bologna,8,1,5,1,7.0,9.0,-2.0,13
2024-25,8,Como,8,2,2,3,10.0,14.0,-4.0,14
2024-25,8,Parma,6,1,3,3,10.0,12.0,-2.0,15
2024-25,8,Cagliari,6,1,3,3,5.0,11.0,-6.0,16
2024-25,8,Lecce,5,1,2,4,3.0,12.0,-9.0,17
2024-25,8,Genoa,5,1,2,4,5.0,15.0,-10.0,18
2024-25,8,Monza,4,0,4,3,5.0,9.0,-4.0,19
2024-25,8,Venezia,4,1,1,5,5.0,12.0,-7.0,20
2024-25,9,Napoli,19,6,1,1,15.0,5.0,10.0,1
2024-25,9,Inter,17,5,2,1,17.0,9.0,8.0,2
2024-25,9,Juventus,16,4,4,0,11.0,1.0,10.0,3
2024-25,9,Milan,14,4,2,2,16.0,9.0,7.0,4
2024-25,9,Fiorentina,13,3,4,1,15.0,8.0,7.0,5
2024-25,9,Atalanta,13,4,1,3,18.0,13.0,5.0,6
2024-25,9,Lazio,13,4,1,3,14.0,12.0,2.0,7
2024-25,9,Udinese,13,4,1,3,10.0,11.0,-1.0,8
2024-25,9,Torino,11,3,2,3,14.0,14.0,0.0,9
2024-25,9,Roma,10,2,4,2,8.0,6.0,2.0,10
2024-25,9,Empoli,10,2,4,2,6.0,5.0,1.0,11
2024-25,9,Bologna,9,1,6,1,9.0,11.0,-2.0,12
2024-25,9,Verona,9,3,0,5,12.0,15.0,-3.0,13
2024-25,9,Como,9,2,3,3,11.0,15.0,-4.0,14
2024-25,9,Cagliari,9,2,3,3,8.0,13.0,-5.0,15
2024-25,9,Monza,7,1,4,3,8.0,9.0,-1.0,16
2024-25,9,Parma,7,1,4,3,11.0,13.0,-2.0,17
2024-25,9,Genoa,6,1,3,4,7.0,17.0,-10.0,18
2024-25,9,Lecce,5,1,2,5,3.0,18.0,-15.0,19
2024-25,9,Venezia,4,1,1,6,5.0,14.0,-9.0,20
2024-25,10,Napoli,22,7,1,1,16.0,5.0,11.0,1
2024-25,10,Inter,18,5,3,1,21.0,13.0,8.0,2
2024-25,10,Juventus,17,4,5,0,15.0,5.0,10.0,3
2024-25,10,Fiorentina,16,4,4,1,20.0,9.0,11.0,4
2024-25,10,Atalanta,16,5,1,3,24.0,14.0,10.0,5
2024-25,10,Lazio,16,5,1,3,17.0,12.0,5.0,6
2024-25,10,Udinese,16,5,1,3,12.0,11.0,1.0,7
2024-25,10,Milan,14,4,2,3,17.0,11.0,6.0,8
2024-25,10,Torino,14,4,2,3,15.0,14.0,1.0,9
2024-25,10,Bologna,12,2,6,1,11.0,12.0,-1.0,10
2024-25,10,Empoli,11,2,5,2,7.0,6.0,1.0,11
2024-25,10,Roma,10,2,4,3,9.0,11.0,-2.0,12
2024-25,10,Como,9,2,3,4,11.0,16.0,-5.0,13
2024-25,10,Cagliari,9,2,3,4,8.0,15.0,-7.0,14
2024-25,10,Verona,9,3,0,6,13.0,21.0,-8.0,15
2024-25,10,Monza,8,1,5,3,10.0,11.0,-1.0,16
2024-25,10,Parma,8,1,5,3,12.0,14.0,-2.0,17
2024-25,10,Genoa,6,1,3,5,7.0,20.0,-13.0,18
2024-25,10,Venezia,5,1,2,6,7.0,16.0,-9.0,19
2024-25,10,Lecce,5,1,2,6,3.0,19.0,-16.0,20
2024-25,11,Napoli,25,8,1,1,18.0,5.0,13.0,1
2024-25,11,Inter,21,6,3,1,24.0,13.0,11.0,2
2024-25,11,Atalanta,19,6,1,3,26.0,14.0,12.0,3
2024-25,11,Fiorentina,19,5,4,1,21.0,9.0,12.0,4
2024-25,11,Lazio,19,6,1,3,22.0,13.0,9.0,5
2024-25,11,Juventus,18,4,6,0,17.0,7.0,10.0,6
2024-25,11,Udinese,16,5,1,4,14.0,14.0,0.0,7
2024-25,11,Bologna,15,3,6,1,13.0,12.0,1.0,8
2024-25,11,Milan,14,4,2,4,17.0,13.0,4.0,9
2024-25,11,Torino,14,4,2,4,15.0,15.0,0.0,10
2024-25,11,Roma,13,3,4,3,10.0,11.0,-1.0,11
2024-25,11,Empoli,11,2,5,3,7.0,9.0,-2.0,12
2024-25,11,Parma,9,1,6,3,14.0,16.0,-2.0,13
2024-25,11,Verona,9,3,0,7,13.0,22.0,-9.0,14
2024-25,11,Como,9,2,3,5,12.0,21.0,-9.0,15
2024-25,11,Cagliari,9,2,3,5,8.0,17.0,-9.0,16
2024-25,11,Monza,8,1,5,4,10.0,13.0,-3.0,17
2024-25,11,Venezia,8,2,2,6,10.0,18.0,-8.0,18
2024-25,11,Lecce,8,2,2,6,4.0,19.0,-15.0,19
2024-25,11,Genoa,6,1,3,6,7.0,21.0,-14.0,20
2024-25,12,Napoli,25,8,1,2,18.0,8.0,10.0,1
2024-25,12,Inter,24,7,3,1,25.0,13.0,12.0,2
2024-25,12,Atalanta,22,7,1,3,29.0,14.0,15.0,3
2024-25,12,Fiorentina,22,6,4,1,22.0,9.0,13.0,4
2024-25,12,Lazio,22,7,1,3,24.0,14.0,10.0,5
2024-25,12,Juventus,21,5,6,0,19.0,7.0,12.0,6
2024-25,12,Bologna,18,4,6,1,14.0,12.0,2.0,7
2024-25,12,Milan,17,5,2,4,18.0,13.0,5.0,8
2024-25,12,Udinese,16,5,1,5,14.0,16.0,-2.0,9
2024-25,12,Torino,14,4,2,5,15.0,16.0,-1.0,10
2024-25,12,Empoli,14,3,5,3,8.0,9.0,-1.0,11
2024-25,12,Roma,13,3,4,4,12.0,14.0,-2.0,12
2024-25,12,Verona,12,4,0,7,16.0,24.0,-8.0,13
2024-25,12,Parma,9,1,6,4,14.0,17.0,-3.0,14
2024-25,12,Como,9,2,3,6,12.0,22.0,-10.0,15
2024-25,12,Cagliari,9,2,3,6,9.0,19.0,-10.0,16
2024-25,12,Genoa,9,2,3,6,8.0,21.0,-13.0,17
2024-25,12,Monza,8,1,5,5,10.0,14.0,-4.0,18
2024-25,12,Venezia,8,2,2,7,10.0,19.0,-9.0,19
2024-25,12,Lecce,8,2,2,7,4.0,20.0,-16.0,20
2024-25,13,Napoli,26,8,2,2,19.0,9.0,10.0,1
2024-25,13,Atalanta,25,8,1,3,31.0,15.0,16.0,2
2024-25,13,Fiorentina,25,7,4,1,25.0,10.0,15.0,3
2024-25,13,Inter,25,7,4,1,26.0,14.0,12.0,4
2024-25,13,Lazio,25,8,1,3,25.0,14.0,11.0,5
2024-25,13,Juventus,24,6,6,0,21.0,7.0,14.0,6
2024-25,13,Bologna,21,5,6,1,17.0,14.0,3.0,7
2024-25,13,Milan,18,5,3,4,21.0,16.0,5.0,8
2024-25,13,Udinese,16,5,1,6,15.0,18.0,-3.0,9
2024-25,13,Empoli,15,3,6,3,9.0,10.0,-1.0,10
2024-25,13,Torino,14,4,2,6,15.0,18.0,-3.0,11
2024-25,13,Roma,13,3,4,5,14.0,17.0,-3.0,12
2024-25,13,Parma,12,2,6,4,16.0,18.0,-2.0,13
2024-25,13,Verona,12,4,0,8,17.0,27.0,-10.0,14
2024-25,13,Como,10,2,4,6,13.0,23.0,-10.0,15
2024-25,13,Cagliari,10,2,4,6,12.0,22.0,-10.0,16
2024-25,13,Genoa,10,2,4,6,9.0,22.0,-13.0,17
2024-25,13,Lecce,9,2,3,7,5.0,21.0,-16.0,18
2024-25,13,Monza,8,1,5,6,10.0,15.0,-5.0,19
2024-25,13,Venezia,8,2,2,8,11.0,21.0,-10.0,20
2024-25,14,Napoli,29,9,2,2,20.0,9.0,11.0,1
2024-25,14,Atalanta,28,9,1,3,34.0,16.0,18.0,2
2024-25,14,Inter,28,8,4,1,31.0,14.0,17.0,3
2024-25,14,Fiorentina,28,8,4,1,27.0,10.0,17.0,4
2024-25,14,Lazio,28,9,1,3,28.0,14.0,14.0,5
2024-25,14,Juventus,25,6,7,0,21.0,7.0,14.0,6
2024-25,14,Bologna,21,5,6,2,17.0,17.0,0.0,7
2024-25,14,Milan,19,5,4,4,21.0,16.0,5.0,8
2024-25,14,Udinese,17,5,2,6,16.0,19.0,-3.0,9
2024-25,14,Empoli,16,3,7,3,10.0,11.0,-1.0,10
2024-25,14,Torino,15,4,3,6,16.0,19.0,-3.0,11
2024-25,14,Roma,13,3,4,6,14.0,18.0,-4.0,12
2024-25,14,Parma,12,2,6,5,17.0,21.0,-4.0,13
2024-25,14,Verona,12,4,0,9,17.0,32.0,-15.0,14
2024-25,14,Lecce,12,3,3,7,6.0,21.0,-15.0,15
2024-25,14,Cagliari,11,2,5,6,14.0,24.0,-10.0,16
2024-25,14,Genoa,11,2,5,6,11.0,24.0,-13.0,17
2024-25,14,Como,10,2,4,7,13.0,25.0,-12.0,18
2024-25,14,Monza,9,1,6,6,11.0,16.0,-5.0,19
2024-25,14,Venezia,8,2,2,9,11.0,22.0,-11.0,20
2024-25,15,Napoli,32,10,2,2,21.0,9.0,12.0,1
2024-25,15,Atalanta,31,10,1,3,36.0,16.0,20.0,2
2024-25,15,Fiorentina,31,9,4,1,30.0,10.0,20.0,3
2024-25,15,Inter,28,8,4,2,31.0,17.0,14.0,4
2024-25,15,Lazio,28,9,1,4,29.0,17.0,12.0,5
2024-25,15,Juventus,26,6,8,0,22.0,8.0,14.0,6
2024-25,15,Bologna,24,6,6,2,20.0,17.0,3.0,7
2024-25,15,Milan,22,6,4,4,24.0,16.0,8.0,8
2024-25,15,Udinese,17,5,2,7,16.0,21.0,-5.0,9
2024-25,15,Empoli,16,3,7,4,10.0,14.0,-4.0,10
2024-25,15,Parma,15,3,6,5,20.0,22.0,-2.0,11
2024-25,15,Torino,15,4,3,7,16.0,20.0,-4.0,12
2024-25,15,Cagliari,14,3,5,6,15.0,24.0,-9.0,13
2024-25,15,Genoa,14,3,5,6,13.0,24.0,-11.0,14
2024-25,15,Roma,13,3,4,7,14.0,20.0,-6.0,15
2024-25,15,Lecce,13,3,4,7,7.0,22.0,-15.0,16
2024-25,15,Verona,12,4,0,10,17.0,33.0,-16.0,17
2024-25,15,Como,11,2,5,7,14.0,26.0,-12.0,18
2024-25,15,Monza,10,1,7,6,12.0,17.0,-5.0,19
2024-25,15,Venezia,8,2,2,10,11.0,25.0,-14.0,20
2024-25,16,Atalanta,34,11,1,3,38.0,17.0,21.0,1
2024-25,16,Fiorentina,34,10,4,1,31.0,10.0,21.0,2
2024-25,16,Napoli,32,10,2,3,21.0,10.0,11.0,3
2024-25,16,Inter,31,9,4,2,34.0,18.0,16.0,4
2024-25,16,Lazio,31,10,1,4,30.0,17.0,13.0,5
2024-25,16,Juventus,27,6,9,0,24.0,10.0,14.0,6
2024-25,16,Bologna,25,6,7,2,22.0,19.0,3.0,7
2024-25,16,Milan,22,6,4,5,25.0,18.0,7.0,8
2024-25,16,Udinese,20,6,2,7,18.0,22.0,-4.0,9
2024-25,16,Empoli,19,4,7,4,14.0,15.0,-1.0,10
2024-25,16,Roma,16,4,4,7,18.0,21.0,-3.0,11
2024-25,16,Torino,16,4,4,7,16.0,20.0,-4.0,12
2024-25,16,Parma,15,3,6,6,21.0,25.0,-4.0,13
2024-25,16,Genoa,15,3,6,6,13.0,24.0,-11.0,14
2024-25,16,Cagliari,14,3,5,7,15.0,25.0,-10.0,15
2024-25,16,Lecce,13,3,4,8,8.0,26.0,-18.0,16
2024-25,16,Como,12,2,6,7,16.0,28.0,-12.0,17
2024-25,16,Verona,12,4,0,11,18.0,37.0,-19.0,18
2024-25,16,Monza,10,1,7,7,13.0,19.0,-6.0,19
2024-25,16,Venezia,9,2,3,10,13.0,27.0,-14.0,20
2024-25,17,Atalanta,37,12,1,3,39.0,17.0,22.0,1
2024-25,17,Napoli,35,11,2,3,24.0,11.0,13.0,2
2024-25,17,Inter,34,10,4,2,40.0,18.0,22.0,3
2024-25,17,Fiorentina,34,10,4,2,31.0,11.0,20.0,4
2024-25,17,Lazio,31,10,1,5,30.0,23.0,7.0,5
2024-25,17,Juventus,28,6,10,0,26.0,12.0,14.0,6
2024-25,17,Bologna,28,7,7,2,23.0,19.0,4.0,7
2024-25,17,Milan,23,6,5,5,25.0,18.0,7.0,8
2024-25,17,Udinese,20,6,2,8,19.0,25.0,-6.0,9
2024-25,17,Empoli,19,4,7,5,14.0,16.0,-2.0,10
2024-25,17,Torino,19,5,4,7,17.0,20.0,-3.0,11
2024-25,17,Roma,16,4,4,8,18.0,23.0,-5.0,12
2024-25,17,Genoa,16,3,7,6,13.0,24.0,-11.0,13
2024-25,17,Lecce,16,4,4,8,10.0,27.0,-17.0,14
2024-25,17,Parma,15,3,6,7,23.0,28.0,-5.0,15
2024-25,17,Como,15,3,6,7,18.0,28.0,-10.0,16
2024-25,17,Verona,15,5,0,11,21.0,39.0,-18.0,17
2024-25,17,Cagliari,14,3,5,8,15.0,26.0,-11.0,18
2024-25,17,Monza,10,1,7,8,14.0,21.0,-7.0,19
2024-25,17,Venezia,10,2,4,10,15.0,29.0,-14.0,20
2024-25,18,Atalanta,40,13,1,3,42.0,19.0,23.0,1
2024-25,18,Napoli,38,12,2,3,26.0,12.0,14.0,2
2024-25,18,Inter,37,11,4,2,42.0,18.0,24.0,3
2024-25,18,Fiorentina,34,10,4,3,32.0,13.0,19.0,4
2024-25,18,Lazio,34,11,1,5,32.0,24.0,8.0,5
2024-25,18,Juventus,31,7,10,0,28.0,13.0,15.0,6
2024-25,18,Bologna,31,8,7,2,25.0,19.0,6.0,7
2024-25,18,Milan,26,7,5,5,26.0,18.0,8.0,8
2024-25,18,Udinese,23,7,2,8,21.0,26.0,-5.0,9
2024-25,18,Roma,19,5,4,8,23.0,23.0,0.0,10
2024-25,18,Empoli,19,4,7,6,16.0,19.0,-3.0,11
2024-25,18,Torino,19,5,4,8,17.0,22.0,-5.0,12
2024-25,18,Genoa,16,3,7,7,14.0,26.0,-12.0,13
2024-25,18,Lecce,16,4,4,9,11.0,29.0,-18.0,14
2024-25,18,Parma,15,3,6,8,23.0,33.0,-10.0,15
2024-25,18,Como,15,3,6,8,18.0,30.0,-12.0,16
2024-25,18,Verona,15,5,0,12,21.0,40.0,-19.0,17
2024-25,18,Cagliari,14,3,5,9,16.0,28.0,-12.0,18
2024-25,18,Venezia,13,3,4,10,17.0,30.0,-13.0,19
2024-25,18,Monza,10,1,7,9,15.0,23.0,-8.0,20
2024-25,19,Atalanta,41,13,2,3,43.0,20.0,23.0,1
2024-25,19,Napoli,41,13,2,3,27.0,12.0,15.0,2
2024-25,19,Inter,40,12,4,2,45.0,18.0,27.0,3
2024-25,19,Fiorentina,35,10,5,3,34.0,15.0,19.0,4
2024-25,19,Lazio,35,11,2,5,33.0,25.0,8.0,5
2024-25,19,Juventus,32,7,11,0,30.0,15.0,15.0,6
2024-25,19,Bologna,31,8,7,3,27.0,22.0,5.0,7
2024-25,19,Milan,27,7,6,5,27.0,19.0,8.0,8
2024-25,19,Udinese,24,7,3,8,23.0,28.0,-5.0,9
2024-25,19,Roma,20,5,5,8,24.0,24.0,0.0,10
2024-25,19,Torino,20,5,5,8,19.0,24.0,-5.0,11
2024-25,19,Empoli,19,4,7,7,17.0,21.0,-4.0,12
2024-25,19,Genoa,19,4,7,7,16.0,27.0,-11.0,13
2024-25,19,Parma,18,4,6,8,25.0,34.0,-9.0,14
2024-25,19,Como,18,4,6,8,20.0,30.0,-10.0,15
2024-25,19,Verona,18,6,0,12,24.0,42.0,-18.0,16
2024-25,19,Lecce,16,4,4,10,11.0,31.0,-20.0,17
2024-25,19,Cagliari,14,3,5,10,16.0,31.0,-15.0,18
2024-25,19,Venezia,13,3,4,11,17.0,31.0,-14.0,19
2024-25,19,Monza,10,1,7,10,16.0,25.0,-9.0,20
2024-25,20,Napoli,44,14,2,3,30.0,12.0,18.0,1
2024-25,20,Atalanta,42,13,3,3,44.0,21.0,23.0,2
2024-25,20,Inter,41,12,5,2,47.0,20.0,27.0,3
2024-25,20,Fiorentina,35,10,5,4,34.0,18.0,16.0,4
2024-25,20,Lazio,35,11,2,6,33.0,27.0,6.0,5
2024-25,20,Juventus,33,7,12,0,31.0,16.0,15.0,6
2024-25,20,Bologna,32,8,8,3,29.0,24.0,5.0,7
2024-25,20,Milan,30,8,6,5,29.0,20.0,9.0,8
2024-25,20,Udinese,25,7,4,8,23.0,28.0,-5.0,9
2024-25,20,Roma,23,6,5,8,26.0,24.0,2.0,10
2024-25,20,Torino,21,5,6,8,19.0,24.0,-5.0,11
2024-25,20,Empoli,20,4,8,7,18.0,22.0,-4.0,12
2024-25,20,Genoa,20,4,8,7,16.0,27.0,-11.0,13
2024-25,20,Parma,19,4,7,8,25.0,34.0,-9.0,14
2024-25,20,Verona,19,6,1,12,24.0,42.0,-18.0,15
2024-25,20,Como,18,4,6,9,21.0,32.0,-11.0,16
2024-25,20,Cagliari,17,4,5,10,18.0,32.0,-14.0,17
2024-25,20,Lecce,17,4,5,10,11.0,31.0,-20.0,18
2024-25,20,Venezia,14,3,5,11,18.0,32.0,-14.0,19
2024-25,20,Monza,10,1,7,11,17.0,27.0,-10.0,20
2024-25,21,Napoli,47,15,2,3,32.0,12.0,20.0,1
2024-25,21,Inter,44,13,5,2,48.0,20.0,28.0,2
2024-25,21,Atalanta,43,13,4,3,44.0,21.0,23.0,3
2024-25,21,Lazio,36,11,3,6,34.0,28.0,6.0,4
2024-25,21,Fiorentina,35,10,5,5,35.0,20.0,15.0,5
2024-25,21,Juventus,34,7,13,0,32.0,17.0,15.0,6
2024-25,21,Bologna,33,8,9,3,31.0,26.0,5.0,7
2024-25,21,Milan,31,8,7,5,30.0,21.0,9.0,8
2024-25,21,Udinese,26,7,5,8,23.0,28.0,-5.0,9
2024-25,21,Roma,24,6,6,8,28.0,26.0,2.0,10
2024-25,21,Genoa,23,5,8,7,17.0,27.0,-10.0,11
2024-25,21,Torino,22,5,7,8,20.0,25.0,-5.0,12
2024-25,21,Empoli,20,4,8,8,19.0,25.0,-6.0,13
2024-25,21,Lecce,20,5,5,10,14.0,32.0,-18.0,14
2024-25,21,Parma,19,4,7,9,25.0,35.0,-10.0,15
2024-25,21,Como,19,4,7,9,22.0,33.0,-11.0,16
2024-25,21,Verona,19,6,1,13,24.0,44.0,-20.0,17
2024-25,21,Cagliari,18,4,6,10,19.0,33.0,-14.0,18
2024-25,21,Venezia,14,3,5,12,18.0,33.0,-15.0,19
2024-25,21,Monza,13,2,7,11,19.0,28.0,-9.0,20
2024-25,22,Napoli,50,16,2,3,35.0,14.0,21.0,1
2024-25,22,Inter,47,14,5,2,51.0,21.0,30.0,2
2024-25,22,Atalanta,43,13,4,4,46.0,24.0,22.0,3
2024-25,22,Lazio,39,12,3,6,37.0,28.0,9.0,4
2024-25,22,Juventus,37,8,13,0,34.0,17.0,17.0,5
2024-25,22,Fiorentina,36,10,6,5,36.0,21.0,15.0,6
2024-25,22,Bologna,36,9,9,3,34.0,27.0,7.0,7
2024-25,22,Milan,31,8,7,6,30.0,23.0,7.0,8
2024-25,22,Roma,27,7,6,8,31.0,27.0,4.0,9
2024-25,22,Udinese,26,7,5,9,24.0,32.0,-8.0,10
2024-25,22,Torino,23,5,8,8,21.0,26.0,-5.0,11
2024-25,22,Genoa,23,5,8,8,18.0,30.0,-12.0,12
2024-25,22,Como,22,5,7,9,26.0,34.0,-8.0,13
2024-25,22,Cagliari,21,5,6,10,23.0,34.0,-11.0,14
2024-25,22,Empoli,20,4,8,9,20.0,28.0,-8.0,15
2024-25,22,Parma,20,4,8,9,26.0,36.0,-10.0,16
2024-25,22,Lecce,20,5,5,11,15.0,36.0,-21.0,17
2024-25,22,Verona,19,6,1,14,24.0,47.0,-23.0,18
2024-25,22,Venezia,15,3,6,12,19.0,34.0,-15.0,19
2024-25,22,Monza,13,2,7,12,20.0,31.0,-11.0,20
2024-25,23,Napoli,53,17,2,3,37.0,15.0,22.0,1
2024-25,23,Inter,50,15,5,2,55.0,21.0,34.0,2
2024-25,23,Atalanta,46,14,4,4,48.0,25.0,23.0,3
2024-25,23,Fiorentina,39,11,6,5,38.0,22.0,16.0,4
2024-25,23,Lazio,39,12,3,7,38.0,30.0,8.0,5
2024-25,23,Juventus,37,8,13,1,35.0,19.0,16.0,6
2024-25,23,Bologna,37,9,10,3,35.0,28.0,7.0,7
2024-25,23,Milan,34,9,7,6,33.0,25.0,8.0,8
2024-25,23,Roma,30,8,6,8,33.0,28.0,5.0,9
2024-25,23,Torino,26,6,8,8,23.0,26.0,-3.0,10
2024-25,23,Udinese,26,7,5,10,25.0,34.0,-9.0,11
2024-25,23,Genoa,26,6,8,8,20.0,30.0,-10.0,12
2024-25,23,Como,22,5,7,10,27.0,36.0,-9.0,13
2024-25,23,Empoli,21,4,9,9,21.0,29.0,-8.0,14
2024-25,23,Cagliari,21,5,6,11,23.0,36.0,-13.0,15
2024-25,23,Parma,20,4,8,10,28.0,39.0,-11.0,16
2024-25,23,Verona,20,6,2,14,25.0,48.0,-23.0,17
2024-25,23,Lecce,20,5,5,12,15.0,40.0,-25.0,18
2024-25,23,Venezia,16,3,7,12,20.0,35.0,-15.0,19
2024-25,23,Monza,13,2,7,13,20.0,33.0,-13.0,20
2024-25,24,Napoli,54,17,3,3,38.0,16.0,22.0,1
2024-25,24,Inter,51,15,6,2,56.0,22.0,34.0,2
2024-25,24,Atalanta,47,14,5,4,49.0,26.0,23.0,3
2024-25,24,Fiorentina,42,12,6,5,40.0,23.0,17.0,4
2024-25,24,Lazio,42,13,3,7,40.0,31.0,9.0,5
2024-25,24,Juventus,40,9,13,1,39.0,20.0,19.0,6
2024-25,24,Bologna,40,10,10,3,37.0,28.0,9.0,7
2024-25,24,Milan,35,9,8,6,34.0,26.0,8.0,8
2024-25,24,Roma,31,8,7,8,34.0,29.0,5.0,9
2024-25,24,Udinese,29,8,5,10,28.0,36.0,-8.0,10
2024-25,24,Torino,27,6,9,8,24.0,27.0,-3.0,11
2024-25,24,Genoa,26,6,8,9,21.0,32.0,-11.0,12
2024-25,24,Verona,23,7,2,14,26.0,48.0,-22.0,13
2024-25,24,Lecce,23,6,5,12,18.0,41.0,-23.0,14
2024-25,24,Como,22,5,7,11,27.0,38.0,-11.0,15
2024-25,24,Empoli,21,4,9,10,22.0,33.0,-11.0,16
2024-25,24,Cagliari,21,5,6,12,24.0,38.0,-14.0,17
2024-25,24,Parma,20,4,8,11,29.0,42.0,-13.0,18
2024-25,24,Venezia,16,3,7,13,22.0,38.0,-16.0,19
2024-25,24,Monza,13,2,7,14,20.0,34.0,-14.0,20
2024-25,25,Napoli,55,17,4,3,39.0,17.0,22.0,1
2024-25,25,Inter,54,16,6,2,58.0,23.0,35.0,2
2024-25,25,Atalanta,50,15,5,4,54.0,26.0,28.0,3
2024-25,25,Lazio,45,14,3,7,45.0,32.0,13.0,4
2024-25,25,Juventus,43,10,13,1,41.0,21.0,20.0,5
2024-25,25,Fiorentina,42,12,6,6,41.0,25.0,16.0,6
2024-25,25,Bologna,41,10,11,3,37.0,28.0,9.0,7
2024-25,25,Milan,38,10,8,6,36.0,26.0,10.0,8
2024-25,25,Roma,34,9,7,8,35.0,29.0,6.0,9
2024-25,25,Udinese,30,8,6,10,29.0,37.0,-8.0,10
2024-25,25,Torino,28,6,10,8,25.0,28.0,-3.0,11
2024-25,25,Genoa,27,6,9,9,22.0,33.0,-11.0,12
2024-25,25,Cagliari,24,6,6,12,26.0,39.0,-13.0,13
2024-25,25,Lecce,24,6,6,12,18.0,41.0,-23.0,14
2024-25,25,Verona,23,7,2,15,26.0,53.0,-27.0,15
2024-25,25,Como,22,5,7,12,28.0,40.0,-12.0,16
2024-25,25,Empoli,21,4,9,11,22.0,35.0,-13.0,17
2024-25,25,Parma,20,4,8,12,30.0,44.0,-14.0,18
2024-25,25,Venezia,16,3,7,14,22.0,39.0,-17.0,19
2024-25,25,Monza,13,2,7,15,21.0,39.0,-18.0,20
2024-25,26,Napoli,56,17,5,3,41.0,19.0,22.0,1
2024-25,26,Inter,54,16,6,3,58.0,24.0,34.0,2
2024-25,26,Atalanta,51,15,6,4,54.0,26.0,28.0,3
2024-25,26,Juventus,46,11,13,1,42.0,21.0,21.0,4
2024-25,26,Lazio,46,14,4,7,47.0,34.0,13.0,5
2024-25,26,Bologna,44,11,11,3,40.0,30.0,10.0,6
2024-25,26,Fiorentina,42,12,6,7,41.0,27.0,14.0,7
2024-25,26,Milan,41,11,8,6,37.0,26.0,11.0,8
2024-25,26,Roma,37,10,7,8,36.0,29.0,7.0,9
2024-25,26,Udinese,33,9,6,10,32.0,37.0,-5.0,10
2024-25,26,Genoa,30,7,9,9,24.0,33.0,-9.0,11
2024-25,26,Torino,28,6,10,9,27.0,31.0,-4.0,12
2024-25,26,Como,25,6,7,12,30.0,40.0,-10.0,13
2024-25,26,Cagliari,25,6,7,12,26.0,39.0,-13.0,14
2024-25,26,Lecce,25,6,7,12,18.0,41.0,-23.0,15
2024-25,26,Verona,23,7,2,16,26.0,54.0,-28.0,16
2024-25,26,Empoli,21,4,9,12,22.0,38.0,-16.0,17
2024-25,26,Parma,20,4,8,13,30.0,45.0,-15.0,18
2024-25,26,Venezia,16,3,7,15,22.0,41.0,-19.0,19
2024-25,26,Monza,14,2,8,15,21.0,39.0,-18.0,20
2024-25,27,Inter,57,17,6,3,59.0,24.0,35.0,1
2024-25,27,Napoli,56,17,5,4,42.0,21.0,21.0,2
2024-25,27,Atalanta,54,16,6,4,59.0,26.0,33.0,3
2024-25,27,Juventus,49,12,13,1,43.0,21.0,22.0,4
2024-25,27,Lazio,47,14,5,7,47.0,34.0,13.0,5
2024-25,27,Bologna,44,11,11,4,40.0,32.0,8.0,6
2024-25,27,Fiorentina,42,12,6,8,41.0,28.0,13.0,7
2024-25,27,Milan,41,11,8,7,38.0,28.0,10.0,8
2024-25,27,Roma,40,11,7,8,40.0,29.0,11.0,9
2024-25,27,Udinese,36,10,6,10,33.0,37.0,-4.0,10
2024-25,27,Torino,31,7,10,9,29.0,32.0,-3.0,11
2024-25,27,Genoa,30,7,9,10,24.0,34.0,-10.0,12
2024-25,27,Como,28,7,7,12,32.0,41.0,-9.0,13
2024-25,27,Verona,26,8,2,16,27.0,54.0,-27.0,14
2024-25,27,Cagliari,25,6,7,13,26.0,40.0,-14.0,15
2024-25,27,Lecce,25,6,7,13,18.0,42.0,-24.0,16
2024-25,27,Parma,23,5,8,13,32.0,45.0,-13.0,17
2024-25,27,Empoli,21,4,9,13,22.0,43.0,-21.0,18
2024-25,27,Venezia,17,3,8,15,22.0,41.0,-19.0,19
2024-25,27,Monza,14,2,8,16,21.0,43.0,-22.0,20
2024-25,28,Inter,58,17,7,3,60.0,25.0,35.0,1
2024-25,28,Napoli,57,17,6,4,43.0,22.0,21.0,2
2024-25,28,Atalanta,55,16,7,4,59.0,26.0,33.0,3
2024-25,28,Juventus,52,13,13,1,45.0,21.0,24.0,4
2024-25,28,Lazio,50,15,5,7,49.0,35.0,14.0,5
2024-25,28,Bologna,47,12,11,4,42.0,33.0,9.0,6
2024-25,28,Fiorentina,45,13,6,8,42.0,28.0,14.0,7
2024-25,28,Roma,43,12,7,8,42.0,30.0,12.0,8
2024-25,28,Milan,41,11,8,8,39.0,30.0,9.0,9
2024-25,28,Udinese,39,11,6,10,34.0,37.0,-3.0,10
2024-25,28,Torino,34,8,10,9,31.0,32.0,-1.0,11
2024-25,28,Genoa,31,7,10,10,25.0,35.0,-10.0,12
2024-25,28,Como,28,7,7,13,33.0,43.0,-10.0,13
2024-25,28,Verona,26,8,2,17,27.0,56.0,-29.0,14
2024-25,28,Cagliari,25,6,7,14,27.0,42.0,-15.0,15
2024-25,28,Lecce,25,6,7,14,18.0,43.0,-25.0,16
2024-25,28,Parma,23,5,8,14,32.0,46.0,-14.0,17
2024-25,28,Empoli,22,4,10,13,23.0,44.0,-21.0,18
2024-25,28,Venezia,18,3,9,15,22.0,41.0,-19.0,19
2024-25,28,Monza,14,2,8,17,21.0,45.0,-24.0,20
2024-25,29,Inter,61,18,7,3,63.0,27.0,36.0,1
2024-25,29,Napoli,60,18,6,4,45.0,23.0,22.0,2
2024-25,29,Atalanta,58,17,7,4,63.0,26.0,37.0,3
2024-25,29,Juventus,52,13,13,2,45.0,25.0,20.0,4
2024-25,29,Lazio,51,15,6,7,50.0,36.0,14.0,5
2024-25,29,Bologna,50,13,11,4,44.0,34.0,10.0,6
2024-25,29,Roma,46,13,7,8,43.0,30.0,13.0,7
2024-25,29,Fiorentina,45,13,6,9,43.0,30.0,13.0,8
2024-25,29,Milan,44,12,8,8,42.0,32.0,10.0,9
2024-25,29,Udinese,40,11,7,10,35.0,38.0,-3.0,10
2024-25,29,Torino,35,8,11,9,33.0,34.0,-1.0,11
2024-25,29,Genoa,32,7,11,10,26.0,36.0,-10.0,12
2024-25,29,Como,29,7,8,13,34.0,44.0,-10.0,13
2024-25,29,Cagliari,26,6,8,14,28.0,43.0,-15.0,14
2024-25,29,Verona,26,8,2,18,28.0,58.0,-30.0,15
2024-25,29,Lecce,25,6,7,15,20.0,46.0,-26.0,16
2024-25,29,Parma,24,5,9,14,34.0,48.0,-14.0,17
2024-25,29,Empoli,22,4,10,14,23.0,45.0,-22.0,18
2024-25,29,Venezia,19,3,10,15,23.0,42.0,-19.0,19
2024-25,29,Monza,14,2,8,18,23.0,48.0,-25.0,20
2024-25,30,Inter,64,19,7,3,65.0,27.0,38.0,1
2024-25,30,Napoli,61,18,7,4,45.0,23.0,22.0,2
2024-25,30,Atalanta,58,17,7,5,63.0,28.0,35.0,3
2024-25,30,Bologna,53,14,11,4,49.0,34.0,15.0,4
2024-25,30,Juventus,52,13,13,3,45.0,28.0,17.0,5
2024-25,30,Lazio,51,15,6,8,50.0,41.0,9.0,6
2024-25,30,Roma,49,14,7,8,44.0,30.0,14.0,7
2024-25,30,Fiorentina,48,14,6,9,46.0,30.0,16.0,8
2024-25,30,Milan,47,13,8,8,44.0,33.0,11.0,9
2024-25,30,Udinese,40,11,7,11,35.0,39.0,-4.0,10
2024-25,30,Torino,38,9,11,9,34.0,34.0,0.0,11
2024-25,30,Genoa,35,8,11,10,28.0,37.0,-9.0,12
2024-25,30,Como,29,7,8,14,35.0,46.0,-11.0,13
2024-25,30,Verona,29,9,2,18,29.0,58.0,-29.0,14
2024-25,30,Cagliari,26,6,8,15,28.0,44.0,-16.0,15
2024-25,30,Parma,25,5,10,14,35.0,49.0,-14.0,16
2024-25,30,Lecce,25,6,7,16,21.0,48.0,-27.0,17
2024-25,30,Empoli,22,4,10,15,23.0,46.0,-23.0,18
2024-25,30,Venezia,20,3,11,15,23.0,42.0,-19.0,19
2024-25,30,Monza,15,2,9,18,24.0,49.0,-25.0,20
2024-25,31,Inter,67,20,7,3,67.0,28.0,39.0,1
2024-25,31,Napoli,64,19,7,4,47.0,24.0,23.0,2
2024-25,31,Atalanta,58,17,7,6,63.0,29.0,34.0,3
2024-25,31,Bologna,56,15,11,4,50.0,34.0,16.0,4
2024-25,31,Juventus,55,14,13,3,46.0,28.0,18.0,5
2024-25,31,Roma,52,15,7,8,45.0,30.0,15.0,6
2024-25,31,Lazio,52,15,7,8,51.0,42.0,9.0,7
2024-25,31,Fiorentina,51,15,6,9,47.0,30.0,17.0,8
2024-25,31,Milan,47,13,8,9,45.0,35.0,10.0,9
2024-25,31,Udinese,40,11,7,12,36.0,41.0,-5.0,10
2024-25,31,Torino,39,9,12,9,35.0,35.0,0.0,11
2024-25,31,Genoa,35,8,11,11,28.0,38.0,-10.0,12
2024-25,31,Como,30,7,9,14,36.0,47.0,-11.0,13
2024-25,31,Verona,30,9,3,18,29.0,58.0,-29.0,14
2024-25,31,Cagliari,29,7,8,15,31.0,44.0,-13.0,15
2024-25,31,Parma,26,5,11,14,35.0,49.0,-14.0,16
2024-25,31,Lecce,25,6,7,17,21.0,49.0,-28.0,17
2024-25,31,Empoli,23,4,11,15,24.0,47.0,-23.0,18
2024-25,31,Venezia,20,3,11,16,23.0,43.0,-20.0,19
2024-25,31,Monza,15,2,9,19,24.0,52.0,-28.0,20
2024-25,32,Inter,68,20,8,3,69.0,30.0,39.0,1
2024-25,32,Napoli,65,19,8,4,48.0,25.0,23.0,2
2024-25,32,Atalanta,58,17,7,7,63.0,30.0,33.0,3
2024-25,32,Bologna,57,15,12,4,51.0,35.0,16.0,4
2024-25,32,Juventus,56,14,14,3,47.0,29.0,18.0,5
2024-25,32,Lazio,55,16,7,8,52.0,42.0,10.0,6
2024-25,32,Roma,53,15,8,8,46.0,31.0,15.0,7
2024-25,32,Fiorentina,52,15,7,9,49.0,32.0,17.0,8
2024-25,32,Milan,48,13,9,9,47.0,37.0,10.0,9
2024-25,32,Torino,40,9,13,9,36.0,36.0,0.0,10
2024-25,32,Udinese,40,11,7,13,36.0,42.0,-6.0,11
2024-25,32,Genoa,38,9,11,11,29.0,38.0,-9.0,12
2024-25,32,Como,33,8,9,14,39.0,48.0,-9.0,13
2024-25,32,Verona,31,9,4,18,30.0,59.0,-29.0,14
2024-25,32,Cagliari,30,7,9,15,31.0,44.0,-13.0,15
2024-25,32,Parma,27,5,12,14,37.0,51.0,-14.0,16
2024-25,32,Lecce,26,6,8,17,22.0,50.0,-28.0,17
2024-25,32,Empoli,24,4,12,15,24.0,47.0,-23.0,18
2024-25,32,Venezia,21,3,12,16,24.0,44.0,-20.0,19
2024-25,32,Monza,15,2,9,20,25.0,55.0,-30.0,20
2024-25,33,Inter,71,21,8,3,72.0,31.0,41.0,1
2024-25,33,Napoli,68,20,8,4,51.0,25.0,26.0,2
2024-25,33,Atalanta,61,18,7,7,65.0,30.0,35.0,3
2024-25,33,Juventus,59,15,14,3,49.0,30.0,19.0,4
2024-25,33,Bologna,57,15,12,5,51.0,37.0,14.0,5
2024-25,33,Lazio,56,16,8,8,53.0,43.0,10.0,6
2024-25,33,Roma,54,15,9,8,47.0,32.0,15.0,7
2024-25,33,Fiorentina,53,15,8,9,49.0,32.0,17.0,8
2024-25,33,Milan,51,14,9,9,51.0,37.0,14.0,9
2024-25,33,Torino,40,9,13,10,36.0,37.0,-1.0,10
2024-25,33,Udinese,40,11,7,14,36.0,46.0,-10.0,11
2024-25,33,Genoa,39,9,12,11,29.0,38.0,-9.0,12
2024-25,33,Como,36,9,9,14,40.0,48.0,-8.0,13
2024-25,33,Verona,32,9,5,18,30.0,59.0,-29.0,14
2024-25,33,Cagliari,30,7,9,16,32.0,47.0,-15.0,15
2024-25,33,Parma,28,5,13,14,37.0,51.0,-14.0,16
2024-25,33,Lecce,26,6,8,18,23.0,52.0,-29.0,17
2024-25,33,Venezia,24,4,12,16,25.0,44.0,-19.0,18
2024-25,33,Empoli,24,4,12,16,24.0,50.0,-26.0,19
2024-25,33,Monza,15,2,9,21,25.0,56.0,-31.0,20
2024-25,34,Inter,71,21,8,4,72.0,32.0,40.0,1
2024-25,34,Napoli,71,21,8,4,52.0,25.0,27.0,2
2024-25,34,Atalanta,64,19,7,7,66.0,30.0,36.0,3
2024-25,34,Bologna,60,16,12,5,52.0,37.0,15.0,4
2024-25,34,Juventus,59,15,14,4,49.0,31.0,18.0,5
2024-25,34,Lazio,59,17,8,8,55.0,43.0,12.0,6
2024-25,34,Roma,57,16,9,8,48.0,32.0,16.0,7
2024-25,34,Fiorentina,56,16,8,9,51.0,33.0,18.0,8
2024-25,34,Milan,51,14,9,10,51.0,38.0,13.0,9
2024-25,34,Torino,43,10,13,10,38.0,37.0,1.0,10
2024-25,34,Udinese,40,11,7,15,36.0,48.0,-12.0,11
2024-25,34,Como,39,10,9,14,43.0,48.0,-5.0,12
2024-25,34,Genoa,39,9,12,12,29.0,40.0,-11.0,13
2024-25,34,Verona,32,9,5,19,30.0,60.0,-30.0,14
2024-25,34,Parma,31,6,13,14,38.0,51.0,-13.0,15
2024-25,34,Cagliari,30,7,9,17,33.0,49.0,-16.0,16
2024-25,34,Lecce,26,6,8,19,23.0,55.0,-32.0,17
2024-25,34,Venezia,25,4,13,16,27.0,46.0,-19.0,18
2024-25,34,Empoli,25,4,13,16,26.0,52.0,-26.0,19
2024-25,34,Monza,15,2,9,22,25.0,57.0,-32.0,20
2024-25,35,Napoli,74,22,8,4,54.0,25.0,29.0,1
2024-25,35,Inter,71,21,8,5,72.0,33.0,39.0,2
2024-25,35,Atalanta,65,19,8,7,67.0,31.0,36.0,3
2024-25,35,Juventus,62,16,14,4,51.0,31.0,20.0,4
2024-25,35,Bologna,61,16,13,5,52.0,37.0,15.0,5
2024-25,35,Roma,60,17,9,8,49.0,32.0,17.0,6
2024-25,35,Lazio,60,17,9,8,57.0,45.0,12.0,7
2024-25,35,Fiorentina,59,17,8,9,53.0,34.0,19.0,8
2024-25,35,Milan,54,15,9,10,53.0,38.0,15.0,9
2024-25,35,Torino,43,10,13,11,38.0,39.0,-1.0,10
2024-25,35,Como,42,11,9,14,44.0,48.0,-4.0,11
2024-25,35,Udinese,41,11,8,15,36.0,48.0,-12.0,12
2024-25,35,Genoa,39,9,12,13,29.0,41.0,-12.0,13
2024-25,35,Cagliari,33,8,9,17,35.0,49.0,-14.0,14
2024-25,35,Parma,32,6,14,14,40.0,53.0,-13.0,15
2024-25,35,Verona,32,9,5,20,30.0,62.0,-32.0,16
2024-25,35,Lecce,27,6,9,19,24.0,56.0,-32.0,17
2024-25,35,Venezia,25,4,13,17,27.0,48.0,-21.0,18
2024-25,35,Empoli,25,4,13,17,27.0,54.0,-27.0,19
2024-25,35,Monza,15,2,9,23,25.0,59.0,-34.0,20
2024-25,36,Napoli,77,23,8,4,55.0,25.0,30.0,1
2024-25,36,Inter,74,22,8,5,73.0,33.0,40.0,2
2024-25,36,Atalanta,68,20,8,7,71.0,31.0,40.0,3
2024-25,36,Juventus,63,16,15,4,52.0,32.0,20.0,4
2024-25,36,Roma,63,18,9,8,50.0,32.0,18.0,5
2024-25,36,Lazio,63,18,9,8,58.0,45.0,13.0,6
2024-25,36,Bologna,62,16,14,5,53.0,38.0,15.0,7
2024-25,36,Fiorentina,59,17,8,10,53.0,35.0,18.0,8
2024-25,36,Milan,57,16,9,10,55.0,39.0,16.0,9
2024-25,36,Como,45,12,9,14,45.0,48.0,-3.0,10
2024-25,36,Torino,44,10,14,11,39.0,40.0,-1.0,11
2024-25,36,Udinese,44,12,8,15,38.0,49.0,-11.0,12
2024-25,36,Genoa,39,9,12,14,30.0,43.0,-13.0,13
2024-25,36,Cagliari,33,8,9,18,36.0,51.0,-15.0,14
2024-25,36,Parma,32,6,14,15,40.0,54.0,-14.0,15
2024-25,36,Verona,32,9,5,21,30.0,63.0,-33.0,16
2024-25,36,Lecce,27,6,9,20,24.0,57.0,-33.0,17
2024-25,36,Venezia,26,4,14,17,28.0,49.0,-21.0,18
2024-25,36,Empoli,25,4,13,18,27.0,55.0,-28.0,19
2024-25,36,Monza,15,2,9,24,25.0,63.0,-38.0,20
2024-25,37,Napoli,78,23,9,4,57.0,27.0,30.0,1
2024-25,37,Inter,77,23,8,5,75.0,33.0,42.0,2
2024-25,37,Atalanta,71,21,8,7,73.0,32.0,41.0,3
2024-25,37,Juventus,64,16,16,4,53.0,33.0,20.0,4
2024-25,37,Lazio,64,18,10,8,59.0,46.0,13.0,5
2024-25,37,Roma,63,18,9,9,51.0,34.0,17.0,6
2024-25,37,Bologna,62,16,14,6,54.0,41.0,13.0,7
2024-25,37,Milan,60,17,9,10,58.0,40.0,18.0,8
2024-25,37,Fiorentina,59,17,8,11,54.0,37.0,17.0,9
2024-25,37,Como,48,13,9,14,48.0,49.0,-1.0,10
2024-25,37,Torino,44,10,14,12,39.0,42.0,-3.0,11
2024-25,37,Udinese,44,12,8,16,39.0,51.0,-12.0,12
2024-25,37,Genoa,40,9,13,14,32.0,45.0,-13.0,13
2024-25,37,Cagliari,33,8,9,19,37.0,54.0,-17.0,14
2024-25,37,Verona,33,9,6,21,31.0,64.0,-33.0,15
2024-25,37,Parma,32,6,14,16,41.0,56.0,-15.0,16
2024-25,37,Venezia,29,5,14,17,30.0,50.0,-20.0,17
2024-25,37,Empoli,28,5,13,18,29.0,56.0,-27.0,18
2024-25,37,Lecce,28,6,10,20,25.0,58.0,-33.0,19
2024-25,37,Monza,18,3,9,24,27.0,64.0,-37.0,20
2024-25,38,Napoli,79,23,10,4,57.0,27.0,30.0,1
2024-25,38,Inter,78,23,9,5,77.0,35.0,42.0,2
2024-25,38,Atalanta,74,22,8,7,76.0,34.0,42.0,3
2024-25,38,Juventus,67,17,16,4,55.0,33.0,22.0,4
2024-25,38,Roma,66,19,9,9,54.0,35.0,19.0,5
2024-25,38,Lazio,65,18,11,8,61.0,48.0,13.0,6
2024-25,38,Fiorentina,62,18,8,11,57.0,39.0,18.0,7
2024-25,38,Bologna,62,16,14,7,56.0,44.0,12.0,8
2024-25,38,Milan,60,17,9,11,59.0,43.0,16.0,9
2024-25,38,Como,49,13,10,14,49.0,50.0,-1.0,10
2024-25,38,Torino,44,10,14,13,39.0,43.0,-4.0,11
2024-25,38,Udinese,44,12,8,17,39.0,53.0,-14.0,12
2024-25,38,Genoa,40,9,13,15,34.0,48.0,-14.0,13
2024-25,38,Cagliari,36,9,9,19,40.0,54.0,-14.0,14
2024-25,38,Verona,34,9,7,21,32.0,65.0,-33.0,15
2024-25,38,Parma,33,6,15,16,41.0,56.0,-15.0,16
2024-25,38,Empoli,31,6,13,18,32.0,57.0,-25.0,17
2024-25,38,Lecce,31,7,10,20,26.0,58.0,-32.0,18
2024-25,38,Venezia,29,5,14,18,30.0,53.0,-23.0,19
2024-25,38,Monza,18,3,9,25,28.0,67.0,-39.0,20
2025-26,1,Parma,0,0,0,0,0,0,0,1
2025-26,1,Lecce,0,0,0,0,0,0,0,2
2025-26,1,Como,0,0,0,0,0,0,0,3
2025-26,1,Roma,0,0,0,0,0,0,0,4
2025-26,1,Inter,0,0,0,0,0,0,0,5
2025-26,1,Bologna,0,0,0,0,0,0,0,6
2025-26,1,Cremonese,0,0,0,0,0,0,0,7
2025-26,1,Genoa,0,0,0,0,0,0,0,8
2025-26,1,Fiorentina,0,0,0,0,0,0,0,9
2025-26,1,Juventus,0,0,0,0,0,0,0,10
2025-26,1,Pisa,0,0,0,0,0,0,0,11
2025-26,1,Atalanta,0,0,0,0,0,0,0,12
2025-26,1,Udinese,0,0,0,0,0,0,0,13
2025-26,1,Napoli,0,0,0,0,0,0,0,14
2025-26,1,Lazio,0,0,0,0,0,0,0,15
2025-26,1,Verona,0,0,0,0,0,0,0,16
2025-26,1,Sassuolo,0,0,0,0,0,0,0,17
2025-26,1,Milan,0,0,0,0,0,0,0,18
2025-26,1,Torino,0,0,0,0,0,0,0,19
2025-26,1,Cagliari,0,0,0,0,0,0,0,20
2025-26,2,Inter,3,1,0,0,5.0,0.0,5.0,1
2025-26,2,Como,3,1,0,0,2.0,0.0,2.0,2
2025-26,2,Juventus,3,1,0,0,2.0,0.0,2.0,3
2025-26,2,Napoli,3,1,0,0,2.0,0.0,2.0,4
2025-26,2,Cremonese,3,1,0,0,2.0,1.0,1.0,5
2025-26,2,Roma,3,1,0,0,1.0,0.0,1.0,6
2025-26,2,Fiorentina,1,0,1,0,1.0,1.0,0.0,7
2025-26,2,Pisa,1,0,1,0,1.0,1.0,0.0,8
2025-26,2,Atalanta,1,0,1,0,1.0,1.0,0.0,9
2025-26,2,Udinese,1,0,1,0,1.0,1.0,0.0,10
2025-26,2,Verona,1,0,1,0,1.0,1.0,0.0,11
2025-26,2,Cagliari,1,0,1,0,1.0,1.0,0.0,12
2025-26,2,Lecce,1,0,1,0,0.0,0.0,0.0,13
2025-26,2,Genoa,1,0,1,0,0.0,0.0,0.0,14
2025-26,2,Milan,0,0,0,1,1.0,2.0,-1.0,15
2025-26,2,Bologna,0,0,0,1,0.0,1.0,-1.0,16
2025-26,2,Parma,0,0,0,1,0.0,2.0,-2.0,17
2025-26,2,Lazio,0,0,0,1,0.0,2.0,-2.0,18
2025-26,2,Sassuolo,0,0,0,1,0.0,2.0,-2.0,19
2025-26,2,Torino,0,0,0,1,0.0,5.0,-5.0,20
2025-26,3,Juventus,6,2,0,0,3.0,0.0,3.0,1
2025-26,3,Napoli,6,2,0,0,3.0,0.0,3.0,2
2025-26,3,Cremonese,6,2,0,0,5.0,3.0,2.0,3
2025-26,3,Roma,6,2,0,0,2.0,0.0,2.0,4
2025-26,3,Udinese,4,1,1,0,3.0,2.0,1.0,5
2025-26,3,Inter,3,1,0,1,6.0,2.0,4.0,6
2025-26,3,Lazio,3,1,0,1,4.0,2.0,2.0,7
2025-26,3,Milan,3,1,0,1,3.0,2.0,1.0,8
2025-26,3,Como,3,1,0,1,2.0,1.0,1.0,9
2025-26,3,Bologna,3,1,0,1,1.0,1.0,0.0,10
2025-26,3,Atalanta,2,0,2,0,2.0,2.0,0.0,11
2025-26,3,Fiorentina,2,0,2,0,1.0,1.0,0.0,12
2025-26,3,Pisa,1,0,1,1,1.0,2.0,-1.0,13
2025-26,3,Cagliari,1,0,1,1,1.0,2.0,-1.0,14
2025-26,3,Genoa,1,0,1,1,0.0,1.0,-1.0,15
2025-26,3,Parma,1,0,1,1,1.0,3.0,-2.0,16
2025-26,3,Lecce,1,0,1,1,0.0,2.0,-2.0,17
2025-26,3,Verona,1,0,1,1,1.0,5.0,-4.0,18
2025-26,3,Torino,1,0,1,1,0.0,5.0,-5.0,19
2025-26,3,Sassuolo,0,0,0,2,2.0,5.0,-3.0,20
2025-26,4,Napoli,9,3,0,0,6.0,1.0,5.0,1
2025-26,4,Juventus,9,3,0,0,7.0,3.0,4.0,2
2025-26,4,Cremonese,7,2,1,0,5.0,3.0,2.0,3
2025-26,4,Udinese,7,2,1,0,4.0,2.0,2.0,4
2025-26,4,Milan,6,2,0,1,4.0,2.0,2.0,5
2025-26,4,Roma,6,2,0,1,2.0,1.0,1.0,6
2025-26,4,Atalanta,5,1,2,0,6.0,3.0,3.0,7
2025-26,4,Como,4,1,1,1,3.0,2.0,1.0,8
2025-26,4,Cagliari,4,1,1,1,3.0,2.0,1.0,9
2025-26,4,Torino,4,1,1,1,1.0,5.0,-4.0,10
2025-26,4,Inter,3,1,0,2,9.0,6.0,3.0,11
2025-26,4,Lazio,3,1,0,2,4.0,3.0,1.0,12
2025-26,4,Bologna,3,1,0,2,1.0,2.0,-1.0,13
2025-26,4,Sassuolo,3,1,0,2,3.0,5.0,-2.0,14
2025-26,4,Genoa,2,0,2,1,1.0,2.0,-1.0,15
2025-26,4,Fiorentina,2,0,2,1,2.0,4.0,-2.0,16
2025-26,4,Verona,2,0,2,1,1.0,5.0,-4.0,17
2025-26,4,Pisa,1,0,1,2,1.0,3.0,-2.0,18
2025-26,4,Parma,1,0,1,2,1.0,5.0,-4.0,19
2025-26,4,Lecce,1,0,1,2,1.0,6.0,-5.0,20
2025-26,5,Napoli,12,4,0,0,9.0,3.0,6.0,1
2025-26,5,Juventus,10,3,1,0,8.0,4.0,4.0,2
2025-26,5,Milan,9,3,0,1,7.0,2.0,5.0,3
2025-26,5,Roma,9,3,0,1,3.0,1.0,2.0,4
2025-26,5,Atalanta,8,2,2,0,9.0,3.0,6.0,5
2025-26,5,Cremonese,8,2,2,0,5.0,3.0,2.0,6
2025-26,5,Como,7,2,1,1,5.0,3.0,2.0,7
2025-26,5,Cagliari,7,2,1,1,5.0,3.0,2.0,8
2025-26,5,Udinese,7,2,1,1,4.0,5.0,-1.0,9
2025-26,5,Inter,6,2,0,2,11.0,7.0,4.0,10
2025-26,5,Bologna,6,2,0,2,3.0,3.0,0.0,11
2025-26,5,Torino,4,1,1,2,1.0,8.0,-7.0,12
2025-26,5,Lazio,3,1,0,3,4.0,4.0,0.0,13
2025-26,5,Sassuolo,3,1,0,3,4.0,7.0,-3.0,14
2025-26,5,Verona,3,0,3,1,2.0,6.0,-4.0,15
2025-26,5,Genoa,2,0,2,2,2.0,4.0,-2.0,16
2025-26,5,Fiorentina,2,0,2,2,3.0,6.0,-3.0,17
2025-26,5,Parma,2,0,2,2,1.0,5.0,-4.0,18
2025-26,5,Pisa,1,0,1,3,3.0,6.0,-3.0,19
2025-26,5,Lecce,1,0,1,3,2.0,8.0,-6.0,20
2025-26,6,Milan,12,4,0,1,9.0,3.0,6.0,1
2025-26,6,Napoli,12,4,0,1,10.0,5.0,5.0,2
2025-26,6,Roma,12,4,0,1,5.0,1.0,4.0,3
2025-26,6,Juventus,11,3,2,0,9.0,5.0,4.0,4
2025-26,6,Inter,9,3,0,2,13.0,7.0,6.0,5
2025-26,6,Atalanta,9,2,3,0,10.0,4.0,6.0,6
2025-26,6,Cremonese,9,2,3,0,6.0,4.0,2.0,7
2025-26,6,Como,8,2,2,1,6.0,4.0,2.0,8
2025-26,6,Bologna,7,2,1,2,5.0,5.0,0.0,9
2025-26,6,Cagliari,7,2,1,2,5.0,5.0,0.0,10
2025-26,6,Udinese,7,2,1,2,5.0,8.0,-3.0,11
2025-26,6,Lazio,6,2,0,3,7.0,4.0,3.0,12
2025-26,6,Sassuolo,6,2,0,3,7.0,8.0,-1.0,13
2025-26,6,Parma,5,1,2,2,3.0,6.0,-3.0,14
2025-26,6,Torino,4,1,1,3,2.0,10.0,-8.0,15
2025-26,6,Fiorentina,3,0,3,2,3.0,6.0,-3.0,16
2025-26,6,Verona,3,0,3,2,2.0,8.0,-6.0,17
2025-26,6,Pisa,2,0,2,3,3.0,6.0,-3.0,18
2025-26,6,Genoa,2,0,2,3,2.0,7.0,-5.0,19
2025-26,6,Lecce,2,0,2,3,4.0,10.0,-6.0,20
2025-26,7,Napoli,15,5,0,1,12.0,6.0,6.0,1
2025-26,7,Roma,15,5,0,1,7.0,2.0,5.0,2
2025-26,7,Milan,13,4,1,1,9.0,3.0,6.0,3
2025-26,7,Inter,12,4,0,2,17.0,8.0,9.0,4
2025-26,7,Juventus,12,3,3,0,9.0,5.0,4.0,5
2025-26,7,Atalanta,10,2,4,0,11.0,5.0,6.0,6
2025-26,7,Bologna,10,3,1,2,9.0,5.0,4.0,7
2025-26,7,Como,9,2,3,1,7.0,5.0,2.0,8
2025-26,7,Sassuolo,9,3,0,3,8.0,8.0,0.0,9
2025-26,7,Cremonese,9,2,3,1,7.0,8.0,-1.0,10
2025-26,7,Cagliari,8,2,2,2,6.0,6.0,0.0,11
2025-26,7,Udinese,8,2,2,2,6.0,9.0,-3.0,12
2025-26,7,Lazio,7,2,1,3,10.0,7.0,3.0,13
2025-26,7,Parma,5,1,2,3,3.0,7.0,-4.0,14
2025-26,7,Lecce,5,1,2,3,5.0,10.0,-5.0,15
2025-26,7,Torino,5,1,2,3,5.0,13.0,-8.0,16
2025-26,7,Fiorentina,3,0,3,3,4.0,8.0,-4.0,17
2025-26,7,Verona,3,0,3,3,2.0,9.0,-7.0,18
2025-26,7,Genoa,2,0,2,4,3.0,9.0,-6.0,19
2025-26,7,Pisa,2,0,2,4,3.0,10.0,-7.0,20
2025-26,8,Milan,16,5,1,1,11.0,4.0,7.0,1
2025-26,8,Inter,15,5,0,2,18.0,8.0,10.0,2
2025-26,8,Napoli,15,5,0,2,12.0,7.0,5.0,3
2025-26,8,Roma,15,5,0,2,7.0,3.0,4.0,4
2025-26,8,Bologna,13,4,1,2,11.0,5.0,6.0,5
2025-26,8,Como,12,3,3,1,9.0,5.0,4.0,6
2025-26,8,Juventus,12,3,3,1,9.0,7.0,2.0,7
2025-26,8,Atalanta,11,2,5,0,11.0,5.0,6.0,8
2025-26,8,Sassuolo,10,3,1,3,8.0,8.0,0.0,9
2025-26,8,Cremonese,10,2,4,1,8.0,9.0,-1.0,10
2025-26,8,Udinese,9,2,3,2,7.0,10.0,-3.0,11
2025-26,8,Lazio,8,2,2,3,10.0,7.0,3.0,12
2025-26,8,Cagliari,8,2,2,3,6.0,8.0,-2.0,13
2025-26,8,Torino,8,2,2,3,6.0,13.0,-7.0,14
2025-26,8,Parma,6,1,3,3,3.0,7.0,-4.0,15
2025-26,8,Lecce,6,1,3,3,5.0,10.0,-5.0,16
2025-26,8,Verona,4,0,4,3,2.0,9.0,-7.0,17
2025-26,8,Fiorentina,3,0,3,4,5.0,10.0,-5.0,18
2025-26,8,Genoa,3,0,3,4,3.0,9.0,-6.0,19
2025-26,8,Pisa,3,0,3,4,3.0,10.0,-7.0,20
2025-26,9,Napoli,18,6,0,2,15.0,8.0,7.0,1
2025-26,9,Roma,18,6,0,2,8.0,3.0,5.0,2
2025-26,9,Milan,17,5,2,1,13.0,6.0,7.0,3
2025-26,9,Inter,15,5,0,3,19.0,11.0,8.0,4
2025-26,9,Bologna,14,4,2,2,13.0,7.0,6.0,5
2025-26,9,Como,13,3,4,1,9.0,5.0,4.0,6
2025-26,9,Atalanta,12,2,6,0,12.0,6.0,6.0,7
2025-26,9,Juventus,12,3,3,2,9.0,8.0,1.0,8
2025-26,9,Udinese,12,3,3,2,10.0,12.0,-2.0,9
2025-26,9,Lazio,11,3,2,3,11.0,7.0,4.0,10
2025-26,9,Cremonese,11,2,5,1,9.0,10.0,-1.0,11
2025-26,9,Torino,11,3,2,3,8.0,14.0,-6.0,12
2025-26,9,Sassuolo,10,3,1,4,8.0,9.0,-1.0,13
2025-26,9,Cagliari,9,2,3,3,8.0,10.0,-2.0,14
2025-26,9,Parma,7,1,4,3,3.0,7.0,-4.0,15
2025-26,9,Lecce,6,1,3,4,7.0,13.0,-6.0,16
2025-26,9,Verona,5,0,5,3,4.0,11.0,-7.0,17
2025-26,9,Fiorentina,4,0,4,4,7.0,12.0,-5.0,18
2025-26,9,Pisa,4,0,4,4,5.0,12.0,-7.0,19
2025-26,9,Genoa,3,0,3,5,4.0,11.0,-7.0,20
2025-26,10,Napoli,21,7,0,2,16.0,8.0,8.0,1
2025-26,10,Roma,21,7,0,2,10.0,4.0,6.0,2
2025-26,10,Inter,18,6,0,3,22.0,11.0,11.0,3
2025-26,10,Milan,18,5,3,1,14.0,7.0,7.0,4
2025-26,10,Como,16,4,4,1,12.0,6.0,6.0,5
2025-26,10,Bologna,15,4,3,2,13.0,7.0,6.0,6
2025-26,10,Juventus,15,4,3,2,12.0,9.0,3.0,7
2025-26,10,Cremonese,14,3,5,1,11.0,10.0,1.0,8
2025-26,10,Atalanta,13,2,7,0,13.0,7.0,6.0,9
2025-26,10,Sassuolo,13,4,1,4,10.0,10.0,0.0,10
2025-26,10,Lazio,12,3,3,3,11.0,7.0,4.0,11
2025-26,10,Udinese,12,3,3,3,11.0,15.0,-4.0,12
2025-26,10,Torino,12,3,3,3,8.0,14.0,-6.0,13
2025-26,10,Cagliari,9,2,3,4,9.0,12.0,-3.0,14
2025-26,10,Parma,7,1,4,4,4.0,9.0,-5.0,15
2025-26,10,Lecce,6,1,3,5,7.0,14.0,-7.0,16
2025-26,10,Pisa,5,0,5,4,5.0,12.0,-7.0,17
2025-26,10,Verona,5,0,5,4,5.0,14.0,-9.0,18
2025-26,10,Fiorentina,4,0,4,5,7.0,15.0,-8.0,19
2025-26,10,Genoa,3,0,3,6,4.0,13.0,-9.0,20
2025-26,11,Napoli,22,7,1,2,16.0,8.0,8.0,1
2025-26,11,Inter,21,7,0,3,24.0,12.0,12.0,2
2025-26,11,Milan,21,6,3,1,15.0,7.0,8.0,3
2025-26,11,Roma,21,7,0,3,10.0,5.0,5.0,4
2025-26,11,Bologna,18,5,3,2,16.0,8.0,8.0,5
2025-26,11,Juventus,18,5,3,2,14.0,10.0,4.0,6
2025-26,11,Como,17,4,5,1,12.0,6.0,6.0,7
2025-26,11,Lazio,15,4,3,3,13.0,7.0,6.0,8
2025-26,11,Udinese,15,4,3,3,12.0,15.0,-3.0,9
2025-26,11,Cremonese,14,3,5,2,12.0,12.0,0.0,10
2025-26,11,Atalanta,13,2,7,1,13.0,8.0,5.0,11
2025-26,11,Sassuolo,13,4,1,5,11.0,12.0,-1.0,12
2025-26,11,Torino,13,3,4,3,10.0,16.0,-6.0,13
2025-26,11,Cagliari,9,2,3,5,9.0,14.0,-5.0,14
2025-26,11,Lecce,9,2,3,5,8.0,14.0,-6.0,15
2025-26,11,Parma,7,1,4,5,5.0,12.0,-7.0,16
2025-26,11,Pisa,6,0,6,4,7.0,14.0,-7.0,17
2025-26,11,Genoa,6,1,3,6,6.0,14.0,-8.0,18
2025-26,11,Verona,5,0,5,5,6.0,16.0,-10.0,19
2025-26,11,Fiorentina,4,0,4,6,7.0,16.0,-9.0,20
2025-26,12,Inter,24,8,0,3,26.0,12.0,14.0,1
2025-26,12,Roma,24,8,0,3,12.0,5.0,7.0,2
2025-26,12,Milan,22,6,4,1,17.0,9.0,8.0,3
2025-26,12,Napoli,22,7,1,3,16.0,10.0,6.0,4
2025-26,12,Bologna,21,6,3,2,18.0,8.0,10.0,5
2025-26,12,Juventus,19,5,4,2,14.0,10.0,4.0,6
2025-26,12,Como,18,4,6,1,12.0,6.0,6.0,7
2025-26,12,Sassuolo,16,5,1,5,14.0,12.0,2.0,8
2025-26,12,Lazio,15,4,3,4,13.0,9.0,4.0,9
2025-26,12,Udinese,15,4,3,4,12.0,17.0,-5.0,10
2025-26,12,Cremonese,14,3,5,3,12.0,13.0,-1.0,11
2025-26,12,Torino,14,3,5,3,10.0,16.0,-6.0,12
2025-26,12,Atalanta,13,2,7,2,13.0,11.0,2.0,13
2025-26,12,Cagliari,10,2,4,5,9.0,14.0,-5.0,14
2025-26,12,Lecce,10,2,4,5,8.0,14.0,-6.0,15
2025-26,12,Pisa,9,1,6,4,8.0,14.0,-6.0,16
2025-26,12,Parma,8,1,5,5,7.0,14.0,-7.0,17
2025-26,12,Genoa,7,1,4,6,8.0,16.0,-8.0,18
2025-26,12,Verona,6,0,6,5,6.0,16.0,-10.0,19
2025-26,12,Fiorentina,5,0,5,6,9.0,18.0,-9.0,20
2025-26,13,Roma,27,9,0,3,15.0,6.0,9.0,1
2025-26,13,Milan,25,7,4,1,18.0,9.0,9.0,2
2025-26,13,Napoli,25,8,1,3,19.0,11.0,8.0,3
2025-26,13,Inter,24,8,0,4,26.0,13.0,13.0,4
2025-26,13,Bologna,24,7,3,2,21.0,8.0,13.0,5
2025-26,13,Como,21,5,6,1,17.0,7.0,10.0,6
2025-26,13,Juventus,20,5,5,2,15.0,11.0,4.0,7
2025-26,13,Lazio,18,5,3,4,15.0,9.0,6.0,8
2025-26,13,Sassuolo,17,5,2,5,16.0,14.0,2.0,9
2025-26,13,Udinese,15,4,3,5,12.0,20.0,-8.0,10
2025-26,13,Cremonese,14,3,5,4,13.0,16.0,-3.0,11
2025-26,13,Torino,14,3,5,4,11.0,21.0,-10.0,12
2025-26,13,Atalanta,13,2,7,3,14.0,14.0,0.0,13
2025-26,13,Cagliari,11,2,5,5,12.0,17.0,-5.0,14
2025-26,13,Parma,11,2,5,5,9.0,15.0,-6.0,15
2025-26,13,Pisa,10,1,7,4,10.0,16.0,-6.0,16
2025-26,13,Lecce,10,2,4,6,8.0,16.0,-8.0,17
2025-26,13,Genoa,8,1,5,6,11.0,19.0,-8.0,18
2025-26,13,Fiorentina,6,0,6,6,10.0,19.0,-9.0,19
2025-26,13,Verona,6,0,6,6,7.0,18.0,-11.0,20
2025-26,14,Milan,28,8,4,1,19.0,9.0,10.0,1
2025-26,14,Napoli,28,9,1,3,20.0,11.0,9.0,2
2025-26,14,Inter,27,9,0,4,28.0,13.0,15.0,3
2025-26,14,Roma,27,9,0,4,15.0,7.0,8.0,4
2025-26,14,Como,24,6,6,1,19.0,7.0,12.0,5
2025-26,14,Bologna,24,7,3,3,22.0,11.0,11.0,6
2025-26,14,Juventus,23,6,5,2,17.0,12.0,5.0,7
2025-26,14,Lazio,18,5,3,5,15.0,10.0,5.0,8
2025-26,14,Udinese,18,5,3,5,14.0,20.0,-6.0,9
2025-26,14,Sassuolo,17,5,2,6,16.0,16.0,0.0,10
2025-26,14,Cremonese,17,4,5,4,16.0,17.0,-1.0,11
2025-26,14,Atalanta,16,3,7,3,16.0,14.0,2.0,12
2025-26,14,Torino,14,3,5,5,12.0,23.0,-11.0,13
2025-26,14,Lecce,13,3,4,6,10.0,17.0,-7.0,14
2025-26,14,Cagliari,11,2,5,6,13.0,19.0,-6.0,15
2025-26,14,Genoa,11,2,5,6,13.0,20.0,-7.0,16
2025-26,14,Parma,11,2,5,6,9.0,17.0,-8.0,17
2025-26,14,Pisa,10,1,7,5,10.0,18.0,-8.0,18
2025-26,14,Fiorentina,6,0,6,7,10.0,21.0,-11.0,19
2025-26,14,Verona,6,0,6,7,8.0,20.0,-12.0,20
2025-26,15,Milan,31,9,4,1,22.0,11.0,11.0,1
2025-26,15,Napoli,31,10,1,3,22.0,12.0,10.0,2
2025-26,15,Inter,30,10,0,4,32.0,13.0,19.0,3
2025-26,15,Roma,27,9,0,5,15.0,8.0,7.0,4
2025-26,15,Bologna,25,7,4,3,23.0,12.0,11.0,5
2025-26,15,Como,24,6,6,2,19.0,11.0,8.0,6
2025-26,15,Juventus,23,6,5,3,18.0,14.0,4.0,7
2025-26,15,Sassuolo,20,6,2,6,19.0,17.0,2.0,8
2025-26,15,Cremonese,20,5,5,4,18.0,17.0,1.0,9
2025-26,15,Lazio,19,5,4,5,16.0,11.0,5.0,10
2025-26,15,Udinese,18,5,3,6,15.0,22.0,-7.0,11
2025-26,15,Atalanta,16,3,7,4,17.0,17.0,0.0,12
2025-26,15,Cagliari,14,3,5,6,14.0,19.0,-5.0,13
2025-26,15,Genoa,14,3,5,6,15.0,21.0,-6.0,14
2025-26,15,Parma,14,3,5,6,10.0,17.0,-7.0,15
2025-26,15,Torino,14,3,5,6,14.0,26.0,-12.0,16
2025-26,15,Lecce,13,3,4,7,10.0,19.0,-9.0,17
2025-26,15,Pisa,10,1,7,6,10.0,19.0,-9.0,18
2025-26,15,Verona,9,1,6,7,11.0,21.0,-10.0,19
2025-26,15,Fiorentina,6,0,6,8,11.0,24.0,-13.0,20
2025-26,16,Inter,33,11,0,4,34.0,14.0,20.0,1
2025-26,16,Milan,32,9,5,1,24.0,13.0,11.0,2
2025-26,16,Napoli,31,10,1,4,22.0,13.0,9.0,3
2025-26,16,Roma,30,10,0,5,16.0,8.0,8.0,4
2025-26,16,Juventus,26,7,5,3,19.0,14.0,5.0,5
2025-26,16,Bologna,25,7,4,4,23.0,13.0,10.0,6
2025-26,16,Como,24,6,6,3,19.0,12.0,7.0,7
2025-26,16,Lazio,22,6,4,5,17.0,11.0,6.0,8
2025-26,16,Sassuolo,21,6,3,6,21.0,19.0,2.0,9
2025-26,16,Udinese,21,6,3,6,16.0,22.0,-6.0,10
2025-26,16,Cremonese,20,5,5,5,18.0,18.0,0.0,11
2025-26,16,Atalanta,19,4,7,4,19.0,18.0,1.0,12
2025-26,16,Torino,17,4,5,6,15.0,26.0,-11.0,13
2025-26,16,Lecce,16,4,4,7,11.0,19.0,-8.0,14
2025-26,16,Cagliari,14,3,5,7,15.0,21.0,-6.0,15
2025-26,16,Genoa,14,3,5,7,16.0,23.0,-7.0,16
2025-26,16,Parma,14,3,5,7,10.0,18.0,-8.0,17
2025-26,16,Verona,12,2,6,7,13.0,22.0,-9.0,18
2025-26,16,Pisa,10,1,7,7,10.0,20.0,-10.0,19
2025-26,16,Fiorentina,6,0,6,9,12.0,26.0,-14.0,20
2025-26,17,Inter,36,12,0,4,35.0,14.0,21.0,1
2025-26,17,Milan,35,10,5,1,27.0,14.0,13.0,2
2025-26,17,Napoli,32,10,2,4,22.0,13.0,9.0,3
2025-26,17,Roma,30,10,0,6,17.0,10.0,7.0,4
2025-26,17,Juventus,29,8,5,3,21.0,15.0,6.0,5
2025-26,17,Bologna,28,8,4,4,26.0,15.0,11.0,6
2025-26,17,Como,24,6,6,4,20.0,15.0,5.0,7
2025-26,17,Lazio,23,6,5,5,17.0,11.0,6.0,8
2025-26,17,Atalanta,22,5,7,4,20.0,18.0,2.0,9
2025-26,17,Sassuolo,21,6,3,7,21.0,20.0,1.0,10
2025-26,17,Cremonese,21,5,6,5,18.0,18.0,0.0,11
2025-26,17,Udinese,21,6,3,7,17.0,27.0,-10.0,12
2025-26,17,Torino,20,5,5,6,16.0,26.0,-10.0,13
2025-26,17,Lecce,16,4,4,8,11.0,20.0,-9.0,14
2025-26,17,Cagliari,15,3,6,7,17.0,23.0,-6.0,15
2025-26,17,Parma,15,3,6,7,10.0,18.0,-8.0,16
2025-26,17,Genoa,14,3,5,8,16.0,24.0,-8.0,17
2025-26,17,Verona,12,2,6,8,15.0,25.0,-10.0,18
2025-26,17,Pisa,11,1,8,7,12.0,22.0,-10.0,19
2025-26,17,Fiorentina,9,1,6,9,17.0,27.0,-10.0,20
2025-26,18,Inter,39,13,0,4,36.0,14.0,22.0,1
2025-26,18,Milan,38,11,5,1,30.0,14.0,16.0,2
2025-26,18,Napoli,35,11,2,4,24.0,13.0,11.0,3
2025-26,18,Roma,33,11,0,6,20.0,11.0,9.0,4
2025-26,18,Juventus,32,9,5,3,23.0,15.0,8.0,5
2025-26,18,Bologna,29,8,5,4,27.0,16.0,11.0,6
2025-26,18,Como,27,7,6,4,23.0,15.0,8.0,7
2025-26,18,Lazio,24,6,6,5,18.0,12.0,6.0,8
2025-26,18,Sassuolo,22,6,4,7,22.0,21.0,1.0,9
2025-26,18,Atalanta,22,5,7,5,20.0,19.0,1.0,10
2025-26,18,Udinese,22,6,4,7,18.0,28.0,-10.0,11
2025-26,18,Cremonese,21,5,6,6,18.0,20.0,-2.0,12
2025-26,18,Torino,20,5,5,7,17.0,28.0,-11.0,13
2025-26,18,Cagliari,18,4,6,7,19.0,24.0,-5.0,14
2025-26,18,Parma,18,4,6,7,11.0,18.0,-7.0,15
2025-26,18,Lecce,16,4,4,9,11.0,23.0,-12.0,16
2025-26,18,Genoa,14,3,5,9,17.0,27.0,-10.0,17
2025-26,18,Verona,12,2,6,9,15.0,28.0,-13.0,18
2025-26,18,Pisa,11,1,8,8,12.0,24.0,-12.0,19
2025-26,18,Fiorentina,9,1,6,10,17.0,28.0,-11.0,20
2025-26,19,Inter,42,14,0,4,39.0,15.0,24.0,1
2025-26,19,Milan,41,12,5,1,31.0,14.0,17.0,2
2025-26,19,Napoli,38,12,2,4,26.0,13.0,13.0,3
2025-26,19,Juventus,33,9,6,3,24.0,16.0,8.0,4
2025-26,19,Roma,33,11,0,7,20.0,12.0,8.0,5
2025-26,19,Como,30,8,6,4,24.0,15.0,9.0,6
2025-26,19,Bologna,29,8,5,5,28.0,19.0,9.0,7
2025-26,19,Atalanta,25,6,7,5,21.0,19.0,2.0,8
2025-26,19,Lazio,24,6,6,6,18.0,14.0,4.0,9
2025-26,19,Sassuolo,23,6,5,7,23.0,22.0,1.0,10
2025-26,19,Torino,23,6,5,7,20.0,28.0,-8.0,11
2025-26,19,Udinese,22,6,4,8,18.0,29.0,-11.0,12
2025-26,19,Cremonese,21,5,6,7,18.0,21.0,-3.0,13
2025-26,19,Parma,19,4,7,7,12.0,19.0,-7.0,14
2025-26,19,Cagliari,18,4,6,8,19.0,25.0,-6.0,15
2025-26,19,Lecce,17,4,5,9,12.0,24.0,-12.0,16
2025-26,19,Genoa,15,3,6,9,18.0,28.0,-10.0,17
2025-26,19,Fiorentina,12,2,6,10,18.0,28.0,-10.0,18
2025-26,19,Pisa,12,1,9,8,13.0,25.0,-12.0,19
2025-26,19,Verona,12,2,6,10,15.0,31.0,-16.0,20
2025-26,20,Inter,45,15,0,4,41.0,15.0,26.0,1
2025-26,20,Milan,42,12,6,1,32.0,15.0,17.0,2
2025-26,20,Napoli,39,12,3,4,28.0,15.0,13.0,3
2025-26,20,Juventus,36,10,6,3,27.0,16.0,11.0,4
2025-26,20,Roma,36,12,0,7,22.0,12.0,10.0,5
2025-26,20,Como,33,9,6,4,27.0,15.0,12.0,6
2025-26,20,Bologna,29,8,5,6,28.0,21.0,7.0,7
2025-26,20,Atalanta,28,7,7,5,23.0,19.0,4.0,8
2025-26,20,Lazio,25,6,7,6,20.0,16.0,4.0,9
2025-26,20,Udinese,25,7,4,8,20.0,30.0,-10.0,10
2025-26,20,Sassuolo,23,6,5,8,23.0,25.0,-2.0,11
2025-26,20,Torino,23,6,5,8,21.0,30.0,-9.0,12
2025-26,20,Cremonese,22,5,7,7,20.0,23.0,-3.0,13
2025-26,20,Cagliari,19,4,7,8,21.0,27.0,-6.0,14
2025-26,20,Parma,19,4,7,8,12.0,21.0,-9.0,15
2025-26,20,Lecce,17,4,5,10,12.0,26.0,-14.0,16
2025-26,20,Genoa,16,3,7,9,19.0,29.0,-10.0,17
2025-26,20,Fiorentina,13,2,7,10,20.0,30.0,-10.0,18
2025-26,20,Verona,13,2,7,10,17.0,33.0,-16.0,19
2025-26,20,Pisa,12,1,9,9,13.0,28.0,-15.0,20
2025-26,21,Inter,46,15,1,4,43.0,17.0,26.0,1
2025-26,21,Milan,43,12,7,1,33.0,16.0,17.0,2
2025-26,21,Napoli,40,12,4,4,30.0,17.0,13.0,3
2025-26,21,Juventus,39,11,6,3,32.0,16.0,16.0,4
2025-26,21,Roma,39,13,0,7,24.0,12.0,12.0,5
2025-26,21,Como,34,9,7,4,28.0,16.0,12.0,6
2025-26,21,Atalanta,31,8,7,5,25.0,19.0,6.0,7
2025-26,21,Bologna,30,8,6,6,29.0,22.0,7.0,8
2025-26,21,Lazio,28,7,7,6,21.0,16.0,5.0,9
2025-26,21,Udinese,26,7,5,8,22.0,32.0,-10.0,10
2025-26,21,Sassuolo,23,6,5,9,23.0,27.0,-4.0,11
2025-26,21,Torino,23,6,5,9,21.0,32.0,-11.0,12
2025-26,21,Cremonese,22,5,7,8,20.0,28.0,-8.0,13
2025-26,21,Parma,22,5,7,8,14.0,22.0,-8.0,14
2025-26,21,Genoa,19,4,7,9,22.0,29.0,-7.0,15
2025-26,21,Cagliari,19,4,7,9,21.0,30.0,-9.0,16
2025-26,21,Lecce,17,4,5,11,13.0,28.0,-15.0,17
2025-26,21,Fiorentina,14,2,8,10,21.0,31.0,-10.0,18
2025-26,21,Pisa,13,1,10,9,15.0,30.0,-15.0,19
2025-26,21,Verona,13,2,7,11,17.0,34.0,-17.0,20
2025-26,22,Inter,49,16,1,4,44.0,17.0,27.0,1
2025-26,22,Milan,46,13,7,1,34.0,16.0,18.0,2
2025-26,22,Napoli,43,13,4,4,31.0,17.0,14.0,3
2025-26,22,Roma,42,14,0,7,26.0,12.0,14.0,4
2025-26,22,Juventus,39,11,6,4,32.0,17.0,15.0,5
2025-26,22,Como,37,10,7,4,31.0,16.0,15.0,6
2025-26,22,Atalanta,32,8,8,5,26.0,20.0,6.0,7
2025-26,22,Bologna,30,8,6,7,30.0,24.0,6.0,8
2025-26,22,Lazio,28,7,7,7,21.0,19.0,2.0,9
2025-26,22,Udinese,26,7,5,9,22.0,33.0,-11.0,10
2025-26,22,Sassuolo,23,6,5,10,23.0,28.0,-5.0,11
2025-26,22,Cremonese,23,5,8,8,20.0,28.0,-8.0,12
2025-26,22,Parma,23,5,8,8,14.0,22.0,-8.0,13
2025-26,22,Torino,23,6,5,10,21.0,34.0,-13.0,14
2025-26,22,Cagliari,22,5,7,9,22.0,30.0,-8.0,15
2025-26,22,Genoa,20,4,8,9,22.0,29.0,-7.0,16
2025-26,22,Fiorentina,17,3,8,10,23.0,32.0,-9.0,17
2025-26,22,Lecce,17,4,5,12,13.0,29.0,-16.0,18
2025-26,22,Pisa,14,1,11,9,16.0,31.0,-15.0,19
2025-26,22,Verona,14,2,8,11,17.0,34.0,-17.0,20
2025-26,23,Inter,52,17,1,4,50.0,19.0,31.0,1
2025-26,23,Milan,47,13,8,1,35.0,17.0,18.0,2
2025-26,23,Roma,43,14,1,7,27.0,13.0,14.0,3
2025-26,23,Napoli,43,13,4,5,31.0,20.0,11.0,4
2025-26,23,Juventus,42,12,6,4,35.0,17.0,18.0,5
2025-26,23,Como,40,11,7,4,37.0,16.0,21.0,6
2025-26,23,Atalanta,35,9,8,5,30.0,20.0,10.0,7
2025-26,23,Bologna,30,8,6,8,32.0,27.0,5.0,8
2025-26,23,Lazio,29,7,8,7,21.0,19.0,2.0,9
2025-26,23,Udinese,29,8,5,9,25.0,34.0,-9.0,10
2025-26,23,Sassuolo,26,7,5,10,24.0,28.0,-4.0,11
2025-26,23,Cagliari,25,6,7,9,24.0,31.0,-7.0,12
2025-26,23,Genoa,23,5,8,9,25.0,31.0,-6.0,13
2025-26,23,Cremonese,23,5,8,9,20.0,29.0,-9.0,14
2025-26,23,Parma,23,5,8,9,14.0,26.0,-12.0,15
2025-26,23,Torino,23,6,5,11,21.0,40.0,-19.0,16
2025-26,23,Lecce,18,4,6,12,13.0,29.0,-16.0,17
2025-26,23,Fiorentina,17,3,8,11,24.0,34.0,-10.0,18
2025-26,23,Pisa,14,1,11,10,18.0,37.0,-19.0,19
2025-26,23,Verona,14,2,8,12,18.0,37.0,-19.0,20
2025-26,24,Inter,55,18,1,4,52.0,19.0,33.0,1
2025-26,24,Milan,50,14,8,1,38.0,17.0,21.0,2
2025-26,24,Napoli,46,14,4,5,33.0,21.0,12.0,3
2025-26,24,Juventus,45,13,6,4,39.0,18.0,21.0,4
2025-26,24,Roma,43,14,1,8,27.0,14.0,13.0,5
2025-26,24,Como,41,11,8,4,37.0,16.0,21.0,6
2025-26,24,Atalanta,36,9,9,5,30.0,20.0,10.0,7
2025-26,24,Lazio,32,8,8,7,24.0,21.0,3.0,8
2025-26,24,Udinese,32,9,5,9,26.0,34.0,-8.0,9
2025-26,24,Bologna,30,8,6,9,32.0,30.0,2.0,10
2025-26,24,Sassuolo,29,8,5,10,27.0,29.0,-2.0,11
2025-26,24,Cagliari,28,7,7,9,28.0,31.0,-3.0,12
2025-26,24,Torino,26,7,5,11,22.0,40.0,-18.0,13
2025-26,24,Genoa,23,5,8,10,27.0,34.0,-7.0,14
2025-26,24,Cremonese,23,5,8,10,20.0,31.0,-11.0,15
2025-26,24,Parma,23,5,8,10,15.0,30.0,-15.0,16
2025-26,24,Lecce,18,4,6,13,13.0,30.0,-17.0,17
2025-26,24,Fiorentina,17,3,8,12,25.0,36.0,-11.0,18
2025-26,24,Pisa,14,1,11,11,19.0,40.0,-21.0,19
2025-26,24,Verona,14,2,8,13,18.0,41.0,-23.0,20
2025-26,25,Inter,58,19,1,4,57.0,19.0,38.0,1
2025-26,25,Milan,51,14,9,1,39.0,18.0,21.0,2
2025-26,25,Napoli,49,15,4,5,36.0,23.0,13.0,3
2025-26,25,Juventus,46,13,7,4,41.0,20.0,21.0,4
2025-26,25,Roma,46,15,1,8,29.0,14.0,15.0,5
2025-26,25,Como,42,11,9,4,38.0,17.0,21.0,6
2025-26,25,Atalanta,39,10,9,5,32.0,21.0,11.0,7
2025-26,25,Lazio,33,8,9,7,26.0,23.0,3.0,8
2025-26,25,Udinese,32,9,5,10,27.0,36.0,-9.0,9
2025-26,25,Bologna,30,8,6,10,32.0,31.0,1.0,10
2025-26,25,Sassuolo,29,8,5,11,27.0,34.0,-7.0,11
2025-26,25,Cagliari,28,7,7,10,28.0,33.0,-5.0,12
2025-26,25,Torino,27,7,6,11,24.0,42.0,-18.0,13
2025-26,25,Parma,26,6,8,10,16.0,30.0,-14.0,14
2025-26,25,Genoa,23,5,8,11,29.0,37.0,-8.0,15
2025-26,25,Cremonese,23,5,8,11,21.0,33.0,-12.0,16
2025-26,25,Lecce,21,5,6,13,15.0,31.0,-16.0,17
2025-26,25,Fiorentina,18,3,9,12,27.0,38.0,-11.0,18
2025-26,25,Pisa,15,1,12,11,19.0,40.0,-21.0,19
2025-26,25,Verona,15,2,9,13,18.0,41.0,-23.0,20
2025-26,26,Inter,61,20,1,4,60.0,21.0,39.0,1
2025-26,26,Milan,54,15,9,1,41.0,19.0,22.0,2
2025-26,26,Napoli,50,15,5,5,38.0,25.0,13.0,3
2025-26,26,Roma,47,15,2,8,31.0,16.0,15.0,4
2025-26,26,Juventus,46,13,7,5,43.0,23.0,20.0,5
2025-26,26,Como,42,11,9,5,39.0,19.0,20.0,6
2025-26,26,Atalanta,42,11,9,5,34.0,21.0,13.0,7
2025-26,26,Bologna,33,9,6,10,34.0,32.0,2.0,8
2025-26,26,Lazio,33,8,9,8,26.0,25.0,1.0,9
2025-26,26,Sassuolo,32,9,5,11,29.0,35.0,-6.0,10
2025-26,26,Udinese,32,9,5,11,28.0,38.0,-10.0,11
2025-26,26,Parma,29,7,8,10,18.0,31.0,-13.0,12
2025-26,26,Cagliari,28,7,7,11,28.0,35.0,-7.0,13
2025-26,26,Torino,27,7,6,12,25.0,44.0,-19.0,14
2025-26,26,Genoa,24,5,9,11,29.0,37.0,-8.0,15
2025-26,26,Cremonese,24,5,9,11,21.0,33.0,-12.0,16
2025-26,26,Lecce,24,6,6,13,17.0,31.0,-14.0,17
2025-26,26,Fiorentina,21,4,9,12,29.0,39.0,-10.0,18
2025-26,26,Pisa,15,1,12,12,20.0,42.0,-22.0,19
2025-26,26,Verona,15,2,9,14,19.0,43.0,-24.0,20
2025-26,27,Inter,64,21,1,4,62.0,21.0,41.0,1
2025-26,27,Milan,54,15,9,2,41.0,20.0,21.0,2
2025-26,27,Roma,50,16,2,8,34.0,16.0,18.0,3
2025-26,27,Napoli,50,15,5,6,39.0,27.0,12.0,4
2025-26,27,Juventus,46,13,7,6,43.0,25.0,18.0,5
2025-26,27,Como,45,12,9,5,41.0,19.0,22.0,6
2025-26,27,Atalanta,45,12,9,5,36.0,22.0,14.0,7
2025-26,27,Bologna,36,10,6,10,35.0,32.0,3.0,8
2025-26,27,Sassuolo,35,10,5,11,32.0,35.0,-3.0,9
2025-26,27,Lazio,34,8,10,8,26.0,25.0,1.0,10
2025-26,27,Udinese,32,9,5,12,28.0,39.0,-11.0,11
2025-26,27,Parma,32,8,8,10,19.0,31.0,-12.0,12
2025-26,27,Cagliari,29,7,8,11,28.0,35.0,-7.0,13
2025-26,27,Genoa,27,6,9,11,32.0,37.0,-5.0,14
2025-26,27,Torino,27,7,6,13,25.0,47.0,-22.0,15
2025-26,27,Fiorentina,24,5,9,12,30.0,39.0,-9.0,16
2025-26,27,Cremonese,24,5,9,12,21.0,36.0,-15.0,17
2025-26,27,Lecce,24,6,6,14,17.0,33.0,-16.0,18
2025-26,27,Pisa,15,1,12,13,20.0,43.0,-23.0,19
2025-26,27,Verona,15,2,9,15,19.0,46.0,-27.0,20
2025-26,28,Inter,67,22,1,4,64.0,21.0,43.0,1
2025-26,28,Milan,57,16,9,2,43.0,20.0,23.0,2
2025-26,28,Napoli,53,16,5,6,41.0,28.0,13.0,3
2025-26,28,Roma,51,16,3,8,37.0,19.0,18.0,4
2025-26,28,Como,48,13,9,5,44.0,20.0,24.0,5
2025-26,28,Juventus,47,13,8,6,46.0,28.0,18.0,6
2025-26,28,Atalanta,45,12,9,6,37.0,24.0,13.0,7
2025-26,28,Bologna,39,11,6,10,36.0,32.0,4.0,8
2025-26,28,Sassuolo,38,11,5,11,34.0,36.0,-2.0,9
2025-26,28,Udinese,35,10,5,12,31.0,39.0,-8.0,10
2025-26,28,Lazio,34,8,10,9,26.0,27.0,-1.0,11
2025-26,28,Parma,33,8,9,10,20.0,32.0,-12.0,12
2025-26,28,Cagliari,30,7,9,11,29.0,36.0,-7.0,13
2025-26,28,Torino,30,8,6,13,27.0,47.0,-20.0,14
2025-26,28,Genoa,27,6,9,12,32.0,39.0,-7.0,15
2025-26,28,Fiorentina,24,5,9,13,30.0,42.0,-12.0,16
2025-26,28,Cremonese,24,5,9,13,21.0,38.0,-17.0,17
2025-26,28,Lecce,24,6,6,15,18.0,36.0,-18.0,18
2025-26,28,Pisa,15,1,12,14,20.0,44.0,-24.0,19
2025-26,28,Verona,15,2,9,16,20.0,48.0,-28.0,20
2025-26,29,Inter,67,22,1,5,64.0,22.0,42.0,1
2025-26,29,Milan,60,17,9,2,44.0,20.0,24.0,2
2025-26,29,Napoli,56,17,5,6,43.0,29.0,14.0,3
2025-26,29,Como,51,14,9,5,46.0,21.0,25.0,4
2025-26,29,Roma,51,16,3,9,38.0,21.0,17.0,5
2025-26,29,Juventus,50,14,8,6,50.0,28.0,22.0,6
2025-26,29,Atalanta,46,12,10,6,39.0,26.0,13.0,7
2025-26,29,Bologna,39,11,6,11,37.0,34.0,3.0,8
2025-26,29,Sassuolo,38,11,5,12,35.0,38.0,-3.0,9
2025-26,29,Lazio,37,9,10,9,28.0,28.0,0.0,10
2025-26,29,Udinese,36,10,6,12,33.0,41.0,-8.0,11
2025-26,29,Parma,34,8,10,10,20.0,32.0,-12.0,12
2025-26,29,Genoa,30,7,9,12,34.0,40.0,-6.0,13
2025-26,29,Cagliari,30,7,9,12,30.0,38.0,-8.0,14
2025-26,29,Torino,30,8,6,14,28.0,49.0,-21.0,15
2025-26,29,Lecce,27,7,6,15,20.0,37.0,-17.0,16
2025-26,29,Fiorentina,25,5,10,13,30.0,42.0,-12.0,17
2025-26,29,Cremonese,24,5,9,14,22.0,40.0,-18.0,18
2025-26,29,Verona,18,3,9,16,22.0,49.0,-27.0,19
2025-26,29,Pisa,15,1,12,15,20.0,48.0,-28.0,20
2025-26,30,Inter,68,22,2,5,65.0,23.0,42.0,1
2025-26,30,Milan,60,17,9,3,44.0,21.0,23.0,2
2025-26,30,Napoli,59,18,5,6,45.0,30.0,15.0,3
2025-26,30,Como,54,15,9,5,48.0,22.0,26.0,4
2025-26,30,Juventus,53,15,8,6,51.0,28.0,23.0,5
2025-26,30,Roma,51,16,3,10,39.0,23.0,16.0,6
2025-26,30,Atalanta,47,12,11,6,40.0,27.0,13.0,7
2025-26,30,Bologna,42,12,6,11,38.0,34.0,4.0,8
2025-26,30,Lazio,40,10,10,9,29.0,28.0,1.0,9
2025-26,30,Sassuolo,38,11,5,13,35.0,39.0,-4.0,10
2025-26,30,Udinese,36,10,6,13,33.0,42.0,-9.0,11
2025-26,30,Parma,34,8,10,11,21.0,36.0,-15.0,12
2025-26,30,Genoa,33,8,9,12,36.0,40.0,-4.0,13
2025-26,30,Torino,33,9,6,14,32.0,50.0,-18.0,14
2025-26,30,Cagliari,30,7,9,13,31.0,41.0,-10.0,15
2025-26,30,Fiorentina,28,6,10,13,34.0,43.0,-9.0,16
2025-26,30,Lecce,27,7,6,16,21.0,39.0,-18.0,17
2025-26,30,Cremonese,24,5,9,15,23.0,44.0,-21.0,18
2025-26,30,Pisa,18,2,12,15,23.0,49.0,-26.0,19
2025-26,30,Verona,18,3,9,17,22.0,51.0,-29.0,20
2025-26,31,Inter,69,22,3,5,66.0,24.0,42.0,1
2025-26,31,Milan,63,18,9,3,47.0,23.0,24.0,2
2025-26,31,Napoli,62,19,5,6,46.0,30.0,16.0,3
2025-26,31,Como,57,16,9,5,53.0,22.0,31.0,4
2025-26,31,Juventus,54,15,9,6,52.0,29.0,23.0,5
2025-26,31,Roma,54,17,3,10,40.0,23.0,17.0,6
2025-26,31,Atalanta,50,13,11,6,41.0,27.0,14.0,7
2025-26,31,Lazio,43,11,10,9,31.0,28.0,3.0,8
2025-26,31,Bologna,42,12,6,12,38.0,36.0,2.0,9
2025-26,31,Sassuolo,39,11,6,13,36.0,40.0,-4.0,10
2025-26,31,Udinese,39,11,6,13,35.0,42.0,-7.0,11
2025-26,31,Parma,34,8,10,12,21.0,38.0,-17.0,12
2025-26,31,Genoa,33,8,9,13,36.0,42.0,-6.0,13
2025-26,31,Torino,33,9,6,15,34.0,53.0,-19.0,14
2025-26,31,Cagliari,30,7,9,14,31.0,42.0,-11.0,15
2025-26,31,Fiorentina,29,6,11,13,35.0,44.0,-9.0,16
2025-26,31,Cremonese,27,6,9,15,25.0,44.0,-19.0,17
2025-26,31,Lecce,27,7,6,17,21.0,40.0,-19.0,18
2025-26,31,Verona,18,3,9,18,22.0,52.0,-30.0,19
2025-26,31,Pisa,18,2,12,16,23.0,54.0,-31.0,20
2025-26,32,Inter,72,23,3,5,71.0,26.0,45.0,1
2025-26,32,Napoli,65,20,5,6,47.0,30.0,17.0,2
2025-26,32,Milan,63,18,9,4,47.0,24.0,23.0,3
2025-26,32,Como,58,16,10,5,53.0,22.0,31.0,4
2025-26,32,Juventus,57,16,9,6,54.0,29.0,25.0,5
2025-26,32,Roma,54,17,3,11,42.0,28.0,14.0,6
2025-26,32,Atalanta,53,14,11,6,44.0,27.0,17.0,7
2025-26,32,Bologna,45,13,6,12,40.0,37.0,3.0,8
2025-26,32,Lazio,44,11,11,9,32.0,29.0,3.0,9
2025-26,32,Sassuolo,42,12,6,13,38.0,41.0,-3.0,10
2025-26,32,Udinese,40,11,7,13,35.0,42.0,-7.0,11
2025-26,32,Torino,36,10,6,15,35.0,53.0,-18.0,12
2025-26,32,Parma,35,8,11,12,22.0,39.0,-17.0,13
2025-26,32,Genoa,33,8,9,14,36.0,44.0,-8.0,14
2025-26,32,Fiorentina,32,7,11,13,36.0,44.0,-8.0,15
2025-26,32,Cagliari,30,7,9,15,32.0,44.0,-12.0,16
2025-26,32,Cremonese,27,6,9,16,26.0,46.0,-20.0,17
2025-26,32,Lecce,27,7,6,18,21.0,43.0,-22.0,18
2025-26,32,Verona,18,3,9,19,22.0,53.0,-31.0,19
2025-26,32,Pisa,18,2,12,17,23.0,55.0,-32.0,20
2025-26,33,Inter,75,24,3,5,75.0,29.0,46.0,1
2025-26,33,Napoli,66,20,6,6,48.0,31.0,17.0,2
2025-26,33,Milan,63,18,9,5,47.0,27.0,20.0,3
2025-26,33,Juventus,60,17,9,6,55.0,29.0,26.0,4
2025-26,33,Como,58,16,10,6,56.0,26.0,30.0,5
2025-26,33,Roma,57,18,3,11,45.0,28.0,17.0,6
2025-26,33,Atalanta,53,14,11,7,44.0,28.0,16.0,7
2025-26,33,Bologna,48,14,6,12,42.0,37.0,5.0,8
2025-26,33,Lazio,44,11,11,10,32.0,30.0,2.0,9
2025-26,33,Udinese,43,12,7,13,38.0,42.0,-4.0,10
2025-26,33,Sassuolo,42,12,6,14,39.0,43.0,-4.0,11
2025-26,33,Torino,39,11,6,15,37.0,54.0,-17.0,12
2025-26,33,Genoa,36,9,9,14,38.0,45.0,-7.0,13
2025-26,33,Parma,36,8,12,12,23.0,40.0,-17.0,14
2025-26,33,Fiorentina,35,8,11,13,37.0,44.0,-7.0,15
2025-26,33,Cagliari,33,8,9,15,33.0,44.0,-11.0,16
2025-26,33,Cremonese,27,6,9,17,26.0,47.0,-21.0,17
2025-26,33,Lecce,27,7,6,19,21.0,45.0,-24.0,18
2025-26,33,Verona,18,3,9,20,23.0,55.0,-32.0,19
2025-26,33,Pisa,18,2,12,18,23.0,58.0,-35.0,20
2025-26,34,Inter,78,25,3,5,78.0,29.0,49.0,1
2025-26,34,Milan,66,19,9,5,48.0,27.0,21.0,2
2025-26,34,Napoli,66,20,6,7,48.0,33.0,15.0,3
2025-26,34,Juventus,63,18,9,6,57.0,29.0,28.0,4
2025-26,34,Como,58,16,10,7,57.0,28.0,29.0,5
2025-26,34,Roma,58,18,4,11,46.0,29.0,17.0,6
2025-26,34,Atalanta,54,14,12,7,45.0,29.0,16.0,7
2025-26,34,Bologna,48,14,6,13,42.0,39.0,3.0,8
2025-26,34,Lazio,47,12,11,10,34.0,30.0,4.0,9
2025-26,34,Sassuolo,45,13,6,14,41.0,44.0,-3.0,10
2025-26,34,Udinese,43,12,7,14,38.0,43.0,-5.0,11
2025-26,34,Torino,40,11,7,15,37.0,54.0,-17.0,12
2025-26,34,Genoa,39,10,9,14,40.0,46.0,-6.0,13
2025-26,34,Parma,39,9,12,12,24.0,40.0,-16.0,14
2025-26,34,Fiorentina,36,8,12,13,38.0,45.0,-7.0,15
2025-26,34,Cagliari,33,8,9,16,33.0,47.0,-14.0,16
2025-26,34,Cremonese,28,6,10,17,26.0,47.0,-21.0,17
2025-26,34,Lecce,28,7,7,19,22.0,46.0,-24.0,18
2025-26,34,Verona,18,3,9,21,23.0,56.0,-33.0,19
2025-26,34,Pisa,18,2,12,19,24.0,60.0,-36.0,20
2025-26,35,Inter,79,25,4,5,80.0,31.0,49.0,1
2025-26,35,Napoli,69,21,6,7,52.0,33.0,19.0,2
2025-26,35,Milan,67,19,10,5,48.0,27.0,21.0,3
2025-26,35,Juventus,64,18,10,6,57.0,29.0,28.0,4
2025-26,35,Como,61,17,10,7,59.0,28.0,31.0,5
2025-26,35,Roma,61,19,4,11,48.0,29.0,19.0,6
2025-26,35,Atalanta,54,14,12,8,47.0,32.0,15.0,7
2025-26,35,Lazio,48,12,12,10,37.0,33.0,4.0,8
2025-26,35,Bologna,48,14,6,14,42.0,41.0,1.0,9
2025-26,35,Sassuolo,46,13,7,14,41.0,44.0,-3.0,10
2025-26,35,Udinese,44,12,8,14,41.0,46.0,-5.0,11
2025-26,35,Parma,42,10,12,12,25.0,40.0,-15.0,12
2025-26,35,Torino,41,11,8,15,39.0,56.0,-17.0,13
2025-26,35,Genoa,39,10,9,15,40.0,48.0,-8.0,14
2025-26,35,Fiorentina,37,8,13,13,38.0,45.0,-7.0,15
2025-26,35,Cagliari,36,9,9,16,36.0,49.0,-13.0,16
2025-26,35,Lecce,29,7,8,19,22.0,46.0,-24.0,17
2025-26,35,Cremonese,28,6,10,18,26.0,51.0,-25.0,18
2025-26,35,Verona,19,3,10,21,23.0,56.0,-33.0,19
2025-26,35,Pisa,18,2,12,20,24.0,61.0,-37.0,20
2025-26,36,Inter,82,26,4,5,82.0,31.0,51.0,1
2025-26,36,Napoli,70,21,7,7,52.0,33.0,19.0,2
2025-26,36,Milan,67,19,10,6,48.0,29.0,19.0,3
2025-26,36,Juventus,65,18,11,6,58.0,30.0,28.0,4
2025-26,36,Roma,64,20,4,11,52.0,29.0,23.0,5
2025-26,36,Como,62,17,11,7,59.0,28.0,31.0,6
2025-26,36,Atalanta,55,14,13,8,47.0,32.0,15.0,7
2025-26,36,Lazio,51,13,12,10,39.0,34.0,5.0,8
2025-26,36,Bologna,49,14,7,14,42.0,41.0,1.0,9
2025-26,36,Sassuolo,49,14,7,14,43.0,44.0,-1.0,10
2025-26,36,Udinese,47,13,8,14,43.0,46.0,-3.0,11
2025-26,36,Parma,42,10,12,13,25.0,42.0,-17.0,12
2025-26,36,Torino,41,11,8,16,39.0,58.0,-19.0,13
2025-26,36,Genoa,40,10,10,15,40.0,48.0,-8.0,14
2025-26,36,Fiorentina,37,8,13,14,38.0,49.0,-11.0,15
2025-26,36,Cagliari,37,9,10,16,36.0,49.0,-13.0,16
2025-26,36,Lecce,32,8,8,19,24.0,47.0,-23.0,17
2025-26,36,Cremonese,28,6,10,19,27.0,53.0,-26.0,18
2025-26,36,Verona,20,3,11,21,24.0,57.0,-33.0,19
2025-26,36,Pisa,18,2,12,21,25.0,63.0,-38.0,20
2025-26,37,Inter,85,27,4,5,85.0,31.0,54.0,1
2025-26,37,Napoli,70,21,7,8,54.0,36.0,18.0,2
2025-26,37,Juventus,68,19,11,6,59.0,30.0,29.0,3
2025-26,37,Roma,67,21,4,11,55.0,31.0,24.0,4
2025-26,37,Milan,67,19,10,7,50.0,32.0,18.0,5
2025-26,37,Como,65,18,11,7,60.0,28.0,32.0,6
2025-26,37,Atalanta,58,15,13,8,50.0,34.0,16.0,7
2025-26,37,Bologna,52,15,7,14,45.0,43.0,2.0,8
2025-26,37,Lazio,51,13,12,11,39.0,37.0,2.0,9
2025-26,37,Udinese,50,14,8,14,45.0,46.0,-1.0,10
2025-26,37,Sassuolo,49,14,7,15,44.0,46.0,-2.0,11
2025-26,37,Torino,44,12,8,16,41.0,59.0,-18.0,12
2025-26,37,Parma,42,10,12,14,27.0,45.0,-18.0,13
2025-26,37,Genoa,41,10,11,15,40.0,48.0,-8.0,14
2025-26,37,Fiorentina,38,8,14,14,38.0,49.0,-11.0,15
2025-26,37,Cagliari,37,9,10,17,36.0,51.0,-15.0,16
2025-26,37,Lecce,32,8,8,20,24.0,48.0,-24.0,17
2025-26,37,Cremonese,31,7,10,19,30.0,53.0,-23.0,18
2025-26,37,Verona,20,3,11,22,24.0,58.0,-34.0,19
2025-26,37,Pisa,18,2,12,22,25.0,66.0,-41.0,20
2025-26,38,Inter,86,27,5,5,86.0,32.0,54.0,1
2025-26,38,Napoli,73,22,7,8,57.0,36.0,21.0,2
2025-26,38,Roma,70,22,4,11,57.0,31.0,26.0,3
2025-26,38,Milan,70,20,10,7,52.0,33.0,19.0,4
2025-26,38,Como,68,19,11,7,61.0,28.0,33.0,5
2025-26,38,Juventus,68,19,11,7,59.0,32.0,27.0,6
2025-26,38,Atalanta,58,15,13,9,50.0,35.0,15.0,7
2025-26,38,Bologna,55,16,7,14,46.0,43.0,3.0,8
2025-26,38,Lazio,51,13,12,12,39.0,39.0,0.0,9
2025-26,38,Udinese,50,14,8,15,45.0,47.0,-2.0,10
2025-26,38,Sassuolo,49,14,7,16,46.0,49.0,-3.0,11
2025-26,38,Torino,44,12,8,17,42.0,61.0,-19.0,12
2025-26,38,Parma,42,10,12,15,27.0,46.0,-19.0,13
2025-26,38,Genoa,41,10,11,16,41.0,50.0,-9.0,14
2025-26,38,Fiorentina,41,9,14,14,40.0,49.0,-9.0,15
2025-26,38,Cagliari,40,10,10,17,38.0,52.0,-14.0,16
2025-26,38,Lecce,35,9,8,20,27.0,50.0,-23.0,17
2025-26,38,Cremonese,34,8,10,19,31.0,53.0,-22.0,18
2025-26,38,Verona,21,3,12,22,25.0,59.0,-34.0,19
2025-26,38,Pisa,18,2,12,23,25.0,69.0,-44.0,20
