player_id,stagione,eta_al_1_agosto,nome_transfermarkt,squadra,match_type,player_tm_id
4,2015-16,23,Marco Sportiello,Atalanta,cognome/token,199976
10,2015-16,28,Nicolò Cherubin,Atalanta,cognome/token,56854
13,2015-16,30,Boukary Dramé,Atalanta,cognome/token,33442
15,2015-16,29,Andrea Masiello,Atalanta,cognome/token,34198
17,2015-16,34,Guglielmo Stendardo,Atalanta,cognome/token,22093
26,2015-16,27,Papu Gómez,Atalanta,cognome/token,20005
28,2015-16,26,Jasmin Kurtic,Atalanta,cognome/token,85825
29,2015-16,34,Giulio Migliaccio,Atalanta,cognome/token,21756
31,2015-16,28,Maxi Moralez,Atalanta,cognome/token,30687
35,2015-16,33,Germán Denis,Atalanta,cognome/token,30873
39,2015-16,31,Mauricio Pinilla,Atalanta,cognome/token,6160
24,2015-16,27,Marcelo Estigarribia,Atalanta,cognome/token,76329
25,2015-16,28,Luigi Giorgi,Atalanta,cognome/token,57389
27,2015-16,20,Alberto Grassi,Atalanta,cognome/token,197473
6,2015-16,35,Gianpaolo Bellini,Atalanta,cognome/token,19435
16,2015-16,34,Cristian Raimondi,Atalanta,cognome/token,22249
360,2015-16,29,Gabriel Paletta,Atalanta,cognome/token,30767
695,2015-16,24,Rafael Tolói,Atalanta,cognome/token,72441
38,2015-16,21,Gaetano Monachello,Atalanta,cognome/token,162952
20,2015-16,29,Luca Cigarini,Atalanta,cognome/token,33218
8,2015-16,27,Davide Brivio,Atalanta,cognome/token,38824
1,2015-16,30,Davide Bassi,Atalanta,cognome/token,41914
11,2015-16,21,Andrea Conti,Atalanta,cognome/token,111227
784,2015-16,32,Alessandro Diamanti,Atalanta,cognome/token,23197
722,2015-16,33,Marco Borriello,Atalanta,cognome/token,5825
788,2015-16,23,Remo Freuler,Atalanta,cognome/token,148252
243,2015-16,28,Serge Gakpé,Atalanta,cognome/token,36293
787,2015-16,22,Berat Djimsiti,Atalanta,cognome/token,165513
3,2015-16,19,Boris Radunović,Atalanta,cognome/token,258482
801,2015-16,21,Roberto Gagliardini,Atalanta,cognome/token,197471
19,2015-16,28,Carlos Carmona,Atalanta,iniziale,76387
21,2015-16,24,Marco D'Alessandro,Atalanta,iniziale,99232
22,2015-16,24,Marten de Roon,Atalanta,iniziale,133179
41,2015-16,32,Antonio Mirante,Bologna,cognome/token,22141
49,2015-16,21,Adam Masina,Bologna,cognome/token,286949
54,2015-16,30,Luca Rossettini,Bologna,cognome/token,60128
55,2015-16,36,Franco Brienza,Bologna,cognome/token,16137
56,2015-16,34,Matteo Brighi,Bologna,cognome/token,5868
57,2015-16,22,Lorenzo Crisetig,Bologna,cognome/token,110928
58,2015-16,18,Amadou Diawara,Bologna,cognome/token,355501
644,2015-16,21,Erick Pulgar,Bologna,cognome/token,215616
664,2015-16,25,Marco Crimi,Bologna,cognome/token,149526
62,2015-16,27,Robert Acquafresca,Bologna,cognome/token,35703
65,2015-16,30,Matteo Mancosu,Bologna,cognome/token,230611
472,2015-16,24,Mattia Destro,Bologna,cognome/token,88683
48,2015-16,32,Domenico Maietta,Bologna,cognome/token,22140
50,2015-16,20,Ibrahima Mbaye,Bologna,cognome/token,207715
658,2015-16,23,Filippo Falco,Bologna,cognome/token,70689
669,2015-16,19,Godfred Donsah,Bologna,cognome/token,291266
60,2015-16,23,Luca Rizzo,Bologna,cognome/token,167895
275,2015-16,23,Saphir Taïder,Bologna,cognome/token,144779
702,2015-16,30,Emanuele Giaccherini,Bologna,cognome/token,84835
703,2015-16,27,Anthony Mounier,Bologna,cognome/token,57110
47,2015-16,32,Daniele Gastaldello,Bologna,cognome/token,7096
663,2015-16,20,Emil Krafth,Bologna,cognome/token,184528
51,2015-16,31,Archimede Morleo,Bologna,cognome/token,85066
396,2015-16,29,Camilo Zúñiga,Bologna,cognome/token,37941
533,2015-16,33,Sergio Floccari,Bologna,cognome/token,30638
804,2015-16,28,Kévin Constant,Bologna,cognome/token,43760
1845,2015-16,17,Aaron Mattia Tabacchi,Bologna,cognome/token,353998
45,2015-16,21,Alex Ferrari,Bologna,iniziale,197491
40,2015-16,31,Angelo da Costa,Bologna,iniziale,82693
61,2015-16,24,Franco Zuculini,Bologna,iniziale,73083
582,2015-16,24,Gabriel Silva,Carpi,cognome/token,114340
69,2015-16,29,Zeljko Brkic,Carpi,cognome/token,37278
71,2015-16,23,Igor Bubnjic,Carpi,cognome/token,187090
73,2015-16,25,Riccardo Gagliolo,Carpi,cognome/token,240786
74,2015-16,25,Gaetano Letizia,Carpi,cognome/token,160560
78,2015-16,32,Nicolás Spolli,Carpi,cognome/token,51186
84,2015-16,25,Luca Marrone,Carpi,cognome/token,124769
87,2015-16,31,Filippo Porcari,Carpi,cognome/token,61358
90,2015-16,22,Kevin Lasagna,Carpi,cognome/token,131951
92,2015-16,22,Ryder Matos,Carpi,cognome/token,62713
94,2015-16,27,Kamil Wilczek,Carpi,cognome/token,78590
83,2015-16,24,Lorenzo Lollo,Carpi,cognome/token,158463
639,2015-16,23,Matteo Fedele,Carpi,cognome/token,111438
68,2015-16,33,Francesco Benussi,Carpi,cognome/token,21829
364,2015-16,33,Cristian Zaccardo,Carpi,cognome/token,5993
93,2015-16,22,Jerry Mbakogu,Carpi,cognome/token,130382
722,2015-16,33,Marco Borriello,Carpi,cognome/token,5825
232,2015-16,23,Isaac Cofie,Carpi,cognome/token,99327
720,2015-16,25,Vid Belec,Carpi,cognome/token,73090
85,2015-16,27,Raphael Martinho,Carpi,cognome/token,149946
86,2015-16,25,Lorenzo Pasciuti,Carpi,cognome/token,165724
664,2015-16,25,Marco Crimi,Carpi,cognome/token,149526
18,2015-16,22,Emanuele Suagher,Carpi,cognome/token,163600
65,2015-16,30,Matteo Mancosu,Carpi,cognome/token,230611
415,2015-16,24,Fabio Daprelà,Carpi,cognome/token,66109
791,2015-16,22,Stefano Sabelli,Carpi,cognome/token,167491
376,2015-16,23,Simone Verdi,Carpi,cognome/token,130360
412,2015-16,24,Simone Colombi,Carpi,cognome/token,57285
79,2015-16,21,Wallace Oliveira,Carpi,iniziale,181779
81,2015-16,25,Antonio Di Gaudio,Carpi,iniziale,165722
82,2015-16,30,Andrea Lazzari,Carpi,iniziale,19442
80,2015-16,27,Raffaele Bianco,Carpi,iniziale,56693
76,2015-16,25,Simone Romagnoli,Carpi,iniziale,88706
75,2015-16,26,Fabrizio Poli,Carpi,iniziale,124173
399,2015-16,27,Jonathan de Guzmán,Carpi,iniziale,31067
95,2015-16,37,Albano Bizzarri,Chievo,cognome/token,7797
99,2015-16,28,Fabrizio Cacciatore,Chievo,cognome/token,85605
100,2015-16,33,Bostjan Cesar,Chievo,cognome/token,24606
103,2015-16,31,Nicolas Frey,Chievo,cognome/token,38591
104,2015-16,33,Alessandro Gamberini,Chievo,cognome/token,16868
105,2015-16,34,Massimo Gobbi,Chievo,cognome/token,28020
111,2015-16,28,Valter Birsa,Chievo,cognome/token,26105
112,2015-16,26,Lucas Castro,Chievo,cognome/token,105892
115,2015-16,28,Perparim Hetemaj,Chievo,cognome/token,37295
118,2015-16,26,Ivan Radovanovic,Chievo,cognome/token,46105
124,2015-16,29,Riccardo Meggiorini,Chievo,cognome/token,28936
125,2015-16,23,Paul-José Mpoku,Chievo,cognome/token,73846
126,2015-16,25,Alberto Paloschi,Chievo,cognome/token,68306
101,2015-16,36,Dario Dainelli,Chievo,cognome/token,5970
598,2015-16,34,Giampiero Pinzi,Chievo,cognome/token,5893
123,2015-16,23,Roberto Inglese,Chievo,cognome/token,159337
127,2015-16,36,Sergio Pellissier,Chievo,cognome/token,5928
106,2015-16,20,Federico Mattiello,Chievo,cognome/token,200194
108,2015-16,36,Gennaro Sardo,Chievo,cognome/token,21770
97,2015-16,25,Andrea Seculin,Chievo,cognome/token,85380
78,2015-16,32,Nicolás Spolli,Chievo,cognome/token,51186
809,2015-16,20,Nikola Ninkovic,Chievo,cognome/token,168944
119,2015-16,24,Nicola Rigoni,Chievo,iniziale,61757
650,2015-16,31,Simone Pepe,Chievo,iniziale,17249
817,2015-16,20,Filippo Costa,Chievo,iniziale,197743
534,2015-16,32,Antonio Floro Flores,Chievo,iniziale,16893
142,2015-16,24,Mário Rui,Empoli,cognome/token,87884
133,2015-16,24,Lukasz Skorupski,Empoli,cognome/token,80894
134,2015-16,21,Federico Barba,Empoli,cognome/token,165873
653,2015-16,29,Marco Zambelli,Empoli,cognome/token,28031
146,2015-16,32,Daniele Croce,Empoli,cognome/token,22749
147,2015-16,17,Assane Dioussé,Empoli,cognome/token,287635
150,2015-16,23,Riccardo Saponara,Empoli,cognome/token,88909
151,2015-16,24,Franco Signorelli,Empoli,cognome/token,163690
152,2015-16,21,Piotr Zielinski,Empoli,cognome/token,181136
153,2015-16,35,Massimo Maccarone,Empoli,cognome/token,3713
154,2015-16,25,Levan Mchedlidze,Empoli,cognome/token,56912
156,2015-16,24,Manuel Pucciarelli,Empoli,cognome/token,163683
138,2015-16,29,Andrea Costa,Empoli,cognome/token,34336
144,2015-16,25,Lorenzo Tonelli,Empoli,cognome/token,111347
651,2015-16,24,Raffaele Maiello,Empoli,cognome/token,140559
141,2015-16,26,Vincent Laurini,Empoli,cognome/token,94936
468,2015-16,21,Leandro Paredes,Empoli,cognome/token,166237
707,2015-16,21,Marko Livaja,Empoli,cognome/token,95438
155,2015-16,19,Alessandro Piu,Empoli,cognome/token,253857
135,2015-16,21,Luca Bittante,Empoli,cognome/token,163062
148,2015-16,21,Rade Krunic,Empoli,cognome/token,259953
297,2015-16,24,Marcel Büchel,Empoli,cognome/token,74956
137,2015-16,23,Michele Camporese,Empoli,cognome/token,62716
515,2015-16,26,Lorenzo Ariaudo,Empoli,cognome/token,84921
709,2015-16,22,Uros Cosic,Empoli,cognome/token,94305
131,2015-16,26,Alberto Pelagotti,Empoli,cognome/token,56921
132,2015-16,38,Maurizio Pugliesi,Empoli,cognome/token,22285
163,2015-16,22,Gilberto,Fiorentina,cognome/token,231614
165,2015-16,24,Marcos Alonso,Fiorentina,cognome/token,112515
172,2015-16,30,Borja Valero,Fiorentina,cognome/token,40372
242,2015-16,30,Tino Costa,Fiorentina,cognome/token,77003
160,2015-16,29,Ciprian Tătărușanu,Fiorentina,cognome/token,55282
168,2015-16,28,Facundo Roncaglia,Fiorentina,cognome/token,61546
169,2015-16,27,Nenad Tomovic,Fiorentina,cognome/token,47085
642,2015-16,28,Davide Astori,Fiorentina,cognome/token,87210
170,2015-16,26,Milan Badelj,Fiorentina,cognome/token,40633
177,2015-16,27,Josip Ilicic,Fiorentina,cognome/token,80351
184,2015-16,21,Federico Bernardeschi,Fiorentina,cognome/token,197300
652,2015-16,27,Nikola Kalinić,Fiorentina,cognome/token,36371
186,2015-16,21,Ante Rebić,Fiorentina,cognome/token,187587
187,2015-16,28,Giuseppe Rossi,Fiorentina,cognome/token,19104
166,2015-16,33,Manuel Pasqual,Fiorentina,cognome/token,23284
181,2015-16,23,Matías Vecino,Fiorentina,cognome/token,143812
710,2015-16,29,Jakub Blaszczykowski,Fiorentina,cognome/token,29835
183,2015-16,22,Khouma Babacar,Fiorentina,cognome/token,124902
701,2015-16,32,Joan Verdú,Fiorentina,cognome/token,28005
158,2015-16,20,Luca Lezzerini,Fiorentina,cognome/token,135747
792,2015-16,28,Mauro Zárate,Fiorentina,cognome/token,26456
594,2015-16,28,Panagiotis Kone,Fiorentina,cognome/token,19636
167,2015-16,31,Gonzalo Rodríguez,Fiorentina,iniziale,19998
176,2015-16,29,Matías Fernández,Fiorentina,iniziale,37918
180,2015-16,28,Mario Suárez,Fiorentina,iniziale,37337
794,2015-16,23,Cristian Tello,Fiorentina,iniziale,141834
188,2015-16,22,Nicola Leali,Frosinone,cognome/token,136111
195,2015-16,23,Roberto Crivello,Frosinone,cognome/token,130348
196,2015-16,28,Modibo Diakité,Frosinone,cognome/token,41749
198,2015-16,28,Aleandro Rosi,Frosinone,cognome/token,34239
205,2015-16,22,Mirko Gori,Frosinone,cognome/token,163223
206,2015-16,24,Robert Gucher,Frosinone,cognome/token,52188
207,2015-16,22,Luca Paganini,Frosinone,cognome/token,167444
210,2015-16,27,Danilo Soddimo,Frosinone,cognome/token,39690
211,2015-16,28,Massimiliano Carlini,Frosinone,cognome/token,43206
215,2015-16,19,Daniele Verde,Frosinone,cognome/token,256361
279,2015-16,23,Samuele Longo,Frosinone,cognome/token,124560
193,2015-16,27,Leonardo Blanchard,Frosinone,cognome/token,119366
700,2015-16,25,Aleksandar Tonev,Frosinone,cognome/token,87282
202,2015-16,22,Raman Chibsah,Frosinone,cognome/token,199633
209,2015-16,32,Paolo Sammarco,Frosinone,cognome/token,7101
204,2015-16,32,Alessandro Frara,Frosinone,cognome/token,6004
715,2015-16,22,Nicolás Castillo,Frosinone,cognome/token,145602
192,2015-16,24,Davide Bertoncini,Frosinone,cognome/token,91914
191,2015-16,34,Massimo Zappino,Frosinone,cognome/token,43237
765,2015-16,21,Arlind Ajeti,Frosinone,cognome/token,159288
772,2015-16,25,Oliver Kragl,Frosinone,cognome/token,56513
759,2015-16,24,Vasyl Pryima,Frosinone,cognome/token,87893
799,2015-16,23,Francesco Bardi,Frosinone,cognome/token,110925
194,2015-16,27,Matteo Ciofani,Frosinone,iniziale,119355
199,2015-16,28,Adriano Russo,Frosinone,iniziale,44281
213,2015-16,28,Federico Dionisi,Frosinone,iniziale,119369
212,2015-16,30,Daniel Ciofani,Frosinone,iniziale,29605
197,2015-16,27,Daniel Pavlovic,Frosinone,iniziale,19671
242,2015-16,30,Tino Costa,Genoa,cognome/token,77003
225,2015-16,24,Diogo Figueiras,Genoa,cognome/token,172181
375,2015-16,21,Suso,Genoa,cognome/token,111961
582,2015-16,24,Gabriel Silva,Genoa,cognome/token,114340
217,2015-16,25,Eugenio Lamanna,Genoa,cognome/token,85240
222,2015-16,34,Nicolás Burdisso,Genoa,cognome/token,3417
223,2015-16,30,Issa Cissokho,Genoa,cognome/token,183494
227,2015-16,30,Giovanni Marchese,Genoa,cognome/token,21887
234,2015-16,28,Juraj Kucka,Genoa,cognome/token,74943
235,2015-16,22,Diego Laxalt,Genoa,cognome/token,230552
236,2015-16,24,Darko Lazović,Genoa,cognome/token,70411
241,2015-16,24,Panagiotis Tachtsidis,Genoa,cognome/token,62415
641,2015-16,19,Olivier Ntcham,Genoa,cognome/token,224088
655,2015-16,27,Diego Capel,Genoa,cognome/token,27471
245,2015-16,32,Goran Pandev,Genoa,cognome/token,12563
246,2015-16,18,Giuseppe Panico,Genoa,cognome/token,287648
226,2015-16,23,Armando Izzo,Genoa,cognome/token,32113
238,2015-16,27,Tomás Rincón,Genoa,cognome/token,75942
243,2015-16,28,Serge Gakpé,Genoa,cognome/token,36293
247,2015-16,26,Leonardo Pavoletti,Genoa,cognome/token,64793
237,2015-16,27,Diego Perotti,Genoa,cognome/token,54984
713,2015-16,29,Blerim Dzemaili,Genoa,cognome/token,9967
218,2015-16,22,Mattia Perin,Genoa,cognome/token,110923
706,2015-16,28,Cristian Ansaldi,Genoa,cognome/token,55854
378,2015-16,28,Alessio Cerci,Genoa,cognome/token,21748
807,2015-16,26,Tim Matavz,Genoa,cognome/token,50303
805,2015-16,22,Riccardo Fiamozzi,Genoa,cognome/token,197745
224,2015-16,28,Sebastien De Maio,Genoa,iniziale,56830
438,2015-16,30,Luca Rigoni,Genoa,iniziale,22210
256,2015-16,24,Juan Jesus,Inter,cognome/token,121985
257,2015-16,30,Miranda,Inter,cognome/token,33357
269,2015-16,30,Hernanes,Inter,cognome/token,52897
717,2015-16,32,Felipe Melo,Inter,cognome/token,35537
506,2015-16,28,Éder,Inter,cognome/token,37418
250,2015-16,31,Samir Handanovič,Inter,cognome/token,28021
259,2015-16,23,Jeison Murillo,Inter,cognome/token,131102
262,2015-16,24,Davide Santon,Inter,cognome/token,84344
265,2015-16,22,Marcelo Brozović,Inter,cognome/token,156617
267,2015-16,18,Assane Demoya Gnoukouri,Inter,cognome/token,336704
270,2015-16,22,Geoffrey Kondogbia,Inter,cognome/token,127189
272,2015-16,27,Gary Medel,Inter,cognome/token,60889
277,2015-16,22,Mauro Icardi,Inter,cognome/token,68863
278,2015-16,25,Stevan Jovetić,Inter,cognome/token,46104
280,2015-16,33,Rodrigo Palacio,Inter,cognome/token,39099
649,2015-16,18,Rey Manaj,Inter,cognome/token,308278
260,2015-16,28,Yuto Nagatomo,Inter,cognome/token,79522
261,2015-16,27,Andrea Ranocchia,Inter,cognome/token,44327
268,2015-16,29,Fredy Guarín,Inter,cognome/token,39090
716,2015-16,22,Alex Telles,Inter,cognome/token,255755
704,2015-16,26,Ivan Perisic,Inter,cognome/token,42460
276,2015-16,27,Jonathan Biabiany,Inter,cognome/token,45567
478,2015-16,23,Adem Ljajic,Inter,cognome/token,69374
258,2015-16,24,Martín Montoya,Inter,cognome/token,68645
249,2015-16,31,Juan Pablo Carrizo,Inter,cognome/token,39118
253,2015-16,26,Danilo D'Ambrosio,Inter,iniziale,55769
1843,2015-16,18,Ionuț Radu,Inter,iniziale,303657
1844,2015-16,18,Fabio Della Giovanna,Inter,iniziale,291392
662,2015-16,24,Alex Sandro,Juventus,cognome/token,79960
269,2015-16,30,Hernanes,Juventus,cognome/token,52897
283,2015-16,26,Neto,Juventus,cognome/token,111819
282,2015-16,37,Gianluigi Buffon,Juventus,cognome/token,5023
285,2015-16,34,Andrea Barzagli,Juventus,cognome/token,7109
286,2015-16,28,Leonardo Bonucci,Juventus,cognome/token,39983
288,2015-16,30,Giorgio Chiellini,Juventus,cognome/token,29260
290,2015-16,34,Patrice Evra,Juventus,cognome/token,5285
291,2015-16,27,Mauricio Isla,Juventus,cognome/token,43722
292,2015-16,31,Stephan Lichtsteiner,Juventus,cognome/token,2865
301,2015-16,31,Simone Padoin,Juventus,cognome/token,56703
302,2015-16,24,Roberto Pereyra,Juventus,cognome/token,112302
303,2015-16,22,Paul Pogba,Juventus,cognome/token,122153
307,2015-16,19,Kingsley Coman,Juventus,cognome/token,243714
309,2015-16,21,Paulo Dybala,Juventus,cognome/token,206050
311,2015-16,30,Fernando Llorente,Juventus,cognome/token,35564
312,2015-16,29,Mario Mandžukić,Juventus,cognome/token,34572
287,2015-16,28,Martín Cáceres,Juventus,cognome/token,54935
305,2015-16,22,Stefano Sturaro,Juventus,cognome/token,167859
697,2015-16,27,Juan Cuadrado,Juventus,cognome/token,91970
313,2015-16,22,Álvaro Morata,Juventus,cognome/token,128223
300,2015-16,29,Claudio Marchisio,Juventus,cognome/token,44716
712,2015-16,21,Mario Lemina,Juventus,cognome/token,170934
315,2015-16,24,Simone Zaza,Juventus,cognome/token,96828
295,2015-16,26,Kwadwo Asamoah,Juventus,cognome/token,63531
299,2015-16,28,Sami Khedira,Juventus,cognome/token,29401
819,2015-16,18,Andrea Favilli,Juventus,cognome/token,340151
294,2015-16,21,,Juventus,iniziale,
335,2015-16,22,Felipe Anderson,Lazio,cognome/token,159372
327,2015-16,22,Patric,Lazio,cognome/token,126729
316,2015-16,26,Etrit Berisha,Lazio,cognome/token,77825
319,2015-16,30,Dusan Basta,Lazio,cognome/token,19694
323,2015-16,30,Santiago Gentiletti,Lazio,cognome/token,30782
329,2015-16,28,Ștefan Radu,Lazio,cognome/token,44420
331,2015-16,29,Lucas Biglia,Lazio,cognome/token,26721
332,2015-16,28,Antonio Candreva,Lazio,cognome/token,25488
333,2015-16,20,Danilo Cataldi,Lazio,cognome/token,199733
337,2015-16,20,Ricardo Kishna,Lazio,cognome/token,159026
338,2015-16,29,Senad Lulic,Lazio,cognome/token,61449
342,2015-16,30,Marco Parolo,Lazio,cognome/token,84545
339,2015-16,22,Ravel Morrison,Lazio,cognome/token,128907
318,2015-16,32,Federico Marchetti,Lazio,cognome/token,22318
324,2015-16,21,Wesley Hoedt,Lazio,cognome/token,253765
665,2015-16,35,Stefano Mauri,Lazio,cognome/token,6043
380,2015-16,30,Alessandro Matri,Lazio,cognome/token,40660
341,2015-16,22,Ogenyi Onazi,Lazio,cognome/token,131709
344,2015-16,27,Filip Djordjevic,Lazio,cognome/token,47065
325,2015-16,31,Abdoulay Konko,Lazio,cognome/token,22139
346,2015-16,37,Miroslav Klose,Lazio,cognome/token,10
320,2015-16,32,Edson Braafheid,Lazio,cognome/token,16731
776,2015-16,31,Milan Bisevac,Lazio,cognome/token,24661
322,2015-16,23,Stefan de Vrij,Lazio,iniziale,111196
645,2015-16,20,Sergej Milinković-Savić,Lazio,iniziale,266302
345,2015-16,20,Keita Baldé,Lazio,iniziale,238752
352,2015-16,33,Diego López,Milan,cognome/token,34370
361,2015-16,21,Rodrigo Ely,Milan,cognome/token,176140
379,2015-16,28,Luiz Adriano,Milan,cognome/token,48974
375,2015-16,21,Suso,Milan,cognome/token,111961
355,2015-16,33,Alex,Milan,cognome/token,15420
356,2015-16,28,Luca Antonelli,Milan,cognome/token,45565
460,2015-16,20,Alessio Romagnoli,Milan,cognome/token,197747
366,2015-16,24,Andrea Bertolacci,Milan,cognome/token,99227
367,2015-16,25,Giacomo Bonaventura,Milan,cognome/token,57280
369,2015-16,29,Keisuke Honda,Milan,cognome/token,66521
373,2015-16,30,Antonio Nocerino,Milan,cognome/token,22203
377,2015-16,28,Carlos Bacca,Milan,cognome/token,119235
378,2015-16,28,Alessio Cerci,Milan,cognome/token,21748
234,2015-16,28,Juraj Kucka,Milan,cognome/token,74943
374,2015-16,25,Andrea Poli,Milan,cognome/token,44834
353,2015-16,28,Ignazio Abate,Milan,cognome/token,16631
372,2015-16,30,Riccardo Montolivo,Milan,cognome/token,19446
696,2015-16,24,Mario Balotelli,Milan,cognome/token,45146
357,2015-16,18,Davide Calabria,Milan,cognome/token,262523
359,2015-16,33,Philippe Mexès,Milan,cognome/token,5422
382,2015-16,20,M'Baye Niang,Milan,cognome/token,157501
771,2015-16,28,Kevin-Prince Boateng,Milan,cognome/token,16922
381,2015-16,28,Jérémy Ménez,Milan,cognome/token,16993
349,2015-16,38,Christian Abbiati,Milan,cognome/token,3507
827,2015-16,17,Manuel Locatelli,Milan,cognome/token,265088
358,2015-16,22,Mattia De Sciglio,Milan,iniziale,88682
365,2015-16,28,Cristian Zapata,Milan,iniziale,34344
368,2015-16,30,Nigel de Jong,Milan,iniziale,4672
350,2015-16,16,Gianluigi Donnarumma,Milan,iniziale,315858
371,2015-16,19,José Mauri,Milan,iniziale,240958
398,2015-16,25,David López,Napoli,cognome/token,129444
397,2015-16,24,Allan,Napoli,cognome/token,126422
404,2015-16,23,Jorginho,Napoli,cognome/token,102017
385,2015-16,22,Gabriel,Napoli,cognome/token,79242
387,2015-16,32,Pepe Reina,Napoli,cognome/token,7825
140,2015-16,21,Elseid Hysaj,Napoli,cognome/token,200056
388,2015-16,29,Raúl Albiol,Napoli,cognome/token,15452
394,2015-16,33,Christian Maggio,Napoli,cognome/token,21151
640,2015-16,25,Vlad Chiricheș,Napoli,cognome/token,123261
402,2015-16,28,Marek Hamsik,Napoli,cognome/token,38593
405,2015-16,29,Mirko Valdifiori,Napoli,cognome/token,84903
406,2015-16,28,José Callejón,Napoli,cognome/token,61253
407,2015-16,23,Manolo Gabbiadini,Napoli,cognome/token,112343
408,2015-16,27,Gonzalo Higuaín,Napoli,cognome/token,39153
409,2015-16,24,Lorenzo Insigne,Napoli,cognome/token,133964
410,2015-16,28,Dries Mertens,Napoli,cognome/token,56416
390,2015-16,24,Faouzi Ghoulam,Napoli,cognome/token,126656
392,2015-16,24,Kalidou Koulibaly,Napoli,cognome/token,93128
711,2015-16,20,Nathaniel Chalobah,Napoli,cognome/token,128900
395,2015-16,28,Ivan Strinic,Napoli,cognome/token,39799
490,2015-16,24,Vasco Regini,Napoli,cognome/token,72274
401,2015-16,24,Omar El Kaddouri,Napoli,iniziale,73097
413,2015-16,36,Stefano Sorrentino,Palermo,cognome/token,21891
415,2015-16,24,Fabio Daprelà,Palermo,cognome/token,66109
420,2015-16,23,Achraf Lazaar,Palermo,cognome/token,139173
423,2015-16,26,Andrea Rispoli,Palermo,cognome/token,74448
427,2015-16,32,Roberto Vitiello,Palermo,cognome/token,22217
431,2015-16,22,Ivaylo Chochev,Palermo,cognome/token,252767
433,2015-16,23,Oscar Hiljemark,Palermo,cognome/token,158810
434,2015-16,27,Mato Jajalo,Palermo,cognome/token,47513
437,2015-16,21,Robin Quaison,Palermo,cognome/token,206542
448,2015-16,22,Aleksandar Trajkovski,Palermo,cognome/token,142920
449,2015-16,26,Franco Vázquez,Palermo,cognome/token,76163
418,2015-16,21,Edoardo Goldaniga,Palermo,cognome/token,242940
424,2015-16,24,Aljaz Struna,Palermo,cognome/token,108119
435,2015-16,35,Enzo Maresca,Palermo,cognome/token,16651
659,2015-16,21,Uros Djurdjevic,Palermo,cognome/token,190804
698,2015-16,33,Alberto Gilardino,Palermo,cognome/token,5878
412,2015-16,24,Simone Colombi,Palermo,cognome/token,57285
430,2015-16,22,Gastón Brugman,Palermo,cognome/token,131109
714,2015-16,26,Michel Morganella,Palermo,cognome/token,47544
779,2015-16,20,Bryan Cristante,Palermo,cognome/token,199248
654,2015-16,17,Fabrizio Alastra,Palermo,cognome/token,287871
800,2015-16,19,Josip Posavec,Palermo,cognome/token,255322
442,2015-16,19,Accursio Bentivegna,Palermo,cognome/token,244927
780,2015-16,29,Thiago Cionek,Palermo,cognome/token,79510
416,2015-16,25,Abdelhamid El Kaoutari,Palermo,iniziale,74615
419,2015-16,27,Giancarlo González,Palermo,iniziale,111893
438,2015-16,30,Luca Rigoni,Palermo,iniziale,22210
447,2015-16,19,Antonino La Gumina,Palermo,iniziale,287876
770,2015-16,17,Giuseppe Pezzella,Palermo,iniziale,336960
783,2015-16,19,Norbert Balogh,Palermo,iniziale,326204
474,2015-16,28,Gervinho,Roma,cognome/token,33481
475,2015-16,25,Iago Falque,Roma,cognome/token,59340
458,2015-16,34,Maicon,Roma,cognome/token,18301
453,2015-16,25,Wojciech Szczesny,Roma,cognome/token,44058
455,2015-16,28,Leandro Castán,Roma,cognome/token,54929
459,2015-16,24,Konstantinos Manolas,Roma,cognome/token,104752
461,2015-16,30,Vasilios Torosidis,Roma,cognome/token,24977
464,2015-16,24,Alessandro Florenzi,Roma,cognome/token,130365
467,2015-16,27,Radja Nainggolan,Roma,cognome/token,41982
469,2015-16,25,Miralem Pjanić,Roma,cognome/token,44162
476,2015-16,25,Víctor Ibarbo,Roma,cognome/token,92141
646,2015-16,23,Mohamed Salah,Roma,cognome/token,148455
647,2015-16,29,Edin Dzeko,Roma,cognome/token,28396
657,2015-16,22,Lucas Digne,Roma,cognome/token,126664
477,2015-16,22,Juan Iturbe,Roma,cognome/token,81455
478,2015-16,23,Adem Ljajic,Roma,cognome/token,69374
656,2015-16,22,Antonio Rüdiger,Roma,cognome/token,86202
480,2015-16,38,Francesco Totti,Roma,cognome/token,5958
471,2015-16,21,Salih Uçan,Roma,cognome/token,170838
705,2015-16,26,William Vainqueur,Roma,cognome/token,47893
660,2015-16,23,Norbert Gyömbér,Roma,cognome/token,205054
764,2015-16,18,Umar Sadiq,Roma,cognome/token,337715
778,2015-16,16,Marco Tumminello,Roma,cognome/token,315850
493,2015-16,28,Ervin Zukanovic,Roma,cognome/token,44059
237,2015-16,27,Diego Perotti,Roma,cognome/token,54984
470,2015-16,25,Kevin Strootman,Roma,cognome/token,68864
463,2015-16,32,Daniele De Rossi,Roma,iniziale,5947
465,2015-16,35,Seydou Keita,Roma,iniziale,5486
450,2015-16,38,Morgan De Sanctis,Roma,iniziale,5880
777,2015-16,18,Lorenzo Di Livio,Roma,iniziale,315568
795,2015-16,22,Stephan El Shaarawy,Roma,iniziale,94529
506,2015-16,28,Éder,Sampdoria,cognome/token,37418
484,2015-16,29,Emiliano Viviano,Sampdoria,cognome/token,24316
485,2015-16,31,Mattia Cassani,Sampdoria,cognome/token,21859
486,2015-16,30,Andrea Coda,Sampdoria,cognome/token,28833
490,2015-16,24,Vasco Regini,Sampdoria,cognome/token,72274
492,2015-16,30,Matías Silvestre,Sampdoria,cognome/token,20003
494,2015-16,31,Édgar Barreto,Sampdoria,cognome/token,16120
498,2015-16,20,Dávid Ivan,Sampdoria,cognome/token,168416
507,2015-16,24,Luis Muriel,Sampdoria,cognome/token,119228
648,2015-16,33,Antonio Cassano,Sampdoria,cognome/token,5962
489,2015-16,29,Niklas Moisander,Sampdoria,cognome/token,5017
493,2015-16,28,Ervin Zukanovic,Sampdoria,cognome/token,44059
502,2015-16,33,Angelo Palombo,Sampdoria,cognome/token,6793
495,2015-16,20,Joaquín Correa,Sampdoria,cognome/token,227081
624,2015-16,28,Lazaros Christodoulopoulos,Sampdoria,cognome/token,34283
488,2015-16,30,Djamel Mesbah,Sampdoria,cognome/token,17735
699,2015-16,25,Carlos Carbonero,Sampdoria,cognome/token,136605
724,2015-16,19,Michele Rocca,Sampdoria,cognome/token,257118
505,2015-16,18,Federico Bonazzoli,Sampdoria,cognome/token,241527
261,2015-16,27,Andrea Ranocchia,Sampdoria,cognome/token,44327
630,2015-16,23,Jacopo Sala,Sampdoria,cognome/token,96806
196,2015-16,28,Modibo Diakité,Sampdoria,cognome/token,41749
568,2015-16,32,Fabio Quagliarella,Sampdoria,cognome/token,22328
499,2015-16,25,Nenad Krsticic,Sampdoria,cognome/token,56790
798,2015-16,20,Milan Škriniar,Sampdoria,cognome/token,204069
481,2015-16,23,Alberto Brignoli,Sampdoria,cognome/token,146799
729,2015-16,17,Pedro Pereira,Sampdoria,iniziale,314965
718,2015-16,24,Alejandro Rodríguez,Sampdoria,iniziale,169533
487,2015-16,27,Lorenzo De Silvestri,Sampdoria,iniziale,33571
775,2015-16,27,Ricardo Álvarez,Sampdoria,iniziale,76077
731,2015-16,18,Andrés Ponce,Sampdoria,iniziale,308256
509,2015-16,28,Andrea Consigli,Sassuolo,cognome/token,35865
513,2015-16,27,Francesco Acerbi,Sassuolo,cognome/token,131075
516,2015-16,34,Paolo Cannavaro,Sassuolo,cognome/token,5858
521,2015-16,31,Federico Peluso,Sassuolo,cognome/token,21763
523,2015-16,23,Sime Vrsaljko,Sassuolo,cognome/token,76061
526,2015-16,22,Alfred Duncan,Sassuolo,cognome/token,184894
528,2015-16,30,Francesco Magnanelli,Sassuolo,cognome/token,7093
529,2015-16,29,Simone Missiroli,Sassuolo,cognome/token,35747
531,2015-16,21,Domenico Berardi,Sassuolo,cognome/token,177843
532,2015-16,24,Diego Falcinelli,Sassuolo,cognome/token,119115
536,2015-16,21,Matteo Politano,Sassuolo,cognome/token,165895
537,2015-16,23,Nicola Sansone,Sassuolo,cognome/token,82048
643,2015-16,24,Grégoire Defrel,Sassuolo,cognome/token,163222
527,2015-16,24,Karim Laribi,Sassuolo,cognome/token,124911
533,2015-16,33,Sergio Floccari,Sassuolo,cognome/token,30638
519,2015-16,30,Marcello Gazzola,Sassuolo,cognome/token,57643
524,2015-16,32,Davide Biondini,Sassuolo,cognome/token,22186
515,2015-16,26,Lorenzo Ariaudo,Sassuolo,cognome/token,84921
522,2015-16,28,Emanuele Terranova,Sassuolo,cognome/token,61770
510,2015-16,34,Gianluca Pegolo,Sassuolo,cognome/token,21872
520,2015-16,26,Alessandro Longhi,Sassuolo,cognome/token,112666
789,2015-16,22,Marcello Trotta,Sassuolo,cognome/token,129505
514,2015-16,23,Luca Antei,Sassuolo,cognome/token,146743
824,2015-16,17,Claud Adjapong,Sassuolo,cognome/token,337716
534,2015-16,16,,Sassuolo,iniziale,
530,2015-16,19,Lorenzo Pellegrini,Sassuolo,iniziale,286297
546,2015-16,25,Bruno Peres,Torino,cognome/token,148751
566,2015-16,31,Maxi López,Torino,cognome/token,26263
547,2015-16,21,Gastón Silva,Torino,cognome/token,189452
564,2015-16,35,Amauri,Torino,cognome/token,6234
543,2015-16,29,Daniele Padelli,Torino,cognome/token,27807
544,2015-16,26,Danilo Avelar,Torino,cognome/token,140748
548,2015-16,27,Kamil Glik,Torino,cognome/token,46552
550,2015-16,23,Nikola Maksimović,Torino,cognome/token,124715
552,2015-16,34,Emiliano Moretti,Torino,cognome/token,5755
555,2015-16,23,Afriyie Acquah,Torino,cognome/token,145581
556,2015-16,23,Daniele Baselli,Torino,cognome/token,134883
557,2015-16,20,Marco Benassi,Torino,cognome/token,201040
559,2015-16,32,Alessandro Gazzi,Torino,cognome/token,28827
563,2015-16,35,Giuseppe Vives,Torino,cognome/token,42345
565,2015-16,22,Josef Martínez,Torino,cognome/token,162569
568,2015-16,32,Fabio Quagliarella,Torino,cognome/token,22328
545,2015-16,32,Cesare Bovo,Torino,cognome/token,5946
549,2015-16,24,Pontus Jansson,Torino,cognome/token,125314
551,2015-16,32,Cristian Molinaro,Torino,cognome/token,21972
560,2015-16,24,Joel Obi,Torino,cognome/token,45581
441,2015-16,21,Andrea Belotti,Torino,cognome/token,167727
554,2015-16,23,Davide Zappacosta,Torino,cognome/token,173859
721,2015-16,21,Sanjin Prcic,Torino,cognome/token,125783
542,2015-16,23,Salvador Ichazo,Torino,cognome/token,131098
785,2015-16,25,Ciro Immobile,Torino,cognome/token,105521
558,2015-16,31,Alexander Farnerud,Torino,cognome/token,10255
1839,2015-16,18,Simone Edera,Torino,cognome/token,340070
580,2015-16,25,Edenilson,Udinese,cognome/token,169052
590,2015-16,20,Bruno Fernandes,Udinese,cognome/token,240306
466,2015-16,29,Marquinho,Udinese,cognome/token,53288
708,2015-16,31,Felipe,Udinese,cognome/token,17127
570,2015-16,30,Orestis Karnezis,Udinese,cognome/token,16408
575,2015-16,21,Ali Adnan,Udinese,cognome/token,261611
583,2015-16,27,Thomas Heurtaux,Udinese,cognome/token,109598
586,2015-16,26,Iván Piris,Udinese,cognome/token,125251
588,2015-16,22,Silvan Widmer,Udinese,cognome/token,168989
589,2015-16,24,Emmanuel Badu,Udinese,cognome/token,108484
593,2015-16,31,Manuel Iturra,Udinese,cognome/token,40428
594,2015-16,28,Panagiotis Kone,Udinese,cognome/token,19636
606,2015-16,32,Cyril Théréau,Udinese,cognome/token,29316
596,2015-16,23,Alexander Merkel,Udinese,cognome/token,86926
601,2015-16,20,Rodrigo Aguirre,Udinese,cognome/token,189410
587,2015-16,24,Molla Wagué,Udinese,cognome/token,129893
579,2015-16,35,Maurizio Domizzi,Udinese,cognome/token,6750
585,2015-16,33,Giovanni Pasquale,Udinese,cognome/token,5793
755,2015-16,31,Francesco Lodi,Udinese,cognome/token,6033
605,2015-16,20,Stipe Perica,Udinese,cognome/token,245072
793,2015-16,27,Zdravko Kuzmanovic,Udinese,cognome/token,25441
626,2015-16,31,Emil Hallfredsson,Udinese,cognome/token,22673
92,2015-16,22,Ryder Matos,Udinese,cognome/token,62713
802,2015-16,28,Pablo Armero,Udinese,cognome/token,73786
602,2015-16,37,Antonio Di Natale,Udinese,iniziale,6031
608,2015-16,24,Duván Zapata,Udinese,iniziale,73794
611,2015-16,33,Rafael,Verona,cognome/token,84467
621,2015-16,28,Rômulo,Verona,cognome/token,121756
635,2015-16,30,Juanito Gómez,Verona,cognome/token,38592
734,2015-16,35,Matuzalém,Verona,cognome/token,5974
163,2015-16,22,Gilberto,Verona,cognome/token,231614
616,2015-16,36,Rafa Márquez,Verona,cognome/token,2904
618,2015-16,33,Vangelis Moras,Verona,cognome/token,9850
622,2015-16,26,Samuel Souprayen,Verona,cognome/token,60599
625,2015-16,29,Leandro Greco,Verona,cognome/token,39831
626,2015-16,31,Emil Hallfredsson,Verona,cognome/token,22673
630,2015-16,23,Jacopo Sala,Verona,cognome/token,96806
636,2015-16,30,Giampaolo Pazzini,Verona,cognome/token,19447
637,2015-16,27,Luca Siligardi,Verona,cognome/token,86079
638,2015-16,38,Luca Toni,Verona,cognome/token,5980
631,2015-16,23,Federico Viviani,Verona,cognome/token,165900
627,2015-16,24,Artur Ioniță,Verona,cognome/token,98888
610,2015-16,20,Pierluigi Gollini,Verona,cognome/token,244192
612,2015-16,22,Matteo Bianchetti,Verona,cognome/token,160986
354,2015-16,24,Michelangelo Albertazzi,Verona,cognome/token,56841
615,2015-16,22,Filip Helander,Verona,cognome/token,198067
632,2015-16,20,Mattia Zaccagni,Verona,cognome/token,283735
672,2015-16,18,Luca Checchin,Verona,cognome/token,209048
774,2015-16,29,Urby Emanuelson,Verona,cognome/token,20586
633,2015-16,19,Mohamed Fares,Verona,cognome/token,287700
186,2015-16,21,Ante Rebić,Verona,cognome/token,187587
609,2015-16,37,Ferdinando Coppola,Verona,cognome/token,5986
84,2015-16,25,Luca Marrone,Verona,cognome/token,124769
790,2015-16,20,Samir Caetano,Verona,cognome/token,255744
811,2015-16,23,Dominik Furman,Verona,cognome/token,74687
619,2015-16,28,Eros Pisano,Verona,iniziale,56609
4,2016-17,24,Marco Sportiello,Atalanta,cognome/token,199976
11,2016-17,22,Andrea Conti,Atalanta,cognome/token,111227
13,2016-17,31,Boukary Dramé,Atalanta,cognome/token,33442
16,2016-17,35,Cristian Raimondi,Atalanta,cognome/token,22249
493,2016-17,29,Ervin Zukanovic,Atalanta,cognome/token,44059
695,2016-17,25,Rafael Tolói,Atalanta,cognome/token,72441
26,2016-17,28,Papu Gómez,Atalanta,cognome/token,20005
28,2016-17,27,Jasmin Kurtic,Atalanta,cognome/token,85825
801,2016-17,22,Roberto Gagliardini,Atalanta,cognome/token,197471
1850,2016-17,19,Franck Kessié,Atalanta,cognome/token,294808
1852,2016-17,23,Leonardo Spinazzola,Atalanta,cognome/token,118689
126,2016-17,26,Alberto Paloschi,Atalanta,cognome/token,68306
383,2016-17,21,Andrea Petagna,Atalanta,cognome/token,199258
15,2016-17,30,Andrea Masiello,Atalanta,cognome/token,34198
325,2016-17,32,Abdoulay Konko,Atalanta,cognome/token,22139
27,2016-17,21,Alberto Grassi,Atalanta,cognome/token,197473
788,2016-17,24,Remo Freuler,Atalanta,cognome/token,148252
39,2016-17,32,Mauricio Pinilla,Atalanta,cognome/token,6160
316,2016-17,27,Etrit Berisha,Atalanta,cognome/token,77825
1847,2016-17,22,Mattia Caldara,Atalanta,cognome/token,197470
2089,2016-17,24,Aleksandar Pesic,Atalanta,cognome/token,73457
17,2016-17,35,Guglielmo Stendardo,Atalanta,cognome/token,22093
29,2016-17,35,Giulio Migliaccio,Atalanta,cognome/token,21756
2120,2016-17,17,Alessandro Bastoni,Atalanta,cognome/token,315853
2121,2016-17,17,Filippo Melegoni,Atalanta,cognome/token,315862
703,2016-17,28,Anthony Mounier,Atalanta,cognome/token,57110
779,2016-17,21,Bryan Cristante,Atalanta,cognome/token,199248
610,2016-17,21,Pierluigi Gollini,Atalanta,cognome/token,244192
2130,2016-17,22,Hans Hateboer,Atalanta,cognome/token,275303
2054,2016-17,19,Bryan Cabezas,Atalanta,cognome/token,312735
21,2016-17,25,Marco D'Alessandro,Atalanta,iniziale,99232
19,2016-17,29,Carlos Carmona,Atalanta,iniziale,76387
41,2016-17,33,Antonio Mirante,Bologna,cognome/token,22141
47,2016-17,33,Daniele Gastaldello,Bologna,cognome/token,7096
48,2016-17,33,Domenico Maietta,Bologna,cognome/token,22140
49,2016-17,22,Adam Masina,Bologna,cognome/token,286949
663,2016-17,21,Emil Krafth,Bologna,cognome/token,184528
60,2016-17,24,Luca Rizzo,Bologna,cognome/token,167895
275,2016-17,24,Saphir Taïder,Bologna,cognome/token,144779
376,2016-17,24,Simone Verdi,Bologna,cognome/token,130360
644,2016-17,22,Erick Pulgar,Bologna,cognome/token,215616
713,2016-17,30,Blerim Dzemaili,Bologna,cognome/token,9967
1858,2016-17,24,Ladislav Krejci,Bologna,cognome/token,140206
1859,2016-17,21,Ádám Nagy,Bologna,cognome/token,368559
472,2016-17,25,Mattia Destro,Bologna,cognome/token,88683
461,2016-17,31,Vasilios Torosidis,Bologna,cognome/token,24977
631,2016-17,24,Federico Viviani,Bologna,cognome/token,165900
669,2016-17,20,Godfred Donsah,Bologna,cognome/token,291266
51,2016-17,32,Archimede Morleo,Bologna,cognome/token,85066
50,2016-17,21,Ibrahima Mbaye,Bologna,cognome/token,207715
615,2016-17,23,Filip Helander,Bologna,cognome/token,198067
533,2016-17,34,Sergio Floccari,Bologna,cognome/token,30638
764,2016-17,19,Umar Sadiq,Bologna,cognome/token,337715
703,2016-17,28,Anthony Mounier,Bologna,cognome/token,57110
2114,2016-17,21,Bruno Petkovic,Bologna,cognome/token,256358
52,2016-17,18,,Bologna,iniziale,
1857,2016-17,22,Federico Di Francesco,Bologna,iniziale,38607
40,2016-17,32,Angelo da Costa,Bologna,iniziale,82693
45,2016-17,22,Alex Ferrari,Bologna,iniziale,197491
1864,2016-17,34,Bruno Alves,Cagliari,cognome/token,13121
611,2016-17,34,Rafael,Cagliari,cognome/token,84467
1874,2016-17,24,João Pedro,Cagliari,cognome/token,129129
385,2016-17,23,Gabriel,Cagliari,cognome/token,79242
1863,2016-17,39,Marco Storari,Cagliari,cognome/token,19136
291,2016-17,28,Mauricio Isla,Cagliari,cognome/token,43722
1865,2016-17,24,Marco Capuano,Cagliari,cognome/token,164091
1866,2016-17,26,Luca Ceppitelli,Cagliari,cognome/token,102745
1868,2016-17,21,Nicola Murru,Cagliari,cognome/token,171399
301,2016-17,32,Simone Padoin,Cagliari,cognome/token,56703
627,2016-17,25,Artur Ioniță,Cagliari,cognome/token,98888
1875,2016-17,33,Gianni Munari,Cagliari,cognome/token,22598
1876,2016-17,23,Marko Pajac,Cagliari,cognome/token,190634
722,2016-17,34,Marco Borriello,Cagliari,cognome/token,5825
1880,2016-17,25,Niccolò Giannetti,Cagliari,cognome/token,99235
1882,2016-17,28,Marco Sau,Cagliari,cognome/token,55801
491,2016-17,25,Bartosz Salamon,Cagliari,cognome/token,71019
1870,2016-17,19,Nicolò Barella,Cagliari,cognome/token,255942
1871,2016-17,21,Alessandro Deiola,Cagliari,cognome/token,235931
241,2016-17,25,Panagiotis Tachtsidis,Cagliari,cognome/token,62415
1879,2016-17,26,Diego Farias,Cagliari,cognome/token,83877
135,2016-17,22,Luca Bittante,Cagliari,cognome/token,163062
1869,2016-17,30,Fabio Pisacane,Cagliari,cognome/token,101922
1881,2016-17,29,Federico Melchiorri,Cagliari,cognome/token,46060
1872,2016-17,29,Daniele Dessena,Cagliari,cognome/token,29962
2116,2016-17,23,Paolo Faragò,Cagliari,cognome/token,167796
2037,2016-17,19,Senna Miangue,Cagliari,cognome/token,249552
2135,2016-17,18,Federico Serra,Cagliari,cognome/token,162551
476,2016-17,26,Víctor Ibarbo,Cagliari,cognome/token,92141
2146,2016-17,17,Kwang-song Han,Cagliari,cognome/token,402193
2156,2016-17,18,Luca Crosta,Cagliari,cognome/token,265077
2157,2016-17,16,Roberto Biancu,Cagliari,cognome/token,396681
1873,2016-17,28,Davide Di Gennaro,Cagliari,iniziale,52136
1862,2016-17,40,Roberto Colombo,Cagliari,iniziale,43411
413,2016-17,37,Stefano Sorrentino,Chievo,cognome/token,21891
99,2016-17,29,Fabrizio Cacciatore,Chievo,cognome/token,85605
100,2016-17,34,Bostjan Cesar,Chievo,cognome/token,24606
101,2016-17,37,Dario Dainelli,Chievo,cognome/token,5970
105,2016-17,35,Massimo Gobbi,Chievo,cognome/token,28020
111,2016-17,29,Valter Birsa,Chievo,cognome/token,26105
112,2016-17,27,Lucas Castro,Chievo,cognome/token,105892
115,2016-17,29,Perparim Hetemaj,Chievo,cognome/token,37295
118,2016-17,27,Ivan Radovanovic,Chievo,cognome/token,46105
123,2016-17,24,Roberto Inglese,Chievo,cognome/token,159337
124,2016-17,30,Riccardo Meggiorini,Chievo,cognome/token,28936
127,2016-17,37,Sergio Pellissier,Chievo,cognome/token,5928
1982,2016-17,20,Vittorio Parigini,Chievo,cognome/token,238981
2018,2016-17,20,Lamin Jallow,Chievo,cognome/token,337310
104,2016-17,34,Alessandro Gamberini,Chievo,cognome/token,16868
78,2016-17,33,Nicolás Spolli,Chievo,cognome/token,51186
116,2016-17,33,Mariano Izco,Chievo,cognome/token,30853
103,2016-17,32,Nicolas Frey,Chievo,cognome/token,38591
2072,2016-17,19,Samuel Bastien,Chievo,cognome/token,289510
2107,2016-17,18,Sofian Kiyine,Chievo,cognome/token,393804
243,2016-17,29,Serge Gakpé,Chievo,cognome/token,36293
2141,2016-17,19,Fabio Depaoli,Chievo,cognome/token,324282
97,2016-17,26,Andrea Seculin,Chievo,cognome/token,85380
108,2016-17,37,Gennaro Sardo,Chievo,cognome/token,21770
2154,2016-17,15,Emanuel Vignato,Chievo,cognome/token,394346
119,2016-17,25,Nicola Rigoni,Chievo,iniziale,61757
399,2016-17,28,Jonathan de Guzmán,Chievo,iniziale,31067
534,2016-17,33,Antonio Floro Flores,Chievo,iniziale,16893
817,2016-17,21,Filippo Costa,Chievo,iniziale,197743
1892,2016-17,31,Claiton,Crotone,cognome/token,139169
1997,2016-17,24,Simy,Crotone,cognome/token,194549
1889,2016-17,33,Alex Cordaz,Crotone,cognome/token,16633
1891,2016-17,24,Federico Ceccherini,Crotone,cognome/token,163639
1896,2016-17,23,Bruno Martella,Crotone,cognome/token,164108
1898,2016-17,23,Mario Sampirisi,Crotone,cognome/token,160357
121,2016-17,25,Adrian Stoian,Crotone,cognome/token,96853
175,2016-17,21,Nicolò Fazzi,Crotone,cognome/token,197744
1907,2016-17,25,Aniello Salzano,Crotone,cognome/token,195199
2014,2016-17,25,Marcus Rohdén,Crotone,cognome/token,205809
1909,2016-17,32,Raffaele Palladino,Crotone,cognome/token,28855
1890,2016-17,24,Marco Festa,Crotone,cognome/token,257660
198,2016-17,29,Aleandro Rosi,Crotone,cognome/token,34239
173,2016-17,21,Leonardo Capezzi,Crotone,cognome/token,84442
700,2016-17,26,Aleksandar Tonev,Crotone,cognome/token,87282
2071,2016-17,24,Noë Dussenne,Crotone,cognome/token,160736
57,2016-17,23,Lorenzo Crisetig,Crotone,cognome/token,110928
532,2016-17,25,Diego Falcinelli,Crotone,cognome/token,119115
789,2016-17,23,Marcello Trotta,Crotone,cognome/token,129505
1906,2016-17,26,Andrea Nalini,Crotone,cognome/token,278578
1901,2016-17,22,Andrea Barberis,Crotone,cognome/token,146680
488,2016-17,31,Djamel Mesbah,Crotone,cognome/token,17735
2138,2016-17,19,Cazim Suljic,Crotone,cognome/token,348431
182,2016-17,24,Maxwell Acosty,Crotone,cognome/token,102249
796,2016-17,22,Eddy Gnahoré,Crotone,cognome/token,168933
2132,2016-17,20,Andrej Kotnik,Crotone,cognome/token,382007
2143,2016-17,18,Giuseppe Cuomo,Crotone,cognome/token,365565
2159,2016-17,17,Giuseppe Borello,Crotone,cognome/token,373379
1895,2016-17,24,Gian Marco Ferrari,Crotone,iniziale,277167
1908,2016-17,33,Pietro De Giorgio,Crotone,iniziale,102750
1902,2016-17,30,Nunzio Di Roberto,Crotone,iniziale,86074
1913,2016-17,18,Matheus Pereira,Empoli,cognome/token,323934
131,2016-17,27,Alberto Pelagotti,Empoli,cognome/token,56921
138,2016-17,30,Andrea Costa,Empoli,cognome/token,34336
141,2016-17,27,Vincent Laurini,Empoli,cognome/token,94936
166,2016-17,34,Manuel Pasqual,Empoli,cognome/token,23284
709,2016-17,23,Uros Cosic,Empoli,cognome/token,94305
146,2016-17,33,Daniele Croce,Empoli,cognome/token,22749
148,2016-17,22,Rade Krunic,Empoli,cognome/token,259953
150,2016-17,24,Riccardo Saponara,Empoli,cognome/token,88909
297,2016-17,25,Marcel Büchel,Empoli,cognome/token,74956
651,2016-17,25,Raffaele Maiello,Empoli,cognome/token,140559
1915,2016-17,19,Andrés Tello,Empoli,cognome/token,331389
153,2016-17,36,Massimo Maccarone,Empoli,cognome/token,3713
156,2016-17,25,Manuel Pucciarelli,Empoli,cognome/token,163683
698,2016-17,34,Alberto Gilardino,Empoli,cognome/token,5878
134,2016-17,22,Federico Barba,Empoli,cognome/token,165873
254,2016-17,18,Federico Dimarco,Empoli,cognome/token,198116
653,2016-17,30,Marco Zambelli,Empoli,cognome/token,28031
1912,2016-17,26,Giuseppe Bellusci,Empoli,cognome/token,57354
147,2016-17,18,Assane Dioussé,Empoli,cognome/token,287635
133,2016-17,25,Lukasz Skorupski,Empoli,cognome/token,80894
37,2016-17,26,Guido Marilungo,Empoli,cognome/token,61786
154,2016-17,26,Levan Mchedlidze,Empoli,cognome/token,56912
2064,2016-17,23,Frédéric Veseli,Empoli,cognome/token,111433
2112,2016-17,23,Mame Thiam,Empoli,cognome/token,163053
2124,2016-17,22,Miha Zajc,Empoli,cognome/token,149829
2152,2016-17,18,Arnel Jakupovic,Empoli,cognome/token,268426
371,2016-17,20,José Mauri,Empoli,iniziale,240958
401,2016-17,25,Omar El Kaddouri,Empoli,iniziale,73097
165,2016-17,25,Marcos Alonso,Fiorentina,cognome/token,112515
172,2016-17,31,Borja Valero,Fiorentina,cognome/token,40372
160,2016-17,30,Ciprian Tătărușanu,Fiorentina,cognome/token,55282
169,2016-17,28,Nenad Tomovic,Fiorentina,cognome/token,47085
642,2016-17,29,Davide Astori,Fiorentina,cognome/token,87210
170,2016-17,27,Milan Badelj,Fiorentina,cognome/token,40633
177,2016-17,28,Josip Ilicic,Fiorentina,cognome/token,80351
181,2016-17,24,Matías Vecino,Fiorentina,cognome/token,143812
184,2016-17,22,Federico Bernardeschi,Fiorentina,cognome/token,197300
187,2016-17,29,Giuseppe Rossi,Fiorentina,cognome/token,19104
652,2016-17,28,Nikola Kalinić,Fiorentina,cognome/token,36371
2002,2016-17,18,Federico Chiesa,Fiorentina,cognome/token,341092
158,2016-17,21,Luca Lezzerini,Fiorentina,cognome/token,135747
2060,2016-17,27,Hrvoje Milic,Fiorentina,cognome/token,46423
2067,2016-17,22,Carlos Salcedo,Fiorentina,cognome/token,256866
792,2016-17,29,Mauro Zárate,Fiorentina,cognome/token,26456
2075,2016-17,22,Sebastián Cristóforo,Fiorentina,cognome/token,188157
183,2016-17,23,Khouma Babacar,Fiorentina,cognome/token,124902
1918,2016-17,19,Kevin Diks,Fiorentina,cognome/token,335209
2032,2016-17,17,Ianis Hagi,Fiorentina,cognome/token,282076
2101,2016-17,18,Joshua Pérez,Fiorentina,cognome/token,351506
4,2016-17,24,Marco Sportiello,Fiorentina,cognome/token,199976
150,2016-17,24,Riccardo Saponara,Fiorentina,cognome/token,88909
2151,2016-17,17,Jan Mlakar,Fiorentina,cognome/token,309180
1917,2016-17,18,Bartłomiej Drągowski,Fiorentina,cognome/token,208166
167,2016-17,32,Gonzalo Rodríguez,Fiorentina,iniziale,19998
794,2016-17,24,Cristian Tello,Fiorentina,iniziale,141834
2058,2016-17,30,Carlos Sánchez,Fiorentina,iniziale,51226
2087,2016-17,24,Maximiliano Olivera,Fiorentina,iniziale,179757
224,2016-17,29,Sebastien De Maio,Fiorentina,iniziale,56830
2011,2016-17,30,Miguel Veloso,Genoa,cognome/token,43848
580,2016-17,26,Edenilson,Genoa,cognome/token,169052
284,2016-17,33,Rubinho,Genoa,cognome/token,37598
217,2016-17,26,Eugenio Lamanna,Genoa,cognome/token,85240
222,2016-17,35,Nicolás Burdisso,Genoa,cognome/token,3417
226,2016-17,24,Armando Izzo,Genoa,cognome/token,32113
323,2016-17,31,Santiago Gentiletti,Genoa,cognome/token,30782
805,2016-17,23,Riccardo Fiamozzi,Genoa,cognome/token,197745
235,2016-17,23,Diego Laxalt,Genoa,cognome/token,230552
236,2016-17,25,Darko Lazović,Genoa,cognome/token,70411
238,2016-17,28,Tomás Rincón,Genoa,cognome/token,75942
641,2016-17,20,Olivier Ntcham,Genoa,cognome/token,224088
1923,2016-17,22,Lucas Ocampos,Genoa,cognome/token,189441
245,2016-17,33,Goran Pandev,Genoa,cognome/token,12563
247,2016-17,27,Leonardo Pavoletti,Genoa,cognome/token,64793
227,2016-17,31,Giovanni Marchese,Genoa,cognome/token,21887
243,2016-17,29,Serge Gakpé,Genoa,cognome/token,36293
218,2016-17,23,Mattia Perin,Genoa,cognome/token,110923
232,2016-17,24,Isaac Cofie,Genoa,cognome/token,99327
809,2016-17,21,Nikola Ninkovic,Genoa,cognome/token,168944
2061,2016-17,21,Giovanni Simeone,Genoa,cognome/token,282388
2083,2016-17,22,Davide Biraschi,Genoa,cognome/token,199927
2103,2016-17,15,Pietro Pellegri,Genoa,cognome/token,364133
39,2016-17,32,Mauricio Pinilla,Genoa,cognome/token,6160
333,2016-17,21,Danilo Cataldi,Genoa,cognome/token,199733
433,2016-17,24,Oscar Hiljemark,Genoa,cognome/token,158810
2111,2016-17,27,Adel Taarabt,Genoa,cognome/token,45287
1909,2016-17,32,Raffaele Palladino,Genoa,cognome/token,28855
2106,2016-17,20,Leonardo Morosini,Genoa,cognome/token,240415
2105,2016-17,21,Andrea Beghetto,Genoa,cognome/token,199941
438,2016-17,31,Luca Rigoni,Genoa,iniziale,22210
2090,2016-17,27,Lucas Orbán,Genoa,iniziale,110309
257,2016-17,31,Miranda,Inter,cognome/token,33357
506,2016-17,29,Éder,Inter,cognome/token,37418
717,2016-17,33,Felipe Melo,Inter,cognome/token,35537
250,2016-17,32,Samir Handanovič,Inter,cognome/token,28021
260,2016-17,29,Yuto Nagatomo,Inter,cognome/token,79522
261,2016-17,28,Andrea Ranocchia,Inter,cognome/token,44327
265,2016-17,23,Marcelo Brozović,Inter,cognome/token,156617
270,2016-17,23,Geoffrey Kondogbia,Inter,cognome/token,127189
272,2016-17,28,Gary Medel,Inter,cognome/token,60889
332,2016-17,29,Antonio Candreva,Inter,cognome/token,25488
704,2016-17,27,Ivan Perisic,Inter,cognome/token,42460
1929,2016-17,28,Éver Banega,Inter,cognome/token,12249
277,2016-17,23,Mauro Icardi,Inter,cognome/token,68863
280,2016-17,34,Rodrigo Palacio,Inter,cognome/token,39099
259,2016-17,24,Jeison Murillo,Inter,cognome/token,131102
262,2016-17,25,Davide Santon,Inter,cognome/token,84344
2037,2016-17,19,Senna Miangue,Inter,cognome/token,249552
278,2016-17,26,Stevan Jovetić,Inter,cognome/token,46104
267,2016-17,19,Assane Demoya Gnoukouri,Inter,cognome/token,336704
2082,2016-17,19,Gabriel Barbosa,Inter,cognome/token,244275
706,2016-17,29,Cristian Ansaldi,Inter,cognome/token,55854
251,2016-17,30,Marco Andreolli,Inter,cognome/token,36356
801,2016-17,22,Roberto Gagliardini,Inter,cognome/token,197471
2038,2016-17,17,Andrea Pinamonti,Inter,cognome/token,315865
276,2016-17,28,Jonathan Biabiany,Inter,cognome/token,45567
249,2016-17,32,Juan Pablo Carrizo,Inter,cognome/token,39118
2128,2016-17,24,Trent Sainsbury,Inter,cognome/token,145840
253,2016-17,27,Danilo D'Ambrosio,Inter,iniziale,55769
662,2016-17,25,Alex Sandro,Juventus,cognome/token,79960
1932,2016-17,33,Dani Alves,Juventus,cognome/token,15951
269,2016-17,31,Hernanes,Juventus,cognome/token,52897
283,2016-17,27,Neto,Juventus,cognome/token,111819
282,2016-17,38,Gianluigi Buffon,Juventus,cognome/token,5023
285,2016-17,35,Andrea Barzagli,Juventus,cognome/token,7109
286,2016-17,29,Leonardo Bonucci,Juventus,cognome/token,39983
288,2016-17,31,Giorgio Chiellini,Juventus,cognome/token,29260
290,2016-17,35,Patrice Evra,Juventus,cognome/token,5285
295,2016-17,27,Kwadwo Asamoah,Juventus,cognome/token,63531
299,2016-17,29,Sami Khedira,Juventus,cognome/token,29401
712,2016-17,22,Mario Lemina,Juventus,cognome/token,170934
309,2016-17,22,Paulo Dybala,Juventus,cognome/token,206050
312,2016-17,30,Mario Mandžukić,Juventus,cognome/token,34572
408,2016-17,28,Gonzalo Higuaín,Juventus,cognome/token,39153
292,2016-17,32,Stephan Lichtsteiner,Juventus,cognome/token,2865
1931,2016-17,29,Medhi Benatia,Juventus,cognome/token,45124
1998,2016-17,21,Marko Pjaca,Juventus,cognome/token,205940
469,2016-17,26,Miralem Pjanić,Juventus,cognome/token,44162
697,2016-17,28,Juan Cuadrado,Juventus,cognome/token,91970
305,2016-17,23,Stefano Sturaro,Juventus,cognome/token,167859
300,2016-17,30,Claudio Marchisio,Juventus,cognome/token,44716
2097,2016-17,16,Moise Kean,Juventus,cognome/token,364135
238,2016-17,28,Tomás Rincón,Juventus,cognome/token,75942
1933,2016-17,19,Rolando Mandragora,Juventus,cognome/token,308279
761,2016-17,19,Emil Audero,Juventus,cognome/token,256339
294,2016-17,22,,Juventus,iniziale,
2007,2016-17,21,Wallace,Lazio,cognome/token,225335
327,2016-17,23,Patric,Lazio,cognome/token,126729
2062,2016-17,25,Bastos,Lazio,cognome/token,195810
335,2016-17,23,Felipe Anderson,Lazio,cognome/token,159372
2085,2016-17,23,Luis Alberto,Lazio,cognome/token,128220
318,2016-17,33,Federico Marchetti,Lazio,cognome/token,22318
319,2016-17,31,Dusan Basta,Lazio,cognome/token,19694
324,2016-17,22,Wesley Hoedt,Lazio,cognome/token,253765
331,2016-17,30,Lucas Biglia,Lazio,cognome/token,26721
333,2016-17,21,Danilo Cataldi,Lazio,cognome/token,199733
337,2016-17,21,Ricardo Kishna,Lazio,cognome/token,159026
342,2016-17,31,Marco Parolo,Lazio,cognome/token,84545
344,2016-17,28,Filip Djordjevic,Lazio,cognome/token,47065
785,2016-17,26,Ciro Immobile,Lazio,cognome/token,105521
2040,2016-17,20,Cristiano Lombardi,Lazio,cognome/token,240349
329,2016-17,29,Ștefan Radu,Lazio,cognome/token,44420
338,2016-17,30,Senad Lulic,Lazio,cognome/token,61449
2003,2016-17,19,Alessandro Murgia,Lazio,cognome/token,289061
1934,2016-17,21,Thomas Strakosha,Lazio,cognome/token,222209
2059,2016-17,23,Moritz Leitner,Lazio,cognome/token,82243
328,2016-17,20,Franjo Prce,Lazio,cognome/token,240260
2136,2016-17,20,Mamadou Tounkara,Lazio,cognome/token,242965
334,2016-17,20,Luca Crecco,Lazio,cognome/token,228604
1935,2016-17,29,Ivan Vargic,Lazio,cognome/token,34553
2158,2016-17,16,Giorgio Spizzichino,Lazio,cognome/token,391933
322,2016-17,24,Stefan de Vrij,Lazio,iniziale,111196
1999,2016-17,22,Jordan Lukaku,Lazio,iniziale,140804
645,2016-17,21,Sergej Milinković-Savić,Lazio,iniziale,266302
345,2016-17,21,Keita Baldé,Lazio,iniziale,238752
2108,2016-17,19,Alessandro Rossi,Lazio,iniziale,339782
375,2016-17,22,Suso,Milan,cognome/token,111961
379,2016-17,29,Luiz Adriano,Milan,cognome/token,48974
2063,2016-17,31,José Sosa,Milan,cognome/token,20137
353,2016-17,29,Ignazio Abate,Milan,cognome/token,16631
356,2016-17,29,Luca Antonelli,Milan,cognome/token,45565
360,2016-17,30,Gabriel Paletta,Milan,cognome/token,30767
460,2016-17,21,Alessio Romagnoli,Milan,cognome/token,197747
234,2016-17,29,Juraj Kucka,Milan,cognome/token,74943
366,2016-17,25,Andrea Bertolacci,Milan,cognome/token,99227
367,2016-17,26,Giacomo Bonaventura,Milan,cognome/token,57280
372,2016-17,31,Riccardo Montolivo,Milan,cognome/token,19446
374,2016-17,26,Andrea Poli,Milan,cognome/token,44834
377,2016-17,29,Carlos Bacca,Milan,cognome/token,119235
382,2016-17,21,M'Baye Niang,Milan,cognome/token,157501
357,2016-17,19,Davide Calabria,Milan,cognome/token,262523
1939,2016-17,26,Gianluca Lapadula,Milan,cognome/token,130394
369,2016-17,30,Keisuke Honda,Milan,cognome/token,66521
827,2016-17,18,Manuel Locatelli,Milan,cognome/token,265088
2077,2016-17,21,Mario Pašalić,Milan,cognome/token,205938
1938,2016-17,29,Leonel Vangioni,Milan,cognome/token,55895
2119,2016-17,22,Gerard Deulofeu,Milan,cognome/token,129476
1923,2016-17,22,Lucas Ocampos,Milan,cognome/token,189441
2155,2016-17,18,Patrick Cutrone,Milan,cognome/token,265078
350,2016-17,17,Gianluigi Donnarumma,Milan,iniziale,315858
358,2016-17,23,Mattia De Sciglio,Milan,iniziale,88682
2052,2016-17,23,Gustavo Gómez,Milan,iniziale,215390
176,2016-17,30,Matías Fernández,Milan,iniziale,37918
365,2016-17,29,Cristian Zapata,Milan,iniziale,34344
397,2016-17,25,Allan,Napoli,cognome/token,126422
404,2016-17,24,Jorginho,Napoli,cognome/token,102017
386,2016-17,26,Rafael Cabral,Napoli,cognome/token,103916
387,2016-17,33,Pepe Reina,Napoli,cognome/token,7825
140,2016-17,22,Elseid Hysaj,Napoli,cognome/token,200056
388,2016-17,30,Raúl Albiol,Napoli,cognome/token,15452
390,2016-17,25,Faouzi Ghoulam,Napoli,cognome/token,126656
392,2016-17,25,Kalidou Koulibaly,Napoli,cognome/token,93128
152,2016-17,22,Piotr Zielinski,Napoli,cognome/token,181136
402,2016-17,29,Marek Hamsik,Napoli,cognome/token,38593
405,2016-17,30,Mirko Valdifiori,Napoli,cognome/token,84903
406,2016-17,29,José Callejón,Napoli,cognome/token,61253
407,2016-17,24,Manolo Gabbiadini,Napoli,cognome/token,112343
409,2016-17,25,Lorenzo Insigne,Napoli,cognome/token,133964
410,2016-17,29,Dries Mertens,Napoli,cognome/token,56416
2012,2016-17,22,Arkadiusz Milik,Napoli,cognome/token,191891
640,2016-17,26,Vlad Chiricheș,Napoli,cognome/token,123261
394,2016-17,34,Christian Maggio,Napoli,cognome/token,21151
395,2016-17,29,Ivan Strinic,Napoli,cognome/token,39799
550,2016-17,24,Nikola Maksimović,Napoli,cognome/token,124715
702,2016-17,31,Emanuele Giaccherini,Napoli,cognome/token,84835
58,2016-17,19,Amadou Diawara,Napoli,cognome/token,355501
2076,2016-17,21,Marko Rog,Napoli,cognome/token,317482
144,2016-17,26,Lorenzo Tonelli,Napoli,cognome/token,111347
247,2016-17,27,Leonardo Pavoletti,Napoli,cognome/token,64793
401,2016-17,17,,Napoli,iniziale,
2079,2016-17,26,Bruno Henrique,Palermo,cognome/token,277335
2110,2016-17,26,Stefan Silva,Palermo,cognome/token,208905
800,2016-17,20,Josip Posavec,Palermo,cognome/token,255322
423,2016-17,27,Andrea Rispoli,Palermo,cognome/token,74448
427,2016-17,33,Roberto Vitiello,Palermo,cognome/token,22217
780,2016-17,30,Thiago Cionek,Palermo,cognome/token,79510
2005,2016-17,27,Slobodan Rajković,Palermo,cognome/token,35934
2051,2016-17,25,Haitam Aleesami,Palermo,cognome/token,230166
433,2016-17,24,Oscar Hiljemark,Palermo,cognome/token,158810
437,2016-17,22,Robin Quaison,Palermo,cognome/token,206542
559,2016-17,33,Alessandro Gazzi,Palermo,cognome/token,28827
1942,2016-17,21,Carlos Embalo,Palermo,cognome/token,275682
442,2016-17,20,Accursio Bentivegna,Palermo,cognome/token,244927
1943,2016-17,26,Ilija Nestorovski,Palermo,cognome/token,54581
2010,2016-17,19,Roland Sallai,Palermo,cognome/token,332798
418,2016-17,22,Edoardo Goldaniga,Palermo,cognome/token,242940
431,2016-17,23,Ivaylo Chochev,Palermo,cognome/token,252767
434,2016-17,28,Mato Jajalo,Palermo,cognome/token,47513
784,2016-17,33,Alessandro Diamanti,Palermo,cognome/token,23197
296,2016-17,23,Ouasim Bouy,Palermo,cognome/token,126412
714,2016-17,27,Michel Morganella,Palermo,cognome/token,47544
448,2016-17,23,Aleksandar Trajkovski,Palermo,cognome/token,142920
2118,2016-17,27,Toni Sunjic,Palermo,cognome/token,60790
1941,2016-17,21,Andrea Fulignati,Palermo,cognome/token,231381
2153,2016-17,16,Gennaro Ruggiero,Palermo,cognome/token,392514
783,2016-17,20,Norbert Balogh,Palermo,iniziale,326204
419,2016-17,28,Giancarlo González,Palermo,iniziale,111893
770,2016-17,18,Giuseppe Pezzella,Palermo,iniziale,336960
2048,2016-17,18,Simone Lo Faso,Palermo,iniziale,349719
95,2016-17,38,Albano Bizzarri,Pescara,cognome/token,7797
252,2016-17,23,Cristiano Biraghi,Pescara,cognome/token,124555
457,2016-17,24,Alessandro Crescenzi,Pescara,cognome/token,96758
486,2016-17,31,Andrea Coda,Pescara,cognome/token,28833
660,2016-17,24,Norbert Gyömbér,Pescara,cognome/token,205054
1952,2016-17,22,Francesco Zampano,Pescara,cognome/token,216872
1953,2016-17,24,Dario Zuparic,Pescara,cognome/token,165381
428,2016-17,24,Ahmad Benali,Pescara,cognome/token,121402
430,2016-17,23,Gastón Brugman,Pescara,cognome/token,131109
600,2016-17,22,Valerio Verre,Pescara,cognome/token,162961
779,2016-17,21,Bryan Cristante,Pescara,cognome/token,199248
1955,2016-17,29,Ledian Memushaj,Pescara,cognome/token,139634
649,2016-17,19,Rey Manaj,Pescara,cognome/token,308278
1958,2016-17,23,Gianluca Caprari,Pescara,cognome/token,146752
1948,2016-17,36,Hugo Campagnaro,Pescara,cognome/token,21782
1956,2016-17,21,Alexandru Mitriță,Pescara,cognome/token,209649
2068,2016-17,23,Jean-Christophe Bahebeck,Pescara,cognome/token,164897
2074,2016-17,32,Alberto Aquilani,Pescara,cognome/token,5957
1949,2016-17,22,Michele Fornasier,Pescara,cognome/token,141654
1951,2016-17,19,Davide Vitturini,Pescara,cognome/token,267101
2070,2016-17,24,Stefano Pettinari,Pescara,cognome/token,130369
1954,2016-17,33,Alessandro Bruno,Pescara,cognome/token,77910
17,2016-17,35,Guglielmo Stendardo,Pescara,cognome/token,22093
2117,2016-17,18,Grigoris Kastanos,Pescara,cognome/token,298635
306,2016-17,20,Alberto Cerri,Pescara,cognome/token,197751
698,2016-17,34,Alberto Gilardino,Pescara,cognome/token,5878
2113,2016-17,20,Andrés Cubas,Pescara,cognome/token,323872
2123,2016-17,31,Sulley Muntari,Pescara,cognome/token,17129
545,2016-17,33,Cesare Bovo,Pescara,cognome/token,5946
1947,2016-17,26,Vincenzo Fiorillo,Pescara,cognome/token,55000
2145,2016-17,23,Hrvoje Milicevic,Pescara,cognome/token,157167
650,2016-17,32,Simone Pepe,Pescara,iniziale,17249
2066,2016-17,20,Robert Muric,Pescara,iniziale,226085
2144,2016-17,17,Mamadou Coulibaly,Pescara,iniziale,472161
256,2016-17,25,Juan Jesus,Roma,cognome/token,121985
546,2016-17,26,Bruno Peres,Roma,cognome/token,148751
1967,2016-17,19,Gerson,Roma,cognome/token,341705
142,2016-17,25,Mário Rui,Roma,cognome/token,87884
453,2016-17,26,Wojciech Szczesny,Roma,cognome/token,44058
459,2016-17,25,Konstantinos Manolas,Roma,cognome/token,104752
2016,2016-17,29,Federico Fazio,Roma,cognome/token,45314
2055,2016-17,30,Thomas Vermaelen,Roma,cognome/token,15904
237,2016-17,28,Diego Perotti,Roma,cognome/token,54984
467,2016-17,28,Radja Nainggolan,Roma,cognome/token,41982
468,2016-17,22,Leandro Paredes,Roma,cognome/token,166237
470,2016-17,26,Kevin Strootman,Roma,cognome/token,68864
646,2016-17,24,Mohamed Salah,Roma,cognome/token,148455
647,2016-17,30,Edin Dzeko,Roma,cognome/token,28396
464,2016-17,25,Alessandro Florenzi,Roma,cognome/token,130365
477,2016-17,23,Juan Iturbe,Roma,cognome/token,81455
480,2016-17,39,Francesco Totti,Roma,cognome/token,5958
656,2016-17,23,Antonio Rüdiger,Roma,cognome/token,86202
2126,2016-17,25,Clément Grenier,Roma,cognome/token,72479
795,2016-17,23,Stephan El Shaarawy,Roma,iniziale,94529
463,2016-17,33,Daniele De Rossi,Roma,iniziale,5947
590,2016-17,21,Bruno Fernandes,Sampdoria,cognome/token,240306
484,2016-17,30,Emiliano Viviano,Sampdoria,cognome/token,24316
490,2016-17,25,Vasco Regini,Sampdoria,cognome/token,72274
492,2016-17,31,Matías Silvestre,Sampdoria,cognome/token,20003
494,2016-17,32,Édgar Barreto,Sampdoria,cognome/token,16120
630,2016-17,24,Jacopo Sala,Sampdoria,cognome/token,96806
1971,2016-17,27,Mirko Eramo,Sampdoria,cognome/token,61783
1972,2016-17,20,Lucas Torreira,Sampdoria,cognome/token,318077
2008,2016-17,21,Karol Linetty,Sampdoria,cognome/token,225873
507,2016-17,25,Luis Muriel,Sampdoria,cognome/token,119228
568,2016-17,33,Fabio Quagliarella,Sampdoria,cognome/token,22328
1973,2016-17,25,Ante Budimir,Sampdoria,cognome/token,46413
1974,2016-17,20,Patrik Schick,Sampdoria,cognome/token,242086
2065,2016-17,22,Dennis Praet,Sampdoria,cognome/token,129588
798,2016-17,21,Milan Škriniar,Sampdoria,cognome/token,204069
20,2016-17,30,Luca Cigarini,Sampdoria,cognome/token,33218
483,2016-17,35,Christian Puggioni,Sampdoria,cognome/token,48003
502,2016-17,34,Angelo Palombo,Sampdoria,cognome/token,6793
1995,2016-17,24,Filip Djuricic,Sampdoria,cognome/token,94307
2104,2016-17,24,Bartosz Bereszyński,Sampdoria,cognome/token,144143
197,2016-17,28,Daniel Pavlovic,Sampdoria,iniziale,19671
775,2016-17,28,Ricardo Álvarez,Sampdoria,iniziale,76077
729,2016-17,18,Pedro Pereira,Sampdoria,iniziale,314965
509,2016-17,29,Andrea Consigli,Sassuolo,cognome/token,35865
513,2016-17,28,Francesco Acerbi,Sassuolo,cognome/token,131075
514,2016-17,24,Luca Antei,Sassuolo,cognome/token,146743
519,2016-17,31,Marcello Gazzola,Sassuolo,cognome/token,57643
521,2016-17,32,Federico Peluso,Sassuolo,cognome/token,21763
824,2016-17,18,Claud Adjapong,Sassuolo,cognome/token,337716
524,2016-17,33,Davide Biondini,Sassuolo,cognome/token,22186
528,2016-17,31,Francesco Magnanelli,Sassuolo,cognome/token,7093
1976,2016-17,20,Luca Mazzitelli,Sassuolo,cognome/token,226025
1978,2016-17,20,Stefano Sensi,Sassuolo,cognome/token,216179
531,2016-17,22,Domenico Berardi,Sassuolo,cognome/token,177843
532,2016-17,25,Diego Falcinelli,Sassuolo,cognome/token,119115
536,2016-17,22,Matteo Politano,Sassuolo,cognome/token,165895
643,2016-17,25,Grégoire Defrel,Sassuolo,cognome/token,163222
516,2016-17,35,Paolo Cannavaro,Sassuolo,cognome/token,5858
526,2016-17,23,Alfred Duncan,Sassuolo,cognome/token,184894
380,2016-17,31,Alessandro Matri,Sassuolo,cognome/token,40660
2073,2016-17,26,Antonino Ragusa,Sassuolo,cognome/token,102470
529,2016-17,30,Simone Missiroli,Sassuolo,cognome/token,35747
2086,2016-17,24,Pietro Iemmello,Sassuolo,cognome/token,62735
2006,2016-17,18,Pol Lirola,Sassuolo,cognome/token,298975
2015,2016-17,23,Timo Letschert,Sassuolo,cognome/token,231378
522,2016-17,29,Emanuele Terranova,Sassuolo,cognome/token,61770
2074,2016-17,32,Alberto Aquilani,Sassuolo,cognome/token,5957
510,2016-17,35,Gianluca Pegolo,Sassuolo,cognome/token,21872
530,2016-17,20,Lorenzo Pellegrini,Sassuolo,iniziale,286297
2013,2016-17,22,Federico Ricci,Sassuolo,iniziale,198086
517,2016-17,22,Cristian Dell'Orco,Sassuolo,iniziale,240244
566,2016-17,32,Maxi López,Torino,cognome/token,26263
475,2016-17,26,Iago Falque,Torino,cognome/token,59340
2109,2016-17,30,Carlão,Torino,cognome/token,52893
543,2016-17,30,Daniele Padelli,Torino,cognome/token,27807
54,2016-17,31,Luca Rossettini,Torino,cognome/token,60128
551,2016-17,33,Cristian Molinaro,Torino,cognome/token,21972
552,2016-17,35,Emiliano Moretti,Torino,cognome/token,5755
555,2016-17,24,Afriyie Acquah,Torino,cognome/token,145581
556,2016-17,24,Daniele Baselli,Torino,cognome/token,134883
560,2016-17,25,Joel Obi,Torino,cognome/token,45581
563,2016-17,36,Giuseppe Vives,Torino,cognome/token,42345
441,2016-17,22,Andrea Belotti,Torino,cognome/token,167727
478,2016-17,24,Adem Ljajic,Torino,cognome/token,69374
565,2016-17,23,Josef Martínez,Torino,cognome/token,162569
1981,2016-17,20,Lucas Boyé,Torino,cognome/token,334222
455,2016-17,29,Leandro Castán,Torino,cognome/token,54929
545,2016-17,33,Cesare Bovo,Torino,cognome/token,5946
557,2016-17,21,Marco Benassi,Torino,cognome/token,201040
2084,2016-17,29,Joe Hart,Torino,cognome/token,40204
405,2016-17,30,Mirko Valdifiori,Torino,cognome/token,84903
554,2016-17,24,Davide Zappacosta,Torino,cognome/token,173859
1979,2016-17,21,Antonio Barreca,Torino,cognome/token,241889
1980,2016-17,21,Mattia Aramu,Torino,cognome/token,200188
2009,2016-17,19,Saša Lukić,Torino,cognome/token,245056
477,2016-17,23,Juan Iturbe,Torino,cognome/token,81455
765,2016-17,22,Arlind Ajeti,Torino,cognome/token,159288
2057,2016-17,21,Samuel Gustafson,Torino,cognome/token,255473
544,2016-17,27,Danilo Avelar,Torino,cognome/token,140748
487,2016-17,28,Lorenzo De Silvestri,Torino,iniziale,33571
708,2016-17,32,Felipe,Udinese,cognome/token,17127
595,2016-17,21,Lucas Evangelista,Udinese,cognome/token,270188
582,2016-17,25,Gabriel Silva,Udinese,cognome/token,114340
570,2016-17,31,Orestis Karnezis,Udinese,cognome/token,16408
575,2016-17,22,Ali Adnan,Udinese,cognome/token,261611
583,2016-17,28,Thomas Heurtaux,Udinese,cognome/token,109598
588,2016-17,23,Silvan Widmer,Udinese,cognome/token,168989
790,2016-17,21,Samir Caetano,Udinese,cognome/token,255744
1984,2016-17,27,Gabriele Angella,Udinese,cognome/token,86793
589,2016-17,25,Emmanuel Badu,Udinese,cognome/token,108484
626,2016-17,32,Emil Hallfredsson,Udinese,cognome/token,22673
755,2016-17,32,Francesco Lodi,Udinese,cognome/token,6033
1986,2016-17,21,Seko Fofana,Udinese,cognome/token,182893
1990,2016-17,19,Adalberto Peñaranda,Udinese,cognome/token,308801
594,2016-17,29,Panagiotis Kone,Udinese,cognome/token,19636
605,2016-17,21,Stipe Perica,Udinese,cognome/token,245072
802,2016-17,29,Pablo Armero,Udinese,cognome/token,73786
2081,2016-17,28,Sven Kums,Udinese,cognome/token,42735
92,2016-17,23,Ryder Matos,Udinese,cognome/token,62713
606,2016-17,33,Cyril Théréau,Udinese,cognome/token,29316
587,2016-17,25,Molla Wagué,Udinese,cognome/token,129893
1987,2016-17,20,Jakub Jankto,Udinese,cognome/token,319160
1988,2016-17,20,Ewandro Costa,Udinese,cognome/token,288499
581,2016-17,24,Davide Faraoni,Udinese,cognome/token,73926
574,2016-17,20,Simone Scuffet,Udinese,cognome/token,238993
813,2016-17,18,Andrija Balic,Udinese,cognome/token,316111
1996,2016-17,22,Rodrigo De Paul,Udinese,iniziale,255901
608,2016-17,25,Duván Zapata,Udinese,iniziale,73794
316,2017-18,28,Etrit Berisha,Atalanta,cognome/token,77825
15,2017-18,31,Andrea Masiello,Atalanta,cognome/token,34198
695,2017-18,26,Rafael Tolói,Atalanta,cognome/token,72441
2130,2017-18,23,Hans Hateboer,Atalanta,cognome/token,275303
2160,2017-18,23,Robin Gosens,Atalanta,cognome/token,273132
2181,2017-18,27,José Luis Palomino,Atalanta,cognome/token,125020
28,2017-18,28,Jasmin Kurtic,Atalanta,cognome/token,85825
177,2017-18,29,Josip Ilicic,Atalanta,cognome/token,80351
779,2017-18,22,Bryan Cristante,Atalanta,cognome/token,199248
788,2017-18,25,Remo Freuler,Atalanta,cognome/token,148252
26,2017-18,29,Papu Gómez,Atalanta,cognome/token,20005
383,2017-18,22,Andrea Petagna,Atalanta,cognome/token,199258
2163,2017-18,24,Andreas Cornelius,Atalanta,cognome/token,203412
1847,2017-18,23,Mattia Caldara,Atalanta,cognome/token,197470
2197,2017-18,21,Timothy Castagne,Atalanta,cognome/token,262226
610,2017-18,22,Pierluigi Gollini,Atalanta,cognome/token,244192
2167,2017-18,20,Riccardo Orsolini,Atalanta,cognome/token,368482
2120,2017-18,18,Alessandro Bastoni,Atalanta,cognome/token,315853
2281,2017-18,20,Luca Vido,Atalanta,cognome/token,264514
2296,2017-18,21,Gianluca Mancini,Atalanta,cognome/token,256448
1852,2017-18,24,Leonardo Spinazzola,Atalanta,cognome/token,118689
2161,2017-18,21,Nicolas Haas,Atalanta,cognome/token,192638
2719,2017-18,18,Musa Barrow,Atalanta,cognome/token,486624
22,2017-18,26,Marten de Roon,Atalanta,iniziale,133179
2297,2017-18,26,Francesco Rossi,Atalanta,iniziale,126634
2645,2017-18,26,Guilherme,Benevento,cognome/token,139607
2646,2017-18,28,Sandro,Benevento,cognome/token,74590
720,2017-18,27,Vid Belec,Benevento,cognome/token,73090
74,2017-18,27,Gaetano Letizia,Benevento,cognome/token,160560
138,2017-18,31,Andrea Costa,Benevento,cognome/token,34336
2174,2017-18,22,Lorenzo Venuti,Benevento,cognome/token,240219
2241,2017-18,29,Fabio Lucioni,Benevento,cognome/token,160561
333,2017-18,22,Danilo Cataldi,Benevento,cognome/token,199733
440,2017-18,27,Nicolas Viola,Benevento,cognome/token,85393
2243,2017-18,23,Amato Ciciretti,Benevento,cognome/token,159902
281,2017-18,21,George Pușcaș,Benevento,cognome/token,208690
2246,2017-18,30,Fabio Ceravolo,Benevento,cognome/token,35743
420,2017-18,25,Achraf Lazaar,Benevento,cognome/token,139173
514,2017-18,25,Luca Antei,Benevento,cognome/token,146743
1955,2017-18,30,Ledian Memushaj,Benevento,cognome/token,139634
2086,2017-18,25,Pietro Iemmello,Benevento,cognome/token,62735
202,2017-18,24,Raman Chibsah,Benevento,cognome/token,199633
1982,2017-18,21,Vittorio Parigini,Benevento,cognome/token,238981
2040,2017-18,21,Cristiano Lombardi,Benevento,cognome/token,240349
2321,2017-18,27,Samuel Armenteros,Benevento,cognome/token,55751
2184,2017-18,19,Andreaw Gravillon,Benevento,cognome/token,395083
787,2017-18,24,Berat Djimsiti,Benevento,cognome/token,165513
481,2017-18,25,Alberto Brignoli,Benevento,cognome/token,146799
2239,2017-18,21,Bright Gyamfi,Benevento,cognome/token,339982
2629,2017-18,23,Mamadou Kanoute,Benevento,cognome/token,201734
2317,2017-18,18,Enrico Brignola,Benevento,cognome/token,323147
2644,2017-18,23,Jean-Claude Billong,Benevento,cognome/token,391192
1995,2017-18,25,Filip Djuricic,Benevento,cognome/token,94307
483,2017-18,36,Christian Puggioni,Benevento,cognome/token,48003
2720,2017-18,34,Bacary Sagna,Benevento,cognome/token,26764
2662,2017-18,25,Alin Toșca,Benevento,cognome/token,148004
2649,2017-18,29,Cheick Diabaté,Benevento,cognome/token,78082
2723,2017-18,17,Giovanni Volpicelli,Benevento,cognome/token,387017
2731,2017-18,17,Luca Sparandeo,Benevento,cognome/token,355924
2733,2017-18,15,Siriky Sanogo,Benevento,cognome/token,539612
2735,2017-18,19,Christian Rutjens,Benevento,cognome/token,462809
2203,2017-18,23,Gianluca Di Chiara,Benevento,iniziale,189340
21,2017-18,26,Marco D'Alessandro,Benevento,iniziale,99232
2244,2017-18,27,Lorenzo Del Pinto,Benevento,iniziale,244061
2190,2017-18,28,Massimo Coda,Benevento,iniziale,33763
2247,2017-18,28,Karamoko Cissé,Benevento,iniziale,65635
41,2017-18,34,Antonio Mirante,Bologna,cognome/token,22141
48,2017-18,34,Domenico Maietta,Bologna,cognome/token,22140
49,2017-18,23,Adam Masina,Bologna,cognome/token,286949
461,2017-18,32,Vasilios Torosidis,Bologna,cognome/token,24977
275,2017-18,25,Saphir Taïder,Bologna,cognome/token,144779
374,2017-18,27,Andrea Poli,Bologna,cognome/token,44834
376,2017-18,25,Simone Verdi,Bologna,cognome/token,130360
644,2017-18,23,Erick Pulgar,Bologna,cognome/token,215616
669,2017-18,21,Godfred Donsah,Bologna,cognome/token,291266
1858,2017-18,25,Ladislav Krejci,Bologna,cognome/token,140206
280,2017-18,35,Rodrigo Palacio,Bologna,cognome/token,39099
472,2017-18,26,Mattia Destro,Bologna,cognome/token,88683
50,2017-18,22,Ibrahima Mbaye,Bologna,cognome/token,207715
615,2017-18,24,Filip Helander,Bologna,cognome/token,198067
57,2017-18,24,Lorenzo Crisetig,Bologna,cognome/token,110928
663,2017-18,22,Emil Krafth,Bologna,cognome/token,184528
2114,2017-18,22,Bruno Petkovic,Bologna,cognome/token,256358
1859,2017-18,22,Ádám Nagy,Bologna,cognome/token,368559
2210,2017-18,24,César Falletti,Bologna,cognome/token,218306
713,2017-18,31,Blerim Dzemaili,Bologna,cognome/token,9967
2167,2017-18,20,Riccardo Orsolini,Bologna,cognome/token,368482
2650,2017-18,24,Felipe Avenatti,Bologna,cognome/token,216375
2249,2017-18,25,Antonio Santurro,Bologna,cognome/token,130388
224,2017-18,30,Sebastien De Maio,Bologna,iniziale,56830
1857,2017-18,23,Federico Di Francesco,Bologna,iniziale,38607
419,2017-18,29,Giancarlo González,Bologna,iniziale,111893
2100,2017-18,19,,Bologna,iniziale,
40,2017-18,33,Angelo da Costa,Bologna,iniziale,82693
76,2017-18,27,Simone Romagnoli,Bologna,iniziale,88706
2329,2017-18,21,Cheick Keita,Bologna,iniziale,330289
1874,2017-18,25,João Pedro,Cagliari,cognome/token,129129
611,2017-18,35,Rafael,Cagliari,cognome/token,84467
2178,2017-18,23,Alessio Cragno,Cagliari,cognome/token,12907
251,2017-18,31,Marco Andreolli,Cagliari,cognome/token,36356
301,2017-18,33,Simone Padoin,Cagliari,cognome/token,56703
1865,2017-18,25,Marco Capuano,Cagliari,cognome/token,164091
1869,2017-18,31,Fabio Pisacane,Cagliari,cognome/token,101922
20,2017-18,31,Luca Cigarini,Cagliari,cognome/token,33218
627,2017-18,26,Artur Ioniță,Cagliari,cognome/token,98888
1870,2017-18,20,Nicolò Barella,Cagliari,cognome/token,255942
1872,2017-18,30,Daniele Dessena,Cagliari,cognome/token,29962
2116,2017-18,24,Paolo Faragò,Cagliari,cognome/token,167796
1878,2017-18,27,Duje Cop,Cagliari,cognome/token,46415
1879,2017-18,27,Diego Farias,Cagliari,cognome/token,83877
1882,2017-18,29,Marco Sau,Cagliari,cognome/token,55801
2204,2017-18,37,Andrea Cossu,Cagliari,cognome/token,21861
247,2017-18,28,Leonardo Pavoletti,Cagliari,cognome/token,64793
1866,2017-18,27,Luca Ceppitelli,Cagliari,cognome/token,102745
2279,2017-18,20,Filippo Romagna,Cagliari,cognome/token,256678
1880,2017-18,26,Niccolò Giannetti,Cagliari,cognome/token,99235
2037,2017-18,20,Senna Miangue,Cagliari,cognome/token,249552
1871,2017-18,22,Alessandro Deiola,Cagliari,cognome/token,235931
2156,2017-18,19,Luca Crosta,Cagliari,cognome/token,265077
455,2017-18,30,Leandro Castán,Cagliari,cognome/token,54929
2653,2017-18,23,Charalampos Lykogiannis,Cagliari,cognome/token,136514
2146,2017-18,18,Kwang-song Han,Cagliari,cognome/token,402193
2654,2017-18,19,Damir Céter,Cagliari,cognome/token,460898
2725,2017-18,17,Fabrizio Caligara,Cagliari,cognome/token,386574
2319,2017-18,29,Gregory van der Wiel,Cagliari,iniziale,45548
413,2017-18,38,Stefano Sorrentino,Chievo,cognome/token,21891
99,2017-18,30,Fabrizio Cacciatore,Chievo,cognome/token,85605
101,2017-18,38,Dario Dainelli,Chievo,cognome/token,5970
104,2017-18,35,Alessandro Gamberini,Chievo,cognome/token,16868
105,2017-18,36,Massimo Gobbi,Chievo,cognome/token,28020
111,2017-18,30,Valter Birsa,Chievo,cognome/token,26105
112,2017-18,28,Lucas Castro,Chievo,cognome/token,105892
115,2017-18,30,Perparim Hetemaj,Chievo,cognome/token,37295
118,2017-18,28,Ivan Radovanovic,Chievo,cognome/token,46105
2183,2017-18,23,Luca Garritano,Chievo,cognome/token,205677
123,2017-18,25,Roberto Inglese,Chievo,cognome/token,159337
127,2017-18,38,Sergio Pellissier,Chievo,cognome/token,5928
156,2017-18,26,Manuel Pucciarelli,Chievo,cognome/token,163683
100,2017-18,35,Bostjan Cesar,Chievo,cognome/token,24606
2334,2017-18,19,Mehdi Léris,Chievo,cognome/token,348601
169,2017-18,29,Nenad Tomovic,Chievo,cognome/token,47085
2141,2017-18,20,Fabio Depaoli,Chievo,cognome/token,324282
2072,2017-18,20,Samuel Bastien,Chievo,cognome/token,289510
2327,2017-18,22,Mariusz Stępiński,Chievo,cognome/token,210363
124,2017-18,31,Riccardo Meggiorini,Chievo,cognome/token,28936
2185,2017-18,20,Gianluca Gaudino,Chievo,cognome/token,195051
2208,2017-18,22,Paweł Jaroszyński,Chievo,cognome/token,287600
2285,2017-18,23,Mattia Bani,Chievo,cognome/token,176139
702,2017-18,32,Emanuele Giaccherini,Chievo,cognome/token,84835
119,2017-18,26,Nicola Rigoni,Chievo,iniziale,61757
1997,2017-18,25,Simy,Crotone,cognome/token,194549
1889,2017-18,34,Alex Cordaz,Crotone,cognome/token,16633
581,2017-18,25,Davide Faraoni,Crotone,cognome/token,73926
1891,2017-18,25,Federico Ceccherini,Crotone,cognome/token,163639
1896,2017-18,24,Bruno Martella,Crotone,cognome/token,164108
2071,2017-18,25,Noë Dussenne,Crotone,cognome/token,160736
2202,2017-18,26,Leandro Cabrera,Crotone,cognome/token,102423
116,2017-18,34,Mariano Izco,Crotone,cognome/token,30853
121,2017-18,26,Adrian Stoian,Crotone,cognome/token,96853
1901,2017-18,23,Andrea Barberis,Crotone,cognome/token,146680
1906,2017-18,27,Andrea Nalini,Crotone,cognome/token,278578
1933,2017-18,20,Rolando Mandragora,Crotone,cognome/token,308279
2014,2017-18,26,Marcus Rohdén,Crotone,cognome/token,205809
789,2017-18,24,Marcello Trotta,Crotone,cognome/token,129505
1973,2017-18,26,Ante Budimir,Crotone,cognome/token,46413
765,2017-18,23,Arlind Ajeti,Crotone,cognome/token,159288
1898,2017-18,24,Mario Sampirisi,Crotone,cognome/token,160357
772,2017-18,27,Oliver Kragl,Crotone,cognome/token,56513
2286,2017-18,19,Giovanni Crociata,Crotone,cognome/token,291400
778,2017-18,18,Marco Tumminello,Crotone,cognome/token,315850
700,2017-18,27,Aleksandar Tonev,Crotone,cognome/token,87282
1865,2017-18,25,Marco Capuano,Crotone,cognome/token,164091
428,2017-18,25,Ahmad Benali,Crotone,cognome/token,121402
2316,2017-18,19,Niccolò Zanellato,Crotone,cognome/token,343945
2665,2017-18,18,Moussa Diaby,Crotone,cognome/token,395516
197,2017-18,29,Daniel Pavlovic,Crotone,iniziale,19671
362,2017-18,22,Stefan Simic,Crotone,iniziale,198613
2326,2017-18,21,Aristóteles Romero,Crotone,iniziale,309929
2013,2017-18,23,Federico Ricci,Crotone,iniziale,198086
2165,2017-18,26,Vitor Hugo,Fiorentina,cognome/token,149752
2301,2017-18,20,Gil Dias,Fiorentina,cognome/token,329723
4,2017-18,25,Marco Sportiello,Fiorentina,cognome/token,199976
169,2017-18,29,Nenad Tomovic,Fiorentina,cognome/token,47085
642,2017-18,30,Davide Astori,Fiorentina,cognome/token,87210
557,2017-18,22,Marco Benassi,Fiorentina,cognome/token,201040
2075,2017-18,23,Sebastián Cristóforo,Fiorentina,cognome/token,188157
2215,2017-18,24,Jordan Veretout,Fiorentina,cognome/token,164771
2290,2017-18,25,Valentin Eysseric,Fiorentina,cognome/token,126687
183,2017-18,24,Khouma Babacar,Fiorentina,cognome/token,124902
2061,2017-18,22,Giovanni Simeone,Fiorentina,cognome/token,282388
2207,2017-18,19,Rafik Zekhnini,Fiorentina,cognome/token,354278
252,2017-18,24,Cristiano Biraghi,Fiorentina,cognome/token,124555
170,2017-18,28,Milan Badelj,Fiorentina,cognome/token,40633
2002,2017-18,19,Federico Chiesa,Fiorentina,cognome/token,341092
606,2017-18,34,Cyril Théréau,Fiorentina,cognome/token,29316
141,2017-18,28,Vincent Laurini,Fiorentina,cognome/token,94936
150,2017-18,25,Riccardo Saponara,Fiorentina,cognome/token,88909
2164,2017-18,19,Nikola Milenković,Fiorentina,cognome/token,413507
532,2017-18,26,Diego Falcinelli,Fiorentina,cognome/token,119115
2659,2017-18,25,Bryan Dabo,Fiorentina,cognome/token,149446
1917,2017-18,19,Bartłomiej Drągowski,Fiorentina,cognome/token,208166
2087,2017-18,25,Maximiliano Olivera,Fiorentina,iniziale,179757
2058,2017-18,31,Carlos Sánchez,Fiorentina,iniziale,51226
2177,2017-18,24,Bruno Gaspar,Fiorentina,iniziale,230457
2309,2017-18,26,Germán Pezzella,Fiorentina,iniziale,113133
2048,2017-18,18,,Fiorentina,iniziale,
2011,2017-18,31,Miguel Veloso,Genoa,cognome/token,43848
218,2017-18,24,Mattia Perin,Genoa,cognome/token,110923
54,2017-18,32,Luca Rossettini,Genoa,cognome/token,60128
323,2017-18,32,Santiago Gentiletti,Genoa,cognome/token,30782
2083,2017-18,23,Davide Biraschi,Genoa,cognome/token,199927
235,2017-18,24,Diego Laxalt,Genoa,cognome/token,230552
236,2017-18,26,Darko Lazović,Genoa,cognome/token,70411
366,2017-18,26,Andrea Bertolacci,Genoa,cognome/token,99227
2111,2017-18,28,Adel Taarabt,Genoa,cognome/token,45287
2293,2017-18,21,Stephane Omeonga,Genoa,cognome/token,342472
245,2017-18,34,Goran Pandev,Genoa,cognome/token,12563
1909,2017-18,33,Raffaele Palladino,Genoa,cognome/token,28855
2196,2017-18,28,Andrey Galabinov,Genoa,cognome/token,67639
2292,2017-18,24,Ricardo Centurión,Genoa,cognome/token,230058
1939,2017-18,27,Gianluca Lapadula,Genoa,cognome/token,130394
198,2017-18,30,Aleandro Rosi,Genoa,cognome/token,34239
78,2017-18,34,Nicolás Spolli,Genoa,cognome/token,51186
493,2017-18,30,Ervin Zukanovic,Genoa,cognome/token,44059
232,2017-18,25,Isaac Cofie,Genoa,cognome/token,99327
2314,2017-18,23,Petar Brlek,Genoa,cognome/token,160471
2103,2017-18,16,Pietro Pellegri,Genoa,cognome/token,364133
2303,2017-18,29,Francesco Migliore,Genoa,cognome/token,60567
226,2017-18,25,Armando Izzo,Genoa,cognome/token,32113
187,2017-18,30,Giuseppe Rossi,Genoa,cognome/token,19104
264,2017-18,24,Daniel Bessa,Genoa,cognome/token,140757
433,2017-18,25,Oscar Hiljemark,Genoa,cognome/token,158810
2658,2017-18,23,Iuri Medeiros,Genoa,cognome/token,193830
217,2017-18,27,Eugenio Lamanna,Genoa,cognome/token,85240
2304,2017-18,15,Eddie Salcedo,Genoa,iniziale,459661
2013,2017-18,23,Federico Ricci,Genoa,iniziale,198086
438,2017-18,32,Luca Rigoni,Genoa,iniziale,22210
729,2017-18,19,Pedro Pereira,Genoa,iniziale,314965
2664,2017-18,25,Jawad El Yamiq,Genoa,iniziale,235412
257,2017-18,32,Miranda,Inter,cognome/token,33357
172,2017-18,32,Borja Valero,Inter,cognome/token,40372
506,2017-18,30,Éder,Inter,cognome/token,37418
2289,2017-18,23,Dalbert,Inter,cognome/token,312862
2655,2017-18,24,Rafinha,Inter,cognome/token,129473
2651,2017-18,27,Lisandro López,Inter,cognome/token,125019
250,2017-18,33,Samir Handanovič,Inter,cognome/token,28021
260,2017-18,30,Yuto Nagatomo,Inter,cognome/token,79522
798,2017-18,22,Milan Škriniar,Inter,cognome/token,204069
181,2017-18,25,Matías Vecino,Inter,cognome/token,143812
265,2017-18,24,Marcelo Brozović,Inter,cognome/token,156617
332,2017-18,30,Antonio Candreva,Inter,cognome/token,25488
704,2017-18,28,Ivan Perisic,Inter,cognome/token,42460
801,2017-18,23,Roberto Gagliardini,Inter,cognome/token,197471
277,2017-18,24,Mauro Icardi,Inter,cognome/token,68863
2310,2017-18,23,João Cancelo,Inter,cognome/token,182712
261,2017-18,29,Andrea Ranocchia,Inter,cognome/token,44327
2325,2017-18,19,Yann Karamoh,Inter,cognome/token,324804
262,2017-18,26,Davide Santon,Inter,cognome/token,84344
2038,2017-18,18,Andrea Pinamonti,Inter,cognome/token,315865
253,2017-18,28,Danilo D'Ambrosio,Inter,iniziale,55769
662,2017-18,26,Alex Sandro,Juventus,cognome/token,79960
2200,2017-18,26,Douglas Costa,Juventus,cognome/token,75615
282,2017-18,39,Gianluigi Buffon,Juventus,cognome/token,5023
288,2017-18,32,Giorgio Chiellini,Juventus,cognome/token,29260
292,2017-18,33,Stephan Lichtsteiner,Juventus,cognome/token,2865
299,2017-18,30,Sami Khedira,Juventus,cognome/token,29401
300,2017-18,31,Claudio Marchisio,Juventus,cognome/token,44716
469,2017-18,27,Miralem Pjanić,Juventus,cognome/token,44162
697,2017-18,29,Juan Cuadrado,Juventus,cognome/token,91970
2306,2017-18,30,Blaise Matuidi,Juventus,cognome/token,33923
309,2017-18,23,Paulo Dybala,Juventus,cognome/token,206050
312,2017-18,31,Mario Mandžukić,Juventus,cognome/token,34572
408,2017-18,29,Gonzalo Higuaín,Juventus,cognome/token,39153
285,2017-18,36,Andrea Barzagli,Juventus,cognome/token,7109
2166,2017-18,20,Rodrigo Bentancur,Juventus,cognome/token,354362
453,2017-18,27,Wojciech Szczesny,Juventus,cognome/token,44058
295,2017-18,28,Kwadwo Asamoah,Juventus,cognome/token,63531
1931,2017-18,30,Medhi Benatia,Juventus,cognome/token,45124
184,2017-18,23,Federico Bernardeschi,Juventus,cognome/token,197300
305,2017-18,24,Stefano Sturaro,Juventus,cognome/token,167859
2322,2017-18,29,Benedikt Höwedes,Juventus,cognome/token,39020
1930,2017-18,27,Carlo Pinsoglio,Juventus,cognome/token,75411
294,2017-18,23,,Juventus,iniziale,
358,2017-18,24,Mattia De Sciglio,Juventus,iniziale,88682
2007,2017-18,22,Wallace,Lazio,cognome/token,225335
2085,2017-18,24,Luis Alberto,Lazio,cognome/token,128220
2209,2017-18,30,Lucas Leiva,Lazio,cognome/token,41414
2062,2017-18,26,Bastos,Lazio,cognome/token,195810
2335,2017-18,20,Luiz Felipe,Lazio,cognome/token,457931
327,2017-18,24,Patric,Lazio,cognome/token,126729
2323,2017-18,30,Nani,Lazio,cognome/token,33706
335,2017-18,24,Felipe Anderson,Lazio,cognome/token,159372
1934,2017-18,22,Thomas Strakosha,Lazio,cognome/token,222209
319,2017-18,32,Dusan Basta,Lazio,cognome/token,19694
329,2017-18,30,Ștefan Radu,Lazio,cognome/token,44420
338,2017-18,31,Senad Lulic,Lazio,cognome/token,61449
342,2017-18,32,Marco Parolo,Lazio,cognome/token,84545
2188,2017-18,24,Adam Marusic,Lazio,cognome/token,239802
785,2017-18,27,Ciro Immobile,Lazio,cognome/token,105521
2284,2017-18,28,Felipe Caicedo,Lazio,cognome/token,37834
2299,2017-18,21,Simone Palombi,Lazio,cognome/token,289065
2003,2017-18,20,Alessandro Murgia,Lazio,cognome/token,289061
287,2017-18,30,Martín Cáceres,Lazio,cognome/token,54935
322,2017-18,25,Stefan de Vrij,Lazio,iniziale,111196
1999,2017-18,23,Jordan Lukaku,Lazio,iniziale,140804
645,2017-18,22,Sergej Milinković-Savić,Lazio,iniziale,266302
1873,2017-18,29,Davide Di Gennaro,Lazio,iniziale,52136
375,2017-18,23,Suso,Milan,cognome/token,111961
2175,2017-18,21,André Silva,Milan,cognome/token,198008
11,2017-18,23,Andrea Conti,Milan,cognome/token,111227
286,2017-18,30,Leonardo Bonucci,Milan,cognome/token,39983
353,2017-18,30,Ignazio Abate,Milan,cognome/token,16631
2168,2017-18,26,Mateo Musacchio,Milan,cognome/token,45653
827,2017-18,19,Manuel Locatelli,Milan,cognome/token,265088
1850,2017-18,20,Franck Kessié,Milan,cognome/token,294808
2194,2017-18,23,Hakan Çalhanoğlu,Milan,cognome/token,126414
2155,2017-18,19,Patrick Cutrone,Milan,cognome/token,265078
2187,2017-18,26,Fabio Borini,Milan,cognome/token,96754
356,2017-18,30,Luca Antonelli,Milan,cognome/token,45565
331,2017-18,31,Lucas Biglia,Milan,cognome/token,26721
372,2017-18,32,Riccardo Montolivo,Milan,cognome/token,19446
652,2017-18,29,Nikola Kalinić,Milan,cognome/token,36371
357,2017-18,20,Davide Calabria,Milan,cognome/token,262523
367,2017-18,27,Giacomo Bonaventura,Milan,cognome/token,57280
460,2017-18,22,Alessio Romagnoli,Milan,cognome/token,197747
2734,2017-18,18,Emanuele Torrasi,Milan,cognome/token,315870
350,2017-18,18,Gianluigi Donnarumma,Milan,iniziale,315858
2169,2017-18,24,Ricardo Rodríguez,Milan,iniziale,86784
371,2017-18,21,José Mauri,Milan,iniziale,240958
365,2017-18,30,Cristian Zapata,Milan,iniziale,34344
397,2017-18,26,Allan,Napoli,cognome/token,126422
404,2017-18,25,Jorginho,Napoli,cognome/token,102017
142,2017-18,26,Mário Rui,Napoli,cognome/token,87884
387,2017-18,34,Pepe Reina,Napoli,cognome/token,7825
140,2017-18,23,Elseid Hysaj,Napoli,cognome/token,200056
390,2017-18,26,Faouzi Ghoulam,Napoli,cognome/token,126656
392,2017-18,26,Kalidou Koulibaly,Napoli,cognome/token,93128
640,2017-18,27,Vlad Chiricheș,Napoli,cognome/token,123261
58,2017-18,20,Amadou Diawara,Napoli,cognome/token,355501
152,2017-18,23,Piotr Zielinski,Napoli,cognome/token,181136
402,2017-18,30,Marek Hamsik,Napoli,cognome/token,38593
702,2017-18,32,Emanuele Giaccherini,Napoli,cognome/token,84835
406,2017-18,30,José Callejón,Napoli,cognome/token,61253
409,2017-18,26,Lorenzo Insigne,Napoli,cognome/token,133964
410,2017-18,30,Dries Mertens,Napoli,cognome/token,56416
2012,2017-18,23,Arkadiusz Milik,Napoli,cognome/token,191891
388,2017-18,31,Raúl Albiol,Napoli,cognome/token,15452
394,2017-18,35,Christian Maggio,Napoli,cognome/token,21151
2076,2017-18,22,Marko Rog,Napoli,cognome/token,317482
2195,2017-18,20,Adam Ounas,Napoli,cognome/token,400485
550,2017-18,25,Nikola Maksimović,Napoli,cognome/token,124715
159,2017-18,26,Luigi Sepe,Napoli,cognome/token,99254
144,2017-18,27,Lorenzo Tonelli,Napoli,cognome/token,111347
1964,2017-18,24,Alisson,Roma,cognome/token,105470
256,2017-18,26,Juan Jesus,Roma,cognome/token,121985
546,2017-18,27,Bruno Peres,Roma,cognome/token,148751
1967,2017-18,20,Gerson,Roma,cognome/token,341705
2176,2017-18,29,Héctor Moreno,Roma,cognome/token,51046
459,2017-18,26,Konstantinos Manolas,Roma,cognome/token,104752
2016,2017-18,30,Federico Fazio,Roma,cognome/token,45314
2214,2017-18,31,Aleksandar Kolarov,Roma,cognome/token,46156
237,2017-18,29,Diego Perotti,Roma,cognome/token,54984
467,2017-18,29,Radja Nainggolan,Roma,cognome/token,41982
470,2017-18,27,Kevin Strootman,Roma,cognome/token,68864
643,2017-18,26,Grégoire Defrel,Roma,cognome/token,163222
647,2017-18,31,Edin Dzeko,Roma,cognome/token,28396
2201,2017-18,20,Cengiz Ünder,Roma,cognome/token,341647
778,2017-18,18,Marco Tumminello,Roma,cognome/token,315850
464,2017-18,26,Alessandro Florenzi,Roma,cognome/token,130365
1974,2017-18,21,Patrik Schick,Roma,cognome/token,242086
2657,2017-18,18,Mirko Antonucci,Roma,cognome/token,315852
2193,2017-18,28,Maxime Gonalons,Roma,cognome/token,60542
2180,2017-18,22,Rick Karsdorp,Roma,cognome/token,205006
454,2017-18,21,Elio Capradossi,Roma,cognome/token,238947
133,2017-18,26,Lukasz Skorupski,Roma,cognome/token,80894
463,2017-18,34,Daniele De Rossi,Roma,iniziale,5947
530,2017-18,21,Lorenzo Pellegrini,Roma,iniziale,286297
795,2017-18,24,Stephan El Shaarawy,Roma,iniziale,94529
2660,2017-18,23,Jonathan Silva,Roma,iniziale,189453
708,2017-18,33,Felipe,SPAL,cognome/token,17127
2652,2017-18,29,Éverton Luiz,SPAL,cognome/token,75076
106,2017-18,22,Federico Mattiello,SPAL,cognome/token,200194
1893,2017-18,29,Michele Cremonesi,SPAL,cognome/token,83409
2212,2017-18,23,Sauli Väisänen,SPAL,cognome/token,261095
2261,2017-18,22,Francesco Vicari,SPAL,cognome/token,240158
631,2017-18,25,Federico Viviani,SPAL,cognome/token,165900
2263,2017-18,23,Manuel Lazzari,SPAL,cognome/token,331401
2264,2017-18,29,Luca Mora,SPAL,cognome/token,110338
2265,2017-18,30,Pasquale Schiattarella,SPAL,cognome/token,56762
126,2017-18,27,Alberto Paloschi,SPAL,cognome/token,68306
533,2017-18,35,Sergio Floccari,SPAL,cognome/token,30638
722,2017-18,35,Marco Borriello,SPAL,cognome/token,5825
491,2017-18,26,Bartosz Salamon,SPAL,cognome/token,71019
60,2017-18,25,Luca Rizzo,SPAL,cognome/token,167895
2266,2017-18,34,Eros Schiavon,SPAL,cognome/token,23366
2267,2017-18,32,Mirco Antenucci,SPAL,cognome/token,83458
27,2017-18,22,Alberto Grassi,SPAL,cognome/token,197473
505,2017-18,20,Federico Bonazzoli,SPAL,cognome/token,241527
13,2017-18,32,Boukary Dramé,SPAL,cognome/token,33442
780,2017-18,31,Thiago Cionek,SPAL,cognome/token,79510
28,2017-18,28,Jasmin Kurtic,SPAL,cognome/token,85825
572,2017-18,20,Alex Meret,SPAL,cognome/token,240414
726,2017-18,19,Mattia Vitale,SPAL,cognome/token,291432
2255,2017-18,21,Gabriele Marchegiani,SPAL,cognome/token,250937
540,2017-18,23,Alfred Gomis,SPAL,iniziale,163568
817,2017-18,22,Filippo Costa,SPAL,iniziale,197743
2129,2017-18,21,Lorenco Simic,SPAL,iniziale,226093
483,2017-18,36,Christian Puggioni,Sampdoria,cognome/token,48003
490,2017-18,26,Vasco Regini,Sampdoria,cognome/token,72274
492,2017-18,32,Matías Silvestre,Sampdoria,cognome/token,20003
630,2017-18,25,Jacopo Sala,Sampdoria,cognome/token,96806
494,2017-18,33,Édgar Barreto,Sampdoria,cognome/token,16120
1972,2017-18,21,Lucas Torreira,Sampdoria,cognome/token,318077
1995,2017-18,25,Filip Djuricic,Sampdoria,cognome/token,94307
2008,2017-18,22,Karol Linetty,Sampdoria,cognome/token,225873
2065,2017-18,23,Dennis Praet,Sampdoria,cognome/token,129588
2287,2017-18,26,Gastón Ramírez,Sampdoria,cognome/token,123742
505,2017-18,20,Federico Bonazzoli,Sampdoria,cognome/token,241527
568,2017-18,34,Fabio Quagliarella,Sampdoria,cognome/token,22328
1958,2017-18,24,Gianluca Caprari,Sampdoria,cognome/token,146752
1868,2017-18,22,Nicola Murru,Sampdoria,cognome/token,171399
2104,2017-18,25,Bartosz Bereszyński,Sampdoria,cognome/token,144143
484,2017-18,31,Emiliano Viviano,Sampdoria,cognome/token,24316
395,2017-18,30,Ivan Strinic,Sampdoria,cognome/token,39799
600,2017-18,23,Valerio Verre,Sampdoria,cognome/token,162961
173,2017-18,22,Leonardo Capezzi,Sampdoria,cognome/token,84442
2198,2017-18,20,Dawid Kownacki,Sampdoria,cognome/token,208167
2320,2017-18,21,Joachim Andersen,Sampdoria,cognome/token,260827
2732,2017-18,17,Ognjen Stijepovic,Sampdoria,cognome/token,399907
720,2017-18,27,Vid Belec,Sampdoria,cognome/token,73090
197,2017-18,29,Daniel Pavlovic,Sampdoria,iniziale,19671
1895,2017-18,25,Gian Marco Ferrari,Sampdoria,iniziale,277167
775,2017-18,29,Ricardo Álvarez,Sampdoria,iniziale,76077
608,2017-18,26,Duván Zapata,Sampdoria,iniziale,73794
2318,2017-18,19,Rogério,Sassuolo,cognome/token,401527
509,2017-18,30,Andrea Consigli,Sassuolo,cognome/token,35865
513,2017-18,29,Francesco Acerbi,Sassuolo,cognome/token,131075
516,2017-18,36,Paolo Cannavaro,Sassuolo,cognome/token,5858
521,2017-18,33,Federico Peluso,Sassuolo,cognome/token,21763
2006,2017-18,19,Pol Lirola,Sassuolo,cognome/token,298975
526,2017-18,24,Alfred Duncan,Sassuolo,cognome/token,184894
528,2017-18,32,Francesco Magnanelli,Sassuolo,cognome/token,7093
529,2017-18,31,Simone Missiroli,Sassuolo,cognome/token,35747
1978,2017-18,21,Stefano Sensi,Sassuolo,cognome/token,216179
380,2017-18,32,Alessandro Matri,Sassuolo,cognome/token,40660
531,2017-18,23,Domenico Berardi,Sassuolo,cognome/token,177843
532,2017-18,26,Diego Falcinelli,Sassuolo,cognome/token,119115
536,2017-18,23,Matteo Politano,Sassuolo,cognome/token,165895
2073,2017-18,27,Antonino Ragusa,Sassuolo,cognome/token,102470
519,2017-18,32,Marcello Gazzola,Sassuolo,cognome/token,57643
824,2017-18,19,Claud Adjapong,Sassuolo,cognome/token,337716
2015,2017-18,24,Timo Letschert,Sassuolo,cognome/token,231378
1976,2017-18,21,Luca Mazzitelli,Sassuolo,cognome/token,226025
524,2017-18,34,Davide Biondini,Sassuolo,cognome/token,22186
2213,2017-18,20,Francesco Cassata,Sassuolo,cognome/token,301236
2137,2017-18,18,Gianluca Scamacca,Sassuolo,cognome/token,315867
418,2017-18,23,Edoardo Goldaniga,Sassuolo,cognome/token,242940
2594,2017-18,21,Mauricio Lemos,Sassuolo,cognome/token,303140
183,2017-18,24,Khouma Babacar,Sassuolo,cognome/token,124902
510,2017-18,36,Gianluca Pegolo,Sassuolo,cognome/token,21872
1842,2017-18,18,,Sassuolo,iniziale,
517,2017-18,23,Cristian Dell'Orco,Sassuolo,iniziale,240244
475,2017-18,27,Iago Falque,Torino,cognome/token,59340
2171,2017-18,20,Lyanco,Torino,cognome/token,379807
2179,2017-18,30,Salvatore Sirigu,Torino,cognome/token,25508
551,2017-18,34,Cristian Molinaro,Torino,cognome/token,21972
552,2017-18,36,Emiliano Moretti,Torino,cognome/token,5755
554,2017-18,25,Davide Zappacosta,Torino,cognome/token,173859
238,2017-18,29,Tomás Rincón,Torino,cognome/token,75942
555,2017-18,25,Afriyie Acquah,Torino,cognome/token,145581
560,2017-18,26,Joel Obi,Torino,cognome/token,45581
2205,2017-18,22,Álex Berenguer,Torino,cognome/token,338425
441,2017-18,23,Andrea Belotti,Torino,cognome/token,167727
478,2017-18,25,Adem Ljajic,Torino,cognome/token,69374
1979,2017-18,22,Antonio Barreca,Torino,cognome/token,241889
1839,2017-18,20,Simone Edera,Torino,cognome/token,340070
556,2017-18,25,Daniele Baselli,Torino,cognome/token,134883
382,2017-18,22,M'Baye Niang,Torino,cognome/token,157501
2057,2017-18,22,Samuel Gustafson,Torino,cognome/token,255473
1981,2017-18,21,Lucas Boyé,Torino,cognome/token,334222
706,2017-18,30,Cristian Ansaldi,Torino,cognome/token,55854
405,2017-18,31,Mirko Valdifiori,Torino,cognome/token,84903
764,2017-18,20,Umar Sadiq,Torino,cognome/token,337715
222,2017-18,36,Nicolás Burdisso,Torino,cognome/token,3417
2192,2017-18,21,Kevin Bonifazi,Torino,cognome/token,247377
2288,2017-18,20,,Torino,iniziale,
487,2017-18,29,Lorenzo De Silvestri,Torino,iniziale,33571
2170,2017-18,17,,Torino,iniziale,
566,2017-18,33,Maxi López,Udinese,cognome/token,26263
574,2017-18,21,Simone Scuffet,Udinese,cognome/token,238993
587,2017-18,26,Molla Wagué,Udinese,cognome/token,129893
790,2017-18,22,Samir Caetano,Udinese,cognome/token,255744
1984,2017-18,28,Gabriele Angella,Udinese,cognome/token,86793
2280,2017-18,27,Bram Nuytinck,Udinese,cognome/token,104597
626,2017-18,33,Emil Hallfredsson,Udinese,cognome/token,22673
1986,2017-18,22,Seko Fofana,Udinese,cognome/token,182893
1987,2017-18,21,Jakub Jankto,Udinese,cognome/token,319160
2302,2017-18,32,Valon Behrami,Udinese,cognome/token,21905
90,2017-18,24,Kevin Lasagna,Udinese,cognome/token,131951
605,2017-18,22,Stipe Perica,Udinese,cognome/token,245072
606,2017-18,34,Cyril Théréau,Udinese,cognome/token,29316
2172,2017-18,22,Antonín Barák,Udinese,cognome/token,272261
575,2017-18,23,Ali Adnan,Udinese,cognome/token,261611
92,2017-18,24,Ryder Matos,Udinese,cognome/token,62713
2283,2017-18,23,Riad Bajic,Udinese,cognome/token,263267
95,2017-18,39,Albano Bizzarri,Udinese,cognome/token,7797
813,2017-18,19,Andrija Balic,Udinese,cognome/token,316111
588,2017-18,24,Silvan Widmer,Udinese,cognome/token,168989
2191,2017-18,19,Svante Ingelsson,Udinese,cognome/token,321079
1952,2017-18,23,Francesco Zampano,Udinese,cognome/token,216872
599,2017-18,20,Simone Pontisso,Udinese,cognome/token,292422
770,2017-18,19,Giuseppe Pezzella,Udinese,iniziale,336960
1996,2017-18,23,Rodrigo De Paul,Udinese,iniziale,255901
2271,2017-18,29,Nícolas,Verona,cognome/token,99523
621,2017-18,30,Rômulo,Verona,cognome/token,121756
287,2017-18,30,Martín Cáceres,Verona,cognome/token,54935
583,2017-18,29,Thomas Heurtaux,Verona,cognome/token,109598
622,2017-18,28,Samuel Souprayen,Verona,cognome/token,60599
264,2017-18,24,Daniel Bessa,Verona,cognome/token,140757
297,2017-18,26,Marcel Büchel,Verona,cognome/token,74956
632,2017-18,22,Mattia Zaccagni,Verona,cognome/token,283735
2274,2017-18,23,Mattia Valoti,Verona,cognome/token,167741
215,2017-18,21,Daniele Verde,Verona,cognome/token,256361
378,2017-18,30,Alessio Cerci,Verona,cognome/token,21748
633,2017-18,21,Mohamed Fares,Verona,cognome/token,287700
636,2017-18,32,Giampaolo Pazzini,Verona,cognome/token,19447
2097,2017-18,17,Moise Kean,Verona,cognome/token,364135
1992,2017-18,24,Marco Fossati,Verona,cognome/token,110931
2336,2017-18,20,Enrico Bearzotti,Verona,cognome/token,297731
2324,2017-18,19,Seung-woo Lee,Verona,cognome/token,280239
2642,2017-18,24,Simone Calvano,Verona,cognome/token,136091
767,2017-18,19,Lubomir Tupta,Verona,cognome/token,344806
2206,2017-18,19,Gian Filippo Felicioli,Verona,cognome/token,290733
92,2017-18,24,Ryder Matos,Verona,cognome/token,62713
2114,2017-18,22,Bruno Petkovic,Verona,cognome/token,256358
2656,2017-18,29,Jagos Vukovic,Verona,cognome/token,46894
2661,2017-18,21,Rolando Aarons,Verona,cognome/token,258188
1856,2017-18,22,Deian Boldor,Verona,cognome/token,239570
2211,2017-18,26,Marco Silvestri,Verona,cognome/token,85528
612,2017-18,24,Matteo Bianchetti,Verona,cognome/token,160986
2726,2017-18,18,Andrea Danzi,Verona,cognome/token,319171
45,2017-18,23,Alex Ferrari,Verona,iniziale,197491
2199,2017-18,24,Bruno Zuculini,Verona,iniziale,115507
2273,2017-18,27,Antonio Caracciolo,Verona,iniziale,149525
61,2017-18,26,Franco Zuculini,Verona,iniziale,73083
610,2018-19,23,Pierluigi Gollini,Atalanta,cognome/token,244192
15,2018-19,32,Andrea Masiello,Atalanta,cognome/token,34198
695,2018-19,27,Rafael Tolói,Atalanta,cognome/token,72441
787,2018-19,25,Berat Djimsiti,Atalanta,cognome/token,165513
2130,2018-19,24,Hans Hateboer,Atalanta,cognome/token,275303
2160,2018-19,24,Robin Gosens,Atalanta,cognome/token,273132
2197,2018-19,22,Timothy Castagne,Atalanta,cognome/token,262226
788,2018-19,26,Remo Freuler,Atalanta,cognome/token,148252
2077,2018-19,23,Mario Pašalić,Atalanta,cognome/token,205938
2741,2018-19,21,Matteo Pessina,Atalanta,cognome/token,332179
26,2018-19,30,Papu Gómez,Atalanta,cognome/token,20005
2719,2018-19,19,Musa Barrow,Atalanta,cognome/token,486624
575,2018-19,24,Ali Adnan,Atalanta,cognome/token,261611
2181,2018-19,28,José Luis Palomino,Atalanta,cognome/token,125020
2296,2018-19,22,Gianluca Mancini,Atalanta,cognome/token,256448
2742,2018-19,22,Luca Valzania,Atalanta,cognome/token,287663
316,2018-19,29,Etrit Berisha,Atalanta,cognome/token,77825
177,2018-19,30,Josip Ilicic,Atalanta,cognome/token,80351
778,2018-19,19,Marco Tumminello,Atalanta,cognome/token,315850
2739,2018-19,23,Arkadiusz Reca,Atalanta,cognome/token,268178
2833,2018-19,18,Dejan Kulusevski,Atalanta,cognome/token,431755
4359,2018-19,17,Roberto Piccoli,Atalanta,cognome/token,432092
4331,2018-19,19,Roger Ibañez,Atalanta,cognome/token,524481
22,2018-19,27,Marten de Roon,Atalanta,iniziale,133179
608,2018-19,27,Duván Zapata,Atalanta,iniziale,73794
2868,2018-19,25,Emiliano Rigoni,Atalanta,iniziale,282544
2297,2018-19,27,Francesco Rossi,Atalanta,iniziale,126634
2171,2018-19,21,Lyanco,Bologna,cognome/token,379807
133,2018-19,27,Lukasz Skorupski,Bologna,cognome/token,80894
106,2018-19,23,Federico Mattiello,Bologna,cognome/token,200194
615,2018-19,25,Filip Helander,Bologna,cognome/token,198067
2746,2018-19,25,Mitchell Dijks,Bologna,cognome/token,187245
374,2018-19,28,Andrea Poli,Bologna,cognome/token,44834
644,2018-19,24,Erick Pulgar,Bologna,cognome/token,215616
713,2018-19,32,Blerim Dzemaili,Bologna,cognome/token,9967
1859,2018-19,23,Ádám Nagy,Bologna,cognome/token,368559
280,2018-19,36,Rodrigo Palacio,Bologna,cognome/token,39099
532,2018-19,27,Diego Falcinelli,Bologna,cognome/token,119115
2167,2018-19,21,Riccardo Orsolini,Bologna,cognome/token,368482
2743,2018-19,27,Federico Santander,Bologna,cognome/token,99180
472,2018-19,27,Mattia Destro,Bologna,cognome/token,88683
2744,2018-19,19,Mattias Svanberg,Bologna,cognome/token,342405
50,2018-19,23,Ibrahima Mbaye,Bologna,cognome/token,207715
2745,2018-19,22,Arturo Calabresi,Bologna,cognome/token,240897
1858,2018-19,26,Ladislav Krejci,Bologna,cognome/token,140206
2747,2018-19,25,Nehuén Paz,Bologna,cognome/token,284724
2625,2018-19,27,Roberto Soriano,Bologna,cognome/token,63186
537,2018-19,26,Nicola Sansone,Bologna,cognome/token,82048
1839,2018-19,21,Simone Edera,Bologna,cognome/token,340070
669,2018-19,22,Godfred Donsah,Bologna,cognome/token,291266
4365,2018-19,18,Gabriele Corbo,Bologna,cognome/token,423614
419,2018-19,30,Giancarlo González,Bologna,iniziale,111893
578,2018-19,20,,Bologna,iniziale,
224,2018-19,31,Sebastien De Maio,Bologna,iniziale,56830
1874,2018-19,26,João Pedro,Cagliari,cognome/token,129129
2178,2018-19,24,Alessio Cragno,Cagliari,cognome/token,12907
1866,2018-19,28,Luca Ceppitelli,Cagliari,cognome/token,102745
1869,2018-19,32,Fabio Pisacane,Cagliari,cognome/token,101922
2116,2018-19,25,Paolo Faragò,Cagliari,cognome/token,167796
2279,2018-19,21,Filippo Romagna,Cagliari,cognome/token,256678
2653,2018-19,24,Charalampos Lykogiannis,Cagliari,cognome/token,136514
20,2018-19,32,Luca Cigarini,Cagliari,cognome/token,33218
112,2018-19,29,Lucas Castro,Cagliari,cognome/token,105892
627,2018-19,27,Artur Ioniță,Cagliari,cognome/token,98888
1870,2018-19,21,Nicolò Barella,Cagliari,cognome/token,255942
247,2018-19,29,Leonardo Pavoletti,Cagliari,cognome/token,64793
306,2018-19,22,Alberto Cerri,Cagliari,cognome/token,197751
1879,2018-19,28,Diego Farias,Cagliari,cognome/token,83877
1882,2018-19,30,Marco Sau,Cagliari,cognome/token,55801
2749,2018-19,36,Darijo Srna,Cagliari,cognome/token,14942
2871,2018-19,32,Ragnar Klavan,Cagliari,cognome/token,26669
301,2018-19,34,Simone Padoin,Cagliari,cognome/token,56703
1872,2018-19,31,Daniele Dessena,Cagliari,cognome/token,29962
251,2018-19,32,Marco Andreolli,Cagliari,cognome/token,36356
1876,2018-19,25,Marko Pajac,Cagliari,cognome/token,190634
111,2018-19,31,Valter Birsa,Cagliari,cognome/token,26105
1871,2018-19,23,Alessandro Deiola,Cagliari,cognome/token,235931
606,2018-19,35,Cyril Théréau,Cagliari,cognome/token,29316
4333,2018-19,21,Kiril Despodov,Cagliari,cognome/token,221540
4347,2018-19,19,Riccardo Doratiotto,Cagliari,cognome/token,418881
99,2018-19,31,Fabrizio Cacciatore,Cagliari,cognome/token,85605
2854,2018-19,26,Filip Bradaric,Cagliari,iniziale,238486
2728,2018-19,19,Luca Pellegrini,Cagliari,iniziale,346567
4348,2018-19,18,Francesco Verde,Cagliari,iniziale,395870
97,2018-19,28,Andrea Seculin,Chievo,cognome/token,85380
413,2018-19,39,Stefano Sorrentino,Chievo,cognome/token,21891
54,2018-19,33,Luca Rossettini,Chievo,cognome/token,60128
99,2018-19,31,Fabrizio Cacciatore,Chievo,cognome/token,85605
169,2018-19,30,Nenad Tomovic,Chievo,cognome/token,47085
2285,2018-19,24,Mattia Bani,Chievo,cognome/token,176139
115,2018-19,31,Perparim Hetemaj,Chievo,cognome/token,37295
118,2018-19,29,Ivan Radovanovic,Chievo,cognome/token,46105
560,2018-19,27,Joel Obi,Chievo,cognome/token,45581
702,2018-19,33,Emanuele Giaccherini,Chievo,cognome/token,84835
2141,2018-19,21,Fabio Depaoli,Chievo,cognome/token,324282
344,2018-19,30,Filip Djordjevic,Chievo,cognome/token,47065
2327,2018-19,23,Mariusz Stępiński,Chievo,cognome/token,210363
2208,2018-19,23,Paweł Jaroszyński,Chievo,cognome/token,287600
111,2018-19,31,Valter Birsa,Chievo,cognome/token,26105
2107,2018-19,20,Sofian Kiyine,Chievo,cognome/token,393804
124,2018-19,32,Riccardo Meggiorini,Chievo,cognome/token,28936
134,2018-19,24,Federico Barba,Chievo,cognome/token,165873
2334,2018-19,20,Mehdi Léris,Chievo,cognome/token,348601
127,2018-19,39,Sergio Pellissier,Chievo,cognome/token,5928
156,2018-19,27,Manuel Pucciarelli,Chievo,cognome/token,163683
100,2018-19,36,Bostjan Cesar,Chievo,cognome/token,24606
2663,2018-19,21,Strahinja Tanasijević,Chievo,cognome/token,400001
2154,2018-19,17,Emanuel Vignato,Chievo,cognome/token,394346
103,2018-19,34,Nicolas Frey,Chievo,cognome/token,38591
147,2018-19,20,Assane Dioussé,Chievo,cognome/token,287635
273,2018-19,29,Ezequiel Schelotto,Chievo,cognome/token,119164
4334,2018-19,24,Lucas Piazón,Chievo,cognome/token,176485
251,2018-19,32,Marco Andreolli,Chievo,cognome/token,36356
4358,2018-19,18,Sergej Grubac,Chievo,cognome/token,429318
2861,2018-19,20,Adrian Semper,Chievo,cognome/token,317057
4361,2018-19,17,Ibrahim Karamoko,Chievo,cognome/token,538072
4363,2018-19,16,Angelo Ndreçka,Chievo,cognome/token,539220
2877,2018-19,20,Mauro Burruchaga,Chievo,cognome/token,606466
4368,2018-19,16,Musa Juwara,Chievo,cognome/token,562030
119,2018-19,27,Nicola Rigoni,Chievo,iniziale,61757
2815,2018-19,28,Pietro Terracciano,Empoli,cognome/token,96254
166,2018-19,36,Manuel Pasqual,Empoli,cognome/token,23284
356,2018-19,31,Luca Antonelli,Empoli,cognome/token,45565
492,2018-19,33,Matías Silvestre,Empoli,cognome/token,20003
2064,2018-19,25,Frédéric Veseli,Empoli,cognome/token,111433
2752,2018-19,21,Jacob Rasmussen,Empoli,cognome/token,283233
148,2018-19,24,Rade Krunic,Empoli,cognome/token,259953
173,2018-19,23,Leonardo Capezzi,Empoli,cognome/token,84442
555,2018-19,26,Afriyie Acquah,Empoli,cognome/token,145581
2124,2018-19,24,Miha Zajc,Empoli,cognome/token,149829
2818,2018-19,20,Ismaël Bennacer,Empoli,cognome/token,351816
2819,2018-19,30,Francesco Caputo,Empoli,cognome/token,84765
2750,2018-19,21,Samuel Mráz,Empoli,cognome/token,243225
48,2018-19,35,Domenico Maietta,Empoli,cognome/token,22140
56,2018-19,37,Matteo Brighi,Empoli,cognome/token,5868
154,2018-19,28,Levan Mchedlidze,Empoli,cognome/token,56912
2814,2018-19,24,Ivan Provedel,Empoli,cognome/token,197929
471,2018-19,24,Salih Uçan,Empoli,cognome/token,170838
2817,2018-19,24,Joel Untersee,Empoli,cognome/token,147031
1879,2018-19,28,Diego Farias,Empoli,cognome/token,83877
4337,2018-19,20,Dimitri Oberlin,Empoli,cognome/token,212718
1917,2018-19,20,Bartłomiej Drągowski,Empoli,cognome/token,208166
1876,2018-19,25,Marko Pajac,Empoli,cognome/token,190634
4329,2018-19,19,Dimitrios Nikolaou,Empoli,cognome/token,292772
2816,2018-19,24,Giovanni Di Lorenzo,Empoli,iniziale,169880
447,2018-19,17,,Empoli,iniziale,
718,2018-19,27,Alejandro Rodríguez,Empoli,iniziale,169533
517,2018-19,24,Cristian Dell'Orco,Empoli,iniziale,240244
2165,2018-19,27,Vitor Hugo,Fiorentina,cognome/token,149752
1967,2018-19,21,Gerson,Fiorentina,cognome/token,341705
1917,2018-19,20,Bartłomiej Drągowski,Fiorentina,cognome/token,208166
252,2018-19,25,Cristiano Biraghi,Fiorentina,cognome/token,124555
2164,2018-19,20,Nikola Milenković,Fiorentina,cognome/token,413507
557,2018-19,23,Marco Benassi,Fiorentina,cognome/token,201040
2002,2018-19,20,Federico Chiesa,Fiorentina,cognome/token,341092
2215,2018-19,25,Jordan Veretout,Fiorentina,cognome/token,164771
2863,2018-19,22,Edimilson Fernandes,Fiorentina,cognome/token,247555
1998,2018-19,23,Marko Pjaca,Fiorentina,cognome/token,205940
2061,2018-19,23,Giovanni Simeone,Fiorentina,cognome/token,282388
2859,2018-19,30,Kevin Mirallas,Fiorentina,cognome/token,33639
2387,2018-19,19,Alban Lafont,Fiorentina,cognome/token,357117
2290,2018-19,26,Valentin Eysseric,Fiorentina,cognome/token,126687
2659,2018-19,26,Bryan Dabo,Fiorentina,cognome/token,149446
2754,2018-19,20,Dávid Hancko,Fiorentina,cognome/token,404418
2841,2018-19,18,Dušan Vlahović,Fiorentina,cognome/token,357498
141,2018-19,29,Vincent Laurini,Fiorentina,cognome/token,94936
1891,2018-19,26,Federico Ceccherini,Fiorentina,cognome/token,163639
606,2018-19,35,Cyril Théréau,Fiorentina,cognome/token,29316
507,2018-19,27,Luis Muriel,Fiorentina,cognome/token,119228
2815,2018-19,28,Pietro Terracciano,Fiorentina,cognome/token,96254
4353,2018-19,18,Tòfol Montiel,Fiorentina,cognome/token,573979
4362,2018-19,18,Nicky Beloko,Fiorentina,cognome/token,382774
2309,2018-19,27,Germán Pezzella,Fiorentina,iniziale,113133
2839,2018-19,19,,Fiorentina,iniziale,
4,2018-19,26,Marco Sportiello,Frosinone,cognome/token,199976
418,2018-19,24,Edoardo Goldaniga,Frosinone,cognome/token,242940
491,2018-19,27,Bartosz Salamon,Frosinone,cognome/token,71019
551,2018-19,35,Cristian Molinaro,Frosinone,cognome/token,21972
1867,2018-19,23,Luka Krajnc,Frosinone,cognome/token,138584
1952,2018-19,24,Francesco Zampano,Frosinone,cognome/token,216872
202,2018-19,25,Raman Chibsah,Frosinone,cognome/token,199633
210,2018-19,30,Danilo Soddimo,Frosinone,cognome/token,39690
626,2018-19,34,Emil Hallfredsson,Frosinone,cognome/token,22673
651,2018-19,27,Raffaele Maiello,Frosinone,cognome/token,140559
605,2018-19,23,Stipe Perica,Frosinone,cognome/token,245072
2038,2018-19,19,Andrea Pinamonti,Frosinone,cognome/token,315865
2812,2018-19,28,Camillo Ciano,Frosinone,cognome/token,61511
2876,2018-19,20,Luca Matarese,Frosinone,cognome/token,315846
2810,2018-19,29,Nicolò Brighenti,Frosinone,cognome/token,109110
57,2018-19,25,Lorenzo Crisetig,Frosinone,cognome/token,110928
2105,2018-19,23,Andrea Beghetto,Frosinone,cognome/token,199941
2867,2018-19,26,Joel Campbell,Frosinone,cognome/token,131248
244,2018-19,21,Paolo Ghiglione,Frosinone,cognome/token,313477
1865,2018-19,26,Marco Capuano,Frosinone,cognome/token,164091
2213,2018-19,21,Francesco Cassata,Frosinone,cognome/token,301236
2872,2018-19,19,Joaquín Ardaiz,Frosinone,cognome/token,415550
515,2018-19,29,Lorenzo Ariaudo,Frosinone,cognome/token,84921
2866,2018-19,23,Rai Vloet,Frosinone,cognome/token,205023
205,2018-19,25,Mirko Gori,Frosinone,cognome/token,163223
2742,2018-19,22,Luca Valzania,Frosinone,cognome/token,287663
789,2018-19,25,Marcello Trotta,Frosinone,cognome/token,129505
209,2018-19,35,Paolo Sammarco,Frosinone,cognome/token,7101
631,2018-19,26,Federico Viviani,Frosinone,cognome/token,165900
207,2018-19,25,Luca Paganini,Frosinone,cognome/token,167444
799,2018-19,26,Francesco Bardi,Frosinone,cognome/token,110925
212,2018-19,33,Daniel Ciofani,Frosinone,iniziale,29605
213,2018-19,31,Federico Dionisi,Frosinone,iniziale,119369
621,2018-19,31,Rômulo,Genoa,cognome/token,121756
2011,2018-19,32,Miguel Veloso,Genoa,cognome/token,43848
2646,2018-19,29,Sandro,Genoa,cognome/token,74590
4325,2018-19,25,Jandrei,Genoa,cognome/token,512344
493,2018-19,31,Ervin Zukanovic,Genoa,cognome/token,44059
2083,2018-19,24,Davide Biraschi,Genoa,cognome/token,199927
2758,2018-19,23,Koray Günter,Genoa,cognome/token,115763
2759,2018-19,31,Domenico Criscito,Genoa,cognome/token,44136
236,2018-19,27,Darko Lazović,Genoa,cognome/token,70411
264,2018-19,25,Daniel Bessa,Genoa,cognome/token,140757
1976,2018-19,22,Luca Mazzitelli,Genoa,cognome/token,226025
2293,2018-19,22,Stephane Omeonga,Genoa,cognome/token,342472
245,2018-19,35,Goran Pandev,Genoa,cognome/token,12563
2756,2018-19,23,Krzysztof Piatek,Genoa,cognome/token,327757
2762,2018-19,20,Christian Kouamé,Genoa,cognome/token,337725
318,2018-19,35,Federico Marchetti,Genoa,cognome/token,22318
78,2018-19,35,Nicolás Spolli,Genoa,cognome/token,51186
433,2018-19,26,Oscar Hiljemark,Genoa,cognome/token,158810
819,2018-19,21,Andrea Favilli,Genoa,cognome/token,340151
2878,2018-19,20,Nicola Dalmonte,Genoa,cognome/token,301237
2658,2018-19,24,Iuri Medeiros,Genoa,cognome/token,193830
4307,2018-19,20,Cristian Romero,Genoa,cognome/token,355915
1939,2018-19,28,Gianluca Lapadula,Genoa,cognome/token,130394
2856,2018-19,23,Esteban Rolón,Genoa,cognome/token,399887
479,2018-19,22,Antonio Sanabria,Genoa,cognome/token,234523
118,2018-19,29,Ivan Radovanovic,Genoa,cognome/token,46105
4330,2018-19,25,Lukas Lerager,Genoa,cognome/token,167105
305,2018-19,25,Stefano Sturaro,Genoa,cognome/token,167859
1843,2018-19,21,Ionuț Radu,Genoa,iniziale,303657
729,2018-19,20,Pedro Pereira,Genoa,iniziale,314965
770,2018-19,20,Giuseppe Pezzella,Genoa,iniziale,336960
257,2018-19,33,Miranda,Inter,cognome/token,33357
2289,2018-19,24,Dalbert,Inter,cognome/token,312862
172,2018-19,33,Borja Valero,Inter,cognome/token,40372
2535,2018-19,26,Cédric Soares,Inter,cognome/token,112988
250,2018-19,34,Samir Handanovič,Inter,cognome/token,28021
295,2018-19,29,Kwadwo Asamoah,Inter,cognome/token,63531
181,2018-19,26,Matías Vecino,Inter,cognome/token,143812
265,2018-19,25,Marcelo Brozović,Inter,cognome/token,156617
704,2018-19,29,Ivan Perisic,Inter,cognome/token,42460
277,2018-19,25,Mauro Icardi,Inter,cognome/token,68863
536,2018-19,24,Matteo Politano,Inter,cognome/token,165895
2325,2018-19,20,Yann Karamoh,Inter,cognome/token,324804
523,2018-19,26,Sime Vrsaljko,Inter,cognome/token,76061
798,2018-19,23,Milan Škriniar,Inter,cognome/token,204069
332,2018-19,31,Antonio Candreva,Inter,cognome/token,25488
467,2018-19,30,Radja Nainggolan,Inter,cognome/token,41982
801,2018-19,24,Roberto Gagliardini,Inter,cognome/token,197471
261,2018-19,30,Andrea Ranocchia,Inter,cognome/token,44327
253,2018-19,29,Danilo D'Ambrosio,Inter,iniziale,55769
322,2018-19,26,Stefan de Vrij,Inter,iniziale,111196
345,2018-19,23,Keita Baldé,Inter,iniziale,238752
2764,2018-19,16,,Inter,iniziale,
662,2018-19,27,Alex Sandro,Juventus,cognome/token,79960
2200,2018-19,27,Douglas Costa,Juventus,cognome/token,75615
1913,2018-19,20,Matheus Pereira,Juventus,cognome/token,323934
453,2018-19,28,Wojciech Szczesny,Juventus,cognome/token,44058
286,2018-19,31,Leonardo Bonucci,Juventus,cognome/token,39983
288,2018-19,33,Giorgio Chiellini,Juventus,cognome/token,29260
2310,2018-19,24,João Cancelo,Juventus,cognome/token,182712
184,2018-19,24,Federico Bernardeschi,Juventus,cognome/token,197300
299,2018-19,31,Sami Khedira,Juventus,cognome/token,29401
469,2018-19,28,Miralem Pjanić,Juventus,cognome/token,44162
697,2018-19,30,Juan Cuadrado,Juventus,cognome/token,91970
2504,2018-19,24,Emre Can,Juventus,cognome/token,119296
309,2018-19,24,Paulo Dybala,Juventus,cognome/token,206050
312,2018-19,32,Mario Mandžukić,Juventus,cognome/token,34572
2610,2018-19,33,Cristiano Ronaldo,Juventus,cognome/token,8198
2166,2018-19,21,Rodrigo Bentancur,Juventus,cognome/token,354362
2306,2018-19,31,Blaise Matuidi,Juventus,cognome/token,33923
1931,2018-19,31,Medhi Benatia,Juventus,cognome/token,45124
218,2018-19,25,Mattia Perin,Juventus,cognome/token,110923
285,2018-19,37,Andrea Barzagli,Juventus,cognome/token,7109
2097,2018-19,18,Moise Kean,Juventus,cognome/token,364135
1852,2018-19,25,Leonardo Spinazzola,Juventus,cognome/token,118689
287,2018-19,31,Martín Cáceres,Juventus,cognome/token,54935
4355,2018-19,17,Paolo Gozzi,Juventus,cognome/token,487333
2117,2018-19,20,Grigoris Kastanos,Juventus,cognome/token,298635
4357,2018-19,20,Stephy Mavididi,Juventus,cognome/token,340328
1930,2018-19,28,Carlo Pinsoglio,Juventus,cognome/token,75411
4370,2018-19,18,Manolo Portanova,Juventus,cognome/token,394304
294,2018-19,24,,Juventus,iniziale,
358,2018-19,25,Mattia De Sciglio,Juventus,iniziale,88682
4349,2018-19,18,Hans Nicolussi Caviglia,Juventus,iniziale,430280
2062,2018-19,27,Bastos,Lazio,cognome/token,195810
2335,2018-19,21,Luiz Felipe,Lazio,cognome/token,457931
2085,2018-19,25,Luis Alberto,Lazio,cognome/token,128220
2007,2018-19,23,Wallace,Lazio,cognome/token,225335
2209,2018-19,31,Lucas Leiva,Lazio,cognome/token,41414
327,2018-19,25,Patric,Lazio,cognome/token,126729
2333,2018-19,18,Pedro Neto,Lazio,cognome/token,487465
621,2018-19,31,Rômulo,Lazio,cognome/token,121756
2332,2018-19,19,Bruno Jordão,Lazio,cognome/token,415646
1934,2018-19,23,Thomas Strakosha,Lazio,cognome/token,222209
287,2018-19,31,Martín Cáceres,Lazio,cognome/token,54935
329,2018-19,31,Ștefan Radu,Lazio,cognome/token,44420
513,2018-19,30,Francesco Acerbi,Lazio,cognome/token,131075
170,2018-19,29,Milan Badelj,Lazio,cognome/token,40633
333,2018-19,23,Danilo Cataldi,Lazio,cognome/token,199733
342,2018-19,33,Marco Parolo,Lazio,cognome/token,84545
495,2018-19,23,Joaquín Correa,Lazio,cognome/token,227081
2188,2018-19,25,Adam Marusic,Lazio,cognome/token,239802
785,2018-19,28,Ciro Immobile,Lazio,cognome/token,105521
2772,2018-19,24,Riza Durmisi,Lazio,cognome/token,135208
338,2018-19,32,Senad Lulic,Lazio,cognome/token,61449
2003,2018-19,21,Alessandro Murgia,Lazio,cognome/token,289061
2284,2018-19,29,Felipe Caicedo,Lazio,cognome/token,37834
2770,2018-19,35,Silvio Proto,Lazio,cognome/token,12518
317,2018-19,22,Guido Guerrieri,Lazio,cognome/token,256996
4366,2018-19,17,Nicolò Armini,Lazio,cognome/token,421775
4369,2018-19,18,Luan Capanni,Lazio,cognome/token,601877
645,2018-19,23,Sergej Milinković-Savić,Lazio,iniziale,266302
2771,2018-19,25,Valon Berisha,Lazio,iniziale,145115
1999,2018-19,24,Jordan Lukaku,Lazio,iniziale,140804
375,2018-19,24,Suso,Milan,cognome/token,111961
353,2018-19,31,Ignazio Abate,Milan,cognome/token,16631
460,2018-19,23,Alessio Romagnoli,Milan,cognome/token,197747
2168,2018-19,27,Mateo Musacchio,Milan,cognome/token,45653
235,2018-19,25,Diego Laxalt,Milan,cognome/token,230552
1850,2018-19,21,Franck Kessié,Milan,cognome/token,294808
2194,2018-19,24,Hakan Çalhanoğlu,Milan,cognome/token,126414
2639,2018-19,23,Tiemoué Bakayoko,Milan,cognome/token,182618
408,2018-19,30,Gonzalo Higuaín,Milan,cognome/token,39153
2155,2018-19,20,Patrick Cutrone,Milan,cognome/token,265078
2692,2018-19,23,Samu Castillejo,Milan,cognome/token,195171
357,2018-19,21,Davide Calabria,Milan,cognome/token,262523
331,2018-19,32,Lucas Biglia,Milan,cognome/token,26721
367,2018-19,28,Giacomo Bonaventura,Milan,cognome/token,57280
2187,2018-19,27,Fabio Borini,Milan,cognome/token,96754
11,2018-19,24,Andrea Conti,Milan,cognome/token,111227
4322,2018-19,20,Lucas Paquetá,Milan,cognome/token,444523
2756,2018-19,23,Krzysztof Piatek,Milan,cognome/token,327757
387,2018-19,35,Pepe Reina,Milan,cognome/token,7825
350,2018-19,19,Gianluigi Donnarumma,Milan,iniziale,315858
2169,2018-19,25,Ricardo Rodríguez,Milan,iniziale,86784
365,2018-19,31,Cristian Zapata,Milan,iniziale,34344
371,2018-19,22,José Mauri,Milan,iniziale,240958
142,2018-19,27,Mário Rui,Napoli,cognome/token,87884
397,2018-19,27,Allan,Napoli,cognome/token,126422
570,2018-19,33,Orestis Karnezis,Napoli,cognome/token,16408
140,2018-19,24,Elseid Hysaj,Napoli,cognome/token,200056
388,2018-19,32,Raúl Albiol,Napoli,cognome/token,15452
392,2018-19,27,Kalidou Koulibaly,Napoli,cognome/token,93128
58,2018-19,21,Amadou Diawara,Napoli,cognome/token,355501
152,2018-19,24,Piotr Zielinski,Napoli,cognome/token,181136
402,2018-19,31,Marek Hamsik,Napoli,cognome/token,38593
2076,2018-19,23,Marko Rog,Napoli,cognome/token,317482
406,2018-19,31,José Callejón,Napoli,cognome/token,61253
409,2018-19,27,Lorenzo Insigne,Napoli,cognome/token,133964
410,2018-19,31,Dries Mertens,Napoli,cognome/token,56416
2012,2018-19,24,Arkadiusz Milik,Napoli,cognome/token,191891
2468,2018-19,29,David Ospina,Napoli,cognome/token,73396
393,2018-19,21,Sebastiano Luperto,Napoli,cognome/token,278531
376,2018-19,26,Simone Verdi,Napoli,cognome/token,130360
2195,2018-19,21,Adam Ounas,Napoli,cognome/token,400485
550,2018-19,26,Nikola Maksimović,Napoli,cognome/token,124715
2860,2018-19,27,Kévin Malcuit,Napoli,cognome/token,126711
2775,2018-19,22,Fabián Ruiz,Napoli,cognome/token,350219
572,2018-19,21,Alex Meret,Napoli,cognome/token,240414
390,2018-19,27,Faouzi Ghoulam,Napoli,cognome/token,126656
2776,2018-19,24,Amin Younes,Napoli,cognome/token,96167
640,2018-19,28,Vlad Chiricheș,Napoli,cognome/token,123261
4364,2018-19,18,Gianluca Gaetano,Napoli,cognome/token,358008
1864,2018-19,36,Bruno Alves,Parma,cognome/token,13121
474,2018-19,31,Gervinho,Parma,cognome/token,33481
159,2018-19,27,Luigi Sepe,Parma,cognome/token,99254
73,2018-19,28,Riccardo Gagliolo,Parma,cognome/token,240786
105,2018-19,37,Massimo Gobbi,Parma,cognome/token,28020
2801,2018-19,31,Simone Iacoponi,Parma,cognome/token,59699
27,2018-19,23,Alberto Grassi,Parma,cognome/token,197473
276,2018-19,30,Jonathan Biabiany,Parma,cognome/token,45567
2778,2018-19,23,Leo Stulac,Parma,cognome/token,171159
2802,2018-19,30,Antonino Barillà,Parma,cognome/token,39828
123,2018-19,26,Roberto Inglese,Parma,cognome/token,159337
637,2018-19,30,Luca Siligardi,Parma,cognome/token,86079
2246,2018-19,31,Fabio Ceravolo,Parma,cognome/token,35743
254,2018-19,20,Federico Dimarco,Parma,cognome/token,198116
1871,2018-19,23,Alessandro Deiola,Parma,cognome/token,235931
4302,2018-19,21,Francisco Sierralta,Parma,cognome/token,371436
2243,2018-19,24,Amato Ciciretti,Parma,cognome/token,159902
2773,2018-19,25,Mattia Sprocati,Parma,cognome/token,199274
519,2018-19,33,Marcello Gazzola,Parma,cognome/token,57643
2120,2018-19,19,Alessandro Bastoni,Parma,cognome/token,315853
2804,2018-19,30,Matteo Scozzarella,Parma,cognome/token,85208
234,2018-19,31,Juraj Kucka,Parma,cognome/token,74943
1875,2018-19,35,Gianni Munari,Parma,cognome/token,22598
666,2018-19,21,Pepín Machín,Parma,cognome/token,355104
4335,2018-19,19,Nicolás Schiappacasse,Parma,cognome/token,345473
2799,2018-19,32,Pierluigi Frattali,Parma,cognome/token,43217
400,2018-19,26,Jacopo Dezi,Parma,cognome/token,165531
81,2018-19,28,Antonio Di Gaudio,Parma,iniziale,165722
438,2018-19,33,Luca Rigoni,Parma,iniziale,22210
2807,2018-19,21,Alessio Da Cruz,Parma,iniziale,337670
256,2018-19,27,Juan Jesus,Roma,cognome/token,121985
2836,2018-19,28,Robin Olsen,Roma,cognome/token,75458
459,2018-19,27,Konstantinos Manolas,Roma,cognome/token,104752
464,2018-19,27,Alessandro Florenzi,Roma,cognome/token,130365
2016,2018-19,31,Federico Fazio,Roma,cognome/token,45314
2214,2018-19,32,Aleksandar Kolarov,Roma,cognome/token,46156
470,2018-19,28,Kevin Strootman,Roma,cognome/token,68864
779,2018-19,23,Bryan Cristante,Roma,cognome/token,199248
2378,2018-19,29,Javier Pastore,Roma,cognome/token,55215
647,2018-19,32,Edin Dzeko,Roma,cognome/token,28396
1974,2018-19,22,Patrik Schick,Roma,cognome/token,242086
2201,2018-19,21,Cengiz Ünder,Roma,cognome/token,341647
2779,2018-19,19,Justin Kluivert,Roma,cognome/token,330659
2617,2018-19,29,Steven Nzonzi,Roma,cognome/token,73734
262,2018-19,27,Davide Santon,Roma,cognome/token,84344
2180,2018-19,23,Rick Karsdorp,Roma,cognome/token,205006
2782,2018-19,31,Iván Marcano,Roma,cognome/token,57723
237,2018-19,30,Diego Perotti,Roma,cognome/token,54984
2766,2018-19,19,Nicolò Zaniolo,Roma,cognome/token,392085
2780,2018-19,21,Ante Coric,Roma,cognome/token,96630
41,2018-19,35,Antonio Mirante,Roma,cognome/token,22141
4352,2018-19,19,Zan Celar,Roma,cognome/token,340427
463,2018-19,35,Daniele De Rossi,Roma,iniziale,5947
795,2018-19,25,Stephan El Shaarawy,Roma,iniziale,94529
530,2018-19,22,Lorenzo Pellegrini,Roma,iniziale,286297
2728,2018-19,19,Luca Pellegrini,Roma,iniziale,346567
708,2018-19,34,Felipe,SPAL,cognome/token,17127
2652,2018-19,30,Éverton Luiz,SPAL,cognome/token,75076
780,2018-19,32,Thiago Cionek,SPAL,cognome/token,79510
2261,2018-19,23,Francesco Vicari,SPAL,cognome/token,240158
28,2018-19,29,Jasmin Kurtic,SPAL,cognome/token,85825
405,2018-19,32,Mirko Valdifiori,SPAL,cognome/token,84903
529,2018-19,32,Simone Missiroli,SPAL,cognome/token,35747
633,2018-19,22,Mohamed Fares,SPAL,cognome/token,287700
2263,2018-19,24,Manuel Lazzari,SPAL,cognome/token,331401
2265,2018-19,31,Pasquale Schiattarella,SPAL,cognome/token,56762
383,2018-19,23,Andrea Petagna,SPAL,cognome/token,199258
2267,2018-19,33,Mirco Antenucci,SPAL,cognome/token,83458
2831,2018-19,31,Johan Djourou,SPAL,cognome/token,34561
126,2018-19,28,Alberto Paloschi,SPAL,cognome/token,68306
2274,2018-19,24,Mattia Valoti,SPAL,cognome/token,167741
2853,2018-19,22,Gabriele Moncini,SPAL,cognome/token,238977
2192,2018-19,22,Kevin Bonifazi,SPAL,cognome/token,247377
533,2018-19,36,Sergio Floccari,SPAL,cognome/token,30638
2787,2018-19,21,Lorenzo Dickmann,SPAL,cognome/token,283060
484,2018-19,32,Emiliano Viviano,SPAL,cognome/token,24316
2003,2018-19,21,Alessandro Murgia,SPAL,cognome/token,289061
4338,2018-19,23,Marko Jankovic,SPAL,cognome/token,222223
490,2018-19,27,Vasco Regini,SPAL,cognome/token,72274
2256,2018-19,30,Giacomo Poluzzi,SPAL,cognome/token,327326
540,2018-19,24,Alfred Gomis,SPAL,iniziale,163568
2129,2018-19,22,Lorenco Simic,SPAL,iniziale,226093
817,2018-19,23,Filippo Costa,SPAL,iniziale,197743
2170,2018-19,21,Vanja Milinković-Savić,SPAL,iniziale,257474
2797,2018-19,21,Júnior Tavares,Sampdoria,cognome/token,362835
386,2018-19,28,Rafael Cabral,Sampdoria,cognome/token,103916
761,2018-19,21,Emil Audero,Sampdoria,cognome/token,256339
144,2018-19,28,Lorenzo Tonelli,Sampdoria,cognome/token,111347
630,2018-19,26,Jacopo Sala,Sampdoria,cognome/token,96806
1868,2018-19,23,Nicola Murru,Sampdoria,cognome/token,171399
2320,2018-19,22,Joachim Andersen,Sampdoria,cognome/token,260827
494,2018-19,34,Édgar Barreto,Sampdoria,cognome/token,16120
2008,2018-19,23,Karol Linetty,Sampdoria,cognome/token,225873
2065,2018-19,24,Dennis Praet,Sampdoria,cognome/token,129588
2287,2018-19,27,Gastón Ramírez,Sampdoria,cognome/token,123742
2391,2018-19,29,Albin Ekdal,Sampdoria,cognome/token,49275
568,2018-19,35,Fabio Quagliarella,Sampdoria,cognome/token,22328
643,2018-19,27,Grégoire Defrel,Sampdoria,cognome/token,163222
1958,2018-19,25,Gianluca Caprari,Sampdoria,cognome/token,146752
2198,2018-19,21,Dawid Kownacki,Sampdoria,cognome/token,208167
2104,2018-19,26,Bartosz Bereszyński,Sampdoria,cognome/token,144143
2784,2018-19,25,Omar Colley,Sampdoria,cognome/token,174733
150,2018-19,26,Riccardo Saponara,Sampdoria,cognome/token,88909
1987,2018-19,22,Jakub Jankto,Sampdoria,cognome/token,319160
2855,2018-19,20,Ronaldo Vieira,Sampdoria,cognome/token,434676
407,2018-19,26,Manolo Gabbiadini,Sampdoria,cognome/token,112343
1882,2018-19,30,Marco Sau,Sampdoria,cognome/token,55801
45,2018-19,24,Alex Ferrari,Sampdoria,iniziale,197491
2318,2018-19,20,Rogério,Sassuolo,cognome/token,401527
2355,2018-19,22,Marlon,Sassuolo,cognome/token,273236
509,2018-19,31,Andrea Consigli,Sassuolo,cognome/token,35865
2006,2018-19,20,Pol Lirola,Sassuolo,cognome/token,298975
2769,2018-19,22,Giangiacomo Magnani,Sassuolo,cognome/token,310458
526,2018-19,25,Alfred Duncan,Sassuolo,cognome/token,184894
528,2018-19,33,Francesco Magnanelli,Sassuolo,cognome/token,7093
771,2018-19,31,Kevin-Prince Boateng,Sassuolo,cognome/token,16922
1978,2018-19,22,Stefano Sensi,Sassuolo,cognome/token,216179
2825,2018-19,26,Mehdi Bourabia,Sassuolo,cognome/token,131731
2832,2018-19,21,Jérémie Boga,Sassuolo,cognome/token,216569
183,2018-19,25,Khouma Babacar,Sassuolo,cognome/token,124902
531,2018-19,24,Domenico Berardi,Sassuolo,cognome/token,177843
827,2018-19,20,Manuel Locatelli,Sassuolo,cognome/token,265088
2594,2018-19,22,Mauricio Lemos,Sassuolo,cognome/token,303140
1995,2018-19,26,Filip Djuricic,Sassuolo,cognome/token,94307
2317,2018-19,19,Enrico Brignola,Sassuolo,cognome/token,323147
824,2018-19,20,Claud Adjapong,Sassuolo,cognome/token,337716
380,2018-19,33,Alessandro Matri,Sassuolo,cognome/token,40660
789,2018-19,25,Marcello Trotta,Sassuolo,cognome/token,129505
521,2018-19,34,Federico Peluso,Sassuolo,cognome/token,21763
4332,2018-19,20,Merih Demiral,Sassuolo,cognome/token,340879
2765,2018-19,19,Jens Odgaard,Sassuolo,cognome/token,345590
510,2018-19,37,Gianluca Pegolo,Sassuolo,cognome/token,21872
2847,2018-19,21,Leonardo Sernicola,Sassuolo,cognome/token,340707
1895,2018-19,26,Gian Marco Ferrari,Sassuolo,iniziale,277167
1857,2018-19,18,,Sassuolo,iniziale,
517,2018-19,24,Cristian Dell'Orco,Sassuolo,iniziale,240244
2788,2018-19,21,Bremer,Torino,cognome/token,516716
475,2018-19,28,Iago Falque,Torino,cognome/token,59340
2171,2018-19,21,Lyanco,Torino,cognome/token,379807
2179,2018-19,31,Salvatore Sirigu,Torino,cognome/token,25508
226,2018-19,26,Armando Izzo,Torino,cognome/token,32113
552,2018-19,37,Emiliano Moretti,Torino,cognome/token,5755
2865,2018-19,21,Ola Aina,Torino,cognome/token,236490
238,2018-19,30,Tomás Rincón,Torino,cognome/token,75942
556,2018-19,26,Daniele Baselli,Torino,cognome/token,134883
2205,2018-19,23,Álex Berenguer,Torino,cognome/token,338425
2625,2018-19,27,Roberto Soriano,Torino,cognome/token,63186
2789,2018-19,24,Soualiho Meïté,Torino,cognome/token,164913
441,2018-19,24,Andrea Belotti,Torino,cognome/token,167727
706,2018-19,31,Cristian Ansaldi,Torino,cognome/token,55854
2009,2018-19,21,Saša Lukić,Torino,cognome/token,245056
478,2018-19,26,Adem Ljajic,Torino,cognome/token,69374
315,2018-19,27,Simone Zaza,Torino,cognome/token,96828
1982,2018-19,22,Vittorio Parigini,Torino,cognome/token,238981
1839,2018-19,21,Simone Edera,Torino,cognome/token,340070
2869,2018-19,25,Koffi Djidji,Torino,cognome/token,183031
542,2018-19,26,Salvador Ichazo,Torino,cognome/token,131098
4346,2018-19,17,Vincenzo Millico,Torino,cognome/token,390159
2849,2018-19,19,Vitalie Damascan,Torino,cognome/token,354136
487,2018-19,21,,Torino,iniziale,
2288,2018-19,28,Nicolas N'Koulou,Torino,iniziale,60577
2646,2018-19,29,Sandro,Udinese,cognome/token,74590
574,2018-19,22,Simone Scuffet,Udinese,cognome/token,238993
790,2018-19,23,Samir Caetano,Udinese,cognome/token,255744
2280,2018-19,28,Bram Nuytinck,Udinese,cognome/token,104597
1933,2018-19,21,Rolando Mandragora,Udinese,cognome/token,308279
1986,2018-19,23,Seko Fofana,Udinese,cognome/token,182893
2172,2018-19,23,Antonín Barák,Udinese,cognome/token,272261
2302,2018-19,33,Valon Behrami,Udinese,cognome/token,21905
90,2018-19,25,Kevin Lasagna,Udinese,cognome/token,131951
2826,2018-19,22,Ignacio Pussetto,Udinese,cognome/token,283528
2827,2018-19,25,Darwin Machís,Udinese,cognome/token,211251
2873,2018-19,27,Lukasz Teodorczyk,Udinese,cognome/token,157849
2793,2018-19,20,Nicholas Opoku,Udinese,cognome/token,396516
2791,2018-19,21,Felipe Vizeu,Udinese,cognome/token,425462
587,2018-19,27,Molla Wagué,Udinese,cognome/token,129893
2792,2018-19,24,Juan Musso,Udinese,cognome/token,242359
813,2018-19,20,Andrija Balic,Udinese,cognome/token,316111
4324,2018-19,28,Stefano Okaka,Udinese,cognome/token,35249
4323,2018-19,27,Marvin Zeegelaar,Udinese,cognome/token,92899
2191,2018-19,20,Svante Ingelsson,Udinese,cognome/token,321079
4339,2018-19,18,Ben Wilmot,Udinese,cognome/token,467599
589,2018-19,27,Emmanuel Badu,Udinese,cognome/token,108484
626,2018-19,34,Emil Hallfredsson,Udinese,cognome/token,22673
2794,2018-19,19,Petar Micin,Udinese,cognome/token,343963
2870,2018-19,24,William Troost-Ekong,Udinese,iniziale,192875
1996,2018-19,24,Rodrigo De Paul,Udinese,iniziale,255901
21,2018-19,27,Marco D'Alessandro,Udinese,iniziale,99232
2795,2018-19,21,Hidde ter Avest,Udinese,iniziale,258519
770,2018-19,20,Giuseppe Pezzella,Udinese,iniziale,336960
224,2018-19,31,Sebastien De Maio,Udinese,iniziale,56830
610,2019-20,24,Pierluigi Gollini,Atalanta,cognome/token,244192
15,2019-20,33,Andrea Masiello,Atalanta,cognome/token,34198
695,2019-20,28,Rafael Tolói,Atalanta,cognome/token,72441
787,2019-20,26,Berat Djimsiti,Atalanta,cognome/token,165513
2130,2019-20,25,Hans Hateboer,Atalanta,cognome/token,275303
2160,2019-20,25,Robin Gosens,Atalanta,cognome/token,273132
2181,2019-20,29,José Luis Palomino,Atalanta,cognome/token,125020
26,2019-20,31,Papu Gómez,Atalanta,cognome/token,20005
788,2019-20,27,Remo Freuler,Atalanta,cognome/token,148252
2077,2019-20,24,Mario Pašalić,Atalanta,cognome/token,205938
4427,2019-20,26,Ruslan Malinovskyi,Atalanta,cognome/token,207877
507,2019-20,28,Luis Muriel,Atalanta,cognome/token,119228
4526,2019-20,22,Guilherme Arana,Atalanta,cognome/token,346766
177,2019-20,31,Josip Ilicic,Atalanta,cognome/token,80351
2197,2019-20,23,Timothy Castagne,Atalanta,cognome/token,262226
2633,2019-20,30,Simon Kjaer,Atalanta,cognome/token,48859
4,2019-20,27,Marco Sportiello,Atalanta,cognome/token,199976
2719,2019-20,20,Musa Barrow,Atalanta,cognome/token,486624
1847,2019-20,25,Mattia Caldara,Atalanta,cognome/token,197470
4890,2019-20,25,Adrien Tamèze,Atalanta,cognome/token,157507
4888,2019-20,19,Bosko Sutalo,Atalanta,cognome/token,431698
4881,2019-20,20,Lennart Czyborra,Atalanta,cognome/token,309393
4887,2019-20,19,Raoul Bellanova,Atalanta,cognome/token,357992
4359,2019-20,18,Roberto Piccoli,Atalanta,cognome/token,432092
22,2019-20,28,Marten de Roon,Atalanta,iniziale,133179
608,2019-20,28,Duván Zapata,Atalanta,iniziale,73794
4862,2019-20,17,Amad Diallo,Atalanta,iniziale,536835
4435,2019-20,19,Ebrima Colley,Atalanta,iniziale,567217
2297,2019-20,28,Francesco Rossi,Atalanta,iniziale,126634
4949,2019-20,18,Jacopo Da Riva,Atalanta,iniziale,430503
133,2019-20,28,Lukasz Skorupski,Bologna,cognome/token,80894
2746,2019-20,26,Mitchell Dijks,Bologna,cognome/token,187245
4414,2019-20,26,Stefano Denswil,Bologna,cognome/token,182923
4422,2019-20,20,Takehiro Tomiyasu,Bologna,cognome/token,331560
374,2019-20,29,Andrea Poli,Bologna,cognome/token,44834
713,2019-20,33,Blerim Dzemaili,Bologna,cognome/token,9967
2625,2019-20,28,Roberto Soriano,Bologna,cognome/token,63186
2835,2019-20,19,Kingsley Michael,Bologna,cognome/token,401920
280,2019-20,37,Rodrigo Palacio,Bologna,cognome/token,39099
472,2019-20,28,Mattia Destro,Bologna,cognome/token,88683
537,2019-20,27,Nicola Sansone,Bologna,cognome/token,82048
2167,2019-20,22,Riccardo Orsolini,Bologna,cognome/token,368482
2743,2019-20,28,Federico Santander,Bologna,cognome/token,99180
272,2019-20,31,Gary Medel,Bologna,cognome/token,60889
2285,2019-20,25,Mattia Bani,Bologna,cognome/token,176139
1858,2019-20,27,Ladislav Krejci,Bologna,cognome/token,140206
2744,2019-20,20,Mattias Svanberg,Bologna,cognome/token,342405
4393,2019-20,22,Jerdy Schouten,Bologna,cognome/token,347900
50,2019-20,24,Ibrahima Mbaye,Bologna,cognome/token,207715
2747,2019-20,26,Nehuén Paz,Bologna,cognome/token,284724
4869,2019-20,21,Nicolás Domínguez,Bologna,cognome/token,497291
2719,2019-20,20,Musa Barrow,Bologna,cognome/token,486624
4368,2019-20,17,Musa Juwara,Bologna,cognome/token,562030
4919,2019-20,17,Andri Fannar Baldursson,Bologna,cognome/token,464446
4483,2019-20,17,Gianmarco Cangiano,Bologna,cognome/token,496270
4365,2019-20,19,Gabriele Corbo,Bologna,cognome/token,423614
4944,2019-20,17,Federico Bonini,Bologna,cognome/token,530552
4415,2019-20,19,Andreas Skov Olsen,Bologna,iniziale,432982
40,2019-20,35,Angelo da Costa,Bologna,iniziale,82693
4933,2019-20,18,Dion Ruffo Luci,Bologna,iniziale,537488
611,2019-20,37,Rafael,Cagliari,cognome/token,84467
1874,2019-20,27,João Pedro,Cagliari,cognome/token,129129
1866,2019-20,29,Luca Ceppitelli,Cagliari,cognome/token,102745
2653,2019-20,25,Charalampos Lykogiannis,Cagliari,cognome/token,136514
2871,2019-20,33,Ragnar Klavan,Cagliari,cognome/token,26669
4454,2019-20,21,Simone Pinna,Cagliari,cognome/token,303187
111,2019-20,32,Valter Birsa,Cagliari,cognome/token,26105
112,2019-20,30,Lucas Castro,Cagliari,cognome/token,105892
467,2019-20,31,Radja Nainggolan,Cagliari,cognome/token,41982
627,2019-20,28,Artur Ioniță,Cagliari,cognome/token,98888
4514,2019-20,23,Nahitan Nández,Cagliari,cognome/token,315063
247,2019-20,30,Leonardo Pavoletti,Cagliari,cognome/token,64793
306,2019-20,23,Alberto Cerri,Cagliari,cognome/token,197751
4455,2019-20,27,Daniele Ragatzu,Cagliari,cognome/token,66360
2836,2019-20,29,Robin Olsen,Cagliari,cognome/token,75458
1869,2019-20,33,Fabio Pisacane,Cagliari,cognome/token,101922
20,2019-20,33,Luca Cigarini,Cagliari,cognome/token,33218
2076,2019-20,24,Marko Rog,Cagliari,cognome/token,317482
2061,2019-20,24,Giovanni Simeone,Cagliari,cognome/token,282388
99,2019-20,32,Fabrizio Cacciatore,Cagliari,cognome/token,85605
4327,2019-20,23,Christian Oliva,Cagliari,cognome/token,563812
106,2019-20,24,Federico Mattiello,Cagliari,cognome/token,200194
2116,2019-20,26,Paolo Faragò,Cagliari,cognome/token,167796
1871,2019-20,24,Alessandro Deiola,Cagliari,cognome/token,235931
4374,2019-20,19,Sebastian Walukiewicz,Cagliari,cognome/token,345458
2178,2019-20,25,Alessio Cragno,Cagliari,cognome/token,12907
126,2019-20,29,Alberto Paloschi,Cagliari,cognome/token,68306
4886,2019-20,24,Gastón Pereiro,Cagliari,cognome/token,264116
4935,2019-20,18,Riccardo Ladinetti,Cagliari,cognome/token,459452
4940,2019-20,19,Luca Gagliano,Cagliari,cognome/token,396682
4941,2019-20,18,Federico Marigosu,Cagliari,cognome/token,459504
2728,2019-20,20,Luca Pellegrini,Cagliari,iniziale,346567
4925,2019-20,18,Andrea Carboni,Cagliari,iniziale,481834
2289,2019-20,25,Dalbert,Fiorentina,cognome/token,312862
1917,2019-20,21,Bartłomiej Drągowski,Fiorentina,cognome/token,208166
2006,2019-20,21,Pol Lirola,Fiorentina,cognome/token,298975
2164,2019-20,21,Nikola Milenković,Fiorentina,cognome/token,413507
2174,2019-20,24,Lorenzo Venuti,Fiorentina,cognome/token,240219
170,2019-20,30,Milan Badelj,Fiorentina,cognome/token,40633
557,2019-20,24,Marco Benassi,Fiorentina,cognome/token,201040
644,2019-20,25,Erick Pulgar,Fiorentina,cognome/token,215616
2002,2019-20,21,Federico Chiesa,Fiorentina,cognome/token,341092
2409,2019-20,36,Franck Ribéry,Fiorentina,cognome/token,22068
4377,2019-20,22,Gaetano Castrovilli,Fiorentina,cognome/token,303116
771,2019-20,32,Kevin-Prince Boateng,Fiorentina,cognome/token,16922
2841,2019-20,19,Dušan Vlahović,Fiorentina,cognome/token,357498
287,2019-20,32,Martín Cáceres,Fiorentina,cognome/token,54935
1891,2019-20,27,Federico Ceccherini,Fiorentina,cognome/token,163639
4376,2019-20,21,Szymon Żurkowski,Fiorentina,cognome/token,387234
4228,2019-20,27,Rachid Ghezzal,Fiorentina,cognome/token,118287
2075,2019-20,25,Sebastián Cristóforo,Fiorentina,cognome/token,188157
2290,2019-20,27,Valentin Eysseric,Fiorentina,cognome/token,126687
2155,2019-20,21,Patrick Cutrone,Fiorentina,cognome/token,265078
4407,2019-20,21,Igor Julio,Fiorentina,cognome/token,380350
4515,2019-20,20,Kevin Agudelo,Fiorentina,cognome/token,587458
526,2019-20,26,Alfred Duncan,Fiorentina,cognome/token,184894
2815,2019-20,29,Pietro Terracciano,Fiorentina,cognome/token,96254
2762,2019-20,21,Christian Kouamé,Fiorentina,cognome/token,337725
4351,2019-20,18,Federico Brancolini,Fiorentina,cognome/token,451154
4375,2019-20,19,Aleksa Terzic,Fiorentina,cognome/token,404260
2309,2019-20,28,Germán Pezzella,Fiorentina,iniziale,113133
2839,2019-20,20,,Fiorentina,iniziale,
4378,2019-20,20,Luca Ranieri,Fiorentina,iniziale,346561
2087,2019-20,27,Maximiliano Olivera,Fiorentina,iniziale,179757
4950,2019-20,17,Christian Dalle Mura,Fiorentina,iniziale,487829
621,2019-20,32,Rômulo,Genoa,cognome/token,121756
475,2019-20,29,Iago Falque,Genoa,cognome/token,59340
244,2019-20,22,Paolo Ghiglione,Genoa,cognome/token,313477
1979,2019-20,24,Antonio Barreca,Genoa,cognome/token,241889
2759,2019-20,32,Domenico Criscito,Genoa,cognome/token,44136
4307,2019-20,21,Cristian Romero,Genoa,cognome/token,355915
118,2019-20,30,Ivan Radovanovic,Genoa,cognome/token,46105
4330,2019-20,26,Lukas Lerager,Genoa,cognome/token,167105
4512,2019-20,33,Lasse Schöne,Genoa,cognome/token,34784
245,2019-20,36,Goran Pandev,Genoa,cognome/token,12563
479,2019-20,23,Antonio Sanabria,Genoa,cognome/token,234523
2038,2019-20,20,Andrea Pinamonti,Genoa,cognome/token,315865
2762,2019-20,21,Christian Kouamé,Genoa,cognome/token,337725
1876,2019-20,26,Marko Pajac,Genoa,cognome/token,190634
4529,2019-20,28,Peter Ankersen,Genoa,cognome/token,146889
150,2019-20,27,Riccardo Saponara,Genoa,cognome/token,88909
2083,2019-20,25,Davide Biraschi,Genoa,cognome/token,199927
819,2019-20,22,Andrea Favilli,Genoa,cognome/token,340151
2213,2019-20,22,Francesco Cassata,Genoa,cognome/token,301236
418,2019-20,25,Edoardo Goldaniga,Genoa,cognome/token,242940
4515,2019-20,20,Kevin Agudelo,Genoa,cognome/token,587458
4381,2019-20,25,Sinan Gümüş,Genoa,cognome/token,196524
4865,2019-20,17,Denilho Cleonise,Genoa,cognome/token,582131
305,2019-20,26,Stefano Sturaro,Genoa,cognome/token,167859
4459,2019-20,17,Nicolò Rovella,Genoa,cognome/token,525704
218,2019-20,26,Mattia Perin,Genoa,cognome/token,110923
2302,2019-20,34,Valon Behrami,Genoa,cognome/token,21905
15,2019-20,33,Andrea Masiello,Genoa,cognome/token,34198
472,2019-20,28,Mattia Destro,Genoa,cognome/token,88683
4891,2019-20,27,Adama Soumaoro,Genoa,cognome/token,126673
1843,2019-20,22,Ionuț Radu,Genoa,iniziale,303657
365,2019-20,32,Cristian Zapata,Genoa,iniziale,34344
2664,2019-20,27,Jawad El Yamiq,Genoa,iniziale,235412
172,2019-20,34,Borja Valero,Inter,cognome/token,40372
250,2019-20,35,Samir Handanovič,Inter,cognome/token,28021
261,2019-20,31,Andrea Ranocchia,Inter,cognome/token,44327
295,2019-20,30,Kwadwo Asamoah,Inter,cognome/token,63531
798,2019-20,24,Milan Škriniar,Inter,cognome/token,204069
181,2019-20,27,Matías Vecino,Inter,cognome/token,143812
265,2019-20,26,Marcelo Brozović,Inter,cognome/token,156617
332,2019-20,32,Antonio Candreva,Inter,cognome/token,25488
801,2019-20,25,Roberto Gagliardini,Inter,cognome/token,197471
1870,2019-20,22,Nicolò Barella,Inter,cognome/token,255942
1978,2019-20,23,Stefano Sensi,Inter,cognome/token,216179
536,2019-20,25,Matteo Politano,Inter,cognome/token,165895
2531,2019-20,26,Romelu Lukaku,Inter,cognome/token,96341
2572,2019-20,33,Diego Godín,Inter,cognome/token,54928
2475,2019-20,30,Alexis Sánchez,Inter,cognome/token,40433
252,2019-20,26,Cristiano Biraghi,Inter,cognome/token,124555
2120,2019-20,20,Alessandro Bastoni,Inter,cognome/token,315853
4385,2019-20,23,Valentino Lazaro,Inter,cognome/token,186368
254,2019-20,21,Federico Dimarco,Inter,cognome/token,198116
4411,2019-20,17,Lucien Agoumé,Inter,cognome/token,569384
2707,2019-20,34,Ashley Young,Inter,cognome/token,14086
543,2019-20,33,Daniele Padelli,Inter,cognome/token,27807
2488,2019-20,28,Victor Moses,Inter,cognome/token,59866
2556,2019-20,27,Christian Eriksen,Inter,cognome/token,69633
4897,2019-20,17,Lorenzo Pirola,Inter,cognome/token,487834
253,2019-20,30,Danilo D'Ambrosio,Inter,iniziale,55769
2764,2019-20,17,,Inter,iniziale,
322,2019-20,27,Stefan de Vrij,Inter,iniziale,111196
662,2019-20,28,Alex Sandro,Juventus,cognome/token,79960
2200,2019-20,28,Douglas Costa,Juventus,cognome/token,75615
4237,2019-20,28,Danilo,Juventus,cognome/token,145707
453,2019-20,29,Wojciech Szczesny,Juventus,cognome/token,44058
286,2019-20,32,Leonardo Bonucci,Juventus,cognome/token,39983
288,2019-20,34,Giorgio Chiellini,Juventus,cognome/token,29260
184,2019-20,25,Federico Bernardeschi,Juventus,cognome/token,197300
299,2019-20,32,Sami Khedira,Juventus,cognome/token,29401
469,2019-20,29,Miralem Pjanić,Juventus,cognome/token,44162
697,2019-20,31,Juan Cuadrado,Juventus,cognome/token,91970
2306,2019-20,32,Blaise Matuidi,Juventus,cognome/token,33923
2379,2019-20,24,Adrien Rabiot,Juventus,cognome/token,182913
408,2019-20,31,Gonzalo Higuaín,Juventus,cognome/token,39153
2610,2019-20,34,Cristiano Ronaldo,Juventus,cognome/token,8198
2504,2019-20,25,Emre Can,Juventus,cognome/token,119296
309,2019-20,25,Paulo Dybala,Juventus,cognome/token,206050
2166,2019-20,22,Rodrigo Bentancur,Juventus,cognome/token,354362
282,2019-20,41,Gianluigi Buffon,Juventus,cognome/token,5023
4332,2019-20,21,Merih Demiral,Juventus,cognome/token,340879
2472,2019-20,28,Aaron Ramsey,Juventus,cognome/token,50057
4926,2019-20,21,Simone Muratore,Juventus,cognome/token,297648
4928,2019-20,20,Marco Olivieri,Juventus,cognome/token,346562
2785,2019-20,20,Daouda Peeters,Juventus,cognome/token,365451
2842,2019-20,21,Luca Zanimacchia,Juventus,cognome/token,407265
1930,2019-20,29,Carlo Pinsoglio,Juventus,cognome/token,75411
4946,2019-20,20,Gianluca Frabotta,Juventus,cognome/token,386755
4948,2019-20,20,Giacomo Vrioni,Juventus,cognome/token,363178
358,2019-20,25,,Juventus,iniziale,
4428,2019-20,19,Matthijs de Ligt,Juventus,iniziale,326031
2335,2019-20,22,Luiz Felipe,Lazio,cognome/token,457931
2085,2019-20,26,Luis Alberto,Lazio,cognome/token,128220
2062,2019-20,28,Bastos,Lazio,cognome/token,195810
2209,2019-20,32,Lucas Leiva,Lazio,cognome/token,41414
4424,2019-20,28,Jony,Lazio,cognome/token,228761
327,2019-20,26,Patric,Lazio,cognome/token,126729
1934,2019-20,24,Thomas Strakosha,Lazio,cognome/token,222209
329,2019-20,32,Ștefan Radu,Lazio,cognome/token,44420
513,2019-20,31,Francesco Acerbi,Lazio,cognome/token,131075
4397,2019-20,23,Denis Vavro,Lazio,cognome/token,239962
333,2019-20,24,Danilo Cataldi,Lazio,cognome/token,199733
338,2019-20,33,Senad Lulic,Lazio,cognome/token,61449
342,2019-20,34,Marco Parolo,Lazio,cognome/token,84545
2188,2019-20,26,Adam Marusic,Lazio,cognome/token,239802
2263,2019-20,25,Manuel Lazzari,Lazio,cognome/token,331401
495,2019-20,24,Joaquín Correa,Lazio,cognome/token,227081
785,2019-20,29,Ciro Immobile,Lazio,cognome/token,105521
2284,2019-20,30,Felipe Caicedo,Lazio,cognome/token,37834
4388,2019-20,20,Bobby Adekanye,Lazio,cognome/token,331514
4937,2019-20,19,Luca Falbo,Lazio,cognome/token,457236
4938,2019-20,16,Raúl Moro,Lazio,cognome/token,624942
4366,2019-20,18,Nicolò Armini,Lazio,cognome/token,421775
645,2019-20,24,Sergej Milinković-Savić,Lazio,iniziale,266302
2771,2019-20,26,Valon Berisha,Lazio,iniziale,145115
1999,2019-20,25,Jordan Lukaku,Lazio,iniziale,140804
4389,2019-20,19,André Anderson,Lazio,iniziale,601577
4390,2019-20,24,Djavan Anderson,Lazio,iniziale,215089
385,2019-20,26,Gabriel,Lecce,cognome/token,79242
54,2019-20,34,Luca Rossettini,Lecce,cognome/token,60128
423,2019-20,30,Andrea Rispoli,Lecce,cognome/token,74448
2241,2019-20,31,Fabio Lucioni,Lecce,cognome/token,160561
4398,2019-20,27,Romario Benzar,Lecce,cognome/token,164231
4470,2019-20,30,Marco Calderoni,Lecce,cognome/token,75327
65,2019-20,30,Marco Mancosu,Lecce,cognome/token,51736
179,2019-20,24,Jacopo Petriccione,Lecce,cognome/token,218067
241,2019-20,28,Panagiotis Tachtsidis,Lecce,cognome/token,62415
4475,2019-20,27,Zan Majer,Lecce,cognome/token,180805
658,2019-20,27,Filippo Falco,Lecce,cognome/token,70689
1879,2019-20,29,Diego Farias,Lecce,cognome/token,83877
1939,2019-20,29,Gianluca Lapadula,Lecce,cognome/token,130394
4400,2019-20,28,Yevgen Shakhov,Lecce,cognome/token,58970
4476,2019-20,29,Andrea Tabanelli,Lecce,cognome/token,134369
183,2019-20,26,Khouma Babacar,Lecce,cognome/token,124902
2389,2019-20,26,Giannelli Imbula,Lecce,cognome/token,130756
4399,2019-20,20,Brayan Vera,Lecce,cognome/token,642967
4472,2019-20,28,Biagio Meccariello,Lecce,cognome/token,124002
4866,2019-20,18,Augustas Dubickas,Lecce,cognome/token,454667
2446,2019-20,29,Giulio Donati,Lecce,cognome/token,88684
1871,2019-20,24,Alessandro Deiola,Lecce,cognome/token,235931
2809,2019-20,29,Mauro Vigorito,Lecce,cognome/token,88595
2747,2019-20,26,Nehuén Paz,Lecce,cognome/token,284724
150,2019-20,27,Riccardo Saponara,Lecce,cognome/token,88909
2172,2019-20,24,Antonín Barák,Lecce,cognome/token,272261
4952,2019-20,17,Ilario Monterisi,Lecce,cognome/token,550116
4477,2019-20,28,Andrea La Mantia,Lecce,iniziale,134983
517,2019-20,25,Cristian Dell'Orco,Lecce,iniziale,240244
4473,2019-20,23,Davide Riccardi,Lecce,iniziale,286259
375,2019-20,25,Suso,Milan,cognome/token,111961
4510,2019-20,20,Rafael Leão,Milan,cognome/token,357164
2175,2019-20,23,André Silva,Milan,cognome/token,198008
357,2019-20,22,Davide Calabria,Milan,cognome/token,262523
460,2019-20,24,Alessio Romagnoli,Milan,cognome/token,197747
2168,2019-20,28,Mateo Musacchio,Milan,cognome/token,45653
1850,2019-20,22,Franck Kessié,Milan,cognome/token,294808
2187,2019-20,28,Fabio Borini,Milan,cognome/token,96754
2194,2019-20,25,Hakan Çalhanoğlu,Milan,cognome/token,126414
2692,2019-20,24,Samu Castillejo,Milan,cognome/token,195171
4322,2019-20,21,Lucas Paquetá,Milan,cognome/token,444523
2756,2019-20,24,Krzysztof Piatek,Milan,cognome/token,327757
331,2019-20,33,Lucas Biglia,Milan,cognome/token,26721
186,2019-20,25,Ante Rebić,Milan,cognome/token,187587
11,2019-20,25,Andrea Conti,Milan,cognome/token,111227
367,2019-20,29,Giacomo Bonaventura,Milan,cognome/token,57280
4511,2019-20,23,Léo Duarte,Milan,cognome/token,312678
148,2019-20,25,Rade Krunic,Milan,cognome/token,259953
387,2019-20,36,Pepe Reina,Milan,cognome/token,7825
2530,2019-20,37,Zlatan Ibrahimović,Milan,cognome/token,3455
2633,2019-20,30,Simon Kjaer,Milan,cognome/token,48859
4892,2019-20,20,Alexis Saelemaekers,Milan,cognome/token,381950
4896,2019-20,17,Daniel Maldini,Milan,cognome/token,539134
4401,2019-20,19,Matteo Gabbia,Milan,cognome/token,323167
4878,2019-20,32,Asmir Begovic,Milan,cognome/token,33873
235,2019-20,26,Diego Laxalt,Milan,cognome/token,230552
4947,2019-20,19,Marco Brescianini,Milan,cognome/token,459128
350,2019-20,20,Gianluigi Donnarumma,Milan,iniziale,315858
2169,2019-20,26,Ricardo Rodríguez,Milan,iniziale,86784
2818,2019-20,21,,Milan,iniziale,
4292,2019-20,21,Theo Hernández,Milan,iniziale,339808
4923,2019-20,17,,Milan,iniziale,
142,2019-20,28,Mário Rui,Napoli,cognome/token,87884
397,2019-20,28,Allan,Napoli,cognome/token,126422
572,2019-20,22,Alex Meret,Napoli,cognome/token,240414
140,2019-20,25,Elseid Hysaj,Napoli,cognome/token,200056
390,2019-20,28,Faouzi Ghoulam,Napoli,cognome/token,126656
392,2019-20,28,Kalidou Koulibaly,Napoli,cognome/token,93128
459,2019-20,28,Konstantinos Manolas,Napoli,cognome/token,104752
152,2019-20,25,Piotr Zielinski,Napoli,cognome/token,181136
406,2019-20,32,José Callejón,Napoli,cognome/token,61253
2775,2019-20,23,Fabián Ruiz,Napoli,cognome/token,350219
4479,2019-20,19,Eljif Elmas,Napoli,cognome/token,400489
409,2019-20,28,Lorenzo Insigne,Napoli,cognome/token,133964
410,2019-20,32,Dries Mertens,Napoli,cognome/token,56416
4517,2019-20,24,Hirving Lozano,Napoli,cognome/token,316889
550,2019-20,27,Nikola Maksimović,Napoli,cognome/token,124715
2776,2019-20,25,Amin Younes,Napoli,cognome/token,96167
311,2019-20,34,Fernando Llorente,Napoli,cognome/token,35564
2468,2019-20,30,David Ospina,Napoli,cognome/token,73396
393,2019-20,22,Sebastiano Luperto,Napoli,cognome/token,278531
2860,2019-20,28,Kévin Malcuit,Napoli,cognome/token,126711
2012,2019-20,25,Arkadiusz Milik,Napoli,cognome/token,191891
4725,2019-20,27,Diego Demme,Napoli,cognome/token,82070
4287,2019-20,24,Stanislav Lobotka,Napoli,cognome/token,192735
536,2019-20,25,Matteo Politano,Napoli,cognome/token,165895
2816,2019-20,25,Giovanni Di Lorenzo,Napoli,iniziale,169880
1864,2019-20,37,Bruno Alves,Parma,cognome/token,13121
4423,2019-20,25,Hernani,Parma,cognome/token,181768
474,2019-20,32,Gervinho,Parma,cognome/token,33481
159,2019-20,28,Luigi Sepe,Parma,cognome/token,99254
73,2019-20,29,Riccardo Gagliolo,Parma,cognome/token,240786
141,2019-20,30,Vincent Laurini,Parma,cognome/token,94936
2801,2019-20,32,Simone Iacoponi,Parma,cognome/token,59699
27,2019-20,24,Alberto Grassi,Parma,cognome/token,197473
430,2019-20,26,Gastón Brugman,Parma,cognome/token,131109
2802,2019-20,31,Antonino Barillà,Parma,cognome/token,39828
2833,2019-20,19,Dejan Kulusevski,Parma,cognome/token,431755
123,2019-20,27,Roberto Inglese,Parma,cognome/token,159337
637,2019-20,31,Luca Siligardi,Parma,cognome/token,86079
2325,2019-20,21,Yann Karamoh,Parma,cognome/token,324804
234,2019-20,32,Juraj Kucka,Parma,cognome/token,74943
2163,2019-20,26,Andreas Cornelius,Parma,cognome/token,203412
2525,2019-20,29,Matteo Darmian,Parma,cognome/token,54906
2773,2019-20,26,Mattia Sprocati,Parma,cognome/token,199274
2804,2019-20,31,Matteo Scozzarella,Parma,cognome/token,85208
139,2019-20,27,Kastriot Dermaku,Parma,cognome/token,163647
28,2019-20,30,Jasmin Kurtic,Parma,cognome/token,85825
412,2019-20,28,Simone Colombi,Parma,cognome/token,57285
1958,2019-20,26,Gianluca Caprari,Parma,cognome/token,146752
490,2019-20,28,Vasco Regini,Parma,cognome/token,72274
770,2019-20,17,,Parma,iniziale,
4419,2019-20,24,Pau López,Roma,cognome/token,286415
256,2019-20,28,Juan Jesus,Roma,cognome/token,121985
546,2019-20,29,Bruno Peres,Roma,cognome/token,148751
4884,2019-20,21,Carles Pérez,Roma,cognome/token,282810
464,2019-20,28,Alessandro Florenzi,Roma,cognome/token,130365
554,2019-20,27,Davide Zappacosta,Roma,cognome/token,173859
2016,2019-20,32,Federico Fazio,Roma,cognome/token,45314
2214,2019-20,33,Aleksandar Kolarov,Roma,cognome/token,46156
2296,2019-20,23,Gianluca Mancini,Roma,cognome/token,256448
779,2019-20,24,Bryan Cristante,Roma,cognome/token,199248
2201,2019-20,22,Cengiz Ünder,Roma,cognome/token,341647
2378,2019-20,30,Javier Pastore,Roma,cognome/token,55215
2766,2019-20,20,Nicolò Zaniolo,Roma,cognome/token,392085
2779,2019-20,20,Justin Kluivert,Roma,cognome/token,330659
647,2019-20,33,Edin Dzeko,Roma,cognome/token,28396
262,2019-20,28,Davide Santon,Roma,cognome/token,84344
58,2019-20,22,Amadou Diawara,Roma,cognome/token,355501
1852,2019-20,26,Leonardo Spinazzola,Roma,cognome/token,118689
2215,2019-20,26,Jordan Veretout,Roma,cognome/token,164771
2529,2019-20,30,Henrikh Mkhitaryan,Roma,cognome/token,55735
4245,2019-20,29,Chris Smalling,Roma,cognome/token,103427
652,2019-20,31,Nikola Kalinić,Roma,cognome/token,36371
2657,2019-20,20,Mirko Antonucci,Roma,cognome/token,315852
237,2019-20,31,Diego Perotti,Roma,cognome/token,54984
4519,2019-20,22,Mert Çetin,Roma,cognome/token,391498
41,2019-20,36,Antonio Mirante,Roma,cognome/token,22141
4885,2019-20,21,Gonzalo Villar,Roma,cognome/token,398163
4331,2019-20,20,Roger Ibañez,Roma,cognome/token,524481
2781,2019-20,22,Daniel Fuzato,Roma,cognome/token,438682
4945,2019-20,17,Riccardo Calafiori,Roma,cognome/token,502821
530,2019-20,23,Lorenzo Pellegrini,Roma,iniziale,286297
708,2019-20,35,Felipe,SPAL,cognome/token,17127
316,2019-20,30,Etrit Berisha,SPAL,cognome/token,77825
169,2019-20,31,Nenad Tomovic,SPAL,cognome/token,47085
780,2019-20,33,Thiago Cionek,SPAL,cognome/token,79510
2261,2019-20,24,Francesco Vicari,SPAL,cognome/token,240158
4407,2019-20,21,Igor Julio,SPAL,cognome/token,380350
28,2019-20,30,Jasmin Kurtic,SPAL,cognome/token,85825
529,2019-20,33,Simone Missiroli,SPAL,cognome/token,35747
2003,2019-20,22,Alessandro Murgia,SPAL,cognome/token,289061
2274,2019-20,25,Mattia Valoti,SPAL,cognome/token,167741
383,2019-20,24,Andrea Petagna,SPAL,cognome/token,199258
533,2019-20,37,Sergio Floccari,SPAL,cognome/token,30638
405,2019-20,33,Mirko Valdifiori,SPAL,cognome/token,84903
630,2019-20,27,Jacopo Sala,SPAL,cognome/token,96806
2739,2019-20,24,Arkadiusz Reca,SPAL,cognome/token,268178
4486,2019-20,22,Gabriel Strefezza,SPAL,cognome/token,457673
4338,2019-20,24,Marko Jankovic,SPAL,cognome/token,222223
126,2019-20,29,Alberto Paloschi,SPAL,cognome/token,68306
2853,2019-20,23,Gabriele Moncini,SPAL,cognome/token,238977
4868,2019-20,18,Georgi Tunjov,SPAL,cognome/token,363610
2659,2019-20,27,Bryan Dabo,SPAL,cognome/token,149446
2192,2019-20,23,Kevin Bonifazi,SPAL,cognome/token,247377
493,2019-20,32,Ervin Zukanovic,SPAL,cognome/token,44059
112,2019-20,30,Lucas Castro,SPAL,cognome/token,105892
633,2019-20,23,Mohamed Fares,SPAL,cognome/token,287700
4520,2019-20,22,Karlo Letica,SPAL,cognome/token,318707
306,2019-20,23,Alberto Cerri,SPAL,cognome/token,197751
491,2019-20,28,Bartosz Salamon,SPAL,cognome/token,71019
4939,2019-20,17,Jaume Cuéllar,SPAL,cognome/token,466808
4942,2019-20,16,Jakub Iskra,SPAL,cognome/token,498043
4943,2019-20,17,Krisztofer Horváth,SPAL,cognome/token,543736
21,2019-20,28,Marco D'Alessandro,SPAL,iniziale,99232
1857,2019-20,25,Federico Di Francesco,SPAL,iniziale,38607
4485,2019-20,21,Demba Thiam,SPAL,iniziale,435406
761,2019-20,22,Emil Audero,Sampdoria,cognome/token,256339
259,2019-20,27,Jeison Murillo,Sampdoria,cognome/token,131102
1868,2019-20,24,Nicola Murru,Sampdoria,cognome/token,171399
2104,2019-20,27,Bartosz Bereszyński,Sampdoria,cognome/token,144143
2784,2019-20,26,Omar Colley,Sampdoria,cognome/token,174733
1987,2019-20,23,Jakub Jankto,Sampdoria,cognome/token,319160
2008,2019-20,24,Karol Linetty,Sampdoria,cognome/token,225873
2334,2019-20,21,Mehdi Léris,Sampdoria,cognome/token,348601
2391,2019-20,30,Albin Ekdal,Sampdoria,cognome/token,49275
2855,2019-20,21,Ronaldo Vieira,Sampdoria,cognome/token,434676
407,2019-20,27,Manolo Gabbiadini,Sampdoria,cognome/token,112343
505,2019-20,22,Federico Bonazzoli,Sampdoria,cognome/token,241527
568,2019-20,36,Fabio Quagliarella,Sampdoria,cognome/token,22328
1958,2019-20,26,Gianluca Caprari,Sampdoria,cognome/token,146752
494,2019-20,35,Édgar Barreto,Sampdoria,cognome/token,16120
2287,2019-20,28,Gastón Ramírez,Sampdoria,cognome/token,123742
490,2019-20,28,Vasco Regini,Sampdoria,cognome/token,72274
2141,2019-20,22,Fabio Depaoli,Sampdoria,cognome/token,324282
4403,2019-20,21,Jeff Chabot,Sampdoria,cognome/token,303219
366,2019-20,28,Andrea Bertolacci,Sampdoria,cognome/token,99227
4421,2019-20,24,Tommaso Augello,Sampdoria,cognome/token,284595
4404,2019-20,23,Morten Thorsby,Sampdoria,cognome/token,226524
144,2019-20,29,Lorenzo Tonelli,Sampdoria,cognome/token,111347
4405,2019-20,20,Gonzalo Maroni,Sampdoria,cognome/token,441385
4895,2019-20,30,Maya Yoshida,Sampdoria,cognome/token,81789
4921,2019-20,18,Kristoffer Askildsen,Sampdoria,cognome/token,574495
2134,2019-20,24,Wladimiro Falcone,Sampdoria,cognome/token,238537
45,2019-20,25,Alex Ferrari,Sampdoria,iniziale,197491
2868,2019-20,26,Emiliano Rigoni,Sampdoria,iniziale,282544
447,2019-20,23,,Sampdoria,iniziale,
4931,2019-20,18,Felice D'Amico,Sampdoria,iniziale,392500
2318,2019-20,21,Rogério,Sassuolo,cognome/token,401527
2355,2019-20,23,Marlon,Sassuolo,cognome/token,273236
509,2019-20,32,Andrea Consigli,Sassuolo,cognome/token,35865
521,2019-20,35,Federico Peluso,Sassuolo,cognome/token,21763
4426,2019-20,24,Jeremy Toljan,Sassuolo,cognome/token,129674
4521,2019-20,20,Mert Müldür,Sassuolo,cognome/token,353922
827,2019-20,21,Manuel Locatelli,Sassuolo,cognome/token,265088
2825,2019-20,27,Mehdi Bourabia,Sassuolo,cognome/token,131731
4501,2019-20,27,Pedro Obiang,Sassuolo,cognome/token,101213
2819,2019-20,31,Francesco Caputo,Sassuolo,cognome/token,84765
2832,2019-20,22,Jérémie Boga,Sassuolo,cognome/token,216569
4371,2019-20,19,Giacomo Raspadori,Sassuolo,cognome/token,405885
526,2019-20,26,Alfred Duncan,Sassuolo,cognome/token,184894
1976,2019-20,23,Luca Mazzitelli,Sassuolo,cognome/token,226025
1995,2019-20,27,Filip Djuricic,Sassuolo,cognome/token,94307
531,2019-20,25,Domenico Berardi,Sassuolo,cognome/token,177843
640,2019-20,29,Vlad Chiricheș,Sassuolo,cognome/token,123261
643,2019-20,28,Grégoire Defrel,Sassuolo,cognome/token,163222
528,2019-20,34,Francesco Magnanelli,Sassuolo,cognome/token,7093
4406,2019-20,20,Alessandro Tripaldelli,Sassuolo,cognome/token,357176
510,2019-20,38,Gianluca Pegolo,Sassuolo,cognome/token,21872
2279,2019-20,22,Filippo Romagna,Sassuolo,cognome/token,256678
4530,2019-20,23,Georgios Kyriakopoulos,Sassuolo,cognome/token,311178
4867,2019-20,17,Stefano Turati,Sassuolo,cognome/token,543666
2769,2019-20,23,Giangiacomo Magnani,Sassuolo,cognome/token,310458
4894,2019-20,23,Lukas Haraslin,Sassuolo,cognome/token,239941
4936,2019-20,18,Giacomo Manzari,Sassuolo,cognome/token,459953
4951,2019-20,16,Stefano Piccinini,Sassuolo,cognome/token,602607
1895,2019-20,18,,Sassuolo,iniziale,
2857,2019-20,19,,Sassuolo,iniziale,
2788,2019-20,22,Bremer,Torino,cognome/token,516716
2171,2019-20,22,Lyanco,Torino,cognome/token,379807
475,2019-20,29,Iago Falque,Torino,cognome/token,59340
2179,2019-20,32,Salvatore Sirigu,Torino,cognome/token,25508
226,2019-20,27,Armando Izzo,Torino,cognome/token,32113
2192,2019-20,23,Kevin Bonifazi,Torino,cognome/token,247377
2865,2019-20,22,Ola Aina,Torino,cognome/token,236490
2869,2019-20,26,Koffi Djidji,Torino,cognome/token,183031
238,2019-20,31,Tomás Rincón,Torino,cognome/token,75942
556,2019-20,27,Daniele Baselli,Torino,cognome/token,134883
706,2019-20,32,Cristian Ansaldi,Torino,cognome/token,55854
2009,2019-20,22,Saša Lukić,Torino,cognome/token,245056
2789,2019-20,25,Soualiho Meïté,Torino,cognome/token,164913
315,2019-20,28,Simone Zaza,Torino,cognome/token,96828
441,2019-20,25,Andrea Belotti,Torino,cognome/token,167727
235,2019-20,26,Diego Laxalt,Torino,cognome/token,230552
2205,2019-20,24,Álex Berenguer,Torino,cognome/token,338425
376,2019-20,27,Simone Verdi,Torino,cognome/token,130360
4346,2019-20,18,Vincenzo Millico,Torino,cognome/token,390159
1839,2019-20,22,Simone Edera,Torino,cognome/token,340070
4870,2019-20,19,Michel Adopo,Torino,cognome/token,564305
4899,2019-20,18,Wilfried Singo,Torino,cognome/token,648779
220,2019-20,31,Samir Ujkani,Torino,cognome/token,42744
2790,2019-20,36,Antonio Rosati,Torino,cognome/token,6442
4954,2019-20,17,Christian Celesia,Torino,cognome/token,562287
487,2019-20,31,Lorenzo De Silvestri,Torino,iniziale,33571
2288,2019-20,29,Nicolas N'Koulou,Torino,iniziale,60577
4412,2019-20,23,Rodrigo Becão,Udinese,cognome/token,410158
2392,2019-20,24,Walace,Udinese,cognome/token,323954
2792,2019-20,25,Juan Musso,Udinese,cognome/token,242359
790,2019-20,24,Samir Caetano,Udinese,cognome/token,255744
434,2019-20,31,Mato Jajalo,Udinese,cognome/token,47513
1933,2019-20,22,Rolando Mandragora,Udinese,cognome/token,308279
1986,2019-20,24,Seko Fofana,Udinese,cognome/token,182893
4524,2019-20,25,Ken Sema,Udinese,cognome/token,252345
90,2019-20,26,Kevin Lasagna,Udinese,cognome/token,131951
1943,2019-20,29,Ilija Nestorovski,Udinese,cognome/token,54581
2826,2019-20,23,Ignacio Pussetto,Udinese,cognome/token,283528
2873,2019-20,28,Lukasz Teodorczyk,Udinese,cognome/token,157849
2793,2019-20,21,Nicholas Opoku,Udinese,cognome/token,396516
2172,2019-20,24,Antonín Barák,Udinese,cognome/token,272261
4324,2019-20,29,Stefano Okaka,Udinese,cognome/token,35249
2280,2019-20,29,Bram Nuytinck,Udinese,cognome/token,104597
4323,2019-20,28,Marvin Zeegelaar,Udinese,cognome/token,92899
4932,2019-20,18,Marco Ballarini,Udinese,cognome/token,465279
4953,2019-20,17,Martin Palumbo,Udinese,cognome/token,617170
770,2019-20,21,Giuseppe Pezzella,Udinese,iniziale,336960
2870,2019-20,25,William Troost-Ekong,Udinese,iniziale,192875
1996,2019-20,25,Rodrigo De Paul,Udinese,iniziale,255901
224,2019-20,32,Sebastien De Maio,Udinese,iniziale,56830
2795,2019-20,22,Hidde ter Avest,Udinese,iniziale,258519
2011,2019-20,33,Miguel Veloso,Verona,cognome/token,43848
4499,2019-20,19,Lucas Felippe,Verona,cognome/token,538063
2211,2019-20,28,Marco Silvestri,Verona,cognome/token,85528
581,2019-20,27,Davide Faraoni,Verona,cognome/token,73926
2758,2019-20,24,Koray Günter,Verona,cognome/token,115763
4409,2019-20,25,Amir Rrahmani,Verona,cognome/token,257732
4420,2019-20,32,Salvatore Bocchetti,Verona,cognome/token,42678
4493,2019-20,24,Paweł Dawidowicz,Verona,cognome/token,248732
4495,2019-20,19,Marash Kumbulla,Verona,cognome/token,371371
236,2019-20,28,Darko Lazović,Verona,cognome/token,70411
600,2019-20,25,Valerio Verre,Verona,cognome/token,162961
632,2019-20,24,Mattia Zaccagni,Verona,cognome/token,283735
4522,2019-20,22,Sofyan Amrabat,Verona,cognome/token,287579
4507,2019-20,22,Gennaro Tutino,Verona,cognome/token,202979
2741,2019-20,22,Matteo Pessina,Verona,cognome/token,332179
2327,2019-20,24,Mariusz Stępiński,Verona,cognome/token,210363
636,2019-20,34,Giampaolo Pazzini,Verona,cognome/token,19447
2726,2019-20,20,Andrea Danzi,Verona,cognome/token,319171
4494,2019-20,25,Alan Empereur,Verona,cognome/token,169179
824,2019-20,21,Claud Adjapong,Verona,cognome/token,337716
2187,2019-20,28,Fabio Borini,Verona,cognome/token,96754
589,2019-20,28,Emmanuel Badu,Verona,cognome/token,108484
254,2019-20,21,Federico Dimarco,Verona,cognome/token,198116
2290,2019-20,27,Valentin Eysseric,Verona,cognome/token,126687
4934,2019-20,19,Matteo Lovato,Verona,cognome/token,459655
3,2019-20,23,Boris Radunović,Verona,cognome/token,258482
4498,2019-20,23,Liam Henderson,Verona,iniziale,193867
4500,2019-20,30,Samuel Di Carmine,Verona,iniziale,45389
4496,2019-20,31,Luigi Vitale,Verona,iniziale,80158
2304,2019-20,17,Eddie Salcedo,Verona,iniziale,459661
4,2020-21,28,Marco Sportiello,Atalanta,cognome/token,199976
695,2020-21,29,Rafael Tolói,Atalanta,cognome/token,72441
787,2020-21,27,Berat Djimsiti,Atalanta,cognome/token,165513
2130,2020-21,26,Hans Hateboer,Atalanta,cognome/token,275303
2160,2020-21,26,Robin Gosens,Atalanta,cognome/token,273132
2181,2020-21,30,José Luis Palomino,Atalanta,cognome/token,125020
4307,2020-21,22,Cristian Romero,Atalanta,cognome/token,355915
5293,2020-21,27,Johan Mojica,Atalanta,cognome/token,262939
26,2020-21,32,Papu Gómez,Atalanta,cognome/token,20005
788,2020-21,28,Remo Freuler,Atalanta,cognome/token,148252
2077,2020-21,25,Mario Pašalić,Atalanta,cognome/token,205938
4427,2020-21,27,Ruslan Malinovskyi,Atalanta,cognome/token,207877
507,2020-21,29,Luis Muriel,Atalanta,cognome/token,119228
5292,2020-21,23,Sam Lammers,Atalanta,cognome/token,386914
1847,2020-21,26,Mattia Caldara,Atalanta,cognome/token,197470
4888,2020-21,20,Bosko Sutalo,Atalanta,cognome/token,431698
2141,2020-21,23,Fabio Depaoli,Atalanta,cognome/token,324282
177,2020-21,32,Josip Ilicic,Atalanta,cognome/token,80351
2741,2020-21,23,Matteo Pessina,Atalanta,cognome/token,332179
5354,2020-21,18,Matteo Ruggeri,Atalanta,cognome/token,616631
5001,2020-21,24,Aleksey Miranchuk,Atalanta,cognome/token,255450
610,2020-21,25,Pierluigi Gollini,Atalanta,cognome/token,244192
5006,2020-21,27,Cristiano Piccini,Atalanta,cognome/token,163086
5375,2020-21,23,Joakim Maehle,Atalanta,cognome/token,369674
5363,2020-21,18,Emmanuel Gyabuaa,Atalanta,cognome/token,432089
5408,2020-21,19,Davide Ghislandi,Atalanta,cognome/token,421769
5397,2020-21,24,Viktor Kovalenko,Atalanta,cognome/token,203842
22,2020-21,29,Marten de Roon,Atalanta,iniziale,133179
608,2020-21,29,Duván Zapata,Atalanta,iniziale,73794
4862,2020-21,18,Amad Diallo,Atalanta,iniziale,536835
475,2020-21,30,Iago Falque,Benevento,cognome/token,59340
4957,2020-21,24,Lorenzo Montipò,Benevento,cognome/token,241923
74,2020-21,30,Gaetano Letizia,Benevento,cognome/token,160560
134,2020-21,26,Federico Barba,Benevento,cognome/token,165873
394,2020-21,38,Christian Maggio,Benevento,cognome/token,21151
548,2020-21,32,Kamil Glik,Benevento,cognome/token,46552
4958,2020-21,29,Luca Caldirola,Benevento,cognome/token,88680
4959,2020-21,21,Daam Foulon,Benevento,cognome/token,338637
4960,2020-21,30,Alessandro Tuia,Benevento,cognome/token,73943
115,2020-21,33,Perparim Hetemaj,Benevento,cognome/token,37295
627,2020-21,29,Artur Ioniță,Benevento,cognome/token,98888
2265,2020-21,33,Pasquale Schiattarella,Benevento,cognome/token,56762
2659,2020-21,28,Bryan Dabo,Benevento,cognome/token,149446
1939,2020-21,30,Gianluca Lapadula,Benevento,cognome/token,130394
1958,2020-21,27,Gianluca Caprari,Benevento,cognome/token,146752
2853,2020-21,24,Gabriele Moncini,Benevento,cognome/token,238977
1882,2020-21,32,Marco Sau,Benevento,cognome/token,55801
4962,2020-21,26,Riccardo Improta,Benevento,cognome/token,163489
1915,2020-21,23,Andrés Tello,Benevento,cognome/token,331389
5376,2020-21,19,Christian Pastina,Benevento,cognome/token,476624
440,2020-21,30,Nicolas Viola,Benevento,cognome/token,85393
2141,2020-21,23,Fabio Depaoli,Benevento,cognome/token,324282
5394,2020-21,21,Adolfo Gaich,Benevento,cognome/token,608469
4956,2020-21,32,Nicolò Manfredini,Benevento,cognome/token,139743
2733,2020-21,18,Siriky Sanogo,Benevento,cognome/token,539612
5443,2020-21,19,Amadou Diambo,Benevento,cognome/token,708868
4963,2020-21,26,Roberto Insigne,Benevento,iniziale,200174
5352,2020-21,19,Giuseppe Di Serio,Benevento,iniziale,532040
2244,2020-21,30,Lorenzo Del Pinto,Benevento,iniziale,244061
133,2020-21,29,Lukasz Skorupski,Bologna,cognome/token,80894
2746,2020-21,27,Mitchell Dijks,Bologna,cognome/token,187245
4422,2020-21,21,Takehiro Tomiyasu,Bologna,cognome/token,331560
2625,2020-21,29,Roberto Soriano,Bologna,cognome/token,63186
2744,2020-21,21,Mattias Svanberg,Bologna,cognome/token,342405
4393,2020-21,23,Jerdy Schouten,Bologna,cognome/token,347900
4869,2020-21,22,Nicolás Domínguez,Bologna,cognome/token,497291
280,2020-21,38,Rodrigo Palacio,Bologna,cognome/token,39099
537,2020-21,28,Nicola Sansone,Bologna,cognome/token,82048
2154,2020-21,19,Emanuel Vignato,Bologna,cognome/token,394346
2167,2020-21,23,Riccardo Orsolini,Bologna,cognome/token,368482
2719,2020-21,21,Musa Barrow,Bologna,cognome/token,486624
2743,2020-21,29,Federico Santander,Bologna,cognome/token,99180
4414,2020-21,27,Stefano Denswil,Bologna,cognome/token,182923
5300,2020-21,18,Aaron Hickey,Bologna,cognome/token,591949
272,2020-21,32,Gary Medel,Bologna,cognome/token,60889
374,2020-21,30,Andrea Poli,Bologna,cognome/token,44834
50,2020-21,25,Ibrahima Mbaye,Bologna,cognome/token,207715
4919,2020-21,18,Andri Fannar Baldursson,Bologna,cognome/token,464446
5359,2020-21,18,Omar Khailoti,Bologna,cognome/token,556173
5360,2020-21,19,Edoardo Vergani,Bologna,cognome/token,421780
5361,2020-21,18,Simone Rabbi,Bologna,cognome/token,482792
2747,2020-21,27,Nehuén Paz,Bologna,cognome/token,284724
5362,2020-21,18,Mattia Pagliuca,Bologna,cognome/token,616667
2745,2020-21,24,Arturo Calabresi,Bologna,cognome/token,240897
4891,2020-21,28,Adama Soumaoro,Bologna,cognome/token,126673
5399,2020-21,19,Valentin Antov,Bologna,cognome/token,227347
4368,2020-21,18,Musa Juwara,Bologna,cognome/token,562030
5424,2020-21,14,Wisdom Amey,Bologna,cognome/token,818878
5425,2020-21,15,Kacper Urbański,Bologna,cognome/token,699442
5436,2020-21,16,Antonio Raimondo,Bologna,cognome/token,818888
2116,2020-21,27,Paolo Faragò,Bologna,cognome/token,167796
487,2020-21,32,Lorenzo De Silvestri,Bologna,iniziale,33571
4415,2020-21,20,Andreas Skov Olsen,Bologna,iniziale,432982
2722,2020-21,20,Federico Ravaglia,Bologna,iniziale,390304
40,2020-21,36,Angelo da Costa,Bologna,iniziale,82693
1874,2020-21,28,João Pedro,Cagliari,cognome/token,129129
2178,2020-21,26,Alessio Cragno,Cagliari,cognome/token,12907
1869,2020-21,34,Fabio Pisacane,Cagliari,cognome/token,101922
2116,2020-21,27,Paolo Faragò,Cagliari,cognome/token,167796
2653,2020-21,26,Charalampos Lykogiannis,Cagliari,cognome/token,136514
2871,2020-21,34,Ragnar Klavan,Cagliari,cognome/token,26669
4374,2020-21,20,Sebastian Walukiewicz,Cagliari,cognome/token,345458
4406,2020-21,21,Alessandro Tripaldelli,Cagliari,cognome/token,357176
4461,2020-21,20,Gabriele Zappa,Cagliari,cognome/token,392569
2076,2020-21,25,Marko Rog,Cagliari,cognome/token,317482
2725,2020-21,20,Fabrizio Caligara,Cagliari,cognome/token,386574
2839,2020-21,21,Riccardo Sottil,Cagliari,cognome/token,386455
4327,2020-21,24,Christian Oliva,Cagliari,cognome/token,563812
4514,2020-21,24,Nahitan Nández,Cagliari,cognome/token,315063
4965,2020-21,24,Răzvan Marin,Cagliari,cognome/token,295183
2061,2020-21,25,Giovanni Simeone,Cagliari,cognome/token,282388
247,2020-21,31,Leonardo Pavoletti,Cagliari,cognome/token,64793
4333,2020-21,23,Kiril Despodov,Cagliari,cognome/token,221540
2572,2020-21,34,Diego Godín,Cagliari,cognome/token,54928
2195,2020-21,23,Adam Ounas,Cagliari,cognome/token,400485
306,2020-21,24,Alberto Cerri,Cagliari,cognome/token,197751
1866,2020-21,30,Luca Ceppitelli,Cagliari,cognome/token,102745
4886,2020-21,25,Gastón Pereiro,Cagliari,cognome/token,264116
467,2020-21,32,Radja Nainggolan,Cagliari,cognome/token,41982
526,2020-21,27,Alfred Duncan,Cagliari,cognome/token,184894
1871,2020-21,25,Alessandro Deiola,Cagliari,cognome/token,235931
294,2020-21,26,Daniele Rugani,Cagliari,cognome/token,162959
295,2020-21,31,Kwadwo Asamoah,Cagliari,cognome/token,63531
2745,2020-21,24,Arturo Calabresi,Cagliari,cognome/token,240897
4964,2020-21,23,Guglielmo Vicario,Cagliari,cognome/token,286047
5318,2020-21,20,Matteo Tramoni,Cagliari,iniziale,475410
4925,2020-21,19,Andrea Carboni,Cagliari,iniziale,481834
5008,2020-21,25,Eduardo Henrique,Crotone,cognome/token,216118
1997,2020-21,28,Simy,Crotone,cognome/token,194549
1889,2020-21,37,Alex Cordaz,Crotone,cognome/token,16633
84,2020-21,30,Luca Marrone,Crotone,cognome/token,124769
423,2020-21,31,Andrea Rispoli,Crotone,cognome/token,74448
1950,2020-21,30,Antonio Mazzotta,Crotone,cognome/token,61751
4967,2020-21,29,Vladimir Golemic,Crotone,cognome/token,169841
5000,2020-21,26,Lisandro Magallán,Crotone,cognome/token,66736
20,2020-21,34,Luca Cigarini,Crotone,cognome/token,33218
2316,2020-21,22,Niccolò Zanellato,Crotone,cognome/token,343945
4968,2020-21,25,Tomislav Gomelt,Crotone,cognome/token,210983
4970,2020-21,29,Junior Messias,Crotone,cognome/token,449151
5003,2020-21,20,Augustus Kargbo,Crotone,cognome/token,549791
5009,2020-21,30,Emmanuel Rivière,Crotone,cognome/token,61637
5011,2020-21,21,Denis Drăguș,Crotone,cognome/token,405399
2739,2020-21,25,Arkadiusz Reca,Crotone,cognome/token,268178
5002,2020-21,23,Milos Vulic,Crotone,cognome/token,270901
393,2020-21,23,Sebastiano Luperto,Crotone,cognome/token,278531
179,2020-21,25,Jacopo Petriccione,Crotone,cognome/token,218067
637,2020-21,32,Luca Siligardi,Crotone,cognome/token,86079
428,2020-21,28,Ahmad Benali,Crotone,cognome/token,121402
2286,2020-21,22,Giovanni Crociata,Crotone,cognome/token,291400
2143,2020-21,22,Giuseppe Cuomo,Crotone,cognome/token,365565
2869,2020-21,27,Koffi Djidji,Crotone,cognome/token,183031
5346,2020-21,18,Luis Rojas,Crotone,cognome/token,662752
2195,2020-21,23,Adam Ounas,Crotone,cognome/token,400485
1890,2020-21,28,Marco Festa,Crotone,cognome/token,257660
5289,2020-21,19,Gian Marco Crespi,Crotone,cognome/token,504825
1851,2020-21,28,Salvatore Molina,Crotone,iniziale,163582
729,2020-21,22,Pedro Pereira,Crotone,iniziale,314965
4500,2020-21,31,Samuel Di Carmine,Crotone,iniziale,45389
172,2020-21,35,Borja Valero,Fiorentina,cognome/token,40372
1917,2020-21,22,Bartłomiej Drągowski,Fiorentina,cognome/token,208166
252,2020-21,27,Cristiano Biraghi,Fiorentina,cognome/token,124555
287,2020-21,33,Martín Cáceres,Fiorentina,cognome/token,54935
1891,2020-21,28,Federico Ceccherini,Fiorentina,cognome/token,163639
2006,2020-21,22,Pol Lirola,Fiorentina,cognome/token,298975
2164,2020-21,22,Nikola Milenković,Fiorentina,cognome/token,413507
2174,2020-21,25,Lorenzo Venuti,Fiorentina,cognome/token,240219
367,2020-21,30,Giacomo Bonaventura,Fiorentina,cognome/token,57280
526,2020-21,27,Alfred Duncan,Fiorentina,cognome/token,184894
2002,2020-21,22,Federico Chiesa,Fiorentina,cognome/token,341092
4377,2020-21,23,Gaetano Castrovilli,Fiorentina,cognome/token,303116
2155,2020-21,22,Patrick Cutrone,Fiorentina,cognome/token,265078
2409,2020-21,37,Franck Ribéry,Fiorentina,cognome/token,22068
2762,2020-21,22,Christian Kouamé,Fiorentina,cognome/token,337725
2841,2020-21,20,Dušan Vlahović,Fiorentina,cognome/token,357498
4522,2020-21,23,Sofyan Amrabat,Fiorentina,cognome/token,287579
150,2020-21,28,Riccardo Saponara,Fiorentina,cognome/token,88909
4407,2020-21,22,Igor Julio,Fiorentina,cognome/token,380350
406,2020-21,33,José Callejón,Fiorentina,cognome/token,61253
644,2020-21,26,Erick Pulgar,Fiorentina,cognome/token,215616
2290,2020-21,28,Valentin Eysseric,Fiorentina,cognome/token,126687
1979,2020-21,25,Antonio Barreca,Fiorentina,cognome/token,241889
2860,2020-21,29,Kévin Malcuit,Fiorentina,cognome/token,126711
5391,2020-21,29,Aleksandr Kokorin,Fiorentina,cognome/token,89086
4353,2020-21,20,Tòfol Montiel,Fiorentina,cognome/token,573979
2815,2020-21,30,Pietro Terracciano,Fiorentina,cognome/token,96254
2309,2020-21,29,Germán Pezzella,Fiorentina,iniziale,113133
5323,2020-21,24,Lucas Martínez Quarta,Fiorentina,iniziale,373373
2087,2020-21,28,Maximiliano Olivera,Fiorentina,iniziale,179757
218,2020-21,27,Mattia Perin,Genoa,cognome/token,110923
244,2020-21,23,Paolo Ghiglione,Genoa,cognome/token,313477
418,2020-21,26,Edoardo Goldaniga,Genoa,cognome/token,242940
554,2020-21,28,Davide Zappacosta,Genoa,cognome/token,173859
2083,2020-21,26,Davide Biraschi,Genoa,cognome/token,199927
4881,2020-21,21,Lennart Czyborra,Genoa,cognome/token,309393
118,2020-21,31,Ivan Radovanovic,Genoa,cognome/token,46105
170,2020-21,31,Milan Badelj,Genoa,cognome/token,40633
2121,2020-21,21,Filippo Melegoni,Genoa,cognome/token,315862
2124,2020-21,26,Miha Zajc,Genoa,cognome/token,149829
2302,2020-21,35,Valon Behrami,Genoa,cognome/token,21905
4330,2020-21,27,Lukas Lerager,Genoa,cognome/token,167105
245,2020-21,37,Goran Pandev,Genoa,cognome/token,12563
472,2020-21,29,Mattia Destro,Genoa,cognome/token,88683
1998,2020-21,25,Marko Pjaca,Genoa,cognome/token,205940
318,2020-21,37,Federico Marchetti,Genoa,cognome/token,22318
15,2020-21,34,Andrea Masiello,Genoa,cognome/token,34198
2285,2020-21,26,Mattia Bani,Genoa,cognome/token,176139
2759,2020-21,33,Domenico Criscito,Genoa,cognome/token,44136
1982,2020-21,24,Vittorio Parigini,Genoa,cognome/token,238981
4459,2020-21,18,Nicolò Rovella,Genoa,cognome/token,525704
2137,2020-21,21,Gianluca Scamacca,Genoa,cognome/token,315867
5341,2020-21,19,Steeve-Mike Eyango,Genoa,cognome/token,702372
5311,2020-21,25,Eldor Shomurodov,Genoa,cognome/token,358166
305,2020-21,27,Stefano Sturaro,Genoa,cognome/token,167859
5320,2020-21,27,Alberto Paleari,Genoa,cognome/token,163048
5364,2020-21,21,Giuseppe Caso,Genoa,cognome/token,398030
5379,2020-21,22,Jérôme Onguéné,Genoa,cognome/token,272638
470,2020-21,30,Kevin Strootman,Genoa,cognome/token,68864
4370,2020-21,20,Manolo Portanova,Genoa,cognome/token,394304
2213,2020-21,23,Francesco Cassata,Genoa,cognome/token,301236
5439,2020-21,19,Yayah Kallon,Genoa,cognome/token,623040
365,2020-21,33,Cristian Zapata,Genoa,iniziale,34344
2728,2020-21,21,Luca Pellegrini,Genoa,iniziale,346567
250,2020-21,36,Samir Handanovič,Inter,cognome/token,28021
798,2020-21,25,Milan Škriniar,Inter,cognome/token,204069
2214,2020-21,34,Aleksandar Kolarov,Inter,cognome/token,46156
2707,2020-21,35,Ashley Young,Inter,cognome/token,14086
4160,2020-21,21,Achraf Hakimi,Inter,cognome/token,398073
265,2020-21,27,Marcelo Brozović,Inter,cognome/token,156617
704,2020-21,31,Ivan Perisic,Inter,cognome/token,42460
801,2020-21,26,Roberto Gagliardini,Inter,cognome/token,197471
1870,2020-21,23,Nicolò Barella,Inter,cognome/token,255942
1978,2020-21,24,Stefano Sensi,Inter,cognome/token,216179
2414,2020-21,33,Arturo Vidal,Inter,cognome/token,37666
2556,2020-21,28,Christian Eriksen,Inter,cognome/token,69633
2475,2020-21,31,Alexis Sánchez,Inter,cognome/token,40433
2531,2020-21,27,Romelu Lukaku,Inter,cognome/token,96341
2120,2020-21,21,Alessandro Bastoni,Inter,cognome/token,315853
467,2020-21,32,Radja Nainggolan,Inter,cognome/token,41982
261,2020-21,32,Andrea Ranocchia,Inter,cognome/token,44327
2525,2020-21,30,Matteo Darmian,Inter,cognome/token,54906
2038,2020-21,21,Andrea Pinamonti,Inter,cognome/token,315865
181,2020-21,28,Matías Vecino,Inter,cognome/token,143812
543,2020-21,34,Daniele Padelli,Inter,cognome/token,27807
322,2020-21,28,Stefan de Vrij,Inter,iniziale,111196
2764,2020-21,17,,Inter,iniziale,
253,2020-21,31,Danilo D'Ambrosio,Inter,iniziale,55769
1843,2020-21,23,Ionuț Radu,Inter,iniziale,303657
4237,2020-21,29,Danilo,Juventus,cognome/token,145707
2200,2020-21,29,Douglas Costa,Juventus,cognome/token,75615
662,2020-21,29,Alex Sandro,Juventus,cognome/token,79960
453,2020-21,30,Wojciech Szczesny,Juventus,cognome/token,44058
286,2020-21,33,Leonardo Bonucci,Juventus,cognome/token,39983
288,2020-21,35,Giorgio Chiellini,Juventus,cognome/token,29260
697,2020-21,32,Juan Cuadrado,Juventus,cognome/token,91970
4332,2020-21,22,Merih Demiral,Juventus,cognome/token,340879
4946,2020-21,21,Gianluca Frabotta,Juventus,cognome/token,386755
2166,2020-21,23,Rodrigo Bentancur,Juventus,cognome/token,354362
2379,2020-21,25,Adrien Rabiot,Juventus,cognome/token,182913
2472,2020-21,29,Aaron Ramsey,Juventus,cognome/token,50057
2833,2020-21,20,Dejan Kulusevski,Juventus,cognome/token,431755
4973,2020-21,21,Weston McKennie,Juventus,cognome/token,332697
2610,2020-21,35,Cristiano Ronaldo,Juventus,cognome/token,8198
313,2020-21,27,Álvaro Morata,Juventus,cognome/token,128223
282,2020-21,42,Gianluigi Buffon,Juventus,cognome/token,5023
309,2020-21,26,Paulo Dybala,Juventus,cognome/token,206050
184,2020-21,26,Federico Bernardeschi,Juventus,cognome/token,197300
2002,2020-21,22,Federico Chiesa,Juventus,cognome/token,341092
4370,2020-21,20,Manolo Portanova,Juventus,cognome/token,394304
4948,2020-21,21,Giacomo Vrioni,Juventus,cognome/token,363178
5365,2020-21,18,Radu Drăgușin,Juventus,cognome/token,568559
4465,2020-21,19,Nicolò Fagioli,Juventus,cognome/token,432090
5419,2020-21,19,Félix Correia,Juventus,cognome/token,479648
1930,2020-21,30,Carlo Pinsoglio,Juventus,cognome/token,75411
358,2020-21,26,,Juventus,iniziale,
4285,2020-21,23,,Juventus,iniziale,
4428,2020-21,20,Matthijs de Ligt,Juventus,iniziale,326031
5406,2020-21,21,Alessandro Di Pardo,Juventus,iniziale,457674
327,2020-21,27,Patric,Lazio,cognome/token,126729
2062,2020-21,29,Bastos,Lazio,cognome/token,195810
2085,2020-21,27,Luis Alberto,Lazio,cognome/token,128220
2209,2020-21,33,Lucas Leiva,Lazio,cognome/token,41414
2335,2020-21,23,Luiz Felipe,Lazio,cognome/token,457931
1934,2020-21,25,Thomas Strakosha,Lazio,cognome/token,222209
329,2020-21,33,Ștefan Radu,Lazio,cognome/token,44420
513,2020-21,32,Francesco Acerbi,Lazio,cognome/token,131075
333,2020-21,25,Danilo Cataldi,Lazio,cognome/token,199733
2188,2020-21,27,Adam Marusic,Lazio,cognome/token,239802
2263,2020-21,26,Manuel Lazzari,Lazio,cognome/token,331401
4975,2020-21,27,Gonzalo Escalante,Lazio,cognome/token,266795
785,2020-21,30,Ciro Immobile,Lazio,cognome/token,105521
2284,2020-21,31,Felipe Caicedo,Lazio,cognome/token,37834
342,2020-21,35,Marco Parolo,Lazio,cognome/token,84545
495,2020-21,25,Joaquín Correa,Lazio,cognome/token,227081
324,2020-21,26,Wesley Hoedt,Lazio,cognome/token,253765
4397,2020-21,24,Denis Vavro,Lazio,cognome/token,239962
5012,2020-21,26,Vedat Muriqi,Lazio,cognome/token,256267
387,2020-21,37,Pepe Reina,Lazio,cognome/token,7825
338,2020-21,34,Senad Lulic,Lazio,cognome/token,61449
2168,2020-21,29,Mateo Musacchio,Lazio,cognome/token,45653
4366,2020-21,19,Nicolò Armini,Lazio,cognome/token,421775
5442,2020-21,17,Marco Bertini,Lazio,cognome/token,613539
4938,2020-21,17,Raúl Moro,Lazio,cognome/token,624942
645,2020-21,24,,Lazio,iniziale,
4390,2020-21,25,Djavan Anderson,Lazio,iniziale,215089
5286,2020-21,27,Jean-Daniel Akpa Akpro,Lazio,iniziale,170481
4249,2020-21,24,Andreas Pereira,Lazio,iniziale,203394
4510,2020-21,21,Rafael Leão,Milan,cognome/token,357164
357,2020-21,23,Davide Calabria,Milan,cognome/token,262523
2633,2020-21,31,Simon Kjaer,Milan,cognome/token,48859
4401,2020-21,20,Matteo Gabbia,Milan,cognome/token,323167
4511,2020-21,24,Léo Duarte,Milan,cognome/token,312678
148,2020-21,26,Rade Krunic,Milan,cognome/token,259953
1850,2020-21,23,Franck Kessié,Milan,cognome/token,294808
2194,2020-21,26,Hakan Çalhanoğlu,Milan,cognome/token,126414
2692,2020-21,25,Samu Castillejo,Milan,cognome/token,195171
4449,2020-21,20,Sandro Tonali,Milan,cognome/token,397033
4892,2020-21,21,Alexis Saelemaekers,Milan,cognome/token,381950
186,2020-21,26,Ante Rebić,Milan,cognome/token,187587
2530,2020-21,38,Zlatan Ibrahimović,Milan,cognome/token,3455
4896,2020-21,18,Daniel Maldini,Milan,cognome/token,539134
5310,2020-21,20,Jens Petter Hauge,Milan,cognome/token,422355
460,2020-21,25,Alessio Romagnoli,Milan,cognome/token,197747
160,2020-21,34,Ciprian Tătărușanu,Milan,cognome/token,55282
4242,2020-21,21,Diogo Dalot,Milan,cognome/token,357147
4976,2020-21,20,Pierre Kalulu,Milan,cognome/token,585949
11,2020-21,26,Andrea Conti,Milan,cognome/token,111227
2789,2020-21,26,Soualiho Meïté,Milan,cognome/token,164913
2168,2020-21,29,Mateo Musacchio,Milan,cognome/token,45653
312,2020-21,34,Mario Mandžukić,Milan,cognome/token,34572
4751,2020-21,22,Fikayo Tomori,Milan,cognome/token,303254
350,2020-21,21,Gianluigi Donnarumma,Milan,iniziale,315858
4292,2020-21,22,Theo Hernández,Milan,iniziale,339808
2818,2020-21,22,,Milan,iniziale,
4825,2020-21,20,Brahim Díaz,Milan,iniziale,314678
4923,2020-21,18,,Milan,iniziale,
142,2020-21,29,Mário Rui,Napoli,cognome/token,87884
2468,2020-21,31,David Ospina,Napoli,cognome/token,73396
140,2020-21,26,Elseid Hysaj,Napoli,cognome/token,200056
392,2020-21,29,Kalidou Koulibaly,Napoli,cognome/token,93128
459,2020-21,29,Konstantinos Manolas,Napoli,cognome/token,104752
152,2020-21,26,Piotr Zielinski,Napoli,cognome/token,181136
536,2020-21,26,Matteo Politano,Napoli,cognome/token,165895
2775,2020-21,24,Fabián Ruiz,Napoli,cognome/token,350219
4287,2020-21,25,Stanislav Lobotka,Napoli,cognome/token,192735
4479,2020-21,20,Eljif Elmas,Napoli,cognome/token,400489
4725,2020-21,28,Diego Demme,Napoli,cognome/token,82070
383,2020-21,25,Andrea Petagna,Napoli,cognome/token,199258
409,2020-21,29,Lorenzo Insigne,Napoli,cognome/token,133964
410,2020-21,33,Dries Mertens,Napoli,cognome/token,56416
4517,2020-21,25,Hirving Lozano,Napoli,cognome/token,316889
4661,2020-21,21,Victor Osimhen,Napoli,cognome/token,401923
572,2020-21,23,Alex Meret,Napoli,cognome/token,240414
390,2020-21,29,Faouzi Ghoulam,Napoli,cognome/token,126656
550,2020-21,28,Nikola Maksimović,Napoli,cognome/token,124715
4409,2020-21,26,Amir Rrahmani,Napoli,cognome/token,257732
2860,2020-21,29,Kévin Malcuit,Napoli,cognome/token,126711
2639,2020-21,25,Tiemoué Bakayoko,Napoli,cognome/token,182618
311,2020-21,35,Fernando Llorente,Napoli,cognome/token,35564
2816,2020-21,26,Giovanni Di Lorenzo,Napoli,iniziale,169880
5380,2020-21,17,,Napoli,iniziale,
1864,2020-21,38,Bruno Alves,Parma,cognome/token,13121
4423,2020-21,26,Hernani,Parma,cognome/token,181768
474,2020-21,33,Gervinho,Parma,cognome/token,33481
159,2020-21,29,Luigi Sepe,Parma,cognome/token,99254
2525,2020-21,30,Matteo Darmian,Parma,cognome/token,54906
2801,2020-21,33,Simone Iacoponi,Parma,cognome/token,59699
27,2020-21,25,Alberto Grassi,Parma,cognome/token,197473
234,2020-21,33,Juraj Kucka,Parma,cognome/token,74943
400,2020-21,28,Jacopo Dezi,Parma,cognome/token,165531
430,2020-21,27,Gastón Brugman,Parma,cognome/token,131109
123,2020-21,28,Roberto Inglese,Parma,cognome/token,159337
637,2020-21,32,Luca Siligardi,Parma,cognome/token,86079
2163,2020-21,27,Andreas Cornelius,Parma,cognome/token,203412
2325,2020-21,22,Yann Karamoh,Parma,cognome/token,324804
139,2020-21,28,Kastriot Dermaku,Parma,cognome/token,163647
141,2020-21,31,Vincent Laurini,Parma,cognome/token,94936
2773,2020-21,27,Mattia Sprocati,Parma,cognome/token,199274
4387,2020-21,20,Andrea Adorante,Parma,cognome/token,364206
73,2020-21,30,Riccardo Gagliolo,Parma,cognome/token,240786
28,2020-21,31,Jasmin Kurtic,Parma,cognome/token,85825
2357,2020-21,25,Wylan Cyprien,Parma,cognome/token,182889
5319,2020-21,19,Simon Sohm,Parma,cognome/token,507486
5327,2020-21,26,Yordan Osorio,Parma,cognome/token,358165
5317,2020-21,23,Juan Brunetta,Parma,cognome/token,466268
5326,2020-21,20,Maxime Busi,Parma,cognome/token,570817
2804,2020-21,32,Matteo Scozzarella,Parma,cognome/token,85208
5307,2020-21,21,Lautaro Valenti,Parma,cognome/token,625202
5322,2020-21,20,Valentin Mihăilă,Parma,cognome/token,535469
5381,2020-21,17,Daan Dierckx,Parma,cognome/token,621965
11,2020-21,26,Andrea Conti,Parma,cognome/token,111227
5393,2020-21,21,Dennis Man,Parma,cognome/token,397486
2285,2020-21,26,Mattia Bani,Parma,cognome/token,176139
5086,2020-21,19,Joshua Zirkzee,Parma,cognome/token,435648
5401,2020-21,35,Graziano Pellè,Parma,cognome/token,29594
412,2020-21,29,Simone Colombi,Parma,cognome/token,57285
5385,2020-21,19,Vasilios Zagaritis,Parma,cognome/token,613781
5438,2020-21,18,Márk Kosznovszky,Parma,cognome/token,543729
770,2020-21,18,,Parma,iniziale,
5353,2020-21,20,,Parma,iniziale,
5377,2020-21,23,Giacomo Ricci,Parma,iniziale,261056
5415,2020-21,15,Chaka Traorè,Parma,iniziale,700998
5421,2020-21,18,Drissa Camara,Parma,iniziale,614742
2489,2020-21,33,Pedro,Roma,cognome/token,65278
546,2020-21,30,Bruno Peres,Roma,cognome/token,148751
4884,2020-21,22,Carles Pérez,Roma,cognome/token,282810
4419,2020-21,25,Pau López,Roma,cognome/token,286415
256,2020-21,29,Juan Jesus,Roma,cognome/token,121985
41,2020-21,37,Antonio Mirante,Roma,cognome/token,22141
262,2020-21,29,Davide Santon,Roma,cognome/token,84344
1852,2020-21,27,Leonardo Spinazzola,Roma,cognome/token,118689
2180,2020-21,25,Rick Karsdorp,Roma,cognome/token,205006
2296,2020-21,24,Gianluca Mancini,Roma,cognome/token,256448
4331,2020-21,21,Roger Ibañez,Roma,cognome/token,524481
58,2020-21,23,Amadou Diawara,Roma,cognome/token,355501
779,2020-21,25,Bryan Cristante,Roma,cognome/token,199248
2215,2020-21,27,Jordan Veretout,Roma,cognome/token,164771
2529,2020-21,31,Henrikh Mkhitaryan,Roma,cognome/token,55735
2779,2020-21,21,Justin Kluivert,Roma,cognome/token,330659
4885,2020-21,22,Gonzalo Villar,Roma,cognome/token,398163
4495,2020-21,20,Marash Kumbulla,Roma,cognome/token,371371
647,2020-21,34,Edin Dzeko,Roma,cognome/token,28396
5233,2020-21,23,Borja Mayoral,Roma,cognome/token,298976
4245,2020-21,30,Chris Smalling,Roma,cognome/token,103427
4945,2020-21,18,Riccardo Calafiori,Roma,cognome/token,502821
2016,2020-21,33,Federico Fazio,Roma,cognome/token,45314
5398,2020-21,19,Bryan Reynolds,Roma,cognome/token,475208
2378,2020-21,31,Javier Pastore,Roma,cognome/token,55215
2781,2020-21,23,Daniel Fuzato,Roma,cognome/token,438682
5420,2020-21,19,Ebrima Darboe,Roma,cognome/token,647484
5422,2020-21,18,Nicola Zalewski,Roma,cognome/token,550108
5423,2020-21,18,Edoardo Bove,Roma,cognome/token,562049
530,2020-21,24,Lorenzo Pellegrini,Roma,iniziale,286297
795,2020-21,27,Stephan El Shaarawy,Roma,iniziale,94529
2703,2020-21,31,Adrien Silva,Sampdoria,cognome/token,56810
761,2020-21,23,Emil Audero,Sampdoria,cognome/token,256339
144,2020-21,30,Lorenzo Tonelli,Sampdoria,cognome/token,111347
2104,2020-21,28,Bartosz Bereszyński,Sampdoria,cognome/token,144143
2141,2020-21,23,Fabio Depaoli,Sampdoria,cognome/token,324282
2784,2020-21,27,Omar Colley,Sampdoria,cognome/token,174733
4421,2020-21,25,Tommaso Augello,Sampdoria,cognome/token,284595
4895,2020-21,31,Maya Yoshida,Sampdoria,cognome/token,81789
600,2020-21,26,Valerio Verre,Sampdoria,cognome/token,162961
1987,2020-21,24,Jakub Jankto,Sampdoria,cognome/token,319160
2287,2020-21,29,Gastón Ramírez,Sampdoria,cognome/token,123742
2334,2020-21,22,Mehdi Léris,Sampdoria,cognome/token,348601
2391,2020-21,31,Albin Ekdal,Sampdoria,cognome/token,49275
4404,2020-21,24,Morten Thorsby,Sampdoria,cognome/token,226524
4978,2020-21,20,Mikkel Damsgaard,Sampdoria,cognome/token,540941
505,2020-21,23,Federico Bonazzoli,Sampdoria,cognome/token,241527
568,2020-21,37,Fabio Quagliarella,Sampdoria,cognome/token,22328
332,2020-21,33,Antonio Candreva,Sampdoria,cognome/token,25488
407,2020-21,28,Manolo Gabbiadini,Sampdoria,cognome/token,112343
490,2020-21,29,Vasco Regini,Sampdoria,cognome/token,72274
4921,2020-21,19,Kristoffer Askildsen,Sampdoria,cognome/token,574495
4453,2020-21,28,Ernesto Torregrossa,Sampdoria,cognome/token,159883
4520,2020-21,23,Karlo Letica,Sampdoria,cognome/token,318707
5315,2020-21,23,Antonio Palumbo,Sampdoria,iniziale,287863
345,2020-21,25,Keita Baldé,Sampdoria,iniziale,238752
447,2020-21,24,,Sampdoria,iniziale,
45,2020-21,26,Alex Ferrari,Sampdoria,iniziale,197491
2318,2020-21,22,Rogério,Sassuolo,cognome/token,401527
2355,2020-21,24,Marlon,Sassuolo,cognome/token,273236
509,2020-21,33,Andrea Consigli,Sassuolo,cognome/token,35865
640,2020-21,30,Vlad Chiricheș,Sassuolo,cognome/token,123261
4426,2020-21,25,Jeremy Toljan,Sassuolo,cognome/token,129674
4521,2020-21,21,Mert Müldür,Sassuolo,cognome/token,353922
4530,2020-21,24,Georgios Kyriakopoulos,Sassuolo,cognome/token,311178
4979,2020-21,25,Kaan Ayhan,Sassuolo,cognome/token,119031
827,2020-21,22,Manuel Locatelli,Sassuolo,cognome/token,265088
1995,2020-21,28,Filip Djuricic,Sassuolo,cognome/token,94307
2825,2020-21,28,Mehdi Bourabia,Sassuolo,cognome/token,131731
4501,2020-21,28,Pedro Obiang,Sassuolo,cognome/token,101213
531,2020-21,26,Domenico Berardi,Sassuolo,cognome/token,177843
643,2020-21,29,Grégoire Defrel,Sassuolo,cognome/token,163222
2819,2020-21,32,Francesco Caputo,Sassuolo,cognome/token,84765
4894,2020-21,24,Lukas Haraslin,Sassuolo,cognome/token,239941
521,2020-21,36,Federico Peluso,Sassuolo,cognome/token,21763
4371,2020-21,20,Giacomo Raspadori,Sassuolo,cognome/token,405885
2832,2020-21,23,Jérémie Boga,Sassuolo,cognome/token,216569
4335,2020-21,21,Nicolás Schiappacasse,Sassuolo,cognome/token,345473
510,2020-21,39,Gianluca Pegolo,Sassuolo,cognome/token,21872
528,2020-21,35,Francesco Magnanelli,Sassuolo,cognome/token,7093
5378,2020-21,17,Brian Oddei,Sassuolo,cognome/token,546176
1895,2020-21,28,Gian Marco Ferrari,Sassuolo,iniziale,277167
2857,2020-21,20,,Sassuolo,iniziale,
2013,2020-21,26,Federico Ricci,Sassuolo,iniziale,198086
4681,2020-21,22,Maxime Lopez,Sassuolo,iniziale,290862
5414,2020-21,18,Isaac Karamoko,Sassuolo,iniziale,721953
611,2020-21,38,Rafael,Spezia,cognome/token,84467
5312,2020-21,24,Léo Sena,Spezia,cognome/token,435213
5005,2020-21,29,Jeroen Zoet,Spezia,cognome/token,79045
425,2020-21,36,Claudio Terzi,Spezia,cognome/token,16873
4403,2020-21,22,Jeff Chabot,Spezia,cognome/token,303219
4982,2020-21,22,Martin Erlić,Spezia,cognome/token,357003
4983,2020-21,22,Salva Ferrer,Spezia,cognome/token,624548
4984,2020-21,23,Juan Ramos,Spezia,cognome/token,288480
1871,2020-21,25,Alessandro Deiola,Spezia,cognome/token,235931
4987,2020-21,30,Paolo Bartolomei,Spezia,cognome/token,281900
4988,2020-21,22,Giulio Maggiore,Spezia,cognome/token,353796
5298,2020-21,21,Tommaso Pobega,Spezia,cognome/token,392538
1879,2020-21,30,Diego Farias,Spezia,cognome/token,83877
2196,2020-21,31,Andrey Galabinov,Spezia,cognome/token,67639
4992,2020-21,26,Emmanuel Gyasi,Spezia,cognome/token,241076
630,2020-21,28,Jacopo Sala,Spezia,cognome/token,96806
2264,2020-21,32,Luca Mora,Spezia,cognome/token,110338
4515,2020-21,21,Kevin Agudelo,Spezia,cognome/token,587458
2252,2020-21,22,Riccardo Marchizza,Spezia,cognome/token,297645
4986,2020-21,26,Gennaro Acampora,Spezia,cognome/token,230826
4359,2020-21,19,Roberto Piccoli,Spezia,cognome/token,432092
2814,2020-21,26,Ivan Provedel,Spezia,cognome/token,197929
5336,2020-21,23,M'Bala Nzola,Spezia,cognome/token,354814
4411,2020-21,18,Lucien Agoumé,Spezia,cognome/token,569384
5290,2020-21,24,Nahuel Estévez,Spezia,cognome/token,552472
5010,2020-21,23,Ardian Ismajli,Spezia,cognome/token,435228
106,2020-21,25,Federico Mattiello,Spezia,cognome/token,200194
4985,2020-21,24,Luca Vignali,Spezia,cognome/token,287367
4989,2020-21,28,Giuseppe Mastinu,Spezia,cognome/token,397950
150,2020-21,28,Riccardo Saponara,Spezia,cognome/token,88909
454,2020-21,24,Elio Capradossi,Spezia,cognome/token,238947
4990,2020-21,26,Matteo Ricci,Spezia,iniziale,198087
215,2020-21,24,,Spezia,iniziale,
517,2020-21,26,Cristian Dell'Orco,Spezia,iniziale,240244
5332,2020-21,23,Simone Bastoni,Spezia,iniziale,257751
2788,2020-21,23,Bremer,Torino,cognome/token,516716
2171,2020-21,23,Lyanco,Torino,cognome/token,379807
2179,2020-21,33,Salvatore Sirigu,Torino,cognome/token,25508
226,2020-21,28,Armando Izzo,Torino,cognome/token,32113
706,2020-21,33,Cristian Ansaldi,Torino,cognome/token,55854
4994,2020-21,25,Mërgim Vojvoda,Torino,cognome/token,336125
238,2020-21,32,Tomás Rincón,Torino,cognome/token,75942
376,2020-21,28,Simone Verdi,Torino,cognome/token,130360
2008,2020-21,25,Karol Linetty,Torino,cognome/token,225873
2009,2020-21,23,Saša Lukić,Torino,cognome/token,245056
2205,2020-21,25,Álex Berenguer,Torino,cognome/token,338425
2789,2020-21,26,Soualiho Meïté,Torino,cognome/token,164913
315,2020-21,29,Simone Zaza,Torino,cognome/token,96828
441,2020-21,26,Andrea Belotti,Torino,cognome/token,167727
4346,2020-21,19,Vincenzo Millico,Torino,cognome/token,390159
1868,2020-21,25,Nicola Murru,Torino,cognome/token,171399
4995,2020-21,23,Jacopo Segre,Torino,cognome/token,373899
4899,2020-21,19,Wilfried Singo,Torino,cognome/token,648779
5328,2020-21,23,Amer Gojak,Torino,cognome/token,293210
505,2020-21,23,Federico Bonazzoli,Torino,cognome/token,241527
1839,2020-21,23,Simone Edera,Torino,cognome/token,340070
2724,2020-21,21,Alessandro Buongiorno,Torino,cognome/token,386446
556,2020-21,28,Daniele Baselli,Torino,cognome/token,134883
1933,2020-21,23,Rolando Mandragora,Torino,cognome/token,308279
479,2020-21,24,Antonio Sanabria,Torino,cognome/token,234523
220,2020-21,32,Samir Ujkani,Torino,cognome/token,42744
2288,2020-21,23,,Torino,iniziale,
2169,2020-21,27,Ricardo Rodríguez,Torino,iniziale,86784
2170,2020-21,20,,Torino,iniziale,
4412,2020-21,24,Rodrigo Becão,Udinese,cognome/token,410158
2271,2020-21,32,Nícolas,Udinese,cognome/token,99523
2392,2020-21,25,Walace,Udinese,cognome/token,323954
2792,2020-21,26,Juan Musso,Udinese,cognome/token,242359
790,2020-21,25,Samir Caetano,Udinese,cognome/token,255744
4323,2020-21,29,Marvin Zeegelaar,Udinese,cognome/token,92899
4999,2020-21,23,Thomas Ouwejan,Udinese,cognome/token,241477
4953,2020-21,18,Martin Palumbo,Udinese,cognome/token,617170
90,2020-21,27,Kevin Lasagna,Udinese,cognome/token,131951
92,2020-21,27,Ryder Matos,Udinese,cognome/token,62713
1943,2020-21,30,Ilija Nestorovski,Udinese,cognome/token,54581
4324,2020-21,30,Stefano Okaka,Udinese,cognome/token,35249
5004,2020-21,30,Fernando Forestieri,Udinese,cognome/token,44948
5287,2020-21,29,Tolgay Arslan,Udinese,cognome/token,53536
302,2020-21,29,Roberto Pereyra,Udinese,cognome/token,112302
5329,2020-21,22,Jean-Victor Makengo,Udinese,cognome/token,322305
2119,2020-21,26,Gerard Deulofeu,Udinese,cognome/token,129476
2826,2020-21,24,Ignacio Pussetto,Udinese,cognome/token,283528
2192,2020-21,24,Kevin Bonifazi,Udinese,cognome/token,247377
2280,2020-21,30,Bram Nuytinck,Udinese,cognome/token,104597
1933,2020-21,23,Rolando Mandragora,Udinese,cognome/token,308279
434,2020-21,32,Mato Jajalo,Udinese,cognome/token,47513
311,2020-21,35,Fernando Llorente,Udinese,cognome/token,35564
5395,2020-21,17,Jayden Braaf,Udinese,cognome/token,470391
574,2020-21,24,Simone Scuffet,Udinese,cognome/token,238993
2794,2020-21,21,Petar Micin,Udinese,cognome/token,343963
5333,2020-21,18,Manuel Gasparini,Udinese,cognome/token,487828
224,2020-21,16,,Udinese,iniziale,
2795,2020-21,23,Hidde ter Avest,Udinese,iniziale,258519
1996,2020-21,26,Rodrigo De Paul,Udinese,iniziale,255901
2144,2020-21,21,Mamadou Coulibaly,Udinese,iniziale,472161
4998,2020-21,22,Nahuel Molina,Udinese,iniziale,424042
2011,2020-21,34,Miguel Veloso,Verona,cognome/token,43848
2211,2020-21,29,Marco Silvestri,Verona,cognome/token,85528
254,2020-21,22,Federico Dimarco,Verona,cognome/token,198116
581,2020-21,28,Davide Faraoni,Verona,cognome/token,73926
2758,2020-21,25,Koray Günter,Verona,cognome/token,115763
4494,2020-21,26,Alan Empereur,Verona,cognome/token,169179
4519,2020-21,23,Mert Çetin,Verona,cognome/token,391498
4934,2020-21,20,Matteo Lovato,Verona,cognome/token,459655
4997,2020-21,21,Kevin Rüegg,Verona,cognome/token,290032
632,2020-21,25,Mattia Zaccagni,Verona,cognome/token,283735
2172,2020-21,25,Antonín Barák,Verona,cognome/token,272261
2726,2020-21,21,Andrea Danzi,Verona,cognome/token,319171
4890,2020-21,26,Adrien Tamèze,Verona,cognome/token,157507
5007,2020-21,19,Ivan Ilić,Verona,cognome/token,470794
767,2020-21,22,Lubomir Tupta,Verona,cognome/token,344806
4493,2020-21,25,Paweł Dawidowicz,Verona,cognome/token,248732
819,2020-21,23,Andrea Favilli,Verona,cognome/token,340151
236,2020-21,29,Darko Lazović,Verona,cognome/token,70411
1891,2020-21,28,Federico Ceccherini,Verona,cognome/token,163639
2855,2020-21,22,Ronaldo Vieira,Verona,cognome/token,434676
652,2020-21,32,Nikola Kalinić,Verona,cognome/token,36371
2769,2020-21,24,Giangiacomo Magnani,Verona,cognome/token,310458
5355,2020-21,17,Destiny Udogie,Verona,cognome/token,556385
264,2020-21,27,Daniel Bessa,Verona,cognome/token,140757
90,2020-21,27,Kevin Lasagna,Verona,cognome/token,131951
305,2020-21,27,Stefano Sturaro,Verona,cognome/token,167859
4996,2020-21,20,Ivor Pandur,Verona,cognome/token,371013
4500,2020-21,31,Samuel Di Carmine,Verona,iniziale,45389
4435,2020-21,20,Ebrima Colley,Verona,iniziale,567217
2304,2020-21,18,Eddie Salcedo,Verona,iniziale,459661
5368,2020-21,17,Philip Yeboah,Verona,iniziale,546527
4491,2020-21,29,Alessandro Berardi,Verona,iniziale,127217
2792,2021-22,27,Juan Musso,Atalanta,cognome/token,242359
787,2021-22,28,Berat Djimsiti,Atalanta,cognome/token,165513
2160,2021-22,27,Robin Gosens,Atalanta,cognome/token,273132
2181,2021-22,31,José Luis Palomino,Atalanta,cognome/token,125020
4332,2021-22,23,Merih Demiral,Atalanta,cognome/token,340879
4934,2021-22,21,Matteo Lovato,Atalanta,cognome/token,459655
5375,2021-22,24,Joakim Maehle,Atalanta,cognome/token,369674
2077,2021-22,26,Mario Pašalić,Atalanta,cognome/token,205938
2741,2021-22,24,Matteo Pessina,Atalanta,cognome/token,332179
4427,2021-22,28,Ruslan Malinovskyi,Atalanta,cognome/token,207877
5001,2021-22,25,Aleksey Miranchuk,Atalanta,cognome/token,255450
177,2021-22,33,Josip Ilicic,Atalanta,cognome/token,80351
507,2021-22,30,Luis Muriel,Atalanta,cognome/token,119228
4359,2021-22,20,Roberto Piccoli,Atalanta,cognome/token,432092
5292,2021-22,24,Sam Lammers,Atalanta,cognome/token,386914
554,2021-22,29,Davide Zappacosta,Atalanta,cognome/token,173859
695,2021-22,30,Rafael Tolói,Atalanta,cognome/token,72441
788,2021-22,29,Remo Freuler,Atalanta,cognome/token,148252
4,2021-22,29,Marco Sportiello,Atalanta,cognome/token,199976
5685,2021-22,23,Teun Koopmeiners,Atalanta,cognome/token,360518
5526,2021-22,17,Giorgio Scalvini,Atalanta,cognome/token,571604
2130,2021-22,27,Hans Hateboer,Atalanta,cognome/token,275303
2832,2021-22,24,Jérémie Boga,Atalanta,cognome/token,216569
5757,2021-22,19,Giorgio Cittadini,Atalanta,cognome/token,616628
5322,2021-22,21,Valentin Mihăilă,Atalanta,cognome/token,535469
5814,2021-22,17,Moustapha Cissé,Atalanta,cognome/token,988862
770,2021-22,23,Giuseppe Pezzella,Atalanta,iniziale,336960
608,2021-22,30,Duván Zapata,Atalanta,iniziale,73794
22,2021-22,30,Marten de Roon,Atalanta,iniziale,133179
5781,2021-22,19,Alassane Sidibe,Atalanta,iniziale,616638
5780,2021-22,18,Tommaso De Nipoti,Atalanta,iniziale,622031
2297,2021-22,30,Francesco Rossi,Atalanta,iniziale,126634
133,2021-22,30,Lukasz Skorupski,Bologna,cognome/token,80894
2192,2021-22,25,Kevin Bonifazi,Bologna,cognome/token,247377
5300,2021-22,19,Aaron Hickey,Bologna,cognome/token,591949
272,2021-22,33,Gary Medel,Bologna,cognome/token,60889
2154,2021-22,20,Emanuel Vignato,Bologna,cognome/token,394346
2167,2021-22,24,Riccardo Orsolini,Bologna,cognome/token,368482
2625,2021-22,30,Roberto Soriano,Bologna,cognome/token,63186
2744,2021-22,22,Mattias Svanberg,Bologna,cognome/token,342405
4393,2021-22,24,Jerdy Schouten,Bologna,cognome/token,347900
4869,2021-22,23,Nicolás Domínguez,Bologna,cognome/token,497291
537,2021-22,29,Nicola Sansone,Bologna,cognome/token,82048
2719,2021-22,22,Musa Barrow,Bologna,cognome/token,486624
4268,2021-22,32,Marko Arnautovic,Bologna,cognome/token,41384
4422,2021-22,22,Takehiro Tomiyasu,Bologna,cognome/token,331560
4891,2021-22,29,Adama Soumaoro,Bologna,cognome/token,126673
2835,2021-22,21,Kingsley Michael,Bologna,cognome/token,401920
2743,2021-22,30,Federico Santander,Bologna,cognome/token,99180
2746,2021-22,28,Mitchell Dijks,Bologna,cognome/token,187245
5675,2021-22,21,Arthur Theate,Bologna,cognome/token,368891
5445,2021-22,19,Luis Binks,Bologna,cognome/token,471004
50,2021-22,26,Ibrahima Mbaye,Bologna,cognome/token,207715
440,2021-22,31,Nicolas Viola,Bologna,cognome/token,85393
532,2021-22,30,Diego Falcinelli,Bologna,cognome/token,119115
5772,2021-22,17,Niklas Pyyhtiä,Bologna,cognome/token,679754
5779,2021-22,18,Ebenezer Annan,Bologna,cognome/token,861221
5793,2021-22,18,Denso Kasius,Bologna,cognome/token,577394
799,2021-22,29,Francesco Bardi,Bologna,cognome/token,110925
5822,2021-22,17,Nicola Bagnolini,Bologna,cognome/token,818892
5424,2021-22,15,Wisdom Amey,Bologna,cognome/token,818878
5821,2021-22,17,Riccardo Stivanello,Bologna,cognome/token,818882
5425,2021-22,16,Kacper Urbański,Bologna,cognome/token,699442
5436,2021-22,17,Antonio Raimondo,Bologna,cognome/token,818888
487,2021-22,16,,Bologna,iniziale,
4415,2021-22,24,,Bologna,iniziale,
5446,2021-22,21,Sydney van Hooijdonk,Bologna,iniziale,439292
2289,2021-22,27,Dalbert,Cagliari,cognome/token,312862
1874,2021-22,29,João Pedro,Cagliari,cognome/token,129129
2178,2021-22,27,Alessio Cragno,Cagliari,cognome/token,12907
1866,2021-22,31,Luca Ceppitelli,Cagliari,cognome/token,102745
2572,2021-22,35,Diego Godín,Cagliari,cognome/token,54928
2653,2021-22,27,Charalampos Lykogiannis,Cagliari,cognome/token,136514
4374,2021-22,21,Sebastian Walukiewicz,Cagliari,cognome/token,345458
4461,2021-22,21,Gabriele Zappa,Cagliari,cognome/token,392569
470,2021-22,31,Kevin Strootman,Cagliari,cognome/token,68864
1871,2021-22,26,Alessandro Deiola,Cagliari,cognome/token,235931
4514,2021-22,25,Nahitan Nández,Cagliari,cognome/token,315063
4886,2021-22,26,Gastón Pereiro,Cagliari,cognome/token,264116
4965,2021-22,25,Răzvan Marin,Cagliari,cognome/token,295183
247,2021-22,32,Leonardo Pavoletti,Cagliari,cognome/token,64793
2061,2021-22,26,Giovanni Simeone,Cagliari,cognome/token,282388
1879,2021-22,31,Diego Farias,Cagliari,cognome/token,83877
2654,2021-22,23,Damir Céter,Cagliari,cognome/token,460898
287,2021-22,34,Martín Cáceres,Cagliari,cognome/token,54935
4887,2021-22,21,Raoul Bellanova,Cagliari,cognome/token,357992
27,2021-22,26,Alberto Grassi,Cagliari,cognome/token,197473
5447,2021-22,22,Giorgio Altare,Cagliari,cognome/token,354909
5701,2021-22,18,Adam Obert,Cagliari,cognome/token,568333
4327,2021-22,25,Christian Oliva,Cagliari,cognome/token,563812
2116,2021-22,28,Paolo Faragò,Cagliari,cognome/token,167796
4934,2021-22,21,Matteo Lovato,Cagliari,cognome/token,459655
418,2021-22,27,Edoardo Goldaniga,Cagliari,cognome/token,242940
4940,2021-22,21,Luca Gagliano,Cagliari,cognome/token,396682
5782,2021-22,18,Christos Kourfalidis,Cagliari,cognome/token,650224
556,2021-22,29,Daniele Baselli,Cagliari,cognome/token,134883
2076,2021-22,26,Marko Rog,Cagliari,cognome/token,317482
4925,2021-22,25,,Cagliari,iniziale,
3,2021-22,18,,Cagliari,iniziale,
345,2021-22,26,Keita Baldé,Cagliari,iniziale,238752
4964,2021-22,24,Guglielmo Vicario,Empoli,cognome/token,286047
805,2021-22,28,Riccardo Fiamozzi,Empoli,cognome/token,197745
2252,2021-22,23,Riccardo Marchizza,Empoli,cognome/token,297645
5010,2021-22,24,Ardian Ismajli,Empoli,cognome/token,435228
5450,2021-22,25,Petar Stojanović,Empoli,cognome/token,183841
2161,2021-22,25,Nicolas Haas,Empoli,cognome/token,192638
2253,2021-22,26,Filippo Bandinelli,Empoli,cognome/token,240934
2286,2021-22,23,Giovanni Crociata,Empoli,cognome/token,291400
4376,2021-22,23,Szymon Żurkowski,Empoli,cognome/token,387234
5451,2021-22,22,Nedim Bajrami,Empoli,cognome/token,390177
2155,2021-22,23,Patrick Cutrone,Empoli,cognome/token,265078
5454,2021-22,29,Leonardo Mancuso,Empoli,cognome/token,160344
393,2021-22,24,Sebastiano Luperto,Empoli,cognome/token,278531
2778,2021-22,26,Leo Stulac,Empoli,cognome/token,171159
2038,2021-22,22,Andrea Pinamonti,Empoli,cognome/token,315865
144,2021-22,31,Lorenzo Tonelli,Empoli,cognome/token,111347
5718,2021-22,19,Mattia Viti,Empoli,cognome/token,493702
5719,2021-22,19,Kristjan Asllani,Empoli,cognome/token,543771
5449,2021-22,20,Fabiano Parisi,Empoli,cognome/token,547985
557,2021-22,26,Marco Benassi,Empoli,cognome/token,201040
5804,2021-22,20,Liberato Cacace,Empoli,cognome/token,469211
600,2021-22,27,Valerio Verre,Empoli,cognome/token,162961
5823,2021-22,18,Tommaso Baldanzi,Empoli,cognome/token,641537
76,2021-22,31,Simone Romagnoli,Empoli,iniziale,88706
4498,2021-22,25,Liam Henderson,Empoli,iniziale,193867
5453,2021-22,19,Samuele Ricci,Empoli,iniziale,467992
4477,2021-22,30,Andrea La Mantia,Empoli,iniziale,134983
1857,2021-22,27,Federico Di Francesco,Empoli,iniziale,38607
1917,2021-22,23,Bartłomiej Drągowski,Fiorentina,cognome/token,208166
2815,2021-22,31,Pietro Terracciano,Fiorentina,cognome/token,96254
252,2021-22,28,Cristiano Biraghi,Fiorentina,cognome/token,124555
2164,2021-22,23,Nikola Milenković,Fiorentina,cognome/token,413507
2174,2021-22,26,Lorenzo Venuti,Fiorentina,cognome/token,240219
4407,2021-22,23,Igor Julio,Fiorentina,cognome/token,380350
150,2021-22,29,Riccardo Saponara,Fiorentina,cognome/token,88909
367,2021-22,31,Giacomo Bonaventura,Fiorentina,cognome/token,57280
406,2021-22,34,José Callejón,Fiorentina,cognome/token,61253
557,2021-22,26,Marco Benassi,Fiorentina,cognome/token,201040
644,2021-22,27,Erick Pulgar,Fiorentina,cognome/token,215616
4377,2021-22,24,Gaetano Castrovilli,Fiorentina,cognome/token,303116
5457,2021-22,22,Youssef Maleh,Fiorentina,cognome/token,324377
2841,2021-22,21,Dušan Vlahović,Fiorentina,cognome/token,357498
526,2021-22,28,Alfred Duncan,Fiorentina,cognome/token,184894
2614,2021-22,25,Álvaro Odriozola,Fiorentina,cognome/token,280730
1972,2021-22,25,Lucas Torreira,Fiorentina,cognome/token,318077
4522,2021-22,24,Sofyan Amrabat,Fiorentina,cognome/token,287579
5391,2021-22,30,Aleksandr Kokorin,Fiorentina,cognome/token,89086
2453,2021-22,28,Matija Nastasić,Fiorentina,cognome/token,143559
4375,2021-22,21,Aleksa Terzic,Fiorentina,cognome/token,404260
4658,2021-22,23,Jonathan Ikoné,Fiorentina,cognome/token,324690
2756,2021-22,26,Krzysztof Piatek,Fiorentina,cognome/token,327757
5786,2021-22,23,Arthur Cabral,Fiorentina,cognome/token,390638
2839,2021-22,18,,Fiorentina,iniziale,
4179,2021-22,23,Nico González,Fiorentina,iniziale,486031
5323,2021-22,25,Lucas Martínez Quarta,Fiorentina,iniziale,373373
5732,2021-22,22,,Fiorentina,iniziale,
4423,2021-22,27,Hernani,Genoa,cognome/token,181768
2179,2021-22,34,Salvatore Sirigu,Genoa,cognome/token,25508
791,2021-22,28,Stefano Sabelli,Genoa,cognome/token,167491
2083,2021-22,27,Davide Biraschi,Genoa,cognome/token,199927
2328,2021-22,22,Zinho Vanheusden,Genoa,cognome/token,338672
2759,2021-22,34,Domenico Criscito,Genoa,cognome/token,44136
5520,2021-22,21,Andrea Cambiaso,Genoa,cognome/token,459658
5524,2021-22,20,Laurens Serpe,Genoa,cognome/token,500164
170,2021-22,32,Milan Badelj,Genoa,cognome/token,40633
305,2021-22,28,Stefano Sturaro,Genoa,cognome/token,167859
2121,2021-22,22,Filippo Melegoni,Genoa,cognome/token,315862
4459,2021-22,19,Nicolò Rovella,Genoa,cognome/token,525704
245,2021-22,38,Goran Pandev,Genoa,cognome/token,12563
819,2021-22,24,Andrea Favilli,Genoa,cognome/token,340151
5439,2021-22,20,Yayah Kallon,Genoa,cognome/token,623040
15,2021-22,35,Andrea Masiello,Genoa,cognome/token,34198
244,2021-22,24,Paolo Ghiglione,Genoa,cognome/token,313477
2302,2021-22,36,Valon Behrami,Genoa,cognome/token,21905
5459,2021-22,18,Aleksander Buksa,Genoa,cognome/token,553757
5506,2021-22,27,Caleb Ekuban,Genoa,cognome/token,199953
550,2021-22,29,Nikola Maksimović,Genoa,cognome/token,124715
633,2021-22,25,Mohamed Fares,Genoa,cognome/token,287700
472,2021-22,30,Mattia Destro,Genoa,cognome/token,88683
2285,2021-22,27,Mattia Bani,Genoa,cognome/token,176139
4370,2021-22,21,Manolo Portanova,Genoa,cognome/token,394304
5514,2021-22,22,Johan Vásquez,Genoa,cognome/token,532937
2284,2021-22,32,Felipe Caicedo,Genoa,cognome/token,37834
5705,2021-22,24,Pablo Galdames,Genoa,cognome/token,313830
5748,2021-22,23,Silvan Hefti,Genoa,cognome/token,237666
2213,2021-22,24,Francesco Cassata,Genoa,cognome/token,301236
4945,2021-22,19,Riccardo Calafiori,Genoa,cognome/token,502821
5755,2021-22,21,Kelvin Yeboah,Genoa,cognome/token,589737
4693,2021-22,24,Nadiem Amiri,Genoa,cognome/token,232454
4359,2021-22,20,Roberto Piccoli,Genoa,cognome/token,432092
5791,2021-22,20,Morten Frendrup,Genoa,cognome/token,503871
2861,2021-22,23,Adrian Semper,Genoa,cognome/token,317057
5523,2021-22,21,Flavio Bianchi,Genoa,iniziale,364132
5684,2021-22,27,Abdoulaye Touré,Genoa,iniziale,181382
5800,2021-22,24,Albert Gudmundsson,Genoa,iniziale,305947
250,2021-22,37,Samir Handanovič,Inter,cognome/token,28021
254,2021-22,23,Federico Dimarco,Inter,cognome/token,198116
798,2021-22,26,Milan Škriniar,Inter,cognome/token,204069
2120,2021-22,22,Alessandro Bastoni,Inter,cognome/token,315853
2525,2021-22,31,Matteo Darmian,Inter,cognome/token,54906
5513,2021-22,25,Denzel Dumfries,Inter,cognome/token,321528
181,2021-22,29,Matías Vecino,Inter,cognome/token,143812
265,2021-22,28,Marcelo Brozović,Inter,cognome/token,156617
704,2021-22,32,Ivan Perisic,Inter,cognome/token,42460
1870,2021-22,24,Nicolò Barella,Inter,cognome/token,255942
1978,2021-22,25,Stefano Sensi,Inter,cognome/token,216179
2194,2021-22,27,Hakan Çalhanoğlu,Inter,cognome/token,126414
2414,2021-22,34,Arturo Vidal,Inter,cognome/token,37666
647,2021-22,35,Edin Dzeko,Inter,cognome/token,28396
5460,2021-22,20,Martín Satriano,Inter,cognome/token,640109
495,2021-22,26,Joaquín Correa,Inter,cognome/token,227081
261,2021-22,33,Andrea Ranocchia,Inter,cognome/token,44327
2214,2021-22,35,Aleksandar Kolarov,Inter,cognome/token,46156
801,2021-22,27,Roberto Gagliardini,Inter,cognome/token,197471
2475,2021-22,32,Alexis Sánchez,Inter,cognome/token,40433
5740,2021-22,18,Mattia Zanotti,Inter,cognome/token,582353
2284,2021-22,32,Felipe Caicedo,Inter,cognome/token,37834
2160,2021-22,27,Robin Gosens,Inter,cognome/token,273132
322,2021-22,29,Stefan de Vrij,Inter,iniziale,111196
2764,2021-22,18,,Inter,iniziale,
253,2021-22,32,Danilo D'Ambrosio,Inter,iniziale,55769
1843,2021-22,24,Ionuț Radu,Inter,iniziale,303657
662,2021-22,30,Alex Sandro,Juventus,cognome/token,79960
4237,2021-22,30,Danilo,Juventus,cognome/token,145707
5505,2021-22,19,Kaio Jorge,Juventus,cognome/token,620477
453,2021-22,31,Wojciech Szczesny,Juventus,cognome/token,44058
286,2021-22,34,Leonardo Bonucci,Juventus,cognome/token,39983
288,2021-22,36,Giorgio Chiellini,Juventus,cognome/token,29260
697,2021-22,33,Juan Cuadrado,Juventus,cognome/token,91970
184,2021-22,27,Federico Bernardeschi,Juventus,cognome/token,197300
827,2021-22,23,Manuel Locatelli,Juventus,cognome/token,265088
2002,2021-22,23,Federico Chiesa,Juventus,cognome/token,341092
2166,2021-22,24,Rodrigo Bentancur,Juventus,cognome/token,354362
2472,2021-22,30,Aaron Ramsey,Juventus,cognome/token,50057
2833,2021-22,21,Dejan Kulusevski,Juventus,cognome/token,431755
309,2021-22,27,Paulo Dybala,Juventus,cognome/token,206050
313,2021-22,28,Álvaro Morata,Juventus,cognome/token,128223
2610,2021-22,36,Cristiano Ronaldo,Juventus,cognome/token,8198
2379,2021-22,26,Adrien Rabiot,Juventus,cognome/token,182913
4973,2021-22,22,Weston McKennie,Juventus,cognome/token,332697
2097,2021-22,21,Moise Kean,Juventus,cognome/token,364135
218,2021-22,28,Mattia Perin,Juventus,cognome/token,110923
5734,2021-22,18,Matías Soulé,Juventus,cognome/token,668951
2432,2021-22,24,Denis Zakaria,Juventus,cognome/token,334526
2841,2021-22,21,Dušan Vlahović,Juventus,cognome/token,357498
5813,2021-22,17,Fabio Miretti,Juventus,cognome/token,571607
4953,2021-22,19,Martin Palumbo,Juventus,cognome/token,617170
1930,2021-22,31,Carlo Pinsoglio,Juventus,cognome/token,75411
4428,2021-22,21,Matthijs de Ligt,Juventus,iniziale,326031
358,2021-22,27,,Juventus,iniziale,
2728,2021-22,22,Luca Pellegrini,Juventus,iniziale,346567
4285,2021-22,24,,Juventus,iniziale,
5060,2021-22,20,Marley Aké,Juventus,iniziale,682032
2335,2021-22,24,Luiz Felipe,Lazio,cognome/token,457931
335,2021-22,28,Felipe Anderson,Lazio,cognome/token,159372
2085,2021-22,28,Luis Alberto,Lazio,cognome/token,128220
2209,2021-22,34,Lucas Leiva,Lazio,cognome/token,41414
2489,2021-22,34,Pedro,Lazio,cognome/token,65278
327,2021-22,28,Patric,Lazio,cognome/token,126729
387,2021-22,38,Pepe Reina,Lazio,cognome/token,7825
140,2021-22,27,Elseid Hysaj,Lazio,cognome/token,200056
513,2021-22,33,Francesco Acerbi,Lazio,cognome/token,131075
2263,2021-22,27,Manuel Lazzari,Lazio,cognome/token,331401
4975,2021-22,28,Gonzalo Escalante,Lazio,cognome/token,266795
785,2021-22,31,Ciro Immobile,Lazio,cognome/token,105521
4938,2021-22,18,Raúl Moro,Lazio,cognome/token,624942
5012,2021-22,27,Vedat Muriqi,Lazio,cognome/token,256267
2188,2021-22,28,Adam Marusic,Lazio,cognome/token,239802
333,2021-22,26,Danilo Cataldi,Lazio,cognome/token,199733
632,2021-22,26,Mattia Zaccagni,Lazio,cognome/token,283735
5674,2021-22,24,Toma Bašić,Lazio,cognome/token,334835
329,2021-22,34,Ștefan Radu,Lazio,cognome/token,44420
1934,2021-22,26,Thomas Strakosha,Lazio,cognome/token,222209
4397,2021-22,25,Denis Vavro,Lazio,cognome/token,239962
5807,2021-22,23,Jovane Cabral,Lazio,cognome/token,448466
5461,2021-22,21,Dimitrije Kamenovic,Lazio,cognome/token,465565
645,2021-22,18,,Lazio,iniziale,
4389,2021-22,21,André Anderson,Lazio,iniziale,601577
5286,2021-22,28,Jean-Daniel Akpa Akpro,Lazio,iniziale,170481
5510,2021-22,16,Luka Romero,Lazio,iniziale,769063
4510,2021-22,22,Rafael Leão,Milan,cognome/token,357164
4312,2021-22,26,Mike Maignan,Milan,cognome/token,182906
357,2021-22,24,Davide Calabria,Milan,cognome/token,262523
460,2021-22,26,Alessio Romagnoli,Milan,cognome/token,197747
464,2021-22,30,Alessandro Florenzi,Milan,cognome/token,130365
2633,2021-22,32,Simon Kjaer,Milan,cognome/token,48859
4751,2021-22,23,Fikayo Tomori,Milan,cognome/token,303254
148,2021-22,27,Rade Krunic,Milan,cognome/token,259953
4449,2021-22,21,Sandro Tonali,Milan,cognome/token,397033
4892,2021-22,22,Alexis Saelemaekers,Milan,cognome/token,381950
186,2021-22,27,Ante Rebić,Milan,cognome/token,187587
4200,2021-22,34,Olivier Giroud,Milan,cognome/token,82442
2692,2021-22,26,Samu Castillejo,Milan,cognome/token,195171
4896,2021-22,19,Daniel Maldini,Milan,cognome/token,539134
1850,2021-22,24,Franck Kessié,Milan,cognome/token,294808
2639,2021-22,26,Tiemoué Bakayoko,Milan,cognome/token,182618
2530,2021-22,39,Zlatan Ibrahimović,Milan,cognome/token,3455
4976,2021-22,21,Pierre Kalulu,Milan,cognome/token,585949
4401,2021-22,21,Matteo Gabbia,Milan,cognome/token,323167
2103,2021-22,20,Pietro Pellegri,Milan,cognome/token,364133
4970,2021-22,30,Junior Messias,Milan,cognome/token,449151
160,2021-22,35,Ciprian Tătărușanu,Milan,cognome/token,55282
11,2021-22,27,Andrea Conti,Milan,cognome/token,111227
5756,2021-22,19,Luca Stanga,Milan,cognome/token,621123
4292,2021-22,23,Theo Hernández,Milan,iniziale,339808
2818,2021-22,23,,Milan,iniziale,
4825,2021-22,22,,Milan,iniziale,
5017,2021-22,24,Fodé Ballo-Touré,Milan,iniziale,296422
142,2021-22,30,Mário Rui,Napoli,cognome/token,87884
256,2021-22,30,Juan Jesus,Napoli,cognome/token,121985
572,2021-22,24,Alex Meret,Napoli,cognome/token,240414
392,2021-22,30,Kalidou Koulibaly,Napoli,cognome/token,93128
459,2021-22,30,Konstantinos Manolas,Napoli,cognome/token,104752
152,2021-22,27,Piotr Zielinski,Napoli,cognome/token,181136
2775,2021-22,25,Fabián Ruiz,Napoli,cognome/token,350219
4287,2021-22,26,Stanislav Lobotka,Napoli,cognome/token,192735
4364,2021-22,21,Gianluca Gaetano,Napoli,cognome/token,358008
4479,2021-22,21,Eljif Elmas,Napoli,cognome/token,400489
383,2021-22,26,Andrea Petagna,Napoli,cognome/token,199258
409,2021-22,30,Lorenzo Insigne,Napoli,cognome/token,133964
536,2021-22,27,Matteo Politano,Napoli,cognome/token,165895
4517,2021-22,26,Hirving Lozano,Napoli,cognome/token,316889
4661,2021-22,22,Victor Osimhen,Napoli,cognome/token,401923
2195,2021-22,24,Adam Ounas,Napoli,cognome/token,400485
2468,2021-22,32,David Ospina,Napoli,cognome/token,73396
2860,2021-22,30,Kévin Malcuit,Napoli,cognome/token,126711
4409,2021-22,27,Amir Rrahmani,Napoli,cognome/token,257732
4725,2021-22,29,Diego Demme,Napoli,cognome/token,82070
410,2021-22,34,Dries Mertens,Napoli,cognome/token,56416
390,2021-22,30,Faouzi Ghoulam,Napoli,cognome/token,126656
4775,2021-22,23,Axel Tuanzebe,Napoli,cognome/token,342046
5518,2021-22,21,Davide Marfella,Napoli,cognome/token,417414
2816,2021-22,27,Giovanni Di Lorenzo,Napoli,iniziale,169880
4220,2021-22,20,,Napoli,iniziale,
5527,2021-22,18,,Napoli,iniziale,
4270,2021-22,33,Rui Patrício,Roma,cognome/token,45026
4884,2021-22,23,Carles Pérez,Roma,cognome/token,282810
2180,2021-22,26,Rick Karsdorp,Roma,cognome/token,205006
2296,2021-22,25,Gianluca Mancini,Roma,cognome/token,256448
4331,2021-22,22,Roger Ibañez,Roma,cognome/token,524481
5509,2021-22,23,Matías Viña,Roma,cognome/token,439072
779,2021-22,26,Bryan Cristante,Roma,cognome/token,199248
2215,2021-22,28,Jordan Veretout,Roma,cognome/token,164771
2529,2021-22,32,Henrikh Mkhitaryan,Roma,cognome/token,55735
2766,2021-22,22,Nicolò Zaniolo,Roma,cognome/token,392085
5423,2021-22,19,Edoardo Bove,Roma,cognome/token,562049
2544,2021-22,23,Tammy Abraham,Roma,cognome/token,331726
4945,2021-22,19,Riccardo Calafiori,Roma,cognome/token,502821
58,2021-22,24,Amadou Diawara,Roma,cognome/token,355501
5233,2021-22,24,Borja Mayoral,Roma,cognome/token,298976
5398,2021-22,20,Bryan Reynolds,Roma,cognome/token,475208
4245,2021-22,31,Chris Smalling,Roma,cognome/token,103427
5422,2021-22,19,Nicola Zalewski,Roma,cognome/token,550108
5420,2021-22,20,Ebrima Darboe,Roma,cognome/token,647484
4495,2021-22,21,Marash Kumbulla,Roma,cognome/token,371371
5735,2021-22,17,Cristian Volpato,Roma,cognome/token,746891
5767,2021-22,17,Dimitrios Keramitsis,Roma,cognome/token,861192
5759,2021-22,29,Sérgio Oliveira,Roma,cognome/token,112465
1852,2021-22,28,Leonardo Spinazzola,Roma,cognome/token,118689
530,2021-22,25,Lorenzo Pellegrini,Roma,iniziale,286297
795,2021-22,28,Stephan El Shaarawy,Roma,iniziale,94529
5311,2021-22,26,,Roma,iniziale,
5728,2021-22,18,Felix Afena-Gyan,Roma,iniziale,872380
4185,2021-22,23,Ainsley Maitland-Niles,Roma,iniziale,285845
1997,2021-22,29,Simy,Salernitana,cognome/token,194549
5802,2021-22,22,Mikael,Salernitana,cognome/token,642689
720,2021-22,31,Vid Belec,Salernitana,cognome/token,73090
660,2021-22,29,Norbert Gyömbér,Salernitana,cognome/token,205054
2208,2021-22,26,Paweł Jaroszyński,Salernitana,cognome/token,287600
4433,2021-22,22,Nadir Zortea,Salernitana,cognome/token,392966
5354,2021-22,19,Matteo Ruggeri,Salernitana,cognome/token,616631
5464,2021-22,25,Luka Bogdan,Salernitana,cognome/token,226058
5466,2021-22,31,Stefan Strandberg,Salernitana,cognome/token,50617
5503,2021-22,25,Wajdi Kechrida,Salernitana,cognome/token,407885
173,2021-22,26,Leonardo Capezzi,Salernitana,cognome/token,84442
560,2021-22,30,Joel Obi,Salernitana,cognome/token,45581
5470,2021-22,28,Andrea Schiavone,Salernitana,cognome/token,136133
505,2021-22,24,Federico Bonazzoli,Salernitana,cognome/token,241527
5471,2021-22,31,Milan Djuric,Salernitana,cognome/token,67556
5463,2021-22,31,Ramzi Aya,Salernitana,cognome/token,57633
5472,2021-22,24,Julian Kristoffersen,Salernitana,cognome/token,267614
73,2021-22,31,Riccardo Gagliolo,Salernitana,cognome/token,240786
2409,2021-22,38,Franck Ribéry,Salernitana,cognome/token,22068
5714,2021-22,24,Cedric Gondo,Salernitana,cognome/token,213854
2117,2021-22,23,Grigoris Kastanos,Salernitana,cognome/token,298635
5360,2021-22,20,Edoardo Vergani,Salernitana,cognome/token,421780
2064,2021-22,28,Frédéric Veseli,Salernitana,cognome/token,111433
1947,2021-22,31,Vincenzo Fiorillo,Salernitana,cognome/token,55000
159,2021-22,30,Luigi Sepe,Salernitana,cognome/token,99254
118,2021-22,32,Ivan Radovanovic,Salernitana,cognome/token,46105
2016,2021-22,34,Federico Fazio,Salernitana,cognome/token,45314
376,2021-22,29,Simone Verdi,Salernitana,cognome/token,130360
5798,2021-22,22,Emil Bohinen,Salernitana,cognome/token,406806
5481,2021-22,26,Pasquale Mazzocchi,Salernitana,cognome/token,250153
237,2021-22,33,Diego Perotti,Salernitana,cognome/token,54984
5762,2021-22,18,Andrei Motoc,Salernitana,cognome/token,816930
5365,2021-22,19,Radu Drăgușin,Salernitana,cognome/token,568559
5801,2021-22,25,Lys Mousset,Salernitana,cognome/token,291422
2144,2021-22,22,Mamadou Coulibaly,Salernitana,iniziale,472161
5504,2021-22,25,Lassana Coulibaly,Salernitana,iniziale,386552
5469,2021-22,31,Francesco Di Tacchio,Salernitana,iniziale,84766
4378,2021-22,22,Luca Ranieri,Salernitana,iniziale,346561
2115,2021-22,22,Filippo Delli Carri,Salernitana,iniziale,393904
5792,2021-22,18,,Salernitana,iniziale,
5763,2021-22,18,Mario Perrone,Salernitana,iniziale,709579
5783,2021-22,17,Alessandro Russo,Salernitana,iniziale,708084
2703,2021-22,32,Adrien Silva,Sampdoria,cognome/token,56810
761,2021-22,24,Emil Audero,Sampdoria,cognome/token,256339
1868,2021-22,26,Nicola Murru,Sampdoria,cognome/token,171399
2104,2021-22,29,Bartosz Bereszyński,Sampdoria,cognome/token,144143
2784,2021-22,28,Omar Colley,Sampdoria,cognome/token,174733
4421,2021-22,26,Tommaso Augello,Sampdoria,cognome/token,284595
4895,2021-22,32,Maya Yoshida,Sampdoria,cognome/token,81789
332,2021-22,34,Antonio Candreva,Sampdoria,cognome/token,25488
600,2021-22,27,Valerio Verre,Sampdoria,cognome/token,162961
2391,2021-22,32,Albin Ekdal,Sampdoria,cognome/token,49275
4404,2021-22,25,Morten Thorsby,Sampdoria,cognome/token,226524
4978,2021-22,21,Mikkel Damsgaard,Sampdoria,cognome/token,540941
407,2021-22,29,Manolo Gabbiadini,Sampdoria,cognome/token,112343
568,2021-22,38,Fabio Quagliarella,Sampdoria,cognome/token,22328
2141,2021-22,24,Fabio Depaoli,Sampdoria,cognome/token,324282
4921,2021-22,20,Kristoffer Askildsen,Sampdoria,cognome/token,574495
2819,2021-22,33,Francesco Caputo,Sampdoria,cognome/token,84765
4453,2021-22,29,Ernesto Torregrossa,Sampdoria,cognome/token,159883
4403,2021-22,23,Jeff Chabot,Sampdoria,cognome/token,303219
5462,2021-22,19,Riccardo Ciervo,Sampdoria,cognome/token,628558
5365,2021-22,19,Radu Drăgușin,Sampdoria,cognome/token,568559
2134,2021-22,26,Wladimiro Falcone,Sampdoria,cognome/token,238537
5517,2021-22,18,Gerard Yepes,Sampdoria,cognome/token,624436
238,2021-22,33,Tomás Rincón,Sampdoria,cognome/token,75942
11,2021-22,27,Andrea Conti,Sampdoria,cognome/token,111227
2769,2021-22,25,Giangiacomo Magnani,Sampdoria,cognome/token,310458
2855,2021-22,23,Ronaldo Vieira,Sampdoria,cognome/token,434676
1978,2021-22,25,Stefano Sensi,Sampdoria,cognome/token,216179
5796,2021-22,21,Vladyslav Supryaga,Sampdoria,cognome/token,419061
5788,2021-22,24,Abdelhamid Sabiri,Sampdoria,cognome/token,340394
5808,2021-22,34,Sebastian Giovinco,Sampdoria,cognome/token,52312
5810,2021-22,19,Simone Trimboli,Sampdoria,cognome/token,487839
4977,2021-22,32,Nicola Ravaglia,Sampdoria,cognome/token,42796
45,2021-22,27,Alex Ferrari,Sampdoria,iniziale,197491
2318,2021-22,23,Rogério,Sassuolo,cognome/token,401527
5511,2021-22,23,Matheus Henrique,Sassuolo,cognome/token,552549
509,2021-22,34,Andrea Consigli,Sassuolo,cognome/token,35865
640,2021-22,31,Vlad Chiricheș,Sassuolo,cognome/token,123261
4426,2021-22,26,Jeremy Toljan,Sassuolo,cognome/token,129674
4979,2021-22,26,Kaan Ayhan,Sassuolo,cognome/token,119031
528,2021-22,36,Francesco Magnanelli,Sassuolo,cognome/token,7093
1995,2021-22,29,Filip Djuricic,Sassuolo,cognome/token,94307
2848,2021-22,21,Davide Frattesi,Sassuolo,cognome/token,394300
643,2021-22,30,Grégoire Defrel,Sassuolo,cognome/token,163222
2137,2021-22,22,Gianluca Scamacca,Sassuolo,cognome/token,315867
2819,2021-22,33,Francesco Caputo,Sassuolo,cognome/token,84765
2832,2021-22,24,Jérémie Boga,Sassuolo,cognome/token,216569
4371,2021-22,21,Giacomo Raspadori,Sassuolo,cognome/token,405885
4530,2021-22,25,Georgios Kyriakopoulos,Sassuolo,cognome/token,311178
531,2021-22,27,Domenico Berardi,Sassuolo,cognome/token,177843
5688,2021-22,23,Abdou Harroui,Sassuolo,cognome/token,416386
4521,2021-22,22,Mert Müldür,Sassuolo,cognome/token,353922
418,2021-22,27,Edoardo Goldaniga,Sassuolo,cognome/token,242940
510,2021-22,40,Gianluca Pegolo,Sassuolo,cognome/token,21872
5753,2021-22,19,Luigi Samele,Sassuolo,cognome/token,658244
5776,2021-22,19,Emil Konradsen Ceide,Sassuolo,cognome/token,508371
521,2021-22,37,Federico Peluso,Sassuolo,cognome/token,21763
5378,2021-22,18,Brian Oddei,Sassuolo,cognome/token,546176
2127,2021-22,22,Giacomo Satalino,Sassuolo,cognome/token,323255
1895,2021-22,29,Gian Marco Ferrari,Sassuolo,iniziale,277167
2857,2021-22,22,,Sassuolo,iniziale,
4681,2021-22,19,,Sassuolo,iniziale,
5747,2021-22,17,,Sassuolo,iniziale,
5005,2021-22,30,Jeroen Zoet,Spezia,cognome/token,79045
2312,2021-22,22,Petko Hristov,Spezia,cognome/token,372809
4329,2021-22,22,Dimitrios Nikolaou,Spezia,cognome/token,292772
4982,2021-22,23,Martin Erlić,Spezia,cognome/token,357003
4983,2021-22,23,Salva Ferrer,Spezia,cognome/token,624548
4985,2021-22,25,Luca Vignali,Spezia,cognome/token,287367
5475,2021-22,23,Kelvin Amian,Spezia,cognome/token,344072
4988,2021-22,23,Giulio Maggiore,Spezia,cognome/token,353796
2750,2021-22,24,Samuel Mráz,Spezia,cognome/token,243225
4992,2021-22,27,Emmanuel Gyasi,Spezia,cognome/token,241076
630,2021-22,29,Jacopo Sala,Spezia,cognome/token,96806
5673,2021-22,18,Janis Antiste,Spezia,cognome/token,538974
2825,2021-22,29,Mehdi Bourabia,Spezia,cognome/token,131731
4515,2021-22,22,Kevin Agudelo,Spezia,cognome/token,587458
5397,2021-22,25,Viktor Kovalenko,Spezia,cognome/token,203842
649,2021-22,24,Rey Manaj,Spezia,cognome/token,308278
5336,2021-22,24,M'Bala Nzola,Spezia,cognome/token,354814
5716,2021-22,19,Suf Podgoreanu,Spezia,cognome/token,540827
5690,2021-22,20,David Strelec,Spezia,cognome/token,482836
5519,2021-22,18,Aimar Sher,Spezia,cognome/token,579294
2814,2021-22,27,Ivan Provedel,Spezia,cognome/token,197929
2739,2021-22,26,Arkadiusz Reca,Spezia,cognome/token,268178
5693,2021-22,21,Jakub Kiwior,Spezia,cognome/token,425918
5722,2021-22,22,Aurélien Nguiamba,Spezia,cognome/token,344595
5820,2021-22,18,Nicolò Bertola,Spezia,cognome/token,632831
5528,2021-22,19,Petar Zovko,Spezia,cognome/token,602299
5332,2021-22,24,Simone Bastoni,Spezia,iniziale,257751
215,2021-22,25,,Spezia,iniziale,
4435,2021-22,21,Ebrima Colley,Spezia,iniziale,567217
2304,2021-22,19,Eddie Salcedo,Spezia,iniziale,459661
2788,2021-22,24,Bremer,Torino,cognome/token,516716
226,2021-22,29,Armando Izzo,Torino,cognome/token,32113
2865,2021-22,24,Ola Aina,Torino,cognome/token,236490
2869,2021-22,28,Koffi Djidji,Torino,cognome/token,183031
4899,2021-22,20,Wilfried Singo,Torino,cognome/token,648779
238,2021-22,33,Tomás Rincón,Torino,cognome/token,75942
376,2021-22,29,Simone Verdi,Torino,cognome/token,130360
1933,2021-22,24,Rolando Mandragora,Torino,cognome/token,308279
2008,2021-22,26,Karol Linetty,Torino,cognome/token,225873
2009,2021-22,24,Saša Lukić,Torino,cognome/token,245056
441,2021-22,27,Andrea Belotti,Torino,cognome/token,167727
479,2021-22,25,Antonio Sanabria,Torino,cognome/token,234523
1998,2021-22,26,Marko Pjaca,Torino,cognome/token,205940
706,2021-22,34,Cristian Ansaldi,Torino,cognome/token,55854
2724,2021-22,22,Alessandro Buongiorno,Torino,cognome/token,386446
4994,2021-22,26,Mërgim Vojvoda,Torino,cognome/token,336125
5691,2021-22,20,David Zima,Torino,cognome/token,544149
2065,2021-22,27,Dennis Praet,Torino,cognome/token,129588
5298,2021-22,22,Tommaso Pobega,Torino,cognome/token,392538
4184,2021-22,23,Josip Brekalo,Torino,cognome/token,293169
556,2021-22,29,Daniele Baselli,Torino,cognome/token,134883
5477,2021-22,21,Magnus Warming,Torino,cognome/token,482107
315,2021-22,30,Simone Zaza,Torino,cognome/token,96828
4525,2021-22,21,Luca Gemello,Torino,cognome/token,463792
316,2021-22,32,Etrit Berisha,Torino,cognome/token,77825
2170,2021-22,24,,Torino,iniziale,
2169,2021-22,28,Ricardo Rodríguez,Torino,iniziale,86784
5725,2021-22,21,Ben Lhassine Kone,Torino,iniziale,522681
2103,2021-22,20,,Torino,iniziale,
5806,2021-22,21,,Torino,iniziale,
5453,2021-22,19,Samuele Ricci,Torino,iniziale,467992
4412,2021-22,25,Rodrigo Becão,Udinese,cognome/token,410158
2392,2021-22,26,Walace,Udinese,cognome/token,323954
5694,2021-22,23,Beto,Udinese,cognome/token,595809
2211,2021-22,30,Marco Silvestri,Udinese,cognome/token,85528
790,2021-22,26,Samir Caetano,Udinese,cognome/token,255744
2280,2021-22,31,Bram Nuytinck,Udinese,cognome/token,104597
4323,2021-22,30,Marvin Zeegelaar,Udinese,cognome/token,92899
5355,2021-22,18,Destiny Udogie,Udinese,cognome/token,556385
302,2021-22,30,Roberto Pereyra,Udinese,cognome/token,112302
434,2021-22,33,Mato Jajalo,Udinese,cognome/token,47513
5287,2021-22,30,Tolgay Arslan,Udinese,cognome/token,53536
5329,2021-22,23,Jean-Victor Makengo,Udinese,cognome/token,322305
2119,2021-22,27,Gerard Deulofeu,Udinese,cognome/token,129476
2826,2021-22,25,Ignacio Pussetto,Udinese,cognome/token,283528
4324,2021-22,31,Stefano Okaka,Udinese,cognome/token,35249
5686,2021-22,19,Brandon Soppy,Udinese,cognome/token,546880
5119,2021-22,19,Lazar Samardžić,Udinese,cognome/token,528833
5004,2021-22,31,Fernando Forestieri,Udinese,cognome/token,44948
5676,2021-22,25,Isaac Success,Udinese,cognome/token,295331
1943,2021-22,31,Ilija Nestorovski,Udinese,cognome/token,54581
4904,2021-22,27,Pablo Marí,Udinese,cognome/token,210178
543,2021-22,35,Daniele Padelli,Udinese,cognome/token,27807
4758,2021-22,24,Filip Benkovic,Udinese,cognome/token,293168
5824,2021-22,15,Simone Pafundi,Udinese,cognome/token,876400
2315,2021-22,17,,Udinese,iniziale,
4998,2021-22,23,Nahuel Molina,Udinese,iniziale,424042
5677,2021-22,21,Nehuén Pérez,Udinese,iniziale,491693
224,2021-22,34,Sebastien De Maio,Udinese,iniziale,56830
5828,2021-22,17,Riccardo Pinzi,Udinese,iniziale,704712
2323,2021-22,34,Nani,Venezia,cognome/token,33706
5478,2021-22,36,Niki Mäenpää,Venezia,cognome/token,12359
551,2021-22,38,Cristian Molinaro,Venezia,cognome/token,21972
1847,2021-22,27,Mattia Caldara,Venezia,cognome/token,197470
5479,2021-22,25,Pietro Ceccaroni,Venezia,cognome/token,239099
5480,2021-22,25,Tyronne Ebuehi,Venezia,cognome/token,309944
5484,2021-22,22,Michael Svoboda,Venezia,cognome/token,438961
400,2021-22,29,Jacopo Dezi,Venezia,cognome/token,165531
5487,2021-22,22,Daan Heymans,Venezia,cognome/token,446491
5488,2021-22,25,Luca Fiordilino,Venezia,cognome/token,287875
5490,2021-22,26,Dor Peretz,Venezia,cognome/token,204987
5492,2021-22,19,Tanner Tessmann,Venezia,cognome/token,670096
5495,2021-22,28,Francesco Forte,Venezia,cognome/token,164534
5496,2021-22,23,Dennis Johnsen,Venezia,cognome/token,406042
5525,2021-22,20,Nicolas Galazzi,Venezia,cognome/token,524428
158,2021-22,26,Luca Lezzerini,Venezia,cognome/token,135747
5481,2021-22,26,Pasquale Mazzocchi,Venezia,cognome/token,250153
5483,2021-22,22,David Schnegg,Venezia,cognome/token,378260
5486,2021-22,25,Domen Crnigoj,Venezia,cognome/token,216599
5507,2021-22,19,Gianluca Busio,Venezia,cognome/token,504209
5508,2021-22,31,Antonio Junior Vacca,Venezia,cognome/token,102984
5515,2021-22,23,David Okereke,Venezia,cognome/token,413605
5529,2021-22,26,Thomas Henry,Venezia,cognome/token,412513
1980,2021-22,26,Mattia Aramu,Venezia,cognome/token,200188
2107,2021-22,23,Sofian Kiyine,Venezia,cognome/token,393804
4719,2021-22,20,Ethan Ampadu,Venezia,cognome/token,392771
5695,2021-22,28,Ridgeciano Haps,Venezia,cognome/token,228444
5482,2021-22,32,Marco Modolo,Venezia,cognome/token,198873
4373,2021-22,25,Ales Mateju,Venezia,cognome/token,242078
5773,2021-22,25,Maximilian Ullmann,Venezia,cognome/token,239934
5797,2021-22,28,Jean-Pierre Nsame,Venezia,cognome/token,225055
4701,2021-22,21,Michaël Cuisance,Venezia,cognome/token,344600
5817,2021-22,19,Issa Bah,Venezia,cognome/token,566861
5826,2021-22,18,Patrick Leal,Venezia,cognome/token,623872
5825,2021-22,17,Hilmir Rafn Mikaelsson,Venezia,cognome/token,806524
5501,2021-22,18,,Venezia,iniziale,
5494,2021-22,25,Francesco Di Mariano,Venezia,iniziale,238950
2628,2021-22,34,Sergio Romero,Venezia,iniziale,30690
2011,2021-22,35,Miguel Veloso,Verona,cognome/token,43848
4996,2021-22,21,Ivor Pandur,Verona,cognome/token,371013
1891,2021-22,29,Federico Ceccherini,Verona,cognome/token,163639
2758,2021-22,26,Koray Günter,Verona,cognome/token,115763
2769,2021-22,25,Giangiacomo Magnani,Verona,cognome/token,310458
4493,2021-22,26,Paweł Dawidowicz,Verona,cognome/token,248732
5498,2021-22,23,Nicolò Casale,Verona,cognome/token,389837
236,2021-22,30,Darko Lazović,Verona,cognome/token,70411
632,2021-22,26,Mattia Zaccagni,Verona,cognome/token,283735
2172,2021-22,26,Antonín Barák,Verona,cognome/token,272261
4890,2021-22,27,Adrien Tamèze,Verona,cognome/token,157507
5007,2021-22,20,Ivan Ilić,Verona,cognome/token,470794
5499,2021-22,23,Martin Hongla,Verona,cognome/token,398808
652,2021-22,33,Nikola Kalinić,Verona,cognome/token,36371
5500,2021-22,19,Matteo Cancellieri,Verona,cognome/token,550106
4957,2021-22,25,Lorenzo Montipò,Verona,cognome/token,241923
581,2021-22,29,Davide Faraoni,Verona,cognome/token,73926
4888,2021-22,21,Bosko Sutalo,Verona,cognome/token,431698
90,2021-22,28,Kevin Lasagna,Verona,cognome/token,131951
1958,2021-22,28,Gianluca Caprari,Verona,cognome/token,146752
2061,2021-22,26,Giovanni Simeone,Verona,cognome/token,282388
264,2021-22,28,Daniel Bessa,Verona,cognome/token,140757
4519,2021-22,24,Mert Çetin,Verona,cognome/token,391498
2141,2021-22,24,Fabio Depaoli,Verona,cognome/token,324282
2668,2021-22,22,Panagiotis Retsos,Verona,cognome/token,324351
5789,2021-22,20,Mateusz Praszelik,Verona,cognome/token,374418
4946,2021-22,22,Gianluca Frabotta,Verona,cognome/token,386755
4500,2021-22,32,Samuel Di Carmine,Verona,iniziale,45389
5764,2021-22,17,Diego Coppola,Verona,iniziale,660860
5812,2021-22,18,Filippo Terracciano,Verona,iniziale,631007
4491,2021-22,30,Alessandro Berardi,Verona,iniziale,127217
2792,2022-23,28,Juan Musso,Atalanta,cognome/token,242359
695,2022-23,31,Rafael Tolói,Atalanta,cognome/token,72441
787,2022-23,29,Berat Djimsiti,Atalanta,cognome/token,165513
2130,2022-23,28,Hans Hateboer,Atalanta,cognome/token,275303
4432,2022-23,21,Caleb Okoli,Atalanta,cognome/token,461833
4433,2022-23,23,Nadir Zortea,Atalanta,cognome/token,392966
5375,2022-23,25,Joakim Maehle,Atalanta,cognome/token,369674
5526,2022-23,18,Giorgio Scalvini,Atalanta,cognome/token,571604
2077,2022-23,27,Mario Pašalić,Atalanta,cognome/token,205938
4427,2022-23,29,Ruslan Malinovskyi,Atalanta,cognome/token,207877
5685,2022-23,24,Teun Koopmeiners,Atalanta,cognome/token,360518
507,2022-23,31,Luis Muriel,Atalanta,cognome/token,119228
4730,2022-23,24,Ademola Lookman,Atalanta,cognome/token,406040
4332,2022-23,24,Merih Demiral,Atalanta,cognome/token,340879
5686,2022-23,20,Brandon Soppy,Atalanta,cognome/token,546880
2832,2022-23,25,Jérémie Boga,Atalanta,cognome/token,216569
554,2022-23,30,Davide Zappacosta,Atalanta,cognome/token,173859
5354,2022-23,20,Matteo Ruggeri,Atalanta,cognome/token,616631
4,2022-23,30,Marco Sportiello,Atalanta,cognome/token,199976
2181,2022-23,32,José Luis Palomino,Atalanta,cognome/token,125020
6172,2022-23,20,Lukas Vorlicky,Atalanta,cognome/token,552059
22,2022-23,17,,Atalanta,iniziale,
608,2022-23,31,Duván Zapata,Atalanta,iniziale,73794
2297,2022-23,31,Francesco Rossi,Atalanta,iniziale,126634
5780,2022-23,19,Tommaso De Nipoti,Atalanta,iniziale,622031
133,2022-23,31,Lukasz Skorupski,Bologna,cognome/token,80894
272,2022-23,34,Gary Medel,Bologna,cognome/token,60889
2192,2022-23,26,Kevin Bonifazi,Bologna,cognome/token,247377
2653,2022-23,28,Charalampos Lykogiannis,Bologna,cognome/token,136514
4891,2022-23,30,Adama Soumaoro,Bologna,cognome/token,126673
5520,2022-23,22,Andrea Cambiaso,Bologna,cognome/token,459658
5793,2022-23,19,Denso Kasius,Bologna,cognome/token,577394
2154,2022-23,21,Emanuel Vignato,Bologna,cognome/token,394346
2625,2022-23,31,Roberto Soriano,Bologna,cognome/token,63186
4393,2022-23,25,Jerdy Schouten,Bologna,cognome/token,347900
4869,2022-23,24,Nicolás Domínguez,Bologna,cognome/token,497291
537,2022-23,30,Nicola Sansone,Bologna,cognome/token,82048
2719,2022-23,23,Musa Barrow,Bologna,cognome/token,486624
4268,2022-23,33,Marko Arnautovic,Bologna,cognome/token,41384
2167,2022-23,25,Riccardo Orsolini,Bologna,cognome/token,368482
6042,2022-23,24,Jhon Lucumí,Bologna,cognome/token,413565
5858,2022-23,22,Lewis Ferguson,Bologna,cognome/token,428563
5086,2022-23,21,Joshua Zirkzee,Bologna,cognome/token,435648
6066,2022-23,25,Stefan Posch,Bologna,cognome/token,223974
6043,2022-23,20,Joaquín Sosa,Bologna,cognome/token,657742
5772,2022-23,18,Niklas Pyyhtiä,Bologna,cognome/token,679754
4530,2022-23,26,Georgios Kyriakopoulos,Bologna,cognome/token,311178
5436,2022-23,18,Antonio Raimondo,Bologna,cognome/token,818888
799,2022-23,30,Francesco Bardi,Bologna,cognome/token,110925
487,2022-23,18,,Bologna,iniziale,
5784,2022-23,25,,Bologna,iniziale,
6054,2022-23,24,Nikola Moro,Bologna,iniziale,316934
244,2022-23,25,Paolo Ghiglione,Cremonese,cognome/token,313477
612,2022-23,29,Matteo Bianchetti,Cremonese,cognome/token,160986
640,2022-23,32,Vlad Chiricheș,Cremonese,cognome/token,123261
5514,2022-23,23,Johan Vásquez,Cremonese,cognome/token,532937
5891,2022-23,22,Giacomo Quagliata,Cremonese,cognome/token,458777
6002,2022-23,21,Emanuel Aiwu,Cremonese,cognome/token,394152
4178,2022-23,25,Santiago Ascacíbar,Cremonese,cognome/token,423436
4975,2022-23,29,Gonzalo Escalante,Cremonese,cognome/token,266795
5857,2022-23,25,Charles Pickel,Cremonese,cognome/token,243879
5515,2022-23,24,David Okereke,Cremonese,cognome/token,413605
5864,2022-23,29,Cristian Buonaiuto,Cremonese,cognome/token,187384
6026,2022-23,27,Cyriel Dessers,Cremonese,cognome/token,317806
5862,2022-23,23,Emanuele Valeri,Cremonese,cognome/token,445126
6027,2022-23,24,Luka Lochoshvili,Cremonese,cognome/token,345189
694,2022-23,27,Jaime Báez,Cremonese,cognome/token,238654
5863,2022-23,32,Michele Castagnetti,Cremonese,cognome/token,195335
6064,2022-23,27,Jack Hendry,Cremonese,cognome/token,363223
2789,2022-23,28,Soualiho Meïté,Cremonese,cognome/token,164913
5829,2022-23,20,Tommaso Milanese,Cremonese,cognome/token,538569
4431,2022-23,22,Marco Carnesecchi,Cremonese,cognome/token,459763
557,2022-23,27,Marco Benassi,Cremonese,cognome/token,201040
5705,2022-23,25,Pablo Galdames,Cremonese,cognome/token,313830
6012,2022-23,20,Christian Acella,Cremonese,cognome/token,610881
1843,2022-23,25,Ionuț Radu,Cremonese,iniziale,303657
2847,2022-23,22,,Cremonese,iniziale,
2842,2022-23,25,,Cremonese,iniziale,
4500,2022-23,19,,Cremonese,iniziale,
212,2022-23,24,,Cremonese,iniziale,
5854,2022-23,23,,Cremonese,iniziale,
45,2022-23,28,Alex Ferrari,Cremonese,iniziale,197491
6187,2022-23,18,Alberto Basso Ricci,Cremonese,iniziale,727865
42,2022-23,25,Mouhamadou Sarr,Cremonese,iniziale,338101
4964,2022-23,25,Guglielmo Vicario,Empoli,cognome/token,286047
393,2022-23,25,Sebastiano Luperto,Empoli,cognome/token,278531
5010,2022-23,25,Ardian Ismajli,Empoli,cognome/token,435228
5449,2022-23,21,Fabiano Parisi,Empoli,cognome/token,547985
5450,2022-23,26,Petar Stojanović,Empoli,cognome/token,183841
2253,2022-23,27,Filippo Bandinelli,Empoli,cognome/token,240934
4965,2022-23,26,Răzvan Marin,Empoli,cognome/token,295183
5451,2022-23,23,Nedim Bajrami,Empoli,cognome/token,390177
6010,2022-23,19,Jacopo Fazzini,Empoli,cognome/token,691482
472,2022-23,31,Mattia Destro,Empoli,cognome/token,88683
4436,2022-23,21,Nicolò Cambiaghi,Empoli,cognome/token,459151
5292,2022-23,25,Sam Lammers,Empoli,cognome/token,386914
5460,2022-23,21,Martín Satriano,Empoli,cognome/token,640109
27,2022-23,27,Alberto Grassi,Empoli,cognome/token,197473
2161,2022-23,26,Nicolas Haas,Empoli,cognome/token,192638
5480,2022-23,26,Tyronne Ebuehi,Empoli,cognome/token,309944
5823,2022-23,19,Tommaso Baldanzi,Empoli,cognome/token,641537
1998,2022-23,27,Marko Pjaca,Empoli,cognome/token,205940
6011,2022-23,20,Emmanuel Ekong,Empoli,cognome/token,603891
5804,2022-23,21,Liberato Cacace,Empoli,cognome/token,469211
4374,2022-23,22,Sebastian Walukiewicz,Empoli,cognome/token,345458
2819,2022-23,34,Francesco Caputo,Empoli,cognome/token,84765
4359,2022-23,21,Roberto Piccoli,Empoli,cognome/token,432092
2154,2022-23,21,Emanuel Vignato,Empoli,cognome/token,394346
673,2022-23,24,Samuele Perisan,Empoli,cognome/token,301240
144,2022-23,32,Lorenzo Tonelli,Empoli,cognome/token,111347
220,2022-23,34,Samir Ujkani,Empoli,cognome/token,42744
4498,2022-23,17,,Empoli,iniziale,
5739,2022-23,20,Koni De Winter,Empoli,iniziale,490384
5286,2022-23,29,Jean-Daniel Akpa Akpro,Empoli,iniziale,170481
6009,2022-23,19,Duccio Degli Innocenti,Empoli,iniziale,616169
6180,2022-23,18,,Empoli,iniziale,
5885,2022-23,23,Dodô,Fiorentina,cognome/token,401529
610,2022-23,27,Pierluigi Gollini,Fiorentina,cognome/token,244192
252,2022-23,29,Cristiano Biraghi,Fiorentina,cognome/token,124555
2164,2022-23,24,Nikola Milenković,Fiorentina,cognome/token,413507
150,2022-23,30,Riccardo Saponara,Fiorentina,cognome/token,88909
367,2022-23,32,Giacomo Bonaventura,Fiorentina,cognome/token,57280
557,2022-23,27,Marco Benassi,Fiorentina,cognome/token,201040
1933,2022-23,25,Rolando Mandragora,Fiorentina,cognome/token,308279
4376,2022-23,24,Szymon Żurkowski,Fiorentina,cognome/token,387234
4522,2022-23,25,Sofyan Amrabat,Fiorentina,cognome/token,287579
5457,2022-23,23,Youssef Maleh,Fiorentina,cognome/token,324377
2438,2022-23,24,Luka Jović,Fiorentina,cognome/token,257462
2762,2022-23,24,Christian Kouamé,Fiorentina,cognome/token,337725
4375,2022-23,22,Aleksa Terzic,Fiorentina,cognome/token,404260
526,2022-23,29,Alfred Duncan,Fiorentina,cognome/token,184894
4658,2022-23,24,Jonathan Ikoné,Fiorentina,cognome/token,324690
5786,2022-23,24,Arthur Cabral,Fiorentina,cognome/token,390638
4407,2022-23,24,Igor Julio,Fiorentina,cognome/token,380350
2815,2022-23,32,Pietro Terracciano,Fiorentina,cognome/token,96254
2174,2022-23,27,Lorenzo Venuti,Fiorentina,cognome/token,240219
4377,2022-23,25,Gaetano Castrovilli,Fiorentina,cognome/token,303116
4184,2022-23,24,Josip Brekalo,Fiorentina,cognome/token,293169
2179,2022-23,35,Salvatore Sirigu,Fiorentina,cognome/token,25508
2294,2022-23,23,Michele Cerofolini,Fiorentina,cognome/token,370701
5323,2022-23,26,Lucas Martínez Quarta,Fiorentina,iniziale,373373
2839,2022-23,18,,Fiorentina,iniziale,
4179,2022-23,19,,Fiorentina,iniziale,
2172,2022-23,27,,Fiorentina,iniziale,
4378,2022-23,23,Luca Ranieri,Fiorentina,iniziale,346561
5516,2022-23,23,,Fiorentina,iniziale,
250,2022-23,38,Samir Handanovič,Inter,cognome/token,28021
254,2022-23,24,Federico Dimarco,Inter,cognome/token,198116
798,2022-23,27,Milan Škriniar,Inter,cognome/token,204069
2120,2022-23,23,Alessandro Bastoni,Inter,cognome/token,315853
2160,2022-23,28,Robin Gosens,Inter,cognome/token,273132
2525,2022-23,32,Matteo Darmian,Inter,cognome/token,54906
5513,2022-23,26,Denzel Dumfries,Inter,cognome/token,321528
265,2022-23,29,Marcelo Brozović,Inter,cognome/token,156617
1870,2022-23,25,Nicolò Barella,Inter,cognome/token,255942
2194,2022-23,28,Hakan Çalhanoğlu,Inter,cognome/token,126414
2529,2022-23,33,Henrikh Mkhitaryan,Inter,cognome/token,55735
495,2022-23,27,Joaquín Correa,Inter,cognome/token,227081
647,2022-23,36,Edin Dzeko,Inter,cognome/token,28396
2531,2022-23,29,Romelu Lukaku,Inter,cognome/token,96341
801,2022-23,28,Roberto Gagliardini,Inter,cognome/token,197471
4887,2022-23,22,Raoul Bellanova,Inter,cognome/token,357992
513,2022-23,34,Francesco Acerbi,Inter,cognome/token,131075
5830,2022-23,26,André Onana,Inter,cognome/token,234509
5740,2022-23,19,Mattia Zanotti,Inter,cognome/token,582353
1889,2022-23,39,Alex Cordaz,Inter,cognome/token,16633
322,2022-23,30,Stefan de Vrij,Inter,iniziale,111196
2764,2022-23,20,,Inter,iniziale,
5719,2022-23,16,,Inter,iniziale,
253,2022-23,33,Danilo D'Ambrosio,Inter,iniziale,55769
6106,2022-23,17,Valentín Carboni,Inter,iniziale,787618
662,2022-23,31,Alex Sandro,Juventus,cognome/token,79960
2788,2022-23,25,Bremer,Juventus,cognome/token,516716
4237,2022-23,31,Danilo,Juventus,cognome/token,145707
218,2022-23,29,Mattia Perin,Juventus,cognome/token,110923
286,2022-23,35,Leonardo Bonucci,Juventus,cognome/token,39983
697,2022-23,34,Juan Cuadrado,Juventus,cognome/token,91970
827,2022-23,24,Manuel Locatelli,Juventus,cognome/token,265088
2432,2022-23,25,Denis Zakaria,Juventus,cognome/token,334526
4459,2022-23,20,Nicolò Rovella,Juventus,cognome/token,525704
4711,2022-23,29,Filip Kostic,Juventus,cognome/token,161011
4973,2022-23,23,Weston McKennie,Juventus,cognome/token,332697
5813,2022-23,18,Fabio Miretti,Juventus,cognome/token,571607
2841,2022-23,22,Dušan Vlahović,Juventus,cognome/token,357498
5734,2022-23,19,Matías Soulé,Juventus,cognome/token,668951
2379,2022-23,27,Adrien Rabiot,Juventus,cognome/token,182913
2097,2022-23,22,Moise Kean,Juventus,cognome/token,364135
453,2022-23,32,Wojciech Szczesny,Juventus,cognome/token,44058
2012,2022-23,28,Arkadiusz Milik,Juventus,cognome/token,191891
5831,2022-23,24,Federico Gatti,Juventus,cognome/token,509022
468,2022-23,28,Leandro Paredes,Juventus,cognome/token,166237
4465,2022-23,21,Nicolò Fagioli,Juventus,cognome/token,432090
2002,2022-23,24,Federico Chiesa,Juventus,cognome/token,341092
303,2022-23,29,Paul Pogba,Juventus,cognome/token,122153
6175,2022-23,21,Enzo Barrenechea,Juventus,cognome/token,671915
6013,2022-23,19,Tommaso Barbieri,Juventus,cognome/token,569939
358,2022-23,28,,Juventus,iniziale,
2382,2022-23,34,Ángel Di María,Juventus,iniziale,45320
6112,2022-23,18,Samuel Iling-Junior,Juventus,iniziale,581672
5832,2022-23,23,Luís Maximiano,Lazio,cognome/token,367464
327,2022-23,29,Patric,Lazio,cognome/token,126729
335,2022-23,29,Felipe Anderson,Lazio,cognome/token,159372
2085,2022-23,29,Luis Alberto,Lazio,cognome/token,128220
5834,2022-23,22,Marcos Antônio,Lazio,cognome/token,468301
2489,2022-23,35,Pedro,Lazio,cognome/token,65278
2814,2022-23,28,Ivan Provedel,Lazio,cognome/token,197929
140,2022-23,28,Elseid Hysaj,Lazio,cognome/token,200056
460,2022-23,27,Alessio Romagnoli,Lazio,cognome/token,197747
2188,2022-23,29,Adam Marusic,Lazio,cognome/token,239802
2263,2022-23,28,Manuel Lazzari,Lazio,cognome/token,331401
181,2022-23,30,Matías Vecino,Lazio,cognome/token,143812
333,2022-23,27,Danilo Cataldi,Lazio,cognome/token,199733
632,2022-23,27,Mattia Zaccagni,Lazio,cognome/token,283735
5674,2022-23,25,Toma Bašić,Lazio,cognome/token,334835
785,2022-23,32,Ciro Immobile,Lazio,cognome/token,105521
5500,2022-23,20,Matteo Cancellieri,Lazio,cognome/token,550106
5833,2022-23,21,Mario Gila,Lazio,cognome/token,618341
5498,2022-23,24,Nicolò Casale,Lazio,cognome/token,389837
329,2022-23,35,Ștefan Radu,Lazio,cognome/token,44420
5442,2022-23,19,Marco Bertini,Lazio,cognome/token,613539
645,2022-23,26,,Lazio,iniziale,
5510,2022-23,19,,Lazio,iniziale,
2728,2022-23,23,Luca Pellegrini,Lazio,iniziale,346567
2134,2022-23,27,Wladimiro Falcone,Lecce,cognome/token,238537
4502,2022-23,22,Antonino Gallo,Lecce,cognome/token,392516
4519,2022-23,25,Mert Çetin,Lecce,cognome/token,391498
5835,2022-23,25,Federico Baschirotto,Lecce,cognome/token,351955
5867,2022-23,22,Valentin Gendrey,Lecce,cognome/token,569387
4486,2022-23,25,Gabriel Strefezza,Lecce,cognome/token,457673
5869,2022-23,25,Alexis Blin,Lecce,cognome/token,236041
5870,2022-23,23,Morten Hjulmand,Lecce,cognome/token,461496
5872,2022-23,21,Thórir Jóhann Helgason,Lecce,cognome/token,488996
5873,2022-23,24,Marcin Listkowski,Lecce,cognome/token,291276
5886,2022-23,24,Kristijan Bistrovic,Lecce,cognome/token,375857
4923,2022-23,20,Lorenzo Colombo,Lecce,cognome/token,487843
5836,2022-23,28,Assan Ceesay,Lecce,cognome/token,388382
6001,2022-23,21,Lameck Banda,Lecce,cognome/token,545538
4921,2022-23,21,Kristoffer Askildsen,Lecce,cognome/token,574495
5603,2022-23,24,Marin Pongracic,Lecce,cognome/token,282144
4960,2022-23,32,Alessandro Tuia,Lecce,cognome/token,73943
6061,2022-23,25,Rémi Oudin,Lecce,cognome/token,399543
2583,2022-23,28,Samuel Umtiti,Lecce,cognome/token,126540
139,2022-23,30,Kastriot Dermaku,Lecce,cognome/token,163647
5479,2022-23,26,Pietro Ceccaroni,Lecce,cognome/token,239099
4438,2022-23,22,Tommaso Cassandro,Lecce,cognome/token,412649
5999,2022-23,20,Joan González,Lecce,iniziale,692209
1857,2022-23,23,,Lecce,iniziale,
770,2022-23,24,Giuseppe Pezzella,Lecce,iniziale,336960
5874,2022-23,20,Pablo Rodríguez,Lecce,iniziale,537765
5837,2022-23,19,Joel Voelkerling Persson,Lecce,iniziale,647534
76,2022-23,32,Simone Romagnoli,Lecce,iniziale,88706
4510,2022-23,23,Rafael Leão,Milan,cognome/token,357164
4312,2022-23,27,Mike Maignan,Milan,cognome/token,182906
357,2022-23,25,Davide Calabria,Milan,cognome/token,262523
4751,2022-23,24,Fikayo Tomori,Milan,cognome/token,303254
4976,2022-23,22,Pierre Kalulu,Milan,cognome/token,585949
148,2022-23,28,Rade Krunic,Milan,cognome/token,259953
4892,2022-23,23,Alexis Saelemaekers,Milan,cognome/token,381950
4970,2022-23,31,Junior Messias,Milan,cognome/token,449151
186,2022-23,28,Ante Rebić,Milan,cognome/token,187587
2466,2022-23,27,Divock Origi,Milan,cognome/token,148368
4200,2022-23,35,Olivier Giroud,Milan,cognome/token,82442
464,2022-23,31,Alessandro Florenzi,Milan,cognome/token,130365
4449,2022-23,22,Sandro Tonali,Milan,cognome/token,397033
4401,2022-23,22,Matteo Gabbia,Milan,cognome/token,323167
5875,2022-23,22,Yacine Adli,Milan,cognome/token,395236
2633,2022-23,33,Simon Kjaer,Milan,cognome/token,48859
5610,2022-23,19,Aster Vranckx,Milan,cognome/token,503881
5313,2022-23,21,Sergiño Dest,Milan,cognome/token,361104
160,2022-23,36,Ciprian Tătărușanu,Milan,cognome/token,55282
6055,2022-23,20,Malick Thiaw,Milan,cognome/token,521964
5785,2022-23,18,Marko Lazetić,Milan,cognome/token,698548
2639,2022-23,27,Tiemoué Bakayoko,Milan,cognome/token,182618
2530,2022-23,40,Zlatan Ibrahimović,Milan,cognome/token,3455
41,2022-23,39,Antonio Mirante,Milan,cognome/token,22141
4292,2022-23,24,Theo Hernández,Milan,iniziale,339808
2818,2022-23,24,,Milan,iniziale,
4825,2022-23,23,,Milan,iniziale,
5995,2022-23,21,Charles De Ketelaere,Milan,iniziale,435772
5017,2022-23,25,Fodé Ballo-Touré,Milan,iniziale,296422
2355,2022-23,26,Marlon,Monza,cognome/token,273236
5877,2022-23,23,Carlos Augusto,Monza,cognome/token,585982
4904,2022-23,28,Pablo Marí,Monza,cognome/token,210178
5838,2022-23,23,Samuele Birindelli,Monza,cognome/token,461019
1901,2022-23,28,Andrea Barberis,Monza,cognome/token,146680
1978,2022-23,26,Stefano Sensi,Monza,cognome/token,216179
2274,2022-23,28,Mattia Valoti,Monza,cognome/token,167741
5880,2022-23,27,Patrick Ciurria,Monza,cognome/token,255838
383,2022-23,27,Andrea Petagna,Monza,cognome/token,199258
1958,2022-23,29,Gianluca Caprari,Monza,cognome/token,146752
5881,2022-23,32,Christian Gytkjaer,Monza,cognome/token,76274
5882,2022-23,24,Dany Mota,Monza,cognome/token,347253
261,2022-23,34,Andrea Ranocchia,Monza,cognome/token,44327
5399,2022-23,21,Valentin Antov,Monza,cognome/token,227347
5878,2022-23,23,Andrea Colpani,Monza,cognome/token,392959
84,2022-23,32,Luca Marrone,Monza,cognome/token,124769
4958,2022-23,31,Luca Caldirola,Monza,cognome/token,88680
666,2022-23,25,Pepín Machín,Monza,cognome/token,355104
2741,2022-23,25,Matteo Pessina,Monza,cognome/token,332179
5992,2022-23,18,Warren Bondo,Monza,cognome/token,659516
226,2022-23,30,Armando Izzo,Monza,cognome/token,32113
4459,2022-23,20,Nicolò Rovella,Monza,cognome/token,525704
2446,2022-23,32,Giulio Donati,Monza,cognome/token,88684
2178,2022-23,28,Alessio Cragno,Monza,cognome/token,12907
5876,2022-23,25,Michele Di Gregorio,Monza,iniziale,301238
4925,2022-23,20,,Monza,iniziale,
21,2022-23,31,Marco D'Alessandro,Monza,iniziale,99232
5884,2022-23,21,Filippo Ranocchia,Monza,iniziale,489611
1851,2022-23,30,Salvatore Molina,Monza,iniziale,163582
5879,2022-23,18,Samuele Vignato,Monza,iniziale,650966
6149,2022-23,19,Franco Carboni,Monza,iniziale,731491
142,2022-23,31,Mário Rui,Napoli,cognome/token,87884
256,2022-23,31,Juan Jesus,Napoli,cognome/token,121985
572,2022-23,25,Alex Meret,Napoli,cognome/token,240414
4409,2022-23,28,Amir Rrahmani,Napoli,cognome/token,257732
5840,2022-23,24,Mathías Olivera,Napoli,cognome/token,376514
5892,2022-23,25,Min-jae Kim,Napoli,cognome/token,503482
152,2022-23,28,Piotr Zielinski,Napoli,cognome/token,181136
536,2022-23,28,Matteo Politano,Napoli,cognome/token,165895
4287,2022-23,27,Stanislav Lobotka,Napoli,cognome/token,192735
4479,2022-23,22,Eljif Elmas,Napoli,cognome/token,400489
5839,2022-23,21,Khvicha Kvaratskhelia,Napoli,cognome/token,502670
2195,2022-23,25,Adam Ounas,Napoli,cognome/token,400485
4517,2022-23,27,Hirving Lozano,Napoli,cognome/token,316889
4661,2022-23,23,Victor Osimhen,Napoli,cognome/token,401923
4143,2022-23,25,Tanguy Ndombélé,Napoli,cognome/token,450936
4371,2022-23,22,Giacomo Raspadori,Napoli,cognome/token,405885
4364,2022-23,22,Gianluca Gaetano,Napoli,cognome/token,358008
4725,2022-23,30,Diego Demme,Napoli,cognome/token,82070
6178,2022-23,22,Karim Zedadka,Napoli,cognome/token,612065
610,2022-23,27,Pierluigi Gollini,Napoli,cognome/token,244192
2104,2022-23,30,Bartosz Bereszyński,Napoli,cognome/token,144143
2816,2022-23,28,Giovanni Di Lorenzo,Napoli,iniziale,169880
4220,2022-23,21,,Napoli,iniziale,
5998,2022-23,23,,Napoli,iniziale,
2061,2022-23,27,,Napoli,iniziale,
4270,2022-23,34,Rui Patrício,Roma,cognome/token,45026
1852,2022-23,29,Leonardo Spinazzola,Roma,cognome/token,118689
2180,2022-23,27,Rick Karsdorp,Roma,cognome/token,205006
2296,2022-23,26,Gianluca Mancini,Roma,cognome/token,256448
4245,2022-23,32,Chris Smalling,Roma,cognome/token,103427
4331,2022-23,23,Roger Ibañez,Roma,cognome/token,524481
779,2022-23,27,Bryan Cristante,Roma,cognome/token,199248
2528,2022-23,34,Nemanja Matić,Roma,cognome/token,74683
2638,2022-23,31,Georginio Wijnaldum,Roma,cognome/token,49499
2766,2022-23,23,Nicolò Zaniolo,Roma,cognome/token,392085
309,2022-23,28,Paulo Dybala,Roma,cognome/token,206050
2544,2022-23,24,Tammy Abraham,Roma,cognome/token,331726
4657,2022-23,25,Zeki Çelik,Roma,cognome/token,251075
5422,2022-23,20,Nicola Zalewski,Roma,cognome/token,550108
4495,2022-23,22,Marash Kumbulla,Roma,cognome/token,371371
5423,2022-23,20,Edoardo Bove,Roma,cognome/token,562049
441,2022-23,28,Andrea Belotti,Roma,cognome/token,167727
5509,2022-23,24,Matías Viña,Roma,cognome/token,439072
5735,2022-23,18,Cristian Volpato,Roma,cognome/token,746891
6117,2022-23,19,Benjamin Tahirović,Roma,cognome/token,787907
6119,2022-23,23,Ola Solbakken,Roma,cognome/token,431811
6181,2022-23,17,Jordan Majchrzak,Roma,cognome/token,846302
6189,2022-23,18,Filippo Missori,Roma,cognome/token,650993
6190,2022-23,17,Niccolò Pisilli,Roma,cognome/token,813137
5841,2022-23,22,Mile Svilar,Roma,cognome/token,338670
530,2022-23,17,,Roma,iniziale,
795,2022-23,29,Stephan El Shaarawy,Roma,iniziale,94529
6058,2022-23,25,Mady Camara,Roma,iniziale,481173
5311,2022-23,18,,Roma,iniziale,
5239,2022-23,28,Diego Llorente,Roma,iniziale,246291
159,2022-23,31,Luigi Sepe,Salernitana,cognome/token,99254
660,2022-23,30,Norbert Gyömbér,Salernitana,cognome/token,205054
2016,2022-23,35,Federico Fazio,Salernitana,cognome/token,45314
5481,2022-23,27,Pasquale Mazzocchi,Salernitana,cognome/token,250153
5856,2022-23,25,Junior Sambia,Salernitana,cognome/token,335147
6028,2022-23,27,Dylan Bronn,Salernitana,cognome/token,450417
332,2022-23,35,Antonio Candreva,Salernitana,cognome/token,25488
2117,2022-23,24,Grigoris Kastanos,Salernitana,cognome/token,298635
6025,2022-23,27,Tonny Vilhena,Salernitana,cognome/token,182581
505,2022-23,25,Federico Bonazzoli,Salernitana,cognome/token,241527
2409,2022-23,39,Franck Ribéry,Salernitana,cognome/token,22068
5472,2022-23,25,Julian Kristoffersen,Salernitana,cognome/token,267614
5842,2022-23,22,Erik Botheim,Salernitana,cognome/token,418559
118,2022-23,33,Ivan Radovanovic,Salernitana,cognome/token,46105
5532,2022-23,22,Domagoj Bradarić,Salernitana,cognome/token,357796
4988,2022-23,24,Giulio Maggiore,Salernitana,cognome/token,353796
4897,2022-23,20,Lorenzo Pirola,Salernitana,cognome/token,487834
5554,2022-23,21,Flavius Daniliuc,Salernitana,cognome/token,322655
2756,2022-23,27,Krzysztof Piatek,Salernitana,cognome/token,327757
5798,2022-23,23,Emil Bohinen,Salernitana,cognome/token,406806
6120,2022-23,37,Guillermo Ochoa,Salernitana,cognome/token,29559
5486,2022-23,26,Domen Crnigoj,Salernitana,cognome/token,216599
1947,2022-23,32,Vincenzo Fiorillo,Salernitana,cognome/token,55000
5504,2022-23,22,,Salernitana,iniziale,
5843,2022-23,19,,Salernitana,iniziale,
5672,2022-23,25,,Salernitana,iniziale,
4349,2022-23,22,Hans Nicolussi Caviglia,Salernitana,iniziale,430280
2870,2022-23,28,William Troost-Ekong,Salernitana,iniziale,192875
5071,2022-23,29,Jesé,Sampdoria,cognome/token,134936
761,2022-23,25,Emil Audero,Sampdoria,cognome/token,256339
259,2022-23,30,Jeison Murillo,Sampdoria,cognome/token,131102
2104,2022-23,30,Bartosz Bereszyński,Sampdoria,cognome/token,144143
2141,2022-23,25,Fabio Depaoli,Sampdoria,cognome/token,324282
2784,2022-23,29,Omar Colley,Sampdoria,cognome/token,174733
4421,2022-23,27,Tommaso Augello,Sampdoria,cognome/token,284595
238,2022-23,34,Tomás Rincón,Sampdoria,cognome/token,75942
600,2022-23,28,Valerio Verre,Sampdoria,cognome/token,162961
1995,2022-23,30,Filip Djuricic,Sampdoria,cognome/token,94307
2334,2022-23,24,Mehdi Léris,Sampdoria,cognome/token,348601
2855,2022-23,24,Ronaldo Vieira,Sampdoria,cognome/token,434676
5788,2022-23,25,Abdelhamid Sabiri,Sampdoria,cognome/token,340394
568,2022-23,39,Fabio Quagliarella,Sampdoria,cognome/token,22328
2819,2022-23,34,Francesco Caputo,Sampdoria,cognome/token,84765
1868,2022-23,27,Nicola Murru,Sampdoria,cognome/token,171399
4885,2022-23,24,Gonzalo Villar,Sampdoria,cognome/token,398163
5517,2022-23,19,Gerard Yepes,Sampdoria,cognome/token,624436
407,2022-23,30,Manolo Gabbiadini,Sampdoria,cognome/token,112343
2826,2022-23,26,Ignacio Pussetto,Sampdoria,cognome/token,283528
11,2022-23,28,Andrea Conti,Sampdoria,cognome/token,111227
5316,2022-23,20,Bruno Amione,Sampdoria,cognome/token,644676
6113,2022-23,19,Daniele Montevago,Sampdoria,cognome/token,678441
2280,2022-23,32,Bram Nuytinck,Sampdoria,cognome/token,104597
5292,2022-23,25,Sam Lammers,Sampdoria,cognome/token,386914
5527,2022-23,21,Alessandro Zanoli,Sampdoria,cognome/token,397225
6131,2022-23,19,Flavio Paoletti,Sampdoria,cognome/token,622801
4260,2022-23,26,Harry Winks,Sampdoria,cognome/token,249126
6157,2022-23,18,Lorenzo Malagrida,Sampdoria,cognome/token,698110
4701,2022-23,22,Michaël Cuisance,Sampdoria,cognome/token,344600
6005,2022-23,18,Emirhan İlkhan,Sampdoria,cognome/token,743091
2758,2022-23,27,Koray Günter,Sampdoria,cognome/token,115763
6135,2022-23,18,Martin Turk,Sampdoria,cognome/token,700643
4977,2022-23,33,Nicola Ravaglia,Sampdoria,cognome/token,42796
6195,2022-23,19,Telasco Segovia,Sampdoria,cognome/token,858719
6196,2022-23,17,Samuel Ntanda,Sampdoria,cognome/token,641036
45,2022-23,18,,Sampdoria,iniziale,
5512,2022-23,24,Manuel De Luca,Sampdoria,iniziale,375816
6194,2022-23,17,Mihailo Ivanović,Sampdoria,iniziale,849865
2318,2022-23,24,Rogério,Sassuolo,cognome/token,401527
5511,2022-23,24,Matheus Henrique,Sassuolo,cognome/token,552549
509,2022-23,35,Andrea Consigli,Sassuolo,cognome/token,35865
4426,2022-23,27,Jeremy Toljan,Sassuolo,cognome/token,129674
4521,2022-23,23,Mert Müldür,Sassuolo,cognome/token,353922
4530,2022-23,26,Georgios Kyriakopoulos,Sassuolo,cognome/token,311178
4979,2022-23,27,Kaan Ayhan,Sassuolo,cognome/token,119031
2848,2022-23,22,Davide Frattesi,Sassuolo,cognome/token,394300
5688,2022-23,24,Abdou Harroui,Sassuolo,cognome/token,416386
5776,2022-23,20,Emil Konradsen Ceide,Sassuolo,cognome/token,508371
5844,2022-23,23,Kristian Thorstvedt,Sassuolo,cognome/token,564785
531,2022-23,28,Domenico Berardi,Sassuolo,cognome/token,177843
643,2022-23,31,Grégoire Defrel,Sassuolo,cognome/token,163222
2038,2022-23,23,Andrea Pinamonti,Sassuolo,cognome/token,315865
4371,2022-23,22,Giacomo Raspadori,Sassuolo,cognome/token,405885
4982,2022-23,24,Martin Erlić,Sassuolo,cognome/token,357003
2252,2022-23,24,Riccardo Marchizza,Sassuolo,cognome/token,297645
6060,2022-23,23,Armand Laurienté,Sassuolo,cognome/token,579930
4501,2022-23,30,Pedro Obiang,Sassuolo,cognome/token,101213
510,2022-23,41,Gianluca Pegolo,Sassuolo,cognome/token,21872
4433,2022-23,23,Nadir Zortea,Sassuolo,cognome/token,392966
5451,2022-23,23,Nedim Bajrami,Sassuolo,cognome/token,390177
2279,2022-23,25,Filippo Romagna,Sassuolo,cognome/token,256678
1895,2022-23,21,,Sassuolo,iniziale,
4681,2022-23,23,,Sassuolo,iniziale,
5845,2022-23,17,,Sassuolo,iniziale,
5747,2022-23,21,,Sassuolo,iniziale,
6019,2022-23,19,,Sassuolo,iniziale,
1917,2022-23,24,Bartłomiej Drągowski,Spezia,cognome/token,208166
630,2022-23,30,Jacopo Sala,Spezia,cognome/token,96806
1847,2022-23,28,Mattia Caldara,Spezia,cognome/token,197470
2739,2022-23,27,Arkadiusz Reca,Spezia,cognome/token,268178
4329,2022-23,23,Dimitrios Nikolaou,Spezia,cognome/token,292772
5678,2022-23,22,Emil Holm,Spezia,cognome/token,496745
5693,2022-23,22,Jakub Kiwior,Spezia,cognome/token,425918
2391,2022-23,33,Albin Ekdal,Spezia,cognome/token,49275
2825,2022-23,30,Mehdi Bourabia,Spezia,cognome/token,131731
4515,2022-23,23,Kevin Agudelo,Spezia,cognome/token,587458
4992,2022-23,28,Emmanuel Gyasi,Spezia,cognome/token,241076
6020,2022-23,20,Mikael Egill Ellertsson,Spezia,cognome/token,566615
5336,2022-23,25,M'Bala Nzola,Spezia,cognome/token,354814
5690,2022-23,21,David Strelec,Spezia,cognome/token,482836
2312,2022-23,23,Petko Hristov,Spezia,cognome/token,372809
5397,2022-23,26,Viktor Kovalenko,Spezia,cognome/token,203842
6063,2022-23,22,Leandro Sanca,Spezia,cognome/token,539154
4719,2022-23,21,Ethan Ampadu,Spezia,cognome/token,392771
5475,2022-23,24,Kelvin Amian,Spezia,cognome/token,344072
4896,2022-23,20,Daniel Maldini,Spezia,cognome/token,539134
5005,2022-23,31,Jeroen Zoet,Spezia,cognome/token,79045
5528,2022-23,20,Petar Zovko,Spezia,cognome/token,602299
4983,2022-23,24,Salva Ferrer,Spezia,cognome/token,624548
4376,2022-23,24,Szymon Żurkowski,Spezia,cognome/token,387234
6142,2022-23,19,Tio Cipot,Spezia,cognome/token,795431
6153,2022-23,24,Przemysław Wiśniewski,Spezia,cognome/token,386967
5311,2022-23,27,Eldor Shomurodov,Spezia,cognome/token,358166
6143,2022-23,20,Raimonds Krollis,Spezia,cognome/token,594505
318,2022-23,39,Federico Marchetti,Spezia,cognome/token,22318
5332,2022-23,18,,Spezia,iniziale,
215,2022-23,21,,Spezia,iniziale,
6107,2022-23,17,Julius Beck,Spezia,iniziale,802512
6118,2022-23,24,João Moutinho,Spezia,iniziale,461906
4408,2022-23,17,,Spezia,iniziale,
2865,2022-23,25,Ola Aina,Torino,cognome/token,236490
2869,2022-23,29,Koffi Djidji,Torino,cognome/token,183031
4385,2022-23,26,Valentino Lazaro,Torino,cognome/token,186368
4870,2022-23,22,Michel Adopo,Torino,cognome/token,564305
4899,2022-23,21,Wilfried Singo,Torino,cognome/token,648779
2008,2022-23,27,Karol Linetty,Torino,cognome/token,225873
4995,2022-23,25,Jacopo Segre,Torino,cognome/token,373899
5001,2022-23,26,Aleksey Miranchuk,Torino,cognome/token,255450
5063,2022-23,26,Nemanja Radonjic,Torino,cognome/token,245078
5687,2022-23,24,Nikola Vlašić,Torino,cognome/token,293200
6005,2022-23,18,Emirhan İlkhan,Torino,cognome/token,743091
479,2022-23,26,Antonio Sanabria,Torino,cognome/token,234523
2724,2022-23,23,Alessandro Buongiorno,Torino,cognome/token,386446
2009,2022-23,25,Saša Lukić,Torino,cognome/token,245056
4994,2022-23,27,Mërgim Vojvoda,Torino,cognome/token,336125
6041,2022-23,22,Perr Schuurs,Torino,cognome/token,418543
5691,2022-23,21,David Zima,Torino,cognome/token,544149
2325,2022-23,24,Yann Karamoh,Torino,cognome/token,324804
5846,2022-23,22,Brian Bayeye,Torino,cognome/token,715470
2855,2022-23,24,Ronaldo Vieira,Torino,cognome/token,434676
2184,2022-23,24,Andreaw Gravillon,Torino,cognome/token,395083
6170,2022-23,18,Gvidas Gineitis,Torino,cognome/token,798929
5007,2022-23,21,Ivan Ilić,Torino,cognome/token,470794
2170,2022-23,25,,Torino,iniziale,
2169,2022-23,29,Ricardo Rodríguez,Torino,iniziale,86784
5453,2022-23,18,,Torino,iniziale,
2103,2022-23,17,,Torino,iniziale,
5806,2022-23,21,,Torino,iniziale,
4412,2022-23,26,Rodrigo Becão,Udinese,cognome/token,410158
2392,2022-23,27,Walace,Udinese,cognome/token,323954
5694,2022-23,24,Beto,Udinese,cognome/token,595809
2211,2022-23,31,Marco Silvestri,Udinese,cognome/token,85528
49,2022-23,28,Adam Masina,Udinese,cognome/token,286949
2280,2022-23,32,Bram Nuytinck,Udinese,cognome/token,104597
5686,2022-23,20,Brandon Soppy,Udinese,cognome/token,546880
5848,2022-23,19,Festy Ebosele,Udinese,cognome/token,586756
302,2022-23,31,Roberto Pereyra,Udinese,cognome/token,112302
5119,2022-23,20,Lazar Samardžić,Udinese,cognome/token,528833
5329,2022-23,24,Jean-Victor Makengo,Udinese,cognome/token,322305
2119,2022-23,28,Gerard Deulofeu,Udinese,cognome/token,129476
5676,2022-23,26,Isaac Success,Udinese,cognome/token,295331
5355,2022-23,19,Destiny Udogie,Udinese,cognome/token,556385
5847,2022-23,23,Jaka Bijol,Udinese,cognome/token,371851
5287,2022-23,31,Tolgay Arslan,Udinese,cognome/token,53536
1943,2022-23,32,Ilija Nestorovski,Udinese,cognome/token,54581
6047,2022-23,27,Kingsley Ehizibue,Udinese,cognome/token,272812
434,2022-23,34,Mato Jajalo,Udinese,cognome/token,47513
5824,2022-23,16,Simone Pafundi,Udinese,cognome/token,876400
2369,2022-23,29,Florian Thauvin,Udinese,cognome/token,184892
4323,2022-23,31,Marvin Zeegelaar,Udinese,cognome/token,92899
6160,2022-23,17,Vivaldo Semedo,Udinese,cognome/token,1014243
6197,2022-23,18,Niccolò Cocetta,Udinese,cognome/token,704692
5677,2022-23,18,,Udinese,iniziale,
5994,2022-23,23,,Udinese,iniziale,
5850,2022-23,18,,Udinese,iniziale,
6021,2022-23,20,,Udinese,iniziale,
5849,2022-23,24,,Udinese,iniziale,
6023,2022-23,17,Axel Guessand,Udinese,iniziale,925584
2011,2022-23,36,Miguel Veloso,Verona,cognome/token,43848
4957,2022-23,26,Lorenzo Montipò,Verona,cognome/token,241923
581,2022-23,30,Davide Faraoni,Verona,cognome/token,73926
2668,2022-23,23,Panagiotis Retsos,Verona,cognome/token,324351
2758,2022-23,27,Koray Günter,Verona,cognome/token,115763
4493,2022-23,27,Paweł Dawidowicz,Verona,cognome/token,248732
5316,2022-23,20,Bruno Amione,Verona,cognome/token,644676
236,2022-23,31,Darko Lazović,Verona,cognome/token,70411
2172,2022-23,27,Antonín Barák,Verona,cognome/token,272261
4890,2022-23,28,Adrien Tamèze,Verona,cognome/token,157507
5007,2022-23,21,Ivan Ilić,Verona,cognome/token,470794
5499,2022-23,24,Martin Hongla,Verona,cognome/token,398808
90,2022-23,29,Kevin Lasagna,Verona,cognome/token,131951
4359,2022-23,21,Roberto Piccoli,Verona,cognome/token,432092
5471,2022-23,32,Milan Djuric,Verona,cognome/token,67556
5529,2022-23,27,Thomas Henry,Verona,cognome/token,412513
1891,2022-23,30,Federico Ceccherini,Verona,cognome/token,163639
5851,2022-23,20,Josh Doig,Verona,cognome/token,567129
6046,2022-23,23,Isak Hien,Verona,cognome/token,503075
5444,2022-23,21,Alessandro Cortinovis,Verona,cognome/token,421768
5439,2022-23,21,Yayah Kallon,Verona,cognome/token,623040
2141,2022-23,25,Fabio Depaoli,Verona,cognome/token,324282
6039,2022-23,21,Juan Cabal,Verona,cognome/token,686965
5947,2022-23,26,Ajdin Hrustic,Verona,cognome/token,265625
376,2022-23,30,Simone Verdi,Verona,cognome/token,130360
2769,2022-23,26,Giangiacomo Magnani,Verona,cognome/token,310458
4342,2022-23,27,Ondrej Duda,Verona,cognome/token,232418
5395,2022-23,19,Jayden Braaf,Verona,cognome/token,470391
6145,2022-23,22,Cyril Ngonge,Verona,cognome/token,358032
6162,2022-23,26,Oliver Abildgaard,Verona,cognome/token,325993
5394,2022-23,23,Adolfo Gaich,Verona,cognome/token,608469
6139,2022-23,24,Deyovaisio Zeefuik,Verona,cognome/token,338032
511,2022-23,27,Simone Perilli,Verona,cognome/token,240675
5764,2022-23,18,Diego Coppola,Verona,iniziale,660860
5812,2022-23,19,Filippo Terracciano,Verona,iniziale,631007
6024,2022-23,19,Ibrahim Sulemana,Verona,iniziale,982267
2792,2023-24,29,Juan Musso,Atalanta,cognome/token,242359
554,2023-24,31,Davide Zappacosta,Atalanta,cognome/token,173859
787,2023-24,30,Berat Djimsiti,Atalanta,cognome/token,165513
2640,2023-24,30,Sead Kolasinac,Atalanta,cognome/token,94005
4433,2023-24,24,Nadir Zortea,Atalanta,cognome/token,392966
5354,2023-24,21,Matteo Ruggeri,Atalanta,cognome/token,616631
5526,2023-24,19,Giorgio Scalvini,Atalanta,cognome/token,571604
2077,2023-24,28,Mario Pašalić,Atalanta,cognome/token,205938
4870,2023-24,23,Michel Adopo,Atalanta,cognome/token,564305
5685,2023-24,25,Teun Koopmeiners,Atalanta,cognome/token,360518
2137,2023-24,24,Gianluca Scamacca,Atalanta,cognome/token,315867
4730,2023-24,25,Ademola Lookman,Atalanta,cognome/token,406040
5067,2023-24,23,Mitchel Bakker,Atalanta,cognome/token,361065
507,2023-24,32,Luis Muriel,Atalanta,cognome/token,119228
2181,2023-24,33,José Luis Palomino,Atalanta,cognome/token,125020
5678,2023-24,23,Emil Holm,Atalanta,cognome/token,496745
4431,2023-24,23,Marco Carnesecchi,Atalanta,cognome/token,459763
695,2023-24,32,Rafael Tolói,Atalanta,cognome/token,72441
5001,2023-24,27,Aleksey Miranchuk,Atalanta,cognome/token,255450
2130,2023-24,29,Hans Hateboer,Atalanta,cognome/token,275303
6046,2023-24,24,Isak Hien,Atalanta,cognome/token,503075
6588,2023-24,17,Leonardo Mendicino,Atalanta,cognome/token,938678
22,2023-24,20,,Atalanta,iniziale,
5792,2023-24,20,,Atalanta,iniziale,
5995,2023-24,18,,Atalanta,iniziale,
608,2023-24,32,Duván Zapata,Atalanta,iniziale,73794
6229,2023-24,21,El Bilal Touré,Atalanta,iniziale,649016
2297,2023-24,32,Francesco Rossi,Atalanta,iniziale,126634
133,2023-24,32,Lukasz Skorupski,Bologna,cognome/token,80894
2653,2023-24,29,Charalampos Lykogiannis,Bologna,cognome/token,136514
6042,2023-24,25,Jhon Lucumí,Bologna,cognome/token,413565
6066,2023-24,26,Stefan Posch,Bologna,cognome/token,223974
6202,2023-24,24,Sam Beukema,Bologna,cognome/token,433984
6407,2023-24,19,Tommaso Corazza,Bologna,cognome/token,818880
2167,2023-24,26,Riccardo Orsolini,Bologna,cognome/token,368482
4869,2023-24,25,Nicolás Domínguez,Bologna,cognome/token,497291
5425,2023-24,18,Kacper Urbański,Bologna,cognome/token,699442
5564,2023-24,22,Dan Ndoye,Bologna,cognome/token,365108
5858,2023-24,23,Lewis Ferguson,Bologna,cognome/token,428563
5086,2023-24,22,Joshua Zirkzee,Bologna,cognome/token,435648
6148,2023-24,20,Victor Kristiansen,Bologna,cognome/token,564529
4945,2023-24,21,Riccardo Calafiori,Bologna,cognome/token,502821
788,2023-24,31,Remo Freuler,Bologna,cognome/token,148252
4892,2023-24,24,Alexis Saelemaekers,Bologna,cognome/token,381950
2192,2023-24,27,Kevin Bonifazi,Bologna,cognome/token,247377
2765,2023-24,24,Jens Odgaard,Bologna,cognome/token,345590
5822,2023-24,19,Nicola Bagnolini,Bologna,cognome/token,818892
5784,2023-24,20,,Bologna,iniziale,
6054,2023-24,25,Nikola Moro,Bologna,iniziale,316934
6225,2023-24,22,,Bologna,iniziale,
5446,2023-24,26,,Bologna,iniziale,
6206,2023-24,20,,Bologna,iniziale,
6459,2023-24,25,,Bologna,iniziale,
487,2023-24,35,Lorenzo De Silvestri,Bologna,iniziale,33571
2722,2023-24,23,Federico Ravaglia,Bologna,iniziale,390304
6572,2023-24,18,Santiago Castro,Bologna,iniziale,849520
418,2023-24,29,Edoardo Goldaniga,Cagliari,cognome/token,242940
4461,2023-24,23,Gabriele Zappa,Cagliari,cognome/token,392569
5701,2023-24,20,Adam Obert,Cagliari,cognome/token,568333
6230,2023-24,24,Alberto Dossena,Cagliari,cognome/token,385394
6231,2023-24,29,Paulo Azzi,Cagliari,cognome/token,310527
1871,2023-24,28,Alessandro Deiola,Cagliari,cognome/token,235931
1987,2023-24,27,Jakub Jankto,Cagliari,cognome/token,319160
4514,2023-24,27,Nahitan Nández,Cagliari,cognome/token,315063
6218,2023-24,20,Gaetano Oristanio,Cagliari,cognome/token,613393
6232,2023-24,25,Antoine Makoumbou,Cagliari,cognome/token,460651
247,2023-24,34,Leonardo Pavoletti,Cagliari,cognome/token,64793
5297,2023-24,21,Zito Luvumbo,Cagliari,cognome/token,666547
5311,2023-24,28,Eldor Shomurodov,Cagliari,cognome/token,358166
4421,2023-24,28,Tommaso Augello,Cagliari,cognome/token,284595
6464,2023-24,26,Mateusz Wieteska,Cagliari,cognome/token,208172
383,2023-24,28,Andrea Petagna,Cagliari,cognome/token,199258
6438,2023-24,26,Pantelis Hatzidiakos,Cagliari,cognome/token,144244
440,2023-24,33,Nicolas Viola,Cagliari,cognome/token,85393
574,2023-24,27,Simone Scuffet,Cagliari,cognome/token,238993
65,2023-24,34,Marco Mancosu,Cagliari,cognome/token,51736
1939,2023-24,33,Gianluca Lapadula,Cagliari,cognome/token,130394
4210,2023-24,28,Yerry Mina,Cagliari,cognome/token,289446
4364,2023-24,23,Gianluca Gaetano,Cagliari,cognome/token,358008
1946,2023-24,37,Simone Aresti,Cagliari,cognome/token,41912
3,2023-24,27,,Cagliari,iniziale,
5406,2023-24,24,Alessandro Di Pardo,Cagliari,iniziale,457674
6024,2023-24,19,,Cagliari,iniziale,
6424,2023-24,17,,Cagliari,iniziale,
6598,2023-24,20,,Cagliari,iniziale,
4360,2023-24,21,Elia Caprile,Empoli,cognome/token,421873
393,2023-24,26,Sebastiano Luperto,Empoli,cognome/token,278531
5010,2023-24,26,Ardian Ismajli,Empoli,cognome/token,435228
5480,2023-24,27,Tyronne Ebuehi,Empoli,cognome/token,309944
5804,2023-24,22,Liberato Cacace,Empoli,cognome/token,469211
27,2023-24,28,Alberto Grassi,Empoli,cognome/token,197473
4965,2023-24,27,Răzvan Marin,Empoli,cognome/token,295183
5823,2023-24,20,Tommaso Baldanzi,Empoli,cognome/token,641537
2819,2023-24,35,Francesco Caputo,Empoli,cognome/token,84765
4359,2023-24,22,Roberto Piccoli,Empoli,cognome/token,432092
5500,2023-24,21,Matteo Cancellieri,Empoli,cognome/token,550106
6011,2023-24,21,Emmanuel Ekong,Empoli,cognome/token,603891
673,2023-24,25,Samuele Perisan,Empoli,cognome/token,301240
2161,2023-24,27,Nicolas Haas,Empoli,cognome/token,192638
6010,2023-24,20,Jacopo Fazzini,Empoli,cognome/token,691482
4436,2023-24,22,Nicolò Cambiaghi,Empoli,cognome/token,459151
316,2023-24,34,Etrit Berisha,Empoli,cognome/token,77825
2104,2023-24,31,Bartosz Bereszyński,Empoli,cognome/token,144143
4374,2023-24,23,Sebastian Walukiewicz,Empoli,cognome/token,345458
5397,2023-24,27,Viktor Kovalenko,Empoli,cognome/token,203842
5457,2023-24,24,Youssef Maleh,Empoli,cognome/token,324377
472,2023-24,32,Mattia Destro,Empoli,cognome/token,88683
4896,2023-24,21,Daniel Maldini,Empoli,cognome/token,539134
4376,2023-24,25,Szymon Żurkowski,Empoli,cognome/token,387234
306,2023-24,27,Alberto Cerri,Empoli,cognome/token,197751
382,2023-24,28,M'Baye Niang,Empoli,cognome/token,157501
770,2023-24,18,,Empoli,iniziale,
4498,2023-24,27,Liam Henderson,Empoli,iniziale,193867
4992,2023-24,22,,Empoli,iniziale,
6395,2023-24,19,,Empoli,iniziale,
5332,2023-24,26,Simone Bastoni,Empoli,iniziale,257751
5884,2023-24,22,Filippo Ranocchia,Empoli,iniziale,489611
6546,2023-24,29,,Empoli,iniziale,
6545,2023-24,18,,Empoli,iniziale,
5885,2023-24,24,Dodô,Fiorentina,cognome/token,401529
4285,2023-24,26,Arthur Melo,Fiorentina,cognome/token,362842
2815,2023-24,33,Pietro Terracciano,Fiorentina,cognome/token,96254
252,2023-24,30,Cristiano Biraghi,Fiorentina,cognome/token,124555
2164,2023-24,25,Nikola Milenković,Fiorentina,cognome/token,413507
6235,2023-24,19,Michael Kayode,Fiorentina,cognome/token,823486
367,2023-24,33,Giacomo Bonaventura,Fiorentina,cognome/token,57280
526,2023-24,30,Alfred Duncan,Fiorentina,cognome/token,184894
1933,2023-24,26,Rolando Mandragora,Fiorentina,cognome/token,308279
6393,2023-24,20,Gino Infantino,Fiorentina,cognome/token,831162
4184,2023-24,25,Josip Brekalo,Fiorentina,cognome/token,293169
5449,2023-24,22,Fabiano Parisi,Fiorentina,cognome/token,547985
2762,2023-24,25,Christian Kouamé,Fiorentina,cognome/token,337725
4658,2023-24,25,Jonathan Ikoné,Fiorentina,cognome/token,324690
6495,2023-24,18,Pietro Comuzzo,Fiorentina,cognome/token,746712
4210,2023-24,28,Yerry Mina,Fiorentina,cognome/token,289446
581,2023-24,31,Davide Faraoni,Fiorentina,cognome/token,73926
441,2023-24,29,Andrea Belotti,Fiorentina,cognome/token,167727
4377,2023-24,26,Gaetano Castrovilli,Fiorentina,cognome/token,303116
4378,2023-24,24,Luca Ranieri,Fiorentina,iniziale,346561
2839,2023-24,19,,Fiorentina,iniziale,
4179,2023-24,28,,Fiorentina,iniziale,
5336,2023-24,24,,Fiorentina,iniziale,
6409,2023-24,22,Lucas Beltrán,Fiorentina,iniziale,628366
6403,2023-24,24,Oliver Christensen,Fiorentina,iniziale,471936
5323,2023-24,27,Lucas Martínez Quarta,Fiorentina,iniziale,373373
6236,2023-24,26,,Fiorentina,iniziale,
4681,2023-24,25,Maxime Lopez,Fiorentina,iniziale,290862
6184,2023-24,17,Tommaso Martinelli,Fiorentina,iniziale,934159
5093,2023-24,21,Reinier,Frosinone,cognome/token,627226
5505,2023-24,21,Kaio Jorge,Frosinone,cognome/token,620477
6411,2023-24,19,Mateus Lusuardi,Frosinone,cognome/token,1159022
4867,2023-24,21,Stefano Turati,Frosinone,cognome/token,543666
2252,2023-24,25,Riccardo Marchizza,Frosinone,cognome/token,297645
4952,2023-24,21,Ilario Monterisi,Frosinone,cognome/token,550116
6238,2023-24,22,Anthony Oyono,Frosinone,cognome/token,804812
694,2023-24,28,Jaime Báez,Frosinone,cognome/token,238654
1976,2023-24,27,Luca Mazzitelli,Frosinone,cognome/token,226025
4947,2023-24,23,Marco Brescianini,Frosinone,cognome/token,459128
5688,2023-24,25,Abdou Harroui,Frosinone,cognome/token,416386
6175,2023-24,22,Enzo Barrenechea,Frosinone,cognome/token,671915
6241,2023-24,26,Francesco Gelli,Frosinone,cognome/token,337811
5364,2023-24,24,Giuseppe Caso,Frosinone,cognome/token,398030
6204,2023-24,20,Giorgi Kvernadze,Frosinone,cognome/token,412758
6214,2023-24,22,Marvin Cuni,Frosinone,cognome/token,453864
6243,2023-24,23,Gennaro Borrelli,Frosinone,cognome/token,459988
6442,2023-24,29,Luigi Canotto,Frosinone,cognome/token,188436
2294,2023-24,24,Michele Cerofolini,Frosinone,cognome/token,370701
6237,2023-24,29,Przemysław Szymiński,Frosinone,cognome/token,255461
2183,2023-24,29,Luca Garritano,Frosinone,cognome/token,205677
6439,2023-24,25,Walid Cheddira,Frosinone,cognome/token,521407
5734,2023-24,20,Matías Soulé,Frosinone,cognome/token,668951
2006,2023-24,25,Pol Lirola,Frosinone,cognome/token,298975
4432,2023-24,22,Caleb Okoli,Frosinone,cognome/token,461833
2825,2023-24,31,Mehdi Bourabia,Frosinone,cognome/token,131731
2192,2023-24,27,Kevin Bonifazi,Frosinone,cognome/token,247377
6530,2023-24,20,Farès Ghedjemis,Frosinone,cognome/token,888738
4433,2023-24,24,Nadir Zortea,Frosinone,cognome/token,392966
5806,2023-24,22,Demba Seck,Frosinone,cognome/token,551752
5862,2023-24,24,Emanuele Valeri,Frosinone,cognome/token,445126
76,2023-24,33,Simone Romagnoli,Frosinone,iniziale,88706
6492,2023-24,17,Arijon Ibrahimovic,Frosinone,iniziale,744728
500,2023-24,27,Karlo Lulic,Frosinone,iniziale,240252
2083,2023-24,29,Davide Biraschi,Genoa,cognome/token,199927
2285,2023-24,29,Mattia Bani,Genoa,cognome/token,176139
2593,2023-24,26,Aarón Martín,Genoa,cognome/token,251878
5365,2023-24,21,Radu Drăgușin,Genoa,cognome/token,568559
5514,2023-24,24,Johan Vásquez,Genoa,cognome/token,532937
5748,2023-24,25,Silvan Hefti,Genoa,cognome/token,237666
170,2023-24,34,Milan Badelj,Genoa,cognome/token,40633
4404,2023-24,27,Morten Thorsby,Genoa,cognome/token,226524
5791,2023-24,22,Morten Frendrup,Genoa,cognome/token,503871
5506,2023-24,29,Caleb Ekuban,Genoa,cognome/token,199953
6228,2023-24,24,Mateo Retegui,Genoa,cognome/token,554903
791,2023-24,30,Stefano Sabelli,Genoa,cognome/token,167491
470,2023-24,33,Kevin Strootman,Genoa,cognome/token,68864
4427,2023-24,30,Ruslan Malinovskyi,Genoa,cognome/token,207877
6479,2023-24,25,Berkan Kutlu,Genoa,cognome/token,469787
281,2023-24,27,George Pușcaș,Genoa,cognome/token,208690
4970,2023-24,32,Junior Messias,Genoa,cognome/token,449151
5695,2023-24,30,Ridgeciano Haps,Genoa,cognome/token,228444
188,2023-24,30,Nicola Leali,Genoa,cognome/token,136111
5982,2023-24,22,Djed Spence,Genoa,cognome/token,483348
5798,2023-24,24,Emil Bohinen,Genoa,cognome/token,406806
5757,2023-24,21,Giorgio Cittadini,Genoa,cognome/token,616628
219,2023-24,26,Daniele Sommariva,Genoa,cognome/token,312773
5116,2023-24,25,Josep Martínez,Genoa,iniziale,388516
4384,2023-24,22,,Genoa,iniziale,
5800,2023-24,18,,Genoa,iniziale,
5739,2023-24,21,Koni De Winter,Genoa,iniziale,490384
6244,2023-24,24,,Genoa,iniziale,
6245,2023-24,21,,Genoa,iniziale,
6610,2023-24,18,Christos Papadopoulos,Genoa,iniziale,940135
5877,2023-24,24,Carlos Augusto,Inter,cognome/token,585982
2428,2023-24,34,Yann Sommer,Inter,cognome/token,42205
254,2023-24,25,Federico Dimarco,Inter,cognome/token,198116
697,2023-24,35,Juan Cuadrado,Inter,cognome/token,91970
2120,2023-24,24,Alessandro Bastoni,Inter,cognome/token,315853
2525,2023-24,33,Matteo Darmian,Inter,cognome/token,54906
5513,2023-24,27,Denzel Dumfries,Inter,cognome/token,321528
6217,2023-24,22,Yann Bisseck,Inter,cognome/token,441986
1870,2023-24,26,Nicolò Barella,Inter,cognome/token,255942
2194,2023-24,29,Hakan Çalhanoğlu,Inter,cognome/token,126414
2529,2023-24,34,Henrikh Mkhitaryan,Inter,cognome/token,55735
2848,2023-24,23,Davide Frattesi,Inter,cognome/token,394300
4268,2023-24,34,Marko Arnautovic,Inter,cognome/token,41384
4871,2023-24,25,Marcus Thuram,Inter,cognome/token,318528
1978,2023-24,27,Stefano Sensi,Inter,cognome/token,216179
513,2023-24,35,Francesco Acerbi,Inter,cognome/token,131075
2475,2023-24,34,Alexis Sánchez,Inter,cognome/token,40433
4182,2023-24,30,Davy Klaassen,Inter,cognome/token,182932
6532,2023-24,24,Tajon Buchanan,Inter,cognome/token,638793
761,2023-24,26,Emil Audero,Inter,cognome/token,256339
322,2023-24,27,,Inter,iniziale,
2764,2023-24,21,,Inter,iniziale,
5719,2023-24,17,,Inter,iniziale,
1926,2023-24,29,Raffaele Di Gennaro,Inter,iniziale,70580
662,2023-24,32,Alex Sandro,Juventus,cognome/token,79960
2788,2023-24,26,Bremer,Juventus,cognome/token,516716
4237,2023-24,32,Danilo,Juventus,cognome/token,145707
453,2023-24,33,Wojciech Szczesny,Juventus,cognome/token,44058
5520,2023-24,23,Andrea Cambiaso,Juventus,cognome/token,459658
827,2023-24,25,Manuel Locatelli,Juventus,cognome/token,265088
2379,2023-24,28,Adrien Rabiot,Juventus,cognome/token,182913
4465,2023-24,22,Nicolò Fagioli,Juventus,cognome/token,432090
4973,2023-24,24,Weston McKennie,Juventus,cognome/token,332697
5813,2023-24,19,Fabio Miretti,Juventus,cognome/token,571607
2002,2023-24,25,Federico Chiesa,Juventus,cognome/token,341092
2012,2023-24,29,Arkadiusz Milik,Juventus,cognome/token,191891
2841,2023-24,23,Dušan Vlahović,Juventus,cognome/token,357498
218,2023-24,30,Mattia Perin,Juventus,cognome/token,110923
303,2023-24,30,Paul Pogba,Juventus,cognome/token,122153
5831,2023-24,25,Federico Gatti,Juventus,cognome/token,509022
4711,2023-24,30,Filip Kostic,Juventus,cognome/token,161011
2097,2023-24,23,Moise Kean,Juventus,cognome/token,364135
6433,2023-24,18,Dean Huijsen,Juventus,cognome/token,890290
6507,2023-24,18,Joseph Nonge,Juventus,cognome/token,748807
6573,2023-24,20,Carlos Alcaraz,Juventus,cognome/token,748319
6600,2023-24,21,Nikola Sekulov,Juventus,cognome/token,542336
1930,2023-24,33,Carlo Pinsoglio,Juventus,cognome/token,75411
5533,2023-24,23,Tiago Djaló,Juventus,cognome/token,420465
4662,2023-24,29,,Juventus,iniziale,
6112,2023-24,23,,Juventus,iniziale,
4349,2023-24,23,Hans Nicolussi Caviglia,Juventus,iniziale,430280
6589,2023-24,20,Leonardo Cerri,Juventus,iniziale,672830
358,2023-24,30,Mattia De Sciglio,Juventus,iniziale,88682
327,2023-24,30,Patric,Lazio,cognome/token,126729
335,2023-24,30,Felipe Anderson,Lazio,cognome/token,159372
2085,2023-24,30,Luis Alberto,Lazio,cognome/token,128220
2489,2023-24,36,Pedro,Lazio,cognome/token,65278
2814,2023-24,29,Ivan Provedel,Lazio,cognome/token,197929
460,2023-24,28,Alessio Romagnoli,Lazio,cognome/token,197747
2188,2023-24,30,Adam Marusic,Lazio,cognome/token,239802
2263,2023-24,29,Manuel Lazzari,Lazio,cognome/token,331401
181,2023-24,31,Matías Vecino,Lazio,cognome/token,143812
333,2023-24,28,Danilo Cataldi,Lazio,cognome/token,199733
632,2023-24,28,Mattia Zaccagni,Lazio,cognome/token,283735
5948,2023-24,26,Daichi Kamada,Lazio,cognome/token,356141
785,2023-24,33,Ciro Immobile,Lazio,cognome/token,105521
6226,2023-24,24,Taty Castellanos,Lazio,cognome/token,522784
6398,2023-24,22,Gustav Isaksen,Lazio,cognome/token,462823
5498,2023-24,25,Nicolò Casale,Lazio,cognome/token,389837
140,2023-24,29,Elseid Hysaj,Lazio,cognome/token,200056
4186,2023-24,24,Mattéo Guendouzi,Lazio,cognome/token,465830
4459,2023-24,21,Nicolò Rovella,Lazio,cognome/token,525704
5833,2023-24,22,Mario Gila,Lazio,cognome/token,618341
2728,2023-24,21,,Lazio,iniziale,
6482,2023-24,17,,Lazio,iniziale,
2134,2023-24,28,Wladimiro Falcone,Lecce,cognome/token,238537
4502,2023-24,23,Antonino Gallo,Lecce,cognome/token,392516
5603,2023-24,25,Marin Pongracic,Lecce,cognome/token,282144
5835,2023-24,26,Federico Baschirotto,Lecce,cognome/token,351955
5867,2023-24,23,Valentin Gendrey,Lecce,cognome/token,569387
6257,2023-24,18,Patrick Dorgu,Lecce,cognome/token,926952
4486,2023-24,26,Gabriel Strefezza,Lecce,cognome/token,457673
5869,2023-24,26,Alexis Blin,Lecce,cognome/token,236041
6222,2023-24,24,Hamza Rafia,Lecce,cognome/token,418571
6394,2023-24,27,Ylber Ramadani,Lecce,cognome/token,442703
6001,2023-24,22,Lameck Banda,Lecce,cognome/token,545538
6207,2023-24,24,Pontus Almqvist,Lecce,cognome/token,300532
6418,2023-24,19,Rareș Burnete,Lecce,cognome/token,731525
6435,2023-24,23,Nikola Krstović,Lecce,cognome/token,434433
4359,2023-24,22,Roberto Piccoli,Lecce,cognome/token,432092
6465,2023-24,25,Ahmed Touba,Lecce,cognome/token,325924
6061,2023-24,26,Rémi Oudin,Lecce,cognome/token,399543
537,2023-24,31,Nicola Sansone,Lecce,cognome/token,82048
2174,2023-24,28,Lorenzo Venuti,Lecce,cognome/token,240219
6419,2023-24,18,Jeppe Corfitzen,Lecce,cognome/token,709985
5873,2023-24,25,Marcin Listkowski,Lecce,cognome/token,291276
6549,2023-24,22,Santiago Pierotti,Lecce,cognome/token,674806
5999,2023-24,20,,Lecce,iniziale,
6410,2023-24,18,,Lecce,iniziale,
1857,2023-24,19,,Lecce,iniziale,
6015,2023-24,24,,Lecce,iniziale,
4510,2023-24,24,Rafael Leão,Milan,cognome/token,357164
4312,2023-24,28,Mike Maignan,Milan,cognome/token,182906
357,2023-24,26,Davide Calabria,Milan,cognome/token,262523
2633,2023-24,34,Simon Kjaer,Milan,cognome/token,48859
4751,2023-24,25,Fikayo Tomori,Milan,cognome/token,303254
4976,2023-24,23,Pierre Kalulu,Milan,cognome/token,585949
6055,2023-24,21,Malick Thiaw,Milan,cognome/token,521964
148,2023-24,29,Rade Krunic,Milan,cognome/token,259953
2423,2023-24,24,Christian Pulisic,Milan,cognome/token,315779
6224,2023-24,25,Tijjani Reijnders,Milan,cognome/token,460939
4200,2023-24,36,Olivier Giroud,Milan,cognome/token,82442
6227,2023-24,23,Noah Okafor,Milan,cognome/token,346890
464,2023-24,32,Alessandro Florenzi,Milan,cognome/token,130365
2438,2023-24,25,Luka Jović,Milan,cognome/token,257462
4,2023-24,31,Marco Sportiello,Milan,cognome/token,199976
6496,2023-24,17,Davide Bartesaghi,Milan,cognome/token,887638
5875,2023-24,23,Yacine Adli,Milan,cognome/token,395236
41,2023-24,40,Antonio Mirante,Milan,cognome/token,22141
6460,2023-24,21,Marco Pellegrino,Milan,cognome/token,776303
6524,2023-24,18,Kevin Zeroli,Milan,cognome/token,883349
4401,2023-24,23,Matteo Gabbia,Milan,cognome/token,323167
6505,2023-24,19,Lapo Nava,Milan,cognome/token,815563
1847,2023-24,29,Mattia Caldara,Milan,cognome/token,197470
4292,2023-24,20,,Milan,iniziale,
4199,2023-24,18,,Milan,iniziale,
4856,2023-24,25,,Milan,iniziale,
5298,2023-24,20,,Milan,iniziale,
5295,2023-24,24,,Milan,iniziale,
5510,2023-24,24,,Milan,iniziale,
6519,2023-24,15,,Milan,iniziale,
2818,2023-24,21,,Milan,iniziale,
5415,2023-24,18,Chaka Traorè,Milan,iniziale,700998
6521,2023-24,18,Jan-Carlo Simić,Milan,iniziale,800948
4530,2023-24,27,Georgios Kyriakopoulos,Monza,cognome/token,311178
4904,2023-24,29,Pablo Marí,Monza,cognome/token,210178
4958,2023-24,32,Luca Caldirola,Monza,cognome/token,88680
5838,2023-24,24,Samuele Birindelli,Monza,cognome/token,461019
666,2023-24,26,Pepín Machín,Monza,cognome/token,355104
801,2023-24,29,Roberto Gagliardini,Monza,cognome/token,197471
2741,2023-24,26,Matteo Pessina,Monza,cognome/token,332179
5878,2023-24,24,Andrea Colpani,Monza,cognome/token,392959
5880,2023-24,28,Patrick Ciurria,Monza,cognome/token,255838
1958,2023-24,30,Gianluca Caprari,Monza,cognome/token,146752
5882,2023-24,25,Dany Mota,Monza,cognome/token,347253
6250,2023-24,28,Mirko Marić,Monza,cognome/token,215649
226,2023-24,31,Armando Izzo,Monza,cognome/token,32113
5992,2023-24,19,Warren Bondo,Monza,cognome/token,659516
4923,2023-24,18,Leonardo Colombo,Monza,cognome/token,891869
26,2023-24,35,Papu Gómez,Monza,cognome/token,20005
2446,2023-24,33,Giulio Donati,Monza,cognome/token,88684
5757,2023-24,21,Giorgio Cittadini,Monza,cognome/token,616628
4896,2023-24,21,Daniel Maldini,Monza,cognome/token,539134
2737,2023-24,23,Davide Bettella,Monza,cognome/token,357995
5998,2023-24,24,Alessio Zerbin,Monza,cognome/token,433584
5471,2023-24,33,Milan Djuric,Monza,cognome/token,67556
6617,2023-24,20,Andrea Ferraris,Monza,cognome/token,708079
5876,2023-24,26,Michele Di Gregorio,Monza,iniziale,301238
253,2023-24,21,,Monza,iniziale,
729,2023-24,25,Pedro Pereira,Monza,iniziale,314965
6106,2023-24,17,,Monza,iniziale,
5879,2023-24,19,Samuele Vignato,Monza,iniziale,650966
4925,2023-24,22,Andrea Carboni,Monza,iniziale,481834
5286,2023-24,30,Jean-Daniel Akpa Akpro,Monza,iniziale,170481
142,2023-24,32,Mário Rui,Napoli,cognome/token,87884
256,2023-24,32,Juan Jesus,Napoli,cognome/token,121985
6396,2023-24,22,Natan,Napoli,cognome/token,735568
572,2023-24,26,Alex Meret,Napoli,cognome/token,240414
4409,2023-24,29,Amir Rrahmani,Napoli,cognome/token,257732
5840,2023-24,25,Mathías Olivera,Napoli,cognome/token,376514
152,2023-24,29,Piotr Zielinski,Napoli,cognome/token,181136
536,2023-24,29,Matteo Politano,Napoli,cognome/token,165895
4287,2023-24,28,Stanislav Lobotka,Napoli,cognome/token,192735
4479,2023-24,23,Eljif Elmas,Napoli,cognome/token,400489
4371,2023-24,23,Giacomo Raspadori,Napoli,cognome/token,405885
4661,2023-24,24,Victor Osimhen,Napoli,cognome/token,401923
5839,2023-24,22,Khvicha Kvaratskhelia,Napoli,cognome/token,502670
4364,2023-24,23,Gianluca Gaetano,Napoli,cognome/token,358008
610,2023-24,28,Pierluigi Gollini,Napoli,cognome/token,244192
2845,2023-24,27,Nikita Contini,Napoli,cognome/token,250683
5481,2023-24,28,Pasquale Mazzocchi,Napoli,cognome/token,250153
4725,2023-24,31,Diego Demme,Napoli,cognome/token,82070
4272,2023-24,28,Leander Dendoncker,Napoli,cognome/token,168157
2816,2023-24,29,Giovanni Di Lorenzo,Napoli,iniziale,169880
5750,2023-24,22,,Napoli,iniziale,
4220,2023-24,23,,Napoli,iniziale,
6402,2023-24,18,,Napoli,iniziale,
2061,2023-24,24,,Napoli,iniziale,
5949,2023-24,23,,Napoli,iniziale,
5998,2023-24,23,,Napoli,iniziale,
5527,2023-24,28,,Napoli,iniziale,
1997,2023-24,31,Simy,Salernitana,cognome/token,194549
6120,2023-24,38,Guillermo Ochoa,Salernitana,cognome/token,29559
660,2023-24,31,Norbert Gyömbér,Salernitana,cognome/token,205054
2016,2023-24,36,Federico Fazio,Salernitana,cognome/token,45314
5481,2023-24,28,Pasquale Mazzocchi,Salernitana,cognome/token,250153
5532,2023-24,23,Domagoj Bradarić,Salernitana,cognome/token,357796
5856,2023-24,26,Junior Sambia,Salernitana,cognome/token,335147
332,2023-24,36,Antonio Candreva,Salernitana,cognome/token,25488
2117,2023-24,25,Grigoris Kastanos,Salernitana,cognome/token,298635
4988,2023-24,25,Giulio Maggiore,Salernitana,cognome/token,353796
5842,2023-24,23,Erik Botheim,Salernitana,cognome/token,418559
4897,2023-24,21,Lorenzo Pirola,Salernitana,cognome/token,487834
5798,2023-24,24,Emil Bohinen,Salernitana,cognome/token,406806
6448,2023-24,23,Agustín Martegani,Salernitana,cognome/token,732507
5807,2023-24,25,Jovane Cabral,Salernitana,cognome/token,448466
6425,2023-24,21,Chukwubuikem Ikwuemesi,Salernitana,cognome/token,929494
5919,2023-24,19,Loum Tchaouna,Salernitana,cognome/token,607226
5554,2023-24,22,Flavius Daniliuc,Salernitana,cognome/token,322655
6427,2023-24,23,Trivante Stewart,Salernitana,cognome/token,880054
2338,2023-24,36,Benoît Costil,Salernitana,cognome/token,22628
6028,2023-24,28,Dylan Bronn,Salernitana,cognome/token,450417
6432,2023-24,21,Niccolò Pierozzi,Salernitana,cognome/token,534084
5527,2023-24,22,Alessandro Zanoli,Salernitana,cognome/token,397225
5674,2023-24,26,Toma Bašić,Salernitana,cognome/token,334835
6460,2023-24,21,Marco Pellegrino,Salernitana,cognome/token,776303
6574,2023-24,27,Triantafyllos Pasalidis,Salernitana,cognome/token,470422
2154,2023-24,22,Emanuel Vignato,Salernitana,cognome/token,394346
6584,2023-24,27,Shon Weissman,Salernitana,cognome/token,247652
459,2023-24,32,Konstantinos Manolas,Salernitana,cognome/token,104752
1947,2023-24,33,Vincenzo Fiorillo,Salernitana,cognome/token,55000
6421,2023-24,18,Andres Sfait,Salernitana,cognome/token,808224
6616,2023-24,18,Gerardo Fusco,Salernitana,cognome/token,928051
4934,2023-24,23,,Salernitana,iniziale,
2144,2023-24,24,Mamadou Coulibaly,Salernitana,iniziale,472161
5504,2023-24,27,Lassana Coulibaly,Salernitana,iniziale,386552
6423,2023-24,20,,Salernitana,iniziale,
5672,2023-24,26,,Salernitana,iniziale,
2405,2023-24,34,Jérôme Boateng,Salernitana,iniziale,26485
6582,2023-24,23,Iron Gomis,Salernitana,iniziale,693352
5511,2023-24,25,Matheus Henrique,Sassuolo,cognome/token,552549
509,2023-24,36,Andrea Consigli,Sassuolo,cognome/token,35865
4426,2023-24,28,Jeremy Toljan,Sassuolo,cognome/token,129674
4982,2023-24,25,Martin Erlić,Sassuolo,cognome/token,357003
5509,2023-24,25,Matías Viña,Sassuolo,cognome/token,439072
5718,2023-24,21,Mattia Viti,Sassuolo,cognome/token,493702
5451,2023-24,24,Nedim Bajrami,Sassuolo,cognome/token,390177
5735,2023-24,19,Cristian Volpato,Sassuolo,cognome/token,746891
5844,2023-24,24,Kristian Thorstvedt,Sassuolo,cognome/token,564785
643,2023-24,32,Grégoire Defrel,Sassuolo,cognome/token,163222
2038,2023-24,24,Andrea Pinamonti,Sassuolo,cognome/token,315865
6060,2023-24,24,Armand Laurienté,Sassuolo,cognome/token,579930
6205,2023-24,22,Samuele Mulattieri,Sassuolo,cognome/token,457422
6426,2023-24,23,Marcus Pedersen,Sassuolo,cognome/token,583404
5267,2023-24,25,Uros Racic,Sassuolo,cognome/token,417575
6219,2023-24,24,Daniel Boloca,Sassuolo,cognome/token,441515
5776,2023-24,21,Emil Konradsen Ceide,Sassuolo,cognome/token,508371
531,2023-24,29,Domenico Berardi,Sassuolo,cognome/token,177843
2178,2023-24,29,Alessio Cragno,Sassuolo,cognome/token,12907
2692,2023-24,28,Samu Castillejo,Sassuolo,cognome/token,195171
4501,2023-24,31,Pedro Obiang,Sassuolo,cognome/token,101213
4495,2023-24,23,Marash Kumbulla,Sassuolo,cognome/token,371371
5851,2023-24,21,Josh Doig,Sassuolo,cognome/token,567129
6246,2023-24,18,Luca Lipani,Sassuolo,cognome/token,724106
6189,2023-24,24,,Sassuolo,iniziale,
6446,2023-24,20,,Sassuolo,iniziale,
4681,2023-24,19,,Sassuolo,iniziale,
5747,2023-24,21,,Sassuolo,iniziale,
1895,2023-24,31,Gian Marco Ferrari,Sassuolo,iniziale,277167
6595,2023-24,19,,Sassuolo,iniziale,
2724,2023-24,24,Alessandro Buongiorno,Torino,cognome/token,386446
4887,2023-24,23,Raoul Bellanova,Torino,cognome/token,357992
4994,2023-24,28,Mërgim Vojvoda,Torino,cognome/token,336125
5691,2023-24,22,David Zima,Torino,cognome/token,544149
6041,2023-24,23,Perr Schuurs,Torino,cognome/token,418543
376,2023-24,31,Simone Verdi,Torino,cognome/token,130360
2008,2023-24,28,Karol Linetty,Torino,cognome/token,225873
5007,2023-24,22,Ivan Ilić,Torino,cognome/token,470794
5063,2023-24,27,Nemanja Radonjic,Torino,cognome/token,245078
5687,2023-24,25,Nikola Vlašić,Torino,cognome/token,293200
479,2023-24,27,Antonio Sanabria,Torino,cognome/token,234523
2325,2023-24,25,Yann Karamoh,Torino,cognome/token,324804
4385,2023-24,27,Valentino Lazaro,Torino,cognome/token,186368
4890,2023-24,29,Adrien Tamèze,Torino,cognome/token,157507
5686,2023-24,21,Brandon Soppy,Torino,cognome/token,546880
6170,2023-24,19,Gvidas Gineitis,Torino,cognome/token,798929
6474,2023-24,21,Saba Sazonov,Torino,cognome/token,655456
4525,2023-24,23,Luca Gemello,Torino,cognome/token,463792
2869,2023-24,30,Koffi Djidji,Torino,cognome/token,183031
49,2023-24,29,Adam Masina,Torino,cognome/token,286949
4934,2023-24,23,Matteo Lovato,Torino,cognome/token,459655
5515,2023-24,25,David Okereke,Torino,cognome/token,413605
6612,2023-24,19,Alessandro Dellavalle,Torino,cognome/token,704825
6611,2023-24,17,Zanos Savva,Torino,cognome/token,928900
2170,2023-24,26,,Torino,iniziale,
2169,2023-24,30,Ricardo Rodríguez,Torino,iniziale,86784
5453,2023-24,19,,Torino,iniziale,
2103,2023-24,19,,Torino,iniziale,
608,2023-24,18,,Torino,iniziale,
5806,2023-24,18,,Torino,iniziale,
2392,2023-24,28,Walace,Udinese,cognome/token,323954
5694,2023-24,25,Beto,Udinese,cognome/token,595809
6213,2023-24,23,Brenner,Udinese,cognome/token,412366
2211,2023-24,32,Marco Silvestri,Udinese,cognome/token,85528
4263,2023-24,32,Christian Kabasele,Udinese,cognome/token,81512
5847,2023-24,24,Jaka Bijol,Udinese,cognome/token,371851
5848,2023-24,20,Festy Ebosele,Udinese,cognome/token,586756
6211,2023-24,23,Jordan Zemura,Udinese,cognome/token,633530
5119,2023-24,21,Lazar Samardžić,Udinese,cognome/token,528833
6212,2023-24,24,Oier Zarraga,Udinese,cognome/token,524010
2369,2023-24,30,Florian Thauvin,Udinese,cognome/token,184892
5676,2023-24,27,Isaac Success,Udinese,cognome/token,295331
6215,2023-24,22,Lorenzo Lucca,Udinese,cognome/token,572265
4787,2023-24,23,Domingos Quina,Udinese,cognome/token,391719
6160,2023-24,18,Vivaldo Semedo,Udinese,cognome/token,1014243
302,2023-24,32,Roberto Pereyra,Udinese,cognome/token,112302
5824,2023-24,17,Simone Pafundi,Udinese,cognome/token,876400
6047,2023-24,28,Kingsley Ehizibue,Udinese,cognome/token,272812
49,2023-24,29,Adam Masina,Udinese,cognome/token,286949
6462,2023-24,23,Maduka Okoye,Udinese,cognome/token,340353
6504,2023-24,19,Antonio Tikvic,Udinese,cognome/token,797791
5555,2023-24,19,,Udinese,iniziale,
5677,2023-24,23,Nehuén Pérez,Udinese,iniziale,491693
6256,2023-24,24,,Udinese,iniziale,
5850,2023-24,15,,Udinese,iniziale,
5994,2023-24,19,,Udinese,iniziale,
6023,2023-24,18,Axel Guessand,Udinese,iniziale,925584
6481,2023-24,25,,Udinese,iniziale,
6485,2023-24,21,Thomas Kristensen,Udinese,iniziale,698259
5060,2023-24,24,,Udinese,iniziale,
5637,2023-24,16,,Udinese,iniziale,
6533,2023-24,29,Lautaro Giannetti,Udinese,iniziale,225963
6562,2023-24,23,Dani Silva,Verona,cognome/token,372445
4957,2023-24,27,Lorenzo Montipò,Verona,cognome/token,241923
2769,2023-24,27,Giangiacomo Magnani,Verona,cognome/token,310458
4493,2023-24,28,Paweł Dawidowicz,Verona,cognome/token,248732
5316,2023-24,21,Bruno Amione,Verona,cognome/token,644676
5851,2023-24,21,Josh Doig,Verona,cognome/token,567129
6039,2023-24,22,Juan Cabal,Verona,cognome/token,686965
150,2023-24,31,Riccardo Saponara,Verona,cognome/token,88909
4342,2023-24,28,Ondrej Duda,Verona,cognome/token,232418
5499,2023-24,25,Martin Hongla,Verona,cognome/token,398808
6216,2023-24,24,Jordi Mboula,Verona,cognome/token,331498
6252,2023-24,25,Michael Folorunsho,Verona,cognome/token,377042
505,2023-24,26,Federico Bonazzoli,Verona,cognome/token,241527
5471,2023-24,33,Milan Djuric,Verona,cognome/token,67556
6145,2023-24,23,Cyril Ngonge,Verona,cognome/token,358032
581,2023-24,31,Davide Faraoni,Verona,cognome/token,73926
6046,2023-24,24,Isak Hien,Verona,cognome/token,503075
6458,2023-24,26,Suat Serdar,Verona,cognome/token,261905
236,2023-24,32,Darko Lazović,Verona,cognome/token,70411
6486,2023-24,21,Tomas Suslov,Verona,cognome/token,540333
5529,2023-24,28,Thomas Henry,Verona,cognome/token,412513
6480,2023-24,21,Jackson Tchatchoua,Verona,cognome/token,848509
5439,2023-24,22,Yayah Kallon,Verona,cognome/token,623040
4802,2023-24,24,Rúben Vinagre,Verona,cognome/token,357158
6556,2023-24,24,Tijjani Noslin,Verona,cognome/token,457736
6558,2023-24,22,Elayis Tavsan,Verona,cognome/token,462086
6580,2023-24,26,Karol Świderski,Verona,cognome/token,330126
6576,2023-24,27,Fabien Centonze,Verona,cognome/token,384859
6191,2023-24,19,Reda Belahyane,Verona,cognome/token,982855
511,2023-24,28,Simone Perilli,Verona,cognome/token,240675
5764,2023-24,19,Diego Coppola,Verona,iniziale,660860
5812,2023-24,20,Filippo Terracciano,Verona,iniziale,631007
6490,2023-24,18,,Verona,iniziale,
6498,2023-24,18,,Verona,iniziale,
6579,2023-24,19,,Verona,iniziale,
6618,2023-24,16,Alphadjo Cissè,Verona,iniziale,964087
4270,2024-25,36,Rui Patrício,Atalanta,cognome/token,45026
2792,2024-25,30,Juan Musso,Atalanta,cognome/token,242359
554,2024-25,32,Davide Zappacosta,Atalanta,cognome/token,173859
787,2024-25,31,Berat Djimsiti,Atalanta,cognome/token,165513
5067,2024-25,24,Mitchel Bakker,Atalanta,cognome/token,361065
5324,2024-25,26,Ben Godfrey,Atalanta,cognome/token,343475
5354,2024-25,22,Matteo Ruggeri,Atalanta,cognome/token,616631
6046,2024-25,25,Isak Hien,Atalanta,cognome/token,503075
2077,2024-25,29,Mario Pašalić,Atalanta,cognome/token,205938
6834,2024-25,18,Federico Cassa,Atalanta,cognome/token,1048147
6228,2024-25,25,Mateo Retegui,Atalanta,cognome/token,554903
4431,2024-25,24,Marco Carnesecchi,Atalanta,cognome/token,459763
2766,2024-25,25,Nicolò Zaniolo,Atalanta,cognome/token,392085
5119,2024-25,22,Lazar Samardžić,Atalanta,cognome/token,528833
6872,2024-25,19,Alberto Manzoni,Atalanta,cognome/token,936755
695,2024-25,33,Rafael Tolói,Atalanta,cognome/token,72441
4887,2024-25,24,Raoul Bellanova,Atalanta,cognome/token,357992
2640,2024-25,31,Sead Kolasinac,Atalanta,cognome/token,94005
4730,2024-25,26,Ademola Lookman,Atalanta,cognome/token,406040
697,2024-25,36,Juan Cuadrado,Atalanta,cognome/token,91970
5578,2024-25,23,Odilon Kossounou,Atalanta,cognome/token,644771
5526,2024-25,20,Giorgio Scalvini,Atalanta,cognome/token,571604
2137,2024-25,25,Gianluca Scamacca,Atalanta,cognome/token,315867
6066,2024-25,27,Stefan Posch,Atalanta,cognome/token,223974
4896,2024-25,22,Daniel Maldini,Atalanta,cognome/token,539134
6832,2024-25,21,,Atalanta,iniziale,
22,2024-25,19,,Atalanta,iniziale,
4947,2024-25,21,,Atalanta,iniziale,
5792,2024-25,24,,Atalanta,iniziale,
6024,2024-25,20,,Atalanta,iniziale,
5995,2024-25,23,Charles De Ketelaere,Atalanta,iniziale,435772
133,2024-25,33,Lukasz Skorupski,Bologna,cognome/token,80894
2653,2024-25,30,Charalampos Lykogiannis,Bologna,cognome/token,136514
4982,2024-25,26,Martin Erlić,Bologna,cognome/token,357003
6066,2024-25,27,Stefan Posch,Bologna,cognome/token,223974
6202,2024-25,25,Sam Beukema,Bologna,cognome/token,433984
788,2024-25,32,Remo Freuler,Bologna,cognome/token,148252
2167,2024-25,27,Riccardo Orsolini,Bologna,cognome/token,368482
5564,2024-25,23,Dan Ndoye,Bologna,cognome/token,365108
2765,2024-25,25,Jens Odgaard,Bologna,cognome/token,345590
4436,2024-25,23,Nicolò Cambiaghi,Bologna,cognome/token,459151
6643,2024-25,23,Thijs Dallinga,Bologna,cognome/token,538964
6042,2024-25,26,Jhon Lucumí,Bologna,cognome/token,413565
5425,2024-25,19,Kacper Urbański,Bologna,cognome/token,699442
5498,2024-25,26,Nicolò Casale,Bologna,cognome/token,389837
357,2024-25,27,Davide Calabria,Bologna,cognome/token,262523
5858,2024-25,24,Lewis Ferguson,Bologna,cognome/token,428563
7015,2024-25,20,Estanis Pedrola,Bologna,cognome/token,913539
4734,2024-25,21,,Bologna,iniziale,
5784,2024-25,24,,Bologna,iniziale,
6054,2024-25,26,Nikola Moro,Bologna,iniziale,316934
6206,2024-25,23,,Bologna,iniziale,
6572,2024-25,25,,Bologna,iniziale,
6459,2024-25,27,,Bologna,iniziale,
487,2024-25,36,Lorenzo De Silvestri,Bologna,iniziale,33571
5298,2024-25,21,,Bologna,iniziale,
6112,2024-25,20,Samuel Iling-Junior,Bologna,iniziale,581672
2722,2024-25,24,Federico Ravaglia,Bologna,iniziale,390304
5678,2024-25,26,,Bologna,iniziale,
6895,2024-25,20,Benja Domínguez,Bologna,iniziale,961022
574,2024-25,28,Simone Scuffet,Cagliari,cognome/token,238993
393,2024-25,27,Sebastiano Luperto,Cagliari,cognome/token,278531
4421,2024-25,29,Tommaso Augello,Cagliari,cognome/token,284595
4461,2024-25,24,Gabriele Zappa,Cagliari,cognome/token,392569
6231,2024-25,30,Paulo Azzi,Cagliari,cognome/token,310527
6464,2024-25,27,Mateusz Wieteska,Cagliari,cognome/token,208172
1871,2024-25,29,Alessandro Deiola,Cagliari,cognome/token,235931
4870,2024-25,24,Michel Adopo,Cagliari,cognome/token,564305
4965,2024-25,28,Răzvan Marin,Cagliari,cognome/token,295183
247,2024-25,35,Leonardo Pavoletti,Cagliari,cognome/token,64793
1939,2024-25,34,Gianluca Lapadula,Cagliari,cognome/token,130394
4359,2024-25,23,Roberto Piccoli,Cagliari,cognome/token,432092
5297,2024-25,22,Zito Luvumbo,Cagliari,cognome/token,666547
2181,2024-25,34,José Luis Palomino,Cagliari,cognome/token,125020
4210,2024-25,29,Yerry Mina,Cagliari,cognome/token,289446
5701,2024-25,21,Adam Obert,Cagliari,cognome/token,568333
440,2024-25,34,Nicolas Viola,Cagliari,cognome/token,85393
6640,2024-25,23,Mattia Felici,Cagliari,cognome/token,600041
4433,2024-25,25,Nadir Zortea,Cagliari,cognome/token,392966
4364,2024-25,24,Gianluca Gaetano,Cagliari,cognome/token,358008
6232,2024-25,26,Antoine Makoumbou,Cagliari,cognome/token,460651
6650,2024-25,26,Alen Sherri,Cagliari,cognome/token,304144
4360,2024-25,22,Elia Caprile,Cagliari,cognome/token,421873
650,2024-25,19,Nicola Pintus,Cagliari,cognome/token,885230
4929,2024-25,22,Giuseppe Ciocci,Cagliari,cognome/token,535740
6424,2024-25,20,,Cagliari,iniziale,
6598,2024-25,18,,Cagliari,iniziale,
7016,2024-25,26,Florinel Coman,Cagliari,iniziale,340982
4284,2024-25,32,Sergi Roberto,Como,cognome/token,85370
387,2024-25,41,Pepe Reina,Como,cognome/token,7825
134,2024-25,30,Federico Barba,Como,cognome/token,165873
418,2024-25,30,Edoardo Goldaniga,Como,cognome/token,242940
376,2024-25,32,Simone Verdi,Como,cognome/token,130360
556,2024-25,32,Daniele Baselli,Como,cognome/token,134883
4486,2024-25,27,Gabriel Strefezza,Como,cognome/token,457673
6162,2024-25,28,Oliver Abildgaard,Como,cognome/token,325993
306,2024-25,28,Alberto Cerri,Como,cognome/token,197751
441,2024-25,30,Andrea Belotti,Como,cognome/token,167727
6654,2024-25,33,Alessio Iovine,Como,cognome/token,330472
6151,2024-25,21,Máximo Perrone,Como,cognome/token,668547
6893,2024-25,29,Marc Oliver Kempf,Como,cognome/token,160938
6944,2024-25,18,Fellipe Jack,Como,cognome/token,1004723
6966,2024-25,29,Jean Butez,Como,cognome/token,290537
5036,2024-25,24,Maxence Caqueret,Como,cognome/token,395237
6967,2024-25,18,Assane Diao,Como,cognome/token,1061282
6867,2024-25,20,Álex Valle,Como,cognome/token,709957
4658,2024-25,26,Jonathan Ikoné,Como,cognome/token,324690
7017,2024-25,24,Anastasios Douvikas,Como,cognome/token,523318
4994,2024-25,29,Mërgim Vojvoda,Como,cognome/token,336125
2553,2024-25,28,Dele Alli,Como,cognome/token,207929
4386,2024-25,27,,Como,iniziale,
5435,2024-25,25,,Como,iniziale,
5559,2024-25,24,,Como,iniziale,
6656,2024-25,23,,Como,iniziale,
6676,2024-25,28,,Como,iniziale,
2155,2024-25,22,,Como,iniziale,
6657,2024-25,24,,Como,iniziale,
6230,2024-25,18,,Como,iniziale,
1976,2024-25,22,,Como,iniziale,
6875,2024-25,19,Nico Paz,Como,iniziale,948294
6896,2024-25,22,Ignace Van der Brempt,Como,iniziale,490423
6815,2024-25,20,,Como,iniziale,
761,2024-25,26,,Como,iniziale,
6648,2024-25,21,,Como,iniziale,
5725,2024-25,30,,Como,iniziale,
7014,2024-25,23,Ivan Smolcic,Como,iniziale,571271
4374,2024-25,24,Sebastian Walukiewicz,Empoli,cognome/token,345458
5010,2024-25,27,Ardian Ismajli,Empoli,cognome/token,435228
5718,2024-25,22,Mattia Viti,Empoli,cognome/token,493702
5804,2024-25,23,Liberato Cacace,Empoli,cognome/token,469211
2161,2024-25,28,Nicolas Haas,Empoli,cognome/token,192638
5457,2024-25,25,Youssef Maleh,Empoli,cognome/token,324377
6010,2024-25,21,Jacopo Fazzini,Empoli,cognome/token,691482
2819,2024-25,36,Francesco Caputo,Empoli,cognome/token,84765
4923,2024-25,22,Lorenzo Colombo,Empoli,cognome/token,487843
6011,2024-25,22,Emmanuel Ekong,Empoli,cognome/token,603891
6119,2024-25,25,Ola Solbakken,Empoli,cognome/token,431811
5450,2024-25,28,Petar Stojanović,Empoli,cognome/token,183841
6537,2024-25,20,Saba Goglichidze,Empoli,cognome/token,906160
27,2024-25,29,Alberto Grassi,Empoli,cognome/token,197473
2103,2024-25,23,Pietro Pellegri,Empoli,cognome/token,364133
5856,2024-25,27,Junior Sambia,Empoli,cognome/token,335147
6809,2024-25,20,Luca Marianucci,Empoli,cognome/token,814446
4376,2024-25,26,Szymon Żurkowski,Empoli,cognome/token,387234
6998,2024-25,19,Jacopo Bacci,Empoli,cognome/token,960941
2762,2024-25,26,Christian Kouamé,Empoli,cognome/token,337725
2211,2024-25,33,Marco Silvestri,Empoli,cognome/token,85528
5397,2024-25,28,Viktor Kovalenko,Empoli,cognome/token,203842
7044,2024-25,16,Thomas Campaniello,Empoli,cognome/token,1058369
5480,2024-25,28,Tyronne Ebuehi,Empoli,cognome/token,309944
6125,2024-25,26,Devis Vásquez,Empoli,iniziale,495722
770,2024-25,19,,Empoli,iniziale,
4498,2024-25,23,,Empoli,iniziale,
4992,2024-25,18,,Empoli,iniziale,
4463,2024-25,22,,Empoli,iniziale,
6889,2024-25,23,,Empoli,iniziale,
358,2024-25,31,Mattia De Sciglio,Empoli,iniziale,88682
6935,2024-25,30,,Empoli,iniziale,
6919,2024-25,19,,Empoli,iniziale,
6936,2024-25,18,,Empoli,iniziale,
5885,2024-25,25,Dodô,Fiorentina,cognome/token,401529
2815,2024-25,34,Pietro Terracciano,Fiorentina,cognome/token,96254
252,2024-25,31,Cristiano Biraghi,Fiorentina,cognome/token,124555
5449,2024-25,23,Fabiano Parisi,Fiorentina,cognome/token,547985
5603,2024-25,26,Marin Pongracic,Fiorentina,cognome/token,282144
6235,2024-25,20,Michael Kayode,Fiorentina,cognome/token,823486
6495,2024-25,19,Pietro Comuzzo,Fiorentina,cognome/token,746712
1933,2024-25,27,Rolando Mandragora,Fiorentina,cognome/token,308279
4522,2024-25,27,Sofyan Amrabat,Fiorentina,cognome/token,287579
4658,2024-25,26,Jonathan Ikoné,Fiorentina,cognome/token,324690
5878,2024-25,25,Andrea Colpani,Fiorentina,cognome/token,392959
2097,2024-25,24,Moise Kean,Fiorentina,cognome/token,364135
2762,2024-25,26,Christian Kouamé,Fiorentina,cognome/token,337725
6804,2024-25,22,Amir Richardson,Fiorentina,cognome/token,893675
2160,2024-25,30,Robin Gosens,Fiorentina,cognome/token,273132
333,2024-25,29,Danilo Cataldi,Fiorentina,cognome/token,199733
5423,2024-25,22,Edoardo Bove,Fiorentina,cognome/token,562049
5875,2024-25,24,Yacine Adli,Fiorentina,cognome/token,395236
7032,2024-25,18,Maat Daniel Caprini,Fiorentina,cognome/token,996453
6252,2024-25,26,Michael Folorunsho,Fiorentina,cognome/token,377042
2766,2024-25,25,Nicolò Zaniolo,Fiorentina,cognome/token,392085
4465,2024-25,23,Nicolò Fagioli,Fiorentina,cognome/token,432090
6294,2024-25,20,Cher Ndour,Fiorentina,cognome/token,651005
4904,2024-25,30,Pablo Marí,Fiorentina,cognome/token,210178
5323,2024-25,28,Lucas Martínez Quarta,Fiorentina,iniziale,373373
2839,2024-25,23,,Fiorentina,iniziale,
5516,2024-25,18,,Fiorentina,iniziale,
4378,2024-25,25,Luca Ranieri,Fiorentina,iniziale,346561
2172,2024-25,21,,Fiorentina,iniziale,
6409,2024-25,18,,Fiorentina,iniziale,
2521,2024-25,33,David de Gea,Fiorentina,iniziale,59377
5800,2024-25,29,,Fiorentina,iniziale,
6890,2024-25,20,Matías Moreno,Fiorentina,iniziale,1144700
610,2024-25,29,Pierluigi Gollini,Genoa,cognome/token,244192
791,2024-25,31,Stefano Sabelli,Genoa,cognome/token,167491
2285,2024-25,30,Mattia Bani,Genoa,cognome/token,176139
2593,2024-25,27,Aarón Martín,Genoa,cognome/token,251878
5514,2024-25,25,Johan Vásquez,Genoa,cognome/token,532937
5527,2024-25,23,Alessandro Zanoli,Genoa,cognome/token,397225
170,2024-25,35,Milan Badelj,Genoa,cognome/token,40633
4404,2024-25,28,Morten Thorsby,Genoa,cognome/token,226524
4427,2024-25,31,Ruslan Malinovskyi,Genoa,cognome/token,207877
4970,2024-25,33,Junior Messias,Genoa,cognome/token,449151
5791,2024-25,23,Morten Frendrup,Genoa,cognome/token,503871
6822,2024-25,17,Jeff Ekhator,Genoa,cognome/token,934878
2038,2024-25,25,Andrea Pinamonti,Genoa,cognome/token,315865
5506,2024-25,30,Caleb Ekuban,Genoa,cognome/token,199953
6911,2024-25,20,Federico Accornero,Genoa,cognome/token,650999
5798,2024-25,25,Emil Bohinen,Genoa,cognome/token,406806
6916,2024-25,16,Honest Ahanor,Genoa,cognome/token,1077175
5813,2024-25,20,Fabio Miretti,Genoa,cognome/token,571607
2121,2024-25,25,Filippo Melegoni,Genoa,cognome/token,315862
188,2024-25,31,Nicola Leali,Genoa,cognome/token,136111
6660,2024-25,21,Alessandro Marcandalli,Genoa,cognome/token,818448
6917,2024-25,23,Patrizio Masini,Genoa,cognome/token,459665
4886,2024-25,29,Gastón Pereiro,Genoa,cognome/token,264116
696,2024-25,33,Mario Balotelli,Genoa,cognome/token,45146
4677,2024-25,27,Maxwel Cornet,Genoa,cognome/token,234781
6977,2024-25,20,Sebastian Otoa,Genoa,cognome/token,890385
6991,2024-25,32,Benjamin Siegrist,Genoa,cognome/token,111426
219,2024-25,27,Daniele Sommariva,Genoa,cognome/token,312773
5739,2024-25,23,,Genoa,iniziale,
6245,2024-25,19,,Genoa,iniziale,
6164,2024-25,25,,Genoa,iniziale,
6244,2024-25,17,,Genoa,iniziale,
6922,2024-25,18,,Genoa,iniziale,
6565,2024-25,22,,Genoa,iniziale,
6814,2024-25,20,Brooke Norton-Cuffy,Genoa,iniziale,728733
6980,2024-25,16,,Genoa,iniziale,
6538,2024-25,24,Jean Onana,Genoa,iniziale,656441
5877,2024-25,25,Carlos Augusto,Inter,cognome/token,585982
2428,2024-25,35,Yann Sommer,Inter,cognome/token,42205
254,2024-25,26,Federico Dimarco,Inter,cognome/token,198116
513,2024-25,36,Francesco Acerbi,Inter,cognome/token,131075
2120,2024-25,25,Alessandro Bastoni,Inter,cognome/token,315853
2525,2024-25,34,Matteo Darmian,Inter,cognome/token,54906
5513,2024-25,28,Denzel Dumfries,Inter,cognome/token,321528
6217,2024-25,23,Yann Bisseck,Inter,cognome/token,441986
1870,2024-25,27,Nicolò Barella,Inter,cognome/token,255942
2194,2024-25,30,Hakan Çalhanoğlu,Inter,cognome/token,126414
2529,2024-25,35,Henrikh Mkhitaryan,Inter,cognome/token,55735
2848,2024-25,24,Davide Frattesi,Inter,cognome/token,394300
4871,2024-25,26,Marcus Thuram,Inter,cognome/token,318528
6628,2024-25,32,Mehdi Taremi,Inter,cognome/token,307058
4268,2024-25,35,Marko Arnautovic,Inter,cognome/token,41384
152,2024-25,30,Piotr Zielinski,Inter,cognome/token,181136
495,2024-25,29,Joaquín Correa,Inter,cognome/token,227081
5422,2024-25,22,Nicola Zalewski,Inter,cognome/token,550108
7062,2024-25,18,Luka Topalović,Inter,cognome/token,991744
5719,2024-25,28,,Inter,iniziale,
2764,2024-25,22,,Inter,iniziale,
4177,2024-25,22,,Inter,iniziale,
322,2024-25,32,Stefan de Vrij,Inter,iniziale,111196
6874,2024-25,21,Tomás Palacios,Inter,iniziale,993645
6532,2024-25,25,Tajon Buchanan,Inter,iniziale,638793
5116,2024-25,26,Josep Martínez,Inter,iniziale,388516
2788,2024-25,27,Bremer,Juventus,cognome/token,516716
4237,2024-25,33,Danilo,Juventus,cognome/token,145707
6975,2024-25,20,Alberto Costa,Juventus,cognome/token,877139
5520,2024-25,24,Andrea Cambiaso,Juventus,cognome/token,459658
5831,2024-25,26,Federico Gatti,Juventus,cognome/token,509022
6039,2024-25,23,Juan Cabal,Juventus,cognome/token,686965
6802,2024-25,21,Nicolò Savona,Juventus,cognome/token,708072
827,2024-25,26,Manuel Locatelli,Juventus,cognome/token,265088
4465,2024-25,23,Nicolò Fagioli,Juventus,cognome/token,432090
2841,2024-25,24,Dušan Vlahović,Juventus,cognome/token,357498
6833,2024-25,20,Samuel Mbangula,Juventus,cognome/token,654991
4976,2024-25,24,Pierre Kalulu,Juventus,cognome/token,585949
6803,2024-25,20,Jonas Rouhi,Juventus,cognome/token,741090
6882,2024-25,19,Lorenzo Anghelè,Juventus,cognome/token,925848
4973,2024-25,25,Weston McKennie,Juventus,cognome/token,332697
5685,2024-25,26,Teun Koopmeiners,Juventus,cognome/token,360518
6884,2024-25,21,Francisco Conceição,Juventus,cognome/token,487474
218,2024-25,31,Mattia Perin,Juventus,cognome/token,110923
6677,2024-25,18,Vasilije Adžić,Juventus,cognome/token,944570
6954,2024-25,18,Diego Pugno,Juventus,cognome/token,1049598
5876,2024-25,27,Michele Di Gregorio,Juventus,iniziale,301238
4662,2024-25,30,,Juventus,iniziale,
4911,2024-25,26,,Juventus,iniziale,
5562,2024-25,23,Khéphren Thuram,Juventus,iniziale,463618
6434,2024-25,24,,Juventus,iniziale,
4179,2024-25,26,,Juventus,iniziale,
5951,2024-25,25,,Juventus,iniziale,
6761,2024-25,21,Renato Veiga,Juventus,iniziale,805714
6766,2024-25,25,Lloyd Kelly,Juventus,iniziale,480116
2489,2024-25,37,Pedro,Lazio,cognome/token,65278
327,2024-25,31,Patric,Lazio,cognome/token,126729
2814,2024-25,30,Ivan Provedel,Lazio,cognome/token,197929
460,2024-25,29,Alessio Romagnoli,Lazio,cognome/token,197747
2188,2024-25,31,Adam Marusic,Lazio,cognome/token,239802
2263,2024-25,30,Manuel Lazzari,Lazio,cognome/token,331401
5498,2024-25,26,Nicolò Casale,Lazio,cognome/token,389837
181,2024-25,32,Matías Vecino,Lazio,cognome/token,143812
632,2024-25,29,Mattia Zaccagni,Lazio,cognome/token,283735
4186,2024-25,25,Mattéo Guendouzi,Lazio,cognome/token,465830
4377,2024-25,27,Gaetano Castrovilli,Lazio,cognome/token,303116
4459,2024-25,22,Nicolò Rovella,Lazio,cognome/token,525704
5919,2024-25,20,Loum Tchaouna,Lazio,cognome/token,607226
6226,2024-25,25,Taty Castellanos,Lazio,cognome/token,522784
6398,2024-25,23,Gustav Isaksen,Lazio,cognome/token,462823
6556,2024-25,25,Tijjani Noslin,Lazio,cognome/token,457736
140,2024-25,30,Elseid Hysaj,Lazio,cognome/token,200056
5833,2024-25,23,Mario Gila,Lazio,cognome/token,618341
5899,2024-25,30,Samuel Gigot,Lazio,cognome/token,276896
6191,2024-25,20,Reda Belahyane,Lazio,cognome/token,982855
7012,2024-25,21,Oliver Provstgaard,Lazio,cognome/token,644408
6629,2024-25,22,,Lazio,iniziale,
5672,2024-25,18,,Lazio,iniziale,
5620,2024-25,19,,Lazio,iniziale,
2728,2024-25,25,Luca Pellegrini,Lazio,iniziale,346567
6482,2024-25,19,,Lazio,iniziale,
6492,2024-25,19,,Lazio,iniziale,
6634,2024-25,27,Tete Morente,Lecce,cognome/token,339816
6989,2024-25,19,Tiago Gabriel,Lecce,cognome/token,1112449
2134,2024-25,29,Wladimiro Falcone,Lecce,cognome/token,238537
4502,2024-25,24,Antonino Gallo,Lecce,cognome/token,392516
5835,2024-25,27,Federico Baschirotto,Lecce,cognome/token,351955
5867,2024-25,24,Valentin Gendrey,Lecce,cognome/token,569387
6257,2024-25,19,Patrick Dorgu,Lecce,cognome/token,926952
6222,2024-25,25,Hamza Rafia,Lecce,cognome/token,418571
6394,2024-25,28,Ylber Ramadani,Lecce,cognome/token,442703
6633,2024-25,24,Balthazar Pierret,Lecce,cognome/token,642002
6645,2024-25,22,Filip Marchwiński,Lecce,cognome/token,555106
6001,2024-25,23,Lameck Banda,Lecce,cognome/token,545538
6435,2024-25,24,Nikola Krstović,Lecce,cognome/token,434433
6549,2024-25,23,Santiago Pierotti,Lecce,cognome/token,674806
5626,2024-25,29,Frédéric Guilbert,Lecce,cognome/token,354352
6883,2024-25,24,Gaby Jean,Lecce,cognome/token,805886
6061,2024-25,27,Rémi Oudin,Lecce,cognome/token,399543
186,2024-25,30,Ante Rebić,Lecce,cognome/token,187587
6806,2024-25,24,Andy Pelmard,Lecce,cognome/token,494236
537,2024-25,32,Nicola Sansone,Lecce,cognome/token,82048
5872,2024-25,23,Thórir Jóhann Helgason,Lecce,cognome/token,488996
2192,2024-25,28,Kevin Bonifazi,Lecce,cognome/token,247377
6459,2024-25,26,Jesper Karlsson,Lecce,cognome/token,367992
6418,2024-25,20,Rareș Burnete,Lecce,cognome/token,731525
6632,2024-25,21,,Lecce,iniziale,
5504,2024-25,19,,Lecce,iniziale,
6015,2024-25,19,,Lecce,iniziale,
6410,2024-25,22,,Lecce,iniziale,
7001,2024-25,23,Konan N’Dri,Lecce,iniziale,649490
6990,2024-25,21,Danilo Veiga,Lecce,iniziale,728485
4386,2024-25,25,Marco Sala,Lecce,iniziale,392570
4816,2024-25,25,Emerson Royal,Milan,cognome/token,476344
4811,2024-25,24,João Félix,Milan,cognome/token,462250
4312,2024-25,29,Mike Maignan,Milan,cognome/token,182906
357,2024-25,27,Davide Calabria,Milan,cognome/token,262523
4751,2024-25,26,Fikayo Tomori,Milan,cognome/token,303254
6055,2024-25,22,Malick Thiaw,Milan,cognome/token,521964
2423,2024-25,25,Christian Pulisic,Milan,cognome/token,315779
4892,2024-25,25,Alexis Saelemaekers,Milan,cognome/token,381950
6224,2024-25,26,Tijjani Reijnders,Milan,cognome/token,460939
2438,2024-25,26,Luka Jović,Milan,cognome/token,257462
4510,2024-25,25,Rafael Leão,Milan,cognome/token,357164
6227,2024-25,24,Noah Okafor,Milan,cognome/token,346890
5022,2024-25,23,Strahinja Pavlović,Milan,cognome/token,574671
2544,2024-25,26,Tammy Abraham,Milan,cognome/token,331726
4401,2024-25,24,Matteo Gabbia,Milan,cognome/token,323167
6524,2024-25,19,Kevin Zeroli,Milan,cognome/token,883349
6496,2024-25,18,Davide Bartesaghi,Milan,cognome/token,887638
7008,2024-25,23,Santiago Gimenez,Milan,cognome/token,552955
6678,2024-25,17,Mattia Liberali,Milan,cognome/token,988964
6972,2024-25,20,Bob Murphy Omoregbe,Milan,cognome/token,894324
2515,2024-25,34,Kyle Walker,Milan,cognome/token,95424
2839,2024-25,25,Riccardo Sottil,Milan,cognome/token,386455
4,2024-25,32,Marco Sportiello,Milan,cognome/token,199976
464,2024-25,33,Alessandro Florenzi,Milan,cognome/token,130365
4292,2024-25,21,,Milan,iniziale,
2818,2024-25,19,,Milan,iniziale,
4199,2024-25,26,,Milan,iniziale,
4856,2024-25,21,,Milan,iniziale,
5295,2024-25,20,,Milan,iniziale,
313,2024-25,25,,Milan,iniziale,
4686,2024-25,25,Youssouf Fofana,Milan,iniziale,569598
5812,2024-25,31,,Milan,iniziale,
6531,2024-25,16,,Milan,iniziale,
6682,2024-25,22,Semuel Pizzignacco,Monza,cognome/token,537171
226,2024-25,32,Armando Izzo,Monza,cognome/token,32113
4530,2024-25,28,Georgios Kyriakopoulos,Monza,cognome/token,311178
4904,2024-25,30,Pablo Marí,Monza,cognome/token,210178
4958,2024-25,33,Luca Caldirola,Monza,cognome/token,88680
5838,2024-25,25,Samuele Birindelli,Monza,cognome/token,461019
801,2024-25,30,Roberto Gagliardini,Monza,cognome/token,197471
2741,2024-25,27,Matteo Pessina,Monza,cognome/token,332179
4896,2024-25,22,Daniel Maldini,Monza,cognome/token,539134
5992,2024-25,20,Warren Bondo,Monza,cognome/token,659516
383,2024-25,29,Andrea Petagna,Monza,cognome/token,199258
1958,2024-25,31,Gianluca Caprari,Monza,cognome/token,146752
5882,2024-25,26,Dany Mota,Monza,cognome/token,347253
5471,2024-25,34,Milan Djuric,Monza,cognome/token,67556
4867,2024-25,22,Stefano Turati,Monza,cognome/token,543666
5516,2024-25,21,Alessandro Bianco,Monza,cognome/token,602124
6250,2024-25,29,Mirko Marić,Monza,cognome/token,215649
2274,2024-25,30,Mattia Valoti,Monza,cognome/token,167741
1978,2024-25,28,Stefano Sensi,Monza,cognome/token,216179
5880,2024-25,29,Patrick Ciurria,Monza,cognome/token,255838
6978,2024-25,20,Stefan Lekovic,Monza,cognome/token,797572
5425,2024-25,19,Kacper Urbański,Monza,cognome/token,699442
4377,2024-25,27,Gaetano Castrovilli,Monza,cognome/token,303116
6524,2024-25,19,Kevin Zeroli,Monza,cognome/token,883349
7002,2024-25,28,Silvere Ganvoula,Monza,cognome/token,312819
6993,2024-25,25,Arvid Brorsson,Monza,cognome/token,381706
6818,2024-25,20,Andrea Mazza,Monza,cognome/token,815567
5879,2024-25,22,,Monza,iniziale,
729,2024-25,26,Pedro Pereira,Monza,iniziale,314965
253,2024-25,35,Danilo D'Ambrosio,Monza,iniziale,55769
4925,2024-25,23,Andrea Carboni,Monza,iniziale,481834
6592,2024-25,18,,Monza,iniziale,
6920,2024-25,19,,Monza,iniziale,
5286,2024-25,31,Jean-Daniel Akpa Akpro,Monza,iniziale,170481
6874,2024-25,21,Tomás Palacios,Monza,iniziale,993645
345,2024-25,29,Keita Baldé,Monza,iniziale,238752
256,2024-25,33,Juan Jesus,Napoli,cognome/token,121985
572,2024-25,27,Alex Meret,Napoli,cognome/token,240414
1852,2024-25,31,Leonardo Spinazzola,Napoli,cognome/token,118689
4409,2024-25,30,Amir Rrahmani,Napoli,cognome/token,257732
5481,2024-25,29,Pasquale Mazzocchi,Napoli,cognome/token,250153
5840,2024-25,26,Mathías Olivera,Napoli,cognome/token,376514
536,2024-25,30,Matteo Politano,Napoli,cognome/token,165895
4287,2024-25,29,Stanislav Lobotka,Napoli,cognome/token,192735
4371,2024-25,24,Giacomo Raspadori,Napoli,cognome/token,405885
5839,2024-25,23,Khvicha Kvaratskhelia,Napoli,cognome/token,502670
2724,2024-25,25,Alessandro Buongiorno,Napoli,cognome/token,386446
6831,2024-25,27,David Neres,Napoli,cognome/token,469822
2531,2024-25,31,Romelu Lukaku,Napoli,cognome/token,96341
4777,2024-25,27,Scott McTominay,Napoli,cognome/token,315969
5131,2024-25,23,Billy Gilmour,Napoli,cognome/token,423744
4360,2024-25,22,Elia Caprile,Napoli,cognome/token,421873
6227,2024-25,24,Noah Okafor,Napoli,cognome/token,346890
6969,2024-25,28,Philip Billing,Napoli,cognome/token,320411
574,2024-25,28,Simone Scuffet,Napoli,cognome/token,238993
2816,2024-25,22,,Napoli,iniziale,
4220,2024-25,26,,Napoli,iniziale,
2061,2024-25,20,,Napoli,iniziale,
6145,2024-25,21,,Napoli,iniziale,
6439,2024-25,22,,Napoli,iniziale,
6252,2024-25,25,,Napoli,iniziale,
5998,2024-25,24,,Napoli,iniziale,
6638,2024-25,29,,Napoli,iniziale,
4423,2024-25,30,Hernani,Parma,cognome/token,181768
6641,2024-25,21,Zion Suzuki,Parma,cognome/token,432298
5862,2024-25,25,Emanuele Valeri,Parma,cognome/token,445126
6663,2024-25,20,Alessandro Circati,Parma,cognome/token,867137
2357,2024-25,29,Wylan Cyprien,Parma,cognome/token,182889
5290,2024-25,28,Nahuel Estévez,Parma,cognome/token,552472
5319,2024-25,23,Simon Sohm,Parma,cognome/token,507486
5393,2024-25,25,Dennis Man,Parma,cognome/token,397486
6666,2024-25,23,Adrián Bernabé,Parma,cognome/token,466802
6821,2024-25,22,Antoine Hainaut,Parma,cognome/token,917375
5322,2024-25,24,Valentin Mihăilă,Parma,cognome/token,535469
5500,2024-25,22,Matteo Cancellieri,Parma,cognome/token,550106
6207,2024-25,25,Pontus Almqvist,Parma,cognome/token,300532
6669,2024-25,20,Ange-Yoan Bonny,Parma,cognome/token,827734
6664,2024-25,24,Enrico Delprato,Parma,cognome/token,392956
5327,2024-25,30,Yordan Osorio,Parma,cognome/token,358165
6670,2024-25,25,Gabriel Charpentier,Parma,cognome/token,660342
6910,2024-25,19,Mateusz Kowalski,Parma,cognome/token,902573
6661,2024-25,34,Leandro Chichizola,Parma,cognome/token,95736
6887,2024-25,17,Giovanni Leoni,Parma,cognome/token,1086619
5307,2024-25,25,Lautaro Valenti,Parma,cognome/token,625202
6245,2024-25,25,Alessandro Vogliacco,Parma,cognome/token,330208
5471,2024-25,34,Milan Djuric,Parma,cognome/token,67556
6984,2024-25,21,Jacob Ondrejka,Parma,cognome/token,663237
5353,2024-25,22,,Parma,iniziale,
6665,2024-25,25,Woyo Coulibaly,Parma,iniziale,592975
5421,2024-25,22,Drissa Camara,Parma,iniziale,614742
6898,2024-25,22,Mandela Keita,Parma,iniziale,707844
6914,2024-25,19,Anas Haj Mohamed,Parma,iniziale,883122
6667,2024-25,29,,Parma,iniziale,
6965,2024-25,23,,Parma,iniziale,
7023,2024-25,22,Mateo Pellegrino,Parma,iniziale,856530
4772,2024-25,27,Angeliño,Roma,cognome/token,277179
5841,2024-25,24,Mile Svilar,Roma,cognome/token,338670
2296,2024-25,28,Gianluca Mancini,Roma,cognome/token,256448
4657,2024-25,27,Zeki Çelik,Roma,cognome/token,251075
779,2024-25,29,Bryan Cristante,Roma,cognome/token,199248
5422,2024-25,22,Nicola Zalewski,Roma,cognome/token,550108
5823,2024-25,21,Tommaso Baldanzi,Roma,cognome/token,641537
309,2024-25,30,Paulo Dybala,Roma,cognome/token,206050
2544,2024-25,26,Tammy Abraham,Roma,cognome/token,331726
5734,2024-25,21,Matías Soulé,Roma,cognome/token,668951
6675,2024-25,27,Artem Dovbyk,Roma,cognome/token,343537
468,2024-25,30,Leandro Paredes,Roma,cognome/token,166237
4892,2024-25,25,Alexis Saelemaekers,Roma,cognome/token,381950
6190,2024-25,19,Niccolò Pisilli,Roma,cognome/token,813137
4807,2024-25,29,Mario Hermoso,Roma,cognome/token,281769
2406,2024-25,35,Mats Hummels,Roma,cognome/token,39728
6647,2024-25,21,Samuel Dahl,Roma,cognome/token,605396
6986,2024-25,21,Devyne Rensch,Roma,cognome/token,557407
7018,2024-25,25,Victor Nelsson,Roma,cognome/token,422951
4317,2024-25,17,,Roma,iniziale,
530,2024-25,22,,Roma,iniziale,
795,2024-25,25,,Roma,iniziale,
6299,2024-25,16,,Roma,iniziale,
5311,2024-25,29,,Roma,iniziale,
5589,2024-25,23,Manu Koné,Roma,iniziale,624690
7019,2024-25,20,Lucas Gourna-Douath,Roma,iniziale,620313
49,2024-25,30,Adam Masina,Torino,cognome/token,286949
4385,2024-25,28,Valentino Lazaro,Torino,cognome/token,186368
4887,2024-25,24,Raoul Bellanova,Torino,cognome/token,357992
4994,2024-25,29,Mërgim Vojvoda,Torino,cognome/token,336125
6474,2024-25,22,Saba Sazonov,Torino,cognome/token,655456
6642,2024-25,25,Saúl Coco,Torino,cognome/token,588426
2008,2024-25,29,Karol Linetty,Torino,cognome/token,225873
4890,2024-25,30,Adrien Tamèze,Torino,cognome/token,157507
5007,2024-25,23,Ivan Ilić,Torino,cognome/token,470794
479,2024-25,28,Antonio Sanabria,Torino,cognome/token,234523
2325,2024-25,26,Yann Karamoh,Torino,cognome/token,324804
6426,2024-25,24,Marcus Pedersen,Torino,cognome/token,583404
6170,2024-25,20,Gvidas Gineitis,Torino,cognome/token,798929
4665,2024-25,30,Guillermo Maripán,Torino,cognome/token,249730
6827,2024-25,19,Alieu Njie,Torino,cognome/token,934527
5320,2024-25,31,Alberto Paleari,Torino,cognome/token,163048
5687,2024-25,26,Nikola Vlašić,Torino,cognome/token,293200
252,2024-25,31,Cristiano Biraghi,Torino,cognome/token,124555
5888,2024-25,21,Cesare Casadei,Torino,cognome/token,622380
4479,2024-25,24,Eljif Elmas,Torino,cognome/token,400489
7052,2024-25,18,Sergiu Perciun,Torino,cognome/token,980632
2170,2024-25,27,,Torino,iniziale,
6826,2024-25,24,,Torino,iniziale,
5453,2024-25,20,,Torino,iniziale,
608,2024-25,19,,Torino,iniziale,
6646,2024-25,19,,Torino,iniziale,
6820,2024-25,26,Borna Sosa,Torino,iniziale,293194
6873,2024-25,19,,Torino,iniziale,
4374,2024-25,17,,Torino,iniziale,
7060,2024-25,23,,Torino,iniziale,
7063,2024-25,17,,Torino,iniziale,
6213,2024-25,24,Brenner,Udinese,cognome/token,412366
6462,2024-25,24,Maduka Okoye,Udinese,cognome/token,340353
5847,2024-25,25,Jaka Bijol,Udinese,cognome/token,371851
6047,2024-25,29,Kingsley Ehizibue,Udinese,cognome/token,272812
6211,2024-25,24,Jordan Zemura,Udinese,cognome/token,633530
6680,2024-25,29,Jesper Karlström,Udinese,cognome/token,222855
6684,2024-25,24,Jurgen Ekkelenkamp,Udinese,cognome/token,361068
2369,2024-25,31,Florian Thauvin,Udinese,cognome/token,184892
6215,2024-25,23,Lorenzo Lucca,Udinese,cognome/token,572265
4263,2024-25,33,Christian Kabasele,Udinese,cognome/token,81512
6212,2024-25,25,Oier Zarraga,Udinese,cognome/token,524010
6908,2024-25,21,Arthur Atta,Udinese,cognome/token,855308
6842,2024-25,22,Răzvan Sava,Udinese,cognome/token,568617
2475,2024-25,35,Alexis Sánchez,Udinese,cognome/token,40433
6956,2024-25,24,Oumar Solet,Udinese,cognome/token,463665
5824,2024-25,18,Simone Pafundi,Udinese,cognome/token,876400
543,2024-25,38,Daniele Padelli,Udinese,cognome/token,27807
6635,2024-25,19,Damián Pizarro,Udinese,cognome/token,950593
5555,2024-25,20,,Udinese,iniziale,
5677,2024-25,24,Nehuén Pérez,Udinese,iniziale,491693
6533,2024-25,25,,Udinese,iniziale,
5850,2024-25,20,,Udinese,iniziale,
6481,2024-25,16,,Udinese,iniziale,
5637,2024-25,26,,Udinese,iniziale,
6485,2024-25,22,Thomas Kristensen,Udinese,iniziale,698259
6653,2024-25,25,,Udinese,iniziale,
5900,2024-25,24,,Udinese,iniziale,
6021,2024-25,17,,Udinese,iniziale,
6900,2024-25,19,,Udinese,iniziale,
4425,2024-25,31,Jesse Joronen,Venezia,cognome/token,131758
1952,2024-25,30,Francesco Zampano,Venezia,cognome/token,216872
5484,2024-25,25,Michael Svoboda,Venezia,cognome/token,438961
5695,2024-25,31,Ridgeciano Haps,Venezia,cognome/token,228444
6673,2024-25,26,Marin Šverko,Venezia,cognome/token,282169
6681,2024-25,20,Richie Sagrado,Venezia,cognome/token,655009
526,2024-25,31,Alfred Duncan,Venezia,cognome/token,184894
5486,2024-25,28,Domen Crnigoj,Venezia,cognome/token,216599
6020,2024-25,22,Mikael Egill Ellertsson,Venezia,cognome/token,566615
6218,2024-25,21,Gaetano Oristanio,Venezia,cognome/token,613393
6233,2024-25,24,Nunzio Lella,Venezia,cognome/token,459945
1842,2024-25,25,Nicholas Pierini,Venezia,cognome/token,372720
5436,2024-25,20,Antonio Raimondo,Venezia,cognome/token,818888
5881,2024-25,34,Christian Gytkjaer,Venezia,cognome/token,76274
4458,2024-25,24,Antonio Candela,Venezia,cognome/token,392881
6672,2024-25,24,Jay Idzes,Venezia,cognome/token,546926
5079,2024-25,29,Joel Pohjanpalo,Venezia,cognome/token,173491
6892,2024-25,21,Joël Schingtienne,Venezia,cognome/token,707809
5507,2024-25,22,Gianluca Busio,Venezia,cognome/token,504209
5485,2024-25,24,Bjarki Bjarkason,Venezia,cognome/token,566613
5998,2024-25,25,Alessio Zerbin,Venezia,cognome/token,433584
6985,2024-25,26,Fali Candé,Venezia,cognome/token,520530
6660,2024-25,21,Alessandro Marcandalli,Venezia,cognome/token,818448
6250,2024-25,29,Mirko Marić,Venezia,cognome/token,215649
7022,2024-25,21,Daniel Fila,Venezia,cognome/token,666268
5447,2024-25,25,,Venezia,iniziale,
6674,2024-25,24,,Venezia,iniziale,
4349,2024-25,24,,Venezia,iniziale,
6683,2024-25,20,Issa Doumbia,Venezia,iniziale,924349
6819,2024-25,19,,Venezia,iniziale,
6149,2024-25,21,Franco Carboni,Venezia,iniziale,731491
6904,2024-25,24,John Yeboah,Venezia,iniziale,439914
6248,2024-25,22,Filip Stanković,Venezia,iniziale,552223
6994,2024-25,27,Kike Pérez,Venezia,iniziale,527698
1843,2024-25,27,Ionuț Radu,Venezia,iniziale,303657
6562,2024-25,24,Dani Silva,Verona,cognome/token,372445
4957,2024-25,28,Lorenzo Montipò,Verona,cognome/token,241923
2769,2024-25,28,Giangiacomo Magnani,Verona,cognome/token,310458
4493,2024-25,29,Paweł Dawidowicz,Verona,cognome/token,248732
6480,2024-25,22,Jackson Tchatchoua,Verona,cognome/token,848509
6639,2024-25,26,Martin Frese,Verona,cognome/token,488785
236,2024-25,33,Darko Lazović,Verona,cognome/token,70411
4342,2024-25,29,Ondrej Duda,Verona,cognome/token,232418
5688,2024-25,26,Abdou Harroui,Verona,cognome/token,416386
6191,2024-25,20,Reda Belahyane,Verona,cognome/token,982855
6458,2024-25,27,Suat Serdar,Verona,cognome/token,261905
6486,2024-25,22,Tomas Suslov,Verona,cognome/token,540333
6630,2024-25,24,Daniel Mosquera,Verona,cognome/token,651569
6801,2024-25,24,Casper Tengstedt,Verona,cognome/token,464598
6048,2024-25,23,Faride Alidou,Verona,cognome/token,456492
5532,2024-25,24,Domagoj Bradarić,Verona,cognome/token,357796
5554,2024-25,23,Flavius Daniliuc,Verona,cognome/token,322655
581,2024-25,32,Davide Faraoni,Verona,cognome/token,73926
6284,2024-25,21,Yllan Okou,Verona,cognome/token,745202
511,2024-25,29,Simone Perilli,Verona,cognome/token,240675
5540,2024-25,24,Cheikh Niasse,Verona,cognome/token,644032
6997,2024-25,19,Junior Ajayi,Verona,cognome/token,1111820
6992,2024-25,21,Daniel Oyegoke,Verona,cognome/token,586984
7028,2024-25,25,Antoine Bernede,Verona,cognome/token,395512
5764,2024-25,20,Diego Coppola,Verona,iniziale,660860
2117,2024-25,21,,Verona,iniziale,
6644,2024-25,19,,Verona,iniziale,
6618,2024-25,26,,Verona,iniziale,
6159,2024-25,23,Amin Sarr,Verona,iniziale,748382
6913,2024-25,18,,Verona,iniziale,
6631,2024-25,23,,Verona,iniziale,
6957,2024-25,23,Nicolás Valentini,Verona,iniziale,860992
4431,2025-26,25,Marco Carnesecchi,Atalanta,cognome/token,459763
787,2025-26,32,Berat Djimsiti,Atalanta,cognome/token,165513
4887,2025-26,25,Raoul Bellanova,Atalanta,cognome/token,357992
5526,2025-26,21,Giorgio Scalvini,Atalanta,cognome/token,571604
5578,2025-26,24,Odilon Kossounou,Atalanta,cognome/token,644771
6046,2025-26,26,Isak Hien,Atalanta,cognome/token,503075
2077,2025-26,30,Mario Pašalić,Atalanta,cognome/token,205938
4896,2025-26,23,Daniel Maldini,Atalanta,cognome/token,539134
5119,2025-26,23,Lazar Samardžić,Atalanta,cognome/token,528833
5422,2025-26,23,Nicola Zalewski,Atalanta,cognome/token,550108
2137,2025-26,26,Gianluca Scamacca,Atalanta,cognome/token,315867
6435,2025-26,25,Nikola Krstović,Atalanta,cognome/token,434433
554,2025-26,33,Davide Zappacosta,Atalanta,cognome/token,173859
7219,2025-26,21,Lorenzo Bernasconi,Atalanta,cognome/token,708635
5295,2025-26,22,Yunus Musah,Atalanta,cognome/token,503991
6916,2025-26,17,Honest Ahanor,Atalanta,cognome/token,1077175
4730,2025-26,27,Ademola Lookman,Atalanta,cognome/token,406040
2640,2025-26,32,Sead Kolasinac,Atalanta,cognome/token,94005
4371,2025-26,25,Giacomo Raspadori,Atalanta,cognome/token,405885
5067,2025-26,25,Mitchel Bakker,Atalanta,cognome/token,361065
4,2025-26,33,Marco Sportiello,Atalanta,cognome/token,199976
7394,2025-26,19,Dominic Vavassori,Atalanta,cognome/token,936739
22,2025-26,22,,Atalanta,iniziale,
5792,2025-26,22,,Atalanta,iniziale,
5918,2025-26,25,,Atalanta,iniziale,
5995,2025-26,24,Charles De Ketelaere,Atalanta,iniziale,435772
7175,2025-26,25,João Mário,Bologna,cognome/token,537602
133,2025-26,34,Lukasz Skorupski,Bologna,cognome/token,80894
2653,2025-26,31,Charalampos Lykogiannis,Bologna,cognome/token,136514
4433,2025-26,26,Nadir Zortea,Bologna,cognome/token,392966
5498,2025-26,27,Nicolò Casale,Bologna,cognome/token,389837
6042,2025-26,27,Jhon Lucumí,Bologna,cognome/token,413565
7068,2025-26,22,Martin Vitík,Bologna,cognome/token,652054
184,2025-26,31,Federico Bernardeschi,Bologna,cognome/token,197300
788,2025-26,33,Remo Freuler,Bologna,cognome/token,148252
2167,2025-26,28,Riccardo Orsolini,Bologna,cognome/token,368482
2765,2025-26,26,Jens Odgaard,Bologna,cognome/token,345590
785,2025-26,35,Ciro Immobile,Bologna,cognome/token,105521
4436,2025-26,24,Nicolò Cambiaghi,Bologna,cognome/token,459151
7212,2025-26,26,Torbjørn Heggem,Bologna,cognome/token,464469
6643,2025-26,24,Thijs Dallinga,Bologna,cognome/token,538964
5858,2025-26,25,Lewis Ferguson,Bologna,cognome/token,428563
6844,2025-26,22,Jonathan Rowe,Bologna,cognome/token,672381
5319,2025-26,24,Simon Sohm,Bologna,cognome/token,507486
7326,2025-26,20,Eivind Helland,Bologna,cognome/token,1129198
487,2025-26,25,,Bologna,iniziale,
5298,2025-26,26,,Bologna,iniziale,
6206,2025-26,22,,Bologna,iniziale,
6572,2025-26,27,,Bologna,iniziale,
4734,2025-26,25,Juan Miranda,Bologna,iniziale,341227
6054,2025-26,27,Nikola Moro,Bologna,iniziale,316934
6895,2025-26,21,Benja Domínguez,Bologna,iniziale,961022
2722,2025-26,25,Federico Ravaglia,Bologna,iniziale,390304
7172,2025-26,17,Massimo Pessina,Bologna,iniziale,992569
6024,2025-26,22,Ibrahim Sulemana,Bologna,iniziale,982267
7274,2025-26,28,Zé Pedro,Cagliari,cognome/token,406151
4360,2025-26,23,Elia Caprile,Cagliari,cognome/token,421873
393,2025-26,28,Sebastiano Luperto,Cagliari,cognome/token,278531
4210,2025-26,30,Yerry Mina,Cagliari,cognome/token,289446
4461,2025-26,25,Gabriele Zappa,Cagliari,cognome/token,392569
5701,2025-26,22,Adam Obert,Cagliari,cognome/token,568333
1871,2025-26,30,Alessandro Deiola,Cagliari,cognome/token,235931
1976,2025-26,29,Luca Mazzitelli,Cagliari,cognome/token,226025
4364,2025-26,25,Gianluca Gaetano,Cagliari,cognome/token,358008
4870,2025-26,25,Michel Adopo,Cagliari,cognome/token,564305
6252,2025-26,27,Michael Folorunsho,Cagliari,cognome/token,377042
5297,2025-26,23,Zito Luvumbo,Cagliari,cognome/token,666547
6243,2025-26,25,Gennaro Borrelli,Cagliari,cognome/token,459988
6832,2025-26,20,Marco Palestra,Cagliari,cognome/token,895937
6640,2025-26,24,Mattia Felici,Cagliari,cognome/token,600041
441,2025-26,31,Andrea Belotti,Cagliari,cognome/token,167727
247,2025-26,36,Leonardo Pavoletti,Cagliari,cognome/token,64793
7165,2025-26,19,Joseph Liteta,Cagliari,cognome/token,1134304
7317,2025-26,19,Yael Trepy,Cagliari,cognome/token,1099924
6230,2025-26,26,Alberto Dossena,Cagliari,cognome/token,385394
7338,2025-26,19,Agustín Albarracín,Cagliari,cognome/token,1104206
7346,2025-26,19,Othniël Raterink,Cagliari,cognome/token,997478
7125,2025-26,29,,Cagliari,iniziale,
6424,2025-26,21,,Cagliari,iniziale,
4463,2025-26,18,,Cagliari,iniziale,
7199,2025-26,19,,Cagliari,iniziale,
5406,2025-26,26,Alessandro Di Pardo,Cagliari,iniziale,457674
7225,2025-26,22,,Cagliari,iniziale,
7268,2025-26,20,Juan Rodríguez,Cagliari,iniziale,1228231
6024,2025-26,22,Ibrahim Sulemana,Cagliari,iniziale,982267
7374,2025-26,19,,Cagliari,iniziale,
4284,2025-26,33,Sergi Roberto,Como,cognome/token,85370
4137,2025-26,32,Diego Carlos,Como,cognome/token,329145
6966,2025-26,30,Jean Butez,Como,cognome/token,290537
4994,2025-26,30,Mërgim Vojvoda,Como,cognome/token,336125
6867,2025-26,21,Álex Valle,Como,cognome/token,709957
6869,2025-26,20,Jacobo Ramón,Como,cognome/token,948278
6893,2025-26,30,Marc Oliver Kempf,Como,cognome/token,160938
5036,2025-26,25,Maxence Caqueret,Como,cognome/token,395237
6151,2025-26,22,Máximo Perrone,Como,cognome/token,668547
7017,2025-26,25,Anastasios Douvikas,Como,cognome/token,523318
7128,2025-26,25,Nicolas Kühn,Como,cognome/token,336012
7126,2025-26,22,Martin Baturina,Como,cognome/token,580451
7127,2025-26,19,Jayden Addai,Como,cognome/token,747720
418,2025-26,31,Edoardo Goldaniga,Como,cognome/token,242940
6967,2025-26,19,Assane Diao,Como,cognome/token,1061282
6896,2025-26,28,,Como,iniziale,
7014,2025-26,26,,Como,iniziale,
5559,2025-26,19,,Como,iniziale,
6875,2025-26,20,Nico Paz,Como,iniziale,948294
313,2025-26,32,,Como,iniziale,
7129,2025-26,19,Jesús Rodríguez,Como,iniziale,1190411
6066,2025-26,22,,Como,iniziale,
5435,2025-26,33,Alberto Moreno,Como,iniziale,207917
7299,2025-26,27,,Como,iniziale,
761,2025-26,28,Emil Audero,Cremonese,cognome/token,256339
612,2025-26,32,Matteo Bianchetti,Cremonese,cognome/token,160986
1891,2025-26,33,Federico Ceccherini,Cremonese,cognome/token,163639
5835,2025-26,28,Federico Baschirotto,Cremonese,cognome/token,351955
27,2025-26,30,Alberto Grassi,Cremonese,cognome/token,197473
5992,2025-26,21,Warren Bondo,Cremonese,cognome/token,659516
5998,2025-26,26,Alessio Zerbin,Cremonese,cognome/token,433584
6481,2025-26,26,Martín Payero,Cremonese,cognome/token,555820
7132,2025-26,25,Michele Collocolo,Cremonese,cognome/token,434551
7133,2025-26,29,Jari Vandeputte,Cremonese,cognome/token,258827
479,2025-26,29,Antonio Sanabria,Cremonese,cognome/token,234523
505,2025-26,28,Federico Bonazzoli,Cremonese,cognome/token,241527
5515,2025-26,27,David Okereke,Cremonese,cognome/token,413605
449,2025-26,36,Franco Vázquez,Cremonese,cognome/token,76163
2499,2025-26,38,Jamie Vardy,Cremonese,cognome/token,197838
5496,2025-26,27,Dennis Johnsen,Cremonese,cognome/token,406042
6555,2025-26,25,Faris Moumbagna,Cremonese,cognome/token,599663
2211,2025-26,34,Marco Silvestri,Cremonese,cognome/token,85528
6013,2025-26,22,Tommaso Barbieri,Cremonese,cognome/token,569939
6870,2025-26,21,Mikayil Faye,Cremonese,cognome/token,666974
7130,2025-26,23,Francesco Folino,Cremonese,cognome/token,603675
5457,2025-26,26,Youssef Maleh,Cremonese,cognome/token,324377
5471,2025-26,35,Milan Djuric,Cremonese,cognome/token,67556
393,2025-26,28,Sebastiano Luperto,Cremonese,cognome/token,278531
4404,2025-26,29,Morten Thorsby,Cremonese,cognome/token,226524
770,2025-26,27,Giuseppe Pezzella,Cremonese,iniziale,336960
5812,2025-26,22,Filippo Terracciano,Cremonese,iniziale,631007
5512,2025-26,28,,Cremonese,iniziale,
7131,2025-26,22,Romano Floriani Mussolini,Cremonese,iniziale,708086
6528,2025-26,19,,Cremonese,iniziale,
7241,2025-26,20,,Cremonese,iniziale,
7400,2025-26,22,,Cremonese,iniziale,
5885,2025-26,26,Dodô,Fiorentina,cognome/token,401529
2160,2025-26,31,Robin Gosens,Fiorentina,cognome/token,273132
4904,2025-26,31,Pablo Marí,Fiorentina,cognome/token,210178
5449,2025-26,24,Fabiano Parisi,Fiorentina,cognome/token,547985
5603,2025-26,27,Marin Pongracic,Fiorentina,cognome/token,282144
5718,2025-26,23,Mattia Viti,Fiorentina,cognome/token,493702
6495,2025-26,20,Pietro Comuzzo,Fiorentina,cognome/token,746712
1933,2025-26,28,Rolando Mandragora,Fiorentina,cognome/token,308279
4465,2025-26,24,Nicolò Fagioli,Fiorentina,cognome/token,432090
5319,2025-26,24,Simon Sohm,Fiorentina,cognome/token,507486
6010,2025-26,22,Jacopo Fazzini,Fiorentina,cognome/token,691482
6294,2025-26,21,Cher Ndour,Fiorentina,cognome/token,651005
2097,2025-26,25,Moise Kean,Fiorentina,cognome/token,364135
7238,2025-26,19,Eddy Kouadio,Fiorentina,cognome/token,957822
647,2025-26,39,Edin Dzeko,Fiorentina,cognome/token,28396
4359,2025-26,24,Roberto Piccoli,Fiorentina,cognome/token,432092
6351,2025-26,24,Tariq Lamptey,Fiorentina,cognome/token,504148
7069,2025-26,19,Niccolò Fortini,Fiorentina,cognome/token,984964
5788,2025-26,28,Abdelhamid Sabiri,Fiorentina,cognome/token,340394
6804,2025-26,23,Amir Richardson,Fiorentina,cognome/token,893675
2762,2025-26,27,Christian Kouamé,Fiorentina,cognome/token,337725
6380,2025-26,26,Manor Solomon,Fiorentina,cognome/token,396638
5651,2025-26,28,Jack Harrison,Fiorentina,cognome/token,417346
294,2025-26,31,Daniele Rugani,Fiorentina,cognome/token,162959
7377,2025-26,19,Luis Balbo,Fiorentina,cognome/token,1012731
7239,2025-26,18,Riccardo Braschi,Fiorentina,cognome/token,934514
158,2025-26,30,Luca Lezzerini,Fiorentina,cognome/token,135747
2521,2025-26,34,David de Gea,Fiorentina,iniziale,59377
4378,2025-26,26,Luca Ranieri,Fiorentina,iniziale,346561
5800,2025-26,25,,Fiorentina,iniziale,
4349,2025-26,25,Hans Nicolussi Caviglia,Fiorentina,iniziale,430280
4947,2025-26,22,,Fiorentina,iniziale,
6403,2025-26,26,Oliver Christensen,Fiorentina,iniziale,471936
7341,2025-26,20,Amorim,Genoa,cognome/token,1082774
188,2025-26,32,Nicola Leali,Genoa,cognome/token,136111
2593,2025-26,28,Aarón Martín,Genoa,cognome/token,251878
5514,2025-26,26,Johan Vásquez,Genoa,cognome/token,532937
6660,2025-26,22,Alessandro Marcandalli,Genoa,cognome/token,818448
4404,2025-26,29,Morten Thorsby,Genoa,cognome/token,226524
4970,2025-26,34,Junior Messias,Genoa,cognome/token,449151
5791,2025-26,24,Morten Frendrup,Genoa,cognome/token,503871
6020,2025-26,23,Mikael Egill Ellertsson,Genoa,cognome/token,566615
6917,2025-26,24,Patrizio Masini,Genoa,cognome/token,459665
7135,2025-26,32,Nicolae Stanciu,Genoa,cognome/token,148372
6822,2025-26,18,Jeff Ekhator,Genoa,cognome/token,934878
4427,2025-26,32,Ruslan Malinovskyi,Genoa,cognome/token,207877
5506,2025-26,31,Caleb Ekuban,Genoa,cognome/token,199953
791,2025-26,32,Stefano Sabelli,Genoa,cognome/token,167491
6977,2025-26,21,Sebastian Otoa,Genoa,cognome/token,890385
4677,2025-26,28,Maxwel Cornet,Genoa,cognome/token,234781
219,2025-26,28,Daniele Sommariva,Genoa,cognome/token,312773
6506,2025-26,19,Seydou Fini,Genoa,cognome/token,866250
7332,2025-26,27,Justin Bijlow,Genoa,cognome/token,315121
7335,2025-26,20,Nils Zätterström,Genoa,cognome/token,1191520
6814,2025-26,18,,Genoa,iniziale,
6106,2025-26,22,,Genoa,iniziale,
6722,2025-26,19,,Genoa,iniziale,
4923,2025-26,23,,Genoa,iniziale,
6164,2025-26,17,,Genoa,iniziale,
6538,2025-26,25,Jean Onana,Genoa,iniziale,656441
7389,2025-26,17,Latif Ouedraogo,Genoa,iniziale,1385195
6853,2025-26,19,Gaël Lafont,Genoa,iniziale,955358
7398,2025-26,18,Jacopo Grossi,Genoa,iniziale,1066134
7399,2025-26,18,Filippo Carbone,Genoa,iniziale,954688
5877,2025-26,26,Carlos Augusto,Inter,cognome/token,585982
5301,2025-26,23,Luis Henrique,Inter,cognome/token,691316
2428,2025-26,36,Yann Sommer,Inter,cognome/token,42205
254,2025-26,27,Federico Dimarco,Inter,cognome/token,198116
513,2025-26,37,Francesco Acerbi,Inter,cognome/token,131075
2120,2025-26,26,Alessandro Bastoni,Inter,cognome/token,315853
5513,2025-26,29,Denzel Dumfries,Inter,cognome/token,321528
152,2025-26,31,Piotr Zielinski,Inter,cognome/token,181136
1870,2025-26,28,Nicolò Barella,Inter,cognome/token,255942
2529,2025-26,36,Henrikh Mkhitaryan,Inter,cognome/token,55735
6274,2025-26,22,Andy Diouf,Inter,cognome/token,711976
4871,2025-26,27,Marcus Thuram,Inter,cognome/token,318528
6669,2025-26,21,Ange-Yoan Bonny,Inter,cognome/token,827734
6217,2025-26,24,Yann Bisseck,Inter,cognome/token,441986
2194,2025-26,31,Hakan Çalhanoğlu,Inter,cognome/token,126414
2525,2025-26,35,Matteo Darmian,Inter,cognome/token,54906
2848,2025-26,25,Davide Frattesi,Inter,cognome/token,394300
7307,2025-26,18,Matteo Lavelli,Inter,cognome/token,972475
7388,2025-26,18,Mattia Mosconi,Inter,cognome/token,1008570
7375,2025-26,18,Matteo Cocchi,Inter,cognome/token,988987
7062,2025-26,19,Luka Topalović,Inter,cognome/token,991744
4177,2025-26,30,,Inter,iniziale,
7070,2025-26,29,,Inter,iniziale,
2764,2025-26,27,Lautaro Martínez,Inter,iniziale,406625
7071,2025-26,20,Pio Esposito,Inter,iniziale,930781
5116,2025-26,27,Josep Martínez,Inter,iniziale,388516
322,2025-26,33,Stefan de Vrij,Inter,iniziale,111196
1926,2025-26,31,Raffaele Di Gennaro,Inter,iniziale,70580
2788,2025-26,28,Bremer,Juventus,cognome/token,516716
7175,2025-26,25,João Mário,Juventus,cognome/token,537602
4976,2025-26,25,Pierre Kalulu,Juventus,cognome/token,585949
5520,2025-26,25,Andrea Cambiaso,Juventus,cognome/token,459658
5831,2025-26,27,Federico Gatti,Juventus,cognome/token,509022
827,2025-26,27,Manuel Locatelli,Juventus,cognome/token,265088
4973,2025-26,26,Weston McKennie,Juventus,cognome/token,332697
5685,2025-26,27,Teun Koopmeiners,Juventus,cognome/token,360518
6884,2025-26,22,Francisco Conceição,Juventus,cognome/token,487474
2841,2025-26,25,Dušan Vlahović,Juventus,cognome/token,357498
5544,2025-26,25,Jonathan David,Juventus,cognome/token,533738
4711,2025-26,32,Filip Kostic,Juventus,cognome/token,161011
6039,2025-26,24,Juan Cabal,Juventus,cognome/token,686965
6677,2025-26,19,Vasilije Adžić,Juventus,cognome/token,944570
6314,2025-26,25,Loïs Openda,Juventus,cognome/token,368887
5761,2025-26,26,Edon Zhegrova,Juventus,cognome/token,496857
218,2025-26,32,Mattia Perin,Juventus,cognome/token,110923
5813,2025-26,21,Fabio Miretti,Juventus,cognome/token,571607
5678,2025-26,25,Emil Holm,Juventus,cognome/token,496745
2012,2025-26,31,Arkadiusz Milik,Juventus,cognome/token,191891
5876,2025-26,28,Michele Di Gregorio,Juventus,iniziale,301238
6766,2025-26,26,Lloyd Kelly,Juventus,iniziale,480116
5562,2025-26,31,,Juventus,iniziale,
4179,2025-26,27,,Juventus,iniziale,
6434,2025-26,28,,Juventus,iniziale,
2489,2025-26,38,Pedro,Lazio,cognome/token,65278
327,2025-26,32,Patric,Lazio,cognome/token,126729
2814,2025-26,31,Ivan Provedel,Lazio,cognome/token,197929
2188,2025-26,32,Adam Marusic,Lazio,cognome/token,239802
2263,2025-26,31,Manuel Lazzari,Lazio,cognome/token,331401
5833,2025-26,24,Mario Gila,Lazio,cognome/token,618341
7012,2025-26,22,Oliver Provstgaard,Lazio,cognome/token,644408
333,2025-26,30,Danilo Cataldi,Lazio,cognome/token,199733
632,2025-26,30,Mattia Zaccagni,Lazio,cognome/token,283735
4186,2025-26,26,Mattéo Guendouzi,Lazio,cognome/token,465830
4459,2025-26,23,Nicolò Rovella,Lazio,cognome/token,525704
5500,2025-26,23,Matteo Cancellieri,Lazio,cognome/token,550106
6226,2025-26,26,Taty Castellanos,Lazio,cognome/token,522784
140,2025-26,31,Elseid Hysaj,Lazio,cognome/token,200056
6191,2025-26,21,Reda Belahyane,Lazio,cognome/token,982855
460,2025-26,30,Alessio Romagnoli,Lazio,cognome/token,197747
6398,2025-26,24,Gustav Isaksen,Lazio,cognome/token,462823
6556,2025-26,26,Tijjani Noslin,Lazio,cognome/token,457736
5674,2025-26,28,Toma Bašić,Lazio,cognome/token,334835
181,2025-26,33,Matías Vecino,Lazio,cognome/token,143812
7313,2025-26,21,Petar Ratkov,Lazio,cognome/token,846254
4896,2025-26,23,Daniel Maldini,Lazio,cognome/token,539134
7337,2025-26,20,Edoardo Motta,Lazio,cognome/token,916430
6417,2025-26,23,Alessio Furlanetto,Lazio,cognome/token,538079
7345,2025-26,18,Adrian Przyborek,Lazio,cognome/token,1018395
2728,2025-26,23,,Lazio,iniziale,
5620,2025-26,25,Nuno Tavares,Lazio,iniziale,535955
6629,2025-26,24,Fisayo Dele-Bashiru,Lazio,iniziale,530742
5672,2025-26,19,,Lazio,iniziale,
7314,2025-26,23,Kenneth Taylor,Lazio,iniziale,470394
6989,2025-26,20,Tiago Gabriel,Lecce,cognome/token,1112449
6634,2025-26,28,Tete Morente,Lecce,cognome/token,339816
2134,2025-26,30,Wladimiro Falcone,Lecce,cognome/token,238537
4502,2025-26,25,Antonino Gallo,Lecce,cognome/token,392516
2839,2025-26,26,Riccardo Sottil,Lecce,cognome/token,386455
6394,2025-26,29,Ylber Ramadani,Lecce,cognome/token,442703
6633,2025-26,25,Balthazar Pierret,Lecce,cognome/token,642002
6001,2025-26,24,Lameck Banda,Lecce,cognome/token,545538
6519,2025-26,17,Francesco Camarda,Lecce,cognome/token,1058368
5872,2025-26,24,Thórir Jóhann Helgason,Lecce,cognome/token,488996
6549,2025-26,24,Santiago Pierotti,Lecce,cognome/token,674806
7252,2025-26,23,Nikola Stulic,Lecce,cognome/token,595650
7240,2025-26,23,Jamil Siebert,Lecce,cognome/token,604113
7182,2025-26,25,Corrie Ndaba,Lecce,cognome/token,433329
7318,2025-26,25,Omri Gandelman,Lecce,cognome/token,780548
6439,2025-26,27,Walid Cheddira,Lecce,cognome/token,521407
7322,2025-26,21,Oumar Ngom,Lecce,cognome/token,980575
6883,2025-26,25,Gaby Jean,Lecce,cognome/token,805886
6632,2025-26,22,,Lecce,iniziale,
6990,2025-26,22,Danilo Veiga,Lecce,iniziale,728485
7136,2025-26,20,,Lecce,iniziale,
5504,2025-26,20,,Lecce,iniziale,
6015,2025-26,21,Medon Berisha,Lecce,iniziale,583046
6410,2025-26,23,,Lecce,iniziale,
7001,2025-26,26,,Lecce,iniziale,
7246,2025-26,24,Álex Sala,Lecce,iniziale,582664
7164,2025-26,20,Matías Pérez,Lecce,iniziale,1175410
7319,2025-26,22,Sadik Fofana,Lecce,iniziale,644613
4312,2025-26,30,Mike Maignan,Milan,cognome/token,182906
4401,2025-26,25,Matteo Gabbia,Milan,cognome/token,323167
4751,2025-26,27,Fikayo Tomori,Milan,cognome/token,303254
5022,2025-26,24,Strahinja Pavlović,Milan,cognome/token,574671
5273,2025-26,27,Pervis Estupiñán,Milan,cognome/token,349599
2423,2025-26,26,Christian Pulisic,Milan,cognome/token,315779
2606,2025-26,39,Luka Modrić,Milan,cognome/token,27992
4892,2025-26,26,Alexis Saelemaekers,Milan,cognome/token,381950
7203,2025-26,23,Ardon Jashari,Milan,cognome/token,608172
7008,2025-26,24,Santiago Gimenez,Milan,cognome/token,552955
7262,2025-26,18,Cheveyo Balentien,Milan,cognome/token,1032683
2815,2025-26,35,Pietro Terracciano,Milan,cognome/token,96254
2379,2025-26,30,Adrien Rabiot,Milan,cognome/token,182913
4728,2025-26,27,Christopher Nkunku,Milan,cognome/token,344381
7211,2025-26,20,Zachary Athekame,Milan,cognome/token,990637
6496,2025-26,19,Davide Bartesaghi,Milan,cognome/token,887638
4510,2025-26,26,Rafael Leão,Milan,cognome/token,357164
2678,2025-26,32,Niclas Füllkrug,Milan,cognome/token,75489
7271,2025-26,19,David Odogu,Milan,cognome/token,897423
6531,2025-26,20,,Milan,iniziale,
4199,2025-26,22,,Milan,iniziale,
4686,2025-26,26,Youssouf Fofana,Milan,iniziale,569598
4856,2025-26,26,,Milan,iniziale,
5453,2025-26,23,Samuele Ricci,Milan,iniziale,467992
5739,2025-26,23,Koni De Winter,Milan,iniziale,490384
256,2025-26,34,Juan Jesus,Napoli,cognome/token,121985
7162,2025-26,21,Giovane,Napoli,cognome/token,1005165
572,2025-26,28,Alex Meret,Napoli,cognome/token,240414
1852,2025-26,32,Leonardo Spinazzola,Napoli,cognome/token,118689
4409,2025-26,31,Amir Rrahmani,Napoli,cognome/token,257732
5840,2025-26,27,Mathías Olivera,Napoli,cognome/token,376514
536,2025-26,31,Matteo Politano,Napoli,cognome/token,165895
4287,2025-26,30,Stanislav Lobotka,Napoli,cognome/token,192735
4777,2025-26,28,Scott McTominay,Napoli,cognome/token,315969
5131,2025-26,24,Billy Gilmour,Napoli,cognome/token,423744
6831,2025-26,28,David Neres,Napoli,cognome/token,469822
7223,2025-26,22,Antonio Vergara,Napoli,cognome/token,703245
2724,2025-26,26,Alessandro Buongiorno,Napoli,cognome/token,386446
7264,2025-26,21,Giuseppe Ambrosino,Napoli,cognome/token,707295
6202,2025-26,26,Sam Beukema,Napoli,cognome/token,433984
4479,2025-26,25,Eljif Elmas,Napoli,cognome/token,400489
5427,2025-26,24,Miguel Gutiérrez,Napoli,cognome/token,525299
5481,2025-26,30,Pasquale Mazzocchi,Napoli,cognome/token,250153
2531,2025-26,32,Romelu Lukaku,Napoli,cognome/token,96341
2845,2025-26,29,Nikita Contini,Napoli,cognome/token,250683
2816,2025-26,28,,Napoli,iniziale,
2517,2025-26,21,,Napoli,iniziale,
4220,2025-26,18,,Napoli,iniziale,
6215,2025-26,24,,Napoli,iniziale,
7120,2025-26,21,,Napoli,iniziale,
2170,2025-26,23,,Napoli,iniziale,
6052,2025-26,22,,Napoli,iniziale,
6809,2025-26,26,,Napoli,iniziale,
7351,2025-26,22,,Napoli,iniziale,
4423,2025-26,31,Hernani,Parma,cognome/token,181768
6641,2025-26,22,Zion Suzuki,Parma,cognome/token,432298
5307,2025-26,26,Lautaro Valenti,Parma,cognome/token,625202
5862,2025-26,26,Emanuele Valeri,Parma,cognome/token,445126
6663,2025-26,21,Alessandro Circati,Parma,cognome/token,867137
6664,2025-26,25,Enrico Delprato,Parma,cognome/token,392956
6666,2025-26,24,Adrián Bernabé,Parma,cognome/token,466802
5471,2025-26,35,Milan Djuric,Parma,cognome/token,67556
6207,2025-26,26,Pontus Almqvist,Parma,cognome/token,300532
5290,2025-26,29,Nahuel Estévez,Parma,cognome/token,552472
6218,2025-26,22,Gaetano Oristanio,Parma,cognome/token,613393
2155,2025-26,27,Patrick Cutrone,Parma,cognome/token,265078
7202,2025-26,23,Abdoulaye Ndiaye,Parma,cognome/token,673514
7255,2025-26,18,Sascha Britschgi,Parma,cognome/token,932187
7235,2025-26,22,Mariano Troilo,Parma,cognome/token,1159864
6662,2025-26,24,Edoardo Corvi,Parma,cognome/token,528181
6984,2025-26,22,Jacob Ondrejka,Parma,cognome/token,663237
5338,2025-26,22,Filippo Rinaldi,Parma,cognome/token,604207
7342,2025-26,24,Nesta Elphege,Parma,cognome/token,862606
4486,2025-26,28,Gabriel Strefezza,Parma,cognome/token,457673
7381,2025-26,19,Daniel Mikolajewski,Parma,cognome/token,991459
7397,2025-26,19,Alessandro Cardinali,Parma,cognome/token,976446
6965,2025-26,23,,Parma,iniziale,
6898,2025-26,18,,Parma,iniziale,
7138,2025-26,21,,Parma,iniziale,
7209,2025-26,22,,Parma,iniziale,
6667,2025-26,25,,Parma,iniziale,
7023,2025-26,20,,Parma,iniziale,
7216,2025-26,18,,Parma,iniziale,
7276,2025-26,22,,Parma,iniziale,
4349,2025-26,22,,Parma,iniziale,
6149,2025-26,24,,Parma,iniziale,
7254,2025-26,19,Lorran,Pisa,cognome/token,1009030
2271,2025-26,37,Nícolas,Pisa,cognome/token,99523
2861,2025-26,27,Adrian Semper,Pisa,cognome/token,317057
697,2025-26,37,Juan Cuadrado,Pisa,cognome/token,91970
2745,2025-26,29,Arturo Calabresi,Pisa,cognome/token,240897
7139,2025-26,24,Simone Canestrelli,Pisa,cognome/token,358003
7143,2025-26,21,Samuele Angori,Pisa,cognome/token,705063
6593,2025-26,20,Ebenezer Akinsanmiro,Pisa,cognome/token,969192
5336,2025-26,28,M'Bala Nzola,Pisa,cognome/token,354814
5455,2025-26,32,Stefano Moreo,Pisa,cognome/token,279823
6836,2025-26,21,Henrik Meister,Pisa,cognome/token,914934
2334,2025-26,27,Mehdi Léris,Pisa,cognome/token,348601
5561,2025-26,26,Calvin Stengs,Pisa,cognome/token,409344
6444,2025-26,22,Giovanni Bonfanti,Pisa,cognome/token,663900
7150,2025-26,19,İsak Vural,Pisa,cognome/token,989621
388,2025-26,39,Raúl Albiol,Pisa,cognome/token,15452
574,2025-26,29,Simone Scuffet,Pisa,cognome/token,238993
7325,2025-26,20,Rosen Bozhinov,Pisa,cognome/token,877124
7316,2025-26,22,Rafiu Durosinmi,Pisa,cognome/token,935760
7344,2025-26,25,Filip Stojilkovic,Pisa,cognome/token,464195
7395,2025-26,17,Brando Bettazzi,Pisa,cognome/token,1191068
2273,2025-26,20,,Pisa,iniziale,
7196,2025-26,17,,Pisa,iniziale,
5318,2025-26,21,,Pisa,iniziale,
5784,2025-26,21,,Pisa,iniziale,
7145,2025-26,17,,Pisa,iniziale,
7146,2025-26,24,,Pisa,iniziale,
7149,2025-26,26,Marius Marin,Pisa,iniziale,379163
6411,2025-26,28,,Pisa,iniziale,
7147,2025-26,23,,Pisa,iniziale,
7171,2025-26,18,,Pisa,iniziale,
7140,2025-26,20,Francesco Coppola,Pisa,iniziale,925838
7142,2025-26,23,,Pisa,iniziale,
7331,2025-26,17,,Pisa,iniziale,
6112,2025-26,21,Samuel Iling-Junior,Pisa,iniziale,581672
4772,2025-26,28,Angeliño,Roma,cognome/token,277179
7181,2025-26,21,Wesley,Roma,cognome/token,964580
5841,2025-26,25,Mile Svilar,Roma,cognome/token,338670
2296,2025-26,29,Gianluca Mancini,Roma,cognome/token,256448
4807,2025-26,30,Mario Hermoso,Roma,cognome/token,281769
6986,2025-26,22,Devyne Rensch,Roma,cognome/token,557407
779,2025-26,30,Bryan Cristante,Roma,cognome/token,199248
309,2025-26,31,Paulo Dybala,Roma,cognome/token,206050
5734,2025-26,22,Matías Soulé,Roma,cognome/token,668951
6675,2025-26,28,Artem Dovbyk,Roma,cognome/token,343537
4657,2025-26,28,Zeki Çelik,Roma,cognome/token,251075
5823,2025-26,22,Tommaso Baldanzi,Roma,cognome/token,641537
6190,2025-26,20,Niccolò Pisilli,Roma,cognome/token,813137
5168,2025-26,29,Konstantinos Tsimikas,Roma,cognome/token,338070
7260,2025-26,20,Jan Ziolkowski,Roma,cognome/token,1046867
2670,2025-26,27,Leon Bailey,Roma,cognome/token,387626
7311,2025-26,19,Alessandro Romano,Roma,cognome/token,911224
6981,2025-26,18,Robinio Vaz,Roma,cognome/token,1131161
6980,2025-26,19,Lorenzo Venturino,Roma,cognome/token,1061820
6575,2025-26,23,Bryan Zaragoza,Roma,cognome/token,713644
4317,2025-26,27,,Roma,iniziale,
795,2025-26,18,,Roma,iniziale,
5589,2025-26,22,,Roma,iniziale,
6271,2025-26,19,,Roma,iniziale,
6365,2025-26,17,,Roma,iniziale,
530,2025-26,18,,Roma,iniziale,
6631,2025-26,26,,Roma,iniziale,
7277,2025-26,16,Antonio Arena,Roma,iniziale,1251220
7353,2025-26,21,Pedro Felipe,Sassuolo,cognome/token,1082581
4867,2025-26,23,Stefano Turati,Sassuolo,cognome/token,543666
2279,2025-26,28,Filippo Romagna,Sassuolo,cognome/token,256678
5851,2025-26,23,Josh Doig,Sassuolo,cognome/token,567129
6985,2025-26,27,Fali Candé,Sassuolo,cognome/token,520530
7155,2025-26,22,Tarik Muharemović,Sassuolo,cognome/token,679423
6219,2025-26,26,Daniel Boloca,Sassuolo,cognome/token,441515
6246,2025-26,20,Luca Lipani,Sassuolo,cognome/token,724106
6815,2025-26,23,Alieu Fadera,Sassuolo,cognome/token,749552
531,2025-26,31,Domenico Berardi,Sassuolo,cognome/token,177843
2038,2025-26,26,Andrea Pinamonti,Sassuolo,cognome/token,315865
6060,2025-26,26,Armand Laurienté,Sassuolo,cognome/token,579930
6672,2025-26,25,Jay Idzes,Sassuolo,cognome/token,546926
2528,2025-26,37,Nemanja Matić,Sassuolo,cognome/token,74683
5610,2025-26,22,Aster Vranckx,Sassuolo,cognome/token,503881
5735,2025-26,21,Cristian Volpato,Sassuolo,cognome/token,746891
7157,2025-26,24,Edoardo Iannoni,Sassuolo,cognome/token,700053
5844,2025-26,26,Kristian Thorstvedt,Sassuolo,cognome/token,564785
6439,2025-26,27,Walid Cheddira,Sassuolo,cognome/token,521407
5336,2025-26,28,M'Bala Nzola,Sassuolo,cognome/token,354814
7036,2025-26,17,Darryl Bakola,Sassuolo,cognome/token,1170286
7393,2025-26,18,Christian Frangella,Sassuolo,cognome/token,1057574
6018,2025-26,22,Gioele Zacchi,Sassuolo,cognome/token,659648
4374,2025-26,26,,Sassuolo,iniziale,
4930,2025-26,24,,Sassuolo,iniziale,
6717,2025-26,18,,Sassuolo,iniziale,
1842,2025-26,19,,Sassuolo,iniziale,
7158,2025-26,25,,Sassuolo,iniziale,
4236,2025-26,21,,Sassuolo,iniziale,
6665,2025-26,26,Woyo Coulibaly,Sassuolo,iniziale,592975
7154,2025-26,23,,Sassuolo,iniziale,
7159,2025-26,25,,Sassuolo,iniziale,
6550,2025-26,29,Ulisses Garcia,Sassuolo,iniziale,192616
7396,2025-26,26,,Sassuolo,iniziale,
7179,2025-26,25,Franco Israel,Torino,cognome/token,492319
49,2025-26,31,Adam Masina,Torino,cognome/token,286949
252,2025-26,32,Cristiano Biraghi,Torino,cognome/token,124555
4385,2025-26,29,Valentino Lazaro,Torino,cognome/token,186368
6426,2025-26,25,Marcus Pedersen,Torino,cognome/token,583404
6642,2025-26,26,Saúl Coco,Torino,cognome/token,588426
4890,2025-26,31,Adrien Tamèze,Torino,cognome/token,157507
5687,2025-26,27,Nikola Vlašić,Torino,cognome/token,293200
5888,2025-26,22,Cesare Casadei,Torino,cognome/token,622380
6005,2025-26,21,Emirhan İlkhan,Torino,cognome/token,743091
6170,2025-26,21,Gvidas Gineitis,Torino,cognome/token,798929
6145,2025-26,25,Cyril Ngonge,Torino,cognome/token,358032
7183,2025-26,25,Zakaria Aboukhlal,Torino,cognome/token,393238
4665,2025-26,31,Guillermo Maripán,Torino,cognome/token,249730
5007,2025-26,24,Ivan Ilić,Torino,cognome/token,470794
5719,2025-26,23,Kristjan Asllani,Torino,cognome/token,543771
5010,2025-26,28,Ardian Ismajli,Torino,cognome/token,435228
5156,2025-26,24,Niels Nkounkou,Torino,cognome/token,591193
6827,2025-26,20,Alieu Njie,Torino,cognome/token,934527
5320,2025-26,32,Alberto Paleari,Torino,cognome/token,163048
7329,2025-26,21,Rafa Obrador,Torino,cognome/token,646747
6809,2025-26,21,Luca Marianucci,Torino,cognome/token,814446
6424,2025-26,21,Matteo Prati,Torino,cognome/token,876298
5994,2025-26,26,Enzo Ebosse,Torino,cognome/token,342877
6889,2025-26,21,,Torino,iniziale,
2061,2025-26,20,,Torino,iniziale,
6646,2025-26,18,,Torino,iniziale,
608,2025-26,23,,Torino,iniziale,
6826,2025-26,30,,Torino,iniziale,
7349,2025-26,25,,Torino,iniziale,
6842,2025-26,23,Răzvan Sava,Udinese,cognome/token,568617
5820,2025-26,22,Nicolò Bertola,Udinese,cognome/token,632831
6047,2025-26,30,Kingsley Ehizibue,Udinese,cognome/token,272812
6211,2025-26,25,Jordan Zemura,Udinese,cognome/token,633530
6956,2025-26,25,Oumar Solet,Udinese,cognome/token,463665
6212,2025-26,26,Oier Zarraga,Udinese,cognome/token,524010
6680,2025-26,30,Jesper Karlström,Udinese,cognome/token,222855
6908,2025-26,22,Arthur Atta,Udinese,cognome/token,855308
7198,2025-26,27,Jakub Piotrowski,Udinese,cognome/token,377243
6684,2025-26,25,Jurgen Ekkelenkamp,Udinese,cognome/token,361068
7249,2025-26,29,Adam Buksa,Udinese,cognome/token,267160
4263,2025-26,34,Christian Kabasele,Udinese,cognome/token,81512
6462,2025-26,25,Maduka Okoye,Udinese,cognome/token,340353
543,2025-26,39,Daniele Padelli,Udinese,cognome/token,27807
7312,2025-26,19,Juan Arizala,Udinese,cognome/token,1118347
7356,2025-26,18,Branimir Mlacic,Udinese,cognome/token,1300966
5555,2025-26,17,,Udinese,iniziale,
6485,2025-26,23,Thomas Kristensen,Udinese,iniziale,698259
5850,2025-26,21,,Udinese,iniziale,
5637,2025-26,24,,Udinese,iniziale,
6653,2025-26,27,,Udinese,iniziale,
7161,2025-26,25,,Udinese,iniziale,
6537,2025-26,18,,Udinese,iniziale,
6900,2025-26,26,,Udinese,iniziale,
2766,2025-26,18,,Udinese,iniziale,
5527,2025-26,20,,Udinese,iniziale,
7208,2025-26,18,Lennon Miller,Udinese,iniziale,924857
6925,2025-26,17,,Udinese,iniziale,
7392,2025-26,16,Abdoulaye Camara,Udinese,iniziale,1210116
6894,2025-26,28,Unai Núñez,Verona,cognome/token,338285
7162,2025-26,21,Giovane,Verona,cognome/token,1005165
7309,2025-26,21,Isaac,Verona,cognome/token,1083069
4957,2025-26,29,Lorenzo Montipò,Verona,cognome/token,241923
5532,2025-26,25,Domagoj Bradarić,Verona,cognome/token,357796
5994,2025-26,26,Enzo Ebosse,Verona,cognome/token,342877
6639,2025-26,27,Martin Frese,Verona,cognome/token,488785
6992,2025-26,22,Daniel Oyegoke,Verona,cognome/token,586984
7018,2025-26,26,Victor Nelsson,Verona,cognome/token,422951
7220,2025-26,23,Rafik Belghali,Verona,cognome/token,864306
7222,2025-26,19,Fallou Cham,Verona,cognome/token,1315458
5540,2025-26,25,Cheikh Niasse,Verona,cognome/token,644032
5688,2025-26,27,Abdou Harroui,Verona,cognome/token,416386
6458,2025-26,28,Suat Serdar,Verona,cognome/token,261905
7028,2025-26,26,Antoine Bernede,Verona,cognome/token,395512
6630,2025-26,25,Daniel Mosquera,Verona,cognome/token,651569
801,2025-26,31,Roberto Gagliardini,Verona,cognome/token,197471
7177,2025-26,21,Yellu Santiago,Verona,cognome/token,941869
6997,2025-26,20,Junior Ajayi,Verona,cognome/token,1111820
7011,2025-26,19,Tobias Slotsager,Verona,cognome/token,851385
511,2025-26,30,Simone Perilli,Verona,cognome/token,240675
2006,2025-26,27,Pol Lirola,Verona,cognome/token,298975
5850,2025-26,27,Sandi Lovrić,Verona,cognome/token,268429
7352,2025-26,24,Andrias Edmundsson,Verona,cognome/token,495839
7347,2025-26,22,Kieron Bowie,Verona,cognome/token,647280
6486,2025-26,23,Tomas Suslov,Verona,cognome/token,540333
6159,2025-26,19,,Verona,iniziale,
7253,2025-26,23,Armel Bella-Kotchap,Verona,iniziale,467563
7010,2025-26,29,Moatasem Al-Musrati,Verona,iniziale,377641
5286,2025-26,21,,Verona,iniziale,
6552,2025-26,27,,Verona,iniziale,
2117,2025-26,18,,Verona,iniziale,
6957,2025-26,24,Nicolás Valentini,Verona,iniziale,860992
7368,2025-26,24,,Verona,iniziale,
