stagione,teamId,providerId,shortName,officialName,acronymName,stat__AllenatoreDiffidato,stat__AllenatoreSqualificato,stat__AssistVincenti,stat__AvgNSprint,stat__CrossSbagliati,stat__GoalFattiNeiPrimi15Min1Tempo,stat__GoalFattiNeiPrimi15Min2Tempo,stat__GoalFattiNeiSec15Min1Tempo,stat__GoalFattiNeiSec15Min2Tempo,stat__GoalFattiNeiTerzi15Min1Tempo,stat__GoalFattiNeiTerzi15Min2Tempo,stat__GoalSubitiNeiPrimi15Min1Tempo,stat__GoalSubitiNeiPrimi15Min2Tempo,stat__GoalSubitiNeiSec15Min1Tempo,stat__GoalSubitiNeiSec15Min2Tempo,stat__GoalSubitiNeiTerzi15Min1Tempo,stat__GoalSubitiNeiTerzi15Min2Tempo,stat__KmFatti,stat__MEDIAAMMONIZ,stat__MEDIAESPLUSI,stat__MEDIATIRI,stat__MEDIFALLSUBI,stat__MEDIGOALFATT,stat__MEDIPALLPERS,stat__MEDIPALLRECU,stat__MediaDoppieAmmonizioni,stat__MediaKmFatti,stat__PALLEPERSE,stat__POSCLS,stat__PaliSubiti,stat__ParateDecisive,stat__PuntiCls,stat__TIRIFUORI,stat__TiriResp,stat__TotaleAttacchi,stat__XGEfficiency,stat__Xg,stat__accurate-forward-pass,stat__accurate-long-balls,stat__accurate-pass,stat__accurate-pass-percentage,stat__accurate-shooting-percentage,stat__aerial-duels-won-perc,stat__assists,stat__average-distance-covered-high-intensity-running,stat__average-distance-covered-jogging,stat__average-distance-covered-low-intensity-running,stat__average-distance-covered-sprinting,stat__average-distance-covered-walking,stat__average-possession,stat__average-possession-time,stat__avg-distance-covered,stat__away-draws,stat__away-goals-conceded,stat__away-goals-scored,stat__away-losses,stat__away-wins,stat__chances-created,stat__corner-taken,stat__corners,stat__cross-attempts,stat__crosses-complete-percentage,stat__defender-goals,stat__duels-won-perc,stat__forward-goals,stat__fouls-committed,stat__fouls-suffered,stat__games-played,stat__goalkeeper-saves,stat__goals,stat__goals-against,stat__goals-free-kick,stat__headed-goals,stat__home-draws,stat__home-goals-conceded,stat__home-goals-scored,stat__home-losses,stat__home-wins,stat__interception,stat__long-ball-percentage,stat__long-pass-attempts,stat__long-passes-successful,stat__medium-passes-successful,stat__midfielder-goals,stat__on-target-scoring-attempts,stat__passes-accuracy,stat__penalty-conceded,stat__penalty-kick-goals,stat__penalty-kick-percentage,stat__penalty-kick-taken,stat__red-cards,stat__short-pass-attempts,stat__shots-faced,stat__shotsOnGoalPerc,stat__tackle,stat__tackle-percentage,stat__tackles-won-perc,stat__total-attacking-assist,stat__total-distance-covered,stat__total-distance-covered-high-intensity-running,stat__total-distance-covered-jogging,stat__total-distance-covered-low-intensity-running,stat__total-distance-covered-sprinting,stat__total-distance-covered-walking,stat__total-draws,stat__total-losses,stat__total-offside,stat__total-pass,stat__total-points,stat__total-saves,stat__total-scoring-attempts,stat__total-sub-goals,stat__total-successful-final-third-pass,stat__total-tackles,stat__total-wins,stat__yellow-cards,stat__yellow-red-cards,stat__Aerial Duels,stat__Aerial Duels lost,stat__Aerial Duels won,stat__Attempts from Set Pieces,stat__Away Goals,stat__Blocked Shots,stat__Blocks,stat__Catches,stat__Clean Sheets,stat__Clearances Off the Line,stat__Corners Taken (incl short corners),stat__Corners Won,stat__Crossing Accuracy,stat__Drops,stat__Duels,stat__Duels lost,stat__Duels won,stat__Foul Attempted Tackle,stat__Foul Won Penalty,stat__GK Successful Distribution,stat__GK Unsuccessful Distribution,stat__Games Played,stat__Goal Assists,stat__Goal Conversion,stat__Goal Kicks,stat__Goals,stat__Goals Conceded,stat__Goals Conceded Inside Box,stat__Goals Conceded Outside Box,stat__Goals from Inside Box,stat__Goals from Outside Box,stat__Ground Duels,stat__Ground Duels lost,stat__Ground Duels won,stat__Handballs conceded,stat__Headed Goals,stat__Hit Woodwork,stat__Home Goals,stat__Index,stat__Interceptions,stat__Key Passes (Attempt Assists),stat__Last Player Tackle,stat__Left Foot Goals,stat__Offsides,stat__Open Play Passes,stat__Other Goals,stat__Overruns,stat__Own Goals Accrued,stat__Own Goals Conceded,stat__Passing % Opp Half,stat__Passing Accuracy,stat__Penalties Conceded,stat__Penalties Off Target,stat__Penalties Saved,stat__Penalties Taken,stat__Penalty Goals,stat__Penalty Goals Conceded,stat__Points Dropped from Winning Positions,stat__Points Gained from Losing Positions,stat__Possession Percentage,stat__PutThrough/Blocked Distribution,stat__PutThrough/Blocked Distribution Won,stat__Recoveries,stat__Red Card - 2nd Yellow,stat__Right Foot Goals,stat__Set Pieces Goals,stat__Shooting Accuracy,stat__Shots Off Target (inc woodwork),stat__Shots On Conceded Inside Box,stat__Shots On Conceded Outside Box,stat__Shots On Target ( inc goals ),stat__Straight Red Cards,stat__Successful Corners into Box,stat__Successful Crosses & Corners,stat__Successful Crosses open play,stat__Successful Dribbles,stat__Successful Launches,stat__Successful Lay-offs,stat__Successful Long Passes,stat__Successful Open Play Passes,stat__Successful Passes Opposition Half,stat__Successful Passes Own Half,stat__Successful Short Passes,stat__Tackle Success,stat__Tackles Lost,stat__Tackles Won,stat__Throw Ins to Opposition Player,stat__Throw Ins to Own Player,stat__Times Tackled,stat__Total Clearances,stat__Total Fouls Conceded,stat__Total Fouls Won,stat__Total Losses Of Possession,stat__Total Passes,stat__Total Red Cards,stat__Total Shots,stat__Total Shots Conceded,stat__Total Successful Passes ( Excl Crosses & Corners ) ,stat__Total Unsuccessful Passes ( Excl Crosses & Corners ),stat__Unsuccessful Corners into Box,stat__Unsuccessful Crosses & Corners,stat__Unsuccessful Crosses open play,stat__Unsuccessful Dribbles,stat__Unsuccessful Launches,stat__Unsuccessful Long Passes,stat__Unsuccessful Passes Opposition Half,stat__Unsuccessful Passes Own Half,stat__Unsuccessful Short Passes,stat__Unsuccessful lay-offs,stat__Yellow Cards,stat__Clean sheets,stat__Set Piece Goals,stat__Total Successful Passes ( Excl Crosses & Corners ),stat__Total Tackles,stat__accurateBackwardPass,stat__accurateBoxEntryPass,stat__accurateBoxEntryPassPerc,stat__accurateCornerCross,stat__accurateCornerCrossPerc,stat__accurateCrossAvg,stat__accurateCrossConceded,stat__accurateCutBackPass,stat__accurateDefHalfBackwardPass,stat__accurateDefHalfForwardPass,stat__accurateDefHalfHorizPass,stat__accurateEarlyCross,stat__accurateEarlyCrossFromLeft,stat__accurateEarlyCrossFromLeftPerc,stat__accurateEarlyCrossFromRight,stat__accurateEarlyCrossFromRightPerc,stat__accurateEarlyCrossPerc,stat__accurateForwardPassPerc,stat__accurateFreeKickCross,stat__accurateFreeKickCrossPerc,stat__accurateHorizPass,stat__accurateLateCross,stat__accurateLateCrossFromLeft,stat__accurateLateCrossFromLeftPerc,stat__accurateLateCrossFromRight,stat__accurateLateCrossFromRightPerc,stat__accurateLateCrossPerc,stat__accurateOffHalfBackwardPass,stat__accurateOffHalfForwardPass,stat__accurateOffHalfHorizPass,stat__accurateOffHalfPassPerc,stat__accurateOffThirdBackwardPass,stat__accurateOffThirdForwardPass,stat__accurateOffThirdHorizPass,stat__accurateOffThirdPassPerc,stat__accurateOpenPlayCrossConceded,stat__accurateOpenPlayCrossFromLeft,stat__accurateOpenPlayCrossFromLeftPerc,stat__accurateOpenPlayCrossFromRight,stat__accurateOpenPlayCrossFromRightPerc,stat__accurateOpenPlayCrossPerc,stat__accuratePassAvg,stat__accurateSetPieceCross,stat__accurateSetPieceCrossPerc,stat__accurateSwitchPass,stat__accurateThroughPass,stat__accurateThroughPassConceded,stat__backwardPass,stat__bigChance,stat__bigChanceConvert,stat__bigChanceConvertPerc,stat__bigChanceSquander,stat__chanceCreated,stat__consecutiveGoals,stat__consecutiveWins,stat__cornerCross,stat__cornerGoal,stat__cornerGoalConceded,stat__cornerKickAvg,stat__cornerKickConceded,stat__cornerKickCrossConceded,stat__cornerKickPassConceded,stat__cornerPass,stat__cornerShots,stat__cornerShotsConceded,stat__cutBackPass,stat__defHalfAerialDuels,stat__defHalfAerialDuelsLost,stat__defHalfAerialDuelsWon,stat__defHalfAerialDuelsWonPerc,stat__defHalfBackwardPass,stat__defHalfBallActions,stat__defHalfBallPossessionPerc,stat__defHalfBallsPlayed,stat__defHalfBallsPlayedConceded,stat__defHalfDuels,stat__defHalfDuelsLost,stat__defHalfDuelsWon,stat__defHalfForwardPass,stat__defHalfGroundDuels,stat__defHalfGroundDuelsLost,stat__defHalfGroundDuelsWon,stat__defHalfGroundDuelsWonPerc,stat__defHalfHorizPass,stat__defHalfPass,stat__defHalfPassConceded,stat__defHalfTotalDuelsWonPerc,stat__defRecovery,stat__defTurnover,stat__earlyCross,stat__earlyCrossConceded,stat__earlyCrossFromLeft,stat__earlyCrossFromRight,stat__effectiveTime,stat__expectedGoalAgainst,stat__expectedGoals,stat__failTackle,stat__failThrowIn,stat__fieldTilt,stat__footClearance,stat__forwardPass,stat__foulCommitedAvg,stat__foulHolding,stat__foulOffsideAvg,stat__foulPushing,stat__foulSufferedAvg,stat__freeKick,stat__freeKickConceded,stat__freeKickCrossConceded,stat__freeKickDanger,stat__freeKickGoalConceded,stat__freeKickPass,stat__freeKickShotConceded,stat__freeKickShots,stat__freeKickShotsConceded,stat__freekickCross,stat__goalFromOpenPlayCross,stat__goalHeadConceded,stat__goalLeftConceded,stat__goalRightConceded,stat__goalsFromOpenPlayCrossConceded,stat__goalsPerc,stat__groundDuelsWonPerc,stat__headClearance,stat__highClaim,stat__horizPass,stat__initLosingPos,stat__initWinningPos,stat__keyPassAvg,stat__lateCross,stat__lateCrossConceded,stat__lateCrossFromLeft,stat__lateCrossFromRight,stat__lowClaim,stat__minutes,stat__offHalfAerialDuels,stat__offHalfAerialDuelsLost,stat__offHalfAerialDuelsWon,stat__offHalfAerialDuelsWonPerc,stat__offHalfBackwardPass,stat__offHalfBallActions,stat__offHalfBallPossessionPerc,stat__offHalfBallsPlayed,stat__offHalfBallsPlayedConceded,stat__offHalfCenterBallsPlayed,stat__offHalfCenterBallsPlayedPerc,stat__offHalfDuels,stat__offHalfDuelsLost,stat__offHalfDuelsWon,stat__offHalfDuelsWonPerc,stat__offHalfForwardPass,stat__offHalfGroundDuels,stat__offHalfGroundDuelsLost,stat__offHalfGroundDuelsWon,stat__offHalfGroundDuelsWonPerc,stat__offHalfHorizPass,stat__offHalfLeftBallsPlayed,stat__offHalfLeftBallsPlayedPerc,stat__offHalfPass,stat__offHalfPassConceded,stat__offHalfRightBallsPlayed,stat__offHalfRightBallsPlayedPerc,stat__offRecovery,stat__offThirdBackwardPass,stat__offThirdBallActions,stat__offThirdBallsPlayed,stat__offThirdBallsPlayedConceded,stat__offThirdForwardPass,stat__offThirdHorizPass,stat__offThirdPass,stat__offThirdPassConceded,stat__offTurnover,stat__openPlayCross,stat__openPlayCrossConceded,stat__openPlayCrossFromLeft,stat__openPlayCrossFromRight,stat__openPlayGoal,stat__openPlayGoalConceded,stat__openPlayShots,stat__openPlayShotsConceded,stat__oppBoxBallsPlayed,stat__oppBoxBallsPlayedConceded,stat__oppBoxBallsPlayedConcededPerc,stat__oppBoxBallsPlayedPerc,stat__penaltyFoul,stat__penaltyMissed,stat__recoveryPerc,stat__saveFromInsideBox,stat__saveFromOutsideBox,stat__setPieceCross,stat__setPieceGoal,stat__setPieceGoalConceded,stat__setPiecePass,stat__setPieceShots,stat__setPieceShotsConceded,stat__shortPass,stat__shotsBlockedAvg,stat__shotsCrossbar,stat__shotsCrossbarConceded,stat__shotsFailed,stat__shotsInsideBox,stat__shotsInsideBoxConceded,stat__shotsOffGoalAvg,stat__shotsOffGoalConceded,stat__shotsOnFrameConceded,stat__shotsOnGoalAvg,stat__shotsOnGoalConceded,stat__shotsOutsideBox,stat__shotsOutsideBoxConceded,stat__shotsPostConceded,stat__shotsPosts,stat__shotsSaved,stat__smartPass,stat__subsInTotalGoal,stat__succDribblingPerc,stat__succThrowIn,stat__throughPass,stat__throwIn,stat__throwInCross,stat__timeAhead,stat__timeAheadPerc,stat__timeBehind,stat__timeBehindPerc,stat__timeLeveled,stat__timeLeveledPerc,stat__totalAssistAvg,stat__totalBallActions,stat__totalBallsPlayed,stat__totalBallsPlayedConceded,stat__totalBoxEntryPass,stat__totalCrossAvg,stat__totalCrossConceded,stat__totalCrossbar,stat__totalCrossbarConceded,stat__totalDribblingAvg,stat__totalGoalAvg,stat__totalGoalConcededAvg,stat__totalOnFrameAvg,stat__totalOnFrameConceded,stat__totalPassAvg,stat__totalPassConceded,stat__totalPost,stat__totalPostConceded,stat__totalRecoveryAvg,stat__totalSetPiece,stat__totalShotsAvg,stat__totalShotsHead,stat__totalShotsLeft,stat__totalShotsMissed,stat__totalShotsRight,stat__totalSwitchPass,stat__turnoverPass,stat__turnoverPerc,stat__unbeatenStreak,stat__unbeatenStreakAway,stat__unbeatenStreakHome
2015-16,serie-a::Football_Team::b5846a2413804c2e8cab8b773b18370a,opta:Team:e75syeuawg3ql8nwpi3vr2btz,Atalanta,Atalanta,ATA,0,0,17,204.605,253,4,6,7,5,9,10,5,7,9,4,5,17,3914.32,2.53,0.16,8.68,14.92,1.08,26.34,22.53,0.21,103.008,1001,13,7,23,45,176,0,736,0,0,0,0,0,0,47,0,72,0,0,0,0,0,0,0,0,6,26,14,10,3,204,190,190,54,0,0,0,0,611,567,38,122,41,47,0,41,6,21,27,5,8,856,0,0,0,0,0,154,0,9,4,50,8,6,0,0,0,0,0,0,72,0,0,0,0,0,0,12,15,70,553,45,0,330,0,0,0,11,96,8,,,,,,,,,,,,,,,,,,,,,,,,,,,,,,,,,,,,,,,,,,,,,,,,,,,,,,,,,,,,,,,,,,,,,,,,,,,,,,,,,,,,,,,,,,,,,,,,,,,,,,,,,,,,,,,,,,,,,,,,,,,,,,,,,,,,,,,,,,,,,,,,,,,,,,,,,,,,,,,,,,,,,,,,,,,,,,,,,,,,,,,,,,,,,,,,,,,,,,,,,,,,,,,,,,,,,,,,,,,,,,,,,,,,,,,,,,,,,,,,,,,,,,,,,,,,,,,,,,,,,,,,,,,,,,,,,,,,,,,,,,,,,,,,,,,,,,,,,,,,,,,,,,,,,,,,,,,,,,,,,,,,,,,,,,,,,,,,,,,,,,,,,,,,,,,,,,,,,,,,,,,,,,,,,,
2015-16,serie-a::Football_Team::4af71b35aab34ad5a7d06148abe66ad6,opta:Team:ej5er0oyngdw138yuumwqbyqt,Bologna,Bologna,BOL,0,0,13,210.026,159,8,4,5,3,4,9,1,7,6,9,6,16,4142.77,2.34,0.08,7.08,12.63,0.87,29.05,20.39,0.11,109.02,1104,14,11,35,42,136,0,734,0,0,0,0,0,0,49,0,63,0,0,0,0,0,0,0,0,4,24,13,9,6,196,181,181,52,0,0,0,0,498,480,38,127,33,45,0,33,5,21,20,9,5,775,0,0,0,0,0,133,0,9,2,67,3,3,0,0,0,0,0,0,63,0,0,0,0,0,0,9,18,88,333,42,0,269,0,0,0,11,89,4,,,,,,,,,,,,,,,,,,,,,,,,,,,,,,,,,,,,,,,,,,,,,,,,,,,,,,,,,,,,,,,,,,,,,,,,,,,,,,,,,,,,,,,,,,,,,,,,,,,,,,,,,,,,,,,,,,,,,,,,,,,,,,,,,,,,,,,,,,,,,,,,,,,,,,,,,,,,,,,,,,,,,,,,,,,,,,,,,,,,,,,,,,,,,,,,,,,,,,,,,,,,,,,,,,,,,,,,,,,,,,,,,,,,,,,,,,,,,,,,,,,,,,,,,,,,,,,,,,,,,,,,,,,,,,,,,,,,,,,,,,,,,,,,,,,,,,,,,,,,,,,,,,,,,,,,,,,,,,,,,,,,,,,,,,,,,,,,,,,,,,,,,,,,,,,,,,,,,,,,,,,,,,,,,,
2015-16,serie-a::Football_Team::44e4c84069794ed4b6c9b0b26f9fa4b0,emg:Team:CARPI|opta:Team:2ouqtbklqzrnnavsh4sph02f7,Carpi,Carpi,CAR,0,0,15,221.184,187,1,4,6,10,7,9,8,8,7,10,14,10,3887.47,2.76,0.03,8.37,13.76,0.97,27.18,21.5,0.13,102.301,1033,18,11,28,38,166,0,753,0,0,0,0,0,0,48,0,51,0,0,0,0,0,0,0,0,6,31,14,10,3,228,176,176,50,0,0,0,0,602,523,38,119,37,57,0,37,5,26,23,8,6,817,0,0,0,0,0,152,0,7,5,56,9,1,0,0,0,0,0,0,51,0,0,0,0,0,0,11,18,79,371,38,0,318,0,0,0,9,105,5,,,,,,,,,,,,,,,,,,,,,,,,,,,,,,,,,,,,,,,,,,,,,,,,,,,,,,,,,,,,,,,,,,,,,,,,,,,,,,,,,,,,,,,,,,,,,,,,,,,,,,,,,,,,,,,,,,,,,,,,,,,,,,,,,,,,,,,,,,,,,,,,,,,,,,,,,,,,,,,,,,,,,,,,,,,,,,,,,,,,,,,,,,,,,,,,,,,,,,,,,,,,,,,,,,,,,,,,,,,,,,,,,,,,,,,,,,,,,,,,,,,,,,,,,,,,,,,,,,,,,,,,,,,,,,,,,,,,,,,,,,,,,,,,,,,,,,,,,,,,,,,,,,,,,,,,,,,,,,,,,,,,,,,,,,,,,,,,,,,,,,,,,,,,,,,,,,,,,,,,,,,,,,,,,,
2015-16,serie-a::Football_Team::932436fc26554d5b8348826cbefd28ab,emg:Team:CHIEVO|opta:Team:4mxe5plwgr0m363hvpm56wd4c,Chievoverona,Chievoverona,CHI,0,0,19,201.702,170,9,8,5,7,5,9,8,7,7,9,7,7,3950.31,2.71,0.03,8.32,13.61,1.13,25.21,19.47,0.08,106.765,958,9,19,43,50,166,0,661,0,0,0,0,0,0,47,0,66,0,0,0,0,0,0,0,0,3,27,18,10,6,231,155,155,56,0,0,0,0,597,517,38,154,43,45,0,43,8,18,25,4,7,740,0,0,0,0,0,150,0,4,5,62,8,1,0,0,0,0,0,0,66,0,0,0,0,0,0,11,14,117,389,50,0,316,0,0,0,13,103,3,,,,,,,,,,,,,,,,,,,,,,,,,,,,,,,,,,,,,,,,,,,,,,,,,,,,,,,,,,,,,,,,,,,,,,,,,,,,,,,,,,,,,,,,,,,,,,,,,,,,,,,,,,,,,,,,,,,,,,,,,,,,,,,,,,,,,,,,,,,,,,,,,,,,,,,,,,,,,,,,,,,,,,,,,,,,,,,,,,,,,,,,,,,,,,,,,,,,,,,,,,,,,,,,,,,,,,,,,,,,,,,,,,,,,,,,,,,,,,,,,,,,,,,,,,,,,,,,,,,,,,,,,,,,,,,,,,,,,,,,,,,,,,,,,,,,,,,,,,,,,,,,,,,,,,,,,,,,,,,,,,,,,,,,,,,,,,,,,,,,,,,,,,,,,,,,,,,,,,,,,,,,,,,,,,
2015-16,serie-a::Football_Team::4de00d41f5654013b192a9515df5bf39,opta:Team:8le3orkfz6iix3jns6g9ojqjg,Empoli,Empoli,EMP,0,0,21,229.631,140,4,11,8,6,6,5,6,13,5,8,13,4,4003.26,2.42,0.05,9.45,16.84,1.05,32.87,21.16,0.11,105.348,1249,10,14,36,46,194,0,694,0,0,0,0,0,0,46,0,79,0,0,0,0,0,0,0,0,4,29,18,10,5,231,168,168,48,0,0,0,0,473,640,38,127,40,49,0,40,6,20,22,6,7,804,0,0,0,0,0,165,0,2,1,50,2,2,0,0,0,0,0,0,79,0,0,0,0,0,0,10,16,81,271,46,0,359,0,0,0,12,92,4,,,,,,,,,,,,,,,,,,,,,,,,,,,,,,,,,,,,,,,,,,,,,,,,,,,,,,,,,,,,,,,,,,,,,,,,,,,,,,,,,,,,,,,,,,,,,,,,,,,,,,,,,,,,,,,,,,,,,,,,,,,,,,,,,,,,,,,,,,,,,,,,,,,,,,,,,,,,,,,,,,,,,,,,,,,,,,,,,,,,,,,,,,,,,,,,,,,,,,,,,,,,,,,,,,,,,,,,,,,,,,,,,,,,,,,,,,,,,,,,,,,,,,,,,,,,,,,,,,,,,,,,,,,,,,,,,,,,,,,,,,,,,,,,,,,,,,,,,,,,,,,,,,,,,,,,,,,,,,,,,,,,,,,,,,,,,,,,,,,,,,,,,,,,,,,,,,,,,,,,,,,,,,,,,,
2015-16,serie-a::Football_Team::5bce12d5bd864c2297695d970f92576d,opta:Team:4raiad4l2j5lkfaz92pk4osb,Fiorentina,Fiorentina,FIO,0,0,26,194.842,154,10,8,10,6,12,14,6,5,5,6,7,13,4017.47,2.45,0.03,11.37,15,1.58,32.18,17.42,0.05,105.722,1223,5,12,20,64,225,0,871,0,0,0,0,0,0,48,0,65,0,0,0,0,0,0,0,0,5,26,26,7,7,286,208,208,60,0,0,0,0,505,570,38,75,60,42,0,60,5,16,34,3,11,662,0,0,0,0,0,207,0,1,8,89,9,1,0,0,0,0,0,0,65,0,0,0,0,0,0,10,10,68,383,64,0,432,0,0,0,18,93,2,,,,,,,,,,,,,,,,,,,,,,,,,,,,,,,,,,,,,,,,,,,,,,,,,,,,,,,,,,,,,,,,,,,,,,,,,,,,,,,,,,,,,,,,,,,,,,,,,,,,,,,,,,,,,,,,,,,,,,,,,,,,,,,,,,,,,,,,,,,,,,,,,,,,,,,,,,,,,,,,,,,,,,,,,,,,,,,,,,,,,,,,,,,,,,,,,,,,,,,,,,,,,,,,,,,,,,,,,,,,,,,,,,,,,,,,,,,,,,,,,,,,,,,,,,,,,,,,,,,,,,,,,,,,,,,,,,,,,,,,,,,,,,,,,,,,,,,,,,,,,,,,,,,,,,,,,,,,,,,,,,,,,,,,,,,,,,,,,,,,,,,,,,,,,,,,,,,,,,,,,,,,,,,,,,
2015-16,serie-a::Football_Team::b283fcc0aeda401bb081fcd764e290db,opta:Team:5khizzei8z0qbb7exz622wxw3,Frosinone,Frosinone,FRO,0,0,16,187.105,186,5,7,6,4,6,7,3,17,12,16,9,19,3800.65,2.84,0.05,9.18,13.89,0.92,22.89,17.89,0.08,100.017,870,19,18,39,31,193,0,602,0,0,0,0,0,0,45,0,50,0,0,0,0,0,0,0,0,3,50,17,14,2,192,170,170,51,0,0,0,0,593,528,38,160,35,76,0,35,4,26,18,9,6,680,0,0,0,0,0,156,0,9,3,100,3,2,0,0,0,0,0,0,50,0,0,0,0,0,0,7,23,100,379,31,0,349,0,0,0,8,108,3,,,,,,,,,,,,,,,,,,,,,,,,,,,,,,,,,,,,,,,,,,,,,,,,,,,,,,,,,,,,,,,,,,,,,,,,,,,,,,,,,,,,,,,,,,,,,,,,,,,,,,,,,,,,,,,,,,,,,,,,,,,,,,,,,,,,,,,,,,,,,,,,,,,,,,,,,,,,,,,,,,,,,,,,,,,,,,,,,,,,,,,,,,,,,,,,,,,,,,,,,,,,,,,,,,,,,,,,,,,,,,,,,,,,,,,,,,,,,,,,,,,,,,,,,,,,,,,,,,,,,,,,,,,,,,,,,,,,,,,,,,,,,,,,,,,,,,,,,,,,,,,,,,,,,,,,,,,,,,,,,,,,,,,,,,,,,,,,,,,,,,,,,,,,,,,,,,,,,,,,,,,,,,,,,,
2015-16,serie-a::Football_Team::8c7aa94d22f44738951748e2ccdf319a,opta:Team:4kumqzwifv478caxed8zywlh3,Genoa,Genoa,GEN,0,0,21,205.263,194,8,6,5,10,4,12,6,11,3,3,12,13,3913.55,2.13,0.11,9.24,14.13,1.18,30.66,22.34,0.13,102.988,1165,11,13,40,46,181,0,782,0,0,0,0,0,0,48,0,71,0,0,0,0,0,0,0,0,4,29,16,12,3,256,195,195,56,0,0,0,0,616,537,38,139,45,48,0,45,3,19,29,6,10,849,0,0,0,0,0,170,0,2,4,100,4,4,0,0,0,0,0,0,71,0,0,0,0,0,0,7,18,82,438,46,0,351,0,0,0,13,81,5,,,,,,,,,,,,,,,,,,,,,,,,,,,,,,,,,,,,,,,,,,,,,,,,,,,,,,,,,,,,,,,,,,,,,,,,,,,,,,,,,,,,,,,,,,,,,,,,,,,,,,,,,,,,,,,,,,,,,,,,,,,,,,,,,,,,,,,,,,,,,,,,,,,,,,,,,,,,,,,,,,,,,,,,,,,,,,,,,,,,,,,,,,,,,,,,,,,,,,,,,,,,,,,,,,,,,,,,,,,,,,,,,,,,,,,,,,,,,,,,,,,,,,,,,,,,,,,,,,,,,,,,,,,,,,,,,,,,,,,,,,,,,,,,,,,,,,,,,,,,,,,,,,,,,,,,,,,,,,,,,,,,,,,,,,,,,,,,,,,,,,,,,,,,,,,,,,,,,,,,,,,,,,,,,,
2015-16,serie-a::Football_Team::b7421caff23448c49134fa4f9095ee09,opta:Team:3vo5mpj7catp66nrwwqiuhuup,Inter,Internazionale,INT,0,0,26,249.189,179,4,10,7,8,11,10,7,5,5,4,4,13,3908.24,2.34,0.13,10.08,13.03,1.32,36.79,19.5,0.18,105.628,1398,4,11,52,67,203,0,933,0,0,0,0,0,0,47,0,84,0,0,0,0,0,0,0,0,5,23,21,7,7,303,244,244,64,0,0,0,0,485,495,38,120,50,38,0,50,2,15,29,4,13,741,0,0,0,0,0,180,0,6,2,67,3,5,0,0,0,0,0,0,84,0,0,0,0,0,0,7,11,84,494,67,0,383,0,0,0,20,89,7,,,,,,,,,,,,,,,,,,,,,,,,,,,,,,,,,,,,,,,,,,,,,,,,,,,,,,,,,,,,,,,,,,,,,,,,,,,,,,,,,,,,,,,,,,,,,,,,,,,,,,,,,,,,,,,,,,,,,,,,,,,,,,,,,,,,,,,,,,,,,,,,,,,,,,,,,,,,,,,,,,,,,,,,,,,,,,,,,,,,,,,,,,,,,,,,,,,,,,,,,,,,,,,,,,,,,,,,,,,,,,,,,,,,,,,,,,,,,,,,,,,,,,,,,,,,,,,,,,,,,,,,,,,,,,,,,,,,,,,,,,,,,,,,,,,,,,,,,,,,,,,,,,,,,,,,,,,,,,,,,,,,,,,,,,,,,,,,,,,,,,,,,,,,,,,,,,,,,,,,,,,,,,,,,,
2015-16,serie-a::Football_Team::0ae9210dce6f4f9b9d50aeeb19b0d371,opta:Team:bqbbqm98ud8obe45ds9ohgyrd,Juventus,Juventus,JUV,0,0,36,227.108,182,8,9,9,11,17,21,4,3,4,3,1,5,3951.62,2.37,0.08,12.34,14.89,1.97,29.92,20.97,0.08,106.8,1137,1,6,27,91,228,0,869,0,0,0,0,0,0,51,0,110,0,0,0,0,0,0,0,0,2,14,38,4,13,324,211,211,58,0,0,0,0,548,566,38,83,75,20,0,75,2,6,37,1,16,797,0,0,0,0,0,241,0,4,8,89,9,3,0,0,0,0,0,0,110,0,0,0,0,0,0,4,5,106,430,91,0,469,0,0,0,29,90,3,,,,,,,,,,,,,,,,,,,,,,,,,,,,,,,,,,,,,,,,,,,,,,,,,,,,,,,,,,,,,,,,,,,,,,,,,,,,,,,,,,,,,,,,,,,,,,,,,,,,,,,,,,,,,,,,,,,,,,,,,,,,,,,,,,,,,,,,,,,,,,,,,,,,,,,,,,,,,,,,,,,,,,,,,,,,,,,,,,,,,,,,,,,,,,,,,,,,,,,,,,,,,,,,,,,,,,,,,,,,,,,,,,,,,,,,,,,,,,,,,,,,,,,,,,,,,,,,,,,,,,,,,,,,,,,,,,,,,,,,,,,,,,,,,,,,,,,,,,,,,,,,,,,,,,,,,,,,,,,,,,,,,,,,,,,,,,,,,,,,,,,,,,,,,,,,,,,,,,,,,,,,,,,,,,
2015-16,serie-a::Football_Team::fe6490f2b16e45be9956a1cd04aaf3a2,opta:Team:btcy9nra9ak4m22ovr2ia6m5v,Lazio,Lazio,LAZ,0,0,25,235.621,258,8,1,4,16,6,17,11,5,7,9,10,10,3964.23,2.5,0.08,10.03,12.42,1.37,28.32,19.47,0.18,107.141,1076,8,15,24,54,216,0,907,0,0,0,0,0,0,43,0,89,0,0,0,0,0,0,0,0,6,29,20,8,5,264,241,241,56,0,0,0,0,564,472,38,113,52,52,0,52,3,23,32,6,10,740,0,0,0,0,0,165,0,8,9,82,11,3,0,0,0,0,0,0,89,0,0,0,0,0,0,9,14,87,582,54,0,381,0,0,0,15,95,7,,,,,,,,,,,,,,,,,,,,,,,,,,,,,,,,,,,,,,,,,,,,,,,,,,,,,,,,,,,,,,,,,,,,,,,,,,,,,,,,,,,,,,,,,,,,,,,,,,,,,,,,,,,,,,,,,,,,,,,,,,,,,,,,,,,,,,,,,,,,,,,,,,,,,,,,,,,,,,,,,,,,,,,,,,,,,,,,,,,,,,,,,,,,,,,,,,,,,,,,,,,,,,,,,,,,,,,,,,,,,,,,,,,,,,,,,,,,,,,,,,,,,,,,,,,,,,,,,,,,,,,,,,,,,,,,,,,,,,,,,,,,,,,,,,,,,,,,,,,,,,,,,,,,,,,,,,,,,,,,,,,,,,,,,,,,,,,,,,,,,,,,,,,,,,,,,,,,,,,,,,,,,,,,,,
2015-16,serie-a::Football_Team::d0867ddf777c41789ca282b8276002b0,opta:Team:9dntj5dioj5ex52yrgwzxrq9l,Milan,Milan,MIL,0,0,22,205.684,204,7,10,7,7,9,9,5,9,6,9,6,8,3902.75,2.42,0.03,11,14.97,1.29,30.53,23.89,0.05,102.703,1160,7,6,43,57,209,0,915,0,0,0,0,0,0,50,0,83,0,0,0,0,0,0,0,0,6,21,21,7,6,300,230,230,52,0,0,0,0,577,569,38,114,49,43,0,49,6,22,28,4,9,908,0,0,0,0,0,209,0,5,6,86,7,1,0,0,0,0,0,0,83,0,0,0,0,0,0,12,11,112,423,57,0,418,0,0,0,15,92,2,,,,,,,,,,,,,,,,,,,,,,,,,,,,,,,,,,,,,,,,,,,,,,,,,,,,,,,,,,,,,,,,,,,,,,,,,,,,,,,,,,,,,,,,,,,,,,,,,,,,,,,,,,,,,,,,,,,,,,,,,,,,,,,,,,,,,,,,,,,,,,,,,,,,,,,,,,,,,,,,,,,,,,,,,,,,,,,,,,,,,,,,,,,,,,,,,,,,,,,,,,,,,,,,,,,,,,,,,,,,,,,,,,,,,,,,,,,,,,,,,,,,,,,,,,,,,,,,,,,,,,,,,,,,,,,,,,,,,,,,,,,,,,,,,,,,,,,,,,,,,,,,,,,,,,,,,,,,,,,,,,,,,,,,,,,,,,,,,,,,,,,,,,,,,,,,,,,,,,,,,,,,,,,,,,
2015-16,serie-a::Football_Team::f791dab8f0e4449e9884dd8dbd42dbcc,opta:Team:gi0l1habji5hpgar77dl5jqe,Napoli,Napoli,NAP,0,0,40,244.157,264,12,15,11,13,13,16,8,5,3,5,6,5,4089.22,1.82,0,13.63,12.13,2.11,33.24,21.5,0.05,107.61,1263,2,8,14,82,262,0,1087,0,0,0,0,0,0,49,0,142,0,0,0,0,0,0,0,0,4,20,31,6,9,396,222,222,46,0,0,0,0,414,461,38,61,80,32,0,80,3,12,49,0,16,817,0,0,0,0,0,256,0,5,7,88,8,0,0,0,0,0,0,0,142,0,0,0,0,0,0,7,6,115,487,82,0,518,0,0,0,25,69,2,,,,,,,,,,,,,,,,,,,,,,,,,,,,,,,,,,,,,,,,,,,,,,,,,,,,,,,,,,,,,,,,,,,,,,,,,,,,,,,,,,,,,,,,,,,,,,,,,,,,,,,,,,,,,,,,,,,,,,,,,,,,,,,,,,,,,,,,,,,,,,,,,,,,,,,,,,,,,,,,,,,,,,,,,,,,,,,,,,,,,,,,,,,,,,,,,,,,,,,,,,,,,,,,,,,,,,,,,,,,,,,,,,,,,,,,,,,,,,,,,,,,,,,,,,,,,,,,,,,,,,,,,,,,,,,,,,,,,,,,,,,,,,,,,,,,,,,,,,,,,,,,,,,,,,,,,,,,,,,,,,,,,,,,,,,,,,,,,,,,,,,,,,,,,,,,,,,,,,,,,,,,,,,,,,
2015-16,serie-a::Football_Team::03e6b680ddaf4e9b88d0771d530d5efe,opta:Team:2ungwfinfq61qrc6py1skd7ds,Palermo,Palermo,PAL,0,0,24,209.342,196,5,6,9,5,3,10,10,12,11,12,8,12,3920.6,2.5,0.05,8.18,14.24,1,27.34,18.87,0.11,103.173,1039,16,7,47,39,163,0,702,0,0,0,0,0,0,48,0,61,0,0,0,0,0,0,0,0,5,35,14,10,4,203,162,162,58,0,0,0,0,570,541,38,160,38,65,0,38,4,30,24,9,6,717,0,0,0,0,0,148,0,6,1,100,1,2,0,0,0,0,0,0,61,0,0,0,0,0,0,9,19,93,469,39,0,311,0,0,0,10,95,4,,,,,,,,,,,,,,,,,,,,,,,,,,,,,,,,,,,,,,,,,,,,,,,,,,,,,,,,,,,,,,,,,,,,,,,,,,,,,,,,,,,,,,,,,,,,,,,,,,,,,,,,,,,,,,,,,,,,,,,,,,,,,,,,,,,,,,,,,,,,,,,,,,,,,,,,,,,,,,,,,,,,,,,,,,,,,,,,,,,,,,,,,,,,,,,,,,,,,,,,,,,,,,,,,,,,,,,,,,,,,,,,,,,,,,,,,,,,,,,,,,,,,,,,,,,,,,,,,,,,,,,,,,,,,,,,,,,,,,,,,,,,,,,,,,,,,,,,,,,,,,,,,,,,,,,,,,,,,,,,,,,,,,,,,,,,,,,,,,,,,,,,,,,,,,,,,,,,,,,,,,,,,,,,,,
2015-16,serie-a::Football_Team::8ddc09c1aa73448da2dff953edd95d82,opta:Team:2tk2l9sgktwc9jhzqdd4mpdtb,Roma,Roma,ROM,0,0,41,212.842,223,13,13,12,14,10,21,2,7,4,6,9,13,3912.94,2.08,0.05,11.71,11.53,2.18,27.61,18.47,0.08,102.972,1049,3,12,27,80,208,0,899,0,0,0,0,0,0,53,0,137,0,0,0,0,0,0,0,0,6,24,39,3,10,338,233,233,51,0,0,0,0,493,438,38,115,83,41,0,83,5,17,44,1,13,702,0,0,0,0,0,237,0,8,4,100,4,2,0,0,0,0,0,0,137,0,0,0,0,0,0,11,4,76,452,80,0,445,0,0,0,23,79,3,,,,,,,,,,,,,,,,,,,,,,,,,,,,,,,,,,,,,,,,,,,,,,,,,,,,,,,,,,,,,,,,,,,,,,,,,,,,,,,,,,,,,,,,,,,,,,,,,,,,,,,,,,,,,,,,,,,,,,,,,,,,,,,,,,,,,,,,,,,,,,,,,,,,,,,,,,,,,,,,,,,,,,,,,,,,,,,,,,,,,,,,,,,,,,,,,,,,,,,,,,,,,,,,,,,,,,,,,,,,,,,,,,,,,,,,,,,,,,,,,,,,,,,,,,,,,,,,,,,,,,,,,,,,,,,,,,,,,,,,,,,,,,,,,,,,,,,,,,,,,,,,,,,,,,,,,,,,,,,,,,,,,,,,,,,,,,,,,,,,,,,,,,,,,,,,,,,,,,,,,,,,,,,,,,
2015-16,serie-a::Football_Team::5872937234574c54ad3b0dae67a37373,opta:Team:4plikfte18rv8v4l89z803d4y,Sampdoria,Sampdoria,SAM,0,0,21,188.842,137,5,10,5,6,10,12,10,10,13,7,8,13,3968.51,2.68,0.08,8.74,14,1.26,28.37,17.24,0.11,104.434,1078,15,9,34,40,161,0,720,0,0,0,0,0,0,52,0,73,0,0,0,0,0,0,0,0,6,36,19,11,2,225,172,172,57,0,0,0,0,525,532,38,161,48,61,0,48,4,25,29,7,8,655,0,0,0,0,0,171,0,10,3,100,3,3,0,0,0,0,0,0,73,0,0,0,0,0,0,10,18,100,322,40,0,332,0,0,0,10,102,4,,,,,,,,,,,,,,,,,,,,,,,,,,,,,,,,,,,,,,,,,,,,,,,,,,,,,,,,,,,,,,,,,,,,,,,,,,,,,,,,,,,,,,,,,,,,,,,,,,,,,,,,,,,,,,,,,,,,,,,,,,,,,,,,,,,,,,,,,,,,,,,,,,,,,,,,,,,,,,,,,,,,,,,,,,,,,,,,,,,,,,,,,,,,,,,,,,,,,,,,,,,,,,,,,,,,,,,,,,,,,,,,,,,,,,,,,,,,,,,,,,,,,,,,,,,,,,,,,,,,,,,,,,,,,,,,,,,,,,,,,,,,,,,,,,,,,,,,,,,,,,,,,,,,,,,,,,,,,,,,,,,,,,,,,,,,,,,,,,,,,,,,,,,,,,,,,,,,,,,,,,,,,,,,,,
2015-16,serie-a::Football_Team::b70390ba4e3c4bc2947a37617d53e8a3,opta:Team:6tuibxq39fdryu8ou06wcm0q3,Sassuolo,Sassuolo,SAS,0,0,27,240.162,227,7,7,10,6,13,6,7,4,7,3,11,8,3935.27,2.37,0.05,9.08,16.32,1.29,27.92,19.84,0.11,106.358,1061,6,6,33,61,177,0,778,0,0,0,0,0,0,49,0,85,0,0,0,0,0,0,0,0,5,20,24,6,8,257,201,201,55,0,0,0,0,530,620,38,121,49,40,0,49,8,20,25,3,8,754,0,0,0,0,0,168,0,5,4,57,7,2,0,0,0,0,0,0,85,0,0,0,0,0,0,13,9,77,503,61,0,345,0,0,0,16,90,4,,,,,,,,,,,,,,,,,,,,,,,,,,,,,,,,,,,,,,,,,,,,,,,,,,,,,,,,,,,,,,,,,,,,,,,,,,,,,,,,,,,,,,,,,,,,,,,,,,,,,,,,,,,,,,,,,,,,,,,,,,,,,,,,,,,,,,,,,,,,,,,,,,,,,,,,,,,,,,,,,,,,,,,,,,,,,,,,,,,,,,,,,,,,,,,,,,,,,,,,,,,,,,,,,,,,,,,,,,,,,,,,,,,,,,,,,,,,,,,,,,,,,,,,,,,,,,,,,,,,,,,,,,,,,,,,,,,,,,,,,,,,,,,,,,,,,,,,,,,,,,,,,,,,,,,,,,,,,,,,,,,,,,,,,,,,,,,,,,,,,,,,,,,,,,,,,,,,,,,,,,,,,,,,,,
2015-16,serie-a::Football_Team::a55dcc2058e94976b572262fc564a74c,opta:Team:7gnly6999wao1xarwct4p8fe9,Torino,Torino,TOR,0,0,19,196.631,187,6,10,6,12,9,9,6,5,7,14,11,12,3792.71,2.5,0.03,9.39,12.66,1.37,27,20.39,0.05,99.808,1026,12,10,25,45,163,0,819,0,0,0,0,0,0,54,0,65,0,0,0,0,0,0,0,0,3,30,27,10,6,275,181,181,58,0,0,0,0,633,481,38,113,52,55,0,52,6,25,25,7,6,775,0,0,0,0,0,194,0,7,9,82,11,1,0,0,0,0,0,0,65,0,0,0,0,0,0,9,17,93,442,45,0,357,0,0,0,12,95,2,,,,,,,,,,,,,,,,,,,,,,,,,,,,,,,,,,,,,,,,,,,,,,,,,,,,,,,,,,,,,,,,,,,,,,,,,,,,,,,,,,,,,,,,,,,,,,,,,,,,,,,,,,,,,,,,,,,,,,,,,,,,,,,,,,,,,,,,,,,,,,,,,,,,,,,,,,,,,,,,,,,,,,,,,,,,,,,,,,,,,,,,,,,,,,,,,,,,,,,,,,,,,,,,,,,,,,,,,,,,,,,,,,,,,,,,,,,,,,,,,,,,,,,,,,,,,,,,,,,,,,,,,,,,,,,,,,,,,,,,,,,,,,,,,,,,,,,,,,,,,,,,,,,,,,,,,,,,,,,,,,,,,,,,,,,,,,,,,,,,,,,,,,,,,,,,,,,,,,,,,,,,,,,,,,
2015-16,serie-a::Football_Team::630b1e3631db42498d1b7bc94595c5e0,opta:Team:dxq76zcvnokq07cszdx0i6kve,Udinese,Udinese,UDI,0,0,17,214.394,250,5,8,5,2,7,8,9,8,9,12,10,12,3894.7,2.55,0.08,9.53,12.76,0.92,26.18,20.89,0.11,102.492,995,17,8,40,39,184,0,724,0,0,0,0,0,0,49,0,64,0,0,0,0,0,0,0,0,5,32,17,10,4,248,191,191,53,0,0,0,0,525,485,38,122,35,60,0,35,4,28,18,9,6,794,0,0,0,0,0,178,0,8,2,50,4,3,0,0,0,0,0,0,64,0,0,0,0,0,0,9,19,92,529,39,0,362,0,0,0,10,97,4,,,,,,,,,,,,,,,,,,,,,,,,,,,,,,,,,,,,,,,,,,,,,,,,,,,,,,,,,,,,,,,,,,,,,,,,,,,,,,,,,,,,,,,,,,,,,,,,,,,,,,,,,,,,,,,,,,,,,,,,,,,,,,,,,,,,,,,,,,,,,,,,,,,,,,,,,,,,,,,,,,,,,,,,,,,,,,,,,,,,,,,,,,,,,,,,,,,,,,,,,,,,,,,,,,,,,,,,,,,,,,,,,,,,,,,,,,,,,,,,,,,,,,,,,,,,,,,,,,,,,,,,,,,,,,,,,,,,,,,,,,,,,,,,,,,,,,,,,,,,,,,,,,,,,,,,,,,,,,,,,,,,,,,,,,,,,,,,,,,,,,,,,,,,,,,,,,,,,,,,,,,,,,,,,,
2015-16,serie-a::Football_Team::be24fc024dd946ebbeb957ee6e796a2a,opta:Team:ap6blbxhq9elm62vw6tutzlwg,Verona,Hellas Verona,VER,0,0,12,218.27,240,1,6,2,11,7,7,8,11,9,13,11,11,3918.29,2.34,0.08,8.58,14.13,0.89,25.42,18.84,0.11,105.899,966,20,13,40,28,171,0,730,0,0,0,0,0,0,48,0,57,0,0,0,0,0,0,0,0,7,33,13,11,1,227,207,207,56,0,0,0,0,575,537,38,127,34,63,0,34,6,30,21,9,4,716,0,0,0,0,0,155,0,6,6,86,7,3,0,0,0,0,0,0,57,0,0,0,0,0,0,13,20,80,550,28,0,326,0,0,0,5,89,4,,,,,,,,,,,,,,,,,,,,,,,,,,,,,,,,,,,,,,,,,,,,,,,,,,,,,,,,,,,,,,,,,,,,,,,,,,,,,,,,,,,,,,,,,,,,,,,,,,,,,,,,,,,,,,,,,,,,,,,,,,,,,,,,,,,,,,,,,,,,,,,,,,,,,,,,,,,,,,,,,,,,,,,,,,,,,,,,,,,,,,,,,,,,,,,,,,,,,,,,,,,,,,,,,,,,,,,,,,,,,,,,,,,,,,,,,,,,,,,,,,,,,,,,,,,,,,,,,,,,,,,,,,,,,,,,,,,,,,,,,,,,,,,,,,,,,,,,,,,,,,,,,,,,,,,,,,,,,,,,,,,,,,,,,,,,,,,,,,,,,,,,,,,,,,,,,,,,,,,,,,,,,,,,,,
2016-17,serie-a::Football_Team::b5846a2413804c2e8cab8b773b18370a,opta:Team:e75syeuawg3ql8nwpi3vr2btz,Atalanta,Atalanta,ATA,0,0,35,295.473,211,10,6,11,12,11,12,3,8,7,7,10,6,4049.55,2.24,0.03,10.39,14.03,1.63,34.03,27.92,0.05,106.567,1293,4,15,17,72,164,0,1028,0,0,0,0,0,0,58,0,123,0,0,0,0,0,0,0,0,5,23,31,5,9,307,229,229,53,0,0,0,0,582,533,38,117,62,41,0,62,4,18,31,3,12,1061,0,0,0,0,0,231,0,4,5,83,6,1,0,0,0,0,0,0,123,0,0,0,0,0,0,9,8,80,448,72,0,395,0,0,0,21,85,2,,,,,,,,,,,,,,,,,,,,,,,,,,,,,,,,,,,,,,,,,,,,,,,,,,,,,,,,,,,,,,,,,,,,,,,,,,,,,,,,,,,,,,,,,,,,,,,,,,,,,,,,,,,,,,,,,,,,,,,,,,,,,,,,,,,,,,,,,,,,,,,,,,,,,,,,,,,,,,,,,,,,,,,,,,,,,,,,,,,,,,,,,,,,,,,,,,,,,,,,,,,,,,,,,,,,,,,,,,,,,,,,,,,,,,,,,,,,,,,,,,,,,,,,,,,,,,,,,,,,,,,,,,,,,,,,,,,,,,,,,,,,,,,,,,,,,,,,,,,,,,,,,,,,,,,,,,,,,,,,,,,,,,,,,,,,,,,,,,,,,,,,,,,,,,,,,,,,,,,,,,,,,,,,,,
2016-17,serie-a::Football_Team::4af71b35aab34ad5a7d06148abe66ad6,opta:Team:ej5er0oyngdw138yuumwqbyqt,Bologna,Bologna,BOL,0,0,21,298.947,178,7,10,4,8,6,5,11,4,3,13,9,18,4085.23,2.21,0.26,8.61,13.13,1.05,29.71,22.71,0.03,107.506,1129,15,9,26,41,155,0,824,0,0,0,0,0,0,53,0,70,0,0,0,0,0,0,0,0,6,33,16,10,3,240,155,155,52,0,0,0,0,458,499,38,137,40,58,0,40,2,25,24,9,8,863,0,0,0,0,0,172,0,5,1,50,2,10,0,0,0,0,0,0,70,0,0,0,0,0,0,8,19,94,372,41,0,327,0,0,0,11,84,1,,,,,,,,,,,,,,,,,,,,,,,,,,,,,,,,,,,,,,,,,,,,,,,,,,,,,,,,,,,,,,,,,,,,,,,,,,,,,,,,,,,,,,,,,,,,,,,,,,,,,,,,,,,,,,,,,,,,,,,,,,,,,,,,,,,,,,,,,,,,,,,,,,,,,,,,,,,,,,,,,,,,,,,,,,,,,,,,,,,,,,,,,,,,,,,,,,,,,,,,,,,,,,,,,,,,,,,,,,,,,,,,,,,,,,,,,,,,,,,,,,,,,,,,,,,,,,,,,,,,,,,,,,,,,,,,,,,,,,,,,,,,,,,,,,,,,,,,,,,,,,,,,,,,,,,,,,,,,,,,,,,,,,,,,,,,,,,,,,,,,,,,,,,,,,,,,,,,,,,,,,,,,,,,,,
2016-17,serie-a::Football_Team::25aecd0eda3e4453aabd9a9d5e7fba0d,opta:Team:5rwlg5cfv1hu7yf0ek1zxpzy3,Cagliari,Cagliari,CAG,0,0,26,292.342,150,7,9,6,9,10,14,12,15,10,10,14,15,4095.51,2.55,0.13,8.63,12.66,1.45,34.76,25.37,0.08,107.776,1321,11,15,16,47,137,0,724,0,0,0,0,0,0,58,0,103,0,0,0,0,0,0,0,0,2,42,17,14,3,247,143,143,50,0,0,0,0,537,481,38,149,55,76,0,55,3,34,38,5,11,964,0,0,0,0,0,191,0,12,4,67,6,5,0,0,0,0,0,0,103,0,0,0,0,0,0,5,19,93,298,47,0,328,0,0,0,14,97,3,,,,,,,,,,,,,,,,,,,,,,,,,,,,,,,,,,,,,,,,,,,,,,,,,,,,,,,,,,,,,,,,,,,,,,,,,,,,,,,,,,,,,,,,,,,,,,,,,,,,,,,,,,,,,,,,,,,,,,,,,,,,,,,,,,,,,,,,,,,,,,,,,,,,,,,,,,,,,,,,,,,,,,,,,,,,,,,,,,,,,,,,,,,,,,,,,,,,,,,,,,,,,,,,,,,,,,,,,,,,,,,,,,,,,,,,,,,,,,,,,,,,,,,,,,,,,,,,,,,,,,,,,,,,,,,,,,,,,,,,,,,,,,,,,,,,,,,,,,,,,,,,,,,,,,,,,,,,,,,,,,,,,,,,,,,,,,,,,,,,,,,,,,,,,,,,,,,,,,,,,,,,,,,,,,
2016-17,serie-a::Football_Team::932436fc26554d5b8348826cbefd28ab,emg:Team:CHIEVO|opta:Team:4mxe5plwgr0m363hvpm56wd4c,Chievoverona,Chievoverona,CHI,0,0,24,286.763,229,4,8,2,10,9,10,4,12,10,7,12,16,4126,2.16,0.03,8.16,13.84,1.13,31.68,24.74,0.08,108.578,1204,14,10,27,43,162,0,738,0,0,0,0,0,0,48,0,86,0,0,0,0,0,0,0,0,2,31,18,11,6,221,147,147,50,0,0,0,0,542,526,38,144,43,61,0,43,5,30,25,8,6,940,0,0,0,0,0,148,0,6,4,67,6,1,0,0,0,0,0,0,86,0,0,0,0,0,0,7,19,101,455,43,0,310,0,0,0,12,82,3,,,,,,,,,,,,,,,,,,,,,,,,,,,,,,,,,,,,,,,,,,,,,,,,,,,,,,,,,,,,,,,,,,,,,,,,,,,,,,,,,,,,,,,,,,,,,,,,,,,,,,,,,,,,,,,,,,,,,,,,,,,,,,,,,,,,,,,,,,,,,,,,,,,,,,,,,,,,,,,,,,,,,,,,,,,,,,,,,,,,,,,,,,,,,,,,,,,,,,,,,,,,,,,,,,,,,,,,,,,,,,,,,,,,,,,,,,,,,,,,,,,,,,,,,,,,,,,,,,,,,,,,,,,,,,,,,,,,,,,,,,,,,,,,,,,,,,,,,,,,,,,,,,,,,,,,,,,,,,,,,,,,,,,,,,,,,,,,,,,,,,,,,,,,,,,,,,,,,,,,,,,,,,,,,,
2016-17,serie-a::Football_Team::50113065ec9f47da89bd0663627bdab3,opta:Team:1v6yzccpl159wy8jsz2pk62y0,Crotone,Crotone,CRO,0,0,20,284.921,215,4,4,9,3,4,10,2,11,5,11,14,15,4096.64,2.29,0.03,7.95,11.66,0.89,27.58,23.53,0.08,107.806,1048,17,20,45,34,149,0,765,0,0,0,0,0,0,51,0,71,0,0,0,0,0,0,0,0,3,33,13,13,3,187,157,157,46,0,0,0,0,571,443,38,170,34,58,0,34,4,25,21,9,6,894,0,0,0,0,0,153,0,10,4,80,5,1,0,0,0,0,0,0,71,0,0,0,0,0,0,7,22,109,401,34,0,302,0,0,0,9,87,3,,,,,,,,,,,,,,,,,,,,,,,,,,,,,,,,,,,,,,,,,,,,,,,,,,,,,,,,,,,,,,,,,,,,,,,,,,,,,,,,,,,,,,,,,,,,,,,,,,,,,,,,,,,,,,,,,,,,,,,,,,,,,,,,,,,,,,,,,,,,,,,,,,,,,,,,,,,,,,,,,,,,,,,,,,,,,,,,,,,,,,,,,,,,,,,,,,,,,,,,,,,,,,,,,,,,,,,,,,,,,,,,,,,,,,,,,,,,,,,,,,,,,,,,,,,,,,,,,,,,,,,,,,,,,,,,,,,,,,,,,,,,,,,,,,,,,,,,,,,,,,,,,,,,,,,,,,,,,,,,,,,,,,,,,,,,,,,,,,,,,,,,,,,,,,,,,,,,,,,,,,,,,,,,,,
2016-17,serie-a::Football_Team::4de00d41f5654013b192a9515df5bf39,opta:Team:8le3orkfz6iix3jns6g9ojqjg,Empoli,Empoli,EMP,0,0,16,318.184,244,4,3,3,4,7,8,9,8,10,13,8,13,4079.01,2.79,0.05,7.55,14.82,0.76,33.5,23.63,0,107.342,1273,18,10,29,32,142,0,801,0,0,0,0,0,0,51,0,70,0,0,0,0,0,0,0,0,4,32,13,12,3,203,171,171,40,0,0,0,0,507,563,38,168,29,61,0,29,4,29,16,10,5,898,0,0,0,0,0,145,0,9,4,67,6,2,0,0,0,0,0,0,70,0,0,0,0,0,0,8,22,92,410,32,0,287,0,0,0,8,106,0,,,,,,,,,,,,,,,,,,,,,,,,,,,,,,,,,,,,,,,,,,,,,,,,,,,,,,,,,,,,,,,,,,,,,,,,,,,,,,,,,,,,,,,,,,,,,,,,,,,,,,,,,,,,,,,,,,,,,,,,,,,,,,,,,,,,,,,,,,,,,,,,,,,,,,,,,,,,,,,,,,,,,,,,,,,,,,,,,,,,,,,,,,,,,,,,,,,,,,,,,,,,,,,,,,,,,,,,,,,,,,,,,,,,,,,,,,,,,,,,,,,,,,,,,,,,,,,,,,,,,,,,,,,,,,,,,,,,,,,,,,,,,,,,,,,,,,,,,,,,,,,,,,,,,,,,,,,,,,,,,,,,,,,,,,,,,,,,,,,,,,,,,,,,,,,,,,,,,,,,,,,,,,,,,,
2016-17,serie-a::Football_Team::5bce12d5bd864c2297695d970f92576d,opta:Team:4raiad4l2j5lkfaz92pk4osb,Fiorentina,Fiorentina,FIO,0,0,30,295.368,232,2,10,9,16,11,15,8,9,7,9,10,14,4104.96,2.42,0.08,12.87,13.55,1.66,35.97,22.89,0.08,108.025,1367,8,10,31,60,223,0,1026,0,0,0,0,0,0,54,0,109,0,0,0,0,0,0,0,0,4,34,29,9,6,332,235,235,49,0,0,0,0,494,515,38,118,63,57,0,63,8,23,34,1,10,870,0,0,0,0,0,266,0,6,6,60,10,3,0,0,0,0,0,0,109,0,0,0,0,0,0,12,10,85,458,60,0,489,0,0,0,16,92,3,,,,,,,,,,,,,,,,,,,,,,,,,,,,,,,,,,,,,,,,,,,,,,,,,,,,,,,,,,,,,,,,,,,,,,,,,,,,,,,,,,,,,,,,,,,,,,,,,,,,,,,,,,,,,,,,,,,,,,,,,,,,,,,,,,,,,,,,,,,,,,,,,,,,,,,,,,,,,,,,,,,,,,,,,,,,,,,,,,,,,,,,,,,,,,,,,,,,,,,,,,,,,,,,,,,,,,,,,,,,,,,,,,,,,,,,,,,,,,,,,,,,,,,,,,,,,,,,,,,,,,,,,,,,,,,,,,,,,,,,,,,,,,,,,,,,,,,,,,,,,,,,,,,,,,,,,,,,,,,,,,,,,,,,,,,,,,,,,,,,,,,,,,,,,,,,,,,,,,,,,,,,,,,,,,
2016-17,serie-a::Football_Team::8c7aa94d22f44738951748e2ccdf319a,opta:Team:4kumqzwifv478caxed8zywlh3,Genoa,Genoa,GEN,0,0,27,295,237,6,8,4,4,4,12,6,11,7,14,14,12,3995.6,2.37,0.13,9.26,11,1,33.71,25.79,0.08,105.147,1281,16,21,20,36,183,0,950,0,0,0,0,0,0,48,0,99,0,0,0,0,0,0,0,0,2,40,14,14,3,258,191,191,54,0,0,0,0,605,418,38,127,38,64,0,38,7,24,24,6,6,980,0,0,0,0,0,169,0,8,2,67,3,5,0,0,0,0,0,0,99,0,0,0,0,0,0,9,20,83,519,36,0,352,0,0,0,9,90,3,,,,,,,,,,,,,,,,,,,,,,,,,,,,,,,,,,,,,,,,,,,,,,,,,,,,,,,,,,,,,,,,,,,,,,,,,,,,,,,,,,,,,,,,,,,,,,,,,,,,,,,,,,,,,,,,,,,,,,,,,,,,,,,,,,,,,,,,,,,,,,,,,,,,,,,,,,,,,,,,,,,,,,,,,,,,,,,,,,,,,,,,,,,,,,,,,,,,,,,,,,,,,,,,,,,,,,,,,,,,,,,,,,,,,,,,,,,,,,,,,,,,,,,,,,,,,,,,,,,,,,,,,,,,,,,,,,,,,,,,,,,,,,,,,,,,,,,,,,,,,,,,,,,,,,,,,,,,,,,,,,,,,,,,,,,,,,,,,,,,,,,,,,,,,,,,,,,,,,,,,,,,,,,,,,
2016-17,serie-a::Football_Team::b7421caff23448c49134fa4f9095ee09,opta:Team:3vo5mpj7catp66nrwwqiuhuup,Inter,Internazionale,INT,0,0,44,320.675,299,5,10,9,14,16,18,6,8,5,9,10,11,4044.06,1.95,0.05,13.42,13.21,1.89,35.16,26.68,0.08,109.298,1336,7,13,49,62,254,0,1276,0,0,0,0,0,0,50,0,129,0,0,0,0,0,0,0,0,2,27,28,9,8,396,308,308,58,0,0,0,0,522,502,38,120,72,49,0,72,3,22,44,5,11,1014,0,0,0,0,0,256,0,6,3,60,5,2,0,0,0,0,0,0,129,0,0,0,0,0,0,5,14,82,712,62,0,510,0,0,0,19,74,3,,,,,,,,,,,,,,,,,,,,,,,,,,,,,,,,,,,,,,,,,,,,,,,,,,,,,,,,,,,,,,,,,,,,,,,,,,,,,,,,,,,,,,,,,,,,,,,,,,,,,,,,,,,,,,,,,,,,,,,,,,,,,,,,,,,,,,,,,,,,,,,,,,,,,,,,,,,,,,,,,,,,,,,,,,,,,,,,,,,,,,,,,,,,,,,,,,,,,,,,,,,,,,,,,,,,,,,,,,,,,,,,,,,,,,,,,,,,,,,,,,,,,,,,,,,,,,,,,,,,,,,,,,,,,,,,,,,,,,,,,,,,,,,,,,,,,,,,,,,,,,,,,,,,,,,,,,,,,,,,,,,,,,,,,,,,,,,,,,,,,,,,,,,,,,,,,,,,,,,,,,,,,,,,,,
2016-17,serie-a::Football_Team::0ae9210dce6f4f9b9d50aeeb19b0d371,opta:Team:bqbbqm98ud8obe45ds9ohgyrd,Juventus,Juventus,JUV,0,0,39,289.052,212,14,11,11,17,12,12,2,7,4,5,5,4,4089.89,1.84,0,12.66,14.37,2.03,35.5,25.26,0,107.628,1349,1,5,15,91,214,0,1088,0,0,0,0,0,0,56,0,166,0,0,0,0,0,0,0,0,3,18,29,5,11,401,219,219,60,0,0,0,0,457,546,38,88,77,27,0,77,1,9,48,0,18,960,0,0,0,0,0,267,0,1,3,100,3,0,0,0,0,0,0,0,166,0,0,0,0,0,0,4,5,91,535,91,0,481,0,0,0,29,70,0,,,,,,,,,,,,,,,,,,,,,,,,,,,,,,,,,,,,,,,,,,,,,,,,,,,,,,,,,,,,,,,,,,,,,,,,,,,,,,,,,,,,,,,,,,,,,,,,,,,,,,,,,,,,,,,,,,,,,,,,,,,,,,,,,,,,,,,,,,,,,,,,,,,,,,,,,,,,,,,,,,,,,,,,,,,,,,,,,,,,,,,,,,,,,,,,,,,,,,,,,,,,,,,,,,,,,,,,,,,,,,,,,,,,,,,,,,,,,,,,,,,,,,,,,,,,,,,,,,,,,,,,,,,,,,,,,,,,,,,,,,,,,,,,,,,,,,,,,,,,,,,,,,,,,,,,,,,,,,,,,,,,,,,,,,,,,,,,,,,,,,,,,,,,,,,,,,,,,,,,,,,,,,,,,,
2016-17,serie-a::Football_Team::fe6490f2b16e45be9956a1cd04aaf3a2,opta:Team:btcy9nra9ak4m22ovr2ia6m5v,Lazio,Lazio,LAZ,0,0,37,302.157,232,10,11,12,12,12,17,4,10,7,13,6,11,4107.46,2.37,0.03,11.34,10.89,1.95,32.18,27.76,0.08,108.091,1223,5,6,24,70,184,0,1113,0,0,0,0,0,0,57,0,117,0,0,0,0,0,0,0,0,5,28,34,5,9,329,234,234,49,0,0,0,0,522,414,38,124,74,51,0,74,2,23,40,5,12,1055,0,0,0,0,0,247,0,9,12,86,14,1,0,0,0,0,0,0,117,0,0,0,0,0,0,7,10,101,454,70,0,431,0,0,0,21,90,3,,,,,,,,,,,,,,,,,,,,,,,,,,,,,,,,,,,,,,,,,,,,,,,,,,,,,,,,,,,,,,,,,,,,,,,,,,,,,,,,,,,,,,,,,,,,,,,,,,,,,,,,,,,,,,,,,,,,,,,,,,,,,,,,,,,,,,,,,,,,,,,,,,,,,,,,,,,,,,,,,,,,,,,,,,,,,,,,,,,,,,,,,,,,,,,,,,,,,,,,,,,,,,,,,,,,,,,,,,,,,,,,,,,,,,,,,,,,,,,,,,,,,,,,,,,,,,,,,,,,,,,,,,,,,,,,,,,,,,,,,,,,,,,,,,,,,,,,,,,,,,,,,,,,,,,,,,,,,,,,,,,,,,,,,,,,,,,,,,,,,,,,,,,,,,,,,,,,,,,,,,,,,,,,,,
2016-17,serie-a::Football_Team::d0867ddf777c41789ca282b8276002b0,opta:Team:9dntj5dioj5ex52yrgwzxrq9l,Milan,Milan,MIL,0,0,28,260.289,247,5,9,4,13,11,15,7,4,9,6,8,11,3994.8,2.13,0.08,11.66,12.97,1.5,32.68,25.95,0.24,105.126,1242,6,9,45,63,192,0,1294,0,0,0,0,0,0,57,0,109,0,0,0,0,0,0,0,0,7,25,25,6,6,330,241,241,48,0,0,0,0,496,493,38,156,57,45,0,57,2,20,32,5,12,986,0,0,0,0,0,251,0,9,7,58,12,3,0,0,0,0,0,0,109,0,0,0,0,0,0,9,11,97,477,63,0,443,0,0,0,18,81,9,,,,,,,,,,,,,,,,,,,,,,,,,,,,,,,,,,,,,,,,,,,,,,,,,,,,,,,,,,,,,,,,,,,,,,,,,,,,,,,,,,,,,,,,,,,,,,,,,,,,,,,,,,,,,,,,,,,,,,,,,,,,,,,,,,,,,,,,,,,,,,,,,,,,,,,,,,,,,,,,,,,,,,,,,,,,,,,,,,,,,,,,,,,,,,,,,,,,,,,,,,,,,,,,,,,,,,,,,,,,,,,,,,,,,,,,,,,,,,,,,,,,,,,,,,,,,,,,,,,,,,,,,,,,,,,,,,,,,,,,,,,,,,,,,,,,,,,,,,,,,,,,,,,,,,,,,,,,,,,,,,,,,,,,,,,,,,,,,,,,,,,,,,,,,,,,,,,,,,,,,,,,,,,,,,
2016-17,serie-a::Football_Team::f791dab8f0e4449e9884dd8dbd42dbcc,opta:Team:gi0l1habji5hpgar77dl5jqe,Napoli,Napoli,NAP,0,0,55,355.21,215,11,24,10,20,16,13,4,12,2,5,4,12,4177.56,1.53,0.05,14.55,10.89,2.47,38.05,26.5,0,109.935,1446,3,7,15,86,245,0,1237,0,0,0,0,0,0,56,0,146,0,0,0,0,0,0,0,0,4,20,50,2,13,414,265,265,55,0,0,0,0,363,414,38,97,94,39,0,94,4,19,44,2,13,1007,0,0,0,0,0,308,0,4,5,83,6,2,0,0,0,0,0,0,146,0,0,0,0,0,0,8,4,83,479,86,0,553,0,0,0,26,58,0,,,,,,,,,,,,,,,,,,,,,,,,,,,,,,,,,,,,,,,,,,,,,,,,,,,,,,,,,,,,,,,,,,,,,,,,,,,,,,,,,,,,,,,,,,,,,,,,,,,,,,,,,,,,,,,,,,,,,,,,,,,,,,,,,,,,,,,,,,,,,,,,,,,,,,,,,,,,,,,,,,,,,,,,,,,,,,,,,,,,,,,,,,,,,,,,,,,,,,,,,,,,,,,,,,,,,,,,,,,,,,,,,,,,,,,,,,,,,,,,,,,,,,,,,,,,,,,,,,,,,,,,,,,,,,,,,,,,,,,,,,,,,,,,,,,,,,,,,,,,,,,,,,,,,,,,,,,,,,,,,,,,,,,,,,,,,,,,,,,,,,,,,,,,,,,,,,,,,,,,,,,,,,,,,,
2016-17,serie-a::Football_Team::03e6b680ddaf4e9b88d0771d530d5efe,opta:Team:2ungwfinfq61qrc6py1skd7ds,Palermo,Palermo,PAL,0,0,19,282.921,187,7,5,3,3,5,10,9,11,11,16,10,20,4066.23,2.47,0.08,7.32,13.29,0.87,29.39,21.29,0.16,107.006,1117,19,7,37,26,140,0,774,0,0,0,0,0,0,50,0,53,0,0,0,0,0,0,0,0,5,47,20,12,2,174,162,162,53,0,0,0,0,547,505,38,139,33,77,0,33,3,30,13,12,4,809,0,0,0,0,0,138,0,6,1,100,1,3,0,0,0,0,0,0,53,0,0,0,0,0,0,8,24,83,400,26,0,278,0,0,0,6,94,6,,,,,,,,,,,,,,,,,,,,,,,,,,,,,,,,,,,,,,,,,,,,,,,,,,,,,,,,,,,,,,,,,,,,,,,,,,,,,,,,,,,,,,,,,,,,,,,,,,,,,,,,,,,,,,,,,,,,,,,,,,,,,,,,,,,,,,,,,,,,,,,,,,,,,,,,,,,,,,,,,,,,,,,,,,,,,,,,,,,,,,,,,,,,,,,,,,,,,,,,,,,,,,,,,,,,,,,,,,,,,,,,,,,,,,,,,,,,,,,,,,,,,,,,,,,,,,,,,,,,,,,,,,,,,,,,,,,,,,,,,,,,,,,,,,,,,,,,,,,,,,,,,,,,,,,,,,,,,,,,,,,,,,,,,,,,,,,,,,,,,,,,,,,,,,,,,,,,,,,,,,,,,,,,,,
2016-17,serie-a::Football_Team::f03d3686999142d8836165eb2b23b33a,opta:Team:13x31xf866impd8gbjf6a05g3,Pescara,Pescara,PES,0,0,22,285.763,192,6,2,4,6,5,12,16,16,8,19,10,14,4097.39,2.42,0.05,8.79,13.47,0.97,36.08,24.58,0.08,107.826,1371,20,16,33,18,162,0,846,0,0,0,0,0,0,51,0,72,0,0,0,0,0,0,0,0,4,43,18,14,1,231,183,183,46,0,0,0,0,529,512,38,146,37,81,0,37,5,38,19,12,2,934,0,0,0,0,0,172,0,6,2,29,7,2,0,0,0,0,0,0,72,0,0,0,0,0,0,9,26,113,358,18,0,334,0,0,0,3,92,3,,,,,,,,,,,,,,,,,,,,,,,,,,,,,,,,,,,,,,,,,,,,,,,,,,,,,,,,,,,,,,,,,,,,,,,,,,,,,,,,,,,,,,,,,,,,,,,,,,,,,,,,,,,,,,,,,,,,,,,,,,,,,,,,,,,,,,,,,,,,,,,,,,,,,,,,,,,,,,,,,,,,,,,,,,,,,,,,,,,,,,,,,,,,,,,,,,,,,,,,,,,,,,,,,,,,,,,,,,,,,,,,,,,,,,,,,,,,,,,,,,,,,,,,,,,,,,,,,,,,,,,,,,,,,,,,,,,,,,,,,,,,,,,,,,,,,,,,,,,,,,,,,,,,,,,,,,,,,,,,,,,,,,,,,,,,,,,,,,,,,,,,,,,,,,,,,,,,,,,,,,,,,,,,,,
2016-17,serie-a::Football_Team::8ddc09c1aa73448da2dff953edd95d82,opta:Team:2tk2l9sgktwc9jhzqdd4mpdtb,Roma,Roma,ROM,0,0,50,286.184,258,13,17,8,16,14,22,7,6,5,6,3,11,4006.95,1.66,0.03,14.39,12.08,2.37,33.89,25.18,0,105.446,1288,2,9,27,87,264,0,1173,0,0,0,0,0,0,52,0,181,0,0,0,0,0,0,0,0,2,20,40,5,12,440,257,257,54,0,0,0,0,446,459,38,122,90,38,0,90,1,18,50,2,16,957,0,0,0,0,0,283,0,4,12,86,14,1,0,0,0,0,0,0,181,0,0,0,0,0,0,3,7,87,558,87,0,547,0,0,0,28,63,0,,,,,,,,,,,,,,,,,,,,,,,,,,,,,,,,,,,,,,,,,,,,,,,,,,,,,,,,,,,,,,,,,,,,,,,,,,,,,,,,,,,,,,,,,,,,,,,,,,,,,,,,,,,,,,,,,,,,,,,,,,,,,,,,,,,,,,,,,,,,,,,,,,,,,,,,,,,,,,,,,,,,,,,,,,,,,,,,,,,,,,,,,,,,,,,,,,,,,,,,,,,,,,,,,,,,,,,,,,,,,,,,,,,,,,,,,,,,,,,,,,,,,,,,,,,,,,,,,,,,,,,,,,,,,,,,,,,,,,,,,,,,,,,,,,,,,,,,,,,,,,,,,,,,,,,,,,,,,,,,,,,,,,,,,,,,,,,,,,,,,,,,,,,,,,,,,,,,,,,,,,,,,,,,,,
2016-17,serie-a::Football_Team::5872937234574c54ad3b0dae67a37373,opta:Team:4plikfte18rv8v4l89z803d4y,Sampdoria,Sampdoria,SAM,0,0,27,300.394,241,5,7,7,9,6,15,9,8,5,9,15,9,3975.6,1.92,0.11,10.37,12.76,1.29,33.92,24.37,0.03,104.621,1289,10,12,35,48,193,0,884,0,0,0,0,0,0,51,0,108,0,0,0,0,0,0,0,0,6,32,21,9,4,270,195,195,46,0,0,0,0,490,485,38,131,49,55,0,49,6,23,28,5,8,926,0,0,0,0,0,201,0,8,7,88,8,4,0,0,0,0,0,0,108,0,0,0,0,0,0,12,14,79,448,48,0,394,0,0,0,12,73,1,,,,,,,,,,,,,,,,,,,,,,,,,,,,,,,,,,,,,,,,,,,,,,,,,,,,,,,,,,,,,,,,,,,,,,,,,,,,,,,,,,,,,,,,,,,,,,,,,,,,,,,,,,,,,,,,,,,,,,,,,,,,,,,,,,,,,,,,,,,,,,,,,,,,,,,,,,,,,,,,,,,,,,,,,,,,,,,,,,,,,,,,,,,,,,,,,,,,,,,,,,,,,,,,,,,,,,,,,,,,,,,,,,,,,,,,,,,,,,,,,,,,,,,,,,,,,,,,,,,,,,,,,,,,,,,,,,,,,,,,,,,,,,,,,,,,,,,,,,,,,,,,,,,,,,,,,,,,,,,,,,,,,,,,,,,,,,,,,,,,,,,,,,,,,,,,,,,,,,,,,,,,,,,,,,
2016-17,serie-a::Football_Team::b70390ba4e3c4bc2947a37617d53e8a3,opta:Team:6tuibxq39fdryu8ou06wcm0q3,Sassuolo,Sassuolo,SAS,0,0,27,314.263,245,9,12,8,9,11,11,11,10,11,8,9,12,4087.36,2.37,0.05,9,13.53,1.53,33.11,23.05,0,107.562,1258,12,24,26,46,144,0,912,0,0,0,0,0,0,58,0,87,0,0,0,0,0,0,0,0,4,35,31,9,6,248,220,220,47,0,0,0,0,492,514,38,144,58,63,0,58,3,28,27,9,7,876,0,0,0,0,0,198,0,8,9,90,10,2,0,0,0,0,0,0,87,0,0,0,0,0,0,7,18,75,460,46,0,342,0,0,0,13,90,0,,,,,,,,,,,,,,,,,,,,,,,,,,,,,,,,,,,,,,,,,,,,,,,,,,,,,,,,,,,,,,,,,,,,,,,,,,,,,,,,,,,,,,,,,,,,,,,,,,,,,,,,,,,,,,,,,,,,,,,,,,,,,,,,,,,,,,,,,,,,,,,,,,,,,,,,,,,,,,,,,,,,,,,,,,,,,,,,,,,,,,,,,,,,,,,,,,,,,,,,,,,,,,,,,,,,,,,,,,,,,,,,,,,,,,,,,,,,,,,,,,,,,,,,,,,,,,,,,,,,,,,,,,,,,,,,,,,,,,,,,,,,,,,,,,,,,,,,,,,,,,,,,,,,,,,,,,,,,,,,,,,,,,,,,,,,,,,,,,,,,,,,,,,,,,,,,,,,,,,,,,,,,,,,,,
2016-17,serie-a::Football_Team::a55dcc2058e94976b572262fc564a74c,opta:Team:7gnly6999wao1xarwct4p8fe9,Torino,Torino,TOR,0,0,39,295.324,202,10,17,8,9,10,17,7,11,7,12,9,20,3971.53,2.13,0.03,11.39,12.39,1.87,31.24,24.37,0.08,107.338,1187,9,7,23,53,219,0,972,0,0,0,0,0,0,49,0,112,0,0,0,0,0,0,0,0,6,35,28,9,4,301,221,221,53,0,0,0,0,571,471,38,116,71,66,0,71,8,31,43,2,9,926,0,0,0,0,0,214,0,7,5,50,10,1,0,0,0,0,0,0,112,0,0,0,0,0,0,14,11,89,429,53,0,433,0,0,0,13,81,3,,,,,,,,,,,,,,,,,,,,,,,,,,,,,,,,,,,,,,,,,,,,,,,,,,,,,,,,,,,,,,,,,,,,,,,,,,,,,,,,,,,,,,,,,,,,,,,,,,,,,,,,,,,,,,,,,,,,,,,,,,,,,,,,,,,,,,,,,,,,,,,,,,,,,,,,,,,,,,,,,,,,,,,,,,,,,,,,,,,,,,,,,,,,,,,,,,,,,,,,,,,,,,,,,,,,,,,,,,,,,,,,,,,,,,,,,,,,,,,,,,,,,,,,,,,,,,,,,,,,,,,,,,,,,,,,,,,,,,,,,,,,,,,,,,,,,,,,,,,,,,,,,,,,,,,,,,,,,,,,,,,,,,,,,,,,,,,,,,,,,,,,,,,,,,,,,,,,,,,,,,,,,,,,,,
2016-17,serie-a::Football_Team::630b1e3631db42498d1b7bc94595c5e0,opta:Team:dxq76zcvnokq07cszdx0i6kve,Udinese,Udinese,UDI,0,0,25,286.5,247,5,9,6,10,8,9,7,11,5,12,8,13,4065.66,2.24,0.05,8.66,13.08,1.24,30.5,26.05,0,106.991,1159,13,15,31,45,153,0,795,0,0,0,0,0,0,53,0,85,0,0,0,0,0,0,0,0,4,33,17,11,4,226,177,177,43,0,0,0,0,459,497,38,108,47,56,0,47,5,23,30,6,8,990,0,0,0,0,0,176,0,9,2,67,3,2,0,0,0,0,0,0,85,0,0,0,0,0,0,9,17,36,437,45,0,329,0,0,0,12,85,0,,,,,,,,,,,,,,,,,,,,,,,,,,,,,,,,,,,,,,,,,,,,,,,,,,,,,,,,,,,,,,,,,,,,,,,,,,,,,,,,,,,,,,,,,,,,,,,,,,,,,,,,,,,,,,,,,,,,,,,,,,,,,,,,,,,,,,,,,,,,,,,,,,,,,,,,,,,,,,,,,,,,,,,,,,,,,,,,,,,,,,,,,,,,,,,,,,,,,,,,,,,,,,,,,,,,,,,,,,,,,,,,,,,,,,,,,,,,,,,,,,,,,,,,,,,,,,,,,,,,,,,,,,,,,,,,,,,,,,,,,,,,,,,,,,,,,,,,,,,,,,,,,,,,,,,,,,,,,,,,,,,,,,,,,,,,,,,,,,,,,,,,,,,,,,,,,,,,,,,,,,,,,,,,,,
2017-18,serie-a::Football_Team::b5846a2413804c2e8cab8b773b18370a,opta:Team:e75syeuawg3ql8nwpi3vr2btz,Atalanta,Atalanta,ATA,0,0,36,312.605,196,5,8,11,16,7,10,3,9,8,6,6,7,4178.44,1.63,0.05,12.21,11.76,1.5,37.08,30.32,0.05,109.958,1409,7,7,20,60,190,0,1143,0,0,0,0,0,0,59,0,119,0,0,0,0,0,0,0,0,6,21,27,6,7,346,230,230,55,0,0,0,0,476,447,38,85,57,39,0,57,6,18,30,4,9,1152,0,0,0,0,0,274,0,2,5,56,9,2,0,0,0,0,0,0,119,0,0,0,0,0,0,12,10,81,438,60,0,464,0,0,0,16,62,2,,,,,,,,,,,,,,,,,,,,,,,,,,,,,,,,,,,,,,,,,,,,,,,,,,,,,,,,,,,,,,,,,,,,,,,,,,,,,,,,,,,,,,,,,,,,,,,,,,,,,,,,,,,,,,,,,,,,,,,,,,,,,,,,,,,,,,,,,,,,,,,,,,,,,,,,,,,,,,,,,,,,,,,,,,,,,,,,,,,,,,,,,,,,,,,,,,,,,,,,,,,,,,,,,,,,,,,,,,,,,,,,,,,,,,,,,,,,,,,,,,,,,,,,,,,,,,,,,,,,,,,,,,,,,,,,,,,,,,,,,,,,,,,,,,,,,,,,,,,,,,,,,,,,,,,,,,,,,,,,,,,,,,,,,,,,,,,,,,,,,,,,,,,,,,,,,,,,,,,,,,,,,,,,,,
2017-18,serie-a::Football_Team::f3cc9244b2554959ae3d5f5d5e527638,opta:Team:4cq1gkb2yelnvz4z7jdo6q81,Benevento,Benevento,BEN,0,0,17,277.21,143,2,6,7,6,2,10,9,13,13,19,12,18,4122.43,1.84,0.08,9.68,11.82,0.87,33.24,25.61,0.11,108.484,1263,20,18,30,21,176,0,836,0,0,0,0,0,0,52,0,76,0,0,0,0,0,0,0,0,1,44,10,17,1,249,165,165,63,0,0,0,0,466,449,38,152,33,84,0,33,2,40,23,12,5,973,0,0,0,0,0,192,0,13,2,67,3,3,0,0,0,0,0,0,76,0,0,0,0,0,0,3,29,85,390,21,0,368,0,0,0,6,70,4,,,,,,,,,,,,,,,,,,,,,,,,,,,,,,,,,,,,,,,,,,,,,,,,,,,,,,,,,,,,,,,,,,,,,,,,,,,,,,,,,,,,,,,,,,,,,,,,,,,,,,,,,,,,,,,,,,,,,,,,,,,,,,,,,,,,,,,,,,,,,,,,,,,,,,,,,,,,,,,,,,,,,,,,,,,,,,,,,,,,,,,,,,,,,,,,,,,,,,,,,,,,,,,,,,,,,,,,,,,,,,,,,,,,,,,,,,,,,,,,,,,,,,,,,,,,,,,,,,,,,,,,,,,,,,,,,,,,,,,,,,,,,,,,,,,,,,,,,,,,,,,,,,,,,,,,,,,,,,,,,,,,,,,,,,,,,,,,,,,,,,,,,,,,,,,,,,,,,,,,,,,,,,,,,,
2017-18,serie-a::Football_Team::4af71b35aab34ad5a7d06148abe66ad6,opta:Team:ej5er0oyngdw138yuumwqbyqt,Bologna,Bologna,BOL,0,0,16,313.078,153,6,6,9,6,6,7,5,8,5,10,14,10,4222.98,2.47,0.05,7.74,11.89,1.05,34.97,25.5,0.11,111.131,1329,15,19,30,39,121,0,725,0,0,0,0,0,0,59,0,73,0,0,0,0,0,0,0,0,2,26,15,12,5,221,151,151,52,0,0,0,0,459,452,38,127,40,52,0,40,4,26,25,9,6,969,0,0,0,0,0,173,0,4,2,67,3,2,0,0,0,0,0,0,73,0,0,0,0,0,0,6,21,68,320,39,0,294,0,0,0,11,94,4,,,,,,,,,,,,,,,,,,,,,,,,,,,,,,,,,,,,,,,,,,,,,,,,,,,,,,,,,,,,,,,,,,,,,,,,,,,,,,,,,,,,,,,,,,,,,,,,,,,,,,,,,,,,,,,,,,,,,,,,,,,,,,,,,,,,,,,,,,,,,,,,,,,,,,,,,,,,,,,,,,,,,,,,,,,,,,,,,,,,,,,,,,,,,,,,,,,,,,,,,,,,,,,,,,,,,,,,,,,,,,,,,,,,,,,,,,,,,,,,,,,,,,,,,,,,,,,,,,,,,,,,,,,,,,,,,,,,,,,,,,,,,,,,,,,,,,,,,,,,,,,,,,,,,,,,,,,,,,,,,,,,,,,,,,,,,,,,,,,,,,,,,,,,,,,,,,,,,,,,,,,,,,,,,,
2017-18,serie-a::Football_Team::25aecd0eda3e4453aabd9a9d5e7fba0d,opta:Team:5rwlg5cfv1hu7yf0ek1zxpzy3,Cagliari,Cagliari,CAG,0,0,14,283.052,192,3,6,6,4,5,9,11,9,5,10,11,15,4137.8,2.32,0.05,7.45,11.32,0.87,31.03,25.39,0.11,108.889,1179,16,13,32,39,130,0,849,0,0,0,0,0,0,54,0,71,0,0,0,0,0,0,0,0,3,31,15,11,5,197,179,179,55,0,0,0,0,597,430,38,127,33,61,0,33,3,30,18,10,6,965,0,0,0,0,0,153,0,12,4,57,7,2,0,0,0,0,0,0,71,0,0,0,0,0,0,6,21,87,429,39,0,283,0,0,0,11,88,4,,,,,,,,,,,,,,,,,,,,,,,,,,,,,,,,,,,,,,,,,,,,,,,,,,,,,,,,,,,,,,,,,,,,,,,,,,,,,,,,,,,,,,,,,,,,,,,,,,,,,,,,,,,,,,,,,,,,,,,,,,,,,,,,,,,,,,,,,,,,,,,,,,,,,,,,,,,,,,,,,,,,,,,,,,,,,,,,,,,,,,,,,,,,,,,,,,,,,,,,,,,,,,,,,,,,,,,,,,,,,,,,,,,,,,,,,,,,,,,,,,,,,,,,,,,,,,,,,,,,,,,,,,,,,,,,,,,,,,,,,,,,,,,,,,,,,,,,,,,,,,,,,,,,,,,,,,,,,,,,,,,,,,,,,,,,,,,,,,,,,,,,,,,,,,,,,,,,,,,,,,,,,,,,,,
2017-18,serie-a::Football_Team::932436fc26554d5b8348826cbefd28ab,emg:Team:CHIEVO|opta:Team:4mxe5plwgr0m363hvpm56wd4c,Chievoverona,Chievoverona,CHI,0,0,16,299.026,212,4,7,5,8,4,8,8,9,7,9,10,16,4211.4,1.92,0.08,8.18,11.53,0.95,31.42,25.97,0.03,110.826,1194,13,14,28,40,143,0,754,0,0,0,0,0,0,54,0,70,0,0,0,0,0,0,0,0,4,35,14,12,3,193,147,147,59,0,0,0,0,455,438,38,152,36,59,0,36,6,24,22,6,7,987,0,0,0,0,0,168,0,7,1,50,2,3,0,0,0,0,0,0,70,0,0,0,0,0,0,10,18,102,522,40,0,311,0,0,0,10,73,1,,,,,,,,,,,,,,,,,,,,,,,,,,,,,,,,,,,,,,,,,,,,,,,,,,,,,,,,,,,,,,,,,,,,,,,,,,,,,,,,,,,,,,,,,,,,,,,,,,,,,,,,,,,,,,,,,,,,,,,,,,,,,,,,,,,,,,,,,,,,,,,,,,,,,,,,,,,,,,,,,,,,,,,,,,,,,,,,,,,,,,,,,,,,,,,,,,,,,,,,,,,,,,,,,,,,,,,,,,,,,,,,,,,,,,,,,,,,,,,,,,,,,,,,,,,,,,,,,,,,,,,,,,,,,,,,,,,,,,,,,,,,,,,,,,,,,,,,,,,,,,,,,,,,,,,,,,,,,,,,,,,,,,,,,,,,,,,,,,,,,,,,,,,,,,,,,,,,,,,,,,,,,,,,,,
2017-18,serie-a::Football_Team::50113065ec9f47da89bd0663627bdab3,opta:Team:1v6yzccpl159wy8jsz2pk62y0,Crotone,Crotone,CRO,0,0,20,281.184,192,5,5,8,9,5,8,9,9,11,11,15,11,4151.07,1.71,0.03,8.39,12.29,1.05,33.32,27.03,0.03,109.238,1266,18,14,27,35,150,0,684,0,0,0,0,0,0,53,0,74,0,0,0,0,0,0,0,0,2,41,17,14,3,201,134,134,52,0,0,0,0,492,467,38,154,40,66,0,40,6,25,23,7,6,1027,0,0,0,0,0,169,0,8,2,67,3,1,0,0,0,0,0,0,74,0,0,0,0,0,0,8,21,85,401,35,0,319,0,0,0,9,65,1,,,,,,,,,,,,,,,,,,,,,,,,,,,,,,,,,,,,,,,,,,,,,,,,,,,,,,,,,,,,,,,,,,,,,,,,,,,,,,,,,,,,,,,,,,,,,,,,,,,,,,,,,,,,,,,,,,,,,,,,,,,,,,,,,,,,,,,,,,,,,,,,,,,,,,,,,,,,,,,,,,,,,,,,,,,,,,,,,,,,,,,,,,,,,,,,,,,,,,,,,,,,,,,,,,,,,,,,,,,,,,,,,,,,,,,,,,,,,,,,,,,,,,,,,,,,,,,,,,,,,,,,,,,,,,,,,,,,,,,,,,,,,,,,,,,,,,,,,,,,,,,,,,,,,,,,,,,,,,,,,,,,,,,,,,,,,,,,,,,,,,,,,,,,,,,,,,,,,,,,,,,,,,,,,,
2017-18,serie-a::Football_Team::5bce12d5bd864c2297695d970f92576d,opta:Team:4raiad4l2j5lkfaz92pk4osb,Fiorentina,Fiorentina,FIO,0,0,30,300.421,182,8,7,9,11,9,10,4,11,8,7,10,6,4228.58,2.21,0.05,12.97,10.66,1.42,32.08,28.89,0.08,111.278,1219,8,13,28,57,255,0,1015,0,0,0,0,0,0,48,0,110,0,0,0,0,0,0,0,0,4,24,27,7,8,303,210,210,60,0,0,0,0,531,405,38,121,54,46,0,54,5,22,27,6,8,1098,0,0,0,0,0,238,0,3,7,88,8,2,0,0,0,0,0,0,110,0,0,0,0,0,0,9,13,84,455,57,0,493,0,0,0,16,84,3,,,,,,,,,,,,,,,,,,,,,,,,,,,,,,,,,,,,,,,,,,,,,,,,,,,,,,,,,,,,,,,,,,,,,,,,,,,,,,,,,,,,,,,,,,,,,,,,,,,,,,,,,,,,,,,,,,,,,,,,,,,,,,,,,,,,,,,,,,,,,,,,,,,,,,,,,,,,,,,,,,,,,,,,,,,,,,,,,,,,,,,,,,,,,,,,,,,,,,,,,,,,,,,,,,,,,,,,,,,,,,,,,,,,,,,,,,,,,,,,,,,,,,,,,,,,,,,,,,,,,,,,,,,,,,,,,,,,,,,,,,,,,,,,,,,,,,,,,,,,,,,,,,,,,,,,,,,,,,,,,,,,,,,,,,,,,,,,,,,,,,,,,,,,,,,,,,,,,,,,,,,,,,,,,,
2017-18,serie-a::Football_Team::8c7aa94d22f44738951748e2ccdf319a,opta:Team:4kumqzwifv478caxed8zywlh3,Genoa,Genoa,GEN,0,0,19,285.447,198,7,4,2,7,3,10,4,10,7,10,3,9,4146.44,2.03,0.13,8.95,12.32,0.87,35.76,28.58,0,109.116,1359,12,12,23,41,168,0,869,0,0,0,0,0,0,51,0,93,0,0,0,0,0,0,0,0,5,16,10,9,5,226,183,183,55,0,0,0,0,539,468,38,140,33,43,0,33,3,27,23,10,6,1086,0,0,0,0,0,172,0,4,4,80,5,5,0,0,0,0,0,0,93,0,0,0,0,0,0,8,19,91,444,41,0,340,0,0,0,11,77,0,,,,,,,,,,,,,,,,,,,,,,,,,,,,,,,,,,,,,,,,,,,,,,,,,,,,,,,,,,,,,,,,,,,,,,,,,,,,,,,,,,,,,,,,,,,,,,,,,,,,,,,,,,,,,,,,,,,,,,,,,,,,,,,,,,,,,,,,,,,,,,,,,,,,,,,,,,,,,,,,,,,,,,,,,,,,,,,,,,,,,,,,,,,,,,,,,,,,,,,,,,,,,,,,,,,,,,,,,,,,,,,,,,,,,,,,,,,,,,,,,,,,,,,,,,,,,,,,,,,,,,,,,,,,,,,,,,,,,,,,,,,,,,,,,,,,,,,,,,,,,,,,,,,,,,,,,,,,,,,,,,,,,,,,,,,,,,,,,,,,,,,,,,,,,,,,,,,,,,,,,,,,,,,,,,
2017-18,serie-a::Football_Team::b7421caff23448c49134fa4f9095ee09,opta:Team:3vo5mpj7catp66nrwwqiuhuup,Inter,Internazionale,INT,0,0,30,332.236,326,8,14,11,9,7,17,4,5,2,4,7,8,4247.01,1.82,0.03,12.66,10.26,1.74,36.58,29.24,0,111.763,1390,4,14,28,72,203,0,1201,0,0,0,0,0,0,58,0,135,0,0,0,0,0,0,0,0,7,14,29,3,9,349,289,289,52,0,0,0,0,434,390,38,100,66,30,0,66,5,16,37,3,11,1111,0,0,0,0,0,278,0,2,6,86,7,1,0,0,0,0,0,0,135,0,0,0,0,0,0,12,6,94,674,72,0,481,0,0,0,20,69,0,,,,,,,,,,,,,,,,,,,,,,,,,,,,,,,,,,,,,,,,,,,,,,,,,,,,,,,,,,,,,,,,,,,,,,,,,,,,,,,,,,,,,,,,,,,,,,,,,,,,,,,,,,,,,,,,,,,,,,,,,,,,,,,,,,,,,,,,,,,,,,,,,,,,,,,,,,,,,,,,,,,,,,,,,,,,,,,,,,,,,,,,,,,,,,,,,,,,,,,,,,,,,,,,,,,,,,,,,,,,,,,,,,,,,,,,,,,,,,,,,,,,,,,,,,,,,,,,,,,,,,,,,,,,,,,,,,,,,,,,,,,,,,,,,,,,,,,,,,,,,,,,,,,,,,,,,,,,,,,,,,,,,,,,,,,,,,,,,,,,,,,,,,,,,,,,,,,,,,,,,,,,,,,,,,
2017-18,serie-a::Football_Team::0ae9210dce6f4f9b9d50aeeb19b0d371,opta:Team:bqbbqm98ud8obe45ds9ohgyrd,Juventus,Juventus,JUV,0,0,51,272.368,181,9,15,18,18,8,18,3,8,4,4,2,3,4126.04,1.68,0,11.5,12.61,2.26,37.08,26.42,0.03,108.58,1409,1,6,15,95,177,0,1017,0,0,0,0,0,0,59,0,127,0,0,0,0,0,0,0,0,4,16,41,1,14,307,186,186,57,0,0,0,0,416,479,38,85,86,24,0,86,1,8,45,2,16,1004,0,0,0,0,0,260,0,4,4,50,8,0,0,0,0,0,0,0,127,0,0,0,0,0,0,5,3,81,425,95,0,437,0,0,0,30,64,1,,,,,,,,,,,,,,,,,,,,,,,,,,,,,,,,,,,,,,,,,,,,,,,,,,,,,,,,,,,,,,,,,,,,,,,,,,,,,,,,,,,,,,,,,,,,,,,,,,,,,,,,,,,,,,,,,,,,,,,,,,,,,,,,,,,,,,,,,,,,,,,,,,,,,,,,,,,,,,,,,,,,,,,,,,,,,,,,,,,,,,,,,,,,,,,,,,,,,,,,,,,,,,,,,,,,,,,,,,,,,,,,,,,,,,,,,,,,,,,,,,,,,,,,,,,,,,,,,,,,,,,,,,,,,,,,,,,,,,,,,,,,,,,,,,,,,,,,,,,,,,,,,,,,,,,,,,,,,,,,,,,,,,,,,,,,,,,,,,,,,,,,,,,,,,,,,,,,,,,,,,,,,,,,,,
2017-18,serie-a::Football_Team::fe6490f2b16e45be9956a1cd04aaf3a2,opta:Team:btcy9nra9ak4m22ovr2ia6m5v,Lazio,Lazio,LAZ,0,0,54,290.684,194,10,17,16,10,16,20,5,17,11,6,4,6,4169.88,1.92,0.11,12.37,8.82,2.34,36.47,29.68,0.08,109.733,1386,5,13,28,72,195,0,1133,0,0,0,0,0,0,59,0,127,0,0,0,0,0,0,0,0,4,28,44,3,12,347,217,217,60,0,0,0,0,421,335,38,124,89,49,0,89,5,21,45,5,9,1128,0,0,0,0,0,275,0,10,9,82,11,4,0,0,0,0,0,0,127,0,0,0,0,0,0,9,8,97,486,72,0,470,0,0,0,21,73,3,,,,,,,,,,,,,,,,,,,,,,,,,,,,,,,,,,,,,,,,,,,,,,,,,,,,,,,,,,,,,,,,,,,,,,,,,,,,,,,,,,,,,,,,,,,,,,,,,,,,,,,,,,,,,,,,,,,,,,,,,,,,,,,,,,,,,,,,,,,,,,,,,,,,,,,,,,,,,,,,,,,,,,,,,,,,,,,,,,,,,,,,,,,,,,,,,,,,,,,,,,,,,,,,,,,,,,,,,,,,,,,,,,,,,,,,,,,,,,,,,,,,,,,,,,,,,,,,,,,,,,,,,,,,,,,,,,,,,,,,,,,,,,,,,,,,,,,,,,,,,,,,,,,,,,,,,,,,,,,,,,,,,,,,,,,,,,,,,,,,,,,,,,,,,,,,,,,,,,,,,,,,,,,,,,
2017-18,serie-a::Football_Team::d0867ddf777c41789ca282b8276002b0,opta:Team:9dntj5dioj5ex52yrgwzxrq9l,Milan,Milan,MIL,0,0,29,285.421,255,10,11,6,8,12,9,2,5,8,11,6,10,4106.33,1.76,0.08,13.26,12.26,1.47,34.97,26.32,0.11,108.061,1329,6,10,15,64,199,0,1180,0,0,0,0,0,0,61,0,114,0,0,0,0,0,0,0,0,5,26,31,6,8,314,243,243,54,0,0,0,0,472,466,38,99,56,42,0,56,5,16,25,4,10,1000,0,0,0,0,0,305,0,3,4,67,6,3,0,0,0,0,0,0,114,0,0,0,0,0,0,10,10,87,555,64,0,504,0,0,0,18,67,4,,,,,,,,,,,,,,,,,,,,,,,,,,,,,,,,,,,,,,,,,,,,,,,,,,,,,,,,,,,,,,,,,,,,,,,,,,,,,,,,,,,,,,,,,,,,,,,,,,,,,,,,,,,,,,,,,,,,,,,,,,,,,,,,,,,,,,,,,,,,,,,,,,,,,,,,,,,,,,,,,,,,,,,,,,,,,,,,,,,,,,,,,,,,,,,,,,,,,,,,,,,,,,,,,,,,,,,,,,,,,,,,,,,,,,,,,,,,,,,,,,,,,,,,,,,,,,,,,,,,,,,,,,,,,,,,,,,,,,,,,,,,,,,,,,,,,,,,,,,,,,,,,,,,,,,,,,,,,,,,,,,,,,,,,,,,,,,,,,,,,,,,,,,,,,,,,,,,,,,,,,,,,,,,,,
2017-18,serie-a::Football_Team::f791dab8f0e4449e9884dd8dbd42dbcc,opta:Team:gi0l1habji5hpgar77dl5jqe,Napoli,Napoli,NAP,0,0,40,369.289,242,9,11,12,17,14,14,8,2,4,4,3,8,4222.33,1.47,0.05,14.42,9.39,2.03,42.47,29,0.03,111.113,1614,2,11,20,91,231,0,1199,0,0,0,0,0,0,58,0,159,0,0,0,0,0,0,0,0,4,11,34,1,14,372,241,241,49,0,0,0,0,338,357,38,82,77,29,0,77,3,18,43,2,14,1102,0,0,0,0,0,317,0,2,6,75,8,2,0,0,0,0,0,0,159,0,0,0,0,0,0,7,3,82,470,91,0,548,0,0,0,28,56,1,,,,,,,,,,,,,,,,,,,,,,,,,,,,,,,,,,,,,,,,,,,,,,,,,,,,,,,,,,,,,,,,,,,,,,,,,,,,,,,,,,,,,,,,,,,,,,,,,,,,,,,,,,,,,,,,,,,,,,,,,,,,,,,,,,,,,,,,,,,,,,,,,,,,,,,,,,,,,,,,,,,,,,,,,,,,,,,,,,,,,,,,,,,,,,,,,,,,,,,,,,,,,,,,,,,,,,,,,,,,,,,,,,,,,,,,,,,,,,,,,,,,,,,,,,,,,,,,,,,,,,,,,,,,,,,,,,,,,,,,,,,,,,,,,,,,,,,,,,,,,,,,,,,,,,,,,,,,,,,,,,,,,,,,,,,,,,,,,,,,,,,,,,,,,,,,,,,,,,,,,,,,,,,,,,
2017-18,serie-a::Football_Team::8ddc09c1aa73448da2dff953edd95d82,opta:Team:2tk2l9sgktwc9jhzqdd4mpdtb,Roma,Roma,ROM,0,0,38,317.394,273,8,12,8,12,12,9,5,2,4,5,3,9,4065.95,1.21,0.08,13.39,11.11,1.61,38.16,31.03,0.03,106.998,1450,3,11,26,77,235,0,1257,0,0,0,0,0,0,54,0,137,0,0,0,0,0,0,0,0,6,9,30,1,12,353,262,262,56,0,0,0,0,388,422,38,119,61,28,0,61,2,19,31,6,11,1179,0,0,0,0,0,274,0,5,3,50,6,3,0,0,0,0,0,0,137,0,0,0,0,0,0,8,7,72,626,77,0,509,0,0,0,23,46,1,,,,,,,,,,,,,,,,,,,,,,,,,,,,,,,,,,,,,,,,,,,,,,,,,,,,,,,,,,,,,,,,,,,,,,,,,,,,,,,,,,,,,,,,,,,,,,,,,,,,,,,,,,,,,,,,,,,,,,,,,,,,,,,,,,,,,,,,,,,,,,,,,,,,,,,,,,,,,,,,,,,,,,,,,,,,,,,,,,,,,,,,,,,,,,,,,,,,,,,,,,,,,,,,,,,,,,,,,,,,,,,,,,,,,,,,,,,,,,,,,,,,,,,,,,,,,,,,,,,,,,,,,,,,,,,,,,,,,,,,,,,,,,,,,,,,,,,,,,,,,,,,,,,,,,,,,,,,,,,,,,,,,,,,,,,,,,,,,,,,,,,,,,,,,,,,,,,,,,,,,,,,,,,,,,
2017-18,serie-a::Football_Team::5872937234574c54ad3b0dae67a37373,opta:Team:4plikfte18rv8v4l89z803d4y,Sampdoria,Sampdoria,SAM,0,0,31,292.105,217,7,7,8,8,11,15,7,9,10,8,9,17,4045.01,1.71,0.03,10.18,12.47,1.47,36.42,26.37,0.05,106.447,1384,10,17,33,54,166,0,934,0,0,0,0,0,0,57,0,111,0,0,0,0,0,0,0,0,3,40,20,12,4,250,222,222,47,0,0,0,0,411,474,38,153,56,60,0,56,3,20,36,4,12,1002,0,0,0,0,0,221,0,10,7,88,8,1,0,0,0,0,0,0,111,0,0,0,0,0,0,6,16,53,408,54,0,387,0,0,0,16,65,2,,,,,,,,,,,,,,,,,,,,,,,,,,,,,,,,,,,,,,,,,,,,,,,,,,,,,,,,,,,,,,,,,,,,,,,,,,,,,,,,,,,,,,,,,,,,,,,,,,,,,,,,,,,,,,,,,,,,,,,,,,,,,,,,,,,,,,,,,,,,,,,,,,,,,,,,,,,,,,,,,,,,,,,,,,,,,,,,,,,,,,,,,,,,,,,,,,,,,,,,,,,,,,,,,,,,,,,,,,,,,,,,,,,,,,,,,,,,,,,,,,,,,,,,,,,,,,,,,,,,,,,,,,,,,,,,,,,,,,,,,,,,,,,,,,,,,,,,,,,,,,,,,,,,,,,,,,,,,,,,,,,,,,,,,,,,,,,,,,,,,,,,,,,,,,,,,,,,,,,,,,,,,,,,,,
2017-18,serie-a::Football_Team::b70390ba4e3c4bc2947a37617d53e8a3,opta:Team:6tuibxq39fdryu8ou06wcm0q3,Sassuolo,Sassuolo,SAS,0,0,13,307.684,190,1,5,4,6,9,4,4,5,10,11,15,14,4131.2,2.13,0.08,10.13,14.32,0.76,35.32,28.21,0.11,108.715,1342,11,8,42,43,187,0,924,0,0,0,0,0,0,51,0,75,0,0,0,0,0,0,0,0,3,37,18,9,7,240,196,196,60,0,0,0,0,457,544,38,144,29,59,0,29,7,22,11,8,4,1072,0,0,0,0,0,198,0,3,4,40,10,3,0,0,0,0,0,0,75,0,0,0,0,0,0,10,17,81,477,43,0,385,0,0,0,11,81,4,,,,,,,,,,,,,,,,,,,,,,,,,,,,,,,,,,,,,,,,,,,,,,,,,,,,,,,,,,,,,,,,,,,,,,,,,,,,,,,,,,,,,,,,,,,,,,,,,,,,,,,,,,,,,,,,,,,,,,,,,,,,,,,,,,,,,,,,,,,,,,,,,,,,,,,,,,,,,,,,,,,,,,,,,,,,,,,,,,,,,,,,,,,,,,,,,,,,,,,,,,,,,,,,,,,,,,,,,,,,,,,,,,,,,,,,,,,,,,,,,,,,,,,,,,,,,,,,,,,,,,,,,,,,,,,,,,,,,,,,,,,,,,,,,,,,,,,,,,,,,,,,,,,,,,,,,,,,,,,,,,,,,,,,,,,,,,,,,,,,,,,,,,,,,,,,,,,,,,,,,,,,,,,,,,
2017-18,serie-a::Football_Team::400b26f5dd1742b092e9f848f7637aa1,emg:Team:SPAL|opta:Team:1vgjxh0up351qa1q54ifmyxa1,Spal,Spal,SPA,0,0,14,277.078,200,3,10,6,5,7,8,10,10,10,12,5,12,4120.74,2.55,0.05,7.66,15.79,1.03,33.79,24.97,0.05,108.44,1284,17,11,35,38,134,0,772,0,0,0,0,0,0,54,0,71,0,0,0,0,0,0,0,0,6,30,17,10,3,203,175,175,52,0,0,0,0,457,600,38,156,39,59,0,39,8,29,22,6,5,949,0,0,0,0,0,157,0,12,5,83,6,2,0,0,0,0,0,0,71,0,0,0,0,0,0,14,16,93,417,38,0,291,0,0,0,8,97,2,,,,,,,,,,,,,,,,,,,,,,,,,,,,,,,,,,,,,,,,,,,,,,,,,,,,,,,,,,,,,,,,,,,,,,,,,,,,,,,,,,,,,,,,,,,,,,,,,,,,,,,,,,,,,,,,,,,,,,,,,,,,,,,,,,,,,,,,,,,,,,,,,,,,,,,,,,,,,,,,,,,,,,,,,,,,,,,,,,,,,,,,,,,,,,,,,,,,,,,,,,,,,,,,,,,,,,,,,,,,,,,,,,,,,,,,,,,,,,,,,,,,,,,,,,,,,,,,,,,,,,,,,,,,,,,,,,,,,,,,,,,,,,,,,,,,,,,,,,,,,,,,,,,,,,,,,,,,,,,,,,,,,,,,,,,,,,,,,,,,,,,,,,,,,,,,,,,,,,,,,,,,,,,,,,
2017-18,serie-a::Football_Team::a55dcc2058e94976b572262fc564a74c,opta:Team:7gnly6999wao1xarwct4p8fe9,Torino,Torino,TOR,0,0,27,301.21,144,6,8,6,11,13,10,6,8,9,10,4,9,4027.92,1.84,0.03,9.84,13.13,1.42,37.63,27.71,0.11,105.997,1430,9,14,23,54,169,0,866,0,0,0,0,0,0,55,0,95,0,0,0,0,0,0,0,0,9,28,25,5,5,285,174,174,60,0,0,0,0,544,499,38,136,54,46,0,54,6,18,29,5,8,1053,0,0,0,0,0,205,0,8,0,0,2,1,0,0,0,0,0,0,95,0,0,0,0,0,0,15,10,78,357,54,0,374,0,0,0,13,70,4,,,,,,,,,,,,,,,,,,,,,,,,,,,,,,,,,,,,,,,,,,,,,,,,,,,,,,,,,,,,,,,,,,,,,,,,,,,,,,,,,,,,,,,,,,,,,,,,,,,,,,,,,,,,,,,,,,,,,,,,,,,,,,,,,,,,,,,,,,,,,,,,,,,,,,,,,,,,,,,,,,,,,,,,,,,,,,,,,,,,,,,,,,,,,,,,,,,,,,,,,,,,,,,,,,,,,,,,,,,,,,,,,,,,,,,,,,,,,,,,,,,,,,,,,,,,,,,,,,,,,,,,,,,,,,,,,,,,,,,,,,,,,,,,,,,,,,,,,,,,,,,,,,,,,,,,,,,,,,,,,,,,,,,,,,,,,,,,,,,,,,,,,,,,,,,,,,,,,,,,,,,,,,,,,,
2017-18,serie-a::Football_Team::630b1e3631db42498d1b7bc94595c5e0,opta:Team:dxq76zcvnokq07cszdx0i6kve,Udinese,Udinese,UDI,0,0,23,298.263,198,9,5,5,9,10,10,9,9,14,11,10,10,4215.6,1.89,0.11,9.45,9.92,1.26,33.87,25.84,0,110.936,1287,14,10,16,40,185,0,842,0,0,0,0,0,0,48,0,76,0,0,0,0,0,0,0,0,2,33,24,11,6,224,175,175,55,0,0,0,0,505,377,38,122,48,63,0,48,2,30,24,11,6,982,0,0,0,0,0,174,0,6,7,100,7,4,0,0,0,0,0,0,76,0,0,0,0,0,0,4,22,62,437,40,0,359,0,0,0,12,72,0,,,,,,,,,,,,,,,,,,,,,,,,,,,,,,,,,,,,,,,,,,,,,,,,,,,,,,,,,,,,,,,,,,,,,,,,,,,,,,,,,,,,,,,,,,,,,,,,,,,,,,,,,,,,,,,,,,,,,,,,,,,,,,,,,,,,,,,,,,,,,,,,,,,,,,,,,,,,,,,,,,,,,,,,,,,,,,,,,,,,,,,,,,,,,,,,,,,,,,,,,,,,,,,,,,,,,,,,,,,,,,,,,,,,,,,,,,,,,,,,,,,,,,,,,,,,,,,,,,,,,,,,,,,,,,,,,,,,,,,,,,,,,,,,,,,,,,,,,,,,,,,,,,,,,,,,,,,,,,,,,,,,,,,,,,,,,,,,,,,,,,,,,,,,,,,,,,,,,,,,,,,,,,,,,,
2017-18,serie-a::Football_Team::be24fc024dd946ebbeb957ee6e796a2a,opta:Team:ap6blbxhq9elm62vw6tutzlwg,Verona,Hellas Verona,VER,0,0,14,303,199,6,8,3,3,3,7,10,14,10,15,14,15,4130.85,2.39,0.05,6.87,10.11,0.79,35.08,27.08,0.11,108.706,1333,19,18,37,25,134,0,676,0,0,0,0,0,0,49,0,52,0,0,0,0,0,0,0,0,3,43,16,14,2,164,143,143,50,0,0,0,0,483,384,38,200,30,78,0,30,1,35,14,13,5,1029,0,0,0,0,0,127,0,8,7,100,7,2,0,0,0,0,0,0,52,0,0,0,0,0,0,4,27,81,401,25,0,261,0,0,0,7,91,4,,,,,,,,,,,,,,,,,,,,,,,,,,,,,,,,,,,,,,,,,,,,,,,,,,,,,,,,,,,,,,,,,,,,,,,,,,,,,,,,,,,,,,,,,,,,,,,,,,,,,,,,,,,,,,,,,,,,,,,,,,,,,,,,,,,,,,,,,,,,,,,,,,,,,,,,,,,,,,,,,,,,,,,,,,,,,,,,,,,,,,,,,,,,,,,,,,,,,,,,,,,,,,,,,,,,,,,,,,,,,,,,,,,,,,,,,,,,,,,,,,,,,,,,,,,,,,,,,,,,,,,,,,,,,,,,,,,,,,,,,,,,,,,,,,,,,,,,,,,,,,,,,,,,,,,,,,,,,,,,,,,,,,,,,,,,,,,,,,,,,,,,,,,,,,,,,,,,,,,,,,,,,,,,,,
2018-19,serie-a::Football_Team::b5846a2413804c2e8cab8b773b18370a,opta:Team:e75syeuawg3ql8nwpi3vr2btz,Atalanta,Atalanta,ATA,0,0,56,324.947,165,9,21,9,13,10,15,11,9,2,5,8,11,4173.07,1.61,0.05,12.42,12.89,2.03,30.03,26.03,0.03,109.817,1141,3,10,19,69,218,0,2269,0,0,0,0,0,0,54,0,56,0,0,0,0,0,0,0,0,4,27,41,5,10,314,242,242,62,0,0,0,0,428,490,38,97,77,46,0,77,5,19,36,4,10,989,0,0,0,0,0,254,0,5,2,50,4,2,0,0,0,0,0,0,56,0,0,0,0,0,0,9,9,69,431,69,0,472,0,0,0,20,61,1,,,,,,,,,,,,,,,,,,,,,,,,,,,,,,,,,,,,,,,,,,,,,,,,,,,,,,,,,,,,,,,,,,,,,,,,,,,,,,,,,,,,,,,,,,,,,,,,,,,,,,,,,,,,,,,,,,,,,,,,,,,,,,,,,,,,,,,,,,,,,,,,,,,,,,,,,,,,,,,,,,,,,,,,,,,,,,,,,,,,,,,,,,,,,,,,,,,,,,,,,,,,,,,,,,,,,,,,,,,,,,,,,,,,,,,,,,,,,,,,,,,,,,,,,,,,,,,,,,,,,,,,,,,,,,,,,,,,,,,,,,,,,,,,,,,,,,,,,,,,,,,,,,,,,,,,,,,,,,,,,,,,,,,,,,,,,,,,,,,,,,,,,,,,,,,,,,,,,,,,,,,,,,,,,,
2018-19,serie-a::Football_Team::4af71b35aab34ad5a7d06148abe66ad6,opta:Team:ej5er0oyngdw138yuumwqbyqt,Bologna,Bologna,BOL,0,0,32,310.973,182,3,11,4,8,10,12,11,7,10,11,5,12,4202.65,2.29,0.08,9.92,13.32,1.26,27.58,25.42,0.08,110.596,1048,10,7,19,44,176,0,1879,0,0,0,0,0,0,53,0,32,0,0,0,0,0,0,0,0,7,34,20,10,2,228,207,207,58,0,0,0,0,508,506,38,131,48,56,0,48,4,22,28,6,9,966,0,0,0,0,0,201,0,4,5,100,5,3,0,0,0,0,0,0,32,0,0,0,0,0,0,11,16,87,435,44,0,377,0,0,0,11,87,3,,,,,,,,,,,,,,,,,,,,,,,,,,,,,,,,,,,,,,,,,,,,,,,,,,,,,,,,,,,,,,,,,,,,,,,,,,,,,,,,,,,,,,,,,,,,,,,,,,,,,,,,,,,,,,,,,,,,,,,,,,,,,,,,,,,,,,,,,,,,,,,,,,,,,,,,,,,,,,,,,,,,,,,,,,,,,,,,,,,,,,,,,,,,,,,,,,,,,,,,,,,,,,,,,,,,,,,,,,,,,,,,,,,,,,,,,,,,,,,,,,,,,,,,,,,,,,,,,,,,,,,,,,,,,,,,,,,,,,,,,,,,,,,,,,,,,,,,,,,,,,,,,,,,,,,,,,,,,,,,,,,,,,,,,,,,,,,,,,,,,,,,,,,,,,,,,,,,,,,,,,,,,,,,,,
2018-19,serie-a::Football_Team::25aecd0eda3e4453aabd9a9d5e7fba0d,opta:Team:5rwlg5cfv1hu7yf0ek1zxpzy3,Cagliari,Cagliari,CAG,0,0,28,297.868,171,4,3,4,8,9,8,11,10,5,6,8,14,4140.03,2.37,0.11,8.66,11.82,0.95,28.79,24.76,0.13,108.948,1094,15,13,33,41,180,0,1870,0,0,0,0,0,0,45,0,28,0,0,0,0,0,0,0,0,5,34,13,12,2,181,190,190,60,0,0,0,0,568,449,38,164,36,54,0,36,6,20,23,5,8,941,0,0,0,0,0,149,0,10,2,67,3,4,0,0,0,0,0,0,28,0,0,0,0,0,0,11,17,60,426,41,0,329,0,0,0,10,90,5,,,,,,,,,,,,,,,,,,,,,,,,,,,,,,,,,,,,,,,,,,,,,,,,,,,,,,,,,,,,,,,,,,,,,,,,,,,,,,,,,,,,,,,,,,,,,,,,,,,,,,,,,,,,,,,,,,,,,,,,,,,,,,,,,,,,,,,,,,,,,,,,,,,,,,,,,,,,,,,,,,,,,,,,,,,,,,,,,,,,,,,,,,,,,,,,,,,,,,,,,,,,,,,,,,,,,,,,,,,,,,,,,,,,,,,,,,,,,,,,,,,,,,,,,,,,,,,,,,,,,,,,,,,,,,,,,,,,,,,,,,,,,,,,,,,,,,,,,,,,,,,,,,,,,,,,,,,,,,,,,,,,,,,,,,,,,,,,,,,,,,,,,,,,,,,,,,,,,,,,,,,,,,,,,,
2018-19,serie-a::Football_Team::932436fc26554d5b8348826cbefd28ab,emg:Team:CHIEVO|opta:Team:4mxe5plwgr0m363hvpm56wd4c,Chievoverona,Chievoverona,CHI,0,0,15,308.263,159,0,6,2,2,7,8,11,18,7,8,13,18,4235.97,2.74,0.03,7.34,12.42,0.66,30.05,24.32,0.16,111.472,1142,20,16,35,17,143,0,1601,0,0,0,0,0,0,49,0,15,0,0,0,0,0,0,0,0,7,38,11,11,1,140,131,131,63,0,0,0,0,580,472,38,147,25,75,0,25,7,37,14,11,1,924,0,0,0,0,0,136,0,4,4,67,6,1,0,0,0,0,0,0,15,0,0,0,0,0,0,14,22,76,432,17,0,279,0,0,0,2,104,6,,,,,,,,,,,,,,,,,,,,,,,,,,,,,,,,,,,,,,,,,,,,,,,,,,,,,,,,,,,,,,,,,,,,,,,,,,,,,,,,,,,,,,,,,,,,,,,,,,,,,,,,,,,,,,,,,,,,,,,,,,,,,,,,,,,,,,,,,,,,,,,,,,,,,,,,,,,,,,,,,,,,,,,,,,,,,,,,,,,,,,,,,,,,,,,,,,,,,,,,,,,,,,,,,,,,,,,,,,,,,,,,,,,,,,,,,,,,,,,,,,,,,,,,,,,,,,,,,,,,,,,,,,,,,,,,,,,,,,,,,,,,,,,,,,,,,,,,,,,,,,,,,,,,,,,,,,,,,,,,,,,,,,,,,,,,,,,,,,,,,,,,,,,,,,,,,,,,,,,,,,,,,,,,,,
2018-19,serie-a::Football_Team::4de00d41f5654013b192a9515df5bf39,opta:Team:8le3orkfz6iix3jns6g9ojqjg,Empoli,Empoli,EMP,0,0,32,292.473,198,6,11,10,6,8,10,9,11,2,13,20,15,4071.34,1.89,0.05,8.55,11.39,1.34,28.87,24.05,0.03,107.14,1097,18,11,45,38,141,0,1878,0,0,0,0,0,0,57,0,32,0,0,0,0,0,0,0,0,5,40,18,13,1,224,188,188,48,0,0,0,0,446,433,38,176,51,70,0,51,3,30,33,7,9,914,0,0,0,0,0,184,0,8,4,57,7,2,0,0,0,0,0,0,32,0,0,0,0,0,0,8,20,76,380,38,0,325,0,0,0,10,72,1,,,,,,,,,,,,,,,,,,,,,,,,,,,,,,,,,,,,,,,,,,,,,,,,,,,,,,,,,,,,,,,,,,,,,,,,,,,,,,,,,,,,,,,,,,,,,,,,,,,,,,,,,,,,,,,,,,,,,,,,,,,,,,,,,,,,,,,,,,,,,,,,,,,,,,,,,,,,,,,,,,,,,,,,,,,,,,,,,,,,,,,,,,,,,,,,,,,,,,,,,,,,,,,,,,,,,,,,,,,,,,,,,,,,,,,,,,,,,,,,,,,,,,,,,,,,,,,,,,,,,,,,,,,,,,,,,,,,,,,,,,,,,,,,,,,,,,,,,,,,,,,,,,,,,,,,,,,,,,,,,,,,,,,,,,,,,,,,,,,,,,,,,,,,,,,,,,,,,,,,,,,,,,,,,,
2018-19,serie-a::Football_Team::5bce12d5bd864c2297695d970f92576d,opta:Team:4raiad4l2j5lkfaz92pk4osb,Fiorentina,Fiorentina,FIO,0,0,20,295.921,207,9,7,3,9,5,14,3,9,3,5,13,12,4075.42,2.32,0.08,10.89,13.08,1.24,29.5,24.37,0.05,107.247,1121,16,8,26,41,199,0,1903,0,0,0,0,0,0,52,0,20,0,0,0,0,0,0,0,0,8,26,22,8,3,257,236,236,54,0,0,0,0,543,497,38,111,47,45,0,47,9,19,25,5,5,926,0,0,0,0,0,215,0,6,5,83,6,3,0,0,0,0,0,0,20,0,0,0,0,0,0,17,13,47,448,41,0,414,0,0,0,8,88,2,,,,,,,,,,,,,,,,,,,,,,,,,,,,,,,,,,,,,,,,,,,,,,,,,,,,,,,,,,,,,,,,,,,,,,,,,,,,,,,,,,,,,,,,,,,,,,,,,,,,,,,,,,,,,,,,,,,,,,,,,,,,,,,,,,,,,,,,,,,,,,,,,,,,,,,,,,,,,,,,,,,,,,,,,,,,,,,,,,,,,,,,,,,,,,,,,,,,,,,,,,,,,,,,,,,,,,,,,,,,,,,,,,,,,,,,,,,,,,,,,,,,,,,,,,,,,,,,,,,,,,,,,,,,,,,,,,,,,,,,,,,,,,,,,,,,,,,,,,,,,,,,,,,,,,,,,,,,,,,,,,,,,,,,,,,,,,,,,,,,,,,,,,,,,,,,,,,,,,,,,,,,,,,,,,
2018-19,serie-a::Football_Team::b283fcc0aeda401bb081fcd764e290db,opta:Team:5khizzei8z0qbb7exz622wxw3,Frosinone,Frosinone,FRO,0,0,21,272.105,193,5,4,3,6,5,6,9,14,9,8,14,15,4086,2.61,0.03,8.34,13.84,0.76,25.95,21.79,0.03,107.526,986,19,20,22,25,174,0,1632,0,0,0,0,0,0,45,0,21,0,0,0,0,0,0,0,0,4,31,15,11,4,152,160,160,58,0,0,0,0,551,526,38,150,29,69,0,29,6,38,14,12,1,828,0,0,0,0,0,143,0,5,4,80,5,1,0,0,0,0,0,0,21,0,0,0,0,0,0,10,23,75,462,25,0,317,0,0,0,5,99,1,,,,,,,,,,,,,,,,,,,,,,,,,,,,,,,,,,,,,,,,,,,,,,,,,,,,,,,,,,,,,,,,,,,,,,,,,,,,,,,,,,,,,,,,,,,,,,,,,,,,,,,,,,,,,,,,,,,,,,,,,,,,,,,,,,,,,,,,,,,,,,,,,,,,,,,,,,,,,,,,,,,,,,,,,,,,,,,,,,,,,,,,,,,,,,,,,,,,,,,,,,,,,,,,,,,,,,,,,,,,,,,,,,,,,,,,,,,,,,,,,,,,,,,,,,,,,,,,,,,,,,,,,,,,,,,,,,,,,,,,,,,,,,,,,,,,,,,,,,,,,,,,,,,,,,,,,,,,,,,,,,,,,,,,,,,,,,,,,,,,,,,,,,,,,,,,,,,,,,,,,,,,,,,,,,
2018-19,serie-a::Football_Team::8c7aa94d22f44738951748e2ccdf319a,opta:Team:4kumqzwifv478caxed8zywlh3,Genoa,Genoa,GEN,0,0,23,291.815,179,2,4,6,9,11,7,8,9,8,7,15,10,4029.82,2.42,0.13,9.66,12.66,1.03,27.87,25.92,0.05,106.047,1059,17,19,26,38,190,0,1905,0,0,0,0,0,0,48,0,23,0,0,0,0,0,0,0,0,6,35,18,11,2,196,186,186,61,0,0,0,0,545,481,38,132,39,57,0,39,8,22,21,5,6,985,0,0,0,0,0,177,0,6,4,80,5,5,0,0,0,0,0,0,23,0,0,0,0,0,0,14,16,64,458,38,0,367,0,0,0,8,92,2,,,,,,,,,,,,,,,,,,,,,,,,,,,,,,,,,,,,,,,,,,,,,,,,,,,,,,,,,,,,,,,,,,,,,,,,,,,,,,,,,,,,,,,,,,,,,,,,,,,,,,,,,,,,,,,,,,,,,,,,,,,,,,,,,,,,,,,,,,,,,,,,,,,,,,,,,,,,,,,,,,,,,,,,,,,,,,,,,,,,,,,,,,,,,,,,,,,,,,,,,,,,,,,,,,,,,,,,,,,,,,,,,,,,,,,,,,,,,,,,,,,,,,,,,,,,,,,,,,,,,,,,,,,,,,,,,,,,,,,,,,,,,,,,,,,,,,,,,,,,,,,,,,,,,,,,,,,,,,,,,,,,,,,,,,,,,,,,,,,,,,,,,,,,,,,,,,,,,,,,,,,,,,,,,,
2018-19,serie-a::Football_Team::b7421caff23448c49134fa4f9095ee09,opta:Team:3vo5mpj7catp66nrwwqiuhuup,Inter,Internazionale,INT,0,0,34,325.894,323,9,7,3,8,10,20,4,4,2,11,4,8,4184.47,1.87,0.03,11.92,12.5,1.5,30.13,27.5,0.05,110.117,1145,4,6,24,69,215,0,2150,0,0,0,0,0,0,53,0,34,0,0,0,0,0,0,0,0,4,23,30,6,9,312,301,301,55,0,0,0,0,459,475,38,105,57,33,0,57,5,10,27,3,11,1045,0,0,0,0,0,238,0,5,8,89,9,1,0,0,0,0,0,0,34,0,0,0,0,0,0,9,9,65,725,69,0,453,0,0,0,20,71,2,,,,,,,,,,,,,,,,,,,,,,,,,,,,,,,,,,,,,,,,,,,,,,,,,,,,,,,,,,,,,,,,,,,,,,,,,,,,,,,,,,,,,,,,,,,,,,,,,,,,,,,,,,,,,,,,,,,,,,,,,,,,,,,,,,,,,,,,,,,,,,,,,,,,,,,,,,,,,,,,,,,,,,,,,,,,,,,,,,,,,,,,,,,,,,,,,,,,,,,,,,,,,,,,,,,,,,,,,,,,,,,,,,,,,,,,,,,,,,,,,,,,,,,,,,,,,,,,,,,,,,,,,,,,,,,,,,,,,,,,,,,,,,,,,,,,,,,,,,,,,,,,,,,,,,,,,,,,,,,,,,,,,,,,,,,,,,,,,,,,,,,,,,,,,,,,,,,,,,,,,,,,,,,,,,
2018-19,serie-a::Football_Team::0ae9210dce6f4f9b9d50aeeb19b0d371,opta:Team:bqbbqm98ud8obe45ds9ohgyrd,Juventus,Juventus,JUV,0,0,40,298.631,236,10,7,10,18,10,15,3,4,3,6,6,8,4109.07,1.95,0.05,11.55,11.97,1.84,33.11,26.95,0.05,108.133,1258,1,12,13,90,213,0,1974,0,0,0,0,0,0,51,0,40,0,0,0,0,0,0,0,0,2,17,31,4,13,271,243,243,58,0,0,0,0,455,455,38,90,70,30,0,70,4,13,39,0,15,1024,0,0,0,0,0,226,0,4,7,88,8,2,0,0,0,0,0,0,40,0,0,0,0,0,0,6,4,76,560,90,0,439,0,0,0,28,74,2,,,,,,,,,,,,,,,,,,,,,,,,,,,,,,,,,,,,,,,,,,,,,,,,,,,,,,,,,,,,,,,,,,,,,,,,,,,,,,,,,,,,,,,,,,,,,,,,,,,,,,,,,,,,,,,,,,,,,,,,,,,,,,,,,,,,,,,,,,,,,,,,,,,,,,,,,,,,,,,,,,,,,,,,,,,,,,,,,,,,,,,,,,,,,,,,,,,,,,,,,,,,,,,,,,,,,,,,,,,,,,,,,,,,,,,,,,,,,,,,,,,,,,,,,,,,,,,,,,,,,,,,,,,,,,,,,,,,,,,,,,,,,,,,,,,,,,,,,,,,,,,,,,,,,,,,,,,,,,,,,,,,,,,,,,,,,,,,,,,,,,,,,,,,,,,,,,,,,,,,,,,,,,,,,,
2018-19,serie-a::Football_Team::fe6490f2b16e45be9956a1cd04aaf3a2,opta:Team:btcy9nra9ak4m22ovr2ia6m5v,Lazio,Lazio,LAZ,0,0,34,313.921,185,8,8,11,11,8,10,2,11,6,7,6,14,4165.89,2.32,0.08,11.45,10.21,1.47,30.18,27.24,0.03,109.628,1147,8,10,27,59,205,0,2037,0,0,0,0,0,0,53,0,34,0,0,0,0,0,0,0,0,3,21,20,8,8,262,226,226,56,0,0,0,0,496,388,38,116,56,46,0,56,5,25,36,5,9,1035,0,0,0,0,0,230,0,6,6,100,6,3,0,0,0,0,0,0,34,0,0,0,0,0,0,8,13,98,417,59,0,435,0,0,0,17,88,1,,,,,,,,,,,,,,,,,,,,,,,,,,,,,,,,,,,,,,,,,,,,,,,,,,,,,,,,,,,,,,,,,,,,,,,,,,,,,,,,,,,,,,,,,,,,,,,,,,,,,,,,,,,,,,,,,,,,,,,,,,,,,,,,,,,,,,,,,,,,,,,,,,,,,,,,,,,,,,,,,,,,,,,,,,,,,,,,,,,,,,,,,,,,,,,,,,,,,,,,,,,,,,,,,,,,,,,,,,,,,,,,,,,,,,,,,,,,,,,,,,,,,,,,,,,,,,,,,,,,,,,,,,,,,,,,,,,,,,,,,,,,,,,,,,,,,,,,,,,,,,,,,,,,,,,,,,,,,,,,,,,,,,,,,,,,,,,,,,,,,,,,,,,,,,,,,,,,,,,,,,,,,,,,,,
2018-19,serie-a::Football_Team::d0867ddf777c41789ca282b8276002b0,opta:Team:9dntj5dioj5ex52yrgwzxrq9l,Milan,Milan,MIL,0,0,31,285.447,230,5,12,7,13,11,7,5,10,2,9,3,7,4126.58,2.05,0.08,11.13,12.39,1.45,29.61,25.58,0.05,108.594,1125,5,14,23,68,191,0,1887,0,0,0,0,0,0,55,0,31,0,0,0,0,0,0,0,0,7,19,24,5,7,263,229,229,54,0,0,0,0,444,471,38,115,55,36,0,55,4,17,31,3,12,972,0,0,0,0,0,232,0,5,3,75,4,3,0,0,0,0,0,0,31,0,0,0,0,0,0,11,8,63,502,68,0,423,0,0,0,19,78,2,,,,,,,,,,,,,,,,,,,,,,,,,,,,,,,,,,,,,,,,,,,,,,,,,,,,,,,,,,,,,,,,,,,,,,,,,,,,,,,,,,,,,,,,,,,,,,,,,,,,,,,,,,,,,,,,,,,,,,,,,,,,,,,,,,,,,,,,,,,,,,,,,,,,,,,,,,,,,,,,,,,,,,,,,,,,,,,,,,,,,,,,,,,,,,,,,,,,,,,,,,,,,,,,,,,,,,,,,,,,,,,,,,,,,,,,,,,,,,,,,,,,,,,,,,,,,,,,,,,,,,,,,,,,,,,,,,,,,,,,,,,,,,,,,,,,,,,,,,,,,,,,,,,,,,,,,,,,,,,,,,,,,,,,,,,,,,,,,,,,,,,,,,,,,,,,,,,,,,,,,,,,,,,,,,
2018-19,serie-a::Football_Team::f791dab8f0e4449e9884dd8dbd42dbcc,opta:Team:gi0l1habji5hpgar77dl5jqe,Napoli,Napoli,NAP,0,0,51,330.684,222,11,11,9,11,9,23,3,7,6,4,8,8,4121.28,1.84,0.08,14.47,10.55,1.95,32.76,25.71,0.05,108.454,1245,2,7,20,79,258,0,2176,0,0,0,0,0,0,53,0,51,0,0,0,0,0,0,0,0,3,20,33,5,11,327,255,255,55,0,0,0,0,401,401,38,110,74,36,0,74,4,16,41,2,13,977,0,0,0,0,0,292,0,4,3,75,4,3,0,0,0,0,0,0,51,0,0,0,0,0,0,7,7,85,498,79,0,550,0,0,0,24,70,2,,,,,,,,,,,,,,,,,,,,,,,,,,,,,,,,,,,,,,,,,,,,,,,,,,,,,,,,,,,,,,,,,,,,,,,,,,,,,,,,,,,,,,,,,,,,,,,,,,,,,,,,,,,,,,,,,,,,,,,,,,,,,,,,,,,,,,,,,,,,,,,,,,,,,,,,,,,,,,,,,,,,,,,,,,,,,,,,,,,,,,,,,,,,,,,,,,,,,,,,,,,,,,,,,,,,,,,,,,,,,,,,,,,,,,,,,,,,,,,,,,,,,,,,,,,,,,,,,,,,,,,,,,,,,,,,,,,,,,,,,,,,,,,,,,,,,,,,,,,,,,,,,,,,,,,,,,,,,,,,,,,,,,,,,,,,,,,,,,,,,,,,,,,,,,,,,,,,,,,,,,,,,,,,,,
2018-19,serie-a::Football_Team::3294993c79b14d918ccdc78da0fb90c5,opta:Team:5aosfavi55p40c65lkriqnqnl,Parma,Parma,PAR,0,0,20,276.947,102,7,6,7,5,7,9,4,11,6,18,9,13,4060.2,2.13,0.03,7.05,11.45,1.08,30.32,21.71,0.05,106.847,1152,14,18,28,41,134,0,1449,0,0,0,0,0,0,50,0,20,0,0,0,0,0,0,0,0,4,36,23,10,5,153,144,144,58,0,0,0,0,487,435,38,163,41,61,0,41,7,25,18,7,5,825,0,0,0,0,0,134,0,8,4,80,5,1,0,0,0,0,0,0,20,0,0,0,0,0,0,11,17,91,240,41,0,268,0,0,0,10,81,2,,,,,,,,,,,,,,,,,,,,,,,,,,,,,,,,,,,,,,,,,,,,,,,,,,,,,,,,,,,,,,,,,,,,,,,,,,,,,,,,,,,,,,,,,,,,,,,,,,,,,,,,,,,,,,,,,,,,,,,,,,,,,,,,,,,,,,,,,,,,,,,,,,,,,,,,,,,,,,,,,,,,,,,,,,,,,,,,,,,,,,,,,,,,,,,,,,,,,,,,,,,,,,,,,,,,,,,,,,,,,,,,,,,,,,,,,,,,,,,,,,,,,,,,,,,,,,,,,,,,,,,,,,,,,,,,,,,,,,,,,,,,,,,,,,,,,,,,,,,,,,,,,,,,,,,,,,,,,,,,,,,,,,,,,,,,,,,,,,,,,,,,,,,,,,,,,,,,,,,,,,,,,,,,,,
2018-19,serie-a::Football_Team::8ddc09c1aa73448da2dff953edd95d82,opta:Team:2tk2l9sgktwc9jhzqdd4mpdtb,Roma,Roma,ROM,0,0,40,302.552,202,14,12,6,8,13,13,5,10,5,6,9,13,4067.22,2.26,0,12,10.39,1.74,34.5,25.05,0.05,107.032,1311,6,18,30,66,200,0,2053,0,0,0,0,0,0,56,0,40,0,0,0,0,0,0,0,0,7,22,23,6,6,276,228,228,60,0,0,0,0,453,395,38,121,66,48,0,66,5,26,43,2,12,952,0,0,0,0,0,256,0,7,6,100,6,0,0,0,0,0,0,0,40,0,0,0,0,0,0,12,8,50,503,66,0,456,0,0,0,18,86,2,,,,,,,,,,,,,,,,,,,,,,,,,,,,,,,,,,,,,,,,,,,,,,,,,,,,,,,,,,,,,,,,,,,,,,,,,,,,,,,,,,,,,,,,,,,,,,,,,,,,,,,,,,,,,,,,,,,,,,,,,,,,,,,,,,,,,,,,,,,,,,,,,,,,,,,,,,,,,,,,,,,,,,,,,,,,,,,,,,,,,,,,,,,,,,,,,,,,,,,,,,,,,,,,,,,,,,,,,,,,,,,,,,,,,,,,,,,,,,,,,,,,,,,,,,,,,,,,,,,,,,,,,,,,,,,,,,,,,,,,,,,,,,,,,,,,,,,,,,,,,,,,,,,,,,,,,,,,,,,,,,,,,,,,,,,,,,,,,,,,,,,,,,,,,,,,,,,,,,,,,,,,,,,,,,
2018-19,serie-a::Football_Team::5872937234574c54ad3b0dae67a37373,opta:Team:4plikfte18rv8v4l89z803d4y,Sampdoria,Sampdoria,SAM,0,0,39,298.447,142,9,10,5,11,10,15,7,5,9,11,6,13,4022.03,2.29,0,9.45,13.03,1.58,32.66,25.53,0.08,105.842,1241,9,16,27,53,154,0,1909,0,0,0,0,0,0,57,0,39,0,0,0,0,0,0,0,0,6,35,32,8,5,215,168,168,57,0,0,0,0,476,495,38,104,60,51,0,60,2,16,28,7,10,970,0,0,0,0,0,205,0,8,10,83,12,0,0,0,0,0,0,0,39,0,0,0,0,0,0,8,15,70,333,53,0,359,0,0,0,15,87,3,,,,,,,,,,,,,,,,,,,,,,,,,,,,,,,,,,,,,,,,,,,,,,,,,,,,,,,,,,,,,,,,,,,,,,,,,,,,,,,,,,,,,,,,,,,,,,,,,,,,,,,,,,,,,,,,,,,,,,,,,,,,,,,,,,,,,,,,,,,,,,,,,,,,,,,,,,,,,,,,,,,,,,,,,,,,,,,,,,,,,,,,,,,,,,,,,,,,,,,,,,,,,,,,,,,,,,,,,,,,,,,,,,,,,,,,,,,,,,,,,,,,,,,,,,,,,,,,,,,,,,,,,,,,,,,,,,,,,,,,,,,,,,,,,,,,,,,,,,,,,,,,,,,,,,,,,,,,,,,,,,,,,,,,,,,,,,,,,,,,,,,,,,,,,,,,,,,,,,,,,,,,,,,,,,
2018-19,serie-a::Football_Team::b70390ba4e3c4bc2947a37617d53e8a3,opta:Team:6tuibxq39fdryu8ou06wcm0q3,Sassuolo,Sassuolo,SAS,0,0,32,287.842,129,4,10,5,7,13,14,9,12,5,11,10,13,4112.79,2.21,0.13,9.63,13.74,1.39,30.05,22.66,0.08,108.231,1142,11,12,27,43,184,0,1821,0,0,0,0,0,0,50,0,32,0,0,0,0,0,0,0,0,6,27,20,9,4,199,184,184,65,0,0,0,0,511,522,38,110,53,60,0,53,10,33,33,4,5,861,0,0,0,0,0,182,0,8,5,100,5,5,0,0,0,0,0,0,32,0,0,0,0,0,0,16,13,75,371,43,0,366,0,0,0,9,84,3,,,,,,,,,,,,,,,,,,,,,,,,,,,,,,,,,,,,,,,,,,,,,,,,,,,,,,,,,,,,,,,,,,,,,,,,,,,,,,,,,,,,,,,,,,,,,,,,,,,,,,,,,,,,,,,,,,,,,,,,,,,,,,,,,,,,,,,,,,,,,,,,,,,,,,,,,,,,,,,,,,,,,,,,,,,,,,,,,,,,,,,,,,,,,,,,,,,,,,,,,,,,,,,,,,,,,,,,,,,,,,,,,,,,,,,,,,,,,,,,,,,,,,,,,,,,,,,,,,,,,,,,,,,,,,,,,,,,,,,,,,,,,,,,,,,,,,,,,,,,,,,,,,,,,,,,,,,,,,,,,,,,,,,,,,,,,,,,,,,,,,,,,,,,,,,,,,,,,,,,,,,,,,,,,,
2018-19,serie-a::Football_Team::400b26f5dd1742b092e9f848f7637aa1,emg:Team:SPAL|opta:Team:1vgjxh0up351qa1q54ifmyxa1,Spal,Spal,SPA,0,0,29,309.21,197,7,11,5,10,5,6,6,14,12,5,9,10,4095.65,2.95,0.05,8.71,14.18,1.16,31.74,23.45,0.03,107.78,1206,13,22,16,42,170,0,1777,0,0,0,0,0,0,49,0,29,0,0,0,0,0,0,0,0,2,30,24,11,6,172,196,196,60,0,0,0,0,487,539,38,130,44,56,0,44,7,26,20,7,5,891,0,0,0,0,0,161,0,5,7,88,8,2,0,0,0,0,0,0,29,0,0,0,0,0,0,9,18,35,497,42,0,331,0,0,0,11,112,1,,,,,,,,,,,,,,,,,,,,,,,,,,,,,,,,,,,,,,,,,,,,,,,,,,,,,,,,,,,,,,,,,,,,,,,,,,,,,,,,,,,,,,,,,,,,,,,,,,,,,,,,,,,,,,,,,,,,,,,,,,,,,,,,,,,,,,,,,,,,,,,,,,,,,,,,,,,,,,,,,,,,,,,,,,,,,,,,,,,,,,,,,,,,,,,,,,,,,,,,,,,,,,,,,,,,,,,,,,,,,,,,,,,,,,,,,,,,,,,,,,,,,,,,,,,,,,,,,,,,,,,,,,,,,,,,,,,,,,,,,,,,,,,,,,,,,,,,,,,,,,,,,,,,,,,,,,,,,,,,,,,,,,,,,,,,,,,,,,,,,,,,,,,,,,,,,,,,,,,,,,,,,,,,,,
2018-19,serie-a::Football_Team::a55dcc2058e94976b572262fc564a74c,opta:Team:7gnly6999wao1xarwct4p8fe9,Torino,Torino,TOR,0,0,28,317.842,185,4,19,2,5,12,10,6,3,6,11,5,6,4015.53,2.29,0.08,10.11,14.97,1.37,28.95,26.55,0.03,105.671,1100,7,13,29,63,182,0,1886,0,0,0,0,0,0,53,0,28,0,0,0,0,0,0,0,0,13,18,20,2,4,215,183,183,61,0,0,0,0,602,569,38,121,52,37,0,52,2,19,32,5,12,1009,0,0,0,0,0,202,0,5,5,83,6,3,0,0,0,0,0,0,28,0,0,0,0,0,0,15,7,75,477,63,0,384,0,0,0,16,87,1,,,,,,,,,,,,,,,,,,,,,,,,,,,,,,,,,,,,,,,,,,,,,,,,,,,,,,,,,,,,,,,,,,,,,,,,,,,,,,,,,,,,,,,,,,,,,,,,,,,,,,,,,,,,,,,,,,,,,,,,,,,,,,,,,,,,,,,,,,,,,,,,,,,,,,,,,,,,,,,,,,,,,,,,,,,,,,,,,,,,,,,,,,,,,,,,,,,,,,,,,,,,,,,,,,,,,,,,,,,,,,,,,,,,,,,,,,,,,,,,,,,,,,,,,,,,,,,,,,,,,,,,,,,,,,,,,,,,,,,,,,,,,,,,,,,,,,,,,,,,,,,,,,,,,,,,,,,,,,,,,,,,,,,,,,,,,,,,,,,,,,,,,,,,,,,,,,,,,,,,,,,,,,,,,,
2018-19,serie-a::Football_Team::630b1e3631db42498d1b7bc94595c5e0,opta:Team:dxq76zcvnokq07cszdx0i6kve,Udinese,Udinese,UDI,0,0,27,285.684,127,6,5,3,7,10,8,5,7,6,13,12,10,4000.68,2.32,0.05,9.18,12.18,1.03,30.13,26.16,0.05,105.281,1145,12,11,36,43,190,0,1557,0,0,0,0,0,0,46,0,27,0,0,0,0,0,0,0,0,5,31,17,11,3,186,164,164,61,0,0,0,0,492,463,38,136,39,53,0,39,5,22,22,6,8,994,0,0,0,0,0,159,0,9,3,38,8,2,0,0,0,0,0,0,27,0,0,0,0,0,0,10,17,65,324,43,0,349,0,0,0,11,88,2,,,,,,,,,,,,,,,,,,,,,,,,,,,,,,,,,,,,,,,,,,,,,,,,,,,,,,,,,,,,,,,,,,,,,,,,,,,,,,,,,,,,,,,,,,,,,,,,,,,,,,,,,,,,,,,,,,,,,,,,,,,,,,,,,,,,,,,,,,,,,,,,,,,,,,,,,,,,,,,,,,,,,,,,,,,,,,,,,,,,,,,,,,,,,,,,,,,,,,,,,,,,,,,,,,,,,,,,,,,,,,,,,,,,,,,,,,,,,,,,,,,,,,,,,,,,,,,,,,,,,,,,,,,,,,,,,,,,,,,,,,,,,,,,,,,,,,,,,,,,,,,,,,,,,,,,,,,,,,,,,,,,,,,,,,,,,,,,,,,,,,,,,,,,,,,,,,,,,,,,,,,,,,,,,,
2019-20,serie-a::Football_Team::b5846a2413804c2e8cab8b773b18370a,opta:Team:e75syeuawg3ql8nwpi3vr2btz,Atalanta,Atalanta,ATA,0,0,61,309.736,157,7,19,16,19,18,19,9,8,8,7,7,9,4113.5,2.05,0.03,14.05,13.63,2.58,148.95,121.45,0.03,108.249,5660,3,9,24,78,221,0,2148,0,0,0,0,0,0,59,0,61,0,0,0,0,0,0,0,0,7,22,47,1,11,301,247,247,57,0,0,0,0,534,518,38,102,98,48,0,98,2,26,51,5,12,4615,0,0,0,0,0,313,0,6,7,70,10,1,0,0,0,0,0,0,61,0,0,0,0,0,0,9,6,52,367,78,0,534,0,0,0,23,78,1,,,,,,,,,,,,,,,,,,,,,,,,,,,,,,,,,,,,,,,,,,,,,,,,,,,,,,,,,,,,,,,,,,,,,,,,,,,,,,,,,,,,,,,,,,,,,,,,,,,,,,,,,,,,,,,,,,,,,,,,,,,,,,,,,,,,,,,,,,,,,,,,,,,,,,,,,,,,,,,,,,,,,,,,,,,,,,,,,,,,,,,,,,,,,,,,,,,,,,,,,,,,,,,,,,,,,,,,,,,,,,,,,,,,,,,,,,,,,,,,,,,,,,,,,,,,,,,,,,,,,,,,,,,,,,,,,,,,,,,,,,,,,,,,,,,,,,,,,,,,,,,,,,,,,,,,,,,,,,,,,,,,,,,,,,,,,,,,,,,,,,,,,,,,,,,,,,,,,,,,,,,,,,,,,,
2019-20,serie-a::Football_Team::4af71b35aab34ad5a7d06148abe66ad6,opta:Team:ej5er0oyngdw138yuumwqbyqt,Bologna,Bologna,BOL,0,0,31,309.447,174,5,10,9,6,8,14,5,11,14,11,12,12,4107.66,2.71,0.11,10.84,14.92,1.37,150,119.55,0.08,108.096,5700,12,11,36,47,198,0,1929,0,0,0,0,0,0,52,0,31,0,0,0,0,0,0,0,0,3,36,27,9,7,210,228,228,49,0,0,0,0,590,567,38,144,52,65,0,52,8,29,25,6,5,4543,0,0,0,0,0,214,0,8,5,83,6,4,0,0,0,0,0,0,31,0,0,0,0,0,0,11,15,85,342,47,0,412,0,0,0,12,103,3,,,,,,,,,,,,,,,,,,,,,,,,,,,,,,,,,,,,,,,,,,,,,,,,,,,,,,,,,,,,,,,,,,,,,,,,,,,,,,,,,,,,,,,,,,,,,,,,,,,,,,,,,,,,,,,,,,,,,,,,,,,,,,,,,,,,,,,,,,,,,,,,,,,,,,,,,,,,,,,,,,,,,,,,,,,,,,,,,,,,,,,,,,,,,,,,,,,,,,,,,,,,,,,,,,,,,,,,,,,,,,,,,,,,,,,,,,,,,,,,,,,,,,,,,,,,,,,,,,,,,,,,,,,,,,,,,,,,,,,,,,,,,,,,,,,,,,,,,,,,,,,,,,,,,,,,,,,,,,,,,,,,,,,,,,,,,,,,,,,,,,,,,,,,,,,,,,,,,,,,,,,,,,,,,,
2019-20,serie-a::Football_Team::d96aaab53b6346949e0c9ef0df09cbcb,opta:Team:a80afp6w8wof6ci633u8k93de,Brescia,Brescia,BRE,0,0,22,305.184,127,6,6,6,6,5,6,4,14,13,18,14,16,4070.51,2.34,0.08,7.84,15.18,0.92,141.45,108.58,0.08,107.118,5375,19,23,36,25,137,0,1553,0,0,0,0,0,0,54,0,22,0,0,0,0,0,0,0,0,2,45,14,14,3,158,160,160,58,0,0,0,0,492,577,38,178,35,79,0,35,5,34,21,11,3,4126,0,0,0,0,0,161,0,11,4,100,4,3,0,0,0,0,0,0,22,0,0,0,0,0,0,7,25,68,300,25,0,298,0,0,0,6,89,3,,,,,,,,,,,,,,,,,,,,,,,,,,,,,,,,,,,,,,,,,,,,,,,,,,,,,,,,,,,,,,,,,,,,,,,,,,,,,,,,,,,,,,,,,,,,,,,,,,,,,,,,,,,,,,,,,,,,,,,,,,,,,,,,,,,,,,,,,,,,,,,,,,,,,,,,,,,,,,,,,,,,,,,,,,,,,,,,,,,,,,,,,,,,,,,,,,,,,,,,,,,,,,,,,,,,,,,,,,,,,,,,,,,,,,,,,,,,,,,,,,,,,,,,,,,,,,,,,,,,,,,,,,,,,,,,,,,,,,,,,,,,,,,,,,,,,,,,,,,,,,,,,,,,,,,,,,,,,,,,,,,,,,,,,,,,,,,,,,,,,,,,,,,,,,,,,,,,,,,,,,,,,,,,,,
2019-20,serie-a::Football_Team::25aecd0eda3e4453aabd9a9d5e7fba0d,opta:Team:5rwlg5cfv1hu7yf0ek1zxpzy3,Cagliari,Cagliari,CAG,0,0,31,283.868,159,4,9,10,10,7,12,6,12,7,10,9,12,4003.78,2.71,0.08,9.03,12,1.37,143.39,111.29,0.08,105.362,5449,14,20,42,45,165,0,1712,0,0,0,0,0,0,52,0,31,0,0,0,0,0,0,0,0,8,28,20,7,4,187,152,152,59,0,0,0,0,528,456,38,158,52,56,0,52,4,28,32,8,7,4229,0,0,0,0,0,178,0,9,4,67,6,3,0,0,0,0,0,0,31,0,0,0,0,0,0,12,15,58,385,45,0,343,0,0,0,11,103,3,,,,,,,,,,,,,,,,,,,,,,,,,,,,,,,,,,,,,,,,,,,,,,,,,,,,,,,,,,,,,,,,,,,,,,,,,,,,,,,,,,,,,,,,,,,,,,,,,,,,,,,,,,,,,,,,,,,,,,,,,,,,,,,,,,,,,,,,,,,,,,,,,,,,,,,,,,,,,,,,,,,,,,,,,,,,,,,,,,,,,,,,,,,,,,,,,,,,,,,,,,,,,,,,,,,,,,,,,,,,,,,,,,,,,,,,,,,,,,,,,,,,,,,,,,,,,,,,,,,,,,,,,,,,,,,,,,,,,,,,,,,,,,,,,,,,,,,,,,,,,,,,,,,,,,,,,,,,,,,,,,,,,,,,,,,,,,,,,,,,,,,,,,,,,,,,,,,,,,,,,,,,,,,,,,
2019-20,serie-a::Football_Team::5bce12d5bd864c2297695d970f92576d,opta:Team:4raiad4l2j5lkfaz92pk4osb,Fiorentina,Fiorentina,FIO,0,0,27,296.131,157,5,6,9,10,7,14,2,6,10,9,8,13,4074.51,2.61,0.08,10.39,13.11,1.34,138.32,110.45,0.08,107.223,5256,10,14,34,49,180,0,1745,0,0,0,0,0,0,54,0,27,0,0,0,0,0,0,0,0,5,26,29,7,7,210,209,209,53,0,0,0,0,542,498,38,131,51,48,0,51,8,22,22,6,5,4197,0,0,0,0,0,215,0,11,9,82,11,3,0,0,0,0,0,0,27,0,0,0,0,0,0,13,13,50,337,49,0,395,0,0,0,12,99,3,,,,,,,,,,,,,,,,,,,,,,,,,,,,,,,,,,,,,,,,,,,,,,,,,,,,,,,,,,,,,,,,,,,,,,,,,,,,,,,,,,,,,,,,,,,,,,,,,,,,,,,,,,,,,,,,,,,,,,,,,,,,,,,,,,,,,,,,,,,,,,,,,,,,,,,,,,,,,,,,,,,,,,,,,,,,,,,,,,,,,,,,,,,,,,,,,,,,,,,,,,,,,,,,,,,,,,,,,,,,,,,,,,,,,,,,,,,,,,,,,,,,,,,,,,,,,,,,,,,,,,,,,,,,,,,,,,,,,,,,,,,,,,,,,,,,,,,,,,,,,,,,,,,,,,,,,,,,,,,,,,,,,,,,,,,,,,,,,,,,,,,,,,,,,,,,,,,,,,,,,,,,,,,,,,
2019-20,serie-a::Football_Team::8c7aa94d22f44738951748e2ccdf319a,opta:Team:4kumqzwifv478caxed8zywlh3,Genoa,Genoa,GEN,0,0,26,273.631,162,4,6,8,6,13,10,7,14,3,12,19,18,4044.11,2.55,0.13,8.32,13.63,1.24,143.66,113.11,0.13,106.424,5459,17,6,36,39,136,0,1647,0,0,0,0,0,0,57,0,26,0,0,0,0,0,0,0,0,8,42,23,8,3,180,167,167,55,0,0,0,0,567,518,38,145,47,73,0,47,1,31,24,11,7,4298,0,0,0,0,0,180,0,9,11,69,16,5,0,0,0,0,0,0,26,0,0,0,0,0,0,9,19,58,363,39,0,316,0,0,0,10,97,5,,,,,,,,,,,,,,,,,,,,,,,,,,,,,,,,,,,,,,,,,,,,,,,,,,,,,,,,,,,,,,,,,,,,,,,,,,,,,,,,,,,,,,,,,,,,,,,,,,,,,,,,,,,,,,,,,,,,,,,,,,,,,,,,,,,,,,,,,,,,,,,,,,,,,,,,,,,,,,,,,,,,,,,,,,,,,,,,,,,,,,,,,,,,,,,,,,,,,,,,,,,,,,,,,,,,,,,,,,,,,,,,,,,,,,,,,,,,,,,,,,,,,,,,,,,,,,,,,,,,,,,,,,,,,,,,,,,,,,,,,,,,,,,,,,,,,,,,,,,,,,,,,,,,,,,,,,,,,,,,,,,,,,,,,,,,,,,,,,,,,,,,,,,,,,,,,,,,,,,,,,,,,,,,,,
2019-20,serie-a::Football_Team::b7421caff23448c49134fa4f9095ee09,opta:Team:3vo5mpj7catp66nrwwqiuhuup,Inter,Internazionale,INT,0,0,52,308.421,145,10,13,14,16,15,13,4,8,5,5,4,10,4246.55,2.58,0.11,11.58,11.79,2.13,135.97,108.89,0.08,111.751,5167,2,13,19,82,168,0,1923,0,0,0,0,0,0,62,0,52,0,0,0,0,0,0,0,0,4,19,41,2,13,277,233,233,64,0,0,0,0,564,448,38,89,81,36,0,81,6,17,40,2,11,4138,0,0,0,0,0,272,0,4,10,91,11,4,0,0,0,0,0,0,52,0,0,0,0,0,0,10,4,97,398,82,0,440,0,0,0,24,98,3,,,,,,,,,,,,,,,,,,,,,,,,,,,,,,,,,,,,,,,,,,,,,,,,,,,,,,,,,,,,,,,,,,,,,,,,,,,,,,,,,,,,,,,,,,,,,,,,,,,,,,,,,,,,,,,,,,,,,,,,,,,,,,,,,,,,,,,,,,,,,,,,,,,,,,,,,,,,,,,,,,,,,,,,,,,,,,,,,,,,,,,,,,,,,,,,,,,,,,,,,,,,,,,,,,,,,,,,,,,,,,,,,,,,,,,,,,,,,,,,,,,,,,,,,,,,,,,,,,,,,,,,,,,,,,,,,,,,,,,,,,,,,,,,,,,,,,,,,,,,,,,,,,,,,,,,,,,,,,,,,,,,,,,,,,,,,,,,,,,,,,,,,,,,,,,,,,,,,,,,,,,,,,,,,,
2019-20,serie-a::Football_Team::0ae9210dce6f4f9b9d50aeeb19b0d371,opta:Team:bqbbqm98ud8obe45ds9ohgyrd,Juventus,Juventus,JUV,0,0,46,314.657,152,8,15,9,14,14,16,2,8,7,9,6,11,4132.03,2.18,0.03,12.47,12.66,2,126.89,100.63,0.05,108.737,4822,1,11,28,83,204,0,2004,0,0,0,0,0,0,57,0,46,0,0,0,0,0,0,0,0,3,26,30,6,10,282,235,235,53,0,0,0,0,503,481,38,131,76,43,0,76,2,17,46,1,16,3824,0,0,0,0,0,270,0,12,13,93,14,1,0,0,0,0,0,0,46,0,0,0,0,0,0,5,7,77,324,83,0,474,0,0,0,26,83,2,,,,,,,,,,,,,,,,,,,,,,,,,,,,,,,,,,,,,,,,,,,,,,,,,,,,,,,,,,,,,,,,,,,,,,,,,,,,,,,,,,,,,,,,,,,,,,,,,,,,,,,,,,,,,,,,,,,,,,,,,,,,,,,,,,,,,,,,,,,,,,,,,,,,,,,,,,,,,,,,,,,,,,,,,,,,,,,,,,,,,,,,,,,,,,,,,,,,,,,,,,,,,,,,,,,,,,,,,,,,,,,,,,,,,,,,,,,,,,,,,,,,,,,,,,,,,,,,,,,,,,,,,,,,,,,,,,,,,,,,,,,,,,,,,,,,,,,,,,,,,,,,,,,,,,,,,,,,,,,,,,,,,,,,,,,,,,,,,,,,,,,,,,,,,,,,,,,,,,,,,,,,,,,,,,
2019-20,serie-a::Football_Team::fe6490f2b16e45be9956a1cd04aaf3a2,opta:Team:btcy9nra9ak4m22ovr2ia6m5v,Lazio,Lazio,LAZ,0,0,45,315.736,181,9,11,14,13,14,18,3,7,13,4,9,6,4135.98,2.55,0.05,12.16,10.53,2.08,131.63,105.89,0.03,108.841,5002,4,14,30,78,195,0,1874,0,0,0,0,0,0,58,0,45,0,0,0,0,0,0,0,0,3,25,33,6,10,286,217,217,54,0,0,0,0,456,400,38,133,79,42,0,79,3,17,46,2,14,4024,0,0,0,0,0,267,0,9,15,83,18,2,0,0,0,0,0,0,45,0,0,0,0,0,0,6,8,71,396,78,0,462,0,0,0,24,97,1,,,,,,,,,,,,,,,,,,,,,,,,,,,,,,,,,,,,,,,,,,,,,,,,,,,,,,,,,,,,,,,,,,,,,,,,,,,,,,,,,,,,,,,,,,,,,,,,,,,,,,,,,,,,,,,,,,,,,,,,,,,,,,,,,,,,,,,,,,,,,,,,,,,,,,,,,,,,,,,,,,,,,,,,,,,,,,,,,,,,,,,,,,,,,,,,,,,,,,,,,,,,,,,,,,,,,,,,,,,,,,,,,,,,,,,,,,,,,,,,,,,,,,,,,,,,,,,,,,,,,,,,,,,,,,,,,,,,,,,,,,,,,,,,,,,,,,,,,,,,,,,,,,,,,,,,,,,,,,,,,,,,,,,,,,,,,,,,,,,,,,,,,,,,,,,,,,,,,,,,,,,,,,,,,,
2019-20,serie-a::Football_Team::ced7bf0df3a140dfa48138311122133b,opta:Team:bi1fxjrncd0ram0oi7ja1jyuo,Lecce,Lecce,LEC,0,0,28,282.184,166,3,8,7,12,10,12,8,16,12,14,15,20,4128.85,2.45,0.08,9.89,12.87,1.37,133.39,104.13,0.05,108.653,5069,18,12,48,35,180,0,1568,0,0,0,0,0,0,52,0,28,0,0,0,0,0,0,0,0,3,44,22,11,5,187,182,182,63,0,0,0,0,462,489,38,175,52,85,0,52,5,41,30,10,4,3957,0,0,0,0,0,196,0,13,11,73,15,3,0,0,0,0,0,0,28,0,0,0,0,0,0,8,21,70,448,35,0,376,0,0,0,9,93,2,,,,,,,,,,,,,,,,,,,,,,,,,,,,,,,,,,,,,,,,,,,,,,,,,,,,,,,,,,,,,,,,,,,,,,,,,,,,,,,,,,,,,,,,,,,,,,,,,,,,,,,,,,,,,,,,,,,,,,,,,,,,,,,,,,,,,,,,,,,,,,,,,,,,,,,,,,,,,,,,,,,,,,,,,,,,,,,,,,,,,,,,,,,,,,,,,,,,,,,,,,,,,,,,,,,,,,,,,,,,,,,,,,,,,,,,,,,,,,,,,,,,,,,,,,,,,,,,,,,,,,,,,,,,,,,,,,,,,,,,,,,,,,,,,,,,,,,,,,,,,,,,,,,,,,,,,,,,,,,,,,,,,,,,,,,,,,,,,,,,,,,,,,,,,,,,,,,,,,,,,,,,,,,,,,
2019-20,serie-a::Football_Team::d0867ddf777c41789ca282b8276002b0,opta:Team:9dntj5dioj5ex52yrgwzxrq9l,Milan,Milan,MIL,0,0,35,306.552,173,6,18,11,10,5,13,6,8,3,8,9,12,4073.24,2.45,0.11,11.53,12.08,1.66,141.97,113.08,0.05,107.19,5395,6,11,25,66,197,0,1981,0,0,0,0,0,0,55,0,35,0,0,0,0,0,0,0,0,3,26,32,6,10,244,208,208,53,0,0,0,0,544,459,38,121,63,46,0,63,6,20,31,4,9,4297,0,0,0,0,0,241,0,10,8,89,9,4,0,0,0,0,0,0,35,0,0,0,0,0,0,9,10,64,369,66,0,438,0,0,0,19,93,2,,,,,,,,,,,,,,,,,,,,,,,,,,,,,,,,,,,,,,,,,,,,,,,,,,,,,,,,,,,,,,,,,,,,,,,,,,,,,,,,,,,,,,,,,,,,,,,,,,,,,,,,,,,,,,,,,,,,,,,,,,,,,,,,,,,,,,,,,,,,,,,,,,,,,,,,,,,,,,,,,,,,,,,,,,,,,,,,,,,,,,,,,,,,,,,,,,,,,,,,,,,,,,,,,,,,,,,,,,,,,,,,,,,,,,,,,,,,,,,,,,,,,,,,,,,,,,,,,,,,,,,,,,,,,,,,,,,,,,,,,,,,,,,,,,,,,,,,,,,,,,,,,,,,,,,,,,,,,,,,,,,,,,,,,,,,,,,,,,,,,,,,,,,,,,,,,,,,,,,,,,,,,,,,,,
2019-20,serie-a::Football_Team::f791dab8f0e4449e9884dd8dbd42dbcc,opta:Team:gi0l1habji5hpgar77dl5jqe,Napoli,Napoli,NAP,0,0,44,310,203,8,10,5,12,12,14,4,7,14,10,4,11,4137.61,1.95,0.05,13.53,13.66,1.61,128.74,100.89,0,108.884,4892,7,11,21,62,238,0,2079,0,0,0,0,0,0,54,0,44,0,0,0,0,0,0,0,0,5,26,30,6,8,263,222,222,49,0,0,0,0,424,519,38,101,61,50,0,61,3,24,31,6,10,3834,0,0,0,0,0,276,0,8,5,100,5,2,0,0,0,0,0,0,44,0,0,0,0,0,0,8,12,53,395,62,0,514,0,0,0,18,74,0,,,,,,,,,,,,,,,,,,,,,,,,,,,,,,,,,,,,,,,,,,,,,,,,,,,,,,,,,,,,,,,,,,,,,,,,,,,,,,,,,,,,,,,,,,,,,,,,,,,,,,,,,,,,,,,,,,,,,,,,,,,,,,,,,,,,,,,,,,,,,,,,,,,,,,,,,,,,,,,,,,,,,,,,,,,,,,,,,,,,,,,,,,,,,,,,,,,,,,,,,,,,,,,,,,,,,,,,,,,,,,,,,,,,,,,,,,,,,,,,,,,,,,,,,,,,,,,,,,,,,,,,,,,,,,,,,,,,,,,,,,,,,,,,,,,,,,,,,,,,,,,,,,,,,,,,,,,,,,,,,,,,,,,,,,,,,,,,,,,,,,,,,,,,,,,,,,,,,,,,,,,,,,,,,,
2019-20,serie-a::Football_Team::3294993c79b14d918ccdc78da0fb90c5,opta:Team:5aosfavi55p40c65lkriqnqnl,Parma,Parma,PAR,0,0,36,290.763,138,6,9,9,6,14,12,6,12,7,10,13,9,4136.45,2.13,0.03,9.5,12.26,1.47,141.79,110.76,0,108.853,5388,11,17,33,49,177,0,1619,0,0,0,0,0,0,51,0,36,0,0,0,0,0,0,0,0,5,33,30,7,7,195,166,166,52,0,0,0,0,519,466,38,162,56,57,0,56,2,24,26,10,7,4209,0,0,0,0,0,184,0,11,4,67,6,1,0,0,0,0,0,0,36,0,0,0,0,0,0,7,17,62,289,49,0,361,0,0,0,14,81,0,,,,,,,,,,,,,,,,,,,,,,,,,,,,,,,,,,,,,,,,,,,,,,,,,,,,,,,,,,,,,,,,,,,,,,,,,,,,,,,,,,,,,,,,,,,,,,,,,,,,,,,,,,,,,,,,,,,,,,,,,,,,,,,,,,,,,,,,,,,,,,,,,,,,,,,,,,,,,,,,,,,,,,,,,,,,,,,,,,,,,,,,,,,,,,,,,,,,,,,,,,,,,,,,,,,,,,,,,,,,,,,,,,,,,,,,,,,,,,,,,,,,,,,,,,,,,,,,,,,,,,,,,,,,,,,,,,,,,,,,,,,,,,,,,,,,,,,,,,,,,,,,,,,,,,,,,,,,,,,,,,,,,,,,,,,,,,,,,,,,,,,,,,,,,,,,,,,,,,,,,,,,,,,,,,
2019-20,serie-a::Football_Team::8ddc09c1aa73448da2dff953edd95d82,opta:Team:2tk2l9sgktwc9jhzqdd4mpdtb,Roma,Roma,ROM,0,0,42,323.447,181,7,18,14,15,14,9,9,10,9,8,6,9,4127.04,2.71,0.08,12.16,11.42,2.03,131.55,104.55,0.11,108.606,4999,5,19,27,70,199,0,1887,0,0,0,0,0,0,57,0,42,0,0,0,0,0,0,0,0,3,24,41,5,11,263,266,266,53,0,0,0,0,536,434,38,117,77,51,0,77,4,27,36,5,10,3973,0,0,0,0,0,263,0,10,12,86,14,3,0,0,0,0,0,0,42,0,0,0,0,0,0,7,10,45,388,70,0,462,0,0,0,21,103,4,,,,,,,,,,,,,,,,,,,,,,,,,,,,,,,,,,,,,,,,,,,,,,,,,,,,,,,,,,,,,,,,,,,,,,,,,,,,,,,,,,,,,,,,,,,,,,,,,,,,,,,,,,,,,,,,,,,,,,,,,,,,,,,,,,,,,,,,,,,,,,,,,,,,,,,,,,,,,,,,,,,,,,,,,,,,,,,,,,,,,,,,,,,,,,,,,,,,,,,,,,,,,,,,,,,,,,,,,,,,,,,,,,,,,,,,,,,,,,,,,,,,,,,,,,,,,,,,,,,,,,,,,,,,,,,,,,,,,,,,,,,,,,,,,,,,,,,,,,,,,,,,,,,,,,,,,,,,,,,,,,,,,,,,,,,,,,,,,,,,,,,,,,,,,,,,,,,,,,,,,,,,,,,,,,
2019-20,serie-a::Football_Team::5872937234574c54ad3b0dae67a37373,opta:Team:4plikfte18rv8v4l89z803d4y,Sampdoria,Sampdoria,SAM,0,0,24,290.157,182,3,6,1,11,12,15,9,11,12,12,11,10,4093.01,2.66,0.05,10.21,12.08,1.26,148.08,117.79,0.13,107.71,5627,15,16,34,42,183,0,1734,0,0,0,0,0,0,53,0,24,0,0,0,0,0,0,0,0,2,35,23,11,6,200,195,195,54,0,0,0,0,563,459,38,127,48,65,0,48,4,30,25,9,6,4476,0,0,0,0,0,205,0,9,9,75,12,2,0,0,0,0,0,0,24,0,0,0,0,0,0,6,20,63,395,42,0,388,0,0,0,12,101,5,,,,,,,,,,,,,,,,,,,,,,,,,,,,,,,,,,,,,,,,,,,,,,,,,,,,,,,,,,,,,,,,,,,,,,,,,,,,,,,,,,,,,,,,,,,,,,,,,,,,,,,,,,,,,,,,,,,,,,,,,,,,,,,,,,,,,,,,,,,,,,,,,,,,,,,,,,,,,,,,,,,,,,,,,,,,,,,,,,,,,,,,,,,,,,,,,,,,,,,,,,,,,,,,,,,,,,,,,,,,,,,,,,,,,,,,,,,,,,,,,,,,,,,,,,,,,,,,,,,,,,,,,,,,,,,,,,,,,,,,,,,,,,,,,,,,,,,,,,,,,,,,,,,,,,,,,,,,,,,,,,,,,,,,,,,,,,,,,,,,,,,,,,,,,,,,,,,,,,,,,,,,,,,,,,
2019-20,serie-a::Football_Team::b70390ba4e3c4bc2947a37617d53e8a3,opta:Team:6tuibxq39fdryu8ou06wcm0q3,Sassuolo,Sassuolo,SAS,0,0,44,291.894,111,5,10,12,17,13,12,9,7,12,12,12,11,4061.66,2.55,0.05,10,14.84,1.82,130.42,102.53,0.03,106.885,4956,8,21,31,51,151,0,1848,0,0,0,0,0,0,60,0,44,0,0,0,0,0,0,0,0,6,30,25,7,6,220,205,205,46,0,0,0,0,499,564,38,139,69,63,0,69,3,33,44,8,8,3896,0,0,0,0,0,229,0,9,5,83,6,2,0,0,0,0,0,0,44,0,0,0,0,0,0,9,15,62,204,51,0,380,0,0,0,14,97,1,,,,,,,,,,,,,,,,,,,,,,,,,,,,,,,,,,,,,,,,,,,,,,,,,,,,,,,,,,,,,,,,,,,,,,,,,,,,,,,,,,,,,,,,,,,,,,,,,,,,,,,,,,,,,,,,,,,,,,,,,,,,,,,,,,,,,,,,,,,,,,,,,,,,,,,,,,,,,,,,,,,,,,,,,,,,,,,,,,,,,,,,,,,,,,,,,,,,,,,,,,,,,,,,,,,,,,,,,,,,,,,,,,,,,,,,,,,,,,,,,,,,,,,,,,,,,,,,,,,,,,,,,,,,,,,,,,,,,,,,,,,,,,,,,,,,,,,,,,,,,,,,,,,,,,,,,,,,,,,,,,,,,,,,,,,,,,,,,,,,,,,,,,,,,,,,,,,,,,,,,,,,,,,,,,
2019-20,serie-a::Football_Team::400b26f5dd1742b092e9f848f7637aa1,emg:Team:SPAL|opta:Team:1vgjxh0up351qa1q54ifmyxa1,Spal,Spal,SPA,0,0,16,299.868,177,2,5,8,4,5,3,11,15,10,11,13,17,4072.73,2.53,0.08,8.53,13.53,0.71,138.21,107.63,0.03,107.177,5252,20,18,46,20,182,0,1624,0,0,0,0,0,0,44,0,16,0,0,0,0,0,0,0,0,1,37,11,15,3,126,157,157,50,0,0,0,0,535,514,38,173,27,77,0,27,4,40,16,13,2,4090,0,0,0,0,0,142,0,8,5,71,7,3,0,0,0,0,0,0,16,0,0,0,0,0,0,5,28,52,357,20,0,324,0,0,0,5,96,1,,,,,,,,,,,,,,,,,,,,,,,,,,,,,,,,,,,,,,,,,,,,,,,,,,,,,,,,,,,,,,,,,,,,,,,,,,,,,,,,,,,,,,,,,,,,,,,,,,,,,,,,,,,,,,,,,,,,,,,,,,,,,,,,,,,,,,,,,,,,,,,,,,,,,,,,,,,,,,,,,,,,,,,,,,,,,,,,,,,,,,,,,,,,,,,,,,,,,,,,,,,,,,,,,,,,,,,,,,,,,,,,,,,,,,,,,,,,,,,,,,,,,,,,,,,,,,,,,,,,,,,,,,,,,,,,,,,,,,,,,,,,,,,,,,,,,,,,,,,,,,,,,,,,,,,,,,,,,,,,,,,,,,,,,,,,,,,,,,,,,,,,,,,,,,,,,,,,,,,,,,,,,,,,,,
2019-20,serie-a::Football_Team::a55dcc2058e94976b572262fc564a74c,opta:Team:7gnly6999wao1xarwct4p8fe9,Torino,Torino,TOR,0,0,25,297.105,181,7,9,7,10,5,8,6,10,13,16,10,13,3961.67,2.29,0.05,8.13,14.39,1.21,151.18,120.53,0.13,104.254,5745,16,11,46,40,133,0,1737,0,0,0,0,0,0,57,0,25,0,0,0,0,0,0,0,0,3,38,23,12,4,166,180,180,56,0,0,0,0,602,547,38,158,46,68,0,46,4,30,23,8,7,4580,0,0,0,0,0,176,0,11,7,88,8,2,0,0,0,0,0,0,25,0,0,0,0,0,0,7,20,63,408,40,0,309,0,0,0,11,87,5,,,,,,,,,,,,,,,,,,,,,,,,,,,,,,,,,,,,,,,,,,,,,,,,,,,,,,,,,,,,,,,,,,,,,,,,,,,,,,,,,,,,,,,,,,,,,,,,,,,,,,,,,,,,,,,,,,,,,,,,,,,,,,,,,,,,,,,,,,,,,,,,,,,,,,,,,,,,,,,,,,,,,,,,,,,,,,,,,,,,,,,,,,,,,,,,,,,,,,,,,,,,,,,,,,,,,,,,,,,,,,,,,,,,,,,,,,,,,,,,,,,,,,,,,,,,,,,,,,,,,,,,,,,,,,,,,,,,,,,,,,,,,,,,,,,,,,,,,,,,,,,,,,,,,,,,,,,,,,,,,,,,,,,,,,,,,,,,,,,,,,,,,,,,,,,,,,,,,,,,,,,,,,,,,,
2019-20,serie-a::Football_Team::630b1e3631db42498d1b7bc94595c5e0,opta:Team:dxq76zcvnokq07cszdx0i6kve,Udinese,Udinese,UDI,0,0,28,291.578,184,5,2,5,3,10,12,4,7,4,10,14,12,4059.63,1.92,0.03,8.74,10.71,0.97,139.84,111.82,0.05,106.832,5314,13,14,35,45,164,0,1622,0,0,0,0,0,0,51,0,28,0,0,0,0,0,0,0,0,3,28,19,10,6,174,200,200,57,0,0,0,0,493,407,38,169,37,51,0,37,6,23,18,7,6,4249,0,0,0,0,0,168,0,10,0,0,0,1,0,0,0,0,0,0,28,0,0,0,0,0,0,9,17,67,429,45,0,332,0,0,0,12,73,2,,,,,,,,,,,,,,,,,,,,,,,,,,,,,,,,,,,,,,,,,,,,,,,,,,,,,,,,,,,,,,,,,,,,,,,,,,,,,,,,,,,,,,,,,,,,,,,,,,,,,,,,,,,,,,,,,,,,,,,,,,,,,,,,,,,,,,,,,,,,,,,,,,,,,,,,,,,,,,,,,,,,,,,,,,,,,,,,,,,,,,,,,,,,,,,,,,,,,,,,,,,,,,,,,,,,,,,,,,,,,,,,,,,,,,,,,,,,,,,,,,,,,,,,,,,,,,,,,,,,,,,,,,,,,,,,,,,,,,,,,,,,,,,,,,,,,,,,,,,,,,,,,,,,,,,,,,,,,,,,,,,,,,,,,,,,,,,,,,,,,,,,,,,,,,,,,,,,,,,,,,,,,,,,,,
2019-20,serie-a::Football_Team::be24fc024dd946ebbeb957ee6e796a2a,opta:Team:ap6blbxhq9elm62vw6tutzlwg,Verona,Hellas Verona,VER,0,0,26,315.71,157,8,10,7,5,5,12,4,9,5,9,11,13,4166.45,2.18,0.13,8.87,12.92,1.24,156.24,125.53,0.05,109.643,5937,9,20,32,49,135,0,1822,0,0,0,0,0,0,60,0,26,0,0,0,0,0,0,0,0,8,26,18,8,3,200,207,207,59,0,0,0,0,553,491,38,134,47,51,0,47,5,25,29,5,9,4770,0,0,0,0,0,202,0,9,8,89,9,5,0,0,0,0,0,0,26,0,0,0,0,0,0,13,13,92,386,49,0,337,0,0,0,12,83,2,,,,,,,,,,,,,,,,,,,,,,,,,,,,,,,,,,,,,,,,,,,,,,,,,,,,,,,,,,,,,,,,,,,,,,,,,,,,,,,,,,,,,,,,,,,,,,,,,,,,,,,,,,,,,,,,,,,,,,,,,,,,,,,,,,,,,,,,,,,,,,,,,,,,,,,,,,,,,,,,,,,,,,,,,,,,,,,,,,,,,,,,,,,,,,,,,,,,,,,,,,,,,,,,,,,,,,,,,,,,,,,,,,,,,,,,,,,,,,,,,,,,,,,,,,,,,,,,,,,,,,,,,,,,,,,,,,,,,,,,,,,,,,,,,,,,,,,,,,,,,,,,,,,,,,,,,,,,,,,,,,,,,,,,,,,,,,,,,,,,,,,,,,,,,,,,,,,,,,,,,,,,,,,,,,
2020-21,serie-a::Football_Team::b5846a2413804c2e8cab8b773b18370a,opta:Team:e75syeuawg3ql8nwpi3vr2btz,Atalanta,Atalanta,ATA,0,0,64,322.342,200,10,18,14,17,17,14,5,11,6,7,7,11,4151.82,1.74,0.05,15.29,12.45,2.37,10.71,69.5,0.03,109.258,407,3,13,22,78,193,109,1546,0,0,0,0,0,0,48,0,64,0,0,0,0,0,0,0,0,6,23,41,2,11,284,201,201,44,0,0,0,0,581,473,38,83,90,47,0,90,3,24,49,4,12,2641,0,0,0,0,0,279,0,8,6,86,7,2,0,0,0,0,0,0,64,0,0,0,0,0,0,9,6,57,355,78,0,581,0,0,0,23,66,1,,,,,,,,,,,,,,,,,,,,,,,,,,,,,,,,,,,,,,,,,,,,,,,,,,,,,,,,,,,,,,,,,,,,,,,,,,,,,,,,,,,,,,,,,,,,,,,,,,,,,,,,,,,,,,,,,,,,,,,,,,,,,,,,,,,,,,,,,,,,,,,,,,,,,,,,,,,,,,,,,,,,,,,,,,,,,,,,,,,,,,,,,,,,,,,,,,,,,,,,,,,,,,,,,,,,,,,,,,,,,,,,,,,,,,,,,,,,,,,,,,,,,,,,,,,,,,,,,,,,,,,,,,,,,,,,,,,,,,,,,,,,,,,,,,,,,,,,,,,,,,,,,,,,,,,,,,,,,,,,,,,,,,,,,,,,,,,,,,,,,,,,,,,,,,,,,,,,,,,,,,,,,,,,,,
2020-21,serie-a::Football_Team::f3cc9244b2554959ae3d5f5d5e527638,opta:Team:4cq1gkb2yelnvz4z7jdo6q81,Benevento,Benevento,BEN,0,0,24,292.657,250,5,9,4,6,9,7,13,10,16,16,9,11,4112.86,2.37,0.08,10.11,15.74,1.05,7.45,52.82,0.05,108.233,283,18,22,39,33,128,92,1165,0,0,0,0,0,0,43,0,24,0,0,0,0,0,0,0,0,5,36,21,9,5,157,169,169,38,0,0,0,0,502,598,38,131,40,75,0,40,7,39,19,10,2,2007,0,0,0,0,0,164,0,5,5,71,7,3,0,0,0,0,0,0,24,0,0,0,0,0,0,12,19,62,406,33,0,384,0,0,0,7,90,2,,,,,,,,,,,,,,,,,,,,,,,,,,,,,,,,,,,,,,,,,,,,,,,,,,,,,,,,,,,,,,,,,,,,,,,,,,,,,,,,,,,,,,,,,,,,,,,,,,,,,,,,,,,,,,,,,,,,,,,,,,,,,,,,,,,,,,,,,,,,,,,,,,,,,,,,,,,,,,,,,,,,,,,,,,,,,,,,,,,,,,,,,,,,,,,,,,,,,,,,,,,,,,,,,,,,,,,,,,,,,,,,,,,,,,,,,,,,,,,,,,,,,,,,,,,,,,,,,,,,,,,,,,,,,,,,,,,,,,,,,,,,,,,,,,,,,,,,,,,,,,,,,,,,,,,,,,,,,,,,,,,,,,,,,,,,,,,,,,,,,,,,,,,,,,,,,,,,,,,,,,,,,,,,,,
2020-21,serie-a::Football_Team::4af71b35aab34ad5a7d06148abe66ad6,opta:Team:ej5er0oyngdw138yuumwqbyqt,Bologna,Bologna,BOL,0,0,37,296.868,249,4,7,10,9,9,12,10,12,12,13,14,4,4073.25,2.05,0.05,12.16,12.61,1.34,8.05,59.87,0.05,107.19,306,12,14,35,41,150,97,1311,0,0,0,0,0,0,47,0,37,0,0,0,0,0,0,0,0,6,32,18,10,3,184,201,201,34,0,0,0,0,534,479,38,156,51,65,0,51,5,33,33,7,7,2275,0,0,0,0,0,215,0,9,3,75,4,2,0,0,0,0,0,0,37,0,0,0,0,0,0,11,17,72,375,41,0,462,0,0,0,10,78,2,,,,,,,,,,,,,,,,,,,,,,,,,,,,,,,,,,,,,,,,,,,,,,,,,,,,,,,,,,,,,,,,,,,,,,,,,,,,,,,,,,,,,,,,,,,,,,,,,,,,,,,,,,,,,,,,,,,,,,,,,,,,,,,,,,,,,,,,,,,,,,,,,,,,,,,,,,,,,,,,,,,,,,,,,,,,,,,,,,,,,,,,,,,,,,,,,,,,,,,,,,,,,,,,,,,,,,,,,,,,,,,,,,,,,,,,,,,,,,,,,,,,,,,,,,,,,,,,,,,,,,,,,,,,,,,,,,,,,,,,,,,,,,,,,,,,,,,,,,,,,,,,,,,,,,,,,,,,,,,,,,,,,,,,,,,,,,,,,,,,,,,,,,,,,,,,,,,,,,,,,,,,,,,,,,
2020-21,serie-a::Football_Team::25aecd0eda3e4453aabd9a9d5e7fba0d,opta:Team:5rwlg5cfv1hu7yf0ek1zxpzy3,Cagliari,Cagliari,CAG,0,0,29,318.921,282,5,12,6,7,4,9,10,8,7,7,11,16,4148.73,1.92,0.03,10.42,12.5,1.13,7.47,54.92,0.05,109.177,284,16,16,49,37,147,85,1220,0,0,0,0,0,0,41,0,29,0,0,0,0,0,0,0,0,6,27,21,9,4,156,170,170,37,0,0,0,0,518,475,38,160,43,59,0,43,4,32,22,10,5,2087,0,0,0,0,0,164,0,5,4,80,5,1,0,0,0,0,0,0,29,0,0,0,0,0,0,10,19,58,446,37,0,396,0,0,0,9,73,2,,,,,,,,,,,,,,,,,,,,,,,,,,,,,,,,,,,,,,,,,,,,,,,,,,,,,,,,,,,,,,,,,,,,,,,,,,,,,,,,,,,,,,,,,,,,,,,,,,,,,,,,,,,,,,,,,,,,,,,,,,,,,,,,,,,,,,,,,,,,,,,,,,,,,,,,,,,,,,,,,,,,,,,,,,,,,,,,,,,,,,,,,,,,,,,,,,,,,,,,,,,,,,,,,,,,,,,,,,,,,,,,,,,,,,,,,,,,,,,,,,,,,,,,,,,,,,,,,,,,,,,,,,,,,,,,,,,,,,,,,,,,,,,,,,,,,,,,,,,,,,,,,,,,,,,,,,,,,,,,,,,,,,,,,,,,,,,,,,,,,,,,,,,,,,,,,,,,,,,,,,,,,,,,,,
2020-21,serie-a::Football_Team::50113065ec9f47da89bd0663627bdab3,opta:Team:1v6yzccpl159wy8jsz2pk62y0,Crotone,Crotone,CRO,0,0,22,303.684,208,6,9,9,6,10,5,7,17,18,15,17,18,4115.93,2.24,0.05,9.08,13.08,1.18,9.87,57.68,0.05,108.313,375,19,17,39,23,131,68,1140,0,0,0,0,0,0,42,0,22,0,0,0,0,0,0,0,0,3,57,22,15,1,145,139,139,39,0,0,0,0,534,497,38,144,45,92,0,45,2,35,23,12,5,2192,0,0,0,0,0,146,0,5,9,100,9,2,0,0,0,0,0,0,22,0,0,0,0,0,0,5,27,58,341,23,0,345,0,0,0,6,85,2,,,,,,,,,,,,,,,,,,,,,,,,,,,,,,,,,,,,,,,,,,,,,,,,,,,,,,,,,,,,,,,,,,,,,,,,,,,,,,,,,,,,,,,,,,,,,,,,,,,,,,,,,,,,,,,,,,,,,,,,,,,,,,,,,,,,,,,,,,,,,,,,,,,,,,,,,,,,,,,,,,,,,,,,,,,,,,,,,,,,,,,,,,,,,,,,,,,,,,,,,,,,,,,,,,,,,,,,,,,,,,,,,,,,,,,,,,,,,,,,,,,,,,,,,,,,,,,,,,,,,,,,,,,,,,,,,,,,,,,,,,,,,,,,,,,,,,,,,,,,,,,,,,,,,,,,,,,,,,,,,,,,,,,,,,,,,,,,,,,,,,,,,,,,,,,,,,,,,,,,,,,,,,,,,,
2020-21,serie-a::Football_Team::5bce12d5bd864c2297695d970f92576d,opta:Team:4raiad4l2j5lkfaz92pk4osb,Fiorentina,Fiorentina,FIO,0,0,27,295.578,243,6,6,9,10,8,8,8,10,2,15,13,11,4058.07,2.26,0.13,9.39,13.82,1.24,11.11,54.5,0,106.791,422,13,13,40,40,137,59,1266,0,0,0,0,0,0,45,0,27,0,0,0,0,0,0,0,0,7,34,22,9,3,157,169,169,41,0,0,0,0,522,525,38,108,47,59,0,47,6,25,25,7,6,2071,0,0,0,0,0,161,0,11,6,100,6,5,0,0,0,0,0,0,27,0,0,0,0,0,0,13,16,64,409,40,0,357,0,0,0,9,86,0,,,,,,,,,,,,,,,,,,,,,,,,,,,,,,,,,,,,,,,,,,,,,,,,,,,,,,,,,,,,,,,,,,,,,,,,,,,,,,,,,,,,,,,,,,,,,,,,,,,,,,,,,,,,,,,,,,,,,,,,,,,,,,,,,,,,,,,,,,,,,,,,,,,,,,,,,,,,,,,,,,,,,,,,,,,,,,,,,,,,,,,,,,,,,,,,,,,,,,,,,,,,,,,,,,,,,,,,,,,,,,,,,,,,,,,,,,,,,,,,,,,,,,,,,,,,,,,,,,,,,,,,,,,,,,,,,,,,,,,,,,,,,,,,,,,,,,,,,,,,,,,,,,,,,,,,,,,,,,,,,,,,,,,,,,,,,,,,,,,,,,,,,,,,,,,,,,,,,,,,,,,,,,,,,,
2020-21,serie-a::Football_Team::8c7aa94d22f44738951748e2ccdf319a,opta:Team:4kumqzwifv478caxed8zywlh3,Genoa,Genoa,GEN,0,0,31,276.684,243,9,13,6,8,3,8,12,10,11,10,4,11,4207.21,2.24,0.03,8.32,12.47,1.24,8,60.71,0.03,110.715,304,11,17,32,42,99,68,1177,0,0,0,0,0,0,47,0,31,0,0,0,0,0,0,0,0,5,28,18,9,5,127,129,129,35,0,0,0,0,519,474,38,154,47,58,0,47,7,30,29,7,5,2307,0,0,0,0,0,149,0,7,4,100,4,1,0,0,0,0,0,0,31,0,0,0,0,0,0,12,16,79,374,42,0,316,0,0,0,10,85,1,,,,,,,,,,,,,,,,,,,,,,,,,,,,,,,,,,,,,,,,,,,,,,,,,,,,,,,,,,,,,,,,,,,,,,,,,,,,,,,,,,,,,,,,,,,,,,,,,,,,,,,,,,,,,,,,,,,,,,,,,,,,,,,,,,,,,,,,,,,,,,,,,,,,,,,,,,,,,,,,,,,,,,,,,,,,,,,,,,,,,,,,,,,,,,,,,,,,,,,,,,,,,,,,,,,,,,,,,,,,,,,,,,,,,,,,,,,,,,,,,,,,,,,,,,,,,,,,,,,,,,,,,,,,,,,,,,,,,,,,,,,,,,,,,,,,,,,,,,,,,,,,,,,,,,,,,,,,,,,,,,,,,,,,,,,,,,,,,,,,,,,,,,,,,,,,,,,,,,,,,,,,,,,,,,
2020-21,serie-a::Football_Team::b7421caff23448c49134fa4f9095ee09,opta:Team:3vo5mpj7catp66nrwwqiuhuup,Inter,Internazionale,INT,0,0,56,317.71,243,11,15,9,24,11,19,4,3,4,8,9,7,4274.4,1.55,0.03,13.39,11.21,2.34,6.76,52.58,0.03,112.484,257,1,8,26,91,172,86,1409,0,0,0,0,0,0,49,0,56,0,0,0,0,0,0,0,0,6,17,36,2,11,265,206,206,46,0,0,0,0,471,426,38,95,89,35,0,89,1,18,53,1,17,1998,0,0,0,0,0,251,0,7,8,89,9,1,0,0,0,0,0,0,56,0,0,0,0,0,0,7,3,65,450,91,0,509,0,0,0,28,59,1,,,,,,,,,,,,,,,,,,,,,,,,,,,,,,,,,,,,,,,,,,,,,,,,,,,,,,,,,,,,,,,,,,,,,,,,,,,,,,,,,,,,,,,,,,,,,,,,,,,,,,,,,,,,,,,,,,,,,,,,,,,,,,,,,,,,,,,,,,,,,,,,,,,,,,,,,,,,,,,,,,,,,,,,,,,,,,,,,,,,,,,,,,,,,,,,,,,,,,,,,,,,,,,,,,,,,,,,,,,,,,,,,,,,,,,,,,,,,,,,,,,,,,,,,,,,,,,,,,,,,,,,,,,,,,,,,,,,,,,,,,,,,,,,,,,,,,,,,,,,,,,,,,,,,,,,,,,,,,,,,,,,,,,,,,,,,,,,,,,,,,,,,,,,,,,,,,,,,,,,,,,,,,,,,,
2020-21,serie-a::Football_Team::0ae9210dce6f4f9b9d50aeeb19b0d371,opta:Team:bqbbqm98ud8obe45ds9ohgyrd,Juventus,Juventus,JUV,0,0,53,337.736,259,10,11,12,13,12,19,6,7,3,3,8,11,4155.29,2,0.11,14.45,12.47,2.03,7.89,56.32,0.05,109.349,300,4,9,35,78,174,121,1389,0,0,0,0,0,0,46,0,53,0,0,0,0,0,0,0,0,7,20,37,3,9,251,221,221,41,0,0,0,0,505,474,38,104,77,38,0,77,2,18,40,3,14,2140,0,0,0,0,0,254,0,9,8,80,10,4,0,0,0,0,0,0,53,0,0,0,0,0,0,9,6,93,440,78,0,549,0,0,0,23,76,2,,,,,,,,,,,,,,,,,,,,,,,,,,,,,,,,,,,,,,,,,,,,,,,,,,,,,,,,,,,,,,,,,,,,,,,,,,,,,,,,,,,,,,,,,,,,,,,,,,,,,,,,,,,,,,,,,,,,,,,,,,,,,,,,,,,,,,,,,,,,,,,,,,,,,,,,,,,,,,,,,,,,,,,,,,,,,,,,,,,,,,,,,,,,,,,,,,,,,,,,,,,,,,,,,,,,,,,,,,,,,,,,,,,,,,,,,,,,,,,,,,,,,,,,,,,,,,,,,,,,,,,,,,,,,,,,,,,,,,,,,,,,,,,,,,,,,,,,,,,,,,,,,,,,,,,,,,,,,,,,,,,,,,,,,,,,,,,,,,,,,,,,,,,,,,,,,,,,,,,,,,,,,,,,,,
2020-21,serie-a::Football_Team::fe6490f2b16e45be9956a1cd04aaf3a2,opta:Team:btcy9nra9ak4m22ovr2ia6m5v,Lazio,Lazio,LAZ,0,0,37,344.71,314,12,15,8,10,5,11,7,6,8,10,12,12,4271.48,2.63,0.05,12.79,11.34,1.61,8.03,62.68,0.08,112.407,305,6,14,26,68,173,88,1429,0,0,0,0,0,0,46,0,37,0,0,0,0,0,0,0,0,2,32,25,9,8,217,188,188,38,0,0,0,0,503,431,38,114,61,55,0,61,3,23,36,3,13,2382,0,0,0,0,0,225,0,10,6,60,10,2,0,0,0,0,0,0,37,0,0,0,0,0,0,5,12,87,504,68,0,486,0,0,0,21,100,3,,,,,,,,,,,,,,,,,,,,,,,,,,,,,,,,,,,,,,,,,,,,,,,,,,,,,,,,,,,,,,,,,,,,,,,,,,,,,,,,,,,,,,,,,,,,,,,,,,,,,,,,,,,,,,,,,,,,,,,,,,,,,,,,,,,,,,,,,,,,,,,,,,,,,,,,,,,,,,,,,,,,,,,,,,,,,,,,,,,,,,,,,,,,,,,,,,,,,,,,,,,,,,,,,,,,,,,,,,,,,,,,,,,,,,,,,,,,,,,,,,,,,,,,,,,,,,,,,,,,,,,,,,,,,,,,,,,,,,,,,,,,,,,,,,,,,,,,,,,,,,,,,,,,,,,,,,,,,,,,,,,,,,,,,,,,,,,,,,,,,,,,,,,,,,,,,,,,,,,,,,,,,,,,,,
2020-21,serie-a::Football_Team::d0867ddf777c41789ca282b8276002b0,opta:Team:9dntj5dioj5ex52yrgwzxrq9l,Milan,Milan,MIL,0,0,45,331.447,228,10,15,15,8,9,17,5,13,6,7,1,9,4107.56,2.11,0.08,14.05,12.53,1.95,7.79,60.37,0.03,108.093,296,2,12,33,79,162,121,1356,0,0,0,0,0,0,47,0,45,0,0,0,0,0,0,0,0,1,17,43,2,16,238,213,213,40,0,0,0,0,513,476,38,118,74,41,0,74,6,24,31,5,8,2294,0,0,0,0,0,251,0,5,15,75,20,3,0,0,0,0,0,0,45,0,0,0,0,0,0,7,7,93,383,79,0,534,0,0,0,24,80,1,,,,,,,,,,,,,,,,,,,,,,,,,,,,,,,,,,,,,,,,,,,,,,,,,,,,,,,,,,,,,,,,,,,,,,,,,,,,,,,,,,,,,,,,,,,,,,,,,,,,,,,,,,,,,,,,,,,,,,,,,,,,,,,,,,,,,,,,,,,,,,,,,,,,,,,,,,,,,,,,,,,,,,,,,,,,,,,,,,,,,,,,,,,,,,,,,,,,,,,,,,,,,,,,,,,,,,,,,,,,,,,,,,,,,,,,,,,,,,,,,,,,,,,,,,,,,,,,,,,,,,,,,,,,,,,,,,,,,,,,,,,,,,,,,,,,,,,,,,,,,,,,,,,,,,,,,,,,,,,,,,,,,,,,,,,,,,,,,,,,,,,,,,,,,,,,,,,,,,,,,,,,,,,,,,
2020-21,serie-a::Football_Team::f791dab8f0e4449e9884dd8dbd42dbcc,opta:Team:gi0l1habji5hpgar77dl5jqe,Napoli,Napoli,NAP,0,0,49,341.578,230,11,12,10,18,16,19,3,9,6,12,4,7,4235.37,1.87,0.03,16.29,14.47,2.26,6.79,55.89,0.05,111.457,258,5,11,26,77,205,134,1402,0,0,0,0,0,0,45,0,49,0,0,0,0,0,0,0,0,1,21,36,6,12,248,218,218,39,0,0,0,0,389,550,38,93,86,41,0,86,4,20,50,3,12,2124,0,0,0,0,0,280,0,5,7,88,8,1,0,0,0,0,0,0,49,0,0,0,0,0,0,5,9,72,380,77,0,619,0,0,0,24,71,2,,,,,,,,,,,,,,,,,,,,,,,,,,,,,,,,,,,,,,,,,,,,,,,,,,,,,,,,,,,,,,,,,,,,,,,,,,,,,,,,,,,,,,,,,,,,,,,,,,,,,,,,,,,,,,,,,,,,,,,,,,,,,,,,,,,,,,,,,,,,,,,,,,,,,,,,,,,,,,,,,,,,,,,,,,,,,,,,,,,,,,,,,,,,,,,,,,,,,,,,,,,,,,,,,,,,,,,,,,,,,,,,,,,,,,,,,,,,,,,,,,,,,,,,,,,,,,,,,,,,,,,,,,,,,,,,,,,,,,,,,,,,,,,,,,,,,,,,,,,,,,,,,,,,,,,,,,,,,,,,,,,,,,,,,,,,,,,,,,,,,,,,,,,,,,,,,,,,,,,,,,,,,,,,,,
2020-21,serie-a::Football_Team::3294993c79b14d918ccdc78da0fb90c5,opta:Team:5aosfavi55p40c65lkriqnqnl,Parma,Parma,PAR,0,0,25,309.078,210,7,9,6,6,6,5,7,12,13,17,14,20,4217.42,2.39,0.03,10.03,12.74,1.03,7.68,54.24,0,110.984,292,20,20,20,20,147,80,1209,0,0,0,0,0,0,40,0,25,0,0,0,0,0,0,0,0,6,44,23,12,1,151,154,154,43,0,0,0,0,526,484,38,134,39,83,0,39,5,39,16,12,2,2061,0,0,0,0,0,154,0,3,5,100,5,1,0,0,0,0,0,0,25,0,0,0,0,0,0,11,24,79,370,20,0,381,0,0,0,3,91,0,,,,,,,,,,,,,,,,,,,,,,,,,,,,,,,,,,,,,,,,,,,,,,,,,,,,,,,,,,,,,,,,,,,,,,,,,,,,,,,,,,,,,,,,,,,,,,,,,,,,,,,,,,,,,,,,,,,,,,,,,,,,,,,,,,,,,,,,,,,,,,,,,,,,,,,,,,,,,,,,,,,,,,,,,,,,,,,,,,,,,,,,,,,,,,,,,,,,,,,,,,,,,,,,,,,,,,,,,,,,,,,,,,,,,,,,,,,,,,,,,,,,,,,,,,,,,,,,,,,,,,,,,,,,,,,,,,,,,,,,,,,,,,,,,,,,,,,,,,,,,,,,,,,,,,,,,,,,,,,,,,,,,,,,,,,,,,,,,,,,,,,,,,,,,,,,,,,,,,,,,,,,,,,,,,
2020-21,serie-a::Football_Team::8ddc09c1aa73448da2dff953edd95d82,opta:Team:2tk2l9sgktwc9jhzqdd4mpdtb,Roma,Roma,ROM,0,0,46,334.078,210,10,7,12,12,14,13,8,13,6,13,6,9,4118.98,2.21,0,13.5,11.45,1.79,5.82,58.03,0.08,108.394,221,7,9,28,62,159,106,1392,0,0,0,0,0,0,48,0,46,0,0,0,0,0,0,0,0,4,40,26,10,5,246,220,220,42,0,0,0,0,554,435,38,128,68,58,0,68,4,18,42,2,13,2205,0,0,0,0,0,248,0,6,7,88,8,0,0,0,0,0,0,0,46,0,0,0,0,0,0,8,12,61,359,62,0,513,0,0,0,18,84,3,,,,,,,,,,,,,,,,,,,,,,,,,,,,,,,,,,,,,,,,,,,,,,,,,,,,,,,,,,,,,,,,,,,,,,,,,,,,,,,,,,,,,,,,,,,,,,,,,,,,,,,,,,,,,,,,,,,,,,,,,,,,,,,,,,,,,,,,,,,,,,,,,,,,,,,,,,,,,,,,,,,,,,,,,,,,,,,,,,,,,,,,,,,,,,,,,,,,,,,,,,,,,,,,,,,,,,,,,,,,,,,,,,,,,,,,,,,,,,,,,,,,,,,,,,,,,,,,,,,,,,,,,,,,,,,,,,,,,,,,,,,,,,,,,,,,,,,,,,,,,,,,,,,,,,,,,,,,,,,,,,,,,,,,,,,,,,,,,,,,,,,,,,,,,,,,,,,,,,,,,,,,,,,,,,
2020-21,serie-a::Football_Team::5872937234574c54ad3b0dae67a37373,opta:Team:4plikfte18rv8v4l89z803d4y,Sampdoria,Sampdoria,SAM,0,0,34,313.526,342,3,7,9,8,13,12,6,8,7,14,9,10,4113.69,2.13,0.05,10.34,12.84,1.37,7.63,60.29,0.03,108.254,290,9,17,48,52,116,104,1227,0,0,0,0,0,0,44,0,34,0,0,0,0,0,0,0,0,4,28,20,9,6,158,198,198,32,0,0,0,0,508,488,38,135,52,54,0,52,3,26,32,7,9,2291,0,0,0,0,0,173,0,9,5,83,6,2,0,0,0,0,0,0,34,0,0,0,0,0,0,7,16,64,506,52,0,393,0,0,0,15,81,1,,,,,,,,,,,,,,,,,,,,,,,,,,,,,,,,,,,,,,,,,,,,,,,,,,,,,,,,,,,,,,,,,,,,,,,,,,,,,,,,,,,,,,,,,,,,,,,,,,,,,,,,,,,,,,,,,,,,,,,,,,,,,,,,,,,,,,,,,,,,,,,,,,,,,,,,,,,,,,,,,,,,,,,,,,,,,,,,,,,,,,,,,,,,,,,,,,,,,,,,,,,,,,,,,,,,,,,,,,,,,,,,,,,,,,,,,,,,,,,,,,,,,,,,,,,,,,,,,,,,,,,,,,,,,,,,,,,,,,,,,,,,,,,,,,,,,,,,,,,,,,,,,,,,,,,,,,,,,,,,,,,,,,,,,,,,,,,,,,,,,,,,,,,,,,,,,,,,,,,,,,,,,,,,,,
2020-21,serie-a::Football_Team::b70390ba4e3c4bc2947a37617d53e8a3,opta:Team:6tuibxq39fdryu8ou06wcm0q3,Sassuolo,Sassuolo,SAS,0,0,29,303.756,200,10,13,4,12,5,20,6,7,8,8,13,14,3989.71,1.95,0.05,13.24,12.53,1.68,8.39,55.26,0.05,107.829,319,8,21,39,62,167,118,1406,0,0,0,0,0,0,43,0,29,0,0,0,0,0,0,0,0,3,29,33,6,10,199,209,209,34,0,0,0,0,498,476,38,148,64,56,0,64,8,27,31,4,7,2100,0,0,0,0,0,218,0,5,13,93,14,2,0,0,0,0,0,0,29,0,0,0,0,0,0,11,10,58,302,62,0,503,0,0,0,17,74,2,,,,,,,,,,,,,,,,,,,,,,,,,,,,,,,,,,,,,,,,,,,,,,,,,,,,,,,,,,,,,,,,,,,,,,,,,,,,,,,,,,,,,,,,,,,,,,,,,,,,,,,,,,,,,,,,,,,,,,,,,,,,,,,,,,,,,,,,,,,,,,,,,,,,,,,,,,,,,,,,,,,,,,,,,,,,,,,,,,,,,,,,,,,,,,,,,,,,,,,,,,,,,,,,,,,,,,,,,,,,,,,,,,,,,,,,,,,,,,,,,,,,,,,,,,,,,,,,,,,,,,,,,,,,,,,,,,,,,,,,,,,,,,,,,,,,,,,,,,,,,,,,,,,,,,,,,,,,,,,,,,,,,,,,,,,,,,,,,,,,,,,,,,,,,,,,,,,,,,,,,,,,,,,,,,
2020-21,serie-a::Football_Team::9c808018aa4d4d5caa03dbd69b61cbb7,opta:Team:4klvxyeh3xcus4ongu7c00mgc,Spezia,Spezia,SPE,0,0,34,300.657,231,4,4,9,15,8,12,8,20,9,12,6,17,4056.87,2.42,0.03,9.71,14.03,1.37,7.74,59.24,0.11,106.759,294,15,14,38,39,120,78,1241,0,0,0,0,0,0,46,0,35,0,0,0,0,0,0,0,0,5,39,24,10,4,163,150,150,42,0,0,0,0,592,533,38,113,52,72,0,52,7,33,28,7,5,2251,0,0,0,0,0,171,0,10,4,80,5,1,0,0,0,0,0,0,35,0,0,0,0,0,0,12,17,83,400,39,0,369,0,0,0,9,92,4,,,,,,,,,,,,,,,,,,,,,,,,,,,,,,,,,,,,,,,,,,,,,,,,,,,,,,,,,,,,,,,,,,,,,,,,,,,,,,,,,,,,,,,,,,,,,,,,,,,,,,,,,,,,,,,,,,,,,,,,,,,,,,,,,,,,,,,,,,,,,,,,,,,,,,,,,,,,,,,,,,,,,,,,,,,,,,,,,,,,,,,,,,,,,,,,,,,,,,,,,,,,,,,,,,,,,,,,,,,,,,,,,,,,,,,,,,,,,,,,,,,,,,,,,,,,,,,,,,,,,,,,,,,,,,,,,,,,,,,,,,,,,,,,,,,,,,,,,,,,,,,,,,,,,,,,,,,,,,,,,,,,,,,,,,,,,,,,,,,,,,,,,,,,,,,,,,,,,,,,,,,,,,,,,,
2020-21,serie-a::Football_Team::a55dcc2058e94976b572262fc564a74c,opta:Team:7gnly6999wao1xarwct4p8fe9,Torino,Torino,TOR,0,0,28,289.351,312,5,7,6,9,6,17,9,7,13,15,6,19,3916.56,1.89,0.03,11.47,15.95,1.32,7.79,56.97,0.08,105.852,296,17,16,20,37,150,84,1292,0,0,0,0,0,0,46,0,28,0,0,0,0,0,0,0,0,7,33,25,8,4,188,169,169,34,0,0,0,0,579,606,38,113,50,69,0,50,9,36,25,7,3,2165,0,0,0,0,0,202,0,10,5,83,6,1,0,0,0,0,0,0,28,0,0,0,0,0,0,16,15,59,476,37,0,436,0,0,0,7,72,3,,,,,,,,,,,,,,,,,,,,,,,,,,,,,,,,,,,,,,,,,,,,,,,,,,,,,,,,,,,,,,,,,,,,,,,,,,,,,,,,,,,,,,,,,,,,,,,,,,,,,,,,,,,,,,,,,,,,,,,,,,,,,,,,,,,,,,,,,,,,,,,,,,,,,,,,,,,,,,,,,,,,,,,,,,,,,,,,,,,,,,,,,,,,,,,,,,,,,,,,,,,,,,,,,,,,,,,,,,,,,,,,,,,,,,,,,,,,,,,,,,,,,,,,,,,,,,,,,,,,,,,,,,,,,,,,,,,,,,,,,,,,,,,,,,,,,,,,,,,,,,,,,,,,,,,,,,,,,,,,,,,,,,,,,,,,,,,,,,,,,,,,,,,,,,,,,,,,,,,,,,,,,,,,,,
2020-21,serie-a::Football_Team::630b1e3631db42498d1b7bc94595c5e0,opta:Team:dxq76zcvnokq07cszdx0i6kve,Udinese,Udinese,UDI,0,0,27,309.789,274,3,7,6,7,9,10,7,7,9,12,9,14,4068.43,1.66,0.03,10.24,13.95,1.11,8.68,55.47,0.03,107.063,330,14,8,19,40,145,79,1228,0,0,0,0,0,0,42,0,27,0,0,0,0,0,0,0,0,6,39,28,8,5,176,164,164,36,0,0,0,0,514,530,38,111,42,58,0,42,4,19,14,10,5,2108,0,0,0,0,0,165,0,14,4,100,4,1,0,0,0,0,0,0,27,0,0,0,0,0,0,10,18,83,426,40,0,389,0,0,0,10,63,1,,,,,,,,,,,,,,,,,,,,,,,,,,,,,,,,,,,,,,,,,,,,,,,,,,,,,,,,,,,,,,,,,,,,,,,,,,,,,,,,,,,,,,,,,,,,,,,,,,,,,,,,,,,,,,,,,,,,,,,,,,,,,,,,,,,,,,,,,,,,,,,,,,,,,,,,,,,,,,,,,,,,,,,,,,,,,,,,,,,,,,,,,,,,,,,,,,,,,,,,,,,,,,,,,,,,,,,,,,,,,,,,,,,,,,,,,,,,,,,,,,,,,,,,,,,,,,,,,,,,,,,,,,,,,,,,,,,,,,,,,,,,,,,,,,,,,,,,,,,,,,,,,,,,,,,,,,,,,,,,,,,,,,,,,,,,,,,,,,,,,,,,,,,,,,,,,,,,,,,,,,,,,,,,,,
2020-21,serie-a::Football_Team::be24fc024dd946ebbeb957ee6e796a2a,opta:Team:ap6blbxhq9elm62vw6tutzlwg,Verona,Hellas Verona,VER,0,0,28,331.815,261,5,6,7,13,4,8,5,12,7,4,6,14,4146.17,2.39,0.03,9.79,13.92,1.21,8.24,64.74,0,109.109,313,10,12,35,45,120,84,1273,0,0,0,0,0,0,45,0,28,0,0,0,0,0,0,0,0,6,25,23,8,5,167,186,186,37,0,0,0,0,622,529,38,114,46,48,0,46,6,23,23,7,6,2460,0,0,0,0,0,168,0,7,3,100,3,1,0,0,0,0,0,0,28,0,0,0,0,0,0,12,15,109,413,45,0,372,0,0,0,11,91,0,,,,,,,,,,,,,,,,,,,,,,,,,,,,,,,,,,,,,,,,,,,,,,,,,,,,,,,,,,,,,,,,,,,,,,,,,,,,,,,,,,,,,,,,,,,,,,,,,,,,,,,,,,,,,,,,,,,,,,,,,,,,,,,,,,,,,,,,,,,,,,,,,,,,,,,,,,,,,,,,,,,,,,,,,,,,,,,,,,,,,,,,,,,,,,,,,,,,,,,,,,,,,,,,,,,,,,,,,,,,,,,,,,,,,,,,,,,,,,,,,,,,,,,,,,,,,,,,,,,,,,,,,,,,,,,,,,,,,,,,,,,,,,,,,,,,,,,,,,,,,,,,,,,,,,,,,,,,,,,,,,,,,,,,,,,,,,,,,,,,,,,,,,,,,,,,,,,,,,,,,,,,,,,,,,
2021-22,serie-a::Football_Team::b5846a2413804c2e8cab8b773b18370a,opta:Team:e75syeuawg3ql8nwpi3vr2btz,Atalanta,Atalanta,ATA,0,0,45,239.605,200,8,5,12,10,10,20,7,7,8,8,8,10,4211.17,2.24,0.03,15.89,11.95,1.71,9.89,67.11,0.03,110.82,376,8,18,17,59,237,190,1382,0,0,0,0,0,0,29,0,45,0,0,0,0,0,0,0,0,3,19,34,4,12,480,229,229,53,0,0,0,0,513,454,38,95,65,48,0,65,8,29,31,7,4,2550,0,0,0,0,0,177,0,6,5,83,6,1,0,0,0,0,0,0,45,0,0,0,0,0,0,11,11,68,429,59,0,604,0,0,0,16,85,1,,,,,,,,,,,,,,,,,,,,,,,,,,,,,,,,,,,,,,,,,,,,,,,,,,,,,,,,,,,,,,,,,,,,,,,,,,,,,,,,,,,,,,,,,,,,,,,,,,,,,,,,,,,,,,,,,,,,,,,,,,,,,,,,,,,,,,,,,,,,,,,,,,,,,,,,,,,,,,,,,,,,,,,,,,,,,,,,,,,,,,,,,,,,,,,,,,,,,,,,,,,,,,,,,,,,,,,,,,,,,,,,,,,,,,,,,,,,,,,,,,,,,,,,,,,,,,,,,,,,,,,,,,,,,,,,,,,,,,,,,,,,,,,,,,,,,,,,,,,,,,,,,,,,,,,,,,,,,,,,,,,,,,,,,,,,,,,,,,,,,,,,,,,,,,,,,,,,,,,,,,,,,,,,,,
2021-22,serie-a::Football_Team::4af71b35aab34ad5a7d06148abe66ad6,opta:Team:ej5er0oyngdw138yuumwqbyqt,Bologna,Bologna,BOL,0,0,34,211.973,227,4,10,2,6,7,15,7,8,7,13,7,13,3997.64,2.21,0.08,11.55,13.08,1.16,7.95,58.24,0.11,105.201,302,13,16,38,46,178,112,969,0,0,0,0,0,0,34,0,34,0,0,0,0,0,0,0,0,6,31,19,9,4,344,183,183,48,0,0,0,0,443,497,38,133,44,55,0,44,4,24,25,7,8,2213,0,0,0,0,0,149,0,9,4,80,5,3,0,0,0,0,0,0,34,0,0,0,0,0,0,10,16,56,435,46,0,439,0,0,0,12,84,4,,,,,,,,,,,,,,,,,,,,,,,,,,,,,,,,,,,,,,,,,,,,,,,,,,,,,,,,,,,,,,,,,,,,,,,,,,,,,,,,,,,,,,,,,,,,,,,,,,,,,,,,,,,,,,,,,,,,,,,,,,,,,,,,,,,,,,,,,,,,,,,,,,,,,,,,,,,,,,,,,,,,,,,,,,,,,,,,,,,,,,,,,,,,,,,,,,,,,,,,,,,,,,,,,,,,,,,,,,,,,,,,,,,,,,,,,,,,,,,,,,,,,,,,,,,,,,,,,,,,,,,,,,,,,,,,,,,,,,,,,,,,,,,,,,,,,,,,,,,,,,,,,,,,,,,,,,,,,,,,,,,,,,,,,,,,,,,,,,,,,,,,,,,,,,,,,,,,,,,,,,,,,,,,,,
2021-22,serie-a::Football_Team::25aecd0eda3e4453aabd9a9d5e7fba0d,opta:Team:5rwlg5cfv1hu7yf0ek1zxpzy3,Cagliari,Cagliari,CAG,0,0,24,240.789,282,3,11,4,9,3,4,6,15,8,13,15,11,4085.62,2.37,0.05,11.16,12.89,0.89,6.87,59.47,0.08,107.516,261,18,17,25,30,179,121,1036,0,0,0,0,0,0,29,0,24,0,0,0,0,0,0,0,0,6,35,14,10,3,317,143,143,44,0,0,0,0,549,490,38,118,34,68,0,34,6,33,20,10,3,2260,0,0,0,0,0,124,0,10,3,75,4,2,0,0,0,0,0,0,24,0,0,0,0,0,0,12,20,70,504,30,0,424,0,0,0,6,90,3,,,,,,,,,,,,,,,,,,,,,,,,,,,,,,,,,,,,,,,,,,,,,,,,,,,,,,,,,,,,,,,,,,,,,,,,,,,,,,,,,,,,,,,,,,,,,,,,,,,,,,,,,,,,,,,,,,,,,,,,,,,,,,,,,,,,,,,,,,,,,,,,,,,,,,,,,,,,,,,,,,,,,,,,,,,,,,,,,,,,,,,,,,,,,,,,,,,,,,,,,,,,,,,,,,,,,,,,,,,,,,,,,,,,,,,,,,,,,,,,,,,,,,,,,,,,,,,,,,,,,,,,,,,,,,,,,,,,,,,,,,,,,,,,,,,,,,,,,,,,,,,,,,,,,,,,,,,,,,,,,,,,,,,,,,,,,,,,,,,,,,,,,,,,,,,,,,,,,,,,,,,,,,,,,,
2021-22,serie-a::Football_Team::4de00d41f5654013b192a9515df5bf39,opta:Team:8le3orkfz6iix3jns6g9ojqjg,Empoli,Empoli,EMP,0,0,26,268.368,278,8,5,8,10,6,13,12,11,6,12,15,14,4230.81,2.13,0.05,13.08,12.16,1.32,8.82,59.53,0.08,111.337,335,14,21,39,41,190,143,1216,0,0,0,0,0,0,33,0,26,0,0,0,0,0,0,0,0,6,26,22,7,6,343,189,189,46,0,0,0,0,506,462,38,152,50,70,0,50,5,44,28,10,4,2262,0,0,0,0,0,164,0,10,7,100,7,2,0,0,0,0,0,0,26,0,0,0,0,0,0,11,17,83,513,41,0,497,0,0,0,10,81,3,,,,,,,,,,,,,,,,,,,,,,,,,,,,,,,,,,,,,,,,,,,,,,,,,,,,,,,,,,,,,,,,,,,,,,,,,,,,,,,,,,,,,,,,,,,,,,,,,,,,,,,,,,,,,,,,,,,,,,,,,,,,,,,,,,,,,,,,,,,,,,,,,,,,,,,,,,,,,,,,,,,,,,,,,,,,,,,,,,,,,,,,,,,,,,,,,,,,,,,,,,,,,,,,,,,,,,,,,,,,,,,,,,,,,,,,,,,,,,,,,,,,,,,,,,,,,,,,,,,,,,,,,,,,,,,,,,,,,,,,,,,,,,,,,,,,,,,,,,,,,,,,,,,,,,,,,,,,,,,,,,,,,,,,,,,,,,,,,,,,,,,,,,,,,,,,,,,,,,,,,,,,,,,,,,
2021-22,serie-a::Football_Team::5bce12d5bd864c2297695d970f92576d,opta:Team:4raiad4l2j5lkfaz92pk4osb,Fiorentina,Fiorentina,FIO,0,0,31,254.026,295,5,13,7,11,13,10,3,9,8,7,7,17,3995.33,2.05,0.08,13.5,14.84,1.55,7.24,56,0.13,105.14,275,7,11,17,62,205,122,1291,0,0,0,0,0,0,36,0,31,0,0,0,0,0,0,0,0,3,31,21,10,6,387,195,195,49,0,0,0,0,464,564,38,77,59,51,0,59,2,20,38,4,13,2128,0,0,0,0,0,186,0,5,9,75,12,3,0,0,0,0,0,0,31,0,0,0,0,0,0,5,14,57,576,62,0,513,0,0,0,19,78,5,,,,,,,,,,,,,,,,,,,,,,,,,,,,,,,,,,,,,,,,,,,,,,,,,,,,,,,,,,,,,,,,,,,,,,,,,,,,,,,,,,,,,,,,,,,,,,,,,,,,,,,,,,,,,,,,,,,,,,,,,,,,,,,,,,,,,,,,,,,,,,,,,,,,,,,,,,,,,,,,,,,,,,,,,,,,,,,,,,,,,,,,,,,,,,,,,,,,,,,,,,,,,,,,,,,,,,,,,,,,,,,,,,,,,,,,,,,,,,,,,,,,,,,,,,,,,,,,,,,,,,,,,,,,,,,,,,,,,,,,,,,,,,,,,,,,,,,,,,,,,,,,,,,,,,,,,,,,,,,,,,,,,,,,,,,,,,,,,,,,,,,,,,,,,,,,,,,,,,,,,,,,,,,,,,
2021-22,serie-a::Football_Team::8c7aa94d22f44738951748e2ccdf319a,opta:Team:4kumqzwifv478caxed8zywlh3,Genoa,Genoa,GEN,0,0,19,220.447,247,3,2,2,4,1,15,12,8,4,12,10,14,4128.3,2.32,0.03,10.63,13.13,0.71,9.82,64.71,0.05,108.639,373,19,16,32,28,180,109,1062,0,0,0,0,0,0,28,0,19,0,0,0,0,0,0,0,0,8,35,13,10,1,283,155,155,46,0,0,0,0,566,499,38,126,27,60,0,27,8,25,14,8,3,2459,0,0,0,0,0,115,0,5,6,86,7,1,0,0,0,0,0,0,19,0,0,0,0,0,0,16,18,72,459,28,0,404,0,0,0,4,88,2,,,,,,,,,,,,,,,,,,,,,,,,,,,,,,,,,,,,,,,,,,,,,,,,,,,,,,,,,,,,,,,,,,,,,,,,,,,,,,,,,,,,,,,,,,,,,,,,,,,,,,,,,,,,,,,,,,,,,,,,,,,,,,,,,,,,,,,,,,,,,,,,,,,,,,,,,,,,,,,,,,,,,,,,,,,,,,,,,,,,,,,,,,,,,,,,,,,,,,,,,,,,,,,,,,,,,,,,,,,,,,,,,,,,,,,,,,,,,,,,,,,,,,,,,,,,,,,,,,,,,,,,,,,,,,,,,,,,,,,,,,,,,,,,,,,,,,,,,,,,,,,,,,,,,,,,,,,,,,,,,,,,,,,,,,,,,,,,,,,,,,,,,,,,,,,,,,,,,,,,,,,,,,,,,,
2021-22,serie-a::Football_Team::b7421caff23448c49134fa4f9095ee09,opta:Team:3vo5mpj7catp66nrwwqiuhuup,Inter,Internazionale,INT,1,0,57,260.763,241,10,17,13,14,17,13,5,3,9,3,3,9,4225.36,1.87,0,17.84,10.84,2.21,6.45,58.08,0,111.193,245,2,9,18,84,249,175,1289,0,0,0,0,0,0,37,0,57,0,0,0,0,0,0,0,0,6,16,36,2,11,503,253,253,56,0,0,0,0,466,412,38,96,84,32,0,84,3,16,48,2,14,2207,0,0,0,0,0,254,0,4,7,64,11,0,0,0,0,0,0,0,57,0,0,0,0,0,0,9,4,57,552,84,0,678,0,0,0,25,71,0,,,,,,,,,,,,,,,,,,,,,,,,,,,,,,,,,,,,,,,,,,,,,,,,,,,,,,,,,,,,,,,,,,,,,,,,,,,,,,,,,,,,,,,,,,,,,,,,,,,,,,,,,,,,,,,,,,,,,,,,,,,,,,,,,,,,,,,,,,,,,,,,,,,,,,,,,,,,,,,,,,,,,,,,,,,,,,,,,,,,,,,,,,,,,,,,,,,,,,,,,,,,,,,,,,,,,,,,,,,,,,,,,,,,,,,,,,,,,,,,,,,,,,,,,,,,,,,,,,,,,,,,,,,,,,,,,,,,,,,,,,,,,,,,,,,,,,,,,,,,,,,,,,,,,,,,,,,,,,,,,,,,,,,,,,,,,,,,,,,,,,,,,,,,,,,,,,,,,,,,,,,,,,,,,,
2021-22,serie-a::Football_Team::0ae9210dce6f4f9b9d50aeeb19b0d371,opta:Team:bqbbqm98ud8obe45ds9ohgyrd,Juventus,Juventus,JUV,0,0,37,232.315,172,11,3,10,9,9,15,4,8,4,2,7,12,4102.56,1.97,0.03,13.76,13.24,1.5,8.21,58.89,0.03,107.962,312,4,4,18,70,226,125,1108,0,0,0,0,0,0,33,0,37,0,0,0,0,0,0,0,0,5,23,32,4,10,388,170,170,53,0,0,0,0,508,503,38,89,57,37,0,57,5,14,25,4,10,2238,0,0,0,0,0,172,0,7,5,83,6,1,0,0,0,0,0,0,37,0,0,0,0,0,0,10,8,74,364,70,0,523,0,0,0,20,75,1,,,,,,,,,,,,,,,,,,,,,,,,,,,,,,,,,,,,,,,,,,,,,,,,,,,,,,,,,,,,,,,,,,,,,,,,,,,,,,,,,,,,,,,,,,,,,,,,,,,,,,,,,,,,,,,,,,,,,,,,,,,,,,,,,,,,,,,,,,,,,,,,,,,,,,,,,,,,,,,,,,,,,,,,,,,,,,,,,,,,,,,,,,,,,,,,,,,,,,,,,,,,,,,,,,,,,,,,,,,,,,,,,,,,,,,,,,,,,,,,,,,,,,,,,,,,,,,,,,,,,,,,,,,,,,,,,,,,,,,,,,,,,,,,,,,,,,,,,,,,,,,,,,,,,,,,,,,,,,,,,,,,,,,,,,,,,,,,,,,,,,,,,,,,,,,,,,,,,,,,,,,,,,,,,,
2021-22,serie-a::Football_Team::fe6490f2b16e45be9956a1cd04aaf3a2,opta:Team:btcy9nra9ak4m22ovr2ia6m5v,Lazio,Lazio,LAZ,0,0,48,278.263,200,12,13,7,14,16,15,14,4,8,11,9,12,4269.32,2.16,0.05,11.95,11.84,2.03,7.18,56.92,0.08,112.35,273,5,15,16,64,166,93,1223,0,0,0,0,0,0,43,0,48,0,0,0,0,0,0,0,0,4,33,35,7,8,346,176,176,47,0,0,0,0,441,450,38,89,77,58,0,77,6,25,42,3,10,2163,0,0,0,0,0,195,0,6,7,78,9,2,0,0,0,0,0,0,48,0,0,0,0,0,0,10,10,44,380,64,0,454,0,0,0,18,82,3,,,,,,,,,,,,,,,,,,,,,,,,,,,,,,,,,,,,,,,,,,,,,,,,,,,,,,,,,,,,,,,,,,,,,,,,,,,,,,,,,,,,,,,,,,,,,,,,,,,,,,,,,,,,,,,,,,,,,,,,,,,,,,,,,,,,,,,,,,,,,,,,,,,,,,,,,,,,,,,,,,,,,,,,,,,,,,,,,,,,,,,,,,,,,,,,,,,,,,,,,,,,,,,,,,,,,,,,,,,,,,,,,,,,,,,,,,,,,,,,,,,,,,,,,,,,,,,,,,,,,,,,,,,,,,,,,,,,,,,,,,,,,,,,,,,,,,,,,,,,,,,,,,,,,,,,,,,,,,,,,,,,,,,,,,,,,,,,,,,,,,,,,,,,,,,,,,,,,,,,,,,,,,,,,,
2021-22,serie-a::Football_Team::d0867ddf777c41789ca282b8276002b0,opta:Team:9dntj5dioj5ex52yrgwzxrq9l,Milan,Milan,MIL,0,0,38,263.342,258,12,10,11,9,10,17,7,3,5,4,5,7,4048.85,1.92,0.05,15.79,13.45,1.82,8.21,63.34,0.03,106.548,312,1,5,23,86,238,166,1289,0,0,0,0,0,0,33,0,38,0,0,0,0,0,0,0,0,4,19,41,1,14,436,195,195,43,0,0,0,0,465,511,38,96,69,31,0,69,4,12,28,3,12,2407,0,0,0,0,0,196,0,5,5,62,8,2,0,0,0,0,0,0,38,0,0,0,0,0,0,8,4,80,452,86,0,600,0,0,0,26,73,1,,,,,,,,,,,,,,,,,,,,,,,,,,,,,,,,,,,,,,,,,,,,,,,,,,,,,,,,,,,,,,,,,,,,,,,,,,,,,,,,,,,,,,,,,,,,,,,,,,,,,,,,,,,,,,,,,,,,,,,,,,,,,,,,,,,,,,,,,,,,,,,,,,,,,,,,,,,,,,,,,,,,,,,,,,,,,,,,,,,,,,,,,,,,,,,,,,,,,,,,,,,,,,,,,,,,,,,,,,,,,,,,,,,,,,,,,,,,,,,,,,,,,,,,,,,,,,,,,,,,,,,,,,,,,,,,,,,,,,,,,,,,,,,,,,,,,,,,,,,,,,,,,,,,,,,,,,,,,,,,,,,,,,,,,,,,,,,,,,,,,,,,,,,,,,,,,,,,,,,,,,,,,,,,,,
2021-22,serie-a::Football_Team::f791dab8f0e4449e9884dd8dbd42dbcc,opta:Team:gi0l1habji5hpgar77dl5jqe,Napoli,Napoli,NAP,0,0,46,244.736,199,12,17,11,9,12,13,3,5,4,8,3,8,4018.81,1.66,0.05,15.24,12.61,1.95,7.74,58.37,0,105.758,294,3,7,24,79,218,160,1289,0,0,0,0,0,0,35,0,46,0,0,0,0,0,0,0,0,4,15,37,2,13,451,197,197,47,0,0,0,0,460,479,38,106,74,31,0,74,3,16,37,5,11,2218,0,0,0,0,0,201,0,1,10,71,14,2,0,0,0,0,0,0,46,0,0,0,0,0,0,7,7,67,379,79,0,579,0,0,0,24,63,0,,,,,,,,,,,,,,,,,,,,,,,,,,,,,,,,,,,,,,,,,,,,,,,,,,,,,,,,,,,,,,,,,,,,,,,,,,,,,,,,,,,,,,,,,,,,,,,,,,,,,,,,,,,,,,,,,,,,,,,,,,,,,,,,,,,,,,,,,,,,,,,,,,,,,,,,,,,,,,,,,,,,,,,,,,,,,,,,,,,,,,,,,,,,,,,,,,,,,,,,,,,,,,,,,,,,,,,,,,,,,,,,,,,,,,,,,,,,,,,,,,,,,,,,,,,,,,,,,,,,,,,,,,,,,,,,,,,,,,,,,,,,,,,,,,,,,,,,,,,,,,,,,,,,,,,,,,,,,,,,,,,,,,,,,,,,,,,,,,,,,,,,,,,,,,,,,,,,,,,,,,,,,,,,,,
2021-22,serie-a::Football_Team::8ddc09c1aa73448da2dff953edd95d82,opta:Team:2tk2l9sgktwc9jhzqdd4mpdtb,Roma,Roma,ROM,0,0,31,257.236,231,4,7,5,7,18,18,10,9,9,8,4,3,4101.99,2.61,0.05,15.82,12.47,1.55,7.55,58.26,0.16,107.947,287,6,12,17,63,225,178,1284,0,0,0,0,0,0,33,0,31,0,0,0,0,0,0,0,0,3,27,33,8,8,435,238,238,49,0,0,0,0,500,474,38,106,59,43,0,59,6,16,26,3,10,2214,0,0,0,0,0,198,0,6,7,78,9,2,0,0,0,0,0,0,31,0,0,0,0,0,0,9,11,60,456,63,0,601,0,0,0,18,99,6,,,,,,,,,,,,,,,,,,,,,,,,,,,,,,,,,,,,,,,,,,,,,,,,,,,,,,,,,,,,,,,,,,,,,,,,,,,,,,,,,,,,,,,,,,,,,,,,,,,,,,,,,,,,,,,,,,,,,,,,,,,,,,,,,,,,,,,,,,,,,,,,,,,,,,,,,,,,,,,,,,,,,,,,,,,,,,,,,,,,,,,,,,,,,,,,,,,,,,,,,,,,,,,,,,,,,,,,,,,,,,,,,,,,,,,,,,,,,,,,,,,,,,,,,,,,,,,,,,,,,,,,,,,,,,,,,,,,,,,,,,,,,,,,,,,,,,,,,,,,,,,,,,,,,,,,,,,,,,,,,,,,,,,,,,,,,,,,,,,,,,,,,,,,,,,,,,,,,,,,,,,,,,,,,,
2021-22,serie-a::Football_Team::6a70c4bfb1fc42a2b4b10ac857573b1e,opta:Team:49rkyo4do8uwj06geomw0xr4i,Salernitana,Salernitana,SAL,0,0,18,213.157,244,6,3,5,8,4,7,13,12,10,13,16,14,4070.49,2.32,0.05,11.34,13.74,0.87,8.68,55.74,0.08,107.118,330,17,16,24,31,174,117,1038,0,0,0,0,0,0,32,0,18,0,0,0,0,0,0,0,0,4,39,16,11,4,304,185,185,48,0,0,0,0,494,522,38,145,33,78,0,33,6,39,17,10,3,2118,0,0,0,0,0,140,0,8,4,80,5,2,0,0,0,0,0,0,18,0,0,0,0,0,0,10,21,41,472,31,0,431,0,0,0,7,88,3,,,,,,,,,,,,,,,,,,,,,,,,,,,,,,,,,,,,,,,,,,,,,,,,,,,,,,,,,,,,,,,,,,,,,,,,,,,,,,,,,,,,,,,,,,,,,,,,,,,,,,,,,,,,,,,,,,,,,,,,,,,,,,,,,,,,,,,,,,,,,,,,,,,,,,,,,,,,,,,,,,,,,,,,,,,,,,,,,,,,,,,,,,,,,,,,,,,,,,,,,,,,,,,,,,,,,,,,,,,,,,,,,,,,,,,,,,,,,,,,,,,,,,,,,,,,,,,,,,,,,,,,,,,,,,,,,,,,,,,,,,,,,,,,,,,,,,,,,,,,,,,,,,,,,,,,,,,,,,,,,,,,,,,,,,,,,,,,,,,,,,,,,,,,,,,,,,,,,,,,,,,,,,,,,,
2021-22,serie-a::Football_Team::5872937234574c54ad3b0dae67a37373,opta:Team:4plikfte18rv8v4l89z803d4y,Sampdoria,Sampdoria,SAM,0,0,29,227.552,292,9,5,8,5,9,10,12,10,10,7,11,13,4015.34,2.42,0.08,10.29,13.5,1.21,7.11,60.29,0.03,105.666,270,15,9,23,36,159,107,1044,0,0,0,0,0,0,32,0,29,0,0,0,0,0,0,0,0,3,31,17,12,4,296,143,143,41,0,0,0,0,495,513,38,127,46,63,0,46,3,32,29,10,6,2291,0,0,0,0,0,125,0,4,2,50,4,3,0,0,0,0,0,0,29,0,0,0,0,0,0,6,22,82,498,36,0,391,0,0,0,10,92,1,,,,,,,,,,,,,,,,,,,,,,,,,,,,,,,,,,,,,,,,,,,,,,,,,,,,,,,,,,,,,,,,,,,,,,,,,,,,,,,,,,,,,,,,,,,,,,,,,,,,,,,,,,,,,,,,,,,,,,,,,,,,,,,,,,,,,,,,,,,,,,,,,,,,,,,,,,,,,,,,,,,,,,,,,,,,,,,,,,,,,,,,,,,,,,,,,,,,,,,,,,,,,,,,,,,,,,,,,,,,,,,,,,,,,,,,,,,,,,,,,,,,,,,,,,,,,,,,,,,,,,,,,,,,,,,,,,,,,,,,,,,,,,,,,,,,,,,,,,,,,,,,,,,,,,,,,,,,,,,,,,,,,,,,,,,,,,,,,,,,,,,,,,,,,,,,,,,,,,,,,,,,,,,,,,
2021-22,serie-a::Football_Team::b70390ba4e3c4bc2947a37617d53e8a3,opta:Team:6tuibxq39fdryu8ou06wcm0q3,Sassuolo,Sassuolo,SAS,0,0,36,231.552,178,5,9,14,13,11,12,9,10,8,3,17,19,3984.91,2.32,0.05,15.16,12.55,1.68,10.16,57.39,0.05,104.865,386,11,15,23,50,205,158,1199,0,0,0,0,0,0,37,0,36,0,0,0,0,0,0,0,0,5,36,37,7,7,431,198,198,49,0,0,0,0,461,477,38,116,64,66,0,64,6,30,27,7,6,2181,0,0,0,0,0,213,0,9,7,100,7,2,0,0,0,0,0,0,36,0,0,0,0,0,0,11,14,43,346,50,0,576,0,0,0,13,88,2,,,,,,,,,,,,,,,,,,,,,,,,,,,,,,,,,,,,,,,,,,,,,,,,,,,,,,,,,,,,,,,,,,,,,,,,,,,,,,,,,,,,,,,,,,,,,,,,,,,,,,,,,,,,,,,,,,,,,,,,,,,,,,,,,,,,,,,,,,,,,,,,,,,,,,,,,,,,,,,,,,,,,,,,,,,,,,,,,,,,,,,,,,,,,,,,,,,,,,,,,,,,,,,,,,,,,,,,,,,,,,,,,,,,,,,,,,,,,,,,,,,,,,,,,,,,,,,,,,,,,,,,,,,,,,,,,,,,,,,,,,,,,,,,,,,,,,,,,,,,,,,,,,,,,,,,,,,,,,,,,,,,,,,,,,,,,,,,,,,,,,,,,,,,,,,,,,,,,,,,,,,,,,,,,,
2021-22,serie-a::Football_Team::9c808018aa4d4d5caa03dbd69b61cbb7,opta:Team:4klvxyeh3xcus4ongu7c00mgc,Spezia,Spezia,SPE,0,0,25,237,191,8,9,2,5,7,10,9,8,8,15,14,17,4062.11,2.29,0.08,10.16,11.55,1.08,9.26,59.32,0.03,106.897,352,16,25,21,36,149,102,979,0,0,0,0,0,0,35,0,25,0,0,0,0,0,0,0,0,3,41,20,11,5,280,152,152,46,0,0,0,0,508,439,38,140,41,71,0,41,3,30,21,11,5,2254,0,0,0,0,0,135,0,13,3,60,5,3,0,0,0,0,0,0,25,0,0,0,0,0,0,6,22,77,356,36,0,386,0,0,0,10,87,1,,,,,,,,,,,,,,,,,,,,,,,,,,,,,,,,,,,,,,,,,,,,,,,,,,,,,,,,,,,,,,,,,,,,,,,,,,,,,,,,,,,,,,,,,,,,,,,,,,,,,,,,,,,,,,,,,,,,,,,,,,,,,,,,,,,,,,,,,,,,,,,,,,,,,,,,,,,,,,,,,,,,,,,,,,,,,,,,,,,,,,,,,,,,,,,,,,,,,,,,,,,,,,,,,,,,,,,,,,,,,,,,,,,,,,,,,,,,,,,,,,,,,,,,,,,,,,,,,,,,,,,,,,,,,,,,,,,,,,,,,,,,,,,,,,,,,,,,,,,,,,,,,,,,,,,,,,,,,,,,,,,,,,,,,,,,,,,,,,,,,,,,,,,,,,,,,,,,,,,,,,,,,,,,,,
2021-22,serie-a::Football_Team::a55dcc2058e94976b572262fc564a74c,opta:Team:7gnly6999wao1xarwct4p8fe9,Torino,Torino,TOR,0,0,26,246.71,241,8,6,9,7,5,11,4,4,5,5,6,17,4044.81,2.24,0.03,12.53,12.08,1.21,7.53,62.87,0.05,106.442,286,10,8,14,50,198,124,1176,0,0,0,0,0,0,32,0,26,0,0,0,0,0,0,0,0,6,20,17,8,5,366,168,168,50,0,0,0,0,636,459,38,84,46,41,0,46,5,21,29,6,8,2389,0,0,0,0,0,154,0,11,6,100,6,1,0,0,0,0,0,0,26,0,0,0,0,0,0,11,14,84,478,50,0,476,0,0,0,13,85,2,,,,,,,,,,,,,,,,,,,,,,,,,,,,,,,,,,,,,,,,,,,,,,,,,,,,,,,,,,,,,,,,,,,,,,,,,,,,,,,,,,,,,,,,,,,,,,,,,,,,,,,,,,,,,,,,,,,,,,,,,,,,,,,,,,,,,,,,,,,,,,,,,,,,,,,,,,,,,,,,,,,,,,,,,,,,,,,,,,,,,,,,,,,,,,,,,,,,,,,,,,,,,,,,,,,,,,,,,,,,,,,,,,,,,,,,,,,,,,,,,,,,,,,,,,,,,,,,,,,,,,,,,,,,,,,,,,,,,,,,,,,,,,,,,,,,,,,,,,,,,,,,,,,,,,,,,,,,,,,,,,,,,,,,,,,,,,,,,,,,,,,,,,,,,,,,,,,,,,,,,,,,,,,,,,
2021-22,serie-a::Football_Team::630b1e3631db42498d1b7bc94595c5e0,opta:Team:dxq76zcvnokq07cszdx0i6kve,Udinese,Udinese,UDI,0,0,36,223.894,150,11,9,7,5,11,18,8,12,9,6,10,13,3940.51,2.37,0.08,13.39,12.13,1.61,8.79,58.95,0.08,103.697,334,12,14,34,47,192,130,1104,0,0,0,0,0,0,37,0,36,0,0,0,0,0,0,0,0,7,29,30,7,5,375,187,187,53,0,0,0,0,564,461,38,105,61,58,0,61,7,29,31,6,6,2240,0,0,0,0,0,187,0,7,3,75,4,3,0,0,0,0,0,0,36,0,0,0,0,0,0,14,13,78,322,47,0,509,0,0,0,11,90,3,,,,,,,,,,,,,,,,,,,,,,,,,,,,,,,,,,,,,,,,,,,,,,,,,,,,,,,,,,,,,,,,,,,,,,,,,,,,,,,,,,,,,,,,,,,,,,,,,,,,,,,,,,,,,,,,,,,,,,,,,,,,,,,,,,,,,,,,,,,,,,,,,,,,,,,,,,,,,,,,,,,,,,,,,,,,,,,,,,,,,,,,,,,,,,,,,,,,,,,,,,,,,,,,,,,,,,,,,,,,,,,,,,,,,,,,,,,,,,,,,,,,,,,,,,,,,,,,,,,,,,,,,,,,,,,,,,,,,,,,,,,,,,,,,,,,,,,,,,,,,,,,,,,,,,,,,,,,,,,,,,,,,,,,,,,,,,,,,,,,,,,,,,,,,,,,,,,,,,,,,,,,,,,,,,
2021-22,serie-a::Football_Team::a28236708d214df3a2e2e04ceb7e5c54,opta:Team:565sm63rjm2y7xeae0dcdbtnu,Venezia,Venezia,VEN,0,0,23,242.052,238,7,4,5,6,4,8,10,12,8,14,10,15,4136.76,2.79,0.18,9.34,12,0.89,8.24,58.97,0.05,108.862,313,20,13,36,27,154,81,987,0,0,0,0,0,0,34,0,23,0,0,0,0,0,0,0,0,4,31,13,12,3,251,123,123,45,0,0,0,0,522,456,38,161,34,69,0,34,5,38,21,11,3,2241,0,0,0,0,0,120,0,12,3,60,5,7,0,0,0,0,0,0,23,0,0,0,0,0,0,9,23,61,431,27,0,355,0,0,0,6,106,2,,,,,,,,,,,,,,,,,,,,,,,,,,,,,,,,,,,,,,,,,,,,,,,,,,,,,,,,,,,,,,,,,,,,,,,,,,,,,,,,,,,,,,,,,,,,,,,,,,,,,,,,,,,,,,,,,,,,,,,,,,,,,,,,,,,,,,,,,,,,,,,,,,,,,,,,,,,,,,,,,,,,,,,,,,,,,,,,,,,,,,,,,,,,,,,,,,,,,,,,,,,,,,,,,,,,,,,,,,,,,,,,,,,,,,,,,,,,,,,,,,,,,,,,,,,,,,,,,,,,,,,,,,,,,,,,,,,,,,,,,,,,,,,,,,,,,,,,,,,,,,,,,,,,,,,,,,,,,,,,,,,,,,,,,,,,,,,,,,,,,,,,,,,,,,,,,,,,,,,,,,,,,,,,,,
2021-22,serie-a::Football_Team::be24fc024dd946ebbeb957ee6e796a2a,opta:Team:ap6blbxhq9elm62vw6tutzlwg,Verona,Hellas Verona,VER,0,0,41,245.447,247,15,9,7,11,10,13,6,9,11,8,6,19,4174.89,2.37,0.05,12.18,11.26,1.71,10.08,69.66,0.13,109.865,383,9,18,38,53,184,119,1212,0,0,0,0,0,0,35,0,41,0,0,0,0,0,0,0,0,8,34,31,6,5,334,166,166,44,0,0,0,0,560,428,38,103,65,59,0,65,3,25,34,7,9,2647,0,0,0,0,0,160,0,4,7,88,8,2,0,0,0,0,0,0,41,0,0,0,0,0,0,11,13,97,441,53,0,463,0,0,0,14,90,5,,,,,,,,,,,,,,,,,,,,,,,,,,,,,,,,,,,,,,,,,,,,,,,,,,,,,,,,,,,,,,,,,,,,,,,,,,,,,,,,,,,,,,,,,,,,,,,,,,,,,,,,,,,,,,,,,,,,,,,,,,,,,,,,,,,,,,,,,,,,,,,,,,,,,,,,,,,,,,,,,,,,,,,,,,,,,,,,,,,,,,,,,,,,,,,,,,,,,,,,,,,,,,,,,,,,,,,,,,,,,,,,,,,,,,,,,,,,,,,,,,,,,,,,,,,,,,,,,,,,,,,,,,,,,,,,,,,,,,,,,,,,,,,,,,,,,,,,,,,,,,,,,,,,,,,,,,,,,,,,,,,,,,,,,,,,,,,,,,,,,,,,,,,,,,,,,,,,,,,,,,,,,,,,,,
2022-23,serie-a::Football_Team::b5846a2413804c2e8cab8b773b18370a,opta:Team:e75syeuawg3ql8nwpi3vr2btz,Atalanta,Atalanta,ATA,0,0,42,184.315,242,3,17,8,8,16,14,8,10,6,7,6,11,4301.58,2.13,0.05,13.5,10.13,1.74,10.16,66.13,0.03,113.199,386,5,12,0,64,196,139,0,0,0,0,0,0,0,35,0,42,0,0,0,0,0,0,0,0,4,22,28,6,9,404,194,194,48,0,0,0,0,470,385,38,107,66,48,0,66,3,26,38,6,10,2513,0,0,0,0,0,178,0,3,6,75,8,2,0,0,0,0,0,0,42,0,0,0,0,0,0,7,12,58,461,64,0,513,0,0,0,19,81,1,,,,,,,,,,,,,,,,,,,,,,,,,,,,,,,,,,,,,,,,,,,,,,,,,,,,,,,,,,,,,,,,,,,,,,,,,,,,,,,,,,,,,,,,,,,,,,,,,,,,,,,,,,,,,,,,,,,,,,,,,,,,,,,,,,,,,,,,,,,,,,,,,,,,,,,,,,,,,,,,,,,,,,,,,,,,,,,,,,,,,,,,,,,,,,,,,,,,,,,,,,,,,,,,,,,,,,,,,,,,,,,,,,,,,,,,,,,,,,,,,,,,,,,,,,,,,,,,,,,,,,,,,,,,,,,,,,,,,,,,,,,,,,,,,,,,,,,,,,,,,,,,,,,,,,,,,,,,,,,,,,,,,,,,,,,,,,,,,,,,,,,,,,,,,,,,,,,,,,,,,,,,,,,,,,
2022-23,serie-a::Football_Team::4af71b35aab34ad5a7d06148abe66ad6,opta:Team:ej5er0oyngdw138yuumwqbyqt,Bologna,Bologna,BOL,0,0,41,162.631,218,10,11,5,8,7,12,6,12,8,10,8,5,4168.39,2.11,0.03,12.79,11.21,1.39,8,61.24,0.05,109.694,304,9,7,0,54,209,119,0,0,0,0,0,0,0,33,0,41,0,0,0,0,0,0,0,0,3,35,29,9,7,371,145,145,43,0,0,0,0,477,426,38,120,53,49,0,53,9,14,24,3,7,2327,0,0,0,0,0,158,0,9,6,100,6,1,0,0,0,0,0,0,41,0,0,0,0,0,0,12,12,77,384,54,0,486,0,0,0,14,80,2,,,,,,,,,,,,,,,,,,,,,,,,,,,,,,,,,,,,,,,,,,,,,,,,,,,,,,,,,,,,,,,,,,,,,,,,,,,,,,,,,,,,,,,,,,,,,,,,,,,,,,,,,,,,,,,,,,,,,,,,,,,,,,,,,,,,,,,,,,,,,,,,,,,,,,,,,,,,,,,,,,,,,,,,,,,,,,,,,,,,,,,,,,,,,,,,,,,,,,,,,,,,,,,,,,,,,,,,,,,,,,,,,,,,,,,,,,,,,,,,,,,,,,,,,,,,,,,,,,,,,,,,,,,,,,,,,,,,,,,,,,,,,,,,,,,,,,,,,,,,,,,,,,,,,,,,,,,,,,,,,,,,,,,,,,,,,,,,,,,,,,,,,,,,,,,,,,,,,,,,,,,,,,,,,,
2022-23,serie-a::Football_Team::920da3c6b91d4cf69b2f1448c8a71c96,opta:Team:af91jdcs6x0bqkmdb78rokod2,Cremonese,Cremonese,CRE,0,0,19,178.394,255,5,7,4,5,2,13,9,6,14,12,11,17,4192.66,2.13,0.08,12.24,10.71,0.95,7.79,62.47,0,110.333,296,19,8,0,27,207,126,0,0,0,0,0,0,0,28,0,19,0,0,0,0,0,0,0,0,8,38,21,10,1,325,146,146,47,0,0,0,0,458,407,38,158,36,69,0,36,4,31,15,11,4,2374,0,0,0,0,0,132,0,5,5,71,7,3,0,0,0,0,0,0,19,0,0,0,0,0,0,12,21,68,484,27,0,465,0,0,0,5,81,0,,,,,,,,,,,,,,,,,,,,,,,,,,,,,,,,,,,,,,,,,,,,,,,,,,,,,,,,,,,,,,,,,,,,,,,,,,,,,,,,,,,,,,,,,,,,,,,,,,,,,,,,,,,,,,,,,,,,,,,,,,,,,,,,,,,,,,,,,,,,,,,,,,,,,,,,,,,,,,,,,,,,,,,,,,,,,,,,,,,,,,,,,,,,,,,,,,,,,,,,,,,,,,,,,,,,,,,,,,,,,,,,,,,,,,,,,,,,,,,,,,,,,,,,,,,,,,,,,,,,,,,,,,,,,,,,,,,,,,,,,,,,,,,,,,,,,,,,,,,,,,,,,,,,,,,,,,,,,,,,,,,,,,,,,,,,,,,,,,,,,,,,,,,,,,,,,,,,,,,,,,,,,,,,,,
2022-23,serie-a::Football_Team::4de00d41f5654013b192a9515df5bf39,opta:Team:8le3orkfz6iix3jns6g9ojqjg,Empoli,Empoli,EMP,0,0,20,174.081,243,4,5,5,8,6,9,5,7,5,7,6,19,4125.92,2.16,0.11,11.82,12.11,0.97,9.79,54.18,0.08,111.511,372,14,19,0,43,184,134,0,0,0,0,0,0,0,29,0,20,0,0,0,0,0,0,0,0,9,26,15,8,2,321,168,168,43,0,0,0,0,440,460,38,112,37,49,0,37,4,23,22,7,8,2059,0,0,0,0,0,131,0,6,2,100,2,4,0,0,0,0,0,0,20,0,0,0,0,0,0,13,15,54,430,43,0,449,0,0,0,10,82,3,,,,,,,,,,,,,,,,,,,,,,,,,,,,,,,,,,,,,,,,,,,,,,,,,,,,,,,,,,,,,,,,,,,,,,,,,,,,,,,,,,,,,,,,,,,,,,,,,,,,,,,,,,,,,,,,,,,,,,,,,,,,,,,,,,,,,,,,,,,,,,,,,,,,,,,,,,,,,,,,,,,,,,,,,,,,,,,,,,,,,,,,,,,,,,,,,,,,,,,,,,,,,,,,,,,,,,,,,,,,,,,,,,,,,,,,,,,,,,,,,,,,,,,,,,,,,,,,,,,,,,,,,,,,,,,,,,,,,,,,,,,,,,,,,,,,,,,,,,,,,,,,,,,,,,,,,,,,,,,,,,,,,,,,,,,,,,,,,,,,,,,,,,,,,,,,,,,,,,,,,,,,,,,,,,
2022-23,serie-a::Football_Team::5bce12d5bd864c2297695d970f92576d,opta:Team:4raiad4l2j5lkfaz92pk4osb,Fiorentina,Fiorentina,FIO,0,0,37,171.263,352,8,12,8,3,5,17,9,7,5,7,8,7,4084.49,2.34,0.03,15.87,13.5,1.39,9.08,58.84,0.05,107.486,345,8,9,0,56,239,179,0,0,0,0,0,0,0,31,0,37,0,0,0,0,0,0,0,0,5,21,23,8,6,460,237,237,45,0,0,0,0,488,513,38,81,53,43,0,53,6,22,30,4,9,2236,0,0,0,0,0,185,0,8,4,67,6,1,0,0,0,0,0,0,37,0,0,0,0,0,0,11,12,56,640,56,0,603,0,0,0,15,89,2,,,,,,,,,,,,,,,,,,,,,,,,,,,,,,,,,,,,,,,,,,,,,,,,,,,,,,,,,,,,,,,,,,,,,,,,,,,,,,,,,,,,,,,,,,,,,,,,,,,,,,,,,,,,,,,,,,,,,,,,,,,,,,,,,,,,,,,,,,,,,,,,,,,,,,,,,,,,,,,,,,,,,,,,,,,,,,,,,,,,,,,,,,,,,,,,,,,,,,,,,,,,,,,,,,,,,,,,,,,,,,,,,,,,,,,,,,,,,,,,,,,,,,,,,,,,,,,,,,,,,,,,,,,,,,,,,,,,,,,,,,,,,,,,,,,,,,,,,,,,,,,,,,,,,,,,,,,,,,,,,,,,,,,,,,,,,,,,,,,,,,,,,,,,,,,,,,,,,,,,,,,,,,,,,,
2022-23,serie-a::Football_Team::b7421caff23448c49134fa4f9095ee09,opta:Team:3vo5mpj7catp66nrwwqiuhuup,Inter,Internazionale,INT,1,0,50,179.394,342,11,12,8,9,14,17,2,8,6,5,5,16,4273.69,1.63,0.03,16.58,10.68,1.87,7.08,57.47,0.05,112.465,269,3,6,0,72,269,157,0,0,0,0,0,0,0,32,0,50,0,0,0,0,0,0,0,0,3,28,34,7,9,480,214,214,46,0,0,0,0,443,406,38,99,71,42,0,71,0,14,37,5,14,2184,0,0,0,0,0,204,0,3,4,80,5,1,0,0,0,0,0,0,50,0,0,0,0,0,0,3,12,68,636,72,0,630,0,0,0,23,62,2,,,,,,,,,,,,,,,,,,,,,,,,,,,,,,,,,,,,,,,,,,,,,,,,,,,,,,,,,,,,,,,,,,,,,,,,,,,,,,,,,,,,,,,,,,,,,,,,,,,,,,,,,,,,,,,,,,,,,,,,,,,,,,,,,,,,,,,,,,,,,,,,,,,,,,,,,,,,,,,,,,,,,,,,,,,,,,,,,,,,,,,,,,,,,,,,,,,,,,,,,,,,,,,,,,,,,,,,,,,,,,,,,,,,,,,,,,,,,,,,,,,,,,,,,,,,,,,,,,,,,,,,,,,,,,,,,,,,,,,,,,,,,,,,,,,,,,,,,,,,,,,,,,,,,,,,,,,,,,,,,,,,,,,,,,,,,,,,,,,,,,,,,,,,,,,,,,,,,,,,,,,,,,,,,,
2022-23,serie-a::Football_Team::0ae9210dce6f4f9b9d50aeeb19b0d371,opta:Team:bqbbqm98ud8obe45ds9ohgyrd,Juventus,Juventus,JUV,0,0,41,169.5,245,6,11,7,9,10,13,4,7,5,5,10,2,4185.19,1.89,0.13,14.08,10.76,1.47,9.21,57.13,0.03,110.136,350,7,14,0,62,222,135,0,0,0,0,0,0,0,33,0,41,0,0,0,0,0,0,0,0,3,18,18,7,9,404,207,207,51,0,0,0,0,456,409,38,101,56,33,0,56,3,15,38,3,13,2171,0,0,0,0,0,178,0,5,3,50,6,5,0,0,0,0,0,0,41,0,0,0,0,0,0,6,10,62,496,62,0,535,0,0,0,22,72,1,,,,,,,,,,,,,,,,,,,,,,,,,,,,,,,,,,,,,,,,,,,,,,,,,,,,,,,,,,,,,,,,,,,,,,,,,,,,,,,,,,,,,,,,,,,,,,,,,,,,,,,,,,,,,,,,,,,,,,,,,,,,,,,,,,,,,,,,,,,,,,,,,,,,,,,,,,,,,,,,,,,,,,,,,,,,,,,,,,,,,,,,,,,,,,,,,,,,,,,,,,,,,,,,,,,,,,,,,,,,,,,,,,,,,,,,,,,,,,,,,,,,,,,,,,,,,,,,,,,,,,,,,,,,,,,,,,,,,,,,,,,,,,,,,,,,,,,,,,,,,,,,,,,,,,,,,,,,,,,,,,,,,,,,,,,,,,,,,,,,,,,,,,,,,,,,,,,,,,,,,,,,,,,,,,
2022-23,serie-a::Football_Team::fe6490f2b16e45be9956a1cd04aaf3a2,opta:Team:btcy9nra9ak4m22ovr2ia6m5v,Lazio,Lazio,LAZ,0,0,37,187.157,173,12,7,6,11,10,14,0,9,3,4,6,8,4406.6,2.26,0.05,11.53,12.39,1.58,7.66,57.76,0,115.963,291,2,15,0,74,157,111,0,0,0,0,0,0,0,39,0,37,0,0,0,0,0,0,0,0,4,12,28,4,11,325,177,177,41,0,0,0,0,401,471,38,100,60,30,0,60,4,18,32,4,11,2195,0,0,0,0,0,170,0,2,6,75,8,2,0,0,0,0,0,0,37,0,0,0,0,0,0,8,8,54,292,74,0,438,0,0,0,22,86,0,,,,,,,,,,,,,,,,,,,,,,,,,,,,,,,,,,,,,,,,,,,,,,,,,,,,,,,,,,,,,,,,,,,,,,,,,,,,,,,,,,,,,,,,,,,,,,,,,,,,,,,,,,,,,,,,,,,,,,,,,,,,,,,,,,,,,,,,,,,,,,,,,,,,,,,,,,,,,,,,,,,,,,,,,,,,,,,,,,,,,,,,,,,,,,,,,,,,,,,,,,,,,,,,,,,,,,,,,,,,,,,,,,,,,,,,,,,,,,,,,,,,,,,,,,,,,,,,,,,,,,,,,,,,,,,,,,,,,,,,,,,,,,,,,,,,,,,,,,,,,,,,,,,,,,,,,,,,,,,,,,,,,,,,,,,,,,,,,,,,,,,,,,,,,,,,,,,,,,,,,,,,,,,,,,
2022-23,serie-a::Football_Team::ced7bf0df3a140dfa48138311122133b,opta:Team:bi1fxjrncd0ram0oi7ja1jyuo,Lecce,Lecce,LEC,0,0,21,179.815,295,3,6,5,4,11,4,6,7,10,9,9,5,4140.65,2.24,0.03,11,11.55,0.87,8.68,63.76,0.03,108.964,330,16,5,0,36,186,119,0,0,0,0,0,0,0,27,0,21,0,0,0,0,0,0,0,0,4,22,15,10,5,313,172,172,46,0,0,0,0,553,439,38,113,33,46,0,33,8,24,18,8,3,2423,0,0,0,0,0,113,0,6,4,67,6,1,0,0,0,0,0,0,21,0,0,0,0,0,0,12,18,68,548,36,0,418,0,0,0,8,85,1,,,,,,,,,,,,,,,,,,,,,,,,,,,,,,,,,,,,,,,,,,,,,,,,,,,,,,,,,,,,,,,,,,,,,,,,,,,,,,,,,,,,,,,,,,,,,,,,,,,,,,,,,,,,,,,,,,,,,,,,,,,,,,,,,,,,,,,,,,,,,,,,,,,,,,,,,,,,,,,,,,,,,,,,,,,,,,,,,,,,,,,,,,,,,,,,,,,,,,,,,,,,,,,,,,,,,,,,,,,,,,,,,,,,,,,,,,,,,,,,,,,,,,,,,,,,,,,,,,,,,,,,,,,,,,,,,,,,,,,,,,,,,,,,,,,,,,,,,,,,,,,,,,,,,,,,,,,,,,,,,,,,,,,,,,,,,,,,,,,,,,,,,,,,,,,,,,,,,,,,,,,,,,,,,,
2022-23,serie-a::Football_Team::d0867ddf777c41789ca282b8276002b0,opta:Team:9dntj5dioj5ex52yrgwzxrq9l,Milan,Milan,MIL,0,0,49,192.631,254,8,7,13,12,9,15,5,5,9,8,6,10,4111.8,2.26,0,14.5,11.53,1.68,8.45,60.24,0.05,108.205,321,4,9,0,70,223,141,0,0,0,0,0,0,0,34,0,49,0,0,0,0,0,0,0,0,6,23,23,6,7,418,187,187,45,0,0,0,0,449,438,38,83,64,43,0,64,4,20,41,2,13,2289,0,0,0,0,0,187,0,5,5,100,5,0,0,0,0,0,0,0,49,0,0,0,0,0,0,10,8,61,458,70,0,551,0,0,0,20,86,2,,,,,,,,,,,,,,,,,,,,,,,,,,,,,,,,,,,,,,,,,,,,,,,,,,,,,,,,,,,,,,,,,,,,,,,,,,,,,,,,,,,,,,,,,,,,,,,,,,,,,,,,,,,,,,,,,,,,,,,,,,,,,,,,,,,,,,,,,,,,,,,,,,,,,,,,,,,,,,,,,,,,,,,,,,,,,,,,,,,,,,,,,,,,,,,,,,,,,,,,,,,,,,,,,,,,,,,,,,,,,,,,,,,,,,,,,,,,,,,,,,,,,,,,,,,,,,,,,,,,,,,,,,,,,,,,,,,,,,,,,,,,,,,,,,,,,,,,,,,,,,,,,,,,,,,,,,,,,,,,,,,,,,,,,,,,,,,,,,,,,,,,,,,,,,,,,,,,,,,,,,,,,,,,,,
2022-23,serie-a::Football_Team::9ba470f39580450fac7654956ba574fa,opta:Team:67z1gqyiuzpmmb15q5fy7ntc4,Monza,Monza,MON,0,0,31,155.552,210,3,10,8,8,8,11,8,9,6,12,9,8,4247.03,2.32,0.08,10.84,13.03,1.26,8.16,56.95,0.03,111.763,310,11,7,0,52,160,107,0,0,0,0,0,0,0,35,0,31,0,0,0,0,0,0,0,0,5,30,23,7,7,312,154,154,50,0,0,0,0,489,495,38,123,48,52,0,48,5,22,25,7,7,2164,0,0,0,0,0,145,0,3,5,83,6,3,0,0,0,0,0,0,31,0,0,0,0,0,0,10,14,69,424,52,0,412,0,0,0,14,88,1,,,,,,,,,,,,,,,,,,,,,,,,,,,,,,,,,,,,,,,,,,,,,,,,,,,,,,,,,,,,,,,,,,,,,,,,,,,,,,,,,,,,,,,,,,,,,,,,,,,,,,,,,,,,,,,,,,,,,,,,,,,,,,,,,,,,,,,,,,,,,,,,,,,,,,,,,,,,,,,,,,,,,,,,,,,,,,,,,,,,,,,,,,,,,,,,,,,,,,,,,,,,,,,,,,,,,,,,,,,,,,,,,,,,,,,,,,,,,,,,,,,,,,,,,,,,,,,,,,,,,,,,,,,,,,,,,,,,,,,,,,,,,,,,,,,,,,,,,,,,,,,,,,,,,,,,,,,,,,,,,,,,,,,,,,,,,,,,,,,,,,,,,,,,,,,,,,,,,,,,,,,,,,,,,,
2022-23,serie-a::Football_Team::f791dab8f0e4449e9884dd8dbd42dbcc,opta:Team:gi0l1habji5hpgar77dl5jqe,Napoli,Napoli,NAP,0,0,57,179.368,252,8,11,10,16,14,18,2,7,5,5,4,5,4094.22,1.24,0.03,16.18,12.32,2.03,8.89,57.87,0,107.742,338,1,9,0,90,225,167,0,0,0,0,0,0,0,36,0,57,0,0,0,0,0,0,0,0,3,13,37,2,14,490,229,229,45,0,0,0,0,389,468,38,81,77,28,0,77,3,15,40,2,14,2199,0,0,0,0,0,223,0,2,8,80,10,1,0,0,0,0,0,0,57,0,0,0,0,0,0,6,4,60,458,90,0,615,0,0,0,28,47,0,,,,,,,,,,,,,,,,,,,,,,,,,,,,,,,,,,,,,,,,,,,,,,,,,,,,,,,,,,,,,,,,,,,,,,,,,,,,,,,,,,,,,,,,,,,,,,,,,,,,,,,,,,,,,,,,,,,,,,,,,,,,,,,,,,,,,,,,,,,,,,,,,,,,,,,,,,,,,,,,,,,,,,,,,,,,,,,,,,,,,,,,,,,,,,,,,,,,,,,,,,,,,,,,,,,,,,,,,,,,,,,,,,,,,,,,,,,,,,,,,,,,,,,,,,,,,,,,,,,,,,,,,,,,,,,,,,,,,,,,,,,,,,,,,,,,,,,,,,,,,,,,,,,,,,,,,,,,,,,,,,,,,,,,,,,,,,,,,,,,,,,,,,,,,,,,,,,,,,,,,,,,,,,,,,
2022-23,serie-a::Football_Team::8ddc09c1aa73448da2dff953edd95d82,opta:Team:2tk2l9sgktwc9jhzqdd4mpdtb,Roma,Roma,ROM,0,0,33,161.368,182,7,7,5,7,9,15,6,3,7,5,7,10,4171.87,2.05,0.05,13.11,13.26,1.32,8.42,57.82,0.05,109.786,320,6,11,0,63,188,142,0,0,0,0,0,0,0,34,0,33,0,0,0,0,0,0,0,0,6,23,22,6,7,368,188,188,47,0,0,0,0,446,504,38,81,50,38,0,50,3,15,28,5,11,2197,0,0,0,0,0,168,0,3,7,70,10,2,0,0,0,0,0,0,33,0,0,0,0,0,0,9,11,56,346,63,0,498,0,0,0,18,78,2,,,,,,,,,,,,,,,,,,,,,,,,,,,,,,,,,,,,,,,,,,,,,,,,,,,,,,,,,,,,,,,,,,,,,,,,,,,,,,,,,,,,,,,,,,,,,,,,,,,,,,,,,,,,,,,,,,,,,,,,,,,,,,,,,,,,,,,,,,,,,,,,,,,,,,,,,,,,,,,,,,,,,,,,,,,,,,,,,,,,,,,,,,,,,,,,,,,,,,,,,,,,,,,,,,,,,,,,,,,,,,,,,,,,,,,,,,,,,,,,,,,,,,,,,,,,,,,,,,,,,,,,,,,,,,,,,,,,,,,,,,,,,,,,,,,,,,,,,,,,,,,,,,,,,,,,,,,,,,,,,,,,,,,,,,,,,,,,,,,,,,,,,,,,,,,,,,,,,,,,,,,,,,,,,,
2022-23,serie-a::Football_Team::6a70c4bfb1fc42a2b4b10ac857573b1e,opta:Team:49rkyo4do8uwj06geomw0xr4i,Salernitana,Salernitana,SAL,0,0,34,156.891,250,9,11,5,7,5,11,9,11,8,7,15,12,4088.11,2.21,0.08,10.08,11.53,1.26,8,59.03,0.03,110.489,304,15,20,0,42,164,101,0,0,0,0,0,0,0,31,0,34,0,0,0,0,0,0,0,0,9,36,18,8,2,280,143,143,43,0,0,0,0,473,438,38,135,48,62,0,48,6,26,30,6,7,2243,0,0,0,0,0,118,0,11,2,100,2,3,0,0,0,0,0,0,34,0,0,0,0,0,0,15,14,67,436,42,0,383,0,0,0,9,84,1,,,,,,,,,,,,,,,,,,,,,,,,,,,,,,,,,,,,,,,,,,,,,,,,,,,,,,,,,,,,,,,,,,,,,,,,,,,,,,,,,,,,,,,,,,,,,,,,,,,,,,,,,,,,,,,,,,,,,,,,,,,,,,,,,,,,,,,,,,,,,,,,,,,,,,,,,,,,,,,,,,,,,,,,,,,,,,,,,,,,,,,,,,,,,,,,,,,,,,,,,,,,,,,,,,,,,,,,,,,,,,,,,,,,,,,,,,,,,,,,,,,,,,,,,,,,,,,,,,,,,,,,,,,,,,,,,,,,,,,,,,,,,,,,,,,,,,,,,,,,,,,,,,,,,,,,,,,,,,,,,,,,,,,,,,,,,,,,,,,,,,,,,,,,,,,,,,,,,,,,,,,,,,,,,,
2022-23,serie-a::Football_Team::5872937234574c54ad3b0dae67a37373,opta:Team:4plikfte18rv8v4l89z803d4y,Sampdoria,Sampdoria,SAM,0,0,17,145.236,249,4,2,5,4,5,4,11,7,10,11,12,20,4039.11,2.74,0.03,9.95,13.47,0.63,8.84,57.39,0.05,106.292,336,20,16,0,19,156,103,0,0,0,0,0,0,0,31,0,17,0,0,0,0,0,0,0,0,3,43,12,14,2,272,134,134,41,0,0,0,0,507,512,38,146,24,71,0,24,7,28,12,11,1,2181,0,0,0,0,0,119,0,11,1,50,2,1,0,0,0,0,0,0,17,0,0,0,0,0,0,10,25,56,421,19,0,378,0,0,0,3,104,2,,,,,,,,,,,,,,,,,,,,,,,,,,,,,,,,,,,,,,,,,,,,,,,,,,,,,,,,,,,,,,,,,,,,,,,,,,,,,,,,,,,,,,,,,,,,,,,,,,,,,,,,,,,,,,,,,,,,,,,,,,,,,,,,,,,,,,,,,,,,,,,,,,,,,,,,,,,,,,,,,,,,,,,,,,,,,,,,,,,,,,,,,,,,,,,,,,,,,,,,,,,,,,,,,,,,,,,,,,,,,,,,,,,,,,,,,,,,,,,,,,,,,,,,,,,,,,,,,,,,,,,,,,,,,,,,,,,,,,,,,,,,,,,,,,,,,,,,,,,,,,,,,,,,,,,,,,,,,,,,,,,,,,,,,,,,,,,,,,,,,,,,,,,,,,,,,,,,,,,,,,,,,,,,,,
2022-23,serie-a::Football_Team::b70390ba4e3c4bc2947a37617d53e8a3,opta:Team:6tuibxq39fdryu8ou06wcm0q3,Sassuolo,Sassuolo,SAS,0,0,30,179.763,242,7,6,6,8,11,9,8,10,10,6,9,18,4030.38,2.21,0.08,12.82,11.66,1.24,9.61,53.13,0.08,106.062,365,13,12,0,45,188,128,0,0,0,0,0,0,0,35,0,30,0,0,0,0,0,0,0,0,5,38,23,10,4,372,177,177,47,0,0,0,0,408,443,38,71,47,61,0,47,4,23,24,7,8,2019,0,0,0,0,0,171,0,4,9,90,10,3,0,0,0,0,0,0,30,0,0,0,0,0,0,9,17,43,459,45,0,487,0,0,0,12,84,3,,,,,,,,,,,,,,,,,,,,,,,,,,,,,,,,,,,,,,,,,,,,,,,,,,,,,,,,,,,,,,,,,,,,,,,,,,,,,,,,,,,,,,,,,,,,,,,,,,,,,,,,,,,,,,,,,,,,,,,,,,,,,,,,,,,,,,,,,,,,,,,,,,,,,,,,,,,,,,,,,,,,,,,,,,,,,,,,,,,,,,,,,,,,,,,,,,,,,,,,,,,,,,,,,,,,,,,,,,,,,,,,,,,,,,,,,,,,,,,,,,,,,,,,,,,,,,,,,,,,,,,,,,,,,,,,,,,,,,,,,,,,,,,,,,,,,,,,,,,,,,,,,,,,,,,,,,,,,,,,,,,,,,,,,,,,,,,,,,,,,,,,,,,,,,,,,,,,,,,,,,,,,,,,,,
2022-23,serie-a::Football_Team::9c808018aa4d4d5caa03dbd69b61cbb7,opta:Team:4klvxyeh3xcus4ongu7c00mgc,Spezia,Spezia,SPE,0,0,18,165.473,226,4,5,6,6,8,2,6,10,9,9,11,17,4162.81,2.5,0.05,11.13,9.97,0.82,9.66,60.61,0.11,109.547,367,18,19,0,31,173,125,0,0,0,0,0,0,0,30,0,18,0,0,0,0,0,0,0,0,5,32,13,12,2,289,193,193,49,0,0,0,0,519,379,38,127,31,62,0,31,8,30,18,7,4,2303,0,0,0,0,0,125,0,7,4,100,4,2,0,0,0,0,0,0,18,0,0,0,0,0,0,13,19,55,439,31,0,423,0,0,0,6,95,4,,,,,,,,,,,,,,,,,,,,,,,,,,,,,,,,,,,,,,,,,,,,,,,,,,,,,,,,,,,,,,,,,,,,,,,,,,,,,,,,,,,,,,,,,,,,,,,,,,,,,,,,,,,,,,,,,,,,,,,,,,,,,,,,,,,,,,,,,,,,,,,,,,,,,,,,,,,,,,,,,,,,,,,,,,,,,,,,,,,,,,,,,,,,,,,,,,,,,,,,,,,,,,,,,,,,,,,,,,,,,,,,,,,,,,,,,,,,,,,,,,,,,,,,,,,,,,,,,,,,,,,,,,,,,,,,,,,,,,,,,,,,,,,,,,,,,,,,,,,,,,,,,,,,,,,,,,,,,,,,,,,,,,,,,,,,,,,,,,,,,,,,,,,,,,,,,,,,,,,,,,,,,,,,,,
2022-23,serie-a::Football_Team::a55dcc2058e94976b572262fc564a74c,opta:Team:7gnly6999wao1xarwct4p8fe9,Torino,Torino,TOR,0,0,34,183.21,228,2,5,8,8,11,8,5,6,3,9,9,9,4181.38,2.13,0,11.74,10.05,1.11,8.29,62.66,0,110.036,315,10,11,0,53,169,127,0,0,0,0,0,0,0,34,0,34,0,0,0,0,0,0,0,0,4,22,27,6,9,375,172,172,47,0,0,0,0,506,382,38,97,42,41,0,42,7,19,15,7,5,2381,0,0,0,0,0,150,0,6,2,100,2,0,0,0,0,0,0,0,34,0,0,0,0,0,0,11,13,80,429,53,0,446,0,0,0,14,81,0,,,,,,,,,,,,,,,,,,,,,,,,,,,,,,,,,,,,,,,,,,,,,,,,,,,,,,,,,,,,,,,,,,,,,,,,,,,,,,,,,,,,,,,,,,,,,,,,,,,,,,,,,,,,,,,,,,,,,,,,,,,,,,,,,,,,,,,,,,,,,,,,,,,,,,,,,,,,,,,,,,,,,,,,,,,,,,,,,,,,,,,,,,,,,,,,,,,,,,,,,,,,,,,,,,,,,,,,,,,,,,,,,,,,,,,,,,,,,,,,,,,,,,,,,,,,,,,,,,,,,,,,,,,,,,,,,,,,,,,,,,,,,,,,,,,,,,,,,,,,,,,,,,,,,,,,,,,,,,,,,,,,,,,,,,,,,,,,,,,,,,,,,,,,,,,,,,,,,,,,,,,,,,,,,,
2022-23,serie-a::Football_Team::630b1e3631db42498d1b7bc94595c5e0,opta:Team:dxq76zcvnokq07cszdx0i6kve,Udinese,Udinese,UDI,0,0,41,161.473,202,8,3,10,7,7,12,12,11,2,7,10,6,4012.53,2.26,0.05,13.29,12.55,1.24,8.79,55.26,0.03,105.592,334,12,14,0,46,204,149,0,0,0,0,0,0,0,30,0,41,0,0,0,0,0,0,0,0,4,28,17,10,5,385,189,189,46,0,0,0,0,480,477,38,91,47,48,0,47,9,20,30,4,6,2100,0,0,0,0,0,152,0,7,1,50,2,2,0,0,0,0,0,0,41,0,0,0,0,0,0,13,14,54,377,46,0,505,0,0,0,11,86,1,,,,,,,,,,,,,,,,,,,,,,,,,,,,,,,,,,,,,,,,,,,,,,,,,,,,,,,,,,,,,,,,,,,,,,,,,,,,,,,,,,,,,,,,,,,,,,,,,,,,,,,,,,,,,,,,,,,,,,,,,,,,,,,,,,,,,,,,,,,,,,,,,,,,,,,,,,,,,,,,,,,,,,,,,,,,,,,,,,,,,,,,,,,,,,,,,,,,,,,,,,,,,,,,,,,,,,,,,,,,,,,,,,,,,,,,,,,,,,,,,,,,,,,,,,,,,,,,,,,,,,,,,,,,,,,,,,,,,,,,,,,,,,,,,,,,,,,,,,,,,,,,,,,,,,,,,,,,,,,,,,,,,,,,,,,,,,,,,,,,,,,,,,,,,,,,,,,,,,,,,,,,,,,,,,
2022-23,serie-a::Football_Team::be24fc024dd946ebbeb957ee6e796a2a,opta:Team:ap6blbxhq9elm62vw6tutzlwg,Verona,Hellas Verona,VER,0,0,23,165.842,237,4,5,6,6,7,3,5,8,7,9,14,16,4137.94,2.74,0.08,10.95,10.08,0.82,8.74,66.37,0,108.893,332,17,11,0,31,188,108,0,0,0,0,0,0,0,29,0,23,0,0,0,0,0,0,0,0,7,27,11,11,1,304,174,174,49,0,0,0,0,539,383,38,130,31,59,0,31,3,32,20,10,6,2522,0,0,0,0,0,120,0,2,1,100,1,3,0,0,0,0,0,0,23,0,0,0,0,0,0,10,21,76,465,31,0,416,0,0,0,7,104,0,,,,,,,,,,,,,,,,,,,,,,,,,,,,,,,,,,,,,,,,,,,,,,,,,,,,,,,,,,,,,,,,,,,,,,,,,,,,,,,,,,,,,,,,,,,,,,,,,,,,,,,,,,,,,,,,,,,,,,,,,,,,,,,,,,,,,,,,,,,,,,,,,,,,,,,,,,,,,,,,,,,,,,,,,,,,,,,,,,,,,,,,,,,,,,,,,,,,,,,,,,,,,,,,,,,,,,,,,,,,,,,,,,,,,,,,,,,,,,,,,,,,,,,,,,,,,,,,,,,,,,,,,,,,,,,,,,,,,,,,,,,,,,,,,,,,,,,,,,,,,,,,,,,,,,,,,,,,,,,,,,,,,,,,,,,,,,,,,,,,,,,,,,,,,,,,,,,,,,,,,,,,,,,,,,
2023-24,serie-a::Football_Team::b5846a2413804c2e8cab8b773b18370a,opta:Team:e75syeuawg3ql8nwpi3vr2btz,Atalanta,Atalanta,ATA,,,,,,,,,,,,,,,,,,,,,,,,,,,,,,,,,,,,0,0,0,877,14940,83,49,56.15,57,0,0,0,0,0,0,0,0,4,26,30,7,8,380,210,210,32,31.69,0,49.93,0,486,367,38,28,72,42,1,10,2,16,42,4,13,340,45,1929,877,0,0,207,83,6,5,100,5,1,16274,452,0,369,60,60.2,57,0,0,0,0,0,0,6,11,63,18686,69,0,419,0,0,613,21,73,1,1131,496,635,6,30,125,119,28,15,4,210,210,31.69,2,3791,1898,1893,337,5,365,118,38,57,17.18,270,72,42,35,7,59,13,2660,1402,1258,32,10,15,42,376,340,380,2,23,63,17364,,37,,1,76.74,82.07,9,,2,5,5,6,15,9,51,746,364,2297,1,39,1,49.4,212,99,48,207,,65,225,153,286,180,148,877,14281,7744,7421,14063,60.2,244,369,96,676,647,576,486,367,5217,18203,1,419,452,14940,3263,106,485,365,270,561,1052,2764,984,2211,16,73,,,,,,,,,,,,,,,,,,,,,,,,,,,,,,,,,,,,,,,,,,,,,,,,,,,,,,,,,,,,,,,,,,,,,,,,,,,,,,,,,,,,,,,,,,,,,,,,,,,,,,,,,,,,,,,,,,,,,,,,,,,,,,,,,,,,,,,,,,,,,,,,,,,,,,,,,,,,,,,,,,,,,,,,,,,,,,,,,,,,,,,,,,,,,,,,,,,,,,,,,,,,,,,,,,,,,,,,,,,,,,,,,,,,,,,,,,,,,,,,,,,,,,,,,,,,,,,,,,,,
2023-24,serie-a::Football_Team::4af71b35aab34ad5a7d06148abe66ad6,opta:Team:ej5er0oyngdw138yuumwqbyqt,Bologna,Bologna,BOL,,,,,,,,,,,,,,,,,,,,,,,,,,,,,,,,,,,,0,0,0,895,18188,87,48,50.59,32,0,0,0,0,0,0,0,0,9,20,21,4,6,324,166,166,23,22.55,0,50.46,0,458,456,38,12,54,32,2,6,5,12,33,2,12,258,51,1767,895,0,0,164,87,3,4,80,5,2,19257,409,0,385,61,60.82,32,0,0,0,0,0,0,14,6,55,21281,68,0,341,0,0,633,18,83,2,854,422,432,19,21,136,113,12,17,3,166,166,22.55,1,3563,1765,1798,313,5,368,76,38,32,15.84,285,54,32,26,6,46,8,2709,1343,1366,15,6,8,33,230,258,324,4,19,55,20158,,43,2,1,80.91,86.51,7,1,2,5,4,3,13,16,58,727,313,1967,2,27,2,48.09,177,83,46,164,,49,115,58,293,110,284,895,17464,8066,10237,17293,60.82,248,385,86,669,633,634,458,456,4597,21024,2,341,409,18188,2836,104,395,258,322,420,872,2271,960,1964,38,83,,,,,,,,,,,,,,,,,,,,,,,,,,,,,,,,,,,,,,,,,,,,,,,,,,,,,,,,,,,,,,,,,,,,,,,,,,,,,,,,,,,,,,,,,,,,,,,,,,,,,,,,,,,,,,,,,,,,,,,,,,,,,,,,,,,,,,,,,,,,,,,,,,,,,,,,,,,,,,,,,,,,,,,,,,,,,,,,,,,,,,,,,,,,,,,,,,,,,,,,,,,,,,,,,,,,,,,,,,,,,,,,,,,,,,,,,,,,,,,,,,,,,,,,,,,,,,,,,,,,
2023-24,serie-a::Football_Team::25aecd0eda3e4453aabd9a9d5e7fba0d,opta:Team:5rwlg5cfv1hu7yf0ek1zxpzy3,Cagliari,Cagliari,CAG,,,,,,,,,,,,,,,,,,,,,,,,,,,,,,,,,,,,0,0,0,973,9731,76,40,48.19,30,0,0,0,0,0,0,0,0,5,36,14,12,2,300,176,176,26,26.17,0,48.64,0,464,418,38,27,42,68,0,6,7,32,28,6,6,265,43,2261,973,0,0,137,76,4,4,67,6,5,10591,489,0,315,58,58.33,30,0,0,0,0,0,0,12,18,64,13402,36,0,339,0,0,540,8,72,2,1218,631,587,15,14,110,113,27,5,1,176,176,26.17,1,3633,1866,1767,312,6,327,122,38,30,12.39,312,42,68,63,5,39,3,2415,1235,1180,29,6,11,28,186,265,300,4,15,64,11955,,29,1,3,65.63,75.72,5,1,,6,4,4,20,17,41,568,260,1982,2,20,,40.41,202,127,34,137,3,62,223,144,237,210,124,973,9095,4698,5256,8758,58.33,225,315,162,642,558,754,464,418,5109,12852,5,339,489,9731,3121,98,629,475,220,621,1288,2973,777,1833,21,72,,,,,,,,,,,,,,,,,,,,,,,,,,,,,,,,,,,,,,,,,,,,,,,,,,,,,,,,,,,,,,,,,,,,,,,,,,,,,,,,,,,,,,,,,,,,,,,,,,,,,,,,,,,,,,,,,,,,,,,,,,,,,,,,,,,,,,,,,,,,,,,,,,,,,,,,,,,,,,,,,,,,,,,,,,,,,,,,,,,,,,,,,,,,,,,,,,,,,,,,,,,,,,,,,,,,,,,,,,,,,,,,,,,,,,,,,,,,,,,,,,,,,,,,,,,,,,,,,,,,
2023-24,serie-a::Football_Team::4de00d41f5654013b192a9515df5bf39,opta:Team:8le3orkfz6iix3jns6g9ojqjg,Empoli,Empoli,EMP,,,,,,,,,,,,,,,,,,,,,,,,,,,,,,,,,,,,0,0,0,788,10561,78,41,44.71,18,0,0,0,0,0,0,0,0,4,31,14,11,4,279,177,177,23,23.21,0,48.68,0,524,514,38,37,29,54,0,7,5,23,15,9,5,263,39,2042,788,0,0,118,78,6,5,100,5,1,11537,565,0,378,61,61.17,18,0,0,0,0,0,0,9,20,82,13988,36,0,288,0,0,618,9,87,1,1163,643,520,22,14,130,154,37,9,3,177,177,23.21,5,3835,1968,1867,346,5,438,91,38,18,10.07,309,29,54,47,7,25,4,2672,1325,1347,37,7,11,15,221,263,279,3,4,82,12623,,42,3,1,67.52,77.77,8,,2,5,5,6,5,4,44,639,308,1916,1,15,,40.97,170,139,50,118,,45,156,95,226,184,210,788,9822,4643,6074,9773,61.17,240,378,153,642,589,792,524,514,4952,13579,1,288,565,10561,3018,100,516,380,285,651,1254,2674,860,1764,25,87,,,,,,,,,,,,,,,,,,,,,,,,,,,,,,,,,,,,,,,,,,,,,,,,,,,,,,,,,,,,,,,,,,,,,,,,,,,,,,,,,,,,,,,,,,,,,,,,,,,,,,,,,,,,,,,,,,,,,,,,,,,,,,,,,,,,,,,,,,,,,,,,,,,,,,,,,,,,,,,,,,,,,,,,,,,,,,,,,,,,,,,,,,,,,,,,,,,,,,,,,,,,,,,,,,,,,,,,,,,,,,,,,,,,,,,,,,,,,,,,,,,,,,,,,,,,,,,,,,,,
2023-24,serie-a::Football_Team::5bce12d5bd864c2297695d970f92576d,opta:Team:4raiad4l2j5lkfaz92pk4osb,Fiorentina,Fiorentina,FIO,,,,,,,,,,,,,,,,,,,,,,,,,,,,,,,,,,,,0,0,0,1264,15199,84,49,50.56,41,0,0,0,0,0,0,0,0,4,24,24,8,7,354,202,202,25,24.87,0,50.62,0,459,450,38,6,61,46,1,18,5,22,37,4,10,236,53,2367,1264,0,0,182,84,8,4,50,8,0,15852,380,0,320,57,56.74,41,0,0,0,0,0,0,9,12,57,18758,60,0,372,0,0,564,17,80,0,1258,622,636,13,24,151,81,6,8,1,202,202,24.87,2,3791,1872,1919,288,8,292,55,38,41,16.4,209,61,46,39,7,55,6,2533,1250,1283,36,18,21,37,266,236,354,5,17,57,17343,,30,1,,77.07,83.42,9,1,1,8,4,8,13,16,57,667,307,1923,,25,1,48.92,190,121,28,182,,43,186,134,279,236,198,1264,14475,7959,7426,13935,56.74,244,320,155,658,610,486,459,450,4978,18219,,372,380,15199,3020,108,562,421,279,593,1103,2874,708,1917,13,80,,,,,,,,,,,,,,,,,,,,,,,,,,,,,,,,,,,,,,,,,,,,,,,,,,,,,,,,,,,,,,,,,,,,,,,,,,,,,,,,,,,,,,,,,,,,,,,,,,,,,,,,,,,,,,,,,,,,,,,,,,,,,,,,,,,,,,,,,,,,,,,,,,,,,,,,,,,,,,,,,,,,,,,,,,,,,,,,,,,,,,,,,,,,,,,,,,,,,,,,,,,,,,,,,,,,,,,,,,,,,,,,,,,,,,,,,,,,,,,,,,,,,,,,,,,,,,,,,,,,
2023-24,serie-a::Football_Team::b283fcc0aeda401bb081fcd764e290db,opta:Team:5khizzei8z0qbb7exz622wxw3,Frosinone,Frosinone,FRO,,,,,,,,,,,,,,,,,,,,,,,,,,,,,,,,,,,,0,0,0,684,12765,80,46,46.59,29,0,0,0,0,0,0,0,0,7,37,16,11,1,322,214,214,25,25,0,48.38,0,388,442,38,18,44,69,3,9,4,32,28,8,7,241,37,1855,684,0,0,160,80,5,8,80,10,2,14143,559,0,322,59,59.08,29,0,0,0,0,0,0,11,19,48,16342,35,0,349,0,0,545,8,66,1,1157,618,539,18,16,121,143,18,7,2,214,214,25.0,4,3725,1923,1802,254,10,421,70,38,29,12.61,316,44,69,62,7,39,5,2568,1305,1263,34,9,16,28,208,241,322,2,16,48,14960,,57,,2,71.62,79.79,8,1,1,10,8,5,22,10,49,648,296,2026,1,19,3,45.85,189,140,44,160,1,46,131,86,297,139,232,684,11908,5871,7025,12081,59.08,223,322,127,673,697,748,388,442,5138,15998,2,349,559,12765,3233,97,393,286,349,620,1171,2667,959,2062,22,66,,,,,,,,,,,,,,,,,,,,,,,,,,,,,,,,,,,,,,,,,,,,,,,,,,,,,,,,,,,,,,,,,,,,,,,,,,,,,,,,,,,,,,,,,,,,,,,,,,,,,,,,,,,,,,,,,,,,,,,,,,,,,,,,,,,,,,,,,,,,,,,,,,,,,,,,,,,,,,,,,,,,,,,,,,,,,,,,,,,,,,,,,,,,,,,,,,,,,,,,,,,,,,,,,,,,,,,,,,,,,,,,,,,,,,,,,,,,,,,,,,,,,,,,,,,,,,,,,,,,
2023-24,serie-a::Football_Team::8c7aa94d22f44738951748e2ccdf319a,opta:Team:4kumqzwifv478caxed8zywlh3,Genoa,Genoa,GEN,,,,,,,,,,,,,,,,,,,,,,,,,,,,,,,,,,,,0,0,0,853,11206,79,41,52.99,27,0,0,0,0,0,0,0,0,7,23,18,8,4,273,143,143,29,29.18,0,51.27,0,450,406,38,41,45,45,1,9,6,22,27,5,8,332,42,2020,853,0,0,129,79,3,5,83,6,3,12283,501,0,352,56,56.32,27,0,0,0,0,0,0,13,13,47,14642,49,0,315,0,0,625,12,73,3,1187,558,629,21,18,88,162,41,9,,143,143,29.18,7,3577,1743,1834,290,6,370,65,38,27,14.29,325,45,45,39,6,37,8,2390,1185,1205,30,9,16,27,298,332,273,1,15,47,13375,,38,2,1,68.31,78.35,4,,1,6,5,3,16,18,44,609,300,1903,3,19,1,40.95,186,94,46,129,,59,178,99,193,195,152,853,10486,5045,6339,10353,56.32,273,352,134,561,493,770,450,406,4822,14303,3,315,501,11206,3097,67,432,326,200,561,1167,2690,839,1930,22,73,,,,,,,,,,,,,,,,,,,,,,,,,,,,,,,,,,,,,,,,,,,,,,,,,,,,,,,,,,,,,,,,,,,,,,,,,,,,,,,,,,,,,,,,,,,,,,,,,,,,,,,,,,,,,,,,,,,,,,,,,,,,,,,,,,,,,,,,,,,,,,,,,,,,,,,,,,,,,,,,,,,,,,,,,,,,,,,,,,,,,,,,,,,,,,,,,,,,,,,,,,,,,,,,,,,,,,,,,,,,,,,,,,,,,,,,,,,,,,,,,,,,,,,,,,,,,,,,,,,,
2023-24,serie-a::Football_Team::b7421caff23448c49134fa4f9095ee09,opta:Team:3vo5mpj7catp66nrwwqiuhuup,Inter,Internazionale,INT,,,,,,,,,,,,,,,,,,,,,,,,,,,,,,,,,,,,0,0,0,1116,18218,88,48,58.32,60,0,0,0,0,0,0,0,0,3,11,45,1,15,381,228,228,27,26.74,0,54.37,0,405,408,38,23,89,22,0,11,4,11,44,1,14,280,62,1813,1116,0,0,212,88,2,13,93,14,1,18947,395,0,321,59,59.44,60,0,0,0,0,0,0,7,2,77,21306,94,0,446,0,0,540,29,46,0,931,388,543,19,45,148,116,23,21,2,228,228,26.74,1,3086,1408,1678,278,14,367,33,38,60,19.96,249,89,22,18,4,81,8,2155,1020,1135,26,11,19,44,360,280,381,3,25,77,19997,1,24,2,,82.75,87.76,4,,1,14,13,2,13,9,57,600,249,1790,,50,,47.53,234,75,40,212,1,61,215,146,195,105,262,1116,17522,8415,10018,17102,59.44,219,321,100,555,420,520,405,408,4230,20760,1,446,395,18218,2542,131,589,426,190,270,697,2298,833,1845,39,46,,,,,,,,,,,,,,,,,,,,,,,,,,,,,,,,,,,,,,,,,,,,,,,,,,,,,,,,,,,,,,,,,,,,,,,,,,,,,,,,,,,,,,,,,,,,,,,,,,,,,,,,,,,,,,,,,,,,,,,,,,,,,,,,,,,,,,,,,,,,,,,,,,,,,,,,,,,,,,,,,,,,,,,,,,,,,,,,,,,,,,,,,,,,,,,,,,,,,,,,,,,,,,,,,,,,,,,,,,,,,,,,,,,,,,,,,,,,,,,,,,,,,,,,,,,,,,,,,,,,
2023-24,serie-a::Football_Team::0ae9210dce6f4f9b9d50aeeb19b0d371,opta:Team:bqbbqm98ud8obe45ds9ohgyrd,Juventus,Juventus,JUV,,,,,,,,,,,,,,,,,,,,,,,,,,,,,,,,,,,,0,0,0,1016,13813,84,41,52.49,37,0,0,0,0,0,0,0,0,7,20,28,4,8,380,193,193,29,29.1,0,50.79,0,478,376,38,28,54,31,3,10,7,11,26,1,11,253,55,1854,1016,0,0,157,84,2,3,60,5,2,14606,442,0,369,64,63.95,37,0,0,0,0,0,0,14,5,72,16893,71,0,380,0,0,577,19,85,1,945,449,496,19,28,156,124,28,17,2,193,193,29.1,,3343,1645,1698,328,5,416,49,38,37,14.21,321,54,31,24,7,46,8,2398,1196,1202,24,10,17,26,295,253,380,1,18,72,15651,2,44,2,2,78.38,83.92,3,,1,5,3,2,8,13,48,571,251,1860,1,22,3,41.32,223,75,45,157,1,68,206,126,259,130,185,1016,13103,7118,6901,12797,63.95,208,369,99,596,576,682,478,376,4497,16460,2,380,442,13813,2647,93,502,386,269,362,838,2409,740,1809,32,85,,,,,,,,,,,,,,,,,,,,,,,,,,,,,,,,,,,,,,,,,,,,,,,,,,,,,,,,,,,,,,,,,,,,,,,,,,,,,,,,,,,,,,,,,,,,,,,,,,,,,,,,,,,,,,,,,,,,,,,,,,,,,,,,,,,,,,,,,,,,,,,,,,,,,,,,,,,,,,,,,,,,,,,,,,,,,,,,,,,,,,,,,,,,,,,,,,,,,,,,,,,,,,,,,,,,,,,,,,,,,,,,,,,,,,,,,,,,,,,,,,,,,,,,,,,,,,,,,,,,
2023-24,serie-a::Football_Team::fe6490f2b16e45be9956a1cd04aaf3a2,opta:Team:btcy9nra9ak4m22ovr2ia6m5v,Lazio,Lazio,LAZ,,,,,,,,,,,,,,,,,,,,,,,,,,,,,,,,,,,,0,0,0,940,16562,85,45,47.29,30,0,0,0,0,0,0,0,0,3,25,26,8,8,301,197,197,20,20.03,0,49.04,0,473,435,38,19,49,39,2,3,4,14,23,5,10,295,52,1808,940,0,0,141,85,2,4,100,4,5,17687,486,0,348,60,59.9,30,0,0,0,0,0,0,7,13,72,19859,61,0,316,0,0,581,18,97,2,884,466,418,15,26,124,122,19,13,1,197,197,20.03,2,3440,1753,1687,354,4,381,52,38,30,15.51,301,49,39,34,5,44,5,2556,1287,1269,15,3,17,23,200,295,301,1,11,72,18623,,55,3,,79.05,84.96,3,,,4,4,2,22,6,53,675,308,1953,2,32,2,44.62,175,104,45,141,3,45,125,73,272,101,355,940,15806,7956,8731,15622,59.9,233,348,104,644,512,596,473,435,4684,19495,5,316,486,16562,2933,117,499,348,269,419,868,2575,857,2065,34,97,,,,,,,,,,,,,,,,,,,,,,,,,,,,,,,,,,,,,,,,,,,,,,,,,,,,,,,,,,,,,,,,,,,,,,,,,,,,,,,,,,,,,,,,,,,,,,,,,,,,,,,,,,,,,,,,,,,,,,,,,,,,,,,,,,,,,,,,,,,,,,,,,,,,,,,,,,,,,,,,,,,,,,,,,,,,,,,,,,,,,,,,,,,,,,,,,,,,,,,,,,,,,,,,,,,,,,,,,,,,,,,,,,,,,,,,,,,,,,,,,,,,,,,,,,,,,,,,,,,,
2023-24,serie-a::Football_Team::ced7bf0df3a140dfa48138311122133b,opta:Team:bi1fxjrncd0ram0oi7ja1jyuo,Lecce,Lecce,LEC,,,,,,,,,,,,,,,,,,,,,,,,,,,,,,,,,,,,0,0,0,933,10788,79,41,47.36,23,0,0,0,0,0,0,0,0,8,27,15,9,2,355,172,172,25,25.08,0,49.19,0,504,481,38,19,32,54,1,5,6,27,17,7,6,308,45,2090,933,0,0,153,79,5,3,60,5,5,11671,515,0,374,62,61.82,23,0,0,0,0,0,0,14,16,56,14160,38,0,370,0,0,605,8,85,2,1193,628,565,11,15,138,117,19,7,5,172,172,25.08,1,3930,1997,1933,334,5,438,61,38,23,8.65,340,32,54,48,6,24,8,2737,1369,1368,34,5,14,17,190,308,355,2,11,56,12767,,45,2,1,69.33,78.4,6,1,1,5,3,5,16,13,44,594,312,2024,2,14,1,41.35,217,138,42,153,3,50,163,100,299,174,153,933,9972,4921,6030,9855,61.82,231,374,139,632,636,704,504,481,4942,13761,5,370,515,10788,2973,81,487,364,279,545,1157,2592,868,1816,17,85,,,,,,,,,,,,,,,,,,,,,,,,,,,,,,,,,,,,,,,,,,,,,,,,,,,,,,,,,,,,,,,,,,,,,,,,,,,,,,,,,,,,,,,,,,,,,,,,,,,,,,,,,,,,,,,,,,,,,,,,,,,,,,,,,,,,,,,,,,,,,,,,,,,,,,,,,,,,,,,,,,,,,,,,,,,,,,,,,,,,,,,,,,,,,,,,,,,,,,,,,,,,,,,,,,,,,,,,,,,,,,,,,,,,,,,,,,,,,,,,,,,,,,,,,,,,,,,,,,,,
2023-24,serie-a::Football_Team::d0867ddf777c41789ca282b8276002b0,opta:Team:9dntj5dioj5ex52yrgwzxrq9l,Milan,Milan,MIL,,,,,,,,,,,,,,,,,,,,,,,,,,,,,,,,,,,,0,0,0,807,16683,88,51,50.98,56,0,0,0,0,0,0,0,0,5,32,38,4,10,374,193,193,29,28.64,0,51.45,0,429,410,38,39,76,49,0,14,4,17,38,3,12,252,52,1539,807,0,0,214,88,8,6,75,8,8,17633,498,0,333,58,57.81,56,0,0,0,0,0,0,9,7,57,19577,75,0,421,0,0,576,22,78,2,865,424,441,9,38,141,146,39,13,1,193,193,28.64,4,3456,1678,1778,295,8,468,38,38,56,18.05,273,76,49,37,12,72,4,2591,1254,1337,22,14,15,38,383,252,374,2,31,57,18336,1,41,,1,81.06,87.02,8,1,,8,6,8,14,13,57,517,221,1912,2,30,,50.83,207,104,61,214,6,65,189,116,359,110,225,807,15930,7904,8968,15876,57.81,243,333,64,553,617,505,429,410,4263,19172,8,421,498,16683,2489,81,471,354,324,330,732,2274,686,1757,25,78,,,,,,,,,,,,,,,,,,,,,,,,,,,,,,,,,,,,,,,,,,,,,,,,,,,,,,,,,,,,,,,,,,,,,,,,,,,,,,,,,,,,,,,,,,,,,,,,,,,,,,,,,,,,,,,,,,,,,,,,,,,,,,,,,,,,,,,,,,,,,,,,,,,,,,,,,,,,,,,,,,,,,,,,,,,,,,,,,,,,,,,,,,,,,,,,,,,,,,,,,,,,,,,,,,,,,,,,,,,,,,,,,,,,,,,,,,,,,,,,,,,,,,,,,,,,,,,,,,,,
2023-24,serie-a::Football_Team::9ba470f39580450fac7654956ba574fa,opta:Team:67z1gqyiuzpmmb15q5fy7ntc4,Monza,Monza,MON,,,,,,,,,,,,,,,,,,,,,,,,,,,,,,,,,,,,0,0,0,1107,15766,86,41,48.98,29,0,0,0,0,0,0,0,0,6,25,16,8,5,319,172,172,31,31.34,0,50.56,0,458,408,38,20,39,51,1,7,6,26,23,7,6,279,54,2061,1107,0,0,130,86,7,4,80,5,5,16343,554,0,334,59,59.12,29,0,0,0,0,0,0,12,15,40,18771,45,0,319,0,0,565,11,80,4,929,474,455,15,16,137,151,20,12,3,172,172,31.34,2,3226,1595,1631,297,5,466,83,38,29,12.23,319,39,51,44,7,30,9,2297,1121,1176,23,7,13,23,269,279,319,7,16,40,17512,,41,1,,79.5,85.67,9,,2,5,4,7,8,6,54,549,227,1763,4,15,1,40.75,189,129,65,130,1,59,183,115,216,185,150,1107,15020,6981,8968,14659,59.12,231,334,56,556,481,602,458,408,4177,18404,5,319,554,15766,2638,80,401,300,216,469,954,2154,885,1684,23,80,,,,,,,,,,,,,,,,,,,,,,,,,,,,,,,,,,,,,,,,,,,,,,,,,,,,,,,,,,,,,,,,,,,,,,,,,,,,,,,,,,,,,,,,,,,,,,,,,,,,,,,,,,,,,,,,,,,,,,,,,,,,,,,,,,,,,,,,,,,,,,,,,,,,,,,,,,,,,,,,,,,,,,,,,,,,,,,,,,,,,,,,,,,,,,,,,,,,,,,,,,,,,,,,,,,,,,,,,,,,,,,,,,,,,,,,,,,,,,,,,,,,,,,,,,,,,,,,,,,,
2023-24,serie-a::Football_Team::f791dab8f0e4449e9884dd8dbd42dbcc,opta:Team:gi0l1habji5hpgar77dl5jqe,Napoli,Napoli,NAP,,,,,,,,,,,,,,,,,,,,,,,,,,,,,,,,,,,,0,0,0,1106,18436,88,45,49.54,36,0,0,0,0,0,0,0,0,7,21,31,5,7,461,241,241,24,24.42,0,50.81,0,381,451,38,13,55,48,2,10,7,27,24,6,6,241,57,1937,1106,0,0,207,88,2,6,60,10,5,19243,396,0,326,57,57.09,36,0,0,0,0,0,0,14,11,71,21630,53,0,462,0,0,571,13,71,3,981,495,486,18,31,186,92,13,7,1,241,241,24.42,1,3580,1761,1819,269,10,336,39,38,36,11.9,226,55,48,41,7,48,7,2599,1266,1333,28,10,16,24,333,241,461,3,16,71,20326,,51,1,,82.63,87.04,4,2,2,10,6,2,12,21,61,571,259,1890,3,28,2,44.81,255,93,36,207,2,62,180,110,327,122,288,1106,17676,9527,9089,17330,57.09,245,326,50,755,637,486,381,451,4603,21180,5,462,396,18436,2744,128,557,396,344,347,831,2522,779,1913,27,71,,,,,,,,,,,,,,,,,,,,,,,,,,,,,,,,,,,,,,,,,,,,,,,,,,,,,,,,,,,,,,,,,,,,,,,,,,,,,,,,,,,,,,,,,,,,,,,,,,,,,,,,,,,,,,,,,,,,,,,,,,,,,,,,,,,,,,,,,,,,,,,,,,,,,,,,,,,,,,,,,,,,,,,,,,,,,,,,,,,,,,,,,,,,,,,,,,,,,,,,,,,,,,,,,,,,,,,,,,,,,,,,,,,,,,,,,,,,,,,,,,,,,,,,,,,,,,,,,,,,
2023-24,serie-a::Football_Team::8ddc09c1aa73448da2dff953edd95d82,opta:Team:2tk2l9sgktwc9jhzqdd4mpdtb,Roma,Roma,ROM,,,,,,,,,,,,,,,,,,,,,,,,,,,,,,,,,,,,0,0,0,907,16149,86,46,52.39,44,0,0,0,0,0,0,0,0,5,27,27,8,6,319,167,167,28,28.29,0,50.66,0,455,430,38,31,65,46,1,17,4,19,38,3,12,242,50,1802,907,0,0,157,86,3,11,92,12,3,17175,482,0,336,59,59.05,44,0,0,0,0,0,0,9,11,66,19384,63,0,343,0,0,569,18,93,1,943,449,494,16,27,133,132,31,11,1,167,167,28.29,1,3352,1654,1698,340,12,408,44,38,44,18.95,289,65,46,43,3,59,6,2409,1205,1204,16,17,16,38,236,242,319,,26,66,18136,1,30,1,3,78.33,85.1,5,,1,12,11,3,13,13,54.7,559,238,1830,1,20,1,45.77,186,108,47,157,2,58,185,115,221,149,236,907,15425,7449,8885,15242,59.05,233,336,94,569,489,583,455,430,4409,18977,3,343,482,16149,2828,98,469,340,218,420,895,2478,819,1933,33,93,,,,,,,,,,,,,,,,,,,,,,,,,,,,,,,,,,,,,,,,,,,,,,,,,,,,,,,,,,,,,,,,,,,,,,,,,,,,,,,,,,,,,,,,,,,,,,,,,,,,,,,,,,,,,,,,,,,,,,,,,,,,,,,,,,,,,,,,,,,,,,,,,,,,,,,,,,,,,,,,,,,,,,,,,,,,,,,,,,,,,,,,,,,,,,,,,,,,,,,,,,,,,,,,,,,,,,,,,,,,,,,,,,,,,,,,,,,,,,,,,,,,,,,,,,,,,,,,,,,,
2023-24,serie-a::Football_Team::6a70c4bfb1fc42a2b4b10ac857573b1e,opta:Team:49rkyo4do8uwj06geomw0xr4i,Salernitana,Salernitana,SAL,,,,,,,,,,,,,,,,,,,,,,,,,,,,,,,,,,,,0,0,0,764,11288,79,43,44.45,25,0,0,0,0,0,0,0,0,6,43,15,12,1,285,148,148,23,23.15,0,47.53,0,450,470,38,11,32,81,0,8,5,38,17,13,1,279,39,1940,764,0,0,120,79,10,2,100,2,3,12459,599,0,327,61,61.01,25,0,0,0,0,0,0,11,25,61,14809,17,0,281,0,0,536,2,89,1,1208,671,537,11,15,119,161,11,2,1,148,148,23.15,4,3657,1919,1738,300,2,320,152,38,25,11.39,345,32,81,73,8,26,6,2449,1248,1201,27,8,13,17,195,279,285,2,8,61,13303,,41,,2,71.06,78.39,10,,,2,2,10,25,10,44,599,248,1852,1,16,,42.7,161,162,48,120,2,34,138,95,212,149,136,764,10506,5514,5912,10524,61.01,209,327,166,571,573,761,450,470,4971,14399,3,281,599,11288,3111,58,458,377,269,560,1176,2647,922,1935,19,89,,,,,,,,,,,,,,,,,,,,,,,,,,,,,,,,,,,,,,,,,,,,,,,,,,,,,,,,,,,,,,,,,,,,,,,,,,,,,,,,,,,,,,,,,,,,,,,,,,,,,,,,,,,,,,,,,,,,,,,,,,,,,,,,,,,,,,,,,,,,,,,,,,,,,,,,,,,,,,,,,,,,,,,,,,,,,,,,,,,,,,,,,,,,,,,,,,,,,,,,,,,,,,,,,,,,,,,,,,,,,,,,,,,,,,,,,,,,,,,,,,,,,,,,,,,,,,,,,,,,
2023-24,serie-a::Football_Team::b70390ba4e3c4bc2947a37617d53e8a3,opta:Team:6tuibxq39fdryu8ou06wcm0q3,Sassuolo,Sassuolo,SAS,,,,,,,,,,,,,,,,,,,,,,,,,,,,,,,,,,,,0,0,0,881,11050,79,46,43.14,28,0,0,0,0,0,0,0,0,4,41,20,13,2,312,205,205,20,20.42,0,47.04,0,387,398,38,24,43,75,0,7,5,34,23,9,5,267,42,2080,881,0,0,152,79,8,7,88,8,4,12004,548,0,310,61,61.14,28,0,0,0,0,0,0,9,22,26,14510,30,0,329,0,0,507,7,68,2,1078,613,465,18,20,132,143,24,3,10,205,205,20.42,2,3474,1840,1634,252,8,417,84,38,28,13.07,347,43,75,65,10,36,7,2396,1227,1169,22,7,12,23,203,267,312,2,18,26,13067,,41,1,4,71.05,78.46,11,,1,8,7,8,31,10,43,550,259,1848,2,17,,46.2,177,150,38,152,2,42,135,87,277,151,156,881,10245,5723,5462,10169,61.14,197,310,116,642,584,717,387,398,4869,14084,4,329,548,11050,3034,118,526,369,252,540,1199,2803,757,1835,27,68,,,,,,,,,,,,,,,,,,,,,,,,,,,,,,,,,,,,,,,,,,,,,,,,,,,,,,,,,,,,,,,,,,,,,,,,,,,,,,,,,,,,,,,,,,,,,,,,,,,,,,,,,,,,,,,,,,,,,,,,,,,,,,,,,,,,,,,,,,,,,,,,,,,,,,,,,,,,,,,,,,,,,,,,,,,,,,,,,,,,,,,,,,,,,,,,,,,,,,,,,,,,,,,,,,,,,,,,,,,,,,,,,,,,,,,,,,,,,,,,,,,,,,,,,,,,,,,,,,,,
2023-24,serie-a::Football_Team::a55dcc2058e94976b572262fc564a74c,opta:Team:7gnly6999wao1xarwct4p8fe9,Torino,Torino,TOR,,,,,,,,,,,,,,,,,,,,,,,,,,,,,,,,,,,,0,0,0,862,13623,83,39,49.06,29,0,0,0,0,0,0,0,0,5,27,18,9,5,309,176,176,26,25.89,0,49.55,0,471,419,38,37,36,36,0,10,9,9,18,2,8,329,45,1934,862,0,0,123,83,7,2,100,2,2,14607,421,0,275,58,58.39,29,0,0,0,0,0,0,14,11,63,17047,53,0,315,0,0,471,13,73,1,1223,623,600,15,18,119,100,37,18,3,176,176,25.89,4,3475,1753,1722,314,2,309,143,38,29,11.43,273,36,36,31,5,32,4,2252,1130,1122,24,10,7,18,263,329,309,3,12,63,15716,,40,1,,73.88,82.36,7,,,2,2,7,2,7,51,503,203,1981,1,13,,39.05,192,92,54,123,1,53,197,131,244,197,154,862,13054,6429,7391,12761,58.39,196,275,104,581,519,555,471,419,4758,16541,2,315,421,13623,2918,116,564,415,247,525,1072,2767,715,1846,20,73,,,,,,,,,,,,,,,,,,,,,,,,,,,,,,,,,,,,,,,,,,,,,,,,,,,,,,,,,,,,,,,,,,,,,,,,,,,,,,,,,,,,,,,,,,,,,,,,,,,,,,,,,,,,,,,,,,,,,,,,,,,,,,,,,,,,,,,,,,,,,,,,,,,,,,,,,,,,,,,,,,,,,,,,,,,,,,,,,,,,,,,,,,,,,,,,,,,,,,,,,,,,,,,,,,,,,,,,,,,,,,,,,,,,,,,,,,,,,,,,,,,,,,,,,,,,,,,,,,,,
2023-24,serie-a::Football_Team::630b1e3631db42498d1b7bc94595c5e0,opta:Team:dxq76zcvnokq07cszdx0i6kve,Udinese,Udinese,UDI,,,,,,,,,,,,,,,,,,,,,,,,,,,,,,,,,,,,0,0,0,806,9200,78,42,54.16,23,0,0,0,0,0,0,0,0,8,24,16,6,5,306,159,159,28,27.7,0,50.85,0,496,418,38,11,37,53,0,4,11,29,21,7,1,327,45,1789,806,0,0,139,78,9,3,75,4,5,10116,497,0,381,63,62.87,23,0,0,0,0,0,0,19,13,57,12237,37,0,334,0,0,606,6,88,3,1058,485,573,21,16,127,129,11,9,2,159,159,27.7,1,3778,1857,1921,317,4,315,98,38,23,11.08,300,37,53,45,8,34,3,2720,1372,1348,26,4,7,21,216,327,306,3,13,57,11018,,53,1,1,69.56,77.28,9,1,,4,3,9,27,6,39.0,578,308,1953,3,19,,41.62,195,116,44,139,2,51,154,92,336,166,119,806,8531,4516,4838,8394,62.87,225,381,159,510,649,925,496,418,4679,11905,5,334,497,9200,2705,83,402,278,314,446,983,2311,796,1722,31,88,,,,,,,,,,,,,,,,,,,,,,,,,,,,,,,,,,,,,,,,,,,,,,,,,,,,,,,,,,,,,,,,,,,,,,,,,,,,,,,,,,,,,,,,,,,,,,,,,,,,,,,,,,,,,,,,,,,,,,,,,,,,,,,,,,,,,,,,,,,,,,,,,,,,,,,,,,,,,,,,,,,,,,,,,,,,,,,,,,,,,,,,,,,,,,,,,,,,,,,,,,,,,,,,,,,,,,,,,,,,,,,,,,,,,,,,,,,,,,,,,,,,,,,,,,,,,,,,,,,,
2023-24,serie-a::Football_Team::be24fc024dd946ebbeb957ee6e796a2a,opta:Team:ap6blbxhq9elm62vw6tutzlwg,Verona,Hellas Verona,VER,,,,,,,,,,,,,,,,,,,,,,,,,,,,,,,,,,,,0,0,0,1133,9701,75,44,53.66,29,0,0,0,0,0,0,0,0,5,25,15,11,3,306,144,144,26,26.1,0,50.96,0,541,447,38,21,38,51,0,5,6,26,23,7,6,302,46,2468,1133,0,0,151,75,2,3,43,7,6,10584,514,0,387,62,62.32,29,0,0,0,0,0,0,11,18,61,13485,38,0,346,0,0,621,9,85,2,1422,659,763,13,15,96,133,21,8,3,144,144,26.1,1,4062,1992,2070,398,7,297,133,38,29,10.98,319,38,51,46,5,28,10,2640,1333,1307,22,5,7,23,218,302,306,4,18,61,12087,1,39,,1,65.03,74.33,2,2,,7,3,2,17,5,44,599,281,2068,2,14,,43.64,195,123,44,151,4,57,189,113,252,291,130,1133,9019,4791,5099,8568,62.32,234,387,123,638,545,752,541,447,5253,13052,6,346,514,9701,3351,66,535,420,261,665,1335,3010,876,2016,32,85,,,,,,,,,,,,,,,,,,,,,,,,,,,,,,,,,,,,,,,,,,,,,,,,,,,,,,,,,,,,,,,,,,,,,,,,,,,,,,,,,,,,,,,,,,,,,,,,,,,,,,,,,,,,,,,,,,,,,,,,,,,,,,,,,,,,,,,,,,,,,,,,,,,,,,,,,,,,,,,,,,,,,,,,,,,,,,,,,,,,,,,,,,,,,,,,,,,,,,,,,,,,,,,,,,,,,,,,,,,,,,,,,,,,,,,,,,,,,,,,,,,,,,,,,,,,,,,,,,,,
2024-25,serie-a::Football_Team::b5846a2413804c2e8cab8b773b18370a,opta:Team:e75syeuawg3ql8nwpi3vr2btz,Atalanta,Atalanta,ATA,,,,,,,,,,,,,,,,,,,,,,,,,,,,,,,,,,,,11.1528,66.8472,0,850,0,86,46,0,54,6.69965,48.17222,15.84301,2.5667,40.82165,55.29,53.79,114.74719,3,13,42,3,13,371,195,195,27,0,2,0,50,435,393,38,20,78,37,0,12,5,24,36,5,9,296,49,1732,850,0,13,194,86,2,5,71,7,1,17527,406,0,347,61,0,54,4360.39307,254.58654,1830.5442,602.03438,97.53471,1551.22259,8,8,54,19800,74,114,418,11,4589,571,22,64,1,1104,507,597,5,42,127,98,20,15,5,195,195,26.99,1,3638,1832,1806,215,7,328,98,38,54,18.66,233,78,37,33,4,66,12,2534,1325,1209,19,12,18,36,533,296,371,7,27,54,18447,,30,2,2,80.94,85.14,2,,,7,5,2,14,19,55.3,588,262,1986,1,37,,46.41,224,111,44,194,,53,210,146,257,151,237,850,15756,9134,7474,15548,60.77,224,347,60,654,692,648,435,393,4840,19259,1,418,406,16398,2861,108,568,452,330,485,882,2669,760,1979,17,64,,,,,,,,,,,,,,,,,,,,,,,,,,,,,,,,,,,,,,,,,,,,,,,,,,,,,,,,,,,,,,,,,,,,,,,,,,,,,,,,,,,,,,,,,,,,,,,,,,,,,,,,,,,,,,,,,,,,,,,,,,,,,,,,,,,,,,,,,,,,,,,,,,,,,,,,,,,,,,,,,,,,,,,,,,,,,,,,,,,,,,,,,,,,,,,,,,,,,,,,,,,,,,,,,,,,,,,,,,,,,,,,,,,,,,,,,,,,,,,,,,,,,,,,,,,,,,,,,,,,
2024-25,serie-a::Football_Team::4af71b35aab34ad5a7d06148abe66ad6,opta:Team:ej5er0oyngdw138yuumwqbyqt,Bologna,Bologna,BOL,,,,,,,,,,,,,,,,,,,,,,,,,,,,,,,,,,,,7.3909,49.6091,0,1074,0,84,47,0,43,6.77095,45.28159,16.7284,2.35076,41.57808,58.55,57.34,113.4507,7,29,24,6,6,342,193,193,26,0,2,0,9,537,604,38,28,57,47,0,6,7,18,33,2,10,258,49,2171,1074,0,34,175,84,2,6,86,7,4,15417,320,0,346,59,0,43,4311.12641,257.29603,1720.70061,635.67914,89.32879,1579.96696,14,8,63,18107,62,63,371,11,3411,591,16,60,1,1231,631,600,18,24,141,93,28,12,2,193,193,26.19,1,3995,2000,1995,226,7,295,50,38,43,15.36,187,57,47,39,8,52,5,2764,1369,1395,35,6,14,33,1100,258,342,6,22,63,16644,,27,1,2,76.08,83.51,3,,1,7,6,2,20,18,58.0,604,297,1727,1,28,,47.17,196,84,26,175,3,54,198,136,221,237,247,1074,13887,7333,7553,13614,58.54,245,346,130,641,627,644,537,604,4912,17588,4,371,320,14688,2900,97,558,417,266,596,1097,2801,657,1803,26,60,,,,,,,,,,,,,,,,,,,,,,,,,,,,,,,,,,,,,,,,,,,,,,,,,,,,,,,,,,,,,,,,,,,,,,,,,,,,,,,,,,,,,,,,,,,,,,,,,,,,,,,,,,,,,,,,,,,,,,,,,,,,,,,,,,,,,,,,,,,,,,,,,,,,,,,,,,,,,,,,,,,,,,,,,,,,,,,,,,,,,,,,,,,,,,,,,,,,,,,,,,,,,,,,,,,,,,,,,,,,,,,,,,,,,,,,,,,,,,,,,,,,,,,,,,,,,,,,,,,,
2024-25,serie-a::Football_Team::25aecd0eda3e4453aabd9a9d5e7fba0d,opta:Team:5rwlg5cfv1hu7yf0ek1zxpzy3,Cagliari,Cagliari,CAG,,,,,,,,,,,,,,,,,,,,,,,,,,,,,,,,,,,,-2.8267,42.8267,0,824,0,79,40,0,31,6.32601,48.42849,16.12006,2.3771,40.25581,44.68,43.79,114.24355,5,28,16,11,3,270,181,181,25,0,5,0,13,500,397,38,25,40,56,2,11,4,28,24,9,6,276,42,1981,824,0,11,123,79,6,3,100,3,3,12084,503,0,303,56,0,31,4341.25477,240.38857,1840.28281,612.56229,90.32964,1529.72068,9,20,65,14517,36,99,304,9,2215,538,9,63,3,1243,628,615,10,16,120,131,25,7,2,181,181,25.2,3,3617,1848,1769,191,3,402,99,38,31,13.16,336,40,56,51,5,34,6,2374,1220,1154,29,11,16,24,523,276,270,2,7,65,13154,1,42,2,,68.82,78.96,6,,,3,3,6,17,13,44.4,546,212,1783,3,19,2,40.46,181,114,41,123,,64,191,114,228,268,208,824,10422,4795,6502,10282,56.32,235,303,118,631,568,848,500,397,4906,14065,3,304,503,11106,2959,109,567,419,274,645,1157,2653,873,1802,24,63,,,,,,,,,,,,,,,,,,,,,,,,,,,,,,,,,,,,,,,,,,,,,,,,,,,,,,,,,,,,,,,,,,,,,,,,,,,,,,,,,,,,,,,,,,,,,,,,,,,,,,,,,,,,,,,,,,,,,,,,,,,,,,,,,,,,,,,,,,,,,,,,,,,,,,,,,,,,,,,,,,,,,,,,,,,,,,,,,,,,,,,,,,,,,,,,,,,,,,,,,,,,,,,,,,,,,,,,,,,,,,,,,,,,,,,,,,,,,,,,,,,,,,,,,,,,,,,,,,,,
2024-25,serie-a::Football_Team::367e70bf50b346209f8a0f16429850cb,opta:Team:6uzfw7ahyxg4wrrfxo5u7qt0n,Como,Como,COM,,,,,,,,,,,,,,,,,,,,,,,,,,,,,,,,,,,,3.7762,45.2238,0,781,0,85,47,0,39,6.83667,48.19394,16.96832,2.40246,39.43081,54.84,53.68,114.57253,5,26,21,9,5,366,167,167,23,0,2,0,13,503,518,38,27,49,52,0,5,5,26,28,6,8,279,47,1659,781,0,22,180,85,7,0,0,2,7,16002,383,0,412,62,0,39,4239.18349,252.95691,1783.17585,627.82768,88.89084,1458.9398,10,15,65,17995,49,94,379,7,3271,663,13,81,3,989,505,484,17,21,142,91,27,7,5,167,167,23.06,2,3815,1898,1917,267,2,347,21,38,39,12.93,205,49,52,46,6,41,8,2826,1393,1433,28,5,9,28,525,279,366,5,19,65,16715,,34,5,,78.62,84.9,7,1,,2,,7,26,13,54.4,615,257,1810,3,20,,47.49,199,105,43,180,4,40,131,77,264,133,344,781,14179,7037,8089,14214,62.14,251,412,97,629,648,750,503,518,4529,17661,7,379,383,14995,2666,72,437,331,288,454,878,2315,788,1788,30,81,,,,,,,,,,,,,,,,,,,,,,,,,,,,,,,,,,,,,,,,,,,,,,,,,,,,,,,,,,,,,,,,,,,,,,,,,,,,,,,,,,,,,,,,,,,,,,,,,,,,,,,,,,,,,,,,,,,,,,,,,,,,,,,,,,,,,,,,,,,,,,,,,,,,,,,,,,,,,,,,,,,,,,,,,,,,,,,,,,,,,,,,,,,,,,,,,,,,,,,,,,,,,,,,,,,,,,,,,,,,,,,,,,,,,,,,,,,,,,,,,,,,,,,,,,,,,,,,,,,,
2024-25,serie-a::Football_Team::4de00d41f5654013b192a9515df5bf39,opta:Team:8le3orkfz6iix3jns6g9ojqjg,Empoli,Empoli,EMP,,,,,,,,,,,,,,,,,,,,,,,,,,,,,,,,,,,,0.4344,32.5656,0,823,0,75,43,0,21,6.64672,47.24039,17.04645,2.30621,40.62412,41.34,40.42,114.60687,6,33,23,9,4,248,170,170,21,0,2,0,21,570,460,38,34,33,59,0,6,7,26,10,10,2,323,38,2147,823,0,3,111,75,1,2,67,3,7,10181,515,0,396,57,0,21,4355.06114,252.57522,1795.13494,647.76492,87.63597,1543.71647,13,19,57,12771,31,102,259,5,1955,689,6,66,2,1322,726,596,21,23,111,136,34,6,4,170,170,20.97,3,4009,2072,1937,255,3,373,80,38,21,12.74,328,33,59,50,9,28,5,2687,1346,1341,29,6,10,10,802,323,248,5,7,57,11351,1,26,2,1,62.9,74.52,3,,1,3,2,1,21,7,41.0,572,260,1724,2,17,,42.86,148,125,37,111,5,29,130,93,212,278,180,823,8429,4174,5143,8364,57.47,293,396,133,653,587,1020,570,460,5033,12328,7,259,515,9187,3141,96,490,356,238,819,1324,2875,756,1817,27,66,,,,,,,,,,,,,,,,,,,,,,,,,,,,,,,,,,,,,,,,,,,,,,,,,,,,,,,,,,,,,,,,,,,,,,,,,,,,,,,,,,,,,,,,,,,,,,,,,,,,,,,,,,,,,,,,,,,,,,,,,,,,,,,,,,,,,,,,,,,,,,,,,,,,,,,,,,,,,,,,,,,,,,,,,,,,,,,,,,,,,,,,,,,,,,,,,,,,,,,,,,,,,,,,,,,,,,,,,,,,,,,,,,,,,,,,,,,,,,,,,,,,,,,,,,,,,,,,,,,,
2024-25,serie-a::Football_Team::5bce12d5bd864c2297695d970f92576d,opta:Team:4raiad4l2j5lkfaz92pk4osb,Fiorentina,Fiorentina,FIO,,,,,,,,,,,,,,,,,,,,,,,,,,,,,,,,,,,,10.5785,49.4215,0,999,0,84,52,0,39,6.38057,45.36056,15.56892,2.29887,42.19521,50.5,49.47,112.55034,4,23,28,8,7,297,150,150,23,0,5,0,22,440,550,38,14,60,41,2,7,4,18,32,3,12,275,48,2091,999,0,26,175,84,1,6,75,8,3,13974,443,0,313,59,0,39,4164.3626,236.08114,1678.34078,576.05001,85.05812,1561.22264,8,11,88,16494,65,109,334,5,2638,531,19,78,2,1025,505,520,20,28,113,123,14,12,,150,150,23.3,,3572,1713,1859,221,8,350,86,38,39,17.96,293,60,41,36,5,50,10,2547,1208,1339,14,7,12,32,1018,275,297,2,23,88,15035,,39,2,1,76.17,83.29,3,1,2,8,6,1,10,12,50.5,513,230,1660,2,28,2,52.4,159,99,50,175,1,42,137,100,270,221,262,999,12552,6199,7319,12382,58.95,218,313,93,533,560,876,440,550,4454,16065,3,334,443,13381,2684,75,451,346,254,594,1092,2347,788,1592,31,78,,,,,,,,,,,,,,,,,,,,,,,,,,,,,,,,,,,,,,,,,,,,,,,,,,,,,,,,,,,,,,,,,,,,,,,,,,,,,,,,,,,,,,,,,,,,,,,,,,,,,,,,,,,,,,,,,,,,,,,,,,,,,,,,,,,,,,,,,,,,,,,,,,,,,,,,,,,,,,,,,,,,,,,,,,,,,,,,,,,,,,,,,,,,,,,,,,,,,,,,,,,,,,,,,,,,,,,,,,,,,,,,,,,,,,,,,,,,,,,,,,,,,,,,,,,,,,,,,,,,
2024-25,serie-a::Football_Team::8c7aa94d22f44738951748e2ccdf319a,opta:Team:4kumqzwifv478caxed8zywlh3,Genoa,Genoa,GEN,,,,,,,,,,,,,,,,,,,,,,,,,,,,,,,,,,,,-0.7982,37.7982,0,799,0,79,43,0,27,6.74874,46.75204,17.42014,2.09499,41.03617,45.63,44.82,114.83193,6,24,16,8,5,258,156,156,28,0,8,0,12,497,448,38,20,37,49,0,8,7,25,21,7,5,308,43,1879,799,0,11,122,79,6,0,0,2,1,12272,480,0,385,57,0,27,4363.6132,256.45225,1776.57763,661.96533,79.60968,1559.37442,13,15,55,14520,43,116,283,4,1904,672,10,71,0,1397,711,686,16,16,102,126,20,11,5,156,156,27.9,4,3968,1995,1973,265,2,355,101,38,27,13.07,314,37,49,42,7,35,2,2571,1284,1287,29,8,11,21,716,308,258,1,6,55,13254,,40,2,3,66.66,78.86,8,,2,2,,6,10,9,45.6,626,296,1700,,21,,43.11,161,120,46,122,1,57,185,103,187,208,222,799,10474,4442,6902,10360,57.29,287,385,173,543,549,900,497,448,4885,14151,1,283,480,11159,2992,84,478,350,260,570,1080,2607,863,1912,31,71,,,,,,,,,,,,,,,,,,,,,,,,,,,,,,,,,,,,,,,,,,,,,,,,,,,,,,,,,,,,,,,,,,,,,,,,,,,,,,,,,,,,,,,,,,,,,,,,,,,,,,,,,,,,,,,,,,,,,,,,,,,,,,,,,,,,,,,,,,,,,,,,,,,,,,,,,,,,,,,,,,,,,,,,,,,,,,,,,,,,,,,,,,,,,,,,,,,,,,,,,,,,,,,,,,,,,,,,,,,,,,,,,,,,,,,,,,,,,,,,,,,,,,,,,,,,,,,,,,,,
2024-25,serie-a::Football_Team::b7421caff23448c49134fa4f9095ee09,opta:Team:3vo5mpj7catp66nrwwqiuhuup,Inter,Internazionale,INT,,,,,,,,,,,,,,,,,,,,,,,,,,,,,,,,,,,,10.6862,68.3138,0,967,0,89,45,0,57,6.71111,46.4495,16.65779,2.41582,41.13023,59.74,58.45,114.10362,5,14,39,3,11,380,221,221,32,0,8,0,31,417,405,38,16,79,35,1,16,4,21,40,2,13,227,58,1672,967,0,31,192,89,3,8,89,9,1,19293,399,0,288,57,0,57,4221.83389,248.31105,1718.63165,616.33841,89.38534,1521.81861,9,5,90,21454,81,97,427,6,4033,505,24,54,1,1052,433,619,17,39,147,126,16,16,3,221,221,32.09,1,3139,1467,1672,223,9,332,21,38,57,18.5,202,79,35,31,4,72,7,2087,1034,1053,24,16,18,40,662,227,380,4,18,90,20233,,32,3,1,82.57,88.13,4,1,1,9,8,3,12,9,59.8,528,230,1631,1,42,1,44.96,235,97,37,192,,75,241,157,158,131,342,967,17812,8943,9775,17510,57.03,217,288,91,544,442,632,417,405,4078,20965,1,427,399,18477,2488,110,510,370,200,342,705,2347,651,1783,38,54,,,,,,,,,,,,,,,,,,,,,,,,,,,,,,,,,,,,,,,,,,,,,,,,,,,,,,,,,,,,,,,,,,,,,,,,,,,,,,,,,,,,,,,,,,,,,,,,,,,,,,,,,,,,,,,,,,,,,,,,,,,,,,,,,,,,,,,,,,,,,,,,,,,,,,,,,,,,,,,,,,,,,,,,,,,,,,,,,,,,,,,,,,,,,,,,,,,,,,,,,,,,,,,,,,,,,,,,,,,,,,,,,,,,,,,,,,,,,,,,,,,,,,,,,,,,,,,,,,,,
2024-25,serie-a::Football_Team::0ae9210dce6f4f9b9d50aeeb19b0d371,opta:Team:bqbbqm98ud8obe45ds9ohgyrd,Juventus,Juventus,JUV,,,,,,,,,,,,,,,,,,,,,,,,,,,,,,,,,,,,6.58,51.42,0,868,0,89,51,0,40,6.61259,47.46431,16.92976,2.37322,39.16371,57.53,55.82,113.18446,9,20,27,3,7,354,190,190,22,0,7,0,22,480,378,38,30,58,35,0,4,7,15,31,1,11,215,55,1584,868,0,18,188,89,5,6,100,6,3,18145,399,0,353,58,0,40,4301.00937,251.27852,1803.64366,643.33083,87.80903,1488.22092,16,4,52,20121,70,85,370,9,3859,606,18,65,1,939,471,468,11,27,145,139,30,17,2,190,190,22.22,2,3462,1711,1751,224,6,332,61,38,40,15.68,237,58,35,33,2,50,8,2523,1240,1283,30,4,14,31,904,215,354,2,31,52,18992,,40,2,,82.96,88.05,5,,,6,6,5,23,10,57.7,548,265,1733,1,21,,50.81,182,84,38,188,2,44,140,87,309,124,388,868,16747,8300,9212,16504,58.25,253,353,69,595,593,681,480,378,4175,19729,3,370,399,17372,2357,118,490,344,300,315,716,2166,681,1641,33,65,,,,,,,,,,,,,,,,,,,,,,,,,,,,,,,,,,,,,,,,,,,,,,,,,,,,,,,,,,,,,,,,,,,,,,,,,,,,,,,,,,,,,,,,,,,,,,,,,,,,,,,,,,,,,,,,,,,,,,,,,,,,,,,,,,,,,,,,,,,,,,,,,,,,,,,,,,,,,,,,,,,,,,,,,,,,,,,,,,,,,,,,,,,,,,,,,,,,,,,,,,,,,,,,,,,,,,,,,,,,,,,,,,,,,,,,,,,,,,,,,,,,,,,,,,,,,,,,,,,,
2024-25,serie-a::Football_Team::fe6490f2b16e45be9956a1cd04aaf3a2,opta:Team:btcy9nra9ak4m22ovr2ia6m5v,Lazio,Lazio,LAZ,,,,,,,,,,,,,,,,,,,,,,,,,,,,,,,,,,,,3.2616,57.7384,0,979,0,87,50,0,43,6.49887,48.05895,16.33242,2.47049,40.90565,55.18,54.32,115.01416,2,23,28,6,11,361,230,230,23,0,8,0,15,425,484,38,47,61,49,0,10,9,26,33,3,7,295,55,1778,979,0,16,200,87,4,6,86,7,7,16031,384,0,319,61,0,43,4255.52403,240.45836,1778.18112,604.29939,91.40806,1513.50891,11,9,46,18382,65,73,402,21,3420,520,18,88,3,996,507,489,13,28,133,90,47,9,3,230,230,22.69,2,3490,1717,1773,214,7,329,55,38,43,15.17,252,61,49,45,4,58,3,2494,1210,1284,25,10,14,33,1099,295,361,6,17,46,16928,,38,1,2,81.61,86.79,4,,,7,6,4,15,12,54.8,510,223,1648,3,33,,49.75,202,95,29,200,4,52,196,130,296,120,344,979,14709,7833,7820,14478,61.35,201,319,53,617,576,662,425,484,4204,17809,7,402,384,15457,2352,129,668,493,266,427,799,2389,631,1553,22,88,,,,,,,,,,,,,,,,,,,,,,,,,,,,,,,,,,,,,,,,,,,,,,,,,,,,,,,,,,,,,,,,,,,,,,,,,,,,,,,,,,,,,,,,,,,,,,,,,,,,,,,,,,,,,,,,,,,,,,,,,,,,,,,,,,,,,,,,,,,,,,,,,,,,,,,,,,,,,,,,,,,,,,,,,,,,,,,,,,,,,,,,,,,,,,,,,,,,,,,,,,,,,,,,,,,,,,,,,,,,,,,,,,,,,,,,,,,,,,,,,,,,,,,,,,,,,,,,,,,,
2024-25,serie-a::Football_Team::ced7bf0df3a140dfa48138311122133b,opta:Team:bi1fxjrncd0ram0oi7ja1jyuo,Lecce,Lecce,LEC,,,,,,,,,,,,,,,,,,,,,,,,,,,,,,,,,,,,-7.7832,34.7832,0,933,0,79,36,0,21,6.33106,46.63834,15.97132,2.4231,42.23737,43.53,42.66,114.29224,4,27,14,11,4,301,166,166,26,0,2,0,19,466,427,38,28,27,58,1,5,6,31,13,9,4,285,44,2124,933,0,3,125,79,8,3,75,4,7,11409,531,0,372,59,0,21,4343.1053,240.58031,1772.25691,606.91007,92.07798,1605.02017,10,20,52,13961,34,129,344,3,2116,627,8,59,1,1372,673,699,22,14,110,144,28,9,3,166,166,25.96,1,3875,1907,1968,235,4,349,83,38,21,7.85,312,27,58,50,8,23,4,2503,1234,1269,30,5,11,13,701,285,301,4,6,52,12571,,29,,3,68.52,78.53,10,,1,4,3,8,12,6,43.5,564,263,1755,1,16,1,36.34,219,132,56,125,6,39,163,111,237,248,213,933,9909,4774,6017,9695,59.33,255,372,172,582,538,989,466,427,4739,13533,7,344,531,10628,2905,105,465,327,248,653,1191,2583,787,1714,37,59,,,,,,,,,,,,,,,,,,,,,,,,,,,,,,,,,,,,,,,,,,,,,,,,,,,,,,,,,,,,,,,,,,,,,,,,,,,,,,,,,,,,,,,,,,,,,,,,,,,,,,,,,,,,,,,,,,,,,,,,,,,,,,,,,,,,,,,,,,,,,,,,,,,,,,,,,,,,,,,,,,,,,,,,,,,,,,,,,,,,,,,,,,,,,,,,,,,,,,,,,,,,,,,,,,,,,,,,,,,,,,,,,,,,,,,,,,,,,,,,,,,,,,,,,,,,,,,,,,,,
2024-25,serie-a::Football_Team::d0867ddf777c41789ca282b8276002b0,opta:Team:9dntj5dioj5ex52yrgwzxrq9l,Milan,Milan,MIL,,,,,,,,,,,,,,,,,,,,,,,,,,,,,,,,,,,,-2.5228,63.5228,0,788,0,88,49,0,43,6.7051,46.62814,15.96952,2.67666,39.75262,54.05,53.03,112.52383,2,27,31,8,9,399,219,219,24,0,7,0,12,415,428,38,22,61,43,1,9,7,16,30,3,9,234,55,1431,788,0,26,196,88,1,4,50,8,6,16250,431,0,349,63,0,43,4275.90553,254.79385,1771.86915,606.84187,101.71324,1510.59962,9,11,60,18122,63,103,399,14,3408,552,18,70,1,846,405,441,8,31,164,95,22,13,2,219,219,24.29,5,3374,1617,1757,202,8,412,45,38,43,15.29,275,61,43,34,9,58,3,2528,1212,1316,18,9,11,30,1086,234,399,8,16,60,16760,1,55,2,3,82.2,87.65,2,,1,8,4,1,13,22,53.8,445,197,1628,1,33,1,49.12,203,98,49,196,5,40,154,107,343,108,275,788,14665,7432,8220,14710,63.22,203,349,42,502,597,653,415,428,3934,17681,6,399,431,15498,2183,116,480,339,309,292,643,2056,607,1540,27,70,,,,,,,,,,,,,,,,,,,,,,,,,,,,,,,,,,,,,,,,,,,,,,,,,,,,,,,,,,,,,,,,,,,,,,,,,,,,,,,,,,,,,,,,,,,,,,,,,,,,,,,,,,,,,,,,,,,,,,,,,,,,,,,,,,,,,,,,,,,,,,,,,,,,,,,,,,,,,,,,,,,,,,,,,,,,,,,,,,,,,,,,,,,,,,,,,,,,,,,,,,,,,,,,,,,,,,,,,,,,,,,,,,,,,,,,,,,,,,,,,,,,,,,,,,,,,,,,,,,,
2024-25,serie-a::Football_Team::9ba470f39580450fac7654956ba574fa,opta:Team:67z1gqyiuzpmmb15q5fy7ntc4,Monza,Monza,MON,,,,,,,,,,,,,,,,,,,,,,,,,,,,,,,,,,,,-2.9284,30.9284,0,924,0,84,40,0,18,6.60611,46.59222,17.03759,2.24298,41.00889,48.53,47.26,114.17182,4,38,15,13,2,228,138,138,21,0,1,0,16,512,529,38,25,28,69,0,2,5,31,13,13,1,305,48,1909,924,0,4,103,84,2,3,100,3,3,14116,567,0,315,56,0,18,4338.52904,251.03227,1770.50452,647.42834,85.23332,1558.33775,9,26,54,16461,18,118,257,6,2375,562,3,85,2,1214,619,595,17,15,79,157,25,3,5,138,138,20.88,1,3754,1876,1878,221,3,424,66,38,18,10.89,333,28,69,60,9,25,3,2540,1257,1283,28,2,9,13,917,305,228,5,6,54,15003,1,30,1,3,75.69,83.58,4,,2,3,3,2,21,4,48.4,521,225,1543,2,18,,40.08,154,149,42,103,1,36,137,91,220,273,235,924,12515,5502,8029,12470,56.05,247,315,62,561,561,821,512,529,4371,16025,3,257,567,13394,2631,81,519,402,227,594,985,2242,908,1646,30,85,,,,,,,,,,,,,,,,,,,,,,,,,,,,,,,,,,,,,,,,,,,,,,,,,,,,,,,,,,,,,,,,,,,,,,,,,,,,,,,,,,,,,,,,,,,,,,,,,,,,,,,,,,,,,,,,,,,,,,,,,,,,,,,,,,,,,,,,,,,,,,,,,,,,,,,,,,,,,,,,,,,,,,,,,,,,,,,,,,,,,,,,,,,,,,,,,,,,,,,,,,,,,,,,,,,,,,,,,,,,,,,,,,,,,,,,,,,,,,,,,,,,,,,,,,,,,,,,,,,,
2024-25,serie-a::Football_Team::f791dab8f0e4449e9884dd8dbd42dbcc,opta:Team:gi0l1habji5hpgar77dl5jqe,Napoli,Napoli,NAP,,,,,,,,,,,,,,,,,,,,,,,,,,,,,,,,,,,,5.2313,53.7687,0,880,0,87,46,0,42,6.99776,50.75641,18.66215,2.27168,40.27342,54.58,53.61,119.66019,7,14,27,2,10,350,211,211,24,0,6,0,27,415,445,38,21,59,27,1,9,3,13,32,2,14,270,55,1589,880,0,18,157,87,1,4,80,5,0,16856,364,0,323,60,0,42,4547.08715,265.91471,1928.74367,709.16164,86.32394,1530.38988,10,4,55,18870,82,71,339,5,3251,535,24,48,0,1018,473,545,11,27,165,100,21,19,2,211,211,23.79,4,3429,1675,1754,204,5,353,38,38,42,17.4,260,59,27,18,9,53,6,2411,1202,1209,22,9,15,32,718,270,350,1,27,55,17613,,26,3,2,80.87,86.48,4,,2,5,4,1,12,14,54.2,557,217,1621,,20,1,46.31,182,67,33,157,,55,162,101,244,118,378,880,15201,7461,8653,15072,60.37,212,323,71,650,612,777,415,445,4251,18445,,339,364,15952,2493,127,519,368,286,306,709,2246,766,1784,32,48,,,,,,,,,,,,,,,,,,,,,,,,,,,,,,,,,,,,,,,,,,,,,,,,,,,,,,,,,,,,,,,,,,,,,,,,,,,,,,,,,,,,,,,,,,,,,,,,,,,,,,,,,,,,,,,,,,,,,,,,,,,,,,,,,,,,,,,,,,,,,,,,,,,,,,,,,,,,,,,,,,,,,,,,,,,,,,,,,,,,,,,,,,,,,,,,,,,,,,,,,,,,,,,,,,,,,,,,,,,,,,,,,,,,,,,,,,,,,,,,,,,,,,,,,,,,,,,,,,,,
2024-25,serie-a::Football_Team::3294993c79b14d918ccdc78da0fb90c5,opta:Team:5aosfavi55p40c65lkriqnqnl,Parma,Parma,PAR,,,,,,,,,,,,,,,,,,,,,,,,,,,,,,,,,,,,-0.922,44.922,0,804,0,82,48,0,31,6.05924,47.02628,15.31273,2.34148,40.74732,44.16,43.24,112.27753,9,30,19,8,2,285,170,170,23,0,8,0,5,405,458,38,58,44,58,0,7,6,28,25,8,5,279,43,1876,804,0,16,148,82,5,6,86,7,6,12679,542,0,293,56,0,31,4266.54611,230.25126,1786.99847,581.88383,88.97636,1548.39823,15,16,31,14863,36,104,309,14,2567,523,7,72,3,1034,513,521,22,19,116,153,58,7,7,170,170,22.72,9,3426,1697,1729,185,7,409,103,38,31,14.24,322,44,58,52,6,39,5,2392,1184,1208,24,7,14,25,803,279,285,6,15,31,13441,,33,1,2,71.08,81.02,5,1,,7,6,5,20,12,44.4,528,281,1679,3,21,,47.9,161,136,31,148,3,23,97,70,249,168,198,804,10950,5462,6428,10989,56.02,230,293,168,434,573,921,405,458,4453,14555,6,309,542,11793,2762,68,330,240,276,583,1072,2513,579,1690,33,72,,,,,,,,,,,,,,,,,,,,,,,,,,,,,,,,,,,,,,,,,,,,,,,,,,,,,,,,,,,,,,,,,,,,,,,,,,,,,,,,,,,,,,,,,,,,,,,,,,,,,,,,,,,,,,,,,,,,,,,,,,,,,,,,,,,,,,,,,,,,,,,,,,,,,,,,,,,,,,,,,,,,,,,,,,,,,,,,,,,,,,,,,,,,,,,,,,,,,,,,,,,,,,,,,,,,,,,,,,,,,,,,,,,,,,,,,,,,,,,,,,,,,,,,,,,,,,,,,,,,
2024-25,serie-a::Football_Team::8ddc09c1aa73448da2dff953edd95d82,opta:Team:2tk2l9sgktwc9jhzqdd4mpdtb,Roma,Roma,ROM,,,,,,,,,,,,,,,,,,,,,,,,,,,,,,,,,,,,2.4795,53.5205,0,845,0,87,48,0,35,6.46084,48.44752,16.44914,2.18564,41.60171,53.95,52.32,115.80813,7,20,19,5,7,355,171,171,28,0,3,0,23,406,484,38,28,56,35,2,10,2,15,37,4,13,282,47,1779,845,0,20,176,87,4,8,100,8,1,16933,441,0,328,60,0,35,4400.70896,245.5118,1841.00589,625.06716,83.05419,1580.86486,9,9,59,19095,69,118,368,9,3648,551,20,64,1,941,487,454,15,19,153,110,28,16,1,171,171,28.46,2,3317,1631,1686,200,8,356,77,38,35,15.22,263,56,35,32,3,45,11,2376,1144,1232,13,10,18,37,986,282,355,2,26,59,17853,,34,1,1,79.95,86.01,4,,,8,8,4,6,14,53.8,506,219,1672,1,19,2,47.83,192,101,53,176,,52,181,109,210,131,314,845,15391,8194,8081,15249,59.53,223,328,117,570,549,705,406,484,4379,18712,1,368,441,16094,2618,90,455,328,266,469,934,2465,608,1684,34,64,,,,,,,,,,,,,,,,,,,,,,,,,,,,,,,,,,,,,,,,,,,,,,,,,,,,,,,,,,,,,,,,,,,,,,,,,,,,,,,,,,,,,,,,,,,,,,,,,,,,,,,,,,,,,,,,,,,,,,,,,,,,,,,,,,,,,,,,,,,,,,,,,,,,,,,,,,,,,,,,,,,,,,,,,,,,,,,,,,,,,,,,,,,,,,,,,,,,,,,,,,,,,,,,,,,,,,,,,,,,,,,,,,,,,,,,,,,,,,,,,,,,,,,,,,,,,,,,,,,,
2024-25,serie-a::Football_Team::a55dcc2058e94976b572262fc564a74c,opta:Team:7gnly6999wao1xarwct4p8fe9,Torino,Torino,TOR,,,,,,,,,,,,,,,,,,,,,,,,,,,,,,,,,,,,3.8091,35.1909,0,858,0,83,48,0,21,6.85617,47.96662,17.05414,2.37672,41.01984,47.42,46.37,115.97897,7,27,22,8,4,257,159,159,24,0,4,0,13,483,386,38,34,39,45,0,6,7,18,17,6,6,278,45,1902,858,0,9,130,83,3,2,50,4,3,13502,529,0,261,56,0,21,4407.20078,260.53441,1822.73153,648.05749,90.3155,1558.75404,14,14,57,15883,44,139,273,10,2604,468,10,78,1,1133,576,557,12,22,114,133,34,10,1,159,159,24.0,3,3289,1728,1561,206,4,410,99,38,21,14.29,313,39,45,38,7,34,5,2156,1152,1004,30,6,7,17,571,278,257,7,8,57,14537,,23,3,2,73.47,82.08,7,1,4,4,2,3,14,10,47.7,479,205,1599,1,22,,47.62,143,132,51,130,2,38,162,115,169,161,250,858,12002,5935,6870,11785,55.77,207,261,96,580,508,840,483,386,4457,15404,3,273,529,12643,2761,109,513,376,236,558,1044,2598,676,1717,26,78,,,,,,,,,,,,,,,,,,,,,,,,,,,,,,,,,,,,,,,,,,,,,,,,,,,,,,,,,,,,,,,,,,,,,,,,,,,,,,,,,,,,,,,,,,,,,,,,,,,,,,,,,,,,,,,,,,,,,,,,,,,,,,,,,,,,,,,,,,,,,,,,,,,,,,,,,,,,,,,,,,,,,,,,,,,,,,,,,,,,,,,,,,,,,,,,,,,,,,,,,,,,,,,,,,,,,,,,,,,,,,,,,,,,,,,,,,,,,,,,,,,,,,,,,,,,,,,,,,,,
2024-25,serie-a::Football_Team::630b1e3631db42498d1b7bc94595c5e0,opta:Team:dxq76zcvnokq07cszdx0i6kve,Udinese,Udinese,UDI,,,,,,,,,,,,,,,,,,,,,,,,,,,,,,,,,,,,1.0571,39.9429,0,934,0,82,45,0,28,7.05337,46.84201,17.03679,2.43087,40.18011,47.24,46.29,114.30471,5,29,19,9,5,285,178,178,25,0,7,0,23,543,379,38,16,41,56,1,9,3,27,22,9,7,302,47,1979,934,0,8,143,82,7,2,50,4,5,12780,504,0,346,62,0,28,4343.57902,268.02824,1779.99652,647.39805,92.37315,1526.84416,8,18,50,15262,44,114,319,3,2431,562,12,82,3,1069,516,553,15,19,115,139,16,9,6,178,178,25.04,3,3588,1816,1772,256,4,311,63,38,28,12.85,266,41,56,52,4,34,7,2519,1300,1219,38,9,13,22,547,302,285,4,10,50,13893,1,37,,5,73.54,81.97,8,,,4,2,7,19,9,47.2,526,257,1620,3,21,1,44.83,176,140,35,143,2,38,170,126,281,206,242,934,11386,5591,6677,11164,61.57,216,346,113,570,589,853,543,379,4520,14759,5,319,504,12098,2661,101,509,377,294,568,1045,2459,711,1616,38,82,,,,,,,,,,,,,,,,,,,,,,,,,,,,,,,,,,,,,,,,,,,,,,,,,,,,,,,,,,,,,,,,,,,,,,,,,,,,,,,,,,,,,,,,,,,,,,,,,,,,,,,,,,,,,,,,,,,,,,,,,,,,,,,,,,,,,,,,,,,,,,,,,,,,,,,,,,,,,,,,,,,,,,,,,,,,,,,,,,,,,,,,,,,,,,,,,,,,,,,,,,,,,,,,,,,,,,,,,,,,,,,,,,,,,,,,,,,,,,,,,,,,,,,,,,,,,,,,,,,,
2024-25,serie-a::Football_Team::a28236708d214df3a2e2e04ceb7e5c54,opta:Team:565sm63rjm2y7xeae0dcdbtnu,Venezia,Venezia,VEN,,,,,,,,,,,,,,,,,,,,,,,,,,,,,,,,,,,,-5.6854,37.6854,0,717,0,79,46,0,16,6.25915,47.86751,15.98569,2.10862,38.39785,44.84,43.82,111.29248,9,34,15,10,0,267,143,143,23,0,4,0,11,503,451,38,31,32,56,2,5,5,22,17,9,5,279,39,1843,717,0,12,128,79,10,4,80,5,2,11798,567,0,361,60,0,16,4229.11431,237.8476,1818.9653,607.45609,78.01885,1459.11838,14,19,58,13962,29,137,277,4,2305,605,5,71,2,1145,636,509,25,15,109,145,31,6,3,143,143,23.06,,3867,2073,1794,252,5,426,74,38,16,11.55,342,32,56,52,4,27,5,2722,1437,1285,29,5,9,17,520,279,267,9,9,58,12647,,29,1,3,69.74,78.4,11,,1,5,4,10,33,7,44.9,595,294,1717,2,17,2,46.21,149,138,56,128,,38,122,74,248,207,212,717,9894,4982,5835,9978,59.67,244,361,169,600,688,871,503,451,4922,13641,2,277,567,10695,2946,70,407,303,290,684,1126,2516,837,1820,27,71,,,,,,,,,,,,,,,,,,,,,,,,,,,,,,,,,,,,,,,,,,,,,,,,,,,,,,,,,,,,,,,,,,,,,,,,,,,,,,,,,,,,,,,,,,,,,,,,,,,,,,,,,,,,,,,,,,,,,,,,,,,,,,,,,,,,,,,,,,,,,,,,,,,,,,,,,,,,,,,,,,,,,,,,,,,,,,,,,,,,,,,,,,,,,,,,,,,,,,,,,,,,,,,,,,,,,,,,,,,,,,,,,,,,,,,,,,,,,,,,,,,,,,,,,,,,,,,,,,,,
2024-25,serie-a::Football_Team::be24fc024dd946ebbeb957ee6e796a2a,opta:Team:ap6blbxhq9elm62vw6tutzlwg,Verona,Hellas Verona,VER,,,,,,,,,,,,,,,,,,,,,,,,,,,,,,,,,,,,-0.8179,34.8179,0,756,0,76,37,0,20,6.1087,49.16247,15.60779,2.34884,40.08272,38.42,37.45,114.01884,2,30,19,11,6,258,152,152,23,0,3,0,12,579,352,38,31,34,66,1,4,5,36,15,10,4,329,37,2055,756,0,7,99,76,2,2,100,2,10,10050,505,0,434,65,0,20,4332.71608,232.13044,1868.17378,593.09609,89.25597,1523.14355,7,21,55,12434,37,109,269,9,2054,672,10,86,6,1406,716,690,12,19,106,123,31,8,4,152,152,22.78,1,3924,2001,1923,288,2,208,198,38,20,12.64,313,34,66,58,8,28,6,2518,1285,1233,45,4,6,15,451,329,258,4,6,55,11211,1,34,3,1,66.37,75.27,4,,1,2,2,2,2,9,38.4,553,270,1665,6,20,1,36.8,170,120,58,99,4,45,128,75,228,226,188,756,8596,4660,4580,8356,64.58,238,434,120,521,487,961,579,352,4660,12105,10,269,505,9112,2993,90,434,314,233,652,1299,2730,697,1694,25,86,,,,,,,,,,,,,,,,,,,,,,,,,,,,,,,,,,,,,,,,,,,,,,,,,,,,,,,,,,,,,,,,,,,,,,,,,,,,,,,,,,,,,,,,,,,,,,,,,,,,,,,,,,,,,,,,,,,,,,,,,,,,,,,,,,,,,,,,,,,,,,,,,,,,,,,,,,,,,,,,,,,,,,,,,,,,,,,,,,,,,,,,,,,,,,,,,,,,,,,,,,,,,,,,,,,,,,,,,,,,,,,,,,,,,,,,,,,,,,,,,,,,,,,,,,,,,,,,,,,,
2025-26,serie-a::Football_Team::b5846a2413804c2e8cab8b773b18370a,opta:Team:e75syeuawg3ql8nwpi3vr2btz,Atalanta,Atalanta,ATA,,,,,,,,,,,,,,,,,,,,,,,,,,,,,,,,,,,,0,68.948,6069,1712,16877,85,0,49.88,33,6.11519,48.50638,15.52946,2.39803,39.09044,59.25,0.0,112.42758,8,21,26,5,6,0,215,0,26,25.93,0,49.32,0,450,365,38,113,51,36,0,7,6,15,25,4,9,1221,67,2573,1712,0,0,176,85,0,0,0,3,2,0,437,0,447,58,58.13,33,4272.24795,232.37716,1843.24254,590.11943,91.12503,1485.43671,14,9,73,20559,59,11,0,0,0,769,15,58,0,1291,647,644,8,,167,,101,,,215,,25.93,,2666,1351,1315,64,,,,38,33,,,51,36,31,4,44,6,1375,704,671,32,7,15,,,1221,391,,18,73,,,,1,1,,85,,,,3,3,2,10,9,54,,,1871,1,25,,31.83,202,,,176,1,,,149,304,,,1712,,7875,9002,399,58.13,,447,,,,686,450,365,2399,19703,2,553,437,,,,633,,197,,,,,,,58,13,0,16877,769,3777,377,62.21,45,25,5.84,208,5,1624,3512,3866,38,15,23.08,23,31.94,27.74,73.81,12,28.57,7027,111,49,25.13,62,24.51,24.78,2153,2557,3161,86.73,1239,1224,1651,85.26,133,64,24.62,85,26.15,25.47,444.13,73,26.94,82,14,5,3931,65,7,10.77,58,398,1,0,180,7,4,5.66,157,121,36,35,70,57,15,692,309,383,55.35,1674,13743,49.83,10770,9657,1382,606,776,4915,690,297,393,56.96,4029,10623,9491,56.15,1420,897,137,193,65,72,2189,51.072,68.948,322,119,59.13,398,8223,11.84,16,1.92,20,9.61,437,507,61,8,4,387,11,19,32,42,8,6,19,10,5,9.04,48.8,273,5,7539,16,19,10.29,448,292,195,253,3,3697,599,338,261,43.57,2257,12010,50.17,10844,8187,2606,24.03,1284,745,539,41.98,3308,685,407,278,40.58,3510,3764,34.71,9080,6729,4474,41.26,451,1314,7066,6513,4693,1606,1905,4830,3338,1502,585,485,260,325,47,33,542,422,940,654,3.67,4.35,4,0,10.49,82,31,271,10,10,1416,92,93,792,4.39,5,2,0,368,277,5.32,150,7,4.63,151,185,160,5,6,119,50,10,60.68,575,22,694,49,62927,28.37,47820,21.56,111061,50.07,0.87,25753,21614,17844,606,22.53,697,7,3,13.18,1.34,0.95,0.39,9,518.5,16220,8,6,49.24,1698,14.55,101,163,503,288,112,19,11.1,1,2,0
2025-26,serie-a::Football_Team::4af71b35aab34ad5a7d06148abe66ad6,opta:Team:ej5er0oyngdw138yuumwqbyqt,Bologna,Bologna,BOL,,,,,,,,,,,,,,,,,,,,,,,,,,,,,,,,,,,,0,49.616,5326,1944,14966,84,0,49.05,30,6.19707,46.50794,16.01174,2.15209,41.08097,50.5,0.0,112.80943,4,23,30,5,10,0,170,0,25,24.77,0,49.31,0,498,530,38,93,49,46,6,3,4,23,19,9,6,1205,65,3003,1944,0,0,144,84,0,0,0,7,6,0,383,0,380,57,56.63,30,4286.75849,235.48883,1767.30183,608.44616,81.77928,1561.07704,8,14,73,18548,56,9,0,0,92,671,16,63,0,1315,670,645,12,,124,,138,,,170,,24.77,,2829,1434,1395,50,,,,38,30,,,49,46,37,8,40,7,1511,761,750,25,3,18,,,1205,319,,28,73,,,,2,1,,84,,,,7,5,4,16,12,54,,,1816,2,16,,30.44,185,,,144,4,,,142,307,,,1944,,6386,8580,336,56.63,,380,,,,673,498,530,2341,17777,6,473,383,,,,580,,177,,,,,,,63,12,6,14966,671,3964,235,51.2,36,29.51,5.03,156,10,1791,3353,3436,56,34,27.2,22,27.85,27.45,69.96,13,40.63,5676,86,45,20.36,41,21.69,20.98,2173,1973,2240,85.8,1127,842,939,85.38,79,79,22.83,63,23.51,23.13,393.84,49,31.21,107,14,9,4100,35,5,14.29,30,321,3,0,122,1,5,4.47,160,139,21,48,46,49,13,689,308,381,55.3,1840,13317,53.66,10466,9830,1428,606,822,4936,737,296,441,59.84,3557,10334,9679,57.56,1371,908,204,127,125,79,2069,51.11,49.616,291,123,58.21,400,7613,13.11,20,1.92,32,13.95,634,562,67,7,2,590,17,38,35,32,11,6,11,27,6,9.94,49.64,255,12,6062,18,18,8.39,410,281,221,189,6,3736,626,362,264,42.17,2260,10247,46.34,9040,6438,1989,22,1401,828,573,40.9,2677,774,465,309,39.92,2505,3759,41.58,7443,5106,3292,36.42,445,1189,5415,4903,3687,1107,1109,3406,2445,1433,614,408,346,268,41,39,454,362,695,588,3.61,3.56,4,2,11.16,71,22,157,12,11,1632,91,88,673,3.26,7,4,6,298,258,4.87,122,14,3.79,140,175,125,10,9,94,31,8,63.43,581,21,704,2,60286,26.9,47311,21.11,116530,51.99,0.79,23564,19506,16268,459,20.29,643,8,4,12.74,1.29,1.21,0.47,16,467.82,14785,10,12,47.79,1808,12.45,70,223,426,179,159,14,12,4,2,2
2025-26,serie-a::Football_Team::25aecd0eda3e4453aabd9a9d5e7fba0d,opta:Team:5rwlg5cfv1hu7yf0ek1zxpzy3,Cagliari,Cagliari,CAG,,,,,,,,,,,,,,,,,,,,,,,,,,,,,,,,,,,,0,43.912,4815,1179,13097,82,0,44.44,30,5.60694,48.1205,14.88306,1.97811,41.87543,44.25,0.0,113.37319,6,30,18,9,4,0,145,0,27,26.97,0,47.23,0,525,536,38,120,40,53,3,12,4,23,22,8,7,1354,54,2171,1179,0,0,132,82,0,0,0,2,2,0,483,0,445,53,52.98,30,4308.18107,213.06354,1828.57893,565.55614,75.16803,1591.2665,10,17,62,16555,43,15,0,0,36,840,11,77,0,1186,659,527,12,,114,,115,,,145,,26.97,,2530,1335,1195,45,,,,38,30,,,40,53,45,8,36,4,1340,672,668,22,12,7,,,1354,270,,8,62,,,,0,0,,82,,,,2,2,2,14,17,45,,,1793,2,20,,32.51,151,,,132,0,,,95,262,,,1179,,4461,8636,398,52.98,,445,,,,711,525,536,2353,15921,2,406,483,,,,463,,174,,,,,,,77,8,3,13097,840,2964,142,42.9,43,34.13,4.5,209,3,1606,3414,3615,45,21,29.58,24,23.53,26.01,67.86,30,42.25,5316,50,13,13,37,23.87,19.61,1358,1401,1701,81.66,633,524,753,80.19,114,34,19.88,61,23.74,22.2,344.66,76,36.89,56,9,7,3092,44,9,20.45,35,279,2,2,126,8,7,3.82,196,152,44,18,57,66,3,629,312,317,50.4,1650,13925,60.96,10606,9863,1411,654,757,5052,781,341,440,56.34,3748,10458,9734,53.65,1489,1073,173,171,71,102,2073,57.525,43.912,395,134,35.41,395,7096,13.82,12,1.63,23,14.11,604,577,88,8,7,521,17,33,60,71,8,6,15,32,12,9.85,49.85,298,10,5724,24,11,7.11,255,362,100,155,4,3734,557,347,210,37.7,1442,7724,39.04,6791,10886,1633,24.05,1119,681,438,39.14,2044,559,331,228,40.79,1976,2355,34.68,5463,9175,2803,41.28,304,692,4011,3603,5936,757,933,2383,4346,1280,428,533,171,257,38,50,391,464,521,785,3.78,2.99,2,0,8.64,77,43,206,13,16,1630,92,127,792,3,3,2,2,250,323,3.97,160,7,3.47,177,156,160,5,4,90,33,10,60.09,533,11,668,9,38517,17.2,74354,33.19,111126,49.61,0.79,21649,17397,20749,331,16.68,795,3,2,11.47,1.05,1.39,0.18,10,418.97,18909,4,8,47.18,1851,10.68,73,100,366,233,95,18,13.53,2,2,1
2025-26,serie-a::Football_Team::367e70bf50b346209f8a0f16429850cb,opta:Team:6uzfw7ahyxg4wrrfxo5u7qt0n,Como,Como,COM,,,,,,,,,,,,,,,,,,,,,,,,,,,,,,,,,,,,0,66.696,6472,1422,18365,88,0,57.35,48,6.19701,47.19251,15.19702,2.3761,40.18648,59.0,0.0,111.99829,5,14,30,4,10,0,172,0,26,26.36,0,51.62,0,511,453,38,82,65,29,5,10,6,15,35,3,10,1156,67,2119,1422,0,0,191,88,0,0,0,8,3,0,335,0,451,55,54.73,48,4255.93514,235.48624,1793.31531,577.48691,90.29186,1527.08618,11,7,44,21481,71,5,0,0,78,824,20,79,0,1081,461,620,17,,145,,147,,,172,,26.36,,2220,1074,1146,48,,,,38,48,,,65,29,23,6,55,9,1139,613,526,17,10,12,,,1156,375,,28,44,,,,1,0,,88,,,,8,5,5,12,11,60,,,1689,1,26,,35.44,189,,,191,2,,,123,351,,,1422,,8156,10209,481,54.73,,451,,,,524,511,453,2250,20745,3,539,335,,,,542,,231,,,,,,,79,19,5,18365,824,4479,281,51.94,44,37.93,5.11,135,7,2070,4016,4123,51,25,28.74,26,25.49,26.98,78.08,21,32.81,7413,72,38,21.84,34,18.68,20.22,2409,2456,3290,88.07,1248,1001,1485,85.84,78,63,24.14,60,21.13,22.57,483.29,71,37.17,74,23,7,4611,73,18,24.66,55,387,3,3,116,4,2,4.53,122,107,15,55,57,38,9,614,228,386,62.87,2107,14168,51.5,11641,8841,1124,459,665,5138,510,231,279,54.71,4236,11484,8639,59.16,1228,813,189,110,87,102,2075,37.954,66.696,373,81,67.08,276,8289,13.45,13,1.16,27,11.92,568,544,59,5,3,487,12,41,33,64,8,4,12,13,3,11.87,46.18,236,5,7841,10,22,9.87,356,272,174,182,0,3719,467,233,234,50.11,2504,12192,48.5,10961,5745,3224,29.41,1096,615,481,43.89,3151,629,382,247,39.27,3605,3713,33.87,9261,4514,4024,36.71,461,1310,6573,5961,3249,1337,1703,4351,2135,1437,545,382,261,284,58,24,513,317,818,529,3.63,3.62,6,3,11.58,59,23,191,14,10,1490,106,77,871,3.82,6,1,3,361,220,4.97,115,3,5.03,113,178,115,2,6,123,57,9,60.31,610,25,691,11,86762,38.89,32859,14.73,103468,46.38,1.26,26360,22602,14586,541,19.37,569,6,1,15.32,1.71,0.76,0.32,5,545.92,13153,6,4,44.45,1707,14.18,101,238,475,200,104,29,9.95,5,3,2
2025-26,serie-a::Football_Team::920da3c6b91d4cf69b2f1448c8a71c96,opta:Team:af91jdcs6x0bqkmdb78rokod2,Cremonese,Cremonese,CRE,,,,,,,,,,,,,,,,,,,,,,,,,,,,,,,,,,,,0,35.339,4557,1395,12567,80,0,48.58,24,6.11909,48.7906,16.16179,2.12233,40.22252,45.0,0.0,114.25989,3,28,14,11,5,0,134,0,22,21.68,0,50.43,0,513,470,38,137,32,57,1,6,7,29,18,9,3,1215,54,2583,1395,0,0,123,80,0,0,0,4,6,0,580,0,444,55,55.16,24,4341.87577,232.52538,1854.04291,614.14815,80.64845,1528.45572,10,20,62,16337,34,21,0,0,0,805,8,73,0,1441,741,700,6,,89,,126,,,134,,21.68,,2586,1282,1304,51,,,,38,24,,,32,57,48,7,28,4,1143,540,603,23,6,7,,,1215,214,,14,62,,,,0,2,,80,,,,4,4,4,9,1,46,,,1598,0,12,,36.07,124,,,123,6,,,98,175,,,1395,,4680,7887,374,55.16,,444,,,,864,513,470,2372,15562,6,341,580,,,,607,,144,,,,,,,73,11,1,12567,805,3214,139,38.29,39,31.71,4.42,232,4,1684,3109,3092,42,20,20.62,22,18.33,19.35,64.85,22,28.57,4793,56,33,19.76,23,14.38,17.13,1530,1448,1701,81.66,756,592,672,79.79,134,53,20.08,45,16.07,18.01,330.71,70,30.3,51,3,25,3328,35,9,25.71,26,219,4,0,123,7,6,3.53,226,193,33,11,53,79,7,696,323,373,53.59,1730,13191,58.53,9949,9938,1342,571,771,4851,645,248,397,61.55,3248,9831,9819,57.45,1284,1062,217,186,97,120,2086,64.419,35.339,361,148,38.07,477,7027,13.5,26,1.63,40,12.37,560,562,82,9,0,477,15,33,40,77,6,10,23,21,7,9.38,52.76,368,4,5203,20,12,5.63,327,405,167,160,2,3721,745,418,327,43.89,1598,8159,41.47,7050,10019,1726,24.48,1244,711,533,42.85,2176,498,292,206,41.37,1955,2461,34.91,5731,8200,2863,40.61,314,796,4283,3772,5824,894,841,2533,4121,1310,544,591,264,280,28,51,331,559,442,856,4.29,2.6,6,0,8.01,83,54,231,12,10,1624,90,125,763,2.34,2,7,1,212,387,3.26,203,10,3.24,193,129,193,3,2,89,29,6,54.86,576,9,724,31,39853,17.85,79897,35.79,103505,46.36,0.63,21350,16999,19957,363,20.39,883,3,8,8.39,0.84,1.5,0.18,14,409.53,18019,4,6,42.05,1865,8.97,73,126,309,140,79,18,13.95,0,1,0
2025-26,serie-a::Football_Team::5bce12d5bd864c2297695d970f92576d,opta:Team:4raiad4l2j5lkfaz92pk4osb,Fiorentina,Fiorentina,FIO,,,,,,,,,,,,,,,,,,,,,,,,,,,,,,,,,,,,0,53.861,5135,1324,14425,85,0,48,23,6.29603,48.36609,16.56675,2.0421,41.03706,49.5,0.0,115.28147,6,29,20,8,5,0,169,0,21,21.49,0,49.96,0,476,573,38,122,41,50,2,4,9,21,21,6,4,1183,60,2197,1324,0,0,130,85,0,0,0,6,3,0,508,0,350,56,56,23,4380.69596,239.24899,1837.9113,629.53648,77.59978,1559.40812,15,14,64,17674,42,19,0,0,0,625,9,80,0,1252,651,601,21,,147,,61,,,169,,21.49,,2590,1296,1294,61,,,,38,23,,,41,50,39,9,33,7,1338,645,693,22,4,13,,,1183,313,,15,64,,,,1,2,,85,,,,6,6,5,26,6,50,,,1692,1,21,,27.31,178,,,130,2,,,111,316,,,1324,,6001,8424,392,56,,350,,,,658,476,573,2202,16841,3,476,508,,,,654,,204,,,,,,,80,10,2,14425,625,3503,248,49.8,45,31.47,4.71,263,2,1649,3310,3464,50,19,17.43,31,20.95,19.46,73.01,21,27.63,5785,61,21,14.69,40,19.42,17.48,1854,1825,2321,86.56,965,782,1043,84.39,155,40,15.87,71,20.06,18.32,379.61,68,29.96,44,10,8,3623,48,8,16.67,40,317,2,0,143,3,7,4.45,175,152,23,26,53,64,4,635,289,346,54.49,1692,12938,54.03,10088,9128,1380,597,783,4617,745,308,437,58.66,3594,9908,9035,56.74,1305,894,257,211,109,148,2072,59.355,53.861,275,80,47.79,363,7033,12.53,25,1.68,26,15.08,601,518,69,7,5,504,10,42,40,76,5,15,14,19,7,8.4,51.79,281,7,6179,16,17,8.24,349,376,143,206,1,3739,617,362,255,41.33,1931,9637,45.97,8584,8994,2212,25.77,1210,699,511,42.23,2416,593,337,256,43.17,2585,3166,36.88,6933,7371,3206,37.35,387,1020,5325,4843,5128,1052,1234,3306,3612,1307,606,587,252,354,34,43,449,491,690,791,4.36,3.7,6,0,9.34,79,43,227,11,18,1506,101,110,686,3.87,7,2,9,292,341,4.68,191,6,3.42,173,184,167,4,6,87,32,4,60.77,505,16,586,8,48950,21.82,59500,26.53,115853,51.65,0.61,22575,18672,18122,498,21.92,830,7,4,13.68,1.08,1.32,0.37,11,443.18,16406,7,7,44.53,1760,12.53,84,160,436,230,62,16,11.79,3,1,8
2025-26,serie-a::Football_Team::8c7aa94d22f44738951748e2ccdf319a,opta:Team:4kumqzwifv478caxed8zywlh3,Genoa,Genoa,GEN,,,,,,,,,,,,,,,,,,,,,,,,,,,,,,,,,,,,0,49.845,4423,1332,12707,81,0,44.9,21,6.05492,46.87044,16.45575,2.00265,41.66045,47.5,0.0,113.92659,7,25,19,8,4,0,141,0,25,25.36,0,46.53,0,471,540,38,107,41,51,9,5,4,26,22,9,6,1333,58,2303,1332,0,0,139,81,0,0,0,9,3,0,476,0,500,56,55.8,21,4329.21048,230.08697,1781.07677,625.31861,76.10069,1583.09713,11,17,49,16281,41,9,0,0,70,896,10,61,0,1528,842,686,24,,111,,83,,,141,,25.36,,2981,1594,1387,50,,,,38,21,,,41,51,45,4,33,8,1450,752,698,20,5,7,,,1333,247,,21,49,,,,0,2,,81,,,,9,5,7,20,12,48,,,1765,1,15,,32.94,161,,,139,2,,,94,289,,,1332,,4762,7945,373,55.8,,500,,,,798,471,540,2299,15520,3,422,476,,,,568,,209,,,,,,,61,9,9,12707,896,3118,171,48.17,39,30,5.08,221,1,1568,2886,3491,47,28,23.33,19,22.62,23.04,66.06,50,42.37,5166,47,24,17.65,23,17.42,17.54,1550,1537,1675,81.88,791,634,790,80.69,138,52,20.31,42,19.44,19.92,334.39,99,34.26,51,7,6,3262,58,12,20.69,46,255,0,0,130,2,11,3.71,183,142,41,10,49,71,3,790,392,398,50.38,1615,13091,57.4,9874,9566,1459,673,786,4464,668,281,387,57.93,3624,9704,9418,53.87,1285,919,204,189,120,84,2001,55.758,49.845,396,190,42.39,453,6695,12.39,15,1.29,14,14.21,616,502,64,7,2,474,11,67,35,118,5,12,18,19,6,9.72,48.14,324,5,5561,17,15,6.5,268,378,136,132,5,3720,738,450,288,39.02,1647,8692,42.6,7329,8778,1583,21.6,1522,921,601,39.49,2231,782,471,311,39.77,1937,2811,38.35,5816,7165,2935,40.05,480,854,4712,4119,5221,927,964,2745,3731,1380,472,567,256,216,34,42,388,457,544,755,4.12,3.16,7,4,9.62,84,23,289,17,21,1524,125,113,720,2.92,3,3,7,263,323,4.24,152,9,3.66,158,159,153,6,2,96,24,9,58.03,527,7,718,41,38858,17.41,65772,29.47,118537,53.12,0.55,21783,17203,18344,355,20.03,806,3,6,13.11,1.08,1.34,0.18,15,408.42,16583,4,9,46.45,1847,11.11,79,203,381,137,80,13,13.36,0,0,0
2025-26,serie-a::Football_Team::b7421caff23448c49134fa4f9095ee09,opta:Team:3vo5mpj7catp66nrwwqiuhuup,Inter,Internazionale,INT,,,,,,,,,,,,,,,,,,,,,,,,,,,,,,,,,,,,0,82.058,6650,1661,19187,88,0,55.93,66,6.49243,48.88017,16.68,2.19229,39.65695,60.25,0.0,114.72663,3,19,39,3,13,0,241,0,29,28.5,0,52.53,0,500,399,38,71,89,35,3,19,3,16,50,2,14,1248,71,2325,1661,0,0,225,88,0,0,0,6,0,0,340,0,428,54,53.97,66,4359.61189,246.71236,1857.44646,633.84001,83.30717,1506.96401,6,5,61,22650,87,10,0,0,0,793,27,64,0,1028,453,575,15,,181,,57,,,241,,28.5,,2252,1069,1183,50,,,,38,66,,,89,35,29,5,71,14,1221,615,606,34,19,13,,,1248,471,,27,61,,,,4,1,,88,,,,6,5,4,18,7,59,,,1832,0,38,,34.88,221,,,225,0,,,175,282,,,1661,,9590,9597,391,53.97,,428,,,,520,500,399,2184,21601,0,645,340,,,,749,,145,,,,,,,64,18,3,19187,793,4508,461,64.84,96,43.64,7.87,137,13,1787,3726,4084,63,35,25.74,28,26.92,26.25,78.72,13,39.39,8029,112,73,23.55,39,19.4,21.92,2721,2924,3945,88.95,1663,1479,2196,87.78,81,108,24.22,67,21.97,23.3,504.92,124,41.61,111,10,8,4675,94,22,23.4,72,478,10,0,220,16,1,6.34,110,90,20,20,107,30,16,537,213,324,60.34,1827,13512,46.2,10960,9476,1070,415,655,4792,532,202,330,62.03,4200,10820,9290,61.21,1240,816,240,143,136,104,2147,37.282,82.058,365,102,68.81,284,8448,13.16,20,1.61,9,10.5,470,554,72,1,3,422,9,34,32,33,17,3,17,14,6,13.18,49.63,226,1,8473,6,32,12.39,511,286,310,201,7,3674,491,240,251,51.12,2848,14050,53.8,12763,6836,3182,24.93,1182,654,528,44.67,3656,689,413,276,40.06,4273,5291,41.46,10781,5597,4290,33.61,592,1757,8653,7999,3876,1875,2446,6081,2756,1368,751,429,446,305,79,30,623,327,1121,497,3.05,4.73,4,1,11.23,41,30,298,26,8,1344,147,66,784,4.76,5,3,6,459,208,5.82,124,7,5.92,109,186,132,4,8,129,55,13,66.04,559,10,661,45,115791,52.54,22528,10.22,82078,37.24,1.74,27562,23723,16312,711,27.61,606,7,3,11.24,2.34,0.92,0.55,7,568.45,14887,14,4,48.21,1664,16.97,142,211,560,291,122,26,9.21,10,5,12
2025-26,serie-a::Football_Team::0ae9210dce6f4f9b9d50aeeb19b0d371,opta:Team:bqbbqm98ud8obe45ds9ohgyrd,Juventus,Juventus,JUV,,,,,,,,,,,,,,,,,,,,,,,,,,,,,,,,,,,,0,75.376,6356,1728,18122,87,0,49.96,42,6.34243,51.65174,17.25208,2.1349,39.33334,58.25,0.0,117.54913,5,18,26,5,9,0,204,0,24,24.17,0,50.87,0,461,366,38,71,61,34,5,13,7,16,35,2,10,1210,71,2424,1728,0,0,225,87,0,0,0,5,2,0,382,0,428,60,59.78,42,4349.31781,234.66991,1911.11444,638.32693,78.99139,1455.33346,12,7,64,21558,69,7,0,0,0,716,19,50,0,1115,558,557,15,,192,,66,,,204,,24.17,,2357,1158,1199,42,,,,38,42,,,61,34,26,6,52,7,1241,600,641,27,13,20,,,1210,445,,22,64,,,,2,2,,87,,,,5,2,1,8,11,57,,,1934,1,24,,35.94,190,,,225,1,,,178,403,,,1728,,9173,8949,597,59.78,,428,,,,485,461,366,2299,20623,2,626,382,,,,709,,240,,,,,,,50,16,5,18122,716,4316,420,60.61,32,23.7,5.95,142,10,1535,3522,3890,71,32,28.32,39,26.53,27.31,77.66,13,34.21,7448,107,57,23.75,50,20.92,22.34,2781,2834,3558,88.42,1668,1331,1870,86.88,85,89,25.21,89,23.06,24.09,476.89,48,24.49,92,10,2,4468,78,19,24.36,59,449,1,0,135,5,5,5.37,143,116,27,69,61,60,15,607,267,340,56.01,1577,13016,45.58,10406,9700,1204,494,710,4635,596,227,369,61.91,4034,10249,9515,58.97,1405,805,260,144,113,147,2179,39.379,75.376,288,88,64.47,246,8184,12.13,19,1.68,13,9.63,401,520,40,5,1,348,13,42,25,38,13,4,15,13,6,9.42,51.65,202,10,7967,13,22,11.71,479,300,240,239,5,3713,508,291,217,42.72,2891,13547,54.42,12423,7387,3044,24.5,1153,664,489,42.41,3549,645,373,272,42.17,3933,4733,38.1,10374,6077,4646,37.4,529,1753,8087,7545,4308,1704,2146,5604,3089,1494,739,444,353,386,56,31,606,366,1143,550,3.22,5.01,3,3,11.32,43,28,196,12,7,1402,108,88,999,5.05,3,6,5,408,229,5,147,10,5.92,106,218,153,4,12,163,47,11,62.67,614,23,702,23,79685,35.77,38497,17.28,104582,46.95,1.11,26564,22829,17087,693,24.61,641,4,6,16.92,1.61,0.89,0.53,11,542.71,15592,16,5,50.89,1618,16.47,104,244,567,273,134,35,10.07,1,6,0
2025-26,serie-a::Football_Team::fe6490f2b16e45be9956a1cd04aaf3a2,opta:Team:btcy9nra9ak4m22ovr2ia6m5v,Lazio,Lazio,LAZ,,,,,,,,,,,,,,,,,,,,,,,,,,,,,,,,,,,,0,45.13,6265,1501,17111,87,0,52.78,28,6.13632,49.57893,16.42654,2.19842,38.74447,53.0,0.0,113.97635,6,15,14,7,6,0,142,0,22,22.28,0,51.82,0,402,526,38,116,41,40,2,3,6,25,27,5,8,1204,69,2186,1501,0,0,150,87,0,0,0,5,9,0,497,0,385,54,54.38,28,4331.10142,233.18034,1883.99949,624.20848,83.53994,1472.28979,12,12,36,20108,54,15,0,0,0,708,14,75,0,900,425,475,12,,107,,87,,,142,,22.28,,1924,927,997,55,,,,38,28,,,41,40,36,4,34,5,1014,499,515,23,3,15,,,1204,269,,16,36,,,,2,0,,87,,,,5,4,3,12,10,50,,,1608,1,20,,36.41,141,,,150,8,,,76,285,,,1501,,7351,9760,590,54.38,,385,,,,644,402,526,2206,19502,9,412,497,,,,471,,230,,,,,,,75,15,2,17111,708,4407,212,55.94,30,24.79,3.55,203,8,2001,3990,3768,21,4,8.7,17,34,21.88,77.58,29,39.73,6437,55,32,18.82,23,15.86,17.46,2406,2275,2669,88.51,1213,835,1143,85.78,137,36,16.67,40,20.51,18.49,450.29,59,30.26,73,10,9,4557,39,5,12.82,34,275,1,1,121,1,6,3.74,158,122,36,21,38,49,12,507,198,309,60.95,2058,14094,54.01,11362,12295,1044,407,637,5204,533,209,324,60.79,3931,11197,12167,61.02,1228,949,96,173,46,50,2211,53.99,45.13,323,53,53.32,306,8076,10.58,13,0.95,17,13.84,592,428,56,5,3,507,15,43,40,73,2,9,12,19,10,9.47,50.79,319,6,6863,18,16,7.08,315,391,170,145,0,3721,393,227,166,42.24,2499,10635,45.99,9673,8414,2107,21.78,880,520,360,40.91,2872,481,290,191,39.71,2932,3870,40.01,8305,6858,3696,38.21,380,1278,5409,4978,4723,1099,1342,3721,3258,1255,411,564,216,195,35,36,395,476,617,706,3.41,2.93,5,1,7.76,73,43,195,7,13,1553,86,94,1001,2.82,3,3,6,252,319,3.71,188,9,3.95,159,160,178,6,7,105,38,8,55.34,606,15,659,1,49321,22.09,58704,26.3,115210,51.61,0.74,24729,21035,20709,379,15.95,767,5,3,13.55,1.08,1.05,0.39,11,513.21,19025,10,8,42.32,1765,10.84,59,154,373,199,111,21,10.49,1,0,1
2025-26,serie-a::Football_Team::ced7bf0df3a140dfa48138311122133b,opta:Team:bi1fxjrncd0ram0oi7ja1jyuo,Lecce,Lecce,LEC,,,,,,,,,,,,,,,,,,,,,,,,,,,,,,,,,,,,0,34.805,3966,1319,10076,77,0,47.56,21,6.27768,45.83705,15.4897,2.189,41.59255,44.5,0.0,112.24385,3,26,15,11,5,0,163,0,21,21.1,0,47.57,0,480,495,38,113,28,50,4,9,5,24,13,9,5,1347,54,2460,1319,0,0,95,77,0,0,0,2,2,0,479,0,516,56,55.72,21,4265.26614,238.55168,1741.80782,588.60876,83.18184,1580.51706,8,20,47,13779,38,15,0,0,0,926,10,69,0,1577,827,750,20,,117,,122,,,163,,21.1,,2773,1454,1319,57,,,,38,21,,,28,50,47,2,23,5,1192,627,565,23,9,7,,,1347,225,,6,47,,,,0,1,,77,,,,2,1,4,16,2,41,,,1861,0,13,,26.39,139,,,95,2,,,90,297,,,1319,,4755,5321,355,55.72,,516,,,,943,480,495,2547,13054,2,360,479,,,,572,,227,,,,,,,69,10,4,10076,926,2397,153,42.74,44,32.35,4.03,199,5,1007,2355,1958,27,18,18.37,9,17.31,18,61.65,19,22.62,3707,63,33,18.97,30,17.14,18.05,1390,1611,1749,81.07,774,711,809,80.38,113,51,18.75,39,17.18,18.04,265.16,63,27.88,36,8,19,2549,34,4,11.76,30,230,2,2,136,6,6,4.29,203,170,33,27,59,75,9,716,305,411,57.4,1050,10725,49.9,7317,11487,1267,518,749,4077,548,213,335,61.13,2060,7189,11269,59.12,1384,1020,150,206,98,52,1996,65.893,34.805,410,192,43.8,517,6433,12.63,15,1.24,20,13.03,606,515,54,6,4,502,10,46,31,84,6,12,19,18,9,7.78,47.4,395,4,4065,17,16,5.92,349,375,174,175,9,3713,861,522,339,39.37,1499,8613,50.1,7347,8965,1502,20.44,1506,936,570,37.85,2356,644,414,230,35.71,2005,2696,36.7,5865,7252,3149,42.86,477,853,4768,4239,5261,1016,986,2859,3669,1527,499,581,272,227,25,44,338,463,505,808,3.95,3.44,6,1,9.1,90,23,226,11,15,1740,107,112,720,3.08,2,5,4,208,352,3.66,168,11,2.5,164,152,127,6,4,64,18,6,56.68,607,11,799,6,45229,20.3,64650,29.02,112900,50.68,0.55,19338,14664,20452,358,19.08,837,3,5,13.79,0.74,1.32,0.18,14,343.53,18521,4,9,48.97,1988,9.47,70,89,332,200,71,18,17.37,2,3,1
2025-26,serie-a::Football_Team::d0867ddf777c41789ca282b8276002b0,opta:Team:9dntj5dioj5ex52yrgwzxrq9l,Milan,Milan,MIL,,,,,,,,,,,,,,,,,,,,,,,,,,,,,,,,,,,,0,67.6,6124,1697,17009,88,0,52.84,37,5.8649,48.66908,15.15919,2.17621,39.86117,55.5,0.0,112.61507,5,14,28,3,11,0,162,0,27,27.46,0,50.98,0,382,426,38,103,53,35,2,7,5,21,25,5,9,1248,72,2348,1697,0,0,163,88,0,0,0,9,3,0,430,0,442,56,56.09,37,4279.37285,222.86615,1849.42502,576.04911,82.69613,1514.72452,10,8,71,20018,70,7,0,0,79,788,20,60,0,950,448,502,8,,139,,73,,,162,,27.46,,1993,977,1016,30,,,,38,37,,,53,35,33,1,43,10,1043,529,514,24,7,16,,,1248,375,,20,71,,,,0,1,,88,,,,9,7,5,13,14,52,,,1645,2,25,,32.67,181,,,163,1,,,141,375,,,1697,,7871,9138,386,56.09,,442,,,,605,382,426,2180,19275,3,499,430,,,,539,,220,,,,,,,60,15,2,17009,788,4009,332,61.03,46,37.4,5.37,181,10,1615,3759,3764,53,20,19.8,33,30.56,25.36,78.47,16,23.53,6875,88,55,30.22,33,20.89,25.88,2394,2365,3111,88.38,1348,1038,1606,86.65,125,75,26.5,66,24.81,25.68,447.61,63,32.47,95,13,15,4129,76,15,19.74,61,380,3,0,123,6,6,4.26,163,136,27,39,67,49,12,473,194,279,58.99,1651,13272,50,10556,9562,963,398,565,4812,490,204,286,58.37,3901,10369,9413,58.67,1221,829,209,227,101,108,2238,49.437,67.6,346,82,52.05,283,7804,10.05,11,1.87,10,11.21,481,437,53,2,2,405,8,29,25,68,11,7,13,14,6,10.62,49.28,307,9,7333,14,22,9.87,340,416,182,158,2,3731,477,254,223,46.75,2478,11628,50,10557,9911,2470,23.4,1030,579,451,43.79,2992,553,325,228,41.23,3432,4256,40.31,8906,8294,3831,36.29,424,1415,6716,6159,5766,1352,1838,4608,4245,1351,549,643,283,266,45,29,482,414,860,638,3.28,4.07,8,2,8.45,69,34,194,16,13,1412,105,82,723,3.66,2,3,6,347,270,4.76,161,6,4.29,138,152,160,3,9,107,53,7,63.03,555,16,637,3,66401,29.67,42823,19.13,114601,51.2,0.97,24900,21113,19473,544,19.55,854,4,5,15.66,1.39,0.92,0.42,11,507.24,17707,12,6,43.29,1623,13.13,95,180,446,222,112,26,10.33,0,1,0
2025-26,serie-a::Football_Team::f791dab8f0e4449e9884dd8dbd42dbcc,opta:Team:gi0l1habji5hpgar77dl5jqe,Napoli,Napoli,NAP,,,,,,,,,,,,,,,,,,,,,,,,,,,,,,,,,,,,0,60.303,6927,1640,19432,88,0,52.03,38,6.31592,51.8637,18.06582,2.22741,39.35823,59.5,0.0,118.59756,3,18,25,6,10,0,207,0,23,22.73,0,50.97,0,425,434,38,77,58,36,4,10,4,18,33,2,13,976,69,2392,1640,0,0,172,88,0,0,0,5,2,0,379,0,375,53,52.97,38,4506.7074,240.00508,1970.8207,686.50132,84.6416,1495.61286,7,8,56,22729,76,9,0,0,0,708,23,47,0,1061,509,552,13,,144,,121,,,207,,22.73,,2156,1057,1099,37,,,,38,38,,,58,36,34,2,49,8,1092,547,545,25,10,16,,,976,346,,18,56,,,,1,0,,88,,,,5,4,7,3,13,58,,,1875,1,29,,35.03,161,,,172,1,,,124,292,,,1640,,8642,10790,521,52.97,,375,,,,611,425,434,2320,21959,2,491,379,,,,595,,240,,,,,,,47,15,4,19432,708,4769,316,58.2,42,29.79,4.61,146,3,2067,4234,4489,25,12,23.08,13,13.98,17.24,78.32,8,28.57,7734,99,47,22.17,52,22.03,22.1,2702,2693,3245,88.74,1535,1197,1500,86.28,91,59,22.35,65,19.76,20.91,511.37,51,28.81,35,30,10,4919,57,8,14.04,49,349,3,2,141,8,5,5.45,107,92,15,66,71,38,9,592,238,354,59.8,2115,14802,51.96,12341,8890,1136,453,683,5479,544,215,329,60.48,4623,12220,8728,60.12,1376,926,145,163,52,93,2201,41.284,60.303,333,49,61.39,287,8844,11.18,17,1.47,34,11.42,487,467,64,2,1,446,8,24,31,28,7,5,13,18,6,11.61,49.91,310,6,8188,14,21,9.11,448,232,212,236,4,3719,469,271,198,42.22,2804,12447,48.04,11411,7711,2642,23.15,1020,604,416,40.78,3365,548,332,216,39.42,3565,4184,36.67,9739,6507,4585,40.18,499,1616,7009,6508,4210,1537,1749,4906,3085,1392,593,395,264,329,52,29,473,361,807,481,2.9,3.4,10,1,11.29,44,33,177,16,13,1549,100,79,921,3.79,3,2,5,320,214,4.24,158,7,4.53,115,171,165,5,8,114,39,4,54.89,654,39,703,8,92058,41.26,44833,20.09,86232,38.65,1,27249,23752,16601,543,20.26,585,3,3,14,1.53,0.95,0.42,9,577.87,15235,13,6,49.34,1744,12.92,75,172,434,242,73,24,9.77,2,5,1
2025-26,serie-a::Football_Team::3294993c79b14d918ccdc78da0fb90c5,opta:Team:5aosfavi55p40c65lkriqnqnl,Parma,Parma,PAR,,,,,,,,,,,,,,,,,,,,,,,,,,,,,,,,,,,,0,36.603,4274,1310,11863,81,0,49.24,18,5.501,48.0168,14.41547,1.90637,40.86477,44.25,0.0,111.64008,6,21,12,7,6,0,145,0,24,24.12,0,48.78,0,415,486,38,115,28,46,2,9,6,25,16,8,5,1228,58,2262,1310,0,0,105,81,0,0,0,2,5,0,519,0,410,60,60.38,18,4242.32314,209.03787,1824.63834,547.78774,72.44212,1552.86139,12,15,49,15350,45,13,0,0,0,679,11,59,0,1316,668,648,14,,138,,125,,,145,,24.12,,2532,1297,1235,34,,,,38,18,,,28,46,36,9,23,3,1214,628,586,28,9,10,,,1228,251,,7,49,,,,2,1,,81,,,,2,2,5,10,7,43,,,1625,4,10,,26.25,144,,,105,1,,,95,244,,,1310,,4756,7107,322,60.38,,410,,,,755,415,486,2304,14579,5,400,519,,,,585,,159,,,,,,,59,13,2,11863,679,2720,169,40.72,38,28.15,4.89,235,1,1267,2799,3040,36,23,21.5,13,17.33,19.78,66.7,39,37.5,4868,59,32,17.68,27,22.13,19.47,1453,1475,1828,81.24,737,625,815,77.97,178,55,19.1,40,20.3,19.59,312.18,91,31.82,52,9,18,2848,39,4,10.26,35,253,1,1,135,3,7,3.82,189,164,25,9,46,62,2,630,279,351,55.71,1305,11894,55,8884,8881,1217,518,699,4253,586,239,347,59.22,3166,8725,8745,57.44,1240,968,182,302,107,75,2075,61.729,36.603,269,233,33.69,394,6408,10.92,16,1.29,24,12.79,581,452,54,9,1,463,15,60,35,104,4,4,15,25,5,6.5,48.27,346,0,5320,19,13,6.61,303,464,181,122,2,3739,686,389,297,43.29,1543,8317,45,7270,11801,1767,24.31,1315,779,536,40.76,2155,628,389,239,38.06,2154,2709,37.26,5854,9885,2794,38.43,385,801,4613,4085,7334,930,1060,2792,5496,1336,485,766,288,197,24,40,383,498,493,893,4.32,3.05,6,0,7.86,81,34,286,9,13,1528,108,103,702,3.63,7,5,3,220,335,3.79,178,16,2.76,162,180,184,11,3,76,22,5,60.55,449,9,682,47,31824,14.19,55484,24.73,137013,61.08,0.47,20211,16154,20682,415,20.29,1001,7,7,10.61,0.74,1.21,0.26,19,383.66,18630,3,12,42.76,1831,10.53,70,188,374,142,75,8,14.26,1,0,1
2025-26,serie-a::Football_Team::546afa43cf08486d9234df9e846c1f1e,opta:Team:bfztlrr6176xsdt2bmp0u1d2d,Pisa,Pisa,PIS,,,,,,,,,,,,,,,,,,,,,,,,,,,,,,,,,,,,0,43.781,4039,1201,10347,78,0,53.78,13,6.17131,47.69866,16.01624,2.20609,41.81938,38.25,0.0,114.7162,8,45,17,11,0,0,134,0,26,25.99,0,52.82,0,500,417,38,104,26,71,2,5,4,26,9,13,2,1309,53,2274,1201,0,0,105,78,0,0,0,7,5,0,535,0,535,60,59.58,13,4244.49937,228.33846,1764.85027,592.60103,81.62518,1547.31699,12,24,62,13998,18,14,0,0,0,898,2,76,0,1480,684,796,2,,93,,96,,,134,,25.99,,2692,1270,1422,47,,,,38,13,,,26,71,60,10,23,2,1209,584,625,21,5,10,,,1309,228,,6,62,,,,1,1,,78,,,,7,6,5,21,5,40,,,1732,1,14,,30.09,140,,,105,4,,,127,220,,,1201,,3708,6639,327,59.58,,535,,,,795,500,417,2431,13186,5,349,535,,,,601,,191,,,,,,,76,5,2,10347,898,2464,180,43.17,36,32.73,5.55,205,3,1316,2738,2583,65,39,31.71,26,24.76,28.51,63.32,25,29.07,3842,62,33,21.85,29,17.58,19.62,1148,1301,1259,77.12,543,511,570,73.89,140,72,26.28,55,20.37,23.35,272.29,84,31.34,55,3,10,2569,42,7,16.67,35,231,1,0,110,3,7,3.53,183,149,34,24,43,77,8,619,248,371,59.94,1355,11796,57.77,8527,10408,1265,502,763,4333,643,252,391,60.81,2687,8378,10280,60.32,1345,1018,228,220,123,105,2029,64.319,43.781,363,198,32.64,437,6379,13.16,18,1.63,21,10.97,476,552,59,11,2,388,15,25,33,86,4,9,26,35,12,7.16,51.7,332,10,4234,24,10,6,316,432,151,165,3,3688,861,436,425,49.36,1214,7528,42.23,6232,11518,1514,24.29,1427,768,659,46.18,2046,566,332,234,41.34,1547,2234,35.85,4808,9640,2484,39.86,387,587,4113,3495,6314,834,777,2198,4536,1412,544,652,274,270,19,64,340,514,572,908,4.14,3.88,6,1,7.9,65,39,268,12,15,1416,74,116,649,2.45,3,5,3,259,357,3.68,196,14,2.76,176,90,178,9,5,78,28,5,53.53,456,6,654,72,16863,7.62,78505,35.48,125870,56.9,0.34,19324,14759,21926,417,21.37,879,4,5,10.82,0.68,1.87,0.26,16,347,19920,6,11,45.58,1693,9.18,97,73,324,179,93,7,16.47,0,0,0
2025-26,serie-a::Football_Team::8ddc09c1aa73448da2dff953edd95d82,opta:Team:2tk2l9sgktwc9jhzqdd4mpdtb,Roma,Roma,ROM,,,,,,,,,,,,,,,,,,,,,,,,,,,,,,,,,,,,0,60.693,6174,1547,16709,85,0,51.84,41,6.54452,46.41389,16.20222,2.17948,40.92923,59.75,0.0,113.07731,1,21,26,8,10,0,195,0,23,23.05,0,51.33,0,523,510,38,100,59,31,0,12,3,10,33,3,13,1273,64,2425,1547,0,0,177,85,0,0,0,7,3,0,365,0,449,54,54.23,41,4296.93773,248.69169,1763.72796,615.68437,82.82028,1555.31058,4,11,64,20358,73,8,0,0,0,828,23,66,0,1383,666,717,19,,133,,121,,,195,,23.05,,2782,1354,1428,52,,,,38,41,,,59,31,25,6,55,4,1389,681,708,19,12,11,,,1273,342,,15,64,,,,0,0,,85,,,,7,5,1,7,8,55,,,1972,1,32,,36.34,166,,,177,2,,,111,267,,,1547,,7935,8774,574,54.23,,449,,,,768,523,510,2515,19538,3,487,365,,,,631,,248,,,,,,,66,18,0,16709,828,3864,343,58.63,54,33.13,4.97,122,4,1573,3461,3739,42,13,18.06,29,29,24.42,73.68,20,27.4,6664,69,31,18.56,38,16.45,17.34,2291,2713,2925,85.9,1365,1315,1499,84.5,68,44,18.41,67,20.24,19.47,439.71,78,31.2,71,13,17,4019,59,16,27.12,43,344,15,5,163,11,6,5.13,136,100,36,32,88,44,10,694,265,429,61.82,1620,13454,48.82,10427,10033,1373,527,846,4831,673,259,414,61.52,3847,10300,9867,61.62,1423,935,172,130,72,100,2081,40.417,60.693,379,99,64.7,405,8380,13.76,28,1.68,31,13.42,580,581,72,4,4,488,11,40,42,73,8,3,7,21,2,12.11,50.97,346,4,7128,13,25,9,398,261,167,231,3,3714,689,401,288,41.8,2399,12297,51.18,10933,6814,2343,21.43,1409,827,582,41.31,3549,716,422,294,41.06,3281,4018,36.75,9238,5519,4572,41.82,549,1440,7131,6521,3876,1742,1763,4947,2699,1580,570,391,239,331,54,29,461,353,894,545,3.23,4.19,1,2,11.71,59,41,250,16,12,1575,135,87,1001,3.5,3,6,5,361,221,4.37,125,13,4.66,133,126,144,7,4,116,37,9,51.84,656,20,755,14,92394,41.47,38677,17.36,91736,41.17,1.08,25751,21360,16847,585,21.58,595,5,6,13.55,1.55,0.82,0.29,15,514.16,15386,6,9,51.89,1851,12.82,98,161,428,228,106,23,11.77,7,3,12
2025-26,serie-a::Football_Team::b70390ba4e3c4bc2947a37617d53e8a3,opta:Team:6tuibxq39fdryu8ou06wcm0q3,Sassuolo,Sassuolo,SAS,,,,,,,,,,,,,,,,,,,,,,,,,,,,,,,,,,,,0,46.077,5000,1230,13605,84,0,45.86,35,5.69492,46.59462,14.45943,2.04692,42.33723,44.0,0.0,111.93589,5,24,21,9,5,0,143,0,26,25.69,0,48.13,0,454,469,38,131,46,50,2,5,2,26,25,8,9,1296,56,2190,1230,0,0,140,84,0,0,0,4,4,0,535,0,383,54,54.25,35,4253.56364,216.40708,1770.59545,549.45831,77.78296,1608.8148,7,17,65,16717,49,13,0,0,0,706,14,82,0,1088,589,499,18,,101,,197,,,143,,25.69,,2142,1111,1031,60,,,,38,35,,,46,50,43,5,40,5,1051,520,531,29,5,11,,,1296,265,,20,65,,,,1,2,,84,,,,4,2,5,7,13,46,,,1695,1,20,,35.44,144,,,140,3,,,86,279,,,1230,,5562,8043,515,54.25,,383,,,,735,454,469,2343,16172,4,395,535,,,,405,,207,,,,,,,82,8,2,13605,706,3329,271,52.83,36,33.33,3.68,212,2,1565,3214,3263,26,12,23.08,14,27.45,25.24,71.44,17,32.08,5275,60,36,22.78,24,20.87,21.98,1764,1786,2012,84.71,906,803,965,82.63,145,48,22.86,38,22.89,22.87,358.03,54,31.95,75,19,13,3483,39,4,10.26,35,276,0,0,108,8,5,3.76,186,154,32,35,41,43,4,511,227,284,55.58,1621,12766,55.55,9776,9713,1042,430,612,4590,529,202,327,61.81,3393,9606,9601,58.73,1393,1007,103,182,52,51,2126,57.106,46.077,323,87,42.04,388,6999,11.95,20,1.71,22,12.34,530,506,63,8,2,459,16,37,36,53,7,13,14,21,13,11.39,50.52,322,6,5686,22,14,6.97,273,486,158,115,3,3727,577,362,215,37.26,1862,8739,44.45,7824,10698,1797,22.97,1100,681,419,38.09,2409,522,318,204,39.08,2293,3414,43.63,6566,8947,2613,33.4,302,975,4835,4397,6132,1086,1173,3236,4461,1334,376,668,210,166,43,42,373,512,618,848,4.15,3.51,5,2,8.3,87,44,169,12,13,1474,82,85,873,2.66,3,5,1,259,343,3.79,208,6,3.68,185,136,192,1,6,93,36,5,57.41,497,26,584,8,52133,23.32,71214,31.85,100220,44.83,0.92,21506,17600,20411,513,14.34,902,3,6,12.79,1.21,1.32,0.29,10,425.58,18548,8,4,44.61,1665,10.39,56,135,350,204,121,18,13.31,0,0,0
2025-26,serie-a::Football_Team::a55dcc2058e94976b572262fc564a74c,opta:Team:7gnly6999wao1xarwct4p8fe9,Torino,Torino,TOR,,,,,,,,,,,,,,,,,,,,,,,,,,,,,,,,,,,,0,46.946,4453,1316,12343,81,0,50.49,27,6.46086,47.24559,16.79457,2.14946,40.4736,38.25,0.0,113.98784,5,34,17,10,4,0,146,0,24,23.98,0,51.31,0,532,378,38,103,44,63,1,10,4,29,27,7,8,1235,57,2299,1316,0,0,148,81,0,0,0,7,1,0,509,0,457,57,56.77,27,4331.53808,245.51286,1795.3325,638.19356,81.67958,1537.99693,9,17,63,15838,45,14,0,0,0,805,12,72,0,1428,707,721,9,,130,,133,,,146,,23.98,,2779,1353,1426,48,,,,38,27,,,44,63,53,10,37,5,1351,646,705,30,10,6,,,1235,288,,7,63,,,,2,0,,81,,,,7,5,4,13,11,44,,,1721,0,25,,33.79,151,,,148,1,,,125,220,,,1316,,5029,7314,377,56.77,,457,,,,864,532,378,2298,15054,1,438,509,,,,596,,166,,,,,,,72,12,1,12343,805,3001,208,47.27,44,35.77,4.95,193,3,1444,2878,2992,51,23,26.14,28,20.74,22.87,67.32,11,20.37,4889,74,40,22.6,34,18.78,20.67,1557,1575,1897,82.73,796,691,886,81.86,114,63,23.77,62,19.62,21.51,324.82,63,31.03,85,9,15,3134,43,11,25.58,32,292,3,0,123,7,9,3.84,177,132,45,23,50,62,3,699,294,405,57.94,1476,12394,54.66,9107,10850,1442,592,850,4380,743,298,445,59.89,3116,8975,10705,58.95,1327,982,223,223,88,135,2108,59.288,46.946,348,100,41.31,481,6615,14,24,1.66,18,9.95,432,574,61,11,0,369,17,24,39,54,9,11,24,28,12,9.59,52.18,362,3,5301,19,15,7.58,358,367,177,181,3,3703,729,413,316,43.35,1658,8760,45.34,7555,10360,1856,24.57,1337,761,576,43.08,2235,608,348,260,42.76,2185,2822,37.35,6079,8679,2877,38.08,394,864,4830,4285,5693,954,1081,2899,4118,1314,581,590,265,316,37,59,422,488,602,765,3.61,3.61,4,2,8.11,66,37,203,13,13,1418,81,105,729,3.42,4,2,6,273,328,3.97,178,5,3.89,168,165,181,3,1,106,23,9,56.99,533,13,634,26,45248,20.37,77977,35.1,98945,44.53,0.71,21154,16662,21210,440,20.63,813,4,2,10.16,1.16,1.66,0.16,5,396.16,19384,2,3,45.29,1637,11.53,88,145,396,205,110,15,13.79,1,0,6
2025-26,serie-a::Football_Team::630b1e3631db42498d1b7bc94595c5e0,opta:Team:dxq76zcvnokq07cszdx0i6kve,Udinese,Udinese,UDI,,,,,,,,,,,,,,,,,,,,,,,,,,,,,,,,,,,,0,45.942,4433,1281,12272,82,0,52.68,29,6.29788,46.30402,15.8848,2.15816,39.55815,46.0,0.0,111.08267,3,27,27,8,8,0,172,0,22,22.03,0,52.24,0,516,414,38,92,45,48,2,9,5,21,18,8,6,1323,59,2188,1281,0,0,145,82,0,0,0,5,2,0,490,0,419,57,56.7,29,4221.14139,239.3196,1759.55272,603.62256,82.01016,1503.20985,8,16,54,15574,50,8,0,0,59,739,14,71,0,1289,610,679,17,,125,,95,,,172,,22.03,,2592,1238,1354,44,,,,38,29,,,45,48,40,7,40,4,1303,628,675,34,9,12,,,1323,264,,16,54,,,,1,1,,82,,,,5,5,6,11,8,45,,,1702,0,19,,33.11,159,,,145,2,,,84,356,,,1281,,5091,7181,406,56.7,,419,,,,793,516,414,2320,14884,2,438,490,,,,538,,199,,,,,,,71,11,2,12272,739,2979,222,49.12,49,34.75,4,184,6,1414,2800,2966,35,15,20.27,20,23.81,22.15,67.91,13,25,4859,49,25,13.66,24,19.2,15.91,1565,1633,1893,82.92,796,719,863,81.02,119,40,15.56,44,21.05,18.03,322.95,68,30.36,40,10,16,3089,42,14,33.33,28,272,0,0,141,7,4,4.53,182,147,35,31,49,60,10,650,252,398,61.23,1446,12094,53.86,8924,10439,1280,489,791,4204,630,237,393,62.38,3089,8744,10288,61.8,1269,943,158,220,74,84,2084,57.669,45.942,320,149,43.71,410,6528,13.58,16,1.42,18,10.89,508,561,56,9,4,439,17,34,32,52,7,8,15,24,6,10.05,51.8,358,1,5262,20,18,6.95,308,367,183,125,5,3718,639,358,281,43.97,1643,8832,46.14,7644,9185,1868,24.44,1312,749,563,42.91,2324,673,391,282,41.9,2173,3156,41.29,6140,7587,2620,34.28,433,846,4840,4316,5283,1026,1063,2935,3779,1377,466,587,257,209,38,39,416,466,656,734,3.74,3.96,7,0,8.67,60,32,224,14,14,1479,88,99,772,3.29,4,7,3,268,313,4.18,177,16,3.82,144,170,177,9,2,100,40,3,64.14,500,20,649,31,58971,26.44,64622,28.97,99448,44.59,0.76,20926,16568,19624,452,18.16,817,7,10,14.61,1.18,1.26,0.32,21,391.68,17875,5,11,44.79,1725,11.53,69,164,394,204,73,10,14,0,0,0
2025-26,serie-a::Football_Team::be24fc024dd946ebbeb957ee6e796a2a,opta:Team:ap6blbxhq9elm62vw6tutzlwg,Verona,Hellas Verona,VER,,,,,,,,,,,,,,,,,,,,,,,,,,,,,,,,,,,,0,40.1,4011,1078,10194,76,0,47.61,15,6.0635,47.03168,15.49478,2.22502,39.85684,36.25,0.0,111.50164,7,33,13,10,2,0,150,0,24,23.56,0,48.09,0,598,340,38,91,25,61,1,1,5,28,12,13,1,1419,47,2276,1078,0,0,138,76,0,0,0,3,5,0,504,0,546,57,57.29,15,4237.06219,230.41282,1787.20369,588.80165,84.55059,1514.56,12,23,64,14055,21,9,0,0,0,953,3,83,0,1653,866,787,11,,123,,117,,,150,,23.56,,2986,1550,1436,84,,,,38,15,,,25,61,48,9,19,5,1332,683,649,27,1,9,,,1419,269,,9,64,,,,1,4,,76,,,,3,3,2,12,6,40,,,1904,3,13,,33.17,144,,,138,2,,,93,235,,,1078,,4489,5705,380,57.29,,546,,,,881,598,340,2514,13325,5,416,504,,,,558,,210,,,,,,,83,6,1,10194,953,2511,182,44.5,39,28.06,4.53,165,4,1153,2507,2043,34,15,15.46,19,20.21,17.8,61.01,18,35.29,3669,59,28,25.69,31,18.67,21.45,1358,1504,1626,78.66,702,641,734,77.77,90,43,20.87,50,19.23,19.96,268.26,79,29.92,68,7,12,2653,42,4,9.52,38,270,0,0,139,2,6,3.95,189,157,32,11,41,73,7,701,276,425,60.63,1194,11317,52.06,7767,11191,1352,524,828,4258,651,248,403,61.9,2161,7618,11049,61.24,1481,972,191,218,97,94,2066,48.645,40.1,407,199,39.5,432,6574,15.74,23,1.68,23,8.95,403,648,83,13,6,341,26,31,66,51,2,12,19,26,9,5.77,48.72,423,1,4091,25,7,7.08,275,343,109,166,2,3715,952,590,362,38.03,1459,8461,47.94,7153,10737,1678,23.46,1634,1026,608,37.21,2316,681,435,246,36.12,1930,2398,33.52,5707,8987,3077,43.02,423,762,4560,4007,5734,963,946,2672,4093,1541,466,561,206,260,21,54,402,472,528,735,3.35,3.54,5,0,8.68,52,39,264,7,15,1338,75,144,773,3.24,5,7,4,234,294,3.79,170,11,3.63,159,182,210,4,3,112,31,2,52.81,469,10,668,74,20744,9.31,76788,34.45,125351,56.24,0.39,19778,14920,21928,409,19.21,826,5,9,11.71,0.66,1.61,0.24,15,350.66,20036,4,6,50.11,1616,10.95,62,149,392,204,115,15,16.85,0,2,0
