stagione,squadra,nome_fantacalcio,player_understat,player_id_understat,n_partite_confermate
2015-16,Empoli,Mario Rui,Mário Rui,1792,36
2015-16,Empoli,Zambelli,Marco Zambelli,1323,19
2015-16,Empoli,Signorelli,Franco Signorelli,1607,1
2015-16,Empoli,Saponara,Riccardo Saponara,1313,33
2015-16,Empoli,Barba,Federico Barba,1320,10
2015-16,Empoli,Skorupski,Lukasz Skorupski,1305,31
2015-16,Empoli,Diousse',Assane Diousse,1326,15
2015-16,Empoli,Zielinski,Piotr Zielinski,1386,35
2015-16,Empoli,Pucciarelli,Manuel Pucciarelli,1318,38
2015-16,Empoli,Mchedlidze,Levan Mchedlidze,1319,13
2015-16,Empoli,Croce,Daniele Croce,1312,28
2015-16,Empoli,Maccarone,Massimo Maccarone,1315,37
2015-16,Chievo,Hetemaj,Perparim Hetemaj,1334,28
2015-16,Chievo,Castro,Lucas Castro,1333,34
2015-16,Chievo,Radovanovic,Ivan Radovanovic,1341,26
2015-16,Chievo,Cacciatore,Fabrizio Cacciatore,1329,29
2015-16,Chievo,Meggiorini,Riccardo Meggiorini,1337,26
2015-16,Chievo,Cesar,Bostjan Cesar,1572,31
2015-16,Chievo,Gobbi,Massimo Gobbi,1332,34
2015-16,Chievo,Paloschi,Alberto Paloschi,716,21
2015-16,Chievo,Bizzarri,Albano Bizzarri,1160,35
2015-16,Chievo,Gamberini,Alessandro Gamberini,1330,22
2015-16,Chievo,Frey,Nicolas Frey,1344,19
2015-16,Chievo,Birsa,Valter Birsa,1336,35
2015-16,Chievo,Rigoni N,Nicola Rigoni,1335,28
2015-16,Fiorentina,Marcos Alonso,Marcos Alonso,1621,31
2015-16,Fiorentina,Gilberto,Gilberto,1967,5
2015-16,Fiorentina,Borja Valero,Borja Valero,1422,37
2015-16,Fiorentina,Astori,Davide Astori,1419,33
2015-16,Fiorentina,Bernardeschi,Federico Bernardeschi,1424,33
2015-16,Fiorentina,Tomovic,Nenad Tomovic,1435,24
2015-16,Fiorentina,Tatarusanu,Ciprian Tatarusanu,1416,37
2015-16,Fiorentina,Roncaglia,Facundo Roncaglia,1884,30
2015-16,Fiorentina,Ilicic,Josip Ilicic,1426,30
2015-16,Fiorentina,Kalinic,Nikola Kalinic,1425,36
2015-16,Fiorentina,Badelj,Milan Badelj,1430,27
2015-16,Fiorentina,Suarez M,Mario Suárez,576,9
2015-16,Fiorentina,Rodriguez Go,Gonzalo Rodríguez,1418,35
2015-16,Fiorentina,Fernandez M,Matías Fernández,1622,22
2015-16,AC Milan,Diego Lopez,Diego López,1618,8
2015-16,AC Milan,Luiz Adriano,Luiz Adriano,1127,26
2015-16,AC Milan,Rodrigo Ely,Rodrigo Ely,1131,3
2015-16,AC Milan,Cerci,Alessio Cerci,2006,13
2015-16,AC Milan,Bertolacci,Andrea Bertolacci,1641,27
2015-16,AC Milan,Nocerino,Antonio Nocerino,2048,2
2015-16,AC Milan,Honda,Keisuke Honda,1124,30
2015-16,AC Milan,Bonaventura,Giacomo Bonaventura,1121,33
2015-16,AC Milan,Romagnoli,Alessio Romagnoli,1119,34
2015-16,AC Milan,Bacca,Carlos Bacca,1125,38
2015-16,AC Milan,Antonelli,Luca Antonelli,1590,28
2015-16,AC Milan,Zapata C.,Cristian Zapata,1133,16
2015-16,AC Milan,De Jong,Nigel de Jong,1948,5
2015-16,AC Milan,De Sciglio,Mattia De Sciglio,1120,22
2015-16,Frosinone,Gori,Mirko Gori,1864,28
2015-16,Frosinone,Verde,Daniele Verde,2044,6
2015-16,Frosinone,Rosi,Aleandro Rosi,1352,27
2015-16,Frosinone,Gucher,Robert Gucher,1869,24
2015-16,Frosinone,Soddimo,Danilo Soddimo,1871,28
2015-16,Frosinone,Leali,Nicola Leali,1873,33
2015-16,Frosinone,Carlini,Massimiliano Carlini,1870,14
2015-16,Frosinone,Longo,Samuele Longo,1874,18
2015-16,Frosinone,Diakite',Modibo Diakité,1807,18
2015-16,Frosinone,Crivello,Roberto Crivello,1862,17
2015-16,Frosinone,Paganini,Luca Paganini,1963,27
2015-16,Frosinone,Russo Ad.,Adriano Russo,1861,10
2015-16,Frosinone,Ciofani M,Matteo Ciofani,1859,18
2015-16,Frosinone,Dionisi F.,Federico Dionisi,1867,32
2015-16,Torino,Bruno Peres,Bruno Peres,1567,31
2015-16,Torino,Maxi Lopez,Maxi López,1188,26
2015-16,Torino,Baselli,Daniele Baselli,1182,34
2015-16,Torino,Gazzi,Alessandro Gazzi,1269,14
2015-16,Torino,Maksimovic,Nikola Maksimovic,1377,15
2015-16,Torino,Vives,Giuseppe Vives,1194,33
2015-16,Torino,Avelar,Danilo Avelar,1933,6
2015-16,Torino,Acquah,Afriyie Acquah,1192,28
2015-16,Torino,Martinez,Josef Martínez,1198,21
2015-16,Torino,Glik,Kamil Glik,1800,32
2015-16,Torino,Moretti,Emiliano Moretti,1196,34
2015-16,Torino,Quagliarella,Fabio Quagliarella,1230,16
2015-16,Torino,Padelli,Daniele Padelli,1195,35
2015-16,Torino,Benassi,Marco Benassi,1183,31
2015-16,Verona,Juanito Gomez,Juanito Gómez,1851,33
2015-16,Verona,Rafael,Rafael,1410,12
2015-16,Verona,Romulo,Rômulo,1849,9
2015-16,Verona,Siligardi,Luca Siligardi,1846,28
2015-16,Verona,Pazzini,Giampaolo Pazzini,1847,30
2015-16,Verona,Marquez,Rafael Márquez,2034,9
2015-16,Verona,Hallfredsson,Emil Hallfredsson,1151,16
2015-16,Verona,Greco,Leandro Greco,1996,26
2015-16,Verona,Moras,Vangelis Moras,1853,31
2015-16,Verona,Toni,Luca Toni,1955,23
2015-16,Verona,Souprayen,Samuel Souprayen,1954,20
2015-16,Verona,Sala,Jacopo Sala,1221,18
2015-16,Verona,Pisano E,Eros Pisano,1842,34
2015-16,Roma,Gervinho,Gervinho,1943,14
2015-16,Roma,Iago Falque,Iago Falque,1185,22
2015-16,Roma,Florenzi,Alessandro Florenzi,1254,33
2015-16,Roma,Castan,Leandro Castán,1179,5
2015-16,Roma,Nainggolan,Radja Nainggolan,1251,35
2015-16,Roma,Ibarbo,Víctor Ibarbo,947,2
2015-16,Roma,Torosidis,Vasilis Torosidis,1438,11
2015-16,Roma,Pjanic,Miralem Pjanic,1290,33
2015-16,Roma,Szczesny,Wojciech Szczesny,1244,34
2015-16,Roma,Salah,Mohamed Salah,1250,34
2015-16,Roma,Dzeko,Edin Dzeko,1253,31
2015-16,Roma,Manolas,Kostas Manolas,1246,37
2015-16,Roma,Keita S,Seydou Keita,2011,20
2015-16,Roma,De Rossi,Daniele De Rossi,1249,24
2015-16,Inter,Hernanes,Hernanes,1291,2
2015-16,Inter,Juan Jesus,Juan Jesus,1247,19
2015-16,Inter,Miranda,Miranda,1507,32
2015-16,Inter,Handanovic,Samir Handanovic,1505,36
2015-16,Inter,Manaj,Rey Manaj,1570,4
2015-16,Inter,Santon,Davide Santon,1509,12
2015-16,Inter,Gnoukouri,Assane Demoya Gnoukouri,1525,2
2015-16,Inter,Murillo,Jeison Murillo,1508,34
2015-16,Inter,Brozovic,Marcelo Brozovic,1511,32
2015-16,Inter,Icardi,Mauro Icardi,1513,33
2015-16,Inter,Medel,Gary Medel,1510,30
2015-16,Inter,Jovetic,Stevan Jovetic,1524,26
2015-16,Inter,Kondogbia,Geoffrey Kondogbia,1516,26
2015-16,Inter,Palacio,Rodrigo Palacio,1518,27
2015-16,Atalanta,Pinilla,Mauricio Pinilla,1494,20
2015-16,Atalanta,Migliaccio,Giulio Migliaccio,1503,17
2015-16,Atalanta,Stendardo,Guglielmo Stendardo,1556,15
2015-16,Atalanta,Sportiello,Marco Sportiello,1501,36
2015-16,Atalanta,Denis,Germán Denis,1984,15
2015-16,Atalanta,Moralez,Maximiliano Moralez,2029,17
2015-16,Atalanta,Gomez,Alejandro Gomez,1491,34
2015-16,Atalanta,Drame',Boukary Dramé,1490,25
2015-16,Atalanta,Cherubin,Nicolò Cherubin,1610,14
2015-16,Atalanta,Kurtic,Jasmin Kurtic,1492,32
2015-16,Atalanta,Masiello,Andrea Masiello,1485,29
2015-16,Atalanta,Carmona C.,Carlos Carmona,1557,8
2015-16,Atalanta,D'alessandro,Marco D&#039;Alessandro,1502,23
2015-16,Atalanta,De Roon,Marten de Roon,1710,36
2015-16,Juventus,Evra,Patrice Evra,1298,26
2015-16,Juventus,Padoin,Simone Padoin,1403,12
2015-16,Juventus,Barzagli,Andrea Barzagli,1286,31
2015-16,Juventus,Isla,Mauricio Isla,1402,1
2015-16,Juventus,Llorente,Fernando Llorente,1728,1
2015-16,Juventus,Mandzukic,Mario Mandzukic,1295,27
2015-16,Juventus,Buffon,Gianluigi Buffon,1285,35
2015-16,Juventus,Dybala,Paulo Dybala,1294,34
2015-16,Juventus,Pogba,Paul Pogba,1740,35
2015-16,Juventus,Coman,Kingsley Coman,226,1
2015-16,Juventus,Bonucci,Leonardo Bonucci,1287,36
2015-16,Juventus,Chiellini,Giorgio Chiellini,1576,24
2015-16,Juventus,Lichtsteiner,Stephan Lichtsteiner,1303,26
2015-16,Juventus,Pereyra,Roberto Pereyra,1723,13
2015-16,Udinese,Edenilson,Edenilson,1097,29
2015-16,Udinese,Bruno Fernandes,Bruno Fernandes,1228,31
2015-16,Udinese,Thereau,Cyril Théréau,1147,36
2015-16,Udinese,Heurtaux,Thomas Heurtaux,1149,15
2015-16,Udinese,Kone,Panagiotis Kone,1561,5
2015-16,Udinese,Adnan,Ali Adnan,1156,28
2015-16,Udinese,Karnezis,Orestis Karnezis,1138,38
2015-16,Udinese,Widmer,Silvan Widmer,1139,27
2015-16,Udinese,Badu,Emmanuel Badu,1150,33
2015-16,Udinese,Piris,Iván Piris,1887,27
2015-16,Udinese,Iturra,Manuel Iturra,1977,17
2015-16,Udinese,Di Natale,Antonio Di Natale,1888,23
2015-16,Udinese,Zapata D.,Duván Zapata,1148,25
2015-16,Udinese,Danilo Lar.,Danilo,1140,34
2015-16,Lazio,Felipe Anderson,Felipe Anderson,1208,35
2015-16,Lazio,Radu,Stefan Radu,1542,13
2015-16,Lazio,Basta,Dusan Basta,1201,23
2015-16,Lazio,Candreva,Antonio Candreva,1517,30
2015-16,Lazio,Cataldi,Danilo Cataldi,1206,20
2015-16,Lazio,Berisha,Etrit Berisha,1483,11
2015-16,Lazio,Kishna,Ricardo Kishna,1564,11
2015-16,Lazio,Lulic,Senad Lulic,1205,30
2015-16,Lazio,Biglia,Lucas Biglia,1589,27
2015-16,Lazio,Gentiletti,Santiago Gentiletti,1107,19
2015-16,Lazio,Parolo,Marco Parolo,1207,31
2015-16,Lazio,Milinkovic-Savic,Sergej Milinkovic-Savic,1543,25
2015-16,Lazio,De Vrij,Stefan de Vrij,1541,2
2015-16,Lazio,Keita B.,Keita,1210,31
2015-16,Bologna,Acquafresca,Robert Acquafresca,1917,6
2015-16,Bologna,Oikonomou,Marios Oikonomou,1453,20
2015-16,Bologna,Crimi,Marco Crimi,1902,1
2015-16,Bologna,Mirante,Antonio Mirante,1609,33
2015-16,Bologna,Brienza,Franco Brienza,1611,29
2015-16,Bologna,Masina,Adam Masina,1441,33
2015-16,Bologna,Diawara,Amadou Diawara,1380,34
2015-16,Bologna,Rossettini,Luca Rossettini,1180,29
2015-16,Bologna,Crisetig,Lorenzo Crisetig,1356,5
2015-16,Bologna,Mancosu,Matteo Mancosu,1981,9
2015-16,Bologna,Destro,Mattia Destro,1580,27
2015-16,Bologna,Brighi,Matteo Brighi,1913,23
2015-16,Bologna,Ferrari A.,Alex Ferrari,1454,21
2015-16,Palermo,Rispoli,Andrea Rispoli,1274,22
2015-16,Palermo,Trajkovski,Aleksandar Trajkovski,1837,32
2015-16,Palermo,Chochev,Ivaylo Chochev,1271,27
2015-16,Palermo,Hiljemark,Oscar Hiljemark,1284,38
2015-16,Palermo,Daprela',Fabio Daprelà,1909,5
2015-16,Palermo,Lazaar,Achraf Lazaar,1838,30
2015-16,Palermo,Quaison,Robin Quaison,1275,30
2015-16,Palermo,Vitiello,Roberto Vitiello,1279,10
2015-16,Palermo,Sorrentino,Stefano Sorrentino,1328,35
2015-16,Palermo,Vazquez,Franco Vázquez,1836,36
2015-16,Palermo,Jajalo,Mato Jajalo,1273,28
2015-16,Palermo,El Kaoutari,Abdelhamid El Kaoutari,2047,7
2015-16,Palermo,Rigoni L,Luca Rigoni,1101,10
2015-16,Palermo,Gonzalez G,Giancarlo Gonzalez,1534,35
2015-16,Genoa,Tino Costa,Tino Costa,1885,12
2015-16,Genoa,Tachtsidis,Panagiotis Tachtsidis,1401,24
2015-16,Genoa,Panico,Giuseppe Panico,2038,1
2015-16,Genoa,Marchese,Giovanni Marchese,1630,11
2015-16,Genoa,Capel,Diego Capel,1924,21
2015-16,Genoa,Laxalt,Diego Laxalt,1100,35
2015-16,Genoa,Pandev,Goran Pandev,1115,15
2015-16,Genoa,Cissokho,Issa Cissokho,1633,13
2015-16,Genoa,Kucka,Juraj Kucka,1123,1
2015-16,Genoa,Burdisso,Nicolas Burdisso,1094,28
2015-16,Genoa,Lamanna,Eugenio Lamanna,1113,13
2015-16,Genoa,Lazovic,Darko Lazovic,1106,15
2015-16,Genoa,Ntcham,Olivier Ntcham,1111,17
2015-16,Genoa,De Maio,Sebastien De Maio,1431,28
2015-16,Sampdoria,Eder,Éder,1514,19
2015-16,Sampdoria,Ivan,David Ivan,1646,21
2015-16,Sampdoria,Wszolek,Pawel Wszolek,1845,2
2015-16,Sampdoria,Silvestre,Matías Silvestre,1222,25
2015-16,Sampdoria,Coda,Andrea Coda,1530,4
2015-16,Sampdoria,Viviano,Emiliano Viviano,1532,37
2015-16,Sampdoria,Muriel,Luis Muriel,1229,32
2015-16,Sampdoria,Barreto,Edgar Barreto,1225,30
2015-16,Sampdoria,Cassano,Antonio Cassano,1939,24
2015-16,Sampdoria,Regini,Vasco Regini,1224,14
2015-16,Sampdoria,Cassani,Mattia Cassani,1813,25
2015-16,Carpi,Gabriel Silva,Gabriel Silva,1920,16
2015-16,Carpi,Marrone,Luca Marrone,1643,9
2015-16,Carpi,Matos,Ryder Matos,1153,15
2015-16,Carpi,Bubnjic,Igor Bubnjic,2054,9
2015-16,Carpi,Brkic,Zeljko Brkic,1974,4
2015-16,Carpi,Wilczek,Kamil Wilczek,2049,3
2015-16,Carpi,Porcari,Filippo Porcari,1904,4
2015-16,Carpi,Gagliolo,Riccardo Gagliolo,1896,31
2015-16,Carpi,Spolli,Nicolás Spolli,1342,4
2015-16,Carpi,Lasagna,Kevin Lasagna,1903,36
2015-16,Carpi,Letizia,Gaetano Letizia,1972,35
2015-16,Carpi,Di Gaudio,Antonio Di Gaudio,1905,29
2015-16,Carpi,Lazzari A.,Andrea Lazzari,2027,8
2015-16,Carpi,Wallace O,Wallace Oliveira,2055,6
2015-16,Sassuolo,Falcinelli,Diego Falcinelli,1360,25
2015-16,Sassuolo,Peluso,Federico Peluso,1464,33
2015-16,Sassuolo,Sansone,Nicola Sansone,1826,36
2015-16,Sassuolo,Duncan,Alfred Duncan,1474,32
2015-16,Sassuolo,Missiroli,Simone Missiroli,1603,24
2015-16,Sassuolo,Defrel,Gregoire Defrel,1468,32
2015-16,Sassuolo,Acerbi,Francesco Acerbi,1463,35
2015-16,Sassuolo,Berardi,Domenico Berardi,1612,28
2015-16,Sassuolo,Consigli,Andrea Consigli,1460,36
2015-16,Sassuolo,Cannavaro,Paolo Cannavaro,1462,30
2015-16,Sassuolo,Magnanelli,Francesco Magnanelli,1466,33
2015-16,Sassuolo,Vrsaljko,Sime Vrsaljko,1951,34
2015-16,Sassuolo,Floro Flores,Antonio Floro Flores,1338,14
2015-16,Napoli,David Lopez,David López,1857,25
2015-16,Napoli,Mertens,Dries Mertens,1384,33
2015-16,Napoli,Valdifiori,Mirko Valdifiori,1184,6
2015-16,Napoli,Albiol,Raúl Albiol,1588,36
2015-16,Napoli,Higuain,Gonzalo Higuaín,1293,35
2015-16,Napoli,Hysaj,Elseid Hysaj,1375,37
2015-16,Napoli,Reina,José Reina,1374,37
2015-16,Napoli,Hamsik,Marek Hamsik,1381,38
2015-16,Napoli,Maggio,Christian Maggio,1391,8
2015-16,Napoli,Chiriches,Vlad Chiriches,1395,8
2015-16,Napoli,Gabbiadini,Manolo Gabbiadini,1383,23
2015-16,Napoli,Callejon,José Callejón,1382,38
2015-16,Napoli,Insigne,Lorenzo Insigne,1393,37
2015-16,Napoli,El Kaddouri,Omar El Kaddouri,1385,20
2015-16,Atalanta,Estigarribia,Marcelo Estigarribia,1985,4
2015-16,Atalanta,Grassi,Alberto Grassi,1504,13
2015-16,Atalanta,Giorgi,Luigi Giorgi,3862,1
2015-16,Frosinone,Tonev,Aleksandar Tonev,1359,22
2015-16,Frosinone,Blanchard,Leonardo Blanchard,1860,28
2015-16,Frosinone,Ciofani D.,Daniel Ciofani,1868,37
2015-16,Bologna,Donsah,Godfred Donsah,1452,20
2015-16,Bologna,Mbaye,Ibrahima Mbaye,1458,15
2015-16,Bologna,Pulgar,Erick Pulgar,1448,11
2015-16,Bologna,Falco,Filippo Falco,1979,9
2015-16,Bologna,Maietta,Domenico Maietta,1439,19
2015-16,Sassuolo,Laribi,Karim Laribi,1953,10
2015-16,Sassuolo,Politano,Matteo Politano,1473,25
2015-16,Carpi,Lollo,Lorenzo Lollo,1973,27
2015-16,Carpi,Fedele,Matteo Fedele,1906,8
2015-16,Inter,Nagatomo,Yuto Nagatomo,1506,22
2015-16,Inter,Guarin,Fredy Guarín,1949,16
2015-16,Inter,Ranocchia,Andrea Ranocchia,1522,10
2015-16,Chievo,Pepe S.,Simone Pepe,1171,22
2015-16,Lazio,Patric,Patric,1204,9
2015-16,Lazio,Morrison,Ravel Morrison,1883,4
2015-16,Genoa,Izzo,Armando Izzo,1096,33
2015-16,Genoa,Rincon,Tomás Rincón,1099,33
2015-16,Genoa,Gakpe',Serge Gakpe,1581,13
2015-16,Genoa,Pavoletti,Leonardo Pavoletti,1104,25
2015-16,Verona,Viviani,Federico Viviani,1456,19
2015-16,AC Milan,Suso,Suso,1129,1
2015-16,AC Milan,Kucka,Juraj Kucka,1123,29
2015-16,AC Milan,Poli,Andrea Poli,1117,18
2015-16,Empoli,Costa,Andrea Costa,1307,24
2015-16,Empoli,Tonelli,Lorenzo Tonelli,1394,26
2015-16,Empoli,Maiello,Raffaele Maiello,1322,12
2015-16,Napoli,Jorginho,Jorginho,1389,35
2015-16,Napoli,Allan,Allan,1379,35
2015-16,Napoli,Ghoulam,Faouzi Ghoulam,1387,34
2015-16,Napoli,Koulibaly,Kalidou Koulibaly,1376,33
2015-16,Sampdoria,Moisander,Niklas Moisander,1936,22
2015-16,Sampdoria,Zukanovic,Ervin Zukanovic,1497,16
2015-16,Sampdoria,Palombo,Angelo Palombo,1232,7
2015-16,Roma,Iturbe,Juan Iturbe,827,12
2015-16,Roma,Digne,Lucas Digne,1823,33
2015-16,Roma,Ljajic,Adem Ljajic,1187,1
2015-16,Juventus,Morata,Álvaro Morata,1804,34
2015-16,Juventus,Cuadrado,Juan Cuadrado,1089,28
2015-16,Juventus,Caceres,Martín Cáceres,1942,6
2015-16,Juventus,Sturaro,Stefano Sturaro,1296,19
2015-16,Fiorentina,Rossi,Giuseppe Rossi,1644,11
2015-16,Fiorentina,Rebic,Ante Rebic,1852,4
2015-16,Udinese,Marquinho,Marquinho,1975,11
2015-16,Udinese,Merkel,Alexander Merkel,5821,1
2015-16,Palermo,Goldaniga,Edoardo Goldaniga,1264,17
2015-16,Palermo,Struna,Aljaz Struna,1840,22
2015-16,Empoli,Laurini,Vincent Laurini,1306,25
2015-16,Empoli,Livaja,Marko Livaja,1935,18
2015-16,Empoli,Paredes,Leandro Paredes,1248,33
2015-16,Fiorentina,Blaszczykowski,Jakub Blaszczykowski,1966,15
2015-16,Fiorentina,Vecino,Matías Vecino,1423,30
2015-16,Fiorentina,Babacar,Khouma Babacar,1434,18
2015-16,Fiorentina,Pasqual,Manuel Pasqual,1309,17
2015-16,Genoa,Dzemaili,Blerim Dzemaili,1444,27
2015-16,Genoa,Perotti,Diego Perotti,1539,16
2015-16,Frosinone,Sammarco,Paolo Sammarco,1866,28
2015-16,Frosinone,Chibsah,Raman Chibsah,1872,22
2015-16,Frosinone,Pavlovic D.,Daniel Pavlovic,1602,22
2015-16,Roma,Totti,Francesco Totti,1255,13
2015-16,Roma,Rudiger,Antonio Rüdiger,1822,30
2015-16,Verona,Ionita,Artur Ionita,1604,31
2015-16,Torino,Obi,Joel Obi,1190,10
2015-16,Torino,Bovo,Cesare Bovo,1197,20
2015-16,Torino,Jansson,Pontus Jansson,1801,7
2015-16,Torino,Belotti,Andrea Belotti,1186,34
2015-16,Torino,Molinaro,Cristian Molinaro,1597,27
2015-16,Inter,Felipe Melo,Felipe Melo,1568,26
2015-16,Inter,Telles,Alex Telles,1828,21
2015-16,Inter,Perisic,Ivan Perisic,448,34
2015-16,AC Milan,Balotelli,Mario Balotelli,1817,20
2015-16,AC Milan,Montolivo,Riccardo Montolivo,1573,31
2015-16,AC Milan,Abate,Ignazio Abate,1135,27
2015-16,Juventus,Hernanes,Hernanes,1291,14
2015-16,Juventus,Alex Sandro,Alex Sandro,1289,22
2015-16,Juventus,Marchisio,Claudio Marchisio,1300,23
2015-16,Chievo,Pinzi,Giampiero Pinzi,1911,18
2015-16,Chievo,Dainelli,Dario Dainelli,1331,18
2015-16,Lazio,Marchetti,Federico Marchetti,1200,29
2015-16,Lazio,Hoedt,Wesley Hoedt,1203,25
2015-16,Lazio,Mauri,Stefano Mauri,1879,12
2015-16,Lazio,Matri,Alessandro Matri,1472,19
2015-16,Lazio,Mauricio N.,Mauricio,1880,24
2015-16,Udinese,Aguirre,Rodrigo Aguirre,1978,10
2015-16,Palermo,Maresca,Enzo Maresca,1835,15
2015-16,Palermo,Djurdjevic,Uros Djurdjevic,1960,14
2015-16,Palermo,Gilardino,Alberto Gilardino,1552,33
2015-16,Carpi,Benussi,Francesco Benussi,2056,4
2015-16,Carpi,Mbakogu,Jerry Mbakogu,1907,24
2015-16,Carpi,Borriello,Marco Borriello,1405,12
2015-16,Carpi,Zaccardo,Cristian Zaccardo,1895,27
2015-16,Carpi,Bianco R.,Raffaele Bianco,1900,26
2015-16,Sampdoria,Correa,Joaquín Correa,1809,25
2015-16,Sampdoria,Pereira P.,Pedro Pereira,1241,9
2015-16,Sampdoria,Rodriguez Ale.,Alejandro Rodriguez,1812,6
2015-16,Bologna,Taider,Saphir Taïder,1442,29
2015-16,Bologna,Giaccherini,Emanuele Giaccherini,1033,28
2015-16,Bologna,Rizzo,Luca Rizzo,1457,23
2015-16,Bologna,Mounier,Anthony Mounier,1451,30
2015-16,Sassuolo,Floccari,Sergio Floccari,1446,7
2015-16,Atalanta,Monachello,Gaetano Monachello,1928,10
2015-16,Atalanta,Paletta,Gabriel Paletta,1118,24
2015-16,Atalanta,Toloi,Rafael Toloi,1484,24
2015-16,Atalanta,Raimondi,Cristian Raimondi,1499,18
2015-16,Atalanta,Bellini,Gianpaolo Bellini,1983,15
2015-16,Atalanta,Cigarini,Luca Cigarini,1238,25
2015-16,Verona,Bianchetti,Matteo Bianchetti,1843,23
2015-16,Verona,Gollini,Pierluigi Gollini,1841,26
2015-16,Carpi,Cofie,Isaac Cofie,1112,29
2015-16,Carpi,Romagnoli S.,Simone Romagnoli,1971,30
2015-16,Fiorentina,Verdu',Joan Verdú,1969,5
2015-16,Chievo,Inglese,Roberto Inglese,1340,26
2015-16,Genoa,Diogo Figueiras,Diogo Figueiras,2024,9
2015-16,Juventus,Lemina,Mario Lemina,1299,10
2015-16,Juventus,Zaza,Simone Zaza,1642,19
2015-16,AC Milan,Calabria,Davide Calabria,1574,6
2015-16,Lazio,Djordjevic,Filip Djordjevic,1213,27
2015-16,Lazio,Onazi,Ogenyi Onazi,1877,15
2015-16,Roma,Maicon,Maicon,1824,15
2015-16,Roma,De Sanctis,Morgan De Sanctis,1825,4
2015-16,Sassuolo,Gazzola,Marcello Gazzola,1478,9
2015-16,Sassuolo,Biondini,Davide Biondini,1467,21
2015-16,Torino,Zappacosta,Davide Zappacosta,1178,24
2015-16,Sampdoria,Christodoulopoulos,Lazaros Christodoulopoulos,1940,10
2015-16,Udinese,Wague,Molla Wagué,1159,21
2015-16,Empoli,Ronaldo P,Ronaldo,2028,2
2015-16,Chievo,Pellissier,Sergio Pellissier,1347,19
2015-16,Empoli,Piu,Alessandro Piu,1793,10
2015-16,Inter,Ljajic,Adem Ljajic,1187,25
2015-16,Inter,Biabiany,Jonathan Biabiany,1600,20
2015-16,Verona,Albertazzi,Michelangelo Albertazzi,1855,10
2015-16,Verona,Helander,Filip Helander,1440,24
2015-16,Verona,Zaccagni,Mattia Zaccagni,1958,3
2015-16,Juventus,Neto,Neto,1297,3
2015-16,Frosinone,Frara,Alessandro Frara,1865,20
2015-16,Frosinone,Castillo,Nicolás Castillo,2026,6
2015-16,Palermo,Colombi,Simone Colombi,1894,1
2015-16,Sampdoria,Mesbah,Djamel Mesbah,1365,7
2015-16,Roma,Ucan,Salih Ucan,2021,3
2015-16,Udinese,Pasquale,Giovanni Pasquale,1889,6
2015-16,Udinese,Domizzi,Maurizio Domizzi,1890,5
2015-16,AC Milan,Alex,Alex,1815,25
2015-16,Sampdoria,Carbonero,Carlos Carbonero,1938,14
2015-16,Sampdoria,Rocca,Michele Rocca,2020,1
2015-16,Udinese,Lodi,Francesco Lodi,1562,24
2015-16,Empoli,Bittante,Luca Bittante,1415,16
2015-16,Verona,Matuzalem,Matuzalém,2025,7
2015-16,Verona,Wszolek,Pawel Wszolek,1845,26
2015-16,Roma,Vainqueur,William Vainqueur,1944,16
2015-16,Sassuolo,Ariaudo,Lorenzo Ariaudo,1797,4
2015-16,Sassuolo,Terranova,Emanuele Terranova,1527,6
2015-16,Torino,Gaston Silva,Gastón Silva,1934,11
2015-16,Palermo,La Gumina,Antonio La Gumina,2003,3
2015-16,Carpi,Belec,Vid Belec,1908,30
2015-16,Carpi,Martinho,Raphael Martinho,1901,11
2015-16,Empoli,Krunic,Rade Krunic,1311,15
2015-16,Empoli,Buchel,Marcel Büchel,1325,28
2015-16,Juventus,Khedira,Sami Khedira,1292,20
2015-16,Juventus,Asamoah,Kwadwo Asamoah,1587,11
2015-16,Bologna,Gastaldello,Daniele Gastaldello,1579,26
2015-16,Lazio,Konko,Abdoulay Konko,1495,18
2015-16,Frosinone,Bertoncini,Davide Bertoncini,1964,5
2015-16,Roma,Gyomber,Norbert Gyömbér,1599,6
2015-16,Roma,Emerson P.,Emerson,1245,8
2015-16,Udinese,Felipe,Felipe,1141,26
2015-16,Genoa,Perin,Mattia Perin,1093,25
2015-16,Chievo,Mattiello,Federico Mattiello,1546,1
2015-16,Udinese,Perica,Stipe Perica,1154,11
2015-16,Lazio,Klose,Miroslav Klose,1878,24
2015-16,Bologna,Krafth,Emil Krafth,1545,4
2015-16,Bologna,Da Costa,Ângelo Da Costa,1437,5
2015-16,Torino,Prcic,Sanjin Prcic,1932,2
2015-16,AC Milan,Donnarumma G.,Gianluigi Donnarumma,1116,30
2015-16,Sassuolo,Pegolo,Gianluca Pegolo,1480,2
2015-16,Sampdoria,Bonazzoli,Federico Bonazzoli,2019,4
2015-16,Verona,Checchin,Luca Checchin,1848,4
2015-16,Palermo,Brugman,Gastón Brugman,1165,14
2015-16,Genoa,Ansaldi,Cristian Ansaldi,1515,24
2015-16,Fiorentina,Lezzerini,Luca Lezzerini,1432,2
2015-16,Frosinone,Zappino,Massimo Zappino,1858,4
2015-16,Inter,D'ambrosio,Danilo D&#039;Ambrosio,1523,20
2015-16,AC Milan,Mexes,Philippe Mexes,1816,5
2015-16,Sassuolo,Longhi,Alessandro Longhi,1827,6
2015-16,AC Milan,Niang,M&#039;Baye Niang,1126,16
2015-16,Sampdoria,De Silvestri,Lorenzo De Silvestri,1193,17
2015-16,Sassuolo,Pellegrini Lo.,Lorenzo Pellegrini,1471,19
2015-16,Carpi,Pasciuti,Lorenzo Pasciuti,1899,21
2015-16,Torino,Amauri,Amauri,2018,1
2015-16,Atalanta,Brivio,Davide Brivio,1243,14
2015-16,Roma,Sadiq,Umar Sadiq,1450,6
2015-16,Palermo,Morganella,Michel Morganella,1267,14
2015-16,Palermo,Pezzella Giu.,Giuseppe Pezzella,1281,9
2015-16,Bologna,Morleo,Archimede Morleo,1596,5
2015-16,Inter,Montoya,Martín Montoya,1950,3
2015-16,Atalanta,Bassi,Davide Bassi,1558,1
2015-16,Juventus,Rugani,Daniele Rugani,1301,17
2015-16,Roma,Tumminello,Marco Tumminello,1945,1
2015-16,Roma,Di Livio,Lorenzo Di Livio,2008,1
2015-16,Genoa,Suso,Suso,1129,19
2015-16,Genoa,Rigoni L,Luca Rigoni,1101,18
2015-16,Verona,Emanuelson,Urby Emanuelson,1844,11
2015-16,Verona,Fares,Mohamed Fares,1956,11
2015-16,Carpi,Crimi,Marco Crimi,1902,19
2015-16,Napoli,Chalobah,Nathaniel Chalobah,1677,5
2015-16,Frosinone,Ajeti,Arlind Ajeti,1191,16
2015-16,Atalanta,Conti,Andrea Conti,1487,14
2015-16,Carpi,Suagher,Emanuele Suagher,1897,9
2015-16,Lazio,Braafheid,Edson Braafheid,1882,5
2015-16,Frosinone,Kragl,Oliver Kragl,1863,15
2015-16,Napoli,Strinic,Ivan Strinic,1378,5
2015-16,Palermo,Cristante,Bryan Cristante,1168,4
2015-16,AC Milan,Boateng,Kevin-Prince Boateng,1819,11
2015-16,Torino,Ichazo,Salvador Ichazo,1608,2
2015-16,Torino,Immobile,Ciro Immobile,1209,13
2015-16,Verona,Rebic,Ante Rebic,1852,10
2015-16,Atalanta,Diamanti,Alessandro Diamanti,948,16
2015-16,Bologna,Zuniga,Juan Zuñiga,1722,9
2015-16,Bologna,Floccari,Sergio Floccari,1446,18
2015-16,Palermo,Balogh N.,Norbert Balogh,1536,4
2015-16,Carpi,Mancosu,Matteo Mancosu,1981,12
2015-16,Sassuolo,Trotta,Marcello Trotta,1369,8
2015-16,Carpi,Daprela',Fabio Daprelà,1909,2
2015-16,Lazio,Bisevac,Milan Bisevac,1876,11
2015-16,Chievo,Sardo,Gennaro Sardo,1346,6
2015-16,Verona,Coppola,Ferdinando Coppola,1854,1
2015-16,Genoa,Cerci,Alessio Cerci,2006,11
2015-16,Sampdoria,Alvarez R,Ricardo Álvarez,1231,13
2015-16,Sampdoria,Dodo' R.,Dodô,1533,17
2015-16,Fiorentina,Tino Costa,Tino Costa,1885,7
2015-16,Fiorentina,Zarate,Mauro Zárate,939,15
2015-16,Empoli,Camporese,Michele Camporese,1795,2
2015-16,Roma,Zukanovic,Ervin Zukanovic,1497,9
2015-16,Roma,El Shaarawy,Stephan El Shaarawy,1252,16
2015-16,Inter,Eder,Éder,1514,14
2015-16,Udinese,Kuzmanovic,Zdravko Kuzmanovic,1987,16
2015-16,Udinese,Guilherme T.,Guilherme,1891,5
2015-16,Carpi,Poli F,Fabrizio Poli,1994,10
2015-16,Sampdoria,Ranocchia,Andrea Ranocchia,1522,14
2015-16,Sampdoria,Sala,Jacopo Sala,1221,5
2015-16,Atalanta,Borriello,Marco Borriello,1405,15
2015-16,Sassuolo,Antei,Luca Antei,1482,5
2015-16,Verona,Gilberto,Gilberto,1967,5
2015-16,Verona,Marrone,Luca Marrone,1643,12
2015-16,Fiorentina,Tello C.,Cristian Tello,1421,15
2015-16,Chievo,Seculin,Andrea Seculin,1345,3
2015-16,Chievo,Spolli,Nicolás Spolli,1342,10
2015-16,Chievo,Costa F,Filippo Costa,1559,6
2015-16,Genoa,Gabriel Silva,Gabriel Silva,1920,11
2015-16,Genoa,Matavz,Tim Matavz,275,7
2015-16,Roma,Perotti,Diego Perotti,1539,15
2015-16,Sampdoria,Diakite',Modibo Diakité,1807,8
2015-16,Sampdoria,Quagliarella,Fabio Quagliarella,1230,16
2015-16,Udinese,Matos,Ryder Matos,1153,11
2015-16,Udinese,Hallfredsson,Emil Hallfredsson,1151,11
2015-16,Carpi,Verdi,Simone Verdi,1445,8
2015-16,Carpi,Sabelli,Stefano Sabelli,1898,7
2015-16,Torino,Farnerud,Alexander Farnerud,1802,5
2015-16,Chievo,Floro Flores,Antonio Floro Flores,1338,14
2015-16,Atalanta,Gakpe',Serge Gakpe,1581,5
2015-16,Atalanta,Freuler,Remo Freuler,1488,6
2015-16,Empoli,Ariaudo,Lorenzo Ariaudo,1797,5
2015-16,Bologna,Constant,Kevin Constant,1915,7
2015-16,Juventus,Favilli,Andrea Favilli,1997,1
2015-16,Udinese,Armero,Pablo Armero,1547,5
2015-16,AC Milan,Menez,Jérémy Menez,2014,10
2015-16,Genoa,Fiamozzi,Riccardo Fiamozzi,1105,8
2015-16,Palermo,Alastra,Fabrizio Alastra,1839,2
2015-16,Empoli,Cosic,Uros Cosic,1554,9
2015-16,Roma,Strootman,Kevin Strootman,1256,5
2015-16,Sampdoria,Krsticic,Nenad Krsticic,1808,10
2015-16,Palermo,Posavec,Josip Posavec,1263,1
2015-16,Inter,Carrizo,Juan Pablo Carrizo,1519,2
2015-16,Carpi,De Guzman,Jonathan de Guzmán,1350,5
2015-16,Frosinone,Pryima,Vasiliy Pryima,1875,5
2015-16,Sassuolo,Adjapong,Claud Adjapong,1475,2
2015-16,AC Milan,Abbiati,Christian Abbiati,1821,1
2015-16,AC Milan,Mauri J,José Mauri,1310,5
2015-16,Palermo,Bentivegna,Accursio Bentivegna,1535,1
2015-16,Bologna,Zuculini F,Franco Zuculini,1980,1
2015-16,Verona,Samir,Samir,1142,3
2015-16,Napoli,Gabriel,Gabriel,1132,1
2015-16,Palermo,Cionek,Thiago Cionek,1265,5
2015-16,Empoli,Pelagotti,Alberto Pelagotti,1321,6
2015-16,Fiorentina,Kone,Panagiotis Kone,1561,1
2015-16,AC Milan,Locatelli,Manuel Locatelli,1122,2
2015-16,Chievo,Ninkovic,Nicola Ninkovic,1103,1
2015-16,Torino,Edera,Simone Edera,2010,2
2015-16,Sampdoria,Skriniar,Milan Skriniar,1223,3
2015-16,Frosinone,Bardi,Francesco Bardi,1989,2
2015-16,Atalanta,Radunovic,Boris Radunovic,1926,1
2015-16,Atalanta,Gagliardini,Roberto Gagliardini,1496,1
2015-16,Bologna,Tabacchi,Aaron Mattia Tabacchi,1914,1
2015-16,Carpi,Colombi,Simone Colombi,1894,1
2015-16,Napoli,Regini,Vasco Regini,1224,1
2015-16,Verona,Furman,Dominik Furman,1850,1
2015-16,Inter,Radu I.,Ionut Radu,1830,1
2015-16,Inter,Della Giovanna,Fabio Della Giovanna,1829,1
2015-16,Sampdoria,Brignoli,Alberto Brignoli,1806,1
2015-16,Sampdoria,Ponce A,Andrés Ponce,1811,1
2015-16,Empoli,Pugliesi,Maurizio Pugliesi,1553,1
2016-17,Bologna,Taider,Saphir Taïder,1442,24
2016-17,Bologna,Gastaldello,Daniele Gastaldello,1579,23
2016-17,Bologna,Oikonomou,Marios Oikonomou,1453,18
2016-17,Bologna,Verdi,Simone Verdi,1445,27
2016-17,Bologna,Krejci,Ladislav Krejci,1447,36
2016-17,Bologna,Mirante,Antonio Mirante,1609,21
2016-17,Bologna,Masina,Adam Masina,1441,32
2016-17,Bologna,Pulgar,Erick Pulgar,1448,26
2016-17,Bologna,Rizzo,Luca Rizzo,1457,12
2016-17,Bologna,Maietta,Domenico Maietta,1439,28
2016-17,Bologna,Dzemaili,Blerim Dzemaili,1444,30
2016-17,Bologna,Nagy,Ádám Nagy,1443,24
2016-17,Bologna,Destro,Mattia Destro,1580,29
2016-17,Bologna,Krafth,Emil Krafth,1545,25
2016-17,Crotone,Claiton,Claiton,1353,10
2016-17,Crotone,Simy,Simy,1362,21
2016-17,Crotone,Salzano,Aniello Salzano,1357,7
2016-17,Crotone,Sampirisi,Mario Sampirisi,1371,22
2016-17,Crotone,Fazzi,Nicolò Fazzi,1368,1
2016-17,Crotone,Ceccherini,Federico Ceccherini,1370,34
2016-17,Crotone,Palladino,Raffaele Palladino,1361,19
2016-17,Crotone,Rohden,Marcus Rohden,1364,34
2016-17,Crotone,Cordaz,Alex Cordaz,1351,35
2016-17,Crotone,Martella,Bruno Martella,1355,29
2016-17,Crotone,Stoian,Adrian Stoian,1363,26
2016-17,Crotone,Ferrari G.,Gianmarco Ferrari,1354,36
2016-17,Crotone,De Giorgio,Pietro De Giorgio,1628,1
2016-17,Chievo,Hetemaj,Perparim Hetemaj,1334,23
2016-17,Chievo,Radovanovic,Ivan Radovanovic,1341,35
2016-17,Chievo,Cacciatore,Fabrizio Cacciatore,1329,29
2016-17,Chievo,Meggiorini,Riccardo Meggiorini,1337,27
2016-17,Chievo,Cesar,Bostjan Cesar,1572,17
2016-17,Chievo,Gobbi,Massimo Gobbi,1332,30
2016-17,Chievo,Parigini,Vittorio Parigini,1348,3
2016-17,Chievo,Inglese,Roberto Inglese,1340,34
2016-17,Chievo,Sorrentino,Stefano Sorrentino,1328,34
2016-17,Chievo,Pellissier,Sergio Pellissier,1347,30
2016-17,Chievo,Dainelli,Dario Dainelli,1331,26
2016-17,Chievo,Castro,Lucas Castro,1333,33
2016-17,Chievo,Birsa,Valter Birsa,1336,35
2016-17,Chievo,Rigoni N,Nicola Rigoni,1335,12
2016-17,Inter,Eder,Éder,1514,33
2016-17,Inter,Miranda,Miranda,1507,32
2016-17,Inter,Handanovic,Samir Handanovic,1505,37
2016-17,Inter,Candreva,Antonio Candreva,1517,38
2016-17,Inter,Perisic,Ivan Perisic,448,36
2016-17,Inter,Brozovic,Marcelo Brozovic,1511,23
2016-17,Inter,Nagatomo,Yuto Nagatomo,1506,16
2016-17,Inter,Icardi,Mauro Icardi,1513,34
2016-17,Inter,Medel,Gary Medel,1510,26
2016-17,Inter,Ranocchia,Andrea Ranocchia,1522,5
2016-17,Inter,Banega,Éver Banega,1520,28
2016-17,Inter,Kondogbia,Geoffrey Kondogbia,1516,24
2016-17,Inter,Palacio,Rodrigo Palacio,1518,15
2016-17,Inter,D'ambrosio,Danilo D&#039;Ambrosio,1523,32
2016-17,Empoli,Cosic,Uros Cosic,1554,14
2016-17,Empoli,Saponara,Riccardo Saponara,1313,18
2016-17,Empoli,Costa,Andrea Costa,1307,26
2016-17,Empoli,Laurini,Vincent Laurini,1306,24
2016-17,Empoli,Krunic,Rade Krunic,1311,32
2016-17,Empoli,Buchel,Marcel Büchel,1325,15
2016-17,Empoli,Pelagotti,Alberto Pelagotti,1321,3
2016-17,Empoli,Pasqual,Manuel Pasqual,1309,32
2016-17,Empoli,Tello,Andrés Tello,1317,18
2016-17,Empoli,Pucciarelli,Manuel Pucciarelli,1318,32
2016-17,Empoli,Gilardino,Alberto Gilardino,1552,14
2016-17,Empoli,Maiello,Raffaele Maiello,1322,1
2016-17,Empoli,Croce,Daniele Croce,1312,35
2016-17,Empoli,Maccarone,Massimo Maccarone,1315,28
2016-17,Sampdoria,Budimir,Ante Budimir,1235,11
2016-17,Sampdoria,Silvestre,Matías Silvestre,1222,36
2016-17,Sampdoria,Viviano,Emiliano Viviano,1532,17
2016-17,Sampdoria,Eramo,Mirko Eramo,1237,1
2016-17,Sampdoria,Muriel,Luis Muriel,1229,31
2016-17,Sampdoria,Schick,Patrik Schick,1236,32
2016-17,Sampdoria,Barreto,Edgar Barreto,1225,32
2016-17,Sampdoria,Torreira,Lucas Torreira,1227,35
2016-17,Sampdoria,Linetty,Karol Linetty,1226,35
2016-17,Sampdoria,Quagliarella,Fabio Quagliarella,1230,37
2016-17,Sampdoria,Sala,Jacopo Sala,1221,20
2016-17,Sampdoria,Regini,Vasco Regini,1224,34
2016-17,Sampdoria,Pavlovic D.,Daniel Pavlovic,1602,9
2016-17,Sampdoria,Alvarez R,Ricardo Álvarez,1231,21
2016-17,Genoa,Miguel Veloso,Miguel Veloso,1098,22
2016-17,Genoa,Izzo,Armando Izzo,1096,28
2016-17,Genoa,Rincon,Tomás Rincón,1099,16
2016-17,Genoa,Ocampos,Lucas Ocampos,1109,13
2016-17,Genoa,Laxalt,Diego Laxalt,1100,35
2016-17,Genoa,Pandev,Goran Pandev,1115,20
2016-17,Genoa,Burdisso,Nicolas Burdisso,1094,34
2016-17,Genoa,Fiamozzi,Riccardo Fiamozzi,1105,4
2016-17,Genoa,Lamanna,Eugenio Lamanna,1113,21
2016-17,Genoa,Gentiletti,Santiago Gentiletti,1107,15
2016-17,Genoa,Lazovic,Darko Lazovic,1106,32
2016-17,Genoa,Pavoletti,Leonardo Pavoletti,1104,9
2016-17,Genoa,Ntcham,Olivier Ntcham,1111,19
2016-17,Genoa,Rigoni L,Luca Rigoni,1101,30
2016-17,Cagliari,Bruno Alves,Bruno Alves,1399,36
2016-17,Cagliari,Padoin,Simone Padoin,1403,31
2016-17,Cagliari,Ionita,Artur Ionita,1604,18
2016-17,Cagliari,Murru,Nicola Murru,1400,26
2016-17,Cagliari,Isla,Mauricio Isla,1402,34
2016-17,Cagliari,Borriello,Marco Borriello,1405,36
2016-17,Cagliari,Capuano,Marco Capuano,1408,12
2016-17,Cagliari,Storari,Marco Storari,1396,15
2016-17,Cagliari,Pajac,Marko Pajac,1645,1
2016-17,Cagliari,Sau,Marco Sau,1406,34
2016-17,Cagliari,Ceppitelli,Luca Ceppitelli,1550,19
2016-17,Cagliari,Munari,Gianni Munari,1411,11
2016-17,Cagliari,Giannetti,Niccolò Giannetti,1414,11
2016-17,Cagliari,Di Gennaro D,Davide Di Gennaro,1404,20
2016-17,Juventus,Hernanes,Hernanes,1291,10
2016-17,Juventus,Alex Sandro,Alex Sandro,1289,27
2016-17,Juventus,Dani Alves,Dani Alves,1288,18
2016-17,Juventus,Higuain,Gonzalo Higuaín,1293,37
2016-17,Juventus,Evra,Patrice Evra,1298,6
2016-17,Juventus,Khedira,Sami Khedira,1292,30
2016-17,Juventus,Lemina,Mario Lemina,1299,19
2016-17,Juventus,Barzagli,Andrea Barzagli,1286,22
2016-17,Juventus,Mandzukic,Mario Mandzukic,1295,33
2016-17,Juventus,Buffon,Gianluigi Buffon,1285,29
2016-17,Juventus,Bonucci,Leonardo Bonucci,1287,28
2016-17,Juventus,Chiellini,Giorgio Chiellini,1576,21
2016-17,Juventus,Asamoah,Kwadwo Asamoah,1587,17
2016-17,Juventus,Dybala,Paulo Dybala,1294,30
2016-17,Fiorentina,Marcos Alonso,Marcos Alonso,1621,2
2016-17,Fiorentina,Astori,Davide Astori,1419,32
2016-17,Fiorentina,Bernardeschi,Federico Bernardeschi,1424,31
2016-17,Fiorentina,Rossi,Giuseppe Rossi,1644,1
2016-17,Fiorentina,Vecino,Matías Vecino,1423,29
2016-17,Fiorentina,Tomovic,Nenad Tomovic,1435,24
2016-17,Fiorentina,Tatarusanu,Ciprian Tatarusanu,1416,34
2016-17,Fiorentina,Ilicic,Josip Ilicic,1426,27
2016-17,Fiorentina,Kalinic,Nikola Kalinic,1425,31
2016-17,Fiorentina,Chiesa,Federico Chiesa,1433,26
2016-17,Fiorentina,Badelj,Milan Badelj,1430,31
2016-17,Fiorentina,Sanchez C,Carlos Sánchez,667,29
2016-17,Fiorentina,Rodriguez Go,Gonzalo Rodríguez,1418,25
2016-17,Fiorentina,Tello C.,Cristian Tello,1421,34
2016-17,AC Milan,Luiz Adriano,Luiz Adriano,1127,7
2016-17,AC Milan,Suso,Suso,1129,33
2016-17,AC Milan,Bertolacci,Andrea Bertolacci,1641,15
2016-17,AC Milan,Montolivo,Riccardo Montolivo,1573,9
2016-17,AC Milan,Paletta,Gabriel Paletta,1118,29
2016-17,AC Milan,Kucka,Juraj Kucka,1123,29
2016-17,AC Milan,Abate,Ignazio Abate,1135,22
2016-17,AC Milan,Bonaventura,Giacomo Bonaventura,1121,19
2016-17,AC Milan,Romagnoli,Alessio Romagnoli,1119,26
2016-17,AC Milan,Poli,Andrea Poli,1117,12
2016-17,AC Milan,Niang,M&#039;Baye Niang,1126,18
2016-17,AC Milan,Bacca,Carlos Bacca,1125,31
2016-17,AC Milan,Antonelli,Luca Antonelli,1590,7
2016-17,AC Milan,Donnarumma G.,Gianluigi Donnarumma,1116,37
2016-17,Torino,Maxi Lopez,Maxi López,1188,16
2016-17,Torino,Baselli,Daniele Baselli,1182,37
2016-17,Torino,Obi,Joel Obi,1190,20
2016-17,Torino,Vives,Giuseppe Vives,1194,3
2016-17,Torino,Ljajic,Adem Ljajic,1187,33
2016-17,Torino,Rossettini,Luca Rossettini,1180,30
2016-17,Torino,Acquah,Afriyie Acquah,1192,20
2016-17,Torino,Belotti,Andrea Belotti,1186,35
2016-17,Torino,Martinez,Josef Martínez,1198,11
2016-17,Torino,Boye',Lucas Boyé,1189,30
2016-17,Torino,Moretti,Emiliano Moretti,1196,23
2016-17,Torino,Padelli,Daniele Padelli,1195,2
2016-17,Torino,Molinaro,Cristian Molinaro,1597,10
2016-17,Torino,De Silvestri,Lorenzo De Silvestri,1193,16
2016-17,Palermo,Rispoli,Andrea Rispoli,1274,32
2016-17,Palermo,Gazzi,Alessandro Gazzi,1269,25
2016-17,Palermo,Hiljemark,Oscar Hiljemark,1284,15
2016-17,Palermo,Aleesami,Haitam Aleesami,1270,31
2016-17,Palermo,Quaison,Robin Quaison,1275,17
2016-17,Palermo,Nestorovski,Ilija Nestorovski,1272,37
2016-17,Palermo,Vitiello,Roberto Vitiello,1279,5
2016-17,Palermo,Sallai,Roland Sallai,1277,21
2016-17,Palermo,Embalo,Carlos Embalo,1276,12
2016-17,Palermo,Rajkovic,Slobodan Rajkovic,18,4
2016-17,Palermo,Bentivegna,Accursio Bentivegna,1535,3
2016-17,Palermo,Cionek,Thiago Cionek,1265,29
2016-17,Palermo,Posavec,Josip Posavec,1263,29
2016-17,Palermo,Balogh N.,Norbert Balogh,1536,16
2016-17,Sassuolo,Falcinelli,Diego Falcinelli,1360,1
2016-17,Sassuolo,Peluso,Federico Peluso,1464,34
2016-17,Sassuolo,Gazzola,Marcello Gazzola,1478,16
2016-17,Sassuolo,Politano,Matteo Politano,1473,32
2016-17,Sassuolo,Sensi,Stefano Sensi,1465,16
2016-17,Sassuolo,Defrel,Gregoire Defrel,1468,29
2016-17,Sassuolo,Acerbi,Francesco Acerbi,1463,38
2016-17,Sassuolo,Mazzitelli,Luca Mazzitelli,1477,17
2016-17,Sassuolo,Berardi,Domenico Berardi,1612,21
2016-17,Sassuolo,Consigli,Andrea Consigli,1460,37
2016-17,Sassuolo,Magnanelli,Francesco Magnanelli,1466,15
2016-17,Sassuolo,Adjapong,Claud Adjapong,1475,9
2016-17,Sassuolo,Biondini,Davide Biondini,1467,14
2016-17,Sassuolo,Antei,Luca Antei,1482,15
2016-17,Pescara,Manaj,Rey Manaj,1570,12
2016-17,Pescara,Biraghi,Cristiano Biraghi,1164,34
2016-17,Pescara,Gyomber,Norbert Gyömbér,1599,9
2016-17,Pescara,Zampano,Francesco Zampano,1161,33
2016-17,Pescara,Coda,Andrea Coda,1530,13
2016-17,Pescara,Verre,Valerio Verre,1569,28
2016-17,Pescara,Memushaj,Ledian Memushaj,1169,35
2016-17,Pescara,Caprari,Gianluca Caprari,1170,34
2016-17,Pescara,Cristante,Bryan Cristante,1168,16
2016-17,Pescara,Benali,Ahmed Benali,1166,32
2016-17,Pescara,Crescenzi,Alessandro Crescenzi,1172,20
2016-17,Pescara,Brugman,Gastón Brugman,1165,26
2016-17,Pescara,Zuparic,Dario Zuparic,1174,7
2016-17,Pescara,Bizzarri,Albano Bizzarri,1160,28
2016-17,Napoli,Allan,Allan,1379,29
2016-17,Napoli,Mertens,Dries Mertens,1384,35
2016-17,Napoli,Valdifiori,Mirko Valdifiori,1184,1
2016-17,Napoli,Albiol,Raúl Albiol,1588,26
2016-17,Napoli,Ghoulam,Faouzi Ghoulam,1387,29
2016-17,Napoli,Hysaj,Elseid Hysaj,1375,35
2016-17,Napoli,Zielinski,Piotr Zielinski,1386,36
2016-17,Napoli,Reina,José Reina,1374,37
2016-17,Napoli,Hamsik,Marek Hamsik,1381,38
2016-17,Napoli,Gabbiadini,Manolo Gabbiadini,1383,13
2016-17,Napoli,Koulibaly,Kalidou Koulibaly,1376,28
2016-17,Napoli,Callejon,José Callejón,1382,37
2016-17,Napoli,Milik,Arkadiusz Milik,1583,17
2016-17,Napoli,Insigne,Lorenzo Insigne,1393,37
2016-17,Roma,Juan Jesus,Juan Jesus,1247,20
2016-17,Roma,Bruno Peres,Bruno Peres,1567,30
2016-17,Roma,Strootman,Kevin Strootman,1256,33
2016-17,Roma,Nainggolan,Radja Nainggolan,1251,37
2016-17,Roma,Fazio,Federico Fazio,1000,37
2016-17,Roma,Paredes,Leandro Paredes,1248,27
2016-17,Roma,Vermaelen,Thomas Vermaelen,1635,9
2016-17,Roma,Perotti,Diego Perotti,1539,32
2016-17,Roma,Szczesny,Wojciech Szczesny,1244,38
2016-17,Roma,Salah,Mohamed Salah,1250,31
2016-17,Roma,Dzeko,Edin Dzeko,1253,37
2016-17,Roma,Manolas,Kostas Manolas,1246,33
2016-17,Roma,El Shaarawy,Stephan El Shaarawy,1252,32
2016-17,Roma,Emerson P.,Emerson,1245,25
2016-17,Udinese,Samir,Samir,1142,21
2016-17,Udinese,Fofana,Seko Fofana,1144,22
2016-17,Udinese,Lodi,Francesco Lodi,1562,1
2016-17,Udinese,Hallfredsson,Emil Hallfredsson,1151,28
2016-17,Udinese,Heurtaux,Thomas Heurtaux,1149,12
2016-17,Udinese,Penaranda,Adalberto Peñaranda,1548,6
2016-17,Udinese,Adnan,Ali Adnan,1156,14
2016-17,Udinese,Karnezis,Orestis Karnezis,1138,33
2016-17,Udinese,Widmer,Silvan Widmer,1139,28
2016-17,Udinese,Badu,Emmanuel Badu,1150,29
2016-17,Udinese,Angella,Gabriele Angella,1088,14
2016-17,Udinese,De Paul,Rodrigo de Paul,1145,34
2016-17,Udinese,Zapata D.,Duván Zapata,1148,38
2016-17,Udinese,Danilo Lar.,Danilo,1140,36
2016-17,Atalanta,Sportiello,Marco Sportiello,1501,8
2016-17,Atalanta,Kessie',Franck Kessié,1489,30
2016-17,Atalanta,Petagna,Andrea Petagna,1493,34
2016-17,Atalanta,Conti,Andrea Conti,1487,33
2016-17,Atalanta,Drame',Boukary Dramé,1490,10
2016-17,Atalanta,Toloi,Rafael Toloi,1484,32
2016-17,Atalanta,Gomez,Alejandro Gomez,1491,37
2016-17,Atalanta,Raimondi,Cristian Raimondi,1499,8
2016-17,Atalanta,Paloschi,Alberto Paloschi,716,13
2016-17,Atalanta,Zukanovic,Ervin Zukanovic,1497,19
2016-17,Atalanta,Spinazzola,Leonardo Spinazzola,1500,30
2016-17,Atalanta,Kurtic,Jasmin Kurtic,1492,37
2016-17,Atalanta,Gagliardini,Roberto Gagliardini,1496,13
2016-17,Atalanta,D'alessandro,Marco D&#039;Alessandro,1502,24
2016-17,Lazio,Wallace,Wallace,1202,25
2016-17,Lazio,Djordjevic,Filip Djordjevic,1213,17
2016-17,Lazio,Marchetti,Federico Marchetti,1200,17
2016-17,Lazio,Basta,Dusan Basta,1201,27
2016-17,Lazio,Cataldi,Danilo Cataldi,1206,11
2016-17,Lazio,Kishna,Ricardo Kishna,1564,5
2016-17,Lazio,Immobile,Ciro Immobile,1209,36
2016-17,Lazio,Lombardi,Cristiano Lombardi,1218,18
2016-17,Lazio,Biglia,Lucas Biglia,1589,29
2016-17,Lazio,Hoedt,Wesley Hoedt,1203,23
2016-17,Lazio,Parolo,Marco Parolo,1207,34
2016-17,Lazio,Milinkovic-Savic,Sergej Milinkovic-Savic,1543,34
2016-17,Lazio,De Vrij,Stefan de Vrij,1541,27
2016-17,Lazio,Lukaku J.,Jordan Lukaku,1563,16
2016-17,Cagliari,Deiola,Alessandro Deiola,1634,5
2016-17,Cagliari,Barella,Nicolò Barella,1409,28
2016-17,Cagliari,Salamon,Bartosz Salamon,1398,15
2016-17,Roma,Florenzi,Alessandro Florenzi,1254,9
2016-17,Roma,De Rossi,Daniele De Rossi,1249,31
2016-17,Crotone,Tonev,Aleksandar Tonev,1359,12
2016-17,Crotone,Rosi,Aleandro Rosi,1352,30
2016-17,Crotone,Festa,Marco Festa,1367,3
2016-17,Crotone,Capezzi,Leonardo Capezzi,1358,24
2016-17,Crotone,Di Roberto,Nunzio Di Roberto,1626,1
2016-17,Genoa,Marchese,Giovanni Marchese,1630,1
2016-17,Genoa,Gakpe',Serge Gakpe,1581,7
2016-17,Fiorentina,Borja Valero,Borja Valero,1422,30
2016-17,Fiorentina,Lezzerini,Luca Lezzerini,1432,1
2016-17,Fiorentina,Milic,Hrvoje Milic,1429,16
2016-17,Chievo,Jallow,Lamin Jallow,1623,2
2016-17,Inter,Santon,Davide Santon,1509,14
2016-17,Inter,Murillo,Jeison Murillo,1508,27
2016-17,Inter,Miangue,Senna Miangue,1549,3
2016-17,Palermo,Goldaniga,Edoardo Goldaniga,1264,28
2016-17,Palermo,Chochev,Ivaylo Chochev,1271,30
2016-17,Lazio,Patric,Patric,1204,19
2016-17,Lazio,Bastos,Bastos,1595,11
2016-17,Lazio,Felipe Anderson,Felipe Anderson,1208,36
2016-17,Lazio,Radu,Stefan Radu,1542,29
2016-17,Lazio,Lulic,Senad Lulic,1205,31
2016-17,Juventus,Pjaca,Marko Pjaca,1577,13
2016-17,Juventus,Benatia,Medhi Benatia,328,15
2016-17,Juventus,Lichtsteiner,Stephan Lichtsteiner,1303,26
2016-17,Napoli,Jorginho,Jorginho,1389,27
2016-17,Napoli,Chiriches,Vlad Chiriches,1395,14
2016-17,AC Milan,Jose' Sosa,José Sosa,1130,18
2016-17,AC Milan,Lapadula,Gianluca Lapadula,1136,27
2016-17,AC Milan,Calabria,Davide Calabria,1574,12
2016-17,AC Milan,Gomez G,Gustavo Gómez,1128,17
2016-17,AC Milan,De Sciglio,Mattia De Sciglio,1120,25
2016-17,Sampdoria,Bruno Fernandes,Bruno Fernandes,1228,33
2016-17,Sampdoria,Praet,Dennis Praet,1234,32
2016-17,Atalanta,Konko,Abdoulay Konko,1495,10
2016-17,Atalanta,Masiello,Andrea Masiello,1485,35
2016-17,Atalanta,Carmona C.,Carlos Carmona,1557,2
2016-17,Sassuolo,Duncan,Alfred Duncan,1474,21
2016-17,Sassuolo,Ragusa,Antonino Ragusa,1481,25
2016-17,Sassuolo,Cannavaro,Paolo Cannavaro,1462,18
2016-17,Sassuolo,Matri,Alessandro Matri,1472,31
2016-17,Pescara,Mitrita,Alexandru Mitrita,1173,15
2016-17,Pescara,Campagnaro,Hugo Campagnaro,1162,19
2016-17,Pescara,Bahebeck,Jean-Christophe Bahebeck,1531,14
2016-17,Torino,Iago Falque,Iago Falque,1185,35
2016-17,Torino,Castan,Leandro Castán,1179,14
2016-17,Torino,Bovo,Cesare Bovo,1197,4
2016-17,Torino,Benassi,Marco Benassi,1183,28
2016-17,Bologna,Di Francesco F.,Federico Di Francesco,1449,24
2016-17,Udinese,Lucas Evangelista,Lucas Evangelista,1152,6
2016-17,Udinese,Felipe,Felipe,1141,32
2016-17,Udinese,Perica,Stipe Perica,1154,27
2016-17,Udinese,Kone,Panagiotis Kone,1561,5
2016-17,Empoli,Zambelli,Marco Zambelli,1323,10
2016-17,Empoli,Barba,Federico Barba,1320,11
2016-17,Empoli,Bellusci,Giuseppe Bellusci,1308,33
2016-17,Empoli,Diousse',Assane Diousse,1326,33
2016-17,Empoli,Dimarco,Federico Dimarco,1324,12
2016-17,Atalanta,Pinilla,Mauricio Pinilla,1494,4
2016-17,Atalanta,Grassi,Alberto Grassi,1504,18
2016-17,Atalanta,Freuler,Remo Freuler,1488,33
2016-17,Torino,Valdifiori,Mirko Valdifiori,1184,24
2016-17,Torino,Hart,Joe Hart,609,36
2016-17,Bologna,Torosidis,Vasilis Torosidis,1438,27
2016-17,Bologna,Viviani,Federico Viviani,1456,16
2016-17,Bologna,Da Costa,Ângelo Da Costa,1437,17
2016-17,Cagliari,Rafael,Rafael,1410,21
2016-17,Cagliari,Tachtsidis,Panagiotis Tachtsidis,1401,26
2016-17,Cagliari,Farias,Diego Farias,1605,20
2016-17,Chievo,Gamberini,Alessandro Gamberini,1330,20
2016-17,Chievo,De Guzman,Jonathan de Guzmán,1350,27
2016-17,Lazio,Keita B.,Keita,1210,31
2016-17,Empoli,Skorupski,Lukasz Skorupski,1305,35
2016-17,Empoli,Marilungo,Guido Marilungo,1314,20
2016-17,Empoli,Mauri J,José Mauri,1310,14
2016-17,Crotone,Falcinelli,Diego Falcinelli,1360,34
2016-17,Crotone,Dussenne,Noe Dussenne,1366,8
2016-17,Crotone,Trotta,Marcello Trotta,1369,28
2016-17,Crotone,Crisetig,Lorenzo Crisetig,1356,32
2016-17,Crotone,Nalini,Andrea Nalini,1528,17
2016-17,Juventus,Pjanic,Miralem Pjanic,1290,29
2016-17,Sassuolo,Missiroli,Simone Missiroli,1603,13
2016-17,Sassuolo,Iemmello,Pietro Iemmello,1469,17
2016-17,Sassuolo,Pellegrini Lo.,Lorenzo Pellegrini,1471,28
2016-17,Sassuolo,Ricci F.,Federico Ricci,1470,24
2016-17,AC Milan,Honda,Keisuke Honda,1124,8
2016-17,Udinese,Matos,Ryder Matos,1153,20
2016-17,Udinese,Thereau,Cyril Théréau,1147,33
2016-17,Udinese,Kums,Sven Kums,1143,29
2016-17,Udinese,Armero,Pablo Armero,1547,2
2016-17,Palermo,Bruno Henrique,Bruno Henrique,1268,33
2016-17,Palermo,Diamanti,Alessandro Diamanti,948,31
2016-17,Palermo,Jajalo,Mato Jajalo,1273,26
2016-17,Napoli,Maggio,Christian Maggio,1391,7
2016-17,Pescara,Aquilani,Alberto Aquilani,1167,9
2016-17,Pescara,Pepe S.,Simone Pepe,1171,12
2016-17,Inter,Jovetic,Stevan Jovetic,1524,5
2016-17,Inter,Joao Mario N.,João Mário,1512,30
2016-17,Roma,Totti,Francesco Totti,1255,18
2016-17,Roma,Iturbe,Juan Iturbe,827,5
2016-17,Sampdoria,Skriniar,Milan Skriniar,1223,35
2016-17,Sampdoria,Dodo' R.,Dodô,1533,7
2016-17,Cagliari,Joao Pedro,João Pedro,1592,22
2016-17,Cagliari,Bittante,Luca Bittante,1415,5
2016-17,Cagliari,Pisacane,Fabio Pisacane,1397,29
2016-17,Atalanta,Berisha,Etrit Berisha,1483,26
2016-17,Crotone,Barberis,Andrea Barberis,1372,25
2016-17,Palermo,Gonzalez G,Giancarlo Gonzalez,1534,21
2016-17,Fiorentina,Cristoforo,Sebastián Cristóforo,1436,18
2016-17,Fiorentina,Babacar,Khouma Babacar,1434,21
2016-17,Inter,Felipe Melo,Felipe Melo,1568,5
2016-17,Lazio,Murgia,Alessandro Murgia,1212,14
2016-17,Pescara,Fornasier,Michele Fornasier,1163,22
2016-17,Napoli,Strinic,Ivan Strinic,1378,12
2016-17,Bologna,Donsah,Godfred Donsah,1452,13
2016-17,Sampdoria,Pereira P.,Pedro Pereira,1241,12
2016-17,AC Milan,Locatelli,Manuel Locatelli,1122,24
2016-17,Sassuolo,Lirola,Pol Lirola,1461,22
2016-17,Genoa,Simeone,Giovanni Simeone,1102,34
2016-17,Genoa,Perin,Mattia Perin,1093,15
2016-17,Genoa,Orban L,Lucas Orban,1108,10
2016-17,Torino,Barreca,Antonio Barreca,1181,28
2016-17,Torino,Zappacosta,Davide Zappacosta,1178,29
2016-17,Udinese,Wague,Molla Wagué,1159,6
2016-17,Chievo,Floro Flores,Antonio Floro Flores,1338,12
2016-17,Bologna,Morleo,Archimede Morleo,1596,1
2016-17,Sampdoria,Cigarini,Luca Cigarini,1238,4
2016-17,Chievo,Spolli,Nicolás Spolli,1342,21
2016-17,Sassuolo,Letschert,Timo Letschert,1575,9
2016-17,Inter,Gnoukouri,Assane Demoya Gnoukouri,1525,4
2016-17,Genoa,Edenilson,Edenilson,1097,16
2016-17,Juventus,Neto,Neto,1297,8
2016-17,Juventus,Rugani,Daniele Rugani,1301,14
2016-17,Lazio,Luis Alberto,Luis Alberto,1219,9
2016-17,Lazio,Strakosha,Thomas Strakosha,1214,21
2016-17,Torino,Aramu,Mattia Aramu,1566,1
2016-17,Udinese,Jankto,Jakub Jankto,1146,29
2016-17,Fiorentina,De Maio,Sebastien De Maio,1431,5
2016-17,Cagliari,Melchiorri,Federico Melchiorri,1407,10
2016-17,Fiorentina,Salcedo,Carlos Salcedo,1417,16
2016-17,Empoli,Mchedlidze,Levan Mchedlidze,1319,15
2016-17,Chievo,Izco,Mariano Izco,1339,25
2016-17,Juventus,Cuadrado,Juan Cuadrado,1089,30
2016-17,Udinese,Ewandro,Ewandro,1585,5
2016-17,Atalanta,Pesic,Aleksandar Pesic,1582,6
2016-17,Atalanta,Caldara,Mattia Caldara,1486,30
2016-17,Napoli,Maksimovic,Nikola Maksimovic,1377,8
2016-17,Napoli,Giaccherini,Emanuele Giaccherini,1033,16
2016-17,Genoa,Ninkovic,Nicola Ninkovic,1103,16
2016-17,Juventus,Sturaro,Stefano Sturaro,1296,20
2016-17,Pescara,Muric R.,Robert Muric,1571,5
2016-17,Chievo,Frey,Nicolas Frey,1344,15
2016-17,Inter,Ansaldi,Cristian Ansaldi,1515,21
2016-17,Palermo,Bouy,Ouasim Bouy,1283,2
2016-17,Fiorentina,Zarate,Mauro Zárate,939,6
2016-17,Lazio,Leitner,Moritz Leitner,1217,2
2016-17,Atalanta,Stendardo,Guglielmo Stendardo,1556,1
2016-17,Empoli,Veseli,Frederic Veseli,1316,17
2016-17,Bologna,Mbaye,Ibrahima Mbaye,1458,15
2016-17,Bologna,Helander,Filip Helander,1440,11
2016-17,Bologna,Sadiq,Umar Sadiq,1450,7
2016-17,Bologna,Floccari,Sergio Floccari,1446,5
2016-17,Napoli,El Kaddouri,Omar El Kaddouri,1385,5
2016-17,Roma,Gerson,Gerson,1258,4
2016-17,Torino,Lukic,Sasa Lukic,1537,14
2016-17,Pescara,Vitturini,Davide Vitturini,1529,3
2016-17,Crotone,Mesbah,Djamel Mesbah,1365,9
2016-17,Fiorentina,Diks,Kevin Diks,1427,2
2016-17,Fiorentina,Hagi,Ianis Hagi,1428,2
2016-17,Fiorentina,Olivera M.,Maximiliano Olivera,1420,16
2016-17,Napoli,Diawara,Amadou Diawara,1380,18
2016-17,Palermo,Morganella,Michel Morganella,1267,11
2016-17,Sampdoria,Djuricic,Filip Djuricic,1233,19
2016-17,Sampdoria,Puggioni,Christian Puggioni,1220,21
2016-17,Sampdoria,Palombo,Angelo Palombo,1232,4
2016-17,Lazio,Prce,Franjo Prce,1211,1
2016-17,Bologna,Mounier,Anthony Mounier,1451,6
2016-17,Juventus,Marchisio,Claudio Marchisio,1300,18
2016-17,Cagliari,Dessena,Daniele Dessena,1412,18
2016-17,Palermo,Pezzella Giu.,Giuseppe Pezzella,1281,10
2016-17,Roma,Rudiger,Antonio Rüdiger,1822,26
2016-17,Sassuolo,Terranova,Emanuele Terranova,1527,3
2016-17,Sassuolo,Dell'orco,Cristian Dell&#039;Orco,1476,9
2016-17,AC Milan,Pasalic,Mario Pasalic,1134,23
2016-17,Palermo,Lo Faso,Simone Lo Faso,1280,10
2016-17,AC Milan,Fernandez M,Matías Fernández,1622,13
2016-17,Pescara,Pettinari,Stefano Pettinari,1177,6
2016-17,Empoli,Matheus Pereira,Matheus Pereira,1327,1
2016-17,Bologna,Ferrari A.,Alex Ferrari,1454,1
2016-17,Atalanta,Migliaccio,Giulio Migliaccio,1503,3
2016-17,Bologna,Okwonkwo,Orji Okwonkwo,4929,9
2016-17,Juventus,Kean,Moise Kean,1304,3
2016-17,Pescara,Bruno,Alessandro Bruno,1176,14
2016-17,Udinese,Faraoni,Marco Faraoni,3978,5
2016-17,Genoa,Cofie,Isaac Cofie,1112,14
2016-17,Genoa,Biraschi,Davide Biraschi,1114,7
2016-17,Fiorentina,Perez,Joshua Pérez,4975,1
2016-17,Napoli,Rog,Marko Rog,1390,15
2016-17,Palermo,Trajkovski,Aleksandar Trajkovski,1837,11
2016-17,Chievo,Bastien,Samuel Bastien,1343,12
2016-17,Chievo,Costa F,Filippo Costa,1559,1
2016-17,Genoa,Pellegri,Pietro Pellegri,4932,3
2016-17,Chievo,Kiyine,Sofian Kiyine,4942,7
2016-17,Genoa,Pinilla,Mauricio Pinilla,1494,12
2016-17,Juventus,Rincon,Tomás Rincón,1099,12
2016-17,Lazio,Rossi A,Alessandro Rossi,2031,3
2016-17,Napoli,Tonelli,Lorenzo Tonelli,1394,3
2016-17,Sassuolo,Aquilani,Alberto Aquilani,1167,16
2016-17,Torino,Iturbe,Juan Iturbe,827,16
2016-17,Inter,Andreolli,Marco Andreolli,2603,6
2016-17,Crotone,Gnahore',Eddy Gnahore,1627,1
2016-17,Inter,Gagliardini,Roberto Gagliardini,1496,18
2016-17,Genoa,Cataldi,Danilo Cataldi,1206,13
2016-17,AC Milan,Vangioni,Leonel Vangioni,1560,14
2016-17,Pescara,Cerri,Alberto Cerri,4906,12
2016-17,Pescara,Gilardino,Alberto Gilardino,1552,3
2016-17,Cagliari,Farago',Paolo Faragò,4912,9
2016-17,Atalanta,Melegoni,Filippo Melegoni,4959,1
2016-17,Atalanta,Bastoni,Alessandro Bastoni,4939,3
2016-17,Pescara,Stendardo,Guglielmo Stendardo,1556,8
2016-17,Empoli,Thiam,Mame Thiam,4938,15
2016-17,Cagliari,Miangue,Senna Miangue,1549,4
2016-17,Empoli,Zajc,Miha Zajc,4937,5
2016-17,Fiorentina,Sportiello,Marco Sportiello,1501,1
2016-17,Genoa,Hiljemark,Oscar Hiljemark,1284,14
2016-17,Genoa,Taarabt,Adel Taarabt,4450,6
2016-17,AC Milan,Deulofeu,Gerard Deulofeu,591,16
2016-17,Napoli,Pavoletti,Leonardo Pavoletti,1104,6
2016-17,Palermo,Sunjic,Toni Sunjic,57,7
2016-17,Pescara,Cubas,Adrián Cubas,4904,1
2016-17,Pescara,Kastanos,Grigoris Kastanos,4951,7
2016-17,Sampdoria,Bereszynski,Bartosz Bereszynski,4907,13
2016-17,Atalanta,Mounier,Anthony Mounier,1451,5
2016-17,Atalanta,Cristante,Bryan Cristante,1168,12
2016-17,Cagliari,Serra,Federico Serra,5026,1
2016-17,Palermo,Stefan Silva,Stefan Silva,4936,1
2016-17,Crotone,Kotnik,Andrej Kotnik,4922,2
2016-17,Roma,Grenier,Clément Grenier,3568,6
2016-17,Pescara,Muntari,Sulley Muntari,3943,9
2016-17,Lazio,Tounkara,Mamadou Tounkara,4004,1
2016-17,Bologna,Petkovic,Bruno Petkovic,4930,11
2016-17,AC Milan,Ocampos,Lucas Ocampos,1109,12
2016-17,AC Milan,Zapata C.,Cristian Zapata,1133,14
2016-17,Genoa,Palladino,Raffaele Palladino,1361,12
2016-17,Empoli,El Kaddouri,Omar El Kaddouri,1385,15
2016-17,Torino,Ajeti,Arlind Ajeti,1191,4
2016-17,Chievo,Gakpe',Serge Gakpe,1581,8
2016-17,Inter,Pinamonti,Andrea Pinamonti,4895,2
2016-17,Cagliari,Ibarbo,Víctor Ibarbo,947,3
2016-17,Torino,Gustafson,Samuel Gustafson,1538,5
2016-17,Crotone,Acosty,Boadu Maxwell Acosty,4923,10
2016-17,Roma,Mario Rui,Mário Rui,1792,5
2016-17,Fiorentina,Saponara,Riccardo Saponara,1313,11
2016-17,Cagliari,Gabriel,Gabriel,1132,3
2016-17,Pescara,Bovo,Cesare Bovo,1197,10
2016-17,Genoa,Morosini,Leonardo Morosini,4933,4
2016-17,Crotone,Cuomo,Giuseppe Cuomo,1591,1
2016-17,Chievo,Depaoli,Fabio Depaoli,1624,6
2016-17,Palermo,Fulignati,Andrea Fulignati,1278,9
2016-17,Udinese,Gabriel Silva,Gabriel Silva,1920,5
2016-17,Udinese,Scuffet,Simone Scuffet,1158,6
2016-17,Atalanta,Hateboer,Hans Hateboer,4941,6
2016-17,Atalanta,Gollini,Pierluigi Gollini,1841,4
2016-17,Pescara,Coulibaly M.,Mamadou Coulibaly,4903,9
2016-17,Genoa,Rubinho,Rubinho,1805,2
2016-17,Genoa,Beghetto,Andrea Beghetto,4934,3
2016-17,Cagliari,Han,Han Kwang Song,4914,5
2016-17,Chievo,Seculin,Andrea Seculin,1345,4
2016-17,Napoli,Rafael Cabral,Rafael Cabral,1388,1
2016-17,Pescara,Milicevic,Hrvoje Milicevic,4905,3
2016-17,Pescara,Fiorillo,Vincenzo Fiorillo,1175,9
2016-17,Torino,Carlao,Carlao,4902,4
2016-17,Atalanta,Cabezas,Bryan Cabezas,1498,1
2016-17,Cagliari,Colombo R.,Roberto Colombo,1413,1
2016-17,Inter,Biabiany,Jonathan Biabiany,1600,1
2016-17,Juventus,Mandragora,Rolando Mandragora,3821,1
2016-17,Lazio,Crecco,Luca Crecco,4924,3
2016-17,Torino,Avelar,Danilo Avelar,1933,3
2016-17,Fiorentina,Mlakar,Jan Mlakar,4955,1
2016-17,Udinese,Balic,Andrija Balic,1155,4
2016-17,Empoli,Jakupovic,Arnel Jakupovic,4983,1
2016-17,Chievo,Sardo,Gennaro Sardo,1346,1
2016-17,Palermo,Ruggiero,Gennaro Ruggiero,4935,2
2016-17,Crotone,Suljic,Cazim Suljic,3763,1
2016-17,AC Milan,Cutrone,Patrick Cutrone,4918,1
2016-17,Lazio,Vargic,Ivan Vargic,1216,1
2016-17,Chievo,Vignato,Emanuel Vignato,4943,2
2016-17,Juventus,Audero,Emil Audero,1302,1
2016-17,Crotone,Borello,Giuseppe Borello,4921,1
2016-17,Lazio,Spizzichino,Giorgio Spizzichino,4925,1
2016-17,Cagliari,Biancu,Roberto Biancu,4913,1
2016-17,Cagliari,Crosta,Luca Crosta,1578,1
2016-17,Fiorentina,Dragowski,Bartlomiej Dragowski,1555,1
2016-17,Sassuolo,Pegolo,Gianluca Pegolo,1480,1
2016-17,Inter,Carrizo,Juan Pablo Carrizo,1519,1
2016-17,Inter,Sainsbury,Trent Sainsbury,4894,1
2017-18,Atalanta,Cornelius,Andreas Cornelius,6156,21
2017-18,Atalanta,Palomino,José Luis Palomino,4733,25
2017-18,Atalanta,Berisha,Etrit Berisha,1483,29
2017-18,Atalanta,Petagna,Andrea Petagna,1493,27
2017-18,Atalanta,Hateboer,Hans Hateboer,4941,31
2017-18,Atalanta,Toloi,Rafael Toloi,1484,29
2017-18,Atalanta,Gomez,Alejandro Gomez,1491,31
2017-18,Atalanta,Ilicic,Josip Ilicic,1426,30
2017-18,Atalanta,Cristante,Bryan Cristante,1168,34
2017-18,Atalanta,Gosens,Robin Gosens,6155,20
2017-18,Atalanta,Kurtic,Jasmin Kurtic,1492,14
2017-18,Atalanta,Freuler,Remo Freuler,1488,34
2017-18,Atalanta,Masiello,Andrea Masiello,1485,30
2017-18,Atalanta,De Roon,Marten de Roon,1710,32
2017-18,Roma,Alisson,Alisson,1257,37
2017-18,Roma,Juan Jesus,Juan Jesus,1247,22
2017-18,Roma,Bruno Peres,Bruno Peres,1567,18
2017-18,Roma,Strootman,Kevin Strootman,1256,32
2017-18,Roma,Nainggolan,Radja Nainggolan,1251,31
2017-18,Roma,Defrel,Gregoire Defrel,1468,15
2017-18,Roma,Kolarov,Aleksandar Kolarov,621,35
2017-18,Roma,Perotti,Diego Perotti,1539,25
2017-18,Roma,Fazio,Federico Fazio,1000,34
2017-18,Roma,Dzeko,Edin Dzeko,1253,36
2017-18,Roma,Manolas,Kostas Manolas,1246,29
2017-18,Roma,Pellegrini Lo.,Lorenzo Pellegrini,1471,28
2017-18,Roma,El Shaarawy,Stephan El Shaarawy,1252,33
2017-18,Roma,De Rossi,Daniele De Rossi,1249,22
2017-18,Bologna,Taider,Saphir Taïder,1442,9
2017-18,Bologna,Verdi,Simone Verdi,1445,34
2017-18,Bologna,Krejci,Ladislav Krejci,1447,12
2017-18,Bologna,Donsah,Godfred Donsah,1452,28
2017-18,Bologna,Mirante,Antonio Mirante,1609,33
2017-18,Bologna,Torosidis,Vasilis Torosidis,1438,16
2017-18,Bologna,Masina,Adam Masina,1441,34
2017-18,Bologna,Pulgar,Erick Pulgar,1448,32
2017-18,Bologna,Maietta,Domenico Maietta,1439,7
2017-18,Bologna,Destro,Mattia Destro,1580,26
2017-18,Bologna,Palacio,Rodrigo Palacio,1518,28
2017-18,Bologna,Poli,Andrea Poli,1117,32
2017-18,Bologna,De Maio,Sebastien De Maio,1431,26
2017-18,Bologna,Di Francesco F.,Federico Di Francesco,1449,24
2017-18,Torino,Iago Falque,Iago Falque,1185,36
2017-18,Torino,Rincon,Tomás Rincón,1099,35
2017-18,Torino,Obi,Joel Obi,1190,21
2017-18,Torino,Ljajic,Adem Ljajic,1187,26
2017-18,Torino,Sirigu,Salvatore Sirigu,3301,36
2017-18,Torino,Acquah,Afriyie Acquah,1192,22
2017-18,Torino,Belotti,Andrea Belotti,1186,31
2017-18,Torino,Zappacosta,Davide Zappacosta,1178,2
2017-18,Torino,Moretti,Emiliano Moretti,1196,21
2017-18,Torino,Berenguer,Alex Berenguer,5091,22
2017-18,Torino,Molinaro,Cristian Molinaro,1597,20
2017-18,Torino,N'koulou,Nicolas N&#039;Koulou,3387,37
2017-18,Crotone,Budimir,Ante Budimir,1235,22
2017-18,Crotone,Barberis,Andrea Barberis,1372,37
2017-18,Crotone,Dussenne,Noe Dussenne,1366,1
2017-18,Crotone,Ceccherini,Federico Ceccherini,1370,36
2017-18,Crotone,Trotta,Marcello Trotta,1369,33
2017-18,Crotone,Rohden,Marcus Rohden,1364,25
2017-18,Crotone,Faraoni,Marco Faraoni,3978,27
2017-18,Crotone,Cabrera,Leandro Cabrera,6168,5
2017-18,Crotone,Izco,Mariano Izco,1339,5
2017-18,Crotone,Cordaz,Alex Cordaz,1351,37
2017-18,Crotone,Martella,Bruno Martella,1355,30
2017-18,Crotone,Nalini,Andrea Nalini,1528,23
2017-18,Crotone,Stoian,Adrian Stoian,1363,32
2017-18,Crotone,Mandragora,Rolando Mandragora,3821,36
2017-18,AC Milan,Andre' Silva,André Silva,6170,24
2017-18,AC Milan,Suso,Suso,1129,34
2017-18,AC Milan,Musacchio,Mateo Musacchio,2495,15
2017-18,AC Milan,Cutrone,Patrick Cutrone,4918,27
2017-18,AC Milan,Kessie',Franck Kessié,1489,36
2017-18,AC Milan,Borini,Fabio Borini,737,28
2017-18,AC Milan,Locatelli,Manuel Locatelli,1122,20
2017-18,AC Milan,Conti,Andrea Conti,1487,2
2017-18,AC Milan,Abate,Ignazio Abate,1135,17
2017-18,AC Milan,Calhanoglu,Hakan Calhanoglu,189,30
2017-18,AC Milan,Bonucci,Leonardo Bonucci,1287,34
2017-18,AC Milan,Mauri J,José Mauri,1310,1
2017-18,AC Milan,Donnarumma G.,Gianluigi Donnarumma,1116,37
2017-18,AC Milan,Rodriguez R.,Ricardo Rodríguez,308,33
2017-18,Verona,Romulo,Rômulo,1849,36
2017-18,Verona,Nicolas,Nícolas,6129,36
2017-18,Verona,Bessa,Daniel Bessa,6130,17
2017-18,Verona,Cerci,Alessio Cerci,2006,23
2017-18,Verona,Verde,Daniele Verde,2044,29
2017-18,Verona,Buchel,Marcel Büchel,1325,22
2017-18,Verona,Fares,Mohamed Fares,1956,30
2017-18,Verona,Zaccagni,Mattia Zaccagni,1958,6
2017-18,Verona,Caceres,Martín Cáceres,1942,14
2017-18,Verona,Heurtaux,Thomas Heurtaux,1149,17
2017-18,Verona,Valoti,Mattia Valoti,3899,25
2017-18,Verona,Pazzini,Giampaolo Pazzini,1847,19
2017-18,Verona,Souprayen,Samuel Souprayen,1954,21
2017-18,Verona,Ferrari A.,Alex Ferrari,1454,24
2017-18,Napoli,Allan,Allan,1379,38
2017-18,Napoli,Mertens,Dries Mertens,1384,38
2017-18,Napoli,Ghoulam,Faouzi Ghoulam,1387,11
2017-18,Napoli,Hysaj,Elseid Hysaj,1375,35
2017-18,Napoli,Zielinski,Piotr Zielinski,1386,36
2017-18,Napoli,Reina,José Reina,1374,37
2017-18,Napoli,Hamsik,Marek Hamsik,1381,38
2017-18,Napoli,Giaccherini,Emanuele Giaccherini,1033,4
2017-18,Napoli,Chiriches,Vlad Chiriches,1395,7
2017-18,Napoli,Diawara,Amadou Diawara,1380,18
2017-18,Napoli,Koulibaly,Kalidou Koulibaly,1376,35
2017-18,Napoli,Callejon,José Callejón,1382,38
2017-18,Napoli,Milik,Arkadiusz Milik,1583,15
2017-18,Napoli,Insigne,Lorenzo Insigne,1393,37
2017-18,Inter,Eder,Éder,1514,28
2017-18,Inter,Borja Valero,Borja Valero,1422,35
2017-18,Inter,Miranda,Miranda,1507,30
2017-18,Inter,Handanovic,Samir Handanovic,1505,37
2017-18,Inter,Candreva,Antonio Candreva,1517,35
2017-18,Inter,Perisic,Ivan Perisic,448,36
2017-18,Inter,Vecino,Matías Vecino,1423,29
2017-18,Inter,Brozovic,Marcelo Brozovic,1511,30
2017-18,Inter,Nagatomo,Yuto Nagatomo,1506,11
2017-18,Inter,Icardi,Mauro Icardi,1513,33
2017-18,Inter,Gagliardini,Roberto Gagliardini,1496,29
2017-18,Inter,Skriniar,Milan Skriniar,1223,37
2017-18,Inter,D'ambrosio,Danilo D&#039;Ambrosio,1523,33
2017-18,Inter,Joao Mario N.,João Mário,1512,14
2017-18,Fiorentina,Gil Dias,Gil Dias,3769,26
2017-18,Fiorentina,Vitor Hugo,Vitor Hugo,6171,18
2017-18,Fiorentina,Astori,Davide Astori,1419,25
2017-18,Fiorentina,Simeone,Giovanni Simeone,1102,37
2017-18,Fiorentina,Sportiello,Marco Sportiello,1501,36
2017-18,Fiorentina,Tomovic,Nenad Tomovic,1435,2
2017-18,Fiorentina,Cristoforo,Sebastián Cristóforo,1436,7
2017-18,Fiorentina,Veretout,Jordan Veretout,677,35
2017-18,Fiorentina,Babacar,Khouma Babacar,1434,16
2017-18,Fiorentina,Zekhnini,Rafik Zekhnini,6172,1
2017-18,Fiorentina,Benassi,Marco Benassi,1183,34
2017-18,Fiorentina,Eysseric,Valentin Eysseric,3515,20
2017-18,Fiorentina,Sanchez C,Carlos Sánchez,667,9
2017-18,Fiorentina,Olivera M.,Maximiliano Olivera,1420,7
2017-18,Juventus,Alex Sandro,Alex Sandro,1289,25
2017-18,Juventus,Douglas Costa,Douglas Costa,393,30
2017-18,Juventus,Higuain,Gonzalo Higuaín,1293,34
2017-18,Juventus,Khedira,Sami Khedira,1292,26
2017-18,Juventus,Cuadrado,Juan Cuadrado,1089,21
2017-18,Juventus,Mandzukic,Mario Mandzukic,1295,31
2017-18,Juventus,Buffon,Gianluigi Buffon,1285,20
2017-18,Juventus,Dybala,Paulo Dybala,1294,32
2017-18,Juventus,Matuidi,Blaise Matuidi,3296,31
2017-18,Juventus,Lichtsteiner,Stephan Lichtsteiner,1303,26
2017-18,Juventus,Chiellini,Giorgio Chiellini,1576,25
2017-18,Juventus,Marchisio,Claudio Marchisio,1300,15
2017-18,Juventus,Rugani,Daniele Rugani,1301,22
2017-18,Juventus,Pjanic,Miralem Pjanic,1290,30
2017-18,Cagliari,Joao Pedro,João Pedro,1592,22
2017-18,Cagliari,Padoin,Simone Padoin,1403,37
2017-18,Cagliari,Cigarini,Luca Cigarini,1238,26
2017-18,Cagliari,Ionita,Artur Ionita,1604,35
2017-18,Cagliari,Capuano,Marco Capuano,1408,9
2017-18,Cagliari,Pisacane,Fabio Pisacane,1397,23
2017-18,Cagliari,Barella,Nicolò Barella,1409,33
2017-18,Cagliari,Dessena,Daniele Dessena,1412,16
2017-18,Cagliari,Farias,Diego Farias,1605,28
2017-18,Cagliari,Cragno,Alessio Cragno,3927,28
2017-18,Cagliari,Sau,Marco Sau,1406,28
2017-18,Cagliari,Andreolli,Marco Andreolli,2603,22
2017-18,Cagliari,Cop,Duje Cop,2340,2
2017-18,Cagliari,Farago',Paolo Faragò,4912,34
2017-18,Lazio,Luis Alberto,Luis Alberto,1219,34
2017-18,Lazio,Wallace,Wallace,1202,13
2017-18,Lazio,Radu,Stefan Radu,1542,31
2017-18,Lazio,Basta,Dusan Basta,1201,11
2017-18,Lazio,Caicedo,Felipe Caicedo,2116,22
2017-18,Lazio,Lulic,Senad Lulic,1205,35
2017-18,Lazio,Immobile,Ciro Immobile,1209,33
2017-18,Lazio,Palombi,Simone Palombi,2037,1
2017-18,Lazio,Marusic,Adam Marusic,6176,32
2017-18,Lazio,Parolo,Marco Parolo,1207,31
2017-18,Lazio,Strakosha,Thomas Strakosha,1214,38
2017-18,Lazio,Milinkovic-Savic,Sergej Milinkovic-Savic,1543,35
2017-18,Lazio,De Vrij,Stefan de Vrij,1541,36
2017-18,Lazio,Lukaku J.,Jordan Lukaku,1563,30
2017-18,SPAL 2013,Vicari,Francesco Vicari,6179,34
2017-18,SPAL 2013,Lazzari,Manuel Lazzari,6180,36
2017-18,SPAL 2013,Schiattarella,Pasquale Schiattarella,6182,31
2017-18,SPAL 2013,Floccari,Sergio Floccari,1446,20
2017-18,SPAL 2013,Oikonomou,Marios Oikonomou,1453,4
2017-18,SPAL 2013,Borriello,Marco Borriello,1405,15
2017-18,SPAL 2013,Viviani,Federico Viviani,1456,29
2017-18,SPAL 2013,Vaisanen,Sauli Vaisanen,6178,7
2017-18,SPAL 2013,Paloschi,Alberto Paloschi,716,36
2017-18,SPAL 2013,Cremonesi,Michele Cremonesi,6183,5
2017-18,SPAL 2013,Mattiello,Federico Mattiello,1546,29
2017-18,SPAL 2013,Mora,Luca Mora,6181,17
2017-18,SPAL 2013,Gomis A.,Alfred Gomis,1455,26
2017-18,SPAL 2013,Costa F,Filippo Costa,1559,23
2017-18,Sampdoria,Silvestre,Matías Silvestre,1222,34
2017-18,Sampdoria,Djuricic,Filip Djuricic,1233,1
2017-18,Sampdoria,Bonazzoli,Federico Bonazzoli,2019,1
2017-18,Sampdoria,Barreto,Edgar Barreto,1225,28
2017-18,Sampdoria,Praet,Dennis Praet,1234,31
2017-18,Sampdoria,Ramirez,Gastón Ramírez,952,36
2017-18,Sampdoria,Torreira,Lucas Torreira,1227,36
2017-18,Sampdoria,Linetty,Karol Linetty,1226,28
2017-18,Sampdoria,Puggioni,Christian Puggioni,1220,9
2017-18,Sampdoria,Quagliarella,Fabio Quagliarella,1230,35
2017-18,Sampdoria,Caprari,Gianluca Caprari,1170,33
2017-18,Sampdoria,Sala,Jacopo Sala,1221,13
2017-18,Sampdoria,Regini,Vasco Regini,1224,13
2017-18,Sampdoria,Pavlovic D.,Daniel Pavlovic,1602,1
2017-18,Benevento,Cataldi,Danilo Cataldi,1206,29
2017-18,Benevento,Costa,Andrea Costa,1307,16
2017-18,Benevento,Ciciretti,Amato Ciciretti,6193,12
2017-18,Benevento,Lucioni,Fabio Lucioni,6192,8
2017-18,Benevento,Viola,Nicolas Viola,6196,23
2017-18,Benevento,Puscas,George Puscas,3872,11
2017-18,Benevento,Belec,Vid Belec,1908,13
2017-18,Benevento,Venuti,Lorenzo Venuti,6191,30
2017-18,Benevento,Letizia,Gaetano Letizia,1972,28
2017-18,Benevento,Cisse' K,Karamoko Cissé,6195,2
2017-18,Benevento,D'alessandro,Marco D&#039;Alessandro,1502,15
2017-18,Benevento,Del Pinto,Lorenzo Del Pinto,6194,14
2017-18,Benevento,Coda M,Massimo Coda,3832,24
2017-18,Benevento,Di Chiara,Gianluca Di Chiara,6197,13
2017-18,Sassuolo,Falcinelli,Diego Falcinelli,1360,20
2017-18,Sassuolo,Peluso,Federico Peluso,1464,30
2017-18,Sassuolo,Lirola,Pol Lirola,1461,23
2017-18,Sassuolo,Duncan,Alfred Duncan,1474,26
2017-18,Sassuolo,Missiroli,Simone Missiroli,1603,34
2017-18,Sassuolo,Politano,Matteo Politano,1473,35
2017-18,Sassuolo,Ragusa,Antonino Ragusa,1481,29
2017-18,Sassuolo,Sensi,Stefano Sensi,1465,17
2017-18,Sassuolo,Acerbi,Francesco Acerbi,1463,37
2017-18,Sassuolo,Berardi,Domenico Berardi,1612,30
2017-18,Sassuolo,Consigli,Andrea Consigli,1460,36
2017-18,Sassuolo,Cannavaro,Paolo Cannavaro,1462,19
2017-18,Sassuolo,Magnanelli,Francesco Magnanelli,1466,31
2017-18,Sassuolo,Matri,Alessandro Matri,1472,23
2017-18,Genoa,Miguel Veloso,Miguel Veloso,1098,22
2017-18,Genoa,Bertolacci,Andrea Bertolacci,1641,33
2017-18,Genoa,Taarabt,Adel Taarabt,4450,22
2017-18,Genoa,Laxalt,Diego Laxalt,1100,31
2017-18,Genoa,Pandev,Goran Pandev,1115,32
2017-18,Genoa,Palladino,Raffaele Palladino,1361,4
2017-18,Genoa,Galabinov,Andrej Galabinov,6201,20
2017-18,Genoa,Rossettini,Luca Rossettini,1180,22
2017-18,Genoa,Gentiletti,Santiago Gentiletti,1107,4
2017-18,Genoa,Lazovic,Darko Lazovic,1106,21
2017-18,Genoa,Perin,Mattia Perin,1093,36
2017-18,Genoa,Omeonga,Stephane Omeonga,6202,18
2017-18,Genoa,Biraschi,Davide Biraschi,1114,22
2017-18,Genoa,Salcedo E.,Eddie Salcedo,6203,2
2017-18,Udinese,Samir,Samir,1142,30
2017-18,Udinese,Perica,Stipe Perica,1154,21
2017-18,Udinese,Jankto,Jakub Jankto,1146,35
2017-18,Udinese,Wague,Molla Wagué,1159,1
2017-18,Udinese,Thereau,Cyril Théréau,1147,2
2017-18,Udinese,Scuffet,Simone Scuffet,1158,6
2017-18,Udinese,Hallfredsson,Emil Hallfredsson,1151,18
2017-18,Udinese,Behrami,Valon Behrami,570,20
2017-18,Udinese,Fofana,Seko Fofana,1144,27
2017-18,Udinese,Lasagna,Kevin Lasagna,1903,28
2017-18,Udinese,Nuytinck,Bram Nuytinck,6206,27
2017-18,Udinese,Angella,Gabriele Angella,1088,12
2017-18,Udinese,De Paul,Rodrigo de Paul,1145,36
2017-18,Udinese,Pezzella Giu.,Giuseppe Pezzella,1281,14
2017-18,Chievo,Hetemaj,Perparim Hetemaj,1334,31
2017-18,Chievo,Radovanovic,Ivan Radovanovic,1341,34
2017-18,Chievo,Cacciatore,Fabrizio Cacciatore,1329,32
2017-18,Chievo,Pucciarelli,Manuel Pucciarelli,1318,22
2017-18,Chievo,Gobbi,Massimo Gobbi,1332,23
2017-18,Chievo,Pellissier,Sergio Pellissier,1347,18
2017-18,Chievo,Inglese,Roberto Inglese,1340,33
2017-18,Chievo,Garritano,Luca Garritano,4010,11
2017-18,Chievo,Sorrentino,Stefano Sorrentino,1328,37
2017-18,Chievo,Gamberini,Alessandro Gamberini,1330,22
2017-18,Chievo,Dainelli,Dario Dainelli,1331,21
2017-18,Chievo,Castro,Lucas Castro,1333,24
2017-18,Chievo,Birsa,Valter Birsa,1336,34
2017-18,Chievo,Rigoni N,Nicola Rigoni,1335,15
2017-18,Benevento,Ceravolo,Fabio Ceravolo,6235,1
2017-18,Bologna,Mbaye,Ibrahima Mbaye,1458,25
2017-18,Bologna,Crisetig,Lorenzo Crisetig,1356,8
2017-18,Bologna,Helander,Filip Helander,1440,29
2017-18,Chievo,Cesar,Bostjan Cesar,1572,9
2017-18,Lazio,Lucas Leiva,Lucas Leiva,475,36
2017-18,Crotone,Simy,Simy,1362,22
2017-18,Crotone,Sampirisi,Mario Sampirisi,1371,30
2017-18,Crotone,Crociata,Giovanni Crociata,6169,10
2017-18,Crotone,Kragl,Oliver Kragl,1863,5
2017-18,Crotone,Ajeti,Arlind Ajeti,1191,20
2017-18,Verona,Zuculini B,Bruno Zuculini,4067,16
2017-18,Fiorentina,Biraghi,Cristiano Biraghi,1164,33
2017-18,Fiorentina,Chiesa,Federico Chiesa,1433,35
2017-18,Fiorentina,Badelj,Milan Badelj,1430,27
2017-18,Fiorentina,Gaspar B,Bruno Gaspar,6173,15
2017-18,Fiorentina,Pezzella Ger.,Germán Pezzella,2143,33
2017-18,Sampdoria,Murru,Nicola Murru,1400,19
2017-18,Sampdoria,Bereszynski,Bartosz Bereszynski,4907,30
2017-18,Sampdoria,Ferrari G.,Gianmarco Ferrari,1354,29
2017-18,Sampdoria,Alvarez R,Ricardo Álvarez,1231,11
2017-18,Genoa,Lapadula,Gianluca Lapadula,1136,27
2017-18,Genoa,Centurion,Ricardo Centurión,6204,3
2017-18,Juventus,Bentancur,Rodrigo Bentancur,6108,20
2017-18,Juventus,Barzagli,Andrea Barzagli,1286,24
2017-18,AC Milan,Montolivo,Riccardo Montolivo,1573,17
2017-18,AC Milan,Biglia,Lucas Biglia,1589,28
2017-18,AC Milan,Kalinic,Nikola Kalinic,1425,30
2017-18,AC Milan,Antonelli,Luca Antonelli,1590,6
2017-18,Cagliari,Cossu,Andrea Cossu,3936,11
2017-18,Napoli,Jorginho,Jorginho,1389,33
2017-18,Napoli,Albiol,Raúl Albiol,1588,31
2017-18,Napoli,Maggio,Christian Maggio,1391,13
2017-18,Napoli,Rog,Marko Rog,1390,28
2017-18,Roma,Tumminello,Marco Tumminello,1945,1
2017-18,Roma,Under,Cengiz Ünder,6162,26
2017-18,Inter,Dalbert,Dalbert,5699,13
2017-18,Inter,Cancelo,João Cancelo,2379,25
2017-18,SPAL 2013,Salamon,Bartosz Salamon,1398,22
2017-18,SPAL 2013,Rizzo,Luca Rizzo,1457,11
2017-18,SPAL 2013,Antenucci,Mirco Antenucci,6187,33
2017-18,SPAL 2013,Schiavon,Eros Schiavon,6185,12
2017-18,Udinese,Barak,Antonin Barak,6208,33
2017-18,Udinese,Danilo Lar.,Danilo,1140,31
2017-18,Torino,Barreca,Antonio Barreca,1181,8
2017-18,Torino,Edera,Simone Edera,2010,14
2017-18,Torino,De Silvestri,Lorenzo De Silvestri,1193,34
2017-18,Sassuolo,Gazzola,Marcello Gazzola,1478,9
2017-18,Sassuolo,Adjapong,Claud Adjapong,1475,15
2017-18,Atalanta,Castagne,Timothy Castagne,6157,19
2017-18,Atalanta,Caldara,Mattia Caldara,1486,24
2017-18,Sassuolo,Mazzitelli,Luca Mazzitelli,1477,20
2017-18,Sassuolo,Letschert,Timo Letschert,1575,7
2017-18,Benevento,Lazaar,Achraf Lazaar,1838,9
2017-18,Benevento,Iemmello,Pietro Iemmello,1469,15
2017-18,Benevento,Memushaj,Ledian Memushaj,1169,17
2017-18,Benevento,Antei,Luca Antei,1482,8
2017-18,Torino,Baselli,Daniele Baselli,1182,31
2017-18,Torino,Niang,M&#039;Baye Niang,1126,26
2017-18,Bologna,Petkovic,Bruno Petkovic,4930,9
2017-18,Bologna,Krafth,Emil Krafth,1545,12
2017-18,Cagliari,Pavoletti,Leonardo Pavoletti,1104,32
2017-18,Crotone,Tumminello,Marco Tumminello,1945,8
2017-18,Verona,Kean,Moise Kean,1304,19
2017-18,Fiorentina,Thereau,Cyril Théréau,1147,20
2017-18,SPAL 2013,Grassi,Alberto Grassi,1504,28
2017-18,SPAL 2013,Bonazzoli,Federico Bonazzoli,2019,11
2017-18,Juventus,Bernardeschi,Federico Bernardeschi,1424,22
2017-18,Juventus,Sturaro,Stefano Sturaro,1296,12
2017-18,Juventus,Benatia,Medhi Benatia,328,19
2017-18,Juventus,Szczesny,Wojciech Szczesny,1244,17
2017-18,Juventus,Asamoah,Kwadwo Asamoah,1587,18
2017-18,Chievo,Leris,Mehdi Leris,6211,4
2017-18,Lazio,Luiz Felipe,Luiz Felipe,6177,18
2017-18,Lazio,Bastos,Bastos,1595,21
2017-18,AC Milan,Calabria,Davide Calabria,1574,20
2017-18,AC Milan,Bonaventura,Giacomo Bonaventura,1121,32
2017-18,Sampdoria,Viviano,Emiliano Viviano,1532,26
2017-18,Sampdoria,Strinic,Ivan Strinic,1378,17
2017-18,Sampdoria,Zapata D.,Duván Zapata,1148,30
2017-18,Roma,Gerson,Gerson,1258,24
2017-18,Roma,Florenzi,Alessandro Florenzi,1254,32
2017-18,Roma,Schick,Patrik Schick,1236,22
2017-18,Roma,Antonucci,Mirko Antonucci,6247,2
2017-18,Udinese,Maxi Lopez,Maxi López,1188,28
2017-18,Udinese,Adnan,Ali Adnan,1156,23
2017-18,Udinese,Stryger Larsen,Jens Stryger Larsen,6262,29
2017-18,Genoa,Rosi,Aleandro Rosi,1352,23
2017-18,Chievo,Bastien,Samuel Bastien,1343,21
2017-18,Chievo,Tomovic,Nenad Tomovic,1435,27
2017-18,Chievo,Depaoli,Fabio Depaoli,1624,19
2017-18,Atalanta,Orsolini,Riccardo Orsolini,6160,8
2017-18,Atalanta,Gollini,Pierluigi Gollini,1841,7
2017-18,Crotone,Tonev,Aleksandar Tonev,1359,8
2017-18,Inter,Ranocchia,Andrea Ranocchia,1522,11
2017-18,Bologna,Okwonkwo,Orji Okwonkwo,4929,10
2017-18,Bologna,Gonzalez G,Giancarlo Gonzalez,1534,22
2017-18,Genoa,Brlek,Petar Brlek,6286,5
2017-18,Genoa,Cofie,Isaac Cofie,1112,11
2017-18,Genoa,Spolli,Nicolás Spolli,1342,21
2017-18,Genoa,Zukanovic,Ervin Zukanovic,1497,30
2017-18,Genoa,Pellegri,Pietro Pellegri,4932,6
2017-18,Genoa,Ricci F.,Federico Ricci,1470,5
2017-18,Lazio,Murgia,Alessandro Murgia,1212,16
2017-18,AC Milan,Romagnoli,Alessio Romagnoli,1119,27
2017-18,Udinese,Bajic,Rijad Bajic,6207,5
2017-18,Udinese,Matos,Ryder Matos,1153,4
2017-18,Napoli,Ounas,Adam Ounas,3259,7
2017-18,Benevento,Armenteros,Samuel Armenteros,6295,9
2017-18,Benevento,Parigini,Vittorio Parigini,1348,21
2017-18,Benevento,Lombardi,Cristiano Lombardi,1218,17
2017-18,Benevento,Chibsah,Raman Chibsah,1872,14
2017-18,Roma,Hector Moreno,Héctor Moreno,4059,5
2017-18,Verona,Fossati,Marco Fossati,6134,16
2017-18,Cagliari,Romagna,Filippo Romagna,2058,23
2017-18,Cagliari,Ceppitelli,Luca Ceppitelli,1550,26
2017-18,Torino,Gustafson,Samuel Gustafson,1538,4
2017-18,Torino,Boye',Lucas Boyé,1189,11
2017-18,Atalanta,Vido,Luca Vido,1993,4
2017-18,Atalanta,Bastoni,Alessandro Bastoni,4939,4
2017-18,Crotone,Pavlovic D.,Daniel Pavlovic,1602,9
2017-18,Roma,Gonalons,Maxime Gonalons,3274,16
2017-18,Cagliari,Giannetti,Niccolò Giannetti,1414,8
2017-18,Sassuolo,Biondini,Davide Biondini,1467,7
2017-18,Genoa,Rigoni L,Luca Rigoni,1101,23
2017-18,Verona,Bearzotti,Enrico Bearzotti,6131,6
2017-18,Verona,Caracciolo A,Antonio Caracciolo,6133,32
2017-18,Sampdoria,Verre,Valerio Verre,1569,17
2017-18,Fiorentina,Laurini,Vincent Laurini,1306,22
2017-18,AC Milan,Zapata C.,Cristian Zapata,1133,12
2017-18,SPAL 2013,Felipe,Felipe,1141,30
2017-18,Torino,Lyanco,Lyanco,6252,4
2017-18,Torino,Ansaldi,Cristian Ansaldi,1515,24
2017-18,Cagliari,Miangue,Senna Miangue,1549,11
2017-18,Chievo,Stepinski,Mariusz Stepinski,5718,21
2017-18,Benevento,Gravillon,Andrew Gravillon,4896,2
2017-18,Atalanta,Mancini,Gianluca Mancini,6159,9
2017-18,Atalanta,Spinazzola,Leonardo Spinazzola,1500,17
2017-18,Verona,Lee,Lee Seung-Woo,6285,14
2017-18,Lazio,Patric,Patric,1204,11
2017-18,Lazio,Di Gennaro D,Davide Di Gennaro,1404,2
2017-18,Inter,Karamoh,Yann Karamoh,5700,16
2017-18,Genoa,Migliore,Francesco Migliore,6205,5
2017-18,Udinese,Bizzarri,Albano Bizzarri,1160,31
2017-18,Sampdoria,Capezzi,Leonardo Capezzi,1358,5
2017-18,Bologna,Da Costa,Ângelo Da Costa,1437,4
2017-18,Napoli,Maksimovic,Nikola Maksimovic,1377,2
2017-18,Fiorentina,Saponara,Riccardo Saponara,1313,17
2017-18,Lazio,Nani,Nani,4536,18
2017-18,Lazio,Mauricio N.,Mauricio,1880,1
2017-18,Napoli,Mario Rui,Mário Rui,1792,25
2017-18,Cagliari,Deiola,Alessandro Deiola,1634,12
2017-18,Crotone,Simic S,Stefan Simic,1818,9
2017-18,Torino,Valdifiori,Mirko Valdifiori,1184,13
2017-18,Udinese,Balic,Andrija Balic,1155,20
2017-18,Sampdoria,Kownacki,Dawid Kownacki,6190,22
2017-18,Cagliari,Rafael,Rafael,1410,10
2017-18,Cagliari,Van Der Wiel,Gregory Van der Wiel,3287,5
2017-18,Genoa,Izzo,Armando Izzo,1096,16
2017-18,Torino,Sadiq,Umar Sadiq,1450,3
2017-18,Udinese,Widmer,Silvan Widmer,1139,23
2017-18,Benevento,Brignoli,Alberto Brignoli,1806,12
2017-18,Benevento,Gyamfi,Bright Gyamfi,1831,9
2017-18,Inter,Santon,Davide Santon,1509,15
2017-18,Benevento,Kanoute,Mamadou Kanouté,6313,2
2017-18,Fiorentina,Lo Faso,Simone Lo Faso,1280,2
2017-18,Cagliari,Crosta,Luca Crosta,1578,1
2017-18,Sassuolo,Cassata,Francesco Cassata,1998,9
2017-18,Bologna,Falletti,Cesar Falletti,6372,13
2017-18,Bologna,Nagy,Ádám Nagy,1443,12
2017-18,Chievo,Meggiorini,Riccardo Meggiorini,1337,15
2017-18,Roma,Karsdorp,Rick Karsdorp,6362,1
2017-18,Crotone,Romero A,Aristóteles Romero,6300,6
2017-18,Sassuolo,Pierini,Nicholas Pierini,2012,3
2017-18,Sassuolo,Scamacca,Gianluca Scamacca,6253,3
2017-18,Udinese,Ingelsson,Svante Ingelsson,6210,6
2017-18,Atalanta,Haas,Nicolas Haas,6161,7
2017-18,Napoli,Sepe,Luigi Sepe,1392,1
2017-18,Torino,Burdisso,Nicolas Burdisso,1094,23
2017-18,Juventus,De Sciglio,Mattia De Sciglio,1120,11
2017-18,Lazio,Felipe Anderson,Felipe Anderson,1208,21
2017-18,Sassuolo,Rogerio,Rogerio,6312,13
2017-18,Chievo,Gaudino,Gianluca Gaudino,416,2
2017-18,Juventus,Howedes,Benedikt Höwedes,333,3
2017-18,Benevento,Brignola,Enrico Brignola,6199,17
2017-18,Sassuolo,Goldaniga,Edoardo Goldaniga,1264,12
2017-18,Verona,Zuculini F,Franco Zuculini,1980,11
2017-18,Chievo,Jaroszynski,Pawel Jaroszynski,6213,11
2017-18,Roma,Emerson P.,Emerson,1245,1
2017-18,Verona,Calvano,Simone Calvano,6406,14
2017-18,Fiorentina,Milenkovic,Nikola Milenkovic,6174,15
2017-18,Verona,Tupta,Lubomir Tupta,2042,2
2017-18,Genoa,Rossi,Giuseppe Rossi,1644,9
2017-18,Verona,Felicioli,Gian Filippo Felicioli,3904,5
2017-18,Benevento,Billong,Jean-Claude Billong,6466,5
2017-18,Chievo,Bani,Mattia Bani,6212,15
2017-18,Bologna,Dzemaili,Blerim Dzemaili,1444,15
2017-18,Benevento,Guilherme,Guilherme,6502,11
2017-18,Benevento,Djuricic,Filip Djuricic,1233,14
2017-18,Verona,Matos,Ryder Matos,1153,14
2017-18,Verona,Petkovic,Bruno Petkovic,4930,15
2017-18,Crotone,Capuano,Marco Capuano,1408,16
2017-18,Crotone,Benali,Ahmed Benali,1166,9
2017-18,Crotone,Ricci F.,Federico Ricci,1470,15
2017-18,SPAL 2013,Drame',Boukary Dramé,1490,5
2017-18,SPAL 2013,Kurtic,Jasmin Kurtic,1492,16
2017-18,SPAL 2013,Cionek,Thiago Cionek,1265,15
2017-18,Benevento,Sandro,Sandro,817,14
2017-18,Cagliari,Castan,Leandro Castán,1179,13
2017-18,Cagliari,Lykogiannis,Charalampos Lykogiannis,6517,10
2017-18,Verona,Vukovic,Jagos Vukovic,6518,14
2017-18,SPAL 2013,Meret,Alex Meret,1892,13
2017-18,Inter,Rafinha,Rafinha,2100,16
2017-18,Chievo,Giaccherini,Emanuele Giaccherini,1033,12
2017-18,Bologna,Avenatti,Felipe Avenatti,6530,11
2017-18,Bologna,Orsolini,Riccardo Orsolini,6160,8
2017-18,Fiorentina,Falcinelli,Diego Falcinelli,1360,11
2017-18,Lazio,Caceres,Martín Cáceres,1942,6
2017-18,Genoa,Bessa,Daniel Bessa,6130,10
2017-18,Genoa,Hiljemark,Oscar Hiljemark,1284,14
2017-18,Genoa,Medeiros,Iuri Medeiros,6536,10
2017-18,Genoa,Pereira P.,Pedro Pereira,1241,5
2017-18,Udinese,Zampano,Francesco Zampano,1161,6
2017-18,Benevento,Puggioni,Christian Puggioni,1220,14
2017-18,Verona,Aarons,Rolando Aarons,915,11
2017-18,Sassuolo,Babacar,Khouma Babacar,1434,12
2017-18,Sassuolo,Lemos,Mauricio Lemos,2354,8
2017-18,Atalanta,Barrow,Musa Barrow,6512,11
2017-18,Benevento,Sagna,Bacary Sagna,625,13
2017-18,Inter,Lisandro Lopez,Lisandro López,6506,1
2017-18,Napoli,Tonelli,Lorenzo Tonelli,1394,4
2017-18,SPAL 2013,Everton Luiz,Everton Luiz,6516,11
2017-18,SPAL 2013,Simic L,Lorenco Simic,4908,6
2017-18,Cagliari,Han,Han Kwang Song,4914,7
2017-18,Benevento,Tosca,Alin Tosca,5035,12
2017-18,Benevento,Diabate',Cheick Diabaté,3577,10
2017-18,Fiorentina,Dabo,Bryan Dabo,3340,9
2017-18,Verona,Boldor,Deian Boldor,6519,1
2017-18,Inter,Pinamonti,Andrea Pinamonti,4895,1
2017-18,Bologna,Romagnoli S.,Simone Romagnoli,1971,8
2017-18,Sampdoria,Andersen,Joachim Andersen,6314,6
2017-18,Cagliari,Ceter,Damir Ceter,6551,5
2017-18,Sassuolo,Dell'orco,Cristian Dell&#039;Orco,1476,7
2017-18,Verona,Bianchetti,Matteo Bianchetti,1843,2
2017-18,Bologna,Santurro,Antonio Santurro,6236,1
2017-18,SPAL 2013,Vitale,Mattia Vitale,1941,2
2017-18,Torino,Bonifazi,Kevin Bonifazi,3951,5
2017-18,Udinese,Pontisso,Simone Pontisso,2052,1
2017-18,Sassuolo,Pegolo,Gianluca Pegolo,1480,2
2017-18,Crotone,Diaby,Moussa Diaby,6556,2
2017-18,Bologna,Keita C,Cheick Keita,6428,3
2017-18,Cagliari,Caligara,Fabrizio Caligara,6277,1
2017-18,Genoa,El Yamiq,Jawad El Yamiq,6546,4
2017-18,Fiorentina,Dragowski,Bartlomiej Dragowski,1555,3
2017-18,Verona,Danzi,Andrea Danzi,6375,5
2017-18,Roma,Silva J,Jonathan Silva,6567,2
2017-18,Benevento,Sparandeo,Luca Sparandeo,6468,1
2017-18,Verona,Silvestri,Marco Silvestri,6132,1
2017-18,Roma,Capradossi,Elio Capradossi,5825,2
2017-18,Sampdoria,Stijepovic,Ognjen Stijepovic,6655,1
2017-18,Benevento,Sanogo,Siriki Sanogo,6649,2
2017-18,Genoa,Lamanna,Eugenio Lamanna,1113,1
2017-18,Sampdoria,Belec,Vid Belec,1908,2
2017-18,Atalanta,Rossi F.,Francesco Rossi,4940,1
2017-18,Benevento,Rutjens,Christian Rutjens,6648,1
2017-18,AC Milan,Torrasi,Emanuele Torrasi,6719,1
2017-18,Juventus,Pinsoglio,Carlo Pinsoglio,6107,1
2017-18,Roma,Skorupski,Lukasz Skorupski,1305,1
2017-18,SPAL 2013,Marchegiani,Gabriele Marchegiani,3973,1
2017-18,Torino,Milinkovic-Savic V.,Vanja Milinkovic-Savic,6167,1
2018-19,Atalanta,Barrow,Musa Barrow,6512,22
2018-19,Atalanta,Pasalic,Mario Pasalic,1134,33
2018-19,Atalanta,Castagne,Timothy Castagne,6157,28
2018-19,Atalanta,Hateboer,Hans Hateboer,4941,35
2018-19,Atalanta,Toloi,Rafael Toloi,1484,21
2018-19,Atalanta,Gomez,Alejandro Gomez,1491,35
2018-19,Atalanta,Pessina,Matteo Pessina,7013,12
2018-19,Atalanta,Gosens,Robin Gosens,6155,28
2018-19,Atalanta,Freuler,Remo Freuler,1488,35
2018-19,Atalanta,Gollini,Pierluigi Gollini,1841,20
2018-19,Atalanta,Masiello,Andrea Masiello,1485,24
2018-19,Atalanta,Zapata D.,Duván Zapata,1148,37
2018-19,Atalanta,De Roon,Marten de Roon,1710,35
2018-19,Frosinone,Goldaniga,Edoardo Goldaniga,1264,29
2018-19,Frosinone,Perica,Stipe Perica,1154,7
2018-19,Frosinone,Pinamonti,Andrea Pinamonti,4895,27
2018-19,Frosinone,Sportiello,Marco Sportiello,1501,35
2018-19,Frosinone,Zampano,Francesco Zampano,1161,27
2018-19,Frosinone,Ciano,Camillo Ciano,7015,33
2018-19,Frosinone,Matarese,Luca Matarese,7016,2
2018-19,Frosinone,Krajnc,Luka Krajnc,1242,9
2018-19,Frosinone,Soddimo,Danilo Soddimo,1871,10
2018-19,Frosinone,Hallfredsson,Emil Hallfredsson,1151,6
2018-19,Frosinone,Salamon,Bartosz Salamon,1398,20
2018-19,Frosinone,Chibsah,Raman Chibsah,1872,32
2018-19,Frosinone,Maiello,Raffaele Maiello,1322,29
2018-19,Frosinone,Molinaro,Cristian Molinaro,1597,14
2018-19,Bologna,Falcinelli,Diego Falcinelli,1360,16
2018-19,Bologna,Skorupski,Lukasz Skorupski,1305,38
2018-19,Bologna,Santander,Federico Santander,6972,32
2018-19,Bologna,Orsolini,Riccardo Orsolini,6160,35
2018-19,Bologna,Pulgar,Erick Pulgar,1448,28
2018-19,Bologna,Helander,Filip Helander,1440,20
2018-19,Bologna,Palacio,Rodrigo Palacio,1518,28
2018-19,Bologna,Dzemaili,Blerim Dzemaili,1444,28
2018-19,Bologna,Nagy,Ádám Nagy,1443,14
2018-19,Bologna,Mattiello,Federico Mattiello,1546,17
2018-19,Bologna,Poli,Andrea Poli,1117,30
2018-19,Bologna,Dijks,Mitchell Dijks,6971,25
2018-19,Bologna,Gonzalez G,Giancarlo Gonzalez,1534,12
2018-19,Bologna,Danilo Lar.,Danilo,1140,35
2018-19,SPAL 2013,Felipe,Felipe,1141,30
2018-19,SPAL 2013,Everton Luiz,Everton Luiz,6516,10
2018-19,SPAL 2013,Vicari,Francesco Vicari,6179,28
2018-19,SPAL 2013,Valdifiori,Mirko Valdifiori,1184,15
2018-19,SPAL 2013,Lazzari,Manuel Lazzari,6180,33
2018-19,SPAL 2013,Schiattarella,Pasquale Schiattarella,6182,28
2018-19,SPAL 2013,Missiroli,Simone Missiroli,1603,34
2018-19,SPAL 2013,Petagna,Andrea Petagna,1493,36
2018-19,SPAL 2013,Antenucci,Mirco Antenucci,6187,35
2018-19,SPAL 2013,Kurtic,Jasmin Kurtic,1492,30
2018-19,SPAL 2013,Cionek,Thiago Cionek,1265,31
2018-19,SPAL 2013,Fares,Mohamed Fares,1956,35
2018-19,SPAL 2013,Gomis A.,Alfred Gomis,1455,20
2018-19,SPAL 2013,Simic L,Lorenco Simic,4908,8
2018-19,Chievo,Seculin,Andrea Seculin,1345,2
2018-19,Chievo,Djordjevic,Filip Djordjevic,1213,13
2018-19,Chievo,Radovanovic,Ivan Radovanovic,1341,19
2018-19,Chievo,Stepinski,Mariusz Stepinski,5718,35
2018-19,Chievo,Cacciatore,Fabrizio Cacciatore,1329,7
2018-19,Chievo,Tomovic,Nenad Tomovic,1435,10
2018-19,Chievo,Obi,Joel Obi,1190,11
2018-19,Chievo,Giaccherini,Emanuele Giaccherini,1033,26
2018-19,Chievo,Rossettini,Luca Rossettini,1180,21
2018-19,Chievo,Sorrentino,Stefano Sorrentino,1328,31
2018-19,Chievo,Bani,Mattia Bani,6212,30
2018-19,Chievo,Depaoli,Fabio Depaoli,1624,33
2018-19,Chievo,Hetemaj,Perparim Hetemaj,1334,30
2018-19,Chievo,Rigoni N,Nicola Rigoni,1335,24
2018-19,Juventus,Alex Sandro,Alex Sandro,1289,31
2018-19,Juventus,Douglas Costa,Douglas Costa,393,17
2018-19,Juventus,Bernardeschi,Federico Bernardeschi,1424,28
2018-19,Juventus,Cancelo,João Cancelo,2379,25
2018-19,Juventus,Chiellini,Giorgio Chiellini,1576,25
2018-19,Juventus,Khedira,Sami Khedira,1292,10
2018-19,Juventus,Cuadrado,Juan Cuadrado,1089,18
2018-19,Juventus,Mandzukic,Mario Mandzukic,1295,25
2018-19,Juventus,Can,Emre Can,604,29
2018-19,Juventus,Bonucci,Leonardo Bonucci,1287,29
2018-19,Juventus,Szczesny,Wojciech Szczesny,1244,28
2018-19,Juventus,Ronaldo,Cristiano Ronaldo,2371,31
2018-19,Juventus,Dybala,Paulo Dybala,1294,30
2018-19,Juventus,Pjanic,Miralem Pjanic,1290,31
2018-19,Empoli,Zajc,Miha Zajc,4937,20
2018-19,Empoli,Silvestre,Matías Silvestre,1222,34
2018-19,Empoli,Caputo,Francesco Caputo,6980,38
2018-19,Empoli,Krunic,Rade Krunic,1311,33
2018-19,Empoli,Pasqual,Manuel Pasqual,1309,22
2018-19,Empoli,Terracciano,Pietro Terracciano,6977,8
2018-19,Empoli,Acquah,Afriyie Acquah,1192,28
2018-19,Empoli,Rasmussen,Jacob Rasmussen,6979,14
2018-19,Empoli,Veseli,Frederic Veseli,1316,31
2018-19,Empoli,Bennacer,Ismael Bennacer,6981,37
2018-19,Empoli,Capezzi,Leonardo Capezzi,1358,12
2018-19,Empoli,Antonelli,Luca Antonelli,1590,13
2018-19,Empoli,Di Lorenzo,Giovanni Di Lorenzo,6978,37
2018-19,Empoli,La Gumina,Antonio La Gumina,2003,22
2018-19,Cagliari,Castro,Lucas Castro,1333,12
2018-19,Cagliari,Ionita,Artur Ionita,1604,37
2018-19,Cagliari,Cigarini,Luca Cigarini,1238,25
2018-19,Cagliari,Romagna,Filippo Romagna,2058,18
2018-19,Cagliari,Cerri,Alberto Cerri,4906,15
2018-19,Cagliari,Pisacane,Fabio Pisacane,1397,27
2018-19,Cagliari,Barella,Nicolò Barella,1409,35
2018-19,Cagliari,Farias,Diego Farias,1605,16
2018-19,Cagliari,Cragno,Alessio Cragno,3927,38
2018-19,Cagliari,Sau,Marco Sau,1406,14
2018-19,Cagliari,Lykogiannis,Charalampos Lykogiannis,6517,11
2018-19,Cagliari,Pavoletti,Leonardo Pavoletti,1104,32
2018-19,Cagliari,Ceppitelli,Luca Ceppitelli,1550,24
2018-19,Cagliari,Farago',Paolo Faragò,4912,26
2018-19,Lazio,Luiz Felipe,Luiz Felipe,6177,16
2018-19,Lazio,Luis Alberto,Luis Alberto,1219,27
2018-19,Lazio,Bastos,Bastos,1595,18
2018-19,Lazio,Radu,Stefan Radu,1542,28
2018-19,Lazio,Cataldi,Danilo Cataldi,1206,12
2018-19,Lazio,Correa,Joaquín Correa,1809,34
2018-19,Lazio,Immobile,Ciro Immobile,1209,35
2018-19,Lazio,Acerbi,Francesco Acerbi,1463,36
2018-19,Lazio,Caceres,Martín Cáceres,1942,4
2018-19,Lazio,Marusic,Adam Marusic,6176,26
2018-19,Lazio,Parolo,Marco Parolo,1207,33
2018-19,Lazio,Strakosha,Thomas Strakosha,1214,34
2018-19,Lazio,Badelj,Milan Badelj,1430,22
2018-19,Lazio,Milinkovic-Savic,Sergej Milinkovic-Savic,1543,30
2018-19,Napoli,Mario Rui,Mário Rui,1792,20
2018-19,Napoli,Allan,Allan,1379,33
2018-19,Napoli,Mertens,Dries Mertens,1384,35
2018-19,Napoli,Albiol,Raúl Albiol,1588,20
2018-19,Napoli,Hysaj,Elseid Hysaj,1375,27
2018-19,Napoli,Zielinski,Piotr Zielinski,1386,36
2018-19,Napoli,Hamsik,Marek Hamsik,1381,13
2018-19,Napoli,Diawara,Amadou Diawara,1380,13
2018-19,Napoli,Karnezis,Orestis Karnezis,1138,9
2018-19,Napoli,Rog,Marko Rog,1390,9
2018-19,Napoli,Koulibaly,Kalidou Koulibaly,1376,35
2018-19,Napoli,Callejon,José Callejón,1382,34
2018-19,Napoli,Milik,Arkadiusz Milik,1583,35
2018-19,Napoli,Insigne,Lorenzo Insigne,1393,28
2018-19,Parma Calcio 1913,Bruno Alves,Bruno Alves,1399,33
2018-19,Parma Calcio 1913,Siligardi,Luca Siligardi,1846,29
2018-19,Parma Calcio 1913,Iacoponi,Simone Iacoponi,6989,38
2018-19,Parma Calcio 1913,Grassi,Alberto Grassi,1504,7
2018-19,Parma Calcio 1913,Gobbi,Massimo Gobbi,1332,16
2018-19,Parma Calcio 1913,Biabiany,Jonathan Biabiany,1600,18
2018-19,Parma Calcio 1913,Ceravolo,Fabio Ceravolo,6235,25
2018-19,Parma Calcio 1913,Sepe,Luigi Sepe,1392,37
2018-19,Parma Calcio 1913,Gagliolo,Riccardo Gagliolo,1896,34
2018-19,Parma Calcio 1913,Inglese,Roberto Inglese,1340,25
2018-19,Parma Calcio 1913,Stulac,Leo Stulac,6991,26
2018-19,Parma Calcio 1913,Barilla',Antonino Barillà,6990,31
2018-19,Parma Calcio 1913,Di Gaudio,Antonio Di Gaudio,1905,12
2018-19,Parma Calcio 1913,Rigoni L,Luca Rigoni,1101,23
2018-19,Udinese,Samir,Samir,1142,21
2018-19,Udinese,Barak,Antonin Barak,6208,8
2018-19,Udinese,Pussetto,Ignacio Pussetto,6997,35
2018-19,Udinese,Machis,Darwin Machís,4226,13
2018-19,Udinese,Scuffet,Simone Scuffet,1158,9
2018-19,Udinese,Teodorczyk,Lukasz Teodorczyk,6998,15
2018-19,Udinese,Behrami,Valon Behrami,570,19
2018-19,Udinese,Fofana,Seko Fofana,1144,31
2018-19,Udinese,Lasagna,Kevin Lasagna,1903,35
2018-19,Udinese,Mandragora,Rolando Mandragora,3821,34
2018-19,Udinese,Nuytinck,Bram Nuytinck,6206,27
2018-19,Udinese,De Paul,Rodrigo de Paul,1145,35
2018-19,Udinese,Troost-Ekong,William Troost-Ekong,6996,34
2018-19,Udinese,Stryger Larsen,Jens Stryger Larsen,6262,35
2018-19,Sassuolo,Rogerio,Rogerio,6312,33
2018-19,Sassuolo,Boga,Jeremie Boga,3544,25
2018-19,Sassuolo,Lirola,Pol Lirola,1461,35
2018-19,Sassuolo,Bourabia,Mehdi Bourabia,7003,32
2018-19,Sassuolo,Duncan,Alfred Duncan,1474,26
2018-19,Sassuolo,Sensi,Stefano Sensi,1465,28
2018-19,Sassuolo,Babacar,Khouma Babacar,1434,29
2018-19,Sassuolo,Magnani,Giangiacomo Magnani,7002,19
2018-19,Sassuolo,Berardi,Domenico Berardi,1612,35
2018-19,Sassuolo,Consigli,Andrea Consigli,1460,36
2018-19,Sassuolo,Magnanelli,Francesco Magnanelli,1466,26
2018-19,Sassuolo,Boateng,Kevin-Prince Boateng,1819,13
2018-19,Sassuolo,Ferrari G.,Gianmarco Ferrari,1354,31
2018-19,Sassuolo,Di Francesco F.,Federico Di Francesco,1449,19
2018-19,Inter,Dalbert,Dalbert,5699,11
2018-19,Inter,Miranda,Miranda,1507,14
2018-19,Inter,Handanovic,Samir Handanovic,1505,38
2018-19,Inter,Karamoh,Yann Karamoh,5700,1
2018-19,Inter,Perisic,Ivan Perisic,448,34
2018-19,Inter,Vecino,Matías Vecino,1423,30
2018-19,Inter,Politano,Matteo Politano,1473,36
2018-19,Inter,Brozovic,Marcelo Brozovic,1511,32
2018-19,Inter,Icardi,Mauro Icardi,1513,29
2018-19,Inter,Asamoah,Kwadwo Asamoah,1587,32
2018-19,Inter,D'ambrosio,Danilo D&#039;Ambrosio,1523,30
2018-19,Inter,Martinez L.,Lautaro Martínez,7006,27
2018-19,Inter,De Vrij,Stefan de Vrij,1541,28
2018-19,Inter,Keita B.,Keita,1210,24
2018-19,Torino,Iago Falque,Iago Falque,1185,26
2018-19,Torino,Bremer,Bremer,6960,5
2018-19,Torino,Izzo,Armando Izzo,1096,37
2018-19,Torino,Baselli,Daniele Baselli,1182,34
2018-19,Torino,Rincon,Tomás Rincón,1099,34
2018-19,Torino,Berenguer,Alex Berenguer,5091,31
2018-19,Torino,Aina,Ola Aina,725,30
2018-19,Torino,Sirigu,Salvatore Sirigu,3301,36
2018-19,Torino,Meite',Soualiho Meité,3739,35
2018-19,Torino,Belotti,Andrea Belotti,1186,37
2018-19,Torino,Soriano,Roberto Soriano,1810,11
2018-19,Torino,Moretti,Emiliano Moretti,1196,24
2018-19,Torino,N'koulou,Nicolas N&#039;Koulou,3387,36
2018-19,Torino,De Silvestri,Lorenzo De Silvestri,1193,32
2018-19,Roma,Florenzi,Alessandro Florenzi,1254,29
2018-19,Roma,Strootman,Kevin Strootman,1256,1
2018-19,Roma,Kluivert,Justin Kluivert,6963,29
2018-19,Roma,Schick,Patrik Schick,1236,24
2018-19,Roma,Pastore,Javier Pastore,3295,14
2018-19,Roma,Cristante,Bryan Cristante,1168,35
2018-19,Roma,Under,Cengiz Ünder,6162,26
2018-19,Roma,Kolarov,Aleksandar Kolarov,621,33
2018-19,Roma,Fazio,Federico Fazio,1000,34
2018-19,Roma,Olsen,Robin Olsen,6962,27
2018-19,Roma,Dzeko,Edin Dzeko,1253,33
2018-19,Roma,Manolas,Kostas Manolas,1246,27
2018-19,Roma,El Shaarawy,Stephan El Shaarawy,1252,28
2018-19,Roma,De Rossi,Daniele De Rossi,1249,18
2018-19,Cagliari,Padoin,Simone Padoin,1403,30
2018-19,Cagliari,Dessena,Daniele Dessena,1412,11
2018-19,Cagliari,Klavan,Ragnar Klavan,265,15
2018-19,Cagliari,Srna,Darijo Srna,7082,26
2018-19,Cagliari,Bradaric F.,Filip Bradaric,6987,27
2018-19,Sassuolo,Marlon,Marlon Santos,5056,18
2018-19,Sassuolo,Locatelli,Manuel Locatelli,1122,29
2018-19,Fiorentina,Vitor Hugo,Vitor Hugo,6171,29
2018-19,Fiorentina,Gerson,Gerson,1258,35
2018-19,Fiorentina,Biraghi,Cristiano Biraghi,1164,35
2018-19,Fiorentina,Simeone,Giovanni Simeone,1102,35
2018-19,Fiorentina,Dabo,Bryan Dabo,3340,23
2018-19,Fiorentina,Lafont,Alban Lafont,3201,34
2018-19,Fiorentina,Milenkovic,Nikola Milenkovic,6174,33
2018-19,Fiorentina,Pjaca,Marko Pjaca,1577,18
2018-19,Fiorentina,Fernandes,Edimilson Fernandes,1673,28
2018-19,Fiorentina,Benassi,Marco Benassi,1183,31
2018-19,Fiorentina,Chiesa,Federico Chiesa,1433,36
2018-19,Fiorentina,Eysseric,Valentin Eysseric,3515,8
2018-19,Fiorentina,Pezzella Ger.,Germán Pezzella,2143,31
2018-19,Chievo,Jaroszynski,Pawel Jaroszynski,6213,19
2018-19,Chievo,Meggiorini,Riccardo Meggiorini,1337,24
2018-19,Chievo,Kiyine,Sofian Kiyine,4942,23
2018-19,Chievo,Birsa,Valter Birsa,1336,17
2018-19,Frosinone,Beghetto,Andrea Beghetto,4934,27
2018-19,Frosinone,Crisetig,Lorenzo Crisetig,1356,8
2018-19,Frosinone,Campbell,Joel Campbell,506,17
2018-19,Frosinone,Brighenti,Nicolò Brighenti,7018,11
2018-19,Bologna,Okwonkwo,Orji Okwonkwo,4929,8
2018-19,Bologna,Destro,Mattia Destro,1580,17
2018-19,Genoa,Romulo,Rômulo,1849,16
2018-19,Genoa,Bessa,Daniel Bessa,6130,33
2018-19,Genoa,Marchetti,Federico Marchetti,1200,4
2018-19,Genoa,Hiljemark,Oscar Hiljemark,1284,17
2018-19,Genoa,Pandev,Goran Pandev,1115,25
2018-19,Genoa,Mazzitelli,Luca Mazzitelli,1477,9
2018-19,Genoa,Piatek,Krzysztof Piatek,7090,18
2018-19,Genoa,Spolli,Nicolás Spolli,1342,7
2018-19,Genoa,Zukanovic,Ervin Zukanovic,1497,24
2018-19,Genoa,Lazovic,Darko Lazovic,1106,32
2018-19,Genoa,Kouame',Christian Kouamé,7091,37
2018-19,Genoa,Gunter,Koray Günter,7092,13
2018-19,Genoa,Biraschi,Davide Biraschi,1114,33
2018-19,Genoa,Criscito,Domenico Criscito,3065,34
2018-19,Empoli,Mraz,Samuel Mráz,6985,6
2018-19,Inter,Vrsaljko,Sime Vrsaljko,1951,10
2018-19,Inter,Skriniar,Milan Skriniar,1223,35
2018-19,Torino,Ljajic,Adem Ljajic,1187,1
2018-19,Torino,Ansaldi,Cristian Ansaldi,1515,24
2018-19,Torino,Lukic,Sasa Lukic,1537,24
2018-19,Juventus,Bentancur,Rodrigo Bentancur,6108,31
2018-19,Juventus,Matuidi,Blaise Matuidi,3296,31
2018-19,Lazio,Lucas Leiva,Lucas Leiva,475,26
2018-19,Lazio,Wallace,Wallace,1202,15
2018-19,Lazio,Durmisi,Riza Durmisi,5036,10
2018-19,Lazio,Lulic,Senad Lulic,1205,34
2018-19,Napoli,Ospina,David Ospina,505,17
2018-19,Napoli,Luperto,Sebastiano Luperto,1639,12
2018-19,AC Milan,Suso,Suso,1129,34
2018-19,AC Milan,Higuain,Gonzalo Higuaín,1293,14
2018-19,AC Milan,Borini,Fabio Borini,737,20
2018-19,AC Milan,Musacchio,Mateo Musacchio,2495,28
2018-19,AC Milan,Cutrone,Patrick Cutrone,4918,33
2018-19,AC Milan,Kessie',Franck Kessié,1489,33
2018-19,AC Milan,Laxalt,Diego Laxalt,1100,19
2018-19,AC Milan,Calabria,Davide Calabria,1574,26
2018-19,AC Milan,Biglia,Lucas Biglia,1589,16
2018-19,AC Milan,Bakayoko,Tiemoué Bakayoko,3429,30
2018-19,AC Milan,Bonaventura,Giacomo Bonaventura,1121,8
2018-19,AC Milan,Romagnoli,Alessio Romagnoli,1119,31
2018-19,AC Milan,Donnarumma G.,Gianluigi Donnarumma,1116,35
2018-19,AC Milan,Rodriguez R.,Ricardo Rodríguez,308,34
2018-19,Roma,Pellegrini Lo.,Lorenzo Pellegrini,1471,25
2018-19,Atalanta,Palomino,José Luis Palomino,4733,30
2018-19,Atalanta,Valzania,Luca Valzania,3998,2
2018-19,Atalanta,Adnan,Ali Adnan,1156,3
2018-19,Atalanta,Mancini,Gianluca Mancini,6159,30
2018-19,Atalanta,Rigoni E,Emiliano Rigoni,6282,12
2018-19,SPAL 2013,Costa F,Filippo Costa,1559,9
2018-19,Parma Calcio 1913,Gervinho,Gervinho,1943,30
2018-19,Parma Calcio 1913,Dimarco,Federico Dimarco,1324,13
2018-19,Parma Calcio 1913,Da Cruz,Alessio Da Cruz,6994,3
2018-19,Udinese,Opoku,Nicholas Opoku,7001,12
2018-19,Udinese,D'alessandro,Marco D&#039;Alessandro,1502,23
2018-19,Sampdoria,Saponara,Riccardo Saponara,1313,22
2018-19,Sampdoria,Andersen,Joachim Andersen,6314,31
2018-19,Sampdoria,Jankto,Jakub Jankto,1146,25
2018-19,Sampdoria,Ekdal,Albin Ekdal,411,31
2018-19,Sampdoria,Colley,Omar Colley,7096,21
2018-19,Sampdoria,Murru,Nicola Murru,1400,34
2018-19,Sampdoria,Defrel,Gregoire Defrel,1468,35
2018-19,Sampdoria,Audero,Emil Audero,1302,35
2018-19,Sampdoria,Barreto,Edgar Barreto,1225,11
2018-19,Sampdoria,Kownacki,Dawid Kownacki,6190,12
2018-19,Sampdoria,Ramirez,Gastón Ramírez,952,26
2018-19,Sampdoria,Bereszynski,Bartosz Bereszynski,4907,27
2018-19,Sampdoria,Linetty,Karol Linetty,1226,31
2018-19,Sampdoria,Quagliarella,Fabio Quagliarella,1230,36
2018-19,Atalanta,Berisha,Etrit Berisha,1483,18
2018-19,Bologna,De Maio,Sebastien De Maio,1431,6
2018-19,Inter,Candreva,Antonio Candreva,1517,18
2018-19,Inter,Nainggolan,Radja Nainggolan,1251,29
2018-19,Inter,Gagliardini,Roberto Gagliardini,1496,19
2018-19,Chievo,Barba,Federico Barba,1320,30
2018-19,Empoli,Maietta,Domenico Maietta,1439,21
2018-19,Fiorentina,Dragowski,Bartlomiej Dragowski,1555,2
2018-19,Udinese,Vizeu,Felipe Vizeu,6999,5
2018-19,Lazio,Caicedo,Felipe Caicedo,2116,27
2018-19,Lazio,Murgia,Alessandro Murgia,1212,1
2018-19,Frosinone,Ghiglione,Paolo Ghiglione,2040,9
2018-19,Frosinone,Capuano,Marco Capuano,1408,27
2018-19,Frosinone,Ardaiz,Joaquín Ardáiz,7088,1
2018-19,Frosinone,Cassata,Francesco Cassata,1998,19
2018-19,AC Milan,Calhanoglu,Hakan Calhanoglu,189,35
2018-19,AC Milan,Castillejo,Samu Castillejo,2303,30
2018-19,Roma,Santon,Davide Santon,1509,17
2018-19,Roma,Marcano,Iván Marcano,6965,10
2018-19,Roma,Karsdorp,Rick Karsdorp,6362,11
2018-19,Parma Calcio 1913,Deiola,Alessandro Deiola,1634,10
2018-19,Sampdoria,Vieira,Ronaldo Vieira,7097,14
2018-19,Sampdoria,Tonelli,Lorenzo Tonelli,1394,18
2018-19,Sampdoria,Sala,Jacopo Sala,1221,20
2018-19,Napoli,Ounas,Adam Ounas,3259,18
2018-19,Napoli,Verdi,Simone Verdi,1445,22
2018-19,Sassuolo,Lemos,Mauricio Lemos,2354,3
2018-19,Sassuolo,Dell'orco,Cristian Dell&#039;Orco,1476,3
2018-19,Genoa,Favilli,Andrea Favilli,1997,6
2018-19,Genoa,Dalmonte,Nicola Dalmonte,3861,3
2018-19,Torino,Zaza,Simone Zaza,1642,29
2018-19,SPAL 2013,Paloschi,Alberto Paloschi,716,23
2018-19,SPAL 2013,Djourou,Johan Djourou,302,5
2018-19,Cagliari,Joao Pedro,João Pedro,1592,34
2018-19,Frosinone,Ciofani D.,Daniel Ciofani,1868,32
2018-19,Sampdoria,Caprari,Gianluca Caprari,1170,20
2018-19,Genoa,Pereira P.,Pedro Pereira,1241,26
2018-19,Bologna,Svanberg,Mattias Svanberg,6974,23
2018-19,Parma Calcio 1913,Sierralta,Francisco Sierralta,7081,6
2018-19,Juventus,Benatia,Medhi Benatia,328,5
2018-19,Sassuolo,Djuricic,Filip Djuricic,1233,23
2018-19,Napoli,Maksimovic,Nikola Maksimovic,1377,17
2018-19,Fiorentina,Veretout,Jordan Veretout,677,32
2018-19,Roma,Juan Jesus,Juan Jesus,1247,20
2018-19,Chievo,Leris,Mehdi Leris,6211,23
2018-19,Atalanta,Ilicic,Josip Ilicic,1426,31
2018-19,Torino,Parigini,Vittorio Parigini,1348,17
2018-19,Bologna,Calabresi,Arturo Calabresi,3965,18
2018-19,Bologna,Krejci,Ladislav Krejci,1447,18
2018-19,Bologna,Mbaye,Ibrahima Mbaye,1458,23
2018-19,Roma,Perotti,Diego Perotti,1539,13
2018-19,Chievo,Pellissier,Sergio Pellissier,1347,19
2018-19,Fiorentina,Hancko,David Hancko,7086,5
2018-19,Fiorentina,Mirallas,Kevin Mirallas,595,26
2018-19,SPAL 2013,Valoti,Mattia Valoti,3899,24
2018-19,Juventus,Rugani,Daniele Rugani,1301,15
2018-19,Lazio,Patric,Patric,1204,14
2018-19,Genoa,Sandro,Sandro,817,13
2018-19,Genoa,Medeiros,Iuri Medeiros,6536,2
2018-19,AC Milan,Abate,Ignazio Abate,1135,18
2018-19,Sampdoria,Praet,Dennis Praet,1234,33
2018-19,Inter,Borja Valero,Borja Valero,1422,27
2018-19,Sassuolo,Brignola,Enrico Brignola,6199,7
2018-19,Torino,Edera,Simone Edera,2010,3
2018-19,Atalanta,Tumminello,Marco Tumminello,1945,2
2018-19,Torino,Djidji,Koffi Djidji,3550,17
2018-19,Cagliari,Andreolli,Marco Andreolli,2603,3
2018-19,Empoli,Mchedlidze,Levan Mchedlidze,1319,11
2018-19,Empoli,Brighi,Matteo Brighi,1913,10
2018-19,Genoa,Radu I.,Ionut Radu,1830,32
2018-19,Fiorentina,Vlahovic,Dusan Vlahovic,7084,10
2018-19,Juventus,Barzagli,Andrea Barzagli,1286,7
2018-19,Juventus,Perin,Mattia Perin,1093,9
2018-19,Bologna,Paz,Nehuén Paz,6973,2
2018-19,Napoli,Malcuit,Kevin Malcuit,3632,24
2018-19,Parma Calcio 1913,Ciciretti,Amato Ciciretti,6193,6
2018-19,Parma Calcio 1913,Sprocati,Mattia Sprocati,6993,16
2018-19,Roma,Zaniolo,Nicolo Zaniolo,6686,27
2018-19,Roma,Pellegrini Lu.,Luca Pellegrini,4970,4
2018-19,Frosinone,Ariaudo,Lorenzo Ariaudo,1797,19
2018-19,Sassuolo,Adjapong,Claud Adjapong,1475,5
2018-19,Sassuolo,Matri,Alessandro Matri,1472,19
2018-19,Fiorentina,Laurini,Vincent Laurini,1306,15
2018-19,Frosinone,Vloet,Rai Vloet,7190,5
2018-19,Parma Calcio 1913,Gazzola,Marcello Gazzola,1478,20
2018-19,Parma Calcio 1913,Bastoni,Alessandro Bastoni,4939,24
2018-19,Lazio,Berisha V.,Valon Berisha,7178,8
2018-19,Fiorentina,Sottil,Riccardo Sottil,6672,1
2018-19,AC Milan,Zapata C.,Cristian Zapata,1133,13
2018-19,Chievo,Pucciarelli,Manuel Pucciarelli,1318,10
2018-19,SPAL 2013,Moncini,Gabriele Moncini,3925,1
2018-19,Frosinone,Gori,Mirko Gori,1864,10
2018-19,Empoli,Provedel,Ivan Provedel,6982,16
2018-19,Empoli,Ucan,Salih Ucan,2021,14
2018-19,Genoa,Romero,Cristian Romero,7218,27
2018-19,Roma,Coric,Ante Coric,6964,2
2018-19,SPAL 2013,Bonifazi,Kevin Bonifazi,3951,27
2018-19,SPAL 2013,Milinkovic-Savic V.,Vanja Milinkovic-Savic,6167,2
2018-19,Udinese,Wague,Molla Wagué,1159,2
2018-19,Parma Calcio 1913,Scozzarella,Matteo Scozzarella,7227,22
2018-19,Chievo,Cesar,Bostjan Cesar,1572,14
2018-19,Juventus,De Sciglio,Mattia De Sciglio,1120,22
2018-19,Udinese,Balic,Andrija Balic,1155,4
2018-19,Udinese,Musso,Juan Musso,7095,28
2018-19,Udinese,Ter Avest,Hidde ter Avest,7000,13
2018-19,Inter,Joao Mario N.,João Mário,1512,20
2018-19,SPAL 2013,Floccari,Sergio Floccari,1446,20
2018-19,Chievo,Tanasijevic,Strahinja Tanasijevic,6753,1
2018-19,Genoa,Miguel Veloso,Miguel Veloso,1098,20
2018-19,Genoa,Omeonga,Stephane Omeonga,6202,2
2018-19,Lazio,Lukaku J.,Jordan Lukaku,1563,7
2018-19,SPAL 2013,Dickmann,Lorenzo Dickmann,6975,6
2018-19,Fiorentina,Thereau,Cyril Théréau,1147,2
2018-19,Fiorentina,Ceccherini,Federico Ceccherini,1370,15
2018-19,Udinese,Pezzella Giu.,Giuseppe Pezzella,1281,4
2018-19,Roma,Mirante,Antonio Mirante,1609,11
2018-19,Juventus,Kean,Moise Kean,1304,13
2018-19,AC Milan,Mauri J,José Mauri,1310,5
2018-19,Sassuolo,Trotta,Marcello Trotta,1369,1
2018-19,Genoa,Lapadula,Gianluca Lapadula,1136,8
2018-19,Cagliari,Pajac,Marko Pajac,1645,3
2018-19,Empoli,Untersee,Joel Untersee,6983,3
2018-19,Genoa,Rolon,Esteban Rolón,6297,19
2018-19,Napoli,Ghoulam,Faouzi Ghoulam,1387,16
2018-19,Napoli,Meret,Alex Meret,1892,14
2018-19,Napoli,Younes,Amin Younes,7289,12
2018-19,Torino,Ichazo,Salvador Ichazo,1608,3
2018-19,AC Milan,Conti,Andrea Conti,1487,12
2018-19,Sampdoria,Ferrari A.,Alex Ferrari,1454,6
2018-19,Torino,Lyanco,Lyanco,6252,2
2018-19,Sassuolo,Peluso,Federico Peluso,1464,16
2018-19,Frosinone,Valzania,Luca Valzania,3998,13
2018-19,Atalanta,Reca,Arkadiusz Reca,7014,3
2018-19,Atalanta,Kulusevski,Dejan Kulusevski,6691,3
2018-19,SPAL 2013,Viviano,Emiliano Viviano,1532,17
2018-19,Bologna,Sansone,Nicola Sansone,1826,15
2018-19,Bologna,Soriano,Roberto Soriano,1810,17
2018-19,Juventus,Spinazzola,Leonardo Spinazzola,1500,10
2018-19,Chievo,Vignato,Emanuel Vignato,4943,10
2018-19,Cagliari,Birsa,Valter Birsa,1336,12
2018-19,Empoli,Rodriguez Ale.,Alejandro Rodriguez,1812,1
2018-19,AC Milan,Paqueta',Lucas Paquetá,7365,13
2018-19,Udinese,Okaka,Stefano Okaka,1763,16
2018-19,Parma Calcio 1913,Kucka,Juraj Kucka,1123,18
2018-19,Fiorentina,Muriel,Luis Muriel,1229,19
2018-19,Sampdoria,Gabbiadini,Manolo Gabbiadini,1383,18
2018-19,Frosinone,Trotta,Marcello Trotta,1369,12
2018-19,Genoa,Sanabria,Antonio Sanabria,2217,15
2018-19,Genoa,Pezzella Giu.,Giuseppe Pezzella,1281,5
2018-19,Lazio,Pedro Neto,Pedro Neto,6382,4
2018-19,AC Milan,Piatek,Krzysztof Piatek,7090,18
2018-19,Parma Calcio 1913,Munari,Gianni Munari,1411,1
2018-19,Sampdoria,Junior Tavares,Júnior Tavares,7126,3
2018-19,Udinese,Zeegelaar,Marvin Zeegelaar,6303,11
2018-19,Cagliari,Deiola,Alessandro Deiola,1634,10
2018-19,Cagliari,Thereau,Cyril Théréau,1147,5
2018-19,Cagliari,Pellegrini Lu.,Luca Pellegrini,4970,12
2018-19,Inter,Cedric Soares,Cédric Soares,847,4
2018-19,Inter,Ranocchia,Andrea Ranocchia,1522,4
2018-19,Bologna,Lyanco,Lyanco,6252,13
2018-19,Empoli,Oberlin,Dimitri Oberlin,7386,5
2018-19,Empoli,Farias,Diego Farias,1605,16
2018-19,Chievo,Diousse',Assane Diousse,1326,14
2018-19,Chievo,Frey,Nicolas Frey,1344,5
2018-19,Udinese,De Maio,Sebastien De Maio,1431,15
2018-19,Frosinone,Viviani,Federico Viviani,1456,5
2018-19,Frosinone,Sammarco,Paolo Sammarco,1866,8
2018-19,Juventus,Caceres,Martín Cáceres,1942,9
2018-19,Genoa,Radovanovic,Ivan Radovanovic,1341,16
2018-19,Genoa,Lerager,Lukas Lerager,6021,14
2018-19,SPAL 2013,Murgia,Alessandro Murgia,1212,15
2018-19,Cagliari,Despodov,Kiril Despodov,7405,4
2018-19,Lazio,Romulo,Rômulo,1849,9
2018-19,Empoli,Dell'orco,Cristian Dell&#039;Orco,1476,12
2018-19,Sampdoria,Sau,Marco Sau,1406,5
2018-19,Bologna,Edera,Simone Edera,2010,4
2018-19,Chievo,Schelotto,Ezequiel Schelotto,3873,4
2018-19,Chievo,Piazon,Lucas Piazon,4275,4
2018-19,Udinese,Ingelsson,Svante Ingelsson,6210,2
2018-19,Frosinone,Paganini,Luca Paganini,1963,14
2018-19,Lazio,Bruno Jordao,Bruno Jordao,6336,2
2018-19,Empoli,Dragowski,Bartlomiej Dragowski,1555,14
2018-19,Torino,Millico,Vincenzo Millico,6460,1
2018-19,Cagliari,Doratiotto,Riccardo Doratiotto,7285,1
2018-19,Cagliari,Verde F,Francesco Verde,7299,1
2018-19,Empoli,Pajac,Marko Pajac,1645,10
2018-19,Bologna,Donsah,Godfred Donsah,1452,6
2018-19,Sassuolo,Odgaard,Jens Odgaard,7005,1
2018-19,Sassuolo,Demiral,Merih Demiral,7416,14
2018-19,Udinese,Sandro,Sandro,817,11
2018-19,Chievo,Andreolli,Marco Andreolli,2603,8
2018-19,SPAL 2013,Jankovic,Marko Jankovic,7473,4
2018-19,Sassuolo,Pegolo,Gianluca Pegolo,1480,3
2018-19,Roma,Celar,Zan Celar,7288,1
2018-19,Genoa,Jandrei,Jandrei,7381,1
2018-19,Fiorentina,Terracciano,Pietro Terracciano,6977,2
2018-19,Napoli,Chiriches,Vlad Chiriches,1395,3
2018-19,Juventus,Nicolussi Caviglia,Hans Nicolussi Caviglia,7483,3
2018-19,Udinese,Wilmot,Ben Wilmot,7216,4
2018-19,Cagliari,Cacciatore,Fabrizio Cacciatore,1329,7
2018-19,Frosinone,Dionisi F.,Federico Dionisi,1867,9
2018-19,Genoa,Sturaro,Stefano Sturaro,1296,5
2018-19,SPAL 2013,Regini,Vasco Regini,1224,4
2018-19,Udinese,Badu,Emmanuel Badu,1150,3
2018-19,Fiorentina,Montiel,Tòfol Montiel,7085,1
2018-19,AC Milan,Reina,José Reina,1374,4
2018-19,Torino,Damascan,Vitalie Damascan,6961,1
2018-19,Atalanta,Piccoli,Roberto Piccoli,7375,2
2018-19,Empoli,Nikolaou,Dimitris Nikolaou,7387,4
2018-19,Juventus,Gozzi,Paolo Gozzi Iweru,7544,1
2018-19,Juventus,Kastanos,Grigoris Kastanos,4951,1
2018-19,Juventus,Mavididi,Stephy Mavididi,7484,1
2018-19,Chievo,Grubac,Sergej Grubac,7149,3
2018-19,Chievo,Semper,Adrian Semper,6929,6
2018-19,Juventus,Matheus Pereira,Matheus Pereira,1327,3
2018-19,Chievo,Karamoko,Ibrahim Karamoko,7559,2
2018-19,Fiorentina,Beloko,Nicky Medja Beloko,7565,1
2018-19,Udinese,Hallfredsson,Emil Hallfredsson,1151,3
2018-19,Chievo,Ndrecka,Angelo Ndrecka,7539,1
2018-19,SPAL 2013,Poluzzi,Giacomo Poluzzi,6189,1
2018-19,Atalanta,Ibanez,Ibañez,7413,1
2018-19,Lazio,Proto,Silvio Proto,6940,2
2018-19,Napoli,Gaetano,Gianluca Gaetano,7507,2
2018-19,Bologna,Corbo,Gabriele Corbo,7089,1
2018-19,Frosinone,Bardi,Francesco Bardi,1989,3
2018-19,Lazio,Armini,Nicolò Armini,7611,1
2018-19,Lazio,Guerrieri,Guido Guerrieri,1881,1
2018-19,Sampdoria,Rafael Cabral,Rafael Cabral,1388,2
2018-19,Chievo,Burruchaga,Mauro Burruchaga,7125,1
2018-19,Chievo,Juwara,Musa Juwara,7263,1
2018-19,Juventus,Pinsoglio,Carlo Pinsoglio,6107,1
2018-19,Juventus,Portanova,Manolo Portanova,7625,1
2018-19,Lazio,Capanni,Luan Capanni,7506,1
2018-19,Parma Calcio 1913,Dezi,Jacopo Dezi,2005,1
2018-19,Parma Calcio 1913,Frattali,Pierluigi Frattali,6992,1
2018-19,Atalanta,Rossi F.,Francesco Rossi,4940,1
2018-19,Sassuolo,Sernicola,Leonardo Sernicola,7004,1
2018-19,Udinese,Micin,Petar Micin,7225,1
2019-20,Cagliari,Rafael,Rafael,1410,6
2019-20,Cagliari,Joao Pedro,João Pedro,1592,36
2019-20,Cagliari,Ionita,Artur Ionita,1604,34
2019-20,Cagliari,Nainggolan,Radja Nainggolan,1251,26
2019-20,Cagliari,Nandez,Nahitan Nández,7953,35
2019-20,Cagliari,Ragatzu,Daniele Ragatzu,7954,13
2019-20,Cagliari,Cerri,Alberto Cerri,4906,11
2019-20,Cagliari,Pinna,Simone Pinna,7952,1
2019-20,Cagliari,Lykogiannis,Charalampos Lykogiannis,6517,20
2019-20,Cagliari,Klavan,Ragnar Klavan,265,31
2019-20,Cagliari,Ceppitelli,Luca Ceppitelli,1550,16
2019-20,Cagliari,Pavoletti,Leonardo Pavoletti,1104,2
2019-20,Cagliari,Castro,Lucas Castro,1333,15
2019-20,Cagliari,Birsa,Valter Birsa,1336,13
2019-20,Brescia,Zmrhal,Jaromir Zmrhal,7962,21
2019-20,Brescia,Bisoli,Dimitri Bisoli,7957,24
2019-20,Brescia,Gastaldello,Daniele Gastaldello,1579,8
2019-20,Brescia,Tonali,Sandro Tonali,7958,34
2019-20,Brescia,Cistana,Andrea Cistana,7956,20
2019-20,Brescia,Chancellor,Jhon Chancellor,6578,25
2019-20,Brescia,Spalek,Nikolas Spalek,7959,24
2019-20,Brescia,Dessena,Daniele Dessena,1412,24
2019-20,Brescia,Martella,Bruno Martella,1355,24
2019-20,Brescia,Aye',Florian Aye,7960,22
2019-20,Brescia,Joronen,Jesse Joronen,7955,29
2019-20,Brescia,Sabelli,Stefano Sabelli,1898,35
2019-20,Brescia,Donnarumma Al.,Alfredo Donnarumma,7961,30
2019-20,Fiorentina,Dragowski,Bartlomiej Dragowski,1555,31
2019-20,Fiorentina,Lirola,Pol Lirola,1461,35
2019-20,Fiorentina,Vlahovic,Dusan Vlahovic,7084,30
2019-20,Fiorentina,Castrovilli,Gaetano Castrovilli,7909,33
2019-20,Fiorentina,Ribery,Franck Ribéry,329,21
2019-20,Fiorentina,Pulgar,Erick Pulgar,1448,37
2019-20,Fiorentina,Benassi,Marco Benassi,1183,18
2019-20,Fiorentina,Milenkovic,Nikola Milenkovic,6174,37
2019-20,Fiorentina,Sottil,Riccardo Sottil,6672,18
2019-20,Fiorentina,Boateng,Kevin-Prince Boateng,1819,14
2019-20,Fiorentina,Venuti,Lorenzo Venuti,6191,16
2019-20,Fiorentina,Chiesa,Federico Chiesa,1433,34
2019-20,Fiorentina,Badelj,Milan Badelj,1430,22
2019-20,Fiorentina,Pezzella Ger.,Germán Pezzella,2143,33
2019-20,Napoli,Mario Rui,Mário Rui,1792,24
2019-20,Napoli,Allan,Allan,1379,23
2019-20,Napoli,Elmas,Eljif Elmas,7912,26
2019-20,Napoli,Mertens,Dries Mertens,1384,31
2019-20,Napoli,Ghoulam,Faouzi Ghoulam,1387,9
2019-20,Napoli,Hysaj,Elseid Hysaj,1375,20
2019-20,Napoli,Zielinski,Piotr Zielinski,1386,37
2019-20,Napoli,Insigne,Lorenzo Insigne,1393,37
2019-20,Napoli,Meret,Alex Meret,1892,22
2019-20,Napoli,Koulibaly,Kalidou Koulibaly,1376,25
2019-20,Napoli,Callejon,José Callejón,1382,33
2019-20,Napoli,Manolas,Kostas Manolas,1246,26
2019-20,Napoli,Di Lorenzo,Giovanni Di Lorenzo,6978,33
2019-20,Verona,Miguel Veloso,Miguel Veloso,1098,33
2019-20,Verona,Rrahmani,Amir Rrahmani,7924,35
2019-20,Verona,Dawidowicz,Pawel Dawidowicz,7923,14
2019-20,Verona,Kumbulla,Marash Kumbulla,6324,24
2019-20,Verona,Silvestri,Marco Silvestri,6132,34
2019-20,Verona,Verre,Valerio Verre,1569,31
2019-20,Verona,Faraoni,Marco Faraoni,3978,35
2019-20,Verona,Zaccagni,Mattia Zaccagni,1958,33
2019-20,Verona,Amrabat,Sofyan Amrabat,7927,34
2019-20,Verona,Tutino,Gennaro Tutino,7926,6
2019-20,Verona,Lazovic,Darko Lazovic,1106,37
2019-20,Verona,Bocchetti,Salvatore Bocchetti,2810,5
2019-20,Verona,Gunter,Koray Günter,7092,31
2019-20,Verona,Henderson L.,Liam Henderson,7925,4
2019-20,Bologna,Skorupski,Lukasz Skorupski,1305,37
2019-20,Bologna,Sansone,Nicola Sansone,1826,33
2019-20,Bologna,Santander,Federico Santander,6972,24
2019-20,Bologna,Denswil,Stefano Denswil,7932,26
2019-20,Bologna,Tomiyasu,Takehiro Tomiyasu,7931,29
2019-20,Bologna,Orsolini,Riccardo Orsolini,6160,37
2019-20,Bologna,Kingsley,Kingsley Michael,6704,1
2019-20,Bologna,Soriano,Roberto Soriano,1810,29
2019-20,Bologna,Dzemaili,Blerim Dzemaili,1444,14
2019-20,Bologna,Destro,Mattia Destro,1580,5
2019-20,Bologna,Palacio,Rodrigo Palacio,1518,35
2019-20,Bologna,Poli,Andrea Poli,1117,28
2019-20,Bologna,Dijks,Mitchell Dijks,6971,13
2019-20,Bologna,Danilo Lar.,Danilo,1140,30
2019-20,Inter,Handanovic,Samir Handanovic,1505,35
2019-20,Inter,Candreva,Antonio Candreva,1517,32
2019-20,Inter,Lukaku,Romelu Lukaku,594,36
2019-20,Inter,Vecino,Matías Vecino,1423,20
2019-20,Inter,Politano,Matteo Politano,1473,11
2019-20,Inter,Sensi,Stefano Sensi,1465,12
2019-20,Inter,Brozovic,Marcelo Brozovic,1511,32
2019-20,Inter,Barella,Nicolò Barella,1409,27
2019-20,Inter,Ranocchia,Andrea Ranocchia,1522,7
2019-20,Inter,Asamoah,Kwadwo Asamoah,1587,8
2019-20,Inter,Gagliardini,Roberto Gagliardini,1496,24
2019-20,Inter,Skriniar,Milan Skriniar,1223,32
2019-20,Inter,D'ambrosio,Danilo D&#039;Ambrosio,1523,22
2019-20,Inter,Martinez L.,Lautaro Martínez,7006,35
2019-20,Lecce,Gabriel,Gabriel,1132,34
2019-20,Lecce,Tachtsidis,Panagiotis Tachtsidis,1401,28
2019-20,Lecce,Rispoli,Andrea Rispoli,1274,28
2019-20,Lecce,Petriccione,Jacopo Petriccione,7971,31
2019-20,Lecce,Lapadula,Gianluca Lapadula,1136,25
2019-20,Lecce,Lucioni,Fabio Lucioni,6192,36
2019-20,Lecce,Farias,Diego Farias,1605,18
2019-20,Lecce,Majer,Zan Majer,5910,27
2019-20,Lecce,Falco,Filippo Falco,1979,30
2019-20,Lecce,Rossettini,Luca Rossettini,1180,26
2019-20,Lecce,Benzar,Romario Benzar,7974,3
2019-20,Lecce,Mancosu,Marco Mancosu,7973,33
2019-20,Lecce,Calderoni,Marco Calderoni,7970,26
2019-20,Lecce,La Mantia,Andrea La Mantia,7972,12
2019-20,Parma Calcio 1913,Gervinho,Gervinho,1943,31
2019-20,Parma Calcio 1913,Hernani,Hernani,5509,32
2019-20,Parma Calcio 1913,Bruno Alves,Bruno Alves,1399,33
2019-20,Parma Calcio 1913,Karamoh,Yann Karamoh,5700,14
2019-20,Parma Calcio 1913,Laurini,Vincent Laurini,1306,15
2019-20,Parma Calcio 1913,Siligardi,Luca Siligardi,1846,12
2019-20,Parma Calcio 1913,Iacoponi,Simone Iacoponi,6989,36
2019-20,Parma Calcio 1913,Grassi,Alberto Grassi,1504,16
2019-20,Parma Calcio 1913,Kulusevski,Dejan Kulusevski,6691,36
2019-20,Parma Calcio 1913,Sepe,Luigi Sepe,1392,34
2019-20,Parma Calcio 1913,Gagliolo,Riccardo Gagliolo,1896,32
2019-20,Parma Calcio 1913,Inglese,Roberto Inglese,1340,17
2019-20,Parma Calcio 1913,Brugman,Gastón Brugman,1165,22
2019-20,Parma Calcio 1913,Barilla',Antonino Barillà,6990,26
2019-20,Juventus,Alex Sandro,Alex Sandro,1289,29
2019-20,Juventus,Douglas Costa,Douglas Costa,393,23
2019-20,Juventus,Bernardeschi,Federico Bernardeschi,1424,29
2019-20,Juventus,Higuain,Gonzalo Higuaín,1293,32
2019-20,Juventus,Chiellini,Giorgio Chiellini,1576,4
2019-20,Juventus,Khedira,Sami Khedira,1292,12
2019-20,Juventus,Cuadrado,Juan Cuadrado,1089,33
2019-20,Juventus,Matuidi,Blaise Matuidi,3296,35
2019-20,Juventus,Bonucci,Leonardo Bonucci,1287,35
2019-20,Juventus,Szczesny,Wojciech Szczesny,1244,29
2019-20,Juventus,Ronaldo,Cristiano Ronaldo,2371,33
2019-20,Juventus,Pjanic,Miralem Pjanic,1290,30
2019-20,Juventus,Rabiot,Adrien Rabiot,3291,28
2019-20,Juventus,De Sciglio,Mattia De Sciglio,1120,9
2019-20,Roma,Juan Jesus,Juan Jesus,1247,4
2019-20,Roma,Pau Lopez,Pau López,2107,32
2019-20,Roma,Florenzi,Alessandro Florenzi,1254,14
2019-20,Roma,Pastore,Javier Pastore,3295,11
2019-20,Roma,Zaniolo,Nicolo Zaniolo,6686,26
2019-20,Roma,Mancini,Gianluca Mancini,6159,32
2019-20,Roma,Zappacosta,Davide Zappacosta,1178,9
2019-20,Roma,Kolarov,Aleksandar Kolarov,621,32
2019-20,Roma,Cristante,Bryan Cristante,1168,26
2019-20,Roma,Fazio,Federico Fazio,1000,16
2019-20,Roma,Under,Cengiz Ünder,6162,18
2019-20,Roma,Dzeko,Edin Dzeko,1253,35
2019-20,Roma,Kluivert,Justin Kluivert,6963,22
2019-20,Roma,Pellegrini Lo.,Lorenzo Pellegrini,1471,27
2019-20,Genoa,Ghiglione,Paolo Ghiglione,2040,25
2019-20,Genoa,Radovanovic,Ivan Radovanovic,1341,19
2019-20,Genoa,Pinamonti,Andrea Pinamonti,4895,32
2019-20,Genoa,Barreca,Antonio Barreca,1181,18
2019-20,Genoa,Lerager,Lukas Lerager,6021,21
2019-20,Genoa,Schone,Lasse Schöne,7935,32
2019-20,Genoa,Romero,Cristian Romero,7218,30
2019-20,Genoa,Pandev,Goran Pandev,1115,34
2019-20,Genoa,Sanabria,Antonio Sanabria,2217,24
2019-20,Genoa,Kouame',Christian Kouamé,7091,11
2019-20,Genoa,Criscito,Domenico Criscito,3065,26
2019-20,Genoa,Zapata C.,Cristian Zapata,1133,20
2019-20,Genoa,El Yamiq,Jawad El Yamiq,6546,3
2019-20,Genoa,Radu I.,Ionut Radu,1830,17
2019-20,Sampdoria,Leris,Mehdi Leris,6211,15
2019-20,Sampdoria,Jankto,Jakub Jankto,1146,30
2019-20,Sampdoria,Ekdal,Albin Ekdal,411,32
2019-20,Sampdoria,Colley,Omar Colley,7096,31
2019-20,Sampdoria,Murillo,Jeison Murillo,1508,10
2019-20,Sampdoria,Murru,Nicola Murru,1400,28
2019-20,Sampdoria,Vieira,Ronaldo Vieira,7097,27
2019-20,Sampdoria,Audero,Emil Audero,1302,36
2019-20,Sampdoria,Gabbiadini,Manolo Gabbiadini,1383,33
2019-20,Sampdoria,Bereszynski,Bartosz Bereszynski,4907,28
2019-20,Sampdoria,Linetty,Karol Linetty,1226,28
2019-20,Sampdoria,Quagliarella,Fabio Quagliarella,1230,28
2019-20,Sampdoria,Caprari,Gianluca Caprari,1170,18
2019-20,Sampdoria,Bonazzoli,Federico Bonazzoli,2019,19
2019-20,Lazio,Luiz Felipe,Luiz Felipe,6177,26
2019-20,Lazio,Luis Alberto,Luis Alberto,1219,35
2019-20,Lazio,Vavro,Denis Vavro,7940,11
2019-20,Lazio,Radu,Stefan Radu,1542,28
2019-20,Lazio,Cataldi,Danilo Cataldi,1206,21
2019-20,Lazio,Lulic,Senad Lulic,1205,19
2019-20,Lazio,Lazzari,Manuel Lazzari,6180,31
2019-20,Lazio,Correa,Joaquín Correa,1809,30
2019-20,Lazio,Immobile,Ciro Immobile,1209,36
2019-20,Lazio,Acerbi,Francesco Acerbi,1463,35
2019-20,Lazio,Marusic,Adam Marusic,6176,14
2019-20,Lazio,Parolo,Marco Parolo,1207,28
2019-20,Lazio,Strakosha,Thomas Strakosha,1214,37
2019-20,Lazio,Milinkovic-Savic,Sergej Milinkovic-Savic,1543,36
2019-20,SPAL 2013,Felipe,Felipe,1141,15
2019-20,SPAL 2013,Vicari,Francesco Vicari,6179,34
2019-20,SPAL 2013,Igor,Igor Julio,7943,17
2019-20,SPAL 2013,Floccari,Sergio Floccari,1446,24
2019-20,SPAL 2013,Berisha,Etrit Berisha,1483,26
2019-20,SPAL 2013,Missiroli,Simone Missiroli,1603,34
2019-20,SPAL 2013,Tomovic,Nenad Tomovic,1435,23
2019-20,SPAL 2013,Petagna,Andrea Petagna,1493,36
2019-20,SPAL 2013,Valoti,Mattia Valoti,3899,27
2019-20,SPAL 2013,Murgia,Alessandro Murgia,1212,25
2019-20,SPAL 2013,Kurtic,Jasmin Kurtic,1492,16
2019-20,SPAL 2013,Cionek,Thiago Cionek,1265,28
2019-20,SPAL 2013,D'alessandro,Marco D&#039;Alessandro,1502,15
2019-20,SPAL 2013,Di Francesco F.,Federico Di Francesco,1449,20
2019-20,Atalanta,Palomino,José Luis Palomino,4733,30
2019-20,Atalanta,Pasalic,Mario Pasalic,1134,35
2019-20,Atalanta,Muriel,Luis Muriel,1229,34
2019-20,Atalanta,Hateboer,Hans Hateboer,4941,32
2019-20,Atalanta,Toloi,Rafael Toloi,1484,33
2019-20,Atalanta,Gomez,Alejandro Gomez,1491,36
2019-20,Atalanta,Gosens,Robin Gosens,6155,34
2019-20,Atalanta,Freuler,Remo Freuler,1488,31
2019-20,Atalanta,Gollini,Pierluigi Gollini,1841,33
2019-20,Atalanta,Masiello,Andrea Masiello,1485,7
2019-20,Atalanta,Zapata D.,Duván Zapata,1148,28
2019-20,Atalanta,De Roon,Marten de Roon,1710,35
2019-20,Torino,Bremer,Bremer,6960,27
2019-20,Torino,Izzo,Armando Izzo,1096,31
2019-20,Torino,Baselli,Daniele Baselli,1182,16
2019-20,Torino,Rincon,Tomás Rincón,1099,32
2019-20,Torino,Aina,Ola Aina,725,32
2019-20,Torino,Ansaldi,Cristian Ansaldi,1515,27
2019-20,Torino,Zaza,Simone Zaza,1642,24
2019-20,Torino,Sirigu,Salvatore Sirigu,3301,36
2019-20,Torino,Djidji,Koffi Djidji,3550,17
2019-20,Torino,Meite',Soualiho Meité,3739,33
2019-20,Torino,Belotti,Andrea Belotti,1186,36
2019-20,Torino,Lukic,Sasa Lukic,1537,30
2019-20,Torino,Bonifazi,Kevin Bonifazi,3951,3
2019-20,Torino,De Silvestri,Lorenzo De Silvestri,1193,29
2019-20,Sassuolo,Rogerio,Rogerio,6312,14
2019-20,Sassuolo,Boga,Jeremie Boga,3544,33
2019-20,Sassuolo,Peluso,Federico Peluso,1464,22
2019-20,Sassuolo,Bourabia,Mehdi Bourabia,7003,17
2019-20,Sassuolo,Obiang,Pedro Obiang,542,24
2019-20,Sassuolo,Raspadori,Giacomo Raspadori,7500,11
2019-20,Sassuolo,Caputo,Francesco Caputo,6980,35
2019-20,Sassuolo,Toljan,Jeremy Toljan,257,28
2019-20,Sassuolo,Marlon,Marlon Santos,5056,22
2019-20,Sassuolo,Locatelli,Manuel Locatelli,1122,32
2019-20,Sassuolo,Consigli,Andrea Consigli,1460,31
2019-20,Sassuolo,Muldur,Mert Müldür,7950,24
2019-20,Sassuolo,Ferrari G.,Gianmarco Ferrari,1354,23
2019-20,Udinese,Rodrigo Becao,Rodrigo Becão,6806,29
2019-20,Udinese,Samir,Samir,1142,21
2019-20,Udinese,Sema,Ken Sema,6841,32
2019-20,Udinese,Pussetto,Ignacio Pussetto,6997,12
2019-20,Udinese,Nestorovski,Ilija Nestorovski,1272,28
2019-20,Udinese,Lasagna,Kevin Lasagna,1903,36
2019-20,Udinese,Fofana,Seko Fofana,1144,32
2019-20,Udinese,Musso,Juan Musso,7095,38
2019-20,Udinese,Mandragora,Rolando Mandragora,3821,26
2019-20,Udinese,Jajalo,Mato Jajalo,1273,26
2019-20,Udinese,De Paul,Rodrigo de Paul,1145,34
2019-20,Udinese,Troost-Ekong,William Troost-Ekong,6996,30
2019-20,Udinese,Pezzella Giu.,Giuseppe Pezzella,1281,1
2019-20,Udinese,Stryger Larsen,Jens Stryger Larsen,6262,33
2019-20,AC Milan,Rafael Leao,Rafael Leão,7193,31
2019-20,AC Milan,Suso,Suso,1129,16
2019-20,AC Milan,Borini,Fabio Borini,737,2
2019-20,AC Milan,Musacchio,Mateo Musacchio,2495,18
2019-20,AC Milan,Kessie',Franck Kessié,1489,35
2019-20,AC Milan,Calabria,Davide Calabria,1574,25
2019-20,AC Milan,Paqueta',Lucas Paquetá,7365,24
2019-20,AC Milan,Calhanoglu,Hakan Calhanoglu,189,35
2019-20,AC Milan,Romagnoli,Alessio Romagnoli,1119,35
2019-20,AC Milan,Castillejo,Samu Castillejo,2303,22
2019-20,AC Milan,Bennacer,Ismael Bennacer,6981,31
2019-20,AC Milan,Piatek,Krzysztof Piatek,7090,18
2019-20,AC Milan,Donnarumma G.,Gianluigi Donnarumma,1116,36
2019-20,AC Milan,Rodriguez R.,Ricardo Rodríguez,308,5
2019-20,Atalanta,Arana,Guilherme Arana,6572,4
2019-20,Atalanta,Ilicic,Josip Ilicic,1426,26
2019-20,Torino,Berenguer,Alex Berenguer,5091,29
2019-20,Torino,Laxalt,Diego Laxalt,1100,16
2019-20,Bologna,Medel,Gary Medel,1510,23
2019-20,SPAL 2013,Valdifiori,Mirko Valdifiori,1184,22
2019-20,Cagliari,Simeone,Giovanni Simeone,1102,37
2019-20,Cagliari,Cigarini,Luca Cigarini,1238,22
2019-20,Cagliari,Pisacane,Fabio Pisacane,1397,30
2019-20,Cagliari,Rog,Marko Rog,1390,30
2019-20,Cagliari,Olsen,Robin Olsen,6962,17
2019-20,Cagliari,Pellegrini Lu.,Luca Pellegrini,4970,24
2019-20,Inter,Godin,Diego Godín,2264,23
2019-20,Genoa,Romulo,Rômulo,1849,1
2019-20,Genoa,Pajac,Marko Pajac,1645,11
2019-20,Fiorentina,Dalbert,Dalbert,5699,31
2019-20,Fiorentina,Ranieri L.,Luca Ranieri,6696,3
2019-20,Juventus,Danilo,Danilo,2244,22
2019-20,Juventus,Can,Emre Can,604,8
2019-20,Juventus,Dybala,Paulo Dybala,1294,33
2019-20,Juventus,De Ligt,Matthijs de Ligt,7902,29
2019-20,Napoli,Lozano,Hirving Lozano,7999,26
2019-20,Lazio,Jony,Jony,2216,23
2019-20,Lazio,Lucas Leiva,Lucas Leiva,475,24
2019-20,Lazio,Bastos,Bastos,1595,16
2019-20,Roma,Santon,Davide Santon,1509,15
2019-20,Roma,Diawara,Amadou Diawara,1380,22
2019-20,Lecce,Shakhov,Evgen Shakhov,7977,24
2019-20,Lecce,Dell'orco,Cristian Dell&#039;Orco,1476,13
2019-20,Verona,Pessina,Matteo Pessina,7013,34
2019-20,AC Milan,Andre' Silva,André Silva,6170,1
2019-20,Brescia,Tremolada,Luca Tremolada,7965,1
2019-20,Brescia,Mateju,Ales Mateju,7994,30
2019-20,Brescia,Torregrossa,Ernesto Torregrossa,7993,24
2019-20,Sassuolo,Duncan,Alfred Duncan,1474,12
2019-20,Sassuolo,Djuricic,Filip Djuricic,1233,29
2019-20,Sassuolo,Mazzitelli,Luca Mazzitelli,1477,1
2019-20,Sassuolo,Berardi,Domenico Berardi,1612,30
2019-20,Sampdoria,Barreto,Edgar Barreto,1225,2
2019-20,Sampdoria,Ramirez,Gastón Ramírez,952,26
2019-20,Sampdoria,Ferrari A.,Alex Ferrari,1454,12
2019-20,Udinese,Teodorczyk,Lukasz Teodorczyk,6998,14
2019-20,Parma Calcio 1913,Cornelius,Andreas Cornelius,6156,26
2019-20,Parma Calcio 1913,Kucka,Juraj Kucka,1123,26
2019-20,Parma Calcio 1913,Pezzella Giu.,Giuseppe Pezzella,1281,22
2019-20,Brescia,Romulo,Rômulo,1849,21
2019-20,Brescia,Matri,Alessandro Matri,1472,7
2019-20,Bologna,Bani,Mattia Bani,6212,27
2019-20,Bologna,Skov Olsen,Andreas Skov Olsen,7934,26
2019-20,Fiorentina,Ceccherini,Federico Ceccherini,1370,15
2019-20,Fiorentina,Caceres,Martín Cáceres,1942,27
2019-20,Fiorentina,Zurkowski,Szymon Zurkowski,7910,2
2019-20,Juventus,Bentancur,Rodrigo Bentancur,6108,30
2019-20,Genoa,Ankersen,Peter Ankersen,8027,19
2019-20,Genoa,Saponara,Riccardo Saponara,1313,4
2019-20,Verona,Stepinski,Mariusz Stepinski,5718,21
2019-20,Verona,Di Carmine,Samuel Di Carmine,8035,22
2019-20,AC Milan,Rebic,Ante Rebic,1852,26
2019-20,AC Milan,Biglia,Lucas Biglia,1589,14
2019-20,Inter,Sanchez,Alexis Sánchez,498,22
2019-20,Inter,De Vrij,Stefan de Vrij,1541,34
2019-20,Udinese,Walace,Walace,5226,20
2019-20,Udinese,Barak,Antonin Barak,6208,8
2019-20,Udinese,Opoku,Nicholas Opoku,7001,7
2019-20,Udinese,De Maio,Sebastien De Maio,1431,21
2019-20,Napoli,Maksimovic,Nikola Maksimovic,1377,22
2019-20,Napoli,Llorente,Fernando Llorente,1728,17
2019-20,Napoli,Younes,Amin Younes,7289,9
2019-20,Sampdoria,Depaoli,Fabio Depaoli,1624,29
2019-20,Sampdoria,Regini,Vasco Regini,1224,3
2019-20,Sampdoria,Rigoni E,Emiliano Rigoni,6282,8
2019-20,Parma Calcio 1913,Darmian,Matteo Darmian,557,33
2019-20,Parma Calcio 1913,Sprocati,Mattia Sprocati,6993,20
2019-20,Cagliari,Cacciatore,Fabrizio Cacciatore,1329,16
2019-20,Roma,Mkhitaryan,Henrikh Mkhitaryan,317,22
2019-20,Roma,Veretout,Jordan Veretout,677,33
2019-20,Roma,Spinazzola,Leonardo Spinazzola,1500,24
2019-20,Sassuolo,Defrel,Gregoire Defrel,1468,17
2019-20,Sassuolo,Chiriches,Vlad Chiriches,1395,9
2019-20,SPAL 2013,Reca,Arkadiusz Reca,7014,25
2019-20,SPAL 2013,Strefezza,Gabriel Strefezza,7944,32
2019-20,SPAL 2013,Sala,Jacopo Sala,1221,16
2019-20,Lazio,Patric,Patric,1204,20
2019-20,Lazio,Caicedo,Felipe Caicedo,2116,29
2019-20,Torino,Verdi,Simone Verdi,1445,33
2019-20,Lecce,Babacar,Khouma Babacar,1434,25
2019-20,Lecce,Tabanelli,Andrea Tabanelli,3857,13
2019-20,Atalanta,Castagne,Timothy Castagne,6157,27
2019-20,Bologna,Krejci,Ladislav Krejci,1447,14
2019-20,Cagliari,Oliva,Christian Oliva,7417,11
2019-20,Genoa,Favilli,Andrea Favilli,1997,20
2019-20,Genoa,Biraschi,Davide Biraschi,1114,24
2019-20,Juventus,Buffon,Gianluigi Buffon,1285,9
2019-20,Juventus,Ramsey,Aaron Ramsey,504,24
2019-20,Juventus,Demiral,Merih Demiral,7416,6
2019-20,Verona,Pazzini,Giampaolo Pazzini,1847,15
2019-20,Napoli,Ospina,David Ospina,505,17
2019-20,Napoli,Luperto,Sebastiano Luperto,1639,9
2019-20,Napoli,Milik,Arkadiusz Milik,1583,26
2019-20,Napoli,Malcuit,Kevin Malcuit,3632,4
2019-20,AC Milan,Conti,Andrea Conti,1487,23
2019-20,AC Milan,Hernandez T.,Theo Hernández,2547,33
2019-20,Torino,Lyanco,Lyanco,6252,17
2019-20,Sassuolo,Magnanelli,Francesco Magnanelli,1466,22
2019-20,Udinese,Okaka,Stefano Okaka,1763,33
2019-20,Brescia,Balotelli,Mario Balotelli,1817,18
2019-20,Sampdoria,Chabot,Julian Chabot,7937,8
2019-20,Verona,Vitale L,Luigi Vitale,8036,2
2019-20,Inter,Biraghi,Cristiano Biraghi,1164,25
2019-20,Lazio,Berisha V.,Valon Berisha,7178,3
2019-20,Parma Calcio 1913,Scozzarella,Matteo Scozzarella,7227,16
2019-20,Roma,Kalinic,Nikola Kalinic,1425,15
2019-20,Roma,Smalling,Chris Smalling,628,30
2019-20,Atalanta,Kjaer,Simon Kjaer,4699,5
2019-20,Lecce,Imbula,Giannelli Imbula,861,3
2019-20,AC Milan,Bonaventura,Giacomo Bonaventura,1121,29
2019-20,Verona,Salcedo E.,Eddie Salcedo,6203,17
2019-20,SPAL 2013,Jankovic,Marko Jankovic,7473,6
2019-20,SPAL 2013,Moncini,Gabriele Moncini,3925,4
2019-20,SPAL 2013,Paloschi,Alberto Paloschi,716,10
2019-20,Lazio,Adekanye,Bobby Adekanye,7942,11
2019-20,Genoa,Cassata,Francesco Cassata,1998,24
2019-20,AC Milan,Duarte,Léo Duarte,7919,6
2019-20,AC Milan,Krunic,Rade Krunic,1311,15
2019-20,Fiorentina,Ghezzal,Rachid Ghezzal,3276,19
2019-20,Torino,N'koulou,Nicolas N&#039;Koulou,3387,31
2019-20,Inter,Bastoni,Alessandro Bastoni,4939,25
2019-20,Sassuolo,Tripaldelli,Alessandro Tripaldelli,7951,2
2019-20,Atalanta,Barrow,Musa Barrow,6512,7
2019-20,Atalanta,Sportiello,Marco Sportiello,1501,6
2019-20,Lecce,Vera,Brayan Vera,7979,8
2019-20,Bologna,Svanberg,Mattias Svanberg,6974,25
2019-20,Bologna,Schouten,Jerdy Schouten,7933,19
2019-20,Udinese,Ter Avest,Hidde ter Avest,7000,20
2019-20,AC Milan,Reina,José Reina,1374,1
2019-20,Roma,Antonucci,Mirko Antonucci,6247,2
2019-20,Cagliari,Mattiello,Federico Mattiello,1546,18
2019-20,Torino,Iago Falque,Iago Falque,1185,4
2019-20,Cagliari,Farago',Paolo Faragò,4912,21
2019-20,Bologna,Mbaye,Ibrahima Mbaye,1458,20
2019-20,Lecce,Meccariello,Biagio Meccariello,8059,14
2019-20,Parma Calcio 1913,Dermaku,Kastriot Dermaku,2043,16
2019-20,Genoa,Goldaniga,Edoardo Goldaniga,1264,13
2019-20,Genoa,Jagiello,Filip Jagiello,7936,11
2019-20,Sampdoria,Bertolacci,Andrea Bertolacci,1641,12
2019-20,Roma,Perotti,Diego Perotti,1539,21
2019-20,Inter,Lazaro,Valentino Lazaro,6352,6
2019-20,Torino,Millico,Vincenzo Millico,6460,11
2019-20,Atalanta,Diallo Am.,Amad Diallo Traore,8127,3
2019-20,Lazio,Lukaku J.,Jordan Lukaku,1563,13
2019-20,Genoa,Gumus,Sinan Gümüs,8120,3
2019-20,Genoa,Agudelo,Kevin Agudelo,8010,10
2019-20,Sassuolo,Romagna,Filippo Romagna,2058,17
2019-20,Inter,Esposito,Sebastiano Esposito,7969,7
2019-20,Roma,Cetin,Yildirim Mert Cetin,8007,6
2019-20,Brescia,Ndoj,Emanuele Ndoj,8121,17
2019-20,Brescia,Mangraviti,Massimiliano Mangraviti,7963,13
2019-20,Brescia,Alfonso,Enrico Alfonso,7964,3
2019-20,Juventus,Rugani,Daniele Rugani,1301,10
2019-20,Verona,Danzi,Andrea Danzi,6375,1
2019-20,Fiorentina,Pedro G.,Pedro,8110,4
2019-20,Udinese,Nuytinck,Bram Nuytinck,6206,26
2019-20,Verona,Empereur,Alan Empereur,7929,13
2019-20,Brescia,Curcio,Felipe Curcio,7966,1
2019-20,Lecce,Riccardi D,Davide Riccardi,5812,1
2019-20,Sassuolo,Kyriakopoulos,Georgios Kyriakopoulos,8034,25
2019-20,Sampdoria,Augello,Tommaso Augello,7938,17
2019-20,Sampdoria,Thorsby,Morten Thorsby,7939,24
2019-20,Brescia,Magnani,Giangiacomo Magnani,7002,2
2019-20,Genoa,Cleonise,Denilho Cleonise,8144,4
2019-20,Bologna,Paz,Nehuén Paz,6973,3
2019-20,Fiorentina,Cristoforo,Sebastián Cristóforo,1436,1
2019-20,Lecce,Dubickas,Edgaras Dubickas,7978,1
2019-20,Brescia,Morosini,Leonardo Morosini,4933,3
2019-20,Genoa,Sturaro,Stefano Sturaro,1296,16
2019-20,Inter,Borja Valero,Borja Valero,1422,19
2019-20,Inter,Dimarco,Federico Dimarco,1324,3
2019-20,Torino,Edera,Simone Edera,2010,13
2019-20,Sassuolo,Turati,Stefano Turati,8101,2
2019-20,Lazio,Anderson A.,André Anderson,7941,6
2019-20,Verona,Adjapong,Claud Adjapong,1475,5
2019-20,Roma,Mirante,Antonio Mirante,1609,5
2019-20,Atalanta,Colley E.,Ebrima Colley,8161,5
2019-20,Brescia,Viviani M.,Mattia Viviani,8199,8
2019-20,Cagliari,Deiola,Alessandro Deiola,1634,1
2019-20,Fiorentina,Eysseric,Valentin Eysseric,3515,3
2019-20,Inter,Agoume,Lucien Agoume,8165,3
2019-20,Sassuolo,Pegolo,Gianluca Pegolo,1480,4
2019-20,SPAL 2013,Tunjov,Georgi Tunjov,8063,10
2019-20,Genoa,Rovella,Nicolo Rovella,7411,2
2019-20,Brescia,Semprini,Alessandro Semprini,4957,12
2019-20,Genoa,Behrami,Valon Behrami,570,17
2019-20,Genoa,Perin,Mattia Perin,1093,21
2019-20,Cagliari,Walukiewicz,Sebastian Walukiewicz,8030,14
2019-20,Lecce,Donati,Giulio Donati,193,20
2019-20,AC Milan,Ibrahimovic,Zlatan Ibrahimovic,1741,18
2019-20,Torino,Adopo,Ndary Adopo,6706,2
2019-20,Verona,Badu,Emmanuel Badu,1150,10
2019-20,Fiorentina,Cutrone,Patrick Cutrone,4918,19
2019-20,Parma Calcio 1913,Kurtic,Jasmin Kurtic,1492,20
2019-20,Lecce,Deiola,Alessandro Deiola,1634,10
2019-20,Bologna,Dominguez,Nicolás Domínguez,8252,16
2019-20,Brescia,Bjarnason,Birkir Bjarnason,8269,13
2019-20,Napoli,Demme,Diego Demme,5246,15
2019-20,Bologna,Barrow,Musa Barrow,6512,18
2019-20,Verona,Borini,Fabio Borini,737,13
2019-20,Roma,Bruno Peres,Bruno Peres,1567,16
2019-20,Atalanta,Caldara,Mattia Caldara,1486,14
2019-20,SPAL 2013,Dabo,Bryan Dabo,3340,16
2019-20,AC Milan,Kjaer,Simon Kjaer,4699,15
2019-20,SPAL 2013,Bonifazi,Kevin Bonifazi,3951,14
2019-20,Inter,Young,Ashley Young,631,18
2019-20,Cagliari,Cragno,Alessio Cragno,3927,16
2019-20,Fiorentina,Olivera M.,Maximiliano Olivera,1420,1
2019-20,Napoli,Lobotka,Stanislav Lobotka,6125,14
2019-20,Lecce,Vigorito,Mauro Vigorito,8008,5
2019-20,Brescia,Skrabb,Simon Skrabb,8270,10
2019-20,Sampdoria,Tonelli,Lorenzo Tonelli,1394,9
2019-20,Fiorentina,Igor,Igor Julio,7943,9
2019-20,Fiorentina,Agudelo,Kevin Agudelo,8010,3
2019-20,Genoa,Destro,Mattia Destro,1580,8
2019-20,Genoa,Masiello,Andrea Masiello,1485,15
2019-20,AC Milan,Maldini,Daniel Maldini,8163,2
2019-20,AC Milan,Saelemaekers,Alexis Saelemaekers,8297,13
2019-20,Udinese,Zeegelaar,Marvin Zeegelaar,6303,13
2019-20,Inter,Eriksen,Christian Eriksen,646,17
2019-20,Inter,Moses,Victor Moses,541,12
2019-20,Inter,Padelli,Daniele Padelli,1195,3
2019-20,Sampdoria,Maroni,Gonzalo Maroni,8105,5
2019-20,Napoli,Politano,Matteo Politano,1473,15
2019-20,Cagliari,Paloschi,Alberto Paloschi,716,7
2019-20,Parma Calcio 1913,Colombi,Simone Colombi,1894,4
2019-20,Parma Calcio 1913,Caprari,Gianluca Caprari,1170,12
2019-20,Sassuolo,Magnani,Giangiacomo Magnani,7002,8
2019-20,Roma,Carles Perez,Carles Pérez,7609,14
2019-20,Roma,Villar,Gonzalo Villar,6750,9
2019-20,SPAL 2013,Zukanovic,Ervin Zukanovic,1497,3
2019-20,SPAL 2013,Castro,Lucas Castro,1333,7
2019-20,Lecce,Saponara,Riccardo Saponara,1313,13
2019-20,Lecce,Barak,Antonin Barak,6208,16
2019-20,Lecce,Paz,Nehuén Paz,6973,13
2019-20,Atalanta,Tameze,Adrien Tameze,5996,7
2019-20,Bologna,Juwara,Musa Juwara,7263,7
2019-20,Genoa,Soumaoro,Adama Soumaoro,3356,8
2019-20,Cagliari,Pereiro,Gastón Pereiro,8289,10
2019-20,Verona,Dimarco,Federico Dimarco,1324,13
2019-20,Sampdoria,La Gumina,Antonio La Gumina,2003,5
2019-20,Brescia,Andrenacci,Lorenzo Andrenacci,8133,6
2019-20,Fiorentina,Duncan,Alfred Duncan,1474,13
2019-20,Sassuolo,Haraslin,Lukas Haraslin,3893,11
2019-20,AC Milan,Gabbia,Matteo Gabbia,4920,9
2019-20,SPAL 2013,Fares,Mohamed Fares,1956,8
2019-20,Genoa,Iago Falque,Iago Falque,1185,10
2019-20,AC Milan,Begovic,Asmir Begovic,694,2
2019-20,Sampdoria,Yoshida,Maya Yoshida,845,14
2019-20,Sampdoria,Askildsen,Kristoffer Askildsen,8309,4
2019-20,Bologna,Baldursson,Andri Fannar Baldursson,8124,7
2019-20,Bologna,Da Costa,Ângelo Da Costa,1437,1
2019-20,Brescia,Papetti,Andrea Papetti,8387,11
2019-20,SPAL 2013,Letica,Karlo Letica,7945,10
2019-20,SPAL 2013,Cerri,Alberto Cerri,4906,8
2019-20,Cagliari,Carboni A.,Andrea Carboni,8232,7
2019-20,Bologna,Cangiano,Gianmarco Cangiano,7210,3
2019-20,Roma,Ibanez,Ibañez,7413,9
2019-20,Lazio,Anderson D.,Djavan Anderson,8259,5
2019-20,Brescia,Ghezzi,Andrea Ghezzi,8479,5
2019-20,Parma Calcio 1913,Regini,Vasco Regini,1224,2
2019-20,Juventus,Muratore,Simone Muratore,7581,4
2019-20,Torino,Singo,Wilfried Stephane Singo,7472,4
2019-20,Juventus,Olivieri,Marco Olivieri,8113,3
2019-20,SPAL 2013,Salamon,Bartosz Salamon,1398,7
2019-20,AC Milan,Laxalt,Diego Laxalt,1100,4
2019-20,Atalanta,Sutalo,Bosko Sutalo,8475,7
2019-20,Sassuolo,Ghion,Andrea Ghion,7627,3
2019-20,Fiorentina,Terracciano,Pietro Terracciano,6977,7
2019-20,Verona,Lucas Felippe,Lucas,8111,2
2019-20,Sampdoria,D'amico,Felice D&#039;Amico,8492,2
2019-20,Fiorentina,Kouame',Christian Kouamé,7091,7
2019-20,Udinese,Ballarini,Marco Ballarini,8170,1
2019-20,Bologna,Ruffo Luci,Dion Ruffo Luci,8331,1
2019-20,Atalanta,Bellanova,Raoul Bellanova,6412,1
2019-20,Atalanta,Piccoli,Roberto Piccoli,7375,1
2019-20,Atalanta,Czyborra,Lennart Czyborra,8298,1
2019-20,Atalanta,Rossi F.,Francesco Rossi,4940,1
2019-20,Verona,Eysseric,Valentin Eysseric,3515,5
2019-20,Inter,Pirola,Lorenzo Pirola,8245,1
2019-20,Verona,Lovato,Matteo Lovato,8522,1
2019-20,AC Milan,Colombo,Lorenzo Colombo,8478,1
2019-20,Bologna,Corbo,Gabriele Corbo,7089,2
2019-20,Lazio,Falbo,Luca Falbo,8491,1
2019-20,Lazio,Moro,Raul Moro,8584,1
2019-20,Cagliari,Ladinetti,Riccardo Ladinetti,6388,3
2019-20,Sassuolo,Manzari,Giacomo Manzari,8540,3
2019-20,Cagliari,Gagliano,Luca Gagliano,6387,2
2019-20,SPAL 2013,Cuellar,Jaume Cuellar,8388,2
2019-20,Verona,Radunovic,Boris Radunovic,1926,3
2019-20,Lazio,Armini,Nicolò Armini,7611,1
2019-20,SPAL 2013,Iskra,Jakub Iskra,8592,2
2019-20,SPAL 2013,Horvath,Krisztofer Horváth,8591,3
2019-20,SPAL 2013,Thiam D.,Demba Thiam,6976,2
2019-20,Cagliari,Marigosu,Federico Marigosu,8553,2
2019-20,Fiorentina,Brancolini,Federico Brancolini,6701,1
2019-20,Fiorentina,Terzic,Aleksa Terzic,7911,2
2019-20,Bologna,Bonini,Federico Bonini,8332,1
2019-20,Juventus,Zanimacchia,Luca Zanimacchia,1631,2
2019-20,Juventus,Peeters,Daouda Peeters,8333,1
2019-20,Sampdoria,Falcone,Wladimiro Falcone,4984,2
2019-20,Torino,Ujkani,Samir Ujkani,2022,1
2019-20,AC Milan,Brescianini,Marco Brescianini,7284,1
2019-20,Fiorentina,Dalle Mura,Christian Dalle Mura,8296,1
2019-20,Atalanta,Da Riva,Jacopo Da Riva,8156,1
2019-20,Lecce,Monterisi,Ilario Monterisi,8197,1
2019-20,Juventus,Vrioni,Giacomo Vrioni,5015,1
2019-20,Juventus,Frabotta,Gianluca Frabotta,5028,1
2019-20,Juventus,Pinsoglio,Carlo Pinsoglio,6107,1
2019-20,Roma,Fuzato,Daniel Fuzato,6966,1
2019-20,Roma,Calafiori,Riccardo Calafiori,8129,1
2019-20,Torino,Rosati,Antonio Rosati,3888,1
2019-20,Torino,Celesia,Christian Celesia,8467,1
2019-20,Sassuolo,Piccinini,Stefano Piccinini,8102,1
2019-20,Udinese,Palumbo,Martin Palumbo,8487,1
2020-21,Benevento,Schiattarella,Pasquale Schiattarella,6182,29
2020-21,Benevento,Caldirola,Luca Caldirola,3,25
2020-21,Benevento,Lapadula,Gianluca Lapadula,1136,37
2020-21,Benevento,Barba,Federico Barba,1320,32
2020-21,Benevento,Ionita,Artur Ionita,1604,36
2020-21,Benevento,Tuia,Alessandro Tuia,8884,27
2020-21,Benevento,Moncini,Gabriele Moncini,3925,10
2020-21,Benevento,Dabo,Bryan Dabo,3340,25
2020-21,Benevento,Maggio,Christian Maggio,1391,8
2020-21,Benevento,Caprari,Gianluca Caprari,1170,30
2020-21,Benevento,Glik,Kamil Glik,1800,36
2020-21,Benevento,Montipo',Lorenzo Montipò,8881,37
2020-21,Benevento,Foulon,Daam Foulon,8882,23
2020-21,Benevento,Letizia,Gaetano Letizia,1972,24
2020-21,Benevento,Hetemaj,Perparim Hetemaj,1334,31
2020-21,Benevento,Insigne R.,Roberto Insigne,1617,30
2020-21,Inter,Handanovic,Samir Handanovic,1505,37
2020-21,Inter,Perisic,Ivan Perisic,448,32
2020-21,Inter,Lukaku,Romelu Lukaku,594,36
2020-21,Inter,Hakimi,Achraf Hakimi,5197,37
2020-21,Inter,Sensi,Stefano Sensi,1465,18
2020-21,Inter,Brozovic,Marcelo Brozovic,1511,33
2020-21,Inter,Sanchez,Alexis Sánchez,498,30
2020-21,Inter,Barella,Nicolò Barella,1409,36
2020-21,Inter,Vidal,Arturo Vidal,222,23
2020-21,Inter,Eriksen,Christian Eriksen,646,26
2020-21,Inter,Young,Ashley Young,631,26
2020-21,Inter,Kolarov,Aleksandar Kolarov,621,7
2020-21,Inter,Gagliardini,Roberto Gagliardini,1496,28
2020-21,Inter,Skriniar,Milan Skriniar,1223,32
2020-21,Inter,Martinez L.,Lautaro Martínez,7006,38
2020-21,Inter,De Vrij,Stefan de Vrij,1541,32
2020-21,Fiorentina,Borja Valero,Borja Valero,1422,20
2020-21,Fiorentina,Dragowski,Bartlomiej Dragowski,1555,36
2020-21,Fiorentina,Biraghi,Cristiano Biraghi,1164,35
2020-21,Fiorentina,Lirola,Pol Lirola,1461,12
2020-21,Fiorentina,Kouame',Christian Kouamé,7091,33
2020-21,Fiorentina,Cutrone,Patrick Cutrone,4918,11
2020-21,Fiorentina,Duncan,Alfred Duncan,1474,4
2020-21,Fiorentina,Castrovilli,Gaetano Castrovilli,7909,34
2020-21,Fiorentina,Vlahovic,Dusan Vlahovic,7084,37
2020-21,Fiorentina,Ceccherini,Federico Ceccherini,1370,3
2020-21,Fiorentina,Ribery,Franck Ribéry,329,29
2020-21,Fiorentina,Caceres,Martín Cáceres,1942,29
2020-21,Fiorentina,Milenkovic,Nikola Milenkovic,6174,34
2020-21,Fiorentina,Bonaventura,Giacomo Bonaventura,1121,34
2020-21,Fiorentina,Venuti,Lorenzo Venuti,6191,28
2020-21,Fiorentina,Chiesa,Federico Chiesa,1433,3
2020-21,Torino,Bremer,Bremer,6960,32
2020-21,Torino,Izzo,Armando Izzo,1096,24
2020-21,Torino,Millico,Vincenzo Millico,6460,3
2020-21,Torino,Rincon,Tomás Rincón,1099,35
2020-21,Torino,Berenguer,Alex Berenguer,5091,2
2020-21,Torino,Verdi,Simone Verdi,1445,32
2020-21,Torino,Ansaldi,Cristian Ansaldi,1515,30
2020-21,Torino,Zaza,Simone Zaza,1642,28
2020-21,Torino,Sirigu,Salvatore Sirigu,3301,31
2020-21,Torino,Meite',Soualiho Meité,3739,14
2020-21,Torino,Belotti,Andrea Belotti,1186,34
2020-21,Torino,Linetty,Karol Linetty,1226,27
2020-21,Torino,Lukic,Sasa Lukic,1537,31
2020-21,Torino,Vojvoda,Mergim Vojvoda,8819,24
2020-21,Torino,N'koulou,Nicolas N&#039;Koulou,3387,17
2020-21,Genoa,Goldaniga,Edoardo Goldaniga,1264,25
2020-21,Genoa,Ghiglione,Paolo Ghiglione,2040,23
2020-21,Genoa,Radovanovic,Ivan Radovanovic,1341,33
2020-21,Genoa,Lerager,Lukas Lerager,6021,16
2020-21,Genoa,Pandev,Goran Pandev,1115,29
2020-21,Genoa,Melegoni,Filippo Melegoni,4959,14
2020-21,Genoa,Czyborra,Lennart Czyborra,8298,17
2020-21,Genoa,Pjaca,Marko Pjaca,1577,35
2020-21,Genoa,Zappacosta,Davide Zappacosta,1178,25
2020-21,Genoa,Perin,Mattia Perin,1093,32
2020-21,Genoa,Behrami,Valon Behrami,570,26
2020-21,Genoa,Destro,Mattia Destro,1580,29
2020-21,Genoa,Zajc,Miha Zajc,4937,31
2020-21,Genoa,Biraschi,Davide Biraschi,1114,13
2020-21,Genoa,Badelj,Milan Badelj,1430,30
2020-21,Genoa,Zapata C.,Cristian Zapata,1133,12
2020-21,Crotone,Eduardo Henrique,Eduardo Henrique,8839,18
2020-21,Crotone,Simy,Simy,1362,38
2020-21,Crotone,Golemic,Vladimir Golemic,8837,30
2020-21,Crotone,Rispoli,Andrea Rispoli,1274,19
2020-21,Crotone,Mazzotta,Antonio Mazzotta,3997,2
2020-21,Crotone,Zanellato,Niccolò Zanellato,4917,27
2020-21,Crotone,Kargbo,Augustus Kargbo,8842,1
2020-21,Crotone,Riviere,Emmanuel Rivière,777,21
2020-21,Crotone,Marrone,Luca Marrone,1643,21
2020-21,Crotone,Cigarini,Luca Cigarini,1238,14
2020-21,Crotone,Dragus,Denis Dragus,8840,9
2020-21,Crotone,Gomelt,Tomislav Gomelt,8841,2
2020-21,Crotone,Cordaz,Alex Cordaz,1351,36
2020-21,Crotone,Magallan,Lisandro Magallán,8029,28
2020-21,Crotone,Messias,Junior Messias,8838,36
2020-21,Crotone,Molina S.,Salvatore Molina,3989,29
2020-21,Juventus,Danilo,Danilo,2244,34
2020-21,Juventus,Douglas Costa,Douglas Costa,393,2
2020-21,Juventus,Bentancur,Rodrigo Bentancur,6108,33
2020-21,Juventus,Chiellini,Giorgio Chiellini,1576,17
2020-21,Juventus,Mckennie,Weston McKennie,5360,34
2020-21,Juventus,Cuadrado,Juan Cuadrado,1089,30
2020-21,Juventus,Frabotta,Gianluca Frabotta,5028,15
2020-21,Juventus,Ramsey,Aaron Ramsey,504,22
2020-21,Juventus,Demiral,Merih Demiral,7416,15
2020-21,Juventus,Kulusevski,Dejan Kulusevski,6691,35
2020-21,Juventus,Bonucci,Leonardo Bonucci,1287,26
2020-21,Juventus,Szczesny,Wojciech Szczesny,1244,30
2020-21,Juventus,Ronaldo,Cristiano Ronaldo,2371,33
2020-21,Juventus,Rabiot,Adrien Rabiot,3291,34
2020-21,Juventus,De Sciglio,Mattia De Sciglio,1120,1
2020-21,Sampdoria,Yoshida,Maya Yoshida,845,32
2020-21,Sampdoria,Leris,Mehdi Leris,6211,20
2020-21,Sampdoria,Augello,Tommaso Augello,7938,37
2020-21,Sampdoria,Jankto,Jakub Jankto,1146,35
2020-21,Sampdoria,Colley,Omar Colley,7096,29
2020-21,Sampdoria,Ekdal,Albin Ekdal,411,32
2020-21,Sampdoria,Damsgaard,Mikkel Damsgaard,8859,35
2020-21,Sampdoria,Tonelli,Lorenzo Tonelli,1394,23
2020-21,Sampdoria,Audero,Emil Audero,1302,37
2020-21,Sampdoria,Thorsby,Morten Thorsby,7939,33
2020-21,Sampdoria,Ramirez,Gastón Ramírez,952,25
2020-21,Sampdoria,Bereszynski,Bartosz Bereszynski,4907,31
2020-21,Sampdoria,Verre,Valerio Verre,1569,27
2020-21,Sampdoria,Quagliarella,Fabio Quagliarella,1230,33
2020-21,Sampdoria,Bonazzoli,Federico Bonazzoli,2019,2
2020-21,Sampdoria,Depaoli,Fabio Depaoli,1624,2
2020-21,Lazio,Luis Alberto,Luis Alberto,1219,33
2020-21,Lazio,Patric,Patric,1204,24
2020-21,Lazio,Lucas Leiva,Lucas Leiva,475,31
2020-21,Lazio,Bastos,Bastos,1595,2
2020-21,Lazio,Radu,Stefan Radu,1542,30
2020-21,Lazio,Cataldi,Danilo Cataldi,1206,19
2020-21,Lazio,Lazzari,Manuel Lazzari,6180,31
2020-21,Lazio,Immobile,Ciro Immobile,1209,34
2020-21,Lazio,Acerbi,Francesco Acerbi,1463,32
2020-21,Lazio,Caicedo,Felipe Caicedo,2116,25
2020-21,Lazio,Marusic,Adam Marusic,6176,35
2020-21,Lazio,Escalante,Gonzalo Escalante,2437,23
2020-21,Lazio,Strakosha,Thomas Strakosha,1214,8
2020-21,Lazio,Akpa Akpro,Jean-Daniel Akpa-Akpro,3209,31
2020-21,Lazio,Milinkovic-Savic,Sergej Milinkovic-Savic,1543,32
2020-21,Lazio,Anderson D.,Djavan Anderson,8259,3
2020-21,Atalanta,Palomino,José Luis Palomino,4733,36
2020-21,Atalanta,Pasalic,Mario Pasalic,1134,25
2020-21,Atalanta,Sportiello,Marco Sportiello,1501,15
2020-21,Atalanta,Muriel,Luis Muriel,1229,36
2020-21,Atalanta,Hateboer,Hans Hateboer,4941,22
2020-21,Atalanta,Toloi,Rafael Toloi,1484,31
2020-21,Atalanta,Mojica,Johan Mojica,6242,11
2020-21,Atalanta,Gomez,Alejandro Gomez,1491,10
2020-21,Atalanta,Lammers,Sam Lammers,8870,15
2020-21,Atalanta,Gosens,Robin Gosens,6155,32
2020-21,Atalanta,Romero,Cristian Romero,7218,31
2020-21,Atalanta,Freuler,Remo Freuler,1488,34
2020-21,Atalanta,Zapata D.,Duván Zapata,1148,37
2020-21,Atalanta,De Roon,Marten de Roon,1710,35
2020-21,AC Milan,Duarte,Léo Duarte,7919,1
2020-21,AC Milan,Ibrahimovic,Zlatan Ibrahimovic,1741,19
2020-21,AC Milan,Kessie',Franck Kessié,1489,37
2020-21,AC Milan,Rebic,Ante Rebic,1852,27
2020-21,AC Milan,Tonali,Sandro Tonali,7958,25
2020-21,AC Milan,Krunic,Rade Krunic,1311,25
2020-21,AC Milan,Calabria,Davide Calabria,1574,32
2020-21,AC Milan,Calhanoglu,Hakan Calhanoglu,189,33
2020-21,AC Milan,Saelemaekers,Alexis Saelemaekers,8297,32
2020-21,AC Milan,Bennacer,Ismael Bennacer,6981,21
2020-21,AC Milan,Gabbia,Matteo Gabbia,4920,8
2020-21,AC Milan,Castillejo,Samu Castillejo,2303,28
2020-21,AC Milan,Kjaer,Simon Kjaer,4699,28
2020-21,AC Milan,Hernandez T.,Theo Hernández,2547,33
2020-21,AC Milan,Diaz B.,Brahim Diaz,6421,27
2020-21,AC Milan,Donnarumma G.,Gianluigi Donnarumma,1116,37
2020-21,Bologna,Barrow,Musa Barrow,6512,38
2020-21,Bologna,Skorupski,Lukasz Skorupski,1305,28
2020-21,Bologna,Svanberg,Mattias Svanberg,6974,34
2020-21,Bologna,Sansone,Nicola Sansone,1826,26
2020-21,Bologna,Santander,Federico Santander,6972,4
2020-21,Bologna,Tomiyasu,Takehiro Tomiyasu,7931,31
2020-21,Bologna,Orsolini,Riccardo Orsolini,6160,34
2020-21,Bologna,Schouten,Jerdy Schouten,7933,34
2020-21,Bologna,Soriano,Roberto Soriano,1810,37
2020-21,Bologna,Dominguez,Nicolás Domínguez,8252,28
2020-21,Bologna,Palacio,Rodrigo Palacio,1518,36
2020-21,Bologna,Vignato,Emanuel Vignato,4943,31
2020-21,Bologna,Dijks,Mitchell Dijks,6971,20
2020-21,Bologna,De Silvestri,Lorenzo De Silvestri,1193,29
2020-21,Bologna,Skov Olsen,Andreas Skov Olsen,7934,26
2020-21,Bologna,Danilo Lar.,Danilo,1140,35
2020-21,Parma Calcio 1913,Hernani,Hernani,5509,33
2020-21,Parma Calcio 1913,Bruno Alves,Bruno Alves,1399,19
2020-21,Parma Calcio 1913,Cornelius,Andreas Cornelius,6156,29
2020-21,Parma Calcio 1913,Karamoh,Yann Karamoh,5700,24
2020-21,Parma Calcio 1913,Siligardi,Luca Siligardi,1846,2
2020-21,Parma Calcio 1913,Iacoponi,Simone Iacoponi,6989,16
2020-21,Parma Calcio 1913,Grassi,Alberto Grassi,1504,23
2020-21,Parma Calcio 1913,Kucka,Juraj Kucka,1123,28
2020-21,Parma Calcio 1913,Dezi,Jacopo Dezi,2005,2
2020-21,Parma Calcio 1913,Darmian,Matteo Darmian,557,3
2020-21,Parma Calcio 1913,Sepe,Luigi Sepe,1392,36
2020-21,Parma Calcio 1913,Inglese,Roberto Inglese,1340,14
2020-21,Parma Calcio 1913,Brugman,Gastón Brugman,1165,26
2020-21,Parma Calcio 1913,Pezzella Giu.,Giuseppe Pezzella,1281,24
2020-21,Napoli,Elmas,Eljif Elmas,7912,33
2020-21,Napoli,Mertens,Dries Mertens,1384,29
2020-21,Napoli,Hysaj,Elseid Hysaj,1375,24
2020-21,Napoli,Insigne,Lorenzo Insigne,1393,35
2020-21,Napoli,Zielinski,Piotr Zielinski,1386,36
2020-21,Napoli,Politano,Matteo Politano,1473,37
2020-21,Napoli,Petagna,Andrea Petagna,1493,26
2020-21,Napoli,Ospina,David Ospina,505,16
2020-21,Napoli,Lozano,Hirving Lozano,7999,32
2020-21,Napoli,Osimhen,Victor Osimhen,5322,24
2020-21,Napoli,Demme,Diego Demme,5246,24
2020-21,Napoli,Lobotka,Stanislav Lobotka,6125,15
2020-21,Napoli,Koulibaly,Kalidou Koulibaly,1376,26
2020-21,Napoli,Manolas,Kostas Manolas,1246,30
2020-21,Napoli,Di Lorenzo,Giovanni Di Lorenzo,6978,36
2020-21,Sassuolo,Rogerio,Rogerio,6312,28
2020-21,Sassuolo,Haraslin,Lukas Haraslin,3893,14
2020-21,Sassuolo,Bourabia,Mehdi Bourabia,7003,15
2020-21,Sassuolo,Kyriakopoulos,Georgios Kyriakopoulos,8034,23
2020-21,Sassuolo,Obiang,Pedro Obiang,542,33
2020-21,Sassuolo,Caputo,Francesco Caputo,6980,25
2020-21,Sassuolo,Djuricic,Filip Djuricic,1233,32
2020-21,Sassuolo,Defrel,Gregoire Defrel,1468,28
2020-21,Sassuolo,Toljan,Jeremy Toljan,257,26
2020-21,Sassuolo,Berardi,Domenico Berardi,1612,30
2020-21,Sassuolo,Locatelli,Manuel Locatelli,1122,34
2020-21,Sassuolo,Chiriches,Vlad Chiriches,1395,24
2020-21,Sassuolo,Consigli,Andrea Consigli,1460,37
2020-21,Sassuolo,Muldur,Mert Müldür,7950,28
2020-21,Sassuolo,Ayhan,Kaan Ayhan,347,19
2020-21,Sassuolo,Ferrari G.,Gianmarco Ferrari,1354,34
2020-21,Cagliari,Joao Pedro,João Pedro,1592,37
2020-21,Cagliari,Simeone,Giovanni Simeone,1102,33
2020-21,Cagliari,Caligara,Fabrizio Caligara,6277,10
2020-21,Cagliari,Oliva,Christian Oliva,7417,10
2020-21,Cagliari,Nandez,Nahitan Nández,7953,32
2020-21,Cagliari,Pisacane,Fabio Pisacane,1397,5
2020-21,Cagliari,Walukiewicz,Sebastian Walukiewicz,8030,19
2020-21,Cagliari,Zappa,Gabriele Zappa,8857,34
2020-21,Cagliari,Marin,Razvan Marin,8856,37
2020-21,Cagliari,Cragno,Alessio Cragno,3927,34
2020-21,Cagliari,Tripaldelli,Alessandro Tripaldelli,7951,10
2020-21,Cagliari,Lykogiannis,Charalampos Lykogiannis,6517,31
2020-21,Cagliari,Klavan,Ragnar Klavan,265,15
2020-21,Cagliari,Sottil,Riccardo Sottil,6672,21
2020-21,Cagliari,Rog,Marko Rog,1390,14
2020-21,Cagliari,Farago',Paolo Faragò,4912,8
2020-21,Udinese,Rodrigo Becao,Rodrigo Becão,6806,35
2020-21,Udinese,Samir,Samir,1142,30
2020-21,Udinese,Matos,Ryder Matos,1153,1
2020-21,Udinese,Palumbo,Martin Palumbo,8487,3
2020-21,Udinese,Forestieri,Fernando Forestieri,1030,19
2020-21,Udinese,Nestorovski,Ilija Nestorovski,1272,22
2020-21,Udinese,Okaka,Stefano Okaka,1763,22
2020-21,Udinese,Lasagna,Kevin Lasagna,1903,17
2020-21,Udinese,Musso,Juan Musso,7095,35
2020-21,Udinese,Zeegelaar,Marvin Zeegelaar,6303,24
2020-21,Udinese,Ouwejan,Thomas Ouwejan,8922,15
2020-21,Udinese,De Paul,Rodrigo de Paul,1145,36
2020-21,Udinese,Ter Avest,Hidde ter Avest,7000,6
2020-21,Udinese,De Maio,Sebastien De Maio,1431,15
2020-21,Udinese,Coulibaly M.,Mamadou Coulibaly,4903,3
2020-21,Spezia,Rafael,Rafael,1410,3
2020-21,Spezia,Ramos,Juan Ramos,8909,6
2020-21,Spezia,Verde,Daniele Verde,2044,21
2020-21,Spezia,Deiola,Alessandro Deiola,1634,12
2020-21,Spezia,Zoet,Jeroen Zoet,8908,7
2020-21,Spezia,Ferrer,Salvador Ferrer,8914,18
2020-21,Spezia,Galabinov,Andrej Galabinov,6201,12
2020-21,Spezia,Farias,Diego Farias,1605,29
2020-21,Spezia,Chabot,Julian Chabot,7937,25
2020-21,Spezia,Maggiore,Giulio Maggiore,8944,33
2020-21,Spezia,Pobega,Tommaso Pobega,8912,20
2020-21,Spezia,Gyasi,Emmanuel Gyasi,8913,37
2020-21,Spezia,Bartolomei,Paolo Bartolomei,8910,6
2020-21,Spezia,Erlic,Martin Erlic,2053,27
2020-21,Spezia,Terzi,Claudio Terzi,3842,25
2020-21,Spezia,Ricci M.,Matteo Ricci,8911,29
2020-21,Verona,Miguel Veloso,Miguel Veloso,1098,21
2020-21,Verona,Tameze,Adrien Tameze,5996,33
2020-21,Verona,Ruegg,Kevin Rüegg,8827,7
2020-21,Verona,Barak,Antonin Barak,6208,34
2020-21,Verona,Silvestri,Marco Silvestri,6132,34
2020-21,Verona,Danzi,Andrea Danzi,6375,2
2020-21,Verona,Faraoni,Marco Faraoni,3978,34
2020-21,Verona,Empereur,Alan Empereur,7929,4
2020-21,Verona,Zaccagni,Mattia Zaccagni,1958,36
2020-21,Verona,Dimarco,Federico Dimarco,1324,35
2020-21,Verona,Cetin,Yildirim Mert Cetin,8007,6
2020-21,Verona,Lovato,Matteo Lovato,8522,24
2020-21,Verona,Tupta,Lubomir Tupta,2042,2
2020-21,Verona,Gunter,Koray Günter,7092,27
2020-21,Verona,Ilic,Ivan Ilic,8828,29
2020-21,Verona,Di Carmine,Samuel Di Carmine,8035,11
2020-21,Roma,Ibanez,Ibañez,7413,30
2020-21,Roma,Pedro,Pedro,687,27
2020-21,Roma,Mkhitaryan,Henrikh Mkhitaryan,317,34
2020-21,Roma,Villar,Gonzalo Villar,6750,32
2020-21,Roma,Santon,Davide Santon,1509,10
2020-21,Roma,Mirante,Antonio Mirante,1609,13
2020-21,Roma,Veretout,Jordan Veretout,677,29
2020-21,Roma,Diawara,Amadou Diawara,1380,18
2020-21,Roma,Karsdorp,Rick Karsdorp,6362,34
2020-21,Roma,Spinazzola,Leonardo Spinazzola,1500,27
2020-21,Roma,Mancini,Gianluca Mancini,6159,33
2020-21,Roma,Cristante,Bryan Cristante,1168,34
2020-21,Roma,Kluivert,Justin Kluivert,6963,2
2020-21,Roma,Pellegrini Lo.,Lorenzo Pellegrini,1471,34
2020-21,Bologna,Denswil,Stefano Denswil,7932,5
2020-21,Bologna,Medel,Gary Medel,1510,11
2020-21,Bologna,Hickey,Aaron Hickey,8942,11
2020-21,Bologna,Poli,Andrea Poli,1117,18
2020-21,Parma Calcio 1913,Gervinho,Gervinho,1943,27
2020-21,Parma Calcio 1913,Dermaku,Kastriot Dermaku,2043,2
2020-21,Parma Calcio 1913,Laurini,Vincent Laurini,1306,14
2020-21,Parma Calcio 1913,Sprocati,Mattia Sprocati,6993,1
2020-21,Parma Calcio 1913,Adorante,Andrea Adorante,8132,1
2020-21,Cagliari,Pavoletti,Leonardo Pavoletti,1104,33
2020-21,Cagliari,Despodov,Kiril Despodov,7405,1
2020-21,Lazio,Correa,Joaquín Correa,1809,28
2020-21,Lazio,Parolo,Marco Parolo,1207,17
2020-21,Crotone,Reca,Arkadiusz Reca,7014,30
2020-21,Crotone,Vulic,Milos Vulic,8926,25
2020-21,Crotone,Pereira P.,Pedro Pereira,1241,35
2020-21,AC Milan,Rafael Leao,Rafael Leão,7193,30
2020-21,AC Milan,Colombo,Lorenzo Colombo,8478,4
2020-21,Inter,Nainggolan,Radja Nainggolan,1251,4
2020-21,Inter,Bastoni,Alessandro Bastoni,4939,33
2020-21,Inter,D'ambrosio,Danilo D&#039;Ambrosio,1523,19
2020-21,Fiorentina,Amrabat,Sofyan Amrabat,7927,31
2020-21,Napoli,Ghoulam,Faouzi Ghoulam,1387,11
2020-21,Napoli,Maksimovic,Nikola Maksimovic,1377,17
2020-21,Napoli,Meret,Alex Meret,1892,22
2020-21,Genoa,Marchetti,Federico Marchetti,1200,4
2020-21,Genoa,Masiello,Andrea Masiello,1485,30
2020-21,Genoa,Pellegrini Lu.,Luca Pellegrini,4970,11
2020-21,Roma,Bruno Peres,Bruno Peres,1567,30
2020-21,Roma,Kumbulla,Marash Kumbulla,6324,21
2020-21,Roma,Dzeko,Edin Dzeko,1253,27
2020-21,Juventus,Arthur,Arthur,6942,22
2020-21,Juventus,Morata,Álvaro Morata,1804,32
2020-21,Sampdoria,Candreva,Antonio Candreva,1517,35
2020-21,Sampdoria,Gabbiadini,Manolo Gabbiadini,1383,16
2020-21,Benevento,Improta,Riccardo Improta,8883,34
2020-21,Benevento,Sau,Marco Sau,1406,24
2020-21,Spezia,Mora,Luca Mora,6181,4
2020-21,Spezia,Sala,Jacopo Sala,1221,6
2020-21,Spezia,Agudelo,Kevin Agudelo,8010,29
2020-21,Spezia,Dell'orco,Cristian Dell&#039;Orco,1476,8
2020-21,Sassuolo,Ricci F.,Federico Ricci,1470,1
2020-21,Torino,Murru,Nicola Murru,1400,14
2020-21,Torino,Segre,Jacopo Segre,8820,9
2020-21,Atalanta,Caldara,Mattia Caldara,1486,6
2020-21,Atalanta,Sutalo,Bosko Sutalo,8475,7
2020-21,Verona,Dawidowicz,Pawel Dawidowicz,7923,30
2020-21,Verona,Favilli,Andrea Favilli,1997,11
2020-21,Verona,Colley E.,Ebrima Colley,8161,23
2020-21,Udinese,Arslan,Tolgay Arslan,4348,30
2020-21,Cagliari,Godin,Diego Godín,2264,28
2020-21,Cagliari,Tramoni M.,Matteo Tramoni,8880,6
2020-21,Benevento,Iago Falque,Iago Falque,1185,11
2020-21,Fiorentina,Saponara,Riccardo Saponara,1313,2
2020-21,Sampdoria,Askildsen,Kristoffer Askildsen,8309,6
2020-21,Sampdoria,Regini,Vasco Regini,1224,3
2020-21,Sampdoria,Palumbo A.,Antonio Palumbo,8953,1
2020-21,Genoa,Rovella,Nicolo Rovella,7411,20
2020-21,Genoa,Parigini,Vittorio Parigini,1348,4
2020-21,Genoa,Scamacca,Gianluca Scamacca,6253,26
2020-21,Genoa,Criscito,Domenico Criscito,3065,23
2020-21,Genoa,Bani,Mattia Bani,6212,11
2020-21,Torino,Lyanco,Lyanco,6252,23
2020-21,Torino,Singo,Wilfried Stephane Singo,7472,27
2020-21,Torino,Bonazzoli,Federico Bonazzoli,2019,20
2020-21,Torino,Gojak,Amer Gojak,9022,15
2020-21,Torino,Rodriguez R.,Ricardo Rodríguez,308,16
2020-21,Juventus,Alex Sandro,Alex Sandro,1289,26
2020-21,Juventus,Buffon,Gianluigi Buffon,1285,8
2020-21,Juventus,Dybala,Paulo Dybala,1294,20
2020-21,Juventus,De Ligt,Matthijs de Ligt,7902,27
2020-21,Napoli,Mario Rui,Mário Rui,1792,27
2020-21,Napoli,Rrahmani,Amir Rrahmani,7924,16
2020-21,Lazio,Fares,Mohamed Fares,1956,20
2020-21,AC Milan,Maldini,Daniel Maldini,8163,5
2020-21,AC Milan,Hauge,Jens Petter Hauge,8974,18
2020-21,Spezia,Marchizza,Riccardo Marchizza,1601,24
2020-21,Spezia,Piccoli,Roberto Piccoli,7375,20
2020-21,Spezia,Acampora,Gennaro Acampora,8975,14
2020-21,Parma Calcio 1913,Gagliolo,Riccardo Gagliolo,1896,28
2020-21,Parma Calcio 1913,Kurtic,Jasmin Kurtic,1492,34
2020-21,Verona,Lazovic,Darko Lazovic,1106,32
2020-21,Verona,Salcedo E.,Eddie Salcedo,6203,21
2020-21,Sassuolo,Peluso,Federico Peluso,1464,7
2020-21,Udinese,Pereyra,Roberto Pereyra,1723,34
2020-21,Udinese,Molina N.,Nahuel Molina,8963,29
2020-21,Roma,Carles Perez,Carles Pérez,7609,21
2020-21,Bologna,Mbaye,Ibrahima Mbaye,1458,8
2020-21,Sassuolo,Raspadori,Giacomo Raspadori,7500,27
2020-21,Sassuolo,Lopez M.,Maxime Lopez,3772,29
2020-21,Crotone,Petriccione,Jacopo Petriccione,7971,20
2020-21,Crotone,Siligardi,Luca Siligardi,1846,4
2020-21,Crotone,Luperto,Sebastiano Luperto,1639,23
2020-21,Juventus,Bernardeschi,Federico Bernardeschi,1424,27
2020-21,Juventus,Portanova,Manolo Portanova,7625,2
2020-21,Juventus,Chiesa,Federico Chiesa,1433,29
2020-21,AC Milan,Romagnoli,Alessio Romagnoli,1119,22
2020-21,Napoli,Bakayoko,Tiemoué Bakayoko,3429,32
2020-21,Napoli,Malcuit,Kevin Malcuit,3632,2
2020-21,Atalanta,Ilicic,Josip Ilicic,1426,28
2020-21,Atalanta,Depaoli,Fabio Depaoli,1624,5
2020-21,Roma,Mayoral,Borja Mayoral,2252,31
2020-21,Sampdoria,Adrien Silva,Adrien Silva,6464,24
2020-21,Sampdoria,Keita B.,Keita,1210,25
2020-21,Lazio,Vavro,Denis Vavro,7940,1
2020-21,Lazio,Hoedt,Wesley Hoedt,1203,17
2020-21,Lazio,Muriqi,Vedat Muriqi,9002,26
2020-21,Spezia,Provedel,Ivan Provedel,6982,29
2020-21,Spezia,Nzola,M&#039;Bala Nzola,9018,25
2020-21,Spezia,Bastoni S.,Simone Bastoni,8916,22
2020-21,Fiorentina,Igor,Igor Julio,7943,21
2020-21,Fiorentina,Pulgar,Erick Pulgar,1448,31
2020-21,Fiorentina,Callejon,José Callejón,1382,20
2020-21,Fiorentina,Pezzella Ger.,Germán Pezzella,2143,32
2020-21,Cagliari,Ounas,Adam Ounas,3259,7
2020-21,Udinese,Nicolas,Nícolas,6129,2
2020-21,Udinese,Pussetto,Ignacio Pussetto,6997,11
2020-21,Udinese,Deulofeu,Gerard Deulofeu,591,13
2020-21,Udinese,Makengo,Jean-Victor Makengo,3536,17
2020-21,Parma Calcio 1913,Cyprien,Wylan Cyprien,4768,13
2020-21,Parma Calcio 1913,Sohm,Simon Sohm,9029,18
2020-21,Verona,Ceccherini,Federico Ceccherini,1370,25
2020-21,Verona,Vieira,Ronaldo Vieira,7097,4
2020-21,Verona,Kalinic,Nikola Kalinic,1425,19
2020-21,Genoa,Shomurodov,Eldor Shomurodov,5954,31
2020-21,Benevento,Di Serio,Giuseppe Di Serio,8888,16
2020-21,Crotone,Crociata,Giovanni Crociata,6169,2
2020-21,Crotone,Benali,Ahmed Benali,1166,18
2020-21,Fiorentina,Martinez Quarta,Lucas Martínez Quarta,9019,21
2020-21,Udinese,Walace,Walace,5226,30
2020-21,Udinese,Bonifazi,Kevin Bonifazi,3951,30
2020-21,Inter,Pinamonti,Andrea Pinamonti,4895,8
2020-21,Inter,Darmian,Matteo Darmian,557,26
2020-21,Inter,Ranocchia,Andrea Ranocchia,1522,8
2020-21,Juventus,Vrioni,Giacomo Vrioni,5015,1
2020-21,Verona,Magnani,Giangiacomo Magnani,7002,25
2020-21,Lazio,Reina,José Reina,1374,29
2020-21,Lazio,Pereira A.,Andreas Pereira,922,25
2020-21,Bologna,Baldursson,Andri Fannar Baldursson,8124,8
2020-21,AC Milan,Tatarusanu,Ciprian Tatarusanu,1416,1
2020-21,Spezia,Agoume,Lucien Agoume,8165,12
2020-21,Spezia,Estevez,Nahuel Estévez,9065,27
2020-21,Sassuolo,Boga,Jeremie Boga,3544,27
2020-21,Cagliari,Cerri,Alberto Cerri,4906,24
2020-21,Atalanta,Pessina,Matteo Pessina,7013,28
2020-21,Parma Calcio 1913,Balogh,Botond Balogh,8569,3
2020-21,Sassuolo,Marlon,Marlon Santos,5056,24
2020-21,Roma,Smalling,Chris Smalling,628,16
2020-21,Spezia,Ismajli,Ardian Ismajli,9090,17
2020-21,Lazio,Luiz Felipe,Luiz Felipe,6177,13
2020-21,Udinese,Stryger Larsen,Jens Stryger Larsen,6262,33
2020-21,AC Milan,Dalot,Diogo Dalot,7281,21
2020-21,Benevento,Tello,Andrés Tello,1317,17
2020-21,Atalanta,Ruggeri,Matteo Ruggeri,8872,6
2020-21,Atalanta,Miranchuk,Aleksey Miranchuk,2711,25
2020-21,Spezia,Leo' Sena,Léo Sena,9103,16
2020-21,Sampdoria,La Gumina,Antonio La Gumina,2003,9
2020-21,Roma,Pau Lopez,Pau López,2107,21
2020-21,Verona,Udogie,Iyenoma Destiny Udogie,8831,6
2020-21,Parma Calcio 1913,Brunetta,Juan Brunetta,9104,12
2020-21,Parma Calcio 1913,Osorio,Yordan Osorio,8012,23
2020-21,Udinese,Nuytinck,Bram Nuytinck,6206,20
2020-21,Crotone,Cuomo,Giuseppe Cuomo,1591,13
2020-21,Torino,Edera,Simone Edera,2010,2
2020-21,Cagliari,Carboni A.,Andrea Carboni,8232,15
2020-21,Roma,Juan Jesus,Juan Jesus,1247,5
2020-21,Parma Calcio 1913,Busi,Maxime Busi,9140,24
2020-21,Spezia,Vignali,Luca Vignali,8915,21
2020-21,Spezia,Mattiello,Federico Mattiello,1546,1
2020-21,Atalanta,Piccini,Cristiano Piccini,2560,1
2020-21,Atalanta,Gollini,Pierluigi Gollini,1841,25
2020-21,Udinese,Mandragora,Rolando Mandragora,3821,10
2020-21,Genoa,Sturaro,Stefano Sturaro,1296,6
2020-21,Atalanta,Diallo Am.,Amad Diallo Traore,8127,1
2020-21,Genoa,Paleari,Alberto Paleari,9044,3
2020-21,Parma Calcio 1913,Scozzarella,Matteo Scozzarella,7227,3
2020-21,Udinese,Jajalo,Mato Jajalo,1273,1
2020-21,Sampdoria,Ferrari A.,Alex Ferrari,1454,12
2020-21,Fiorentina,Eysseric,Valentin Eysseric,3515,16
2020-21,Bologna,Khailoti,Omar Khailoti,9123,1
2020-21,Bologna,Vergani,Edoardo Vergani,8154,1
2020-21,Bologna,Rabbi,Simone Rabbi,9059,4
2020-21,Sassuolo,Pegolo,Gianluca Pegolo,1480,1
2020-21,Spezia,Mastinu,Giuseppe Mastinu,9177,3
2020-21,Atalanta,Maehle,Joakim Maehle,9233,20
2020-21,Atalanta,Gyabuaa,Emmanuel Gyabuaa,9189,1
2020-21,Fiorentina,Barreca,Antonio Barreca,1181,3
2020-21,Bologna,Pagliuca,Mattia Pagliuca,9124,1
2020-21,Bologna,Paz,Nehuén Paz,6973,6
2020-21,Bologna,Ravaglia F.,Federico Ravaglia,1544,4
2020-21,Roma,Calafiori,Riccardo Calafiori,8129,3
2020-21,Genoa,Caso,Giuseppe Caso,9046,2
2020-21,Juventus,Dragusin,Radu Dragusin,9105,1
2020-21,AC Milan,Kalulu,Pierre Kalulu Kyatengwa,8313,13
2020-21,Sassuolo,Magnanelli,Francesco Magnanelli,1466,10
2020-21,Cagliari,Ceppitelli,Luca Ceppitelli,1550,19
2020-21,Torino,Buongiorno,Alessandro Buongiorno,5025,12
2020-21,Torino,Milinkovic-Savic V.,Vanja Milinkovic-Savic,6167,5
2020-21,Bologna,Da Costa,Ângelo Da Costa,1437,6
2020-21,Cagliari,Pereiro,Gastón Pereiro,8289,15
2020-21,Verona,Yeboah P.,Philip Yeboah Ankrah,9200,1
2020-21,Crotone,Djidji,Koffi Djidji,3550,20
2020-21,Crotone,Rojas,Luis Rojas,9009,7
2020-21,Parma Calcio 1913,Valenti,Lautaro Valenti,8967,11
2020-21,Napoli,Llorente,Fernando Llorente,1728,3
2020-21,AC Milan,Conti,Andrea Conti,1487,3
2020-21,Parma Calcio 1913,Mihaila,Mihai Valentin Mihaila,9226,16
2020-21,Bologna,Calabresi,Arturo Calabresi,3965,1
2020-21,Cagliari,Nainggolan,Radja Nainggolan,1251,22
2020-21,Spezia,Saponara,Riccardo Saponara,1313,9
2020-21,Benevento,Pastina,Christian Pastina,8887,3
2020-21,Benevento,Del Pinto,Lorenzo Del Pinto,6194,1
2020-21,Sassuolo,Oddei,Brian Oddei,8221,5
2020-21,Parma Calcio 1913,Ricci G.,Giacomo Ricci,7901,3
2020-21,Genoa,Onguene',Jérôme Onguéné,9262,4
2020-21,Genoa,Strootman,Kevin Strootman,1256,18
2020-21,Verona,Bessa,Daniel Bessa,6130,18
2020-21,Cagliari,Duncan,Alfred Duncan,1474,19
2020-21,AC Milan,Meite',Soualiho Meité,3739,16
2020-21,Napoli,Cioffi,Antonio Cioffi,9225,1
2020-21,Sampdoria,Torregrossa,Ernesto Torregrossa,7993,6
2020-21,Parma Calcio 1913,Dierckx,Daan Dierckx,9234,7
2020-21,Benevento,Viola,Nicolas Viola,6196,17
2020-21,Torino,Baselli,Daniele Baselli,1182,14
2020-21,Bologna,Soumaoro,Adama Soumaoro,3356,20
2020-21,Lazio,Lulic,Senad Lulic,1205,15
2020-21,AC Milan,Musacchio,Mateo Musacchio,2495,1
2020-21,AC Milan,Mandzukic,Mario Mandzukic,1295,10
2020-21,Parma Calcio 1913,Conti,Andrea Conti,1487,11
2020-21,Benevento,Depaoli,Fabio Depaoli,1624,15
2020-21,Crotone,Di Carmine,Samuel Di Carmine,8035,11
2020-21,Lazio,Musacchio,Mateo Musacchio,2495,4
2020-21,AC Milan,Tomori,Fikayo Tomori,703,17
2020-21,Parma Calcio 1913,Man,Dennis Man,9303,14
2020-21,Cagliari,Deiola,Alessandro Deiola,1634,12
2020-21,Udinese,Llorente,Fernando Llorente,1728,14
2020-21,Verona,Lasagna,Kevin Lasagna,1903,19
2020-21,Parma Calcio 1913,Zirkzee,Joshua Zirkzee,8044,4
2020-21,Parma Calcio 1913,Bani,Mattia Bani,6212,15
2020-21,Cagliari,Rugani,Daniele Rugani,1301,16
2020-21,Crotone,Ounas,Adam Ounas,3259,15
2020-21,Fiorentina,Kokorin,Aleksandr Kokorin,3066,4
2020-21,Fiorentina,Malcuit,Kevin Malcuit,3632,5
2020-21,Genoa,Portanova,Manolo Portanova,7625,3
2020-21,Torino,Mandragora,Rolando Mandragora,3821,16
2020-21,Juventus,Fagioli,Nicolo Fagioli,7379,1
2020-21,Juventus,Di Pardo,Alessandro Di Pardo,9134,4
2020-21,Roma,Fazio,Federico Fazio,1000,6
2020-21,Roma,El Shaarawy,Stephan El Shaarawy,1252,10
2020-21,Verona,Sturaro,Stefano Sturaro,1296,10
2020-21,Benevento,Gaich,Adolfo Gaich,8607,15
2020-21,Cagliari,Asamoah,Kwadwo Asamoah,1587,9
2020-21,Udinese,Braaf,Jayden Braaf,9334,4
2020-21,Fiorentina,Montiel,Tòfol Montiel,7085,2
2020-21,Torino,Sanabria,Antonio Sanabria,2217,13
2020-21,Bologna,Antov,Valentin Antov,9337,5
2020-21,Atalanta,Ghislandi,Davide Ghislandi,9325,1
2020-21,Parma Calcio 1913,Pelle',Graziano Pellè,841,13
2020-21,Genoa,Cassata,Francesco Cassata,1998,8
2020-21,Cagliari,Calabresi,Arturo Calabresi,3965,2
2020-21,Fiorentina,Olivera M.,Maximiliano Olivera,1420,2
2020-21,Inter,Vecino,Matías Vecino,1423,8
2020-21,Roma,Reynolds,Bryan Reynolds,9419,5
2020-21,Atalanta,Kovalenko,Viktor Kovalenko,9344,1
2020-21,Fiorentina,Terracciano,Pietro Terracciano,6977,4
2020-21,Sassuolo,Karamoko Is.,Isaac Karamoko,9259,1
2020-21,Bologna,Juwara,Musa Juwara,7263,5
2020-21,Roma,Pastore,Javier Pastore,3295,5
2020-21,Cagliari,Vicario,Guglielmo Vicario,8858,4
2020-21,Parma Calcio 1913,Traore' C.,Chaka Traorè,9260,3
2020-21,Parma Calcio 1913,Colombi,Simone Colombi,1894,2
2020-21,Udinese,Scuffet,Simone Scuffet,1158,1
2020-21,Juventus,Correia,Felix Correia,9444,1
2020-21,Roma,Fuzato,Daniel Fuzato,6966,5
2020-21,Roma,Darboe,Ebrima Darboe,8130,5
2020-21,Parma Calcio 1913,Camara D.,Drissa Camara,7203,1
2020-21,Roma,Zalewski,Nicola Zalewski,9036,1
2020-21,Roma,Bove,Edoardo Bove,9518,1
2020-21,Inter,Radu I.,Ionut Radu,1830,2
2020-21,Verona,Pandur,Ivor Pandur,8830,4
2020-21,Bologna,Urbanski,Kacper Urbanski,9503,1
2020-21,Bologna,Amey,Wisdom Amey,9495,1
2020-21,Udinese,Micin,Petar Micin,7225,1
2020-21,Bologna,Raimondo,Antonio Raimondo,9539,1
2020-21,Crotone,Festa,Marco Festa,1367,1
2020-21,Parma Calcio 1913,Zagaritis,Vasilios Zagaritis,9304,2
2020-21,Torino,Ujkani,Samir Ujkani,2022,1
2020-21,Benevento,Diambo,Amadou Diambo,9360,1
2020-21,Benevento,Manfredini,Nicolò Manfredini,8885,1
2020-21,Benevento,Sanogo,Siriki Sanogo,6649,1
2020-21,Crotone,Crespi,Gian Marco Crespi,8844,1
2020-21,Genoa,Kallon,Yayah Kallon,9550,1
2020-21,Bologna,Farago',Paolo Faragò,4912,1
2020-21,Juventus,Pinsoglio,Carlo Pinsoglio,6107,1
2020-21,Lazio,Bertini,Marco Bertini,9559,1
2020-21,Lazio,Armini,Nicolò Armini,7611,1
2020-21,Lazio,Moro,Raul Moro,8584,1
2020-21,Sampdoria,Letica,Karlo Letica,7945,1
2020-21,Parma Calcio 1913,Kosznovszky,Márk Kosznovszky,8568,1
2020-21,Spezia,Capradossi,Elio Capradossi,5825,1
2020-21,Inter,Padelli,Daniele Padelli,1195,1
2020-21,Udinese,Gasparini,Manuel Gasparini,6399,1
2020-21,Verona,Berardi A.,Alessandro Berardi,7930,1
2021-22,Inter,Handanovic,Samir Handanovic,1505,37
2021-22,Inter,Perisic,Ivan Perisic,448,35
2021-22,Inter,Vecino,Matías Vecino,1423,17
2021-22,Inter,Sensi,Stefano Sensi,1465,9
2021-22,Inter,Brozovic,Marcelo Brozovic,1511,35
2021-22,Inter,Barella,Nicolò Barella,1409,36
2021-22,Inter,Vidal,Arturo Vidal,222,28
2021-22,Inter,Dimarco,Federico Dimarco,1324,32
2021-22,Inter,Darmian,Matteo Darmian,557,25
2021-22,Inter,Calhanoglu,Hakan Calhanoglu,189,34
2021-22,Inter,Bastoni,Alessandro Bastoni,4939,31
2021-22,Inter,Satriano,Martín Satriano,9001,4
2021-22,Inter,Dumfries,Denzel Dumfries,9840,33
2021-22,Inter,Skriniar,Milan Skriniar,1223,35
2021-22,Inter,Dzeko,Edin Dzeko,1253,36
2021-22,Inter,De Vrij,Stefan de Vrij,1541,30
2021-22,Genoa,Hernani,Hernani,5509,18
2021-22,Genoa,Rovella,Nicolo Rovella,7411,21
2021-22,Genoa,Favilli,Andrea Favilli,1997,1
2021-22,Genoa,Vanheusden,Zinho Vanheusden,4897,14
2021-22,Genoa,Pandev,Goran Pandev,1115,20
2021-22,Genoa,Sturaro,Stefano Sturaro,1296,25
2021-22,Genoa,Serpe,Laurens Serpe,9842,1
2021-22,Genoa,Melegoni,Filippo Melegoni,4959,25
2021-22,Genoa,Sirigu,Salvatore Sirigu,3301,37
2021-22,Genoa,Badelj,Milan Badelj,1430,34
2021-22,Genoa,Cambiaso,Andrea Cambiaso,9841,26
2021-22,Genoa,Kallon,Yayah Kallon,9550,15
2021-22,Genoa,Criscito,Domenico Criscito,3065,20
2021-22,Genoa,Biraschi,Davide Biraschi,1114,14
2021-22,Genoa,Sabelli,Stefano Sabelli,1898,7
2021-22,Genoa,Bianchi F.,Flavio Junior Bianchi,8589,7
2021-22,Verona,Miguel Veloso,Miguel Veloso,1098,22
2021-22,Verona,Tameze,Adrien Tameze,5996,38
2021-22,Verona,Dawidowicz,Pawel Dawidowicz,7923,17
2021-22,Verona,Barak,Antonin Barak,6208,29
2021-22,Verona,Ceccherini,Federico Ceccherini,1370,34
2021-22,Verona,Magnani,Giangiacomo Magnani,7002,14
2021-22,Verona,Zaccagni,Mattia Zaccagni,1958,2
2021-22,Verona,Cancellieri,Matteo Cancellieri,9071,12
2021-22,Verona,Lazovic,Darko Lazovic,1106,34
2021-22,Verona,Hongla,Martin Hongla,5103,18
2021-22,Verona,Gunter,Koray Günter,7092,30
2021-22,Verona,Ilic,Ivan Ilic,8828,32
2021-22,Verona,Kalinic,Nikola Kalinic,1425,14
2021-22,Verona,Pandur,Ivor Pandur,8830,3
2021-22,Verona,Casale,Nicolò Casale,8829,36
2021-22,Verona,Di Carmine,Samuel Di Carmine,8035,1
2021-22,Sassuolo,Rogerio,Rogerio,6312,23
2021-22,Sassuolo,Boga,Jeremie Boga,3544,12
2021-22,Sassuolo,Raspadori,Giacomo Raspadori,7500,36
2021-22,Sassuolo,Caputo,Francesco Caputo,6980,2
2021-22,Sassuolo,Djuricic,Filip Djuricic,1233,12
2021-22,Sassuolo,Defrel,Gregoire Defrel,1468,38
2021-22,Sassuolo,Toljan,Jeremy Toljan,257,20
2021-22,Sassuolo,Chiriches,Vlad Chiriches,1395,29
2021-22,Sassuolo,Consigli,Andrea Consigli,1460,37
2021-22,Sassuolo,Magnanelli,Francesco Magnanelli,1466,12
2021-22,Sassuolo,Scamacca,Gianluca Scamacca,6253,36
2021-22,Sassuolo,Ayhan,Kaan Ayhan,347,23
2021-22,Sassuolo,Frattesi,Davide Frattesi,4981,36
2021-22,Sassuolo,Ferrari G.,Gianmarco Ferrari,1354,36
2021-22,Sassuolo,Lopez M.,Maxime Lopez,3772,35
2021-22,Empoli,Marchizza,Riccardo Marchizza,1601,19
2021-22,Empoli,Haas,Nicolas Haas,6161,16
2021-22,Empoli,Mancuso,Leonardo Mancuso,9852,8
2021-22,Empoli,Crociata,Giovanni Crociata,6169,1
2021-22,Empoli,Cutrone,Patrick Cutrone,4918,28
2021-22,Empoli,Vicario,Guglielmo Vicario,8858,38
2021-22,Empoli,Bandinelli,Filippo Bandinelli,9850,35
2021-22,Empoli,Ismajli,Ardian Ismajli,9090,20
2021-22,Empoli,Bajrami,Nedim Bajrami,9851,35
2021-22,Empoli,Zurkowski,Szymon Zurkowski,7910,35
2021-22,Empoli,Fiamozzi,Riccardo Fiamozzi,1105,10
2021-22,Empoli,Stojanovic,Petar Stojanovic,9849,33
2021-22,Empoli,Romagnoli S.,Simone Romagnoli,1971,19
2021-22,Empoli,Ricci S.,Samuele Ricci,7530,21
2021-22,Empoli,La Mantia,Andrea La Mantia,7972,18
2021-22,Empoli,Henderson L.,Liam Henderson,7925,38
2021-22,Lazio,Luiz Felipe,Luiz Felipe,6177,31
2021-22,Lazio,Luis Alberto,Luis Alberto,1219,34
2021-22,Lazio,Lucas Leiva,Lucas Leiva,475,35
2021-22,Lazio,Pedro,Pedro,687,32
2021-22,Lazio,Felipe Anderson,Felipe Anderson,1208,38
2021-22,Lazio,Lazzari,Manuel Lazzari,6180,31
2021-22,Lazio,Hysaj,Elseid Hysaj,1375,29
2021-22,Lazio,Reina,José Reina,1374,15
2021-22,Lazio,Immobile,Ciro Immobile,1209,31
2021-22,Lazio,Acerbi,Francesco Acerbi,1463,30
2021-22,Lazio,Escalante,Gonzalo Escalante,2437,1
2021-22,Lazio,Muriqi,Vedat Muriqi,9002,11
2021-22,Lazio,Moro,Raul Moro,8584,11
2021-22,Lazio,Akpa Akpro,Jean-Daniel Akpa-Akpro,3209,10
2021-22,Lazio,Milinkovic-Savic,Sergej Milinkovic-Savic,1543,37
2021-22,Lazio,Anderson A.,André Anderson,7941,4
2021-22,Torino,Bremer,Bremer,6960,33
2021-22,Torino,Izzo,Armando Izzo,1096,11
2021-22,Torino,Singo,Wilfried Stephane Singo,7472,35
2021-22,Torino,Rincon,Tomás Rincón,1099,7
2021-22,Torino,Verdi,Simone Verdi,1445,3
2021-22,Torino,Aina,Ola Aina,725,21
2021-22,Torino,Lukic,Sasa Lukic,1537,35
2021-22,Torino,Djidji,Koffi Djidji,3550,25
2021-22,Torino,Belotti,Andrea Belotti,1186,22
2021-22,Torino,Sanabria,Antonio Sanabria,2217,29
2021-22,Torino,Pjaca,Marko Pjaca,1577,24
2021-22,Torino,Linetty,Karol Linetty,1226,16
2021-22,Torino,Mandragora,Rolando Mandragora,3821,21
2021-22,Torino,Milinkovic-Savic V.,Vanja Milinkovic-Savic,6167,27
2021-22,Torino,Rodriguez R.,Ricardo Rodríguez,308,34
2021-22,Atalanta,Piccoli,Roberto Piccoli,7375,12
2021-22,Atalanta,Maehle,Joakim Maehle,9233,26
2021-22,Atalanta,Palomino,José Luis Palomino,4733,34
2021-22,Atalanta,Pasalic,Mario Pasalic,1134,37
2021-22,Atalanta,Muriel,Luis Muriel,1229,27
2021-22,Atalanta,Lammers,Sam Lammers,8870,2
2021-22,Atalanta,Demiral,Merih Demiral,7416,28
2021-22,Atalanta,Pessina,Matteo Pessina,7013,27
2021-22,Atalanta,Lovato,Matteo Lovato,8522,6
2021-22,Atalanta,Gosens,Robin Gosens,6155,6
2021-22,Atalanta,Ilicic,Josip Ilicic,1426,20
2021-22,Atalanta,Musso,Juan Musso,7095,33
2021-22,Atalanta,Miranchuk,Aleksey Miranchuk,2711,19
2021-22,Atalanta,Pezzella Giu.,Giuseppe Pezzella,1281,21
2021-22,Udinese,Rodrigo Becao,Rodrigo Becão,6806,35
2021-22,Udinese,Walace,Walace,5226,36
2021-22,Udinese,Samir,Samir,1142,17
2021-22,Udinese,Udogie,Iyenoma Destiny Udogie,8831,35
2021-22,Udinese,Makengo,Jean-Victor Makengo,3536,33
2021-22,Udinese,Pussetto,Ignacio Pussetto,6997,28
2021-22,Udinese,Jajalo,Mato Jajalo,1273,22
2021-22,Udinese,Silvestri,Marco Silvestri,6132,35
2021-22,Udinese,Okaka,Stefano Okaka,1763,2
2021-22,Udinese,Arslan,Tolgay Arslan,4348,30
2021-22,Udinese,Deulofeu,Gerard Deulofeu,591,34
2021-22,Udinese,Nuytinck,Bram Nuytinck,6206,27
2021-22,Udinese,Zeegelaar,Marvin Zeegelaar,6303,14
2021-22,Udinese,Pereyra,Roberto Pereyra,1723,24
2021-22,Udinese,Stryger Larsen,Jens Stryger Larsen,6262,11
2021-22,Udinese,Molina N.,Nahuel Molina,8963,35
2021-22,Juventus,Danilo,Danilo,2244,22
2021-22,Juventus,Alex Sandro,Alex Sandro,1289,28
2021-22,Juventus,Bernardeschi,Federico Bernardeschi,1424,28
2021-22,Juventus,Bentancur,Rodrigo Bentancur,6108,19
2021-22,Juventus,Chiellini,Giorgio Chiellini,1576,21
2021-22,Juventus,Morata,Álvaro Morata,1804,35
2021-22,Juventus,Cuadrado,Juan Cuadrado,1089,33
2021-22,Juventus,Locatelli,Manuel Locatelli,1122,31
2021-22,Juventus,Ramsey,Aaron Ramsey,504,3
2021-22,Juventus,Dybala,Paulo Dybala,1294,29
2021-22,Juventus,Kulusevski,Dejan Kulusevski,6691,20
2021-22,Juventus,Bonucci,Leonardo Bonucci,1287,24
2021-22,Juventus,Szczesny,Wojciech Szczesny,1244,33
2021-22,Juventus,Ronaldo,Cristiano Ronaldo,2371,1
2021-22,Juventus,Chiesa,Federico Chiesa,1433,14
2021-22,Juventus,De Ligt,Matthijs de Ligt,7902,31
2021-22,Bologna,Barrow,Musa Barrow,6512,34
2021-22,Bologna,Skorupski,Lukasz Skorupski,1305,36
2021-22,Bologna,Svanberg,Mattias Svanberg,6974,36
2021-22,Bologna,Sansone,Nicola Sansone,1826,27
2021-22,Bologna,Arnautovic,Marko Arnautovic,865,33
2021-22,Bologna,Orsolini,Riccardo Orsolini,6160,29
2021-22,Bologna,Schouten,Jerdy Schouten,7933,17
2021-22,Bologna,Medel,Gary Medel,1510,33
2021-22,Bologna,Soriano,Roberto Soriano,1810,35
2021-22,Bologna,Dominguez,Nicolás Domínguez,8252,28
2021-22,Bologna,Vignato,Emanuel Vignato,4943,24
2021-22,Bologna,Hickey,Aaron Hickey,8942,36
2021-22,Bologna,Bonifazi,Kevin Bonifazi,3951,22
2021-22,Bologna,Van Hooijdonk,Sydney van Hooijdonk,9862,4
2021-22,Bologna,De Silvestri,Lorenzo De Silvestri,1193,31
2021-22,Bologna,Skov Olsen,Andreas Skov Olsen,7934,18
2021-22,Salernitana,Simy,Simy,1362,19
2021-22,Salernitana,Zortea,Nadir Zortea,9866,29
2021-22,Salernitana,Gyomber,Norbert Gyömbér,1599,31
2021-22,Salernitana,Jaroszynski,Pawel Jaroszynski,6213,13
2021-22,Salernitana,Ruggeri,Matteo Ruggeri,8872,14
2021-22,Salernitana,Bonazzoli,Federico Bonazzoli,2019,32
2021-22,Salernitana,Belec,Vid Belec,1908,23
2021-22,Salernitana,Bogdan,Luka Bogdan,9864,6
2021-22,Salernitana,Kechrida,Wajdi Kechrida,9863,17
2021-22,Salernitana,Schiavone,Andrea Schiavone,9865,14
2021-22,Salernitana,Djuric,Milan Djuric,3856,33
2021-22,Salernitana,Strandberg,Stefan Strandberg,3014,11
2021-22,Salernitana,Capezzi,Leonardo Capezzi,1358,5
2021-22,Salernitana,Obi,Joel Obi,1190,21
2021-22,Salernitana,Coulibaly L.,Lassana Coulibaly,3334,31
2021-22,Salernitana,Coulibaly M.,Mamadou Coulibaly,4903,12
2021-22,Roma,Ibanez,Ibañez,7413,34
2021-22,Roma,Carles Perez,Carles Pérez,7609,19
2021-22,Roma,Rui Patricio,Rui Patrício,6849,38
2021-22,Roma,Mkhitaryan,Henrikh Mkhitaryan,317,31
2021-22,Roma,Shomurodov,Eldor Shomurodov,5954,28
2021-22,Roma,Vina,Matias Viña,9892,26
2021-22,Roma,Veretout,Jordan Veretout,677,36
2021-22,Roma,Zaniolo,Nicolo Zaniolo,6686,28
2021-22,Roma,Bove,Edoardo Bove,9518,11
2021-22,Roma,Karsdorp,Rick Karsdorp,6362,36
2021-22,Roma,Mancini,Gianluca Mancini,6159,33
2021-22,Roma,Cristante,Bryan Cristante,1168,34
2021-22,Roma,Abraham,Tammy Abraham,702,37
2021-22,Roma,Pellegrini Lo.,Lorenzo Pellegrini,1471,28
2021-22,Roma,El Shaarawy,Stephan El Shaarawy,1252,27
2021-22,Fiorentina,Dragowski,Bartlomiej Dragowski,1555,7
2021-22,Fiorentina,Biraghi,Cristiano Biraghi,1164,37
2021-22,Fiorentina,Igor,Igor Julio,7943,30
2021-22,Fiorentina,Saponara,Riccardo Saponara,1313,29
2021-22,Fiorentina,Vlahovic,Dusan Vlahovic,7084,21
2021-22,Fiorentina,Castrovilli,Gaetano Castrovilli,7909,23
2021-22,Fiorentina,Maleh,Youssef Maleh,9893,28
2021-22,Fiorentina,Terracciano,Pietro Terracciano,6977,32
2021-22,Fiorentina,Pulgar,Erick Pulgar,1448,6
2021-22,Fiorentina,Milenkovic,Nikola Milenkovic,6174,34
2021-22,Fiorentina,Sottil,Riccardo Sottil,6672,24
2021-22,Fiorentina,Bonaventura,Giacomo Bonaventura,1121,31
2021-22,Fiorentina,Venuti,Lorenzo Venuti,6191,23
2021-22,Fiorentina,Callejon,José Callejón,1382,30
2021-22,Fiorentina,Benassi,Marco Benassi,1183,6
2021-22,Fiorentina,Gonzalez N.,Nicolás González,7074,33
2021-22,Napoli,Mario Rui,Mário Rui,1792,34
2021-22,Napoli,Elmas,Eljif Elmas,7912,37
2021-22,Napoli,Osimhen,Victor Osimhen,5322,27
2021-22,Napoli,Insigne,Lorenzo Insigne,1393,32
2021-22,Napoli,Zielinski,Piotr Zielinski,1386,35
2021-22,Napoli,Petagna,Andrea Petagna,1493,24
2021-22,Napoli,Politano,Matteo Politano,1473,33
2021-22,Napoli,Lozano,Hirving Lozano,7999,30
2021-22,Napoli,Meret,Alex Meret,1892,7
2021-22,Napoli,Gaetano,Gianluca Gaetano,7507,2
2021-22,Napoli,Lobotka,Stanislav Lobotka,6125,23
2021-22,Napoli,Koulibaly,Kalidou Koulibaly,1376,27
2021-22,Napoli,Manolas,Kostas Manolas,1246,4
2021-22,Napoli,Di Lorenzo,Giovanni Di Lorenzo,6978,33
2021-22,Venezia,Maenpaa,Niki Mäenpää,6053,17
2021-22,Venezia,Forte,Francesco Forte,9883,12
2021-22,Venezia,Fiordilino,Luca Fiordilino,9881,15
2021-22,Venezia,Peretz,Dor Peretz,9880,18
2021-22,Venezia,Johnsen,Dennis Johnsen,9882,27
2021-22,Venezia,Dezi,Jacopo Dezi,2005,1
2021-22,Venezia,Caldara,Mattia Caldara,1486,31
2021-22,Venezia,Svoboda,Michael Svoboda,9887,18
2021-22,Venezia,Tessmann,Tanner Tessmann,9885,19
2021-22,Venezia,Ceccaroni,Pietro Ceccaroni,9878,35
2021-22,Venezia,Heymans,Daan Heymans,9879,7
2021-22,Venezia,Galazzi,Nicolas Galazzi,9886,1
2021-22,Venezia,Ebuehi,Tyronne Ebuehi,9877,19
2021-22,Venezia,Molinaro,Cristian Molinaro,1597,8
2021-22,Venezia,Sigurdsson A.,Arnór Sigurdsson,7136,9
2021-22,Venezia,Di Mariano,Francesco Di Mariano,9884,1
2021-22,Cagliari,Joao Pedro,João Pedro,1592,37
2021-22,Cagliari,Dalbert,Dalbert,5699,28
2021-22,Cagliari,Pereiro,Gastón Pereiro,8289,29
2021-22,Cagliari,Simeone,Giovanni Simeone,1102,1
2021-22,Cagliari,Strootman,Kevin Strootman,1256,10
2021-22,Cagliari,Deiola,Alessandro Deiola,1634,33
2021-22,Cagliari,Nandez,Nahitan Nández,7953,21
2021-22,Cagliari,Walukiewicz,Sebastian Walukiewicz,8030,7
2021-22,Cagliari,Zappa,Gabriele Zappa,8857,25
2021-22,Cagliari,Marin,Razvan Marin,8856,36
2021-22,Cagliari,Cragno,Alessio Cragno,3927,35
2021-22,Cagliari,Lykogiannis,Charalampos Lykogiannis,6517,28
2021-22,Cagliari,Pavoletti,Leonardo Pavoletti,1104,33
2021-22,Cagliari,Ceppitelli,Luca Ceppitelli,1550,24
2021-22,Cagliari,Godin,Diego Godín,2264,11
2021-22,Cagliari,Carboni A.,Andrea Carboni,8232,30
2021-22,Spezia,Nikolaou,Dimitris Nikolaou,7387,36
2021-22,Spezia,Verde,Daniele Verde,2044,33
2021-22,Spezia,Vignali,Luca Vignali,8915,2
2021-22,Spezia,Zoet,Jeroen Zoet,8908,7
2021-22,Spezia,Ferrer,Salvador Ferrer,8914,27
2021-22,Spezia,Maggiore,Giulio Maggiore,8944,35
2021-22,Spezia,Gyasi,Emmanuel Gyasi,8913,36
2021-22,Spezia,Erlic,Martin Erlic,2053,30
2021-22,Spezia,Hristov,Petko Hristov,6175,17
2021-22,Spezia,Mraz,Samuel Mráz,6985,2
2021-22,Spezia,Colley E.,Ebrima Colley,8161,11
2021-22,Spezia,Bastoni S.,Simone Bastoni,8916,31
2021-22,Sampdoria,Adrien Silva,Adrien Silva,6464,17
2021-22,Sampdoria,Yoshida,Maya Yoshida,845,26
2021-22,Sampdoria,Candreva,Antonio Candreva,1517,36
2021-22,Sampdoria,Augello,Tommaso Augello,7938,36
2021-22,Sampdoria,Ekdal,Albin Ekdal,411,26
2021-22,Sampdoria,Colley,Omar Colley,7096,32
2021-22,Sampdoria,Murru,Nicola Murru,1400,22
2021-22,Sampdoria,Damsgaard,Mikkel Damsgaard,8859,11
2021-22,Sampdoria,Audero,Emil Audero,1302,29
2021-22,Sampdoria,Gabbiadini,Manolo Gabbiadini,1383,18
2021-22,Sampdoria,Thorsby,Morten Thorsby,7939,35
2021-22,Sampdoria,Bereszynski,Bartosz Bereszynski,4907,35
2021-22,Sampdoria,Verre,Valerio Verre,1569,11
2021-22,Sampdoria,Quagliarella,Fabio Quagliarella,1230,33
2021-22,AC Milan,Rafael Leao,Rafael Leão,7193,34
2021-22,AC Milan,Giroud,Olivier Giroud,502,29
2021-22,AC Milan,Florenzi,Alessandro Florenzi,1254,24
2021-22,AC Milan,Rebic,Ante Rebic,1852,24
2021-22,AC Milan,Tonali,Sandro Tonali,7958,36
2021-22,AC Milan,Krunic,Rade Krunic,1311,28
2021-22,AC Milan,Calabria,Davide Calabria,1574,26
2021-22,AC Milan,Maignan,Mike Maignan,3737,32
2021-22,AC Milan,Romagnoli,Alessio Romagnoli,1119,19
2021-22,AC Milan,Tomori,Fikayo Tomori,703,31
2021-22,AC Milan,Bennacer,Ismael Bennacer,6981,31
2021-22,AC Milan,Kjaer,Simon Kjaer,4699,11
2021-22,AC Milan,Saelemaekers,Alexis Saelemaekers,8297,36
2021-22,AC Milan,Hernandez T.,Theo Hernández,2547,32
2021-22,AC Milan,Diaz B.,Brahim Diaz,6421,31
2021-22,Venezia,Busio,Gianluca Busio,9904,29
2021-22,Venezia,Vacca,Antonio Vacca,9906,21
2021-22,Venezia,Lezzerini,Luca Lezzerini,1432,6
2021-22,Venezia,Mazzocchi,Pasquale Mazzocchi,9902,18
2021-22,Venezia,Okereke,David Okereke,9905,32
2021-22,Venezia,Crnigoj,Domen Crnigoj,9903,34
2021-22,Venezia,Schnegg,David Schnegg,9888,4
2021-22,Venezia,Henry,Thomas Henry,3751,33
2021-22,Verona,Faraoni,Marco Faraoni,3978,32
2021-22,Verona,Montipo',Lorenzo Montipò,8881,34
2021-22,Verona,Sutalo,Bosko Sutalo,8475,24
2021-22,Verona,Lasagna,Kevin Lasagna,1903,28
2021-22,Inter,Correa,Joaquín Correa,1809,26
2021-22,Inter,Martinez L.,Lautaro Martínez,7006,35
2021-22,Atalanta,Toloi,Rafael Toloi,1484,20
2021-22,Atalanta,Zappacosta,Davide Zappacosta,1178,34
2021-22,Atalanta,Freuler,Remo Freuler,1488,29
2021-22,Bologna,Tomiyasu,Takehiro Tomiyasu,7931,1
2021-22,Bologna,Kingsley,Kingsley Michael,6704,2
2021-22,Bologna,Soumaoro,Adama Soumaoro,3356,28
2021-22,Lazio,Patric,Patric,1204,24
2021-22,Lazio,Cataldi,Danilo Cataldi,1206,32
2021-22,Lazio,Marusic,Adam Marusic,6176,33
2021-22,Lazio,Romero L.,Luka Romero,8429,8
2021-22,Spezia,Antiste,Janis Antiste,8311,18
2021-22,Spezia,Sala,Jacopo Sala,1221,18
2021-22,Fiorentina,Duncan,Alfred Duncan,1474,33
2021-22,Fiorentina,Martinez Quarta,Lucas Martínez Quarta,9019,20
2021-22,Torino,Buongiorno,Alessandro Buongiorno,5025,23
2021-22,Torino,Ansaldi,Cristian Ansaldi,1515,19
2021-22,Torino,Vojvoda,Mergim Vojvoda,8819,29
2021-22,Juventus,Mckennie,Weston McKennie,5360,21
2021-22,Juventus,Rabiot,Adrien Rabiot,3291,32
2021-22,Juventus,De Sciglio,Mattia De Sciglio,1120,20
2021-22,Empoli,Pinamonti,Andrea Pinamonti,4895,36
2021-22,Empoli,Luperto,Sebastiano Luperto,1639,24
2021-22,Empoli,Stulac,Leo Stulac,6991,23
2021-22,Genoa,Ghiglione,Paolo Ghiglione,2040,13
2021-22,Genoa,Buksa,Aleksander Buksa,9844,4
2021-22,Genoa,Behrami,Valon Behrami,570,10
2021-22,Genoa,Ekuban,Caleb Ekuban,9843,30
2021-22,Genoa,Masiello,Andrea Masiello,1485,7
2021-22,Napoli,Juan Jesus,Juan Jesus,1247,21
2021-22,Napoli,Ounas,Adam Ounas,3259,15
2021-22,Sampdoria,Askildsen,Kristoffer Askildsen,8309,19
2021-22,Sampdoria,Depaoli,Fabio Depaoli,1624,6
2021-22,AC Milan,Maldini,Daniel Maldini,8163,8
2021-22,AC Milan,Castillejo,Samu Castillejo,2303,5
2021-22,Cagliari,Ceter,Damir Ceter,6551,1
2021-22,Cagliari,Radunovic,Boris Radunovic,1926,3
2021-22,Cagliari,Farias,Diego Farias,1605,4
2021-22,Salernitana,Aya,Ramzi Aya,9867,2
2021-22,Salernitana,Kristoffersen,Julian Kristoffersen,9868,1
2021-22,Salernitana,Di Tacchio,Francesco Di Tacchio,9939,18
2021-22,Roma,Calafiori,Riccardo Calafiori,8129,6
2021-22,Roma,Mayoral,Borja Mayoral,2252,5
2021-22,Roma,Diawara,Amadou Diawara,1380,4
2021-22,Empoli,Tonelli,Lorenzo Tonelli,1394,14
2021-22,Empoli,Di Francesco F.,Federico Di Francesco,1449,26
2021-22,Venezia,Aramu,Mattia Aramu,1566,32
2021-22,Napoli,Ospina,David Ospina,505,31
2021-22,Napoli,Malcuit,Kevin Malcuit,3632,8
2021-22,Juventus,Kean,Moise Kean,1304,32
2021-22,Juventus,Pellegrini Lu.,Luca Pellegrini,4970,18
2021-22,Atalanta,Sportiello,Marco Sportiello,1501,5
2021-22,Atalanta,Koopmeiners,Teun Koopmeiners,9969,30
2021-22,Atalanta,Zapata D.,Duván Zapata,1148,24
2021-22,Fiorentina,Amrabat,Sofyan Amrabat,7927,23
2021-22,Fiorentina,Odriozola,Álvaro Odriozola,2418,25
2021-22,Fiorentina,Torreira,Lucas Torreira,1227,31
2021-22,Sampdoria,Caputo,Francesco Caputo,6980,36
2021-22,Sampdoria,Torregrossa,Ernesto Torregrossa,7993,10
2021-22,Inter,D'ambrosio,Danilo D&#039;Ambrosio,1523,20
2021-22,Cagliari,Bellanova,Raoul Bellanova,6412,31
2021-22,Cagliari,Grassi,Alberto Grassi,1504,30
2021-22,Cagliari,Caceres,Martín Cáceres,1942,14
2021-22,Cagliari,Keita B.,Keita,1210,26
2021-22,Genoa,Maksimovic,Nikola Maksimovic,1377,14
2021-22,Genoa,Destro,Mattia Destro,1580,27
2021-22,Genoa,Fares,Mohamed Fares,1956,9
2021-22,Genoa,Toure' A.,Abdoulaye Touré,3674,8
2021-22,Spezia,Bourabia,Mehdi Bourabia,7003,8
2021-22,Spezia,Kovalenko,Viktor Kovalenko,9344,26
2021-22,Spezia,Agudelo,Kevin Agudelo,8010,23
2021-22,Spezia,Salcedo E.,Eddie Salcedo,6203,11
2021-22,Udinese,Beto,Beto,9983,28
2021-22,Udinese,Soppy,Brandon Soppy,8639,28
2021-22,Udinese,Samardzic,Lazar Samardzic,8341,22
2021-22,Torino,Pobega,Tommaso Pobega,8912,33
2021-22,Torino,Praet,Dennis Praet,1234,23
2021-22,Torino,Zima,David Zima,9982,20
2021-22,Salernitana,Ribery,Franck Ribéry,329,23
2021-22,Salernitana,Gagliolo,Riccardo Gagliolo,1896,17
2021-22,Salernitana,Ranieri L.,Luca Ranieri,6696,27
2021-22,AC Milan,Ibrahimovic,Zlatan Ibrahimovic,1741,23
2021-22,AC Milan,Kessie',Franck Kessié,1489,31
2021-22,AC Milan,Bakayoko,Tiemoué Bakayoko,3429,14
2021-22,Lazio,Zaccagni,Mattia Zaccagni,1958,29
2021-22,Lazio,Basic,Toma Basic,6902,29
2021-22,Roma,Reynolds,Bryan Reynolds,9419,1
2021-22,Sassuolo,Kyriakopoulos,Georgios Kyriakopoulos,8034,29
2021-22,Sassuolo,Berardi,Domenico Berardi,1612,33
2021-22,Bologna,Santander,Federico Santander,6972,7
2021-22,Verona,Simeone,Giovanni Simeone,1102,35
2021-22,Verona,Caprari,Gianluca Caprari,1170,35
2021-22,Sassuolo,Harroui,Abdou Harroui,9996,22
2021-22,Torino,Brekalo,Josip Brekalo,5353,32
2021-22,Fiorentina,Kokorin,Aleksandr Kokorin,3066,6
2021-22,Inter,Gagliardini,Roberto Gagliardini,1496,18
2021-22,Inter,Sanchez,Alexis Sánchez,498,27
2021-22,Inter,Ranocchia,Andrea Ranocchia,1522,6
2021-22,Inter,Kolarov,Aleksandar Kolarov,621,3
2021-22,Bologna,Theate,Arthur Theate,9999,31
2021-22,Bologna,Dijks,Mitchell Dijks,6971,16
2021-22,Salernitana,Gondo,Cedric Gondo,10008,14
2021-22,Sampdoria,Chabot,Julian Chabot,7937,11
2021-22,Venezia,Kiyine,Sofian Kiyine,4942,26
2021-22,Spezia,Manaj,Rey Manaj,1570,30
2021-22,Spezia,Podgoreanu,Suf Podgoreanu,9096,5
2021-22,Spezia,Nzola,M&#039;Bala Nzola,9018,21
2021-22,Verona,Bessa,Daniel Bessa,6130,24
2021-22,Roma,Smalling,Chris Smalling,628,27
2021-22,AC Milan,Kalulu,Pierre Kalulu Kyatengwa,8313,28
2021-22,Napoli,Rrahmani,Amir Rrahmani,7924,33
2021-22,Napoli,Zanoli,Alessandro Zanoli,9876,12
2021-22,Genoa,Portanova,Manolo Portanova,7625,24
2021-22,Genoa,Bani,Mattia Bani,6212,17
2021-22,Atalanta,De Roon,Marten de Roon,1710,30
2021-22,Sassuolo,Muldur,Mert Müldür,7950,31
2021-22,Fiorentina,Nastasic,Matija Nastasic,451,5
2021-22,Salernitana,Kastanos,Grigoris Kastanos,4951,27
2021-22,Verona,Cetin,Yildirim Mert Cetin,8007,2
2021-22,Empoli,Asllani,Kristjan Asllani,9854,23
2021-22,Empoli,Viti,Mattia Viti,9855,20
2021-22,AC Milan,Pellegri,Pietro Pellegri,4932,6
2021-22,AC Milan,Gabbia,Matteo Gabbia,4920,8
2021-22,Sampdoria,Ciervo,Riccardo Ciervo,9329,10
2021-22,Spezia,Strelec,David Strelec,10023,10
2021-22,Juventus,Perin,Mattia Perin,1093,5
2021-22,Bologna,Binks,Luis Binks,9921,15
2021-22,Fiorentina,Terzic,Aleksa Terzic,7911,14
2021-22,Roma,Zalewski,Nicola Zalewski,9036,16
2021-22,Napoli,Demme,Diego Demme,5246,19
2021-22,Venezia,Ampadu,Ethan Ampadu,6369,29
2021-22,Torino,Baselli,Daniele Baselli,1182,6
2021-22,Cagliari,Altare,Giorgio Altare,4968,19
2021-22,Juventus,Kaio Jorge,Kaio Jorge,9872,9
2021-22,Spezia,Sher,Aimar Sher,10042,1
2021-22,Udinese,Forestieri,Fernando Forestieri,1030,4
2021-22,Napoli,Mertens,Dries Mertens,1384,30
2021-22,Roma,Darboe,Ebrima Darboe,8130,1
2021-22,AC Milan,Messias,Junior Messias,8838,26
2021-22,Spezia,Provedel,Ivan Provedel,6982,31
2021-22,Salernitana,Vergani,Edoardo Vergani,8154,6
2021-22,AC Milan,Tatarusanu,Ciprian Tatarusanu,1416,6
2021-22,Empoli,Parisi,Fabiano Parisi,9924,25
2021-22,Genoa,Caicedo,Felipe Caicedo,2116,9
2021-22,Genoa,Vasquez,Johan Vásquez,9985,28
2021-22,Sassuolo,Goldaniga,Edoardo Goldaniga,1264,1
2021-22,Torino,Warming,Magnus Warming,9848,4
2021-22,Torino,Kone B.,Ben Kone,6443,1
2021-22,Juventus,Arthur,Arthur,6942,20
2021-22,Venezia,Haps,Ridgeciano Haps,9952,25
2021-22,Venezia,Romero S.,Sergio Romero,560,16
2021-22,Genoa,Galdames,Pablo Galdames,10034,19
2021-22,Sampdoria,Dragusin,Radu Dragusin,9105,13
2021-22,Sampdoria,Ferrari A.,Alex Ferrari,1454,23
2021-22,Sassuolo,Matheus Henrique,Matheus Henrique,9936,25
2021-22,Atalanta,Scalvini,Giorgio Scalvini,9107,18
2021-22,Udinese,Success,Isaac Success,1724,22
2021-22,Cagliari,Obert,Adam Obert,10073,6
2021-22,Lazio,Radu,Stefan Radu,1542,10
2021-22,Torino,Zaza,Simone Zaza,1642,10
2021-22,Cagliari,Oliva,Christian Oliva,7417,4
2021-22,Roma,Kumbulla,Marash Kumbulla,6324,17
2021-22,Roma,Afena-Gyan,Felix Afena-Gyan,10077,17
2021-22,Napoli,Ghoulam,Faouzi Ghoulam,1387,14
2021-22,Bologna,Mbaye,Ibrahima Mbaye,1458,6
2021-22,Juventus,Rugani,Daniele Rugani,1301,12
2021-22,Venezia,Modolo,Marco Modolo,9907,6
2021-22,Udinese,Perez N.,Nehuén Pérez,7516,20
2021-22,Salernitana,Veseli,Frederic Veseli,1316,9
2021-22,Spezia,Reca,Arkadiusz Reca,7014,24
2021-22,Bologna,Viola,Nicolas Viola,6196,6
2021-22,Atalanta,Hateboer,Hans Hateboer,4941,21
2021-22,Fiorentina,Distefano,Filippo Distefano,10123,1
2021-22,Juventus,Soule',Matìas Soulè Malvano,9965,2
2021-22,Spezia,Kiwior,Jakub Kiwior,10012,22
2021-22,Roma,Volpato,Cristian Volpato,10084,3
2021-22,Lazio,Strakosha,Thomas Strakosha,1214,23
2021-22,Udinese,Nestorovski,Ilija Nestorovski,1272,7
2021-22,Udinese,De Maio,Sebastien De Maio,1431,2
2021-22,Salernitana,Delli Carri,Filippo Delli Carri,4952,5
2021-22,Inter,Zanotti,Mattia Zanotti,10139,1
2021-22,Salernitana,Fiorillo,Vincenzo Fiorillo,1175,1
2021-22,Sassuolo,Pegolo,Gianluca Pegolo,1480,1
2021-22,Sampdoria,Falcone,Wladimiro Falcone,4984,10
2021-22,Sampdoria,Yepes,Gerard Yepes,10059,4
2021-22,Udinese,Mari',Pablo Marí,8380,15
2021-22,Salernitana,Mikael,Mikael,10403,7
2021-22,Salernitana,Radovanovic,Ivan Radovanovic,1341,14
2021-22,Salernitana,Verdi,Simone Verdi,1445,15
2021-22,Salernitana,Sepe,Luigi Sepe,1392,16
2021-22,Salernitana,Fazio,Federico Fazio,1000,16
2021-22,Salernitana,Bohinen,Emil Bohinen,9425,11
2021-22,Salernitana,Ederson D.s.,Éderson,10404,15
2021-22,Cagliari,Lovato,Matteo Lovato,8522,16
2021-22,Cagliari,Farago',Paolo Faragò,4912,1
2021-22,Verona,Depaoli,Fabio Depaoli,1624,18
2021-22,Sassuolo,Samele,Luigi Samele,9486,2
2021-22,Genoa,Hefti,Silvan Hefti,10236,16
2021-22,Genoa,Cassata,Francesco Cassata,1998,1
2021-22,AC Milan,Conti,Andrea Conti,1487,1
2021-22,Fiorentina,Ikone',Jonathan Ikone,5661,17
2021-22,Fiorentina,Cabral,Arthur Cabral,10377,14
2021-22,Fiorentina,Piatek,Krzysztof Piatek,7090,14
2021-22,Atalanta,Boga,Jeremie Boga,3544,15
2021-22,Torino,Pellegri,Pietro Pellegri,4932,9
2021-22,Torino,Seck,Demba Seck,10396,6
2021-22,Bologna,Aebischer,Michel Aebischer,10383,12
2021-22,Inter,Radu I.,Ionut Radu,1830,1
2021-22,Salernitana,Mazzocchi,Pasquale Mazzocchi,9902,15
2021-22,Salernitana,Perotti,Diego Perotti,1539,11
2021-22,Venezia,Nsame,Jean-Pierre Nsamé,3586,11
2021-22,Venezia,Ullmann,Maximilian Ullmann,10329,5
2021-22,Venezia,Mateju,Ales Mateju,7994,9
2021-22,Venezia,Cuisance,Michaël Cuisance,6148,13
2021-22,AC Milan,Stanga,Luca Stanga,9440,1
2021-22,Sassuolo,Ruan,Ruan,10232,10
2021-22,Napoli,Tuanzebe,Axel Tuanzebe,934,1
2021-22,Sampdoria,Rincon,Tomás Rincón,1099,17
2021-22,Udinese,Padelli,Daniele Padelli,1195,3
2021-22,Atalanta,Cittadini,Giorgio Cittadini,10268,2
2021-22,Roma,Maitland-Niles,Ainsley Maitland-Niles,1750,8
2021-22,Torino,Gemello,Luca Gemello,7324,1
2021-22,Bologna,Falcinelli,Diego Falcinelli,1360,6
2021-22,Sampdoria,Conti,Andrea Conti,1487,7
2021-22,Salernitana,Motoc,Andrei Motoc,10279,1
2021-22,Salernitana,Perrone M.,Mario Perrone,10281,1
2021-22,Lazio,Vavro,Denis Vavro,7940,1
2021-22,Verona,Coppola D.,Diego Coppola,10169,4
2021-22,Venezia,Nani,Nani,4536,10
2021-22,Roma,Oliveira,Sérgio Oliveira,5719,14
2021-22,Roma,Keramitsis,Dimitrios Keramitsis,10313,1
2021-22,Cagliari,Goldaniga,Edoardo Goldaniga,1264,11
2021-22,Cagliari,Gagliano,Luca Gagliano,6387,2
2021-22,Bologna,Pyyhtia,Niklas Pyyhtia,10088,1
2021-22,Genoa,Calafiori,Riccardo Calafiori,8129,3
2021-22,Genoa,Yeboah,Kelvin Yeboah,10318,17
2021-22,Bologna,Annan,Ebenezer Annan,9410,1
2021-22,Atalanta,Sidibe A.,Alasanne Sidibe,10335,1
2021-22,Atalanta,De Nipoti,Tommaso De Nipoti,10336,1
2021-22,Cagliari,Kourfalidis,Christos Kourfalidis,10339,2
2021-22,Salernitana,Russo Al.,Alessandro Russo,10278,1
2021-22,Sampdoria,Vieira,Ronaldo Vieira,7097,14
2021-22,Sampdoria,Magnani,Giangiacomo Magnani,7002,4
2021-22,Empoli,Benassi,Marco Benassi,1183,12
2021-22,Genoa,Amiri,Nadiem Amiri,82,13
2021-22,Genoa,Piccoli,Roberto Piccoli,7375,5
2021-22,Atalanta,Mihaila,Mihai Valentin Mihaila,9226,4
2021-22,Atalanta,Rossi F.,Francesco Rossi,4940,1
2021-22,Cagliari,Baselli,Daniele Baselli,1182,9
2021-22,Bologna,Kasius,Denso Kasius,10384,7
2021-22,Empoli,Cacace,Liberato Cacace,10385,10
2021-22,Empoli,Verre,Valerio Verre,1569,8
2021-22,Sampdoria,Sensi,Stefano Sensi,1465,11
2021-22,Sassuolo,Ceide,Emil Ceïde,10393,6
2021-22,Juventus,Vlahovic,Dusan Vlahovic,7084,15
2021-22,Juventus,Zakaria,Denis Zakaria,6147,9
2021-22,Verona,Praszelik,Mateusz Praszelik,10398,2
2021-22,Verona,Retsos,Panagiotis Retsos,6316,5
2021-22,Salernitana,Mousset,Lys Mousset,1748,6
2021-22,Salernitana,Dragusin,Radu Dragusin,9105,7
2021-22,Spezia,Nguiamba,Aurélien Nguiamba,10110,3
2021-22,Sampdoria,Sabiri,Abdelhamid Sabiri,6296,14
2021-22,Genoa,Gudmundsson A.,Albert Gudmundsson,10366,12
2021-22,Juventus,Ake' M.,Marley Aké,8037,4
2021-22,Sassuolo,Peluso,Federico Peluso,1464,2
2021-22,Lazio,Jovane,Jovane Cabral,10378,3
2021-22,Inter,Caicedo,Felipe Caicedo,2116,3
2021-22,Torino,Ricci S.,Samuele Ricci,7530,11
2021-22,Inter,Gosens,Robin Gosens,6155,7
2021-22,Sampdoria,Giovinco,Sebastian Giovinco,3985,2
2021-22,Torino,Berisha,Etrit Berisha,1483,10
2021-22,Sampdoria,Trimboli,Simone Trimboli,7393,5
2021-22,Genoa,Frendrup,Morten Frendrup,10365,10
2021-22,Sassuolo,Oddei,Brian Oddei,8221,2
2021-22,Verona,Terracciano F.,Filippo Terracciano,8512,1
2021-22,Juventus,Miretti,Fabio Miretti,9966,6
2021-22,Atalanta,Cisse',Moustapha Cissé,10505,3
2021-22,Cagliari,Rog,Marko Rog,1390,8
2021-22,Verona,Frabotta,Gianluca Frabotta,5028,2
2021-22,Venezia,Bah,Issa Bah,10331,1
2021-22,Bologna,Bardi,Francesco Bardi,1989,2
2021-22,Roma,Spinazzola,Leonardo Spinazzola,1500,3
2021-22,Udinese,Benkovic,Filip Benkovic,8238,2
2021-22,Spezia,Bertola,Nicolò Bertola,9561,2
2021-22,Sampdoria,Ravaglia,Nicola Ravaglia,8860,1
2021-22,Juventus,Palumbo,Martin Palumbo,8487,1
2021-22,Genoa,Semper,Adrian Semper,6929,1
2021-22,Bologna,Bagnolini,Nicola Bagnolini,10039,1
2021-22,Bologna,Urbanski,Kacper Urbanski,9503,1
2021-22,Bologna,Raimondo,Antonio Raimondo,9539,1
2021-22,Bologna,Stivanello,Riccardo Stivanello,10283,1
2021-22,Bologna,Amey,Wisdom Amey,9495,1
2021-22,Juventus,Pinsoglio,Carlo Pinsoglio,6107,1
2021-22,Lazio,Kamenovic,Dimitrije Kamenovic,10409,1
2021-22,Verona,Berardi A.,Alessandro Berardi,7930,1
2021-22,Empoli,Baldanzi,Tommaso Baldanzi,9951,1
2021-22,Spezia,Zovko,Petar Zovko,9896,1
2021-22,Napoli,Marfella,Davide Marfella,6941,1
2021-22,Sassuolo,Satalino,Giacomo Satalino,1886,1
2021-22,Udinese,Pafundi,Simone Pafundi,10596,1
2021-22,Udinese,Pinzi R.,Riccardo Pinzi,10297,1
2021-22,Venezia,Leal,Patrick Leal,10622,1
2021-22,Venezia,Mikaelsson,Hilmir Rafn Mikaelsson,10623,1
2022-23,AC Milan,Rafael Leao,Rafael Leão,7193,35
2022-23,AC Milan,Giroud,Olivier Giroud,502,33
2022-23,AC Milan,Rebic,Ante Rebic,1852,23
2022-23,AC Milan,Origi,Divock Origi,484,27
2022-23,AC Milan,Krunic,Rade Krunic,1311,23
2022-23,AC Milan,Calabria,Davide Calabria,1574,25
2022-23,AC Milan,Maignan,Mike Maignan,3737,22
2022-23,AC Milan,Pobega,Tommaso Pobega,8912,19
2022-23,AC Milan,Bennacer,Ismael Bennacer,6981,28
2022-23,AC Milan,Tomori,Fikayo Tomori,703,33
2022-23,AC Milan,Messias,Junior Messias,8838,25
2022-23,AC Milan,Kalulu,Pierre Kalulu Kyatengwa,8313,34
2022-23,AC Milan,Saelemaekers,Alexis Saelemaekers,8297,30
2022-23,AC Milan,Hernandez T.,Theo Hernández,2547,32
2022-23,AC Milan,De Ketelaere,Charles De Ketelaere,10877,32
2022-23,AC Milan,Diaz B.,Brahim Diaz,6421,33
2022-23,Udinese,Rodrigo Becao,Rodrigo Becão,6806,28
2022-23,Udinese,Beto,Beto,9983,33
2022-23,Udinese,Walace,Walace,5226,37
2022-23,Udinese,Lovric,Sandi Lovric,10878,37
2022-23,Udinese,Makengo,Jean-Victor Makengo,3536,16
2022-23,Udinese,Soppy,Brandon Soppy,8639,1
2022-23,Udinese,Ebosse,Enzo Ebosse,8632,20
2022-23,Udinese,Silvestri,Marco Silvestri,6132,38
2022-23,Udinese,Samardzic,Lazar Samardzic,8341,37
2022-23,Udinese,Masina,Adam Masina,1441,14
2022-23,Udinese,Success,Isaac Success,1724,30
2022-23,Udinese,Ebosele,Festy Ebosele,10879,17
2022-23,Udinese,Deulofeu,Gerard Deulofeu,591,16
2022-23,Udinese,Nuytinck,Bram Nuytinck,6206,6
2022-23,Udinese,Pereyra,Roberto Pereyra,1723,34
2022-23,Udinese,Perez N.,Nehuén Pérez,7516,34
2022-23,Sampdoria,Rincon,Tomás Rincón,1099,34
2022-23,Sampdoria,Leris,Mehdi Leris,6211,32
2022-23,Sampdoria,Augello,Tommaso Augello,7938,37
2022-23,Sampdoria,Colley,Omar Colley,7096,16
2022-23,Sampdoria,Murillo,Jeison Murillo,1508,20
2022-23,Sampdoria,Djuricic,Filip Djuricic,1233,32
2022-23,Sampdoria,Vieira,Ronaldo Vieira,7097,16
2022-23,Sampdoria,Audero,Emil Audero,1302,25
2022-23,Sampdoria,Caputo,Francesco Caputo,6980,15
2022-23,Sampdoria,Sabiri,Abdelhamid Sabiri,6296,18
2022-23,Sampdoria,Bereszynski,Bartosz Bereszynski,4907,15
2022-23,Sampdoria,Verre,Valerio Verre,1569,18
2022-23,Sampdoria,Quagliarella,Fabio Quagliarella,1230,23
2022-23,Sampdoria,Depaoli,Fabio Depaoli,1624,3
2022-23,Sampdoria,Ferrari A.,Alex Ferrari,1454,12
2022-23,Sampdoria,De Luca,Manuel De Luca,1598,2
2022-23,Atalanta,Okoli,Caleb Okoli,7333,17
2022-23,Atalanta,Zortea,Nadir Zortea,9866,9
2022-23,Atalanta,Maehle,Joakim Maehle,9233,34
2022-23,Atalanta,Pasalic,Mario Pasalic,1134,32
2022-23,Atalanta,Lookman,Ademola Lookman,5556,31
2022-23,Atalanta,Muriel,Luis Muriel,1229,29
2022-23,Atalanta,Hateboer,Hans Hateboer,4941,17
2022-23,Atalanta,Toloi,Rafael Toloi,1484,32
2022-23,Atalanta,Musso,Juan Musso,7095,24
2022-23,Atalanta,Scalvini,Giorgio Scalvini,9107,32
2022-23,Atalanta,Koopmeiners,Teun Koopmeiners,9969,33
2022-23,Atalanta,Zapata D.,Duván Zapata,1148,25
2022-23,Atalanta,De Roon,Marten de Roon,1710,35
2022-23,Lecce,Blin,Alexis Blin,3207,35
2022-23,Lecce,Banda,Lameck Banda,7628,36
2022-23,Lecce,Falcone,Wladimiro Falcone,4984,38
2022-23,Lecce,Bistrovic,Kristijan Bistrovic,6585,11
2022-23,Lecce,Gallo,Antonino Gallo,8009,32
2022-23,Lecce,Helgason,Thórir Helgason,10906,12
2022-23,Lecce,Listkowski,Marcin Listkowski,10907,5
2022-23,Lecce,Colombo,Lorenzo Colombo,8478,33
2022-23,Lecce,Hjulmand,Morten Hjulmand,10903,35
2022-23,Lecce,Baschirotto,Federico Baschirotto,10902,37
2022-23,Lecce,Cetin,Yildirim Mert Cetin,8007,1
2022-23,Lecce,Strefezza,Gabriel Strefezza,7944,35
2022-23,Lecce,Ceesay,Assan Ceesay,10905,34
2022-23,Lecce,Gendrey,Valentin Gendrey,7742,37
2022-23,Lecce,Gonzalez J.,Joan Gonzàlez,10904,35
2022-23,Lecce,Di Francesco F.,Federico Di Francesco,1449,36
2022-23,Inter,Handanovic,Samir Handanovic,1505,14
2022-23,Inter,Mkhitaryan,Henrikh Mkhitaryan,317,31
2022-23,Inter,Lukaku,Romelu Lukaku,594,25
2022-23,Inter,Correa,Joaquín Correa,1809,26
2022-23,Inter,Brozovic,Marcelo Brozovic,1511,28
2022-23,Inter,Barella,Nicolò Barella,1409,35
2022-23,Inter,Dimarco,Federico Dimarco,1324,33
2022-23,Inter,Darmian,Matteo Darmian,557,31
2022-23,Inter,Calhanoglu,Hakan Calhanoglu,189,33
2022-23,Inter,Bastoni,Alessandro Bastoni,4939,29
2022-23,Inter,Gosens,Robin Gosens,6155,32
2022-23,Inter,Dumfries,Denzel Dumfries,9840,34
2022-23,Inter,Skriniar,Milan Skriniar,1223,21
2022-23,Inter,Dzeko,Edin Dzeko,1253,33
2022-23,Inter,Martinez L.,Lautaro Martínez,7006,38
2022-23,Inter,De Vrij,Stefan de Vrij,1541,27
2022-23,Monza,Carlos Augusto,Carlos Augusto,10891,35
2022-23,Monza,Barberis,Andrea Barberis,1372,9
2022-23,Monza,Birindelli,Samuele Birindelli,10892,31
2022-23,Monza,Mari',Pablo Marí,8380,30
2022-23,Monza,Petagna,Andrea Petagna,1493,31
2022-23,Monza,Sensi,Stefano Sensi,1465,28
2022-23,Monza,Ciurria,Patrick Ciurria,10894,36
2022-23,Monza,Marlon,Marlon Santos,5056,28
2022-23,Monza,Valoti,Mattia Valoti,3899,16
2022-23,Monza,Mota,Dany Mota,10895,29
2022-23,Monza,Caprari,Gianluca Caprari,1170,37
2022-23,Monza,D'alessandro,Marco D&#039;Alessandro,1502,8
2022-23,Monza,Ranocchia F.,Filippo Ranocchia,9263,14
2022-23,Monza,Di Gregorio,Michele Di Gregorio,10890,37
2022-23,Monza,Carboni A.,Andrea Carboni,8232,4
2022-23,Torino,Singo,Wilfried Stephane Singo,7472,31
2022-23,Torino,Vlasic,Nikola Vlasic,6276,34
2022-23,Torino,Aina,Ola Aina,725,19
2022-23,Torino,Adopo,Ndary Adopo,6706,9
2022-23,Torino,Radonjic,Nemanja Radonjic,7160,28
2022-23,Torino,Djidji,Koffi Djidji,3550,34
2022-23,Torino,Lazaro,Valentino Lazaro,6352,23
2022-23,Torino,Ilkhan,Emirhan Ilkhan,10899,4
2022-23,Torino,Segre,Jacopo Segre,8820,1
2022-23,Torino,Linetty,Karol Linetty,1226,32
2022-23,Torino,Sanabria,Antonio Sanabria,2217,33
2022-23,Torino,Miranchuk,Aleksey Miranchuk,2711,29
2022-23,Torino,Milinkovic-Savic V.,Vanja Milinkovic-Savic,6167,38
2022-23,Torino,Ricci S.,Samuele Ricci,7530,28
2022-23,Torino,Rodriguez R.,Ricardo Rodríguez,308,35
2022-23,Fiorentina,Dodo',Dodô,10935,33
2022-23,Fiorentina,Biraghi,Cristiano Biraghi,1164,33
2022-23,Fiorentina,Saponara,Riccardo Saponara,1313,29
2022-23,Fiorentina,Kouame',Christian Kouamé,7091,28
2022-23,Fiorentina,Amrabat,Sofyan Amrabat,7927,29
2022-23,Fiorentina,Maleh,Youssef Maleh,9893,7
2022-23,Fiorentina,Zurkowski,Szymon Zurkowski,7910,2
2022-23,Fiorentina,Jovic,Luka Jovic,6228,31
2022-23,Fiorentina,Milenkovic,Nikola Milenkovic,6174,27
2022-23,Fiorentina,Bonaventura,Giacomo Bonaventura,1121,30
2022-23,Fiorentina,Sottil,Riccardo Sottil,6672,18
2022-23,Fiorentina,Benassi,Marco Benassi,1183,2
2022-23,Fiorentina,Mandragora,Rolando Mandragora,3821,29
2022-23,Fiorentina,Gollini,Pierluigi Gollini,1841,3
2022-23,Fiorentina,Martinez Quarta,Lucas Martínez Quarta,9019,27
2022-23,Fiorentina,Gonzalez N.,Nicolás González,7074,24
2022-23,Cremonese,Sernicola,Leonardo Sernicola,7004,32
2022-23,Cremonese,Dessers,Cyriel Dessers,10937,26
2022-23,Cremonese,Ghiglione,Paolo Ghiglione,2040,15
2022-23,Cremonese,Okereke,David Okereke,9905,33
2022-23,Cremonese,Bianchetti,Matteo Bianchetti,1843,25
2022-23,Cremonese,Zanimacchia,Luca Zanimacchia,1631,15
2022-23,Cremonese,Chiriches,Vlad Chiriches,1395,16
2022-23,Cremonese,Escalante,Gonzalo Escalante,2437,9
2022-23,Cremonese,Pickel,Charles Pickel,10936,33
2022-23,Cremonese,Buonaiuto,Cristian Buonaiuto,10939,29
2022-23,Cremonese,Vasquez,Johan Vásquez,9985,25
2022-23,Cremonese,Aiwu,Emanuel Aiwu,10938,23
2022-23,Cremonese,Ascacibar,Santiago Ascacibar,6289,13
2022-23,Cremonese,Quagliata,Giacomo Quagliata,10940,20
2022-23,Cremonese,Radu I.,Ionut Radu,1830,9
2022-23,Cremonese,Di Carmine,Samuel Di Carmine,8035,2
2022-23,Lazio,Luis Alberto,Luis Alberto,1219,35
2022-23,Lazio,Patric,Patric,1204,18
2022-23,Lazio,Luis Maximiano,Luís Maximiano,9847,1
2022-23,Lazio,Felipe Anderson,Felipe Anderson,1208,38
2022-23,Lazio,Lazzari,Manuel Lazzari,6180,28
2022-23,Lazio,Cataldi,Danilo Cataldi,1206,29
2022-23,Lazio,Hysaj,Elseid Hysaj,1375,34
2022-23,Lazio,Vecino,Matías Vecino,1423,32
2022-23,Lazio,Provedel,Ivan Provedel,6982,38
2022-23,Lazio,Immobile,Ciro Immobile,1209,31
2022-23,Lazio,Zaccagni,Mattia Zaccagni,1958,35
2022-23,Lazio,Cancellieri,Matteo Cancellieri,9071,20
2022-23,Lazio,Basic,Toma Basic,6902,25
2022-23,Lazio,Marusic,Adam Marusic,6176,33
2022-23,Lazio,Romagnoli,Alessio Romagnoli,1119,34
2022-23,Lazio,Milinkovic-Savic,Sergej Milinkovic-Savic,1543,36
2022-23,Bologna,Barrow,Musa Barrow,6512,32
2022-23,Bologna,Skorupski,Lukasz Skorupski,1305,37
2022-23,Bologna,Kasius,Denso Kasius,10384,7
2022-23,Bologna,Sansone,Nicola Sansone,1826,18
2022-23,Bologna,Arnautovic,Marko Arnautovic,865,21
2022-23,Bologna,Lykogiannis,Charalampos Lykogiannis,6517,21
2022-23,Bologna,Medel,Gary Medel,1510,29
2022-23,Bologna,Cambiaso,Andrea Cambiaso,9841,32
2022-23,Bologna,Soumaoro,Adama Soumaoro,3356,23
2022-23,Bologna,Soriano,Roberto Soriano,1810,27
2022-23,Bologna,Vignato,Emanuel Vignato,4943,8
2022-23,Bologna,Schouten,Jerdy Schouten,7933,33
2022-23,Bologna,Aebischer,Michel Aebischer,10383,32
2022-23,Bologna,Bonifazi,Kevin Bonifazi,3951,13
2022-23,Bologna,Dominguez,Nicolás Domínguez,8252,31
2022-23,Bologna,De Silvestri,Lorenzo De Silvestri,1193,15
2022-23,Salernitana,Sambia,Junior Sambia,6239,22
2022-23,Salernitana,Botheim,Erik Botheim,10963,28
2022-23,Salernitana,Candreva,Antonio Candreva,1517,35
2022-23,Salernitana,Kastanos,Grigoris Kastanos,4951,28
2022-23,Salernitana,Gyomber,Norbert Gyömbér,1599,27
2022-23,Salernitana,Ribery,Franck Ribéry,329,1
2022-23,Salernitana,Mazzocchi,Pasquale Mazzocchi,9902,27
2022-23,Salernitana,Kristoffersen,Julian Kristoffersen,9868,1
2022-23,Salernitana,Sepe,Luigi Sepe,1392,17
2022-23,Salernitana,Bronn,Dylan Bronn,8244,24
2022-23,Salernitana,Fazio,Federico Fazio,1000,14
2022-23,Salernitana,Bonazzoli,Federico Bonazzoli,2019,24
2022-23,Salernitana,Vilhena,Tonny Vilhena,7648,33
2022-23,Salernitana,Coulibaly L.,Lassana Coulibaly,3334,35
2022-23,Salernitana,Valencia D.,Diego Valencia,10964,12
2022-23,Roma,Ibanez,Ibañez,7413,33
2022-23,Roma,Rui Patricio,Rui Patrício,6849,35
2022-23,Roma,Wijnaldum,Georginio Wijnaldum,771,14
2022-23,Roma,Zaniolo,Nicolo Zaniolo,6686,13
2022-23,Roma,Matic,Nemanja Matic,697,35
2022-23,Roma,Karsdorp,Rick Karsdorp,6362,13
2022-23,Roma,Mancini,Gianluca Mancini,6159,35
2022-23,Roma,Spinazzola,Leonardo Spinazzola,1500,26
2022-23,Roma,Cristante,Bryan Cristante,1168,36
2022-23,Roma,Smalling,Chris Smalling,628,32
2022-23,Roma,Dybala,Paulo Dybala,1294,25
2022-23,Roma,Abraham,Tammy Abraham,702,38
2022-23,Roma,Pellegrini Lo.,Lorenzo Pellegrini,1471,32
2022-23,Roma,El Shaarawy,Stephan El Shaarawy,1252,29
2022-23,Spezia,Nikolaou,Dimitris Nikolaou,7387,36
2022-23,Spezia,Dragowski,Bartlomiej Dragowski,1555,34
2022-23,Spezia,Reca,Arkadiusz Reca,7014,30
2022-23,Spezia,Bourabia,Mehdi Bourabia,7003,37
2022-23,Spezia,Verde,Daniele Verde,2044,25
2022-23,Spezia,Ekdal,Albin Ekdal,411,31
2022-23,Spezia,Strelec,David Strelec,10023,7
2022-23,Spezia,Ellertsson,Mikael Ellertsson,10957,11
2022-23,Spezia,Kiwior,Jakub Kiwior,10012,17
2022-23,Spezia,Caldara,Mattia Caldara,1486,20
2022-23,Spezia,Gyasi,Emmanuel Gyasi,8913,35
2022-23,Spezia,Nzola,M&#039;Bala Nzola,9018,31
2022-23,Spezia,Holm,Emil Holm,10956,20
2022-23,Spezia,Sala,Jacopo Sala,1221,6
2022-23,Spezia,Agudelo,Kevin Agudelo,8010,34
2022-23,Spezia,Bastoni S.,Simone Bastoni,8916,19
2022-23,Empoli,Fazzini,Jacopo Fazzini,10303,21
2022-23,Empoli,Vicario,Guglielmo Vicario,8858,31
2022-23,Empoli,Bandinelli,Filippo Bandinelli,9850,35
2022-23,Empoli,Ismajli,Ardian Ismajli,9090,25
2022-23,Empoli,Bajrami,Nedim Bajrami,9851,19
2022-23,Empoli,Parisi,Fabiano Parisi,9924,33
2022-23,Empoli,Marin,Razvan Marin,8856,33
2022-23,Empoli,Lammers,Sam Lammers,8870,14
2022-23,Empoli,Luperto,Sebastiano Luperto,1639,36
2022-23,Empoli,Stojanovic,Petar Stojanovic,9849,27
2022-23,Empoli,Satriano,Martín Satriano,9001,31
2022-23,Empoli,Destro,Mattia Destro,1580,17
2022-23,Empoli,Cambiaghi,Nicolò Cambiaghi,7576,28
2022-23,Empoli,Henderson L.,Liam Henderson,7925,25
2022-23,Verona,Tameze,Adrien Tameze,5996,37
2022-23,Verona,Piccoli,Roberto Piccoli,7375,7
2022-23,Verona,Dawidowicz,Pawel Dawidowicz,7923,23
2022-23,Verona,Barak,Antonin Barak,6208,1
2022-23,Verona,Henry,Thomas Henry,3751,16
2022-23,Verona,Faraoni,Marco Faraoni,3978,23
2022-23,Verona,Montipo',Lorenzo Montipò,8881,37
2022-23,Verona,Retsos,Panagiotis Retsos,6316,2
2022-23,Verona,Lazovic,Darko Lazovic,1106,30
2022-23,Verona,Amione,Bruno Amione,9041,1
2022-23,Verona,Hongla,Martin Hongla,5103,9
2022-23,Verona,Gunter,Koray Günter,7092,13
2022-23,Verona,Ilic,Ivan Ilic,8828,11
2022-23,Verona,Lasagna,Kevin Lasagna,1903,26
2022-23,Verona,Djuric,Milan Djuric,3856,28
2022-23,Napoli,Mario Rui,Mário Rui,1792,22
2022-23,Napoli,Elmas,Eljif Elmas,7912,36
2022-23,Napoli,Rrahmani,Amir Rrahmani,7924,29
2022-23,Napoli,Ounas,Adam Ounas,3259,2
2022-23,Napoli,Osimhen,Victor Osimhen,5322,32
2022-23,Napoli,Zielinski,Piotr Zielinski,1386,37
2022-23,Napoli,Politano,Matteo Politano,1473,27
2022-23,Napoli,Kvaratskhelia,Khvicha Kvaratskhelia,7453,34
2022-23,Napoli,Lozano,Hirving Lozano,7999,32
2022-23,Napoli,Meret,Alex Meret,1892,34
2022-23,Napoli,Zerbin,Alessio Zerbin,4911,10
2022-23,Napoli,Kim,Kim Min-Jae,10986,35
2022-23,Napoli,Lobotka,Stanislav Lobotka,6125,38
2022-23,Napoli,Olivera,Mathías Olivera,6368,30
2022-23,Napoli,Di Lorenzo,Giovanni Di Lorenzo,6978,37
2022-23,Juventus,Danilo,Danilo,2244,37
2022-23,Juventus,Alex Sandro,Alex Sandro,1289,25
2022-23,Juventus,Bremer,Bremer,6960,30
2022-23,Juventus,Rovella,Nicolo Rovella,7411,3
2022-23,Juventus,Vlahovic,Dusan Vlahovic,7084,27
2022-23,Juventus,Soule',Matìas Soulè Malvano,9965,13
2022-23,Juventus,Mckennie,Weston McKennie,5360,15
2022-23,Juventus,Cuadrado,Juan Cuadrado,1089,31
2022-23,Juventus,Kostic,Filip Kostic,64,37
2022-23,Juventus,Miretti,Fabio Miretti,9966,27
2022-23,Juventus,Locatelli,Manuel Locatelli,1122,32
2022-23,Juventus,Zakaria,Denis Zakaria,6147,2
2022-23,Juventus,Perin,Mattia Perin,1093,11
2022-23,Juventus,Bonucci,Leonardo Bonucci,1287,16
2022-23,Juventus,Di Maria,Ángel Di María,3553,26
2022-23,Juventus,De Sciglio,Mattia De Sciglio,1120,17
2022-23,Sassuolo,Rogerio,Rogerio,6312,36
2022-23,Sassuolo,Matheus Henrique,Matheus Henrique,9936,30
2022-23,Sassuolo,Raspadori,Giacomo Raspadori,7500,1
2022-23,Sassuolo,Pinamonti,Andrea Pinamonti,4895,32
2022-23,Sassuolo,Kyriakopoulos,Georgios Kyriakopoulos,8034,12
2022-23,Sassuolo,Defrel,Gregoire Defrel,1468,27
2022-23,Sassuolo,Toljan,Jeremy Toljan,257,31
2022-23,Sassuolo,Thorstvedt,Kristian Thorstvedt,10994,31
2022-23,Sassuolo,Berardi,Domenico Berardi,1612,26
2022-23,Sassuolo,Consigli,Andrea Consigli,1460,35
2022-23,Sassuolo,Harroui,Abdou Harroui,9996,23
2022-23,Sassuolo,Muldur,Mert Müldür,7950,2
2022-23,Sassuolo,Ayhan,Kaan Ayhan,347,10
2022-23,Sassuolo,Ceide,Emil Ceïde,10393,19
2022-23,Sassuolo,Frattesi,Davide Frattesi,4981,36
2022-23,Sassuolo,Ferrari G.,Gianmarco Ferrari,1354,33
2022-23,Torino,Buongiorno,Alessandro Buongiorno,5025,34
2022-23,Torino,Pellegri,Pietro Pellegri,4932,18
2022-23,Torino,Lukic,Sasa Lukic,1537,16
2022-23,Torino,Seck,Demba Seck,10396,19
2022-23,Lazio,Marcos Antonio,Marcos Antônio,10932,16
2022-23,Lazio,Pedro,Pedro,687,36
2022-23,Udinese,Udogie,Iyenoma Destiny Udogie,8831,33
2022-23,Udinese,Bijol,Jaka Bijol,6807,32
2022-23,Udinese,Arslan,Tolgay Arslan,4348,36
2022-23,Salernitana,Radovanovic,Ivan Radovanovic,1341,10
2022-23,Salernitana,Bradaric,Domagoj Bradaric,7755,31
2022-23,Salernitana,Maggiore,Giulio Maggiore,8944,16
2022-23,Salernitana,Dia,Boulaye Dia,7224,33
2022-23,Inter,Gagliardini,Roberto Gagliardini,1496,19
2022-23,Inter,Asllani,Kristjan Asllani,9854,20
2022-23,Spezia,Kovalenko,Viktor Kovalenko,9344,18
2022-23,Spezia,Hristov,Petko Hristov,6175,9
2022-23,Sassuolo,Erlic,Martin Erlic,2053,28
2022-23,Sassuolo,Lopez M.,Maxime Lopez,3772,30
2022-23,Lecce,Askildsen,Kristoffer Askildsen,8309,21
2022-23,Empoli,Haas,Nicolas Haas,6161,24
2022-23,Empoli,Grassi,Alberto Grassi,1504,25
2022-23,Empoli,De Winter,Koni de Winter,9964,14
2022-23,Fiorentina,Duncan,Alfred Duncan,1474,25
2022-23,Fiorentina,Ikone',Jonathan Ikone,5661,33
2022-23,Fiorentina,Terzic,Aleksa Terzic,7911,22
2022-23,Fiorentina,Cabral,Arthur Cabral,10377,28
2022-23,Monza,Antov,Valentin Antov,9337,9
2022-23,Monza,Colpani,Andrea Colpani,6718,27
2022-23,Monza,Ranocchia,Andrea Ranocchia,1522,1
2022-23,Monza,Molina S.,Salvatore Molina,3989,5
2022-23,Atalanta,Demiral,Merih Demiral,7416,28
2022-23,AC Milan,Florenzi,Alessandro Florenzi,1254,6
2022-23,AC Milan,Tonali,Sandro Tonali,7958,34
2022-23,Bologna,Orsolini,Riccardo Orsolini,6160,32
2022-23,Verona,Miguel Veloso,Miguel Veloso,1098,22
2022-23,Verona,Coppola D.,Diego Coppola,10169,19
2022-23,Verona,Terracciano F.,Filippo Terracciano,8512,20
2022-23,Roma,Celik,Mehmet Zeki Çelik,6872,24
2022-23,Roma,Zalewski,Nicola Zalewski,9036,33
2022-23,Cremonese,Baez,Jaime Báez,1970,2
2022-23,Cremonese,Tsadjout,Frank Tsadjout,6558,20
2022-23,Cremonese,Valeri,Emanuele Valeri,11027,37
2022-23,Cremonese,Lochoshvili,Luka Lochoshvili,11026,25
2022-23,Cremonese,Ciofani D.,Daniel Ciofani,1868,32
2022-23,Sampdoria,Villar,Gonzalo Villar,6750,15
2022-23,Sampdoria,Murru,Nicola Murru,1400,20
2022-23,Juventus,Kean,Moise Kean,1304,28
2022-23,Juventus,Rugani,Daniele Rugani,1301,9
2022-23,Juventus,Rabiot,Adrien Rabiot,3291,32
2022-23,Monza,Caldirola,Luca Caldirola,3,31
2022-23,Monza,Marrone,Luca Marrone,1643,2
2022-23,Monza,Pessina,Matteo Pessina,7013,35
2022-23,Udinese,Nestorovski,Ilija Nestorovski,1272,21
2022-23,Torino,Schuurs,Perr Schuurs,11008,30
2022-23,Torino,Vojvoda,Mergim Vojvoda,8819,29
2022-23,Juventus,Szczesny,Wojciech Szczesny,1244,28
2022-23,Juventus,Milik,Arkadiusz Milik,1583,27
2022-23,Roma,Kumbulla,Marash Kumbulla,6324,7
2022-23,Roma,Bove,Edoardo Bove,9518,22
2022-23,AC Milan,Adli,Yacine Adli,6762,6
2022-23,AC Milan,Gabbia,Matteo Gabbia,4920,12
2022-23,Bologna,Ferguson,Lewis Ferguson,11039,32
2022-23,Bologna,Lucumi',Jhon Lucumí,11038,33
2022-23,Verona,Ceccherini,Federico Ceccherini,1370,22
2022-23,Verona,Hien,Isak Hien,11053,32
2022-23,Verona,Cortinovis,Alessandro Cortinovis,10984,1
2022-23,Verona,Doig,Josh Doig,11023,22
2022-23,Atalanta,Boga,Jeremie Boga,3544,23
2022-23,Atalanta,Soppy,Brandon Soppy,8639,14
2022-23,Atalanta,Ederson D.s.,Éderson,10404,35
2022-23,Salernitana,Pirola,Lorenzo Pirola,8245,26
2022-23,Sampdoria,Yepes,Gerard Yepes,10059,5
2022-23,Sampdoria,Gabbiadini,Manolo Gabbiadini,1383,35
2022-23,Fiorentina,Igor,Igor Julio,7943,27
2022-23,Fiorentina,Barak,Antonin Barak,6208,30
2022-23,Napoli,Ndombele',Tanguy NDombele Alvaro,5962,30
2022-23,Napoli,Simeone,Giovanni Simeone,1102,25
2022-23,Napoli,Raspadori,Giacomo Raspadori,7500,25
2022-23,Lecce,Pongracic,Marin Pongracic,8303,9
2022-23,Empoli,Baldanzi,Tommaso Baldanzi,9951,26
2022-23,Empoli,Ebuehi,Tyronne Ebuehi,9877,26
2022-23,Sassuolo,Marchizza,Riccardo Marchizza,1601,10
2022-23,Sassuolo,Alvarez A.,Agustín Álvarez Martínez,10995,22
2022-23,AC Milan,Kjaer,Simon Kjaer,4699,17
2022-23,Inter,Bellanova,Raoul Bellanova,6412,18
2022-23,Inter,D'ambrosio,Danilo D&#039;Ambrosio,1523,15
2022-23,Cremonese,Castagnetti,Michele Castagnetti,11036,27
2022-23,Roma,Belotti,Andrea Belotti,1186,31
2022-23,Monza,Bondo,Warren Bondo,10898,4
2022-23,Verona,Kallon,Yayah Kallon,9550,22
2022-23,Lazio,Gila,Mario Gila,10577,4
2022-23,Udinese,Ehizibue,Kingsley Ehizibue,7785,27
2022-23,Fiorentina,Terracciano,Pietro Terracciano,6977,29
2022-23,Fiorentina,Venuti,Lorenzo Venuti,6191,17
2022-23,Juventus,Gatti,Federico Gatti,10993,18
2022-23,Spezia,Sanca,Leandro Sanca,11012,4
2022-23,Lecce,Tuia,Alessandro Tuia,8884,7
2022-23,Lecce,Pezzella Giu.,Giuseppe Pezzella,1281,16
2022-23,Atalanta,Ruggeri,Matteo Ruggeri,8872,15
2022-23,Atalanta,Zappacosta,Davide Zappacosta,1178,21
2022-23,Juventus,Fagioli,Nicolo Fagioli,7379,26
2022-23,Juventus,Paredes,Leandro Paredes,1248,25
2022-23,Sassuolo,Lauriente',Armand Lauriente,6697,28
2022-23,Bologna,Zirkzee,Joshua Zirkzee,8044,19
2022-23,Bologna,Moro N.,Nikola Moro,8626,26
2022-23,Verona,Depaoli,Fabio Depaoli,1624,31
2022-23,Sampdoria,Pussetto,Ignacio Pussetto,6997,5
2022-23,Roma,Shomurodov,Eldor Shomurodov,5954,6
2022-23,Roma,Camara Ma.,Mady Camara,11097,15
2022-23,Monza,Izzo,Armando Izzo,1096,30
2022-23,Monza,Rovella,Nicolo Rovella,7411,25
2022-23,Salernitana,Piatek,Krzysztof Piatek,7090,33
2022-23,Salernitana,Daniliuc,Flavius Daniliuc,8663,27
2022-23,Empoli,Pjaca,Marko Pjaca,1577,17
2022-23,Empoli,Ekong,Emmanuel Ekong,9856,2
2022-23,Empoli,Akpa Akpro,Jean-Daniel Akpa-Akpro,3209,24
2022-23,Lecce,Oudin,Remi Oudin,6884,31
2022-23,Lecce,Rodriguez P.,Pablo Rodríguez,10911,4
2022-23,Napoli,Juan Jesus,Juan Jesus,1247,15
2022-23,Napoli,Gaetano,Gianluca Gaetano,7507,8
2022-23,Spezia,Ampadu,Ethan Ampadu,6369,31
2022-23,Torino,Zima,David Zima,9982,9
2022-23,AC Milan,Vranckx,Aster Vranckx,9935,9
2022-23,Cremonese,Hendry,Jack Hendry,11117,4
2022-23,Cremonese,Meite',Soualiho Meité,3739,31
2022-23,Cremonese,Afena-Gyan,Felix Afena-Gyan,10077,23
2022-23,Bologna,Posch,Stefan Posch,5329,30
2022-23,Sassuolo,Ruan,Ruan,10232,23
2022-23,Lazio,Casale,Nicolò Casale,8829,29
2022-23,Verona,Cabal,Juan Cabal,11054,11
2022-23,Verona,Hrustic,Ajdin Hrustic,9023,6
2022-23,Empoli,Cacace,Liberato Cacace,10385,12
2022-23,Roma,Vina,Matias Viña,9892,3
2022-23,Sassuolo,D'andrea,Luca D&#039;Andrea,10996,5
2022-23,Inter,Acerbi,Francesco Acerbi,1463,31
2022-23,Cremonese,Milanese,Tommaso Milanese,9138,2
2022-23,Fiorentina,Ranieri L.,Luca Ranieri,6696,9
2022-23,Verona,Verdi,Simone Verdi,1445,24
2022-23,Atalanta,Sportiello,Marco Sportiello,1501,15
2022-23,AC Milan,Dest,Sergiño Dest,8979,8
2022-23,Torino,Karamoh,Yann Karamoh,5700,21
2022-23,AC Milan,Tatarusanu,Ciprian Tatarusanu,1416,16
2022-23,Spezia,Beck J.,Julius Beck,11040,1
2022-23,Sampdoria,Conti,Andrea Conti,1487,1
2022-23,Monza,Donati,Giulio Donati,193,8
2022-23,Sassuolo,Obiang,Pedro Obiang,542,17
2022-23,Sassuolo,Antiste,Janis Antiste,8311,2
2022-23,Salernitana,Lovato,Matteo Lovato,8522,17
2022-23,Bologna,Sosa,Joaquín Sosa,11021,10
2022-23,Inter,Onana,André Onana,10913,24
2022-23,Empoli,Walukiewicz,Sebastian Walukiewicz,8030,11
2022-23,Spezia,Maldini,Daniel Maldini,8163,18
2022-23,Verona,Sulemana I.,Sulemana,10985,16
2022-23,Lecce,Umtiti,Samuel Umtiti,3567,25
2022-23,Salernitana,Bohinen,Emil Bohinen,9425,24
2022-23,Cremonese,Carnesecchi,Marco Carnesecchi,8871,27
2022-23,Napoli,Demme,Diego Demme,5246,7
2022-23,Verona,Magnani,Giangiacomo Magnani,7002,24
2022-23,AC Milan,Thiaw,Malick Thiaw,8378,20
2022-23,Juventus,Iling Junior,Samuel Iling-Junior,10616,12
2022-23,Empoli,Degli Innocenti,Duccio Degli Innocenti,10615,1
2022-23,Sampdoria,Amione,Bruno Amione,9041,26
2022-23,Napoli,Zanoli,Alessandro Zanoli,9876,1
2022-23,Sampdoria,Montevago,Daniele Montevago,10425,6
2022-23,Roma,Volpato,Cristian Volpato,10084,7
2022-23,Udinese,Jajalo,Mato Jajalo,1273,3
2022-23,Lecce,Dermaku,Kastriot Dermaku,2043,1
2022-23,Monza,Vignato S.,Samuele Vignato,10897,5
2022-23,Lazio,Romero L.,Luka Romero,8429,6
2022-23,Juventus,Chiesa,Federico Chiesa,1433,21
2022-23,Spezia,Zoet,Jeroen Zoet,8908,5
2022-23,AC Milan,Lazetic,Marko Lazetic,10376,1
2022-23,Atalanta,Palomino,José Luis Palomino,4733,15
2022-23,Roma,Tahirovic,Benjamin Tahirovic,11178,11
2022-23,Salernitana,Ochoa,Guillermo Ochoa,2330,20
2022-23,Sampdoria,Lammers,Sam Lammers,8870,19
2022-23,Sampdoria,Nuytinck,Bram Nuytinck,6206,19
2022-23,Spezia,Zovko,Petar Zovko,9896,1
2022-23,Spezia,Moutinho J.,João Moutinho,11276,4
2022-23,Lecce,Maleh,Youssef Maleh,9893,17
2022-23,Bologna,Pyyhtia,Niklas Pyyhtia,10088,6
2022-23,Cremonese,Ferrari A.,Alex Ferrari,1454,16
2022-23,Fiorentina,Bianco,Alessandro Bianco,9322,7
2022-23,Fiorentina,Castrovilli,Gaetano Castrovilli,7909,15
2022-23,Empoli,Caputo,Francesco Caputo,6980,21
2022-23,Salernitana,Nicolussi Caviglia,Hans Nicolussi Caviglia,7483,12
2022-23,Sampdoria,Paoletti,Flavio Paoletti,11274,12
2022-23,Sampdoria,Zanoli,Alessandro Zanoli,9876,22
2022-23,Lecce,Voelkerling Persson,Joel Voelkerling Persson,10909,9
2022-23,Inter,Carboni V.,Valentín Carboni,11080,4
2022-23,Sassuolo,Pegolo,Gianluca Pegolo,1480,2
2022-23,Spezia,Ferrer,Salvador Ferrer,8914,5
2022-23,Spezia,Zurkowski,Szymon Zurkowski,7910,10
2022-23,Roma,Solbakken,Ola Solbakken,11289,14
2022-23,Sampdoria,Winks,Harry Winks,971,20
2022-23,Spezia,Esposito Sa.,Salvatore Esposito,6671,15
2022-23,Cremonese,Benassi,Marco Benassi,1183,15
2022-23,Spezia,Cipot,Tio Cipot,11327,7
2022-23,Salernitana,Crnigoj,Domen Crnigoj,9903,7
2022-23,Salernitana,Troost-Ekong,William Troost-Ekong,6996,9
2022-23,Torino,Bayeye,Brian Bayeye,10900,2
2022-23,Sampdoria,Malagrida,Lorenzo Malagrida,10882,6
2022-23,Verona,Duda,Ondrej Duda,5240,15
2022-23,Verona,Braaf,Jayden Braaf,9334,6
2022-23,Verona,Ngonge,Cyril Ngonge,11306,14
2022-23,Cremonese,Galdames,Pablo Galdames,10034,13
2022-23,Roma,Llorente D.,Diego Llorente,2163,9
2022-23,Empoli,Piccoli,Roberto Piccoli,7375,13
2022-23,Sassuolo,Zortea,Nadir Zortea,9866,10
2022-23,Sassuolo,Bajrami,Nedim Bajrami,9851,18
2022-23,Spezia,Wisniewski,Przemyslaw Wisniewski,11334,14
2022-23,Spezia,Shomurodov,Eldor Shomurodov,5954,15
2022-23,Spezia,Krollis,Raimonds Krollis,11326,4
2022-23,Torino,Vieira,Ronaldo Vieira,7097,2
2022-23,Udinese,Thauvin,Florian Thauvin,942,16
2022-23,Udinese,Pafundi,Simone Pafundi,10596,8
2022-23,Fiorentina,Brekalo,Josip Brekalo,5353,6
2022-23,Bologna,Kyriakopoulos,Georgios Kyriakopoulos,8034,12
2022-23,Verona,Gaich,Adolfo Gaich,8607,16
2022-23,Verona,Abildgaard,Oliver Abildgaard,8359,13
2022-23,Sampdoria,Cuisance,Michaël Cuisance,6148,12
2022-23,Torino,Gineitis,Gvidas Gineitis,11278,3
2022-23,Torino,Gravillon,Andrew Gravillon,4896,7
2022-23,Empoli,Vignato,Emanuel Vignato,4943,5
2022-23,Cremonese,Acella,Christian Acella,10941,1
2022-23,Sampdoria,Jese',Jesé,2256,11
2022-23,Bologna,Raimondo,Antonio Raimondo,9539,2
2022-23,Monza,Carboni F.,Franco Ezequiel Carboni,9057,3
2022-23,AC Milan,Bakayoko,Tiemoué Bakayoko,3429,3
2022-23,Atalanta,Vorlicky,Lukas Vorlicky,11220,3
2022-23,Lecce,Ceccaroni,Pietro Ceccaroni,9878,2
2022-23,Spezia,Marchetti,Federico Marchetti,1200,1
2022-23,Torino,Ilic,Ivan Ilic,8828,14
2022-23,Monza,Cragno,Alessio Cragno,3927,1
2022-23,AC Milan,Ibrahimovic,Zlatan Ibrahimovic,1741,4
2022-23,Verona,Zeefuik,Deyovaisio Zeefuik,8805,1
2022-23,Sampdoria,Ilkhan,Emirhan Ilkhan,10899,8
2022-23,Juventus,Pogba,Paul Pogba,1740,6
2022-23,Juventus,Barrenechea,Enzo Barrenechea,11140,3
2022-23,Napoli,Zedadka,Karim Zedadka,7508,3
2022-23,Empoli,Perisan,Samuele Perisan,1157,7
2022-23,Verona,Perilli,Simone Perilli,11022,1
2022-23,Sampdoria,Gunter,Koray Günter,7092,10
2022-23,Inter,Zanotti,Mattia Zanotti,10139,2
2022-23,Lecce,Romagnoli S.,Simone Romagnoli,1971,7
2022-23,Empoli,Nabian,Herculano Nabian,11329,1
2022-23,Napoli,Gollini,Pierluigi Gollini,1841,4
2022-23,Fiorentina,Sirigu,Salvatore Sirigu,3301,1
2022-23,Roma,Majchrzak,Jordan Majchrzak,11280,1
2022-23,Sampdoria,Turk,Martin Turk,9085,4
2022-23,Udinese,Zeegelaar,Marvin Zeegelaar,6303,7
2022-23,Lecce,Cassandro,Tommaso Cassandro,11308,1
2022-23,Bologna,Bardi,Francesco Bardi,1989,1
2022-23,Udinese,Abankwah,James Abankwah,10881,2
2022-23,Lazio,Pellegrini Lu.,Luca Pellegrini,4970,7
2022-23,Sampdoria,Ravaglia,Nicola Ravaglia,8860,9
2022-23,Sampdoria,Oikonomou,Marios Oikonomou,1453,6
2022-23,Juventus,Barbieri,Tommaso Barbieri,11139,3
2022-23,Empoli,Tonelli,Lorenzo Tonelli,1394,1
2022-23,Udinese,Vivaldo,Vivaldo Semedo,11096,4
2022-23,Fiorentina,Cerofolini,Michele Cerofolini,4956,5
2022-23,Roma,Missori,Filippo Missori,10076,3
2022-23,Roma,Pisilli,Niccolò Pisilli,11470,1
2022-23,Napoli,Bereszynski,Bartosz Bereszynski,4907,3
2022-23,Roma,Svilar,Mile Svilar,10967,3
2022-23,Sassuolo,Romagna,Filippo Romagna,2058,2
2022-23,Salernitana,Iervolino,Antonio Iervolino,10343,1
2022-23,Salernitana,Fiorillo,Vincenzo Fiorillo,1175,1
2022-23,Udinese,Buta,Leonardo Buta,11187,2
2022-23,Lazio,Radu,Stefan Radu,1542,1
2022-23,Cremonese,Sarr M.,Mouhamadou Sarr,1459,2
2022-23,Sassuolo,Russo A.,Alessandro Russo,7243,1
2022-23,Inter,Cordaz,Alex Cordaz,1351,1
2022-23,Empoli,Ujkani,Samir Ujkani,2022,1
2022-23,Lazio,Bertini,Marco Bertini,9559,1
2022-23,Sampdoria,Ntanda,Samuel Ntanda,11627,1
2022-23,Sampdoria,Segovia,Telasco Segovia,11052,1
2022-23,Sampdoria,Ivanovic M.,Mihailo Ivanovic,11398,1
2022-23,Atalanta,De Nipoti,Tommaso De Nipoti,10336,1
2022-23,Atalanta,Rossi F.,Francesco Rossi,4940,1
2022-23,AC Milan,Mirante,Antonio Mirante,1609,1
2022-23,Udinese,Cocetta,Nicolò Cocetta,10265,1
2022-23,Udinese,Guessand A.,Axel Guessand,10880,1
2023-24,Empoli,Caputo,Francesco Caputo,6980,20
2023-24,Empoli,Baldanzi,Tommaso Baldanzi,9951,14
2023-24,Empoli,Ismajli,Ardian Ismajli,9090,26
2023-24,Empoli,Grassi,Alberto Grassi,1504,27
2023-24,Empoli,Cacace,Liberato Cacace,10385,31
2023-24,Empoli,Marin,Razvan Marin,8856,30
2023-24,Empoli,Cancellieri,Matteo Cancellieri,9071,36
2023-24,Empoli,Caprile,Elia Caprile,7087,23
2023-24,Empoli,Gyasi,Emmanuel Gyasi,8913,33
2023-24,Empoli,Luperto,Sebastiano Luperto,1639,38
2023-24,Empoli,Ekong,Emmanuel Ekong,9856,1
2023-24,Empoli,Piccoli,Roberto Piccoli,7375,2
2023-24,Empoli,Ebuehi,Tyronne Ebuehi,9877,15
2023-24,Empoli,Shpendi S.,Steven Shpendi,11875,12
2023-24,Empoli,Pezzella Giu.,Giuseppe Pezzella,1281,19
2023-24,Empoli,Henderson L.,Liam Henderson,7925,1
2023-24,Verona,Dawidowicz,Pawel Dawidowicz,7923,28
2023-24,Verona,Saponara,Riccardo Saponara,1313,12
2023-24,Verona,Mboula,Jordi Mboula,6396,11
2023-24,Verona,Duda,Ondrej Duda,5240,32
2023-24,Verona,Magnani,Giangiacomo Magnani,7002,33
2023-24,Verona,Ngonge,Cyril Ngonge,11306,19
2023-24,Verona,Montipo',Lorenzo Montipò,8881,37
2023-24,Verona,Hongla,Martin Hongla,5103,15
2023-24,Verona,Amione,Bruno Amione,9041,10
2023-24,Verona,Djuric,Milan Djuric,3856,20
2023-24,Verona,Doig,Josh Doig,11023,12
2023-24,Verona,Bonazzoli,Federico Bonazzoli,2019,24
2023-24,Verona,Cabal,Juan Cabal,11054,22
2023-24,Verona,Folorunsho,Michael Folorunsho,11877,34
2023-24,Verona,Coppola D.,Diego Coppola,10169,24
2023-24,Verona,Terracciano F.,Filippo Terracciano,8512,18
2023-24,Frosinone,Marchizza,Riccardo Marchizza,1601,13
2023-24,Frosinone,Gelli,Francesco Gelli,11880,27
2023-24,Frosinone,Baez,Jaime Báez,1970,11
2023-24,Frosinone,Caso,Giuseppe Caso,9046,14
2023-24,Frosinone,Mazzitelli,Luca Mazzitelli,1477,29
2023-24,Frosinone,Cuni,Marvin Çuni,11881,22
2023-24,Frosinone,Canotto,Luigi Canotto,11884,1
2023-24,Frosinone,Turati,Stefano Turati,8101,31
2023-24,Frosinone,Kvernadze,Giorgi Kvernadze,11882,5
2023-24,Frosinone,Borrelli,Gennaro Borrelli,11883,1
2023-24,Frosinone,Harroui,Abdou Harroui,9996,18
2023-24,Frosinone,Monterisi,Ilario Monterisi,8197,24
2023-24,Frosinone,Brescianini,Marco Brescianini,7284,36
2023-24,Frosinone,Barrenechea,Enzo Barrenechea,11140,36
2023-24,Frosinone,Oyono,Anthony Oyono,11879,16
2023-24,Frosinone,Romagnoli S.,Simone Romagnoli,1971,33
2023-24,Napoli,Juan Jesus,Juan Jesus,1247,24
2023-24,Napoli,Mario Rui,Mário Rui,1792,21
2023-24,Napoli,Elmas,Eljif Elmas,7912,11
2023-24,Napoli,Rrahmani,Amir Rrahmani,7924,30
2023-24,Napoli,Raspadori,Giacomo Raspadori,7500,37
2023-24,Napoli,Simeone,Giovanni Simeone,1102,28
2023-24,Napoli,Cajuste,Jens Cajuste,10301,26
2023-24,Napoli,Zielinski,Piotr Zielinski,1386,28
2023-24,Napoli,Politano,Matteo Politano,1473,37
2023-24,Napoli,Osimhen,Victor Osimhen,5322,25
2023-24,Napoli,Meret,Alex Meret,1892,31
2023-24,Napoli,Lobotka,Stanislav Lobotka,6125,38
2023-24,Napoli,Olivera,Mathías Olivera,6368,23
2023-24,Napoli,Di Lorenzo,Giovanni Di Lorenzo,6978,36
2023-24,Genoa,Frendrup,Morten Frendrup,10365,37
2023-24,Genoa,Hefti,Silvan Hefti,10236,6
2023-24,Genoa,Retegui,Mateo Retegui,11898,29
2023-24,Genoa,Dragusin,Radu Dragusin,9105,19
2023-24,Genoa,Thorsby,Morten Thorsby,7939,24
2023-24,Genoa,Martin,Aarón Martín,5133,22
2023-24,Genoa,Vasquez,Johan Vásquez,9985,37
2023-24,Genoa,Jagiello,Filip Jagiello,7936,2
2023-24,Genoa,Ekuban,Caleb Ekuban,9843,29
2023-24,Genoa,Bani,Mattia Bani,6212,27
2023-24,Genoa,Biraschi,Davide Biraschi,1114,1
2023-24,Genoa,Badelj,Milan Badelj,1430,33
2023-24,Genoa,Martinez Jo.,Josep Martínez,9052,36
2023-24,Genoa,Gudmundsson A.,Albert Gudmundsson,10366,35
2023-24,Fiorentina,Dodo',Dodô,10935,9
2023-24,Fiorentina,Biraghi,Cristiano Biraghi,1164,29
2023-24,Fiorentina,Duncan,Alfred Duncan,1474,30
2023-24,Fiorentina,Kayode,Michael Kayode,11281,26
2023-24,Fiorentina,Infantino,Gino Infantino,11899,6
2023-24,Fiorentina,Terracciano,Pietro Terracciano,6977,33
2023-24,Fiorentina,Milenkovic,Nikola Milenkovic,6174,34
2023-24,Fiorentina,Sottil,Riccardo Sottil,6672,22
2023-24,Fiorentina,Bonaventura,Giacomo Bonaventura,1121,31
2023-24,Fiorentina,Brekalo,Josip Brekalo,5353,11
2023-24,Fiorentina,Nzola,M&#039;Bala Nzola,9018,33
2023-24,Fiorentina,Mandragora,Rolando Mandragora,3821,33
2023-24,Fiorentina,Beltran L.,Lucas Beltrán,11900,32
2023-24,Fiorentina,Ranieri L.,Luca Ranieri,6696,26
2023-24,Fiorentina,Gonzalez N.,Nicolás González,7074,29
2023-24,Fiorentina,Arthur Melo,Arthur,6942,33
2023-24,Inter,Carlos Augusto,Carlos Augusto,10891,37
2023-24,Inter,Mkhitaryan,Henrikh Mkhitaryan,317,36
2023-24,Inter,Arnautovic,Marko Arnautovic,865,27
2023-24,Inter,Cuadrado,Juan Cuadrado,1089,10
2023-24,Inter,Barella,Nicolò Barella,1409,37
2023-24,Inter,Dimarco,Federico Dimarco,1324,30
2023-24,Inter,Darmian,Matteo Darmian,557,33
2023-24,Inter,Calhanoglu,Hakan Calhanoglu,189,32
2023-24,Inter,Bastoni,Alessandro Bastoni,4939,28
2023-24,Inter,Sommer,Yann Sommer,199,34
2023-24,Inter,Bisseck,Yann Bisseck,6414,16
2023-24,Inter,Thuram,Marcus Thuram,5992,35
2023-24,Inter,Dumfries,Denzel Dumfries,9840,31
2023-24,Inter,Frattesi,Davide Frattesi,4981,32
2023-24,Inter,Martinez L.,Lautaro Martínez,7006,33
2023-24,Inter,De Vrij,Stefan de Vrij,1541,25
2023-24,Monza,Caldirola,Luca Caldirola,3,29
2023-24,Monza,Mari',Pablo Marí,8380,34
2023-24,Monza,Birindelli,Samuele Birindelli,10892,35
2023-24,Monza,Kyriakopoulos,Georgios Kyriakopoulos,8034,28
2023-24,Monza,Maric,Mirko Maric,11498,10
2023-24,Monza,Ciurria,Patrick Ciurria,10894,22
2023-24,Monza,Colpani,Andrea Colpani,6718,38
2023-24,Monza,Mota,Dany Mota,10895,34
2023-24,Monza,Pessina,Matteo Pessina,7013,37
2023-24,Monza,Caprari,Gianluca Caprari,1170,6
2023-24,Monza,Gagliardini,Roberto Gagliardini,1496,33
2023-24,Monza,D'Ambrosio,Danilo D&#039;Ambrosio,1523,24
2023-24,Monza,Di Gregorio,Michele Di Gregorio,10890,33
2023-24,Monza,Pereira P.,Pedro Pereira,1241,23
2023-24,Monza,Carboni V.,Valentín Carboni,11080,31
2023-24,Roma,Renato Sanches,Renato Sanches,5228,7
2023-24,Roma,Rui Patricio,Rui Patrício,6849,23
2023-24,Roma,Zalewski,Nicola Zalewski,9036,22
2023-24,Roma,Paredes,Leandro Paredes,1248,34
2023-24,Roma,Kristensen,Rasmus Kristensen,10750,29
2023-24,Roma,Bove,Edoardo Bove,9518,31
2023-24,Roma,Karsdorp,Rick Karsdorp,6362,18
2023-24,Roma,Mancini,Gianluca Mancini,6159,36
2023-24,Roma,Spinazzola,Leonardo Spinazzola,1500,24
2023-24,Roma,Cristante,Bryan Cristante,1168,37
2023-24,Roma,Pagano,Riccardo Pagano,11610,4
2023-24,Roma,Belotti,Andrea Belotti,1186,14
2023-24,Roma,Smalling,Chris Smalling,628,8
2023-24,Roma,Aouar,Houssem Aouar,5733,16
2023-24,Roma,El Shaarawy,Stephan El Shaarawy,1252,33
2023-24,Roma,Llorente D.,Diego Llorente,2163,29
2023-24,Salernitana,Sambia,Junior Sambia,6239,18
2023-24,Salernitana,Botheim,Erik Botheim,10963,7
2023-24,Salernitana,Candreva,Antonio Candreva,1517,34
2023-24,Salernitana,Gyomber,Norbert Gyömbér,1599,22
2023-24,Salernitana,Bradaric,Domagoj Bradaric,7755,34
2023-24,Salernitana,Ochoa,Guillermo Ochoa,2330,21
2023-24,Salernitana,Mazzocchi,Pasquale Mazzocchi,9902,18
2023-24,Salernitana,Maggiore,Giulio Maggiore,8944,27
2023-24,Salernitana,Legowski,Mateusz Legowski,11932,29
2023-24,Salernitana,Lovato,Matteo Lovato,8522,13
2023-24,Salernitana,Kastanos,Grigoris Kastanos,4951,26
2023-24,Salernitana,Fazio,Federico Fazio,1000,17
2023-24,Salernitana,Dia,Boulaye Dia,7224,17
2023-24,Salernitana,Coulibaly L.,Lassana Coulibaly,3334,28
2023-24,Salernitana,Coulibaly M.,Mamadou Coulibaly,4903,1
2023-24,Sassuolo,Matheus Henrique,Matheus Henrique,9936,31
2023-24,Sassuolo,Pinamonti,Andrea Pinamonti,4895,38
2023-24,Sassuolo,Lauriente',Armand Lauriente,6697,37
2023-24,Sassuolo,Missori,Filippo Missori,10076,8
2023-24,Sassuolo,Vina,Matias Viña,9892,15
2023-24,Sassuolo,Viti,Mattia Viti,9855,15
2023-24,Sassuolo,Toljan,Jeremy Toljan,257,25
2023-24,Sassuolo,Bajrami,Nedim Bajrami,9851,28
2023-24,Sassuolo,Thorstvedt,Kristian Thorstvedt,10994,34
2023-24,Sassuolo,Defrel,Gregoire Defrel,1468,20
2023-24,Sassuolo,Consigli,Andrea Consigli,1460,35
2023-24,Sassuolo,Volpato,Cristian Volpato,10084,22
2023-24,Sassuolo,Erlic,Martin Erlic,2053,32
2023-24,Sassuolo,Mulattieri,Samuele Mulattieri,11927,27
2023-24,Sassuolo,Lopez M.,Maxime Lopez,3772,2
2023-24,Sassuolo,Miranda K.,Kevin Miranda,11928,1
2023-24,Atalanta,Lookman,Ademola Lookman,5556,31
2023-24,Atalanta,Zortea,Nadir Zortea,9866,5
2023-24,Atalanta,Pasalic,Mario Pasalic,1134,34
2023-24,Atalanta,Ruggeri,Matteo Ruggeri,8872,34
2023-24,Atalanta,Kolasinac,Sead Kolasinac,342,30
2023-24,Atalanta,Zappacosta,Davide Zappacosta,1178,31
2023-24,Atalanta,Scamacca,Gianluca Scamacca,6253,29
2023-24,Atalanta,Musso,Juan Musso,7095,11
2023-24,Atalanta,Scalvini,Giorgio Scalvini,9107,33
2023-24,Atalanta,Koopmeiners,Teun Koopmeiners,9969,34
2023-24,Atalanta,Adopo,Ndary Adopo,6706,10
2023-24,Atalanta,De Ketelaere,Charles De Ketelaere,10877,35
2023-24,Atalanta,Zapata D.,Duván Zapata,1148,2
2023-24,Atalanta,De Roon,Marten de Roon,1710,30
2023-24,Atalanta,Ederson D.s.,Éderson,10404,36
2023-24,Lecce,Blin,Alexis Blin,3207,31
2023-24,Lecce,Kaba,Mohamed Kaba,11946,23
2023-24,Lecce,Falcone,Wladimiro Falcone,4984,38
2023-24,Lecce,Banda,Lameck Banda,7628,21
2023-24,Lecce,Almqvist,Pontus Almqvist,9061,30
2023-24,Lecce,Gallo,Antonino Gallo,8009,35
2023-24,Lecce,Ramadani,Ylber Ramadani,11945,34
2023-24,Lecce,Baschirotto,Federico Baschirotto,10902,37
2023-24,Lecce,Dorgu,Patrick Dorgu,11944,32
2023-24,Lecce,Burnete,Rares Burnete,11947,1
2023-24,Lecce,Strefezza,Gabriel Strefezza,7944,19
2023-24,Lecce,Rafia,Hamza Rafia,9010,28
2023-24,Lecce,Pongracic,Marin Pongracic,8303,36
2023-24,Lecce,Gendrey,Valentin Gendrey,7742,37
2023-24,Lecce,Gonzalez J.,Joan Gonzàlez,10904,29
2023-24,Lecce,Di Francesco F.,Federico Di Francesco,1449,2
2023-24,Lazio,Luis Alberto,Luis Alberto,1219,33
2023-24,Lazio,Patric,Patric,1204,20
2023-24,Lazio,Pedro,Pedro,687,33
2023-24,Lazio,Felipe Anderson,Felipe Anderson,1208,38
2023-24,Lazio,Castellanos,Valentín Castellanos,10948,35
2023-24,Lazio,Lazzari,Manuel Lazzari,6180,24
2023-24,Lazio,Cataldi,Danilo Cataldi,1206,28
2023-24,Lazio,Kamada,Daichi Kamada,6145,29
2023-24,Lazio,Vecino,Matías Vecino,1423,31
2023-24,Lazio,Provedel,Ivan Provedel,6982,30
2023-24,Lazio,Immobile,Ciro Immobile,1209,31
2023-24,Lazio,Zaccagni,Mattia Zaccagni,1958,28
2023-24,Lazio,Marusic,Adam Marusic,6176,37
2023-24,Lazio,Isaksen,Gustav Isaksen,11951,28
2023-24,Lazio,Romagnoli,Alessio Romagnoli,1119,29
2023-24,Lazio,Pellegrini Lu.,Luca Pellegrini,4970,19
2023-24,Udinese,Beto,Beto,9983,1
2023-24,Udinese,Walace,Walace,5226,37
2023-24,Udinese,Lovric,Sandi Lovric,10878,29
2023-24,Udinese,Zarraga,Oier Zarraga,8728,15
2023-24,Udinese,Kabasele,Christian Kabasele,1725,13
2023-24,Udinese,Samardzic,Lazar Samardzic,8341,34
2023-24,Udinese,Bijol,Jaka Bijol,6807,24
2023-24,Udinese,Silvestri,Marco Silvestri,6132,17
2023-24,Udinese,Lucca,Lorenzo Lucca,11936,37
2023-24,Udinese,Ebosele,Festy Ebosele,10879,31
2023-24,Udinese,Thauvin,Florian Thauvin,942,29
2023-24,Udinese,Zemura,Jordan Zemura,10740,27
2023-24,Udinese,Success,Isaac Success,1724,27
2023-24,Udinese,Ferreira J.,João Ferreira,11937,35
2023-24,Udinese,Kamara H.,Hassane Kamara,3729,35
2023-24,Udinese,Perez N.,Nehuén Pérez,7516,36
2023-24,Juventus,Danilo,Danilo,2244,29
2023-24,Juventus,Alex Sandro,Alex Sandro,1289,16
2023-24,Juventus,Bremer,Bremer,6960,36
2023-24,Juventus,Fagioli,Nicolo Fagioli,7379,8
2023-24,Juventus,Vlahovic,Dusan Vlahovic,7084,33
2023-24,Juventus,Weah,Timothy Weah,6601,30
2023-24,Juventus,Mckennie,Weston McKennie,5360,34
2023-24,Juventus,Miretti,Fabio Miretti,9966,25
2023-24,Juventus,Locatelli,Manuel Locatelli,1122,36
2023-24,Juventus,Yildiz,Kenan Yildiz,11942,27
2023-24,Juventus,Cambiaso,Andrea Cambiaso,9841,34
2023-24,Juventus,Szczesny,Wojciech Szczesny,1244,35
2023-24,Juventus,Milik,Arkadiusz Milik,1583,32
2023-24,Juventus,Chiesa,Federico Chiesa,1433,33
2023-24,Juventus,Rabiot,Adrien Rabiot,3291,31
2023-24,Juventus,Iling Junior,Samuel Iling-Junior,10616,24
2023-24,Torino,Bellanova,Raoul Bellanova,6412,37
2023-24,Torino,Karamoh,Yann Karamoh,5700,10
2023-24,Torino,Verdi,Simone Verdi,1445,1
2023-24,Torino,Vlasic,Nikola Vlasic,6276,33
2023-24,Torino,Buongiorno,Alessandro Buongiorno,5025,29
2023-24,Torino,Schuurs,Perr Schuurs,11008,9
2023-24,Torino,Radonjic,Nemanja Radonjic,7160,10
2023-24,Torino,Sanabria,Antonio Sanabria,2217,35
2023-24,Torino,Linetty,Karol Linetty,1226,28
2023-24,Torino,Pellegri,Pietro Pellegri,4932,24
2023-24,Torino,Ilic,Ivan Ilic,8828,31
2023-24,Torino,Vojvoda,Mergim Vojvoda,8819,28
2023-24,Torino,Zima,David Zima,9982,5
2023-24,Torino,Milinkovic-Savic V.,Vanja Milinkovic-Savic,6167,36
2023-24,Torino,Ricci S.,Samuele Ricci,7530,32
2023-24,Torino,Rodriguez R.,Ricardo Rodríguez,308,35
2023-24,Cagliari,Goldaniga,Edoardo Goldaniga,1264,13
2023-24,Cagliari,Shomurodov,Eldor Shomurodov,5954,22
2023-24,Cagliari,Jankto,Jakub Jankto,1146,18
2023-24,Cagliari,Deiola,Alessandro Deiola,1634,27
2023-24,Cagliari,Nandez,Nahitan Nández,7953,33
2023-24,Cagliari,Makoumbou,Antoine Makoumbou,11957,32
2023-24,Cagliari,Oristanio,Gaetano Oristanio,11958,25
2023-24,Cagliari,Radunovic,Boris Radunovic,1926,7
2023-24,Cagliari,Zappa,Gabriele Zappa,8857,38
2023-24,Cagliari,Azzi,Paulo Azzi,11956,25
2023-24,Cagliari,Pavoletti,Leonardo Pavoletti,1104,19
2023-24,Cagliari,Obert,Adam Obert,10073,17
2023-24,Cagliari,Dossena,Alberto Dossena,11955,35
2023-24,Cagliari,Di Pardo,Alessandro Di Pardo,9134,15
2023-24,Cagliari,Sulemana I.,Sulemana,10985,21
2023-24,Bologna,Ferguson,Lewis Ferguson,11039,31
2023-24,Bologna,Beukema,Sam Beukema,11961,30
2023-24,Bologna,Skorupski,Lukasz Skorupski,1305,32
2023-24,Bologna,Posch,Stefan Posch,5329,31
2023-24,Bologna,Corazza,Tommaso Corazza,11963,9
2023-24,Bologna,Urbanski,Kacper Urbanski,9503,22
2023-24,Bologna,Ndoye,Dan Ndoye,8662,32
2023-24,Bologna,Orsolini,Riccardo Orsolini,6160,33
2023-24,Bologna,Lykogiannis,Charalampos Lykogiannis,6517,22
2023-24,Bologna,Aebischer,Michel Aebischer,10383,36
2023-24,Bologna,Zirkzee,Joshua Zirkzee,8044,34
2023-24,Bologna,Dominguez,Nicolás Domínguez,8252,2
2023-24,Bologna,Lucumi',Jhon Lucumí,11038,29
2023-24,Bologna,El Azzouzi,Oussama El Azzouzi,11962,18
2023-24,Bologna,Van Hooijdonk,Sydney van Hooijdonk,9862,9
2023-24,Bologna,Moro N.,Nikola Moro,8626,23
2023-24,AC Milan,Rafael Leao,Rafael Leão,7193,34
2023-24,AC Milan,Giroud,Olivier Giroud,502,35
2023-24,AC Milan,Reijnders,Tijjani Reijnders,11965,36
2023-24,AC Milan,Krunic,Rade Krunic,1311,10
2023-24,AC Milan,Calabria,Davide Calabria,1574,29
2023-24,AC Milan,Maignan,Mike Maignan,3737,29
2023-24,AC Milan,Thiaw,Malick Thiaw,8378,21
2023-24,AC Milan,Pobega,Tommaso Pobega,8912,11
2023-24,AC Milan,Okafor,Noah Okafor,11966,28
2023-24,AC Milan,Tomori,Fikayo Tomori,703,26
2023-24,AC Milan,Pulisic,Christian Pulisic,2662,36
2023-24,AC Milan,Kalulu,Pierre Kalulu Kyatengwa,8313,9
2023-24,AC Milan,Chukwueze,Samuel Chukwueze,7208,24
2023-24,AC Milan,Kjaer,Simon Kjaer,4699,20
2023-24,AC Milan,Hernandez T.,Theo Hernández,2547,32
2023-24,AC Milan,Loftus-Cheek,Ruben Loftus-Cheek,688,29
2023-24,Frosinone,Cerofolini,Michele Cerofolini,4956,8
2023-24,Frosinone,Cheddira,Walid Cheddira,11989,36
2023-24,Frosinone,Garritano,Luca Garritano,4010,12
2023-24,Frosinone,Szyminski,Przemyslaw Szyminski,11887,1
2023-24,Atalanta,Muriel,Luis Muriel,1229,18
2023-24,Atalanta,Bakker,Mitchel Bakker,8310,14
2023-24,Monza,Izzo,Armando Izzo,1096,23
2023-24,Monza,Vignato S.,Samuele Vignato,10897,10
2023-24,Empoli,Haas,Nicolas Haas,6161,1
2023-24,Empoli,Perisan,Samuele Perisan,1157,1
2023-24,Empoli,Fazzini,Jacopo Fazzini,10303,31
2023-24,Empoli,Cambiaghi,Nicolò Cambiaghi,7576,37
2023-24,Verona,Hien,Isak Hien,11053,10
2023-24,Verona,Faraoni,Marco Faraoni,3978,11
2023-24,Verona,Serdar,Suat Serdar,307,25
2023-24,Roma,Solbakken,Ola Solbakken,11289,1
2023-24,Roma,Dybala,Paulo Dybala,1294,28
2023-24,Roma,Pellegrini Lo.,Lorenzo Pellegrini,1471,29
2023-24,AC Milan,Florenzi,Alessandro Florenzi,1254,31
2023-24,AC Milan,Musah,Yunus Musah,8771,30
2023-24,Torino,Lazaro,Valentino Lazaro,6352,35
2023-24,Fiorentina,Parisi,Fabiano Parisi,9924,21
2023-24,Fiorentina,Kouame',Christian Kouamé,7091,23
2023-24,Fiorentina,Martinez Quarta,Lucas Martínez Quarta,9019,29
2023-24,Fiorentina,Christensen O.,Oliver Christensen,9992,4
2023-24,Lecce,Krstovic,Nikola Krstovic,12008,35
2023-24,Juventus,Pogba,Paul Pogba,1740,2
2023-24,Juventus,Perin,Mattia Perin,1093,3
2023-24,Bologna,Karlsson,Jesper Karlsson,12006,7
2023-24,Bologna,Fabbian,Giovanni Fabbian,11964,27
2023-24,Lazio,Casale,Nicolò Casale,8829,20
2023-24,Genoa,Strootman,Kevin Strootman,1256,27
2023-24,Genoa,Sabelli,Stefano Sabelli,1898,32
2023-24,Napoli,Kvaratskhelia,Khvicha Kvaratskhelia,7453,34
2023-24,Sassuolo,Boloca,Daniel Boloca,11930,30
2023-24,Sassuolo,Racic,Uros Racic,7330,22
2023-24,Sassuolo,Ceide,Emil Ceïde,10393,11
2023-24,Sassuolo,Pedersen,Marcus Pedersen,12012,28
2023-24,Salernitana,Ikwuemesi,Chukwubuikem Ikwuemesi,12016,25
2023-24,Salernitana,Pirola,Lorenzo Pirola,8245,27
2023-24,Salernitana,Martegani,Agustín Martegani,12017,18
2023-24,Salernitana,Jovane,Jovane Cabral,10378,12
2023-24,Salernitana,Bohinen,Emil Bohinen,9425,12
2023-24,Udinese,Quina,Domingos Quina,5573,2
2023-24,Cagliari,Augello,Tommaso Augello,7938,32
2023-24,Inter,Sensi,Stefano Sensi,1465,4
2023-24,Sassuolo,Berardi,Domenico Berardi,1612,17
2023-24,Roma,Celik,Mehmet Zeki Çelik,6872,17
2023-24,Roma,Lukaku,Romelu Lukaku,594,32
2023-24,Bologna,Kristiansen,Victor Kristiansen,11367,32
2023-24,Bologna,De Silvestri,Lorenzo De Silvestri,1193,15
2023-24,Cagliari,Wieteska,Mateusz Wieteska,10781,19
2023-24,Cagliari,Petagna,Andrea Petagna,1493,18
2023-24,Udinese,Vivaldo,Vivaldo Semedo,11096,1
2023-24,Frosinone,Soule',Matìas Soulè Malvano,9965,36
2023-24,Atalanta,Palomino,José Luis Palomino,4733,4
2023-24,Atalanta,Holm,Emil Holm,10956,22
2023-24,Monza,Colombo,Lorenzo Colombo,8478,25
2023-24,Monza,Bondo,Warren Bondo,10898,25
2023-24,Monza,Carboni A.,Andrea Carboni,8232,21
2023-24,Napoli,Lindstrom,Jesper Lindstrom,9752,22
2023-24,Lazio,Hysaj,Elseid Hysaj,1375,22
2023-24,Lazio,Guendouzi,Matteo Guendouzi,5759,33
2023-24,Inter,Asllani,Kristjan Asllani,9854,23
2023-24,Fiorentina,Amatucci,Lorenzo Amatucci,11282,2
2023-24,Torino,Tameze,Adrien Tameze,5996,29
2023-24,Torino,Seck,Demba Seck,10396,9
2023-24,Torino,Zapata D.,Duván Zapata,1148,35
2023-24,Genoa,Kutlu,Berkan Kutlu,12055,6
2023-24,Empoli,Berisha,Etrit Berisha,1483,14
2023-24,Empoli,Walukiewicz,Sebastian Walukiewicz,8030,27
2023-24,Empoli,Kovalenko,Viktor Kovalenko,9344,17
2023-24,Empoli,Maleh,Youssef Maleh,9893,34
2023-24,Empoli,Bereszynski,Bartosz Bereszynski,4907,24
2023-24,Empoli,Destro,Mattia Destro,1580,15
2023-24,Juventus,Kostic,Filip Kostic,64,29
2023-24,Juventus,Gatti,Federico Gatti,10993,32
2023-24,Juventus,Kean,Moise Kean,1304,19
2023-24,Lecce,Piccoli,Roberto Piccoli,7375,35
2023-24,Salernitana,Tchaouna,Loum Tchaouna,9977,33
2023-24,Lazio,Rovella,Nicolo Rovella,7411,23
2023-24,Inter,Acerbi,Francesco Acerbi,1463,29
2023-24,AC Milan,Jovic,Luka Jovic,6228,23
2023-24,Genoa,De Winter,Koni de Winter,9964,29
2023-24,Napoli,Zerbin,Alessio Zerbin,4911,7
2023-24,Cagliari,Hatzidiakos,Pantelis Hatzidiakos,12083,13
2023-24,Cagliari,Prati,Matteo Prati,11959,26
2023-24,Udinese,Ebosse,Enzo Ebosse,8632,1
2023-24,Udinese,Payero,Martín Payero,12084,29
2023-24,Udinese,Pereyra,Roberto Pereyra,1723,27
2023-24,Udinese,Guessand A.,Axel Guessand,10880,1
2023-24,Frosinone,Okoli,Caleb Okoli,7333,34
2023-24,Frosinone,Lirola,Pol Lirola,1461,25
2023-24,Sassuolo,Cragno,Alessio Cragno,3927,3
2023-24,Sassuolo,Castillejo,Samu Castillejo,2303,17
2023-24,Monza,Sorrentino A.,Alessandro Sorrentino,10896,7
2023-24,Lecce,Touba,Ahmed Touba,12061,6
2023-24,Fiorentina,Barak,Antonin Barak,6208,21
2023-24,Atalanta,Toloi,Rafael Toloi,1484,18
2023-24,Atalanta,Carnesecchi,Marco Carnesecchi,8871,27
2023-24,Atalanta,Miranchuk,Aleksey Miranchuk,2711,27
2023-24,Roma,Azmoun,Sardar Azmoun,2774,23
2023-24,Empoli,Bastoni S.,Simone Bastoni,8916,16
2023-24,Torino,Gineitis,Gvidas Gineitis,11278,14
2023-24,Torino,Soppy,Brandon Soppy,8639,5
2023-24,Verona,Lazovic,Darko Lazovic,1106,32
2023-24,Verona,Suslov,Tomás Suslov,12095,32
2023-24,Bologna,Calafiori,Riccardo Calafiori,8129,30
2023-24,Bologna,Freuler,Remo Freuler,1488,32
2023-24,Salernitana,Daniliuc,Flavius Daniliuc,8663,14
2023-24,Frosinone,Bourabia,Mehdi Bourabia,7003,10
2023-24,Lecce,Oudin,Remi Oudin,6884,31
2023-24,Lecce,Sansone,Nicola Sansone,1826,25
2023-24,Genoa,Puscas,George Puscas,3872,8
2023-24,AC Milan,Sportiello,Marco Sportiello,1501,7
2023-24,AC Milan,Bartesaghi,Davide Bartesaghi,11967,6
2023-24,Sassuolo,Ferrari G.,Gianmarco Ferrari,1354,31
2023-24,Monza,Akpa Akpro,Jean-Daniel Akpa-Akpro,3209,19
2023-24,Empoli,Ranocchia F.,Filippo Ranocchia,9263,9
2023-24,Inter,Pavard,Benjamin Pavard,3363,23
2023-24,Inter,Sanchez,Alexis Sánchez,498,23
2023-24,Cagliari,Viola,Nicolas Viola,6196,26
2023-24,Udinese,Pafundi,Simone Pafundi,10596,1
2023-24,Udinese,Kristensen T.,Thomas Thiesson Kristensen,12040,26
2023-24,Fiorentina,Lopez M.,Maxime Lopez,3772,19
2023-24,Bologna,Saelemaekers,Alexis Saelemaekers,8297,30
2023-24,Napoli,Natan,Natan,11890,14
2023-24,Juventus,Rugani,Daniele Rugani,1301,17
2023-24,Lecce,Venuti,Lorenzo Venuti,6191,14
2023-24,AC Milan,Adli,Yacine Adli,6762,24
2023-24,AC Milan,Romero L.,Luka Romero,8429,4
2023-24,Verona,Henry,Thomas Henry,3751,18
2023-24,Atalanta,Hateboer,Hans Hateboer,4941,23
2023-24,Inter,Klaassen,Davy Klaassen,6045,13
2023-24,Torino,Sazonov,Saba Sazonov,9381,12
2023-24,Fiorentina,Ikone',Jonathan Ikone,5661,28
2023-24,Genoa,Messias,Junior Messias,8838,18
2023-24,Genoa,Matturro,Alan Matturro,12078,6
2023-24,Lecce,Corfitzen,Jeppe Corfitzen,11948,1
2023-24,Napoli,Gaetano,Gianluca Gaetano,7507,9
2023-24,Salernitana,Stewart,Trivante Stewart,12112,4
2023-24,Genoa,Haps,Ridgeciano Haps,9952,16
2023-24,Frosinone,Ibrahimovic A.,Arijon Ibrahimovic,10248,16
2023-24,Monza,Gomez,Alejandro Gomez,1491,2
2023-24,Verona,Cruz,Juan Manuel Cruz,12096,4
2023-24,Udinese,Ake' M.,Marley Aké,8037,1
2023-24,Sassuolo,Obiang,Pedro Obiang,542,8
2023-24,Frosinone,Reinier,Reinier,8825,22
2023-24,Verona,Tchatchoua,Jackson Tchatchoua,12113,26
2023-24,Cagliari,Scuffet,Simone Scuffet,1158,31
2023-24,Fiorentina,Comuzzo,Pietro Comuzzo,11902,4
2023-24,Napoli,Zanoli,Alessandro Zanoli,9876,4
2023-24,Monza,Donati,Giulio Donati,193,4
2023-24,Frosinone,Kaio Jorge,Kaio Jorge,9872,20
2023-24,Salernitana,Costil,Benoit Costil,3218,13
2023-24,Cagliari,Mancosu,Marco Mancosu,7973,6
2023-24,Genoa,Leali,Nicola Leali,1873,2
2023-24,Genoa,Vogliacco,Alessandro Vogliacco,12124,20
2023-24,AC Milan,Mirante,Antonio Mirante,1609,2
2023-24,Juventus,Huijsen,Dean Huijsen,11943,1
2023-24,Bologna,Bonifazi,Kevin Bonifazi,3951,1
2023-24,AC Milan,Pellegrino,Marco Pellegrino,11994,1
2023-24,Empoli,Maldini,Daniel Maldini,8163,7
2023-24,Fiorentina,Mina,Yerry Mina,6521,4
2023-24,Salernitana,Simy,Simy,1362,15
2023-24,Juventus,Nicolussi Caviglia,Hans Nicolussi Caviglia,7483,8
2023-24,Cagliari,Lapadula,Gianluca Lapadula,1136,23
2023-24,Napoli,Gollini,Pierluigi Gollini,1841,7
2023-24,Salernitana,Bronn,Dylan Bronn,8244,4
2023-24,Lazio,Gila,Mario Gila,10577,21
2023-24,Atalanta,Bonfanti,Giovanni Bonfanti,10413,2
2023-24,AC Milan,Camarda,Francesco Camarda,12218,2
2023-24,Torino,Gemello,Luca Gemello,7324,2
2023-24,AC Milan,Bennacer,Ismael Bennacer,6981,20
2023-24,AC Milan,Traore' C.,Chaka Traorè,9260,2
2023-24,Udinese,Ehizibue,Kingsley Ehizibue,7785,23
2023-24,Torino,Djidji,Koffi Djidji,3550,13
2023-24,Frosinone,Lulic K.,Karlo Lulic,3976,1
2023-24,AC Milan,Simic J.,Jan-Carlo Simic,12181,4
2023-24,Udinese,Masina,Adam Masina,1441,4
2023-24,Bologna,Ravaglia F.,Federico Ravaglia,1544,6
2023-24,Roma,Pisilli,Niccolò Pisilli,11470,1
2023-24,Frosinone,Mateus Lusuardi,Mateus Lusuardi,11990,4
2023-24,Napoli,Contini,Nikita Contini,3939,1
2023-24,Monza,Cittadini,Giorgio Cittadini,10268,1
2023-24,Lecce,Listkowski,Marcin Listkowski,10907,1
2023-24,Udinese,Okoye,Maduka Okoye,8326,21
2023-24,AC Milan,Zeroli,Kevin Zeroli,11968,3
2023-24,Verona,Charlys,Charlys,12097,2
2023-24,Verona,Kallon,Yayah Kallon,9550,1
2023-24,AC Milan,Gabbia,Matteo Gabbia,4920,18
2023-24,AC Milan,Jimenez A.,Alejandro Jiménez,12168,3
2023-24,Napoli,Mazzocchi,Pasquale Mazzocchi,9902,10
2023-24,Udinese,Davis K.,Keinan Davis,1053,8
2023-24,Juventus,Nonge,Joseph Nonge,12170,2
2023-24,Roma,Huijsen,Dean Huijsen,11943,13
2023-24,Atalanta,Hien,Isak Hien,11053,16
2023-24,Napoli,Demme,Diego Demme,5246,2
2023-24,Salernitana,Pierozzi,Niccolò Pierozzi,12178,12
2023-24,Empoli,Sodero,Andrea Sodero,12319,1
2023-24,Empoli,Zurkowski,Szymon Zurkowski,7910,13
2023-24,Empoli,Corona G.,Giacomo Corona,12320,1
2023-24,Fiorentina,Faraoni,Marco Faraoni,3978,8
2023-24,Udinese,Tikvic,Antonio Tikvic,12106,1
2023-24,Roma,Svilar,Mile Svilar,10967,15
2023-24,Frosinone,Ghedjemis,Farès Ghedjemis,12303,6
2023-24,Frosinone,Bonifazi,Kevin Bonifazi,3951,6
2023-24,Frosinone,Zortea,Nadir Zortea,9866,14
2023-24,Empoli,Cerri,Alberto Cerri,4906,12
2023-24,Monza,Maldini,Daniel Maldini,8163,11
2023-24,Salernitana,Basic,Toma Basic,6902,15
2023-24,Salernitana,Zanoli,Alessandro Zanoli,9876,17
2023-24,Genoa,Spence,Djed Spence,10764,16
2023-24,Lecce,Pierotti,Santiago Pierotti,12362,11
2023-24,Bologna,Odgaard,Jens Odgaard,7005,10
2023-24,Torino,Masina,Adam Masina,1441,16
2023-24,Sassuolo,Kumi,Justin Kumi,10233,1
2023-24,Sassuolo,Kumbulla,Marash Kumbulla,6324,7
2023-24,Sassuolo,Doig,Josh Doig,11023,16
2023-24,Napoli,Dendoncker,Leander Dendoncker,7236,3
2023-24,Atalanta,Toure' E.,El Bilal Touré,8294,11
2023-24,Udinese,Brenner,Brenner,12342,8
2023-24,AC Milan,Terracciano F.,Filippo Terracciano,8512,3
2023-24,Genoa,Bohinen,Emil Bohinen,9425,5
2023-24,Verona,Dani Silva,Dani Silva,12380,14
2023-24,Verona,Vinagre,Rúben Vinagre,6856,12
2023-24,Verona,Noslin,Tijjani Noslin,12378,17
2023-24,Verona,Tavsan,Elayis Tavsan,12379,3
2023-24,Frosinone,Seck,Demba Seck,10396,11
2023-24,Monza,Bettella,Davide Bettella,7124,1
2023-24,Monza,Zerbin,Alessio Zerbin,4911,13
2023-24,Monza,Djuric,Milan Djuric,3856,17
2023-24,Sassuolo,Lipani,Luca Lipani,11929,8
2023-24,Napoli,Ngonge,Cyril Ngonge,11306,13
2023-24,Fiorentina,Belotti,Andrea Belotti,1186,14
2023-24,Genoa,Vitinha O.,Vitinha,11380,9
2023-24,Udinese,Giannetti L.,Lautaro Giannetti,12341,7
2023-24,Frosinone,Valeri,Emanuele Valeri,11027,16
2023-24,Torino,Lovato,Matteo Lovato,8522,12
2023-24,Salernitana,Pellegrino,Marco Pellegrino,11994,10
2023-24,Salernitana,Vignato,Emanuel Vignato,4943,9
2023-24,Salernitana,Pasalidis,Triantafyllos Pasalidis,12415,8
2023-24,Salernitana,Boateng J.,Jérôme Boateng,220,7
2023-24,Verona,Swiderski,Karol Swiderski,12419,15
2023-24,Atalanta,Mendicino,Leonardo Mendicino,11529,1
2023-24,Juventus,Alcaraz,Carlos Alcaraz,11297,10
2023-24,Roma,Angelino,Angelino,1040,16
2023-24,Roma,Baldanzi,Tommaso Baldanzi,9951,13
2023-24,Cagliari,Mina,Yerry Mina,6521,14
2023-24,Cagliari,Gaetano,Gianluca Gaetano,7507,11
2023-24,Salernitana,Weissman,Shon Weissman,8761,11
2023-24,Empoli,Niang,M&#039;Baye Niang,1126,14
2023-24,Torino,Okereke,David Okereke,9905,9
2023-24,Verona,Centonze,Fabien Centonze,7763,10
2023-24,Juventus,Cerri L.,Leonardo Cerri,12443,1
2023-24,Inter,Buchanan,Tajon Buchanan,12322,10
2023-24,Genoa,Cittadini,Giorgio Cittadini,10268,5
2023-24,Verona,Belahyane,Reda Belahyane,11049,2
2023-24,Verona,Mitrovic S.,Stefan Mitrovic,12439,10
2023-24,Salernitana,Manolas,Kostas Manolas,1246,8
2023-24,Lecce,Berisha M.,Medon Berisha,10908,6
2023-24,Inter,Audero,Emil Audero,1302,4
2023-24,Salernitana,Gomis I.,Iron Gomis,7502,5
2023-24,Cagliari,Mutandwa,Kingstone Mutandwa,12334,5
2023-24,Bologna,Castro S.,Santiago Castro,12528,8
2023-24,Lazio,Mandas,Christos Mandas,12043,9
2023-24,Genoa,Ankeye,David Ankeye,12440,6
2023-24,Fiorentina,Castrovilli,Gaetano Castrovilli,7909,6
2023-24,Fiorentina,Martinelli T.,Tomasso Martinelli,11901,1
2023-24,Juventus,Sekulov,Nikola Sekulov,11478,1
2023-24,Juventus,De Sciglio,Mattia De Sciglio,1120,1
2023-24,Roma,Abraham,Tammy Abraham,702,8
2023-24,Roma,Joao Costa,João Costa,12129,3
2023-24,Genoa,Papadopoulos C.,Christos Papadopoulos,12221,1
2023-24,Salernitana,Sfait,Andres Sfait,11554,2
2023-24,Salernitana,Fiorillo,Vincenzo Fiorillo,1175,4
2023-24,Torino,Savva,Zanos Savva,12155,2
2023-24,Torino,Dellavalle,Alessandro Dellavalle,12597,1
2023-24,Salernitana,Fusco,Gerardo Fusco,12617,1
2023-24,Cagliari,Aresti,Simone Aresti,6988,1
2023-24,Genoa,Sommariva,Daniele Sommariva,1922,1
2023-24,Bologna,Bagnolini,Nicola Bagnolini,10039,1
2023-24,Juventus,Djalo',Tiago Djaló,7754,1
2023-24,Juventus,Pinsoglio,Carlo Pinsoglio,6107,1
2023-24,Monza,Ferraris,Andrea Ferraris,11413,1
2023-24,AC Milan,Nava,Lapo Francesco Maria Nava,10238,1
2023-24,AC Milan,Caldara,Mattia Caldara,1486,1
2023-24,Atalanta,Rossi F.,Francesco Rossi,4940,1
2023-24,Verona,Perilli,Simone Perilli,11022,1
2023-24,Verona,Cisse' A.,Alphadjo Cissè,11418,1
2023-24,Inter,Di Gennaro,Raffaele Di Gennaro,11897,1
2024-25,Genoa,Frendrup,Morten Frendrup,10365,35
2024-25,Genoa,Ekhator,Jeff Ekhator,12776,24
2024-25,Genoa,Badelj,Milan Badelj,1430,23
2024-25,Genoa,Martin,Aarón Martín,5133,36
2024-25,Genoa,Vasquez,Johan Vásquez,9985,36
2024-25,Genoa,Zanoli,Alessandro Zanoli,9876,31
2024-25,Genoa,Thorsby,Morten Thorsby,7939,30
2024-25,Genoa,Vogliacco,Alessandro Vogliacco,12124,12
2024-25,Genoa,Messias,Junior Messias,8838,17
2024-25,Genoa,Bani,Mattia Bani,6212,20
2024-25,Genoa,Gollini,Pierluigi Gollini,1841,7
2024-25,Genoa,Sabelli,Stefano Sabelli,1898,34
2024-25,Genoa,De Winter,Koni de Winter,9964,25
2024-25,Genoa,Vitinha O.,Vitinha,11380,25
2024-25,Inter,Carlos Augusto,Carlos Augusto,10891,28
2024-25,Inter,Mkhitaryan,Henrikh Mkhitaryan,317,31
2024-25,Inter,Acerbi,Francesco Acerbi,1463,23
2024-25,Inter,Taremi,Mehdi Taremi,12780,25
2024-25,Inter,Barella,Nicolò Barella,1409,32
2024-25,Inter,Thuram,Marcus Thuram,5992,31
2024-25,Inter,Darmian,Matteo Darmian,557,29
2024-25,Inter,Dimarco,Federico Dimarco,1324,32
2024-25,Inter,Calhanoglu,Hakan Calhanoglu,189,28
2024-25,Inter,Bastoni,Alessandro Bastoni,4939,32
2024-25,Inter,Sommer,Yann Sommer,199,32
2024-25,Inter,Bisseck,Yann Bisseck,6414,26
2024-25,Inter,Asllani,Kristjan Asllani,9854,21
2024-25,Inter,Dumfries,Denzel Dumfries,9840,28
2024-25,Inter,Frattesi,Davide Frattesi,4981,27
2024-25,Inter,Martinez L.,Lautaro Martínez,7006,30
2024-25,Parma Calcio 1913,Man,Dennis Man,9303,33
2024-25,Parma Calcio 1913,Almqvist,Pontus Almqvist,9061,29
2024-25,Parma Calcio 1913,Hainaut,Antoine Hainaut,12785,25
2024-25,Parma Calcio 1913,Cancellieri,Matteo Cancellieri,9071,27
2024-25,Parma Calcio 1913,Balogh,Botond Balogh,8569,29
2024-25,Parma Calcio 1913,Bernabe',Adrián Bernabé,8867,21
2024-25,Parma Calcio 1913,Sohm,Simon Sohm,9029,37
2024-25,Parma Calcio 1913,Bonny,Ange-Yoan Bonny,12784,37
2024-25,Parma Calcio 1913,Circati,Alessandro Circati,12783,6
2024-25,Parma Calcio 1913,Cyprien,Wylan Cyprien,4768,2
2024-25,Parma Calcio 1913,Valeri,Emanuele Valeri,11027,35
2024-25,Parma Calcio 1913,Suzuki,Zion Suzuki,12781,37
2024-25,Parma Calcio 1913,Mihaila,Mihai Valentin Mihaila,9226,21
2024-25,Parma Calcio 1913,Estevez,Nahuel Estévez,9065,14
2024-25,Parma Calcio 1913,Camara D.,Drissa Camara,7203,21
2024-25,Parma Calcio 1913,Coulibaly W.,Woyo Coulibaly,12782,14
2024-25,Fiorentina,Dodo',Dodô,10935,34
2024-25,Fiorentina,Bianco,Alessandro Bianco,9322,1
2024-25,Fiorentina,Biraghi,Cristiano Biraghi,1164,8
2024-25,Fiorentina,Comuzzo,Pietro Comuzzo,11902,32
2024-25,Fiorentina,Kayode,Michael Kayode,11281,5
2024-25,Fiorentina,Amrabat,Sofyan Amrabat,7927,2
2024-25,Fiorentina,Parisi,Fabiano Parisi,9924,25
2024-25,Fiorentina,Terracciano,Pietro Terracciano,6977,3
2024-25,Fiorentina,Ikone',Jonathan Ikone,5661,14
2024-25,Fiorentina,Sottil,Riccardo Sottil,6672,18
2024-25,Fiorentina,Colpani,Andrea Colpani,6718,24
2024-25,Fiorentina,Kean,Moise Kean,1304,31
2024-25,Fiorentina,Kouame',Christian Kouamé,7091,18
2024-25,Fiorentina,Mandragora,Rolando Mandragora,3821,28
2024-25,Fiorentina,Pongracic,Marin Pongracic,8303,19
2024-25,Fiorentina,Martinez Quarta,Lucas Martínez Quarta,9019,8
2024-25,Empoli,Haas,Nicolas Haas,6161,10
2024-25,Empoli,Fazzini,Jacopo Fazzini,10303,20
2024-25,Empoli,Solbakken,Ola Solbakken,11289,21
2024-25,Empoli,Caputo,Francesco Caputo,6980,1
2024-25,Empoli,Ismajli,Ardian Ismajli,9090,29
2024-25,Empoli,Viti,Mattia Viti,9855,30
2024-25,Empoli,Colombo,Lorenzo Colombo,8478,37
2024-25,Empoli,Walukiewicz,Sebastian Walukiewicz,8030,2
2024-25,Empoli,Cacace,Liberato Cacace,10385,33
2024-25,Empoli,Maleh,Youssef Maleh,9893,22
2024-25,Empoli,Gyasi,Emmanuel Gyasi,8913,37
2024-25,Empoli,Ekong,Emmanuel Ekong,9856,15
2024-25,Empoli,Esposito Se.,Sebastiano Esposito,7969,33
2024-25,Empoli,Pezzella Giu.,Giuseppe Pezzella,1281,35
2024-25,Empoli,Vasquez D.,Devis Vásquez,11299,32
2024-25,Empoli,Henderson L.,Liam Henderson,7925,36
2024-25,Monza,Izzo,Armando Izzo,1096,30
2024-25,Monza,Maldini,Daniel Maldini,8163,20
2024-25,Monza,Caldirola,Luca Caldirola,3,14
2024-25,Monza,Mari',Pablo Marí,8380,19
2024-25,Monza,Birindelli,Samuele Birindelli,10892,21
2024-25,Monza,Kyriakopoulos,Georgios Kyriakopoulos,8034,34
2024-25,Monza,Petagna,Andrea Petagna,1493,13
2024-25,Monza,Mota,Dany Mota,10895,31
2024-25,Monza,Pessina,Matteo Pessina,7013,11
2024-25,Monza,Pizzignacco,Semuel Pizzignacco,6507,9
2024-25,Monza,Caprari,Gianluca Caprari,1170,34
2024-25,Monza,Gagliardini,Roberto Gagliardini,1496,8
2024-25,Monza,Bondo,Warren Bondo,10898,20
2024-25,Monza,Vignato S.,Samuele Vignato,10897,17
2024-25,AC Milan,Reijnders,Tijjani Reijnders,11965,37
2024-25,AC Milan,Morata,Álvaro Morata,1804,16
2024-25,AC Milan,Calabria,Davide Calabria,1574,7
2024-25,AC Milan,Jovic,Luka Jovic,6228,15
2024-25,AC Milan,Maignan,Mike Maignan,3737,37
2024-25,AC Milan,Thiaw,Malick Thiaw,8378,22
2024-25,AC Milan,Musah,Yunus Musah,8771,29
2024-25,AC Milan,Okafor,Noah Okafor,11966,11
2024-25,AC Milan,Bennacer,Ismael Bennacer,6981,6
2024-25,AC Milan,Tomori,Fikayo Tomori,703,22
2024-25,AC Milan,Pulisic,Christian Pulisic,2662,34
2024-25,AC Milan,Chukwueze,Samuel Chukwueze,7208,26
2024-25,AC Milan,Saelemaekers,Alexis Saelemaekers,8297,1
2024-25,AC Milan,Leao,Rafael Leão,7193,34
2024-25,AC Milan,Hernandez T.,Theo Hernández,2547,33
2024-25,AC Milan,Loftus-Cheek,Ruben Loftus-Cheek,688,19
2024-25,Torino,Bellanova,Raoul Bellanova,6412,1
2024-25,Torino,Sazonov,Saba Sazonov,9381,1
2024-25,Torino,Tameze,Adrien Tameze,5996,20
2024-25,Torino,Karamoh,Yann Karamoh,5700,29
2024-25,Torino,Masina,Adam Masina,1441,28
2024-25,Torino,Lazaro,Valentino Lazaro,6352,33
2024-25,Torino,Sanabria,Antonio Sanabria,2217,26
2024-25,Torino,Linetty,Karol Linetty,1226,28
2024-25,Torino,Ilic,Ivan Ilic,8828,19
2024-25,Torino,Vojvoda,Mergim Vojvoda,8819,17
2024-25,Torino,Coco,Saúl Coco,11741,32
2024-25,Torino,Milinkovic-Savic V.,Vanja Milinkovic-Savic,6167,37
2024-25,Torino,Ricci S.,Samuele Ricci,7530,34
2024-25,Torino,Adams C.,Che Adams,7700,36
2024-25,Torino,Zapata D.,Duván Zapata,1148,7
2024-25,Torino,Dembele' A.,Ali Dembélé,11279,15
2024-25,Bologna,Odgaard,Jens Odgaard,7005,29
2024-25,Bologna,Beukema,Sam Beukema,11961,35
2024-25,Bologna,Skorupski,Lukasz Skorupski,1305,27
2024-25,Bologna,Posch,Stefan Posch,5329,14
2024-25,Bologna,Ndoye,Dan Ndoye,8662,30
2024-25,Bologna,Orsolini,Riccardo Orsolini,6160,30
2024-25,Bologna,Fabbian,Giovanni Fabbian,11964,30
2024-25,Bologna,Lykogiannis,Charalampos Lykogiannis,6517,17
2024-25,Bologna,Aebischer,Michel Aebischer,10383,14
2024-25,Bologna,Erlic,Martin Erlic,2053,8
2024-25,Bologna,Freuler,Remo Freuler,1488,37
2024-25,Bologna,Cambiaghi,Nicolò Cambiaghi,7576,18
2024-25,Bologna,Dallinga,Thijs Dallinga,10794,31
2024-25,Bologna,Castro S.,Santiago Castro,12528,36
2024-25,Bologna,Moro N.,Nikola Moro,8626,22
2024-25,Bologna,Miranda J.,Juan Miranda,7286,31
2024-25,Udinese,Brenner,Brenner,12342,9
2024-25,Udinese,Lovric,Sandi Lovric,10878,36
2024-25,Udinese,Karlstrom,Jesper Karlström,12853,37
2024-25,Udinese,Bijol,Jaka Bijol,6807,34
2024-25,Udinese,Payero,Martín Payero,12084,25
2024-25,Udinese,Lucca,Lorenzo Lucca,11936,33
2024-25,Udinese,Okoye,Maduka Okoye,8326,25
2024-25,Udinese,Ekkelenkamp,Jurgen Ekkelenkamp,9993,34
2024-25,Udinese,Thauvin,Florian Thauvin,942,25
2024-25,Udinese,Zemura,Jordan Zemura,10740,23
2024-25,Udinese,Ehizibue,Kingsley Ehizibue,7785,33
2024-25,Udinese,Davis K.,Keinan Davis,1053,23
2024-25,Udinese,Giannetti L.,Lautaro Giannetti,12341,15
2024-25,Udinese,Kamara H.,Hassane Kamara,3729,30
2024-25,Udinese,Perez N.,Nehuén Pérez,7516,2
2024-25,Verona,Mosquera,Daniel Mosquera,12857,35
2024-25,Verona,Dawidowicz,Pawel Dawidowicz,7923,26
2024-25,Verona,Belahyane,Reda Belahyane,11049,22
2024-25,Verona,Frese,Martin Frese,12854,11
2024-25,Verona,Duda,Ondrej Duda,5240,28
2024-25,Verona,Tchatchoua,Jackson Tchatchoua,12113,36
2024-25,Verona,Tengstedt,Casper Tengstedt,12855,25
2024-25,Verona,Magnani,Giangiacomo Magnani,7002,17
2024-25,Verona,Serdar,Suat Serdar,307,22
2024-25,Verona,Montipo',Lorenzo Montipò,8881,36
2024-25,Verona,Lazovic,Darko Lazovic,1106,27
2024-25,Verona,Kastanos,Grigoris Kastanos,4951,27
2024-25,Verona,Harroui,Abdou Harroui,9996,10
2024-25,Verona,Suslov,Tomás Suslov,12095,31
2024-25,Verona,Coppola D.,Diego Coppola,10169,34
2024-25,Napoli,Juan Jesus,Juan Jesus,1247,15
2024-25,Napoli,Rrahmani,Amir Rrahmani,7924,38
2024-25,Napoli,Raspadori,Giacomo Raspadori,7500,26
2024-25,Napoli,Simeone,Giovanni Simeone,1102,30
2024-25,Napoli,Politano,Matteo Politano,1473,37
2024-25,Napoli,Kvaratskhelia,Khvicha Kvaratskhelia,7453,17
2024-25,Napoli,Meret,Alex Meret,1892,34
2024-25,Napoli,Mazzocchi,Pasquale Mazzocchi,9902,20
2024-25,Napoli,Ngonge,Cyril Ngonge,11306,18
2024-25,Napoli,Cheddira,Walid Cheddira,11989,1
2024-25,Napoli,Spinazzola,Leonardo Spinazzola,1500,27
2024-25,Napoli,Lobotka,Stanislav Lobotka,6125,32
2024-25,Napoli,Olivera,Mathías Olivera,6368,32
2024-25,Napoli,Di Lorenzo,Giovanni Di Lorenzo,6978,37
2024-25,Cagliari,Lapadula,Gianluca Lapadula,1136,12
2024-25,Cagliari,Augello,Tommaso Augello,7938,38
2024-25,Cagliari,Deiola,Alessandro Deiola,1634,29
2024-25,Cagliari,Wieteska,Mateusz Wieteska,10781,5
2024-25,Cagliari,Zappa,Gabriele Zappa,8857,37
2024-25,Cagliari,Scuffet,Simone Scuffet,1158,13
2024-25,Cagliari,Azzi,Paulo Azzi,11956,6
2024-25,Cagliari,Marin,Razvan Marin,8856,33
2024-25,Cagliari,Pavoletti,Leonardo Pavoletti,1104,26
2024-25,Cagliari,Luperto,Sebastiano Luperto,1639,36
2024-25,Cagliari,Prati,Matteo Prati,11959,12
2024-25,Cagliari,Piccoli,Roberto Piccoli,7375,37
2024-25,Cagliari,Adopo,Ndary Adopo,6706,35
2024-25,Roma,Angelino,Angelino,1040,38
2024-25,Roma,Soule',Matìas Soulè Malvano,9965,27
2024-25,Roma,Celik,Mehmet Zeki Çelik,6872,31
2024-25,Roma,Baldanzi,Tommaso Baldanzi,9951,31
2024-25,Roma,Zalewski,Nicola Zalewski,9036,12
2024-25,Roma,Svilar,Mile Svilar,10967,38
2024-25,Roma,Cristante,Bryan Cristante,1168,30
2024-25,Roma,Mancini,Gianluca Mancini,6159,37
2024-25,Roma,Dybala,Paulo Dybala,1294,24
2024-25,Roma,Dovbyk,Artem Dovbyk,11736,32
2024-25,Roma,Abraham,Tammy Abraham,702,1
2024-25,Roma,Le Fee,Enzo Le Fée,8651,6
2024-25,Roma,Pellegrini Lo.,Lorenzo Pellegrini,1471,25
2024-25,Roma,El Shaarawy,Stephan El Shaarawy,1252,31
2024-25,Lazio,Pedro,Pedro,687,30
2024-25,Lazio,Rovella,Nicolo Rovella,7411,33
2024-25,Lazio,Castellanos,Valentín Castellanos,10948,29
2024-25,Lazio,Lazzari,Manuel Lazzari,6180,25
2024-25,Lazio,Vecino,Matías Vecino,1423,20
2024-25,Lazio,Castrovilli,Gaetano Castrovilli,7909,9
2024-25,Lazio,Provedel,Ivan Provedel,6982,29
2024-25,Lazio,Guendouzi,Matteo Guendouzi,5759,37
2024-25,Lazio,Zaccagni,Mattia Zaccagni,1958,34
2024-25,Lazio,Marusic,Adam Marusic,6176,35
2024-25,Lazio,Isaksen,Gustav Isaksen,11951,37
2024-25,Lazio,Romagnoli,Alessio Romagnoli,1119,32
2024-25,Lazio,Noslin,Tijjani Noslin,12378,30
2024-25,Lazio,Tchaouna,Loum Tchaouna,9977,24
2024-25,Lazio,Casale,Nicolò Casale,8829,2
2024-25,Lazio,Dele-Bashiru,Fisayo Dele-Bashiru,12872,20
2024-25,Venezia,Duncan,Alfred Duncan,1474,16
2024-25,Venezia,Zampano,Francesco Zampano,1161,24
2024-25,Venezia,Haps,Ridgeciano Haps,9952,25
2024-25,Venezia,Oristanio,Gaetano Oristanio,11958,37
2024-25,Venezia,Ellertsson,Mikael Ellertsson,10957,36
2024-25,Venezia,Raimondo,Antonio Raimondo,9539,9
2024-25,Venezia,Svoboda,Michael Svoboda,9887,16
2024-25,Venezia,Sverko,Marin Sverko,12873,16
2024-25,Venezia,Crnigoj,Domen Crnigoj,9903,8
2024-25,Venezia,Altare,Giorgio Altare,4968,12
2024-25,Venezia,Pierini,Nicholas Pierini,2012,2
2024-25,Venezia,Joronen,Jesse Joronen,7955,8
2024-25,Venezia,Sagrado,Richie Sagrado,12874,3
2024-25,Venezia,Lella,Nunzio Lella,7321,1
2024-25,Venezia,Andersen M.K.,Magnus Kofod Andersen,12875,14
2024-25,Lecce,Tete Morente,Tete Morente,8895,31
2024-25,Lecce,Banda,Lameck Banda,7628,15
2024-25,Lecce,Falcone,Wladimiro Falcone,4984,38
2024-25,Lecce,Krstovic,Nikola Krstovic,12008,37
2024-25,Lecce,Pierotti,Santiago Pierotti,12362,36
2024-25,Lecce,Gallo,Antonino Gallo,8009,31
2024-25,Lecce,Marchwinski,Filip Marchwinski,12886,1
2024-25,Lecce,Ramadani,Ylber Ramadani,11945,29
2024-25,Lecce,Baschirotto,Federico Baschirotto,10902,38
2024-25,Lecce,Dorgu,Patrick Dorgu,11944,21
2024-25,Lecce,Rafia,Hamza Rafia,9010,18
2024-25,Lecce,Pierret,Balthazar Pierret,8241,30
2024-25,Lecce,Gendrey,Valentin Gendrey,7742,2
2024-25,Lecce,Berisha M.,Medon Berisha,10908,17
2024-25,Lecce,Coulibaly L.,Lassana Coulibaly,3334,38
2024-25,Lecce,Gaspar K.,Kialonda Gaspar,12885,24
2024-25,Atalanta,Pasalic,Mario Pasalic,1134,34
2024-25,Atalanta,Godfrey,Ben Godfrey,7689,1
2024-25,Atalanta,Ruggeri,Matteo Ruggeri,8872,30
2024-25,Atalanta,Hien,Isak Hien,11053,30
2024-25,Atalanta,Palestra,Marco Palestra,11551,9
2024-25,Atalanta,Retegui,Mateo Retegui,11898,36
2024-25,Atalanta,Cassa,Federico Cassa,12889,2
2024-25,Atalanta,Zappacosta,Davide Zappacosta,1178,30
2024-25,Atalanta,Brescianini,Marco Brescianini,7284,29
2024-25,Atalanta,Musso,Juan Musso,7095,1
2024-25,Atalanta,Bakker,Mitchel Bakker,8310,1
2024-25,Atalanta,De Ketelaere,Charles De Ketelaere,10877,36
2024-25,Atalanta,De Roon,Marten de Roon,1710,36
2024-25,Atalanta,Ederson D.s.,Éderson,10404,37
2024-25,Atalanta,Sulemana I.,Sulemana,10985,9
2024-25,Juventus,Bremer,Bremer,6960,6
2024-25,Juventus,Douglas Luiz,Douglas Luiz,6122,19
2024-25,Juventus,Fagioli,Nicolo Fagioli,7379,17
2024-25,Juventus,Vlahovic,Dusan Vlahovic,7084,29
2024-25,Juventus,Weah,Timothy Weah,6601,30
2024-25,Juventus,Locatelli,Manuel Locatelli,1122,36
2024-25,Juventus,Savona,Nicolò Savona,12905,28
2024-25,Juventus,Cambiaso,Andrea Cambiaso,9841,33
2024-25,Juventus,Yildiz,Kenan Yildiz,11942,35
2024-25,Juventus,Gatti,Federico Gatti,10993,30
2024-25,Juventus,Mbangula,Samuel Mbangula,12904,23
2024-25,Juventus,Cabal,Juan Cabal,11054,7
2024-25,Juventus,Di Gregorio,Michele Di Gregorio,10890,33
2024-25,Juventus,Thuram K.,Kephren Thuram,7265,35
2024-25,Como,Baselli,Daniele Baselli,1182,2
2024-25,Como,Goldaniga,Edoardo Goldaniga,1264,32
2024-25,Como,Barba,Federico Barba,1320,7
2024-25,Como,Engelhardt,Yannick Engelhardt,10497,26
2024-25,Como,Verdi,Simone Verdi,1445,9
2024-25,Como,Reina,José Reina,1374,12
2024-25,Como,Abildgaard,Oliver Abildgaard,8359,1
2024-25,Como,Cutrone,Patrick Cutrone,4918,33
2024-25,Como,Cerri,Alberto Cerri,4906,5
2024-25,Como,Belotti,Andrea Belotti,1186,18
2024-25,Como,Strefezza,Gabriel Strefezza,7944,37
2024-25,Como,Braunoder,Matthias Braunöder,12908,8
2024-25,Como,Gabrielloni,Alessandro Gabrielloni,12909,15
2024-25,Como,Da Cunha,Lucas Da Cunha,8182,36
2024-25,Como,Sala M.,Marco Sala,12907,8
2024-25,Como,Moreno Alb.,Alberto Moreno,608,24
2024-25,AC Milan,Pavlovic,Strahinja Pavlovic,8642,24
2024-25,AC Milan,Fofana Y.,Youssouf Fofana,6945,35
2024-25,AC Milan,Emerson Royal,Emerson,7430,17
2024-25,Udinese,Zarraga,Oier Zarraga,8728,22
2024-25,Udinese,Kabasele,Christian Kabasele,1725,16
2024-25,Lazio,Patric,Patric,1204,10
2024-25,Lazio,Hysaj,Elseid Hysaj,1375,11
2024-25,Lazio,Dia,Boulaye Dia,7224,35
2024-25,Inter,Arnautovic,Marko Arnautovic,865,17
2024-25,Inter,Pavard,Benjamin Pavard,3363,23
2024-25,Monza,Djuric,Milan Djuric,3856,18
2024-25,Monza,Pereira P.,Pedro Pereira,1241,35
2024-25,Genoa,Pinamonti,Andrea Pinamonti,4895,36
2024-25,Genoa,Ekuban,Caleb Ekuban,9843,18
2024-25,Fiorentina,Barak,Antonin Barak,6208,1
2024-25,Fiorentina,Richardson,Amir Richardson,11752,26
2024-25,Fiorentina,Beltran L.,Lucas Beltrán,11900,32
2024-25,Fiorentina,Ranieri L.,Luca Ranieri,6696,35
2024-25,Venezia,Candela,Antonio Candela,7412,14
2024-25,Venezia,Idzes,Jay Idzes,12989,35
2024-25,Venezia,Nicolussi Caviglia,Hans Nicolussi Caviglia,7483,35
2024-25,Venezia,Doumbia I.,Issa Doumbia,12878,24
2024-25,Torino,Ciammaglichella,Aaron Ciammaglichella,11463,1
2024-25,Torino,Sosa B.,Borna Sosa,7075,19
2024-25,Atalanta,Manzoni,Alberto Manzoni,12252,1
2024-25,Atalanta,Samardzic,Lazar Samardzic,8341,31
2024-25,Atalanta,Zaniolo,Nicolo Zaniolo,6686,14
2024-25,Atalanta,Carnesecchi,Marco Carnesecchi,8871,34
2024-25,Napoli,Buongiorno,Alessandro Buongiorno,5025,22
2024-25,Napoli,Neres,David Neres,12993,28
2024-25,Bologna,Karlsson,Jesper Karlsson,12006,7
2024-25,Bologna,Lucumi',Jhon Lucumí,11038,32
2024-25,Roma,Shomurodov,Eldor Shomurodov,5954,27
2024-25,Roma,Paredes,Leandro Paredes,1248,22
2024-25,Empoli,Stojanovic,Petar Stojanovic,9849,1
2024-25,Cagliari,Mina,Yerry Mina,6521,31
2024-25,Cagliari,Palomino,José Luis Palomino,4733,18
2024-25,Cagliari,Obert,Adam Obert,10073,21
2024-25,Como,Sergi Roberto,Sergi Roberto,2104,13
2024-25,Como,Iovine,Alessio Iovine,12996,10
2024-25,Como,Mazzitelli,Luca Mazzitelli,1477,11
2024-25,Como,Perrone,Máximo Perrone,11378,26
2024-25,Como,Dossena,Alberto Dossena,11955,23
2024-25,Como,Paz N.,Nico Paz,11541,35
2024-25,Verona,Dani Silva,Dani Silva,12380,11
2024-25,Verona,Alidou,Faride Alidou,10695,3
2024-25,Juventus,Danilo,Danilo,2244,12
2024-25,Juventus,Rouhi,Jonas Rouhi,12906,5
2024-25,Juventus,Anghele',Lorenzo Anghelè,12999,1
2024-25,Juventus,Kalulu,Pierre Kalulu Kyatengwa,8313,29
2024-25,Venezia,Pohjanpalo,Joel Pohjanpalo,5222,20
2024-25,Venezia,El Haddad,Saad El Haddad,12990,3
2024-25,Torino,Walukiewicz,Sebastian Walukiewicz,8030,29
2024-25,Torino,Pedersen,Marcus Pedersen,12012,29
2024-25,Atalanta,Bellanova,Raoul Bellanova,6412,34
2024-25,Atalanta,Toloi,Rafael Toloi,1484,11
2024-25,Bologna,Urbanski,Kacper Urbanski,9503,7
2024-25,Bologna,De Silvestri,Lorenzo De Silvestri,1193,18
2024-25,Empoli,Grassi,Alberto Grassi,1504,28
2024-25,Empoli,Goglichidze,Saba Goglichidze,12356,33
2024-25,Empoli,Pellegri,Pietro Pellegri,4932,11
2024-25,Lecce,Oudin,Remi Oudin,6884,11
2024-25,Lecce,Guilbert,Frederic Guilbert,3253,31
2024-25,Lecce,Rebic,Ante Rebic,1852,27
2024-25,Lecce,Jean,Gaby Jean,13027,19
2024-25,Cagliari,Viola,Nicolas Viola,6196,27
2024-25,Cagliari,Felici,Mattia Felici,12868,20
2024-25,Lazio,Tavares N.,Nuno Tavares,9691,23
2024-25,AC Milan,Abraham,Tammy Abraham,702,28
2024-25,AC Milan,Terracciano F.,Filippo Terracciano,8512,13
2024-25,Napoli,Lukaku,Romelu Lukaku,594,36
2024-25,Parma Calcio 1913,Kowalski,Mateusz Kowalski,12786,1
2024-25,Parma Calcio 1913,Charpentier,Gabriel Charpentier,13030,10
2024-25,Parma Calcio 1913,Osorio,Yordan Osorio,8012,3
2024-25,Fiorentina,Cataldi,Danilo Cataldi,1206,24
2024-25,Fiorentina,Adli,Yacine Adli,6762,25
2024-25,Fiorentina,Bove,Edoardo Bove,9518,11
2024-25,Fiorentina,Gosens,Robin Gosens,6155,31
2024-25,Monza,Turati,Stefano Turati,8101,30
2024-25,Monza,D'Ambrosio,Danilo D&#039;Ambrosio,1523,20
2024-25,Monza,Carboni A.,Andrea Carboni,8232,26
2024-25,Genoa,Accornero,Federico Accornero,12778,1
2024-25,Verona,Bradaric,Domagoj Bradaric,7755,28
2024-25,Verona,Daniliuc,Flavius Daniliuc,8663,18
2024-25,Juventus,Conceicao,Francisco Conceição,13052,26
2024-25,Juventus,Koopmeiners,Teun Koopmeiners,9969,28
2024-25,Juventus,McKennie,Weston McKennie,5360,32
2024-25,Juventus,Gonzalez N.,Nicolás González,7074,26
2024-25,Roma,Saelemaekers,Alexis Saelemaekers,8297,22
2024-25,Roma,Pisilli,Niccolò Pisilli,11470,28
2024-25,Udinese,Bravo,Iker Bravo,10090,29
2024-25,Udinese,Kristensen T.,Thomas Thiesson Kristensen,12040,24
2024-25,Como,Kempf,Marc-Oliver Kempf,4291,31
2024-25,Como,Fadera,Alieu Fadera,12997,28
2024-25,Como,Van Der Brempt,Ignace Van der Brempt,13050,20
2024-25,Como,Audero,Emil Audero,1302,8
2024-25,Bologna,Pobega,Tommaso Pobega,8912,21
2024-25,Bologna,Casale,Nicolò Casale,8829,15
2024-25,Bologna,Iling Junior,Samuel Iling-Junior,10616,7
2024-25,Empoli,Anjorin,Faustino Anjorin,8383,22
2024-25,Juventus,Perin,Mattia Perin,1093,5
2024-25,AC Milan,Gabbia,Matteo Gabbia,4920,26
2024-25,AC Milan,Zeroli,Kevin Zeroli,11968,1
2024-25,Venezia,Busio,Gianluca Busio,9904,33
2024-25,Venezia,Schingtienne,Joël Schingtienne,13006,16
2024-25,Venezia,Carboni F.,Franco Ezequiel Carboni,9057,8
2024-25,Venezia,Yeboah J.,John Yeboah,7234,33
2024-25,Genoa,Bohinen,Emil Bohinen,9425,3
2024-25,Roma,Hermoso,Mario Hermoso,6136,8
2024-25,Atalanta,Lookman,Ademola Lookman,5556,31
2024-25,Atalanta,Kolasinac,Sead Kolasinac,342,23
2024-25,Fiorentina,De Gea,David de Gea,546,34
2024-25,Torino,Gineitis,Gvidas Gineitis,11278,30
2024-25,Cagliari,Zortea,Nadir Zortea,9866,35
2024-25,Cagliari,Makoumbou,Antoine Makoumbou,11957,33
2024-25,Cagliari,Mutandwa,Kingstone Mutandwa,12334,6
2024-25,Cagliari,Gaetano,Gianluca Gaetano,7507,28
2024-25,Napoli,Gilmour,Billy Gilmour,7988,26
2024-25,Napoli,McTominay,Scott McTominay,5560,34
2024-25,Monza,Bianco,Alessandro Bianco,9322,34
2024-25,Inter,Zielinski,Piotr Zielinski,1386,26
2024-25,Inter,Correa,Joaquín Correa,1809,19
2024-25,Inter,De Vrij,Stefan de Vrij,1541,25
2024-25,Parma Calcio 1913,Hernani,Hernani,5509,25
2024-25,Parma Calcio 1913,Chichizola,Leandro Chichizola,6078,1
2024-25,Parma Calcio 1913,Keita M.,Mandela Keita,13097,30
2024-25,Lazio,Gila,Mario Gila,10577,32
2024-25,Verona,Faraoni,Marco Faraoni,3978,8
2024-25,Verona,Cisse' A.,Alphadjo Cissè,11418,2
2024-25,Verona,Sarr A.,Amin Sarr,11350,32
2024-25,Empoli,De Sciglio,Mattia De Sciglio,1120,16
2024-25,Verona,Lambourde,Mathis Lambourde,11996,7
2024-25,Torino,Njie,Alieu Njie,12365,16
2024-25,Torino,Maripan,Guillermo Maripán,6073,28
2024-25,Napoli,Folorunsho,Michael Folorunsho,11877,6
2024-25,Napoli,Caprile,Elia Caprile,7087,4
2024-25,Lecce,Pelmard,Andy Pelmard,6501,3
2024-25,Parma Calcio 1913,Haj Mohamed,Anas Haj Mohamed,12788,15
2024-25,Fiorentina,Gudmundsson A.,Albert Gudmundsson,10366,24
2024-25,Monza,Maric,Mirko Maric,11498,8
2024-25,Monza,Forson O.,Omari Forson,12340,9
2024-25,Bologna,Ravaglia F.,Federico Ravaglia,1544,12
2024-25,Udinese,Toure' I.s.,Souleymane Isaak Touré,10854,12
2024-25,Atalanta,Kossounou,Odilon Kossounou,9714,18
2024-25,Atalanta,Cuadrado,Juan Cuadrado,1089,23
2024-25,Atalanta,Vlahovic V.,Vanja Vlahovic,13009,3
2024-25,AC Milan,Bartesaghi,Davide Bartesaghi,11967,4
2024-25,Udinese,Atta,Arthur Atta,11800,27
2024-25,Genoa,Ahanor,Honest Ahanor,12779,6
2024-25,Genoa,Kasa,Lior Kasa,13046,8
2024-25,Genoa,Miretti,Fabio Miretti,9966,25
2024-25,Genoa,Matturro,Alan Matturro,12078,13
2024-25,Genoa,Ankeye,David Ankeye,12440,4
2024-25,Bologna,Holm,Emil Holm,10956,21
2024-25,Torino,Paleari,Alberto Paleari,9044,1
2024-25,Torino,Vlasic,Nikola Vlasic,6276,30
2024-25,Lazio,Pellegrini Lu.,Luca Pellegrini,4970,22
2024-25,Como,Jasim,Ali Jasim,12998,2
2024-25,Monza,Martins K.,Kevin Martins,13129,9
2024-25,Verona,Okou,Yllan Okou,10460,1
2024-25,Verona,Ghilardi,Daniele Ghilardi,12858,24
2024-25,Udinese,Abankwah,James Abankwah,10881,6
2024-25,Genoa,Melegoni,Filippo Melegoni,4959,3
2024-25,Genoa,Norton-Cuffy,Brooke Norton-Cuffy,13136,14
2024-25,Genoa,Masini,Patrizio Masini,12777,26
2024-25,Genoa,Marcandalli,Alessandro Marcandalli,12958,2
2024-25,Genoa,Leali,Nicola Leali,1873,29
2024-25,Bologna,Dominguez B.,Benjamín Domínguez,13061,24
2024-25,Juventus,Adzic,Vasilije Adzic,13072,6
2024-25,Empoli,Konate Is.,Ismael Konaté,13071,12
2024-25,Lecce,Kaba,Mohamed Kaba,11946,14
2024-25,Venezia,Stankovic F.,Filip Stankovic,8308,16
2024-25,Udinese,Rui Modesto,Rui Modesto,13099,20
2024-25,Lecce,Sansone,Nicola Sansone,1826,5
2024-25,Lazio,Gigot,Samuel Gigot,6773,15
2024-25,Monza,Valoti,Mattia Valoti,3899,5
2024-25,Roma,Hummels,Mats Hummels,373,14
2024-25,Bologna,Ferguson,Lewis Ferguson,11039,16
2024-25,Bologna,Calabria,Davide Calabria,1574,11
2024-25,AC Milan,Joao Felix,João Félix,7892,15
2024-25,AC Milan,Gimenez,Santiago Giménez,13453,14
2024-25,AC Milan,Jimenez A.,Alejandro Jiménez,12168,22
2024-25,Verona,Perilli,Simone Perilli,11022,2
2024-25,AC Milan,Camarda,Francesco Camarda,12218,10
2024-25,Napoli,Zerbin,Alessio Zerbin,4911,2
2024-25,Empoli,Sambia,Junior Sambia,6239,17
2024-25,Inter,Palacios T.,Tomás Palacios,13095,2
2024-25,Genoa,Pereiro,Gastón Pereiro,8289,2
2024-25,Udinese,Ebosse,Enzo Ebosse,8632,2
2024-25,Empoli,Marianucci,Luca Marianucci,11876,18
2024-25,Parma Calcio 1913,Benedyczak,Adrian Benedyczak,13172,9
2024-25,Genoa,Balotelli,Mario Balotelli,1817,6
2024-25,Parma Calcio 1913,Leoni,Giovanni Leoni,13031,17
2024-25,Cagliari,Sherri,Alen Sherri,12867,7
2024-25,Roma,Dahl,Samuel Dahl,12869,2
2024-25,Inter,Buchanan T.,Tajon Buchanan,12322,6
2024-25,Atalanta,Scalvini,Giorgio Scalvini,9107,6
2024-25,Como,Jack,Fellipe Jack,13112,7
2024-25,Roma,Abdulhamid,Saud Abdulhamid,13053,4
2024-25,Venezia,Bjarkason,Bjarki Steinn Bjarkason,9889,9
2024-25,Lecce,Helgason,Thórir Helgason,10906,21
2024-25,Juventus,Pugno,Diego Pugno,13254,1
2024-25,Parma Calcio 1913,Valenti,Lautaro Valenti,8967,20
2024-25,Monza,Sensi,Stefano Sensi,1465,12
2024-25,Udinese,Sava,Razvan Sava,8321,12
2024-25,Como,Kone B.,Ben Kone,6443,4
2024-25,AC Milan,Liberali,Mattia Liberali,13151,1
2024-25,Monza,Ciurria,Patrick Ciurria,10894,21
2024-25,Udinese,Sanchez,Alexis Sánchez,498,13
2024-25,Lecce,Bonifazi,Kevin Bonifazi,3951,3
2024-25,Fiorentina,Moreno M.,Matías Moreno,13083,4
2024-25,Udinese,Solet,Oumar Solet,6618,19
2024-25,Monza,Akpa Akpro,Jean-Daniel Akpa-Akpro,3209,14
2024-25,Lecce,Karlsson,Jesper Karlsson,12006,13
2024-25,Como,Butez,Jean Butez,5610,19
2024-25,Como,Diao,Assane Diao,12081,15
2024-25,Como,Caqueret,Maxence Caqueret,7328,18
2024-25,Empoli,Seghetti,Jacopo Seghetti,11170,1
2024-25,AC Milan,Omoregbe,Bob Omoregbe,13328,1
2024-25,Cagliari,Caprile,Elia Caprile,7087,18
2024-25,Venezia,Condè,Cheick Conde,13338,9
2024-25,Fiorentina,Folorunsho,Michael Folorunsho,11877,14
2024-25,Genoa,Venturino,Lorenzo Venturino,13349,6
2024-25,Lecce,Burnete,Rares Burnete,11947,4
2024-25,Parma Calcio 1913,Vogliacco,Alessandro Vogliacco,12124,10
2024-25,Venezia,Zerbin,Alessio Zerbin,4911,18
2024-25,Empoli,Zurkowski,Szymon Zurkowski,7910,5
2024-25,Juventus,Kolo Muani,Randal Kolo Muani,5743,16
2024-25,Parma Calcio 1913,Djuric,Milan Djuric,3856,9
2024-25,Udinese,Pafundi,Simone Pafundi,10596,9
2024-25,Roma,Rensch,Devyne Rensch,13389,14
2024-25,Venezia,Candè,Fali Candé,10389,17
2024-25,Genoa,Cornet,Maxwel Cornet,3278,7
2024-25,Monza,Urbanski,Kacper Urbanski,9503,8
2024-25,Monza,Lekovic,Stefan Lekovic,12310,7
2024-25,Parma Calcio 1913,Ondrejka,Jacob Ondrejka,13386,12
2024-25,Monza,Castrovilli,Gaetano Castrovilli,7909,12
2024-25,Monza,Palacios T.,Tomás Palacios,13095,8
2024-25,Verona,Niasse,Cheikh Niasse,7758,11
2024-25,Verona,Ajayi,Junior Ajayi,12639,2
2024-25,Venezia,Perez K.,Kike Pérez,8470,16
2024-25,Atalanta,Rui Patricio,Rui Patrício,6849,3
2024-25,Atalanta,Scamacca,Gianluca Scamacca,6253,1
2024-25,Bologna,El Azzouzi,Oussama El Azzouzi,11962,2
2024-25,Como,Ikone',Jonathan Ikone,5661,13
2024-25,Como,Valle,Álex Valle,12822,15
2024-25,Juventus,Veiga R.,Renato Veiga,11383,13
2024-25,Empoli,Bacci,Jacopo Bacci,13244,3
2024-25,Empoli,Tosto,Lorenzo Tosto,12802,1
2024-25,AC Milan,Walker,Kyle Walker,638,11
2024-25,Inter,Zalewski,Nicola Zalewski,9036,11
2024-25,Como,Douvikas,Tasos Douvikas,12030,13
2024-25,Como,Smolcic I.,Ivan Smolcic,13443,9
2024-25,Juventus,Kelly L.,Lloyd Kelly,8090,12
2024-25,Verona,Bernede,Antoine Bernede,6360,14
2024-25,Verona,Oyegoke,Daniel Oyegoke,13401,5
2024-25,Verona,Valentini N.,Nicolás Valentini,13313,14
2024-25,Atalanta,Posch,Stefan Posch,5329,5
2024-25,Empoli,Kouame',Christian Kouamé,7091,8
2024-25,Torino,Biraghi,Cristiano Biraghi,1164,15
2024-25,Torino,Casadei,Cesare Casadei,10433,15
2024-25,Venezia,Maric,Mirko Maric,11498,10
2024-25,Venezia,Marcandalli,Alessandro Marcandalli,12958,8
2024-25,Venezia,Fila,Daniel Fila,13448,10
2024-25,Venezia,Radu I.,Ionut Radu,1830,15
2024-25,Roma,Nelsson,Victor Nelsson,13449,4
2024-25,Roma,Gourna-Douath,Lucas Gourna Douath,8372,6
2024-25,Cagliari,Coman F.,Florinel Coman,13444,9
2024-25,Monza,Ganvoula,Silvère Ganvoula,9707,7
2024-25,Monza,Zeroli,Kevin Zeroli,11968,8
2024-25,Lecce,N'Dri,Konan N’Dri,13451,11
2024-25,Napoli,Okafor,Noah Okafor,11966,4
2024-25,Fiorentina,Fagioli,Nicolo Fagioli,7379,15
2024-25,Fiorentina,Zaniolo,Nicolo Zaniolo,6686,9
2024-25,Torino,Elmas,Eljif Elmas,7912,13
2024-25,Napoli,Marin R.,Rafa Marín,10200,4
2024-25,AC Milan,Sottil,Riccardo Sottil,6672,6
2024-25,Fiorentina,Ndour,Cher Ndour,11768,9
2024-25,Monza,Brorsson,Arvid Brorsson,13400,6
2024-25,Monza,Keita B.,Keita,1210,11
2024-25,Lecce,Veiga D.,Danilo Veiga,13395,13
2024-25,Empoli,Silvestri,Marco Silvestri,6132,5
2024-25,Empoli,Kovalenko,Viktor Kovalenko,9344,6
2024-25,Roma,Salah-Eddine,Anass Salah-Eddine,13450,3
2024-25,Genoa,Onana J.,Jean Onana,8330,9
2024-25,Parma Calcio 1913,Pellegrino M.,Mateo Pellegrino,13446,13
2024-25,Lazio,Belahyane,Reda Belahyane,11049,6
2024-25,Lazio,Mandas,Christos Mandas,12043,9
2024-25,Inter,Martinez Jo.,Josep Martínez,9052,5
2024-25,Como,Vojvoda,Mergim Vojvoda,8819,11
2024-25,Napoli,Billing,Philip Billing,6034,10
2024-25,Fiorentina,Mari',Pablo Marí,8380,13
2024-25,Fiorentina,Caprini,Maat Caprini,12584,1
2024-25,Empoli,Campaniello,Thomas Campaniello,13269,3
2024-25,Lecce,Sala M.,Marco Sala,12907,2
2024-25,Atalanta,Maldini,Daniel Maldini,8163,10
2024-25,Udinese,Padelli,Daniele Padelli,1195,1
2024-25,Juventus,Alberto Costa,Alberto Costa,13354,9
2024-25,AC Milan,Sportiello,Marco Sportiello,1501,2
2024-25,AC Milan,Bondo,Warren Bondo,10898,4
2024-25,Como,Alli,Dele Alli,645,1
2024-25,Lazio,Ibrahimovic A.,Arijon Ibrahimovic,10248,1
2024-25,Bologna,Pedrola,Estanis Pedrola,10222,1
2024-25,Empoli,Ebuehi,Tyronne Ebuehi,9877,4
2024-25,Lazio,Provstgaard,Oliver Provstgaard,13447,2
2024-25,Napoli,Scuffet,Simone Scuffet,1158,1
2024-25,Udinese,Pizarro,Damián Pizarro,13049,2
2024-25,Lecce,Tiago Gabriel,Tiago Gabriel,13396,2
2024-25,Genoa,Otoa,Sebastian Otoa,13478,3
2024-25,Torino,Perciun,Sergiu Perciun,13270,5
2024-25,Torino,Cacciamani,Alessio Cacciamani,13599,2
2024-25,Genoa,Siegrist,Benjamin Siegrist,13411,2
2024-25,Cagliari,Pintus,Nicola Pintus,13562,1
2024-25,Inter,Topalovic,Luka Topalovic,13340,1
2024-25,Cagliari,Ciocci,Giuseppe Ciocci,8185,1
2024-25,Genoa,Sommariva,Daniele Sommariva,1922,1
2024-25,AC Milan,Florenzi,Alessandro Florenzi,1254,1
2024-25,Monza,Mazza,Andrea Mazza,12357,1
2024-25,Torino,Gabellini,Tommaso Gabellini,13164,1
2024-25,Udinese,Palma,Matteo Palma,12635,1
2025-26,Genoa,Masini,Patrizio Masini,12777,28
2025-26,Genoa,Frendrup,Morten Frendrup,10365,36
2025-26,Genoa,Marcandalli,Alessandro Marcandalli,12958,32
2025-26,Genoa,Colombo,Lorenzo Colombo,8478,38
2025-26,Genoa,Ellertsson,Mikael Ellertsson,10957,36
2025-26,Genoa,Ekhator,Jeff Ekhator,12776,30
2025-26,Genoa,Leali,Nicola Leali,1873,22
2025-26,Genoa,Thorsby,Morten Thorsby,7939,13
2025-26,Genoa,Martin,Aarón Martín,5133,33
2025-26,Genoa,Vasquez,Johan Vásquez,9985,36
2025-26,Genoa,Messias,Junior Messias,8838,20
2025-26,Genoa,Stanciu,Nicolae Stanciu,13873,4
2025-26,Genoa,Norton-Cuffy,Brooke Norton-Cuffy,13136,27
2025-26,Genoa,Carboni V.,Valentín Carboni,11080,12
2025-26,Genoa,Vitinha O.,Vitinha,11380,35
2025-26,Lecce,Tete Morente,Tete Morente,8895,16
2025-26,Lecce,Tiago Gabriel,Tiago Gabriel,13396,37
2025-26,Lecce,Kaba,Mohamed Kaba,11946,15
2025-26,Lecce,Camarda,Francesco Camarda,12218,21
2025-26,Lecce,Falcone,Wladimiro Falcone,4984,38
2025-26,Lecce,Gallo,Antonino Gallo,8009,37
2025-26,Lecce,Kouassi,Owen Kouassi,13874,4
2025-26,Lecce,Ramadani,Ylber Ramadani,11945,37
2025-26,Lecce,Sottil,Riccardo Sottil,6672,21
2025-26,Lecce,Pierret,Balthazar Pierret,8241,3
2025-26,Lecce,Banda,Lameck Banda,7628,32
2025-26,Lecce,Berisha M.,Medon Berisha,10908,13
2025-26,Lecce,N'Dri,Konan N’Dri,13451,27
2025-26,Lecce,Coulibaly L.,Lassana Coulibaly,3334,33
2025-26,Lecce,Gaspar K.,Kialonda Gaspar,12885,23
2025-26,Lecce,Veiga D.,Danilo Veiga,13395,36
2025-26,Sassuolo,Pinamonti,Andrea Pinamonti,4895,36
2025-26,Sassuolo,Romagna,Filippo Romagna,2058,5
2025-26,Sassuolo,Walukiewicz,Sebastian Walukiewicz,8030,34
2025-26,Sassuolo,Berardi,Domenico Berardi,1612,26
2025-26,Sassuolo,Muharemovic,Tarik Muharemovic,13879,32
2025-26,Sassuolo,Turati,Stefano Turati,8101,6
2025-26,Sassuolo,Candè,Fali Candé,10389,12
2025-26,Sassuolo,Ghion,Andrea Ghion,7627,1
2025-26,Sassuolo,Lipani,Luca Lipani,11929,24
2025-26,Sassuolo,Pierini,Nicholas Pierini,2012,11
2025-26,Sassuolo,Fadera,Alieu Fadera,12997,28
2025-26,Sassuolo,Doig,Josh Doig,11023,30
2025-26,Sassuolo,Boloca,Daniel Boloca,11930,2
2025-26,Sassuolo,Laurientè,Armand Lauriente,6697,38
2025-26,Sassuolo,Moro L.,Luca Moro,13880,14
2025-26,Sassuolo,Konè I.,Ismaël Koné,13069,35
2025-26,Napoli,Juan Jesus,Juan Jesus,1247,24
2025-26,Napoli,Rrahmani,Amir Rrahmani,7924,21
2025-26,Napoli,Politano,Matteo Politano,1473,34
2025-26,Napoli,Gilmour,Billy Gilmour,7988,17
2025-26,Napoli,Vergara,Antonio Vergara,10241,12
2025-26,Napoli,Meret,Alex Meret,1892,11
2025-26,Napoli,Lucca,Lorenzo Lucca,11936,16
2025-26,Napoli,Spinazzola,Leonardo Spinazzola,1500,32
2025-26,Napoli,Lobotka,Stanislav Lobotka,6125,32
2025-26,Napoli,Lang,Noa Lang,13881,18
2025-26,Napoli,Olivera,Mathías Olivera,6368,25
2025-26,Napoli,Neres,David Neres,12993,16
2025-26,Napoli,McTominay,Scott McTominay,5560,33
2025-26,Napoli,Di Lorenzo,Giovanni Di Lorenzo,6978,26
2025-26,Napoli,De Bruyne,Kevin De Bruyne,447,18
2025-26,AC Milan,Estupinan,Estupiñán,5136,19
2025-26,AC Milan,Gimenez,Santiago Giménez,13453,16
2025-26,AC Milan,Modric,Luka Modric,2250,34
2025-26,AC Milan,Jashari,Ardon Jashari,13895,14
2025-26,AC Milan,Maignan,Mike Maignan,3737,37
2025-26,AC Milan,Tomori,Fikayo Tomori,703,33
2025-26,AC Milan,Gabbia,Matteo Gabbia,4920,30
2025-26,AC Milan,Pulisic,Christian Pulisic,2662,30
2025-26,AC Milan,Chukwueze,Samuel Chukwueze,7208,1
2025-26,AC Milan,Saelemaekers,Alexis Saelemaekers,8297,35
2025-26,AC Milan,Pavlovic,Strahinja Pavlovic,8642,34
2025-26,AC Milan,Loftus-Cheek,Ruben Loftus-Cheek,688,28
2025-26,AC Milan,Jimenez A.,Alejandro Jiménez,12168,1
2025-26,AC Milan,Fofana Y.,Youssouf Fofana,6945,33
2025-26,Cremonese,Ceccherini,Federico Ceccherini,1370,9
2025-26,Cremonese,Collocolo,Michele Collocolo,13899,8
2025-26,Cremonese,Audero,Emil Audero,1302,34
2025-26,Cremonese,Grassi,Alberto Grassi,1504,30
2025-26,Cremonese,Bianchetti,Matteo Bianchetti,1843,27
2025-26,Cremonese,Zerbin,Alessio Zerbin,4911,32
2025-26,Cremonese,Baschirotto,Federico Baschirotto,10902,29
2025-26,Cremonese,Vandeputte,Jari Vandeputte,13898,32
2025-26,Cremonese,Sanabria,Antonio Sanabria,2217,25
2025-26,Cremonese,Okereke,David Okereke,9905,10
2025-26,Cremonese,Bonazzoli,Federico Bonazzoli,2019,35
2025-26,Cremonese,Payero,Martín Payero,12084,25
2025-26,Cremonese,Bondo,Warren Bondo,10898,27
2025-26,Cremonese,De Luca,Manuel De Luca,1598,2
2025-26,Cremonese,Pezzella Giu.,Giuseppe Pezzella,1281,31
2025-26,Cremonese,Terracciano F.,Filippo Terracciano,8512,36
2025-26,Roma,Angelino,Angelino,1040,7
2025-26,Roma,Wesley,Wesley,13891,30
2025-26,Roma,Rensch,Devyne Rensch,13389,24
2025-26,Roma,Hermoso,Mario Hermoso,6136,27
2025-26,Roma,Svilar,Mile Svilar,10967,38
2025-26,Roma,Soulè,Matìas Soulè Malvano,9965,33
2025-26,Roma,Cristante,Bryan Cristante,1168,37
2025-26,Roma,Mancini,Gianluca Mancini,6159,36
2025-26,Roma,Dybala,Paulo Dybala,1294,22
2025-26,Roma,Dovbyk,Artem Dovbyk,11736,14
2025-26,Roma,El Aynaoui,Neil El Aynaoui,12104,25
2025-26,Roma,Ferguson E.,Evan Ferguson,10177,16
2025-26,Roma,El Shaarawy,Stephan El Shaarawy,1252,20
2025-26,Bologna,Zortea,Nadir Zortea,9866,32
2025-26,Bologna,Bernardeschi,Federico Bernardeschi,1424,29
2025-26,Bologna,Odgaard,Jens Odgaard,7005,26
2025-26,Bologna,Vitik,Martin Vitík,13893,19
2025-26,Bologna,Skorupski,Lukasz Skorupski,1305,19
2025-26,Bologna,Immobile,Ciro Immobile,1209,6
2025-26,Bologna,Orsolini,Riccardo Orsolini,6160,35
2025-26,Bologna,Pobega,Tommaso Pobega,8912,26
2025-26,Bologna,Fabbian,Giovanni Fabbian,11964,14
2025-26,Bologna,Lykogiannis,Charalampos Lykogiannis,6517,10
2025-26,Bologna,Freuler,Remo Freuler,1488,29
2025-26,Bologna,Cambiaghi,Nicolò Cambiaghi,7576,28
2025-26,Bologna,Casale,Nicolò Casale,8829,12
2025-26,Bologna,Lucumì,Jhon Lucumí,11038,29
2025-26,Bologna,De Silvestri,Lorenzo De Silvestri,1193,12
2025-26,Bologna,Castro S.,Santiago Castro,12528,35
2025-26,Cagliari,Mina,Yerry Mina,6521,26
2025-26,Cagliari,Kilicsoy,Semih Kiliçsoy,13930,22
2025-26,Cagliari,Deiola,Alessandro Deiola,1634,20
2025-26,Cagliari,Zappa,Gabriele Zappa,8857,31
2025-26,Cagliari,Mazzitelli,Luca Mazzitelli,1477,18
2025-26,Cagliari,Folorunsho,Michael Folorunsho,11877,27
2025-26,Cagliari,Caprile,Elia Caprile,7087,38
2025-26,Cagliari,Gaetano,Gianluca Gaetano,7507,33
2025-26,Cagliari,Luperto,Sebastiano Luperto,1639,19
2025-26,Cagliari,Obert,Adam Obert,10073,35
2025-26,Cagliari,Prati,Matteo Prati,11959,20
2025-26,Cagliari,Borrelli,Gennaro Borrelli,11883,27
2025-26,Cagliari,Adopo,Ndary Adopo,6706,38
2025-26,Cagliari,Esposito Se.,Sebastiano Esposito,7969,36
2025-26,Cagliari,Idrissi R.,Riyad Idrissi,13929,23
2025-26,Fiorentina,Dodò,Dodô,10935,36
2025-26,Fiorentina,Fagioli,Nicolo Fagioli,7379,33
2025-26,Fiorentina,Fazzini,Jacopo Fazzini,10303,20
2025-26,Fiorentina,Comuzzo,Pietro Comuzzo,11902,27
2025-26,Fiorentina,Marì,Pablo Marí,8380,11
2025-26,Fiorentina,Viti,Mattia Viti,9855,10
2025-26,Fiorentina,Ndour,Cher Ndour,11768,33
2025-26,Fiorentina,Parisi,Fabiano Parisi,9924,23
2025-26,Fiorentina,Kean,Moise Kean,1304,26
2025-26,Fiorentina,Gosens,Robin Gosens,6155,26
2025-26,Fiorentina,Mandragora,Rolando Mandragora,3821,34
2025-26,Fiorentina,Sohm,Simon Sohm,9029,16
2025-26,Fiorentina,Pongracic,Marin Pongracic,8303,35
2025-26,Fiorentina,Ranieri L.,Luca Ranieri,6696,34
2025-26,Fiorentina,De Gea,David de Gea,546,37
2025-26,Fiorentina,Gudmundsson A.,Albert Gudmundsson,10366,33
2025-26,Como,Sergi Roberto,Sergi Roberto,2104,20
2025-26,Como,Douvikas,Tasos Douvikas,12030,38
2025-26,Como,Morata,Álvaro Morata,1804,26
2025-26,Como,Butez,Jean Butez,5610,38
2025-26,Como,Kempf,Marc-Oliver Kempf,4291,34
2025-26,Como,Perrone,Máximo Perrone,11378,36
2025-26,Como,Kuhn,Nicolas Kühn,13933,23
2025-26,Como,Ramon,Jacobo Ramón,12436,32
2025-26,Como,Vojvoda,Mergim Vojvoda,8819,30
2025-26,Como,Caqueret,Maxence Caqueret,7328,30
2025-26,Como,Valle,Álex Valle,12822,28
2025-26,Como,Da Cunha,Lucas Da Cunha,8182,36
2025-26,Como,Smolcic I.,Ivan Smolcic,13443,28
2025-26,Como,Rodriguez Je.,Jesús Rodriguez,13059,31
2025-26,Como,Van Der Brempt,Ignace Van der Brempt,13050,20
2025-26,Como,Paz N.,Nico Paz,11541,35
2025-26,Lazio,Pedro,Pedro,687,29
2025-26,Lazio,Rovella,Nicolo Rovella,7411,11
2025-26,Lazio,Castellanos,Valentín Castellanos,10948,11
2025-26,Lazio,Lazzari,Manuel Lazzari,6180,23
2025-26,Lazio,Cataldi,Danilo Cataldi,1206,27
2025-26,Lazio,Provedel,Ivan Provedel,6982,27
2025-26,Lazio,Guendouzi,Matteo Guendouzi,5759,16
2025-26,Lazio,Zaccagni,Mattia Zaccagni,1958,26
2025-26,Lazio,Provstgaard,Oliver Provstgaard,13447,26
2025-26,Lazio,Cancellieri,Matteo Cancellieri,9071,30
2025-26,Lazio,Gila,Mario Gila,10577,31
2025-26,Lazio,Marusic,Adam Marusic,6176,33
2025-26,Lazio,Dia,Boulaye Dia,7224,27
2025-26,Lazio,Tavares N.,Nuno Tavares,9691,23
2025-26,Lazio,Dele-Bashiru,Fisayo Dele-Bashiru,12872,24
2025-26,Lazio,Pellegrini Lu.,Luca Pellegrini,4970,24
2025-26,Atalanta,Bellanova,Raoul Bellanova,6412,24
2025-26,Atalanta,Maldini,Daniel Maldini,8163,9
2025-26,Atalanta,Pasalic,Mario Pasalic,1134,33
2025-26,Atalanta,Kossounou,Odilon Kossounou,9714,19
2025-26,Atalanta,Krstovic,Nikola Krstovic,12008,33
2025-26,Atalanta,Samardzic,Lazar Samardzic,8341,26
2025-26,Atalanta,Hien,Isak Hien,11053,28
2025-26,Atalanta,Zalewski,Nicola Zalewski,9036,33
2025-26,Atalanta,Scamacca,Gianluca Scamacca,6253,24
2025-26,Atalanta,Carnesecchi,Marco Carnesecchi,8871,37
2025-26,Atalanta,Scalvini,Giorgio Scalvini,9107,24
2025-26,Atalanta,De Ketelaere,Charles De Ketelaere,10877,31
2025-26,Atalanta,Sulemana K.,Kamaldeen Sulemana,9630,25
2025-26,Atalanta,De Roon,Marten de Roon,1710,34
2025-26,Atalanta,Ederson D.S.,Éderson,10404,30
2025-26,Pisa,Denoon,Daniel Denoon,13937,2
2025-26,Pisa,Calabresi,Arturo Calabresi,3965,26
2025-26,Pisa,Angori,Samuele Angori,10345,35
2025-26,Pisa,Cuadrado,Juan Cuadrado,1089,19
2025-26,Pisa,Meister,Henrik Meister,12881,28
2025-26,Pisa,Akinsanmiro,Ebenezer Akinsanmiro,11586,24
2025-26,Pisa,Aebischer,Michel Aebischer,10383,35
2025-26,Pisa,Semper,Adrian Semper,6929,25
2025-26,Pisa,Nzola,M&#039;Bala Nzola,9018,16
2025-26,Pisa,Moreo,Stefano Moreo,13939,37
2025-26,Pisa,Canestrelli,Simone Canestrelli,9853,37
2025-26,Pisa,Caracciolo A.,Antonio Caracciolo,6133,35
2025-26,Pisa,Marin M.,Marius Marin,4990,23
2025-26,Pisa,Tourè I.,Idrissa Touré,13938,32
2025-26,Pisa,Piccinini G.,Gabriele Piccinini,13940,25
2025-26,Pisa,Tramoni M.,Matteo Tramoni,8880,27
2025-26,Juventus,Joao Mario,João Mário,13946,10
2025-26,Juventus,Bremer,Bremer,6960,26
2025-26,Juventus,Vlahovic,Dusan Vlahovic,7084,19
2025-26,Juventus,David,Jonathan Christian David,8636,35
2025-26,Juventus,Locatelli,Manuel Locatelli,1122,36
2025-26,Juventus,Yildiz,Kenan Yildiz,11942,36
2025-26,Juventus,Cambiaso,Andrea Cambiaso,9841,36
2025-26,Juventus,Kalulu,Pierre Kalulu Kyatengwa,8313,37
2025-26,Juventus,Gatti,Federico Gatti,10993,21
2025-26,Juventus,Conceicao,Francisco Conceição,13052,31
2025-26,Juventus,Koopmeiners,Teun Koopmeiners,9969,33
2025-26,Juventus,McKennie,Weston McKennie,5360,36
2025-26,Juventus,Gonzalez N.,Nicolás González,7074,2
2025-26,Juventus,Di Gregorio,Michele Di Gregorio,10890,30
2025-26,Juventus,Kelly L.,Lloyd Kelly,8090,35
2025-26,Juventus,Thuram K.,Kephren Thuram,7265,35
2025-26,Parma Calcio 1913,Bernabè,Adrián Bernabé,8867,32
2025-26,Parma Calcio 1913,Almqvist,Pontus Almqvist,9061,13
2025-26,Parma Calcio 1913,Circati,Alessandro Circati,12783,31
2025-26,Parma Calcio 1913,Valeri,Emanuele Valeri,11027,34
2025-26,Parma Calcio 1913,Djuric,Milan Djuric,3856,12
2025-26,Parma Calcio 1913,Benedyczak,Adrian Benedyczak,13172,14
2025-26,Parma Calcio 1913,Suzuki,Zion Suzuki,12781,20
2025-26,Parma Calcio 1913,Valenti,Lautaro Valenti,8967,27
2025-26,Parma Calcio 1913,Pellegrino M.,Mateo Pellegrino,13446,37
2025-26,Parma Calcio 1913,Keita M.,Mandela Keita,13097,37
2025-26,Parma Calcio 1913,Ordonez C.,Christian Ordóñez,13948,28
2025-26,Udinese,Bertola,Nicolò Bertola,9561,28
2025-26,Udinese,Lovric,Sandi Lovric,10878,6
2025-26,Udinese,Zarraga,Oier Zarraga,8728,24
2025-26,Udinese,Piotrowski,Jakub Piotrowski,13955,33
2025-26,Udinese,Karlstrom,Jesper Karlström,12853,36
2025-26,Udinese,Sava,Razvan Sava,8321,7
2025-26,Udinese,Bravo,Iker Bravo,10090,8
2025-26,Udinese,Atta,Arthur Atta,11800,32
2025-26,Udinese,Solet,Oumar Solet,6618,35
2025-26,Udinese,Zemura,Jordan Zemura,10740,17
2025-26,Udinese,Ehizibue,Kingsley Ehizibue,7785,32
2025-26,Udinese,Davis K.,Keinan Davis,1053,30
2025-26,Udinese,Bayo V.,Vakoun Bayo,13956,15
2025-26,Udinese,Kamara H.,Hassane Kamara,3729,26
2025-26,Udinese,Kristensen T.,Thomas Thiesson Kristensen,12040,28
2025-26,Verona,Giovane,Giovane,13961,21
2025-26,Verona,Unai Nunez,Unai Núñez,6149,17
2025-26,Verona,Montipò,Lorenzo Montipò,8881,35
2025-26,Verona,Mosquera,Daniel Mosquera,12857,22
2025-26,Verona,Frese,Martin Frese,12854,31
2025-26,Verona,Cham,Fallou Cham,13960,6
2025-26,Verona,Niasse,Cheikh Niasse,7758,20
2025-26,Verona,Ebosse,Enzo Ebosse,8632,4
2025-26,Verona,Bradaric,Domagoj Bradaric,7755,29
2025-26,Verona,Belghali,Rafik Belghali,13962,26
2025-26,Verona,Serdar,Suat Serdar,307,20
2025-26,Verona,Oyegoke,Daniel Oyegoke,13401,15
2025-26,Verona,Bernede,Antoine Bernede,6360,32
2025-26,Verona,Harroui,Abdou Harroui,9996,23
2025-26,Verona,Nelsson,Victor Nelsson,13449,38
2025-26,Verona,Sarr A.,Amin Sarr,11350,34
2025-26,Inter,Carlos Augusto,Carlos Augusto,10891,34
2025-26,Inter,Luis Henrique,Luis Henrique,8980,30
2025-26,Inter,Mkhitaryan,Henrikh Mkhitaryan,317,30
2025-26,Inter,Zielinski,Piotr Zielinski,1386,34
2025-26,Inter,Pavard,Benjamin Pavard,3363,1
2025-26,Inter,Acerbi,Francesco Acerbi,1463,18
2025-26,Inter,Diouf,Andy Diouf,9523,19
2025-26,Inter,Barella,Nicolò Barella,1409,34
2025-26,Inter,Bonny,Ange-Yoan Bonny,12784,33
2025-26,Inter,Dimarco,Federico Dimarco,1324,35
2025-26,Inter,Bastoni,Alessandro Bastoni,4939,28
2025-26,Inter,Sommer,Yann Sommer,199,33
2025-26,Inter,Thuram,Marcus Thuram,5992,29
2025-26,Inter,Dumfries,Denzel Dumfries,9840,20
2025-26,Inter,Martinez L.,Lautaro Martínez,7006,30
2025-26,Inter,Sucic P.,Petar Sucic,13964,34
2025-26,Torino,Tameze,Adrien Tameze,5996,24
2025-26,Torino,Biraghi,Cristiano Biraghi,1164,14
2025-26,Torino,Gineitis,Gvidas Gineitis,11278,29
2025-26,Torino,Coco,Saúl Coco,11741,35
2025-26,Torino,Israel,Franco Israel,9179,9
2025-26,Torino,Simeone,Giovanni Simeone,1102,32
2025-26,Torino,Vlasic,Nikola Vlasic,6276,37
2025-26,Torino,Anjorin,Faustino Anjorin,8383,15
2025-26,Torino,Masina,Adam Masina,1441,5
2025-26,Torino,Ngonge,Cyril Ngonge,11306,20
2025-26,Torino,Lazaro,Valentino Lazaro,6352,31
2025-26,Torino,Ilkhan,Emirhan Ilkhan,10899,19
2025-26,Torino,Aboukhlal,Zakaria Aboukhlal,10796,15
2025-26,Torino,Casadei,Cesare Casadei,10433,33
2025-26,Torino,Pedersen,Marcus Pedersen,12012,29
2025-26,Torino,Adams C.,Che Adams,7700,33
2025-26,Cremonese,Vazquez,Franco Vázquez,1836,15
2025-26,Sassuolo,Muric,Arijanet Muric,7027,32
2025-26,Sassuolo,Vranckx,Aster Vranckx,9935,16
2025-26,Sassuolo,Iannoni,Edoardo Iannoni,13965,15
2025-26,Sassuolo,Matic,Nemanja Matic,697,34
2025-26,Sassuolo,Volpato,Cristian Volpato,10084,24
2025-26,Sassuolo,Idzes,Jay Idzes,12989,35
2025-26,Lecce,Pierotti,Santiago Pierotti,12362,37
2025-26,Lecce,Stulic,Nikola Stulic,13969,34
2025-26,Lecce,Helgason,Thórir Helgason,10906,8
2025-26,AC Milan,Musah,Yunus Musah,8771,1
2025-26,AC Milan,Ricci S.,Samuele Ricci,7530,31
2025-26,Bologna,Heggem,Torbjørn Heggem,13894,27
2025-26,Bologna,Dallinga,Thijs Dallinga,10794,23
2025-26,Bologna,Moro N.,Nikola Moro,8626,30
2025-26,Bologna,Miranda J.,Juan Miranda,7286,32
2025-26,Como,Baturina,Martin Baturina,13934,29
2025-26,Parma Calcio 1913,Cutrone,Patrick Cutrone,4918,15
2025-26,Parma Calcio 1913,Oristanio,Gaetano Oristanio,11958,20
2025-26,Parma Calcio 1913,Estevez,Nahuel Estévez,9065,31
2025-26,Atalanta,Zappacosta,Davide Zappacosta,1178,35
2025-26,Atalanta,Brescianini,Marco Brescianini,7284,9
2025-26,Napoli,Ambrosino,Giuseppe Ambrosino,10532,3
2025-26,Napoli,Buongiorno,Alessandro Buongiorno,5025,33
2025-26,Cagliari,Palestra,Marco Palestra,11551,37
2025-26,Cagliari,Di Pardo,Alessandro Di Pardo,9134,3
2025-26,Pisa,Mateus Lusuardi,Mateus Lusuardi,11990,3
2025-26,Pisa,Leris,Mehdi Leris,6211,34
2025-26,Pisa,Stengs,Calvin Stengs,9919,4
2025-26,Roma,Celik,Mehmet Zeki Çelik,6872,34
2025-26,Genoa,Ekuban,Caleb Ekuban,9843,31
2025-26,Juventus,Kostic,Filip Kostic,64,18
2025-26,Torino,Maripan,Guillermo Maripán,6073,27
2025-26,Torino,Asllani,Kristjan Asllani,9854,15
2025-26,Torino,Ilic,Ivan Ilic,8828,8
2025-26,Fiorentina,Piccoli,Roberto Piccoli,7375,32
2025-26,Fiorentina,Kouadio,Eddy Kouadio,13045,3
2025-26,Fiorentina,Dzeko,Edin Dzeko,1253,11
2025-26,Inter,Calhanoglu,Hakan Calhanoglu,189,22
2025-26,Inter,Bisseck,Yann Bisseck,6414,23
2025-26,Inter,Esposito F.P.,Francesco Pio Esposito,14003,35
2025-26,Udinese,Rui Modesto,Rui Modesto,13099,3
2025-26,Udinese,Goglichidze,Saba Goglichidze,12356,8
2025-26,Udinese,Buksa,Adam Buksa,11102,25
2025-26,Udinese,Ekkelenkamp,Jurgen Ekkelenkamp,9993,31
2025-26,Lazio,Belahyane,Reda Belahyane,11049,13
2025-26,Lazio,Hysaj,Elseid Hysaj,1375,5
2025-26,Verona,Al-Musrati,Al Musrati,13423,18
2025-26,Verona,Bella-Kotchap,Armel Bella Kotchap,9710,19
2025-26,Cagliari,Zè Pedro,Zé Pedro,14019,23
2025-26,Cagliari,Felici,Mattia Felici,12868,12
2025-26,Cagliari,Belotti,Andrea Belotti,1186,8
2025-26,Parma Calcio 1913,Ndiaye,Niakhate Ndiaye,9447,11
2025-26,Juventus,Adzic,Vasilije Adzic,13072,10
2025-26,Juventus,Openda,Loïs Openda,10832,24
2025-26,Juventus,Cabal,Juan Cabal,11054,12
2025-26,Inter,Darmian,Matteo Darmian,557,6
2025-26,Inter,Akanji,Manuel Akanji,6490,33
2025-26,Fiorentina,Lamptey,Tariq Lamptey,8226,2
2025-26,Fiorentina,Nicolussi Caviglia,Hans Nicolussi Caviglia,7483,11
2025-26,Napoli,Elmas,Eljif Elmas,7912,33
2025-26,Napoli,Beukema,Sam Beukema,11961,24
2025-26,Napoli,Milinkovic-Savic V.,Vanja Milinkovic-Savic,6167,27
2025-26,Roma,Baldanzi,Tommaso Baldanzi,9951,10
2025-26,Roma,Pisilli,Niccolò Pisilli,11470,25
2025-26,Torino,Ismajli,Ardian Ismajli,9090,25
2025-26,Atalanta,Bernasconi,Lorenzo Bernasconi,11520,23
2025-26,Atalanta,Musah,Yunus Musah,8771,19
2025-26,Lecce,Siebert,Jamil Siebert,13875,21
2025-26,Lecce,Sala A.,Alex Sala,10955,9
2025-26,Pisa,Bonfanti,Giovanni Bonfanti,10413,9
2025-26,Udinese,Zaniolo,Nicolo Zaniolo,6686,32
2025-26,Sassuolo,Thorstvedt,Kristian Thorstvedt,10994,32
2025-26,Sassuolo,Cheddira,Walid Cheddira,11989,16
2025-26,Sassuolo,Coulibaly W.,Woyo Coulibaly,12782,20
2025-26,Lazio,Isaksen,Gustav Isaksen,11951,30
2025-26,Lazio,Romagnoli,Alessio Romagnoli,1119,32
2025-26,AC Milan,Terracciano,Pietro Terracciano,6977,2
2025-26,AC Milan,Nkunku,Christopher Nkunku,3300,32
2025-26,AC Milan,Rabiot,Adrien Rabiot,3291,29
2025-26,AC Milan,De Winter,Koni de Winter,9964,26
2025-26,Bologna,Ferguson,Lewis Ferguson,11039,27
2025-26,Bologna,Rowe,Jonathan Rowe,10172,28
2025-26,Verona,Gagliardini,Roberto Gagliardini,1496,29
2025-26,Verona,Orban G.,Gift Orban,12367,28
2025-26,Verona,Akpa Akpro,Jean-Daniel Akpa-Akpro,3209,22
2025-26,Cremonese,Vardy,Jamie Vardy,755,29
2025-26,Cremonese,Sarmiento J.,Jeremy Sarmiento,10036,7
2025-26,Como,Addai,Jayden Addai,13978,12
2025-26,Genoa,Sabelli,Stefano Sabelli,1898,16
2025-26,Lecce,Ndaba,Corrie Ndaba,13876,14
2025-26,Bologna,Dominguez B.,Benjamín Domínguez,13061,15
2025-26,Verona,Ajayi,Junior Ajayi,12639,1
2025-26,Verona,Santiago,Jesús Santiago,10561,2
2025-26,Verona,Kastanos,Grigoris Kastanos,4951,6
2025-26,Juventus,Zhegrova,Edon Zhegrova,10328,19
2025-26,Udinese,Zanoli,Alessandro Zanoli,9876,19
2025-26,Udinese,Miller L.,Lennon Miller,13958,24
2025-26,AC Milan,Athekame,Zachary Athekame,13896,27
2025-26,Lazio,Noslin,Tijjani Noslin,12378,29
2025-26,Roma,Tsimikas,Konstantinos Tsimikas,8852,18
2025-26,Roma,Pellegrini Lo.,Lorenzo Pellegrini,1471,24
2025-26,Cremonese,Moumbagna,Faris Moumbagna,12425,5
2025-26,Cremonese,Johnsen,Dennis Johnsen,9882,11
2025-26,Torino,Zapata D.,Duván Zapata,1148,28
2025-26,Atalanta,Ahanor,Honest Ahanor,12779,22
2025-26,Atalanta,Lookman,Ademola Lookman,5556,12
2025-26,Fiorentina,Fortini,Niccolò Fortini,12609,16
2025-26,Como,Diego Carlos,Diego Carlos,5712,27
2025-26,Como,Goldaniga,Edoardo Goldaniga,1264,2
2025-26,Como,Posch,Stefan Posch,5329,14
2025-26,Inter,Frattesi,Davide Frattesi,4981,22
2025-26,Inter,Martinez Jo.,Josep Martínez,9052,5
2025-26,Pisa,Lorran,Lorran,14046,9
2025-26,Cremonese,Silvestri,Marco Silvestri,6132,4
2025-26,Inter,De Vrij,Stefan de Vrij,1541,11
2025-26,Udinese,Palma,Matteo Palma,12635,5
2025-26,Udinese,Gueye,Idrissa Gueye,13811,19
2025-26,Pisa,Vural,Isak Vural,14047,15
2025-26,Roma,Ziolkowski,Jan Ziólkowski,14039,18
2025-26,Bologna,Holm,Emil Holm,10956,11
2025-26,AC Milan,Bartesaghi,Davide Bartesaghi,11967,31
2025-26,AC Milan,Leao,Rafael Leão,7193,29
2025-26,Napoli,Gutierrez,Miguel Gutiérrez,8513,28
2025-26,Napoli,Marianucci,Luca Marianucci,11876,2
2025-26,Parma Calcio 1913,Britschgi,Sascha Britschgi,13980,29
2025-26,Torino,Njie,Alieu Njie,12365,15
2025-26,Torino,Nkounkou,Niels Nkounkou,8109,11
2025-26,Genoa,Venturino,Lorenzo Venturino,13349,2
2025-26,Lazio,Patric,Patric,1204,14
2025-26,Lazio,Basic,Toma Basic,6902,23
2025-26,Torino,Dembelè A.,Ali Dembélé,11279,2
2025-26,Cremonese,Faye,Mikayil Faye,12530,8
2025-26,Cremonese,Barbieri,Tommaso Barbieri,11139,29
2025-26,Udinese,Kabasele,Christian Kabasele,1725,30
2025-26,Cagliari,Cavuoti,Nicolò Cavuoti,9895,4
2025-26,Cagliari,Pavoletti,Leonardo Pavoletti,1104,13
2025-26,Pisa,Buffon L.,Louis Buffon,13943,4
2025-26,Genoa,Otoa,Sebastian Otoa,13478,13
2025-26,Juventus,Rugani,Daniele Rugani,1301,6
2025-26,Pisa,Albiol,Raúl Albiol,1588,8
2025-26,Verona,Valentini N.,Nicolás Valentini,13313,21
2025-26,Roma,Bailey,Leon Bailey,5221,7
2025-26,Como,Moreno Alb.,Alberto Moreno,608,19
2025-26,Bologna,Ravaglia F.,Federico Ravaglia,1544,17
2025-26,Genoa,Cornet,Maxwel Cornet,3278,8
2025-26,Parma Calcio 1913,Troilo,Mariano Troilo,13979,21
2025-26,Lazio,Vecino,Matías Vecino,1423,13
2025-26,Cremonese,Lordkipanidze D.,Dachi Lordkipanidze,13900,1
2025-26,Udinese,Okoye,Maduka Okoye,8326,30
2025-26,Parma Calcio 1913,Hernani,Hernani,5509,4
2025-26,Como,Diao,Assane Diao,12081,17
2025-26,Lecce,Maleh,Youssef Maleh,9893,9
2025-26,Cremonese,Folino,Francesco Folino,13901,17
2025-26,Torino,Paleari,Alberto Paleari,9044,29
2025-26,Genoa,Onana J.,Jean Onana,8330,3
2025-26,Cagliari,Liteta,Joseph Liteta,14020,4
2025-26,Fiorentina,Sabiri,Abdelhamid Sabiri,6296,1
2025-26,Juventus,Perin,Mattia Perin,1093,9
2025-26,Roma,Ghilardi,Daniele Ghilardi,12858,23
2025-26,Parma Calcio 1913,Cremaschi,Benjamín Cremaschi,14021,8
2025-26,Parma Calcio 1913,Begic,Tjas Begic,13951,1
2025-26,Bologna,Pessina Mas.,Massimo Pessina,13237,4
2025-26,Bologna,Sulemana I.,Sulemana,10985,3
2025-26,Juventus,Miretti,Fabio Miretti,9966,23
2025-26,Napoli,Mazzocchi,Pasquale Mazzocchi,9902,16
2025-26,Parma Calcio 1913,Corvi,Edoardo Corvi,8290,17
2025-26,Parma Calcio 1913,Ondrejka,Jacob Ondrejka,13386,16
2025-26,Pisa,Scuffet,Simone Scuffet,1158,7
2025-26,Atalanta,Kolasinac,Sead Kolasinac,342,19
2025-26,Fiorentina,Richardson,Amir Richardson,11752,2
2025-26,Fiorentina,Kouamè,Christian Kouamé,7091,2
2025-26,Cagliari,Rodriguez Ju.,Juan Rodríguez,14065,17
2025-26,Genoa,Sommariva,Daniele Sommariva,1922,2
2025-26,Parma Calcio 1913,Rinaldi,Filippo Rinaldi,9030,1
2025-26,Lecce,Gandelman,Omri Gandelman,14339,19
2025-26,Verona,Slotsager,Tobias Slotsager,13479,8
2025-26,AC Milan,Fullkrug,Niclas Füllkrug,6098,20
2025-26,Lecce,Gorter,Olaf Gorter,13878,2
2025-26,Como,Le Borgne,Andréa Le Borgne,14140,1
2025-26,Udinese,Padelli,Daniele Padelli,1195,2
2025-26,AC Milan,Odogu,David Odogu,11536,2
2025-26,Genoa,Fini,Seydou Fini,12011,1
2025-26,Lecce,Perez M.,Matías Pérez,13877,1
2025-26,Fiorentina,Solomon,Manor Solomon,10716,16
2025-26,Inter,Lavelli,Matteo Lavelli,14157,1
2025-26,Pisa,Esteves T.,Tomás Esteves,14045,1
2025-26,Pisa,Coppola F.,Francesco Coppola,14125,7
2025-26,Roma,Romano,Alessandro Romano,13342,2
2025-26,Sassuolo,Odenthal,Cas Odenthal,14085,1
2025-26,Cagliari,Trepy,Yael Trepy,14264,8
2025-26,Fiorentina,Brescianini,Marco Brescianini,7284,17
2025-26,Lazio,Ratkov,Petar Ratkov,14342,8
2025-26,Lazio,Taylor K.,Kenneth Taylor,14341,17
2025-26,Pisa,Durosinmi,Rafiu Durosinmi,14351,12
2025-26,Pisa,Bozhinov,Rosen Bozhinov,14350,9
2025-26,Atalanta,Raspadori,Giacomo Raspadori,7500,13
2025-26,Sassuolo,Skjellerup,Laurs Skjellerup,14104,1
2025-26,Genoa,Nuredini,Joi Nuredini,13537,1
2025-26,Roma,Malen,Donyell Malen,9749,18
2025-26,Roma,Vaz,Robinio Vaz,13330,12
2025-26,Verona,Lirola,Pol Lirola,1461,6
2025-26,Verona,Perilli,Simone Perilli,11022,3
2025-26,Torino,Obrador,Rafael Obrador,8554,16
2025-26,Fiorentina,Harrison,Jack Harrison,8720,15
2025-26,Fiorentina,Fabbian,Giovanni Fabbian,11964,15
2025-26,Cagliari,Sulemana I.,Sulemana,10985,16
2025-26,Lecce,Cheddira,Walid Cheddira,11989,17
2025-26,Genoa,Zatterstrom,Nils Zätterström,14381,3
2025-26,Genoa,Bijlow,Justin Bijlow,14380,16
2025-26,Bologna,Sohm,Simon Sohm,9029,12
2025-26,Napoli,Giovane,Giovane,13961,12
2025-26,Napoli,Lukaku,Romelu Lukaku,594,5
2025-26,Roma,Venturino,Lorenzo Venturino,13349,10
2025-26,Verona,Isaac,Isaac,14348,3
2025-26,Lazio,Maldini,Daniel Maldini,8163,12
2025-26,Pisa,Stojilkovic,Filip Stojilkovic,11921,13
2025-26,Pisa,Loyola,Felipe Loyola,14369,11
2025-26,Verona,Lovric,Sandi Lovric,10878,8
2025-26,Torino,Marianucci,Luca Marianucci,11876,10
2025-26,Torino,Prati,Matteo Prati,11959,13
2025-26,Torino,Kulenovic,Sandro Kulenovic,14403,13
2025-26,Lecce,Ngom,Oumar Ngom,14347,15
2025-26,Cremonese,Maleh,Youssef Maleh,9893,14
2025-26,Cremonese,Djuric,Milan Djuric,3856,11
2025-26,Parma Calcio 1913,Elphege,Nesta Elphege,14412,9
2025-26,Parma Calcio 1913,Nicolussi Caviglia,Hans Nicolussi Caviglia,7483,15
2025-26,Verona,Edmundsson,Andrias Edmundsson,14416,15
2025-26,Verona,Bowie,Kieron Bowie,14417,14
2025-26,Bologna,Joao Mario,João Mário,13946,10
2025-26,Parma Calcio 1913,Strefezza,Gabriel Strefezza,7944,14
2025-26,Parma Calcio 1913,Carboni F.,Franco Ezequiel Carboni,9057,7
2025-26,Sassuolo,Nzola,M&#039;Bala Nzola,9018,14
2025-26,Sassuolo,Garcia U.,Ulisses García,399,13
2025-26,Juventus,Boga,Jeremie Boga,3544,15
2025-26,Cremonese,Thorsby,Morten Thorsby,7939,11
2025-26,Cremonese,Luperto,Sebastiano Luperto,1639,15
2025-26,Roma,Zaragoza,Bryan Zaragoza,10143,4
2025-26,Roma,Arena A.,Antonio Arena,13989,2
2025-26,Cagliari,Dossena,Alberto Dossena,11955,12
2025-26,Pisa,Nicolas,Nícolas,6129,6
2025-26,Pisa,Iling Junior,Samuel Iling-Junior,10616,5
2025-26,Juventus,Holm,Emil Holm,10956,7
2025-26,Udinese,Arizala,Juan Arizala,14386,10
2025-26,Genoa,Baldanzi,Tommaso Baldanzi,9951,8
2025-26,Genoa,Amorim,Alex Amorim,14426,11
2025-26,Napoli,Santos A.,Alisson Santos,14427,14
2025-26,Lecce,Fofana Sa.,Sadik Fofana,10255,5
2025-26,Sassuolo,Pedro Felipe,Pedro Felipe,14122,3
2025-26,Verona,Vermesan,Ioan Vermesan,14005,6
2025-26,Verona,Suslov,Tomás Suslov,12095,11
2025-26,Torino,Ebosse,Enzo Ebosse,8632,13
2025-26,Lecce,Jean,Gaby Jean,13027,7
2025-26,Udinese,Mlacic,Branimir Mlacic,14433,7
2025-26,Fiorentina,Rugani,Daniele Rugani,1301,6
2025-26,Lazio,Motta,Edoardo Motta,14391,9
2025-26,Sassuolo,Bakola,Darryl Bakola,12601,6
2025-26,Cagliari,Albarracin,Agustín Albarracín,14399,2
2025-26,Cagliari,Raterink,Othniël Raterink,14444,1
2025-26,Cagliari,Mendy P.,Paul Mendy,14445,9
2025-26,Juventus,Milik,Arkadiusz Milik,1583,2
2025-26,Fiorentina,Balbo,Luís Balbo,14360,6
2025-26,Parma Calcio 1913,Mikolajewski,Daniel Mikolajewski,12787,3
2025-26,Bologna,Helland,Eivind Helland,14382,6
2025-26,Fiorentina,Braschi,Riccardo Braschi,13932,2
2025-26,Inter,Mosconi,Mattia Mosconi,14156,2
2025-26,Genoa,Doucouré M.,Mamedi Doucouré,14458,1
2025-26,Lazio,Furlanetto,Alessio Furlanetto,7594,2
2025-26,Inter,Di Gennaro,Raffaele Di Gennaro,11897,1
2025-26,Atalanta,Bakker,Mitchel Bakker,8310,1
2025-26,Sassuolo,Frangella,Christian Frangella,14199,1
2025-26,Udinese,Camara A.,Abdoulaye Camara,13481,1
2025-26,Fiorentina,Lezzerini,Luca Lezzerini,1432,1
2025-26,Fiorentina,Christensen O.,Oliver Christensen,9992,1
2025-26,Atalanta,Vavassori,Dominic Vavassori,12891,1
2025-26,Atalanta,Sportiello,Marco Sportiello,1501,1
2025-26,Inter,Topalovic,Luka Topalovic,13340,1
2025-26,Inter,Cocchi,Matteo Cocchi,13504,1
2025-26,Lazio,Przyborek,Adrian Przyborek,14442,1
2025-26,Pisa,Bettazzi,Brando Bettazzi,14209,1
2025-26,Parma Calcio 1913,Cardinali,Alessandro Cardinali,14139,1
2025-26,Sassuolo,Zacchi,Gioele Zacchi,10192,1
2025-26,Sassuolo,Macchioni,Tommaso Macchioni,14200,1
2025-26,Napoli,Contini,Nikita Contini,3939,1
2025-26,Cremonese,Lottici Tessadri,Simone Lottici Tessadri,14566,1
2025-26,Genoa,Grossi J.,Jacopo Grossi,14562,1
2025-26,Genoa,Carbone F.,Filippo Carbone,13536,1
2025-26,Genoa,Lafont G.,Gaël Lafont,12771,1
