squadra,nome,ruolo,quotazione_iniziale_2026_27,presenze_2025_26,pred_fantamedia,pred_voto,pred_gol,pred_assist,pred_bonus_netti,pred_presenze_previste,pred_presenze_titolare_previste,titolarita_forum_esperti,salute_forum_esperti,consiglio_forum_esperti,totale_forum_esperti,indice_sorpresa,categoria_sorpresa,giornata1_squadra_casa,giornata1_squadra_ospite,giornata1_data_ora,titolare_previsto_giornata1,ballottaggio_pct_giornata1,indisponibile_giornata1,motivo_indisponibilita_giornata1,voto_consigliato_giornata1,commento_voto_giornata1,rigorista_giornata1,tira_punizioni_giornata1,tira_angoli_giornata1,indice_rischio_giornata1,categoria_rischio_giornata1
ATA,Scamacca,a,19.0,22,6.42,5.92,2.4,1.8,12.6,22.8,12.0,7.0,6.0,8.0,37.0,2.34,coerente (modello ed esperti d'accordo),ATA,SAS,2026-08-23T18:45:00Z,True,55,False,,4,"Approfondimento tra gli "" Possibili sorprese """,True,False,False,-0.0,coerente (modello e scheda partita d'accordo)
ATA,Krstovic,a,18.0,32,6.86,6.08,9.6,3.0,32.9,28.6,21.3,6.0,8.0,7.0,35.0,-4.45,RISCHIO AL RIBASSO (esperti meno fiduciosi del modello),ATA,SAS,2026-08-23T18:45:00Z,False,45,False,,4,"Approfondimento tra gli "" Possibili sorprese """,False,False,False,-4.45,RISCHIO GIORNATA 1 (ballottaggio/indisponibilita' non previsti dal modello)
ATA,De Ketelaere,a,17.0,31,6.55,6.1,4.6,3.0,15.5,27.1,22.0,8.0,7.0,7.0,35.0,0.99,coerente (modello ed esperti d'accordo),,,,,,,,,,,,,,
ATA,Carnesecchi,p,16.0,37,5.16,6.16,0.3,0.4,-29.4,29.9,29.2,9.0,9.0,8.0,42.0,0.0,coerente (modello ed esperti d'accordo),ATA,SAS,2026-08-23T18:45:00Z,,,False,,4,"Anche in questa pre season uno dei migliori in campo quasi sempre, spesso sollecitato con la nuova difesa ancora da rodare ma grazie proprio a questo motivo, le sue parate potrebbero aumentare! Di conseguenza anche il vostro voto da mod. Mi aspetto comunque almeno un gol subito, e lo penso per parecchie giornate in questo inizio, ma il gioco potrebbe valere la candela: non pensiamo che le palle in fondo al sacco siano così tante da rovinare un eventuale bel voto. Azzardo dicendo 6,5 - 1",False,False,False,,
ATA,Raspadori,a,13.0,13,6.39,5.96,4.0,1.3,10.6,21.4,13.3,6.0,8.0,6.0,32.0,0.0,coerente (modello ed esperti d'accordo),ATA,SAS,2026-08-23T18:45:00Z,,,False,,2,"Finchè giocherà ala, il suo indice sarà sempre questo purtroppo. Sicuramente un ottimo tappabuchi e niente più ad ora",False,True,False,,
ATA,Ederson D.S.,c,12.0,30,6.35,6.06,2.7,1.9,7.8,27.4,25.1,9.0,8.0,8.0,42.0,0.0,coerente (modello ed esperti d'accordo),ATA,SAS,2026-08-23T18:45:00Z,,,False,,4,"Approfondimento tra i "" Consigliati """,True,True,False,,
ATA,Samardzic,c,12.0,21,6.34,5.98,2.5,2.3,7.4,23.7,16.6,6.0,8.0,6.0,32.0,-0.48,coerente (modello ed esperti d'accordo),ATA,SAS,2026-08-23T18:45:00Z,,,False,,3,"Scommessa di giornata, continua il periodo di cose buone e cose meno, sarà davvero tornato il giocatore di Udine o l’ennesimo anno da fuoco di pagli? Comunque chi ce l’ha è costretto a schierarlo in partite come queste abbordabili sulla carta. E' incaricato di gran parte dei piazzati, e possibile vice rigorista. Una bella occasione per i suoi possessori ma occhio perchè Pasalic scalpita.. anche stasera in coppa è entrato molto bene",True,True,True,,
ATA,Scalvini,d,10.0,24,6.11,5.94,1.4,0.9,2.6,24.8,19.5,7.0,5.0,7.0,32.0,-0.49,coerente (modello ed esperti d'accordo),,,,,,,,,,,,,,
ATA,Pasalic,c,9.0,31,6.26,5.98,3.4,3.0,8.9,23.5,16.8,6.0,8.0,8.0,36.0,-0.63,coerente (modello ed esperti d'accordo),ATA,SAS,2026-08-23T18:45:00Z,,,False,,3,,False,False,False,,
ATA,Hien,d,8.0,28,5.74,5.84,0.7,0.4,0.3,24.4,19.4,6.0,7.0,6.0,30.0,-2.57,coerente (modello ed esperti d'accordo),,,,,,,,,,,,,,
ATA,Zappacosta,d,8.0,35,6.24,5.97,1.6,1.6,6.3,24.6,18.9,8.0,7.0,8.0,36.0,3.49,SORPRESA AL RIALZO (esperti piu' fiduciosi del modello),ATA,SAS,2026-08-23T18:45:00Z,False,40,False,,3,"Non finisce tra gli sconsigliati solo perchè subentrando a gara in corso, con gli avversari stanchi, potrebbe cavarsela dignitosamente sia in fase difensiva che fare qualche accelerazione in avanti. ma non ci aspettiamo oltre visto che in questo pre campionato è rimasto abbastanza ""spento"" a livello di prestazioni. Si può schierare ma con valide alternative, questo è un turno in cui lo si può lasciare fuori.",False,False,False,-2.18,coerente (modello e scheda partita d'accordo)
ATA,Djimsiti,d,7.0,33,5.72,5.81,0.6,0.8,-0.4,22.7,0.0,7.0,7.0,6.0,31.0,2.34,coerente (modello ed esperti d'accordo),,,,,,,,,,,,,,
ATA,Gaetano,c,7.0,32,6.18,5.96,2.2,1.1,6.9,21.7,15.6,7.0,8.0,6.0,33.0,2.34,coerente (modello ed esperti d'accordo),ATA,SAS,2026-08-23T18:45:00Z,,,False,,3,"In crescita sempre di più, contro l'Hapoel avrebbe preso tranquillamente 6,5/7. metronomo di centrocampo dal bel voto certo, attenzione che nei minuti finali quando si cercava insistentemente il gol del vantaggio ha alzato il suo raggio d'azione di parecchio, risultando spesso al limite dell'area di rigore, tornado a giocare in trequarti come in passato a Cagliari. E anche in quella posizione di campo si è reso protagonista",False,True,False,,
ATA,Ahanor,d,6.0,21,5.79,5.82,1.0,0.5,0.4,21.6,18.0,6.0,8.0,6.0,31.0,-1.52,coerente (modello ed esperti d'accordo),,,,,,,,,,,,,,
ATA,Bellanova,d,6.0,22,5.99,5.91,0.9,2.1,1.9,21.5,15.7,6.0,8.0,6.0,33.0,0.0,coerente (modello ed esperti d'accordo),ATA,SAS,2026-08-23T18:45:00Z,True,60,False,,2,"Approfondimento tra gli "" Sconsigliati """,False,False,False,0.0,coerente (modello e scheda partita d'accordo)
ATA,Bernasconi,d,6.0,22,5.93,5.98,0.9,2.1,1.1,23.2,19.5,6.0,7.0,6.0,32.0,-2.65,coerente (modello ed esperti d'accordo),ATA,SAS,2026-08-23T18:45:00Z,,,False,,2,"Approfondimento tra gli "" Sconsigliati """,False,False,True,,
ATA,Zalewski,c,6.0,31,6.13,6.04,1.5,1.8,4.7,22.9,19.9,6.0,8.0,5.0,32.0,-2.98,coerente (modello ed esperti d'accordo),ATA,SAS,2026-08-23T18:45:00Z,,,False,,3,"Seppur poco prolifico, un cc che gioca in attacco deve sempre avere una menzione importante in una formazione di giornata. Complice l'assenza di Cdk sta avendo più spazio e sta anche andando meglio di quando venica schierato mezz'ala. Il suo vero ruolo naturale comunque sarebbe dall'altro lato del campo, però Sarri è ""sordo"" sotto quel punto di vista, visto che li ci deve stare per forza Raspa Dunque schierabile visto che difronte a lui avrà un non impeccabile Doig in copertura essendo uno maggiormente votato all'attacco, ecco che qui il polacco potrebbe approfittarne",False,False,False,,
ATA,Sulemana K.,a,6.0,21,6.16,5.93,1.6,1.6,5.1,19.5,10.3,6.0,8.0,5.0,29.0,0.0,coerente (modello ed esperti d'accordo),ATA,SAS,2026-08-23T18:45:00Z,,,True,Lesione al collaterale del ginocchio - Rientro fine ottobre/inizio novembre.,3,"Dopo un periodo in cui ha lasciato intravedere cose molto positive, il ritorno di Ederson lo ha un pò oscurato. Potrebbe subentrare ma non avrà tantissimo minutaggio, è davvero complicato levare uno come Ederson che va a 1000 anche al 90'. Se avere di più dei soliti 3 cambi potete azzardare a schierarlo, avrebbe sicuramente occasione per fare bene, vedremo se però avrà effettivamente tempo per farlo",False,False,False,-7.76,RISCHIO GIORNATA 1 (ballottaggio/indisponibilita' non previsti dal modello)
ATA,Kolasinac,d,5.0,17,5.76,5.91,0.1,0.6,-0.2,16.6,11.6,5.0,7.0,5.0,29.0,0.0,coerente (modello ed esperti d'accordo),ATA,SAS,2026-08-23T18:45:00Z,,,False,,2,"Sarà con tutta probabilità l'eventuale cambio a gara in corso di Bernasconi ed è tutt'altro che scontato il fatto che entrerà sicuramente. Se avete cambi illimitati e avete buone sensazioni potete schierarlo, ma non avrete ne la garanzia del voto ne della sufficienza.. occhio!",False,False,False,,
ATA,De Roon,c,4.0,34,6.03,5.96,0.9,1.1,1.9,21.9,19.9,6.0,8.0,5.0,31.0,-2.98,coerente (modello ed esperti d'accordo),ATA,SAS,2026-08-23T18:45:00Z,,,False,,2,"Gaetano sta iniziando ad ingranare, lo sta dimostrando di gara in gara.. e lo spazio per lui diventa sempre meno, di conseguenza.",False,False,False,,
ATA,Kossounou,d,3.0,16,5.84,5.77,0.5,0.5,0.5,13.4,11.2,,,,,,,ATA,SAS,2026-08-23T18:45:00Z,,,False,,4,"Zitto zitto si è preso il posto titolare a fianco a Scalvini, inizialmente era chiuso da Djimsiti e dalle sue vacanze post mondiale che lo hanno fatto rientrare più tardi rispetto ad altri compagni. Ad oggi il miglior difensore della Dea vista la partita ""tosta"" per i nostri esterni e visto gli infortuni degli altri DC e di un Kristensen arrivato solo da qualche giorno. Tutto il peso della difesa sarà sulle sue spalle, e a parte qualche sbandamento durante il match (come lo scorso anno e come confermato anche stasera), è un difensore affidabile. Sufficienza ampiamente alla portata!",False,False,False,,
ATA,Sulemana I.,c,3.0,18,5.91,5.82,1.0,0.5,1.6,12.7,7.6,6.0,8.0,6.0,33.0,0.0,coerente (modello ed esperti d'accordo),,,,,,,,,,,,,,
ATA,Sportiello,p,1.0,1,4.35,6.04,0.1,0.3,-8.8,7.4,4.8,3.0,8.0,4.0,28.0,0.0,coerente (modello ed esperti d'accordo),ATA,SAS,2026-08-23T18:45:00Z,,,False,,3,Senza forfait dell'ultimo minuto di Carnesecchi non dovrebbe partecipare a questo match.,False,False,False,,
BOL,Orsolini,c,26.0,34,6.93,6.1,8.0,2.5,27.3,27.5,19.9,,,,,,,BOL,LAZ,2026-08-24T16:30:00Z,,,False,,4,"Approfondimento tra i ""Consigliati"" .",True,True,True,,
BOL,Dovbyk,a,16.0,13,6.49,5.96,2.0,1.6,11.3,20.6,11.9,7.0,6.0,7.0,34.0,2.34,coerente (modello ed esperti d'accordo),BOL,LAZ,2026-08-24T16:30:00Z,False,40,False,,2,"Approfondimento tra gli ""Sconsigliati"" .",True,False,False,0.0,coerente (modello e scheda partita d'accordo)
BOL,Rowe,c,11.0,28,6.39,6.01,3.7,2.4,10.0,26.3,19.0,8.0,7.0,8.0,38.0,3.4,SORPRESA AL RIALZO (esperti piu' fiduciosi del modello),BOL,LAZ,2026-08-24T16:30:00Z,True,65,False,,4,"Approfondimento tra i ""Consigliati"" .",False,False,False,-1.13,coerente (modello e scheda partita d'accordo)
BOL,Skorupski,p,10.0,18,5.08,6.15,0.1,0.3,-34.6,26.0,25.4,8.0,6.0,7.0,35.0,0.0,coerente (modello ed esperti d'accordo),BOL,LAZ,2026-08-24T16:30:00Z,,,False,,3,"Il nostro portierone è apparso decisamente in forma durante il precampionato, tuttavia un gol è da mettere in conto, dati i dubbi che coinvolgono la nostra difesa. Potrebbe tornare buono per il modificatore.",False,False,False,,
BOL,Bernardeschi,c,9.0,24,6.26,5.96,2.2,2.2,8.1,21.0,10.8,7.0,7.0,7.0,36.0,2.34,coerente (modello ed esperti d'accordo),BOL,LAZ,2026-08-24T16:30:00Z,True,70,False,,3,"Berna è schierabile, nella posizione ibrida tra centrocampo e attacco potrebbe sfruttare le eventuali falle di una difesa della Lazio ancora da registrare. Suo anche qualche calcio piazzato.",True,True,True,2.34,coerente (modello e scheda partita d'accordo)
BOL,Lucumì,d,8.0,28,5.87,5.89,0.7,0.4,0.4,26.0,22.7,1.0,8.0,4.0,19.0,-7.84,RISCHIO AL RIBASSO (esperti meno fiduciosi del modello),,,,,,,,,,,,,,
BOL,Miranda J.,d,8.0,31,5.96,5.97,1.3,2.5,2.3,25.4,19.2,8.0,7.0,7.0,36.0,3.22,SORPRESA AL RIALZO (esperti piu' fiduciosi del modello),BOL,LAZ,2026-08-24T16:30:00Z,,,False,,3,"Buone impressioni dal precampionato, schierabile in quanto potrebbe portare una sufficienza abbondante e, perché no, anche un asssist!",False,False,False,,
BOL,Odgaard,c,8.0,22,6.38,5.98,3.7,0.7,9.2,22.3,15.4,,,,,,,BOL,LAZ,2026-08-24T16:30:00Z,False,30,False,,2,"Indietro nel ballottaggio con Bernardeschi, da schierare solo con copertura, ma crediamo che per questa giornata abbiate di meglio in rosa.",False,False,False,-2.34,coerente (modello e scheda partita d'accordo)
BOL,Cambiaghi,c,8.0,24,6.3,5.99,2.1,2.0,6.2,20.6,15.1,,,,,,,BOL,LAZ,2026-08-24T16:30:00Z,False,35,False,,3,"Approfondimento tra le ""Possibili Sorprese"" .",False,False,False,-1.1,coerente (modello e scheda partita d'accordo)
BOL,Dallinga,a,8.0,19,6.34,5.92,3.1,0.7,7.3,19.0,12.8,5.0,5.0,5.0,26.0,0.0,coerente (modello ed esperti d'accordo),,,,,,,,,,,,,,
BOL,Ferguson,c,7.0,23,6.11,5.94,1.6,1.1,4.2,21.8,15.9,6.0,5.0,6.0,30.0,0.0,coerente (modello ed esperti d'accordo),BOL,LAZ,2026-08-24T16:30:00Z,False,35,False,,3,"Sembra carico, da capire se giocherà mediano oppure avrà licenza di inserirsi. Come M al Mantra, in assenza di profili più offensivi, si può schierare senza grossi patemi.",False,False,False,-1.1,coerente (modello e scheda partita d'accordo)
BOL,Heggem,d,6.0,25,5.8,5.88,1.2,0.5,0.5,23.4,22.2,7.0,7.0,7.0,31.0,-2.06,coerente (modello ed esperti d'accordo),BOL,LAZ,2026-08-24T16:30:00Z,,,False,,2,"Approfondimento tra gli ""Sconsigliati"" .",False,False,False,,
BOL,Zortea,d,6.0,28,6.04,5.92,1.0,1.4,4.4,22.5,16.9,5.0,7.0,4.0,28.0,-0.7,coerente (modello ed esperti d'accordo),BOL,LAZ,2026-08-24T16:30:00Z,,,False,,3,"Come il compagno, forse un pò meno perché dalla sua parte graviterà Zaccagni.",False,False,False,,
BOL,Pobega,c,6.0,23,6.07,5.92,1.6,0.8,3.3,21.1,14.3,6.0,7.0,6.0,31.0,0.0,coerente (modello ed esperti d'accordo),BOL,LAZ,2026-08-24T16:30:00Z,False,20,False,,3,Il buon Tommaso potrebbe entrare nella ripresa al posto di una mezzala.,False,False,False,-7.67,RISCHIO GIORNATA 1 (ballottaggio/indisponibilita' non previsti dal modello)
BOL,Vitik,d,5.0,18,5.72,5.83,0.4,0.5,0.2,17.9,8.3,7.0,6.0,6.0,30.0,2.34,coerente (modello ed esperti d'accordo),BOL,LAZ,2026-08-24T16:30:00Z,False,45,True,,2,"Approfondimento tra gli ""Sconsigliati"" .",False,False,False,-4.02,RISCHIO GIORNATA 1 (ballottaggio/indisponibilita' non previsti dal modello)
BOL,Holm,d,5.0,16,6.0,5.94,1.0,1.4,1.8,14.5,8.9,7.0,4.0,6.0,30.0,2.34,coerente (modello ed esperti d'accordo),BOL,LAZ,2026-08-24T16:30:00Z,,,False,,2,"Un po' sparito dai radar ultimamente a causa di qualche suo solito problema fisico, potrebbe giocare una manciata di minuti nella ripresa, ma il voto è tutt'altro che certo.",False,False,False,,
BOL,Moro N.,c,4.0,28,5.98,5.89,1.1,1.3,2.8,20.0,14.8,6.0,6.0,5.0,27.0,0.0,coerente (modello ed esperti d'accordo),BOL,LAZ,2026-08-24T16:30:00Z,False,20,False,,3,"In ballottaggio, dovrebbe comunque andare a voto e portare un minimo di geometrie nel centrocampo rossoblu.",False,False,False,-7.67,RISCHIO GIORNATA 1 (ballottaggio/indisponibilita' non previsti dal modello)
BOL,Casale,d,3.0,10,5.66,5.74,0.3,0.3,-0.1,11.9,9.8,4.0,5.0,4.0,22.0,0.0,coerente (modello ed esperti d'accordo),BOL,LAZ,2026-08-24T16:30:00Z,,,False,,2,"Da evitare, in odore di cessione.",False,False,False,,
BOL,Dominguez B.,c,3.0,12,6.15,5.91,1.8,1.1,5.6,14.5,10.7,5.0,6.0,5.0,25.0,0.0,coerente (modello ed esperti d'accordo),,,,,,,,,,,,,,
BOL,Helland,d,2.0,6,5.71,5.79,0.3,0.5,0.3,11.7,9.7,6.0,7.0,7.0,30.0,0.0,coerente (modello ed esperti d'accordo),BOL,LAZ,2026-08-24T16:30:00Z,True,55,False,,2,"Approfondimento tra gli ""Sconsigliati"" .",False,False,False,0.0,coerente (modello e scheda partita d'accordo)
BOL,Pessina Mas.,p,1.0,4,4.77,5.94,0.5,0.4,-2.6,10.6,7.7,5.0,5.0,5.0,27.0,0.0,coerente (modello ed esperti d'accordo),BOL,LAZ,2026-08-24T16:30:00Z,,,False,,1,Portiere di riserva.,False,False,False,,
BOL,De Silvestri,d,1.0,10,5.76,5.84,0.4,0.7,0.1,12.7,6.6,4.0,5.0,4.0,23.0,0.0,coerente (modello ed esperti d'accordo),BOL,LAZ,2026-08-24T16:30:00Z,,,False,,2,"Difficile che il totem scenda in campo, molto difficile.",False,False,False,,
CAG,Esposito Se.,a,13.0,36,6.46,6.1,4.7,2.9,13.5,25.2,18.3,3.0,8.0,3.0,29.0,-2.34,coerente (modello ed esperti d'accordo),,,,,,,,,,,,,,
CAG,Caprile,p,9.0,38,4.83,6.16,0.1,0.3,-37.7,31.7,33.2,9.0,8.0,8.0,39.0,0.0,coerente (modello ed esperti d'accordo),PAR,CAG,2026-08-22T18:45:00Z,,,False,,4,"Approfondimento tra i ""Consigliati""",False,False,False,,
CAG,Mina,d,8.0,26,5.98,5.9,1.0,0.5,1.5,22.3,20.7,8.0,6.0,7.0,34.0,1.97,coerente (modello ed esperti d'accordo),PAR,CAG,2026-08-22T18:45:00Z,False,20,False,,2,"Non dovrebbe giocare, nel caso in cui dovesse farlo, meglio lasciarlo in panchina perchè quando non è in forma fa solo danni.",True,False,False,-7.63,RISCHIO GIORNATA 1 (ballottaggio/indisponibilita' non previsti dal modello)
CAG,Obert,d,7.0,34,5.88,5.86,0.9,1.3,0.9,25.4,24.9,8.0,8.0,7.0,36.0,0.0,coerente (modello ed esperti d'accordo),PAR,CAG,2026-08-22T18:45:00Z,,,False,,3,"Approfondimento tra i ""Consigliati""",False,True,True,,
CAG,Fazzini,c,7.0,12,5.97,5.9,0.9,0.8,1.7,19.5,11.7,8.0,5.0,8.0,35.0,7.67,SORPRESA AL RIALZO (esperti piu' fiduciosi del modello),PAR,CAG,2026-08-22T18:45:00Z,,,False,,3,"Attualmente forse il più appetibile al fantacalcio tra i centrocampisti sardi. Se viene confinato sulla sinistra perde un po' di efficacia, ma è il principale battitore di tutti i calci da fermo, e può trovare l'imbucata in qualsiasi momento.",False,True,True,,
CAG,Adopo,c,6.0,38,5.88,5.84,0.8,1.2,1.6,27.9,25.9,8.0,8.0,5.0,32.0,0.0,coerente (modello ed esperti d'accordo),PAR,CAG,2026-08-22T18:45:00Z,,,False,,2,"Sconsigliato perchè in quella posizione ci sembra un pesce fuor d'acqua, poi l'impegno che mette in campo è fuori discussione.",False,False,False,,
CAG,Maldini,a,5.0,18,6.23,5.96,2.7,0.6,6.8,15.7,7.1,,,,,,,PAR,CAG,2026-08-22T18:45:00Z,,,False,,3,"Approfondimento tra le ""Possibili Sorprese""",True,False,False,,
CAG,Zè Pedro,d,5.0,22,5.74,5.81,0.4,0.4,0.5,20.6,18.5,8.0,8.0,6.0,32.0,3.88,SORPRESA AL RIALZO (esperti piu' fiduciosi del modello),PAR,CAG,2026-08-22T18:45:00Z,,,False,,3,"Usato sicuro in difesa, sai che difficilmente porterà bonus, ma sai anche che difficilmente meriterà un'insufficienza.",False,False,False,,
CAG,Felici,c,5.0,11,6.04,5.88,1.3,1.5,2.4,15.8,12.1,6.0,6.0,6.0,30.0,0.0,coerente (modello ed esperti d'accordo),PAR,CAG,2026-08-22T18:45:00Z,,,False,,3,"Dopo Fazzini è quello che potenzialmente ha più bonus in canna, entrerà nella ripresa per sfruttare gli spazi aperti, non è ancora nel pieno della forma, ma un pensierino a lui si può sempre fare.",False,False,False,,
CAG,Zappa,d,4.0,25,5.9,5.84,1.0,1.3,1.5,21.2,16.7,6.0,8.0,5.0,31.0,-0.56,coerente (modello ed esperti d'accordo),PAR,CAG,2026-08-22T18:45:00Z,,,False,,3,"Potrebbe entrare dalla panchina in caso di necessità, nessuna controindicazione.",False,False,False,,
CAG,Prati,c,4.0,32,5.89,5.84,1.3,1.0,1.8,20.2,17.0,,,,,,,PAR,CAG,2026-08-22T18:45:00Z,,,False,,2,Potrebbe andare a voto perchè Winks non ha i 90 minuti nelle gambe. Mai stato utile al fantacalcio.,False,False,False,,
CAG,Borrelli,a,4.0,26,6.27,5.88,3.7,0.8,8.8,17.3,9.9,6.0,7.0,5.0,29.0,0.0,coerente (modello ed esperti d'accordo),PAR,CAG,2026-08-22T18:45:00Z,False,30,False,,2,"Approfondimento tra gli ""Sconsigliati""",False,False,False,-2.34,coerente (modello e scheda partita d'accordo)
CAG,Mendy P.,a,4.0,8,6.25,5.85,2.1,0.6,4.5,13.3,6.4,6.0,8.0,5.0,30.0,0.0,coerente (modello ed esperti d'accordo),PAR,CAG,2026-08-22T18:45:00Z,True,50,False,,3,"Pre-campionato con alti e bassi, ha colpi importanti, ma è solo un 2007, deve crescere tanto. Non è sconsigliato, ma forse non è la partita ideale per schierarlo.",False,False,False,0.0,coerente (modello e scheda partita d'accordo)
CAG,Rodriguez Ju.,d,3.0,16,5.69,5.79,0.8,0.5,0.8,16.6,11.1,7.0,8.0,6.0,32.0,2.34,coerente (modello ed esperti d'accordo),PAR,CAG,2026-08-22T18:45:00Z,,,False,,3,"Titolare sul centro-sinistra, alta possibilità di malus per il suo modo di giocare, ha però giocato un buon pre-campionato, potrebbe ripetersi sabato.",False,False,False,,
CAG,Idrissi R.,d,3.0,17,5.99,5.86,0.8,0.5,2.2,14.2,9.2,5.0,6.0,6.0,30.0,0.0,coerente (modello ed esperti d'accordo),,,,,,,,,,,,,,
CAG,Deiola,c,3.0,20,5.85,5.85,0.9,0.5,1.4,13.3,8.9,7.0,7.0,5.0,31.0,2.34,coerente (modello ed esperti d'accordo),PAR,CAG,2026-08-22T18:45:00Z,True,50,False,,3,"Il 3 è solo perchè anche per sabato potrebbe anche essere il rigorista (dubito, ma una percentuale di possibilità c'è). Per il resto è un centrocampista che gioca in difesa.",False,False,False,0.0,coerente (modello e scheda partita d'accordo)
CAG,Liteta,c,1.0,4,5.76,5.77,0.5,0.5,1.3,9.4,6.5,,,,,,,,,,,,,,,,,,,,
CAG,Albarracin,a,1.0,2,5.93,5.82,0.6,0.7,2.1,8.0,3.8,4.0,8.0,4.0,24.0,0.0,coerente (modello ed esperti d'accordo),,,,,,,,,,,,,,
CAG,Trepy,a,1.0,4,5.88,5.8,0.8,0.5,3.3,11.1,5.5,6.0,7.0,5.0,29.0,0.0,coerente (modello ed esperti d'accordo),,,,,,,,,,,,,,
COM,Paz N.,c,30.0,35,7.18,6.22,5.6,5.8,23.1,31.0,29.1,9.0,9.0,10.0,46.0,0.0,coerente (modello ed esperti d'accordo),UDI,COM,2026-08-22T16:30:00Z,False,10,False,,3,"Il rientro tardivo dalle vacanze ci porta a ipotizzare una panchina iniziale. Ma chi ce l'ha può schierarlo, anche solo per il quarto d'ora finale.",False,True,True,-7.82,RISCHIO GIORNATA 1 (ballottaggio/indisponibilita' non previsti dal modello)
COM,Douvikas,a,20.0,36,6.65,6.01,7.8,2.5,24.5,31.1,24.4,9.0,9.0,8.0,41.0,0.0,coerente (modello ed esperti d'accordo),UDI,COM,2026-08-22T16:30:00Z,,,False,,3,"Apparso appesantito all'ultima uscita dopo un ottimo precampionato, non ci aspettiamo una partita facile. Schierabile ma non è la partita in cui vi promettiamo il bonus garantito",True,False,False,,
COM,Baturina,c,19.0,25,6.55,6.1,3.3,2.9,12.1,25.6,15.1,9.0,9.0,9.0,43.0,7.9,SORPRESA AL RIALZO (esperti piu' fiduciosi del modello),UDI,COM,2026-08-22T16:30:00Z,,,False,,5,CONSIGLIATO,True,True,True,,
COM,Da Cunha,c,18.0,35,6.56,6.15,4.4,4.2,13.9,30.7,27.5,9.0,8.0,9.0,41.0,0.0,coerente (modello ed esperti d'accordo),UDI,COM,2026-08-22T16:30:00Z,,,False,,4,"Bello pimpante contro il Liverpool, è tornato il Capitano. In caso di prestazione positiva della squadra, ci aspettiamo che sarà come al solito tra i migliori. In assenza di Nico Paz, potrebbe avere occasioni su punizione (e vi ricordiamo che è il rigorista designato)",True,True,True,,
COM,Butez,p,16.0,38,5.14,6.05,0.4,0.4,-25.5,33.3,28.1,,,,,,,UDI,COM,2026-08-22T16:30:00Z,,,False,,3,"Erroraccio contro l'Arsenal, incolpevole sui due gol presi con il Liverpool. Non è super consigliato perchè iniziare in trasferta a Udine è insidioso ma è tranquillamente schierabile (e dubitiamo che se avete investito su Butez, possiate avere alternative molto preferibili)",False,False,False,,
COM,Rodriguez Je.,c,12.0,28,6.43,6.09,3.9,3.1,13.2,29.1,20.1,6.0,9.0,6.0,34.0,-3.16,RISCHIO AL RIBASSO (esperti meno fiduciosi del modello),UDI,COM,2026-08-22T16:30:00Z,False,40,False,,3,POSSIBILI SORPRESE,False,False,False,-3.16,RISCHIO GIORNATA 1 (ballottaggio/indisponibilita' non previsti dal modello)
COM,Diao,a,11.0,16,6.41,6.03,3.4,1.2,14.9,22.7,16.2,,,,,,,UDI,COM,2026-08-22T16:30:00Z,False,20,False,,3,POSSIBILI SORPRESE,False,False,False,-7.67,RISCHIO GIORNATA 1 (ballottaggio/indisponibilita' non previsti dal modello)
COM,Ramon,d,10.0,32,6.19,6.04,2.7,0.9,5.2,29.2,25.0,9.0,8.0,9.0,40.0,0.0,coerente (modello ed esperti d'accordo),UDI,COM,2026-08-22T16:30:00Z,,,False,,4,"Ci aspettiamo la solita prestazione solida dietro, con qualche sortita in avanti",False,False,False,,
COM,Perrone,c,10.0,36,6.18,6.08,2.0,2.5,3.3,31.0,27.4,9.0,8.0,9.0,40.0,0.0,coerente (modello ed esperti d'accordo),UDI,COM,2026-08-22T16:30:00Z,True,60,False,,3,Contro il Liverpool non ci è ancora sembrato lui ma resta schierabile tranquillamente. Occhio al cartellino.,False,False,False,-7.83,RISCHIO GIORNATA 1 (ballottaggio/indisponibilita' non previsti dal modello)
COM,Valle,d,6.0,26,6.01,5.93,1.1,1.2,2.0,21.7,19.1,7.0,9.0,8.0,37.0,-0.36,coerente (modello ed esperti d'accordo),UDI,COM,2026-08-22T16:30:00Z,True,55,False,,3,"in ballottaggio con Kaiki Bruno, ma resta uno dei più positivi del precampionato.",False,False,False,-2.33,coerente (modello e scheda partita d'accordo)
COM,Caqueret,c,6.0,28,6.19,6.02,1.7,2.4,5.2,23.7,15.5,6.0,8.0,7.0,34.0,0.0,coerente (modello ed esperti d'accordo),UDI,COM,2026-08-22T16:30:00Z,,,False,,3,"Crediamo avrà spazio nel corso della gara, ma non contate su un suo voto al 100%. Nè consigliato nè sconsigliato",False,False,False,,
COM,Kempf,d,5.0,29,6.04,5.97,1.4,0.7,1.7,17.2,15.4,7.0,8.0,6.0,35.0,2.34,coerente (modello ed esperti d'accordo),UDI,COM,2026-08-22T16:30:00Z,,,False,,3,"Partirà dalla panchina, potrebbe entrare in caso di necessità",False,False,False,,
COM,Addai,c,5.0,12,6.17,5.93,2.0,0.8,5.4,13.1,8.4,6.0,6.0,5.0,28.0,0.0,coerente (modello ed esperti d'accordo),,,,,,,,,,,,,,
COM,Smolcic I.,d,4.0,25,5.92,5.91,1.0,0.8,0.9,18.6,14.9,6.0,8.0,5.0,29.0,0.0,coerente (modello ed esperti d'accordo),UDI,COM,2026-08-22T16:30:00Z,False,40,False,,3,Non pensiamo sia finito nel dimenticatoio ma probabilmente partirà dalla panchina,False,False,False,0.0,coerente (modello e scheda partita d'accordo)
COM,Morata,a,4.0,17,6.23,5.92,2.6,1.9,6.3,10.6,6.1,7.0,6.0,5.0,27.0,2.34,coerente (modello ed esperti d'accordo),UDI,COM,2026-08-22T16:30:00Z,,,False,,1,Abbiamo perso le speranze che possa farci ricredere,False,False,False,,
COM,Kuhn,a,3.0,14,6.27,5.95,1.3,1.4,4.5,11.9,5.4,5.0,8.0,4.0,28.0,0.0,coerente (modello ed esperti d'accordo),UDI,COM,2026-08-22T16:30:00Z,,,False,,2,"Nella lista dei bocciati, sta a lui farci ricredere",False,False,False,,
COM,Van Der Brempt,d,2.0,14,5.92,5.88,0.6,0.5,0.4,12.4,7.8,,,,,,,,,,,,,,,,,,,,
COM,Fadera,c,2.0,24,6.11,5.94,1.3,1.4,3.4,15.2,5.7,,,,,,,,,,,,,,,,,,,,
FIO,Kean,a,25.0,26,7.18,6.02,10.7,1.0,32.0,27.0,20.4,8.0,7.0,8.0,37.0,2.21,coerente (modello ed esperti d'accordo),ROM,FIO,2026-08-24T18:45:00Z,,,False,,3,Le voci di mercato - come probabilmente tutti sapete - saranno vivissime fino a lunedì e per questo non azzardiamo un 4/5. Ma al tempo stesso sappiamo che se Moise sarà regolarmente in campo potrà dire la sua agendo da terminale offensivo principale della manovra viola e sarà il primo candidato ad andare in gol se la Fiorentina dovesse riuscire a finalizzare.,True,False,False,,
FIO,Atta,c,17.0,32,6.43,6.03,3.4,3.6,11.1,29.0,27.3,9.0,8.0,9.0,41.0,0.0,coerente (modello ed esperti d'accordo),ROM,FIO,2026-08-24T18:45:00Z,False,30,True,Affaticamento Muscolare - In dubbio per la 1^ giornata,4,"Vedi "" Consigliati "".",False,False,False,-7.96,RISCHIO GIORNATA 1 (ballottaggio/indisponibilita' non previsti dal modello)
FIO,De Gea,p,13.0,37,4.92,6.09,0.1,0.4,-32.8,28.4,28.4,,,,,,,ROM,FIO,2026-08-24T18:45:00Z,,,False,,2,"Voto basso non tanto per il suo rendimento, quanto per la forza della squadra avversaria e per una difesa che è apparsa ancora un po' da registrare. 1-2 gol subiti sono probabilmente da mettere in conto, anche se potrebbe comunque portare un voto sufficiente in ottica modificatore.",False,False,False,,
FIO,Gudmundsson A.,c,13.0,32,6.47,6.01,3.5,2.5,14.8,27.3,20.5,,,,,,,ROM,FIO,2026-08-24T18:45:00Z,True,50,False,,3,"Da trequartista sta trovando prestazioni più convincenti e sembra che possa avere un ruolo in squadra. Chiaramente la gara non si prospetta semplice, ma parliamo comunque di un giocatore che agisce in trequarti e che dovrebbe incaricarsi di rigori e altri piazzati. Listato centrocampista si può schierare, se lo avete come attaccante diventa un 2/5.",True,True,True,-3.54,RISCHIO GIORNATA 1 (ballottaggio/indisponibilita' non previsti dal modello)
FIO,Dodò,d,10.0,36,6.03,5.96,0.9,2.2,1.4,29.6,27.6,7.0,8.0,7.0,36.0,-3.21,RISCHIO AL RIBASSO (esperti meno fiduciosi del modello),ROM,FIO,2026-08-24T18:45:00Z,,,False,,1,"A breve potrebbe lasciare il club, difficile che venga impiegato.",False,False,False,,
FIO,Mandragora,c,9.0,34,6.37,5.95,2.7,1.7,7.3,26.6,18.5,5.0,7.0,6.0,31.0,-1.88,coerente (modello ed esperti d'accordo),ROM,FIO,2026-08-24T18:45:00Z,,,True,Sciatalgia - In dubbio per la 1^ giornata,1,"Si sta portando appresso qualche acciacco e non sappiamo neanche se sarà a disposizione. Non crediamo comunque che si vorrà rischiare con lui, data anche l'abbondanza nel reparto. Difficile pensare che giochi.",False,False,True,-7.67,RISCHIO GIORNATA 1 (ballottaggio/indisponibilita' non previsti dal modello)
FIO,Jimenez A.,d,8.0,1,5.9,5.93,0.7,0.5,0.3,16.8,14.3,8.0,8.0,7.0,35.0,7.67,SORPRESA AL RIALZO (esperti piu' fiduciosi del modello),ROM,FIO,2026-08-24T18:45:00Z,False,40,False,,2,"Pensiamo che non sarà titolare, ma che avrà dello spazio a disposizione a gara in corso. Il rischio però è che ci sia poco tempo per incidere e che possa portare al massimo una sufficienza striminzita.",False,False,False,0.0,coerente (modello e scheda partita d'accordo)
FIO,Fagioli,c,8.0,33,6.07,5.96,1.2,1.4,3.3,23.6,19.7,7.0,7.0,8.0,36.0,-0.49,coerente (modello ed esperti d'accordo),ROM,FIO,2026-08-24T18:45:00Z,,,False,,3,"Al centro di continue voci di mercato, ma la nostra sensazione è che possa restare e vivere una stagione da protagonista. In attesa dell'inserimento di Inao Oulai avrà lui in mano le chiavi del centrocampo e crediamo che possa offrire una prova sufficiente.",False,True,True,,
FIO,Ndour,c,8.0,30,5.99,5.88,2.0,0.6,3.6,26.4,21.3,6.0,8.0,7.0,34.0,-4.45,RISCHIO AL RIBASSO (esperti meno fiduciosi del modello),ROM,FIO,2026-08-24T18:45:00Z,,,False,,3,"Vedi tra le "" Possibili sorprese """,False,False,False,,
FIO,Piccoli,a,8.0,27,6.48,5.89,3.3,0.7,12.1,18.9,11.4,6.0,8.0,6.0,32.0,0.0,coerente (modello ed esperti d'accordo),,,,,,,,,,,,,,
FIO,Parisi,d,5.0,23,5.91,5.87,1.0,1.2,1.2,19.4,13.1,3.0,5.0,3.0,25.0,-2.34,coerente (modello ed esperti d'accordo),,,,,,,,,,,,,,
FIO,Pongracic,d,4.0,35,5.72,5.83,0.4,0.3,0.3,22.8,21.0,6.0,7.0,6.0,30.0,-4.08,RISCHIO AL RIBASSO (esperti meno fiduciosi del modello),ROM,FIO,2026-08-24T18:45:00Z,False,15,False,,2,"Poche chance di vederlo in campo, rischia di essere uno slot sprecato e - anche se dovesse giocare - non siamo ottimisti su di lui.",False,False,False,-7.67,RISCHIO GIORNATA 1 (ballottaggio/indisponibilita' non previsti dal modello)
FIO,Fabbian,c,4.0,22,6.19,5.92,1.6,1.2,5.7,17.2,12.1,5.0,8.0,5.0,29.0,0.0,coerente (modello ed esperti d'accordo),ROM,FIO,2026-08-24T18:45:00Z,,,False,,2,"Potrebbe toccargli al massimo uno spezzone. Grosso non sembra vederlo più di tanto, aspettiamo segnali di ripresa prima di prenderlo in considerazione.",False,False,False,,
FIO,Ranieri L.,d,3.0,31,5.79,5.84,0.9,0.7,0.6,19.4,19.7,6.0,8.0,6.0,32.0,-2.81,coerente (modello ed esperti d'accordo),ROM,FIO,2026-08-24T18:45:00Z,True,60,False,,2,"Vedi "" Sconsigliati "".",False,False,False,-2.81,coerente (modello e scheda partita d'accordo)
FIO,Joao Mario,d,3.0,14,5.84,5.84,0.4,0.7,0.9,15.1,11.2,6.0,8.0,5.0,32.0,0.0,coerente (modello ed esperti d'accordo),ROM,FIO,2026-08-24T18:45:00Z,True,60,False,,3,"Dovrebbe essere scelto di nuovo lui dall'inizio e pensiamo che possa offrire una prestazione positiva grazie alla sua capacità nelle due fasi, anche se dovrà fronteggiare un giocatore importante come Wesley.",False,False,False,0.0,coerente (modello e scheda partita d'accordo)
FIO,Brescianini,c,3.0,18,6.11,5.91,1.8,0.8,5.0,16.2,10.1,5.0,8.0,5.0,29.0,0.0,coerente (modello ed esperti d'accordo),ROM,FIO,2026-08-24T18:45:00Z,True,50,False,,2,"Grosso potrebbe confermarlo titolare in posizione di mezzala sinistra, ma rischia di perdersi nel traffico del centrocampo giallorosso e di essere costretto a una gara soprattutto di contenimento. Non è uno sconsigliato assoluto ma pensiamo che difficilmente potrà andare oltre un 6.",False,False,False,0.0,coerente (modello e scheda partita d'accordo)
FIO,Christensen O.,p,1.0,1,4.2,5.99,0.1,0.4,-9.8,8.3,6.7,,,,,,,ROM,FIO,2026-08-24T18:45:00Z,,,False,,2,"Secondo portiere, giocherà solo in caso di problemi per De Gea",False,False,False,,
FRO,Zerbin,c,5.0,29,5.94,5.84,1.1,1.2,1.5,19.5,12.8,8.0,8.0,7.0,36.0,7.67,SORPRESA AL RIALZO (esperti piu' fiduciosi del modello),FRO,JUV,2026-08-23T16:30:00Z,,,False,,3,"Non dovrebbe giocare titolare, ma il suo indice è 3/5 perché se dovesse entrare a partita in corso potrebbe causare qualche grattacapo alla difesa bianconera.",False,False,False,,
FRO,Fini,c,3.0,1,5.79,5.73,0.6,0.5,2.1,14.9,9.5,4.0,7.0,5.0,26.0,0.0,coerente (modello ed esperti d'accordo),FRO,JUV,2026-08-23T16:30:00Z,True,60,False,,2,"Ghedjemis è al centro di alcune voci di mercato e questo potrebbe portare Fini a trovare una maglia da titolare in questa partita. Ha saltato per squalifica il match di Coppa Italia, la forma sicuramente potrebbe non essere delle migliori",False,False,False,0.0,coerente (modello e scheda partita d'accordo)
GEN,Ostigard,d,11.0,30,6.18,5.94,1.9,1.0,5.5,26.4,3.4,9.0,9.0,8.0,41.0,7.83,SORPRESA AL RIALZO (esperti piu' fiduciosi del modello),GEN,NAP,2026-08-22T18:45:00Z,,,False,,3,"– Il duello con Hojlund si preannuncia non facilissimo, lui non è ancora al top della condizione ma può sempre essere pericoloso in area avversaria, con un occhio ai rigori ...",True,False,False,,
GEN,Baldanzi,c,11.0,17,6.11,5.96,1.7,1.1,4.1,19.4,11.4,7.0,7.0,7.0,35.0,2.34,coerente (modello ed esperti d'accordo),GEN,NAP,2026-08-22T18:45:00Z,True,55,False,,3,"– approfondimento tra i "" Consigliati """,False,True,True,0.0,coerente (modello e scheda partita d'accordo)
GEN,Colombo,a,11.0,37,6.34,5.96,6.6,1.5,13.5,27.0,20.6,8.0,8.0,7.0,37.0,2.05,coerente (modello ed esperti d'accordo),GEN,NAP,2026-08-22T18:45:00Z,,,False,,3,"–approfondimento tra le "" Possibili Sorprese "".",True,False,False,,
GEN,Vasquez,d,9.0,36,5.92,5.92,1.1,0.6,0.6,29.5,25.3,9.0,9.0,7.0,39.0,0.0,coerente (modello ed esperti d'accordo),,,,,,,,,,,,,,
GEN,Bijlow,p,8.0,16,4.85,6.09,0.3,0.3,-26.3,19.7,16.7,9.0,6.0,6.0,34.0,6.32,SORPRESA AL RIALZO (esperti piu' fiduciosi del modello),GEN,NAP,2026-08-22T18:45:00Z,,,False,,3,"– Non sarà un match semplice, ma essendo al debutto casalingo e contro una (nuova) squadra di Allegri non ci aspettiamo un match ricco di gol e lui potrebbe anche uscirsene con un bel voto da modificatore e senza troppi malus",False,False,False,,
GEN,Norton-Cuffy,d,8.0,27,5.98,5.88,1.3,1.1,2.0,22.5,20.3,8.0,7.0,6.0,33.0,2.29,coerente (modello ed esperti d'accordo),GEN,NAP,2026-08-22T18:45:00Z,,,False,,2,"Al momento confermato, dietro può andare in seria difficoltà; potete evitarlo",False,False,False,,
GEN,Vitinha O.,a,8.0,31,6.43,5.98,4.2,1.9,12.1,21.7,15.3,,,,,,,GEN,NAP,2026-08-22T18:45:00Z,False,45,False,,2,– Al limite degli sconsigliati,False,False,False,0.0,coerente (modello e scheda partita d'accordo)
GEN,Frendrup,c,7.0,36,5.93,5.9,0.5,1.1,1.3,28.1,25.1,9.0,8.0,6.0,32.0,0.0,coerente (modello ed esperti d'accordo),GEN,NAP,2026-08-22T18:45:00Z,,,False,,2,"– A proposito di legna, voto sicuro e poco altro...",False,False,False,,
GEN,Marcandalli,d,6.0,31,5.73,5.81,0.6,0.6,0.3,26.5,23.1,8.0,9.0,6.0,33.0,0.0,coerente (modello ed esperti d'accordo),GEN,NAP,2026-08-22T18:45:00Z,,,False,,2,"Il più in difficoltà tra quelli dietro, non mettetelo",False,False,False,,
GEN,Ellertsson,c,6.0,35,5.96,5.87,1.1,1.6,2.1,25.7,22.1,8.0,8.0,5.0,29.0,0.91,coerente (modello ed esperti d'accordo),GEN,NAP,2026-08-22T18:45:00Z,True,80,False,,2,"– Autentico jolly, ma a questo giro per il voto e poco altro",False,False,False,0.91,coerente (modello e scheda partita d'accordo)
GEN,Martin,d,5.0,29,6.0,5.94,1.1,2.0,2.3,20.3,15.6,3.0,8.0,4.0,28.0,-2.34,coerente (modello ed esperti d'accordo),GEN,NAP,2026-08-22T18:45:00Z,,,False,,2,–Appare sempre ai margini del progetto,False,True,True,,
GEN,Amorim,c,4.0,9,5.81,5.79,0.6,0.8,0.9,18.7,14.5,6.0,8.0,5.0,31.0,0.0,coerente (modello ed esperti d'accordo),GEN,NAP,2026-08-22T18:45:00Z,True,50,False,,2,"– approfondimento tra gli "" Sconsigliati """,False,True,True,0.0,coerente (modello e scheda partita d'accordo)
GEN,Messias,c,3.0,19,6.13,5.94,1.8,0.9,4.9,11.5,6.5,5.0,4.0,5.0,28.0,0.0,coerente (modello ed esperti d'accordo),GEN,NAP,2026-08-22T18:45:00Z,,,False,,2,– Magari ... risorge??,False,True,True,,
GEN,Otoa,d,2.0,10,5.66,5.86,0.1,0.4,-0.3,14.5,13.6,5.0,8.0,4.0,27.0,0.0,coerente (modello ed esperti d'accordo),GEN,NAP,2026-08-22T18:45:00Z,,,False,,2,– Ritornerà in panca dopo non aver del tutto sfigurato,False,False,False,,
GEN,Sabelli,d,2.0,13,5.72,5.8,0.3,0.7,-0.0,13.9,12.3,6.0,8.0,5.0,28.0,0.0,coerente (modello ed esperti d'accordo),GEN,NAP,2026-08-22T18:45:00Z,,,False,,2,– Panchinaro e poco altro,False,False,False,,
GEN,Masini,c,2.0,21,5.93,5.89,1.1,0.8,1.2,18.0,14.5,5.0,7.0,4.0,26.0,0.0,coerente (modello ed esperti d'accordo),,,,,,,,,,,,,,
GEN,Venturino,c,2.0,7,6.18,5.98,1.3,1.0,2.5,13.9,9.5,4.0,6.0,4.0,25.0,0.0,coerente (modello ed esperti d'accordo),,,,,,,,,,,,,,
GEN,Sommariva,p,1.0,2,4.78,6.05,0.3,0.3,-2.4,5.1,5.1,1.0,8.0,1.0,20.0,-0.11,coerente (modello ed esperti d'accordo),GEN,NAP,2026-08-22T18:45:00Z,,,False,,2,– Terzo,False,False,False,,
INT,Martinez L.,a,35.0,30,7.46,6.23,11.1,4.8,41.2,28.7,20.6,9.0,9.0,9.0,45.0,2.05,coerente (modello ed esperti d'accordo),INT,MON,2026-08-22T16:30:00Z,True,65,False,,4,"L'esordio in casa è la ghiotta occasione per iniziare col primo clean sheet della stagione. Fino all'ultimo ci sarà ballottaggio col collega di reparto, ad ogni modo la fortuna vuole che Inter-Monza, apre la prima giornata del nuovo campionato e si avrà il vantaggio di sapere in anteprima le formazioni ufficiali.",False,False,False,-2.21,coerente (modello e scheda partita d'accordo)
INT,Dimarco,d,32.0,35,6.68,6.2,4.9,5.4,18.9,27.5,21.8,9.0,8.0,9.0,44.0,1.07,coerente (modello ed esperti d'accordo),INT,MON,2026-08-22T16:30:00Z,,,False,,5,Vedi Consigliati,False,True,True,,
INT,Thuram,a,29.0,29,7.45,6.17,10.0,2.8,33.2,28.3,20.4,8.0,8.0,8.0,41.0,2.21,coerente (modello ed esperti d'accordo),INT,MON,2026-08-22T16:30:00Z,,,False,,3,"Del roster di punte nerazzurre, forse quelle meno in condizione visto il suo rientro in gruppo tardivamente a causa del mondiale ma non per questo va escluso a priori dalle vostre formazioni, la gara potrebbe mettersi in discesa e nel secondo tempo trovare campo aperto per ripartenze letali, fateci un pensierino.",False,False,False,,
INT,Calhanoglu,c,27.0,22,7.06,6.21,4.5,3.6,22.9,24.4,16.0,9.0,6.0,9.0,42.0,7.9,SORPRESA AL RIALZO (esperti piu' fiduciosi del modello),INT,MON,2026-08-22T16:30:00Z,,,False,,5,"Faro e leader tecnico di questa squadra, portatore sano di gioie fantacalcistiche, il bonus di Calha è sempre dietro l'angolo, non serve nemmeno dirvi che dovete metterlo in campo. Pure con una gamba",True,True,True,,
INT,Martinez Jo.,p,17.0,5,5.21,5.93,0.1,0.3,-22.6,25.6,20.4,,,,,,,,,,,,,,,,,,,,
INT,Barella,c,17.0,34,6.5,6.14,3.1,4.7,8.7,29.5,24.3,9.0,8.0,7.0,39.0,0.0,coerente (modello ed esperti d'accordo),INT,MON,2026-08-22T16:30:00Z,,,False,,4,vedi possibili Sorprese,False,True,True,,
INT,Akanji,d,16.0,32,6.17,6.06,1.3,0.6,3.2,27.3,27.2,9.0,8.0,9.0,40.0,0.0,coerente (modello ed esperti d'accordo),INT,MON,2026-08-22T16:30:00Z,,,False,,4,"Il ministro della difesa nerazzurra riparte come elemento imprescindibile per la sua squadra, perfetto per il mod e pericoloso su i piazzati. Punto fermo",False,False,False,,
INT,Esposito F.P.,a,16.0,31,6.62,6.01,5.1,1.7,16.5,26.3,18.3,6.0,8.0,7.0,37.0,-1.74,coerente (modello ed esperti d'accordo),INT,MON,2026-08-22T16:30:00Z,,,False,,5,"Dopo un anno di serie A sulle spalle, inizia ad esserci una certa aspettativa nei confronti del ragazzo, la gara contro il Monza è un'ottima occasione per iniziare col botto il campionato ed entrare nel tabellino dei marcatori",True,False,False,,
INT,Bastoni,d,14.0,28,6.13,6.06,1.3,1.9,2.4,25.0,20.6,9.0,8.0,8.0,39.0,2.05,coerente (modello ed esperti d'accordo),INT,MON,2026-08-22T16:30:00Z,,,False,,4,"Il play della retroguardia nerazzurra, deputato a impostare l'azione da dietro e saltare la prima linea di pressing, non mancheranno le sue scorribande sull'out mancino, in tandem con Dimash",False,False,False,,
INT,Bisseck,d,11.0,23,6.24,6.04,2.2,0.9,5.7,20.8,17.7,7.0,8.0,7.0,37.0,0.59,coerente (modello ed esperti d'accordo),INT,MON,2026-08-22T16:30:00Z,,,False,,4,"In ballottaggio per un posto nei 3 dietro, Bisteccone ha tutte le qualità per giganteggiare in entrambe le aeree di rigore, trovategli un posticino nelle vostre difese se lo vedete in distinta tra gli 11 titolari, il suo appeal aumenterebba a 4/5",False,False,False,,
INT,Zielinski,c,10.0,30,6.35,6.09,2.2,3.2,7.7,25.9,21.7,8.0,7.0,8.0,39.0,1.24,coerente (modello ed esperti d'accordo),INT,MON,2026-08-22T16:30:00Z,,,False,,4,vedi Consigliati,True,True,True,,
INT,Diouf,c,8.0,10,6.19,5.96,1.2,1.7,4.3,18.1,13.0,7.0,8.0,7.0,35.0,2.34,coerente (modello ed esperti d'accordo),INT,MON,2026-08-22T16:30:00Z,,,False,,3,vedi Possibili Sorprese,False,False,False,,
INT,Sucic P.,c,8.0,28,6.17,6.02,1.6,2.4,4.3,23.7,15.8,7.0,8.0,7.0,36.0,2.34,coerente (modello ed esperti d'accordo),INT,MON,2026-08-22T16:30:00Z,,,False,,3,"Calciatore cresciuto parecchio nell'ultimo periodo, quest'anno ci si aspetta un upgrade da parte sua, potrebbe trovare spazio nella ripresa, come 4° slot del vostro centrocampo potrebbe starci alla grande, valutate eventuali alternative",False,False,False,,
INT,Carlos Augusto,d,7.0,28,6.08,6.01,1.4,1.0,2.7,24.2,16.9,6.0,8.0,7.0,35.0,-0.71,coerente (modello ed esperti d'accordo),INT,MON,2026-08-22T16:30:00Z,,,False,,3,"Per la regola dell'ex è ampiamente schierabile, cautelatevi con adeguata copertura vista la non certa possibilità di andare a voto",False,False,False,,
INT,Frattesi,c,7.0,14,6.36,5.97,2.6,1.0,10.3,16.2,8.9,5.0,7.0,5.0,31.0,0.0,coerente (modello ed esperti d'accordo),,,,,,,,,,,,,,
INT,Bonny,a,7.0,27,6.45,5.99,2.9,2.7,13.8,21.2,14.3,6.0,8.0,6.0,36.0,0.0,coerente (modello ed esperti d'accordo),INT,MON,2026-08-22T16:30:00Z,,,False,,4,"Apparso pimpante nel precampionato, potrebbe ritrovarsi titolare sabato alla prima in casa. Se non avete nomi altisonanti non è utopistico lanciarlo nella mischia",False,False,False,,
INT,Pavard,d,6.0,1,6.06,5.96,0.3,0.5,0.0,15.6,8.8,5.0,7.0,5.0,30.0,0.0,coerente (modello ed esperti d'accordo),INT,MON,2026-08-22T16:30:00Z,,,False,,3,"Panchinaro di lusso per un Inter che ha abbondanza in ogni reparto, potrebbe reintrare nel lotto delle 5 sostituzioni ma senza garantire certezza di andare a voto",False,False,False,,
INT,Mkhitaryan,c,5.0,28,6.28,6.03,2.7,2.5,9.8,15.0,6.4,6.0,8.0,6.0,34.0,0.0,coerente (modello ed esperti d'accordo),,,,,,,,,,,,,,
INT,Luis Henrique,c,4.0,27,6.04,5.94,1.4,1.5,2.8,21.0,15.7,,,,,,,INT,MON,2026-08-22T16:30:00Z,,,False,,3,"Nonostante la partenza di Dumfries, Luisello non ha conquistato la grazie di mister Chivu, superato da Diouf nelle gerarchie della fascia destra potrebbe rimanere per l'intera gara in panca visti i recenti rumors di mercato",False,False,False,,
INT,Provedel,p,2.0,27,5.45,6.21,0.1,0.3,-17.0,15.0,13.4,,,,,,,INT,MON,2026-08-22T16:30:00Z,,,False,,3,vedi Martinez,False,False,False,,
INT,Di Gennaro,p,1.0,1,4.71,5.82,0.6,0.4,-3.0,5.1,0.6,,,,,,,INT,MON,2026-08-22T16:30:00Z,,,False,,1,Terzo portiere.,False,False,False,,
JUV,Yildiz,a,23.0,35,6.79,6.18,5.9,6.9,22.1,30.7,26.7,9.0,8.0,9.0,43.0,0.0,coerente (modello ed esperti d'accordo),FRO,JUV,2026-08-23T16:30:00Z,,,False,,4,"– Potrebbe non essere in forma smagliante, in virtù dei problemi fisici che ha avuto per buona parte dell'estate. Tuttavia, sembra essere pienamente ristabilito e rimane il giocatore di maggior talento della rosa.",True,True,True,,
JUV,McKennie,c,17.0,34,6.47,6.1,4.3,3.3,13.2,28.5,25.3,7.0,8.0,7.0,37.0,-3.21,RISCHIO AL RIBASSO (esperti meno fiduciosi del modello),FRO,JUV,2026-08-23T16:30:00Z,,,False,,3,"– Ci potrebbe tranquillamente anche stare il 4/5, ma considerando che c'è il rischio che giochi in mediana, e che quindi possa avere meno possibilità di incidere, ci limitiamo a dire che è sicuramente schierabile e fossimo in voi comunque lo prenderemmo tranquillamente in condiderazione.",False,False,False,,
JUV,Bremer,d,15.0,26,6.24,6.04,1.8,0.8,4.0,25.6,21.9,9.0,7.0,9.0,41.0,0.99,coerente (modello ed esperti d'accordo),FRO,JUV,2026-08-23T16:30:00Z,,,False,,4,– Vedi Consigliati .,False,False,False,,
JUV,Kalulu,d,13.0,37,6.04,6.04,1.1,2.0,3.2,30.0,27.8,8.0,8.0,8.0,38.0,0.0,coerente (modello ed esperti d'accordo),FRO,JUV,2026-08-23T16:30:00Z,,,False,,3,"– Fedelissimo di Spalletti la scorsa stagione, ci aspettiamo che la musica non cambi. Tranquillamente schierabile per il vostro modificatore.",False,False,False,,
JUV,Conceicao,c,12.0,30,6.67,6.09,5.5,3.6,16.2,28.0,22.5,,,,,,,FRO,JUV,2026-08-23T16:30:00Z,,,False,,4,– Vedi Consigliati .,False,True,True,,
JUV,Thuram K.,c,10.0,34,6.3,5.98,2.8,2.4,8.8,26.1,19.7,9.0,8.0,7.0,38.0,2.79,coerente (modello ed esperti d'accordo),FRO,JUV,2026-08-23T16:30:00Z,,,False,,3,"– Ha saltato quasi tutta la preparazione per un problema fisico. Dovrebbe partire dalla panchina e non è detto che entri. Volendo, potete anche schierarlo se siete ben coperti, ma senza particolari aspettative.",False,False,False,,
JUV,Di Gregorio,p,9.0,30,5.02,6.16,0.2,0.3,-31.6,29.1,27.5,7.0,9.0,8.0,39.0,-3.21,RISCHIO AL RIBASSO (esperti meno fiduciosi del modello),FRO,JUV,2026-08-23T16:30:00Z,,,False,,2,"– Diversamente da Perin e Vicario, lui vive una situazione più complicata. Sfiduciato, messo dichiaratamente sul mercato, è molto difficile sia vederlo in campo, sia pensare che possa affrontare la partita con tranquillità in caso di impiego. E non è nemmeno detto che vada in panchina, data la probabile cessione imminente..",False,False,False,,
JUV,Cambiaso,d,9.0,36,6.19,5.96,1.2,2.5,3.4,27.3,24.5,9.0,8.0,7.0,37.0,0.0,coerente (modello ed esperti d'accordo),FRO,JUV,2026-08-23T16:30:00Z,,,False,,3,"– Le aspettative sono decisamente più contenute rispetto all'inizio della scorsa stagione, ma ci aspettiamo che il ragazzo si riprenda. Contro il Frosinone, almeno sulla carta, è schierabile.",False,False,True,,
JUV,David,a,9.0,30,6.61,5.96,6.4,2.0,14.1,22.6,12.4,6.0,9.0,6.0,33.0,0.0,coerente (modello ed esperti d'accordo),FRO,JUV,2026-08-23T16:30:00Z,,,False,,2,– Vedi Sconsigliati .,True,False,False,,
JUV,Celik,d,8.0,32,6.01,5.99,0.8,1.4,1.4,23.5,20.1,8.0,8.0,7.0,36.0,2.46,coerente (modello ed esperti d'accordo),FRO,JUV,2026-08-23T16:30:00Z,,,False,,3,"– Dovrebbe partire dalla panchina, ma un suo ingresso è comunque probabile. Al netto di sorprese, pure lui rimane interessante per il modificatore.",False,False,False,,
JUV,Locatelli,c,8.0,36,6.08,6.09,1.7,1.6,2.3,29.1,28.2,9.0,9.0,7.0,39.0,0.0,coerente (modello ed esperti d'accordo),FRO,JUV,2026-08-23T16:30:00Z,,,False,,3,"– Lo sapete: bonus neanche l'ombra (al netto del classico unico goal che porta ogni anno), ma potete contare su titolarità e voti medio-alti.",True,True,False,,
JUV,Perin,p,6.0,9,5.1,6.13,0.1,0.3,-19.1,19.7,17.9,5.0,8.0,5.0,33.0,-1.45,coerente (modello ed esperti d'accordo),FRO,JUV,2026-08-23T16:30:00Z,True,55,False,,3,"– In linea di massima, il portiere della Juve in partite così potrebbe anche essere un 4/5. Tuttavia, non possiamo ignorare il fatto che uno dei tre portieri è arrivato in settimana, mentre gli altri due sono sul mercato. Un minimo di dubbio quantomeno sulla tenuta mentale è lecito averla.",False,False,False,-1.45,coerente (modello e scheda partita d'accordo)
JUV,Zhegrova,c,6.0,12,6.32,5.97,1.6,0.8,3.1,17.2,6.6,,,,,,,FRO,JUV,2026-08-23T16:30:00Z,,,False,,2,"– Difficile dargli un indice superiore, perché parte dietro nelle gerarchie ai nastri di partenza e, con l'arrivo di Alajbegovic, aumenta la concorrenza. Potrebbe anche non entrare, o farlo giusto per portare una mera sufficienza. Tuttavia, ci sono alcuni aspetti che possiamo sottolineare in positivo: fisicamente è sano (a differenza della prima parte della scorsa stagione) e nelle amichevoli pre-stagionali ha mostrato qualche colpo interessante. Aspettatevi al massimo un subentro, ma un occhio curioso continuiamo ad averlo (però per il futuro, non tanto per questa partita).",False,False,False,,
JUV,Boga,a,6.0,13,6.39,5.96,3.1,1.2,9.2,16.0,8.4,6.0,7.0,6.0,33.0,0.0,coerente (modello ed esperti d'accordo),FRO,JUV,2026-08-23T16:30:00Z,,,False,,3,"– Probabile subentro, anche perché Yildiz probabilmente non farà più di 70', soprattutto se la partita si mette bene per la Juve. Utile se ha gli spazi per spaccare la partita.",False,False,False,,
JUV,Kelly L.,d,5.0,35,5.88,5.89,1.2,0.6,1.7,23.6,20.7,7.0,7.0,7.0,33.0,-0.54,coerente (modello ed esperti d'accordo),FRO,JUV,2026-08-23T16:30:00Z,True,60,False,,3,"– Diciamo che potremmo definirlo un ""Lucumì-bis"", nel senso che uno tra loro due farà da spalla a Bremer al centro della difesa bianconera. Tuttavia, Kelly ha un'appetibilità leggermente più bassa, in quanto dovrebbe essere il colombiano il preferito da Spalletti (se non per questa partita, in generale per il medio-lungo periodo). Potete quindi schierarlo, ma non è detto che giochi e, in generale, al massimo aspettatevi un discreto voto.",False,False,False,-3.75,RISCHIO GIORNATA 1 (ballottaggio/indisponibilita' non previsti dal modello)
JUV,Koopmeiners,c,5.0,29,6.07,5.95,2.2,1.3,7.0,16.1,8.6,5.0,7.0,5.0,28.0,0.0,coerente (modello ed esperti d'accordo),FRO,JUV,2026-08-23T16:30:00Z,,,False,,2,– Vedi Sconsigliati .,False,True,True,,
JUV,Gatti,d,4.0,16,5.97,5.91,1.1,0.6,1.6,18.4,12.7,5.0,7.0,5.0,29.0,0.0,coerente (modello ed esperti d'accordo),FRO,JUV,2026-08-23T16:30:00Z,,,False,,2,"– Nemmeno in balottaggio e scivolato ormai in fondo alle gerarchie. Dovesse entrare, lo farebbe nei minuti finali e solo in caso di necessità.",False,False,False,,
JUV,Miretti,c,3.0,15,6.13,5.93,1.3,0.9,3.3,13.9,10.3,6.0,7.0,6.0,33.0,0.0,coerente (modello ed esperti d'accordo),FRO,JUV,2026-08-23T16:30:00Z,,,False,,2,"– Minutaggio inpronosticabile. Magari entra e segna giocando 3 minuti, magari nemmeno entra. Il recupero tattico di Douglas Luiz e l'arrivo di Alajbegovic gli chiudono ulteriormente opzioni di minutaggio.",False,False,False,,
JUV,Ekhator,a,3.0,25,6.15,5.89,1.6,1.0,3.7,14.8,5.7,6.0,7.0,6.0,32.0,0.0,coerente (modello ed esperti d'accordo),,,,,,,,,,,,,,
JUV,Rugani,d,1.0,8,5.71,5.73,0.4,0.4,0.2,6.8,6.4,4.0,7.0,4.0,26.0,0.0,coerente (modello ed esperti d'accordo),FRO,JUV,2026-08-23T16:30:00Z,,,False,,1,"– Lo inseriamo solo perché tecnicamente è ancora in rosa, ma è totalmente inutile e potrebbe anche non essere tra i convocati.",False,False,False,,
JUV,Cabal,d,1.0,9,5.92,5.82,1.0,0.6,1.6,12.7,8.7,4.0,5.0,4.0,24.0,0.0,coerente (modello ed esperti d'accordo),FRO,JUV,2026-08-23T16:30:00Z,,,False,,2,– Dichiaratamente sul mercato. Giocherà solo in caso di emergenza o necessità.,False,False,False,,
LAZ,Zaccagni,c,16.0,26,6.43,6.05,3.2,3.1,11.2,24.3,20.0,,,,,,,BOL,LAZ,2026-08-24T16:30:00Z,,,False,,3,"Può essere una buona scelta nelle vostre formazioni, a patto che si convinca di attaccare di più la porta e abbassarsi meno a centrocampo per venire a prendere qualche pallone giocabile. Al momento lo abbiamo visto fare entrambe le cose, quindi, in una gara difficile, non possiamo consigliarlo apertamente.",True,True,True,,
LAZ,Taylor K.,c,13.0,17,6.25,5.94,2.2,1.2,6.0,22.6,18.8,9.0,8.0,8.0,39.0,3.59,SORPRESA AL RIALZO (esperti piu' fiduciosi del modello),BOL,LAZ,2026-08-24T16:30:00Z,,,False,,3,"Lo scorso anno ha punito il Bologna con una bella doppietta, giocando in una posizione più propositiva rispetto a quella vista in avvio di stagione. Attualmente risulta più sacrificato nel lavoro di costruzione e copertura, ma ha sempre le qualità tecniche e di inserimento necessarie per rendersi pericoloso.",True,False,False,,
LAZ,Dia,a,10.0,25,6.27,5.93,2.5,1.6,8.6,20.3,13.2,6.0,7.0,5.0,28.0,0.0,coerente (modello ed esperti d'accordo),BOL,LAZ,2026-08-24T16:30:00Z,True,60,False,,2,"Da centravanti davvero un pesce fuor d'acqua: non segna, si abbassa a legare il gioco non si capisce bene per chi, in più ha sempre una mobilità ridotta. Al momento, decisamente da evitare.",False,False,False,0.0,coerente (modello e scheda partita d'accordo)
LAZ,Ratkov,a,10.0,7,5.95,5.84,1.5,0.6,4.3,19.5,11.1,7.0,9.0,6.0,31.0,2.34,coerente (modello ed esperti d'accordo),BOL,LAZ,2026-08-24T16:30:00Z,False,40,False,,2,"La speranza è che, partendo da titolare o dalla panchina, possa combinare qualcosa di buono, come intravisto nelle modeste amichevoli precampionato. Resta comunque una speranza, quindi vi suggeriamo di non basare il vostro attacco su di lui.",False,False,False,0.0,coerente (modello e scheda partita d'accordo)
LAZ,Cancellieri,c,9.0,28,6.22,5.93,2.4,1.2,7.2,23.2,16.3,7.0,8.0,7.0,34.0,1.98,coerente (modello ed esperti d'accordo),BOL,LAZ,2026-08-24T16:30:00Z,,,False,,2,"Brutta prestazione in Coppa Italia, con pochi affondi utili e tanti errori, conditi da una certa dose di supponenza e arroganza tattica. Ancora non riesce a incidere in modo positivo, soprattutto quando si trova in condizione di concludere a rete.",False,False,False,,
LAZ,Isaksen,c,9.0,27,6.46,5.95,4.3,1.2,10.4,25.0,17.3,,,,,,,,,,,,,,,,,,,,
LAZ,Romagnoli,d,7.0,32,5.79,5.9,0.8,0.4,0.1,25.7,21.9,3.0,7.0,3.0,22.0,-4.42,RISCHIO AL RIBASSO (esperti meno fiduciosi del modello),BOL,LAZ,2026-08-24T16:30:00Z,,,False,,2,,False,False,False,,
LAZ,Tavares N.,d,6.0,22,5.9,5.94,1.1,1.6,1.0,22.5,15.0,6.0,7.0,6.0,29.0,0.0,coerente (modello ed esperti d'accordo),,,,,,,,,,,,,,
LAZ,Marusic,d,6.0,33,5.92,5.85,1.0,0.8,1.5,26.0,22.5,6.0,8.0,6.0,30.0,-6.51,RISCHIO AL RIBASSO (esperti meno fiduciosi del modello),BOL,LAZ,2026-08-24T16:30:00Z,,,False,,2,"Approfondimento tra gli "" Sconsigliati """,False,False,False,,
LAZ,Rovella,c,6.0,11,5.83,5.87,0.4,1.0,0.6,17.9,10.3,8.0,6.0,7.0,30.0,7.67,SORPRESA AL RIALZO (esperti piu' fiduciosi del modello),BOL,LAZ,2026-08-24T16:30:00Z,,,False,,2,"Ha iniziato la stagione cercando di creare gioco, ma troppo spesso trovandosi a inseguire gli avversari lanciati verso la porta. Temiamo che anche in questa gara il copione possa ripetersi, con alto rischio di cartellino.",False,True,True,,
LAZ,Noslin,a,6.0,23,6.27,5.95,2.7,2.1,8.5,20.3,13.6,6.0,8.0,5.0,29.0,0.0,coerente (modello ed esperti d'accordo),BOL,LAZ,2026-08-24T16:30:00Z,,,False,,2,"Lo scorso anno ha combinato qualcosa di buono solo come attaccante centrale e quindi Gattuso decide saggiamente di utilizzarlo come esterno destro, posizione in cui non ha mai convinto. A queste condizioni, fatene a meno.",False,False,False,,
LAZ,Dele-Bashiru,c,5.0,21,6.19,5.87,1.9,0.9,8.1,18.6,15.0,6.0,9.0,5.0,29.0,0.0,coerente (modello ed esperti d'accordo),BOL,LAZ,2026-08-24T16:30:00Z,True,55,False,,3,"Uno dei meno peggio nella gara di Coppa Italia, ha messo in mostra qualche buona accelerazione, vanificata come sempre dai limiti tecnici. Con queste caratteristiche potrebbe sfruttare qualche spazio in ripartenza, anche se non lo aspetta una gara facile, che molto probabilmente vedrà anche la staffetta con Frattesi.",False,False,False,0.0,coerente (modello e scheda partita d'accordo)
LAZ,Cataldi,c,4.0,27,6.07,5.97,0.7,1.4,3.1,16.9,12.8,6.0,8.0,6.0,31.0,0.0,coerente (modello ed esperti d'accordo),,,,,,,,,,,,,,
LAZ,Provstgaard,d,3.0,23,5.84,5.94,0.7,0.6,0.8,19.3,17.4,9.0,9.0,6.0,33.0,5.18,SORPRESA AL RIALZO (esperti piu' fiduciosi del modello),BOL,LAZ,2026-08-24T16:30:00Z,,,False,,2,"Gara in cui tatticamente potrebbe soffrire gli spazi aperti e le ripartenze del Bologna, la speranza è che possa sopperire con il fisico e il piazzamento nei duelli. In generale, per quanto visto finora, sembra essere un po' penalizzato dall'atteggiamento tattico di Gattuso.",False,False,False,,
LAZ,Floriani Mussolini,d,3.0,23,5.79,5.8,0.6,0.9,0.4,15.2,5.1,6.0,9.0,6.0,29.0,0.0,coerente (modello ed esperti d'accordo),BOL,LAZ,2026-08-24T16:30:00Z,,,False,,3,"Potrebbe avere spazio nella ripresa e magari cercare un po' di spinta sulla fascia. Tenetelo in considerazione se non avete di meglio da schierare e cercate una sorpresa positiva, ma con una certa dose di rischio.",False,False,False,,
LAZ,Lazzari,d,2.0,17,5.71,5.85,0.2,0.8,-0.1,12.4,9.0,5.0,6.0,4.0,23.0,0.0,coerente (modello ed esperti d'accordo),BOL,LAZ,2026-08-24T16:30:00Z,,,False,,2,"In concorrenza con Floriani per un po' di spazio nella ripresa, anche lui potrebbe offrire una discreta spinta offensiva, ma con molti più rischi in fase di copertura.",False,False,False,,
LAZ,Pellegrini Lu.,d,2.0,24,5.83,5.83,0.5,0.8,0.4,18.6,10.8,5.0,8.0,5.0,27.0,0.0,coerente (modello ed esperti d'accordo),BOL,LAZ,2026-08-24T16:30:00Z,,,False,,2,,False,False,False,,
LAZ,Motta,p,1.0,9,4.96,5.94,0.3,0.4,-13.9,12.1,11.8,,,,,,,BOL,LAZ,2026-08-24T16:30:00Z,,,False,,2,,False,False,False,,
LAZ,Patric,d,1.0,10,5.72,5.72,0.3,0.4,-0.0,9.1,6.2,3.0,4.0,2.0,17.0,-1.49,coerente (modello ed esperti d'accordo),,,,,,,,,,,,,,
LAZ,Belahyane,c,1.0,11,5.87,5.86,0.5,0.7,1.0,10.8,10.1,4.0,8.0,3.0,23.0,0.0,coerente (modello ed esperti d'accordo),BOL,LAZ,2026-08-24T16:30:00Z,,,False,,2,,False,False,False,,
LEC,Falcone,p,8.0,38,5.07,6.2,0.1,0.3,-43.5,31.2,33.0,9.0,8.0,7.0,39.0,0.0,coerente (modello ed esperti d'accordo),VEN,LEC,2026-08-23T16:30:00Z,,,False,,3,"Lecce indietro di condizione e di mercato, quello che ne risentirà maggiormente sarà proprio Falcone, come abbiamo visto a Palermo. Le sue abilità non sono messe in dubbio, forse però meglio aspettare che il Lecce si sia stabilizzato un minimo, sia tatticamente che a livello di uomini in campo.",False,False,False,,
LEC,Tiago Gabriel,d,7.0,36,5.91,5.91,1.6,0.6,0.8,29.9,28.6,9.0,8.0,7.0,37.0,0.0,coerente (modello ed esperti d'accordo),VEN,LEC,2026-08-23T16:30:00Z,,,False,,3,"Non impeccabile contro il Palermo, forse con la testa alla moglie che a giorni dovrebbe partorire. Rimane un perno della difesa giallorossa, quello che più facilmente può portarvi la sufficienza. Per gli stessi motivi di Falcone, se avete alternative migliori, si può lasciare in panchina.",False,False,False,,
LEC,Stulic,a,7.0,30,6.13,5.88,2.8,1.7,11.0,22.7,18.1,6.0,8.0,5.0,29.0,-1.59,coerente (modello ed esperti d'accordo),VEN,LEC,2026-08-23T16:30:00Z,,,False,,2,"Voto molto probabile, in Coppa il suo ingresso è stato molto generoso, anche se tecnicamente è lontano dal livello della serie A.",True,False,False,,
LEC,Gallo,d,6.0,37,5.81,5.85,0.4,2.0,0.8,26.3,25.3,8.0,8.0,6.0,33.0,0.0,coerente (modello ed esperti d'accordo),VEN,LEC,2026-08-23T16:30:00Z,,,False,,3,L'unico motivo per schierarlo è sperare in qualche bonus leggero visto che senza Berisha batte tutti i piazzati.,False,True,True,,
LEC,Coulibaly L.,c,6.0,33,6.0,5.88,1.2,0.9,2.1,27.2,23.6,8.0,8.0,7.0,36.0,0.0,coerente (modello ed esperti d'accordo),VEN,LEC,2026-08-23T16:30:00Z,,,False,,3,"EDF lo ha provato quasi trequartista contro il Palermo, scelta completamente bocciata, un pesce fuor d'acqua, meglio nel secondo tempo quando è stato riportato in mediana. Sembra indietro di condizione, ma è una delle poche sicurezze del centrocampo del Lecce.",False,False,False,,
LEC,Pierotti,c,6.0,37,5.99,5.9,1.2,1.7,3.2,25.2,22.6,,,,,,,VEN,LEC,2026-08-23T16:30:00Z,,,False,,3,"Nuovo anno, stesso Pierotti, grande impegno, grande corsa, ma abbastanza inutile negli ultimi 20 metri, non il massimo per un'ala offensiva. Si becca il 3/5 giusto perchè è listato centrocampista.",False,False,False,,
LEC,Gaspar K.,d,5.0,21,5.81,5.84,0.7,0.5,0.2,19.7,17.7,8.0,7.0,6.0,32.0,4.53,SORPRESA AL RIALZO (esperti piu' fiduciosi del modello),VEN,LEC,2026-08-23T16:30:00Z,,,False,,3,"Contro il Palermo è sembrato in buona forma, qualche amnesia è sempre da mettere in conto, ma anche lui potrebbe candidarsi per una sufficienza. Se avete buone alternative si può lasciare in panchina.",False,False,False,,
LEC,Veiga D.,d,5.0,36,5.74,5.8,0.5,0.9,0.4,25.1,27.6,8.0,8.0,5.0,30.0,0.0,coerente (modello ed esperti d'accordo),VEN,LEC,2026-08-23T16:30:00Z,,,False,,2,Come l'anno scorso è difficile trovare anche un solo valido motivo per schierarlo. Utile solo per il voto in panchina.,False,False,False,,
LEC,Berisha M.,c,5.0,12,6.02,5.97,1.1,2.1,3.3,16.4,9.0,7.0,4.0,8.0,33.0,2.34,coerente (modello ed esperti d'accordo),,,,,,,,,,,,,,
LEC,Gandelman,c,5.0,17,6.28,5.88,1.9,1.2,7.6,15.4,10.3,6.0,7.0,6.0,31.0,0.0,coerente (modello ed esperti d'accordo),VEN,LEC,2026-08-23T16:30:00Z,,,True,Tendinopatia cronica - In dubbio per Venezia,2,"Soffre da mesi a causa di una tendinopatia, per questo difficilmente partirà titolare, potrebbe entrare a partita in corso, ma se la condizione è precaria sarà difficile possa lasciare il segno. Per ora lasciate perdere.",False,False,False,-7.76,RISCHIO GIORNATA 1 (ballottaggio/indisponibilita' non previsti dal modello)
LEC,Siebert,d,4.0,19,5.75,5.79,0.7,0.4,0.5,18.7,15.1,6.0,8.0,5.0,29.0,0.0,coerente (modello ed esperti d'accordo),VEN,LEC,2026-08-23T16:30:00Z,,,False,,2,"Al momento è una riserva in attesa di sviluppi di mercato. Difficile vada a voto, nel caso meglio non rischiare",False,False,False,,
LEC,Ngom,c,4.0,13,5.8,5.78,0.5,0.5,1.0,18.1,12.7,,,,,,,VEN,LEC,2026-08-23T16:30:00Z,,,False,,2,"Anche lui perno fisso di Di Francesco, ma a parte il voto, non vi darà molte gioie al fantacalcio.",False,False,False,,
LEC,N'Dri,a,3.0,17,6.11,5.86,1.3,0.7,2.3,15.9,8.5,5.0,8.0,4.0,27.0,0.0,coerente (modello ed esperti d'accordo),VEN,LEC,2026-08-23T16:30:00Z,True,80,False,,3,"Approfondimento tra i "" Consigliati """,False,False,False,7.54,OCCASIONE GIORNATA 1 (piu' titolare del previsto dal modello)
LEC,Jean,d,2.0,5,5.66,5.64,0.2,0.4,0.0,15.0,11.5,5.0,7.0,4.0,26.0,0.0,coerente (modello ed esperti d'accordo),VEN,LEC,2026-08-23T16:30:00Z,,,False,,2,Quarta scelta in difesa.,False,False,False,,
LEC,Maleh,c,2.0,21,5.83,5.82,0.8,0.7,0.9,16.4,12.4,,,,,,,VEN,LEC,2026-08-23T16:30:00Z,True,60,False,,2,"Dopo anni di prestiti, per necessità quest'anno potrebbe addirittura partire titolare. Ogni tanto tira qualche castagna che finisce in porta, ma sono più le probabilità di malus che di bonus.",False,True,True,0.0,coerente (modello e scheda partita d'accordo)
LEC,Perez M.,d,1.0,1,5.35,5.72,0.3,0.5,1.0,8.1,2.8,4.0,4.0,4.0,20.0,0.0,coerente (modello ed esperti d'accordo),,,,,,,,,,,,,,
LEC,Ndaba,d,1.0,9,5.67,5.64,0.3,0.4,0.5,10.0,7.5,5.0,8.0,4.0,26.0,0.0,coerente (modello ed esperti d'accordo),VEN,LEC,2026-08-23T16:30:00Z,,,False,,2,"Riserva di Gallo, voto difficile.",False,False,False,,
LEC,Gorter,c,1.0,1,5.92,5.72,0.4,0.4,1.6,7.1,1.8,6.0,8.0,5.0,28.0,0.0,coerente (modello ed esperti d'accordo),VEN,LEC,2026-08-23T16:30:00Z,False,40,False,,3,"Tra chi è rotto, chi è fuori condizione, Gorter sembra uno dei pochi a dare vitalità al centrocampo del Lecce. Vediamo se in serie A ci può stare ...",False,False,False,0.0,coerente (modello e scheda partita d'accordo)
LEC,Kaba,c,1.0,11,5.85,5.64,0.7,0.5,0.9,11.8,7.7,4.0,6.0,3.0,23.0,0.0,coerente (modello ed esperti d'accordo),,,,,,,,,,,,,,
LEC,Fofana Sa.,c,1.0,2,5.86,5.69,0.4,0.5,1.3,8.3,4.0,,,,,,,,,,,,,,,,,,,,
MIL,Pulisic,c,25.0,27,6.95,6.15,6.4,3.0,21.6,26.0,16.7,9.0,6.0,8.0,39.0,6.32,SORPRESA AL RIALZO (esperti piu' fiduciosi del modello),TOR,MIL,2026-08-23T18:45:00Z,,,True,,3,"Sta gradualmente rientrando in gruppo dopo l'infortunio, ma ha ripreso a lavorare con i compagni solo questa settimana e la sua convocazione resta fortemente in dubbio. Il consiglio è di monitorare attentamente i convocati ufficiali fino all'ultimo: se dovesse farcela e sedersi in panchina, un suo impiego resta comunque da considerarsi a basso minutaggio. Potete rischiarlo solo con una copertura al 100% sicura in panchina, altrimenti meglio evitare il rischio di giocare in dieci.",False,False,False,-7.86,RISCHIO GIORNATA 1 (ballottaggio/indisponibilita' non previsti dal modello)
MIL,Rabiot,c,22.0,29,6.56,6.14,4.4,3.8,14.3,27.1,22.7,9.0,9.0,8.0,41.0,0.27,coerente (modello ed esperti d'accordo),TOR,MIL,2026-08-23T18:45:00Z,,,False,,3,"Rientrato la scorsa settimana insieme a Maignan dopo le fatiche del Mondiale, si allena col gruppo da circa cinque giorni ma resta ancora distante dalla forma migliore e da una maglia da titolare. Andrà in panchina e potrebbe trovare spazio a gara in corso nei due di centrocampo o, chissà, persino da sottopunta in un ipotetico esperimento tattico di Amorim. Se lo avete già in rosa, il fascino del nome invoglia a metterlo: potete schierarlo, ma con estrema cautela, assicurandovi una copertura al 100% sicura in panchina dato che il suo subentro e il minutaggio reale restano molto incerti.",False,False,False,,
MIL,Leao,a,18.0,28,6.91,6.09,7.0,5.1,21.3,25.3,18.6,6.0,6.0,5.0,29.0,-1.96,coerente (modello ed esperti d'accordo),TOR,MIL,2026-08-23T18:45:00Z,,,True,,2,"Situazione decisamente complessa e nebulosa attorno al portoghese. Alle prese con il recupero da un problema muscolare, ha ripreso a lavorare solo parzialmente con il gruppo e la convocazione resta in forte dubbio. A ciò si aggiungono le continue voci di mercato e una collocazione tattica tutt'altro che centrale nei piani attuali di Amorim. Qualora figurasse tra i convocati, la classe del giocatore impone comunque di farci un pensierino: potete schierarlo, ma soltanto a patto di avere in panchina una copertura sicura al 100%, poiché il rischio che non metta piede in campo è altissimo.",False,False,False,-7.65,RISCHIO GIORNATA 1 (ballottaggio/indisponibilita' non previsti dal modello)
MIL,Maignan,p,15.0,37,5.06,6.1,0.2,0.3,-30.7,29.7,28.0,9.0,9.0,8.0,43.0,0.0,coerente (modello ed esperti d'accordo),TOR,MIL,2026-08-23T18:45:00Z,,,False,,4,"Rientrato in gruppo nell'ultima settimana , il portierone rossonero è pronto a difendere i pali per l'esordio stagionale contro il Torino. La partita nasconde qualche insidia e un malus va messo in conto, ma ci aspettiamo comunque un'ottima prestazione: tra interventi decisivi e parate di livello, può portare a casa un voto alto al Fantacalcio.",False,False,False,,
MIL,Pavlovic,d,14.0,34,6.2,6.02,3.4,0.8,6.8,27.8,29.1,9.0,9.0,8.0,42.0,0.0,coerente (modello ed esperti d'accordo),TOR,MIL,2026-08-23T18:45:00Z,,,False,,4,"Nelle uscite estive è apparso un po' imballato dai carichi di lavoro e deve ancora assimilare appieno i concetti del nuovo gioco di Amorim, ma ora che le partite iniziano a contare vedremo il responso sul campo. Resta il miglior difensore del Milan in chiave Fantacalcio: pericoloso sia nelle transizioni palla al piede che sui calci piazzati grazie alla sua dominanza aerea. La sfida fisica contro il Torino è decisamente nelle sue corde.",False,False,False,,
MIL,Nkunku,a,13.0,26,6.58,5.93,4.7,1.9,13.3,21.8,12.5,6.0,6.0,6.0,31.0,0.0,coerente (modello ed esperti d'accordo),,,,,,,,,,,,,,
MIL,Gila,d,12.0,31,6.03,5.94,1.1,0.5,1.8,24.7,18.2,9.0,8.0,7.0,35.0,4.2,SORPRESA AL RIALZO (esperti piu' fiduciosi del modello),TOR,MIL,2026-08-23T18:45:00Z,,,False,,3,"Rientrato dopo un leggero affaticamento accusato in estate, si è subito dimostrato un elemento ideale per la difesa a tre di Amorim. La sua aggressività nel pressing alto, l'abilità nell'uno contro uno e la capacità di coprire il campo aperto lo rendono una pedina fondamentale per il nuovo assetto rossonero. Pur non garantendo un apporto in termini di bonus secco, è un profilo da ottime medie voto: se utilizzate il modificatore di difesa, è un giocatore assolutamente consigliato da schierare.",False,False,False,,
MIL,Modric,c,12.0,33,6.18,6.08,2.3,2.7,6.4,28.2,23.6,6.0,9.0,6.0,36.0,-7.83,RISCHIO AL RIBASSO (esperti meno fiduciosi del modello),TOR,MIL,2026-08-23T18:45:00Z,,,False,,4,"Rinnovato per un altro anno in rossonero, ha già mostrato tutta la sua immensa classe nelle uscite estive. Lo conosciamo bene: il bonus pesante non è il suo marchio di fabbrica, ma sul piano delle prestazioni è una garanzia assoluta, una vera e propria ""macchina da 6.5"". Se nel vostro centrocampo volete regolarità e la certezza di un voto alto per fare la differenza, il croato è la scelta giusta. Affidabile e da schierare.",True,True,True,,
MIL,Saelemaekers,c,10.0,35,6.31,6.09,2.8,3.5,8.9,28.7,24.3,9.0,8.0,7.0,37.0,0.0,coerente (modello ed esperti d'accordo),TOR,MIL,2026-08-23T18:45:00Z,,,False,,3,"Partito indietro nel ballottaggio con Cissè per affiancare Loftus-Cheek, sconta un rientro ritardato dalle fatiche con il Belgio. Amorim lo sta gradualmente trasformando da esterno a tutta fascia a trequartista/sottopunta, inserendolo in un percorso di adattamento tattico per sfruttarne la proverbiale duttilità. Data la situazione d'emergenza sulla trequarti rossonera, il suo subentro a gara in corso è praticamente certo: chi lo possiede al Fantacalcio può rischiarlo, consapevole che agendo in una posizione più avanzata e vicina alla porta i presupposti per il bonus non mancano.",False,True,True,,
MIL,Bartesaghi,d,8.0,31,5.95,5.92,0.9,2.4,1.9,24.5,22.2,6.0,8.0,6.0,32.0,-5.87,RISCHIO AL RIBASSO (esperti meno fiduciosi del modello),TOR,MIL,2026-08-23T18:45:00Z,False,10,False,,3,"Partito indietro nel ballottaggio con Estupiñán, sconta le sue caratteristiche più conservative in un sistema di Amorim che richiede quinti di grande spinta. La possibilità di subentrare a gara in corso c'è, ma occhio all'insidia sul minutaggio finale: il neo-arrivato Moreira spinge per trovare spazio. Se volete schierarlo come scommessa di rincalzo, farlo è lecito, ma è fondamentale una copertura sicura in panchina perché il voto non è affatto garantito.",False,False,False,-7.79,RISCHIO GIORNATA 1 (ballottaggio/indisponibilita' non previsti dal modello)
MIL,Gabbia,d,7.0,29,5.89,5.88,1.0,0.6,0.4,24.0,22.5,7.0,8.0,5.0,31.0,-2.47,coerente (modello ed esperti d'accordo),TOR,MIL,2026-08-23T18:45:00Z,,,False,,2,"Rientrato in gruppo solo questa settimana, parte sfavorito nel ballottaggio con De Winter (reduce dalla buona prova con il Manchester). Il rischio di rimanere senza voto è concreto, senza contare che il ruolo di centrale puro nella nuova difesa resta una mattonella delicatissima che potrebbe concedere qualcosa di troppo all'attacco granata. Sconsigliato: meglio evitare incertezze e puntare su profili più garantiti per questo turno.",False,False,False,,
MIL,Tomori,d,7.0,32,5.9,5.94,0.8,0.5,0.4,27.8,24.2,6.0,9.0,5.0,31.0,-7.83,RISCHIO AL RIBASSO (esperti meno fiduciosi del modello),,,,,,,,,,,,,,
MIL,Chukwueze,c,6.0,1,6.36,5.91,2.2,1.1,4.3,18.9,10.6,6.0,8.0,6.0,33.0,0.0,coerente (modello ed esperti d'accordo),TOR,MIL,2026-08-23T18:45:00Z,,,False,,5,"Approfondimento tra i ""Consigliati""",False,False,False,,
MIL,Gimenez,a,6.0,15,6.36,5.9,3.9,1.0,7.2,17.8,10.5,4.0,5.0,4.0,21.0,0.0,coerente (modello ed esperti d'accordo),,,,,,,,,,,,,,
MIL,Fofana Y.,c,5.0,33,6.18,5.95,1.6,2.0,6.8,18.8,14.5,6.0,8.0,5.0,30.0,0.0,coerente (modello ed esperti d'accordo),,,,,,,,,,,,,,
MIL,Camarda,a,5.0,18,6.0,5.87,1.1,0.6,2.0,11.0,4.8,5.0,7.0,5.0,26.0,0.0,coerente (modello ed esperti d'accordo),TOR,MIL,2026-08-23T18:45:00Z,,,False,,3,"Protagonista di un ottimo precampionato, il giovane attaccante azzurro rappresenta la prima alternativa a gara in corso per il centravanti titolare. Poiché Gonçalo Ramos potrebbe non avere ancora la tenuta fisica sui novanta minuti, un avvicendamento nell'ultimo quarto d'ora di gara è uno scenario decisamente probabile. Il voto non è garantito al 100% e dipenderà dal minutaggio concesso da Amorim, ma agendo da terminale in una squadra dalla spiccata trazione offensiva avrà comunque la chance di graffiare. Scommessa di giornata: se vi manca un terzo slot o non avete grosse alternative nel vostro reparto avanzato, potete lanciarlo con la giusta copertura.",False,False,False,,
MIL,Ricci S.,c,4.0,28,6.05,5.97,1.3,1.4,2.3,21.2,15.0,5.0,8.0,4.0,28.0,-0.0,coerente (modello ed esperti d'accordo),TOR,MIL,2026-08-23T18:45:00Z,,,False,,1,"– Al centro di una trattativa di calciomercato in fase ormai avanzatissima, il suo futuro appare lontano da Milano e la fumata bianca potrebbe arrivare già in questo fine settimana. Pur essendo ancora formalmente tesserato, la sensazione è che non figurerà nemmeno tra i convocati per la sfida imminente. Sconsigliato a 360°: non prendetelo minimamente in considerazione per la formazione titolare né per la panchina, il rischio di un ""S.V."" (se non proprio di un'assenza dalla lista) è pressoché totale.",False,False,False,,
MIL,Jashari,c,4.0,12,6.02,5.87,0.6,1.3,2.5,16.0,9.9,6.0,8.0,6.0,30.0,0.0,coerente (modello ed esperti d'accordo),TOR,MIL,2026-08-23T18:45:00Z,True,50,False,,3,"In netto vantaggio su Musah per affiancare Modrić in mediana. Profilo di grande sostanza e dinamismo, avrà il compito chiave di equilibrare la squadra sostenendo l'assetto offensivo di Amorim. Sebbene la sua posizione non garantisca bonus l'aggressività nel pressing alto rossonero potrebbe regalargli recuperi palla preziosi in zona avanzata da trasformare in assist.",False,False,False,0.0,coerente (modello e scheda partita d'accordo)
MIL,Loftus-Cheek,c,4.0,21,6.19,5.97,1.9,1.1,5.5,16.5,12.7,5.0,6.0,5.0,29.0,0.0,coerente (modello ed esperti d'accordo),TOR,MIL,2026-08-23T18:45:00Z,,,False,,4,"Dato per partente durante il mercato estivo, si è guadagnato la conferma grazie a un pre-campionato solido. L'infortunio di Pulisic gli apre le porte della titolarità per questa prima giornata. Nonostante la nota discontinuità, resta un profilo fisicamente dominante con grandi doti di inserimento: il gol segnato al Manchester la scorsa settimana è un segnale incoraggiante sul suo stato di forma. È una scommessa intrigante per il centrocampo.",False,False,False,,
MIL,De Winter,d,3.0,24,5.89,5.84,0.7,0.6,1.3,18.8,15.6,4.0,9.0,4.0,28.0,0.0,coerente (modello ed esperti d'accordo),TOR,MIL,2026-08-23T18:45:00Z,True,55,False,,2,"Approfondimento tra i ""Sconsigliati""",False,False,False,0.0,coerente (modello e scheda partita d'accordo)
MIL,Athekame,d,3.0,17,6.13,5.92,1.6,1.9,5.0,15.7,12.4,4.0,8.0,6.0,31.0,0.0,coerente (modello ed esperti d'accordo),,,,,,,,,,,,,,
MIL,Estupinan,d,3.0,14,5.87,5.87,0.7,0.8,0.8,14.5,9.7,5.0,7.0,5.0,28.0,0.0,coerente (modello ed esperti d'accordo),TOR,MIL,2026-08-23T18:45:00Z,True,50,False,,3,"Favorito su Bartesaghi per la maglia da titolare a sinistra. Lo abbiamo imparato a conoscere: se in fase difensiva rischia di combinare qualche disastro, quando spinge sa essere efficace. Il sistema di gioco di Amorim, con laterali molto alti, ne esalta le doti offensive proponendolo come potenziale uomo-bonus. A differenza di Gila, è un profilo da ""dentro o fuori"": se non usate il modificatore si può rischiare, mentre se giocate con il modificatore valutate bene, perché il malus o l'insufficienza sono sempre dietro l'angolo. Scommessa ad alto rischio/rendimento.",False,False,False,0.0,coerente (modello e scheda partita d'accordo)
MIL,Musah,c,2.0,16,5.88,5.86,0.6,0.8,0.9,13.9,7.9,4.0,8.0,4.0,26.0,0.0,coerente (modello ed esperti d'accordo),TOR,MIL,2026-08-23T18:45:00Z,False,10,False,,2,"In ritardo nel ballottaggio con Jashari ; ha buone chance di subentrare a gara in corso grazie al suo dinamismo, resta un profilo poco appetibile in chiave Fantacalcio: l'apporto in termini di bonus è quasi nullo e la media voto tende a essere insufficiente o al massimo da compitino.",False,False,False,-3.44,RISCHIO GIORNATA 1 (ballottaggio/indisponibilita' non previsti dal modello)
MIL,Terracciano,p,1.0,2,4.16,5.72,0.1,0.3,-17.3,8.2,9.4,2.0,9.0,3.0,30.0,-6.08,RISCHIO AL RIBASSO (esperti meno fiduciosi del modello),TOR,MIL,2026-08-23T18:45:00Z,,,False,,1,"Impiegato nelle ultime amichevoli estive da braccetto difensivo, ha collezionato prestazioni decisamente sottotono condite da qualche errore di troppo. Pur facendo ancora parte della rosa, resta un profilo al centro di possibili dinamiche di mercato verso altre sistemazioni. Le probabilità che trovi campo o riesca a portare a casa un voto utile sono ridotte al minimo: da evitare senza rimpianti.",False,False,False,,
MON,Cutrone,a,9.0,14,6.36,5.9,3.0,0.8,7.8,18.8,12.5,8.0,7.0,7.0,34.0,7.67,SORPRESA AL RIALZO (esperti piu' fiduciosi del modello),INT,MON,2026-08-22T16:30:00Z,,,False,,3,VEDI CONSIGLIATI,True,False,False,,
MON,Akinsanmiro,c,6.0,23,6.01,5.79,1.4,0.8,2.5,22.6,20.0,7.0,8.0,6.0,30.0,-0.49,coerente (modello ed esperti d'accordo),,,,,,,,,,,,,,
MON,Kouadio,d,3.0,2,5.6,5.84,0.6,0.5,1.3,15.1,10.1,7.0,8.0,6.0,31.0,2.34,coerente (modello ed esperti d'accordo),INT,MON,2026-08-22T16:30:00Z,,,False,,2,"Al debutto in maglia biancorossa, dovrà contenere le folate offensive dei neroazzurri: compito sicuramente arduo, ma nel precampionato questo ragazzo non ha sfigurato, quindi con un po' di fortuna potrà dire la sua. Visto però l'impegno proibitivo, non ci sentiamo di consigliarlo a pieno.",False,False,False,,
NAP,McTominay,c,28.0,33,7.13,6.17,6.6,1.8,26.3,25.8,21.7,9.0,7.0,9.0,42.0,1.16,coerente (modello ed esperti d'accordo),GEN,NAP,2026-08-22T18:45:00Z,,,False,,5,"Quando è in forma, è semplicemente incontenibile. Sempre mezzala, sempre trascinatore: Allegri ha il suo uomo di fiducia. Da segnalare che nell'ultimo Genoa-Napoli è stato uno dei marcatori. Come l'anno scorso, auspichiamo che il primo gol ufficiale del Napoli fra tutte le competizioni possa essere proprio il suo.",False,True,False,,
NAP,Hojlund,a,28.0,33,6.85,6.13,7.0,2.9,23.9,26.3,0.0,,,,,,,GEN,NAP,2026-08-22T18:45:00Z,,,False,,4,"Approfondimento tra i ""Consigliati"".",False,False,False,,
NAP,De Bruyne,c,15.0,17,6.59,6.11,3.1,3.4,14.2,23.5,16.5,6.0,5.0,7.0,33.0,-0.41,coerente (modello ed esperti d'accordo),GEN,NAP,2026-08-22T18:45:00Z,,,False,,4,"Non giocherà tutti e 90 i minuti, ma avrà le sue occasioni, da piazzato o non. Giocatore che nel precampionato ha iniziato a ritrovare il suo smalto, anche lui ha bagnato il suo esordio in maglia azzurra con un gol: può concedere nuovamente il bis questa stagione.",True,True,True,,
NAP,Rrahmani,d,14.0,21,6.12,6.01,1.0,0.4,2.2,24.3,17.9,9.0,7.0,8.0,39.0,4.54,SORPRESA AL RIALZO (esperti piu' fiduciosi del modello),GEN,NAP,2026-08-22T18:45:00Z,,,False,,4,"Lo chiamavano Highlander, l'ultimo immortale. Con Buongiorno, Beukema, e Marianucci fuori, toccherà al kosovaro cacciare la scienza e la grinta necessarie per trascinare la difesa partenopea. Il trio dei piccoletti rossoblù può dargli fastidio, ma la sua esperienza sarà la chiave di volta per bloccare le incursioni degli attaccanti avversari. Oltretutto, sa essere sempre un pericolo sui piazzati, motivo per il quale esistono discrete chance di vedere anche un bonus.",False,False,False,,
NAP,Santos A.,a,14.0,13,6.41,6.02,3.8,1.7,13.4,21.5,14.6,,,,,,,GEN,NAP,2026-08-22T18:45:00Z,,,False,,4,"Anche il brasiliano è tra i giocatori papabili a comparire sul tabellino: il suo estro e la sua qualità saranno armi fondamentali per disinnescare quello che con ogni probabilità sarà il fortino avversario. Soprattutto, dal suo lato Norton-Cuffy e Marcandalli possono soffrire un sacco le sue discese in profondità.",False,False,True,,
NAP,Di Lorenzo,d,12.0,26,6.25,6.03,1.8,2.7,5.8,25.5,24.5,8.0,7.0,7.0,35.0,0.0,coerente (modello ed esperti d'accordo),GEN,NAP,2026-08-22T18:45:00Z,,,False,,4,"Battesimo di fuoco nell'anno del centenario. Il capitano del Napoli è in forma, e può risultare un concreto problema per la difesa avversaria, oltre a garantire solidità e pulizia nella propria area di rigore. Ellertsson non dovrebbe stimolarlo più di tanto, per cui è probabile che possa ottenere un buon voto.",False,False,False,,
NAP,Meret,p,11.0,11,5.21,6.14,0.1,0.3,-26.1,24.0,19.8,,,,,,,GEN,NAP,2026-08-22T18:45:00Z,,,False,,4,"Si inizia nuovamente con il campionato, e stavolta Meret pare essere ritornato in auge come il difensore numero uno della porta partenopea. L'esordio del Napoli quest'anno non è dei più semplici: si va al Ferraris di Genova, in uno stadio caldissimo, e in una trasferta che storicamente non sempre vede i ragazzi di Allegri uscire vincenti dal fortino rossoblù. Nell'ultimo decennio si sono susseguiti diversi pareggi tra le due squadre in questo specifico incontro, alcuni anche a reti inviolate, ma allo stesso tempo non si prospettano troppi malus all'orizzonte. Discrete chance per un clean sheet, ma considerando che si tratta della prima partita di Serie A, con le gambe ancora pesanti per la preparazione, c'è il rischio che ci possano essere svarioni sia da una parte che dall'altra, e la squadra di De Rossi è comunque nota per essere abbastanza propositiva in campo. A ogni modo, Meret merita una fiche in porta.",False,False,False,,
NAP,Zambo Anguissa,c,11.0,18,6.51,6.08,3.0,2.0,7.1,26.5,1.7,8.0,6.0,7.0,36.0,7.67,SORPRESA AL RIALZO (esperti piu' fiduciosi del modello),GEN,NAP,2026-08-22T18:45:00Z,,,False,,3,"Solito filtro in mezzo alla mediana, con licenza di staccarsi e di provare l'inserimento in area di rigore avversaria. Buon profilo per sperare in qualcosa in più di una semplice sufficienza.",False,False,False,,
NAP,Politano,c,10.0,33,6.35,6.08,2.5,2.3,9.9,24.8,18.5,,,,,,,GEN,NAP,2026-08-22T18:45:00Z,,,False,,4,"Un quattro che sa più di tre e mezzo nella realtà, ma sulla fiducia glielo lasciamo come tale. Nel precampionato è stato uno dei giocatori più prolifici in zona offensiva, risultando sempre pericoloso, e ci auguriamo che il momento positivo continui anche nella trasferta di Genova.",True,True,True,,
NAP,Lukaku,a,10.0,1,6.52,5.94,3.7,2.6,10.6,20.8,10.3,5.0,5.0,4.0,26.0,0.0,coerente (modello ed esperti d'accordo),,,,,,,,,,,,,,
NAP,Gutierrez,d,8.0,21,6.09,5.95,1.4,1.7,4.8,19.9,16.7,,,,,,,,,,,,,,,,,,,,
NAP,Spinazzola,d,8.0,30,6.15,6.02,1.0,1.6,3.8,21.7,15.1,8.0,6.0,7.0,35.0,7.67,SORPRESA AL RIALZO (esperti piu' fiduciosi del modello),GEN,NAP,2026-08-22T18:45:00Z,,,False,,4,"Nuovamente sotto i riflettori dopo la cessione di Gutiérrez, il buon Leo avrà il compito di riprendere il ritmo dell'anno scorso, e di dare il suo solito apporto sulla fascia sia in fase difensiva, che soprattutto in quella offensiva. Più da bonus che non da modificatore contro il Genoa. Esiste una minima possibilità che possa partire Olivera dal primo minuto al posto suo, ma ciò non ne va a minare troppo l'indice.",False,True,True,,
NAP,Vergara,c,8.0,8,6.11,5.98,0.9,0.8,1.7,14.2,11.0,6.0,7.0,8.0,35.0,0.0,coerente (modello ed esperti d'accordo),GEN,NAP,2026-08-22T18:45:00Z,,,False,,4,"Approfondimento tra le ""Possibili Sorprese"".",False,False,False,,
NAP,Buongiorno,d,7.0,32,5.97,5.99,0.8,0.5,0.3,24.0,18.4,7.0,4.0,5.0,29.0,0.07,coerente (modello ed esperti d'accordo),,,,,,,,,,,,,,
NAP,Lobotka,c,7.0,31,6.03,5.99,0.5,0.6,1.1,23.8,18.7,9.0,7.0,6.0,32.0,3.68,SORPRESA AL RIALZO (esperti piu' fiduciosi del modello),GEN,NAP,2026-08-22T18:45:00Z,,,False,,3,"Il maestro sta preparando la tournée del centenario: Lobo è pronto a dirigere la sua orchestra in mezzo al campo, il pallone come sua naturale sinfonia. 6.5 decisamente alla portata, ma non aspettatevi altro.",False,False,False,,
NAP,Beukema,d,6.0,22,5.93,5.93,0.8,0.5,0.7,21.0,17.7,6.0,6.0,6.0,30.0,-1.3,coerente (modello ed esperti d'accordo),GEN,NAP,2026-08-22T18:45:00Z,,,False,,2,"Alla fine l'infiammazione al tendine sembra essersi affievolita abbastanza, e il giocatore torna tra i convocati. Tuttavia, partirà dalla panchina e potrebbe essere adattato Olivera da centrale al suo posto. Sconsigliato puramente perché non dovrebbe portare il voto.",False,False,False,,
NAP,Neres,a,6.0,16,6.15,6.03,1.3,3.2,5.6,16.5,9.8,,,,,,,GEN,NAP,2026-08-22T18:45:00Z,,,False,,2,"Anche il buon David torna a disposizione dopo il pesante infortunio che gli ha fatto saltare il resto della stagione: tuttavia, non avendo ritmo partita, è probabile che si sieda giusto in panchina e vi porti il SV. C'è di meglio.",False,False,False,,
NAP,Milinkovic-Savic V.,p,5.0,27,5.26,6.19,0.6,0.3,-27.4,21.9,22.4,,,,,,,GEN,NAP,2026-08-22T18:45:00Z,,,False,,2,"Potrebbe essere una delle sue ultime partite, e dato che quasi sicuramente partirà titolare Meret, ci sono poche chance per una passerella. Se avete sia Meret che Milinkovic in rosa, chiaramente coprite l'italiano con il serbo.",False,False,False,,
NAP,Olivera,d,5.0,22,5.9,5.88,0.8,0.7,0.3,18.0,8.1,6.0,7.0,6.0,30.0,0.0,coerente (modello ed esperti d'accordo),GEN,NAP,2026-08-22T18:45:00Z,,,False,,3,"È rimasto, e come consuetudine sarà l'ombra di Spinazzola. In tal senso però, se la contenderà con Favasuli; esiste anche la possibilità che possa venire adattato da centrale al posto di Marin nel secondo tempo. A ogni modo, resta schierabile per questo turno.",False,False,False,,
NAP,Folorunsho,c,4.0,26,6.2,5.94,1.7,0.7,5.0,17.2,11.1,5.0,7.0,5.0,29.0,0.0,coerente (modello ed esperti d'accordo),,,,,,,,,,,,,,
NAP,Giovane,a,4.0,31,6.22,5.94,2.5,2.6,10.0,17.3,12.1,,,,,,,GEN,NAP,2026-08-22T18:45:00Z,,,False,,3,"Potrebbe avere a disposizione uno spezzone di gara per dire la sua, consci che le chance di bonus non saranno troppo ghiotte. Tranquillamente schierabile.",True,False,False,,
NAP,Gilmour,c,3.0,13,6.02,5.97,0.7,0.7,2.0,13.9,7.8,6.0,6.0,5.0,28.0,0.0,coerente (modello ed esperti d'accordo),GEN,NAP,2026-08-22T18:45:00Z,,,False,,3,"Pronto a dare eventualmente il cambio a Lobotka nel secondo tempo, nulla di trascendentale per questa gara.",False,False,False,,
NAP,Lang,a,3.0,14,6.2,5.99,1.5,1.7,4.6,13.0,7.8,,,,,,,GEN,NAP,2026-08-22T18:45:00Z,,,False,,3,"Il giocatore dovrebbe essere convocato per la partita, ma è chiaro che il suo nome sia inserito nella lista dei partenti, motivo per il quale non è detto che entrerà per forza in campo. Al massimo potrebbe giocare una ventina di minuti; in attesa di capire quale sarà il suo destino, non ci aspettiamo molto da lui. Resta tuttavia schierabile nel caso lo doveste avere in rosa.",False,False,False,,
NAP,Lucca,a,3.0,9,6.42,5.95,2.8,0.9,10.1,16.1,7.2,5.0,8.0,6.0,30.0,0.0,coerente (modello ed esperti d'accordo),GEN,NAP,2026-08-22T18:45:00Z,,,False,,3,"Capocannoniere del precampionato del Napoli, con 4 gol all'attivo. Chiaramente le amichevoli sono una cosa, e le partite ufficiali un'altra. A ogni modo, potrebbe avere l'occasione per dimostrare qualcosa, ma avrà soltanto uno spezzone a disposizione.",False,False,False,,
NAP,Marianucci,d,1.0,11,5.73,5.73,0.4,0.6,0.6,11.1,7.6,5.0,8.0,5.0,28.0,0.0,coerente (modello ed esperti d'accordo),,,,,,,,,,,,,,
NAP,Mazzocchi,d,1.0,9,5.85,5.89,0.3,0.7,0.4,8.8,6.2,5.0,7.0,2.0,23.0,0.0,coerente (modello ed esperti d'accordo),,,,,,,,,,,,,,
PAR,Pellegrino M.,a,15.0,37,6.63,5.98,6.7,1.8,18.3,32.5,29.4,9.0,8.0,7.0,38.0,0.0,coerente (modello ed esperti d'accordo),,,,,,,,,,,,,,
PAR,Delprato,d,8.0,35,5.81,5.84,0.9,1.0,1.2,27.1,3.8,,,,,,,PAR,CAG,2026-08-22T18:45:00Z,,,False,,3,"il capitano è un giocatore che sbaglia poco. Dovrebbe agire da terzino ma vista la cessione di Circati di un paio di giorni fa, non è da escludere del tutto un impiego da centrale",False,False,False,,
PAR,Valeri,d,8.0,34,6.01,5.96,0.9,2.2,1.9,27.2,23.1,9.0,7.0,6.0,34.0,0.0,coerente (modello ed esperti d'accordo),PAR,CAG,2026-08-22T18:45:00Z,,,False,,3,È migliorato in fase difensiva ma ha dato troppo poco offendivamente rispetto all'anno precedente.,True,True,True,,
PAR,Suzuki,p,7.0,20,4.91,6.11,0.2,0.3,-35.8,27.3,29.8,3.0,3.0,3.0,15.0,-7.47,RISCHIO AL RIBASSO (esperti meno fiduciosi del modello),,,,,,,,,,,,,,
PAR,Bernabè,c,7.0,32,6.21,6.06,2.4,2.5,10.0,21.4,19.3,9.0,5.0,7.0,34.0,3.13,SORPRESA AL RIALZO (esperti piu' fiduciosi del modello),PAR,CAG,2026-08-22T18:45:00Z,,,False,,3,Il nuovo corso tattico intrapreso quest'anno dovrebbe favorire le sue qualità tecniche. Non è ancora al 100% della condizione allenandosi in gruppo soltanto da un paio di settimane a causa di un infortunio rimediato nel finire della stagione scorsa,True,True,True,,
PAR,Circati,d,6.0,31,5.77,5.81,0.7,0.5,1.0,26.5,24.3,8.0,6.0,6.0,32.0,0.0,coerente (modello ed esperti d'accordo),,,,,,,,,,,,,,
PAR,Nicolussi Caviglia,c,6.0,23,6.12,5.9,1.1,1.0,3.7,24.1,20.0,8.0,5.0,6.0,30.0,2.54,coerente (modello ed esperti d'accordo),,,,,,,,,,,,,,
PAR,Keita M.,c,5.0,36,5.87,5.83,0.8,0.7,0.9,24.5,23.4,9.0,8.0,5.0,32.0,0.0,coerente (modello ed esperti d'accordo),PAR,CAG,2026-08-22T18:45:00Z,True,70,False,,3,"Giocatore fondamentale per gli equilibri della squadra, purtroppo non ha grande appeal a causa dei rari bonus. Se vi accontentate di un voto certo, allora ok, se invece cercate bonus lasciate perdere",False,False,False,-3.21,RISCHIO GIORNATA 1 (ballottaggio/indisponibilita' non previsti dal modello)
PAR,Ondrejka,c,5.0,15,6.18,5.87,2.3,0.9,5.5,16.4,14.4,6.0,5.0,5.0,26.0,0.0,coerente (modello ed esperti d'accordo),,,,,,,,,,,,,,
PAR,Valenti,d,4.0,27,5.77,5.81,0.8,0.6,0.5,19.9,18.9,5.0,5.0,4.0,23.0,-2.18,coerente (modello ed esperti d'accordo),PAR,CAG,2026-08-22T18:45:00Z,True,60,False,,2,"Con la partenza di Circati, in attesa del mercato, toccherà probabilmente a lui partire titolare. Rimane viva l'opzione Ndiaye ma l'argentino sembra favorito seppur non sia un giocatore del tutto affidabile",False,False,False,-2.18,coerente (modello e scheda partita d'accordo)
PAR,Almqvist,c,4.0,9,5.98,5.84,0.7,1.1,1.6,12.9,9.4,5.0,5.0,4.0,22.0,0.0,coerente (modello ed esperti d'accordo),PAR,CAG,2026-08-22T18:45:00Z,False,30,False,,2,"Potrebbe giocare come esterno destro, i 3 gol segnati in 3 stagioni in Italia, riassumono bene il tipo di impatto che può avere..",False,False,False,-2.34,coerente (modello e scheda partita d'accordo)
PAR,Troilo,d,3.0,21,5.83,5.83,0.9,0.5,0.7,18.5,15.9,7.0,8.0,6.0,33.0,2.34,coerente (modello ed esperti d'accordo),PAR,CAG,2026-08-22T18:45:00Z,,,False,,3,L'argentino giocherà al centro della difesa ed è un buon saltatore sui piazzati. Occhio però ai cartellini,False,False,False,,
PAR,Britschgi,d,3.0,28,5.8,5.82,0.6,1.3,0.6,21.4,17.4,5.0,7.0,5.0,27.0,-1.08,coerente (modello ed esperti d'accordo),,,,,,,,,,,,,,
PAR,Sorensen O.,c,3.0,30,6.05,5.87,0.9,1.1,2.0,18.3,3.7,5.0,8.0,5.0,28.0,0.0,coerente (modello ed esperti d'accordo),PAR,CAG,2026-08-22T18:45:00Z,False,20,False,,2,"Il voto mi aspetto che lo possa portare, ma forse è più facile un ingresso nel secondo tempo che una partenza dall'inizio",False,False,False,0.0,coerente (modello e scheda partita d'accordo)
PAR,Elphege,a,3.0,8,6.24,5.84,2.0,0.6,7.0,12.0,8.8,5.0,5.0,5.0,26.0,0.0,coerente (modello ed esperti d'accordo),,,,,,,,,,,,,,
PAR,Ordonez C.,c,2.0,21,5.82,5.82,1.0,0.5,1.3,18.2,12.7,5.0,7.0,5.0,25.0,0.0,coerente (modello ed esperti d'accordo),PAR,CAG,2026-08-22T18:45:00Z,False,30,False,,2,"È in ballottaggio con Konate e Sorensen, voto probabile ma appeal minimo",False,False,False,-2.34,coerente (modello e scheda partita d'accordo)
PAR,Corvi,p,1.0,17,4.92,6.08,0.4,0.4,-10.6,13.8,14.0,6.0,7.0,6.0,33.0,0.0,coerente (modello ed esperti d'accordo),PAR,CAG,2026-08-22T18:45:00Z,True,80,False,,3,È in netto vantaggio su Daffara per partire titolare all'esordio in campionato. La squadra è amcora alla ricerca di un assetto definitivo dopo gli ultimi movimenti di mercato e per questo il suo appeal può essere leggermente inferiore. Rimane schierabile,False,False,False,7.67,OCCASIONE GIORNATA 1 (piu' titolare del previsto dal modello)
PAR,Ndiaye,d,1.0,11,5.69,5.73,0.5,0.4,0.3,11.5,9.6,5.0,5.0,4.0,22.0,0.0,coerente (modello ed esperti d'accordo),PAR,CAG,2026-08-22T18:45:00Z,False,40,False,,2,"È stato uno dei peggiori della scorsa stagione e questo ritiro non ha fatto cambiare giudizio sul ragazzo, sperando di sbagliarmi",False,False,False,0.0,coerente (modello e scheda partita d'accordo)
PAR,Carboni F.,d,1.0,2,5.53,5.69,0.4,0.5,0.0,8.1,6.9,4.0,7.0,4.0,24.0,0.0,coerente (modello ed esperti d'accordo),PAR,CAG,2026-08-22T18:45:00Z,,,False,,2,"Nonostante un ottimo precampionato, non sembra esserci la possibilità di scalare le gerarchie",False,False,False,,
PAR,Cremaschi,c,1.0,1,5.89,5.83,0.6,0.6,1.6,8.8,5.6,5.0,5.0,5.0,25.0,0.0,coerente (modello ed esperti d'accordo),PAR,CAG,2026-08-22T18:45:00Z,,,True,Ritardo di condizione - In dubbio,2,È rientrato in gruppo dopo un'estate passata a recuperare dal problema al ginocchio. Difficilmente sarà impiegato,False,False,False,-0.68,coerente (modello e scheda partita d'accordo)
ROM,Malen,a,34.0,18,7.41,6.09,10.3,1.9,37.8,22.6,13.7,9.0,8.0,9.0,44.0,7.9,SORPRESA AL RIALZO (esperti piu' fiduciosi del modello),ROM,FIO,2026-08-24T18:45:00Z,,,False,,4,"Dopo aver praticamente dominato il gioco del Fantacalcio disputando solo il girone di ritorno dello scorso campionato, si presenta all’inizio di questa stagione come secondo giocatore in ordine di quotazione sul listone: mantenere la media realizzativa dello scorso anno, proiettandola sullo svolgimento dell’intero campionato, non sarà affatto semplice ma l’attaccante olandese ha tutte le carte in regola per riconfermare quantomeno i numeri registrati qualche mese fa.",True,True,False,,
ROM,Svilar,p,18.0,38,5.18,6.15,0.4,0.3,-25.3,29.4,26.6,,,,,,,ROM,FIO,2026-08-24T18:45:00Z,,,False,,4,"Partita interessante per il portiere giallorosso: la Roma parte con i favori del pronostico e, soprattutto all’Olimpico, ci aspettiamo una squadra aggressiva ma potenzialmente esposta alle ripartenze. Buon profilo da clean sheet e da modificatore, anche se Kean e i suoi compagni di reparto rappresentano una minaccia concreta.",False,False,False,,
ROM,Wesley,d,17.0,30,6.3,6.09,3.5,4.4,8.6,29.4,26.0,,,,,,,ROM,FIO,2026-08-24T18:45:00Z,True,80,False,,4,"Reduce dai postumi di una distorsione alla caviglia che non gli ha permesso di scendere in campo nell'amichevole contro il Borussia Dortmund, l'esterno brasiliano è rientrato in gruppo nella giornata di mercoledì svolgendo parte dell'allenamento con il resto della squadra. Fisicamente non è ancora al 100% ma non dovrebbero esserci problemi nel vederlo in campo a partire dal 1', con il desiderio di concedere un bis dell'esordio stagionale avvenuto nello scorso campionato.",False,False,False,0.0,coerente (modello e scheda partita d'accordo)
ROM,Mancini,d,15.0,36,6.26,6.07,1.4,1.4,4.8,30.1,28.9,9.0,9.0,8.0,41.0,0.0,coerente (modello ed esperti d'accordo),ROM,FIO,2026-08-24T18:45:00Z,,,False,,4,"Approfondimento tra i ""Consigliati""",False,False,False,,
ROM,Dybala,a,14.0,21,6.76,6.22,3.4,3.9,18.0,22.7,13.4,,,,,,,ROM,FIO,2026-08-24T18:45:00Z,,,False,,4,"Approfondimento tra i ""Consigliati""",True,True,True,,
ROM,Castro S.,a,14.0,35,6.67,5.99,4.0,2.0,15.2,21.7,15.8,,,,,,,ROM,FIO,2026-08-24T18:45:00Z,,,False,,3,"Da un debutto all’altro, anche la gara di Castro potrebbe coincidere con la sua prima esperienza ufficiale in maglia giallorossa. Arrivato dal mercato estivo come prima alternativa in attacco per Malen, l’attaccante argentino è pronto a fare il suo ingresso in campo nel corso della ripresa: in base all’esito della partita, capiremo se in sostituzione dell’attaccante olandese o come suo compagno di reparto.",False,False,False,,
ROM,N'Dicka,d,13.0,31,6.22,6.03,1.5,1.1,2.2,26.9,1.1,,,,,,,ROM,FIO,2026-08-24T18:45:00Z,,,False,,3,"Meno appetibile di Mancini in termini di bonus ma interessante per il voto. Dovrà soprattutto gestire la fisicità di Kean e coprire le transizioni. Da sufficienza, con upside limitato sui bonus.",False,False,False,,
ROM,Soulè,a,12.0,32,6.59,6.11,4.0,3.2,13.5,27.0,18.4,,,,,,,ROM,FIO,2026-08-24T18:45:00Z,,,False,,3,"L’arrivo di Mora e le sirene di mercato potrebbero non regalargli la tranquillità giusta per gestire al meglio il via della stagione, anche se una situazione del genere potrebbe dargli la motivazione giusta per mostrare a se stesso e all’allenatore di meritare il posto in questa squadra. Con una pubalgia (per ora) messa alle spalle, è arrivato il momento per Mati di riprendere per mano questa Roma.",True,True,True,,
ROM,Hermoso,d,10.0,27,6.02,5.99,2.1,0.6,2.1,22.6,20.2,,,,,,,ROM,FIO,2026-08-24T18:45:00Z,,,False,,3,"Il ballottaggio con Koulierakis è ancora da monitorare. Se parte titolare, è lecito aspettarsi una prestazione abbastanza pulita ma va chiarito che a livello fantacalcistico è il profilo che salta meno all'occhio nel pacchetto difensivo giallorosso.",False,False,False,,
ROM,Konè M.,c,10.0,29,6.35,6.08,1.9,2.0,3.8,26.1,2.7,9.0,7.0,8.0,38.0,7.89,SORPRESA AL RIALZO (esperti piu' fiduciosi del modello),ROM,FIO,2026-08-24T18:45:00Z,,,False,,4,"Il ritorno del francese è molto importante per gli equilibri tattici della squadra; fantacalcisticamente, però, sappiamo che il bonus sia una chimera. Può garantire un ottimo voto grazie alla sua capacità di accompagnare il gioco e recuperare palloni senza troppa fatica, ma non è il giocatore su cui puntare se si cerca il +3 (lieti di venir smentiti a partire proprio da quest'anno).",False,False,False,,
ROM,Pellegrini Lo.,c,10.0,24,6.5,6.03,2.1,3.1,9.3,23.0,14.4,,,,,,,,,,,,,,,,,,,,
ROM,Cristante,c,8.0,37,6.15,6.03,1.5,1.5,6.2,26.8,26.2,9.0,9.0,7.0,38.0,0.0,coerente (modello ed esperti d'accordo),ROM,FIO,2026-08-24T18:45:00Z,,,False,,3,"Approfondimento tra le ""Possibili sorprese""",False,False,False,,
ROM,Rensch,d,5.0,19,6.02,6.02,0.9,1.5,3.8,17.4,10.4,,,,,,,ROM,FIO,2026-08-24T18:45:00Z,False,20,False,,3,"In possibile ballottaggio, come spiegato nella sezione apposita. Il consiglio che possiamo darvi è quello di schierarlo con dovuta copertura, fermo restando che non sarebbe un delitto valutare alternative.",False,False,False,-7.67,RISCHIO GIORNATA 1 (ballottaggio/indisponibilita' non previsti dal modello)
ROM,Pisilli,c,5.0,22,6.19,6.02,2.2,1.7,4.1,19.3,13.2,7.0,8.0,7.0,36.0,2.34,coerente (modello ed esperti d'accordo),ROM,FIO,2026-08-24T18:45:00Z,,,False,,3,"Il fatto che la Roma abbia rifiutato ogni offerta per questo ragazzo è indicativo sul perché Pisilli rappresenti il futuro della Roma: si sacrifica sempre tanto per la squadra, di conseguenza il buon voto è sempre alla sua portata.",False,False,False,,
ROM,Ghilardi,d,4.0,21,5.94,5.93,0.6,0.5,0.2,17.6,10.9,,,,,,,ROM,FIO,2026-08-24T18:45:00Z,,,False,,2,"Resta pur sempre schierabile ma difficilmente andrà a voto in questa partita, a meno di imprevisti per quanto riguarda la prestazione di Mancini.",False,False,False,,
ROM,El Aynaoui,c,4.0,21,6.1,5.96,0.9,1.5,2.0,17.9,10.0,7.0,8.0,7.0,35.0,2.34,coerente (modello ed esperti d'accordo),ROM,FIO,2026-08-24T18:45:00Z,,,False,,3,"I tifosi e i fantallenatori si aspettano tanto da lui e le qualità per incidere a partita in corso non gli mancano: di conseguenza, non sarebbe poi così sbagliato pensare di schierarlo.",False,False,False,,
ROM,Angelino,d,3.0,6,5.92,5.94,0.4,1.3,0.4,12.2,5.9,,,,,,,,,,,,,,,,,,,,
ROM,Ziolkowski,d,1.0,9,5.83,5.85,0.3,0.6,0.3,12.1,9.3,,,,,,,ROM,FIO,2026-08-24T18:45:00Z,,,False,,2,"Stesso discorso appena fatto con Ghilardi, cambiando il soggetto degli imprevisti con N'Dicka.",False,False,False,,
ROM,Vaz,a,1.0,7,6.13,5.9,1.2,0.7,4.2,10.9,6.2,5.0,8.0,5.0,29.0,0.0,coerente (modello ed esperti d'accordo),ROM,FIO,2026-08-24T18:45:00Z,,,False,,2,"Resta schierabile se avete la possibilità di sprecare una sostituzione in questa maniera; in alternativa, il suo voto resta più probabile come esperimento per far in modo di poter dare il cambio a uno dei due interpreti posizionati sulle fasce.",False,False,False,,
SAS,Berardi,a,18.0,26,6.84,6.12,4.3,4.4,21.0,24.9,18.1,9.0,6.0,8.0,38.0,4.31,SORPRESA AL RIALZO (esperti piu' fiduciosi del modello),,,,,,,,,,,,,,
SAS,Laurientè,a,15.0,37,6.6,6.14,4.0,6.7,13.7,30.7,22.4,9.0,8.0,9.0,41.0,0.54,coerente (modello ed esperti d'accordo),ATA,SAS,2026-08-23T18:45:00Z,,,False,,5,"– Incredibile la crescita che ha fatto questo ragazzo sotto Grosso, accentratore del gioco neroverde senza Berardi e con Pinamonti out è anche rigorista oltre a battere i piazzati. Nel gol neroverde ci sarà sicuramente il suo zampino, IMPOSSIBILE non schierarlo.",True,True,True,,
SAS,Pinamonti,a,13.0,34,6.57,5.97,5.7,1.5,18.2,25.8,21.5,9.0,8.0,8.0,38.0,1.32,coerente (modello ed esperti d'accordo),,,,,,,,,,,,,,
SAS,Thorstvedt,c,10.0,31,6.29,6.0,3.3,1.5,7.6,24.9,23.3,7.0,8.0,7.0,37.0,-3.21,RISCHIO AL RIBASSO (esperti meno fiduciosi del modello),,,,,,,,,,,,,,
SAS,Bowie,a,10.0,14,6.23,5.9,2.9,0.7,9.2,18.3,10.2,6.0,8.0,6.0,31.0,0.0,coerente (modello ed esperti d'accordo),ATA,SAS,2026-08-23T18:45:00Z,,,False,,3,"Ottimo esordio a Cesena dove ha fatto tanto a sportellate per aprire gli spazi alle ali e alle mezzali neroverde, ed è stato ripagato dai compagni con un paio di assist al bacio che lo scozzese non ha sfruttato. Potete scommettere su di lui data l'attitudine offensiva del Sassuolo e sulla difesa dell'Atalanta che dovrà ancora sistemarsi.",False,False,False,,
SAS,Konè I.,c,9.0,35,6.21,5.93,2.7,1.4,7.1,28.9,26.3,3.0,7.0,3.0,27.0,-7.47,RISCHIO AL RIBASSO (esperti meno fiduciosi del modello),,,,,,,,,,,,,,
SAS,Muric,p,7.0,32,4.81,6.13,0.5,0.4,-41.1,29.0,29.1,9.0,8.0,7.0,37.0,0.0,coerente (modello ed esperti d'accordo),ATA,SAS,2026-08-23T18:45:00Z,,,False,,2,"– Aquilani lo riconferma titolare e io ve lo riconfermo sconsigliato. Con tutta la difesa titolare fuori, schemi difensivi ancora da registrare e un'Atalanta che ha giocatori per far male il malus è dietro l'angolo. Potrebbe essere molto sollecitato in ottica mod.",False,False,False,,
SAS,Idzes,d,7.0,35,5.81,5.82,0.4,0.7,0.0,26.8,25.0,9.0,8.0,7.0,37.0,0.0,coerente (modello ed esperti d'accordo),ATA,SAS,2026-08-23T18:45:00Z,,,False,,2,"E' tornato in gruppo da pochissimo e non ha giocato neanche con il Cesena, ci sembra francamente impossibile che riesca a prendere parte alla partita.",False,False,False,,
SAS,Volpato,c,7.0,21,6.2,5.93,1.6,1.7,5.5,21.2,13.4,6.0,8.0,7.0,36.0,0.0,coerente (modello ed esperti d'accordo),ATA,SAS,2026-08-23T18:45:00Z,,,False,,4,– Approfondimento tra i Consigliati.,False,True,True,,
SAS,Matic,c,5.0,34,5.94,5.87,1.0,0.9,1.3,20.0,19.5,8.0,8.0,7.0,35.0,2.96,coerente (modello ed esperti d'accordo),ATA,SAS,2026-08-23T18:45:00Z,,,False,,3,"Fondamentale per tecnica ed esperienza nel gioco di Aquilani, al fanta un po' meno.",False,False,False,,
SAS,Adzic,c,5.0,4,6.03,5.98,0.5,0.5,1.5,12.1,6.3,6.0,8.0,6.0,32.0,0.0,coerente (modello ed esperti d'accordo),ATA,SAS,2026-08-23T18:45:00Z,True,70,False,,3,– Approfondimento tra le Possibili Sorprese.,False,False,False,2.34,coerente (modello e scheda partita d'accordo)
SAS,Bakola,c,5.0,3,5.98,5.83,0.5,0.7,1.4,16.3,11.7,6.0,8.0,7.0,34.0,0.0,coerente (modello ed esperti d'accordo),ATA,SAS,2026-08-23T18:45:00Z,,,False,,4,– Approfondimento tra i Consigliati.,False,False,False,,
SAS,Walukiewicz,d,4.0,34,5.69,5.75,0.2,0.8,0.3,22.2,21.8,6.0,7.0,5.0,28.0,-5.16,RISCHIO AL RIBASSO (esperti meno fiduciosi del modello),,,,,,,,,,,,,,
SAS,Doig,d,4.0,27,5.77,5.83,0.6,0.8,0.3,20.9,16.2,7.0,7.0,6.0,32.0,2.1,coerente (modello ed esperti d'accordo),ATA,SAS,2026-08-23T18:45:00Z,,,False,,2,"L'Atalanta non è il Cesena, sarà super offensivo come chiede Aquilani ma potrebbe pagare in fase difensiva. Da schierare solo se giocate senza mod.",False,False,False,,
SAS,Candè,d,3.0,8,5.69,5.65,0.2,0.4,0.1,11.9,7.6,7.0,7.0,6.0,31.0,2.53,coerente (modello ed esperti d'accordo),,,,,,,,,,,,,,
SAS,Boloca,c,2.0,2,5.68,5.67,0.3,0.4,0.1,10.0,10.0,3.0,6.0,3.0,23.0,-2.34,coerente (modello ed esperti d'accordo),,,,,,,,,,,,,,
SAS,Lipani,c,2.0,21,5.92,5.85,0.9,0.7,1.2,18.0,14.6,7.0,8.0,7.0,34.0,2.34,coerente (modello ed esperti d'accordo),ATA,SAS,2026-08-23T18:45:00Z,False,30,False,,3,Parte dietro a Bakola ed Adzic ma anche lui ha dimostrato di avere confidenza col bonus.,False,False,False,-2.34,coerente (modello e scheda partita d'accordo)
SAS,Turati,p,1.0,6,4.94,6.2,0.1,0.3,-17.2,14.3,13.2,3.0,8.0,3.0,26.0,-2.34,coerente (modello ed esperti d'accordo),ATA,SAS,2026-08-23T18:45:00Z,,,False,,1,,False,False,False,,
SAS,Iannoni,c,1.0,5,5.86,5.79,0.6,0.6,1.1,9.7,6.6,,,,,,,ATA,SAS,2026-08-23T18:45:00Z,,,False,,2,,False,False,False,,
SAS,Moro L.,a,1.0,6,5.83,5.68,0.6,0.5,1.3,10.1,5.2,4.0,8.0,4.0,25.0,0.0,coerente (modello ed esperti d'accordo),ATA,SAS,2026-08-23T18:45:00Z,,,False,,1,,False,False,False,,
TOR,Simeone,a,15.0,32,6.62,5.99,7.3,2.8,20.7,28.3,22.0,8.0,8.0,9.0,40.0,0.99,coerente (modello ed esperti d'accordo),TOR,MIL,2026-08-23T18:45:00Z,,,False,,3,"in casa va messo sempre, a meno che non abbiate alternative davvero valide, sapendo però che contro il Milan ci sono ottime probabilità che non arrivino bonus.",False,False,False,,
TOR,Vlasic,c,14.0,37,6.5,6.02,3.5,3.0,12.7,30.8,24.6,8.0,8.0,8.0,40.0,0.0,coerente (modello ed esperti d'accordo),TOR,MIL,2026-08-23T18:45:00Z,,,False,,4,"Approfondimento tra i "" Consigliati """,True,True,False,,
TOR,Casadei,c,10.0,32,6.21,5.96,2.1,1.5,7.2,24.3,19.6,8.0,7.0,7.0,37.0,2.87,coerente (modello ed esperti d'accordo),TOR,MIL,2026-08-23T18:45:00Z,True,55,False,,3,"dovrebbe essere impiegato in posizione più avanzata e, di conseguenza, potrebbe avere qualche chances di liberare il suo ottimo tiro.",False,False,False,-2.73,coerente (modello e scheda partita d'accordo)
TOR,Adams C.,a,9.0,32,6.4,5.95,3.5,1.8,12.9,24.1,15.3,7.0,8.0,7.0,37.0,2.34,coerente (modello ed esperti d'accordo),TOR,MIL,2026-08-23T18:45:00Z,,,False,,2,"entrerà a gara in corso, ma non vale uno slot in attacco.",False,False,False,,
TOR,Coco,d,7.0,35,5.85,5.86,1.0,0.7,0.8,29.4,28.6,8.0,8.0,6.0,34.0,0.0,coerente (modello ed esperti d'accordo),TOR,MIL,2026-08-23T18:45:00Z,,,False,,2,"gara difficile per lui, che temiamo verrà piuttosto sollecitato dalla delantera rossonera ove venisse impiegato dal 1'.",False,False,False,,
TOR,Ismajli,d,7.0,24,5.8,5.82,0.4,0.4,-0.1,21.3,16.5,,,,,,,TOR,MIL,2026-08-23T18:45:00Z,,,False,,2,"giocherà titolare a causa della squalifica di Comert, ma non è ancora tirato a lucido (lo sarà mai?).",False,False,False,,
TOR,Oristanio,c,7.0,18,6.12,5.89,1.6,0.8,4.9,19.1,12.0,6.0,8.0,6.0,33.0,0.0,coerente (modello ed esperti d'accordo),TOR,MIL,2026-08-23T18:45:00Z,,,False,,1,"approdato al Toro in cerca di riscatto, al momento il Mister sembra orientato su altre scelte sulla trequarti.",False,False,False,,
TOR,Zapata D.,a,7.0,23,6.4,6.02,3.5,2.6,14.3,19.6,11.8,6.0,6.0,7.0,35.0,0.0,coerente (modello ed esperti d'accordo),,,,,,,,,,,,,,
TOR,Comuzzo,d,6.0,24,5.71,5.78,0.6,0.4,0.3,20.4,18.6,8.0,8.0,7.0,35.0,3.78,SORPRESA AL RIALZO (esperti piu' fiduciosi del modello),TOR,MIL,2026-08-23T18:45:00Z,,,False,,3,"non ha sfigurato nel precampionato ed è apparso il più solido della retroguardia, nonostante le perplessità che si è portato dietro dalla sua ultima, sfortunata, esperienza; se dovesse confermare la forma delle amichevoli potrebbe guadagnarsi la sufficienza.",False,False,False,,
TOR,Pedersen,d,5.0,28,5.87,5.81,0.9,1.3,1.7,19.7,14.6,8.0,8.0,7.0,35.0,7.67,SORPRESA AL RIALZO (esperti piu' fiduciosi del modello),TOR,MIL,2026-08-23T18:45:00Z,,,False,,2,"è sicuramente tra i più in forma della difesa granata, ma contro questo avversario non vediamo come possa avere occasione di mettersi in luce.",False,False,False,,
TOR,Gineitis,c,5.0,27,5.91,5.86,1.0,1.3,2.2,21.3,17.0,6.0,8.0,7.0,33.0,-0.78,coerente (modello ed esperti d'accordo),TOR,MIL,2026-08-23T18:45:00Z,True,60,False,,2,"Approfondimento tra gli "" Sconsigliati """,False,False,True,-0.78,coerente (modello e scheda partita d'accordo)
TOR,Ilkhan,c,4.0,17,6.0,5.85,1.0,0.8,2.3,16.9,12.6,5.0,8.0,6.0,30.0,0.0,coerente (modello ed esperti d'accordo),,,,,,,,,,,,,,
TOR,Njie,c,4.0,10,5.95,5.74,1.1,0.5,2.1,15.5,8.0,6.0,8.0,7.0,34.0,0.0,coerente (modello ed esperti d'accordo),TOR,MIL,2026-08-23T18:45:00Z,False,45,False,,3,"anche lui ha ben impressionato nelle amichevoli di agosto, ma è in ballottaggio per un posto e non è dato sapere se e quanto verrà impiegato anche per questioni di mercato.",False,False,False,0.0,coerente (modello e scheda partita d'accordo)
TOR,Kulenovic,a,4.0,7,5.84,5.79,0.6,0.5,1.6,14.5,8.8,3.0,8.0,4.0,25.0,-2.34,coerente (modello ed esperti d'accordo),TOR,MIL,2026-08-23T18:45:00Z,,,False,,2,idem come sopra,False,False,False,,
TOR,Aboukhlal,c,3.0,11,5.82,5.83,0.4,0.5,0.7,12.1,6.6,6.0,8.0,4.0,30.0,0.0,coerente (modello ed esperti d'accordo),,,,,,,,,,,,,,
TOR,Biraghi,d,2.0,11,5.78,5.82,0.2,1.3,0.1,13.9,6.5,3.0,8.0,4.0,25.0,-1.76,coerente (modello ed esperti d'accordo),TOR,MIL,2026-08-23T18:45:00Z,,,False,,1,costosissimo esubero in attesa di essere piazzato da qualche parte. dubitiamo sia nelle vostre fantarose.,False,False,True,,
TOR,Paleari,p,1.0,29,4.87,6.17,0.3,0.3,-24.1,17.0,24.0,8.0,8.0,5.0,31.0,0.0,coerente (modello ed esperti d'accordo),TOR,MIL,2026-08-23T18:45:00Z,,,False,,2,"Secondo portiere (terzo, tra poco)",False,False,False,,
TOR,Ilic,c,1.0,8,5.75,5.81,0.7,0.9,0.7,13.5,7.6,3.0,4.0,4.0,24.0,-2.53,coerente (modello ed esperti d'accordo),TOR,MIL,2026-08-23T18:45:00Z,,,False,,1,altro costosissimo esubero in attesa di trasferimento; non dovrebbe essere nelle vostre fantarose.,False,False,False,,
TOR,Anjorin,c,1.0,9,5.93,5.88,1.0,1.2,2.1,12.3,7.8,4.0,4.0,4.0,26.0,0.0,coerente (modello ed esperti d'accordo),,,,,,,,,,,,,,
UDI,Davis K.,a,19.0,30,6.6,6.07,4.7,3.8,19.3,29.2,24.6,9.0,7.0,8.0,40.0,0.0,coerente (modello ed esperti d'accordo),UDI,COM,2026-08-22T16:30:00Z,,,False,,4,"Nonostante la stazza e la preparazione specifica ha già il ritmo partita, probabilmente non ancora i 90 minuti, finora a Udine non è mai partito in una condizione così favorevole.",True,False,False,,
UDI,Zaniolo,c,18.0,31,6.63,6.08,5.6,3.1,16.9,28.5,24.2,,,,,,,UDI,COM,2026-08-22T16:30:00Z,,,False,,4,"Contro il Padova si è incaponito alla ricerca del gol senza riuscire a trovarlo, ma la voglia di lasciare il segno si è vista eccome. Le indicazioni di questo precampionato sono state comunque positive, tanto da essere premiato come miglior giocatore della FVG Cup. Il Como è un avversario complicato, ma resta uno di quei giocatori che difficilmente lasceremmo fuori.",True,True,True,,
UDI,Solet,d,13.0,34,6.15,5.98,1.6,1.6,4.8,29.0,27.0,9.0,7.0,9.0,41.0,0.0,coerente (modello ed esperti d'accordo),UDI,COM,2026-08-22T16:30:00Z,False,20,False,,4,"""Per sostituirlo ne servirebbero tre: un difensore, un centrocampista e un attaccante"" . Parole del Group Technical Director Gian Luca Nani che dicono già tutto. Approfondimento tra i "" Consigliati """,True,False,False,-7.67,RISCHIO GIORNATA 1 (ballottaggio/indisponibilita' non previsti dal modello)
UDI,Ekkelenkamp,c,10.0,31,6.2,5.95,2.9,1.6,8.6,26.6,20.6,8.0,8.0,8.0,39.0,2.05,coerente (modello ed esperti d'accordo),UDI,COM,2026-08-22T16:30:00Z,,,False,,3,"Queste sono le sue partite: dovrà dare una mano ai mediani nel contenimento, ma anche provare ad aggiungere imprevedibilità davanti con inserimenti e conclusioni dalla distanza. Approfondimento tra le "" Possibili sorprese """,False,True,True,,
UDI,Okoye,p,9.0,30,5.03,6.13,0.2,0.3,-33.9,28.8,28.6,,,,,,,UDI,COM,2026-08-22T16:30:00Z,,,False,,3,"Da poco rientrato da un infortunio alla spalla, non sarà in grandissima forma, comunque schierabile ma con qualche rischio visto una difesa Udinese rinnovata e un attacco Como confermato.",False,False,False,,
UDI,Vojvoda,d,8.0,27,6.05,5.93,0.9,1.5,1.3,19.6,10.8,6.0,7.0,7.0,34.0,0.0,coerente (modello ed esperti d'accordo),UDI,COM,2026-08-22T16:30:00Z,,,False,,3,È un esterno che sa giocare la palla ed è un giocatore capace di giocare in più ruoli e quindi anche adattabile a diverse situazioni quindi difficile che vada in difficoltà.,False,True,True,,
UDI,Kristensen T.,d,7.0,28,5.86,5.82,0.9,0.5,0.8,23.7,24.3,8.0,8.0,7.0,37.0,0.0,coerente (modello ed esperti d'accordo),,,,,,,,,,,,,,
UDI,Kamara H.,d,6.0,26,5.9,5.87,0.9,1.4,1.2,23.3,19.6,7.0,8.0,6.0,33.0,-0.49,coerente (modello ed esperti d'accordo),UDI,COM,2026-08-22T16:30:00Z,,,False,,2,Probabilmente giocherà maggiormente in fase di contenimento vista la propensione del Como.,False,False,False,,
UDI,Karlstrom,c,6.0,36,5.87,5.85,0.6,0.8,0.7,29.6,26.7,9.0,9.0,7.0,36.0,0.0,coerente (modello ed esperti d'accordo),UDI,COM,2026-08-22T16:30:00Z,,,False,,2,"Contro il palleggio e la mobilità del Como sarà chiamato a fare gli straordinari soprattutto in fase di contenimento. Approfondimento tra gli "" Sconsigliati """,False,False,False,,
UDI,Piotrowski,c,5.0,30,5.99,5.86,1.4,0.5,2.4,17.5,13.0,,,,,,,UDI,COM,2026-08-22T16:30:00Z,True,55,False,,2,"Parte leggermente avanti su Miller, ma attenzione al cartellino: nella posizione attuale è chiamato a un lavoro più di contenimento rispetto allo scorso anno e contro il Como questo aspetto potrebbe accentuarsi ulteriormente.",False,False,False,0.0,coerente (modello e scheda partita d'accordo)
UDI,Kabasele,d,4.0,28,5.9,5.82,1.1,0.6,1.6,14.9,14.9,6.0,7.0,7.0,34.0,0.0,coerente (modello ed esperti d'accordo),,,,,,,,,,,,,,
UDI,Bertola,d,4.0,25,5.83,5.88,1.0,0.7,0.9,19.5,16.2,6.0,8.0,7.0,33.0,-0.17,coerente (modello ed esperti d'accordo),UDI,COM,2026-08-22T16:30:00Z,False,25,False,,2,"Arriva da un buon campionato d'esordio a Udine ma, come l'anno scorso, riparte un pò in sordina.",False,False,False,-4.09,RISCHIO GIORNATA 1 (ballottaggio/indisponibilita' non previsti dal modello)
UDI,Zanoli,d,4.0,19,5.87,5.83,0.4,0.9,1.3,18.7,15.4,7.0,6.0,7.0,34.0,2.34,coerente (modello ed esperti d'accordo),,,,,,,,,,,,,,
UDI,Arizala,d,4.0,5,5.79,5.85,0.6,0.5,0.9,15.3,10.1,6.0,8.0,6.0,32.0,0.0,coerente (modello ed esperti d'accordo),UDI,COM,2026-08-22T16:30:00Z,,,False,,2,"Potrebbe subentrare a Kamara soprattutto in caso di svantaggio e la situazione potrebbe anche essergli favorevole, ma come anche per molti altri difensori la tendenza è nel sconsigliare il suo schieramento.",False,False,False,,
UDI,Gueye,a,4.0,13,6.1,5.87,1.4,0.5,1.7,12.9,4.5,5.0,8.0,4.0,26.0,0.0,coerente (modello ed esperti d'accordo),UDI,COM,2026-08-22T16:30:00Z,,,False,,3,Partirà dalla panchina ma nelle ultime uscite ha dimostrato di riuscire a dare un pò di brio in avanti nonostante gli manchi ancora la precisione.,False,False,False,,
UDI,Miller L.,c,3.0,19,6.01,5.85,0.7,1.4,1.4,16.7,10.3,6.0,8.0,6.0,32.0,0.0,coerente (modello ed esperti d'accordo),UDI,COM,2026-08-22T16:30:00Z,False,45,False,,2,"Se la gioca con Piotrowski ma parte leggermente dietro: dalla sua avrebbe forse qualcosa in più nella gestione del possesso, ma contro il Como in quella zona è probabile che si privilegi soprattutto sostanza e contenimento.",False,False,False,0.0,coerente (modello e scheda partita d'accordo)
UDI,Palma,d,2.0,4,5.68,5.76,0.6,0.5,0.9,13.1,7.7,5.0,8.0,4.0,29.0,0.0,coerente (modello ed esperti d'accordo),UDI,COM,2026-08-22T16:30:00Z,True,50,False,,2,Il ragazzo se la sta cavando egregiamente mostrando spesso una buona tranquillità ma aspetterei prima di schierarlo perché l'eventuale titolarità alla prima contro il Como potrebbe giocargli comunque uno scherzo a livello emotivo.,False,False,False,0.0,coerente (modello e scheda partita d'accordo)
UDI,Ebosse,d,2.0,16,5.72,5.8,0.3,0.4,0.1,14.7,9.7,5.0,7.0,4.0,25.0,0.0,coerente (modello ed esperti d'accordo),UDI,COM,2026-08-22T16:30:00Z,False,5,False,,2,Sembrava dovesse andare via subito invece è ancora lì e il suo lo fa sempre.,False,False,False,-6.84,RISCHIO GIORNATA 1 (ballottaggio/indisponibilita' non previsti dal modello)
UDI,Buksa,a,2.0,21,6.18,5.88,1.8,0.7,5.6,13.0,10.4,6.0,7.0,5.0,28.0,0.0,coerente (modello ed esperti d'accordo),UDI,COM,2026-08-22T16:30:00Z,,,False,,1,La prova tutt’altro che incoraggiante in Coppa Italia potrebbe essere stata anche l’ultima in bianconero: nelle ultime ore si è aperta una trattativa per la sua cessione al Maiorca.,False,False,False,,
UDI,Padelli,p,1.0,2,4.74,6.02,0.1,0.3,-8.7,4.4,3.1,,,,,,,UDI,COM,2026-08-22T16:30:00Z,,,False,,2,Secondo portiere,False,False,False,,
UDI,Mlacic,d,1.0,3,5.69,5.79,0.5,0.5,0.7,9.9,6.4,5.0,8.0,5.0,29.0,0.0,coerente (modello ed esperti d'accordo),UDI,COM,2026-08-22T16:30:00Z,,,False,,2,Il ragazzo non ha mai sfigurato quando chiamato in causa ma a inizio campionato siamo ancora freddi.,False,False,False,,
UDI,Zarraga,c,1.0,10,5.84,5.7,0.7,0.5,2.0,12.4,9.7,5.0,7.0,4.0,28.0,0.0,coerente (modello ed esperti d'accordo),UDI,COM,2026-08-22T16:30:00Z,,,False,,1,"Stagione nuova, vecchie abitudini. Difficile aspettarsi molto più dei consueti 10-15 minuti finali.",False,False,False,,
UDI,Bayo V.,a,1.0,12,6.04,5.79,1.6,0.6,2.5,10.8,6.2,4.0,8.0,4.0,25.0,0.0,coerente (modello ed esperti d'accordo),UDI,COM,2026-08-22T16:30:00Z,,,False,,2,"Contro il Barcellona ha disputato una buona gara e un bel gol, poi in Coppa Italia non si è visto, pare non godere delle preferenze del Mister.",False,False,False,,
VEN,Bella-Kotchap,d,6.0,18,5.7,5.79,0.4,0.4,-0.0,17.5,11.9,8.0,6.0,7.0,33.0,7.67,SORPRESA AL RIALZO (esperti piu' fiduciosi del modello),VEN,LEC,2026-08-23T16:30:00Z,,,False,,3,"Molto bene durante il precampionato, molto male alla prima ufficiale contro il Modena in Coppa Italia, complice una linea difensiva troppo alta per essere sostenuta da difensori con la stazza del tedesco, soprattutto ora con i carichi della preparazione estiva sulle gambe. Confidiamo che Stroppa riveda questo aspetto tattico e che l'ex Southampton torni a giganteggiare contro Geubbels e Stulic che, sulla carta, hanno le caratteristiche perfette per finire prede della sua fisicità.",False,False,False,,
VEN,Basic,c,6.0,23,6.01,5.93,1.8,1.6,4.3,22.0,19.8,7.0,8.0,7.0,35.0,-0.49,coerente (modello ed esperti d'accordo),VEN,LEC,2026-08-23T16:30:00Z,,,False,,3,"Si alterna con Busio per impostare ed inserirsi in fase di possesso, non vanta l'asset dei piazzati ma ha un buon fiuto sulla lettura dei cross dall'esterno e la giusta fisicità per tenere testa al centrocampo dei salentini. Come per l'americano, può essere una valida scelta di giornata.",False,False,False,,
VEN,Sohm,c,5.0,24,5.92,5.87,0.8,1.2,1.8,21.0,15.6,7.0,8.0,7.0,36.0,2.34,coerente (modello ed esperti d'accordo),VEN,LEC,2026-08-23T16:30:00Z,,,False,,2,"Approfondimento tra gli "" Sconsigliati """,False,False,False,,
VEN,Helgason,c,3.0,4,5.88,5.72,0.5,0.7,1.6,11.8,9.8,5.0,8.0,4.0,27.0,0.0,coerente (modello ed esperti d'accordo),VEN,LEC,2026-08-23T16:30:00Z,,,False,,2,I dubbi sulla sua adeguatezza nell'attuale serie A sono stati confermati in questo precampionato.,False,False,False,,
