stagione,player_id,nome_giocatore,squadra_sigla,ruolo_classic,ruolo_mantra,quotazione_iniziale,quotazione_attuale,fvm
2015-16,408,Higuain,NAP,a,pc,34.0,44.0,
2015-16,309,Dybala,JUV,a,a,29.0,32.0,
2015-16,277,Icardi,INT,a,pc,35.0,30.0,
2015-16,377,Bacca,MIL,a,pc,29.0,28.0,
2015-16,646,Salah,ROM,a,a,26.0,28.0,
2015-16,303,Pogba,JUV,c,cc,23.0,25.0,
2015-16,441,Belotti,TOR,a,pc,22.0,25.0,
2015-16,153,Maccarone,EMP,a,pc,21.0,24.0,
2015-16,313,Morata,JUV,a,pc,30.0,24.0,
2015-16,402,Hamsik,NAP,c,cc|t,22.0,24.0,
2015-16,247,Pavoletti,GEN,a,pc,22.0,23.0,
2015-16,312,Mandzukic,JUV,a,pc,25.0,23.0,
2015-16,332,Candreva,LAZ,c,w|t,24.0,23.0,
2015-16,409,Insigne,NAP,a,t|a,21.0,23.0,
2015-16,449,Vazquez,PAL,a,t|a,22.0,23.0,
2015-16,406,Callejon,NAP,a,a,21.0,22.0,
2015-16,704,Perisic,INT,c,w|a,21.0,22.0,
2015-16,126,Paloschi,CHI,a,pc,21.0,21.0,
2015-16,469,Pjanic,ROM,c,cc|t,17.0,21.0,
2015-16,606,Thereau,UDI,a,a,19.0,21.0,
2015-16,785,Immobile,TOR,a,pc,22.0,21.0,
2015-16,795,El Shaarawy,ROM,a,a,15.0,21.0,
2015-16,177,Ilicic,FIO,c,t|a,16.0,20.0,
2015-16,282,Buffon,JUV,p,por,18.0,20.0,
2015-16,335,Felipe Anderson,LAZ,c,w|t,24.0,20.0,
2015-16,531,Berardi,SAS,a,a,26.0,20.0,
2015-16,537,Sansone,SAS,a,a,16.0,20.0,
2015-16,647,Dzeko,ROM,a,pc,30.0,20.0,
2015-16,26,Gomez,ATA,c,w|a,13.0,19.0,
2015-16,150,Saponara,EMP,c,t,21.0,19.0,
2015-16,172,Borja Valero,FIO,c,cc|t,14.0,19.0,
2015-16,278,Jovetic,INT,a,a,25.0,19.0,
2015-16,467,Nainggolan,ROM,c,m|cc,16.0,19.0,
2015-16,506,Eder,INT,a,a,24.0,19.0,
2015-16,652,Kalinic,FIO,a,pc,22.0,19.0,
2015-16,697,Cuadrado,JUV,c,w|a,20.0,19.0,
2015-16,698,Gilardino,PAL,a,pc,19.0,19.0,
2015-16,237,Perotti,ROM,c,w,17.0,18.0,
2015-16,346,Klose,LAZ,a,pc,19.0,18.0,
2015-16,367,Bonaventura,MIL,c,cc|w|t,17.0,18.0,
2015-16,407,Gabbiadini,NAP,a,a,26.0,18.0,
2015-16,410,Mertens,NAP,a,w|t|a,18.0,18.0,
2015-16,507,Muriel,SAM,a,pc,23.0,18.0,
2015-16,568,Quagliarella,SAM,a,pc,24.0,18.0,
2015-16,638,Toni,VER,a,pc,28.0,18.0,
2015-16,35,Denis,ATA,a,pc,20.0,17.0,
2015-16,397,Allan,NAP,c,m|cc,13.0,17.0,
2015-16,474,Gervinho,ROM,a,a,16.0,17.0,
2015-16,608,Zapata D.,UDI,a,pc,19.0,17.0,
2015-16,643,Defrel,SAS,a,a,19.0,17.0,
2015-16,722,Borriello,ATA,a,pc,16.0,17.0,
2015-16,212,Ciofani D.,FRO,a,pc,15.0,16.0,
2015-16,477,Iturbe,ROM,a,a,19.0,16.0,
2015-16,636,Pazzini,VER,a,pc,20.0,16.0,
2015-16,702,Giaccherini,BOL,c,w|t,12.0,16.0,
2015-16,152,Zielinski,EMP,c,cc|t,9.0,15.0,
2015-16,156,Pucciarelli,EMP,a,t|a,15.0,15.0,
2015-16,286,Bonucci,JUV,d,dc,13.0,15.0,
2015-16,379,Luiz Adriano,MIL,a,pc,23.0,15.0,
2015-16,387,Reina,NAP,p,por,14.0,15.0,
2015-16,464,Florenzi,ROM,c,cd|cc|w,12.0,15.0,
2015-16,480,Totti,ROM,a,pc,20.0,15.0,
2015-16,484,Viviano,SAM,p,por,12.0,15.0,
2015-16,513,Acerbi,SAS,d,dc,8.0,15.0,
2015-16,602,Di Natale,UDI,a,pc,27.0,15.0,
2015-16,31,Moralez,ATA,c,t|a,13.0,14.0,
2015-16,167,Rodriguez Go,FIO,d,dc,15.0,14.0,
2015-16,213,Dionisi F.,FRO,a,pc,13.0,14.0,
2015-16,250,Handanovic,INT,p,por,15.0,14.0,
2015-16,271,Kovacic,INT,c,cc|t,14.0,14.0,
2015-16,345,Keita B.,LAZ,a,a,14.0,14.0,
2015-16,472,Destro,BOL,a,pc,18.0,14.0,
2015-16,794,Tello C.,FIO,a,a,13.0,14.0,
2015-16,41,Mirante,BOL,p,por,8.0,13.0,
2015-16,111,Birsa,CHI,c,w|t,9.0,13.0,
2015-16,187,Rossi,FIO,a,pc,19.0,13.0,
2015-16,265,Brozovic,INT,c,m|cc,11.0,13.0,
2015-16,274,Shaqiri,INT,c,w|t,13.0,13.0,
2015-16,280,Palacio,INT,a,a,18.0,13.0,
2015-16,285,Barzagli,JUV,d,dc,10.0,13.0,
2015-16,307,Coman,JUV,a,a,13.0,13.0,
2015-16,311,Llorente,JUV,a,pc,13.0,13.0,
2015-16,318,Marchetti,LAZ,p,por,13.0,13.0,
2015-16,344,Djordjevic,LAZ,a,pc,25.0,13.0,
2015-16,478,Ljajic,INT,a,a,20.0,13.0,
2015-16,509,Consigli,SAS,p,por,9.0,13.0,
2015-16,546,Bruno Peres,TOR,d,dd|cd,10.0,13.0,
2015-16,648,Cassano,SAM,a,a,18.0,13.0,
2015-16,784,Diamanti,ATA,c,t|a,15.0,13.0,
2015-16,4,Sportiello,ATA,p,por,10.0,12.0,
2015-16,33,Boakye,ATA,a,a,12.0,12.0,
2015-16,55,Brienza,BOL,c,t|a,15.0,12.0,
2015-16,90,Lasagna,CAR,a,pc,4.0,12.0,
2015-16,95,Bizzarri,CHI,p,por,10.0,12.0,
2015-16,183,Babacar,FIO,a,pc,20.0,12.0,
2015-16,184,Bernardeschi,FIO,a,a,8.0,12.0,
2015-16,218,Perin,GEN,p,por,12.0,12.0,
2015-16,238,Rincon,GEN,c,cd|m|cc,7.0,12.0,
2015-16,257,Miranda,INT,d,dc,11.0,12.0,
2015-16,331,Biglia,LAZ,c,m|cc,12.0,12.0,
2015-16,375,Suso,GEN,c,w|t,5.0,12.0,
2015-16,392,Koulibaly,NAP,d,dc,8.0,12.0,
2015-16,453,Szczesny,ROM,p,por,6.0,12.0,
2015-16,459,Manolas,ROM,d,dc,11.0,12.0,
2015-16,476,Ibarbo,ROM,a,a,13.0,12.0,
2015-16,556,Baselli,TOR,c,m|cc,9.0,12.0,
2015-16,604,Lopez N.,UDI,a,a,12.0,12.0,
2015-16,657,Digne,ROM,d,ds|cs,10.0,12.0,
2015-16,792,Zarate,FIO,a,a,10.0,12.0,
2015-16,63,Bianchi,BOL,a,pc,11.0,11.0,
2015-16,140,Hysaj,NAP,d,dd|ds|cd|cs,7.0,11.0,
2015-16,160,Tatarusanu,FIO,p,por,8.0,11.0,
2015-16,178,Joaquin,FIO,c,cd|w,12.0,11.0,
2015-16,299,Khedira,JUV,c,m|cc,11.0,11.0,
2015-16,342,Parolo,LAZ,c,cc,17.0,11.0,
2015-16,350,Donnarumma G.,MIL,p,por,1.0,11.0,
2015-16,356,Antonelli,MIL,d,ds|cs,10.0,11.0,
2015-16,378,Cerci,GEN,a,a,15.0,11.0,
2015-16,390,Ghoulam,NAP,d,ds|cs,8.0,11.0,
2015-16,404,Jorginho,NAP,c,m|cc,8.0,11.0,
2015-16,438,Rigoni L,GEN,c,m|cc,13.0,11.0,
2015-16,475,Iago Falque,ROM,a,a,21.0,11.0,
2015-16,523,Vrsaljko,SAS,d,dd|cd,8.0,11.0,
2015-16,526,Duncan,SAS,c,m|cc,7.0,11.0,
2015-16,536,Politano,SAS,a,w|a,6.0,11.0,
2015-16,566,Maxi Lopez,TOR,a,pc,17.0,11.0,
2015-16,590,Bruno Fernandes,UDI,c,cc|t,10.0,11.0,
2015-16,662,Alex Sandro,JUV,d,ds|cs,12.0,11.0,
2015-16,20,Cigarini,ATA,c,m|cc,11.0,10.0,
2015-16,28,Kurtic,ATA,c,m|cc,11.0,10.0,
2015-16,39,Pinilla,ATA,a,pc,21.0,10.0,
2015-16,81,Di Gaudio,CAR,c,w|a,8.0,10.0,
2015-16,112,Castro,CHI,c,w|t,13.0,10.0,
2015-16,124,Meggiorini,CHI,a,a,9.0,10.0,
2015-16,165,Marcos Alonso,FIO,d,ds|cs,5.0,10.0,
2015-16,235,Laxalt,GEN,c,cs|cc|w,4.0,10.0,
2015-16,288,Chiellini,JUV,d,ds|dc,14.0,10.0,
2015-16,300,Marchisio,JUV,c,m|cc,14.0,10.0,
2015-16,338,Lulic,LAZ,c,cs|cc|w,13.0,10.0,
2015-16,353,Abate,MIL,d,dd|cd,9.0,10.0,
2015-16,381,Menez,MIL,a,t|a,20.0,10.0,
2015-16,388,Albiol,NAP,d,dc,9.0,10.0,
2015-16,413,Sorrentino,PAL,p,por,10.0,10.0,
2015-16,528,Magnanelli,SAS,c,m|cc,7.0,10.0,
2015-16,533,Floccari,BOL,a,pc,12.0,10.0,
2015-16,557,Benassi,TOR,c,m|cc,11.0,10.0,
2015-16,588,Widmer,UDI,d,dd|cd,11.0,10.0,
2015-16,589,Badu,UDI,c,m|cc,4.0,10.0,
2015-16,619,Pisano E,VER,d,dd|ds|cd|cs,5.0,10.0,
2015-16,627,Ionita,VER,c,cc,5.0,10.0,
2015-16,631,Viviani,VER,c,m|cc,9.0,10.0,
2015-16,656,Rudiger,ROM,d,dc,7.0,10.0,
2015-16,720,Belec,CAR,p,por,1.0,10.0,
2015-16,775,Alvarez R,SAM,c,t|a,12.0,10.0,
2015-16,789,Trotta,SAS,a,pc,15.0,10.0,
2015-16,21,D'alessandro,ATA,c,w,4.0,9.0,
2015-16,22,De Roon,ATA,c,m|cc,4.0,9.0,
2015-16,74,Letizia,CAR,d,dd|ds|cd|cs,5.0,9.0,
2015-16,127,Pellissier,CHI,a,pc,10.0,9.0,
2015-16,133,Skorupski,EMP,p,por,9.0,9.0,
2015-16,142,Mario Rui,EMP,d,ds|cs,7.0,9.0,
2015-16,146,Croce,EMP,c,cs|m|cc,6.0,9.0,
2015-16,181,Vecino,FIO,c,cc|t,8.0,9.0,
2015-16,207,Paganini,FRO,c,w|a,8.0,9.0,
2015-16,214,Lupoli,FRO,a,pc,9.0,9.0,
2015-16,292,Lichtsteiner,JUV,d,dd|cd,13.0,9.0,
2015-16,315,Zaza,JUV,a,pc,14.0,9.0,
2015-16,355,Alex,MIL,d,dc,7.0,9.0,
2015-16,382,Niang,MIL,a,a,12.0,9.0,
2015-16,460,Romagnoli,MIL,d,dc,9.0,9.0,
2015-16,468,Paredes,EMP,c,cc|t,4.0,9.0,
2015-16,487,De Silvestri,SAM,d,dd|cd,9.0,9.0,
2015-16,534,Floro Flores,CHI,a,a,11.0,9.0,
2015-16,543,Padelli,TOR,p,por,11.0,9.0,
2015-16,548,Glik,TOR,d,dc,15.0,9.0,
2015-16,552,Moretti,TOR,d,ds|dc,8.0,9.0,
2015-16,570,Karnezis,UDI,p,por,10.0,9.0,
2015-16,696,Balotelli,MIL,a,pc,20.0,9.0,
2015-16,706,Ansaldi,GEN,d,dd|ds|cd|cs,8.0,9.0,
2015-16,713,Dzemaili,GEN,c,cc,8.0,9.0,
2015-16,47,Gastaldello,BOL,d,dc,5.0,8.0,
2015-16,49,Masina,BOL,d,ds|cs,5.0,8.0,
2015-16,58,Diawara,BOL,c,m|cc,1.0,8.0,
2015-16,76,Romagnoli S.,CAR,d,dc,3.0,8.0,
2015-16,80,Bianco R.,CAR,c,m|cc,4.0,8.0,
2015-16,86,Pasciuti,CAR,c,cd|cs|cc,6.0,8.0,
2015-16,92,Matos,UDI,a,a,14.0,8.0,
2015-16,93,Mbakogu,CAR,a,pc,16.0,8.0,
2015-16,99,Cacciatore,CHI,d,dd|ds|cd|cs,4.0,8.0,
2015-16,100,Cesar,CHI,d,dc,6.0,8.0,
2015-16,105,Gobbi,CHI,d,ds|cs,6.0,8.0,
2015-16,115,Hetemaj,CHI,c,cd|cs|m|cc,8.0,8.0,
2015-16,119,Rigoni N,CHI,c,m|cc,2.0,8.0,
2015-16,226,Izzo,GEN,d,dc,4.0,8.0,
2015-16,241,Tachtsidis,GEN,c,m|cc,4.0,8.0,
2015-16,259,Murillo,INT,d,dc,10.0,8.0,
2015-16,268,Guarin,INT,c,cc|t,14.0,8.0,
2015-16,290,Evra,JUV,d,ds|cs,7.0,8.0,
2015-16,294,Rugani,JUV,d,dc,7.0,8.0,
2015-16,369,Honda,MIL,c,t|a,9.0,8.0,
2015-16,372,Montolivo,MIL,c,cc,10.0,8.0,
2015-16,403,Inler,NAP,c,m|cc,8.0,8.0,
2015-16,448,Trajkovski,PAL,a,a,10.0,8.0,
2015-16,473,Doumbia S.,ROM,a,pc,8.0,8.0,
2015-16,504,Wszolek,VER,c,cd|w,3.0,8.0,
2015-16,521,Peluso,SAS,d,ds|dc|cs,6.0,8.0,
2015-16,529,Missiroli,SAS,c,cc|t,10.0,8.0,
2015-16,555,Acquah,TOR,c,m|cc,5.0,8.0,
2015-16,565,Martinez,TOR,a,a,12.0,8.0,
2015-16,642,Astori,FIO,d,dc,8.0,8.0,
2015-16,703,Mounier,BOL,c,w|a,9.0,8.0,
2015-16,15,Masiello,ATA,d,dd|dc,4.0,7.0,
2015-16,37,Marilungo,ATA,a,a,7.0,7.0,
2015-16,54,Rossettini,BOL,d,dc,6.0,7.0,
2015-16,64,Cacia,BOL,a,pc,8.0,7.0,
2015-16,73,Gagliolo,CAR,d,ds|dc|cs,5.0,7.0,
2015-16,83,Lollo,CAR,c,cc,3.0,7.0,
2015-16,125,Mpoku,CHI,a,a,17.0,7.0,
2015-16,144,Tonelli,EMP,d,dc,11.0,7.0,
2015-16,170,Badelj,FIO,c,m|cc,5.0,7.0,
2015-16,176,Fernandez M,FIO,c,cc|t,12.0,7.0,
2015-16,209,Sammarco,FRO,c,m|cc,2.0,7.0,
2015-16,215,Verde,FRO,a,a,11.0,7.0,
2015-16,222,Burdisso,GEN,d,dc,5.0,7.0,
2015-16,224,De Maio,GEN,d,dc,5.0,7.0,
2015-16,234,Kucka,MIL,c,m|cc,7.0,7.0,
2015-16,245,Pandev,GEN,a,a,18.0,7.0,
2015-16,253,D'ambrosio,INT,d,dd|ds|cd|cs,5.0,7.0,
2015-16,269,Hernanes,JUV,c,t,15.0,7.0,
2015-16,270,Kondogbia,INT,c,m|cc,12.0,7.0,
2015-16,272,Medel,INT,c,m|cc,6.0,7.0,
2015-16,275,Taider,BOL,c,cc|t,6.0,7.0,
2015-16,360,Paletta,ATA,d,dc,8.0,7.0,
2015-16,366,Bertolacci,MIL,c,cc|t,15.0,7.0,
2015-16,376,Verdi,CAR,c,w|t,3.0,7.0,
2015-16,433,Hiljemark,PAL,c,m|cc,4.0,7.0,
2015-16,437,Quaison,PAL,c,cc|t,10.0,7.0,
2015-16,463,De Rossi,ROM,c,m|cc,9.0,7.0,
2015-16,495,Correa,SAM,c,w|t,10.0,7.0,
2015-16,516,Cannavaro,SAS,d,dc,6.0,7.0,
2015-16,530,Pellegrini Lo.,SAS,c,m|cc,2.0,7.0,
2015-16,532,Falcinelli,SAS,a,pc,7.0,7.0,
2015-16,554,Zappacosta,TOR,d,dd|cd,10.0,7.0,
2015-16,563,Vives,TOR,c,m|cc,4.0,7.0,
2015-16,575,Adnan,UDI,d,ds|cs,6.0,7.0,
2015-16,610,Gollini,VER,p,por,1.0,7.0,
2015-16,635,Juanito Gomez,VER,a,w|a,16.0,7.0,
2015-16,637,Siligardi,VER,a,a,9.0,7.0,
2015-16,650,Pepe S.,CHI,c,cd|w,4.0,7.0,
2015-16,664,Crimi,CAR,c,m|cc,2.0,7.0,
2015-16,669,Donsah,BOL,c,m|cc,7.0,7.0,
2015-16,715,Castillo,FRO,a,pc,12.0,7.0,
2015-16,771,Boateng,MIL,c,cc|t,12.0,7.0,
2015-16,776,Bisevac,LAZ,d,dc,6.0,7.0,
2015-16,807,Matavz,GEN,a,pc,11.0,7.0,
2015-16,13,Drame',ATA,d,ds|cs,6.0,6.0,
2015-16,48,Maietta,BOL,d,dc,3.0,6.0,
2015-16,56,Brighi,BOL,c,m|cc,5.0,6.0,
2015-16,60,Rizzo,BOL,c,cd|cs|cc,6.0,6.0,
2015-16,104,Gamberini,CHI,d,dc,4.0,6.0,
2015-16,118,Radovanovic,CHI,c,m|cc,7.0,6.0,
2015-16,123,Inglese,CHI,a,pc,3.0,6.0,
2015-16,135,Bittante,EMP,d,dd|ds|cd|cs,5.0,6.0,
2015-16,138,Costa,EMP,d,ds|dc,4.0,6.0,
2015-16,141,Laurini,EMP,d,dd|cd,4.0,6.0,
2015-16,180,Suarez M,FIO,c,m|cc,10.0,6.0,
2015-16,188,Leali,FRO,p,por,7.0,6.0,
2015-16,193,Blanchard,FRO,d,ds|dc,5.0,6.0,
2015-16,204,Frara,FRO,c,cs|m|cc,1.0,6.0,
2015-16,206,Gucher,FRO,c,m|cc,6.0,6.0,
2015-16,210,Soddimo,FRO,c,w,8.0,6.0,
2015-16,260,Nagatomo,INT,d,dd|ds|cd|cs,6.0,6.0,
2015-16,276,Biabiany,INT,a,w|a,5.0,6.0,
2015-16,297,Buchel,EMP,c,m|cc,4.0,6.0,
2015-16,341,Onazi,LAZ,c,m|cc,5.0,6.0,
2015-16,364,Zaccardo,CAR,d,dd|dc,1.0,6.0,
2015-16,380,Matri,LAZ,a,pc,14.0,6.0,
2015-16,401,El Kaddouri,NAP,c,cc|t,8.0,6.0,
2015-16,414,Andelkovic,PAL,d,dc,4.0,6.0,
2015-16,419,Gonzalez G,PAL,d,dc,8.0,6.0,
2015-16,420,Lazaar,PAL,d,ds|cs,10.0,6.0,
2015-16,423,Rispoli,PAL,d,dd|cd,5.0,6.0,
2015-16,435,Maresca,PAL,c,m|cc,2.0,6.0,
2015-16,458,Maicon,ROM,d,dd|cd,9.0,6.0,
2015-16,462,Yanga Mbiwa,ROM,d,dc,6.0,6.0,
2015-16,465,Keita S,ROM,c,m|cc,8.0,6.0,
2015-16,485,Cassani,SAM,d,dd|cd,6.0,6.0,
2015-16,494,Barreto,SAM,c,m|cc,12.0,6.0,
2015-16,505,Bonazzoli,SAM,a,pc,11.0,6.0,
2015-16,524,Biondini,SAS,c,m|cc,5.0,6.0,
2015-16,578,Danilo Lar.,UDI,d,dc,8.0,6.0,
2015-16,612,Bianchetti,VER,d,dd|dc,4.0,6.0,
2015-16,615,Helander,VER,d,dc,4.0,6.0,
2015-16,618,Moras,VER,d,dc,6.0,6.0,
2015-16,626,Hallfredsson,UDI,c,cs|cc,10.0,6.0,
2015-16,645,Milinkovic-Savic,LAZ,c,m|cc,7.0,6.0,
2015-16,665,Mauri,LAZ,c,w|t,13.0,6.0,
2015-16,708,Felipe,UDI,d,dc,3.0,6.0,
2015-16,717,Felipe Melo,INT,c,m|cc,8.0,6.0,
2015-16,772,Kragl,FRO,c,ds|cs,3.0,6.0,
2015-16,774,Emanuelson,VER,c,cs|w,5.0,6.0,
2015-16,788,Freuler,ATA,c,cc|t,5.0,6.0,
2015-16,793,Kuzmanovic,UDI,c,m|cc,7.0,6.0,
2015-16,11,Conti,ATA,d,dd|cd,1.0,5.0,
2015-16,65,Mancosu,CAR,a,pc,11.0,5.0,
2015-16,84,Marrone,VER,c,m|cc,7.0,5.0,
2015-16,94,Wilczek,CAR,a,pc,10.0,5.0,
2015-16,131,Pelagotti,EMP,p,por,1.0,5.0,
2015-16,162,Basanta,FIO,d,dc,5.0,5.0,
2015-16,168,Roncaglia,FIO,d,dd|dc,2.0,5.0,
2015-16,197,Pavlovic D.,FRO,d,ds|cs,4.0,5.0,
2015-16,205,Gori,FRO,c,m|cc,2.0,5.0,
2015-16,217,Lamanna,GEN,p,por,1.0,5.0,
2015-16,225,Diogo Figueiras,GEN,d,dd|ds|cd|cs,9.0,5.0,
2015-16,236,Lazovic,GEN,c,w|a,12.0,5.0,
2015-16,242,Tino Costa,FIO,c,cc|t,13.0,5.0,
2015-16,243,Gakpe',ATA,a,w|a,10.0,5.0,
2015-16,255,Dodo' R.,SAM,d,ds|cs,3.0,5.0,
2015-16,281,Puscas,INT,a,pc,5.0,5.0,
2015-16,295,Asamoah,JUV,c,cs|cc,7.0,5.0,
2015-16,302,Pereyra,JUV,c,cc|t,12.0,5.0,
2015-16,319,Basta,LAZ,d,dd|cd,10.0,5.0,
2015-16,325,Konko,LAZ,d,dd|cd,1.0,5.0,
2015-16,396,Zuniga,BOL,d,dd|ds|cd|cs,5.0,5.0,
2015-16,398,David Lopez,NAP,c,m|cc,6.0,5.0,
2015-16,411,Vargas E,NAP,a,a,5.0,5.0,
2015-16,493,Zukanovic,ROM,d,ds|dc,9.0,5.0,
2015-16,545,Bovo,TOR,d,dc,4.0,5.0,
2015-16,551,Molinaro,TOR,d,ds|cs,3.0,5.0,
2015-16,560,Obi,TOR,c,cs|m|cc,7.0,5.0,
2015-16,582,Gabriel Silva,GEN,d,ds|cs,5.0,5.0,
2015-16,611,Rafael,VER,p,por,9.0,5.0,
2015-16,625,Greco,VER,c,cc,5.0,5.0,
2015-16,655,Capel,GEN,c,w,11.0,5.0,
2015-16,695,Toloi,ATA,d,dc,7.0,5.0,
2015-16,710,Blaszczykowski,FIO,c,w,12.0,5.0,
2015-16,712,Lemina,JUV,c,m|cc,9.0,5.0,
2015-16,755,Lodi,UDI,c,cc,5.0,5.0,
2015-16,765,Ajeti,FRO,d,dd|dc,4.0,5.0,
2015-16,791,Sabelli,CAR,d,dd|cd,4.0,5.0,
2015-16,10,Cherubin,ATA,d,ds|dc,6.0,4.0,
2015-16,16,Raimondi,ATA,d,dd|cd,3.0,4.0,
2015-16,29,Migliaccio,ATA,c,m|cc,3.0,4.0,
2015-16,52,Oikonomou,BOL,d,ds|dc,6.0,4.0,
2015-16,78,Spolli,CHI,d,dc,6.0,4.0,
2015-16,101,Dainelli,CHI,d,dc,6.0,4.0,
2015-16,134,Barba,EMP,d,dc,6.0,4.0,
2015-16,166,Pasqual,FIO,d,ds|cs,9.0,4.0,
2015-16,194,Ciofani M,FRO,d,dd|ds|dc,2.0,4.0,
2015-16,196,Diakite',SAM,d,dc,5.0,4.0,
2015-16,198,Rosi,FRO,d,dd|cd,5.0,4.0,
2015-16,202,Chibsah,FRO,c,m|cc,6.0,4.0,
2015-16,223,Cissokho,GEN,d,dd|cd,3.0,4.0,
2015-16,232,Cofie,CAR,c,m|cc,3.0,4.0,
2015-16,233,Fetfatzidis,GEN,c,w|t,4.0,4.0,
2015-16,251,Andreolli,INT,d,dc,4.0,4.0,
2015-16,258,Montoya,INT,d,dd|cd,9.0,4.0,
2015-16,261,Ranocchia,SAM,d,dc,6.0,4.0,
2015-16,324,Hoedt,LAZ,d,dc,4.0,4.0,
2015-16,333,Cataldi,LAZ,c,cc,7.0,4.0,
2015-16,365,Zapata C.,MIL,d,dc,7.0,4.0,
2015-16,368,De Jong,MIL,c,m|cc,10.0,4.0,
2015-16,416,El Kaoutari,PAL,d,dc,7.0,4.0,
2015-16,417,Emerson P.,ROM,d,ds|cs,4.0,4.0,
2015-16,428,Benali,PAL,c,m|cc,4.0,4.0,
2015-16,434,Jajalo,PAL,c,m|cc,7.0,4.0,
2015-16,466,Marquinho,UDI,c,cs|cc|w,8.0,4.0,
2015-16,470,Strootman,ROM,c,m|cc,9.0,4.0,
2015-16,489,Moisander,SAM,d,dc,9.0,4.0,
2015-16,492,Silvestre,SAM,d,dc,7.0,4.0,
2015-16,498,Ivan,SAM,c,cc|t,1.0,4.0,
2015-16,549,Jansson,TOR,d,dc,2.0,4.0,
2015-16,550,Maksimovic,TOR,d,dd|ds|dc,9.0,4.0,
2015-16,564,Amauri,TOR,a,pc,10.0,4.0,
2015-16,580,Edenilson,UDI,d,cd|cs,8.0,4.0,
2015-16,583,Heurtaux,UDI,d,dc,7.0,4.0,
2015-16,586,Piris,UDI,d,dd|ds|dc,6.0,4.0,
2015-16,587,Wague,UDI,d,dc,5.0,4.0,
2015-16,593,Iturra,UDI,c,m|cc,6.0,4.0,
2015-16,601,Aguirre,UDI,a,pc,6.0,4.0,
2015-16,621,Romulo,VER,d,cd|m|cc,6.0,4.0,
2015-16,640,Chiriches,NAP,d,dd|dc,6.0,4.0,
2015-16,699,Carbonero,SAM,c,cc|t,10.0,4.0,
2015-16,700,Tonev,FRO,c,w|a,7.0,4.0,
2015-16,701,Verdu',FIO,c,t,5.0,4.0,
2015-16,705,Vainqueur,ROM,c,m|cc,6.0,4.0,
2015-16,707,Livaja,EMP,a,a,12.0,4.0,
2015-16,709,Cosic,EMP,d,dc,4.0,4.0,
2015-16,714,Morganella,PAL,d,dd|cd,6.0,4.0,
2015-16,716,Telles,INT,d,ds|cs,8.0,4.0,
2015-16,773,Arteaga,PAL,a,pc,5.0,4.0,
2015-16,780,Cionek,PAL,d,dc,3.0,4.0,
2015-16,799,Bardi,FRO,p,por,3.0,4.0,
2015-16,6,Bellini,ATA,d,dd|ds|dc,1.0,3.0,
2015-16,8,Brivio,ATA,d,ds|cs,3.0,3.0,
2015-16,17,Stendardo,ATA,d,dc,6.0,3.0,
2015-16,18,Suagher,CAR,d,dd|dc,2.0,3.0,
2015-16,50,Mbaye,BOL,d,dd|ds|cd|cs,6.0,3.0,
2015-16,62,Acquafresca,BOL,a,pc,14.0,3.0,
2015-16,75,Poli F,CAR,d,dd|ds|dc,3.0,3.0,
2015-16,79,Wallace O,CAR,d,dd|cd,4.0,3.0,
2015-16,97,Seculin,CHI,p,por,1.0,3.0,
2015-16,108,Sardo,CHI,d,dd|cd,2.0,3.0,
2015-16,149,Ronaldo P,LAZ,c,m|cc,6.0,3.0,
2015-16,151,Signorelli,EMP,c,m|cc,3.0,3.0,
2015-16,169,Tomovic,FIO,d,dd|dc,5.0,3.0,
2015-16,186,Rebic,VER,a,a,4.0,3.0,
2015-16,195,Crivello,FRO,d,ds|cs,4.0,3.0,
2015-16,199,Russo Ad.,FRO,d,dc,1.0,3.0,
2015-16,211,Carlini,FRO,a,w|a,4.0,3.0,
2015-16,256,Juan Jesus,INT,d,ds|dc,5.0,3.0,
2015-16,283,Neto,JUV,p,por,1.0,3.0,
2015-16,291,Isla,JUV,d,dd|cd|m,3.0,3.0,
2015-16,301,Padoin,JUV,c,cd|cs|m|cc,4.0,3.0,
2015-16,305,Sturaro,JUV,c,m|cc,5.0,3.0,
2015-16,316,Berisha,LAZ,p,por,1.0,3.0,
2015-16,321,Cana,LAZ,d,dc|m,3.0,3.0,
2015-16,323,Gentiletti,LAZ,d,dc,8.0,3.0,
2015-16,326,Mauricio N.,LAZ,d,dc,5.0,3.0,
2015-16,347,Perea,LAZ,a,pc,3.0,3.0,
2015-16,354,Albertazzi,VER,d,ds|dc,1.0,3.0,
2015-16,358,De Sciglio,MIL,d,dd|ds|cd|cs,6.0,3.0,
2015-16,371,Mauri J,MIL,c,m|cc,7.0,3.0,
2015-16,374,Poli,MIL,c,cc,6.0,3.0,
2015-16,399,De Guzman,CAR,c,cc|t,8.0,3.0,
2015-16,418,Goldaniga,PAL,d,dc,1.0,3.0,
2015-16,424,Struna,PAL,d,dd|dc|cd,4.0,3.0,
2015-16,425,Terzi,PAL,d,dc,3.0,3.0,
2015-16,430,Brugman,PAL,c,m|cc|t,4.0,3.0,
2015-16,431,Chochev,PAL,c,m|cc,8.0,3.0,
2015-16,446,Matheus Cassini,PAL,a,a,8.0,3.0,
2015-16,499,Krsticic,SAM,c,cc|t,5.0,3.0,
2015-16,519,Gazzola,SAS,d,dd|cd,3.0,3.0,
2015-16,547,Gaston Silva,TOR,d,ds|dc|cs,3.0,3.0,
2015-16,600,Verre,UDI,c,cc,3.0,3.0,
2015-16,603,Geijo,UDI,a,pc,3.0,3.0,
2015-16,605,Perica,UDI,a,pc,5.0,3.0,
2015-16,616,Marquez,VER,d,dc,5.0,3.0,
2015-16,630,Sala,SAM,c,cd|cc|w,12.0,3.0,
2015-16,651,Maiello,EMP,c,m|cc,3.0,3.0,
2015-16,658,Falco,BOL,c,w|t|a,5.0,3.0,
2015-16,659,Djurdjevic,PAL,a,pc,5.0,3.0,
2015-16,694,Baez,FIO,a,pc,7.0,3.0,
2015-16,779,Cristante,PAL,c,m|cc,8.0,3.0,
2015-16,790,Samir,VER,d,dc,4.0,3.0,
2015-16,802,Armero,UDI,d,ds|cs,2.0,3.0,
2015-16,805,Fiamozzi,GEN,d,dd|cd,3.0,3.0,
2015-16,808,Benalouane,FIO,d,dd|dc,6.0,3.0,
2015-16,3,Radunovic,ATA,p,por,1.0,2.0,
2015-16,12,Del Grosso,ATA,d,ds|cs,2.0,2.0,
2015-16,25,Giorgi,ATA,c,cd|cc,2.0,2.0,
2015-16,38,Monachello,ATA,a,pc,4.0,2.0,
2015-16,45,Ferrari A.,BOL,d,dc,1.0,2.0,
2015-16,46,Garics,BOL,d,dd|cd,2.0,2.0,
2015-16,82,Lazzari A.,CAR,c,cc|t,6.0,2.0,
2015-16,85,Martinho,CAR,c,cs|w,6.0,2.0,
2015-16,87,Porcari,CAR,c,m|cc,1.0,2.0,
2015-16,103,Frey,CHI,d,dd|ds|dc,4.0,2.0,
2015-16,107,Pucino,CHI,d,dd|ds|cd|cs,2.0,2.0,
2015-16,110,Bellomo,CHI,c,cc|t,3.0,2.0,
2015-16,132,Pugliesi,EMP,p,por,1.0,2.0,
2015-16,145,Brillante,EMP,c,cd|m|cc,2.0,2.0,
2015-16,147,Diousse',EMP,c,m|cc,1.0,2.0,
2015-16,148,Krunic,EMP,c,t,1.0,2.0,
2015-16,154,Mchedlidze,EMP,a,pc,10.0,2.0,
2015-16,155,Piu,EMP,a,a,1.0,2.0,
2015-16,158,Lezzerini,FIO,p,por,1.0,2.0,
2015-16,163,Gilberto,VER,d,dd|cd,4.0,2.0,
2015-16,227,Marchese,GEN,d,ds|dc|cs,7.0,2.0,
2015-16,252,Biraghi,CHI,d,ds|cs,2.0,2.0,
2015-16,273,Schelotto,INT,c,cd|w,2.0,2.0,
2015-16,287,Caceres,JUV,d,dd|ds|dc,6.0,2.0,
2015-16,289,De Ceglie,JUV,d,ds|cs,2.0,2.0,
2015-16,322,De Vrij,LAZ,d,dc,12.0,2.0,
2015-16,327,Patric,LAZ,d,dd|cd,1.0,2.0,
2015-16,329,Radu,LAZ,d,ds|dc,7.0,2.0,
2015-16,337,Kishna,LAZ,c,w|a,7.0,2.0,
2015-16,352,Diego Lopez,MIL,p,por,13.0,2.0,
2015-16,357,Calabria,MIL,d,dd|cd,1.0,2.0,
2015-16,370,Mastour,MIL,c,t|a,2.0,2.0,
2015-16,405,Valdifiori,NAP,c,m|cc,12.0,2.0,
2015-16,412,Colombi,CAR,p,por,1.0,2.0,
2015-16,421,Milanovic,PAL,d,dc,2.0,2.0,
2015-16,427,Vitiello,PAL,d,dd|dc,5.0,2.0,
2015-16,450,De Sanctis,ROM,p,por,10.0,2.0,
2015-16,514,Antei,SAS,d,dd|dc,4.0,2.0,
2015-16,520,Longhi,SAS,d,ds|cs,3.0,2.0,
2015-16,544,Avelar,TOR,d,ds|cs,10.0,2.0,
2015-16,558,Farnerud,TOR,c,cc|t,2.0,2.0,
2015-16,559,Gazzi,TOR,c,m|cc,4.0,2.0,
2015-16,579,Domizzi,UDI,d,dc,5.0,2.0,
2015-16,581,Faraoni,UDI,d,dd|cd,2.0,2.0,
2015-16,585,Pasquale,UDI,d,ds|cs,3.0,2.0,
2015-16,598,Pinzi,CHI,c,m|cc,5.0,2.0,
2015-16,622,Souprayen,VER,d,ds|dc,2.0,2.0,
2015-16,624,Christodoulopoulos,SAM,c,w|t,5.0,2.0,
2015-16,641,Ntcham,GEN,c,cc|t,4.0,2.0,
2015-16,644,Pulgar,BOL,c,m|cc,4.0,2.0,
2015-16,653,Zambelli,EMP,d,dd|cd,3.0,2.0,
2015-16,663,Krafth,BOL,d,dd|cd,2.0,2.0,
2015-16,718,Rodriguez Ale.,SAM,a,pc,12.0,2.0,
2015-16,721,Prcic,TOR,c,cc|w|t,4.0,2.0,
2015-16,759,Pryima,FRO,d,dc,3.0,2.0,
2015-16,787,Djimsiti,ATA,d,dd|ds|dc,4.0,2.0,
2015-16,798,Skriniar,SAM,d,dc,4.0,2.0,
2015-16,801,Gagliardini,ATA,c,cc,3.0,2.0,
2015-16,804,Constant,BOL,d,ds|cs,3.0,2.0,
2015-16,809,Ninkovic,CHI,c,w|t,5.0,2.0,
2015-16,811,Furman,VER,c,m|cc,3.0,2.0,
2015-16,817,Costa F,CHI,d,ds|cs,2.0,2.0,
2015-16,1,Bassi,ATA,p,por,1.0,1.0,
2015-16,2,Merelli,ATA,p,por,1.0,1.0,
2015-16,9,Canini,ATA,d,dc,1.0,1.0,
2015-16,14,Kresic,ATA,d,dc,1.0,1.0,
2015-16,19,Carmona C.,ATA,c,m|cc,7.0,1.0,
2015-16,24,Estigarribia,ATA,c,w,5.0,1.0,
2015-16,27,Grassi,NAP,c,m|cc,1.0,1.0,
2015-16,40,Da Costa,BOL,p,por,1.0,1.0,
2015-16,42,Sarr M.,BOL,p,por,1.0,1.0,
2015-16,43,Stojanovic D.,BOL,p,por,1.0,1.0,
2015-16,44,Ceccarelli,BOL,d,dd|cd,1.0,1.0,
2015-16,51,Morleo,BOL,d,ds|cs,3.0,1.0,
2015-16,53,Radakovic,BOL,d,dc,1.0,1.0,
2015-16,57,Crisetig,BOL,c,m|cc,6.0,1.0,
2015-16,59,Pulzetti,BOL,c,cd|cs|m|cc,3.0,1.0,
2015-16,61,Zuculini F,BOL,c,m|cc,4.0,1.0,
2015-16,68,Benussi,CAR,p,por,1.0,1.0,
2015-16,69,Brkic,CAR,p,por,8.0,1.0,
2015-16,70,Murano,CAR,p,por,1.0,1.0,
2015-16,71,Bubnjic,CAR,d,dc,5.0,1.0,
2015-16,72,Franchini,CAR,d,dd|cd,1.0,1.0,
2015-16,77,Sarzi,CAR,d,dc,1.0,1.0,
2015-16,89,Sabbione,CAR,c,dc|m,1.0,1.0,
2015-16,91,Loi,CAR,a,a,1.0,1.0,
2015-16,96,Bressan,CHI,p,por,1.0,1.0,
2015-16,102,Edimar,CHI,d,ds|cs,1.0,1.0,
2015-16,106,Mattiello,CHI,d,dd|ds|cd|cs,3.0,1.0,
2015-16,113,Christiansen,CHI,c,cc|t,3.0,1.0,
2015-16,116,Izco,CHI,c,cd|m|cc,7.0,1.0,
2015-16,122,Vajushi,CHI,c,w|a,1.0,1.0,
2015-16,137,Camporese,EMP,d,dc,3.0,1.0,
2015-16,139,Dermaku,EMP,d,dc,1.0,1.0,
2015-16,159,Sepe,FIO,p,por,8.0,1.0,
2015-16,164,Hegazy,FIO,d,dc,1.0,1.0,
2015-16,171,Bakic,FIO,c,m|cc,1.0,1.0,
2015-16,173,Capezzi,FIO,c,m|cc,1.0,1.0,
2015-16,174,Diakhate,FIO,c,cc,1.0,1.0,
2015-16,175,Fazzi,FIO,c,cd|w,1.0,1.0,
2015-16,190,Pigliacelli,FRO,p,por,1.0,1.0,
2015-16,191,Zappino,FRO,p,por,1.0,1.0,
2015-16,192,Bertoncini,FRO,d,dd|dc,1.0,1.0,
2015-16,200,Zanon,FRO,d,dd|cd,1.0,1.0,
2015-16,201,Altobelli,FRO,c,m|cc,1.0,1.0,
2015-16,203,Crescenzi E,FRO,c,m|cc,1.0,1.0,
2015-16,216,Donnarumma An.,GEN,p,por,1.0,1.0,
2015-16,220,Ujkani,GEN,p,por,1.0,1.0,
2015-16,231,Tambe',GEN,d,dd|cd,1.0,1.0,
2015-16,246,Panico,GEN,a,pc,1.0,1.0,
2015-16,248,Berni,INT,p,por,1.0,1.0,
2015-16,249,Carrizo,INT,p,por,1.0,1.0,
2015-16,254,Dimarco,INT,d,ds|cs,1.0,1.0,
2015-16,262,Santon,INT,d,dd|ds|cd|cs,6.0,1.0,
2015-16,263,Vidic,INT,d,dc,5.0,1.0,
2015-16,267,Gnoukouri,INT,c,m|cc,3.0,1.0,
2015-16,279,Longo,FRO,a,pc,5.0,1.0,
2015-16,284,Rubinho,JUV,p,por,1.0,1.0,
2015-16,293,Magnusson,JUV,d,ds|dc,1.0,1.0,
2015-16,317,Guerrieri,LAZ,p,por,1.0,1.0,
2015-16,320,Braafheid,LAZ,d,ds|cs,3.0,1.0,
2015-16,334,Crecco,LAZ,c,cs|cc|t,1.0,1.0,
2015-16,339,Morrison,LAZ,c,cc|t,8.0,1.0,
2015-16,340,Oikonomidis,LAZ,c,w|t,1.0,1.0,
2015-16,348,Rozzi,LAZ,a,pc,1.0,1.0,
2015-16,349,Abbiati,MIL,p,por,1.0,1.0,
2015-16,351,Agazzi,MIL,p,por,1.0,1.0,
2015-16,359,Mexes,MIL,d,dc,7.0,1.0,
2015-16,361,Rodrigo Ely,MIL,d,dc,1.0,1.0,
2015-16,362,Simic S,MIL,d,dc,1.0,1.0,
2015-16,373,Nocerino,MIL,c,m|cc,4.0,1.0,
2015-16,384,Andujar,NAP,p,por,1.0,1.0,
2015-16,385,Gabriel,NAP,p,por,1.0,1.0,
2015-16,386,Rafael Cabral,NAP,p,por,1.0,1.0,
2015-16,391,Henrique A.b.,NAP,d,dd|dc,2.0,1.0,
2015-16,393,Luperto,NAP,d,dc,1.0,1.0,
2015-16,394,Maggio,NAP,d,dd|cd,7.0,1.0,
2015-16,395,Strinic,NAP,d,ds|cs,6.0,1.0,
2015-16,400,Dezi,NAP,c,m|cc,1.0,1.0,
2015-16,415,Daprela',CAR,d,ds|cs,3.0,1.0,
2015-16,426,Velazquez Ja,PAL,d,dc|m,1.0,1.0,
2015-16,429,Bolzoni,PAL,c,m|cc,2.0,1.0,
2015-16,432,Della Rocca,PAL,c,cc,1.0,1.0,
2015-16,436,N'goyi,PAL,c,m|cc,1.0,1.0,
2015-16,442,Bentivegna,PAL,a,a,1.0,1.0,
2015-16,443,Joao Silva,PAL,a,pc,1.0,1.0,
2015-16,451,Lobont,ROM,p,por,1.0,1.0,
2015-16,452,Svedkauskas,ROM,p,por,1.0,1.0,
2015-16,454,Capradossi,ROM,d,dc,1.0,1.0,
2015-16,455,Castan,ROM,d,dc,9.0,1.0,
2015-16,456,Cole,ROM,d,ds|cs,4.0,1.0,
2015-16,461,Torosidis,ROM,d,dd|ds|cd|cs,4.0,1.0,
2015-16,471,Ucan,ROM,c,cc|t,4.0,1.0,
2015-16,479,Sanabria,ROM,a,pc,1.0,1.0,
2015-16,481,Brignoli,SAM,p,por,1.0,1.0,
2015-16,483,Puggioni,SAM,p,por,1.0,1.0,
2015-16,486,Coda,SAM,d,dc,2.0,1.0,
2015-16,488,Mesbah,SAM,d,ds|cs,2.0,1.0,
2015-16,490,Regini,NAP,d,ds|dc|cs,6.0,1.0,
2015-16,491,Salamon,SAM,d,dc,1.0,1.0,
2015-16,496,De Vitis,SAM,c,cc,1.0,1.0,
2015-16,500,Lulic K,SAM,c,cc|w|t,1.0,1.0,
2015-16,501,Marchionni,SAM,c,cc,1.0,1.0,
2015-16,502,Palombo,SAM,c,m|cc,5.0,1.0,
2015-16,508,Oneto,SAM,a,pc,1.0,1.0,
2015-16,510,Pegolo,SAS,p,por,1.0,1.0,
2015-16,511,Perilli,SAS,p,por,1.0,1.0,
2015-16,512,Pomini,SAS,p,por,1.0,1.0,
2015-16,515,Ariaudo,EMP,d,ds|dc,3.0,1.0,
2015-16,517,Dell'orco,SAS,d,ds|cs,1.0,1.0,
2015-16,518,Fontanesi,SAS,d,dd|dc,1.0,1.0,
2015-16,522,Terranova,SAS,d,dc,3.0,1.0,
2015-16,527,Laribi,SAS,c,w|t,4.0,1.0,
2015-16,535,Gliozzi,SAS,a,pc,1.0,1.0,
2015-16,539,Castellazzi,TOR,p,por,1.0,1.0,
2015-16,541,Gomis L,FRO,p,por,1.0,1.0,
2015-16,542,Ichazo,TOR,p,por,1.0,1.0,
2015-16,553,Vesovic,TOR,d,dd|cd,1.0,1.0,
2015-16,561,Stevanovic A.,TOR,c,w|t,1.0,1.0,
2015-16,567,Morra,TOR,a,pc,1.0,1.0,
2015-16,572,Meret,UDI,p,por,1.0,1.0,
2015-16,573,Romo,UDI,p,por,1.0,1.0,
2015-16,574,Scuffet,UDI,p,por,1.0,1.0,
2015-16,584,Neuton,UDI,d,ds|dc,1.0,1.0,
2015-16,591,Guilherme T.,UDI,c,m|cc,5.0,1.0,
2015-16,592,Hallberg,UDI,c,cc|t,1.0,1.0,
2015-16,594,Kone,FIO,c,cc|t,9.0,1.0,
2015-16,595,Lucas Evangelista,UDI,c,w|t,3.0,1.0,
2015-16,596,Merkel,UDI,c,cc|t,2.0,1.0,
2015-16,607,Zapata A,UDI,a,w|a,1.0,1.0,
2015-16,609,Coppola,VER,p,por,1.0,1.0,
2015-16,623,Winck,VER,d,dd|cd,4.0,1.0,
2015-16,632,Zaccagni,VER,c,m|cc,1.0,1.0,
2015-16,633,Fares,VER,a,w|a,1.0,1.0,
2015-16,639,Fedele,CAR,c,m|cc,2.0,1.0,
2015-16,649,Manaj,INT,a,pc,2.0,1.0,
2015-16,654,Alastra,PAL,p,por,1.0,1.0,
2015-16,660,Gyomber,ROM,d,dc,4.0,1.0,
2015-16,661,Iniguez,UDI,c,m|cc,6.0,1.0,
2015-16,670,Insua,UDI,d,ds|cs,3.0,1.0,
2015-16,672,Checchin,VER,c,cc,1.0,1.0,
2015-16,673,Perisan,UDI,p,por,1.0,1.0,
2015-16,711,Chalobah,NAP,c,m|cc,4.0,1.0,
2015-16,719,Federico Gino,CAR,c,m|cc,4.0,1.0,
2015-16,723,Ponce,ROM,a,pc,5.0,1.0,
2015-16,724,Rocca,SAM,c,cc,1.0,1.0,
2015-16,726,Vitale,JUV,c,cc,1.0,1.0,
2015-16,729,Pereira P.,SAM,d,dd|cd,1.0,1.0,
2015-16,730,Krivicic,BOL,c,cc|t,1.0,1.0,
2015-16,731,Ponce A,SAM,a,pc,1.0,1.0,
2015-16,732,Mendez,ROM,a,a,1.0,1.0,
2015-16,733,Bruno Gomes,GEN,a,a,2.0,1.0,
2015-16,734,Matuzalem,VER,c,m|cc,2.0,1.0,
2015-16,758,Mantovani,TOR,d,dc,1.0,1.0,
2015-16,761,Audero,JUV,p,por,1.0,1.0,
2015-16,764,Sadiq,ROM,a,pc,2.0,1.0,
2015-16,770,Pezzella Giu.,PAL,d,dd|ds|cd|cs,1.0,1.0,
2015-16,783,Balogh N.,PAL,a,a,2.0,1.0,
2015-16,796,Gnahore',CAR,c,cc,3.0,1.0,
2015-16,797,Marcone,VER,p,por,1.0,1.0,
2015-16,800,Posavec,PAL,p,por,1.0,1.0,
2015-16,806,Sporkslede,CHI,c,dc|m,1.0,1.0,
2015-16,810,Miranda Rada,CHI,a,pc,2.0,1.0,
2015-16,813,Balic,UDI,c,cc|t,1.0,1.0,
2015-16,818,Livieri,MIL,p,por,1.0,1.0,
2015-16,827,Locatelli,MIL,c,cc,1.0,1.0,
2016-17,647,Dzeko,ROM,a,pc,24.0,37.0,
2016-17,408,Higuain,JUV,a,pc,38.0,34.0,
2016-17,409,Insigne,NAP,a,a,24.0,34.0,
2016-17,410,Mertens,NAP,a,a,15.0,34.0,
2016-17,26,Gomez,ATA,c,w|a,18.0,32.0,
2016-17,441,Belotti,TOR,a,pc,24.0,32.0,
2016-17,785,Immobile,LAZ,a,pc,26.0,31.0,
2016-17,309,Dybala,JUV,a,a,33.0,30.0,
2016-17,277,Icardi,INT,a,pc,31.0,29.0,
2016-17,406,Callejon,NAP,a,w|a,19.0,29.0,
2016-17,646,Salah,ROM,a,a,27.0,29.0,
2016-17,345,Keita B.,LAZ,a,a,14.0,26.0,
2016-17,402,Hamsik,NAP,c,c|t,20.0,26.0,
2016-17,467,Nainggolan,ROM,c,m|c,16.0,23.0,
2016-17,722,Borriello,CAG,a,pc,16.0,23.0,
2016-17,795,El Shaarawy,ROM,a,a,25.0,23.0,
2016-17,568,Quagliarella,SAM,a,pc,19.0,22.0,
2016-17,704,Perisic,INT,c,w|a,17.0,22.0,
2016-17,303,Pogba,JUV,c,c,21.0,21.0,
2016-17,475,Iago Falque,TOR,a,a,19.0,21.0,
2016-17,478,Ljajic,TOR,a,a,19.0,21.0,
2016-17,507,Muriel,SAM,a,pc,17.0,21.0,
2016-17,643,Defrel,SAS,a,a,18.0,21.0,
2016-17,652,Kalinic,FIO,a,pc,22.0,21.0,
2016-17,332,Candreva,INT,c,w,20.0,20.0,
2016-17,608,Zapata D.,UDI,a,pc,21.0,20.0,
2016-17,335,Felipe Anderson,LAZ,c,w|t,17.0,19.0,
2016-17,377,Bacca,MIL,a,pc,27.0,19.0,
2016-17,469,Pjanic,JUV,c,c|t,22.0,19.0,
2016-17,237,Perotti,ROM,c,w|t,16.0,18.0,
2016-17,375,Suso,MIL,c,t|a,13.0,18.0,
2016-17,177,Ilicic,FIO,c,t|a,23.0,17.0,
2016-17,312,Mandzukic,JUV,a,pc,19.0,17.0,
2016-17,315,Zaza,JUV,a,pc,18.0,17.0,
2016-17,470,Strootman,ROM,c,m|c,13.0,17.0,
2016-17,531,Berardi,SAS,a,a,20.0,17.0,
2016-17,537,Sansone,SAS,a,a,17.0,17.0,
2016-17,606,Thereau,UDI,a,a,19.0,17.0,
2016-17,1974,Schick,SAM,a,a,3.0,17.0,
2016-17,11,Conti,ATA,d,dd|e,8.0,16.0,
2016-17,152,Zielinski,NAP,c,c|t,9.0,16.0,
2016-17,472,Destro,BOL,a,pc,20.0,16.0,
2016-17,513,Acerbi,SAS,d,dc,13.0,16.0,
2016-17,532,Falcinelli,CRO,a,pc,6.0,16.0,
2016-17,111,Birsa,CHI,c,t,12.0,15.0,
2016-17,123,Inglese,CHI,a,pc,12.0,15.0,
2016-17,187,Rossi,FIO,a,pc,16.0,15.0,
2016-17,299,Khedira,JUV,c,m|c,16.0,15.0,
2016-17,453,Szczesny,ROM,p,por,14.0,15.0,
2016-17,506,Eder,INT,a,a,12.0,15.0,
2016-17,536,Politano,SAS,a,a,10.0,15.0,
2016-17,556,Baselli,TOR,c,c|t,13.0,15.0,
2016-17,1939,Lapadula,MIL,a,pc,17.0,15.0,
2016-17,172,Borja Valero,FIO,c,c|t,16.0,14.0,
2016-17,184,Bernardeschi,FIO,c,w|a,13.0,14.0,
2016-17,383,Petagna,ATA,a,pc,4.0,14.0,
2016-17,387,Reina,NAP,p,por,14.0,14.0,
2016-17,407,Gabbiadini,NAP,a,a,20.0,14.0,
2016-17,423,Rispoli,PAL,d,dd|e,5.0,14.0,
2016-17,1882,Sau,CAG,a,pc,11.0,14.0,
2016-17,15,Masiello,ATA,d,dd|dc,6.0,13.0,
2016-17,112,Castro,CHI,c,c|w,9.0,13.0,
2016-17,127,Pellissier,CHI,a,pc,5.0,13.0,
2016-17,165,Marcos Alonso,FIO,d,ds|e,13.0,13.0,
2016-17,183,Babacar,FIO,a,pc,11.0,13.0,
2016-17,247,Pavoletti,NAP,a,pc,26.0,13.0,
2016-17,250,Handanovic,INT,p,por,14.0,13.0,
2016-17,282,Buffon,JUV,p,por,18.0,13.0,
2016-17,338,Lulic,LAZ,c,e|c,11.0,13.0,
2016-17,350,Donnarumma G.,MIL,p,por,12.0,13.0,
2016-17,376,Verdi,BOL,c,t|a,12.0,13.0,
2016-17,382,Niang,MIL,a,a,18.0,13.0,
2016-17,509,Consigli,SAS,p,por,12.0,13.0,
2016-17,713,Dzemaili,BOL,c,c,9.0,13.0,
2016-17,788,Freuler,ATA,c,c|t,4.0,13.0,
2016-17,1847,Caldara,ATA,d,dc,1.0,13.0,
2016-17,1879,Farias,CAG,a,a,15.0,13.0,
2016-17,1889,Cordaz,CRO,p,por,6.0,13.0,
2016-17,1929,Banega,INT,c,c|t,14.0,13.0,
2016-17,1958,Caprari,PES,a,a,15.0,13.0,
2016-17,2012,Milik,NAP,a,pc,23.0,13.0,
2016-17,2016,Fazio,ROM,d,dc,8.0,13.0,
2016-17,2078,Joao Mario N.,INT,c,c|w|t,17.0,13.0,
2016-17,146,Croce,EMP,c,m|c,5.0,12.0,
2016-17,286,Bonucci,JUV,d,dc,14.0,12.0,
2016-17,392,Koulibaly,NAP,d,dc,11.0,12.0,
2016-17,397,Allan,NAP,c,m|c,16.0,12.0,
2016-17,463,De Rossi,ROM,c,m|c,9.0,12.0,
2016-17,530,Pellegrini Lo.,SAS,c,m|c,8.0,12.0,
2016-17,590,Bruno Fernandes,SAM,c,c|t,12.0,12.0,
2016-17,645,Milinkovic-Savic,LAZ,c,c|t,6.0,12.0,
2016-17,662,Alex Sandro,JUV,d,ds|e,15.0,12.0,
2016-17,697,Cuadrado,JUV,c,w,15.0,12.0,
2016-17,1850,Kessie',ATA,c,m|c,8.0,12.0,
2016-17,1874,Joao Pedro,CAG,c,t,11.0,12.0,
2016-17,1943,Nestorovski,PAL,a,pc,11.0,12.0,
2016-17,2061,Simeone,GEN,a,pc,10.0,12.0,
2016-17,2119,Deulofeu,MIL,a,w|a,8.0,12.0,
2016-17,28,Kurtic,ATA,c,c,9.0,11.0,
2016-17,150,Saponara,FIO,c,t,17.0,11.0,
2016-17,181,Vecino,FIO,c,m|c,9.0,11.0,
2016-17,236,Lazovic,GEN,c,w|a,9.0,11.0,
2016-17,322,De Vrij,LAZ,d,dc,10.0,11.0,
2016-17,331,Biglia,LAZ,c,m|c,13.0,11.0,
2016-17,342,Parolo,LAZ,c,c,11.0,11.0,
2016-17,367,Bonaventura,MIL,c,c|w|t,16.0,11.0,
2016-17,794,Tello C.,FIO,c,w|a,11.0,11.0,
2016-17,1852,Spinazzola,ATA,c,e|w,6.0,11.0,
2016-17,1895,Ferrari G.,CRO,d,dc,5.0,11.0,
2016-17,133,Skorupski,EMP,p,por,9.0,10.0,
2016-17,153,Maccarone,EMP,a,pc,15.0,10.0,
2016-17,166,Pasqual,EMP,d,ds|e,7.0,10.0,
2016-17,235,Laxalt,GEN,c,e,10.0,10.0,
2016-17,300,Marchisio,JUV,c,m|c,12.0,10.0,
2016-17,316,Berisha,ATA,p,por,8.0,10.0,
2016-17,380,Matri,SAS,a,pc,10.0,10.0,
2016-17,404,Jorginho,NAP,c,m|c,11.0,10.0,
2016-17,428,Benali,PES,c,c|t,9.0,10.0,
2016-17,459,Manolas,ROM,d,dc,11.0,10.0,
2016-17,492,Silvestre,SAM,d,dc,6.0,10.0,
2016-17,546,Bruno Peres,ROM,d,dd|e,13.0,10.0,
2016-17,589,Badu,UDI,c,m|c,9.0,10.0,
2016-17,605,Perica,UDI,a,pc,7.0,10.0,
2016-17,695,Toloi,ATA,d,dc,7.0,10.0,
2016-17,779,Cristante,ATA,c,m|c,5.0,10.0,
2016-17,784,Diamanti,PAL,c,t|a,13.0,10.0,
2016-17,1857,Di Francesco F.,BOL,c,w|t|a,7.0,10.0,
2016-17,1987,Jankto,UDI,c,e|c,3.0,10.0,
2016-17,2008,Linetty,SAM,c,c|t,7.0,10.0,
2016-17,2077,Pasalic,MIL,c,c|t,7.0,10.0,
2016-17,140,Hysaj,NAP,d,dd|ds|e,9.0,9.0,
2016-17,170,Badelj,FIO,c,m|c,8.0,9.0,
2016-17,253,D'ambrosio,INT,d,dd|ds|e,7.0,9.0,
2016-17,265,Brozovic,INT,c,c|t,11.0,9.0,
2016-17,275,Taider,BOL,c,c|t,7.0,9.0,
2016-17,278,Jovetic,INT,a,a,17.0,9.0,
2016-17,388,Albiol,NAP,d,dc,9.0,9.0,
2016-17,390,Ghoulam,NAP,d,ds|e,9.0,9.0,
2016-17,401,El Kaddouri,EMP,c,c|t,5.0,9.0,
2016-17,417,Emerson P.,ROM,d,ds|e,3.0,9.0,
2016-17,437,Quaison,PAL,c,c|t,7.0,9.0,
2016-17,468,Paredes,ROM,c,c|t,9.0,9.0,
2016-17,494,Barreto,SAM,c,m|c,5.0,9.0,
2016-17,554,Zappacosta,TOR,d,dd|e,6.0,9.0,
2016-17,557,Benassi,TOR,c,c,9.0,9.0,
2016-17,588,Widmer,UDI,d,dd|e,10.0,9.0,
2016-17,627,Ionita,CAG,c,c|t,8.0,9.0,
2016-17,789,Trotta,CRO,a,pc,4.0,9.0,
2016-17,801,Gagliardini,INT,c,c,1.0,9.0,
2016-17,1858,Krejci,BOL,c,w,11.0,9.0,
2016-17,1891,Ceccherini,CRO,d,dd|dc,5.0,9.0,
2016-17,1923,Ocampos,MIL,c,w|a,14.0,9.0,
2016-17,1972,Torreira,SAM,c,m|c,3.0,9.0,
2016-17,1986,Fofana,UDI,c,m|c,6.0,9.0,
2016-17,1996,De Paul,UDI,c,c|w|t,8.0,9.0,
2016-17,2014,Rohden,CRO,c,e|m,5.0,9.0,
2016-17,2065,Praet,SAM,c,t|a,12.0,9.0,
2016-17,2068,Bahebeck,PES,a,a,9.0,9.0,
2016-17,41,Mirante,BOL,p,por,10.0,8.0,
2016-17,121,Stoian,CRO,c,w|a,5.0,8.0,
2016-17,124,Meggiorini,CHI,a,a,13.0,8.0,
2016-17,160,Tatarusanu,FIO,p,por,12.0,8.0,
2016-17,241,Tachtsidis,CAG,c,m|c,4.0,8.0,
2016-17,257,Miranda,INT,d,dc,11.0,8.0,
2016-17,270,Kondogbia,INT,c,m|c,9.0,8.0,
2016-17,288,Chiellini,JUV,d,ds|dc,13.0,8.0,
2016-17,291,Isla,CAG,d,e|m,5.0,8.0,
2016-17,292,Lichtsteiner,JUV,d,dd|e,10.0,8.0,
2016-17,302,Pereyra,JUV,c,c|t,8.0,8.0,
2016-17,319,Basta,LAZ,d,dd|e,5.0,8.0,
2016-17,413,Sorrentino,CHI,p,por,10.0,8.0,
2016-17,460,Romagnoli,MIL,d,dc,9.0,8.0,
2016-17,484,Viviano,SAM,p,por,11.0,8.0,
2016-17,552,Moretti,TOR,d,ds|dc,6.0,8.0,
2016-17,570,Karnezis,UDI,p,por,9.0,8.0,
2016-17,578,Danilo Lar.,UDI,d,dc,7.0,8.0,
2016-17,611,Rafael,CAG,p,por,1.0,8.0,
2016-17,642,Astori,FIO,d,dc,8.0,8.0,
2016-17,656,Rudiger,ROM,d,dc,6.0,8.0,
2016-17,792,Zarate,FIO,a,a,11.0,8.0,
2016-17,1896,Martella,CRO,d,ds|e,6.0,8.0,
2016-17,1901,Barberis,CRO,c,m|c,2.0,8.0,
2016-17,1906,Nalini,CRO,a,w|a,3.0,8.0,
2016-17,1909,Palladino,GEN,a,a,8.0,8.0,
2016-17,1931,Benatia,JUV,d,dc,12.0,8.0,
2016-17,1952,Zampano,PES,d,dd|ds|e,6.0,8.0,
2016-17,1955,Memushaj,PES,c,c,11.0,8.0,
2016-17,1981,Boye',TOR,a,pc,3.0,8.0,
2016-17,2079,Bruno Henrique,PAL,c,m|c,8.0,8.0,
2016-17,2082,Barbosa,INT,a,a,18.0,8.0,
2016-17,2086,Iemmello,SAS,a,pc,7.0,8.0,
2016-17,148,Krunic,EMP,c,c|t,4.0,7.0,
2016-17,156,Pucciarelli,EMP,a,t|a,12.0,7.0,
2016-17,167,Rodriguez Go,FIO,d,dc,14.0,7.0,
2016-17,176,Fernandez M,MIL,c,c|t,7.0,7.0,
2016-17,198,Rosi,CRO,d,dd|e,3.0,7.0,
2016-17,217,Lamanna,GEN,p,por,2.0,7.0,
2016-17,234,Kucka,MIL,c,m|c,10.0,7.0,
2016-17,245,Pandev,GEN,a,a,3.0,7.0,
2016-17,285,Barzagli,JUV,d,dc,10.0,7.0,
2016-17,295,Asamoah,JUV,c,e|c,6.0,7.0,
2016-17,360,Paletta,MIL,d,dc,6.0,7.0,
2016-17,431,Chochev,PAL,c,m|c,4.0,7.0,
2016-17,438,Rigoni L,GEN,c,m|c,9.0,7.0,
2016-17,480,Totti,ROM,a,pc,13.0,7.0,
2016-17,526,Duncan,SAS,c,m|c,9.0,7.0,
2016-17,626,Hallfredsson,UDI,c,e|c,7.0,7.0,
2016-17,649,Manaj,PES,a,pc,11.0,7.0,
2016-17,708,Felipe,UDI,d,dc,6.0,7.0,
2016-17,775,Alvarez R,SAM,c,t|a,12.0,7.0,
2016-17,798,Skriniar,SAM,d,dc,4.0,7.0,
2016-17,1869,Pisacane,CAG,d,dd|dc,2.0,7.0,
2016-17,1932,Dani Alves,JUV,d,dd|e,12.0,7.0,
2016-17,1979,Barreca,TOR,d,ds|e,1.0,7.0,
2016-17,2002,Chiesa,FIO,a,a,1.0,7.0,
2016-17,2011,Miguel Veloso,GEN,c,m|c,10.0,7.0,
2016-17,2073,Ragusa,SAS,a,a,8.0,7.0,
2016-17,21,D'alessandro,ATA,c,w,9.0,6.0,
2016-17,48,Maietta,BOL,d,dc,5.0,6.0,
2016-17,54,Rossettini,TOR,d,dd|dc,6.0,6.0,
2016-17,57,Crisetig,CRO,c,m|c,3.0,6.0,
2016-17,58,Diawara,NAP,c,m|c,5.0,6.0,
2016-17,99,Cacciatore,CHI,d,dd|ds|e,6.0,6.0,
2016-17,105,Gobbi,CHI,d,ds|e,5.0,6.0,
2016-17,126,Paloschi,ATA,a,pc,21.0,6.0,
2016-17,138,Costa,EMP,d,ds|dc,6.0,6.0,
2016-17,154,Mchedlidze,EMP,a,pc,3.0,6.0,
2016-17,238,Rincon,JUV,c,e|m,12.0,6.0,
2016-17,272,Medel,INT,c,m|c,7.0,6.0,
2016-17,294,Rugani,JUV,d,dc,5.0,6.0,
2016-17,324,Hoedt,LAZ,d,dc,3.0,6.0,
2016-17,399,De Guzman,CHI,c,c|t,3.0,6.0,
2016-17,418,Goldaniga,PAL,d,dc,6.0,6.0,
2016-17,430,Brugman,PES,c,m|c,5.0,6.0,
2016-17,433,Hiljemark,GEN,c,c,9.0,6.0,
2016-17,461,Torosidis,BOL,d,dd|ds,3.0,6.0,
2016-17,464,Florenzi,ROM,d,e|c|w,17.0,6.0,
2016-17,477,Iturbe,TOR,a,a,8.0,6.0,
2016-17,487,De Silvestri,TOR,d,dd|e,10.0,6.0,
2016-17,490,Regini,SAM,d,ds|dc|e,3.0,6.0,
2016-17,521,Peluso,SAS,d,ds|dc|e,7.0,6.0,
2016-17,555,Acquah,TOR,c,m|c,7.0,6.0,
2016-17,600,Verre,PES,c,c,8.0,6.0,
2016-17,631,Viviani,BOL,c,m|c,7.0,6.0,
2016-17,663,Krafth,BOL,d,dd|e,1.0,6.0,
2016-17,712,Lemina,JUV,c,m|c,8.0,6.0,
2016-17,780,Cionek,PAL,d,dc,3.0,6.0,
2016-17,790,Samir,UDI,d,dc,1.0,6.0,
2016-17,1868,Murru,CAG,d,ds|e,6.0,6.0,
2016-17,1870,Barella,CAG,c,c|t,3.0,6.0,
2016-17,1873,Di Gennaro D,CAG,c,c,7.0,6.0,
2016-17,1978,Sensi,SAS,c,m|c,5.0,6.0,
2016-17,1997,Simy,CRO,a,pc,7.0,6.0,
2016-17,1999,Lukaku J.,LAZ,d,ds|e,5.0,6.0,
2016-17,2006,Lirola,SAS,d,dd|e,3.0,6.0,
2016-17,2051,Aleesami,PAL,d,ds|e,5.0,6.0,
2016-17,2074,Aquilani,SAS,c,c|t,9.0,6.0,
2016-17,2081,Kums,UDI,c,c,8.0,6.0,
2016-17,2084,Hart,TOR,p,por,11.0,6.0,
2016-17,2085,Luis Alberto,LAZ,a,t|a,13.0,6.0,
2016-17,2112,Thiam,EMP,a,a,4.0,6.0,
2016-17,2126,Grenier,ROM,c,c|t,8.0,6.0,
2016-17,27,Grassi,ATA,c,c,4.0,5.0,
2016-17,47,Gastaldello,BOL,d,dc,7.0,5.0,
2016-17,49,Masina,BOL,d,ds|e,8.0,5.0,
2016-17,104,Gamberini,CHI,d,dc,6.0,5.0,
2016-17,116,Izco,CHI,c,e|m,5.0,5.0,
2016-17,118,Radovanovic,CHI,c,m|c,5.0,5.0,
2016-17,141,Laurini,EMP,d,dd|e,5.0,5.0,
2016-17,147,Diousse',EMP,c,m|c,5.0,5.0,
2016-17,222,Burdisso,GEN,d,dc,6.0,5.0,
2016-17,226,Izzo,GEN,d,dd|dc,6.0,5.0,
2016-17,251,Andreolli,INT,d,dc,3.0,5.0,
2016-17,256,Juan Jesus,ROM,d,ds|dc,8.0,5.0,
2016-17,301,Padoin,CAG,c,e|m,6.0,5.0,
2016-17,305,Sturaro,JUV,c,m|c,7.0,5.0,
2016-17,318,Marchetti,LAZ,p,por,5.0,5.0,
2016-17,329,Radu,LAZ,d,ds|dc,5.0,5.0,
2016-17,333,Cataldi,GEN,c,m|c,6.0,5.0,
2016-17,358,De Sciglio,MIL,d,dd|ds|e,7.0,5.0,
2016-17,365,Zapata C.,MIL,d,dc,5.0,5.0,
2016-17,366,Bertolacci,MIL,c,c|t,9.0,5.0,
2016-17,379,Luiz Adriano,MIL,a,pc,10.0,5.0,
2016-17,405,Valdifiori,TOR,c,m|c,5.0,5.0,
2016-17,414,Andelkovic,PAL,d,dc,3.0,5.0,
2016-17,420,Lazaar,PAL,d,ds|e,6.0,5.0,
2016-17,516,Cannavaro,SAS,d,dc,7.0,5.0,
2016-17,528,Magnanelli,SAS,c,m|c,8.0,5.0,
2016-17,529,Missiroli,SAS,c,c|t,10.0,5.0,
2016-17,534,Floro Flores,CHI,a,a,9.0,5.0,
2016-17,540,Gomis A.,BOL,p,por,11.0,5.0,
2016-17,566,Maxi Lopez,TOR,a,pc,5.0,5.0,
2016-17,580,Edenilson,GEN,d,e,4.0,5.0,
2016-17,640,Chiriches,NAP,d,dd|dc,4.0,5.0,
2016-17,641,Ntcham,GEN,c,c|t,6.0,5.0,
2016-17,655,Capel,GEN,c,w,5.0,5.0,
2016-17,669,Donsah,BOL,c,m|c,6.0,5.0,
2016-17,698,Gilardino,PES,a,pc,17.0,5.0,
2016-17,706,Ansaldi,INT,d,dd|ds|e,10.0,5.0,
2016-17,827,Locatelli,MIL,c,m|c,1.0,5.0,
2016-17,1864,Bruno Alves,CAG,d,dc,6.0,5.0,
2016-17,1898,Sampirisi,CRO,d,dd|dc|e,4.0,5.0,
2016-17,1912,Bellusci,EMP,d,dc,5.0,5.0,
2016-17,1934,Strakosha,LAZ,p,por,1.0,5.0,
2016-17,1941,Fulignati,PAL,p,por,1.0,5.0,
2016-17,1956,Mitrita,PES,c,t|a,2.0,5.0,
2016-17,1984,Angella,UDI,d,dc,4.0,5.0,
2016-17,1990,Penaranda,UDI,a,a,10.0,5.0,
2016-17,1998,Pjaca,JUV,a,a,17.0,5.0,
2016-17,2007,Wallace,LAZ,d,dc,8.0,5.0,
2016-17,2058,Sanchez C,FIO,c,m|c,5.0,5.0,
2016-17,2060,Milic,FIO,d,ds|e,4.0,5.0,
2016-17,2066,Muric R.,PES,c,t|a,5.0,5.0,
2016-17,2072,Bastien,CHI,c,c|t,5.0,5.0,
2016-17,2076,Rog,NAP,c,c|t,8.0,5.0,
2016-17,2104,Bereszynski,SAM,d,dd|e,4.0,5.0,
2016-17,2111,Taarabt,GEN,c,t|a,9.0,5.0,
2016-17,37,Marilungo,EMP,a,a,8.0,4.0,
2016-17,40,Da Costa,BOL,p,por,1.0,4.0,
2016-17,50,Mbaye,BOL,d,dd|e,4.0,4.0,
2016-17,78,Spolli,CHI,d,dc,3.0,4.0,
2016-17,100,Cesar,CHI,d,dc,5.0,4.0,
2016-17,101,Dainelli,CHI,d,dc,3.0,4.0,
2016-17,115,Hetemaj,CHI,c,e|m,7.0,4.0,
2016-17,173,Capezzi,CRO,c,m|c,7.0,4.0,
2016-17,218,Perin,GEN,p,por,10.0,4.0,
2016-17,243,Gakpe',CHI,c,w|a,6.0,4.0,
2016-17,252,Biraghi,PES,d,ds|e,5.0,4.0,
2016-17,259,Murillo,INT,d,dc,10.0,4.0,
2016-17,262,Santon,INT,d,dd|ds|e,3.0,4.0,
2016-17,269,Hernanes,JUV,c,c|t,5.0,4.0,
2016-17,280,Palacio,INT,a,a,8.0,4.0,
2016-17,290,Evra,JUV,d,ds|e,7.0,4.0,
2016-17,306,Cerri,PES,a,pc,2.0,4.0,
2016-17,323,Gentiletti,GEN,d,dc,5.0,4.0,
2016-17,353,Abate,MIL,d,dd|e,9.0,4.0,
2016-17,357,Calabria,MIL,d,dd|e,3.0,4.0,
2016-17,369,Honda,MIL,c,t|a,8.0,4.0,
2016-17,395,Strinic,NAP,d,ds|e,3.0,4.0,
2016-17,483,Puggioni,SAM,p,por,1.0,4.0,
2016-17,493,Zukanovic,ATA,d,ds|dc,7.0,4.0,
2016-17,559,Gazzi,PAL,c,m|c,4.0,4.0,
2016-17,560,Obi,TOR,c,e|c,4.0,4.0,
2016-17,565,Martinez,TOR,a,a,4.0,4.0,
2016-17,610,Gollini,ATA,p,por,1.0,4.0,
2016-17,648,Cassano,SAM,a,a,10.0,4.0,
2016-17,700,Tonev,CRO,c,w,7.0,4.0,
2016-17,702,Giaccherini,NAP,c,c|w|t,9.0,4.0,
2016-17,813,Balic,UDI,c,c|t,2.0,4.0,
2016-17,1859,Nagy,BOL,c,m|c,6.0,4.0,
2016-17,1902,Di Roberto,CRO,c,e|w,5.0,4.0,
2016-17,1938,Vangioni,MIL,d,ds|e,3.0,4.0,
2016-17,1947,Fiorillo,PES,p,por,1.0,4.0,
2016-17,1948,Campagnaro,PES,d,dd|dc,5.0,4.0,
2016-17,1976,Mazzitelli,SAS,c,m|c,1.0,4.0,
2016-17,1995,Djuricic,SAM,c,t|a,3.0,4.0,
2016-17,2003,Murgia,LAZ,c,c,1.0,4.0,
2016-17,2063,Jose' Sosa,MIL,c,t,10.0,4.0,
2016-17,2083,Biraschi,GEN,d,dd|dc,3.0,4.0,
2016-17,2087,Olivera M.,FIO,d,ds|e,8.0,4.0,
2016-17,2116,Farago',CAG,c,c|w,4.0,4.0,
2016-17,2123,Muntari,PES,c,m|c,5.0,4.0,
2016-17,2124,Zajc,EMP,c,c|t,3.0,4.0,
2016-17,39,Pinilla,GEN,a,pc,10.0,3.0,
2016-17,92,Matos,UDI,a,a,6.0,3.0,
2016-17,103,Frey,CHI,d,dd|ds,3.0,3.0,
2016-17,169,Tomovic,FIO,d,dd|dc,5.0,3.0,
2016-17,182,Acosty,CRO,a,a,3.0,3.0,
2016-17,232,Cofie,GEN,c,m|c,3.0,3.0,
2016-17,260,Nagatomo,INT,d,dd|ds|e,5.0,3.0,
2016-17,283,Neto,JUV,p,por,1.0,3.0,
2016-17,327,Patric,LAZ,d,dd|e,4.0,3.0,
2016-17,334,Crecco,LAZ,c,e|c,2.0,3.0,
2016-17,344,Djordjevic,LAZ,a,pc,11.0,3.0,
2016-17,356,Antonelli,MIL,d,ds|e,11.0,3.0,
2016-17,372,Montolivo,MIL,c,m|c,6.0,3.0,
2016-17,398,David Lopez,NAP,c,m|c,4.0,3.0,
2016-17,419,Gonzalez G,PAL,d,dc,5.0,3.0,
2016-17,424,Struna,PAL,d,dd|dc|e,4.0,3.0,
2016-17,434,Jajalo,PAL,c,m|c,5.0,3.0,
2016-17,448,Trajkovski,PAL,a,a,8.0,3.0,
2016-17,476,Ibarbo,CAG,a,a,5.0,3.0,
2016-17,491,Salamon,CAG,d,dc,4.0,3.0,
2016-17,517,Dell'orco,SAS,d,ds|dc,2.0,3.0,
2016-17,519,Gazzola,SAS,d,dd|e,5.0,3.0,
2016-17,524,Biondini,SAS,c,m|c,4.0,3.0,
2016-17,533,Floccari,BOL,a,pc,7.0,3.0,
2016-17,545,Bovo,PES,d,dc,3.0,3.0,
2016-17,551,Molinaro,TOR,d,ds|e,3.0,3.0,
2016-17,594,Kone,UDI,c,c|t,7.0,3.0,
2016-17,644,Pulgar,BOL,c,m|c,2.0,3.0,
2016-17,703,Mounier,ATA,c,w|a,12.0,3.0,
2016-17,705,Vainqueur,ROM,c,m|c,4.0,3.0,
2016-17,729,Pereira P.,SAM,d,dd|e,2.0,3.0,
2016-17,809,Ninkovic,GEN,c,t|a,1.0,3.0,
2016-17,1872,Dessena,CAG,c,e|m,6.0,3.0,
2016-17,1880,Giannetti,CAG,a,pc,4.0,3.0,
2016-17,1881,Melchiorri,CAG,a,pc,6.0,3.0,
2016-17,1905,Mazzarani,CRO,c,t|a,4.0,3.0,
2016-17,1927,Erkin,INT,d,ds|e,4.0,3.0,
2016-17,1949,Fornasier,PES,d,dc,4.0,3.0,
2016-17,1954,Bruno,PES,c,m|c,2.0,3.0,
2016-17,1973,Budimir,SAM,a,pc,10.0,3.0,
2016-17,2013,Ricci F.,SAS,a,a,6.0,3.0,
2016-17,2052,Gomez G,MIL,d,dc,8.0,3.0,
2016-17,2064,Veseli,EMP,d,dd|ds|dc,4.0,3.0,
2016-17,2070,Pettinari,PES,a,pc,3.0,3.0,
2016-17,2075,Cristoforo,FIO,c,m|c,4.0,3.0,
2016-17,2097,Kean,JUV,a,pc,1.0,3.0,
2016-17,2100,Okwonkwo,BOL,c,w|a,1.0,3.0,
2016-17,2114,Petkovic,BOL,a,pc,4.0,3.0,
2016-17,16,Raimondi,ATA,d,e,2.0,2.0,
2016-17,52,Oikonomou,BOL,d,dc,5.0,2.0,
2016-17,55,Brienza,BOL,c,t|a,3.0,2.0,
2016-17,60,Rizzo,BOL,c,e|c,3.0,2.0,
2016-17,97,Seculin,CHI,p,por,1.0,2.0,
2016-17,119,Rigoni N,CHI,c,m|c,5.0,2.0,
2016-17,125,Mpoku,CHI,a,a,3.0,2.0,
2016-17,134,Barba,EMP,d,dc,4.0,2.0,
2016-17,144,Tonelli,NAP,d,dc,6.0,2.0,
2016-17,197,Pavlovic D.,SAM,d,ds|e,5.0,2.0,
2016-17,224,De Maio,FIO,d,dc,6.0,2.0,
2016-17,254,Dimarco,EMP,d,ds|e,3.0,2.0,
2016-17,297,Buchel,EMP,c,c,6.0,2.0,
2016-17,337,Kishna,LAZ,c,w|a,5.0,2.0,
2016-17,371,Mauri J,EMP,c,m|c,2.0,2.0,
2016-17,455,Castan,TOR,d,dc,7.0,2.0,
2016-17,498,Ivan,SAM,c,c|t,3.0,2.0,
2016-17,502,Palombo,SAM,c,m|c,4.0,2.0,
2016-17,514,Antei,SAS,d,dd|dc,2.0,2.0,
2016-17,515,Ariaudo,SAS,d,ds|dc,2.0,2.0,
2016-17,527,Laribi,SAS,c,c|w|t,3.0,2.0,
2016-17,544,Avelar,TOR,d,ds|e,7.0,2.0,
2016-17,547,Gaston Silva,TOR,d,ds|dc|e,2.0,2.0,
2016-17,549,Jansson,TOR,d,dc,2.0,2.0,
2016-17,550,Maksimovic,NAP,d,dd|dc,8.0,2.0,
2016-17,574,Scuffet,UDI,p,por,1.0,2.0,
2016-17,575,Adnan,UDI,d,ds|e,5.0,2.0,
2016-17,583,Heurtaux,UDI,d,dc,7.0,2.0,
2016-17,595,Lucas Evangelista,UDI,c,w|t,1.0,2.0,
2016-17,615,Helander,BOL,d,dc,3.0,2.0,
2016-17,630,Sala,SAM,c,e|c,4.0,2.0,
2016-17,660,Gyomber,PES,d,dc,2.0,2.0,
2016-17,661,Iniguez,UDI,c,m|c,2.0,2.0,
2016-17,699,Carbonero,SAM,c,c|t,7.0,2.0,
2016-17,717,Felipe Melo,INT,c,m|c,4.0,2.0,
2016-17,783,Balogh N.,PAL,a,pc,3.0,2.0,
2016-17,787,Djimsiti,ATA,d,dd|ds|dc,3.0,2.0,
2016-17,802,Armero,UDI,d,ds|e,6.0,2.0,
2016-17,824,Adjapong,SAS,d,dd|e,1.0,2.0,
2016-17,1866,Ceppitelli,CAG,d,dc,5.0,2.0,
2016-17,1907,Salzano,CRO,c,m|c,4.0,2.0,
2016-17,1922,Renzetti,GEN,d,ds|e,3.0,2.0,
2016-17,1942,Embalo,PAL,c,w|a,9.0,2.0,
2016-17,1953,Zuparic,PES,d,dc,2.0,2.0,
2016-17,1988,Ewandro,UDI,a,a,3.0,2.0,
2016-17,1989,Harbaoui,UDI,a,pc,3.0,2.0,
2016-17,2010,Sallai,PAL,a,t|a,4.0,2.0,
2016-17,2015,Letschert,SAS,d,dd|dc,6.0,2.0,
2016-17,2037,Miangue,CAG,d,ds|dc,1.0,2.0,
2016-17,2040,Lombardi,LAZ,a,a,2.0,2.0,
2016-17,2057,Gustafson,TOR,c,c|t,4.0,2.0,
2016-17,2062,Bastos,LAZ,d,dc,6.0,2.0,
2016-17,2067,Salcedo,FIO,d,dc,6.0,2.0,
2016-17,2118,Sunjic,PAL,d,dc,4.0,2.0,
2016-17,2120,Bastoni,ATA,d,dc,2.0,2.0,
2016-17,2141,Depaoli,CHI,c,e|c,1.0,2.0,
2016-17,2146,Han,CAG,a,pc,1.0,2.0,
2016-17,1,Bassi,ATA,p,por,1.0,1.0,
2016-17,4,Sportiello,FIO,p,por,10.0,1.0,
2016-17,8,Brivio,GEN,d,ds|e,3.0,1.0,
2016-17,10,Cherubin,BOL,d,dc,2.0,1.0,
2016-17,13,Drame',ATA,d,ds|e,7.0,1.0,
2016-17,17,Stendardo,PES,d,dc,2.0,1.0,
2016-17,18,Suagher,ATA,d,dc,1.0,1.0,
2016-17,19,Carmona C.,ATA,c,m|c,6.0,1.0,
2016-17,20,Cigarini,SAM,c,m|c,11.0,1.0,
2016-17,29,Migliaccio,ATA,c,m|c,2.0,1.0,
2016-17,42,Sarr M.,BOL,p,por,1.0,1.0,
2016-17,45,Ferrari A.,BOL,d,dd|dc,2.0,1.0,
2016-17,51,Morleo,BOL,d,ds|e,2.0,1.0,
2016-17,62,Acquafresca,BOL,a,pc,1.0,1.0,
2016-17,71,Bubnjic,UDI,d,dc,2.0,1.0,
2016-17,84,Marrone,JUV,c,m|c,2.0,1.0,
2016-17,95,Bizzarri,PES,p,por,7.0,1.0,
2016-17,96,Bressan,CHI,p,por,1.0,1.0,
2016-17,106,Mattiello,JUV,d,dd|ds|e,1.0,1.0,
2016-17,108,Sardo,CHI,d,dd|e,1.0,1.0,
2016-17,131,Pelagotti,EMP,p,por,2.0,1.0,
2016-17,132,Pugliesi,EMP,p,por,1.0,1.0,
2016-17,135,Bittante,CAG,d,dd|ds|e,2.0,1.0,
2016-17,142,Mario Rui,ROM,d,ds|e,5.0,1.0,
2016-17,158,Lezzerini,FIO,p,por,1.0,1.0,
2016-17,159,Sepe,NAP,p,por,1.0,1.0,
2016-17,161,Bagadur,FIO,d,dd|dc,1.0,1.0,
2016-17,163,Gilberto,FIO,c,dd|e,2.0,1.0,
2016-17,174,Diakhate,FIO,c,m|c,1.0,1.0,
2016-17,175,Fazzi,CRO,c,e|c|w,3.0,1.0,
2016-17,190,Pigliacelli,PES,p,por,1.0,1.0,
2016-17,223,Cissokho,GEN,d,dd|e,2.0,1.0,
2016-17,227,Marchese,GEN,d,ds|dc,2.0,1.0,
2016-17,248,Berni,INT,p,por,1.0,1.0,
2016-17,249,Carrizo,INT,p,por,1.0,1.0,
2016-17,255,Dodo' R.,SAM,d,ds|e,3.0,1.0,
2016-17,261,Ranocchia,INT,d,dc,4.0,1.0,
2016-17,267,Gnoukouri,UDI,c,m|c,2.0,1.0,
2016-17,276,Biabiany,INT,c,w,6.0,1.0,
2016-17,284,Rubinho,GEN,p,por,1.0,1.0,
2016-17,296,Bouy,PAL,c,m|c,3.0,1.0,
2016-17,325,Konko,ATA,d,dd|e,4.0,1.0,
2016-17,326,Mauricio N.,LAZ,d,dc,2.0,1.0,
2016-17,339,Morrison,LAZ,c,c|t,2.0,1.0,
2016-17,340,Oikonomidis,LAZ,c,w|t,2.0,1.0,
2016-17,352,Diego Lopez,MIL,p,por,1.0,1.0,
2016-17,361,Rodrigo Ely,MIL,d,dc,1.0,1.0,
2016-17,374,Poli,MIL,c,c,3.0,1.0,
2016-17,385,Gabriel,CAG,p,por,1.0,1.0,
2016-17,386,Rafael Cabral,NAP,p,por,1.0,1.0,
2016-17,393,Luperto,NAP,d,dc,1.0,1.0,
2016-17,394,Maggio,NAP,d,dd|e,2.0,1.0,
2016-17,427,Vitiello,PAL,d,dd|dc,3.0,1.0,
2016-17,442,Bentivegna,PAL,a,w|a,2.0,1.0,
2016-17,451,Lobont,ROM,p,por,1.0,1.0,
2016-17,457,Crescenzi,PES,d,dd|ds|e,3.0,1.0,
2016-17,486,Coda,PES,d,dc,1.0,1.0,
2016-17,488,Mesbah,CRO,d,ds|e,2.0,1.0,
2016-17,510,Pegolo,SAS,p,por,1.0,1.0,
2016-17,512,Pomini,SAS,p,por,1.0,1.0,
2016-17,518,Fontanesi,SAS,d,dd|dc,1.0,1.0,
2016-17,522,Terranova,SAS,d,dc,2.0,1.0,
2016-17,542,Ichazo,TOR,p,por,1.0,1.0,
2016-17,543,Padelli,TOR,p,por,2.0,1.0,
2016-17,563,Vives,TOR,c,m|c,5.0,1.0,
2016-17,581,Faraoni,UDI,d,dd|e,1.0,1.0,
2016-17,582,Gabriel Silva,UDI,d,ds|e,2.0,1.0,
2016-17,587,Wague,UDI,d,dc,3.0,1.0,
2016-17,601,Aguirre,UDI,a,pc,1.0,1.0,
2016-17,650,Pepe S.,PES,c,w|a,4.0,1.0,
2016-17,651,Maiello,EMP,c,m|c,2.0,1.0,
2016-17,653,Zambelli,EMP,d,dd|e,2.0,1.0,
2016-17,673,Perisan,UDI,p,por,1.0,1.0,
2016-17,709,Cosic,EMP,d,dc,4.0,1.0,
2016-17,714,Morganella,PAL,d,dd|e,3.0,1.0,
2016-17,755,Lodi,UDI,c,c,6.0,1.0,
2016-17,761,Audero,JUV,p,por,1.0,1.0,
2016-17,764,Sadiq,BOL,a,pc,3.0,1.0,
2016-17,765,Ajeti,TOR,d,dd|dc,5.0,1.0,
2016-17,770,Pezzella Giu.,PAL,d,dd|ds|e,3.0,1.0,
2016-17,796,Gnahore',CRO,c,c,2.0,1.0,
2016-17,800,Posavec,PAL,p,por,6.0,1.0,
2016-17,805,Fiamozzi,GEN,d,dd|e,5.0,1.0,
2016-17,817,Costa F,CHI,d,ds|e,2.0,1.0,
2016-17,821,Marson,PAL,p,por,1.0,1.0,
2016-17,1846,Mazzini,ATA,p,por,1.0,1.0,
2016-17,1856,Boldor,BOL,d,dc,1.0,1.0,
2016-17,1861,Carboni W.,CAG,p,por,1.0,1.0,
2016-17,1862,Colombo R.,CAG,p,por,1.0,1.0,
2016-17,1863,Storari,MIL,p,por,8.0,1.0,
2016-17,1865,Capuano,CAG,d,ds|dc,2.0,1.0,
2016-17,1867,Krajnc,SAM,d,dc,2.0,1.0,
2016-17,1871,Deiola,CAG,c,c,3.0,1.0,
2016-17,1875,Munari,CAG,c,m|c,3.0,1.0,
2016-17,1876,Pajac,CAG,c,c|w,2.0,1.0,
2016-17,1888,Victor Da Silva,CHI,c,t|a,1.0,1.0,
2016-17,1890,Festa,CRO,p,por,1.0,1.0,
2016-17,1892,Claiton,CRO,d,dc,4.0,1.0,
2016-17,1900,Zampano G,CRO,d,dd|e,1.0,1.0,
2016-17,1908,De Giorgio,CRO,a,a,2.0,1.0,
2016-17,1910,Torromino,CRO,a,a,1.0,1.0,
2016-17,1913,Matheus Pereira,JUV,c,t,1.0,1.0,
2016-17,1915,Tello,EMP,c,m|c,5.0,1.0,
2016-17,1917,Dragowski,FIO,p,por,1.0,1.0,
2016-17,1918,Diks,FIO,d,dd|e,4.0,1.0,
2016-17,1921,Zima L.,GEN,p,por,1.0,1.0,
2016-17,1928,Yao,INT,d,dc,3.0,1.0,
2016-17,1933,Mandragora,JUV,c,m|c,2.0,1.0,
2016-17,1935,Vargic,LAZ,p,por,1.0,1.0,
2016-17,1936,Minala,LAZ,c,m|c,2.0,1.0,
2016-17,1945,Aldegani,PES,p,por,1.0,1.0,
2016-17,1946,Aresti,PES,p,por,1.0,1.0,
2016-17,1950,Mazzotta,PES,d,ds|e,1.0,1.0,
2016-17,1951,Vitturini,PES,d,dd|e,1.0,1.0,
2016-17,1957,Selasi,PES,c,m|c,1.0,1.0,
2016-17,1961,Nicastro,PES,a,a,1.0,1.0,
2016-17,1964,Alisson,ROM,p,por,2.0,1.0,
2016-17,1966,Seck M.,ROM,d,ds|e,1.0,1.0,
2016-17,1967,Gerson,ROM,c,c|t,8.0,1.0,
2016-17,1970,Tozzo,SAM,p,por,1.0,1.0,
2016-17,1971,Eramo,SAM,c,m|c,1.0,1.0,
2016-17,1977,Sbrissa,SAS,c,c|w,2.0,1.0,
2016-17,1980,Aramu,TOR,c,w,2.0,1.0,
2016-17,1982,Parigini,CHI,a,a,2.0,1.0,
2016-17,1985,Musavu-King,UDI,d,dc,1.0,1.0,
2016-17,1994,Cinelli,CHI,c,m|c,1.0,1.0,
2016-17,2004,Toledo,FIO,c,w|a,7.0,1.0,
2016-17,2005,Rajkovic,PAL,d,dc,4.0,1.0,
2016-17,2009,Lukic,TOR,c,c|t,4.0,1.0,
2016-17,2018,Jallow,CHI,a,a,1.0,1.0,
2016-17,2032,Hagi,FIO,a,t|a,1.0,1.0,
2016-17,2048,Lo Faso,PAL,a,a,1.0,1.0,
2016-17,2054,Cabezas,ATA,c,w|a,6.0,1.0,
2016-17,2055,Vermaelen,ROM,d,ds|dc,9.0,1.0,
2016-17,2059,Leitner,LAZ,c,c|t,4.0,1.0,
2016-17,2071,Dussenne,CRO,d,dc,4.0,1.0,
2016-17,2080,Amuzie,SAM,d,ds|e,1.0,1.0,
2016-17,2088,Cojocaru,CRO,p,por,1.0,1.0,
2016-17,2089,Pesic,ATA,a,pc,5.0,1.0,
2016-17,2090,Orban L,GEN,d,ds|dc,5.0,1.0,
2016-17,2091,Plizzari,MIL,p,por,1.0,1.0,
2016-17,2092,Coppola D,TOR,p,por,1.0,1.0,
2016-17,2096,Cucchietti,TOR,p,por,1.0,1.0,
2016-17,2103,Pellegri,GEN,a,pc,1.0,1.0,
2016-17,2105,Beghetto,GEN,c,e,3.0,1.0,
2016-17,2106,Morosini,GEN,c,t|a,4.0,1.0,
2016-17,2109,Carlao,TOR,d,dc,3.0,1.0,
2016-17,2110,Stefan Silva,PAL,a,a,4.0,1.0,
2016-17,2113,Cubas,PES,c,m|c,3.0,1.0,
2016-17,2117,Kastanos,PES,c,c|t,2.0,1.0,
2016-17,2121,Melegoni,ATA,c,c,2.0,1.0,
2016-17,2127,Satalino,FIO,p,por,1.0,1.0,
2016-17,2128,Sainsbury,INT,d,dc,1.0,1.0,
2016-17,2129,Simic L,SAM,d,dc,3.0,1.0,
2016-17,2130,Hateboer,ATA,d,dd|dc,3.0,1.0,
2016-17,2131,Ranegie,UDI,a,pc,2.0,1.0,
2016-17,2132,Kotnik,CRO,c,t|a,3.0,1.0,
2016-17,2133,Valencia Jm,BOL,c,t|a,2.0,1.0,
2016-17,2134,Falcone,SAM,p,por,1.0,1.0,
2016-17,2137,Scamacca,SAS,a,pc,1.0,1.0,
2016-17,2144,Coulibaly M.,PES,c,c,1.0,1.0,
2016-17,2156,Crosta,CAG,p,por,1.0,1.0,
2017-18,277,Icardi,INT,a,pc,35.0,34.0,
2017-18,785,Immobile,LAZ,a,pc,31.0,33.0,
2017-18,309,Dybala,JUV,a,a,29.0,30.0,
2017-18,647,Dzeko,ROM,a,pc,36.0,29.0,
2017-18,410,Mertens,NAP,a,pc,36.0,28.0,
2017-18,408,Higuain,JUV,a,pc,38.0,27.0,
2017-18,406,Callejon,NAP,a,a,26.0,26.0,
2017-18,409,Insigne,NAP,a,a,30.0,26.0,
2017-18,26,Gomez,ATA,a,a,26.0,25.0,
2017-18,345,Keita B.,LAZ,a,a,25.0,24.0,
2017-18,441,Belotti,TOR,a,pc,37.0,23.0,
2017-18,568,Quagliarella,SAM,a,pc,17.0,23.0,
2017-18,376,Verdi,BOL,c,t|a,16.0,22.0,
2017-18,402,Hamsik,NAP,c,c|t,26.0,22.0,
2017-18,645,Milinkovic-Savic,LAZ,c,c|t,14.0,22.0,
2017-18,704,Perisic,INT,c,w|a,22.0,22.0,
2017-18,2200,Douglas Costa,JUV,c,w|a,17.0,22.0,
2017-18,177,Ilicic,ATA,c,t|a,12.0,21.0,
2017-18,377,Bacca,MIL,a,pc,21.0,21.0,
2017-18,467,Nainggolan,ROM,c,m|c,26.0,21.0,
2017-18,475,Iago Falque,TOR,a,t|a,16.0,21.0,
2017-18,2061,Simeone,FIO,a,pc,17.0,20.0,
2017-18,2267,Antenucci,SPA,a,pc,12.0,20.0,
2017-18,375,Suso,MIL,c,t|a,18.0,19.0,
2017-18,469,Pjanic,JUV,c,c|t,17.0,19.0,
2017-18,478,Ljajic,TOR,a,a,16.0,19.0,
2017-18,536,Politano,SAS,a,a,14.0,19.0,
2017-18,90,Lasagna,UDI,a,pc,12.0,18.0,
2017-18,152,Zielinski,NAP,c,c|t,17.0,18.0,
2017-18,322,De Vrij,LAZ,d,dc,13.0,18.0,
2017-18,608,Zapata D.,SAM,a,pc,16.0,18.0,
2017-18,652,Kalinic,MIL,a,pc,26.0,18.0,
2017-18,1964,Alisson,ROM,p,por,13.0,18.0,
2017-18,2002,Chiesa,FIO,c,w|a,14.0,18.0,
2017-18,2085,Luis Alberto,LAZ,c,c|t,4.0,18.0,
2017-18,367,Bonaventura,MIL,c,c|w|t,16.0,17.0,
2017-18,2194,Calhanoglu,MIL,c,t,15.0,17.0,
2017-18,2655,Rafinha,INT,c,c|w|t,14.0,17.0,
2017-18,123,Inglese,CHI,a,pc,15.0,16.0,
2017-18,184,Bernardeschi,JUV,c,w|a,20.0,16.0,
2017-18,299,Khedira,JUV,c,m|c,14.0,16.0,
2017-18,335,Felipe Anderson,LAZ,c,w|a,18.0,16.0,
2017-18,397,Allan,NAP,c,m|c,9.0,16.0,
2017-18,2214,Kolarov,ROM,d,ds|e,12.0,16.0,
2017-18,247,Pavoletti,CAG,a,pc,12.0,15.0,
2017-18,250,Handanovic,INT,p,por,14.0,15.0,
2017-18,392,Koulibaly,NAP,d,dc,13.0,15.0,
2017-18,779,Cristante,ATA,c,m|c,8.0,15.0,
2017-18,788,Freuler,ATA,c,m|c,9.0,15.0,
2017-18,795,El Shaarawy,ROM,a,a,16.0,15.0,
2017-18,2179,Sirigu,TOR,p,por,9.0,15.0,
2017-18,15,Masiello,ATA,d,dd|dc,10.0,14.0,
2017-18,265,Brozovic,INT,c,c|t,9.0,14.0,
2017-18,350,Donnarumma G.,MIL,p,por,16.0,14.0,
2017-18,387,Reina,NAP,p,por,15.0,14.0,
2017-18,636,Pazzini,VER,a,pc,17.0,14.0,
2017-18,798,Skriniar,INT,d,dc,8.0,14.0,
2017-18,2209,Lucas Leiva,LAZ,c,m|c,10.0,14.0,
2017-18,111,Birsa,CHI,c,t,13.0,13.0,
2017-18,312,Mandzukic,JUV,a,a,17.0,13.0,
2017-18,332,Candreva,INT,c,w,15.0,13.0,
2017-18,388,Albiol,NAP,d,dc,9.0,13.0,
2017-18,413,Sorrentino,CHI,p,por,8.0,13.0,
2017-18,487,De Silvestri,TOR,d,dd|e,5.0,13.0,
2017-18,789,Trotta,CRO,a,pc,10.0,13.0,
2017-18,1996,De Paul,UDI,c,w|t,12.0,13.0,
2017-18,2155,Cutrone,MIL,a,pc,2.0,13.0,
2017-18,2215,Veretout,FIO,c,c|t,10.0,13.0,
2017-18,4,Sportiello,FIO,p,por,10.0,12.0,
2017-18,27,Grassi,SPA,c,c,6.0,12.0,
2017-18,218,Perin,GEN,p,por,8.0,12.0,
2017-18,237,Perotti,ROM,c,w|t,15.0,12.0,
2017-18,245,Pandev,GEN,a,a,7.0,12.0,
2017-18,278,Jovetic,INT,a,a,13.0,12.0,
2017-18,282,Buffon,JUV,p,por,17.0,12.0,
2017-18,316,Berisha,ATA,p,por,11.0,12.0,
2017-18,383,Petagna,ATA,a,pc,15.0,12.0,
2017-18,472,Destro,BOL,a,pc,17.0,12.0,
2017-18,606,Thereau,FIO,a,a,16.0,12.0,
2017-18,621,Romulo,VER,d,dd|e|m,9.0,12.0,
2017-18,642,Astori,FIO,d,dc,9.0,12.0,
2017-18,662,Alex Sandro,JUV,d,ds|e,14.0,12.0,
2017-18,1850,Kessie',MIL,c,m|c,12.0,12.0,
2017-18,1896,Martella,CRO,d,ds|e,5.0,12.0,
2017-18,2016,Fazio,ROM,d,dc,10.0,12.0,
2017-18,2201,Under,ROM,c,w,10.0,12.0,
2017-18,2288,N'koulou,TOR,d,dc,8.0,12.0,
2017-18,2306,Matuidi,JUV,c,m|c,16.0,12.0,
2017-18,2310,Cancelo,INT,d,dd|e,10.0,12.0,
2017-18,183,Babacar,SAS,a,pc,12.0,11.0,
2017-18,286,Bonucci,MIL,d,dc,14.0,11.0,
2017-18,338,Lulic,LAZ,c,e|c|w,12.0,11.0,
2017-18,342,Parolo,LAZ,c,c,12.0,11.0,
2017-18,459,Manolas,ROM,d,dc,12.0,11.0,
2017-18,509,Consigli,SAS,p,por,9.0,11.0,
2017-18,513,Acerbi,SAS,d,dc,13.0,11.0,
2017-18,697,Cuadrado,JUV,c,w,12.0,11.0,
2017-18,1891,Ceccherini,CRO,d,dd|dc,6.0,11.0,
2017-18,1934,Strakosha,LAZ,p,por,12.0,11.0,
2017-18,1939,Lapadula,GEN,a,pc,17.0,11.0,
2017-18,1972,Torreira,SAM,c,m|c,7.0,11.0,
2017-18,1987,Jankto,UDI,c,e|c,11.0,11.0,
2017-18,1997,Simy,CRO,a,pc,3.0,11.0,
2017-18,2012,Milik,NAP,a,pc,16.0,11.0,
2017-18,2172,Barak,UDI,c,c|t,1.0,11.0,
2017-18,2263,Lazzari,SPA,c,e,7.0,11.0,
2017-18,2287,Ramirez,SAM,c,w|t,14.0,11.0,
2017-18,22,De Roon,ATA,c,m|c,9.0,10.0,
2017-18,112,Castro,CHI,c,c|t,11.0,10.0,
2017-18,115,Hetemaj,CHI,c,e|m,6.0,10.0,
2017-18,126,Paloschi,SPA,a,pc,13.0,10.0,
2017-18,142,Mario Rui,NAP,d,ds|e,6.0,10.0,
2017-18,172,Borja Valero,INT,c,c|t,11.0,10.0,
2017-18,235,Laxalt,GEN,c,e,8.0,10.0,
2017-18,294,Rugani,JUV,d,dc,9.0,10.0,
2017-18,460,Romagnoli,MIL,d,dc,10.0,10.0,
2017-18,464,Florenzi,ROM,c,e|c|w,11.0,10.0,
2017-18,529,Missiroli,SAS,c,c|t,8.0,10.0,
2017-18,531,Berardi,SAS,a,a,18.0,10.0,
2017-18,532,Falcinelli,FIO,a,pc,20.0,10.0,
2017-18,556,Baselli,TOR,c,c,12.0,10.0,
2017-18,557,Benassi,FIO,c,c,9.0,10.0,
2017-18,695,Toloi,ATA,d,dc,7.0,10.0,
2017-18,713,Dzemaili,BOL,c,c|t,13.0,10.0,
2017-18,1889,Cordaz,CRO,p,por,7.0,10.0,
2017-18,1974,Schick,ROM,a,a,19.0,10.0,
2017-18,2065,Praet,SAM,c,c|t,9.0,10.0,
2017-18,2116,Farago',CAG,c,e|c,3.0,10.0,
2017-18,2178,Cragno,CAG,p,por,8.0,10.0,
2017-18,2188,Marusic,LAZ,c,e,6.0,10.0,
2017-18,2243,Ciciretti,BEN,c,w|t,10.0,10.0,
2017-18,2246,Ceravolo,BEN,a,pc,11.0,10.0,
2017-18,2649,Diabate',BEN,a,pc,6.0,10.0,
2017-18,41,Mirante,BOL,p,por,8.0,9.0,
2017-18,121,Stoian,CRO,c,w|a,7.0,9.0,
2017-18,140,Hysaj,NAP,d,dd|ds|e,8.0,9.0,
2017-18,253,D'ambrosio,INT,d,dd|ds|e,7.0,9.0,
2017-18,257,Miranda,INT,d,dc,10.0,9.0,
2017-18,280,Palacio,BOL,a,a,10.0,9.0,
2017-18,288,Chiellini,JUV,d,ds|dc,13.0,9.0,
2017-18,378,Cerci,VER,a,a,14.0,9.0,
2017-18,404,Jorginho,NAP,c,m|c,7.0,9.0,
2017-18,484,Viviano,SAM,p,por,10.0,9.0,
2017-18,492,Silvestre,SAM,d,dc,7.0,9.0,
2017-18,506,Eder,INT,a,a,12.0,9.0,
2017-18,530,Pellegrini Lo.,ROM,c,c,11.0,9.0,
2017-18,554,Zappacosta,TOR,d,dd|e,10.0,9.0,
2017-18,560,Obi,TOR,c,e|m,3.0,9.0,
2017-18,572,Meret,SPA,p,por,6.0,9.0,
2017-18,631,Viviani,SPA,c,m|c,7.0,9.0,
2017-18,706,Ansaldi,TOR,d,dd|ds|e,6.0,9.0,
2017-18,708,Felipe,SPA,d,dc,6.0,9.0,
2017-18,1847,Caldara,ATA,d,dc,15.0,9.0,
2017-18,1866,Ceppitelli,CAG,d,dc,4.0,9.0,
2017-18,1870,Barella,CAG,c,c|t,4.0,9.0,
2017-18,1874,Joao Pedro,CAG,c,t,15.0,9.0,
2017-18,1906,Nalini,CRO,c,w|a,8.0,9.0,
2017-18,1958,Caprari,SAM,a,a,13.0,9.0,
2017-18,2008,Linetty,SAM,c,c,7.0,9.0,
2017-18,2130,Hateboer,ATA,d,dd|e,6.0,9.0,
2017-18,2169,Rodriguez R.,MIL,d,ds|e,14.0,9.0,
2017-18,2175,Andre' Silva,MIL,a,pc,16.0,9.0,
2017-18,2198,Kownacki,SAM,a,pc,3.0,9.0,
2017-18,2283,Bajic,UDI,a,pc,15.0,9.0,
2017-18,2309,Pezzella Ger.,FIO,d,dc,9.0,9.0,
2017-18,2323,Nani,LAZ,a,a,16.0,9.0,
2017-18,2327,Stepinski,CHI,a,pc,4.0,9.0,
2017-18,2645,Guilherme,BEN,c,t|a,5.0,9.0,
2017-18,2646,Sandro,BEN,c,m|c,6.0,9.0,
2017-18,2719,Barrow,ATA,a,pc,1.0,9.0,
2017-18,28,Kurtic,SPA,c,c|t,10.0,8.0,
2017-18,95,Bizzarri,UDI,p,por,1.0,8.0,
2017-18,118,Radovanovic,CHI,c,m|c,5.0,8.0,
2017-18,150,Saponara,FIO,c,t,12.0,8.0,
2017-18,181,Vecino,INT,c,m|c,10.0,8.0,
2017-18,187,Rossi,GEN,a,pc,10.0,8.0,
2017-18,238,Rincon,TOR,c,m|c,6.0,8.0,
2017-18,259,Murillo,INT,d,dc,8.0,8.0,
2017-18,264,Bessa,GEN,c,c|t,8.0,8.0,
2017-18,287,Caceres,LAZ,d,dd|dc,7.0,8.0,
2017-18,301,Padoin,CAG,d,dd|e|m,6.0,8.0,
2017-18,331,Biglia,MIL,c,m|c,11.0,8.0,
2017-18,366,Bertolacci,GEN,c,c|t,9.0,8.0,
2017-18,374,Poli,BOL,c,m|c,7.0,8.0,
2017-18,382,Niang,TOR,a,a,11.0,8.0,
2017-18,440,Viola,BEN,c,c,4.0,8.0,
2017-18,470,Strootman,ROM,c,m|c,13.0,8.0,
2017-18,493,Zukanovic,GEN,d,ds|dc,6.0,8.0,
2017-18,588,Widmer,UDI,d,dd|e,8.0,8.0,
2017-18,644,Pulgar,BOL,c,m|c,4.0,8.0,
2017-18,722,Borriello,SPA,a,pc,22.0,8.0,
2017-18,780,Cionek,SPA,d,dc,3.0,8.0,
2017-18,1882,Sau,CAG,a,a,13.0,8.0,
2017-18,1901,Barberis,CRO,c,m|c,6.0,8.0,
2017-18,1931,Benatia,JUV,d,dc,11.0,8.0,
2017-18,1933,Mandragora,CRO,c,m|c,3.0,8.0,
2017-18,1999,Lukaku J.,LAZ,d,ds|e,5.0,8.0,
2017-18,2078,Joao Mario N.,INT,c,c|t,10.0,8.0,
2017-18,2160,Gosens,ATA,d,ds|e,2.0,8.0,
2017-18,2280,Nuytinck,UDI,d,dc,7.0,8.0,
2017-18,2315,Stryger Larsen,UDI,d,dd|e,4.0,8.0,
2017-18,2317,Brignola,BEN,a,a,1.0,8.0,
2017-18,2658,Medeiros,GEN,c,w|a,9.0,8.0,
2017-18,78,Spolli,GEN,d,dc,4.0,7.0,
2017-18,99,Cacciatore,CHI,d,dd|ds|e,6.0,7.0,
2017-18,101,Dainelli,CHI,d,dc,4.0,7.0,
2017-18,105,Gobbi,CHI,d,ds|e,6.0,7.0,
2017-18,169,Tomovic,CHI,d,dd|dc,4.0,7.0,
2017-18,170,Badelj,FIO,c,m|c,7.0,7.0,
2017-18,215,Verde,VER,a,a,7.0,7.0,
2017-18,222,Burdisso,TOR,d,dc,3.0,7.0,
2017-18,252,Biraghi,FIO,d,ds|e,5.0,7.0,
2017-18,275,Taider,BOL,c,c,9.0,7.0,
2017-18,333,Cataldi,BEN,c,m|c,5.0,7.0,
2017-18,357,Calabria,MIL,d,dd|e,4.0,7.0,
2017-18,463,De Rossi,ROM,c,m|c,9.0,7.0,
2017-18,526,Duncan,SAS,c,m|c,8.0,7.0,
2017-18,528,Magnanelli,SAS,c,m|c,7.0,7.0,
2017-18,578,Danilo Lar.,UDI,d,dc,7.0,7.0,
2017-18,581,Faraoni,CRO,d,dd|e,2.0,7.0,
2017-18,589,Badu,UDI,c,m|c,7.0,7.0,
2017-18,627,Ionita,CAG,c,c|t,10.0,7.0,
2017-18,702,Giaccherini,CHI,c,w|t,4.0,7.0,
2017-18,712,Lemina,JUV,c,m|c,7.0,7.0,
2017-18,809,Ninkovic,GEN,c,t|a,8.0,7.0,
2017-18,817,Costa F,SPA,d,ds|e,5.0,7.0,
2017-18,1857,Di Francesco F.,BOL,c,w|a,10.0,7.0,
2017-18,1879,Farias,CAG,a,a,13.0,7.0,
2017-18,1973,Budimir,CRO,a,pc,12.0,7.0,
2017-18,1986,Fofana,UDI,c,m|c,12.0,7.0,
2017-18,1995,Djuricic,BEN,c,t,3.0,7.0,
2017-18,2181,Palomino,ATA,d,dc,5.0,7.0,
2017-18,2187,Borini,MIL,a,a,8.0,7.0,
2017-18,2190,Coda M,BEN,a,pc,8.0,7.0,
2017-18,2205,Berenguer,TOR,c,w,9.0,7.0,
2017-18,2261,Vicari,SPA,d,dc,5.0,7.0,
2017-18,2265,Schiattarella,SPA,c,c,5.0,7.0,
2017-18,2271,Nicolas,VER,p,por,6.0,7.0,
2017-18,2273,Caracciolo A,VER,d,dc,5.0,7.0,
2017-18,2284,Caicedo,LAZ,a,pc,11.0,7.0,
2017-18,2290,Eysseric,FIO,c,w|t,13.0,7.0,
2017-18,2321,Armenteros,BEN,a,pc,12.0,7.0,
2017-18,2594,Lemos,SAS,d,dc,6.0,7.0,
2017-18,2720,Sagna,BEN,d,dd|e,3.0,7.0,
2017-18,20,Cigarini,CAG,c,m|c,7.0,6.0,
2017-18,21,D'alessandro,BEN,c,w,7.0,6.0,
2017-18,49,Masina,BOL,d,ds|e,7.0,6.0,
2017-18,74,Letizia,BEN,d,dd|ds|e,6.0,6.0,
2017-18,106,Mattiello,SPA,d,dd|ds|e,4.0,6.0,
2017-18,224,De Maio,BOL,d,dc,5.0,6.0,
2017-18,236,Lazovic,GEN,c,e,8.0,6.0,
2017-18,270,Kondogbia,INT,c,m|c,7.0,6.0,
2017-18,285,Barzagli,JUV,d,dc,7.0,6.0,
2017-18,300,Marchisio,JUV,c,m|c,9.0,6.0,
2017-18,329,Radu,LAZ,d,ds|dc,7.0,6.0,
2017-18,433,Hiljemark,GEN,c,c,5.0,6.0,
2017-18,453,Szczesny,JUV,p,por,1.0,6.0,
2017-18,483,Puggioni,BEN,p,por,1.0,6.0,
2017-18,552,Moretti,TOR,d,ds|dc,4.0,6.0,
2017-18,566,Maxi Lopez,UDI,a,pc,3.0,6.0,
2017-18,643,Defrel,ROM,a,a,16.0,6.0,
2017-18,669,Donsah,BOL,c,m|c,5.0,6.0,
2017-18,787,Djimsiti,BEN,d,dc,2.0,6.0,
2017-18,790,Samir,UDI,d,ds|dc,8.0,6.0,
2017-18,801,Gagliardini,INT,c,m|c,11.0,6.0,
2017-18,1865,Capuano,CRO,d,ds|dc,3.0,6.0,
2017-18,1895,Ferrari G.,SAM,d,dc,6.0,6.0,
2017-18,1981,Boye',TOR,a,a,9.0,6.0,
2017-18,2062,Bastos,LAZ,d,dc,4.0,6.0,
2017-18,2072,Bastien,CHI,c,c,4.0,6.0,
2017-18,2083,Biraschi,GEN,d,dd|dc,5.0,6.0,
2017-18,2104,Bereszynski,SAM,d,dd|e,4.0,6.0,
2017-18,2163,Cornelius,ATA,a,pc,11.0,6.0,
2017-18,2165,Vitor Hugo,FIO,d,dc,8.0,6.0,
2017-18,2197,Castagne,ATA,d,dd|e,6.0,6.0,
2017-18,2199,Zuculini B,VER,c,m|c,7.0,6.0,
2017-18,2274,Valoti,VER,c,c|t,6.0,6.0,
2017-18,2302,Behrami,UDI,c,e|m,6.0,6.0,
2017-18,2325,Karamoh,INT,a,a,8.0,6.0,
2017-18,2653,Lykogiannis,CAG,d,ds|e,3.0,6.0,
2017-18,2659,Dabo,FIO,c,m|c,5.0,6.0,
2017-18,45,Ferrari A.,VER,d,dd|dc,6.0,5.0,
2017-18,48,Maietta,BOL,d,dc,5.0,5.0,
2017-18,50,Mbaye,BOL,d,dd|ds|e,4.0,5.0,
2017-18,54,Rossettini,GEN,d,dd|dc,6.0,5.0,
2017-18,58,Diawara,NAP,c,m|c,7.0,5.0,
2017-18,156,Pucciarelli,CHI,a,a,9.0,5.0,
2017-18,251,Andreolli,CAG,d,dc,8.0,5.0,
2017-18,256,Juan Jesus,ROM,d,ds|dc,6.0,5.0,
2017-18,261,Ranocchia,INT,d,dc,2.0,5.0,
2017-18,272,Medel,INT,c,m|c,5.0,5.0,
2017-18,281,Puscas,BEN,a,pc,7.0,5.0,
2017-18,292,Lichtsteiner,JUV,d,dd|e,9.0,5.0,
2017-18,295,Asamoah,JUV,d,ds|e,5.0,5.0,
2017-18,353,Abate,MIL,d,dd|e,4.0,5.0,
2017-18,358,De Sciglio,JUV,d,dd|ds|e,6.0,5.0,
2017-18,365,Zapata C.,MIL,d,dc,4.0,5.0,
2017-18,380,Matri,SAS,a,pc,10.0,5.0,
2017-18,390,Ghoulam,NAP,d,ds|e,9.0,5.0,
2017-18,428,Benali,CRO,c,c|t,5.0,5.0,
2017-18,438,Rigoni L,GEN,c,c|t,7.0,5.0,
2017-18,494,Barreto,SAM,c,m|c,7.0,5.0,
2017-18,516,Cannavaro,SAS,d,dc,6.0,5.0,
2017-18,521,Peluso,SAS,d,ds|dc,7.0,5.0,
2017-18,533,Floccari,SPA,a,pc,5.0,5.0,
2017-18,540,Gomis A.,SPA,p,por,1.0,5.0,
2017-18,546,Bruno Peres,ROM,d,dd|e,10.0,5.0,
2017-18,575,Adnan,UDI,d,ds|e,3.0,5.0,
2017-18,615,Helander,BOL,d,dc,3.0,5.0,
2017-18,626,Hallfredsson,UDI,c,m|c,7.0,5.0,
2017-18,778,Tumminello,CRO,a,pc,1.0,5.0,
2017-18,813,Balic,UDI,c,c|t,4.0,5.0,
2017-18,824,Adjapong,SAS,d,dd|e,3.0,5.0,
2017-18,1839,Edera,TOR,a,a,1.0,5.0,
2017-18,1852,Spinazzola,ATA,c,e,8.0,5.0,
2017-18,1859,Nagy,BOL,c,m|c,7.0,5.0,
2017-18,1869,Pisacane,CAG,d,dd|ds|dc,6.0,5.0,
2017-18,1898,Sampirisi,CRO,d,dd|ds|e,5.0,5.0,
2017-18,1952,Zampano,UDI,d,dd|ds|e,4.0,5.0,
2017-18,1967,Gerson,ROM,c,c|t,3.0,5.0,
2017-18,1978,Sensi,SAS,c,m|c,6.0,5.0,
2017-18,1982,Parigini,BEN,a,a,3.0,5.0,
2017-18,2006,Lirola,SAS,d,dd|e,6.0,5.0,
2017-18,2011,Miguel Veloso,GEN,c,m|c,7.0,5.0,
2017-18,2013,Ricci F.,CRO,a,a,4.0,5.0,
2017-18,2073,Ragusa,SAS,a,a,9.0,5.0,
2017-18,2082,Barbosa,INT,a,a,5.0,5.0,
2017-18,2086,Iemmello,BEN,a,pc,8.0,5.0,
2017-18,2097,Kean,VER,a,pc,3.0,5.0,
2017-18,2111,Taarabt,GEN,c,t|a,6.0,5.0,
2017-18,2114,Petkovic,VER,a,pc,3.0,5.0,
2017-18,2141,Depaoli,CHI,d,dd|e|m,1.0,5.0,
2017-18,2164,Milenkovic,FIO,d,dc,3.0,5.0,
2017-18,2193,Gonalons,ROM,c,m|c,6.0,5.0,
2017-18,2264,Mora,SPA,c,e|c,6.0,5.0,
2017-18,2275,Luppi,VER,a,a,5.0,5.0,
2017-18,2279,Romagna,CAG,d,dc,3.0,5.0,
2017-18,2292,Centurion,GEN,c,w|a,11.0,5.0,
2017-18,2301,Gil Dias,FIO,c,w|a,7.0,5.0,
2017-18,2656,Vukovic,VER,d,dc,3.0,5.0,
2017-18,2662,Tosca,BEN,d,ds|dc,4.0,5.0,
2017-18,61,Zuculini F,VER,c,m|c,3.0,4.0,
2017-18,76,Romagnoli S.,BOL,d,dc,2.0,4.0,
2017-18,104,Gamberini,CHI,d,dc,7.0,4.0,
2017-18,127,Pellissier,CHI,a,pc,9.0,4.0,
2017-18,141,Laurini,FIO,d,dd|e,3.0,4.0,
2017-18,176,Fernandez M,FIO,c,c|t,4.0,4.0,
2017-18,226,Izzo,GEN,d,dd|dc,7.0,4.0,
2017-18,260,Nagatomo,INT,d,dd|ds|e,4.0,4.0,
2017-18,324,Hoedt,LAZ,d,dc,5.0,4.0,
2017-18,372,Montolivo,MIL,c,m|c,4.0,4.0,
2017-18,418,Goldaniga,SAS,d,dc,6.0,4.0,
2017-18,419,Gonzalez G,BOL,d,dc,5.0,4.0,
2017-18,455,Castan,CAG,d,dc,1.0,4.0,
2017-18,477,Iturbe,ROM,a,a,5.0,4.0,
2017-18,517,Dell'orco,SAS,d,ds|dc,3.0,4.0,
2017-18,551,Molinaro,TOR,d,ds|e,4.0,4.0,
2017-18,555,Acquah,TOR,c,m|c,5.0,4.0,
2017-18,594,Kone,UDI,c,c|t,4.0,4.0,
2017-18,605,Perica,UDI,a,pc,10.0,4.0,
2017-18,610,Gollini,ATA,p,por,1.0,4.0,
2017-18,729,Pereira P.,GEN,d,dd|e,5.0,4.0,
2017-18,765,Ajeti,CRO,d,dc,3.0,4.0,
2017-18,775,Alvarez R,SAM,c,t,8.0,4.0,
2017-18,827,Locatelli,MIL,c,m|c,3.0,4.0,
2017-18,1868,Murru,SAM,d,ds|e,7.0,4.0,
2017-18,1871,Deiola,CAG,c,m|c,2.0,4.0,
2017-18,1878,Cop,CAG,a,pc,3.0,4.0,
2017-18,1976,Mazzitelli,SAS,c,m|c,4.0,4.0,
2017-18,2014,Rohden,CRO,c,e|m,7.0,4.0,
2017-18,2037,Miangue,CAG,d,ds|e,6.0,4.0,
2017-18,2058,Sanchez C,FIO,c,m|c,4.0,4.0,
2017-18,2100,Okwonkwo,BOL,a,a,1.0,4.0,
2017-18,2167,Orsolini,BOL,a,w|a,7.0,4.0,
2017-18,2174,Venuti,BEN,d,dd|e,4.0,4.0,
2017-18,2176,Hector Moreno,ROM,d,dc,8.0,4.0,
2017-18,2177,Gaspar B,FIO,d,dd|e,7.0,4.0,
2017-18,2183,Garritano,CHI,c,c|w|t,4.0,4.0,
2017-18,2196,Galabinov,GEN,a,pc,4.0,4.0,
2017-18,2210,Falletti,BOL,c,t,5.0,4.0,
2017-18,2262,Arini,SPA,c,m|c,4.0,4.0,
2017-18,2285,Bani,CHI,d,dd|dc,2.0,4.0,
2017-18,2286,Crociata,CRO,c,c|t,2.0,4.0,
2017-18,2289,Dalbert,INT,d,ds|e,9.0,4.0,
2017-18,2318,Rogerio,SAS,d,ds|e,3.0,4.0,
2017-18,2319,Van Der Wiel,CAG,d,dd|e,7.0,4.0,
2017-18,2320,Andersen,SAM,d,dc,3.0,4.0,
2017-18,2322,Howedes,JUV,d,dd|dc,10.0,4.0,
2017-18,2324,Lee,VER,a,a,4.0,4.0,
2017-18,2335,Luiz Felipe,LAZ,d,dc,1.0,4.0,
2017-18,2642,Calvano,VER,c,m|c,1.0,4.0,
2017-18,2652,Everton Luiz,SPA,c,m|c,4.0,4.0,
2017-18,2661,Aarons,VER,c,w,5.0,4.0,
2017-18,11,Conti,MIL,d,dd|e,13.0,3.0,
2017-18,47,Gastaldello,BOL,d,dc,4.0,3.0,
2017-18,60,Rizzo,ATA,c,e|c,5.0,3.0,
2017-18,92,Matos,VER,a,a,3.0,3.0,
2017-18,119,Rigoni N,CHI,c,m|c,3.0,3.0,
2017-18,137,Camporese,BEN,d,dc,3.0,3.0,
2017-18,144,Tonelli,NAP,d,dc,4.0,3.0,
2017-18,198,Rosi,GEN,d,dd|e,3.0,3.0,
2017-18,202,Chibsah,BEN,c,m|c,5.0,3.0,
2017-18,232,Cofie,GEN,c,m|c,1.0,3.0,
2017-18,262,Santon,INT,d,dd|ds|e,3.0,3.0,
2017-18,319,Basta,LAZ,d,dd|e,6.0,3.0,
2017-18,327,Patric,LAZ,d,dd|ds|e,2.0,3.0,
2017-18,337,Kishna,LAZ,a,w|a,3.0,3.0,
2017-18,394,Maggio,NAP,d,dd|e,3.0,3.0,
2017-18,395,Strinic,SAM,d,ds|e,2.0,3.0,
2017-18,461,Torosidis,BOL,d,dd|ds|e,3.0,3.0,
2017-18,490,Regini,SAM,d,ds|dc,5.0,3.0,
2017-18,519,Gazzola,SAS,d,dd|e,3.0,3.0,
2017-18,550,Maksimovic,NAP,d,dd|dc,7.0,3.0,
2017-18,582,Gabriel Silva,UDI,d,ds|e,3.0,3.0,
2017-18,583,Heurtaux,VER,d,dc,7.0,3.0,
2017-18,587,Wague,UDI,d,dc,3.0,3.0,
2017-18,611,Rafael,CAG,p,por,1.0,3.0,
2017-18,622,Souprayen,VER,d,ds|e,7.0,3.0,
2017-18,630,Sala,SAM,d,dd|e,4.0,3.0,
2017-18,633,Fares,VER,a,a,3.0,3.0,
2017-18,700,Tonev,CRO,c,w|a,5.0,3.0,
2017-18,1909,Palladino,GEN,a,a,5.0,3.0,
2017-18,1955,Memushaj,BEN,c,c,5.0,3.0,
2017-18,1971,Eramo,BEN,c,e|m,3.0,3.0,
2017-18,1979,Barreca,TOR,d,ds|e,7.0,3.0,
2017-18,1998,Pjaca,JUV,a,a,8.0,3.0,
2017-18,2003,Murgia,LAZ,c,m|c,3.0,3.0,
2017-18,2009,Lukic,TOR,c,m|c,3.0,3.0,
2017-18,2040,Lombardi,BEN,a,a,1.0,3.0,
2017-18,2129,Simic L,SPA,d,dc,2.0,3.0,
2017-18,2166,Bentancur,JUV,c,c,3.0,3.0,
2017-18,2168,Musacchio,MIL,d,dc,10.0,3.0,
2017-18,2191,Ingelsson,UDI,c,e,2.0,3.0,
2017-18,2192,Bonifazi,TOR,d,dc,4.0,3.0,
2017-18,2195,Ounas,NAP,a,a,12.0,3.0,
2017-18,2204,Cossu,CAG,c,t,1.0,3.0,
2017-18,2208,Jaroszynski,CHI,d,ds|e,3.0,3.0,
2017-18,2272,Brosco,VER,d,dc,3.0,3.0,
2017-18,2293,Omeonga,GEN,c,c|t,2.0,3.0,
2017-18,2296,Mancini,ATA,d,dc,2.0,3.0,
2017-18,2650,Avenatti,BOL,a,pc,2.0,3.0,
2017-18,2654,Ceter,CAG,a,pc,5.0,3.0,
2017-18,2660,Silva J,ROM,d,ds|e,4.0,3.0,
2017-18,40,Da Costa,BOL,p,por,1.0,2.0,
2017-18,52,Oikonomou,SPA,d,dc,6.0,2.0,
2017-18,57,Crisetig,BOL,c,m|c,3.0,2.0,
2017-18,124,Meggiorini,CHI,a,a,6.0,2.0,
2017-18,133,Skorupski,ROM,p,por,1.0,2.0,
2017-18,138,Costa,BEN,d,ds|dc,5.0,2.0,
2017-18,173,Capezzi,SAM,c,m|c,5.0,2.0,
2017-18,217,Lamanna,GEN,p,por,1.0,2.0,
2017-18,276,Biabiany,INT,c,w,2.0,2.0,
2017-18,297,Buchel,VER,c,c,4.0,2.0,
2017-18,305,Sturaro,JUV,c,m|c,4.0,2.0,
2017-18,420,Lazaar,BEN,d,ds|e,6.0,2.0,
2017-18,491,Salamon,SPA,d,dc,1.0,2.0,
2017-18,574,Scuffet,UDI,p,por,8.0,2.0,
2017-18,640,Chiriches,NAP,d,dc,5.0,2.0,
2017-18,663,Krafth,BOL,d,dd|e,4.0,2.0,
2017-18,772,Kragl,CRO,c,e|c,6.0,2.0,
2017-18,805,Fiamozzi,GEN,d,dd|e,2.0,2.0,
2017-18,1858,Krejci,BOL,c,w,8.0,2.0,
2017-18,1930,Pinsoglio,JUV,p,por,1.0,2.0,
2017-18,1992,Fossati,VER,c,m|c,5.0,2.0,
2017-18,2007,Wallace,LAZ,d,dc,6.0,2.0,
2017-18,2015,Letschert,SAS,d,dd|dc,4.0,2.0,
2017-18,2076,Rog,NAP,c,c|t,5.0,2.0,
2017-18,2087,Olivera M.,FIO,d,ds|e,6.0,2.0,
2017-18,2120,Bastoni,ATA,d,dc,1.0,2.0,
2017-18,2146,Han,CAG,a,pc,2.0,2.0,
2017-18,2161,Haas,ATA,c,m|c,3.0,2.0,
2017-18,2170,Milinkovic-Savic V.,TOR,p,por,1.0,2.0,
2017-18,2171,Lyanco,TOR,d,dc,8.0,2.0,
2017-18,2184,Gravillon,BEN,d,dd|dc,1.0,2.0,
2017-18,2202,Cabrera,CRO,d,ds|dc,6.0,2.0,
2017-18,2203,Di Chiara,BEN,d,ds|e,5.0,2.0,
2017-18,2206,Felicioli,VER,d,ds|e,2.0,2.0,
2017-18,2207,Zekhnini,FIO,a,a,3.0,2.0,
2017-18,2239,Gyamfi,BEN,d,dd|e,1.0,2.0,
2017-18,2241,Lucioni,BEN,d,dc,6.0,2.0,
2017-18,2244,Del Pinto,BEN,c,m|c,1.0,2.0,
2017-18,2268,Finotto,SPA,a,pc,2.0,2.0,
2017-18,2281,Vido,ATA,a,pc,4.0,2.0,
2017-18,2297,Rossi F.,ATA,p,por,1.0,2.0,
2017-18,2304,Salcedo E.,GEN,a,pc,1.0,2.0,
2017-18,2329,Keita C,BOL,d,ds|e,3.0,2.0,
2017-18,2336,Bearzotti,VER,d,dd|e,1.0,2.0,
2017-18,2651,Lisandro Lopez,INT,d,dc,5.0,2.0,
2017-18,2664,El Yamiq,GEN,d,dc,1.0,2.0,
2017-18,2665,Diaby,CRO,c,w|a,3.0,2.0,
2017-18,3,Radunovic,ATA,p,por,1.0,1.0,
2017-18,8,Brivio,GEN,d,ds|e,1.0,1.0,
2017-18,10,Cherubin,VER,d,dd|ds|dc,1.0,1.0,
2017-18,13,Drame',SPA,d,ds|e,1.0,1.0,
2017-18,97,Seculin,CHI,p,por,1.0,1.0,
2017-18,100,Cesar,CHI,d,dc,5.0,1.0,
2017-18,103,Frey,CHI,d,dd|ds|e,1.0,1.0,
2017-18,116,Izco,CRO,c,e|m,3.0,1.0,
2017-18,159,Sepe,NAP,p,por,1.0,1.0,
2017-18,182,Acosty,CRO,a,a,1.0,1.0,
2017-18,186,Rebic,FIO,a,a,2.0,1.0,
2017-18,197,Pavlovic D.,CRO,d,ds|e,3.0,1.0,
2017-18,216,Donnarumma An.,MIL,p,por,1.0,1.0,
2017-18,243,Gakpe',GEN,a,a,1.0,1.0,
2017-18,248,Berni,INT,p,por,1.0,1.0,
2017-18,255,Dodo' R.,SAM,d,ds|e,1.0,1.0,
2017-18,267,Gnoukouri,INT,c,m|c,1.0,1.0,
2017-18,317,Guerrieri,LAZ,p,por,1.0,1.0,
2017-18,318,Marchetti,LAZ,p,por,6.0,1.0,
2017-18,323,Gentiletti,GEN,d,dc,3.0,1.0,
2017-18,326,Mauricio N.,LAZ,d,dc,1.0,1.0,
2017-18,334,Crecco,LAZ,c,e|c,1.0,1.0,
2017-18,344,Djordjevic,LAZ,a,pc,5.0,1.0,
2017-18,354,Albertazzi,VER,d,ds|e,1.0,1.0,
2017-18,356,Antonelli,MIL,d,ds|e,4.0,1.0,
2017-18,360,Paletta,MIL,d,dc,5.0,1.0,
2017-18,362,Simic S,CRO,d,dc,2.0,1.0,
2017-18,371,Mauri J,MIL,c,m|c,2.0,1.0,
2017-18,385,Gabriel,MIL,p,por,1.0,1.0,
2017-18,386,Rafael Cabral,NAP,p,por,1.0,1.0,
2017-18,405,Valdifiori,TOR,c,m|c,5.0,1.0,
2017-18,417,Emerson P.,ROM,d,ds|e,4.0,1.0,
2017-18,451,Lobont,ROM,p,por,1.0,1.0,
2017-18,481,Brignoli,BEN,p,por,1.0,1.0,
2017-18,505,Bonazzoli,SPA,a,pc,1.0,1.0,
2017-18,510,Pegolo,SAS,p,por,1.0,1.0,
2017-18,512,Pomini,SAS,p,por,1.0,1.0,
2017-18,514,Antei,BEN,d,dd|dc,2.0,1.0,
2017-18,524,Biondini,SAS,c,m|c,4.0,1.0,
2017-18,542,Ichazo,TOR,p,por,1.0,1.0,
2017-18,543,Padelli,INT,p,por,1.0,1.0,
2017-18,544,Avelar,TOR,d,ds|e,2.0,1.0,
2017-18,570,Karnezis,UDI,p,por,1.0,1.0,
2017-18,600,Verre,SAM,c,c|t,5.0,1.0,
2017-18,609,Coppola,VER,p,por,1.0,1.0,
2017-18,612,Bianchetti,VER,d,dc,6.0,1.0,
2017-18,629,Laner,VER,c,e|c,1.0,1.0,
2017-18,632,Zaccagni,VER,c,m|c,4.0,1.0,
2017-18,658,Falco,BOL,c,t,1.0,1.0,
2017-18,703,Mounier,BOL,c,w|a,2.0,1.0,
2017-18,718,Rodriguez Ale.,CHI,a,pc,1.0,1.0,
2017-18,720,Belec,SAM,p,por,6.0,1.0,
2017-18,726,Vitale,SPA,c,c|t,1.0,1.0,
2017-18,764,Sadiq,TOR,a,pc,3.0,1.0,
2017-18,767,Tupta,VER,a,pc,1.0,1.0,
2017-18,770,Pezzella Giu.,UDI,d,dd|ds|e,4.0,1.0,
2017-18,821,Marson,SAS,p,por,1.0,1.0,
2017-18,1844,Della Giovanna,SPA,d,ds|dc,1.0,1.0,
2017-18,1856,Boldor,VER,d,dc,1.0,1.0,
2017-18,1863,Storari,MIL,p,por,1.0,1.0,
2017-18,1872,Dessena,CAG,c,e|m,4.0,1.0,
2017-18,1873,Di Gennaro D,LAZ,c,c,4.0,1.0,
2017-18,1880,Giannetti,CAG,a,pc,1.0,1.0,
2017-18,1881,Melchiorri,CAG,a,pc,3.0,1.0,
2017-18,1890,Festa,CRO,p,por,1.0,1.0,
2017-18,1893,Cremonesi,SPA,d,dc,3.0,1.0,
2017-18,1917,Dragowski,FIO,p,por,1.0,1.0,
2017-18,1921,Zima L.,GEN,p,por,1.0,1.0,
2017-18,1935,Vargic,LAZ,p,por,1.0,1.0,
2017-18,1970,Tozzo,SAM,p,por,1.0,1.0,
2017-18,1984,Angella,UDI,d,dc,4.0,1.0,
2017-18,1988,Ewandro,UDI,a,a,3.0,1.0,
2017-18,1991,Balzano,CAG,d,dd|ds|e,1.0,1.0,
2017-18,2032,Hagi,FIO,c,c|t,2.0,1.0,
2017-18,2038,Pinamonti,INT,a,pc,3.0,1.0,
2017-18,2048,Lo Faso,FIO,a,a,3.0,1.0,
2017-18,2052,Gomez G,MIL,d,dc,3.0,1.0,
2017-18,2057,Gustafson,TOR,c,c|t,1.0,1.0,
2017-18,2060,Milic,NAP,d,ds|e,3.0,1.0,
2017-18,2063,Jose' Sosa,MIL,c,c|t,2.0,1.0,
2017-18,2071,Dussenne,CRO,d,dc,1.0,1.0,
2017-18,2075,Cristoforo,FIO,c,m|c,4.0,1.0,
2017-18,2103,Pellegri,GEN,a,pc,1.0,1.0,
2017-18,2106,Morosini,GEN,c,t|a,1.0,1.0,
2017-18,2107,Kiyine,CHI,c,c|w|t,1.0,1.0,
2017-18,2121,Melegoni,ATA,c,c,1.0,1.0,
2017-18,2127,Satalino,SAS,p,por,1.0,1.0,
2017-18,2132,Kotnik,CRO,c,t|a,1.0,1.0,
2017-18,2133,Valencia Jm,BOL,c,t|a,1.0,1.0,
2017-18,2137,Scamacca,SAS,a,pc,1.0,1.0,
2017-18,2138,Suljic,CRO,c,m|c,1.0,1.0,
2017-18,2156,Crosta,CAG,p,por,1.0,1.0,
2017-18,2162,Joao Schmidt,ATA,c,m|c,4.0,1.0,
2017-18,2173,Malle',UDI,a,a,1.0,1.0,
2017-18,2180,Karsdorp,ROM,d,dd|e,9.0,1.0,
2017-18,2182,Rigione,CHI,d,dc,1.0,1.0,
2017-18,2185,Gaudino,CHI,c,m|c,4.0,1.0,
2017-18,2211,Silvestri,VER,p,por,1.0,1.0,
2017-18,2212,Vaisanen,SPA,d,dc,4.0,1.0,
2017-18,2213,Cassata,SAS,c,c|t,2.0,1.0,
2017-18,2216,Konate,SPA,d,ds|e,3.0,1.0,
2017-18,2240,Lopez W,BEN,d,ds|e,1.0,1.0,
2017-18,2242,Padella,BEN,d,dc,1.0,1.0,
2017-18,2245,Melara,BEN,c,e,1.0,1.0,
2017-18,2247,Cisse' K,BEN,a,pc,2.0,1.0,
2017-18,2249,Santurro,BOL,p,por,1.0,1.0,
2017-18,2250,Del Fabro,JUV,d,dc,1.0,1.0,
2017-18,2251,Viscovo,CRO,p,por,1.0,1.0,
2017-18,2252,Marchizza,SAS,d,ds|dc,1.0,1.0,
2017-18,2253,Bandinelli,SAS,c,c|t,1.0,1.0,
2017-18,2255,Marchegiani,SPA,p,por,1.0,1.0,
2017-18,2256,Poluzzi,SPA,p,por,1.0,1.0,
2017-18,2258,Gasparetto,SPA,d,dc,1.0,1.0,
2017-18,2259,Polvani,SPA,d,dc,1.0,1.0,
2017-18,2266,Schiavon,SPA,c,m|c,2.0,1.0,
2017-18,2270,Zaccagno,TOR,p,por,1.0,1.0,
2017-18,2276,Cotticelli,BEN,p,por,1.0,1.0,
2017-18,2291,Rodriguez T,GEN,c,w,3.0,1.0,
2017-18,2294,Cerofolini,FIO,p,por,1.0,1.0,
2017-18,2295,Confente,CHI,p,por,1.0,1.0,
2017-18,2298,Bochniewicz,UDI,d,dc,1.0,1.0,
2017-18,2299,Palombi,LAZ,a,pc,1.0,1.0,
2017-18,2300,Leverbe,SAM,d,dc,1.0,1.0,
2017-18,2303,Migliore,GEN,d,ds|e,4.0,1.0,
2017-18,2305,Piscitelli,BEN,p,por,1.0,1.0,
2017-18,2312,Hristov,FIO,d,dc,1.0,1.0,
2017-18,2313,Tomic,SAM,d,dd|e,1.0,1.0,
2017-18,2314,Brlek,GEN,c,c|t,5.0,1.0,
2017-18,2316,Zanellato,CRO,c,m|c,1.0,1.0,
2017-18,2326,Romero A,CRO,c,m|c,2.0,1.0,
2017-18,2328,Vanheusden,INT,d,dc,1.0,1.0,
2017-18,2330,Mikulic,SAM,d,dc,1.0,1.0,
2017-18,2331,Borsellini,UDI,p,por,1.0,1.0,
2017-18,2332,Bruno Jordao,LAZ,c,c,1.0,1.0,
2017-18,2333,Pedro Neto,LAZ,c,w,1.0,1.0,
2017-18,2334,Leris,CHI,a,a,1.0,1.0,
2017-18,2644,Billong,BEN,d,dc,3.0,1.0,
2017-18,2648,Machach,NAP,c,c|t,2.0,1.0,
2017-18,2657,Antonucci,ROM,a,a,1.0,1.0,
2017-18,2663,Tanasijevic,CHI,d,dc,1.0,1.0,
2017-18,2718,Balde' I.,SAM,a,pc,1.0,1.0,
2018-19,2610,Ronaldo,JUV,a,pc,49.0,41.0,
2018-19,568,Quagliarella,SAM,a,pc,28.0,35.0,
2018-19,410,Mertens,NAP,a,a,31.0,33.0,
2018-19,608,Zapata D.,ATA,a,pc,26.0,32.0,
2018-19,785,Immobile,LAZ,a,pc,41.0,31.0,
2018-19,2756,Piatek,MIL,a,pc,13.0,28.0,
2018-19,441,Belotti,TOR,a,pc,29.0,27.0,
2018-19,177,Ilicic,ATA,c,t|a,26.0,26.0,
2018-19,277,Icardi,INT,a,pc,39.0,26.0,
2018-19,408,Higuain,MIL,a,pc,33.0,26.0,
2018-19,475,Iago Falque,TOR,a,a,25.0,25.0,
2018-19,647,Dzeko,ROM,a,pc,35.0,25.0,
2018-19,2012,Milik,NAP,a,pc,26.0,25.0,
2018-19,26,Gomez,ATA,a,a,23.0,24.0,
2018-19,247,Pavoletti,CAG,a,pc,17.0,23.0,
2018-19,309,Dybala,JUV,a,a,36.0,23.0,
2018-19,312,Mandzukic,JUV,a,pc,18.0,23.0,
2018-19,409,Insigne,NAP,a,a,27.0,23.0,
2018-19,704,Perisic,INT,c,w|a,28.0,23.0,
2018-19,1996,De Paul,UDI,c,w|t,15.0,23.0,
2018-19,383,Petagna,SPA,a,pc,15.0,22.0,
2018-19,467,Nainggolan,INT,c,c|t,25.0,22.0,
2018-19,2002,Chiesa,FIO,c,w|a,23.0,22.0,
2018-19,406,Callejon,NAP,a,w|a,21.0,21.0,
2018-19,507,Muriel,FIO,a,pc,21.0,21.0,
2018-19,643,Defrel,SAM,a,pc,20.0,21.0,
2018-19,645,Milinkovic-Savic,LAZ,c,c|t,30.0,21.0,
2018-19,375,Suso,MIL,a,t|a,21.0,20.0,
2018-19,771,Boateng,SAS,c,t|a,20.0,20.0,
2018-19,795,El Shaarawy,ROM,a,a,16.0,20.0,
2018-19,2085,Luis Alberto,LAZ,c,t|a,27.0,20.0,
2018-19,2201,Under,ROM,a,a,21.0,20.0,
2018-19,2819,Caputo,EMP,a,pc,14.0,20.0,
2018-19,345,Keita B.,INT,a,a,19.0,19.0,
2018-19,407,Gabbiadini,SAM,a,pc,19.0,19.0,
2018-19,469,Pjanic,JUV,c,c,20.0,19.0,
2018-19,531,Berardi,SAS,a,a,16.0,19.0,
2018-19,123,Inglese,PAR,a,pc,13.0,18.0,
2018-19,152,Zielinski,NAP,c,c|t,14.0,17.0,
2018-19,350,Donnarumma G.,MIL,p,por,12.0,17.0,
2018-19,367,Bonaventura,MIL,c,c|w|t,20.0,17.0,
2018-19,392,Koulibaly,NAP,d,dc,17.0,17.0,
2018-19,453,Szczesny,JUV,p,por,18.0,17.0,
2018-19,495,Correa,LAZ,c,t|a,12.0,17.0,
2018-19,2061,Simeone,FIO,a,pc,26.0,17.0,
2018-19,2200,Douglas Costa,JUV,c,w,24.0,17.0,
2018-19,2214,Kolarov,ROM,d,ds|e,17.0,17.0,
2018-19,2267,Antenucci,SPA,a,pc,25.0,17.0,
2018-19,90,Lasagna,UDI,a,pc,22.0,16.0,
2018-19,474,Gervinho,PAR,a,a,10.0,16.0,
2018-19,536,Politano,INT,a,a,15.0,16.0,
2018-19,788,Freuler,ATA,c,c,16.0,16.0,
2018-19,2167,Orsolini,BOL,a,t|a,3.0,16.0,
2018-19,2194,Calhanoglu,MIL,c,t|a,21.0,16.0,
2018-19,2306,Matuidi,JUV,c,m|c,15.0,16.0,
2018-19,2378,Pastore,ROM,c,c|t,21.0,16.0,
2018-19,2504,Can,JUV,c,m|c,19.0,16.0,
2018-19,2775,Ruiz,NAP,c,c|t,14.0,16.0,
2018-19,4324,Okaka,UDI,a,pc,10.0,16.0,
2018-19,226,Izzo,TOR,d,dd|dc,9.0,15.0,
2018-19,250,Handanovic,INT,p,por,16.0,15.0,
2018-19,315,Zaza,TOR,a,pc,22.0,15.0,
2018-19,342,Parolo,LAZ,c,m|c,13.0,15.0,
2018-19,397,Allan,NAP,c,m|c,17.0,15.0,
2018-19,652,Kalinic,MIL,a,pc,15.0,15.0,
2018-19,1879,Farias,EMP,a,a,12.0,15.0,
2018-19,2179,Sirigu,TOR,p,por,11.0,15.0,
2018-19,2263,Lazzari,SPA,c,e,10.0,15.0,
2018-19,2743,Santander,BOL,a,pc,10.0,15.0,
2018-19,2764,Martinez L.,INT,a,pc,17.0,15.0,
2018-19,28,Kurtic,SPA,c,c|t,9.0,14.0,
2018-19,183,Babacar,SAS,a,pc,14.0,14.0,
2018-19,280,Palacio,BOL,a,a,8.0,14.0,
2018-19,299,Khedira,JUV,c,c,18.0,14.0,
2018-19,322,De Vrij,INT,d,dc,17.0,14.0,
2018-19,478,Ljajic,TOR,a,t|a,14.0,14.0,
2018-19,509,Consigli,SAS,p,por,9.0,14.0,
2018-19,662,Alex Sandro,JUV,d,ds|e,17.0,14.0,
2018-19,706,Ansaldi,TOR,d,dd|ds|e,11.0,14.0,
2018-19,779,Cristante,ROM,c,c|t,18.0,14.0,
2018-19,798,Skriniar,INT,d,dc,16.0,14.0,
2018-19,1850,Kessie',MIL,c,m|c,11.0,14.0,
2018-19,2077,Pasalic,ATA,c,c|t,14.0,14.0,
2018-19,2155,Cutrone,MIL,a,pc,17.0,14.0,
2018-19,2215,Veretout,FIO,c,c,17.0,14.0,
2018-19,2288,N'koulou,TOR,d,dc,12.0,14.0,
2018-19,2692,Castillejo,MIL,a,w|a,16.0,14.0,
2018-19,2779,Kluivert,ROM,a,a,18.0,14.0,
2018-19,148,Krunic,EMP,c,c|t,9.0,13.0,
2018-19,237,Perotti,ROM,c,w|t,16.0,13.0,
2018-19,288,Chiellini,JUV,d,dc,12.0,13.0,
2018-19,374,Poli,BOL,c,m|c,8.0,13.0,
2018-19,376,Verdi,NAP,c,t|a,18.0,13.0,
2018-19,460,Romagnoli,MIL,d,dc,10.0,13.0,
2018-19,464,Florenzi,ROM,d,dd|e,14.0,13.0,
2018-19,472,Destro,BOL,a,pc,13.0,13.0,
2018-19,487,De Silvestri,TOR,d,dd|e,14.0,13.0,
2018-19,513,Acerbi,LAZ,d,dc,12.0,13.0,
2018-19,530,Pellegrini Lo.,ROM,c,c,14.0,13.0,
2018-19,537,Sansone,BOL,a,a,11.0,13.0,
2018-19,556,Baselli,TOR,c,c,10.0,13.0,
2018-19,644,Pulgar,BOL,c,m|c,10.0,13.0,
2018-19,2130,Hateboer,ATA,d,dd|e,8.0,13.0,
2018-19,2160,Gosens,ATA,d,ds|e,7.0,13.0,
2018-19,2284,Caicedo,LAZ,a,pc,6.0,13.0,
2018-19,2296,Mancini,ATA,d,dc,8.0,13.0,
2018-19,4322,Paqueta',MIL,c,t,13.0,13.0,
2018-19,111,Birsa,CAG,c,t,12.0,12.0,
2018-19,184,Bernardeschi,JUV,c,w|a,16.0,12.0,
2018-19,234,Kucka,PAR,c,m|c,9.0,12.0,
2018-19,286,Bonucci,JUV,d,dc,12.0,12.0,
2018-19,459,Manolas,ROM,d,dc,12.0,12.0,
2018-19,526,Duncan,SAS,c,m|c,8.0,12.0,
2018-19,557,Benassi,FIO,c,c,12.0,12.0,
2018-19,572,Meret,NAP,p,por,14.0,12.0,
2018-19,578,Danilo Lar.,BOL,d,dc,8.0,12.0,
2018-19,695,Toloi,ATA,d,dc,10.0,12.0,
2018-19,1870,Barella,CAG,c,m|c,14.0,12.0,
2018-19,1874,Joao Pedro,CAG,c,t,13.0,12.0,
2018-19,1934,Strakosha,LAZ,p,por,12.0,12.0,
2018-19,1958,Caprari,SAM,a,t|a,10.0,12.0,
2018-19,1974,Schick,ROM,a,pc,17.0,12.0,
2018-19,2016,Fazio,ROM,d,dc,11.0,12.0,
2018-19,2065,Praet,SAM,c,c|t,10.0,12.0,
2018-19,2178,Cragno,CAG,p,por,8.0,12.0,
2018-19,2197,Castagne,ATA,d,dd|e,6.0,12.0,
2018-19,2287,Ramirez,SAM,c,t,14.0,12.0,
2018-19,2639,Bakayoko,MIL,c,m|c,11.0,12.0,
2018-19,2816,Di Lorenzo,EMP,d,dd|e,5.0,12.0,
2018-19,2832,Boga,SAS,c,t|a,8.0,12.0,
2018-19,2857,Traore' Hj.,EMP,c,c|t,1.0,12.0,
2018-19,22,De Roon,ATA,c,m|c,8.0,11.0,
2018-19,212,Ciofani D.,FRO,a,pc,6.0,11.0,
2018-19,236,Lazovic,GEN,c,e|c,5.0,11.0,
2018-19,265,Brozovic,INT,c,c|t,16.0,11.0,
2018-19,295,Asamoah,INT,d,ds|e,9.0,11.0,
2018-19,338,Lulic,LAZ,c,e|c,11.0,11.0,
2018-19,382,Niang,TOR,a,a,12.0,11.0,
2018-19,402,Hamsik,NAP,c,c|t,15.0,11.0,
2018-19,447,La Gumina,EMP,a,pc,12.0,11.0,
2018-19,479,Sanabria,GEN,a,pc,11.0,11.0,
2018-19,523,Vrsaljko,INT,d,dd|e,14.0,11.0,
2018-19,621,Romulo,LAZ,c,e|m,9.0,11.0,
2018-19,697,Cuadrado,JUV,c,w,18.0,11.0,
2018-19,713,Dzemaili,BOL,c,c|t,13.0,11.0,
2018-19,1843,Radu I.,GEN,p,por,1.0,11.0,
2018-19,1857,Di Francesco F.,SAS,a,w|a,14.0,11.0,
2018-19,1978,Sensi,SAS,c,m|c,6.0,11.0,
2018-19,1986,Fofana,UDI,c,m|c,9.0,11.0,
2018-19,1998,Pjaca,FIO,a,a,16.0,11.0,
2018-19,2006,Lirola,SAS,d,dd|e,6.0,11.0,
2018-19,2124,Zajc,EMP,c,t,8.0,11.0,
2018-19,2175,Andre' Silva,MIL,a,pc,11.0,11.0,
2018-19,2309,Pezzella Ger.,FIO,d,dc,10.0,11.0,
2018-19,2310,Cancelo,JUV,d,dd|e,14.0,11.0,
2018-19,2387,Lafont,FIO,p,por,10.0,11.0,
2018-19,2617,Nzonzi,ROM,c,m|c,11.0,11.0,
2018-19,2759,Criscito,GEN,d,ds|dc,9.0,11.0,
2018-19,2762,Kouame',GEN,a,pc,3.0,11.0,
2018-19,2789,Meite',TOR,c,m|c,3.0,11.0,
2018-19,2792,Musso,UDI,p,por,8.0,11.0,
2018-19,2812,Ciano,FRO,a,a,10.0,11.0,
2018-19,2826,Pussetto,UDI,a,w|a,12.0,11.0,
2018-19,41,Mirante,ROM,p,por,1.0,10.0,
2018-19,112,Castro,CAG,c,c|t,12.0,10.0,
2018-19,133,Skorupski,BOL,p,por,9.0,10.0,
2018-19,150,Saponara,SAM,c,t,10.0,10.0,
2018-19,181,Vecino,INT,c,m|c,10.0,10.0,
2018-19,238,Rincon,TOR,c,m|c,7.0,10.0,
2018-19,245,Pandev,GEN,a,a,9.0,10.0,
2018-19,253,D'ambrosio,INT,d,dd|ds|e,8.0,10.0,
2018-19,388,Albiol,NAP,d,dc,13.0,10.0,
2018-19,463,De Rossi,ROM,c,m|c,8.0,10.0,
2018-19,484,Viviano,SPA,p,por,8.0,10.0,
2018-19,492,Silvestre,EMP,d,dc,7.0,10.0,
2018-19,610,Gollini,ATA,p,por,1.0,10.0,
2018-19,633,Fares,SPA,c,e,5.0,10.0,
2018-19,708,Felipe,SPA,d,dc,6.0,10.0,
2018-19,761,Audero,SAM,p,por,9.0,10.0,
2018-19,801,Gagliardini,INT,c,m|c,7.0,10.0,
2018-19,827,Locatelli,SAS,c,m|c,7.0,10.0,
2018-19,1895,Ferrari G.,SAS,d,dc,8.0,10.0,
2018-19,1967,Gerson,FIO,c,c|t,11.0,10.0,
2018-19,2008,Linetty,SAM,c,c,6.0,10.0,
2018-19,2038,Pinamonti,FRO,a,pc,7.0,10.0,
2018-19,2097,Kean,JUV,a,pc,7.0,10.0,
2018-19,2164,Milenkovic,FIO,d,dd|dc,6.0,10.0,
2018-19,2168,Musacchio,MIL,d,dc,5.0,10.0,
2018-19,2209,Lucas Leiva,LAZ,c,m|c,12.0,10.0,
2018-19,2320,Andersen,SAM,d,dc,6.0,10.0,
2018-19,2391,Ekdal,SAM,c,m|c,8.0,10.0,
2018-19,2766,Zaniolo,ROM,c,c|t,1.0,10.0,
2018-19,2860,Malcuit,NAP,d,dd|e,7.0,10.0,
2018-19,4332,Demiral,SAS,d,dc,3.0,10.0,
2018-19,15,Masiello,ATA,d,dd|dc,14.0,9.0,
2018-19,142,Mario Rui,NAP,d,ds|e,8.0,9.0,
2018-19,252,Biraghi,FIO,d,ds|e,6.0,9.0,
2018-19,332,Candreva,INT,c,w,13.0,9.0,
2018-19,390,Ghoulam,NAP,d,ds|e,9.0,9.0,
2018-19,470,Strootman,ROM,c,m|c,10.0,9.0,
2018-19,532,Falcinelli,BOL,a,pc,16.0,9.0,
2018-19,533,Floccari,SPA,a,pc,5.0,9.0,
2018-19,637,Siligardi,PAR,a,a,7.0,9.0,
2018-19,702,Giaccherini,CHI,c,w|t,14.0,9.0,
2018-19,1864,Bruno Alves,PAR,d,dc,5.0,9.0,
2018-19,1933,Mandragora,UDI,c,m|c,9.0,9.0,
2018-19,2009,Lukic,TOR,c,c,2.0,9.0,
2018-19,2166,Bentancur,JUV,c,c,8.0,9.0,
2018-19,2169,Rodriguez R.,MIL,d,ds|e,8.0,9.0,
2018-19,2181,Palomino,ATA,d,dc,7.0,9.0,
2018-19,2188,Marusic,LAZ,c,e,9.0,9.0,
2018-19,2205,Berenguer,TOR,c,w,5.0,9.0,
2018-19,2261,Vicari,SPA,d,dc,4.0,9.0,
2018-19,2315,Stryger Larsen,UDI,d,dd|dc,6.0,9.0,
2018-19,2327,Stepinski,CHI,a,pc,13.0,9.0,
2018-19,2625,Soriano,BOL,c,c|t,12.0,9.0,
2018-19,2719,Barrow,ATA,a,pc,11.0,9.0,
2018-19,2746,Dijks,BOL,d,ds|e,5.0,9.0,
2018-19,2776,Younes,NAP,a,a,3.0,9.0,
2018-19,2818,Bennacer,EMP,c,c,6.0,9.0,
2018-19,2836,Olsen,ROM,p,por,14.0,9.0,
2018-19,2865,Aina,TOR,d,dd|ds|e,4.0,9.0,
2018-19,2868,Rigoni E,ATA,a,a,11.0,9.0,
2018-19,4307,Romero,GEN,d,dc,1.0,9.0,
2018-19,73,Gagliolo,PAR,d,ds|dc,6.0,8.0,
2018-19,126,Paloschi,SPA,a,pc,13.0,8.0,
2018-19,127,Pellissier,CHI,a,pc,3.0,8.0,
2018-19,140,Hysaj,NAP,d,dd|ds|e,9.0,8.0,
2018-19,202,Chibsah,FRO,c,m|c,3.0,8.0,
2018-19,224,De Maio,UDI,d,dc,7.0,8.0,
2018-19,357,Calabria,MIL,d,dd|e,6.0,8.0,
2018-19,358,De Sciglio,JUV,d,dd|ds|e,7.0,8.0,
2018-19,413,Sorrentino,CHI,p,por,9.0,8.0,
2018-19,529,Missiroli,SPA,c,c,6.0,8.0,
2018-19,555,Acquah,EMP,c,m|c,4.0,8.0,
2018-19,627,Ionita,CAG,c,c|t,9.0,8.0,
2018-19,651,Maiello,FRO,c,c,5.0,8.0,
2018-19,790,Samir,UDI,d,ds|dc,6.0,8.0,
2018-19,1866,Ceppitelli,CAG,d,dc,8.0,8.0,
2018-19,1868,Murru,SAM,d,ds|e,6.0,8.0,
2018-19,1869,Pisacane,CAG,d,dd|ds|dc,4.0,8.0,
2018-19,1917,Dragowski,EMP,p,por,1.0,8.0,
2018-19,1987,Jankto,SAM,c,c,15.0,8.0,
2018-19,2083,Biraschi,GEN,d,dd|dc,6.0,8.0,
2018-19,2105,Beghetto,FRO,c,e,2.0,8.0,
2018-19,2120,Bastoni,PAR,d,dc,1.0,8.0,
2018-19,2172,Barak,UDI,c,c|t,15.0,8.0,
2018-19,2187,Borini,MIL,c,w,6.0,8.0,
2018-19,2192,Bonifazi,SPA,d,dc,3.0,8.0,
2018-19,2195,Ounas,NAP,a,a,7.0,8.0,
2018-19,2265,Schiattarella,SPA,c,c,4.0,8.0,
2018-19,2279,Romagna,CAG,d,dc,6.0,8.0,
2018-19,2280,Nuytinck,UDI,d,dc,5.0,8.0,
2018-19,2325,Karamoh,INT,a,a,9.0,8.0,
2018-19,2749,Srna,CAG,d,dd|e,7.0,8.0,
2018-19,2802,Barilla',PAR,c,c,3.0,8.0,
2018-19,2827,Machis,UDI,a,a,12.0,8.0,
2018-19,2858,Galano,PAR,a,a,8.0,8.0,
2018-19,2859,Mirallas,FIO,a,a,14.0,8.0,
2018-19,2867,Campbell,FRO,a,a,12.0,8.0,
2018-19,2873,Teodorczyk,UDI,a,pc,12.0,8.0,
2018-19,4337,Oberlin,EMP,a,a,9.0,8.0,
2018-19,21,D'alessandro,UDI,c,w,3.0,7.0,
2018-19,50,Mbaye,BOL,d,dd|ds|dc,5.0,7.0,
2018-19,106,Mattiello,BOL,d,e,8.0,7.0,
2018-19,115,Hetemaj,CHI,c,e|m,6.0,7.0,
2018-19,124,Meggiorini,CHI,a,a,6.0,7.0,
2018-19,144,Tonelli,SAM,d,dc,6.0,7.0,
2018-19,159,Sepe,PAR,p,por,6.0,7.0,
2018-19,166,Pasqual,EMP,d,ds|e,7.0,7.0,
2018-19,170,Badelj,LAZ,c,m|c,7.0,7.0,
2018-19,172,Borja Valero,INT,c,c,6.0,7.0,
2018-19,207,Paganini,FRO,c,w,2.0,7.0,
2018-19,256,Juan Jesus,ROM,d,ds|dc,7.0,7.0,
2018-19,257,Miranda,INT,d,dc,7.0,7.0,
2018-19,264,Bessa,GEN,c,c|t,7.0,7.0,
2018-19,294,Rugani,JUV,d,dc,8.0,7.0,
2018-19,316,Berisha,ATA,p,por,12.0,7.0,
2018-19,329,Radu,LAZ,d,ds|dc,8.0,7.0,
2018-19,331,Biglia,MIL,c,m|c,8.0,7.0,
2018-19,333,Cataldi,LAZ,c,m|c,4.0,7.0,
2018-19,353,Abate,MIL,d,dd|e,3.0,7.0,
2018-19,433,Hiljemark,GEN,c,c,6.0,7.0,
2018-19,491,Salamon,FRO,d,dc,4.0,7.0,
2018-19,519,Gazzola,PAR,d,dd|e,5.0,7.0,
2018-19,540,Gomis A.,SPA,p,por,1.0,7.0,
2018-19,552,Moretti,TOR,d,ds|dc,3.0,7.0,
2018-19,606,Thereau,CAG,a,a,13.0,7.0,
2018-19,780,Cionek,SPA,d,dc,9.0,7.0,
2018-19,787,Djimsiti,ATA,d,dc,2.0,7.0,
2018-19,1876,Pajac,EMP,d,ds|e,2.0,7.0,
2018-19,1882,Sau,SAM,a,a,9.0,7.0,
2018-19,1931,Benatia,JUV,d,dc,10.0,7.0,
2018-19,1939,Lapadula,GEN,a,pc,12.0,7.0,
2018-19,1952,Zampano,FRO,d,dd|ds|e,5.0,7.0,
2018-19,1995,Djuricic,SAS,c,t,5.0,7.0,
2018-19,2003,Murgia,SPA,c,m|c,3.0,7.0,
2018-19,2011,Miguel Veloso,GEN,c,m|c,4.0,7.0,
2018-19,2062,Bastos,LAZ,d,dc,8.0,7.0,
2018-19,2078,Joao Mario N.,INT,c,c|t,3.0,7.0,
2018-19,2116,Farago',CAG,d,dd|e,4.0,7.0,
2018-19,2154,Vignato,CHI,c,t|a,1.0,7.0,
2018-19,2165,Vitor Hugo,FIO,d,dc,6.0,7.0,
2018-19,2171,Lyanco,BOL,d,dc,6.0,7.0,
2018-19,2198,Kownacki,SAM,a,pc,11.0,7.0,
2018-19,2243,Ciciretti,PAR,c,w|t,12.0,7.0,
2018-19,2274,Valoti,SPA,c,c|t,5.0,7.0,
2018-19,2285,Bani,CHI,d,dc,6.0,7.0,
2018-19,2302,Behrami,UDI,c,m|c,4.0,7.0,
2018-19,2335,Luiz Felipe,LAZ,d,dc,8.0,7.0,
2018-19,2355,Marlon,SAS,d,dc,8.0,7.0,
2018-19,2468,Ospina,NAP,p,por,1.0,7.0,
2018-19,2742,Valzania,FRO,c,c,2.0,7.0,
2018-19,2769,Magnani,SAS,d,dc,2.0,7.0,
2018-19,2771,Berisha V.,LAZ,c,c|t,11.0,7.0,
2018-19,2778,Stulac,PAR,c,m|c,5.0,7.0,
2018-19,2784,Colley,SAM,d,dc,7.0,7.0,
2018-19,2801,Iacoponi,PAR,d,dd|dc,2.0,7.0,
2018-19,2804,Scozzarella,PAR,c,m|c,3.0,7.0,
2018-19,2825,Bourabia,SAS,c,c,5.0,7.0,
2018-19,2854,Bradaric F.,CAG,c,m|c,9.0,7.0,
2018-19,2863,Fernandes,FIO,c,c,7.0,7.0,
2018-19,2869,Djidji,TOR,d,ds|dc,5.0,7.0,
2018-19,2870,Troost-Ekong,UDI,d,dc,3.0,7.0,
2018-19,4334,Piazon,CHI,c,w|t,7.0,7.0,
2018-19,4,Sportiello,FRO,p,por,6.0,6.0,
2018-19,20,Cigarini,CAG,c,m|c,7.0,6.0,
2018-19,27,Grassi,PAR,c,c,9.0,6.0,
2018-19,48,Maietta,EMP,d,dc,5.0,6.0,
2018-19,54,Rossettini,CHI,d,dd|dc,5.0,6.0,
2018-19,58,Diawara,NAP,c,m|c,9.0,6.0,
2018-19,99,Cacciatore,CAG,d,dd|ds|e,7.0,6.0,
2018-19,118,Radovanovic,GEN,c,m|c,7.0,6.0,
2018-19,134,Barba,CHI,d,dc,4.0,6.0,
2018-19,147,Diousse',CHI,c,m|c,4.0,6.0,
2018-19,213,Dionisi F.,FRO,a,pc,11.0,6.0,
2018-19,235,Laxalt,MIL,c,e,9.0,6.0,
2018-19,254,Dimarco,PAR,d,ds|e,5.0,6.0,
2018-19,273,Schelotto,CHI,d,dd|e,4.0,6.0,
2018-19,301,Padoin,CAG,c,e|m,4.0,6.0,
2018-19,344,Djordjevic,CHI,a,pc,11.0,6.0,
2018-19,418,Goldaniga,FRO,d,dc,6.0,6.0,
2018-19,438,Rigoni L,PAR,c,c,8.0,6.0,
2018-19,471,Ucan,EMP,c,c|t,6.0,6.0,
2018-19,493,Zukanovic,GEN,d,ds|dc,5.0,6.0,
2018-19,515,Ariaudo,FRO,d,dc,4.0,6.0,
2018-19,517,Dell'orco,EMP,d,ds|dc,4.0,6.0,
2018-19,521,Peluso,SAS,d,ds|dc,4.0,6.0,
2018-19,522,Terranova,FRO,d,dc,6.0,6.0,
2018-19,528,Magnanelli,SAS,c,m|c,5.0,6.0,
2018-19,550,Maksimovic,NAP,d,dc,4.0,6.0,
2018-19,630,Sala,SAM,d,dd|e,3.0,6.0,
2018-19,819,Favilli,GEN,a,pc,10.0,6.0,
2018-19,1847,Caldara,MIL,d,dc,12.0,6.0,
2018-19,1852,Spinazzola,JUV,d,ds|e,6.0,6.0,
2018-19,1858,Krejci,BOL,c,w,5.0,6.0,
2018-19,1865,Capuano,FRO,d,ds|dc,5.0,6.0,
2018-19,1891,Ceccherini,FIO,d,dd|dc,6.0,6.0,
2018-19,2064,Veseli,EMP,d,dd|ds|dc,4.0,6.0,
2018-19,2104,Bereszynski,SAM,d,dd|e,7.0,6.0,
2018-19,2107,Kiyine,CHI,c,c|w|t,3.0,6.0,
2018-19,2141,Depaoli,CHI,c,dd|e|m,4.0,6.0,
2018-19,2146,Han,CAG,a,pc,6.0,6.0,
2018-19,2208,Jaroszynski,CHI,d,ds|e,5.0,6.0,
2018-19,2213,Cassata,FRO,c,c,2.0,6.0,
2018-19,2246,Ceravolo,PAR,a,pc,10.0,6.0,
2018-19,2290,Eysseric,FIO,c,w|t,8.0,6.0,
2018-19,2318,Rogerio,SAS,d,ds|e,4.0,6.0,
2018-19,2535,Cedric Soares,INT,d,dd|e,5.0,6.0,
2018-19,2646,Sandro,UDI,c,m|c,9.0,6.0,
2018-19,2659,Dabo,FIO,c,m|c,7.0,6.0,
2018-19,2728,Pellegrini Lu.,CAG,d,ds|e,3.0,6.0,
2018-19,2744,Svanberg,BOL,c,e|m,3.0,6.0,
2018-19,2795,Ter Avest,UDI,d,dd|e,3.0,6.0,
2018-19,2871,Klavan,CAG,d,dc,7.0,6.0,
2018-19,4330,Lerager,GEN,c,c,6.0,6.0,
2018-19,4338,Jankovic,SPA,c,w|t,6.0,6.0,
2018-19,11,Conti,MIL,d,dd|e,7.0,5.0,
2018-19,56,Brighi,EMP,c,m|c,2.0,5.0,
2018-19,76,Romagnoli S.,EMP,d,dc,5.0,5.0,
2018-19,100,Cesar,CHI,d,dc,1.0,5.0,
2018-19,209,Sammarco,FRO,c,m|c,1.0,5.0,
2018-19,276,Biabiany,PAR,c,w,5.0,5.0,
2018-19,287,Caceres,JUV,d,dd|dc,5.0,5.0,
2018-19,300,Marchisio,JUV,c,m|c,5.0,5.0,
2018-19,305,Sturaro,GEN,c,m|c,3.0,5.0,
2018-19,356,Antonelli,EMP,d,ds|e,4.0,5.0,
2018-19,365,Zapata C.,MIL,d,dc,4.0,5.0,
2018-19,380,Matri,SAS,a,pc,3.0,5.0,
2018-19,405,Valdifiori,SPA,c,c,3.0,5.0,
2018-19,419,Gonzalez G,BOL,d,dc,6.0,5.0,
2018-19,551,Molinaro,FRO,d,ds|e,7.0,5.0,
2018-19,560,Obi,CHI,c,e|m,5.0,5.0,
2018-19,605,Perica,FRO,a,pc,12.0,5.0,
2018-19,615,Helander,BOL,d,dc,7.0,5.0,
2018-19,626,Hallfredsson,UDI,c,m|c,3.0,5.0,
2018-19,669,Donsah,BOL,c,m|c,8.0,5.0,
2018-19,729,Pereira P.,GEN,d,dd|e,3.0,5.0,
2018-19,1982,Parigini,TOR,a,w|a,7.0,5.0,
2018-19,2076,Rog,NAP,c,c|t,6.0,5.0,
2018-19,2163,Cornelius,ATA,a,pc,5.0,5.0,
2018-19,2317,Brignola,SAS,a,a,9.0,5.0,
2018-19,2334,Leris,CHI,a,a,1.0,5.0,
2018-19,2658,Medeiros,GEN,a,t|a,11.0,5.0,
2018-19,2741,Pessina,ATA,c,c,5.0,5.0,
2018-19,2745,Calabresi,BOL,d,dd|dc,1.0,5.0,
2018-19,2773,Sprocati,PAR,a,t|a,1.0,5.0,
2018-19,2782,Marcano,ROM,d,dc,7.0,5.0,
2018-19,2815,Terracciano,FIO,p,por,1.0,5.0,
2018-19,2831,Djourou,SPA,d,dc,8.0,5.0,
2018-19,2855,Vieira,SAM,c,m|c,6.0,5.0,
2018-19,60,Rizzo,BOL,c,e|c,4.0,4.0,
2018-19,81,Di Gaudio,PAR,c,w|a,4.0,4.0,
2018-19,119,Rigoni N,CHI,c,m|c,6.0,4.0,
2018-19,141,Laurini,FIO,d,dd|e,3.0,4.0,
2018-19,169,Tomovic,CHI,d,dd|dc,6.0,4.0,
2018-19,194,Ciofani M,FRO,d,dd|e,4.0,4.0,
2018-19,210,Soddimo,FRO,c,c|w|t,5.0,4.0,
2018-19,218,Perin,JUV,p,por,1.0,4.0,
2018-19,244,Ghiglione,FRO,d,dd|e,2.0,4.0,
2018-19,262,Santon,ROM,d,dd|ds|e,3.0,4.0,
2018-19,306,Cerri,CAG,a,pc,7.0,4.0,
2018-19,318,Marchetti,GEN,p,por,10.0,4.0,
2018-19,327,Patric,LAZ,d,dd|ds|e,2.0,4.0,
2018-19,387,Reina,MIL,p,por,1.0,4.0,
2018-19,494,Barreto,SAM,c,m|c,5.0,4.0,
2018-19,570,Karnezis,NAP,p,por,1.0,4.0,
2018-19,631,Viviani,FRO,c,m|c,9.0,4.0,
2018-19,666,Machin,PAR,c,c,3.0,4.0,
2018-19,789,Trotta,FRO,a,pc,8.0,4.0,
2018-19,817,Costa F,SPA,d,ds|e,4.0,4.0,
2018-19,1859,Nagy,BOL,c,m|c,4.0,4.0,
2018-19,1871,Deiola,CAG,c,m|c,3.0,4.0,
2018-19,1988,Ewandro,UDI,a,a,4.0,4.0,
2018-19,1999,Lukaku J.,LAZ,d,e,5.0,4.0,
2018-19,2007,Wallace,LAZ,d,dc,5.0,4.0,
2018-19,2058,Sanchez C,FIO,c,m|c,4.0,4.0,
2018-19,2180,Karsdorp,ROM,d,dd|e,6.0,4.0,
2018-19,2193,Gonalons,ROM,c,m|c,4.0,4.0,
2018-19,2196,Galabinov,GEN,a,pc,4.0,4.0,
2018-19,2289,Dalbert,INT,d,ds|e,3.0,4.0,
2018-19,2652,Everton Luiz,SPA,c,m|c,6.0,4.0,
2018-19,2750,Mraz,EMP,a,pc,7.0,4.0,
2018-19,2758,Gunter,GEN,d,dc,3.0,4.0,
2018-19,2791,Vizeu,UDI,a,pc,9.0,4.0,
2018-19,2793,Opoku,UDI,d,dc,3.0,4.0,
2018-19,2810,Brighenti,FRO,d,dd|ds|dc,2.0,4.0,
2018-19,2814,Provedel,EMP,p,por,6.0,4.0,
2018-19,2856,Rolon,GEN,c,m|c,5.0,4.0,
2018-19,2861,Semper,CHI,p,por,1.0,4.0,
2018-19,2866,Vloet,FRO,c,c|t,6.0,4.0,
2018-19,4327,Oliva,CAG,c,m|c,4.0,4.0,
2018-19,4333,Despodov,CAG,a,a,3.0,4.0,
2018-19,45,Ferrari A.,SAM,d,dd|dc,4.0,3.0,
2018-19,78,Spolli,GEN,d,dc,6.0,3.0,
2018-19,103,Frey,CHI,d,dd|ds|dc,1.0,3.0,
2018-19,105,Gobbi,PAR,d,ds|e,2.0,3.0,
2018-19,154,Mchedlidze,EMP,a,pc,5.0,3.0,
2018-19,156,Pucciarelli,CHI,a,a,4.0,3.0,
2018-19,205,Gori,FRO,c,m|c,1.0,3.0,
2018-19,251,Andreolli,CHI,d,dc,4.0,3.0,
2018-19,285,Barzagli,JUV,d,dc,3.0,3.0,
2018-19,366,Bertolacci,MIL,c,c,8.0,3.0,
2018-19,386,Rafael Cabral,SAM,p,por,1.0,3.0,
2018-19,393,Luperto,NAP,d,ds|dc,2.0,3.0,
2018-19,490,Regini,SPA,d,ds|dc,3.0,3.0,
2018-19,542,Ichazo,TOR,p,por,1.0,3.0,
2018-19,574,Scuffet,UDI,p,por,1.0,3.0,
2018-19,589,Badu,UDI,c,m|c,5.0,3.0,
2018-19,640,Chiriches,NAP,d,dc,3.0,3.0,
2018-19,663,Krafth,BOL,d,dd|e,3.0,3.0,
2018-19,778,Tumminello,ATA,a,pc,8.0,3.0,
2018-19,824,Adjapong,SAS,d,dd|e,3.0,3.0,
2018-19,1839,Edera,BOL,a,a,4.0,3.0,
2018-19,1976,Mazzitelli,GEN,c,m|c,6.0,3.0,
2018-19,1984,Angella,UDI,d,dc,3.0,3.0,
2018-19,2015,Letschert,SAS,d,dd|dc,3.0,3.0,
2018-19,2100,Okwonkwo,BOL,a,a,5.0,3.0,
2018-19,2114,Petkovic,BOL,a,pc,3.0,3.0,
2018-19,2210,Falletti,BOL,c,t,3.0,3.0,
2018-19,2332,Bruno Jordao,LAZ,c,c,1.0,3.0,
2018-19,2333,Pedro Neto,LAZ,a,a,1.0,3.0,
2018-19,2594,Lemos,SAS,d,dc,7.0,3.0,
2018-19,2651,Lisandro Lopez,GEN,d,dc,7.0,3.0,
2018-19,2653,Lykogiannis,CAG,d,ds|e,5.0,3.0,
2018-19,2752,Rasmussen,EMP,d,dc,3.0,3.0,
2018-19,2754,Hancko,FIO,d,ds|dc,3.0,3.0,
2018-19,2760,Callegari,GEN,c,c,3.0,3.0,
2018-19,2772,Durmisi,LAZ,d,ds|e,5.0,3.0,
2018-19,2787,Dickmann,SPA,d,dd|e,2.0,3.0,
2018-19,2803,Scavone,PAR,c,c,3.0,3.0,
2018-19,2830,Norgaard,FIO,c,m|c,5.0,3.0,
2018-19,2841,Vlahovic,FIO,a,pc,1.0,3.0,
2018-19,4323,Zeegelaar,UDI,d,ds|e,2.0,3.0,
2018-19,4325,Jandrei,GEN,p,por,2.0,3.0,
2018-19,4329,Nikolaou,EMP,d,dc,1.0,3.0,
2018-19,4335,Schiappacasse,PAR,a,a,3.0,3.0,
2018-19,4349,Nicolussi Caviglia,JUV,c,c,1.0,3.0,
2018-19,57,Crisetig,FRO,c,m|c,5.0,2.0,
2018-19,173,Capezzi,EMP,c,m|c,4.0,2.0,
2018-19,215,Verde,ROM,a,w|a,2.0,2.0,
2018-19,261,Ranocchia,INT,d,dc,4.0,2.0,
2018-19,371,Mauri J,MIL,c,m|c,1.0,2.0,
2018-19,400,Dezi,PAR,c,c,5.0,2.0,
2018-19,510,Pegolo,SAS,p,por,1.0,2.0,
2018-19,583,Heurtaux,UDI,d,dc,2.0,2.0,
2018-19,600,Verre,SAM,c,c,2.0,2.0,
2018-19,718,Rodriguez Ale.,EMP,a,pc,2.0,2.0,
2018-19,770,Pezzella Giu.,GEN,d,ds|e,5.0,2.0,
2018-19,799,Bardi,FRO,p,por,1.0,2.0,
2018-19,1867,Krajnc,FRO,d,dc,4.0,2.0,
2018-19,1872,Dessena,CAG,c,e|m,3.0,2.0,
2018-19,2013,Ricci F.,SAS,a,a,2.0,2.0,
2018-19,2052,Gomez G,MIL,d,dc,2.0,2.0,
2018-19,2073,Ragusa,SAS,a,a,2.0,2.0,
2018-19,2075,Cristoforo,FIO,c,m|c,2.0,2.0,
2018-19,2133,Valencia Jm,BOL,c,t,1.0,2.0,
2018-19,2170,Milinkovic-Savic V.,SPA,p,por,8.0,2.0,
2018-19,2174,Venuti,FIO,d,dd|e,2.0,2.0,
2018-19,2183,Garritano,CHI,c,c|w|t,2.0,2.0,
2018-19,2191,Ingelsson,UDI,c,c|w,1.0,2.0,
2018-19,2207,Zekhnini,FIO,a,a,2.0,2.0,
2018-19,2212,Vaisanen,SPA,d,dc,2.0,2.0,
2018-19,2650,Avenatti,BOL,a,pc,2.0,2.0,
2018-19,2664,El Yamiq,GEN,d,dc,2.0,2.0,
2018-19,2739,Reca,ATA,d,ds|e,5.0,2.0,
2018-19,2747,Paz,BOL,d,ds|dc,4.0,2.0,
2018-19,2765,Odgaard,SAS,a,pc,1.0,2.0,
2018-19,2788,Bremer,TOR,d,dc,4.0,2.0,
2018-19,2797,Junior Tavares,SAM,d,ds|e,3.0,2.0,
2018-19,2800,Di Cesare,PAR,d,dc,3.0,2.0,
2018-19,2807,Da Cruz,PAR,a,a,5.0,2.0,
2018-19,2811,Kone',FRO,c,m|c,2.0,2.0,
2018-19,2817,Untersee,EMP,d,dd|e|m,3.0,2.0,
2018-19,2828,Colombatto,CAG,c,m|c,2.0,2.0,
2018-19,2829,Valjent,CHI,d,dd|dc,2.0,2.0,
2018-19,2833,Kulusevski,ATA,c,c|t,1.0,2.0,
2018-19,2877,Burruchaga,CHI,c,c,1.0,2.0,
2018-19,2878,Dalmonte,GEN,a,a,1.0,2.0,
2018-19,4331,Ibanez,ATA,d,dc,2.0,2.0,
2018-19,4339,Wilmot,UDI,d,dc,1.0,2.0,
2018-19,4359,Piccoli,ATA,a,pc,1.0,2.0,
2018-19,40,Da Costa,BOL,p,por,1.0,1.0,
2018-19,83,Lollo,EMP,c,c,4.0,1.0,
2018-19,97,Seculin,CHI,p,por,1.0,1.0,
2018-19,174,Diakhate,PAR,c,c,1.0,1.0,
2018-19,216,Donnarumma An.,MIL,p,por,1.0,1.0,
2018-19,248,Berni,INT,p,por,1.0,1.0,
2018-19,317,Guerrieri,LAZ,p,por,1.0,1.0,
2018-19,319,Basta,LAZ,d,dd|e,3.0,1.0,
2018-19,362,Simic S,FRO,d,dc,2.0,1.0,
2018-19,363,Vergara,CAG,d,dc,1.0,1.0,
2018-19,372,Montolivo,MIL,c,m|c,4.0,1.0,
2018-19,385,Gabriel,MIL,p,por,1.0,1.0,
2018-19,395,Strinic,MIL,d,ds|e,5.0,1.0,
2018-19,543,Padelli,INT,p,por,1.0,1.0,
2018-19,575,Adnan,ATA,d,ds|e,3.0,1.0,
2018-19,587,Wague,UDI,d,dc,1.0,1.0,
2018-19,599,Pontisso,UDI,c,m|c,1.0,1.0,
2018-19,611,Rafael,CAG,p,por,1.0,1.0,
2018-19,673,Perisan,UDI,p,por,1.0,1.0,
2018-19,720,Belec,SAM,p,por,1.0,1.0,
2018-19,726,Vitale,SPA,c,c,1.0,1.0,
2018-19,813,Balic,UDI,c,c,3.0,1.0,
2018-19,1873,Di Gennaro D,LAZ,c,c,1.0,1.0,
2018-19,1875,Munari,PAR,c,m|c,1.0,1.0,
2018-19,1918,Diks,EMP,d,dd|e,4.0,1.0,
2018-19,1930,Pinsoglio,JUV,p,por,1.0,1.0,
2018-19,1936,Minala,LAZ,c,m|c,2.0,1.0,
2018-19,1941,Fulignati,SPA,p,por,1.0,1.0,
2018-19,1946,Aresti,CAG,p,por,1.0,1.0,
2018-19,1970,Tozzo,SAM,p,por,1.0,1.0,
2018-19,2040,Lombardi,LAZ,a,w|a,3.0,1.0,
2018-19,2087,Olivera M.,FIO,d,ds|e,2.0,1.0,
2018-19,2091,Plizzari,MIL,p,por,1.0,1.0,
2018-19,2108,Rossi A,LAZ,a,pc,1.0,1.0,
2018-19,2127,Satalino,SAS,p,por,1.0,1.0,
2018-19,2129,Simic L,SPA,d,dc,2.0,1.0,
2018-19,2134,Falcone,SAM,p,por,1.0,1.0,
2018-19,2137,Scamacca,SAS,a,pc,1.0,1.0,
2018-19,2144,Coulibaly M.,UDI,c,c,1.0,1.0,
2018-19,2152,Jakupovic,EMP,a,pc,1.0,1.0,
2018-19,2182,Rigione,CHI,d,dc,1.0,1.0,
2018-19,2185,Gaudino,CHI,c,c,1.0,1.0,
2018-19,2216,Konate,SPA,d,ds|e,1.0,1.0,
2018-19,2249,Santurro,BOL,p,por,1.0,1.0,
2018-19,2256,Poluzzi,SPA,p,por,1.0,1.0,
2018-19,2271,Nicolas,UDI,p,por,1.0,1.0,
2018-19,2293,Omeonga,GEN,c,c,5.0,1.0,
2018-19,2297,Rossi F.,ATA,p,por,1.0,1.0,
2018-19,2300,Leverbe,CAG,d,dc,1.0,1.0,
2018-19,2304,Salcedo E.,INT,a,pc,1.0,1.0,
2018-19,2312,Hristov,FIO,d,dc,1.0,1.0,
2018-19,2331,Borsellini,UDI,p,por,1.0,1.0,
2018-19,2663,Tanasijevic,CHI,d,dc,1.0,1.0,
2018-19,2725,Caligara,CAG,c,c,1.0,1.0,
2018-19,2732,Stijepovic,SAM,c,w|a,1.0,1.0,
2018-19,2737,Bettella,ATA,d,dc,1.0,1.0,
2018-19,2740,Varnier,ATA,d,dc,1.0,1.0,
2018-19,2753,Marcjanik,EMP,d,dc,4.0,1.0,
2018-19,2757,Lakicevic,GEN,d,dd|e,5.0,1.0,
2018-19,2761,Vodisek,GEN,p,por,1.0,1.0,
2018-19,2770,Proto,LAZ,p,por,1.0,1.0,
2018-19,2774,Halilovic,MIL,c,t,2.0,1.0,
2018-19,2780,Coric,ROM,c,c|t,3.0,1.0,
2018-19,2781,Fuzato,ROM,p,por,1.0,1.0,
2018-19,2783,Bianda,ROM,d,dc,1.0,1.0,
2018-19,2785,Peeters,SAM,c,m|c,1.0,1.0,
2018-19,2790,Rosati,TOR,p,por,1.0,1.0,
2018-19,2794,Micin,UDI,a,a,1.0,1.0,
2018-19,2798,Dini,PAR,p,por,1.0,1.0,
2018-19,2799,Frattali,PAR,p,por,1.0,1.0,
2018-19,2805,Baraye,PAR,a,a,5.0,1.0,
2018-19,2806,Calaio',PAR,a,pc,1.0,1.0,
2018-19,2834,Brignani,BOL,d,dc,1.0,1.0,
2018-19,2835,Kingsley,BOL,c,c,1.0,1.0,
2018-19,2838,Imperiale,EMP,d,ds|e,1.0,1.0,
2018-19,2839,Sottil,FIO,a,a,2.0,1.0,
2018-19,2840,Graiciar,FIO,a,pc,1.0,1.0,
2018-19,2842,Zanimacchia,GEN,a,a,1.0,1.0,
2018-19,2843,Emmers,INT,c,c,1.0,1.0,
2018-19,2844,Colidio,INT,a,pc,1.0,1.0,
2018-19,2845,Contini,NAP,p,por,1.0,1.0,
2018-19,2846,Baumgartner,SAM,c,c|t,1.0,1.0,
2018-19,2847,Sernicola,SAS,d,dd|ds|dc,1.0,1.0,
2018-19,2848,Frattesi,SAS,c,c,1.0,1.0,
2018-19,2849,Damascan,TOR,a,pc,1.0,1.0,
2018-19,2850,Katuma,UDI,c,e|c,1.0,1.0,
2018-19,2852,Riccardi,ROM,c,c|t,1.0,1.0,
2018-19,2853,Moncini,SPA,a,pc,3.0,1.0,
2018-19,2862,Iacobucci,FRO,p,por,1.0,1.0,
2018-19,2872,Ardaiz,FRO,a,pc,3.0,1.0,
2018-19,2874,Ghidotti,FIO,p,por,1.0,1.0,
2018-19,2875,Bagheria,PAR,p,por,1.0,1.0,
2018-19,4302,Sierralta,PAR,d,dd|dc,1.0,1.0,
2018-19,4328,Perucchini,EMP,p,por,1.0,1.0,
2018-19,4336,Brazao,PAR,p,por,1.0,1.0,
2018-19,4346,Millico,TOR,a,a,1.0,1.0,
2018-19,4347,Doratiotto,CAG,a,a,1.0,1.0,
2018-19,4351,Brancolini,FIO,p,por,1.0,1.0,
2018-19,4353,Montiel,FIO,c,t|a,1.0,1.0,
2019-20,785,Immobile,LAZ,a,pc,34.0,50.0,
2019-20,2610,Ronaldo,JUV,a,pc,46.0,48.0,
2019-20,608,Zapata D.,ATA,a,pc,36.0,40.0,
2019-20,2531,Lukaku,INT,a,pc,35.0,38.0,
2019-20,2819,Caputo,SAS,a,pc,26.0,37.0,
2019-20,2530,Ibrahimovic,MIL,a,pc,28.0,35.0,
2019-20,177,Ilicic,ATA,a,a,25.0,34.0,
2019-20,507,Muriel,ATA,a,pc,17.0,34.0,
2019-20,647,Dzeko,ROM,a,pc,30.0,34.0,
2019-20,531,Berardi,SAS,a,a,18.0,32.0,
2019-20,277,Icardi,INT,a,pc,31.0,31.0,
2019-20,309,Dybala,JUV,a,a,26.0,31.0,
2019-20,26,Gomez,ATA,c,t|a,26.0,30.0,
2019-20,441,Belotti,TOR,a,pc,30.0,28.0,
2019-20,1874,Joao Pedro,CAG,a,a,16.0,28.0,
2019-20,186,Rebic,MIL,a,a,20.0,27.0,
2019-20,2085,Luis Alberto,LAZ,c,t,20.0,27.0,
2019-20,2160,Gosens,ATA,d,e,15.0,27.0,
2019-20,2764,Martinez L.,INT,a,pc,26.0,27.0,
2019-20,2833,Kulusevski,PAR,c,c|t,4.0,27.0,
2019-20,2163,Cornelius,PAR,a,pc,9.0,26.0,
2019-20,65,Mancosu,LEC,c,t,8.0,25.0,
2019-20,2529,Mkhitaryan,ROM,c,t|a,14.0,25.0,
2019-20,245,Pandev,GEN,a,t|a,10.0,24.0,
2019-20,2194,Calhanoglu,MIL,c,t,13.0,24.0,
2019-20,2832,Boga,SAS,a,w|a,12.0,24.0,
2019-20,407,Gabbiadini,SAM,a,a,13.0,23.0,
2019-20,410,Mertens,NAP,a,pc,28.0,23.0,
2019-20,495,Correa,LAZ,a,a,20.0,23.0,
2019-20,2002,Chiesa,FIO,c,w|a,26.0,23.0,
2019-20,2012,Milik,NAP,a,pc,28.0,23.0,
2019-20,409,Insigne,NAP,a,a,27.0,22.0,
2019-20,467,Nainggolan,CAG,c,c|t,16.0,22.0,
2019-20,568,Quagliarella,SAM,a,pc,34.0,22.0,
2019-20,2061,Simeone,CAG,a,pc,14.0,22.0,
2019-20,2719,Barrow,BOL,a,pc,9.0,22.0,
2019-20,1939,Lapadula,LEC,a,pc,14.0,21.0,
2019-20,1996,De Paul,UDI,c,t|a,22.0,21.0,
2019-20,2475,Sanchez,INT,a,a,24.0,21.0,
2019-20,2707,Young,INT,d,dd|ds|e,9.0,21.0,
2019-20,4427,Malinovskyi,ATA,c,c|t,11.0,21.0,
2019-20,408,Higuain,JUV,a,pc,29.0,20.0,
2019-20,2077,Pasalic,ATA,c,c|t,9.0,20.0,
2019-20,4292,Hernandez T.,MIL,d,ds|e,8.0,20.0,
2019-20,4453,Torregrossa,BRE,a,pc,13.0,20.0,
2019-20,280,Palacio,BOL,a,a,13.0,19.0,
2019-20,332,Candreva,INT,c,e|w,7.0,19.0,
2019-20,383,Petagna,SPA,a,pc,25.0,19.0,
2019-20,645,Milinkovic-Savic,LAZ,c,c|t,23.0,19.0,
2019-20,658,Falco,LEC,a,a,5.0,19.0,
2019-20,2284,Caicedo,LAZ,a,pc,14.0,19.0,
2019-20,2762,Kouame',FIO,a,a,16.0,19.0,
2019-20,90,Lasagna,UDI,a,pc,16.0,18.0,
2019-20,2167,Orsolini,BOL,a,w|a,17.0,18.0,
2019-20,4324,Okaka,UDI,a,pc,20.0,18.0,
2019-20,265,Brozovic,INT,c,c,11.0,17.0,
2019-20,322,De Vrij,INT,d,dc,13.0,17.0,
2019-20,644,Pulgar,FIO,c,m|c,12.0,17.0,
2019-20,704,Perisic,INT,c,w|a,17.0,17.0,
2019-20,2097,Kean,JUV,a,pc,17.0,17.0,
2019-20,2205,Berenguer,TOR,c,w,8.0,17.0,
2019-20,2215,Veretout,ROM,c,c,14.0,17.0,
2019-20,2287,Ramirez,SAM,c,t,10.0,17.0,
2019-20,2409,Ribery,FIO,c,w|a,19.0,17.0,
2019-20,4377,Castrovilli,FIO,c,c|t,7.0,17.0,
2019-20,236,Lazovic,VER,c,e|w,7.0,16.0,
2019-20,474,Gervinho,PAR,a,a,19.0,16.0,
2019-20,513,Acerbi,LAZ,d,dc,14.0,16.0,
2019-20,1986,Fofana,UDI,c,m|c,11.0,16.0,
2019-20,1995,Djuricic,SAS,c,t,5.0,16.0,
2019-20,2164,Milenkovic,FIO,d,dd|dc,9.0,16.0,
2019-20,2741,Pessina,VER,c,c,3.0,16.0,
2019-20,2766,Zaniolo,ROM,c,t,16.0,16.0,
2019-20,4510,Rafael Leao,MIL,a,pc,22.0,16.0,
2019-20,286,Bonucci,JUV,d,dc,11.0,15.0,
2019-20,350,Donnarumma G.,MIL,p,por,15.0,15.0,
2019-20,406,Callejon,NAP,c,w,18.0,15.0,
2019-20,469,Pjanic,JUV,c,c,16.0,15.0,
2019-20,505,Bonazzoli,SAM,a,pc,4.0,15.0,
2019-20,2756,Piatek,MIL,a,pc,38.0,15.0,
2019-20,2759,Criscito,GEN,d,ds|dc|e,13.0,15.0,
2019-20,234,Kucka,PAR,c,m|c,12.0,14.0,
2019-20,250,Handanovic,INT,p,por,18.0,14.0,
2019-20,367,Bonaventura,MIL,c,c|w|t,16.0,14.0,
2019-20,530,Pellegrini Lo.,ROM,c,c|t,13.0,14.0,
2019-20,581,Faraoni,VER,d,dd|e,4.0,14.0,
2019-20,706,Ansaldi,TOR,c,e,13.0,14.0,
2019-20,2011,Miguel Veloso,VER,c,m|c,5.0,14.0,
2019-20,2175,Andre' Silva,MIL,a,pc,15.0,14.0,
2019-20,2214,Kolarov,ROM,d,ds|e,15.0,14.0,
2019-20,2310,Cancelo,JUV,d,dd|e,14.0,14.0,
2019-20,2625,Soriano,BOL,c,t,14.0,14.0,
2019-20,2841,Vlahovic,FIO,a,pc,4.0,14.0,
2019-20,2857,Traore' Hj.,SAS,c,c|t,11.0,14.0,
2019-20,4500,Di Carmine,VER,a,pc,13.0,14.0,
2019-20,4514,Nandez,CAG,c,m|c,10.0,14.0,
2019-20,237,Perotti,ROM,c,w,14.0,13.0,
2019-20,479,Sanabria,GEN,a,pc,10.0,13.0,
2019-20,2065,Praet,SAM,c,c|t,13.0,13.0,
2019-20,2556,Eriksen,INT,c,t,23.0,13.0,
2019-20,2775,Ruiz,NAP,c,c|t,17.0,13.0,
2019-20,4245,Smalling,ROM,d,dc,11.0,13.0,
2019-20,4452,Donnarumma Al.,BRE,a,pc,16.0,13.0,
2019-20,152,Zielinski,NAP,c,c|t,17.0,12.0,
2019-20,546,Bruno Peres,ROM,d,dd|e,1.0,12.0,
2019-20,632,Zaccagni,VER,c,c|t,9.0,12.0,
2019-20,695,Toloi,ATA,d,dc,10.0,12.0,
2019-20,788,Freuler,ATA,c,c,13.0,12.0,
2019-20,1934,Strakosha,LAZ,p,por,13.0,12.0,
2019-20,1974,Schick,ROM,a,pc,12.0,12.0,
2019-20,2008,Linetty,SAM,c,c,11.0,12.0,
2019-20,2155,Cutrone,FIO,a,pc,18.0,12.0,
2019-20,2792,Musso,UDI,p,por,9.0,12.0,
2019-20,4371,Raspadori,SAS,a,pc,1.0,12.0,
2019-20,28,Kurtic,PAR,c,c|t,16.0,11.0,
2019-20,73,Gagliolo,PAR,d,ds|dc,7.0,11.0,
2019-20,252,Biraghi,INT,d,ds|e,10.0,11.0,
2019-20,315,Zaza,TOR,a,pc,12.0,11.0,
2019-20,376,Verdi,TOR,c,w|a,17.0,11.0,
2019-20,453,Szczesny,JUV,p,por,17.0,11.0,
2019-20,526,Duncan,FIO,c,m|c,10.0,11.0,
2019-20,787,Djimsiti,ATA,d,dc,8.0,11.0,
2019-20,827,Locatelli,SAS,c,m|c,11.0,11.0,
2019-20,1850,Kessie',MIL,c,c,13.0,11.0,
2019-20,1958,Caprari,PAR,a,a,14.0,11.0,
2019-20,1978,Sensi,INT,c,c,13.0,11.0,
2019-20,2166,Bentancur,JUV,c,c,8.0,11.0,
2019-20,2200,Douglas Costa,JUV,c,w,14.0,11.0,
2019-20,2263,Lazzari,LAZ,c,e,15.0,11.0,
2019-20,2315,Stryger Larsen,UDI,d,dd|dc|e,7.0,11.0,
2019-20,2692,Castillejo,MIL,c,w|a,10.0,11.0,
2019-20,4428,De Ligt,JUV,d,dc,14.0,11.0,
2019-20,4449,Tonali,BRE,c,m|c,6.0,11.0,
2019-20,4522,Amrabat,VER,c,e|m,4.0,11.0,
2019-20,22,De Roon,ATA,c,m|c,11.0,10.0,
2019-20,159,Sepe,PAR,p,por,8.0,10.0,
2019-20,311,Llorente,NAP,a,pc,16.0,10.0,
2019-20,459,Manolas,NAP,d,dc,13.0,10.0,
2019-20,460,Romagnoli,MIL,d,dc,14.0,10.0,
2019-20,610,Gollini,ATA,p,por,14.0,10.0,
2019-20,697,Cuadrado,JUV,c,e|w,9.0,10.0,
2019-20,1852,Spinazzola,ROM,d,ds|e,7.0,10.0,
2019-20,1987,Jankto,SAM,c,c,9.0,10.0,
2019-20,2178,Cragno,CAG,p,por,11.0,10.0,
2019-20,2197,Castagne,ATA,d,e,14.0,10.0,
2019-20,2201,Under,ROM,c,w|a,18.0,10.0,
2019-20,2211,Silvestri,VER,p,por,6.0,10.0,
2019-20,2309,Pezzella Ger.,FIO,d,dc,10.0,10.0,
2019-20,2472,Ramsey,JUV,c,t,18.0,10.0,
2019-20,2779,Kluivert,ROM,c,w,16.0,10.0,
2019-20,2816,Di Lorenzo,NAP,d,dd|e,11.0,10.0,
2019-20,4477,La Mantia,LEC,a,pc,9.0,10.0,
2019-20,4517,Lozano,NAP,a,a,22.0,10.0,
2019-20,4884,Carles Perez,ROM,a,a,10.0,10.0,
2019-20,4894,Haraslin,SAS,a,a,5.0,10.0,
2019-20,253,D'ambrosio,INT,d,dd|ds|dc,9.0,9.0,
2019-20,600,Verre,VER,c,c|t,6.0,9.0,
2019-20,643,Defrel,SAS,a,a,14.0,9.0,
2019-20,696,Balotelli,BRE,a,pc,19.0,9.0,
2019-20,801,Gagliardini,INT,c,m|c,8.0,9.0,
2019-20,1917,Dragowski,FIO,p,por,11.0,9.0,
2019-20,2038,Pinamonti,GEN,a,pc,20.0,9.0,
2019-20,2285,Bani,BOL,d,dc,5.0,9.0,
2019-20,2488,Moses,INT,c,e|w,8.0,9.0,
2019-20,4419,Pau Lopez,ROM,p,por,14.0,9.0,
2019-20,4512,Schone,GEN,c,c,11.0,9.0,
2019-20,4521,Muldur,SAS,d,dd|dc,3.0,9.0,
2019-20,4524,Sema,UDI,c,e,5.0,9.0,
2019-20,112,Castro,SPA,c,c|t,13.0,8.0,
2019-20,150,Saponara,LEC,c,t,10.0,8.0,
2019-20,312,Mandzukic,JUV,a,pc,22.0,8.0,
2019-20,375,Suso,MIL,c,w|a,19.0,8.0,
2019-20,536,Politano,NAP,a,w|a,12.0,8.0,
2019-20,537,Sansone,BOL,a,a,12.0,8.0,
2019-20,578,Danilo Lar.,BOL,d,dc,8.0,8.0,
2019-20,621,Romulo,BRE,c,e|m,7.0,8.0,
2019-20,662,Alex Sandro,JUV,d,ds|e,14.0,8.0,
2019-20,713,Dzemaili,BOL,c,c|t,8.0,8.0,
2019-20,798,Skriniar,INT,d,dc,15.0,8.0,
2019-20,1864,Bruno Alves,PAR,d,dc,9.0,8.0,
2019-20,1870,Barella,INT,c,m|c,15.0,8.0,
2019-20,2076,Rog,CAG,c,c,10.0,8.0,
2019-20,2172,Barak,LEC,c,t,11.0,8.0,
2019-20,2179,Sirigu,TOR,p,por,14.0,8.0,
2019-20,2181,Palomino,ATA,d,dc,9.0,8.0,
2019-20,2187,Borini,VER,c,w,5.0,8.0,
2019-20,2188,Marusic,LAZ,c,e,5.0,8.0,
2019-20,2195,Ounas,NAP,a,a,8.0,8.0,
2019-20,2280,Nuytinck,UDI,d,dc,4.0,8.0,
2019-20,2296,Mancini,ROM,d,dc,14.0,8.0,
2019-20,2446,Donati,LEC,d,dd|e,2.0,8.0,
2019-20,2468,Ospina,NAP,p,por,3.0,8.0,
2019-20,2525,Darmian,PAR,d,dd|ds|e,8.0,8.0,
2019-20,2788,Bremer,TOR,d,dc,4.0,8.0,
2019-20,2818,Bennacer,MIL,c,m|c,10.0,8.0,
2019-20,2836,Olsen,CAG,p,por,1.0,8.0,
2019-20,4287,Lobotka,NAP,c,m|c,9.0,8.0,
2019-20,4423,Hernani,PAR,c,m|c,6.0,8.0,
2019-20,4486,Strefezza,SPA,c,e|w,1.0,8.0,
2019-20,4516,Skrtel,ATA,d,dc,8.0,8.0,
2019-20,58,Diawara,ROM,c,m|c,8.0,7.0,
2019-20,123,Inglese,PAR,a,pc,23.0,7.0,
2019-20,172,Borja Valero,INT,c,c,3.0,7.0,
2019-20,179,Petriccione,LEC,c,c,6.0,7.0,
2019-20,238,Rincon,TOR,c,m,8.0,7.0,
2019-20,288,Chiellini,JUV,d,dc,14.0,7.0,
2019-20,374,Poli,BOL,c,m|c,9.0,7.0,
2019-20,509,Consigli,SAS,p,por,10.0,7.0,
2019-20,791,Sabelli,BRE,d,dd|e,6.0,7.0,
2019-20,1943,Nestorovski,UDI,a,pc,10.0,7.0,
2019-20,2006,Lirola,FIO,d,dd|e,11.0,7.0,
2019-20,2120,Bastoni,INT,d,dc,4.0,7.0,
2019-20,2165,Vitor Hugo,FIO,d,dc,7.0,7.0,
2019-20,2274,Valoti,SPA,c,c|t,6.0,7.0,
2019-20,2306,Matuidi,JUV,c,m|c,12.0,7.0,
2019-20,2327,Stepinski,VER,a,pc,11.0,7.0,
2019-20,2335,Luiz Felipe,LAZ,d,dc,7.0,7.0,
2019-20,2379,Rabiot,JUV,c,c,14.0,7.0,
2019-20,2572,Godin,INT,d,dc,14.0,7.0,
2019-20,2617,Nzonzi,ROM,c,m|c,7.0,7.0,
2019-20,2801,Iacoponi,PAR,d,dd|dc,4.0,7.0,
2019-20,2826,Pussetto,UDI,a,w|a,11.0,7.0,
2019-20,4409,Rrahmani,VER,d,dd|ds|dc,4.0,7.0,
2019-20,4530,Kyriakopoulos,SAS,d,ds|e,2.0,7.0,
2019-20,4725,Demme,NAP,c,m,8.0,7.0,
2019-20,4892,Saelemaekers,MIL,c,e|w,5.0,7.0,
2019-20,4895,Yoshida,SAM,d,dc,7.0,7.0,
2019-20,21,D'alessandro,SPA,c,e,7.0,6.0,
2019-20,133,Skorupski,BOL,p,por,9.0,6.0,
2019-20,140,Hysaj,NAP,d,dd|ds|e,7.0,6.0,
2019-20,181,Vecino,INT,c,m|c,8.0,6.0,
2019-20,244,Ghiglione,GEN,d,dd|e,3.0,6.0,
2019-20,287,Caceres,FIO,d,dd|dc,4.0,6.0,
2019-20,329,Radu,LAZ,d,ds|dc,7.0,6.0,
2019-20,529,Missiroli,SPA,c,m|c,6.0,6.0,
2019-20,532,Falcinelli,BOL,a,pc,6.0,6.0,
2019-20,550,Maksimovic,NAP,d,dd|dc,5.0,6.0,
2019-20,572,Meret,NAP,p,por,15.0,6.0,
2019-20,761,Audero,SAM,p,por,11.0,6.0,
2019-20,771,Boateng,FIO,a,a,15.0,6.0,
2019-20,1857,Di Francesco F.,SPA,c,w,11.0,6.0,
2019-20,2130,Hateboer,ATA,d,e,16.0,6.0,
2019-20,2184,Gravillon,SAS,d,dd|dc,6.0,6.0,
2019-20,2289,Dalbert,FIO,d,ds|e,3.0,6.0,
2019-20,2304,Salcedo E.,VER,a,pc,1.0,6.0,
2019-20,2728,Pellegrini Lu.,CAG,d,ds|e,6.0,6.0,
2019-20,2744,Svanberg,BOL,c,c,3.0,6.0,
2019-20,2815,Terracciano,FIO,p,por,1.0,6.0,
2019-20,4237,Danilo,JUV,d,dd|ds|e,11.0,6.0,
2019-20,4368,Juwara,BOL,a,a,1.0,6.0,
2019-20,4421,Augello,SAM,d,ds|e,4.0,6.0,
2019-20,4422,Tomiyasu,BOL,d,dd|dc,4.0,6.0,
2019-20,4426,Toljan,SAS,d,dd|ds|e,7.0,6.0,
2019-20,4430,Cristo,UDI,a,a,6.0,6.0,
2019-20,4475,Majer,LEC,c,c|t,5.0,6.0,
2019-20,4479,Elmas,NAP,c,c|t,7.0,6.0,
2019-20,4495,Kumbulla,VER,d,dc,1.0,6.0,
2019-20,4513,Zmrhal,BRE,c,c|w,7.0,6.0,
2019-20,4869,Dominguez,BOL,c,c,7.0,6.0,
2019-20,4891,Soumaoro,GEN,d,dc,4.0,6.0,
2019-20,139,Dermaku,PAR,d,dc,4.0,5.0,
2019-20,218,Perin,GEN,p,por,1.0,5.0,
2019-20,226,Izzo,TOR,d,dd|dc,16.0,5.0,
2019-20,316,Berisha,SPA,p,por,8.0,5.0,
2019-20,333,Cataldi,LAZ,c,m|c,5.0,5.0,
2019-20,342,Parolo,LAZ,c,m|c,14.0,5.0,
2019-20,357,Calabria,MIL,d,dd|e,9.0,5.0,
2019-20,385,Gabriel,LEC,p,por,6.0,5.0,
2019-20,397,Allan,NAP,c,m|c,14.0,5.0,
2019-20,430,Brugman,PAR,c,m|c,5.0,5.0,
2019-20,433,Hiljemark,GEN,c,c,5.0,5.0,
2019-20,464,Florenzi,ROM,d,dd|e,10.0,5.0,
2019-20,652,Kalinic,ROM,a,pc,13.0,5.0,
2019-20,669,Donsah,BOL,c,m|c,5.0,5.0,
2019-20,779,Cristante,ROM,c,c,10.0,5.0,
2019-20,813,Balic,UDI,c,c|t,5.0,5.0,
2019-20,1866,Ceppitelli,CAG,d,dc,7.0,5.0,
2019-20,1872,Dessena,BRE,c,e|m,4.0,5.0,
2019-20,1879,Farias,LEC,a,a,11.0,5.0,
2019-20,1895,Ferrari G.,SAS,d,dc,9.0,5.0,
2019-20,2141,Depaoli,SAM,d,dd|e,6.0,5.0,
2019-20,2209,Lucas Leiva,LAZ,c,m|c,9.0,5.0,
2019-20,2241,Lucioni,LEC,d,dc,5.0,5.0,
2019-20,2288,N'koulou,TOR,d,dc,15.0,5.0,
2019-20,2318,Rogerio,SAS,d,ds|e,7.0,5.0,
2019-20,2324,Lee,VER,a,a,5.0,5.0,
2019-20,2391,Ekdal,SAM,c,m|c,7.0,5.0,
2019-20,2633,Kjaer,MIL,d,dc,8.0,5.0,
2019-20,2742,Valzania,ATA,c,c,5.0,5.0,
2019-20,2784,Colley,SAM,d,dc,7.0,5.0,
2019-20,2802,Barilla',PAR,c,c,8.0,5.0,
2019-20,2804,Scozzarella,PAR,c,m|c,4.0,5.0,
2019-20,4307,Romero,GEN,d,dc,9.0,5.0,
2019-20,4323,Zeegelaar,UDI,d,ds|e,3.0,5.0,
2019-20,4400,Shakhov,LEC,c,m|c,5.0,5.0,
2019-20,4412,Rodrigo Becao,UDI,d,dc,7.0,5.0,
2019-20,4425,Joronen,BRE,p,por,6.0,5.0,
2019-20,4429,Chancellor,BRE,d,dc,5.0,5.0,
2019-20,4455,Ragatzu,CAG,a,a,2.0,5.0,
2019-20,4470,Calderoni,LEC,d,ds|e,6.0,5.0,
2019-20,4476,Tabanelli,LEC,c,c|t,3.0,5.0,
2019-20,4886,Pereiro,CAG,c,t|a,7.0,5.0,
2019-20,4899,Singo,TOR,d,dd|dc|e,1.0,5.0,
2019-20,15,Masiello,GEN,d,dd|dc,7.0,4.0,
2019-20,20,Cigarini,CAG,c,m|c,6.0,4.0,
2019-20,27,Grassi,PAR,c,c,8.0,4.0,
2019-20,84,Marrone,VER,d,dc,4.0,4.0,
2019-20,106,Mattiello,CAG,d,dd|ds|e,5.0,4.0,
2019-20,142,Mario Rui,NAP,d,ds|e,5.0,4.0,
2019-20,224,De Maio,UDI,d,dc,6.0,4.0,
2019-20,272,Medel,BOL,c,m,5.0,4.0,
2019-20,306,Cerri,SPA,a,pc,5.0,4.0,
2019-20,327,Patric,LAZ,d,dd|dc|e,2.0,4.0,
2019-20,392,Koulibaly,NAP,d,dc,16.0,4.0,
2019-20,405,Valdifiori,SPA,c,c,3.0,4.0,
2019-20,434,Jajalo,UDI,c,m|c,4.0,4.0,
2019-20,475,Iago Falque,GEN,a,a,21.0,4.0,
2019-20,556,Baselli,TOR,c,c|t,10.0,4.0,
2019-20,557,Benassi,FIO,c,c,15.0,4.0,
2019-20,627,Ionita,CAG,c,c|t,8.0,4.0,
2019-20,631,Viviani,SPA,c,m|c,4.0,4.0,
2019-20,636,Pazzini,VER,a,pc,10.0,4.0,
2019-20,637,Siligardi,PAR,a,w,8.0,4.0,
2019-20,790,Samir,UDI,d,ds|dc,7.0,4.0,
2019-20,1869,Pisacane,CAG,d,dd|ds|dc,4.0,4.0,
2019-20,1933,Mandragora,UDI,c,m|c,8.0,4.0,
2019-20,2009,Lukic,TOR,c,c,5.0,4.0,
2019-20,2078,Joao Mario N.,INT,c,c|t,4.0,4.0,
2019-20,2116,Farago',CAG,c,e|c,4.0,4.0,
2019-20,2180,Karsdorp,ROM,d,dd|e,4.0,4.0,
2019-20,2192,Bonifazi,SPA,d,dc,8.0,4.0,
2019-20,2193,Gonalons,ROM,c,m|c,4.0,4.0,
2019-20,2208,Jaroszynski,GEN,d,ds|e,4.0,4.0,
2019-20,2334,Leris,SAM,c,c|w,5.0,4.0,
2019-20,2355,Marlon,SAS,d,dc,6.0,4.0,
2019-20,2659,Dabo,SPA,c,m|c,3.0,4.0,
2019-20,2745,Calabresi,BOL,d,dd|dc,4.0,4.0,
2019-20,2758,Gunter,VER,d,dc,5.0,4.0,
2019-20,2773,Sprocati,PAR,a,w|a,6.0,4.0,
2019-20,2780,Coric,ROM,c,t,4.0,4.0,
2019-20,2854,Bradaric F.,CAG,c,m|c,4.0,4.0,
2019-20,2870,Troost-Ekong,UDI,d,dc,5.0,4.0,
2019-20,4330,Lerager,GEN,c,m|c,6.0,4.0,
2019-20,4381,Gumus,GEN,a,a,6.0,4.0,
2019-20,4384,Jagiello,GEN,c,c,5.0,4.0,
2019-20,4388,Adekanye,LAZ,a,a,8.0,4.0,
2019-20,4415,Skov Olsen,BOL,a,a,8.0,4.0,
2019-20,4435,Colley E.,ATA,c,c|w|t,1.0,4.0,
2019-20,4445,Bisoli,BRE,c,m|c,9.0,4.0,
2019-20,4448,Spalek,BRE,c,t,8.0,4.0,
2019-20,4920,Papetti,BRE,d,dc,1.0,4.0,
2019-20,4,Sportiello,ATA,p,por,1.0,3.0,
2019-20,41,Mirante,ROM,p,por,1.0,3.0,
2019-20,50,Mbaye,BOL,d,dd|ds|e,5.0,3.0,
2019-20,92,Matos,UDI,a,w|a,3.0,3.0,
2019-20,173,Capezzi,SAM,c,m|c,3.0,3.0,
2019-20,183,Babacar,LEC,a,pc,14.0,3.0,
2019-20,184,Bernardeschi,JUV,c,w|a,19.0,3.0,
2019-20,241,Tachtsidis,LEC,c,m,5.0,3.0,
2019-20,254,Dimarco,VER,d,ds|e,3.0,3.0,
2019-20,261,Ranocchia,INT,d,dc,2.0,3.0,
2019-20,281,Puscas,INT,a,pc,3.0,3.0,
2019-20,282,Buffon,JUV,p,por,4.0,3.0,
2019-20,338,Lulic,LAZ,c,e|c,12.0,3.0,
2019-20,365,Zapata C.,GEN,d,dc,8.0,3.0,
2019-20,423,Rispoli,LEC,d,dd|e,5.0,3.0,
2019-20,438,Rigoni L,PAR,c,c,3.0,3.0,
2019-20,487,De Silvestri,TOR,d,dd|e,10.0,3.0,
2019-20,510,Pegolo,SAS,p,por,1.0,3.0,
2019-20,528,Magnanelli,SAS,c,m,5.0,3.0,
2019-20,605,Perica,UDI,a,pc,3.0,3.0,
2019-20,770,Pezzella Giu.,PAR,d,ds|e,5.0,3.0,
2019-20,780,Cionek,SPA,d,dc,7.0,3.0,
2019-20,1858,Krejci,BOL,c,e,3.0,3.0,
2019-20,1859,Nagy,BOL,c,m,3.0,3.0,
2019-20,1896,Martella,BRE,d,ds|e,6.0,3.0,
2019-20,1999,Lukaku J.,LAZ,d,e,3.0,3.0,
2019-20,2003,Murgia,SPA,c,m|c,7.0,3.0,
2019-20,2007,Wallace,LAZ,d,dc,3.0,3.0,
2019-20,2057,Gustafson,TOR,c,c|t,3.0,3.0,
2019-20,2073,Ragusa,VER,a,a,3.0,3.0,
2019-20,2083,Biraschi,GEN,d,dd|dc,8.0,3.0,
2019-20,2174,Venuti,FIO,d,dd|ds|e,4.0,3.0,
2019-20,2213,Cassata,GEN,c,c,2.0,3.0,
2019-20,2246,Ceravolo,PAR,a,pc,3.0,3.0,
2019-20,2261,Vicari,SPA,d,dc,7.0,3.0,
2019-20,2279,Romagna,SAS,d,dc,5.0,3.0,
2019-20,2302,Behrami,GEN,c,m,2.0,3.0,
2019-20,2317,Brignola,SAS,a,a,3.0,3.0,
2019-20,2392,Walace,UDI,c,m,7.0,3.0,
2019-20,2739,Reca,SPA,d,ds|e,4.0,3.0,
2019-20,2740,Varnier,ATA,d,dc,3.0,3.0,
2019-20,2776,Younes,NAP,c,w|a,8.0,3.0,
2019-20,2787,Dickmann,SPA,d,dd|e,3.0,3.0,
2019-20,2789,Meite',TOR,c,m|c,9.0,3.0,
2019-20,2835,Kingsley,BOL,c,c|t,2.0,3.0,
2019-20,2842,Zanimacchia,JUV,a,a,1.0,3.0,
2019-20,2855,Vieira,SAM,c,m|c,4.0,3.0,
2019-20,2865,Aina,TOR,d,e,8.0,3.0,
2019-20,2871,Klavan,CAG,d,dc,6.0,3.0,
2019-20,4228,Ghezzal,FIO,c,w|a,13.0,3.0,
2019-20,4327,Oliva,CAG,c,m,3.0,3.0,
2019-20,4332,Demiral,JUV,d,dc,8.0,3.0,
2019-20,4333,Despodov,CAG,a,a,3.0,3.0,
2019-20,4373,Mateju,BRE,d,dd|ds|e,5.0,3.0,
2019-20,4399,Vera,LEC,d,ds|e,2.0,3.0,
2019-20,4404,Thorsby,SAM,c,c,5.0,3.0,
2019-20,4407,Igor,FIO,d,ds|dc,7.0,3.0,
2019-20,4413,Aye',BRE,a,pc,7.0,3.0,
2019-20,4424,Jony,LAZ,c,e|w,6.0,3.0,
2019-20,4444,Semprini,BRE,d,dd|dc|e,2.0,3.0,
2019-20,4472,Meccariello,LEC,d,dc,4.0,3.0,
2019-20,4474,Haye,LEC,c,c|t,3.0,3.0,
2019-20,4529,Ankersen,GEN,d,dd|e,4.0,3.0,
2019-20,4880,Bjarnason,BRE,c,c,5.0,3.0,
2019-20,4888,Sutalo,ATA,d,dd|dc,1.0,3.0,
2019-20,4890,Tameze,ATA,c,m|c,5.0,3.0,
2019-20,4945,Calafiori,ROM,d,ds|e,1.0,3.0,
2019-20,11,Conti,MIL,d,dd|e,5.0,2.0,
2019-20,54,Rossettini,LEC,d,dd|dc,5.0,2.0,
2019-20,99,Cacciatore,CAG,d,dd|ds|e,7.0,2.0,
2019-20,126,Paloschi,CAG,a,pc,9.0,2.0,
2019-20,141,Laurini,PAR,d,dd|e,7.0,2.0,
2019-20,169,Tomovic,SPA,d,dd|dc,4.0,2.0,
2019-20,170,Badelj,FIO,c,m|c,6.0,2.0,
2019-20,235,Laxalt,MIL,c,e,5.0,2.0,
2019-20,256,Juan Jesus,ROM,d,ds|dc,5.0,2.0,
2019-20,259,Murillo,SAM,d,dc,9.0,2.0,
2019-20,262,Santon,ROM,d,dd|ds|e,3.0,2.0,
2019-20,305,Sturaro,GEN,c,m|c,6.0,2.0,
2019-20,366,Bertolacci,SAM,c,c,5.0,2.0,
2019-20,390,Ghoulam,NAP,d,ds|e,12.0,2.0,
2019-20,395,Strinic,MIL,d,ds|e,2.0,2.0,
2019-20,418,Goldaniga,GEN,d,dc,4.0,2.0,
2019-20,490,Regini,PAR,d,ds|dc|e,2.0,2.0,
2019-20,517,Dell'orco,LEC,d,ds|dc,4.0,2.0,
2019-20,519,Gazzola,PAR,d,dd|e,2.0,2.0,
2019-20,521,Peluso,SAS,d,ds|dc,3.0,2.0,
2019-20,533,Floccari,SPA,a,pc,7.0,2.0,
2019-20,554,Zappacosta,ROM,d,dd|e,9.0,2.0,
2019-20,819,Favilli,GEN,a,pc,5.0,2.0,
2019-20,1847,Caldara,ATA,d,dc,4.0,2.0,
2019-20,1891,Ceccherini,FIO,d,dd|dc,5.0,2.0,
2019-20,1930,Pinsoglio,JUV,p,por,1.0,2.0,
2019-20,1979,Barreca,GEN,d,ds|e,6.0,2.0,
2019-20,2016,Fazio,ROM,d,dc,9.0,2.0,
2019-20,2062,Bastos,LAZ,d,dc,6.0,2.0,
2019-20,2104,Bereszynski,SAM,d,dd|e,6.0,2.0,
2019-20,2504,Can,JUV,c,m|c,14.0,2.0,
2019-20,2653,Lykogiannis,CAG,d,ds|e,4.0,2.0,
2019-20,2743,Santander,BOL,a,pc,12.0,2.0,
2019-20,2746,Dijks,BOL,d,ds|e,8.0,2.0,
2019-20,2747,Paz,LEC,d,ds|dc,1.0,2.0,
2019-20,2754,Hancko,FIO,d,ds|dc,2.0,2.0,
2019-20,2769,Magnani,SAS,d,dc,6.0,2.0,
2019-20,2795,Ter Avest,UDI,d,dd|e,4.0,2.0,
2019-20,2825,Bourabia,SAS,c,c,6.0,2.0,
2019-20,2839,Sottil,FIO,a,a,3.0,2.0,
2019-20,2868,Rigoni E,SAM,a,a,15.0,2.0,
2019-20,2869,Djidji,TOR,d,ds|dc,7.0,2.0,
2019-20,4322,Paqueta',MIL,c,t,15.0,2.0,
2019-20,4331,Ibanez,ROM,d,dc,2.0,2.0,
2019-20,4374,Walukiewicz,CAG,d,dc,3.0,2.0,
2019-20,4385,Lazaro,INT,c,e,8.0,2.0,
2019-20,4390,Anderson D.,LAZ,c,e,1.0,2.0,
2019-20,4393,Schouten,BOL,c,c|t,4.0,2.0,
2019-20,4401,Gabbia,MIL,d,dc,1.0,2.0,
2019-20,4403,Chabot,SAM,d,dc,4.0,2.0,
2019-20,4405,Maroni,SAM,c,t,7.0,2.0,
2019-20,4414,Denswil,BOL,d,ds|dc,7.0,2.0,
2019-20,4441,Andrenacci,BRE,p,por,1.0,2.0,
2019-20,4442,Cistana,BRE,d,dd|dc,7.0,2.0,
2019-20,4447,Ndoj,BRE,c,c,7.0,2.0,
2019-20,4459,Rovella,GEN,c,m|c,1.0,2.0,
2019-20,4492,Balkovec,VER,d,ds|e,2.0,2.0,
2019-20,4501,Obiang,SAS,c,m|c,10.0,2.0,
2019-20,4504,Mangraviti,BRE,d,dc,1.0,2.0,
2019-20,4515,Agudelo,FIO,c,c,4.0,2.0,
2019-20,4526,Arana,ATA,d,e,7.0,2.0,
2019-20,4879,Skrabb,BRE,a,t|a,4.0,2.0,
2019-20,4885,Villar,ROM,c,c,3.0,2.0,
2019-20,4896,Maldini,MIL,c,t|a,1.0,2.0,
2019-20,4921,Askildsen,SAM,c,c,1.0,2.0,
2019-20,4925,Carboni A.,CAG,d,ds|dc,1.0,2.0,
2019-20,3,Radunovic,VER,p,por,1.0,1.0,
2019-20,5,Almici,VER,d,dd|e,1.0,1.0,
2019-20,40,Da Costa,BOL,p,por,1.0,1.0,
2019-20,42,Sarr M.,BOL,p,por,1.0,1.0,
2019-20,45,Ferrari A.,SAM,d,dd|dc,4.0,1.0,
2019-20,47,Gastaldello,BRE,d,dc,3.0,1.0,
2019-20,81,Di Gaudio,VER,c,w,4.0,1.0,
2019-20,97,Seculin,SAM,p,por,1.0,1.0,
2019-20,111,Birsa,CAG,c,t,7.0,1.0,
2019-20,118,Radovanovic,GEN,c,m,6.0,1.0,
2019-20,144,Tonelli,SAM,d,dc,5.0,1.0,
2019-20,148,Krunic,MIL,c,c|t,13.0,1.0,
2019-20,216,Donnarumma An.,MIL,p,por,1.0,1.0,
2019-20,220,Ujkani,TOR,p,por,1.0,1.0,
2019-20,247,Pavoletti,CAG,a,pc,26.0,1.0,
2019-20,248,Berni,INT,p,por,1.0,1.0,
2019-20,264,Bessa,VER,c,c|t,9.0,1.0,
2019-20,294,Rugani,JUV,d,dc,7.0,1.0,
2019-20,295,Asamoah,INT,d,ds|e,10.0,1.0,
2019-20,299,Khedira,JUV,c,c,10.0,1.0,
2019-20,317,Guerrieri,LAZ,p,por,1.0,1.0,
2019-20,318,Marchetti,GEN,p,por,1.0,1.0,
2019-20,331,Biglia,MIL,c,m|c,8.0,1.0,
2019-20,358,De Sciglio,JUV,d,dd|ds|e,5.0,1.0,
2019-20,380,Matri,SAS,a,pc,4.0,1.0,
2019-20,386,Rafael Cabral,SAM,p,por,1.0,1.0,
2019-20,387,Reina,MIL,p,por,1.0,1.0,
2019-20,393,Luperto,NAP,d,ds|dc,3.0,1.0,
2019-20,412,Colombi,PAR,p,por,1.0,1.0,
2019-20,447,La Gumina,SAM,a,pc,6.0,1.0,
2019-20,457,Crescenzi,VER,d,dd|ds|e,1.0,1.0,
2019-20,472,Destro,GEN,a,pc,19.0,1.0,
2019-20,491,Salamon,SPA,d,dc,3.0,1.0,
2019-20,493,Zukanovic,SPA,d,ds|dc,5.0,1.0,
2019-20,494,Barreto,SAM,c,m|c,5.0,1.0,
2019-20,540,Gomis A.,SPA,p,por,1.0,1.0,
2019-20,542,Ichazo,GEN,p,por,1.0,1.0,
2019-20,543,Padelli,INT,p,por,1.0,1.0,
2019-20,570,Karnezis,NAP,p,por,1.0,1.0,
2019-20,574,Scuffet,UDI,p,por,1.0,1.0,
2019-20,589,Badu,VER,c,m|c,6.0,1.0,
2019-20,606,Thereau,FIO,a,a,1.0,1.0,
2019-20,611,Rafael,CAG,p,por,1.0,1.0,
2019-20,630,Sala,SPA,d,dd|e,4.0,1.0,
2019-20,633,Fares,SPA,c,e,7.0,1.0,
2019-20,640,Chiriches,SAS,d,dc,4.0,1.0,
2019-20,654,Alastra,PAR,p,por,1.0,1.0,
2019-20,666,Machin,PAR,c,c,1.0,1.0,
2019-20,673,Perisan,UDI,p,por,1.0,1.0,
2019-20,708,Felipe,SPA,d,dc,6.0,1.0,
2019-20,767,Tupta,VER,a,pc,1.0,1.0,
2019-20,805,Fiamozzi,LEC,d,dd|e,2.0,1.0,
2019-20,824,Adjapong,VER,d,dd|e,3.0,1.0,
2019-20,1839,Edera,TOR,a,a,4.0,1.0,
2019-20,1843,Radu I.,PAR,p,por,8.0,1.0,
2019-20,1868,Murru,SAM,d,ds|e,8.0,1.0,
2019-20,1871,Deiola,LEC,c,c,2.0,1.0,
2019-20,1875,Munari,PAR,c,m|c,1.0,1.0,
2019-20,1876,Pajac,GEN,d,ds|e,5.0,1.0,
2019-20,1946,Aresti,CAG,p,por,1.0,1.0,
2019-20,1976,Mazzitelli,SAS,c,c,2.0,1.0,
2019-20,1982,Parigini,GEN,c,w,2.0,1.0,
2019-20,1998,Pjaca,JUV,a,a,4.0,1.0,
2019-20,2048,Lo Faso,LEC,a,t|a,2.0,1.0,
2019-20,2075,Cristoforo,FIO,c,m|c,3.0,1.0,
2019-20,2091,Plizzari,MIL,p,por,1.0,1.0,
2019-20,2096,Cucchietti,TOR,p,por,1.0,1.0,
2019-20,2106,Morosini,BRE,c,t|a,8.0,1.0,
2019-20,2127,Satalino,SAS,p,por,1.0,1.0,
2019-20,2129,Simic L,SAM,d,dc,1.0,1.0,
2019-20,2134,Falcone,SAM,p,por,1.0,1.0,
2019-20,2144,Coulibaly M.,UDI,c,c,1.0,1.0,
2019-20,2146,Han,JUV,a,pc,4.0,1.0,
2019-20,2157,Biancu,CAG,c,c|t,1.0,1.0,
2019-20,2168,Musacchio,MIL,d,dc,7.0,1.0,
2019-20,2169,Rodriguez R.,MIL,d,ds|e,8.0,1.0,
2019-20,2171,Lyanco,TOR,d,dc,8.0,1.0,
2019-20,2191,Ingelsson,UDI,c,c|w,1.0,1.0,
2019-20,2210,Falletti,BOL,c,t,1.0,1.0,
2019-20,2212,Vaisanen,SPA,d,dc,1.0,1.0,
2019-20,2243,Ciciretti,NAP,c,w|t,1.0,1.0,
2019-20,2270,Zaccagno,TOR,p,por,1.0,1.0,
2019-20,2271,Nicolas,UDI,p,por,1.0,1.0,
2019-20,2290,Eysseric,VER,c,w|t,4.0,1.0,
2019-20,2294,Cerofolini,FIO,p,por,1.0,1.0,
2019-20,2297,Rossi F.,ATA,p,por,1.0,1.0,
2019-20,2312,Hristov,FIO,d,dc,1.0,1.0,
2019-20,2325,Karamoh,PAR,a,a,12.0,1.0,
2019-20,2378,Pastore,ROM,c,t,11.0,1.0,
2019-20,2389,Imbula,LEC,c,m|c,7.0,1.0,
2019-20,2646,Sandro,GEN,c,m|c,2.0,1.0,
2019-20,2657,Antonucci,ROM,a,a,2.0,1.0,
2019-20,2664,El Yamiq,GEN,d,dc,2.0,1.0,
2019-20,2724,Buongiorno,TOR,d,dc,1.0,1.0,
2019-20,2726,Danzi,VER,c,m|c,2.0,1.0,
2019-20,2752,Rasmussen,FIO,d,dc,2.0,1.0,
2019-20,2761,Vodisek,GEN,p,por,1.0,1.0,
2019-20,2770,Proto,LAZ,p,por,1.0,1.0,
2019-20,2771,Berisha V.,LAZ,c,c|t,5.0,1.0,
2019-20,2772,Durmisi,LAZ,d,ds|e,2.0,1.0,
2019-20,2781,Fuzato,ROM,p,por,1.0,1.0,
2019-20,2783,Bianda,ROM,d,dc,1.0,1.0,
2019-20,2790,Rosati,TOR,p,por,1.0,1.0,
2019-20,2793,Opoku,UDI,d,dc,2.0,1.0,
2019-20,2794,Micin,UDI,a,a,1.0,1.0,
2019-20,2805,Baraye,PAR,a,a,1.0,1.0,
2019-20,2809,Vigorito,LEC,p,por,1.0,1.0,
2019-20,2828,Colombatto,CAG,c,m|c,1.0,1.0,
2019-20,2844,Colidio,INT,a,pc,1.0,1.0,
2019-20,2852,Riccardi,ROM,c,c|t,1.0,1.0,
2019-20,2853,Moncini,SPA,a,pc,5.0,1.0,
2019-20,2860,Malcuit,NAP,d,dd|e,8.0,1.0,
2019-20,2873,Teodorczyk,UDI,a,pc,8.0,1.0,
2019-20,4302,Sierralta,UDI,d,dd|dc,2.0,1.0,
2019-20,4325,Jandrei,GEN,p,por,1.0,1.0,
2019-20,4338,Jankovic,SPA,c,w|t,3.0,1.0,
2019-20,4346,Millico,TOR,a,a,1.0,1.0,
2019-20,4349,Nicolussi Caviglia,JUV,c,c,1.0,1.0,
2019-20,4351,Brancolini,FIO,p,por,1.0,1.0,
2019-20,4353,Montiel,FIO,c,t|a,1.0,1.0,
2019-20,4359,Piccoli,ATA,a,pc,1.0,1.0,
2019-20,4362,Beloko,FIO,c,m|c,1.0,1.0,
2019-20,4364,Gaetano,NAP,c,t,1.0,1.0,
2019-20,4365,Corbo,BOL,d,dc,1.0,1.0,
2019-20,4366,Armini,LAZ,d,dd|ds|dc,1.0,1.0,
2019-20,4370,Portanova,JUV,c,c,1.0,1.0,
2019-20,4375,Terzic,FIO,d,ds|e,1.0,1.0,
2019-20,4376,Zurkowski,FIO,c,c,6.0,1.0,
2019-20,4378,Ranieri L.,FIO,d,ds|dc,1.0,1.0,
2019-20,4383,Zennaro,GEN,c,c|t,1.0,1.0,
2019-20,4386,Sala M,SAS,d,ds|e,1.0,1.0,
2019-20,4387,Adorante,PAR,a,pc,1.0,1.0,
2019-20,4389,Anderson A.,LAZ,c,t,2.0,1.0,
2019-20,4391,Casasola,LAZ,d,dd|dc|e,1.0,1.0,
2019-20,4392,Rizzo N,GEN,d,dc,1.0,1.0,
2019-20,4397,Vavro,LAZ,d,dc,9.0,1.0,
2019-20,4398,Benzar,LEC,d,dd|e,6.0,1.0,
2019-20,4406,Tripaldelli,SAS,d,ds|e,2.0,1.0,
2019-20,4410,Borghetto,VER,p,por,1.0,1.0,
2019-20,4411,Agoume,INT,c,c,1.0,1.0,
2019-20,4420,Bocchetti,VER,d,ds|dc,7.0,1.0,
2019-20,4432,Okoli,ATA,d,dc,1.0,1.0,
2019-20,4436,Cambiaghi,ATA,a,a,1.0,1.0,
2019-20,4438,Cassandro,BOL,d,dd|dc|e,1.0,1.0,
2019-20,4440,Alfonso,BRE,p,por,1.0,1.0,
2019-20,4443,Curcio,BRE,d,ds|e,2.0,1.0,
2019-20,4450,Tremolada,BRE,c,t,1.0,1.0,
2019-20,4451,Viviani M.,BRE,c,m|c,1.0,1.0,
2019-20,4454,Pinna,CAG,d,dd|e,1.0,1.0,
2019-20,4458,Candela,GEN,d,dd|ds|e,1.0,1.0,
2019-20,4460,Schafer,GEN,c,e|c,1.0,1.0,
2019-20,4463,Esposito,INT,a,pc,1.0,1.0,
2019-20,4464,Merola,INT,a,a,1.0,1.0,
2019-20,4465,Fagioli,JUV,c,t,1.0,1.0,
2019-20,4467,Jorge Silva,LAZ,d,dc,2.0,1.0,
2019-20,4468,Bleve,LEC,p,por,1.0,1.0,
2019-20,4469,Milli,LEC,p,por,1.0,1.0,
2019-20,4473,Riccardi D,LEC,d,dc,1.0,1.0,
2019-20,4480,Minelli,PAR,d,dc,1.0,1.0,
2019-20,4481,Bouah,ROM,d,dd|e,1.0,1.0,
2019-20,4483,Cangiano,BOL,a,a,1.0,1.0,
2019-20,4485,Thiam D.,SPA,p,por,1.0,1.0,
2019-20,4487,Ferigra,TOR,d,dc,1.0,1.0,
2019-20,4488,Gilli,TOR,d,dd|e,1.0,1.0,
2019-20,4489,Rauti,TOR,a,pc,1.0,1.0,
2019-20,4490,De Angelis,TOR,c,c|t,1.0,1.0,
2019-20,4491,Berardi A.,VER,p,por,1.0,1.0,
2019-20,4493,Dawidowicz,VER,d,dc,5.0,1.0,
2019-20,4494,Empereur,VER,d,ds|dc,4.0,1.0,
2019-20,4496,Vitale L,VER,d,ds|e,4.0,1.0,
2019-20,4498,Henderson L.,VER,c,c,4.0,1.0,
2019-20,4499,Lucas Felippe,VER,c,c,1.0,1.0,
2019-20,4502,Gallo,LEC,d,ds|e,1.0,1.0,
2019-20,4506,Lakti,FIO,c,e|m,1.0,1.0,
2019-20,4507,Tutino,VER,a,a,1.0,1.0,
2019-20,4508,Bahlouli,SAM,a,a,1.0,1.0,
2019-20,4509,Cipriano,LAZ,d,dc,1.0,1.0,
2019-20,4511,Duarte,MIL,d,dc,9.0,1.0,
2019-20,4518,Russo A.,SAS,p,por,1.0,1.0,
2019-20,4519,Cetin,ROM,d,dc,5.0,1.0,
2019-20,4520,Letica,SPA,p,por,1.0,1.0,
2019-20,4523,Avogadri,SAM,p,por,1.0,1.0,
2019-20,4525,Gemello,TOR,p,por,1.0,1.0,
2019-20,4527,Pedro G.,FIO,a,pc,10.0,1.0,
2019-20,4528,Gasolina Wesley,JUV,d,dd|e,1.0,1.0,
2019-20,4862,Diallo Am.,ATA,a,a,1.0,1.0,
2019-20,4865,Cleonise,GEN,a,a,1.0,1.0,
2019-20,4867,Turati,SAS,p,por,1.0,1.0,
2019-20,4868,Tunjov,SPA,c,c|t,1.0,1.0,
2019-20,4878,Begovic,MIL,p,por,1.0,1.0,
2019-20,4881,Czyborra,ATA,d,ds|e,4.0,1.0,
2019-20,4882,Eriksson,GEN,c,m|c,4.0,1.0,
2019-20,4883,Breza,BOL,p,por,1.0,1.0,
2019-20,4887,Bellanova,ATA,d,dd|e,1.0,1.0,
2019-20,4889,Chironi,LEC,p,por,1.0,1.0,
2019-20,4897,Pirola,INT,d,dc,1.0,1.0,
2019-20,4917,Prodl,UDI,d,dc,4.0,1.0,
2019-20,4923,Colombo,MIL,a,pc,1.0,1.0,
2019-20,4929,Ciocci,CAG,p,por,1.0,1.0,
2019-20,4940,Gagliano,CAG,a,pc,1.0,1.0,
2020-21,507,Muriel,ATA,a,pc,27.0,43.0,
2020-21,2531,Lukaku,INT,a,pc,42.0,43.0,
2020-21,2610,Ronaldo,JUV,a,pc,48.0,42.0,
2020-21,531,Berardi,SAS,a,a,27.0,38.0,
2020-21,409,Insigne,NAP,a,a,23.0,36.0,
2020-21,2841,Vlahovic,FIO,a,pc,18.0,34.0,
2020-21,608,Zapata D.,ATA,a,pc,40.0,32.0,
2020-21,785,Immobile,LAZ,a,pc,49.0,32.0,
2020-21,2764,Martinez L.,INT,a,pc,30.0,32.0,
2020-21,1997,Simy,CRO,a,pc,13.0,31.0,
2020-21,441,Belotti,TOR,a,pc,29.0,30.0,
2020-21,2529,Mkhitaryan,ROM,c,t|a,24.0,30.0,
2020-21,2530,Ibrahimovic,MIL,a,pc,35.0,29.0,
2020-21,410,Mertens,NAP,a,pc,25.0,28.0,
2020-21,4661,Osimhen,NAP,a,pc,24.0,28.0,
2020-21,313,Morata,JUV,a,pc,24.0,27.0,
2020-21,1850,Kessie',MIL,c,m|c,10.0,27.0,
2020-21,1874,Joao Pedro,CAG,a,a,25.0,27.0,
2020-21,1996,De Paul,UDI,c,t,20.0,27.0,
2020-21,2819,Caputo,SAS,a,pc,34.0,27.0,
2020-21,4427,Malinovskyi,ATA,c,t,17.0,27.0,
2020-21,4517,Lozano,NAP,a,a,11.0,27.0,
2020-21,26,Gomez,ATA,c,t|a,28.0,26.0,
2020-21,152,Zielinski,NAP,c,c|t,12.0,26.0,
2020-21,2002,Chiesa,JUV,c,w|a,23.0,26.0,
2020-21,2475,Sanchez,INT,a,a,24.0,26.0,
2020-21,4160,Hakimi,INT,d,dd|ds|e,20.0,26.0,
2020-21,5233,Mayoral,ROM,a,pc,9.0,26.0,
2020-21,186,Rebic,MIL,a,a,27.0,25.0,
2020-21,472,Destro,GEN,a,pc,9.0,25.0,
2020-21,568,Quagliarella,SAM,a,pc,20.0,25.0,
2020-21,2160,Gosens,ATA,d,e,24.0,25.0,
2020-21,536,Politano,NAP,c,w|a,13.0,24.0,
2020-21,645,Milinkovic-Savic,LAZ,c,c|t,19.0,24.0,
2020-21,5336,Nzola,SPE,a,pc,5.0,24.0,
2020-21,177,Ilicic,ATA,a,a,27.0,23.0,
2020-21,2085,Luis Alberto,LAZ,c,t,25.0,23.0,
2020-21,2215,Veretout,ROM,c,c,15.0,23.0,
2020-21,332,Candreva,SAM,c,e|w,7.0,22.0,
2020-21,1974,Schick,ROM,a,pc,22.0,22.0,
2020-21,2625,Soriano,BOL,c,c|t,13.0,22.0,
2020-21,215,Verde,SPE,a,a,6.0,21.0,
2020-21,632,Zaccagni,VER,c,c|t,12.0,21.0,
2020-21,2195,Ounas,CRO,a,a,5.0,21.0,
2020-21,4292,Hernandez T.,MIL,d,ds|e,21.0,21.0,
2020-21,4970,Messias,CRO,a,a,8.0,21.0,
2020-21,408,Higuain,JUV,a,pc,20.0,20.0,
2020-21,440,Viola,BEN,c,c,9.0,20.0,
2020-21,495,Correa,LAZ,a,a,23.0,20.0,
2020-21,530,Pellegrini Lo.,ROM,c,c|t,15.0,20.0,
2020-21,2137,Scamacca,GEN,a,pc,1.0,20.0,
2020-21,2194,Calhanoglu,MIL,c,t,24.0,20.0,
2020-21,4510,Rafael Leao,MIL,a,a,14.0,20.0,
2020-21,5311,Shomurodov,GEN,a,pc,9.0,20.0,
2020-21,302,Pereyra,UDI,c,w|t,11.0,19.0,
2020-21,2719,Barrow,BOL,a,a,23.0,19.0,
2020-21,245,Pandev,GEN,a,a,10.0,18.0,
2020-21,345,Keita B.,SAM,a,a,13.0,18.0,
2020-21,407,Gabbiadini,SAM,a,pc,17.0,18.0,
2020-21,2167,Orsolini,BOL,a,w|a,16.0,18.0,
2020-21,2172,Barak,VER,c,c|t,11.0,18.0,
2020-21,2284,Caicedo,LAZ,a,pc,17.0,18.0,
2020-21,4973,Mckennie,JUV,c,m|c,6.0,18.0,
2020-21,234,Kucka,PAR,c,c,13.0,17.0,
2020-21,554,Zappacosta,GEN,d,dd|e,6.0,17.0,
2020-21,647,Dzeko,ROM,a,pc,31.0,17.0,
2020-21,788,Freuler,ATA,c,c,11.0,17.0,
2020-21,798,Skriniar,INT,d,dc,8.0,17.0,
2020-21,1870,Barella,INT,c,m|c,12.0,17.0,
2020-21,2077,Pasalic,ATA,c,c|t,17.0,17.0,
2020-21,236,Lazovic,VER,c,e|w,13.0,16.0,
2020-21,254,Dimarco,VER,d,ds|e,4.0,16.0,
2020-21,350,Donnarumma G.,MIL,p,por,16.0,16.0,
2020-21,383,Petagna,NAP,a,pc,13.0,16.0,
2020-21,453,Szczesny,JUV,p,por,17.0,16.0,
2020-21,697,Cuadrado,JUV,d,dd|e,13.0,16.0,
2020-21,827,Locatelli,SAS,c,m|c,12.0,16.0,
2020-21,1995,Djuricic,SAS,c,t,14.0,16.0,
2020-21,2833,Kulusevski,JUV,c,t|a,26.0,16.0,
2020-21,4371,Raspadori,SAS,a,pc,3.0,16.0,
2020-21,250,Handanovic,INT,p,por,18.0,15.0,
2020-21,265,Brozovic,INT,c,c,13.0,15.0,
2020-21,280,Palacio,BOL,a,a,10.0,15.0,
2020-21,309,Dybala,JUV,a,a,31.0,15.0,
2020-21,610,Gollini,ATA,p,por,13.0,15.0,
2020-21,1939,Lapadula,BEN,a,pc,14.0,15.0,
2020-21,1958,Caprari,BEN,a,a,11.0,15.0,
2020-21,1987,Jankto,SAM,c,c|w,11.0,15.0,
2020-21,2556,Eriksen,INT,c,t,17.0,15.0,
2020-21,2788,Bremer,TOR,d,dc,7.0,15.0,
2020-21,2857,Traore' Hj.,SAS,c,c|t,8.0,15.0,
2020-21,4237,Danilo,JUV,d,dd|ds|e,5.0,15.0,
2020-21,4307,Romero,ATA,d,dc,9.0,15.0,
2020-21,5001,Miranchuk,ATA,c,t|a,17.0,15.0,
2020-21,247,Pavoletti,CAG,a,pc,15.0,14.0,
2020-21,315,Zaza,TOR,a,pc,13.0,14.0,
2020-21,581,Faraoni,VER,d,dd|e,14.0,14.0,
2020-21,761,Audero,SAM,p,por,8.0,14.0,
2020-21,2180,Karsdorp,ROM,d,dd|e,3.0,14.0,
2020-21,2201,Under,ROM,c,w|a,14.0,14.0,
2020-21,2296,Mancini,ROM,d,dc,10.0,14.0,
2020-21,2525,Darmian,INT,d,dd|ds|e,7.0,14.0,
2020-21,2741,Pessina,ATA,c,c|t,7.0,14.0,
2020-21,2832,Boga,SAS,a,a,22.0,14.0,
2020-21,4377,Castrovilli,FIO,c,c|t,15.0,14.0,
2020-21,4423,Hernani,PAR,c,m|c,6.0,14.0,
2020-21,4825,Diaz B.,MIL,c,w|t,13.0,14.0,
2020-21,4988,Maggiore,SPE,c,c,5.0,14.0,
2020-21,322,De Vrij,INT,d,dc,15.0,13.0,
2020-21,509,Consigli,SAS,p,por,10.0,13.0,
2020-21,706,Ansaldi,TOR,d,ds|e,8.0,13.0,
2020-21,2263,Lazzari,LAZ,c,e,11.0,13.0,
2020-21,2409,Ribery,FIO,a,a,18.0,13.0,
2020-21,2744,Svanberg,BOL,c,c|t,4.0,13.0,
2020-21,4324,Okaka,UDI,a,pc,15.0,13.0,
2020-21,4359,Piccoli,SPE,a,pc,1.0,13.0,
2020-21,4725,Demme,NAP,c,m,7.0,13.0,
2020-21,4992,Gyasi,SPE,a,a,9.0,13.0,
2020-21,5298,Pobega,SPE,c,c,1.0,13.0,
2020-21,357,Calabria,MIL,d,dd|ds|e,5.0,12.0,
2020-21,479,Sanabria,TOR,a,pc,12.0,12.0,
2020-21,572,Meret,NAP,p,por,8.0,12.0,
2020-21,600,Verre,SAM,c,c|t,8.0,12.0,
2020-21,643,Defrel,SAS,a,a,11.0,12.0,
2020-21,1852,Spinazzola,ROM,d,dd|ds|e,10.0,12.0,
2020-21,1879,Farias,SPE,a,a,9.0,12.0,
2020-21,2012,Milik,NAP,a,pc,24.0,12.0,
2020-21,2061,Simeone,CAG,a,pc,20.0,12.0,
2020-21,2200,Douglas Costa,JUV,c,w,12.0,12.0,
2020-21,2280,Nuytinck,UDI,d,dc,8.0,12.0,
2020-21,2472,Ramsey,JUV,c,t,12.0,12.0,
2020-21,2489,Pedro,ROM,a,w|a,16.0,12.0,
2020-21,2633,Kjaer,MIL,d,dc,8.0,12.0,
2020-21,2775,Ruiz,NAP,c,c|t,14.0,12.0,
2020-21,4415,Skov Olsen,BOL,a,w|a,6.0,12.0,
2020-21,4428,De Ligt,JUV,d,dc,15.0,12.0,
2020-21,4514,Nandez,CAG,c,m|c,10.0,12.0,
2020-21,4751,Tomori,MIL,d,dc,7.0,12.0,
2020-21,4965,Marin,CAG,c,c,7.0,12.0,
2020-21,4978,Damsgaard,SAM,c,w|t|a,6.0,12.0,
2020-21,4998,Molina N.,UDI,d,dd|e,4.0,12.0,
2020-21,5322,Mihaila,PAR,a,a,3.0,12.0,
2020-21,22,De Roon,ATA,c,m|c,9.0,11.0,
2020-21,170,Badelj,GEN,c,m|c,3.0,11.0,
2020-21,218,Perin,GEN,p,por,8.0,11.0,
2020-21,226,Izzo,TOR,d,dd|dc,10.0,11.0,
2020-21,367,Bonaventura,FIO,c,c|w|t,14.0,11.0,
2020-21,467,Nainggolan,CAG,c,c|t,22.0,11.0,
2020-21,474,Gervinho,PAR,a,a,14.0,11.0,
2020-21,537,Sansone,BOL,a,a,9.0,11.0,
2020-21,662,Alex Sandro,JUV,d,ds|e,12.0,11.0,
2020-21,704,Perisic,INT,c,w|a,12.0,11.0,
2020-21,801,Gagliardini,INT,c,m|c,7.0,11.0,
2020-21,1917,Dragowski,FIO,p,por,12.0,11.0,
2020-21,1933,Mandragora,TOR,c,m|c,5.0,11.0,
2020-21,2120,Bastoni,INT,d,dc,12.0,11.0,
2020-21,2178,Cragno,CAG,p,por,11.0,11.0,
2020-21,2816,Di Lorenzo,NAP,d,dd|e,12.0,11.0,
2020-21,4404,Thorsby,SAM,c,m|c,8.0,11.0,
2020-21,4892,Saelemaekers,MIL,c,w,6.0,11.0,
2020-21,4895,Yoshida,SAM,d,dc,7.0,11.0,
2020-21,4963,Insigne R.,BEN,a,w|a,6.0,11.0,
2020-21,5394,Gaich,BEN,a,pc,9.0,11.0,
2020-21,74,Letizia,BEN,d,dd|ds|e,6.0,10.0,
2020-21,252,Biraghi,FIO,d,ds|e,8.0,10.0,
2020-21,387,Reina,LAZ,p,por,1.0,10.0,
2020-21,470,Strootman,GEN,c,m|c,8.0,10.0,
2020-21,787,Djimsiti,ATA,d,dc,9.0,10.0,
2020-21,795,El Shaarawy,ROM,a,w|a,14.0,10.0,
2020-21,1882,Sau,BEN,a,a,8.0,10.0,
2020-21,1895,Ferrari G.,SAS,d,dc,8.0,10.0,
2020-21,1998,Pjaca,GEN,a,a,3.0,10.0,
2020-21,2009,Lukic,TOR,c,c,4.0,10.0,
2020-21,2011,Miguel Veloso,VER,c,m|c,8.0,10.0,
2020-21,2130,Hateboer,ATA,d,dd|e,11.0,10.0,
2020-21,2197,Castagne,ATA,d,e,10.0,10.0,
2020-21,2211,Silvestri,VER,p,por,11.0,10.0,
2020-21,2379,Rabiot,JUV,c,c,10.0,10.0,
2020-21,2468,Ospina,NAP,p,por,8.0,10.0,
2020-21,4421,Augello,SAM,d,ds|e,7.0,10.0,
2020-21,5007,Ilic,VER,c,c|t,4.0,10.0,
2020-21,28,Kurtic,PAR,c,c|t,9.0,9.0,
2020-21,133,Skorupski,BOL,p,por,8.0,9.0,
2020-21,253,D'ambrosio,INT,d,dd|dc|e,8.0,9.0,
2020-21,286,Bonucci,JUV,d,dc,13.0,9.0,
2020-21,397,Allan,NAP,c,m|c,9.0,9.0,
2020-21,505,Bonazzoli,TOR,a,pc,13.0,9.0,
2020-21,513,Acerbi,LAZ,d,dc,15.0,9.0,
2020-21,770,Pezzella Giu.,PAR,d,ds|e,5.0,9.0,
2020-21,1943,Nestorovski,UDI,a,pc,12.0,9.0,
2020-21,2124,Zajc,GEN,c,t,11.0,9.0,
2020-21,2154,Vignato,BOL,a,t|a,3.0,9.0,
2020-21,2164,Milenkovic,FIO,d,dd|dc,14.0,9.0,
2020-21,2181,Palomino,ATA,d,dc,9.0,9.0,
2020-21,2290,Eysseric,FIO,c,w|t,1.0,9.0,
2020-21,2414,Vidal,INT,c,c,19.0,9.0,
2020-21,2653,Lykogiannis,CAG,d,ds|e,2.0,9.0,
2020-21,2784,Colley,SAM,d,dc,8.0,9.0,
2020-21,2792,Musso,UDI,p,por,11.0,9.0,
2020-21,4409,Rrahmani,NAP,d,dd|ds|dc,7.0,9.0,
2020-21,4884,Carles Perez,ROM,a,w|a,9.0,9.0,
2020-21,5332,Bastoni S.,SPE,d,ds|e,1.0,9.0,
2020-21,5393,Man,PAR,a,a,9.0,9.0,
2020-21,5401,Pelle',PAR,a,pc,9.0,9.0,
2020-21,4,Sportiello,ATA,p,por,1.0,8.0,
2020-21,90,Lasagna,VER,a,pc,17.0,8.0,
2020-21,181,Vecino,INT,c,m|c,7.0,8.0,
2020-21,183,Babacar,SAS,a,pc,8.0,8.0,
2020-21,237,Perotti,ROM,c,w,9.0,8.0,
2020-21,238,Rincon,TOR,c,m,5.0,8.0,
2020-21,376,Verdi,TOR,c,w|t|a,14.0,8.0,
2020-21,392,Koulibaly,NAP,d,dc,14.0,8.0,
2020-21,464,Florenzi,ROM,d,dd|e,8.0,8.0,
2020-21,695,Toloi,ATA,d,dc,12.0,8.0,
2020-21,1851,Molina S.,CRO,c,e|w,6.0,8.0,
2020-21,2166,Bentancur,JUV,c,c,13.0,8.0,
2020-21,2205,Berenguer,TOR,c,w|t,8.0,8.0,
2020-21,2287,Ramirez,SAM,c,w|t,16.0,8.0,
2020-21,2304,Salcedo E.,VER,a,pc,7.0,8.0,
2020-21,2315,Stryger Larsen,UDI,d,dd|dc|e,9.0,8.0,
2020-21,2572,Godin,CAG,d,dc,9.0,8.0,
2020-21,2639,Bakayoko,NAP,c,m,8.0,8.0,
2020-21,2739,Reca,CRO,d,ds|e,3.0,8.0,
2020-21,2747,Paz,BOL,d,ds|dc,1.0,8.0,
2020-21,2759,Criscito,GEN,d,ds|dc|e,14.0,8.0,
2020-21,2766,Zaniolo,ROM,c,t,17.0,8.0,
2020-21,2815,Terracciano,FIO,p,por,1.0,8.0,
2020-21,2826,Pussetto,UDI,a,w|a,8.0,8.0,
2020-21,4419,Pau Lopez,ROM,p,por,13.0,8.0,
2020-21,4422,Tomiyasu,BOL,d,dd|dc,8.0,8.0,
2020-21,4479,Elmas,NAP,c,c|t,9.0,8.0,
2020-21,4681,Lopez M.,SAS,c,w|t,6.0,8.0,
2020-21,4886,Pereiro,CAG,c,w|t|a,10.0,8.0,
2020-21,4890,Tameze,VER,c,m|c,6.0,8.0,
2020-21,4899,Singo,TOR,d,dd|dc|e,2.0,8.0,
2020-21,4990,Ricci M.,SPE,c,m|c,6.0,8.0,
2020-21,5004,Forestieri,UDI,a,a,4.0,8.0,
2020-21,5287,Arslan,UDI,c,c|t,3.0,8.0,
2020-21,115,Hetemaj,BEN,c,m|c,3.0,7.0,
2020-21,140,Hysaj,NAP,d,dd|ds|e,6.0,7.0,
2020-21,150,Saponara,SPE,c,t,7.0,7.0,
2020-21,282,Buffon,JUV,p,por,1.0,7.0,
2020-21,312,Mandzukic,MIL,a,pc,11.0,7.0,
2020-21,329,Radu,LAZ,d,ds|dc,8.0,7.0,
2020-21,430,Brugman,PAR,c,m|c,5.0,7.0,
2020-21,459,Manolas,NAP,d,dc,13.0,7.0,
2020-21,644,Pulgar,FIO,c,m|c,14.0,7.0,
2020-21,790,Samir,UDI,d,ds|dc,5.0,7.0,
2020-21,1934,Strakosha,LAZ,p,por,15.0,7.0,
2020-21,2104,Bereszynski,SAM,d,dd|e,5.0,7.0,
2020-21,2188,Marusic,LAZ,c,e,4.0,7.0,
2020-21,2192,Bonifazi,UDI,d,dc,6.0,7.0,
2020-21,2214,Kolarov,INT,d,ds|dc|e,14.0,7.0,
2020-21,2391,Ekdal,SAM,c,m|c,8.0,7.0,
2020-21,2392,Walace,UDI,c,m,6.0,7.0,
2020-21,2707,Young,INT,d,dd|ds|e,12.0,7.0,
2020-21,2758,Gunter,VER,d,dc,7.0,7.0,
2020-21,2779,Kluivert,ROM,c,w,8.0,7.0,
2020-21,2789,Meite',MIL,c,m|c,6.0,7.0,
2020-21,4242,Dalot,MIL,d,dd|ds|e,4.0,7.0,
2020-21,4285,Arthur,JUV,c,c,15.0,7.0,
2020-21,4333,Despodov,CAG,a,a,8.0,7.0,
2020-21,4393,Schouten,BOL,c,m|c,6.0,7.0,
2020-21,4412,Rodrigo Becao,UDI,d,dc,6.0,7.0,
2020-21,4461,Zappa,CAG,d,dd|e,3.0,7.0,
2020-21,4515,Agudelo,SPE,c,c|t,4.0,7.0,
2020-21,4521,Muldur,SAS,d,dd|dc|e,6.0,7.0,
2020-21,4891,Soumaoro,BOL,d,dc,5.0,7.0,
2020-21,4982,Erlic,SPE,d,dc,6.0,7.0,
2020-21,4994,Vojvoda,TOR,d,dd|e,8.0,7.0,
2020-21,5292,Lammers,ATA,a,pc,11.0,7.0,
2020-21,5375,Maehle,ATA,d,dd|e,4.0,7.0,
2020-21,148,Krunic,MIL,c,c|t,5.0,6.0,
2020-21,244,Ghiglione,GEN,d,dd|e,6.0,6.0,
2020-21,261,Ranocchia,INT,d,dc,2.0,6.0,
2020-21,264,Bessa,VER,c,c|t,3.0,6.0,
2020-21,287,Caceres,FIO,d,dd|ds|dc,7.0,6.0,
2020-21,288,Chiellini,JUV,d,dc,11.0,6.0,
2020-21,294,Rugani,CAG,d,dc,6.0,6.0,
2020-21,460,Romagnoli,MIL,d,dc,13.0,6.0,
2020-21,475,Iago Falque,BEN,a,a,14.0,6.0,
2020-21,487,De Silvestri,BOL,d,dd|e,8.0,6.0,
2020-21,546,Bruno Peres,ROM,d,dd|e,9.0,6.0,
2020-21,627,Ionita,BEN,c,c,6.0,6.0,
2020-21,640,Chiriches,SAS,d,dd|dc,5.0,6.0,
2020-21,729,Pereira P.,CRO,d,dd|e,3.0,6.0,
2020-21,779,Cristante,ROM,c,m|c,8.0,6.0,
2020-21,2006,Lirola,FIO,d,dd|e,8.0,6.0,
2020-21,2038,Pinamonti,INT,a,pc,11.0,6.0,
2020-21,2163,Cornelius,PAR,a,pc,15.0,6.0,
2020-21,2309,Pezzella Ger.,FIO,d,dc,10.0,6.0,
2020-21,2316,Zanellato,CRO,c,c,2.0,6.0,
2020-21,2325,Karamoh,PAR,a,a,5.0,6.0,
2020-21,2327,Stepinski,VER,a,pc,6.0,6.0,
2020-21,2692,Castillejo,MIL,c,w,13.0,6.0,
2020-21,2703,Adrien Silva,SAM,c,c,7.0,6.0,
2020-21,2776,Younes,NAP,a,w|a,6.0,6.0,
2020-21,2814,Provedel,SPE,p,por,1.0,6.0,
2020-21,2839,Sottil,CAG,c,w|a,8.0,6.0,
2020-21,4249,Pereira A.,LAZ,c,t,9.0,6.0,
2020-21,4322,Paqueta',MIL,c,t,6.0,6.0,
2020-21,4330,Lerager,GEN,c,m|c,5.0,6.0,
2020-21,4426,Toljan,SAS,d,dd|ds|e,7.0,6.0,
2020-21,4453,Torregrossa,SAM,a,pc,11.0,6.0,
2020-21,4885,Villar,ROM,c,c,2.0,6.0,
2020-21,4958,Caldirola,BEN,d,ds|dc,6.0,6.0,
2020-21,5010,Ismajli,SPE,d,dc,3.0,6.0,
2020-21,5290,Estevez,SPE,c,c|t,3.0,6.0,
2020-21,5312,Leo' Sena,SPE,c,m|c,2.0,6.0,
2020-21,20,Cigarini,CRO,c,m|c,5.0,5.0,
2020-21,73,Gagliolo,PAR,d,ds|dc,9.0,5.0,
2020-21,142,Mario Rui,NAP,d,ds|e,8.0,5.0,
2020-21,144,Tonelli,SAM,d,dc,6.0,5.0,
2020-21,306,Cerri,CAG,a,pc,4.0,5.0,
2020-21,311,Llorente,UDI,a,pc,10.0,5.0,
2020-21,338,Lulic,LAZ,c,e|c,8.0,5.0,
2020-21,358,De Sciglio,JUV,d,dd|ds|e,5.0,5.0,
2020-21,548,Glik,BEN,d,dc,8.0,5.0,
2020-21,652,Kalinic,VER,a,pc,13.0,5.0,
2020-21,819,Favilli,VER,a,pc,5.0,5.0,
2020-21,1891,Ceccherini,VER,d,dd|dc,4.0,5.0,
2020-21,1978,Sensi,INT,c,c,12.0,5.0,
2020-21,2062,Bastos,LAZ,d,dc,5.0,5.0,
2020-21,2155,Cutrone,FIO,a,pc,12.0,5.0,
2020-21,2196,Galabinov,SPE,a,pc,4.0,5.0,
2020-21,2209,Lucas Leiva,LAZ,c,m|c,8.0,5.0,
2020-21,2252,Marchizza,SPE,d,ds|dc,3.0,5.0,
2020-21,2302,Behrami,GEN,c,m,4.0,5.0,
2020-21,2318,Rogerio,SAS,d,ds|e,6.0,5.0,
2020-21,2769,Magnani,VER,d,dc,5.0,5.0,
2020-21,2818,Bennacer,MIL,c,m|c,8.0,5.0,
2020-21,2865,Aina,TOR,d,dd|e,5.0,5.0,
2020-21,2869,Djidji,CRO,d,ds|dc,2.0,5.0,
2020-21,2870,Troost-Ekong,UDI,d,dc,5.0,5.0,
2020-21,4323,Zeegelaar,UDI,d,ds|e,4.0,5.0,
2020-21,4424,Jony,LAZ,c,e|c,5.0,5.0,
2020-21,4435,Colley E.,VER,a,a,8.0,5.0,
2020-21,4459,Rovella,GEN,c,m|c,1.0,5.0,
2020-21,4493,Dawidowicz,VER,d,dc,4.0,5.0,
2020-21,4522,Amrabat,FIO,c,m|c,10.0,5.0,
2020-21,4530,Kyriakopoulos,SAS,d,ds|e,6.0,5.0,
2020-21,4869,Dominguez,BOL,c,c,7.0,5.0,
2020-21,4964,Vicario,CAG,p,por,1.0,5.0,
2020-21,5002,Vulic,CRO,c,c|t,6.0,5.0,
2020-21,5012,Muriqi,LAZ,a,pc,12.0,5.0,
2020-21,5286,Akpa Akpro,LAZ,c,m|c,1.0,5.0,
2020-21,5310,Hauge,MIL,a,w|a,6.0,5.0,
2020-21,5317,Brunetta,PAR,c,t|a,4.0,5.0,
2020-21,5323,Martinez Quarta,FIO,d,dc,5.0,5.0,
2020-21,15,Masiello,GEN,d,dd|dc,4.0,4.0,
2020-21,41,Mirante,ROM,p,por,1.0,4.0,
2020-21,58,Diawara,ROM,c,m|c,9.0,4.0,
2020-21,118,Radovanovic,GEN,c,m,3.0,4.0,
2020-21,134,Barba,BEN,d,ds|dc,2.0,4.0,
2020-21,184,Bernardeschi,JUV,c,w|t,10.0,4.0,
2020-21,295,Asamoah,CAG,d,ds|e,5.0,4.0,
2020-21,305,Sturaro,VER,c,m|c,4.0,4.0,
2020-21,406,Callejon,FIO,c,w,12.0,4.0,
2020-21,418,Goldaniga,GEN,d,dc,5.0,4.0,
2020-21,425,Terzi,SPE,d,dc,3.0,4.0,
2020-21,428,Benali,CRO,c,c|t,9.0,4.0,
2020-21,526,Duncan,CAG,c,m|c,7.0,4.0,
2020-21,556,Baselli,TOR,c,c,7.0,4.0,
2020-21,633,Fares,LAZ,c,e,6.0,4.0,
2020-21,669,Donsah,BOL,c,m|c,4.0,4.0,
2020-21,772,Kragl,BEN,c,e|w,5.0,4.0,
2020-21,1843,Radu I.,INT,p,por,1.0,4.0,
2020-21,1866,Ceppitelli,CAG,d,dc,8.0,4.0,
2020-21,1915,Tello,BEN,c,c|w,5.0,4.0,
2020-21,2008,Linetty,TOR,c,c,12.0,4.0,
2020-21,2016,Fazio,ROM,d,dc,5.0,4.0,
2020-21,2083,Biraschi,GEN,d,dd|dc|e,5.0,4.0,
2020-21,2119,Deulofeu,UDI,a,w|a,9.0,4.0,
2020-21,2121,Melegoni,GEN,c,c,1.0,4.0,
2020-21,2141,Depaoli,BEN,d,dd|e,6.0,4.0,
2020-21,2174,Venuti,FIO,d,dd|ds|e,3.0,4.0,
2020-21,2179,Sirigu,TOR,p,por,11.0,4.0,
2020-21,2265,Schiattarella,BEN,c,m|c,4.0,4.0,
2020-21,2289,Dalbert,INT,d,ds|e,4.0,4.0,
2020-21,2659,Dabo,BEN,c,m|c,2.0,4.0,
2020-21,2762,Kouame',FIO,a,a,16.0,4.0,
2020-21,2781,Fuzato,ROM,p,por,1.0,4.0,
2020-21,4245,Smalling,ROM,d,dc,11.0,4.0,
2020-21,4331,Ibanez,ROM,d,dc,9.0,4.0,
2020-21,4332,Demiral,JUV,d,dc,6.0,4.0,
2020-21,4384,Jagiello,GEN,c,c,5.0,4.0,
2020-21,4449,Tonali,MIL,c,c,9.0,4.0,
2020-21,4494,Empereur,VER,d,ds|dc,4.0,4.0,
2020-21,4495,Kumbulla,ROM,d,dc,10.0,4.0,
2020-21,4501,Obiang,SAS,c,m|c,5.0,4.0,
2020-21,4881,Czyborra,GEN,d,ds|e,4.0,4.0,
2020-21,4925,Carboni A.,CAG,d,ds|dc,1.0,4.0,
2020-21,4957,Montipo',BEN,p,por,7.0,4.0,
2020-21,4962,Improta,BEN,a,w|a,3.0,4.0,
2020-21,4967,Golemic,CRO,d,dc,5.0,4.0,
2020-21,4996,Pandur,VER,p,por,1.0,4.0,
2020-21,4999,Ouwejan,UDI,d,ds|e,5.0,4.0,
2020-21,5000,Magallan,CRO,d,dc,5.0,4.0,
2020-21,5009,Riviere,CRO,a,pc,9.0,4.0,
2020-21,5328,Gojak,TOR,c,t,8.0,4.0,
2020-21,5395,Braaf,UDI,a,w|a,4.0,4.0,
2020-21,27,Grassi,PAR,c,c,5.0,3.0,
2020-21,45,Ferrari A.,SAM,d,dd|dc,3.0,3.0,
2020-21,84,Marrone,CRO,d,dc,5.0,3.0,
2020-21,139,Dermaku,PAR,d,dc,3.0,3.0,
2020-21,141,Laurini,PAR,d,dd|e,4.0,3.0,
2020-21,159,Sepe,PAR,p,por,9.0,3.0,
2020-21,327,Patric,LAZ,d,dd|dc|e,4.0,3.0,
2020-21,342,Parolo,LAZ,c,m|c,5.0,3.0,
2020-21,365,Zapata C.,GEN,d,dc,5.0,3.0,
2020-21,374,Poli,BOL,c,m|c,3.0,3.0,
2020-21,454,Capradossi,SPE,d,dc,3.0,3.0,
2020-21,578,Danilo Lar.,BOL,d,dc,7.0,3.0,
2020-21,611,Rafael,SPE,p,por,1.0,3.0,
2020-21,824,Adjapong,SAS,d,dd|e,3.0,3.0,
2020-21,1864,Bruno Alves,PAR,d,dc,8.0,3.0,
2020-21,1871,Deiola,CAG,c,m|c,3.0,3.0,
2020-21,1890,Festa,CRO,p,por,1.0,3.0,
2020-21,2143,Cuomo,CRO,d,dc,3.0,3.0,
2020-21,2285,Bani,PAR,d,dc,7.0,3.0,
2020-21,2288,N'koulou,TOR,d,dc,11.0,3.0,
2020-21,2334,Leris,SAM,c,c|w,2.0,3.0,
2020-21,2355,Marlon,SAS,d,dc,7.0,3.0,
2020-21,2378,Pastore,ROM,c,t,5.0,3.0,
2020-21,2724,Buongiorno,TOR,d,ds|dc,1.0,3.0,
2020-21,2746,Dijks,BOL,d,ds|e,7.0,3.0,
2020-21,2825,Bourabia,SAS,c,m|c,6.0,3.0,
2020-21,2854,Bradaric F.,CAG,c,m|c,4.0,3.0,
2020-21,4327,Oliva,CAG,c,m,3.0,3.0,
2020-21,4403,Chabot,SPE,d,dc,3.0,3.0,
2020-21,4407,Igor,FIO,d,ds|dc,5.0,3.0,
2020-21,4463,Esposito,INT,a,pc,3.0,3.0,
2020-21,4491,Berardi A.,VER,p,por,1.0,3.0,
2020-21,4500,Di Carmine,CRO,a,pc,11.0,3.0,
2020-21,4520,Letica,SAM,p,por,1.0,3.0,
2020-21,4529,Ankersen,GEN,d,dd|ds|e,3.0,3.0,
2020-21,4934,Lovato,VER,d,dc,1.0,3.0,
2020-21,4960,Tuia,BEN,d,dc,3.0,3.0,
2020-21,4975,Escalante,LAZ,c,m|c,5.0,3.0,
2020-21,4976,Kalulu,MIL,d,dd|dc,1.0,3.0,
2020-21,4983,Ferrer,SPE,d,dd|e,5.0,3.0,
2020-21,4985,Vignali,SPE,d,dd|e,3.0,3.0,
2020-21,4987,Bartolomei,SPE,c,m|c,6.0,3.0,
2020-21,5086,Zirkzee,PAR,a,pc,6.0,3.0,
2020-21,5289,Crespi,CRO,p,por,1.0,3.0,
2020-21,5307,Valenti,PAR,d,dc,5.0,3.0,
2020-21,5319,Sohm,PAR,c,m,2.0,3.0,
2020-21,5326,Busi,PAR,d,dd|e,4.0,3.0,
2020-21,5329,Makengo,UDI,c,m|c,4.0,3.0,
2020-21,5391,Kokorin,FIO,a,a,10.0,3.0,
2020-21,5420,Darboe,ROM,c,m|c,1.0,3.0,
2020-21,50,Mbaye,BOL,d,dd|ds|e,3.0,2.0,
2020-21,106,Mattiello,SPE,d,dd|ds|e,3.0,2.0,
2020-21,123,Inglese,PAR,a,pc,15.0,2.0,
2020-21,172,Borja Valero,FIO,c,c,5.0,2.0,
2020-21,179,Petriccione,CRO,c,c,5.0,2.0,
2020-21,220,Ujkani,TOR,p,por,1.0,2.0,
2020-21,224,De Maio,UDI,d,dc,6.0,2.0,
2020-21,256,Juan Jesus,ROM,d,ds|dc,5.0,2.0,
2020-21,262,Santon,ROM,d,dd|ds|e,3.0,2.0,
2020-21,272,Medel,BOL,c,m,4.0,2.0,
2020-21,333,Cataldi,LAZ,c,m|c,5.0,2.0,
2020-21,390,Ghoulam,NAP,d,ds|e,3.0,2.0,
2020-21,423,Rispoli,CRO,d,dd|e,5.0,2.0,
2020-21,543,Padelli,INT,p,por,1.0,2.0,
2020-21,767,Tupta,VER,a,pc,2.0,2.0,
2020-21,1839,Edera,TOR,a,w|a,4.0,2.0,
2020-21,1889,Cordaz,CRO,p,por,6.0,2.0,
2020-21,1930,Pinsoglio,JUV,p,por,1.0,2.0,
2020-21,1999,Lukaku J.,LAZ,d,e,3.0,2.0,
2020-21,2076,Rog,CAG,c,m|c,8.0,2.0,
2020-21,2087,Olivera M.,FIO,d,ds|e,1.0,2.0,
2020-21,2116,Farago',BOL,d,dd|e,4.0,2.0,
2020-21,2170,Milinkovic-Savic V.,TOR,p,por,1.0,2.0,
2020-21,2171,Lyanco,TOR,d,dc,6.0,2.0,
2020-21,2213,Cassata,GEN,c,m|c,5.0,2.0,
2020-21,2335,Luiz Felipe,LAZ,d,dc,8.0,2.0,
2020-21,2726,Danzi,VER,c,m|c,1.0,2.0,
2020-21,2794,Micin,UDI,a,a,1.0,2.0,
2020-21,2795,Ter Avest,UDI,d,dd|e,4.0,2.0,
2020-21,2848,Frattesi,SAS,c,c,2.0,2.0,
2020-21,2853,Moncini,BEN,a,pc,3.0,2.0,
2020-21,2871,Klavan,CAG,d,dc,5.0,2.0,
2020-21,2873,Teodorczyk,UDI,a,pc,3.0,2.0,
2020-21,4287,Lobotka,NAP,c,m|c,5.0,2.0,
2020-21,4370,Portanova,GEN,c,c,1.0,2.0,
2020-21,4390,Anderson D.,LAZ,c,e,1.0,2.0,
2020-21,4411,Agoume,SPE,c,c,2.0,2.0,
2020-21,4420,Bocchetti,VER,d,ds|dc,2.0,2.0,
2020-21,4498,Henderson L.,VER,c,c,2.0,2.0,
2020-21,4519,Cetin,VER,d,dc,5.0,2.0,
2020-21,4894,Haraslin,SAS,a,w|a,6.0,2.0,
2020-21,4921,Askildsen,SAM,c,c,2.0,2.0,
2020-21,4959,Foulon,BEN,d,ds|e,1.0,2.0,
2020-21,4966,Gigliotti,CRO,d,ds|dc,3.0,2.0,
2020-21,4979,Ayhan,SAS,d,dc,7.0,2.0,
2020-21,4984,Ramos,SPE,d,ds|e,3.0,2.0,
2020-21,4995,Segre,TOR,c,c,3.0,2.0,
2020-21,5003,Kargbo,CRO,a,a,1.0,2.0,
2020-21,5005,Zoet,SPE,p,por,6.0,2.0,
2020-21,5008,Eduardo Henrique,CRO,c,m|c,5.0,2.0,
2020-21,5293,Mojica,ATA,d,e,5.0,2.0,
2020-21,5318,Tramoni M.,CAG,c,w,1.0,2.0,
2020-21,5320,Paleari,GEN,p,por,1.0,2.0,
2020-21,5327,Osorio,PAR,d,dc,5.0,2.0,
2020-21,5346,Rojas,CRO,c,t,1.0,2.0,
2020-21,5352,Di Serio,BEN,a,pc,1.0,2.0,
2020-21,5353,Balogh,PAR,d,dc,1.0,2.0,
2020-21,5355,Udogie,VER,d,ds|e,1.0,2.0,
2020-21,5376,Pastina,BEN,d,dc,1.0,2.0,
2020-21,5377,Ricci G.,PAR,d,ds|e,1.0,2.0,
2020-21,5381,Dierckx,PAR,d,dc,1.0,2.0,
2020-21,5385,Zagaritis,PAR,d,ds|e,1.0,2.0,
2020-21,5397,Kovalenko,ATA,c,t,6.0,2.0,
2020-21,5398,Reynolds,ROM,d,dd|e,2.0,2.0,
2020-21,5399,Antov,BOL,d,dc,1.0,2.0,
2020-21,5415,Traore' C.,PAR,a,a,1.0,2.0,
2020-21,5422,Zalewski,ROM,c,w|t,1.0,2.0,
2020-21,5439,Kallon,GEN,a,a,1.0,2.0,
2020-21,3,Radunovic,ATA,p,por,1.0,1.0,
2020-21,11,Conti,PAR,d,dd|e,5.0,1.0,
2020-21,40,Da Costa,BOL,p,por,1.0,1.0,
2020-21,42,Sarr M.,BOL,p,por,1.0,1.0,
2020-21,78,Spolli,CRO,d,dc,1.0,1.0,
2020-21,160,Tatarusanu,MIL,p,por,1.0,1.0,
2020-21,216,Donnarumma An.,MIL,p,por,1.0,1.0,
2020-21,235,Laxalt,MIL,d,ds|e,2.0,1.0,
2020-21,299,Khedira,JUV,c,c,4.0,1.0,
2020-21,318,Marchetti,GEN,p,por,1.0,1.0,
2020-21,324,Hoedt,LAZ,d,dc,7.0,1.0,
2020-21,393,Luperto,CRO,d,ds|dc,2.0,1.0,
2020-21,394,Maggio,BEN,d,dd|e,3.0,1.0,
2020-21,400,Dezi,PAR,c,c|t,1.0,1.0,
2020-21,412,Colombi,PAR,p,por,1.0,1.0,
2020-21,434,Jajalo,UDI,c,m|c,6.0,1.0,
2020-21,447,La Gumina,SAM,a,pc,4.0,1.0,
2020-21,490,Regini,SAM,d,ds|dc|e,1.0,1.0,
2020-21,510,Pegolo,SAS,p,por,1.0,1.0,
2020-21,514,Antei,BEN,d,dd|dc,2.0,1.0,
2020-21,517,Dell'orco,SPE,d,ds|dc,4.0,1.0,
2020-21,519,Gazzola,PAR,d,dd|e,1.0,1.0,
2020-21,521,Peluso,SAS,d,ds|dc,4.0,1.0,
2020-21,528,Magnanelli,SAS,c,m,3.0,1.0,
2020-21,550,Maksimovic,NAP,d,dd|dc,9.0,1.0,
2020-21,557,Benassi,VER,c,c|t,9.0,1.0,
2020-21,574,Scuffet,UDI,p,por,1.0,1.0,
2020-21,589,Badu,VER,c,m|c,3.0,1.0,
2020-21,630,Sala,SPE,d,dd|e,4.0,1.0,
2020-21,637,Siligardi,CRO,a,w,4.0,1.0,
2020-21,654,Alastra,PAR,p,por,1.0,1.0,
2020-21,673,Perisan,UDI,p,por,1.0,1.0,
2020-21,1847,Caldara,ATA,d,dc,6.0,1.0,
2020-21,1868,Murru,TOR,d,ds|e,5.0,1.0,
2020-21,1869,Pisacane,CAG,d,dd|ds|dc,4.0,1.0,
2020-21,1876,Pajac,CAG,d,ds|e,1.0,1.0,
2020-21,1921,Zima L.,GEN,p,por,1.0,1.0,
2020-21,1946,Aresti,CAG,p,por,1.0,1.0,
2020-21,1950,Mazzotta,CRO,d,ds|e,4.0,1.0,
2020-21,1979,Barreca,FIO,d,ds|e,3.0,1.0,
2020-21,1982,Parigini,GEN,c,w,3.0,1.0,
2020-21,2007,Wallace,LAZ,d,dc,1.0,1.0,
2020-21,2013,Ricci F.,SAS,a,a,1.0,1.0,
2020-21,2075,Cristoforo,FIO,c,m|c,1.0,1.0,
2020-21,2107,Kiyine,LAZ,c,c|w|t,1.0,1.0,
2020-21,2144,Coulibaly M.,UDI,c,m|c,1.0,1.0,
2020-21,2168,Musacchio,LAZ,d,dc,7.0,1.0,
2020-21,2169,Rodriguez R.,TOR,d,ds|e,9.0,1.0,
2020-21,2208,Jaroszynski,GEN,d,ds|dc|e,1.0,1.0,
2020-21,2244,Del Pinto,BEN,c,m|c,1.0,1.0,
2020-21,2264,Mora,SPE,c,c,4.0,1.0,
2020-21,2271,Nicolas,UDI,p,por,1.0,1.0,
2020-21,2279,Romagna,SAS,d,dc,5.0,1.0,
2020-21,2286,Crociata,CRO,c,c|t,4.0,1.0,
2020-21,2297,Rossi F.,ATA,p,por,1.0,1.0,
2020-21,2357,Cyprien,PAR,c,m|c,7.0,1.0,
2020-21,2664,El Yamiq,GEN,d,dc,1.0,1.0,
2020-21,2722,Ravaglia F.,BOL,p,por,1.0,1.0,
2020-21,2725,Caligara,CAG,c,c,1.0,1.0,
2020-21,2728,Pellegrini Lu.,GEN,d,ds|e,5.0,1.0,
2020-21,2733,Sanogo,BEN,c,c,1.0,1.0,
2020-21,2743,Santander,BOL,a,pc,8.0,1.0,
2020-21,2745,Calabresi,CAG,d,dd|dc,1.0,1.0,
2020-21,2770,Proto,LAZ,p,por,1.0,1.0,
2020-21,2773,Sprocati,PAR,a,w,2.0,1.0,
2020-21,2790,Rosati,FIO,p,por,1.0,1.0,
2020-21,2798,Dini,PAR,p,por,1.0,1.0,
2020-21,2801,Iacoponi,PAR,d,dd|dc,6.0,1.0,
2020-21,2804,Scozzarella,PAR,c,m|c,4.0,1.0,
2020-21,2835,Kingsley,BOL,c,c|t,1.0,1.0,
2020-21,2845,Contini,NAP,p,por,1.0,1.0,
2020-21,2852,Riccardi,ROM,c,c|t,1.0,1.0,
2020-21,2855,Vieira,VER,c,m|c,4.0,1.0,
2020-21,2860,Malcuit,FIO,d,dd|e,4.0,1.0,
2020-21,4335,Schiappacasse,SAS,a,a,1.0,1.0,
2020-21,4346,Millico,TOR,a,a,5.0,1.0,
2020-21,4349,Nicolussi Caviglia,PAR,c,c,1.0,1.0,
2020-21,4351,Brancolini,FIO,p,por,1.0,1.0,
2020-21,4353,Montiel,FIO,c,t|a,1.0,1.0,
2020-21,4365,Corbo,BOL,d,dc,1.0,1.0,
2020-21,4366,Armini,LAZ,d,dd|ds|dc,1.0,1.0,
2020-21,4368,Juwara,BOL,a,a,1.0,1.0,
2020-21,4374,Walukiewicz,CAG,d,dc,4.0,1.0,
2020-21,4387,Adorante,PAR,a,pc,1.0,1.0,
2020-21,4388,Adekanye,LAZ,a,a,2.0,1.0,
2020-21,4397,Vavro,LAZ,d,dc,3.0,1.0,
2020-21,4401,Gabbia,MIL,d,dc,1.0,1.0,
2020-21,4406,Tripaldelli,CAG,d,ds|e,1.0,1.0,
2020-21,4414,Denswil,BOL,d,ds|dc,4.0,1.0,
2020-21,4431,Carnesecchi,ATA,p,por,1.0,1.0,
2020-21,4454,Pinna,CAG,d,dd|e,1.0,1.0,
2020-21,4465,Fagioli,JUV,c,t,1.0,1.0,
2020-21,4487,Ferigra,TOR,d,dc,1.0,1.0,
2020-21,4489,Rauti,TOR,a,pc,1.0,1.0,
2020-21,4511,Duarte,MIL,d,dc,3.0,1.0,
2020-21,4512,Schone,GEN,c,c,8.0,1.0,
2020-21,4523,Avogadri,SAM,p,por,1.0,1.0,
2020-21,4862,Diallo Am.,ATA,a,a,1.0,1.0,
2020-21,4867,Turati,SAS,p,por,1.0,1.0,
2020-21,4883,Breza,BOL,p,por,1.0,1.0,
2020-21,4887,Bellanova,ATA,d,dd|e,1.0,1.0,
2020-21,4888,Sutalo,ATA,d,dc,3.0,1.0,
2020-21,4896,Maldini,MIL,c,t|a,1.0,1.0,
2020-21,4897,Pirola,INT,d,dc,1.0,1.0,
2020-21,4917,Prodl,UDI,d,dc,2.0,1.0,
2020-21,4919,Baldursson,BOL,c,c|t,1.0,1.0,
2020-21,4923,Colombo,MIL,a,pc,1.0,1.0,
2020-21,4929,Ciocci,CAG,p,por,1.0,1.0,
2020-21,4935,Ladinetti,CAG,c,m|c,1.0,1.0,
2020-21,4938,Moro,LAZ,a,a,1.0,1.0,
2020-21,4940,Gagliano,CAG,a,pc,1.0,1.0,
2020-21,4945,Calafiori,ROM,d,ds|e,1.0,1.0,
2020-21,4946,Frabotta,JUV,d,ds|e,1.0,1.0,
2020-21,4950,Dalle Mura,FIO,d,dc,1.0,1.0,
2020-21,4953,Palumbo,UDI,c,c,1.0,1.0,
2020-21,4955,Gori P.,BEN,p,por,1.0,1.0,
2020-21,4956,Manfredini,BEN,p,por,1.0,1.0,
2020-21,4961,Volta,BEN,d,dc,1.0,1.0,
2020-21,4968,Gomelt,CRO,c,c,1.0,1.0,
2020-21,4969,Mustacchio,CRO,c,e|w,1.0,1.0,
2020-21,4972,Vagiannidis,INT,d,dd|e,1.0,1.0,
2020-21,4977,Ravaglia,SAM,p,por,1.0,1.0,
2020-21,4980,Desjardins,SPE,p,por,1.0,1.0,
2020-21,4981,Krapikas,SPE,p,por,1.0,1.0,
2020-21,4986,Acampora,SPE,c,m|c,1.0,1.0,
2020-21,4989,Mastinu,SPE,c,c|w,3.0,1.0,
2020-21,4991,Gudjohnsen,SPE,a,pc,1.0,1.0,
2020-21,4997,Ruegg,VER,d,dd|e,4.0,1.0,
2020-21,5006,Piccini,ATA,d,dd|e,7.0,1.0,
2020-21,5011,Dragus,CRO,a,pc,3.0,1.0,
2020-21,5013,Asoro,GEN,a,a,6.0,1.0,
2020-21,5060,Ake' M.,JUV,a,a,1.0,1.0,
2020-21,5297,Luvumbo,CAG,a,a,2.0,1.0,
2020-21,5300,Hickey,BOL,d,dd|ds|e,2.0,1.0,
2020-21,5303,Males,GEN,a,a,1.0,1.0,
2020-21,5304,Boer,ROM,p,por,1.0,1.0,
2020-21,5306,Alia,LAZ,p,por,1.0,1.0,
2020-21,5316,Amione,VER,d,dc,1.0,1.0,
2020-21,5331,Basit,BEN,c,m|c,1.0,1.0,
2020-21,5333,Gasparini,UDI,p,por,1.0,1.0,
2020-21,5338,Rinaldi,PAR,p,por,1.0,1.0,
2020-21,5341,Eyango,GEN,c,c,1.0,1.0,
2020-21,5345,Farelli,ROM,p,por,1.0,1.0,
2020-21,5354,Ruggeri,ATA,d,ds|e,1.0,1.0,
2020-21,5361,Rabbi,BOL,a,a,1.0,1.0,
2020-21,5365,Dragusin,JUV,d,dc,1.0,1.0,
2020-21,5378,Oddei,SAS,a,a,1.0,1.0,
2020-21,5379,Onguene',GEN,d,dc,5.0,1.0,
2020-21,5406,Di Pardo,JUV,d,e,1.0,1.0,
2020-21,5408,Ghislandi,ATA,d,dd|e,1.0,1.0,
2020-21,5414,Karamoko Is.,SAS,a,a,1.0,1.0,
2020-21,5419,Correia,JUV,a,w|a,1.0,1.0,
2020-21,5421,Camara D.,PAR,c,c,1.0,1.0,
2020-21,5423,Bove,ROM,c,c,1.0,1.0,
2020-21,5424,Amey,BOL,d,dd|dc,1.0,1.0,
2020-21,5425,Urbanski,BOL,c,t,1.0,1.0,
2020-21,5436,Raimondo,BOL,a,pc,1.0,1.0,
2020-21,5438,Kosznovszky,PAR,c,c,1.0,1.0,
2020-21,5443,Diambo,BEN,c,m|c,1.0,1.0,
2021-22,785,Immobile,LAZ,a,pc,38.0,44.0,
2021-22,2531,Lukaku,INT,a,pc,44.0,44.0,
2021-22,2610,Ronaldo,JUV,a,pc,44.0,43.0,
2021-22,531,Berardi,SAS,a,a,31.0,38.0,
2021-22,2841,Vlahovic,JUV,a,pc,34.0,38.0,
2021-22,2764,Martinez L.,INT,a,pc,32.0,34.0,
2021-22,4661,Osimhen,NAP,a,pc,33.0,33.0,
2021-22,4510,Rafael Leao,MIL,a,a,14.0,32.0,
2021-22,410,Mertens,NAP,a,a,25.0,31.0,
2021-22,645,Milinkovic-Savic,LAZ,c,c|t,24.0,30.0,
2021-22,1958,Caprari,VER,a,a,10.0,30.0,
2021-22,2119,Deulofeu,UDI,a,a,11.0,30.0,
2021-22,2137,Scamacca,SAS,a,pc,14.0,30.0,
2021-22,507,Muriel,ATA,a,pc,39.0,29.0,
2021-22,608,Zapata D.,ATA,a,pc,33.0,29.0,
2021-22,2061,Simeone,VER,a,pc,13.0,29.0,
2021-22,2544,Abraham,ROM,a,pc,28.0,29.0,
2021-22,647,Dzeko,INT,a,pc,29.0,28.0,
2021-22,2077,Pasalic,ATA,c,c|t,18.0,28.0,
2021-22,4200,Giroud,MIL,a,pc,20.0,28.0,
2021-22,309,Dybala,JUV,a,a,25.0,27.0,
2021-22,2172,Barak,VER,c,t,17.0,26.0,
2021-22,4268,Arnautovic,BOL,a,pc,24.0,26.0,
2021-22,704,Perisic,INT,c,e|w,13.0,25.0,
2021-22,2194,Calhanoglu,INT,c,t,19.0,25.0,
2021-22,409,Insigne,NAP,a,a,32.0,24.0,
2021-22,441,Belotti,TOR,a,pc,30.0,24.0,
2021-22,1874,Joao Pedro,CAG,a,a,26.0,24.0,
2021-22,2038,Pinamonti,EMP,a,pc,7.0,24.0,
2021-22,2775,Ruiz,NAP,c,c|t,17.0,24.0,
2021-22,215,Verde,SPE,a,a,14.0,23.0,
2021-22,472,Destro,GEN,a,pc,21.0,23.0,
2021-22,530,Pellegrini Lo.,ROM,c,c|t,22.0,23.0,
2021-22,632,Zaccagni,LAZ,c,t|a,18.0,23.0,
2021-22,1870,Barella,INT,c,c,18.0,23.0,
2021-22,2489,Pedro,LAZ,a,a,12.0,23.0,
2021-22,2530,Ibrahimovic,MIL,a,pc,33.0,23.0,
2021-22,4179,Gonzalez N.,FIO,a,a,16.0,23.0,
2021-22,505,Bonazzoli,SAL,a,pc,8.0,22.0,
2021-22,5451,Bajrami,EMP,c,t,10.0,22.0,
2021-22,332,Candreva,SAM,c,w,18.0,21.0,
2021-22,335,Felipe Anderson,LAZ,c,w|a,16.0,21.0,
2021-22,376,Verdi,SAL,c,w|t,11.0,21.0,
2021-22,2719,Barrow,BOL,a,a,18.0,21.0,
2021-22,4184,Brekalo,TOR,a,a,11.0,21.0,
2021-22,152,Zielinski,NAP,c,c|t,24.0,20.0,
2021-22,313,Morata,JUV,a,pc,23.0,20.0,
2021-22,1980,Aramu,VEN,c,w|t,10.0,20.0,
2021-22,2819,Caputo,SAM,a,pc,26.0,20.0,
2021-22,2857,Traore' Hj.,SAS,c,t,14.0,20.0,
2021-22,4371,Raspadori,SAS,a,pc,16.0,20.0,
2021-22,5694,Beto,UDI,a,pc,10.0,20.0,
2021-22,2085,Luis Alberto,LAZ,c,t,25.0,19.0,
2021-22,2529,Mkhitaryan,ROM,c,t|a,30.0,19.0,
2021-22,4292,Hernandez T.,MIL,d,ds|e,21.0,19.0,
2021-22,4427,Malinovskyi,ATA,c,t,26.0,19.0,
2021-22,4449,Tonali,MIL,c,m|c,5.0,19.0,
2021-22,5786,Cabral,FIO,a,pc,23.0,19.0,
2021-22,150,Saponara,FIO,c,w|t,8.0,18.0,
2021-22,495,Correa,INT,a,a,20.0,18.0,
2021-22,697,Cuadrado,JUV,d,dd|e,18.0,18.0,
2021-22,2788,Bremer,TOR,d,dc,12.0,18.0,
2021-22,4312,Maignan,MIL,p,por,15.0,18.0,
2021-22,4517,Lozano,NAP,a,a,24.0,18.0,
2021-22,4890,Tameze,VER,c,m|c,7.0,18.0,
2021-22,5513,Dumfries,INT,d,e,12.0,18.0,
2021-22,5676,Success,UDI,a,a,7.0,18.0,
2021-22,5685,Koopmeiners,ATA,c,m|c,8.0,18.0,
2021-22,392,Koulibaly,NAP,d,dc,12.0,17.0,
2021-22,1850,Kessie',MIL,c,m|c,27.0,17.0,
2021-22,2167,Orsolini,BOL,c,w|a,18.0,17.0,
2021-22,2475,Sanchez,INT,a,a,22.0,17.0,
2021-22,4376,Zurkowski,EMP,c,c,4.0,17.0,
2021-22,4409,Rrahmani,NAP,d,dc,5.0,17.0,
2021-22,5298,Pobega,TOR,c,c,6.0,17.0,
2021-22,453,Szczesny,JUV,p,por,17.0,16.0,
2021-22,479,Sanabria,TOR,a,pc,15.0,16.0,
2021-22,581,Faraoni,VER,d,dd|e,14.0,16.0,
2021-22,798,Skriniar,INT,d,dc,15.0,16.0,
2021-22,1857,Di Francesco F.,EMP,a,w|a,5.0,16.0,
2021-22,2215,Veretout,ROM,c,c,23.0,16.0,
2021-22,2468,Ospina,NAP,p,por,1.0,16.0,
2021-22,4970,Messias,MIL,c,w|t,11.0,16.0,
2021-22,4998,Molina N.,UDI,d,dd|e,12.0,16.0,
2021-22,5529,Henry,VEN,a,pc,12.0,16.0,
2021-22,236,Lazovic,VER,c,e|w,15.0,15.0,
2021-22,250,Handanovic,INT,p,por,17.0,15.0,
2021-22,265,Brozovic,INT,c,m|c,14.0,15.0,
2021-22,286,Bonucci,JUV,d,dc,12.0,15.0,
2021-22,357,Calabria,MIL,d,dd|e,11.0,15.0,
2021-22,367,Bonaventura,FIO,c,c|w|t,11.0,15.0,
2021-22,467,Nainggolan,INT,c,c|t,15.0,15.0,
2021-22,1972,Torreira,FIO,c,m|c,9.0,15.0,
2021-22,4307,Romero,ATA,d,dc,15.0,15.0,
2021-22,4886,Pereiro,CAG,c,w|t,8.0,15.0,
2021-22,4899,Singo,TOR,d,e,6.0,15.0,
2021-22,5471,Djuric,SAL,a,pc,6.0,15.0,
2021-22,316,Berisha,TOR,p,por,1.0,14.0,
2021-22,407,Gabbiadini,SAM,a,a,16.0,14.0,
2021-22,536,Politano,NAP,a,w|a,19.0,14.0,
2021-22,652,Kalinic,VER,a,pc,9.0,14.0,
2021-22,827,Locatelli,JUV,c,m|c,16.0,14.0,
2021-22,1987,Jankto,SAM,c,c|w,14.0,14.0,
2021-22,2002,Chiesa,JUV,c,w|a,29.0,14.0,
2021-22,2009,Lukic,TOR,c,c|t,9.0,14.0,
2021-22,2097,Kean,JUV,a,pc,21.0,14.0,
2021-22,2816,Di Lorenzo,NAP,d,dd|e,11.0,14.0,
2021-22,2848,Frattesi,SAS,c,c,7.0,14.0,
2021-22,4245,Smalling,ROM,d,dc,10.0,14.0,
2021-22,4270,Rui Patricio,ROM,p,por,14.0,14.0,
2021-22,4428,De Ligt,JUV,d,dc,12.0,14.0,
2021-22,4479,Elmas,NAP,c,c|t,7.0,14.0,
2021-22,4825,Diaz B.,MIL,c,w|t,13.0,14.0,
2021-22,4976,Kalulu,MIL,d,dd|dc,2.0,14.0,
2021-22,5119,Samardzic,UDI,c,t,3.0,14.0,
2021-22,5311,Shomurodov,ROM,a,pc,16.0,14.0,
2021-22,5355,Udogie,UDI,d,ds|e|m,4.0,14.0,
2021-22,5515,Okereke,VEN,a,a,7.0,14.0,
2021-22,177,Ilicic,ATA,a,a,21.0,13.0,
2021-22,186,Rebic,MIL,a,a,23.0,13.0,
2021-22,253,D'ambrosio,INT,d,dd|ds|dc,5.0,13.0,
2021-22,302,Pereyra,UDI,c,w|t,17.0,13.0,
2021-22,554,Zappacosta,ATA,d,e,15.0,13.0,
2021-22,2744,Svanberg,BOL,c,c,12.0,13.0,
2021-22,2759,Criscito,GEN,d,ds|dc|e,8.0,13.0,
2021-22,2818,Bennacer,MIL,c,m|c,7.0,13.0,
2021-22,5292,Lammers,ATA,a,pc,13.0,13.0,
2021-22,247,Pavoletti,CAG,a,pc,18.0,12.0,
2021-22,487,De Silvestri,BOL,d,dd|e,7.0,12.0,
2021-22,513,Acerbi,LAZ,d,dc,12.0,12.0,
2021-22,568,Quagliarella,SAM,a,pc,22.0,12.0,
2021-22,2120,Bastoni,INT,d,dc,11.0,12.0,
2021-22,2160,Gosens,INT,d,e,25.0,12.0,
2021-22,2756,Piatek,FIO,a,pc,14.0,12.0,
2021-22,2826,Pussetto,UDI,a,w|a,13.0,12.0,
2021-22,4287,Lobotka,NAP,c,m|c,5.0,12.0,
2021-22,4324,Okaka,UDI,a,pc,12.0,12.0,
2021-22,4658,Ikone',FIO,c,w|a,15.0,12.0,
2021-22,4751,Tomori,MIL,d,dc,12.0,12.0,
2021-22,4904,Mari',UDI,d,dc,7.0,12.0,
2021-22,4973,Mckennie,JUV,c,c,15.0,12.0,
2021-22,4988,Maggiore,SPE,c,c,13.0,12.0,
2021-22,5332,Bastoni S.,SPE,d,ds|e,7.0,12.0,
2021-22,5759,Oliveira,ROM,c,c,14.0,12.0,
2021-22,90,Lasagna,VER,a,pc,12.0,11.0,
2021-22,133,Skorupski,BOL,p,por,9.0,11.0,
2021-22,142,Mario Rui,NAP,d,ds|e,5.0,11.0,
2021-22,252,Biraghi,FIO,d,ds|e,9.0,11.0,
2021-22,254,Dimarco,INT,d,ds|e,8.0,11.0,
2021-22,801,Gagliardini,INT,c,m|c,6.0,11.0,
2021-22,1934,Strakosha,LAZ,p,por,1.0,11.0,
2021-22,2065,Praet,TOR,c,c|t,10.0,11.0,
2021-22,2181,Palomino,ATA,d,dc,8.0,11.0,
2021-22,2263,Lazzari,LAZ,d,dd|e,10.0,11.0,
2021-22,2432,Zakaria,JUV,c,m,13.0,11.0,
2021-22,2525,Darmian,INT,d,e,9.0,11.0,
2021-22,2792,Musso,ATA,p,por,16.0,11.0,
2021-22,2833,Kulusevski,JUV,c,w|t,20.0,11.0,
2021-22,2839,Sottil,FIO,c,w|a,8.0,11.0,
2021-22,4477,La Mantia,EMP,a,pc,7.0,11.0,
2021-22,4515,Agudelo,SPE,c,t|a,7.0,11.0,
2021-22,4681,Lopez M.,SAS,c,c|t,8.0,11.0,
2021-22,4892,Saelemaekers,MIL,c,w,11.0,11.0,
2021-22,4964,Vicario,EMP,p,por,6.0,11.0,
2021-22,5007,Ilic,VER,c,c|t,8.0,11.0,
2021-22,5457,Maleh,FIO,c,c,4.0,11.0,
2021-22,5486,Crnigoj,VEN,c,c|w,3.0,11.0,
2021-22,22,De Roon,ATA,c,m|c,11.0,10.0,
2021-22,333,Cataldi,LAZ,c,m|c,3.0,10.0,
2021-22,383,Petagna,NAP,a,pc,11.0,10.0,
2021-22,509,Consigli,SAS,p,por,12.0,10.0,
2021-22,526,Duncan,FIO,c,m|c,4.0,10.0,
2021-22,649,Manaj,SPE,a,pc,4.0,10.0,
2021-22,761,Audero,SAM,p,por,12.0,10.0,
2021-22,795,El Shaarawy,ROM,a,w|a,11.0,10.0,
2021-22,1871,Deiola,CAG,c,m|c,2.0,10.0,
2021-22,1998,Pjaca,TOR,a,a,4.0,10.0,
2021-22,2170,Milinkovic-Savic V.,TOR,p,por,9.0,10.0,
2021-22,2180,Karsdorp,ROM,d,dd|e,12.0,10.0,
2021-22,2211,Silvestri,UDI,p,por,10.0,10.0,
2021-22,2414,Vidal,INT,c,c,8.0,10.0,
2021-22,2625,Soriano,BOL,c,t,20.0,10.0,
2021-22,2815,Terracciano,FIO,p,por,1.0,10.0,
2021-22,4220,Zambo Anguissa,NAP,c,m|c,7.0,10.0,
2021-22,4412,Rodrigo Becao,UDI,d,dc,5.0,10.0,
2021-22,4498,Henderson L.,EMP,c,c,3.0,10.0,
2021-22,4693,Amiri,GEN,c,c|w|t,9.0,10.0,
2021-22,4957,Montipo',VER,p,por,9.0,10.0,
2021-22,4992,Gyasi,SPE,a,a,13.0,10.0,
2021-22,4994,Vojvoda,TOR,d,e,6.0,10.0,
2021-22,5001,Miranchuk,ATA,c,t|a,15.0,10.0,
2021-22,5300,Hickey,BOL,d,ds|e,3.0,10.0,
2021-22,5675,Theate,BOL,d,dc,7.0,10.0,
2021-22,5788,Sabiri,SAM,c,t,5.0,10.0,
2021-22,5792,Ederson D.s.,SAL,c,m|c,5.0,10.0,
2021-22,5797,Nsame,VEN,a,pc,12.0,10.0,
2021-22,118,Radovanovic,SAL,d,dc,4.0,9.0,
2021-22,148,Krunic,MIL,c,c|t,5.0,9.0,
2021-22,311,Llorente,UDI,a,pc,9.0,9.0,
2021-22,345,Keita B.,CAG,a,a,13.0,9.0,
2021-22,358,De Sciglio,JUV,d,dd|ds|e,4.0,9.0,
2021-22,464,Florenzi,MIL,d,dd|e,9.0,9.0,
2021-22,643,Defrel,SAS,a,a,12.0,9.0,
2021-22,779,Cristante,ROM,c,m|c,7.0,9.0,
2021-22,2155,Cutrone,EMP,a,pc,14.0,9.0,
2021-22,2178,Cragno,CAG,p,por,10.0,9.0,
2021-22,2179,Sirigu,GEN,p,por,8.0,9.0,
2021-22,2253,Bandinelli,EMP,c,c,2.0,9.0,
2021-22,2409,Ribery,SAL,a,a,14.0,9.0,
2021-22,2766,Zaniolo,ROM,c,w|t,19.0,9.0,
2021-22,2778,Stulac,EMP,c,m|c,5.0,9.0,
2021-22,4237,Danilo,JUV,d,dd|ds|e,14.0,9.0,
2021-22,4331,Ibanez,ROM,d,dc,7.0,9.0,
2021-22,4393,Schouten,BOL,c,m|c,7.0,9.0,
2021-22,4404,Thorsby,SAM,c,m|c,9.0,9.0,
2021-22,4422,Tomiyasu,BOL,d,dd|dc,10.0,9.0,
2021-22,4965,Marin,CAG,c,c,12.0,9.0,
2021-22,4982,Erlic,SPE,d,dc,7.0,9.0,
2021-22,5329,Makengo,UDI,c,m|c,2.0,9.0,
2021-22,5526,Scalvini,ATA,d,dc,1.0,9.0,
2021-22,5719,Asllani,EMP,c,m|c,1.0,9.0,
2021-22,5755,Yeboah,GEN,a,pc,11.0,9.0,
2021-22,159,Sepe,SAL,p,por,4.0,8.0,
2021-22,537,Sansone,BOL,a,a,9.0,8.0,
2021-22,706,Ansaldi,TOR,d,e,11.0,8.0,
2021-22,1978,Sensi,SAM,c,c,7.0,8.0,
2021-22,1995,Djuricic,SAS,c,t,15.0,8.0,
2021-22,1997,Simy,SAL,a,pc,18.0,8.0,
2021-22,2006,Lirola,FIO,d,dd|e,8.0,8.0,
2021-22,2121,Melegoni,GEN,c,c,2.0,8.0,
2021-22,2144,Coulibaly M.,SAL,c,m|c,4.0,8.0,
2021-22,2166,Bentancur,JUV,c,c,9.0,8.0,
2021-22,2280,Nuytinck,UDI,d,dc,10.0,8.0,
2021-22,2284,Caicedo,INT,a,pc,14.0,8.0,
2021-22,2323,Nani,VEN,a,a,12.0,8.0,
2021-22,2741,Pessina,ATA,c,c|t,14.0,8.0,
2021-22,2814,Provedel,SPE,p,por,1.0,8.0,
2021-22,2832,Boga,ATA,a,a,17.0,8.0,
2021-22,4332,Demiral,ATA,d,dc,5.0,8.0,
2021-22,4377,Castrovilli,FIO,c,c|t,14.0,8.0,
2021-22,4421,Augello,SAM,d,ds|e,9.0,8.0,
2021-22,4507,Tutino,NAP,a,a,8.0,8.0,
2021-22,4522,Amrabat,FIO,c,m|c,7.0,8.0,
2021-22,5478,Maenpaa,VEN,p,por,1.0,8.0,
2021-22,5479,Ceccaroni,VEN,d,ds|dc,5.0,8.0,
2021-22,5514,Vasquez,GEN,d,dc,7.0,8.0,
2021-22,5520,Cambiaso,GEN,d,dd|ds|e,1.0,8.0,
2021-22,5714,Gondo,SAL,a,pc,3.0,8.0,
2021-22,5796,Supryaga,SAM,a,pc,13.0,8.0,
2021-22,5800,Gudmundsson A.,GEN,c,w|t,10.0,8.0,
2021-22,5801,Mousset,SAL,a,pc,12.0,8.0,
2021-22,27,Grassi,CAG,c,c,3.0,7.0,
2021-22,184,Bernardeschi,JUV,c,w|t,5.0,7.0,
2021-22,288,Chiellini,JUV,d,dc,10.0,7.0,
2021-22,322,De Vrij,INT,d,dc,14.0,7.0,
2021-22,387,Reina,LAZ,p,por,14.0,7.0,
2021-22,475,Iago Falque,TOR,a,a,8.0,7.0,
2021-22,572,Meret,NAP,p,por,14.0,7.0,
2021-22,1847,Caldara,VEN,d,dc,3.0,7.0,
2021-22,1891,Ceccherini,VER,d,dd|dc,4.0,7.0,
2021-22,1943,Nestorovski,UDI,a,pc,9.0,7.0,
2021-22,2016,Fazio,SAL,d,dc,4.0,7.0,
2021-22,2117,Kastanos,SAL,c,c|t,5.0,7.0,
2021-22,2134,Falcone,SAM,p,por,1.0,7.0,
2021-22,2164,Milenkovic,FIO,d,dd|dc,10.0,7.0,
2021-22,2169,Rodriguez R.,TOR,d,ds|e,5.0,7.0,
2021-22,2296,Mancini,ROM,d,dc,14.0,7.0,
2021-22,2309,Pezzella Ger.,FIO,d,dc,7.0,7.0,
2021-22,2392,Walace,UDI,c,m,6.0,7.0,
2021-22,2762,Kouame',FIO,a,a,7.0,7.0,
2021-22,2784,Colley,SAM,d,dc,9.0,7.0,
2021-22,4370,Portanova,GEN,c,c|t,1.0,7.0,
2021-22,4415,Skov Olsen,BOL,c,w|a,9.0,7.0,
2021-22,4459,Rovella,GEN,c,m|c,4.0,7.0,
2021-22,4530,Kyriakopoulos,SAS,d,ds|e,6.0,7.0,
2021-22,4869,Dominguez,BOL,c,m|c,6.0,7.0,
2021-22,4887,Bellanova,CAG,d,dd|e,2.0,7.0,
2021-22,4934,Lovato,CAG,d,dc,4.0,7.0,
2021-22,5004,Forestieri,UDI,a,a,3.0,7.0,
2021-22,5287,Arslan,UDI,c,m|c,8.0,7.0,
2021-22,5397,Kovalenko,SPE,c,t,5.0,7.0,
2021-22,5447,Altare,CAG,d,dc,2.0,7.0,
2021-22,5449,Parisi,EMP,d,ds|e,4.0,7.0,
2021-22,5453,Ricci S.,TOR,c,m|c,5.0,7.0,
2021-22,5481,Mazzocchi,SAL,d,dd|e,4.0,7.0,
2021-22,5496,Johnsen,VEN,a,a,5.0,7.0,
2021-22,5695,Haps,VEN,d,ds|e,3.0,7.0,
2021-22,5807,Jovane,LAZ,a,a,9.0,7.0,
2021-22,45,Ferrari A.,SAM,d,dd|dc,3.0,6.0,
2021-22,76,Romagnoli S.,EMP,d,dc,5.0,6.0,
2021-22,170,Badelj,GEN,c,m|c,8.0,6.0,
2021-22,237,Perotti,SAL,c,w,9.0,6.0,
2021-22,245,Pandev,GEN,a,a,12.0,6.0,
2021-22,406,Callejon,FIO,c,w,7.0,6.0,
2021-22,695,Toloi,ATA,d,dc,9.0,6.0,
2021-22,787,Djimsiti,ATA,d,dc,10.0,6.0,
2021-22,788,Freuler,ATA,c,c,15.0,6.0,
2021-22,790,Samir,UDI,d,ds|dc,7.0,6.0,
2021-22,1852,Spinazzola,ROM,d,ds|e,13.0,6.0,
2021-22,1866,Ceppitelli,CAG,d,dc,6.0,6.0,
2021-22,1895,Ferrari G.,SAS,d,dc,10.0,6.0,
2021-22,1933,Mandragora,TOR,c,m|c,10.0,6.0,
2021-22,2011,Miguel Veloso,VER,c,m|c,8.0,6.0,
2021-22,2076,Rog,CAG,c,m|c,7.0,6.0,
2021-22,2103,Pellegri,TOR,a,pc,4.0,6.0,
2021-22,2130,Hateboer,ATA,d,e,13.0,6.0,
2021-22,2141,Depaoli,VER,d,dd|e,3.0,6.0,
2021-22,2171,Lyanco,TOR,d,dc,6.0,6.0,
2021-22,2614,Odriozola,FIO,d,dd|e,7.0,6.0,
2021-22,2633,Kjaer,MIL,d,dc,12.0,6.0,
2021-22,4407,Igor,FIO,d,ds|dc,4.0,6.0,
2021-22,4433,Zortea,SAL,d,dd|ds|e,4.0,6.0,
2021-22,4514,Nandez,CAG,c,e|m,12.0,6.0,
2021-22,4884,Carles Perez,ROM,a,w|a,8.0,6.0,
2021-22,4983,Ferrer,SPE,d,dd|e,2.0,6.0,
2021-22,5336,Nzola,SPE,a,pc,20.0,6.0,
2021-22,5422,Zalewski,ROM,c,w|t,1.0,6.0,
2021-22,5450,Stojanovic,EMP,d,dd|e,5.0,6.0,
2021-22,5454,Mancuso,EMP,a,pc,13.0,6.0,
2021-22,5498,Casale,VER,d,dd|dc,3.0,6.0,
2021-22,5504,Coulibaly L.,SAL,c,m|c,2.0,6.0,
2021-22,5507,Busio,VEN,c,c,5.0,6.0,
2021-22,5686,Soppy,UDI,d,dd|dc|e,2.0,6.0,
2021-22,5748,Hefti,GEN,d,dd|e,4.0,6.0,
2021-22,5791,Frendrup,GEN,c,m|c,5.0,6.0,
2021-22,5808,Giovinco,SAM,a,a,9.0,6.0,
2021-22,11,Conti,SAM,d,dd|e,2.0,5.0,
2021-22,238,Rincon,SAM,c,m,6.0,5.0,
2021-22,256,Juan Jesus,NAP,d,ds|dc,3.0,5.0,
2021-22,272,Medel,BOL,c,m,2.0,5.0,
2021-22,287,Caceres,CAG,d,dd|ds|dc,5.0,5.0,
2021-22,327,Patric,LAZ,d,dd|dc|e,3.0,5.0,
2021-22,2188,Marusic,LAZ,d,dd|ds|e,6.0,5.0,
2021-22,2209,Lucas Leiva,LAZ,c,m|c,8.0,5.0,
2021-22,2285,Bani,GEN,d,dc,4.0,5.0,
2021-22,2379,Rabiot,JUV,c,c,9.0,5.0,
2021-22,2653,Lykogiannis,CAG,d,ds|e,8.0,5.0,
2021-22,2728,Pellegrini Lu.,JUV,d,ds|e,4.0,5.0,
2021-22,2739,Reca,SPE,d,ds|e,5.0,5.0,
2021-22,2746,Dijks,BOL,d,ds|e,6.0,5.0,
2021-22,2865,Aina,TOR,d,e,5.0,5.0,
2021-22,4185,Maitland-Niles,ROM,d,dd|e,6.0,5.0,
2021-22,4384,Jagiello,GEN,c,c,5.0,5.0,
2021-22,4521,Muldur,SAS,d,dd|e,7.0,5.0,
2021-22,4701,Cuisance,VEN,c,c|t,6.0,5.0,
2021-22,4719,Ampadu,VEN,d,dc,7.0,5.0,
2021-22,4895,Yoshida,SAM,d,dc,9.0,5.0,
2021-22,4979,Ayhan,SAS,d,dd|dc,3.0,5.0,
2021-22,5233,Mayoral,ROM,a,pc,21.0,5.0,
2021-22,5310,Hauge,MIL,a,w|a,5.0,5.0,
2021-22,5322,Mihaila,ATA,a,a,9.0,5.0,
2021-22,5375,Maehle,ATA,d,e,9.0,5.0,
2021-22,5475,Amian,SPE,d,dd|dc,6.0,5.0,
2021-22,5490,Peretz,VEN,c,m|c,5.0,5.0,
2021-22,5494,Di Mariano,VEN,a,a,5.0,5.0,
2021-22,5499,Hongla,VER,c,m|c,4.0,5.0,
2021-22,5500,Cancellieri,VER,a,a,1.0,5.0,
2021-22,5506,Ekuban,GEN,a,a,9.0,5.0,
2021-22,5511,Matheus Henrique,SAS,c,m|c,8.0,5.0,
2021-22,5523,Bianchi F.,GEN,a,pc,1.0,5.0,
2021-22,5673,Antiste,SPE,a,a,4.0,5.0,
2021-22,5674,Basic,LAZ,c,m|c,8.0,5.0,
2021-22,5693,Kiwior,SPE,d,ds|dc,1.0,5.0,
2021-22,5750,Ostigard,GEN,d,dc,4.0,5.0,
2021-22,5784,Aebischer,BOL,c,c,5.0,5.0,
2021-22,5798,Bohinen,SAL,c,m|c,6.0,5.0,
2021-22,5802,Mikael,SAL,a,pc,7.0,5.0,
2021-22,4,Sportiello,ATA,p,por,1.0,4.0,
2021-22,181,Vecino,INT,c,m|c,5.0,4.0,
2021-22,264,Bessa,VER,c,c|t,5.0,4.0,
2021-22,294,Rugani,JUV,d,dc,5.0,4.0,
2021-22,305,Sturaro,GEN,c,m|c,5.0,4.0,
2021-22,306,Cerri,CAG,a,pc,4.0,4.0,
2021-22,393,Luperto,EMP,d,ds|dc,2.0,4.0,
2021-22,434,Jajalo,UDI,c,m|c,3.0,4.0,
2021-22,447,La Gumina,SAM,a,pc,4.0,4.0,
2021-22,460,Romagnoli,MIL,d,dc,7.0,4.0,
2021-22,556,Baselli,CAG,c,c,5.0,4.0,
2021-22,557,Benassi,EMP,c,c|t,4.0,4.0,
2021-22,633,Fares,TOR,d,ds|e,4.0,4.0,
2021-22,640,Chiriches,SAS,d,dd|dc,6.0,4.0,
2021-22,660,Gyomber,SAL,d,dc,4.0,4.0,
2021-22,662,Alex Sandro,JUV,d,ds|e,11.0,4.0,
2021-22,720,Belec,SAL,p,por,5.0,4.0,
2021-22,770,Pezzella Giu.,ATA,d,e,7.0,4.0,
2021-22,799,Bardi,BOL,p,por,1.0,4.0,
2021-22,2083,Biraschi,GEN,d,dd|dc|e,5.0,4.0,
2021-22,2104,Bereszynski,SAM,d,dd|e,7.0,4.0,
2021-22,2154,Vignato,BOL,c,w|t,10.0,4.0,
2021-22,2174,Venuti,FIO,d,dd|ds|e,3.0,4.0,
2021-22,2289,Dalbert,CAG,d,ds|e,5.0,4.0,
2021-22,2318,Rogerio,SAS,d,ds|e,6.0,4.0,
2021-22,2335,Luiz Felipe,LAZ,d,dc,7.0,4.0,
2021-22,2391,Ekdal,SAM,c,m|c,6.0,4.0,
2021-22,2703,Adrien Silva,SAM,c,m|c,6.0,4.0,
2021-22,2724,Buongiorno,TOR,d,ds|dc,6.0,4.0,
2021-22,2758,Gunter,VER,d,dc,6.0,4.0,
2021-22,2855,Vieira,SAM,c,m|c,4.0,4.0,
2021-22,2869,Djidji,TOR,d,ds|dc,2.0,4.0,
2021-22,4285,Arthur,JUV,c,m|c,5.0,4.0,
2021-22,4329,Nikolaou,SPE,d,dc,5.0,4.0,
2021-22,4359,Piccoli,GEN,a,pc,12.0,4.0,
2021-22,4378,Ranieri L.,SAL,d,ds|dc,3.0,4.0,
2021-22,4426,Toljan,SAS,d,dd|ds|e,5.0,4.0,
2021-22,4725,Demme,NAP,c,m,10.0,4.0,
2021-22,4775,Tuanzebe,NAP,d,dd|dc,8.0,4.0,
2021-22,4888,Sutalo,VER,d,dc,2.0,4.0,
2021-22,4891,Soumaoro,BOL,d,dc,7.0,4.0,
2021-22,4925,Carboni A.,CAG,d,ds|dc,5.0,4.0,
2021-22,5354,Ruggeri,SAL,d,ds|e,1.0,4.0,
2021-22,5470,Schiavone,SAL,c,m|c,1.0,4.0,
2021-22,5488,Fiordilino,VEN,c,m|c,6.0,4.0,
2021-22,5491,Taugourdeau,VEN,c,m,4.0,4.0,
2021-22,5495,Forte,VEN,a,pc,9.0,4.0,
2021-22,5508,Vacca,VEN,c,m,1.0,4.0,
2021-22,5509,Vina,ROM,d,ds|e,9.0,4.0,
2021-22,5677,Perez N.,UDI,d,dc,7.0,4.0,
2021-22,5691,Zima,TOR,d,dc,3.0,4.0,
2021-22,5705,Galdames,GEN,c,m|c,5.0,4.0,
2021-22,5718,Viti,EMP,d,dc,1.0,4.0,
2021-22,5728,Afena-Gyan,ROM,a,pc,1.0,4.0,
2021-22,140,Hysaj,LAZ,d,dd|ds|e,6.0,3.0,
2021-22,226,Izzo,TOR,d,dd|dc,8.0,3.0,
2021-22,259,Murillo,SAM,d,dc,3.0,3.0,
2021-22,543,Padelli,UDI,p,por,1.0,3.0,
2021-22,550,Maksimovic,GEN,d,dd|dc,7.0,3.0,
2021-22,560,Obi,SAL,c,m|c,4.0,3.0,
2021-22,630,Sala,SPE,d,dd|e,2.0,3.0,
2021-22,819,Favilli,GEN,a,pc,3.0,3.0,
2021-22,1868,Murru,SAM,d,ds|e,3.0,3.0,
2021-22,1879,Farias,CAG,a,a,6.0,3.0,
2021-22,1917,Dragowski,FIO,p,por,11.0,3.0,
2021-22,1930,Pinsoglio,JUV,p,por,1.0,3.0,
2021-22,2107,Kiyine,VEN,c,c|w|t,4.0,3.0,
2021-22,2161,Haas,EMP,c,c,7.0,3.0,
2021-22,2192,Bonifazi,BOL,d,dc,7.0,3.0,
2021-22,2312,Hristov,SPE,d,dc,1.0,3.0,
2021-22,2334,Leris,SAM,c,c|w,3.0,3.0,
2021-22,2572,Godin,CAG,d,dc,8.0,3.0,
2021-22,2825,Bourabia,SPE,c,m|c,4.0,3.0,
2021-22,2861,Semper,GEN,p,por,1.0,3.0,
2021-22,4346,Millico,TOR,a,a,3.0,3.0,
2021-22,4411,Agoume,INT,c,m|c,3.0,3.0,
2021-22,4430,Cristo,UDI,a,pc,3.0,3.0,
2021-22,4461,Zappa,CAG,d,dd|e,7.0,3.0,
2021-22,4495,Kumbulla,ROM,d,dc,6.0,3.0,
2021-22,4500,Di Carmine,VER,a,pc,3.0,3.0,
2021-22,4894,Haraslin,SAS,c,w,3.0,3.0,
2021-22,4978,Damsgaard,SAM,c,w|t|a,14.0,3.0,
2021-22,5323,Martinez Quarta,FIO,d,dc,5.0,3.0,
2021-22,5365,Dragusin,SAL,d,dc,1.0,3.0,
2021-22,5462,Ciervo,SAS,c,w|a,1.0,3.0,
2021-22,5468,Cavion,SAL,c,c,3.0,3.0,
2021-22,5480,Ebuehi,VEN,d,dd|e,4.0,3.0,
2021-22,5484,Svoboda,VEN,d,dc,1.0,3.0,
2021-22,5527,Zanoli,NAP,d,dd|ds|e,1.0,3.0,
2021-22,5528,Zovko,SPE,p,por,1.0,3.0,
2021-22,5804,Cacace,EMP,d,ds|e,2.0,3.0,
2021-22,5813,Miretti,JUV,c,c|t,1.0,3.0,
2021-22,3,Radunovic,CAG,p,por,1.0,2.0,
2021-22,15,Masiello,GEN,d,dd|dc,4.0,2.0,
2021-22,73,Gagliolo,SAL,d,ds|dc,5.0,2.0,
2021-22,144,Tonelli,EMP,d,dc,5.0,2.0,
2021-22,173,Capezzi,SAL,c,m|c,4.0,2.0,
2021-22,218,Perin,JUV,p,por,1.0,2.0,
2021-22,261,Ranocchia,INT,d,dc,2.0,2.0,
2021-22,315,Zaza,TOR,a,pc,11.0,2.0,
2021-22,329,Radu,LAZ,d,ds|dc,5.0,2.0,
2021-22,390,Ghoulam,NAP,d,ds|e,2.0,2.0,
2021-22,418,Goldaniga,CAG,d,dc,5.0,2.0,
2021-22,440,Viola,BOL,c,c,3.0,2.0,
2021-22,459,Manolas,NAP,d,dc,9.0,2.0,
2021-22,528,Magnanelli,SAS,c,m,2.0,2.0,
2021-22,600,Verre,EMP,c,c|t,8.0,2.0,
2021-22,644,Pulgar,FIO,c,m|c,8.0,2.0,
2021-22,758,Mantovani,SAL,d,dc,2.0,2.0,
2021-22,791,Sabelli,GEN,d,dd|e,6.0,2.0,
2021-22,805,Fiamozzi,EMP,d,dd|e,3.0,2.0,
2021-22,2008,Linetty,TOR,c,c,6.0,2.0,
2021-22,2116,Farago',CAG,d,dd|e,3.0,2.0,
2021-22,2195,Ounas,NAP,a,a,7.0,2.0,
2021-22,2206,Felicioli,VEN,d,ds|e,2.0,2.0,
2021-22,2286,Crociata,EMP,c,c|t,1.0,2.0,
2021-22,2302,Behrami,GEN,c,m,4.0,2.0,
2021-22,2304,Salcedo E.,SPE,a,pc,4.0,2.0,
2021-22,2328,Vanheusden,GEN,d,dc,6.0,2.0,
2021-22,2453,Nastasic,FIO,d,dc,7.0,2.0,
2021-22,2472,Ramsey,JUV,c,t,8.0,2.0,
2021-22,2639,Bakayoko,MIL,c,m,5.0,2.0,
2021-22,2668,Retsos,VER,d,dd|ds|dc,4.0,2.0,
2021-22,2692,Castillejo,MIL,c,w,6.0,2.0,
2021-22,2743,Santander,BOL,a,pc,4.0,2.0,
2021-22,2750,Mraz,SPE,a,pc,1.0,2.0,
2021-22,2769,Magnani,SAM,d,dc,5.0,2.0,
2021-22,4323,Zeegelaar,UDI,d,ds|e,7.0,2.0,
2021-22,4373,Mateju,VEN,d,dd|ds|e,3.0,2.0,
2021-22,4374,Walukiewicz,CAG,d,dc,6.0,2.0,
2021-22,4375,Terzic,FIO,d,ds|e,2.0,2.0,
2021-22,4385,Lazaro,INT,c,e|w,2.0,2.0,
2021-22,4389,Anderson A.,LAZ,c,t,1.0,2.0,
2021-22,4403,Chabot,SAM,d,dc,4.0,2.0,
2021-22,4414,Denswil,BOL,d,ds|dc,2.0,2.0,
2021-22,4423,Hernani,GEN,c,m|c,6.0,2.0,
2021-22,4494,Empereur,VER,d,ds|dc,2.0,2.0,
2021-22,4881,Czyborra,GEN,d,ds|e,6.0,2.0,
2021-22,4921,Askildsen,SAM,c,c,1.0,2.0,
2021-22,4945,Calafiori,GEN,d,ds|e,2.0,2.0,
2021-22,4946,Frabotta,VER,d,ds|e,2.0,2.0,
2021-22,4985,Vignali,SPE,d,dd|e,3.0,2.0,
2021-22,5005,Zoet,SPE,p,por,7.0,2.0,
2021-22,5010,Ismajli,EMP,d,dc,6.0,2.0,
2021-22,5060,Ake' M.,JUV,a,a,1.0,2.0,
2021-22,5360,Vergani,SAL,a,pc,1.0,2.0,
2021-22,5423,Bove,ROM,c,c,1.0,2.0,
2021-22,5439,Kallon,GEN,a,a,2.0,2.0,
2021-22,5445,Binks,BOL,d,dc,1.0,2.0,
2021-22,5456,Ferrarini,FIO,d,dd|e,2.0,2.0,
2021-22,5460,Satriano,INT,a,pc,5.0,2.0,
2021-22,5461,Kamenovic,LAZ,d,ds|e,1.0,2.0,
2021-22,5463,Aya,SAL,d,dc,2.0,2.0,
2021-22,5464,Bogdan,SAL,d,dc,4.0,2.0,
2021-22,5466,Strandberg,SAL,d,dc,3.0,2.0,
2021-22,5477,Warming,TOR,a,a,1.0,2.0,
2021-22,5482,Modolo,VEN,d,dc,4.0,2.0,
2021-22,5487,Heymans,VEN,c,w|t,8.0,2.0,
2021-22,5492,Tessmann,VEN,c,m|c,5.0,2.0,
2021-22,5501,Sigurdsson A.,VEN,c,w|t,9.0,2.0,
2021-22,5503,Kechrida,SAL,d,dd|e,1.0,2.0,
2021-22,5510,Romero L.,LAZ,c,w|t,1.0,2.0,
2021-22,5524,Serpe,GEN,d,dc,1.0,2.0,
2021-22,5525,Galazzi,VEN,a,a,1.0,2.0,
2021-22,5678,Holm,SPE,d,dd|e,2.0,2.0,
2021-22,5688,Harroui,SAS,c,m|c,3.0,2.0,
2021-22,5690,Strelec,SPE,a,pc,3.0,2.0,
2021-22,5716,Podgoreanu,SPE,a,a,1.0,2.0,
2021-22,5722,Nguiamba,SPE,c,m|c,1.0,2.0,
2021-22,5747,Ruan,SAS,d,dc,3.0,2.0,
2021-22,5764,Coppola D.,VER,d,dc,1.0,2.0,
2021-22,5776,Ceide,SAS,a,w|a,3.0,2.0,
2021-22,5793,Kasius,BOL,d,dd|e,1.0,2.0,
2021-22,5806,Seck,TOR,a,w|a,2.0,2.0,
2021-22,5814,Cisse',ATA,a,pc,1.0,2.0,
2021-22,41,Mirante,MIL,p,por,1.0,1.0,
2021-22,42,Sarr M.,BOL,p,por,1.0,1.0,
2021-22,50,Mbaye,BOL,d,dd|ds|e,4.0,1.0,
2021-22,58,Diawara,ROM,c,m|c,5.0,1.0,
2021-22,158,Lezzerini,VEN,p,por,5.0,1.0,
2021-22,160,Tatarusanu,MIL,p,por,1.0,1.0,
2021-22,220,Ujkani,EMP,p,por,1.0,1.0,
2021-22,224,De Maio,UDI,d,dc,3.0,1.0,
2021-22,244,Ghiglione,GEN,d,dd|e,4.0,1.0,
2021-22,318,Marchetti,GEN,p,por,1.0,1.0,
2021-22,400,Dezi,VEN,c,c|t,2.0,1.0,
2021-22,454,Capradossi,SPE,d,dc,1.0,1.0,
2021-22,470,Strootman,CAG,c,m|c,11.0,1.0,
2021-22,481,Brignoli,EMP,p,por,1.0,1.0,
2021-22,510,Pegolo,SAS,p,por,1.0,1.0,
2021-22,521,Peluso,SAS,d,ds|dc,3.0,1.0,
2021-22,532,Falcinelli,BOL,a,pc,1.0,1.0,
2021-22,551,Molinaro,VEN,d,ds|e,2.0,1.0,
2021-22,574,Scuffet,UDI,p,por,1.0,1.0,
2021-22,1839,Edera,TOR,a,w|a,3.0,1.0,
2021-22,1843,Radu I.,INT,p,por,1.0,1.0,
2021-22,1889,Cordaz,INT,p,por,1.0,1.0,
2021-22,1946,Aresti,CAG,p,por,1.0,1.0,
2021-22,1947,Fiorillo,SAL,p,por,1.0,1.0,
2021-22,2064,Veseli,SAL,d,dd|ds|dc,4.0,1.0,
2021-22,2073,Ragusa,VER,a,a,1.0,1.0,
2021-22,2091,Plizzari,MIL,p,por,1.0,1.0,
2021-22,2115,Delli Carri,SAL,d,dc,1.0,1.0,
2021-22,2127,Satalino,SAS,p,por,1.0,1.0,
2021-22,2208,Jaroszynski,SAL,d,ds|e,5.0,1.0,
2021-22,2213,Cassata,GEN,c,m|c,2.0,1.0,
2021-22,2214,Kolarov,INT,d,ds|dc,3.0,1.0,
2021-22,2249,Santurro,UDI,p,por,1.0,1.0,
2021-22,2252,Marchizza,EMP,d,ds|dc,5.0,1.0,
2021-22,2279,Romagna,SAS,d,dc,1.0,1.0,
2021-22,2297,Rossi F.,ATA,p,por,1.0,1.0,
2021-22,2315,Stryger Larsen,UDI,d,dd|e,7.0,1.0,
2021-22,2628,Romero S.,VEN,p,por,5.0,1.0,
2021-22,2654,Ceter,CAG,a,pc,2.0,1.0,
2021-22,2745,Calabresi,BOL,d,dd|dc,1.0,1.0,
2021-22,2781,Fuzato,ROM,p,por,1.0,1.0,
2021-22,2790,Rosati,FIO,p,por,1.0,1.0,
2021-22,2793,Opoku,UDI,d,dc,1.0,1.0,
2021-22,2835,Kingsley,BOL,c,m|c,1.0,1.0,
2021-22,2838,Imperiale,EMP,d,ds|e,1.0,1.0,
2021-22,2845,Contini,NAP,p,por,1.0,1.0,
2021-22,2860,Malcuit,NAP,d,dd|e,3.0,1.0,
2021-22,4327,Oliva,CAG,c,m,2.0,1.0,
2021-22,4366,Armini,LAZ,d,dd|ds|dc,1.0,1.0,
2021-22,4397,Vavro,LAZ,d,dc,2.0,1.0,
2021-22,4401,Gabbia,MIL,d,dc,1.0,1.0,
2021-22,4406,Tripaldelli,CAG,d,ds|e,1.0,1.0,
2021-22,4435,Colley E.,SPE,a,a,4.0,1.0,
2021-22,4441,Andrenacci,GEN,p,por,1.0,1.0,
2021-22,4453,Torregrossa,SAM,a,pc,7.0,1.0,
2021-22,4465,Fagioli,JUV,c,c|t,1.0,1.0,
2021-22,4483,Cangiano,BOL,a,a,1.0,1.0,
2021-22,4491,Berardi A.,VER,p,por,1.0,1.0,
2021-22,4493,Dawidowicz,VER,d,dc,6.0,1.0,
2021-22,4501,Obiang,SAS,c,m|c,4.0,1.0,
2021-22,4519,Cetin,VER,d,dc,2.0,1.0,
2021-22,4525,Gemello,TOR,p,por,1.0,1.0,
2021-22,4758,Benkovic,UDI,d,dc,4.0,1.0,
2021-22,4867,Turati,SAS,p,por,1.0,1.0,
2021-22,4885,Villar,ROM,c,m|c,5.0,1.0,
2021-22,4896,Maldini,MIL,c,t|a,1.0,1.0,
2021-22,4919,Baldursson,BOL,c,c|t,1.0,1.0,
2021-22,4932,Ballarini,UDI,d,dd|e|m,1.0,1.0,
2021-22,4935,Ladinetti,CAG,c,m|c,1.0,1.0,
2021-22,4936,Manzari,SAS,a,a,1.0,1.0,
2021-22,4938,Moro,LAZ,a,a,3.0,1.0,
2021-22,4940,Gagliano,CAG,a,pc,1.0,1.0,
2021-22,4950,Dalle Mura,FIO,d,dc,1.0,1.0,
2021-22,4953,Palumbo,JUV,c,c,1.0,1.0,
2021-22,4975,Escalante,LAZ,c,m|c,3.0,1.0,
2021-22,4977,Ravaglia,SAM,p,por,1.0,1.0,
2021-22,4981,Krapikas,SPE,p,por,1.0,1.0,
2021-22,4984,Ramos,SPE,d,ds|e,1.0,1.0,
2021-22,4995,Segre,TOR,c,c,1.0,1.0,
2021-22,4996,Pandur,VER,p,por,1.0,1.0,
2021-22,4997,Ruegg,VER,d,dd|e,2.0,1.0,
2021-22,5012,Muriqi,LAZ,a,pc,4.0,1.0,
2021-22,5017,Ballo-Toure',MIL,d,ds|e,5.0,1.0,
2021-22,5286,Akpa Akpro,LAZ,c,m|c,3.0,1.0,
2021-22,5304,Boer,ROM,p,por,1.0,1.0,
2021-22,5306,Alia,LAZ,p,por,1.0,1.0,
2021-22,5312,Leo' Sena,SPE,c,m|c,6.0,1.0,
2021-22,5316,Amione,VER,d,ds|dc,1.0,1.0,
2021-22,5333,Gasparini,UDI,p,por,1.0,1.0,
2021-22,5346,Rojas,BOL,c,w|t,1.0,1.0,
2021-22,5378,Oddei,SAS,a,a,1.0,1.0,
2021-22,5391,Kokorin,FIO,a,pc,5.0,1.0,
2021-22,5398,Reynolds,ROM,d,dd|e,3.0,1.0,
2021-22,5420,Darboe,ROM,c,m|c,2.0,1.0,
2021-22,5444,Cortinovis,ATA,c,t,1.0,1.0,
2021-22,5446,Van Hooijdonk,BOL,a,pc,2.0,1.0,
2021-22,5448,Furlan,EMP,p,por,1.0,1.0,
2021-22,5452,Damiani,EMP,c,m|c,1.0,1.0,
2021-22,5455,Moreo,EMP,a,pc,1.0,1.0,
2021-22,5458,Munteanu,FIO,a,pc,1.0,1.0,
2021-22,5459,Buksa,GEN,a,pc,1.0,1.0,
2021-22,5465,Sy,SAL,d,ds|e,1.0,1.0,
2021-22,5467,Boultam,SAL,c,c|t,1.0,1.0,
2021-22,5469,Di Tacchio,SAL,c,m|c,4.0,1.0,
2021-22,5472,Kristoffersen,SAL,a,pc,1.0,1.0,
2021-22,5473,Kaique Rocha,SAM,d,dd|dc,1.0,1.0,
2021-22,5476,Kornvig,SPE,c,c,1.0,1.0,
2021-22,5483,Schnegg,VEN,d,ds|e,6.0,1.0,
2021-22,5485,Bjarkason,VEN,c,w|t|a,1.0,1.0,
2021-22,5489,Pecile,VEN,c,m,1.0,1.0,
2021-22,5493,Bocalon,VEN,a,pc,1.0,1.0,
2021-22,5502,Adamonis,LAZ,p,por,1.0,1.0,
2021-22,5505,Kaio Jorge,JUV,a,pc,5.0,1.0,
2021-22,5512,De Luca,SAM,a,pc,1.0,1.0,
2021-22,5516,Bianco,FIO,c,m|c,1.0,1.0,
2021-22,5517,Yepes,SAM,c,m,1.0,1.0,
2021-22,5518,Marfella,NAP,p,por,1.0,1.0,
2021-22,5519,Sher,SPE,c,m|c,1.0,1.0,
2021-22,5521,Bertinato,VEN,p,por,1.0,1.0,
2021-22,5682,Molla,BOL,p,por,1.0,1.0,
2021-22,5684,Toure' A.,GEN,c,m,5.0,1.0,
2021-22,5689,Ihattaren,SAM,c,w|t,4.0,1.0,
2021-22,5701,Obert,CAG,d,dc,1.0,1.0,
2021-22,5704,Russo,SAL,p,por,1.0,1.0,
2021-22,5707,Piana,UDI,p,por,1.0,1.0,
2021-22,5713,Neri,VEN,p,por,1.0,1.0,
2021-22,5725,Kone B.,TOR,c,w|t,1.0,1.0,
2021-22,5735,Volpato,ROM,c,t,1.0,1.0,
2021-22,5739,De Winter,JUV,d,dd|dc,1.0,1.0,
2021-22,5773,Ullmann,VEN,d,ds|e,3.0,1.0,
2021-22,5785,Lazetic,MIL,a,pc,4.0,1.0,
2021-22,5789,Praszelik,VER,c,t,2.0,1.0,
2021-22,5820,Bertola,SPE,d,dc,1.0,1.0,
2022-23,4661,Osimhen,NAP,a,pc,35.0,44.0,496.0
2022-23,2764,Martinez L.,INT,a,pc,34.0,36.0,412.0
2022-23,309,Dybala,ROM,a,a,29.0,33.0,259.0
2022-23,531,Berardi,SAS,a,a,35.0,33.0,249.0
2022-23,5839,Kvaratskhelia,NAP,c,w|a,18.0,33.0,238.0
2022-23,4510,Leao,MIL,a,a,31.0,32.0,268.0
2022-23,4730,Lookman,ATA,a,w|a,13.0,31.0,117.0
2022-23,5672,Dia,SAL,a,pc,17.0,30.0,181.0
2022-23,479,Sanabria,TOR,a,pc,21.0,28.0,133.0
2022-23,632,Zaccagni,LAZ,c,w|a,20.0,28.0,180.0
2022-23,785,Immobile,LAZ,a,pc,42.0,28.0,237.0
2022-23,2137,Scamacca,SAS,a,pc,28.0,28.0,0.0
2022-23,2531,Lukaku,INT,a,pc,39.0,28.0,252.0
2022-23,4200,Giroud,MIL,a,pc,28.0,26.0,176.0
2022-23,5336,Nzola,SPE,a,pc,14.0,26.0,146.0
2022-23,645,MILINKOVIC-SAVIC,LAZ,c,c|t,29.0,25.0,193.0
2022-23,4268,Arnautovic,BOL,a,pc,27.0,25.0,66.0
2022-23,335,Felipe Anderson,LAZ,c,w|a,19.0,23.0,96.0
2022-23,795,El Shaarawy,ROM,c,w|a,9.0,23.0,44.0
2022-23,2379,Rabiot,JUV,c,c,7.0,23.0,78.0
2022-23,2841,Vlahovic,JUV,a,pc,40.0,23.0,132.0
2022-23,5786,Cabral,FIO,a,pc,19.0,23.0,90.0
2022-23,6060,Lauriente',SAS,a,a,14.0,23.0,72.0
2022-23,647,DZEKO,INT,a,pc,16.0,22.0,48.0
2022-23,2085,Luis Alberto,LAZ,c,t,18.0,22.0,88.0
2022-23,2167,Orsolini,BOL,c,w|a,15.0,22.0,92.0
2022-23,4486,Strefezza,LEC,c,w,13.0,22.0,78.0
2022-23,5685,Koopmeiners,ATA,c,c|t,15.0,22.0,70.0
2022-23,6052,Hojlund,ATA,a,pc,8.0,22.0,126.0
2022-23,1870,Barella,INT,c,c,20.0,21.0,73.0
2022-23,5687,Vlasic,TOR,c,w|t,15.0,21.0,68.0
2022-23,5694,Beto,UDI,a,pc,24.0,21.0,68.0
2022-23,152,Zielinski,NAP,c,c|t,19.0,20.0,61.0
2022-23,302,Pereyra,UDI,c,w|t,18.0,20.0,64.0
2022-23,332,Candreva,SAL,c,w,17.0,20.0,62.0
2022-23,2544,Abraham,ROM,a,pc,33.0,20.0,78.0
2022-23,2848,Frattesi,SAS,c,c,16.0,20.0,68.0
2022-23,4436,Cambiaghi,EMP,a,a,6.0,20.0,24.0
2022-23,4825,Diaz B.,MIL,c,w|t,11.0,20.0,54.0
2022-23,5001,Miranchuk,TOR,c,t|a,8.0,20.0,42.0
2022-23,5858,Ferguson,BOL,c,c|t,5.0,20.0,54.0
2022-23,5880,Ciurria,MON,c,t|a,3.0,20.0,34.0
2022-23,212,CIOFANI D.,CRE,a,pc,1.0,19.0,18.0
2022-23,236,Lazovic,VER,c,e|w,13.0,19.0,41.0
2022-23,2012,Milik,JUV,a,pc,21.0,19.0,51.0
2022-23,2194,Calhanoglu,INT,c,t,19.0,19.0,61.0
2022-23,2382,DI MARIA,JUV,a,a,26.0,19.0,46.0
2022-23,4479,Elmas,NAP,c,c|t,11.0,19.0,38.0
2022-23,5850,Lovric,UDI,c,c|t,6.0,19.0,58.0
2022-23,5877,Carlos Augusto,MON,d,ds|e,8.0,19.0,58.0
2022-23,254,Dimarco,INT,d,ds|dc|e,8.0,18.0,53.0
2022-23,2775,Ruiz,NAP,c,c|t,19.0,18.0,0.0
2022-23,2832,Boga,ATA,a,w|a,13.0,18.0,13.0
2022-23,4179,Gonzalez N.,FIO,a,a,20.0,18.0,36.0
2022-23,4220,Zambo Anguissa,NAP,c,m|c,11.0,18.0,40.0
2022-23,5119,Samardzic,UDI,c,t,8.0,18.0,22.0
2022-23,6066,Posch,BOL,d,dd|dc,8.0,18.0,56.0
2022-23,572,Meret,NAP,p,por,14.0,17.0,71.0
2022-23,2061,Simeone,NAP,a,pc,25.0,17.0,27.0
2022-23,2489,Pedro,LAZ,a,a,19.0,17.0,40.0
2022-23,2814,Provedel,LAZ,p,por,7.0,17.0,78.0
2022-23,2816,Di Lorenzo,NAP,d,dd|e,15.0,17.0,67.0
2022-23,5823,Baldanzi,EMP,c,t|a,1.0,17.0,37.0
2022-23,367,Bonaventura,FIO,c,c|w|t,14.0,16.0,41.0
2022-23,554,Zappacosta,ATA,d,e,11.0,16.0,24.0
2022-23,608,Zapata D.,ATA,a,pc,32.0,16.0,62.0
2022-23,2741,Pessina,MON,c,c|t,13.0,16.0,43.0
2022-23,4237,Danilo,JUV,d,dd|ds|e,12.0,16.0,40.0
2022-23,4245,Smalling,ROM,d,dc,14.0,16.0,42.0
2022-23,4312,Maignan,MIL,p,por,18.0,16.0,62.0
2022-23,4449,Tonali,MIL,c,m|c,16.0,16.0,50.0
2022-23,4711,Kostic,JUV,c,e|w,15.0,16.0,64.0
2022-23,5836,Ceesay,LEC,a,pc,10.0,16.0,15.0
2022-23,5882,Mota,MON,a,pc,10.0,16.0,21.0
2022-23,265,BROZOVIC,INT,c,m|c,15.0,15.0,27.0
2022-23,376,Verdi,VER,c,w|t,13.0,15.0,22.0
2022-23,383,Petagna,MON,a,pc,15.0,15.0,22.0
2022-23,1958,Caprari,MON,a,a,26.0,15.0,34.0
2022-23,2002,Chiesa,JUV,c,w|a,25.0,15.0,35.0
2022-23,2325,Karamoh,TOR,a,a,4.0,15.0,17.0
2022-23,2762,Kouame',FIO,a,a,9.0,15.0,7.0
2022-23,4287,Lobotka,NAP,c,m|c,11.0,15.0,50.0
2022-23,4465,Fagioli,JUV,c,c|t,3.0,15.0,29.0
2022-23,4964,Vicario,EMP,p,por,9.0,15.0,27.0
2022-23,4998,Molina N.,UDI,d,e,15.0,15.0,0.0
2022-23,5892,Kim,NAP,d,dc,13.0,15.0,49.0
2022-23,407,GABBIADINI,SAM,a,a,15.0,14.0,20.0
2022-23,453,Szczesny,JUV,p,por,16.0,14.0,53.0
2022-23,460,Romagnoli,LAZ,d,dc,11.0,14.0,32.0
2022-23,537,Sansone,BOL,a,a,6.0,14.0,9.0
2022-23,2119,Deulofeu,UDI,a,a,24.0,14.0,8.0
2022-23,2719,Barrow,BOL,a,a,17.0,14.0,23.0
2022-23,4292,Hernandez T.,MIL,d,ds|e,20.0,14.0,59.0
2022-23,4427,Malinovskyi,ATA,c,t,22.0,14.0,0.0
2022-23,4517,Lozano,NAP,a,a,18.0,14.0,22.0
2022-23,4970,Messias,MIL,c,w,14.0,14.0,20.0
2022-23,5355,Udogie,UDI,d,ds|e,13.0,14.0,42.0
2022-23,5480,Ebuehi,EMP,d,dd|e,3.0,14.0,12.0
2022-23,5481,Mazzocchi,SAL,d,dd|e,7.0,14.0,28.0
2022-23,5515,Okereke,CRE,a,a,13.0,14.0,16.0
2022-23,5862,Valeri,CRE,d,ds|e,5.0,14.0,16.0
2022-23,5878,Colpani,MON,c,c|t,4.0,14.0,12.0
2022-23,6026,Dessers,CRE,a,pc,17.0,14.0,20.0
2022-23,133,Skorupski,BOL,p,por,11.0,13.0,32.0
2022-23,507,Muriel,ATA,a,pc,26.0,13.0,22.0
2022-23,530,Pellegrini Lo.,ROM,c,t,27.0,13.0,64.0
2022-23,536,Politano,NAP,c,w|a,15.0,13.0,28.0
2022-23,2077,Pasalic,ATA,c,t,22.0,13.0,40.0
2022-23,2134,Falcone,LEC,p,por,5.0,13.0,32.0
2022-23,2211,Silvestri,UDI,p,por,10.0,13.0,29.0
2022-23,2369,Thauvin,UDI,a,a,18.0,13.0,10.0
2022-23,2528,Matic,ROM,c,m,7.0,13.0,21.0
2022-23,2529,Mkhitaryan,INT,c,t|a,16.0,13.0,33.0
2022-23,2638,Wijnaldum,ROM,c,c|t,17.0,13.0,47.0
2022-23,2756,Piatek,SAL,a,pc,15.0,13.0,32.0
2022-23,2818,Bennacer,MIL,c,m|c,10.0,13.0,28.0
2022-23,2819,Caputo,EMP,a,pc,21.0,13.0,41.0
2022-23,4270,Rui Patricio,ROM,p,por,14.0,13.0,42.0
2022-23,4409,Rrahmani,NAP,d,dc,14.0,13.0,44.0
2022-23,4658,Ikone',FIO,c,w|a,14.0,13.0,30.0
2022-23,4869,Dominguez,BOL,c,m|c,8.0,13.0,33.0
2022-23,4978,Damsgaard,SAM,c,w|t,13.0,13.0,0.0
2022-23,5063,Radonjic,TOR,c,w,7.0,13.0,21.0
2022-23,5527,Zanoli,SAM,d,dd|e,3.0,13.0,20.0
2022-23,5851,Doig,VER,d,ds|e,6.0,13.0,24.0
2022-23,5876,Di Gregorio,MON,p,por,1.0,13.0,40.0
2022-23,6054,Moro N.,BOL,c,m|c,5.0,13.0,13.0
2022-23,22,De Roon,ATA,c,m,7.0,12.0,22.0
2022-23,150,Saponara,FIO,c,w|t,11.0,12.0,17.0
2022-23,303,Pogba,JUV,c,c|t,24.0,12.0,10.0
2022-23,2009,Lukic,TOR,c,c|t,13.0,12.0,0.0
2022-23,2160,Gosens,INT,d,e,19.0,12.0,20.0
2022-23,2170,Milinkovic-Savic V.,TOR,p,por,1.0,12.0,32.0
2022-23,2438,Jovic,FIO,a,pc,24.0,12.0,40.0
2022-23,2475,Sanchez,INT,a,a,12.0,12.0,0.0
2022-23,2724,Buongiorno,TOR,d,ds|dc,4.0,12.0,36.0
2022-23,2788,Bremer,JUV,d,dc,18.0,12.0,55.0
2022-23,5007,Ilic,TOR,c,c|t,13.0,12.0,28.0
2022-23,5086,Zirkzee,BOL,a,pc,7.0,12.0,10.0
2022-23,5453,Ricci S.,TOR,c,m|c,7.0,12.0,37.0
2022-23,5504,Coulibaly L.,SAL,c,m|c,6.0,12.0,18.0
2022-23,5511,Matheus Henrique,SAS,c,m|c,6.0,12.0,20.0
2022-23,5830,Onana,INT,p,por,1.0,12.0,42.0
2022-23,5835,Baschirotto,LEC,d,dd|ds|dc,2.0,12.0,34.0
2022-23,5854,TSADJOUT,CRE,a,pc,8.0,12.0,13.0
2022-23,6041,Schuurs,TOR,d,dc,9.0,12.0,51.0
2022-23,495,Correa,INT,a,a,16.0,11.0,10.0
2022-23,1852,Spinazzola,ROM,d,ds|e,12.0,11.0,25.0
2022-23,1933,Mandragora,FIO,c,m|c,9.0,11.0,22.0
2022-23,1978,Sensi,MON,c,c|t,12.0,11.0,14.0
2022-23,2097,Kean,JUV,a,pc,15.0,11.0,21.0
2022-23,2172,Barak,FIO,c,t,22.0,11.0,21.0
2022-23,2215,Veretout,ROM,c,c,11.0,11.0,0.0
2022-23,2296,Mancini,ROM,d,dc,10.0,11.0,29.0
2022-23,4184,Brekalo,FIO,a,a,16.0,11.0,8.0
2022-23,4751,Tomori,MIL,d,dc,15.0,11.0,43.0
2022-23,4923,Colombo,LEC,a,pc,7.0,11.0,18.0
2022-23,5449,Parisi,EMP,d,ds|e,8.0,11.0,27.0
2022-23,5840,Olivera,NAP,d,ds|e,7.0,11.0,22.0
2022-23,6001,Banda,LEC,a,a,5.0,11.0,8.0
2022-23,6061,Oudin,LEC,c,w|a,5.0,11.0,14.0
2022-23,4,Sportiello,ATA,p,por,1.0,10.0,23.0
2022-23,140,Hysaj,LAZ,d,dd|ds|e,6.0,10.0,20.0
2022-23,177,Ilicic,ATA,a,a,11.0,10.0,0.0
2022-23,186,Rebic,MIL,a,a,14.0,10.0,12.0
2022-23,215,VERDE,SPE,a,a,18.0,10.0,16.0
2022-23,252,Biraghi,FIO,d,ds|e,13.0,10.0,33.0
2022-23,393,Luperto,EMP,d,ds|dc,5.0,10.0,22.0
2022-23,695,Toloi,ATA,d,dc,8.0,10.0,12.0
2022-23,827,Locatelli,JUV,c,m|c,14.0,10.0,29.0
2022-23,1857,Di Francesco F.,LEC,a,a,12.0,10.0,12.0
2022-23,1917,DRAGOWSKI,SPE,p,por,7.0,10.0,24.0
2022-23,1943,NESTOROVSKI,UDI,a,pc,11.0,10.0,4.0
2022-23,2117,Kastanos,SAL,c,c|t,5.0,10.0,11.0
2022-23,2120,Bastoni,INT,d,dc,15.0,10.0,32.0
2022-23,2141,Depaoli,VER,d,dd|e,4.0,10.0,10.0
2022-23,2432,Zakaria,JUV,c,m,10.0,10.0,0.0
2022-23,2525,Darmian,INT,d,e,9.0,10.0,18.0
2022-23,2815,Terracciano,FIO,p,por,1.0,10.0,38.0
2022-23,4371,Raspadori,NAP,a,a,20.0,10.0,26.0
2022-23,4377,Castrovilli,FIO,c,c|t,9.0,10.0,25.0
2022-23,4421,Augello,SAM,d,ds|e,7.0,10.0,17.0
2022-23,4431,Carnesecchi,CRE,p,por,1.0,10.0,13.0
2022-23,4459,Rovella,MON,c,m|c,3.0,10.0,16.0
2022-23,4892,Saelemaekers,MIL,c,w,8.0,10.0,20.0
2022-23,4957,Montipo',VER,p,por,11.0,10.0,19.0
2022-23,4965,Marin,EMP,c,m|c,7.0,10.0,13.0
2022-23,5332,Bastoni S.,SPE,d,e|c,12.0,10.0,14.0
2022-23,5375,Maehle,ATA,d,e,8.0,10.0,18.0
2022-23,5422,Zalewski,ROM,c,e|w,7.0,10.0,16.0
2022-23,5451,Bajrami,SAS,c,t,18.0,10.0,16.0
2022-23,5498,Casale,LAZ,d,dd|dc,9.0,10.0,27.0
2022-23,5513,Dumfries,INT,d,e,20.0,10.0,14.0
2022-23,5526,Scalvini,ATA,d,dc,6.0,10.0,23.0
2022-23,5675,Theate,BOL,d,dc,10.0,10.0,0.0
2022-23,5677,Perez N.,UDI,d,dc,8.0,10.0,15.0
2022-23,5792,Ederson D.s.,ATA,c,c|t,13.0,10.0,21.0
2022-23,5847,Bijol,UDI,d,dc,5.0,10.0,33.0
2022-23,5870,Hjulmand,LEC,c,m|c,6.0,10.0,22.0
2022-23,5995,De Ketelaere,MIL,c,t|a,21.0,10.0,12.0
2022-23,6025,Vilhena,SAL,c,e|c,8.0,10.0,21.0
2022-23,6112,Iling Junior,JUV,c,w|a,1.0,10.0,3.0
2022-23,6120,Ochoa,SAL,p,por,2.0,10.0,36.0
2022-23,142,Mario Rui,NAP,d,ds|e,9.0,9.0,27.0
2022-23,181,Vecino,LAZ,c,m|c,6.0,9.0,10.0
2022-23,218,Perin,JUV,p,por,1.0,9.0,4.0
2022-23,505,Bonazzoli,SAL,a,pc,14.0,9.0,8.0
2022-23,513,Acerbi,INT,d,dc,8.0,9.0,22.0
2022-23,581,Faraoni,VER,d,dd|e,13.0,9.0,21.0
2022-23,788,Freuler,ATA,c,m|c,9.0,9.0,0.0
2022-23,2038,Pinamonti,SAS,a,pc,23.0,9.0,25.0
2022-23,2164,Milenkovic,FIO,d,dd|dc,11.0,9.0,16.0
2022-23,2169,Rodriguez R.,TOR,d,ds|dc|e,7.0,9.0,22.0
2022-23,2294,Cerofolini,FIO,p,por,1.0,9.0,1.0
2022-23,2739,RECA,SPE,d,ds|e,5.0,9.0,14.0
2022-23,2766,Zaniolo,ROM,c,w|a,19.0,9.0,0.0
2022-23,2792,Musso,ATA,p,por,13.0,9.0,5.0
2022-23,2825,Bourabia,SPE,c,m|c,4.0,9.0,12.0
2022-23,2857,Traore' Hj.,SAS,c,w|t,18.0,9.0,0.0
2022-23,4530,Kyriakopoulos,BOL,d,ds|e,6.0,9.0,12.0
2022-23,4896,Maldini,SPE,c,t|a,2.0,9.0,2.0
2022-23,4899,Singo,TOR,d,e,14.0,9.0,20.0
2022-23,4904,Mari',MON,d,dc,11.0,9.0,18.0
2022-23,5423,Bove,ROM,c,c,1.0,9.0,5.0
2022-23,5520,Cambiaso,BOL,d,dd|ds|e,9.0,9.0,12.0
2022-23,5676,Success,UDI,a,a,13.0,9.0,21.0
2022-23,5844,Thorstvedt,SAS,c,c|t,9.0,9.0,8.0
2022-23,5885,Dodo',FIO,d,dd|e,14.0,9.0,32.0
2022-23,6119,Solbakken,ROM,a,a,10.0,9.0,8.0
2022-23,49,Masina,UDI,d,ds|dc|e,6.0,8.0,6.0
2022-23,159,Sepe,SAL,p,por,8.0,8.0,1.0
2022-23,226,Izzo,MON,d,dd|dc,3.0,8.0,21.0
2022-23,250,HANDANOVIC,INT,p,por,16.0,8.0,4.0
2022-23,357,Calabria,MIL,d,dd|e,13.0,8.0,38.0
2022-23,779,Cristante,ROM,c,m|c,9.0,8.0,20.0
2022-23,798,Skriniar,INT,d,dc,17.0,8.0,5.0
2022-23,2253,Bandinelli,EMP,c,c,6.0,8.0,10.0
2022-23,2392,Walace,UDI,c,m,7.0,8.0,12.0
2022-23,2625,SORIANO,BOL,c,c|t,12.0,8.0,3.0
2022-23,2847,SERNICOLA,CRE,d,ds|dc|e,3.0,8.0,12.0
2022-23,4359,Piccoli,EMP,a,pc,13.0,8.0,7.0
2022-23,4375,Terzic,FIO,d,ds|e,2.0,8.0,7.0
2022-23,4393,Schouten,BOL,c,m|c,8.0,8.0,14.0
2022-23,4412,RODRIGO BECAO,UDI,d,dc,10.0,8.0,24.0
2022-23,4515,AGUDELO,SPE,c,t|a,9.0,8.0,13.0
2022-23,4897,Pirola,SAL,d,dc,4.0,8.0,12.0
2022-23,4958,Caldirola,MON,d,ds|dc,4.0,8.0,8.0
2022-23,5286,Akpa Akpro,EMP,c,m|c,2.0,8.0,9.0
2022-23,5292,Lammers,SAM,a,pc,15.0,8.0,8.0
2022-23,5329,Makengo,UDI,c,m|c,8.0,8.0,0.0
2022-23,5460,SATRIANO,EMP,a,pc,14.0,8.0,13.0
2022-23,5471,Djuric,VER,a,pc,11.0,8.0,10.0
2022-23,5688,Harroui,SAS,c,m|c,2.0,8.0,10.0
2022-23,5842,Botheim,SAL,a,pc,13.0,8.0,4.0
2022-23,5869,Blin,LEC,c,m|c,2.0,8.0,10.0
2022-23,256,Juan Jesus,NAP,d,ds|dc,7.0,7.0,8.0
2022-23,286,Bonucci,JUV,d,dc,15.0,7.0,10.0
2022-23,322,De Vrij,INT,d,dc,10.0,7.0,12.0
2022-23,333,Cataldi,LAZ,c,m|c,8.0,7.0,12.0
2022-23,509,Consigli,SAS,p,por,11.0,7.0,24.0
2022-23,526,Duncan,FIO,c,m|c,7.0,7.0,7.0
2022-23,643,Defrel,SAS,a,a,8.0,7.0,14.0
2022-23,697,Cuadrado,JUV,c,e|w,15.0,7.0,22.0
2022-23,761,Audero,SAM,p,por,10.0,7.0,5.0
2022-23,787,Djimsiti,ATA,d,dc,7.0,7.0,12.0
2022-23,2008,Linetty,TOR,c,c,5.0,7.0,11.0
2022-23,2144,Coulibaly M.,SAL,c,m|c,7.0,7.0,0.0
2022-23,2188,Marusic,LAZ,d,dd|ds|e,7.0,7.0,18.0
2022-23,2466,Origi,MIL,a,pc,17.0,7.0,12.0
2022-23,2778,Stulac,EMP,c,m|c,7.0,7.0,0.0
2022-23,2839,Sottil,FIO,c,w|a,8.0,7.0,10.0
2022-23,2869,Djidji,TOR,d,dd|ds|dc,5.0,7.0,8.0
2022-23,4178,ASCACIBAR,CRE,c,m|c,6.0,7.0,0.0
2022-23,4331,Ibanez,ROM,d,dc,9.0,7.0,12.0
2022-23,4973,McKennie,JUV,c,c|w,11.0,7.0,0.0
2022-23,4976,Kalulu,MIL,d,dd|dc,14.0,7.0,18.0
2022-23,4992,Gyasi,SPE,c,w|a,10.0,7.0,10.0
2022-23,4994,Vojvoda,TOR,d,e,9.0,7.0,9.0
2022-23,5071,Jese',SAM,a,a,8.0,7.0,7.0
2022-23,5239,Llorente D.,ROM,d,dc,8.0,7.0,10.0
2022-23,5287,ARSLAN,UDI,c,m|c,6.0,7.0,8.0
2022-23,5323,Martinez Quarta,FIO,d,dc,4.0,7.0,13.0
2022-23,5394,Gaich,VER,a,pc,4.0,7.0,21.0
2022-23,5693,Kiwior,SPE,d,dc,6.0,7.0,0.0
2022-23,5705,Galdames,CRE,c,m|c,3.0,7.0,8.0
2022-23,5734,Soule',JUV,a,a,1.0,7.0,7.0
2022-23,5813,Miretti,JUV,c,c|t,2.0,7.0,8.0
2022-23,5863,CASTAGNETTI,CRE,c,m|c,4.0,7.0,5.0
2022-23,5864,BUONAIUTO,CRE,a,a,7.0,7.0,4.0
2022-23,5867,Gendrey,LEC,d,dd|dc,4.0,7.0,10.0
2022-23,5999,Gonzalez J.,LEC,c,c,2.0,7.0,8.0
2022-23,6046,Hien,VER,d,dc,6.0,7.0,18.0
2022-23,6145,Ngonge,VER,a,a,3.0,7.0,18.0
2022-23,27,Grassi,EMP,c,m|c,6.0,6.0,3.0
2022-23,148,Krunic,MIL,c,c|t,7.0,6.0,13.0
2022-23,327,Patric,LAZ,d,dd|dc,5.0,6.0,8.0
2022-23,441,Belotti,ROM,a,pc,16.0,6.0,14.0
2022-23,568,QUAGLIARELLA,SAM,a,pc,10.0,6.0,10.0
2022-23,610,Gollini,NAP,p,por,12.0,6.0,8.0
2022-23,660,Gyomber,SAL,d,dc,4.0,6.0,14.0
2022-23,673,Perisan,EMP,p,por,1.0,6.0,1.0
2022-23,2103,Pellegri,TOR,a,pc,12.0,6.0,12.0
2022-23,2161,Haas,EMP,c,c,3.0,6.0,6.0
2022-23,2318,Rogerio,SAS,d,ds|e,5.0,6.0,15.0
2022-23,2334,LERIS,SAM,c,w,3.0,6.0,9.0
2022-23,2391,EKDAL,SPE,c,m|c,7.0,6.0,12.0
2022-23,2583,Umtiti,LEC,d,dc,7.0,6.0,21.0
2022-23,2789,Meite',CRE,c,m|c,7.0,6.0,7.0
2022-23,2870,Troost-Ekong,SAL,d,dc,5.0,6.0,12.0
2022-23,4329,NIKOLAOU,SPE,d,dc,4.0,6.0,8.0
2022-23,4332,Demiral,ATA,d,dc,13.0,6.0,8.0
2022-23,4342,Duda,VER,c,t,9.0,6.0,13.0
2022-23,4364,Gaetano,NAP,c,c|t,4.0,6.0,5.0
2022-23,4385,Lazaro,TOR,d,e,7.0,6.0,6.0
2022-23,4408,Esposito Sa.,SPE,c,m|c,5.0,6.0,12.0
2022-23,4433,Zortea,SAS,d,dd|ds|e,2.0,6.0,7.0
2022-23,4681,Lopez M.,SAS,c,m|c,9.0,6.0,23.0
2022-23,4719,Ampadu,SPE,d,dc,6.0,6.0,18.0
2022-23,4890,Tameze,VER,c,m|c,14.0,6.0,12.0
2022-23,5298,Pobega,MIL,c,c|t,9.0,6.0,10.0
2022-23,5311,Shomurodov,SPE,a,pc,12.0,6.0,11.0
2022-23,5439,Kallon,VER,a,a,2.0,6.0,3.0
2022-23,5514,Vasquez,CRE,d,ds|dc,6.0,6.0,8.0
2022-23,5532,Bradaric,SAL,d,ds|e,7.0,6.0,17.0
2022-23,5718,Viti,EMP,d,dc,6.0,6.0,0.0
2022-23,5784,Aebischer,BOL,c,c,4.0,6.0,7.0
2022-23,5798,Bohinen,SAL,c,m|c,7.0,6.0,8.0
2022-23,5812,Terracciano F.,VER,c,e|m,1.0,6.0,3.0
2022-23,5834,Marcos Antonio,LAZ,c,m|c,10.0,6.0,8.0
2022-23,5845,Alvarez A.,SAS,a,pc,14.0,6.0,7.0
2022-23,5884,Ranocchia F.,MON,c,m|c,2.0,6.0,6.0
2022-23,6027,Lochoshvili,CRE,d,dc,3.0,6.0,8.0
2022-23,6033,Normann,LEC,c,m|c,6.0,6.0,0.0
2022-23,6047,Ehizibue,UDI,d,dd|e,4.0,6.0,12.0
2022-23,6055,Thiaw,MIL,d,dc,6.0,6.0,16.0
2022-23,90,Lasagna,VER,a,pc,11.0,5.0,10.0
2022-23,160,TATARUSANU,MIL,p,por,1.0,5.0,1.0
2022-23,253,D'Ambrosio,INT,d,dd|ds|dc,8.0,5.0,11.0
2022-23,272,MEDEL,BOL,d,dc,7.0,5.0,6.0
2022-23,468,Paredes,JUV,c,m|c,13.0,5.0,8.0
2022-23,487,De Silvestri,BOL,d,dd|e,9.0,5.0,2.0
2022-23,557,Benassi,CRE,c,c,3.0,5.0,7.0
2022-23,666,Machin,MON,c,c|t,4.0,5.0,8.0
2022-23,1891,Ceccherini,VER,d,dd|dc,6.0,5.0,13.0
2022-23,1895,Ferrari G.,SAS,d,dc,8.0,5.0,11.0
2022-23,2154,Vignato,EMP,c,w|t,3.0,5.0,5.0
2022-23,2653,Lykogiannis,BOL,d,ds|e,4.0,5.0,8.0
2022-23,2784,COLLEY,SAM,d,dc,9.0,5.0,0.0
2022-23,2842,ZANIMACCHIA,CRE,a,w|a,9.0,5.0,0.0
2022-23,2865,AINA,TOR,d,e,5.0,5.0,9.0
2022-23,4260,Winks,SAM,c,m|c,6.0,5.0,8.0
2022-23,4378,Ranieri L.,FIO,d,ds|dc|e,1.0,5.0,1.0
2022-23,4426,Toljan,SAS,d,dd|e,5.0,5.0,12.0
2022-23,4502,Gallo,LEC,d,ds|e,2.0,5.0,8.0
2022-23,4522,Amrabat,FIO,c,m|c,8.0,5.0,14.0
2022-23,4887,Bellanova,INT,d,e,8.0,5.0,2.0
2022-23,4891,Soumaoro,BOL,d,dc,5.0,5.0,12.0
2022-23,5010,Ismajli,EMP,d,dc,3.0,5.0,9.0
2022-23,5017,Ballo-Toure',MIL,d,ds|e,2.0,5.0,3.0
2022-23,5316,Amione,SAM,d,ds|dc,2.0,5.0,9.0
2022-23,5457,Maleh,LEC,c,c,3.0,5.0,8.0
2022-23,5494,Di Mariano,LEC,a,a,5.0,5.0,0.0
2022-23,5529,Henry,VER,a,pc,18.0,5.0,1.0
2022-23,5674,Basic,LAZ,c,c,5.0,5.0,6.0
2022-23,5678,Holm,SPE,d,dd|e,2.0,5.0,8.0
2022-23,5714,Gondo,CRE,a,pc,5.0,5.0,0.0
2022-23,5735,Volpato,ROM,c,t,1.0,5.0,1.0
2022-23,5831,Gatti,JUV,d,dc,5.0,5.0,16.0
2022-23,5838,Birindelli,MON,d,dd|ds|e,3.0,5.0,7.0
2022-23,5848,Ebosele,UDI,d,dd|e,2.0,5.0,4.0
2022-23,5856,Sambia,SAL,d,dd|e,7.0,5.0,8.0
2022-23,5879,Vignato S.,MON,c,t|a,1.0,5.0,1.0
2022-23,6010,Fazzini,EMP,c,c|t,1.0,5.0,8.0
2022-23,6042,Lucumi',BOL,d,dc,9.0,5.0,17.0
2022-23,45,Ferrari A.,CRE,d,dd|dc,5.0,4.0,5.0
2022-23,238,RINCON,SAM,c,m,6.0,4.0,6.0
2022-23,261,RANOCCHIA,MON,d,dc,6.0,4.0,0.0
2022-23,315,Zaza,TOR,a,pc,5.0,4.0,0.0
2022-23,600,Verre,SAM,c,c|t,7.0,4.0,0.0
2022-23,640,CHIRICHES,CRE,d,dc,5.0,4.0,8.0
2022-23,729,Pereira P.,MON,d,dd|e,4.0,4.0,0.0
2022-23,1889,CORDAZ,INT,p,por,1.0,4.0,1.0
2022-23,1995,Djuricic,SAM,c,w|t,13.0,4.0,10.0
2022-23,2181,Palomino,ATA,d,dc,10.0,4.0,10.0
2022-23,2192,Bonifazi,BOL,d,dc,4.0,4.0,4.0
2022-23,2263,Lazzari,LAZ,d,dd|e,10.0,4.0,12.0
2022-23,2280,NUYTINCK,SAM,d,dc,7.0,4.0,11.0
2022-23,2758,Gunter,SAM,d,dc,5.0,4.0,8.0
2022-23,2769,Magnani,VER,d,dc,3.0,4.0,8.0
2022-23,4143,Ndombele',NAP,c,c|t,11.0,4.0,14.0
2022-23,4285,Arthur Melo,JUV,c,m|c,5.0,4.0,0.0
2022-23,4323,Zeegelaar,UDI,d,ds|e,2.0,4.0,4.0
2022-23,4349,Nicolussi Caviglia,SAL,c,m|c,3.0,4.0,6.0
2022-23,4407,Igor,FIO,d,ds|dc,9.0,4.0,15.0
2022-23,4475,Majer,LEC,c,c|t,4.0,4.0,0.0
2022-23,4493,Dawidowicz,VER,d,dc,4.0,4.0,8.0
2022-23,4498,Henderson L.,EMP,c,c|t,8.0,4.0,6.0
2022-23,4657,Celik,ROM,d,dd|e,7.0,4.0,6.0
2022-23,4701,Cuisance,SAM,c,c|t,4.0,4.0,6.0
2022-23,4884,Carles Perez,ROM,c,w|a,4.0,4.0,0.0
2022-23,4885,Villar,SAM,c,m|c,7.0,4.0,0.0
2022-23,5005,ZOET,SPE,p,por,1.0,4.0,1.0
2022-23,5450,Stojanovic,EMP,d,dd|e,7.0,4.0,4.0
2022-23,5475,AMIAN,SPE,d,dd|dc,6.0,4.0,9.0
2022-23,5554,Daniliuc,SAL,d,dd|dc,7.0,4.0,12.0
2022-23,5690,Strelec,SPE,a,pc,6.0,4.0,0.0
2022-23,5776,Ceide,SAS,c,w|a,2.0,4.0,2.0
2022-23,5793,Kasius,BOL,d,dd|e,2.0,4.0,0.0
2022-23,5806,Seck,TOR,a,w|a,3.0,4.0,6.0
2022-23,5841,Svilar,ROM,p,por,1.0,4.0,1.0
2022-23,5857,Pickel,CRE,c,m,4.0,4.0,7.0
2022-23,5886,Bistrovic,LEC,c,c|t,5.0,4.0,0.0
2022-23,6002,Aiwu,CRE,d,dc,5.0,4.0,4.0
2022-23,6117,Tahirovic,ROM,c,c,1.0,4.0,3.0
2022-23,6153,Wisniewski,SPE,d,dc,3.0,4.0,8.0
2022-23,244,GHIGLIONE,CRE,d,dd|e,5.0,3.0,7.0
2022-23,294,Rugani,JUV,d,dc,5.0,3.0,5.0
2022-23,358,De Sciglio,JUV,d,dd|ds|e,6.0,3.0,10.0
2022-23,612,BIANCHETTI,CRE,d,dd|dc,4.0,3.0,7.0
2022-23,662,Alex Sandro,JUV,d,ds|e,8.0,3.0,13.0
2022-23,1843,RADU I.,CRE,p,por,5.0,3.0,0.0
2022-23,1868,MURRU,SAM,d,ds|e,5.0,3.0,4.0
2022-23,1898,Sampirisi,MON,d,dd|dc|e,3.0,3.0,0.0
2022-23,1976,Mazzitelli,MON,c,m|c,3.0,3.0,0.0
2022-23,2011,MIGUEL VELOSO,VER,c,m|c,6.0,3.0,7.0
2022-23,2104,Bereszynski,NAP,d,dd|e,6.0,3.0,3.0
2022-23,2130,Hateboer,ATA,d,e,9.0,3.0,1.0
2022-23,2174,Venuti,FIO,d,dd|ds|e,3.0,3.0,4.0
2022-23,2184,Gravillon,TOR,d,dd|dc,5.0,3.0,12.0
2022-23,2195,Ounas,NAP,a,a,4.0,3.0,0.0
2022-23,2300,Leverbe,SAM,d,dc,4.0,3.0,0.0
2022-23,2312,Hristov,SPE,d,dc,3.0,3.0,0.0
2022-23,2355,Marlon,MON,d,dc,7.0,3.0,9.0
2022-23,2409,RIBERY,SAL,a,a,5.0,3.0,0.0
2022-23,2530,IBRAHIMOVIC,MIL,a,pc,13.0,3.0,9.0
2022-23,2633,Kjaer,MIL,d,dc,5.0,3.0,23.0
2022-23,2728,Pellegrini Lu.,LAZ,d,ds|e,7.0,3.0,7.0
2022-23,2745,Calabresi,LEC,d,dd|dc,3.0,3.0,0.0
2022-23,4374,Walukiewicz,EMP,d,dc,4.0,3.0,2.0
2022-23,4376,Zurkowski,SPE,c,c,8.0,3.0,8.0
2022-23,4432,Okoli,ATA,d,dc,5.0,3.0,2.0
2022-23,4501,Obiang,SAS,c,m|c,2.0,3.0,10.0
2022-23,4758,Benkovic,UDI,d,dc,4.0,3.0,0.0
2022-23,4921,ASKILDSEN,LEC,c,c,3.0,3.0,4.0
2022-23,4934,Lovato,SAL,d,dc,6.0,3.0,5.0
2022-23,4946,Frabotta,LEC,d,ds|e,4.0,3.0,0.0
2022-23,4975,Escalante,CRE,c,m|c,4.0,3.0,0.0
2022-23,4979,Ayhan,SAS,d,dd|dc,5.0,3.0,0.0
2022-23,4982,Erlic,SAS,d,dc,9.0,3.0,14.0
2022-23,5397,Kovalenko,SPE,c,c|t,7.0,3.0,5.0
2022-23,5479,Ceccaroni,LEC,d,ds|dc,5.0,3.0,4.0
2022-23,5486,Crnigoj,SAL,c,c,5.0,3.0,6.0
2022-23,5673,Antiste,SAS,a,a,3.0,3.0,0.0
2022-23,5728,AFENA-GYAN,CRE,a,a,8.0,3.0,6.0
2022-23,5764,Coppola D.,VER,d,dc,2.0,3.0,8.0
2022-23,5772,Pyyhtia,BOL,c,c|t,1.0,3.0,1.0
2022-23,5804,Cacace,EMP,d,ds|e,3.0,3.0,3.0
2022-23,5860,Ravanelli,CRE,d,dc,3.0,3.0,0.0
2022-23,5881,Gytkjaer,MON,a,pc,4.0,3.0,6.0
2022-23,5891,Quagliata,CRE,d,ds|e,3.0,3.0,3.0
2022-23,6021,Abankwah,UDI,d,dc|dd,1.0,3.0,1.0
2022-23,6023,Guessand A.,UDI,d,dc,1.0,3.0,1.0
2022-23,6024,Sulemana I.,VER,c,m|c,1.0,3.0,4.0
2022-23,6039,Cabal,VER,d,ds|dc,3.0,3.0,2.0
2022-23,6058,Camara Ma.,ROM,c,m|c,7.0,3.0,3.0
2022-23,6162,Abildgaard,VER,c,m,3.0,3.0,4.0
2022-23,42,SARR M.,CRE,p,por,1.0,2.0,1.0
2022-23,52,Oikonomou,SAM,d,dc,2.0,2.0,2.0
2022-23,73,Gagliolo,SAL,d,ds|dc,2.0,2.0,0.0
2022-23,118,RADOVANOVIC,SAL,d,dc,5.0,2.0,0.0
2022-23,139,Dermaku,LEC,d,dc,4.0,2.0,2.0
2022-23,144,Tonelli,EMP,d,dc,1.0,2.0,1.0
2022-23,259,MURILLO,SAM,d,dc,3.0,2.0,4.0
2022-23,434,Jajalo,UDI,c,m|c,3.0,2.0,0.0
2022-23,472,Destro,EMP,a,pc,18.0,2.0,8.0
2022-23,510,Pegolo,SAS,p,por,1.0,2.0,1.0
2022-23,770,Pezzella Giu.,LEC,d,ds|e,6.0,2.0,5.0
2022-23,801,Gagliardini,INT,c,m|c,8.0,2.0,4.0
2022-23,1998,Pjaca,EMP,a,a,9.0,2.0,4.0
2022-23,2016,Fazio,SAL,d,dc,6.0,2.0,5.0
2022-23,2180,Karsdorp,ROM,d,dd|e,10.0,2.0,3.0
2022-23,2252,Marchizza,SAS,d,ds|dc,2.0,2.0,4.0
2022-23,2274,Valoti,MON,c,c|t,5.0,2.0,6.0
2022-23,2279,ROMAGNA,SAS,d,dc,1.0,2.0,1.0
2022-23,2446,Donati,MON,d,dd|dc,4.0,2.0,5.0
2022-23,2639,BAKAYOKO,MIL,c,m,2.0,2.0,2.0
2022-23,2668,Retsos,VER,d,dd|ds|dc,1.0,2.0,0.0
2022-23,2746,Dijks,BOL,d,ds|e,3.0,2.0,0.0
2022-23,4401,Gabbia,MIL,d,dc,1.0,2.0,2.0
2022-23,4500,Di Carmine,CRE,a,pc,1.0,2.0,0.0
2022-23,4960,TUIA,LEC,d,dc,3.0,2.0,4.0
2022-23,4977,RAVAGLIA,SAM,p,por,1.0,2.0,3.0
2022-23,4983,FERRER,SPE,d,dd|ds|e,3.0,2.0,3.0
2022-23,4988,Maggiore,SAL,c,c|t,10.0,2.0,8.0
2022-23,5313,Dest,MIL,d,dd|ds|e,5.0,2.0,5.0
2022-23,5354,Ruggeri,ATA,d,ds|e,1.0,2.0,8.0
2022-23,5399,Antov,MON,d,dc,1.0,2.0,1.0
2022-23,5603,Pongracic,LEC,d,dc,6.0,2.0,3.0
2022-23,5686,Soppy,ATA,d,dd|e,7.0,2.0,4.0
2022-23,5719,Asllani,INT,c,m|c,8.0,2.0,4.0
2022-23,5747,Tressoldi,SAS,d,dc,3.0,2.0,12.0
2022-23,5750,Ostigard,NAP,d,dc,7.0,2.0,6.0
2022-23,5788,Sabiri,SAM,c,t|a,15.0,2.0,4.0
2022-23,5814,Cisse',ATA,a,pc,2.0,2.0,0.0
2022-23,5833,Gila,LAZ,d,dc,4.0,2.0,2.0
2022-23,5843,Valencia D.,SAL,a,a,2.0,2.0,1.0
2022-23,5846,Bayeye,TOR,d,e,1.0,2.0,1.0
2022-23,5865,Strizzolo,CRE,a,a,2.0,2.0,0.0
2022-23,5998,Zerbin,NAP,c,w|a,1.0,2.0,3.0
2022-23,6005,Ilkhan,SAM,c,c|t,3.0,2.0,3.0
2022-23,6013,Barbieri,JUV,d,dd|ds|e,1.0,2.0,1.0
2022-23,6028,Bronn,SAL,d,dd|dc,5.0,2.0,6.0
2022-23,6064,Hendry,CRE,d,dc,4.0,2.0,0.0
2022-23,6131,Paoletti,SAM,c,m,1.0,2.0,1.0
2022-23,6135,Turk,SAM,p,por,1.0,2.0,1.0
2022-23,6142,Cipot,SPE,c,c|w|t,1.0,2.0,2.0
2022-23,6157,Malagrida,SAM,c,w|t|a,1.0,2.0,1.0
2022-23,11,CONTI,SAM,d,dd|e,3.0,1.0,1.0
2022-23,21,D'Alessandro,MON,c,e|w,1.0,1.0,1.0
2022-23,41,Mirante,MIL,p,por,1.0,1.0,1.0
2022-23,50,Mbaye,BOL,d,dd|ds|e,1.0,1.0,0.0
2022-23,58,Diawara,ROM,c,m|c,2.0,1.0,0.0
2022-23,76,Romagnoli S.,LEC,d,dc,3.0,1.0,4.0
2022-23,84,MARRONE,MON,d,dc,4.0,1.0,1.0
2022-23,173,CAPEZZI,SAL,c,m|c,1.0,1.0,0.0
2022-23,217,Lamanna,MON,p,por,1.0,1.0,1.0
2022-23,220,Ujkani,EMP,p,por,1.0,1.0,1.0
2022-23,316,Berisha,TOR,p,por,11.0,1.0,1.0
2022-23,318,Marchetti,SPE,p,por,1.0,1.0,1.0
2022-23,329,RADU,LAZ,d,ds|dc,2.0,1.0,1.0
2022-23,360,Paletta,MON,d,dc,2.0,1.0,0.0
2022-23,454,Capradossi,SPE,d,dc,2.0,1.0,0.0
2022-23,464,Florenzi,MIL,d,dd|e,7.0,1.0,2.0
2022-23,511,Perilli,VER,p,por,1.0,1.0,1.0
2022-23,543,Padelli,UDI,p,por,1.0,1.0,1.0
2022-23,630,SALA,SPE,d,e|c,5.0,1.0,3.0
2022-23,633,Fares,LAZ,d,ds|e,2.0,1.0,1.0
2022-23,694,Baez,CRE,c,e|w,4.0,1.0,0.0
2022-23,799,BARDI,BOL,p,por,1.0,1.0,1.0
2022-23,1839,EDERA,TOR,a,w|a,2.0,1.0,0.0
2022-23,1847,CALDARA,SPE,d,dc,6.0,1.0,8.0
2022-23,1851,Molina S.,MON,c,e,4.0,1.0,0.0
2022-23,1901,BARBERIS,MON,c,m|c,7.0,1.0,1.0
2022-23,1930,Pinsoglio,JUV,p,por,1.0,1.0,1.0
2022-23,1947,Fiorillo,SAL,p,por,1.0,1.0,1.0
2022-23,2064,Veseli,SAL,d,dd|ds|dc,1.0,1.0,0.0
2022-23,2127,Satalino,SAS,p,por,1.0,1.0,0.0
2022-23,2178,Cragno,MON,p,por,11.0,1.0,1.0
2022-23,2179,Sirigu,FIO,p,por,1.0,1.0,1.0
2022-23,2208,Jaroszynski,SAL,d,ds|dc|e,1.0,1.0,0.0
2022-23,2286,Crociata,EMP,c,c|t,1.0,1.0,0.0
2022-23,2297,Rossi F.,ATA,p,por,1.0,1.0,1.0
2022-23,2453,Nastasic,FIO,d,dc,1.0,1.0,0.0
2022-23,2722,Ravaglia F.,BOL,p,por,1.0,1.0,1.0
2022-23,2737,Bettella,MON,d,dc,1.0,1.0,0.0
2022-23,2742,Valzania,CRE,c,m|c,2.0,1.0,0.0
2022-23,2790,Rosati,FIO,p,por,1.0,1.0,0.0
2022-23,2804,Scozzarella,MON,c,m|c,1.0,1.0,0.0
2022-23,2826,Pussetto,SAM,a,w|a,5.0,1.0,1.0
2022-23,2835,Kingsley,BOL,c,m|c,1.0,1.0,0.0
2022-23,2845,Contini,SAM,p,por,1.0,1.0,0.0
2022-23,2855,Vieira,TOR,c,m|c,4.0,1.0,4.0
2022-23,4351,Brancolini,LEC,p,por,1.0,1.0,1.0
2022-23,4411,Agoume,INT,c,m|c,2.0,1.0,0.0
2022-23,4438,Cassandro,LEC,d,dd|ds|e,1.0,1.0,1.0
2022-23,4468,Bleve,LEC,p,por,1.0,1.0,1.0
2022-23,4491,Berardi A.,VER,p,por,1.0,1.0,1.0
2022-23,4495,Kumbulla,ROM,d,dc,4.0,1.0,4.0
2022-23,4518,RUSSO A.,SAS,p,por,1.0,1.0,1.0
2022-23,4519,Cetin,LEC,d,dc,5.0,1.0,0.0
2022-23,4521,Muldur,SAS,d,dd|e,5.0,1.0,2.0
2022-23,4525,Gemello,TOR,p,por,1.0,1.0,1.0
2022-23,4725,Demme,NAP,c,m,4.0,1.0,2.0
2022-23,4870,Adopo,TOR,d,dc,1.0,1.0,4.0
2022-23,4925,Carboni A.,MON,d,ds|dc,5.0,1.0,0.0
2022-23,4938,Moro,LAZ,a,a,1.0,1.0,1.0
2022-23,4943,Horvath,TOR,c,t|a,1.0,1.0,0.0
2022-23,4945,Calafiori,ROM,d,ds|e,2.0,1.0,0.0
2022-23,4985,Vignali,SPE,d,dd|e,1.0,1.0,0.0
2022-23,4987,Bartolomei,CRE,c,c,1.0,1.0,0.0
2022-23,5304,Boer,ROM,p,por,1.0,1.0,1.0
2022-23,5312,Leo' Sena,SPE,c,m|c,1.0,1.0,0.0
2022-23,5333,Gasparini,UDI,p,por,1.0,1.0,0.0
2022-23,5378,Oddei,SAS,a,a,1.0,1.0,0.0
2022-23,5391,Kokorin,FIO,a,pc,1.0,1.0,0.0
2022-23,5395,Braaf,VER,a,w|a,1.0,1.0,6.0
2022-23,5420,DARBOE,ROM,c,m|c,1.0,1.0,1.0
2022-23,5424,Amey,BOL,d,dd|dc,1.0,1.0,1.0
2022-23,5425,Urbanski,BOL,c,t,1.0,1.0,1.0
2022-23,5436,Raimondo,BOL,a,pc,1.0,1.0,1.0
2022-23,5442,Bertini,LAZ,c,m|c,1.0,1.0,1.0
2022-23,5444,CORTINOVIS,VER,c,c|t,2.0,1.0,0.0
2022-23,5448,Furlan,EMP,p,por,1.0,1.0,0.0
2022-23,5456,Ferrarini,MON,d,dd|e,1.0,1.0,0.0
2022-23,5461,KAMENOVIC,LAZ,d,ds|e,1.0,1.0,0.0
2022-23,5468,Cavion,SAL,c,c,1.0,1.0,0.0
2022-23,5472,Kristoffersen,SAL,a,pc,1.0,1.0,0.0
2022-23,5476,Kornvig,SPE,c,c,2.0,1.0,0.0
2022-23,5499,Hongla,VER,c,m|c,3.0,1.0,0.0
2022-23,5500,Cancellieri,LAZ,a,a,7.0,1.0,4.0
2022-23,5502,Adamonis,LAZ,p,por,1.0,1.0,1.0
2022-23,5503,Kechrida,SAL,d,dd|e,1.0,1.0,0.0
2022-23,5505,Kaio Jorge,JUV,a,pc,1.0,1.0,1.0
2022-23,5509,Vina,ROM,d,ds|e,3.0,1.0,0.0
2022-23,5510,Romero L.,LAZ,c,w|a,2.0,1.0,4.0
2022-23,5512,DE LUCA,SAM,a,pc,4.0,1.0,1.0
2022-23,5516,Bianco,FIO,c,m|c,1.0,1.0,1.0
2022-23,5517,YEPES,SAM,c,m,3.0,1.0,1.0
2022-23,5518,MARFELLA,NAP,p,por,1.0,1.0,1.0
2022-23,5519,SHER,SPE,c,m|c,1.0,1.0,0.0
2022-23,5528,ZOVKO,SPE,p,por,1.0,1.0,1.0
2022-23,5610,Vranckx,MIL,c,m|c,6.0,1.0,3.0
2022-23,5682,Molla,BOL,p,por,1.0,1.0,0.0
2022-23,5691,Zima,TOR,d,dc,5.0,1.0,4.0
2022-23,5704,Russo,SAL,p,por,1.0,1.0,0.0
2022-23,5707,Piana,UDI,p,por,1.0,1.0,1.0
2022-23,5716,Podgoreanu,SPE,a,a,1.0,1.0,0.0
2022-23,5722,NGUIAMBA,SPE,c,m|c,1.0,1.0,0.0
2022-23,5739,De Winter,EMP,d,dd|dc,4.0,1.0,8.0
2022-23,5740,ZANOTTI,INT,d,dd|e,1.0,1.0,1.0
2022-23,5762,Motoc,SAL,d,dc,1.0,1.0,0.0
2022-23,5785,Lazetic,MIL,a,pc,1.0,1.0,0.0
2022-23,5789,Praszelik,VER,c,t,1.0,1.0,0.0
2022-23,5802,Mikael,SAL,a,pc,1.0,1.0,0.0
2022-23,5810,Trimboli,SAM,c,c,1.0,1.0,0.0
2022-23,5820,Bertola,SPE,d,dc,1.0,1.0,0.0
2022-23,5822,Bagnolini,BOL,p,por,1.0,1.0,1.0
2022-23,5824,Pafundi,UDI,c,t|a,1.0,1.0,1.0
2022-23,5829,MILANESE,CRE,c,c|t,7.0,1.0,0.0
2022-23,5832,Luis Maximiano,LAZ,p,por,12.0,1.0,1.0
2022-23,5837,Voelkerling Persson,LEC,a,pc,1.0,1.0,1.0
2022-23,5849,Buta,UDI,d,ds|e,1.0,1.0,1.0
2022-23,5853,Sorrentino A.,MON,p,por,1.0,1.0,1.0
2022-23,5855,Tenkorang,CRE,c,c,1.0,1.0,0.0
2022-23,5859,Ndiaye,CRE,d,dc,1.0,1.0,0.0
2022-23,5861,Fiordaliso,CRE,d,dd|dc,1.0,1.0,0.0
2022-23,5868,BJORKENGREN,LEC,c,m|c,1.0,1.0,0.0
2022-23,5872,Helgason,LEC,c,c|t,1.0,1.0,1.0
2022-23,5873,Listkowski,LEC,c,w,1.0,1.0,0.0
2022-23,5874,Rodriguez P.,LEC,a,a,2.0,1.0,0.0
2022-23,5875,Adli,MIL,c,t,7.0,1.0,3.0
2022-23,5887,Ciezkowski,CRE,p,por,1.0,1.0,1.0
2022-23,5888,Casadei,INT,c,c|t,1.0,1.0,0.0
2022-23,5889,MICAI,SAL,p,por,1.0,1.0,0.0
2022-23,5890,Chiesa M.,VER,p,por,1.0,1.0,0.0
2022-23,5947,Hrustic,VER,c,c,4.0,1.0,1.0
2022-23,5992,Bondo,MON,c,c|t,1.0,1.0,0.0
2022-23,5994,Ebosse,UDI,d,ds|e,4.0,1.0,1.0
2022-23,5996,Samek,LEC,c,m|c,1.0,1.0,1.0
2022-23,6009,Degli Innocenti,EMP,c,m|c,1.0,1.0,1.0
2022-23,6012,ACELLA,CRE,c,c,1.0,1.0,1.0
2022-23,6017,Tripi,ROM,c,m|c,1.0,1.0,0.0
2022-23,6019,D'Andrea,SAS,c,t|a,1.0,1.0,2.0
2022-23,6020,Ellertsson,SPE,c,c|w,1.0,1.0,0.0
2022-23,6029,SARO,CRE,p,por,1.0,1.0,1.0
2022-23,6043,Sosa,BOL,d,dc,2.0,1.0,1.0
2022-23,6056,Guarino,EMP,d,dc,1.0,1.0,1.0
2022-23,6057,Garbett,TOR,c,c,1.0,1.0,0.0
2022-23,6063,Sanca,SPE,a,a,1.0,1.0,0.0
2022-23,6106,Carboni V.,INT,c,t|a,1.0,1.0,1.0
2022-23,6113,Montevago,SAM,a,pc,1.0,1.0,2.0
2022-23,6118,Moutinho J.,SPE,d,ds|e,2.0,1.0,3.0
2022-23,6125,Vasquez D.,MIL,p,por,1.0,1.0,1.0
2022-23,6139,Zeefuik,VER,d,dd|e,4.0,1.0,2.0
2022-23,6143,Krollis,SPE,a,pc,1.0,1.0,2.0
2022-23,6149,Carboni F.,MON,d,ds|e,1.0,1.0,1.0
2022-23,6160,Vivaldo,UDI,a,pc,1.0,1.0,1.0
2022-23,6168,Faticanti,ROM,c,m|c,1.0,1.0,1.0
2022-23,6170,Gineitis,TOR,c,c,1.0,1.0,1.0
2022-23,6172,Vorlicky,ATA,a,a,1.0,1.0,1.0
2022-23,6175,Barrenechea,JUV,c,m|c,1.0,1.0,4.0
2022-23,6184,Martinelli T.,FIO,p,por,1.0,1.0,1.0
2023-24,2764,Martinez L.,INT,a,pc,37.0,41.0,450.0
2023-24,309,Dybala,ROM,a,a,30.0,35.0,330.0
2023-24,2137,Scamacca,ATA,a,pc,25.0,32.0,330.0
2023-24,4200,Giroud,MIL,a,pc,24.0,31.0,320.0
2023-24,4661,Osimhen,NAP,a,pc,43.0,31.0,340.0
2023-24,4871,Thuram,INT,a,pc,23.0,31.0,320.0
2023-24,2194,Calhanoglu,INT,c,m|c,16.0,30.0,330.0
2023-24,5800,Gudmundsson A.,GEN,c,t|a,14.0,30.0,330.0
2023-24,2423,Pulisic,MIL,c,t|a,18.0,29.0,300.0
2023-24,4730,Lookman,ATA,a,a,26.0,29.0,250.0
2023-24,5685,Koopmeiners,ATA,c,c|t,24.0,29.0,300.0
2023-24,2841,Vlahovic,JUV,a,pc,28.0,27.0,350.0
2023-24,4510,Leao,MIL,a,a,31.0,27.0,200.0
2023-24,608,Zapata D.,TOR,a,pc,19.0,26.0,210.0
2023-24,4179,Gonzalez N.,FIO,a,a,15.0,26.0,125.0
2023-24,5086,Zirkzee,BOL,a,pc,11.0,26.0,230.0
2023-24,5995,De Ketelaere,ATA,c,t,7.0,26.0,270.0
2023-24,2002,Chiesa,JUV,a,a,17.0,25.0,100.0
2023-24,5839,Kvaratskhelia,NAP,a,a,31.0,25.0,190.0
2023-24,254,Dimarco,INT,d,e,19.0,24.0,150.0
2023-24,531,Berardi,SAS,a,a,30.0,24.0,50.0
2023-24,5734,Soule',FRO,a,w|a,4.0,24.0,85.0
2023-24,2167,Orsolini,BOL,c,w,21.0,23.0,200.0
2023-24,2531,Lukaku,ROM,a,pc,31.0,23.0,260.0
2023-24,536,Politano,NAP,c,w,14.0,22.0,85.0
2023-24,5878,Colpani,MON,c,c|t,9.0,22.0,105.0
2023-24,332,Candreva,SAL,c,w,15.0,21.0,60.0
2023-24,530,Pellegrini Lo.,ROM,c,c|t,16.0,21.0,175.0
2023-24,2848,Frattesi,INT,c,c,17.0,21.0,55.0
2023-24,5786,Cabral,FIO,a,pc,21.0,21.0,138.0
2023-24,6227,Okafor,MIL,a,pc,16.0,21.0,35.0
2023-24,367,Bonaventura,FIO,c,c|t,14.0,20.0,90.0
2023-24,2077,Pasalic,ATA,c,t,14.0,20.0,130.0
2023-24,2085,Luis Alberto,LAZ,c,c|t,21.0,20.0,80.0
2023-24,5694,Beto,UDI,a,pc,21.0,20.0,138.0
2023-24,5858,Ferguson,BOL,c,c|t,17.0,20.0,50.0
2023-24,6228,Retegui,GEN,a,pc,23.0,20.0,65.0
2023-24,441,Belotti,FIO,a,pc,9.0,19.0,60.0
2023-24,2038,Pinamonti,SAS,a,pc,13.0,19.0,110.0
2023-24,2529,Mkhitaryan,INT,c,c|t,13.0,19.0,40.0
2023-24,5119,Samardzic,UDI,c,c|t,16.0,19.0,55.0
2023-24,6145,Ngonge,NAP,a,a,12.0,19.0,23.0
2023-24,6206,Fabbian,BOL,c,c,5.0,19.0,45.0
2023-24,6215,Lucca,UDI,a,pc,6.0,19.0,80.0
2023-24,181,Vecino,LAZ,c,m|c,6.0,18.0,27.0
2023-24,5001,Miranchuk,ATA,c,t|a,10.0,18.0,40.0
2023-24,5297,Luvumbo,CAG,a,a,8.0,18.0,41.0
2023-24,5471,Djuric,MON,a,pc,9.0,18.0,55.0
2023-24,5792,Ederson D.s.,ATA,c,c|t,10.0,18.0,51.0
2023-24,6409,Beltran L.,FIO,a,pc,16.0,18.0,60.0
2023-24,6439,Cheddira,FRO,a,pc,11.0,18.0,42.0
2023-24,335,Felipe Anderson,LAZ,c,w|a,23.0,17.0,49.0
2023-24,1870,Barella,INT,c,c,20.0,17.0,57.0
2023-24,2428,Sommer,INT,p,por,15.0,17.0,120.0
2023-24,6061,Oudin,LEC,c,w|t,6.0,17.0,30.0
2023-24,453,Szczesny,JUV,p,por,15.0,16.0,100.0
2023-24,632,Zaccagni,LAZ,c,w|a,28.0,16.0,120.0
2023-24,785,Immobile,LAZ,a,pc,32.0,16.0,150.0
2023-24,1976,Mazzitelli,FRO,c,m|c,4.0,16.0,33.0
2023-24,2369,Thauvin,UDI,a,a,11.0,16.0,41.0
2023-24,2475,Sanchez,INT,a,a,15.0,16.0,21.0
2023-24,4199,Loftus-Cheek,MIL,c,c,13.0,16.0,65.0
2023-24,4268,Arnautovic,INT,a,pc,23.0,16.0,35.0
2023-24,4364,Gaetano,CAG,c,c|t,3.0,16.0,44.0
2023-24,4433,Zortea,FRO,d,dd|ds|e,3.0,16.0,55.0
2023-24,5513,Dumfries,INT,d,e,12.0,16.0,85.0
2023-24,5791,Frendrup,GEN,c,e|m,5.0,16.0,35.0
2023-24,5841,Svilar,ROM,p,por,1.0,16.0,70.0
2023-24,5876,Di Gregorio,MON,p,por,12.0,16.0,80.0
2023-24,133,Skorupski,BOL,p,por,10.0,15.0,65.0
2023-24,302,Pereyra,UDI,c,c|w,13.0,15.0,40.0
2023-24,440,Viola,CAG,c,c,2.0,15.0,24.0
2023-24,779,Cristante,ROM,c,m|c,9.0,15.0,34.0
2023-24,2379,Rabiot,JUV,c,c,22.0,15.0,65.0
2023-24,2724,Buongiorno,TOR,d,dc,11.0,15.0,90.0
2023-24,2815,Terracciano,FIO,p,por,10.0,15.0,65.0
2023-24,4292,Hernandez T.,MIL,d,ds|e,17.0,15.0,100.0
2023-24,4431,Carnesecchi,ATA,p,por,11.0,15.0,65.0
2023-24,4947,Brescianini,FRO,c,m|c,5.0,15.0,24.0
2023-24,5919,Tchaouna,SAL,c,w,3.0,15.0,45.0
2023-24,6060,Lauriente',SAS,a,a,21.0,15.0,40.0
2023-24,507,Muriel,ATA,a,pc,14.0,14.0,28.0
2023-24,513,Acerbi,INT,d,dc,11.0,14.0,90.0
2023-24,2120,Bastoni,INT,d,dc,13.0,14.0,85.0
2023-24,2170,Milinkovic-Savic V.,TOR,p,por,10.0,14.0,65.0
2023-24,2741,Pessina,MON,c,c|t,14.0,14.0,43.0
2023-24,2788,Bremer,JUV,d,dc,13.0,14.0,80.0
2023-24,4359,Piccoli,LEC,a,pc,7.0,14.0,22.0
2023-24,4360,Caprile,EMP,p,por,7.0,14.0,25.0
2023-24,4371,Raspadori,NAP,a,a,10.0,14.0,25.0
2023-24,4887,Bellanova,TOR,d,dd|e,8.0,14.0,65.0
2023-24,4892,Saelemaekers,BOL,c,w,5.0,14.0,42.0
2023-24,4896,Maldini,MON,c,t|a,5.0,14.0,35.0
2023-24,5506,Ekuban,GEN,a,a,1.0,14.0,21.0
2023-24,5795,Azmoun,ROM,a,pc,13.0,14.0,27.0
2023-24,5877,Carlos Augusto,INT,d,e,17.0,14.0,27.0
2023-24,6106,Carboni V.,MON,c,t|a,2.0,14.0,24.0
2023-24,6224,Reijnders,MIL,c,m|c,12.0,14.0,28.0
2023-24,6556,Noslin,VER,a,w|a,4.0,14.0,55.0
2023-24,382,Niang,EMP,a,pc,6.0,13.0,55.0
2023-24,572,Meret,NAP,p,por,17.0,13.0,55.0
2023-24,795,El Shaarawy,ROM,c,w|a,16.0,13.0,39.0
2023-24,2438,Jovic,MIL,a,pc,14.0,13.0,28.0
2023-24,2525,Darmian,INT,d,dd|dc,11.0,13.0,48.0
2023-24,2719,Barrow,BOL,a,a,14.0,13.0,11.0
2023-24,2818,Bennacer,MIL,c,m|c,10.0,13.0,30.0
2023-24,4427,Malinovskyi,GEN,c,t,17.0,13.0,23.0
2023-24,4436,Cambiaghi,EMP,a,a,12.0,13.0,27.0
2023-24,4945,Calafiori,BOL,d,ds|e,4.0,13.0,75.0
2023-24,4957,Montipo',VER,p,por,7.0,13.0,20.0
2023-24,4973,McKennie,JUV,c,c,8.0,13.0,45.0
2023-24,5323,Martinez Quarta,FIO,d,dc,6.0,13.0,50.0
2023-24,5365,Dragusin,GEN,d,dd|dc,6.0,13.0,38.0
2023-24,5514,Vasquez,GEN,d,ds|dc,4.0,13.0,17.0
2023-24,5672,Dia,SAL,a,pc,26.0,13.0,10.0
2023-24,5687,Vlasic,TOR,c,w|t,18.0,13.0,50.0
2023-24,5688,Harroui,FRO,c,m|c,4.0,13.0,25.0
2023-24,5836,Ceesay,LEC,a,pc,13.0,13.0,20.0
2023-24,5844,Thorstvedt,SAS,c,c|t,6.0,13.0,43.0
2023-24,5882,Mota,MON,a,a,11.0,13.0,33.0
2023-24,6164,Vitinha O.,GEN,a,pc,14.0,13.0,20.0
2023-24,6217,Bisseck,INT,d,dc,4.0,13.0,27.0
2023-24,6226,Castellanos,LAZ,a,pc,13.0,13.0,50.0
2023-24,6486,Suslov,VER,c,c|w|t,3.0,13.0,40.0
2023-24,479,Sanabria,TOR,a,pc,24.0,12.0,50.0
2023-24,526,Duncan,FIO,c,c,5.0,12.0,31.0
2023-24,2012,Milik,JUV,a,pc,18.0,12.0,30.0
2023-24,2134,Falcone,LEC,p,por,8.0,12.0,25.0
2023-24,2169,Rodriguez R.,TOR,d,ds|dc,8.0,12.0,25.0
2023-24,2814,Provedel,LAZ,p,por,16.0,12.0,55.0
2023-24,2816,Di Lorenzo,NAP,d,dd|e,18.0,12.0,55.0
2023-24,4285,Arthur Melo,FIO,c,m|c,7.0,12.0,26.0
2023-24,4751,Tomori,MIL,d,dc,13.0,12.0,75.0
2023-24,4869,Dominguez,BOL,c,m|c,12.0,12.0,26.0
2023-24,5116,Martinez Jo.,GEN,p,por,8.0,12.0,40.0
2023-24,5311,Shomurodov,CAG,a,pc,13.0,12.0,22.0
2023-24,5500,Cancellieri,EMP,a,a,5.0,12.0,25.0
2023-24,5526,Scalvini,ATA,d,dc,9.0,12.0,40.0
2023-24,6229,Toure' E.,ATA,a,pc,16.0,12.0,30.0
2023-24,6252,Folorunsho,VER,c,c|t,2.0,12.0,41.0
2023-24,6398,Isaksen,LAZ,a,a,12.0,12.0,25.0
2023-24,6434,Yildiz,JUV,a,a,1.0,12.0,30.0
2023-24,6435,Krstovic,LEC,a,pc,11.0,12.0,47.0
2023-24,6462,Okoye,UDI,p,por,1.0,12.0,20.0
2023-24,152,Zielinski,NAP,c,c|t,20.0,11.0,30.0
2023-24,170,Badelj,GEN,c,m|c,5.0,11.0,23.0
2023-24,393,Luperto,EMP,d,dc,8.0,11.0,40.0
2023-24,495,Correa,INT,a,a,11.0,11.0,25.0
2023-24,1933,Mandragora,FIO,c,m|c,9.0,11.0,14.0
2023-24,2172,Barak,FIO,c,t,12.0,11.0,20.0
2023-24,2296,Mancini,ROM,d,dc,11.0,11.0,60.0
2023-24,2762,Kouame',FIO,a,a,9.0,11.0,13.0
2023-24,4186,Guendouzi,LAZ,c,c|t,13.0,11.0,29.0
2023-24,4210,Mina,CAG,d,dc,8.0,11.0,25.0
2023-24,4404,Thorsby,GEN,c,m|c,9.0,11.0,15.0
2023-24,4479,Elmas,NAP,c,c|w|t,15.0,11.0,25.0
2023-24,4514,Nandez,CAG,c,e|c,7.0,11.0,27.0
2023-24,4517,Lozano,NAP,a,a,12.0,11.0,21.0
2023-24,5007,Ilic,TOR,c,c,12.0,11.0,20.0
2023-24,5063,Radonjic,TOR,c,w,11.0,11.0,20.0
2023-24,5375,Maehle,ATA,d,e,11.0,11.0,23.0
2023-24,5719,Asllani,INT,c,m|c,4.0,11.0,13.0
2023-24,5867,Gendrey,LEC,d,dd|e,6.0,11.0,26.0
2023-24,6066,Posch,BOL,d,dd|dc,16.0,11.0,35.0
2023-24,6207,Almqvist,LEC,a,a,10.0,11.0,20.0
2023-24,6482,Mandas,LAZ,p,por,1.0,11.0,1.0
2023-24,6573,Alcaraz,JUV,c,c|t,14.0,11.0,27.0
2023-24,236,Lazovic,VER,c,e|w,15.0,10.0,25.0
2023-24,322,De Vrij,INT,d,dc,6.0,10.0,22.0
2023-24,468,Paredes,ROM,c,m|c,7.0,10.0,33.0
2023-24,537,Sansone,LEC,a,a,7.0,10.0,18.0
2023-24,554,Zappacosta,ATA,d,e,15.0,10.0,33.0
2023-24,788,Freuler,BOL,c,m|c,7.0,10.0,27.0
2023-24,1852,Spinazzola,ROM,d,e,10.0,10.0,20.0
2023-24,1939,Lapadula,CAG,a,pc,15.0,10.0,27.0
2023-24,4142,Aouar,ROM,c,c|t,15.0,10.0,23.0
2023-24,4177,Pavard,INT,d,dd|dc,14.0,10.0,70.0
2023-24,4237,Danilo,JUV,d,dd|ds|dc,15.0,10.0,42.0
2023-24,4312,Maignan,MIL,p,por,17.0,10.0,75.0
2023-24,4377,Castrovilli,FIO,c,c|t,10.0,10.0,20.0
2023-24,4502,Gallo,LEC,d,ds|e,5.0,10.0,23.0
2023-24,4923,Colombo,MON,a,pc,10.0,10.0,15.0
2023-24,4970,Messias,GEN,c,w,9.0,10.0,23.0
2023-24,5354,Ruggeri,ATA,d,ds|e,3.0,10.0,42.0
2023-24,5520,Cambiaso,JUV,d,dd|ds|e,5.0,10.0,46.0
2023-24,5555,Kamara H.,UDI,d,ds|e,6.0,10.0,26.0
2023-24,5823,Baldanzi,ROM,c,t|a,15.0,10.0,25.0
2023-24,5831,Gatti,JUV,d,dc,6.0,10.0,52.0
2023-24,5870,Hjulmand,LEC,c,m|c,10.0,10.0,10.0
2023-24,6001,Banda,LEC,a,a,8.0,10.0,20.0
2023-24,6042,Lucumi',BOL,d,dc,7.0,10.0,23.0
2023-24,6218,Oristanio,CAG,c,w|t|a,4.0,10.0,26.0
2023-24,6235,Kayode,FIO,d,dd|ds|e,1.0,10.0,25.0
2023-24,6580,Swiderski,VER,a,pc,8.0,10.0,26.0
2023-24,247,Pavoletti,CAG,a,pc,4.0,9.0,23.0
2023-24,252,Biraghi,FIO,d,ds|e,10.0,9.0,29.0
2023-24,327,Patric,LAZ,d,dd|dc,5.0,9.0,20.0
2023-24,357,Calabria,MIL,d,dd|e,9.0,9.0,25.0
2023-24,464,Florenzi,MIL,d,dd|ds|e,3.0,9.0,5.0
2023-24,643,Defrel,SAS,a,a,9.0,9.0,10.0
2023-24,827,Locatelli,JUV,c,m|c,12.0,9.0,28.0
2023-24,1857,Di Francesco F.,LEC,a,a,8.0,9.0,8.0
2023-24,2006,Lirola,FRO,d,dd|e,3.0,9.0,13.0
2023-24,2117,Kastanos,SAL,c,c|t,7.0,9.0,13.0
2023-24,2160,Gosens,INT,d,e,9.0,9.0,20.0
2023-24,2392,Walace,UDI,c,m|c,7.0,9.0,22.0
2023-24,2528,Matic,ROM,c,m|c,9.0,9.0,10.0
2023-24,2640,Kolasinac,ATA,d,ds|dc,9.0,9.0,33.0
2023-24,2722,Ravaglia F.,BOL,p,por,1.0,9.0,1.0
2023-24,4184,Brekalo,FIO,a,w|a,11.0,9.0,18.0
2023-24,4342,Duda,VER,c,c|t,6.0,9.0,24.0
2023-24,4409,Rrahmani,NAP,d,dc,14.0,9.0,38.0
2023-24,4486,Strefezza,LEC,c,w,18.0,9.0,25.0
2023-24,4772,Angelino,ROM,d,ds|e,8.0,9.0,33.0
2023-24,4856,Chukwueze,MIL,c,w|a,19.0,9.0,35.0
2023-24,4988,Maggiore,SAL,c,c,3.0,9.0,18.0
2023-24,5564,Ndoye,BOL,c,w|a,12.0,9.0,29.0
2023-24,6112,Iling Junior,JUV,c,w,4.0,9.0,23.0
2023-24,6148,Kristiansen,BOL,d,ds|e,6.0,9.0,24.0
2023-24,6225,El Azzouzi,BOL,c,m|c,1.0,9.0,23.0
2023-24,22,De Roon,ATA,c,m|c,11.0,8.0,28.0
2023-24,294,Rugani,JUV,d,dc,3.0,8.0,14.0
2023-24,376,Verdi,TOR,c,w|t,8.0,8.0,8.0
2023-24,487,De Silvestri,BOL,d,dd|e,2.0,8.0,8.0
2023-24,505,Bonazzoli,VER,a,a,7.0,8.0,26.0
2023-24,787,Djimsiti,ATA,d,dc,7.0,8.0,33.0
2023-24,801,Gagliardini,MON,c,m|c,6.0,8.0,25.0
2023-24,1997,Simy,SAL,a,pc,1.0,8.0,18.0
2023-24,2285,Bani,GEN,d,dc,3.0,8.0,24.0
2023-24,2544,Abraham,ROM,a,pc,15.0,8.0,45.0
2023-24,2765,Odgaard,BOL,a,pc,4.0,8.0,22.0
2023-24,2839,Sottil,FIO,c,w,8.0,8.0,21.0
2023-24,4287,Lobotka,NAP,c,m|c,13.0,8.0,30.0
2023-24,4332,Demiral,ATA,d,dc,8.0,8.0,11.0
2023-24,4376,Zurkowski,EMP,c,c,7.0,8.0,30.0
2023-24,4385,Lazaro,TOR,d,e,4.0,8.0,24.0
2023-24,4393,Schouten,BOL,c,m|c,8.0,8.0,11.0
2023-24,4401,Gabbia,MIL,d,dc,2.0,8.0,18.0
2023-24,4426,Toljan,SAS,d,dd|e,6.0,8.0,24.0
2023-24,4461,Zappa,CAG,d,dd|e,6.0,8.0,21.0
2023-24,4658,Ikone',FIO,c,w,13.0,8.0,27.0
2023-24,4711,Kostic,JUV,c,e|w,15.0,8.0,25.0
2023-24,4899,Singo,TOR,d,e,8.0,8.0,20.0
2023-24,4904,Mari',MON,d,dc,9.0,8.0,26.0
2023-24,4965,Marin,EMP,c,m|c,8.0,8.0,17.0
2023-24,5336,Nzola,FIO,a,pc,23.0,8.0,15.0
2023-24,5451,Bajrami,SAS,c,t,13.0,8.0,20.0
2023-24,5511,Matheus Henrique,SAS,c,c,9.0,8.0,26.0
2023-24,5788,Sabiri,FIO,c,t|a,9.0,8.0,7.0
2023-24,5838,Birindelli,MON,d,dd|ds|e,5.0,8.0,13.0
2023-24,5847,Bijol,UDI,d,dc,9.0,8.0,27.0
2023-24,5850,Lovric,UDI,c,c|t,15.0,8.0,25.0
2023-24,5856,Sambia,SAL,d,dd|e,4.0,8.0,10.0
2023-24,5948,Kamada,LAZ,c,c|t,15.0,8.0,37.0
2023-24,6202,Beukema,BOL,d,dc,6.0,8.0,40.0
2023-24,6212,Zarraga,UDI,c,c,3.0,8.0,15.0
2023-24,6230,Dossena,CAG,d,dc,6.0,8.0,25.0
2023-24,6458,Serdar,VER,c,c|t,5.0,8.0,15.0
2023-24,76,Romagnoli S.,FRO,d,dc,5.0,7.0,13.0
2023-24,306,Cerri,EMP,a,pc,7.0,7.0,13.0
2023-24,470,Strootman,GEN,c,m|c,6.0,7.0,15.0
2023-24,509,Consigli,SAS,p,por,5.0,7.0,14.0
2023-24,574,Scuffet,CAG,p,por,1.0,7.0,15.0
2023-24,791,Sabelli,GEN,d,dd|ds|e,4.0,7.0,18.0
2023-24,2489,Pedro,LAZ,a,a,12.0,7.0,21.0
2023-24,2653,Lykogiannis,BOL,d,ds|e,5.0,7.0,12.0
2023-24,2769,Magnani,VER,d,dc,3.0,7.0,10.0
2023-24,2819,Caputo,EMP,a,pc,15.0,7.0,20.0
2023-24,4220,Zambo Anguissa,NAP,c,m|c,14.0,7.0,22.0
2023-24,4245,Smalling,ROM,d,dc,15.0,7.0,20.0
2023-24,4270,Rui Patricio,ROM,p,por,14.0,7.0,5.0
2023-24,4331,Ibanez,ROM,d,dc,7.0,7.0,13.0
2023-24,4421,Augello,CAG,d,ds|e,5.0,7.0,11.0
2023-24,4867,Turati,FRO,p,por,5.0,7.0,12.0
2023-24,4952,Monterisi,FRO,d,dc,1.0,7.0,22.0
2023-24,5093,Reinier,FRO,c,w|t,8.0,7.0,22.0
2023-24,5239,Llorente D.,ROM,d,dc,6.0,7.0,22.0
2023-24,5267,Racic,SAS,c,m|c,4.0,7.0,8.0
2023-24,5397,Kovalenko,EMP,c,c|t,4.0,7.0,12.0
2023-24,5423,Bove,ROM,c,c,5.0,7.0,23.0
2023-24,5453,Ricci S.,TOR,c,m|c,13.0,7.0,24.0
2023-24,5505,Kaio Jorge,FRO,a,pc,1.0,7.0,21.0
2023-24,5603,Pongracic,LEC,d,dc,5.0,7.0,23.0
2023-24,5637,Davis K.,UDI,a,pc,10.0,7.0,20.0
2023-24,5677,Perez N.,UDI,d,dc,9.0,7.0,23.0
2023-24,5678,Holm,ATA,d,e,10.0,7.0,25.0
2023-24,5784,Aebischer,BOL,c,c|w|t,5.0,7.0,16.0
2023-24,5807,Jovane,SAL,a,a,5.0,7.0,14.0
2023-24,5875,Adli,MIL,c,t,1.0,7.0,10.0
2023-24,5982,Spence,GEN,d,dd|e,5.0,7.0,13.0
2023-24,5999,Gonzalez J.,LEC,c,c,7.0,7.0,17.0
2023-24,6041,Schuurs,TOR,d,dc,14.0,7.0,10.0
2023-24,6047,Ehizibue,UDI,d,dd|e,5.0,7.0,6.0
2023-24,6054,Moro N.,BOL,c,m|c,6.0,7.0,16.0
2023-24,6119,Solbakken,ROM,a,a,8.0,7.0,6.0
2023-24,6250,Maric,MON,a,pc,1.0,7.0,1.0
2023-24,6257,Dorgu,LEC,d,ds|e,1.0,7.0,26.0
2023-24,6424,Prati,CAG,c,m|c,2.0,7.0,15.0
2023-24,6481,Payero,UDI,c,c|t,5.0,7.0,34.0
2023-24,4,Sportiello,MIL,p,por,1.0,6.0,2.0
2023-24,459,Manolas,SAL,d,dc,6.0,6.0,12.0
2023-24,460,Romagnoli,LAZ,d,dc,13.0,6.0,32.0
2023-24,761,Audero,INT,p,por,1.0,6.0,1.0
2023-24,2104,Bereszynski,EMP,d,dd|e,3.0,6.0,11.0
2023-24,2188,Marusic,LAZ,d,dd|ds|e,7.0,6.0,21.0
2023-24,2263,Lazzari,LAZ,d,dd|e,5.0,6.0,24.0
2023-24,2318,Rogerio,SAS,d,ds|e,6.0,6.0,10.0
2023-24,2593,Martin,GEN,d,ds|e,8.0,6.0,20.0
2023-24,4317,N'Dicka,ROM,d,dc,9.0,6.0,35.0
2023-24,4378,Ranieri L.,FIO,d,ds|dc,5.0,6.0,23.0
2023-24,4459,Rovella,LAZ,c,m|c,5.0,6.0,23.0
2023-24,4522,Amrabat,FIO,c,m|c,7.0,6.0,17.0
2023-24,4530,Kyriakopoulos,MON,d,ds|e,9.0,6.0,17.0
2023-24,4982,Erlic,SAS,d,dc,5.0,6.0,15.0
2023-24,4992,Gyasi,EMP,c,w|a,8.0,6.0,18.0
2023-24,4994,Vojvoda,TOR,d,e,6.0,6.0,13.0
2023-24,5067,Bakker,ATA,d,e,12.0,6.0,10.0
2023-24,5481,Mazzocchi,NAP,d,dd|ds|e,12.0,6.0,20.0
2023-24,5527,Zanoli,SAL,d,dd|e,4.0,6.0,15.0
2023-24,5735,Volpato,SAS,c,t,3.0,6.0,14.0
2023-24,5750,Ostigard,NAP,d,dc,4.0,6.0,14.0
2023-24,5764,Coppola D.,VER,d,dc,2.0,6.0,13.0
2023-24,5833,Gila,LAZ,d,dc,1.0,6.0,23.0
2023-24,5851,Doig,SAS,d,ds|e,11.0,6.0,23.0
2023-24,5862,Valeri,FRO,d,ds|e,6.0,6.0,15.0
2023-24,5869,Blin,LEC,c,m|c,6.0,6.0,11.0
2023-24,5992,Bondo,MON,c,c|t,1.0,6.0,1.0
2023-24,6010,Fazzini,EMP,c,c|t,6.0,6.0,12.0
2023-24,6024,Sulemana I.,CAG,c,m|c,3.0,6.0,20.0
2023-24,6046,Hien,ATA,d,dc,8.0,6.0,28.0
2023-24,6219,Boloca,SAS,c,m|c,6.0,6.0,21.0
2023-24,6245,Vogliacco,GEN,d,dd|dc,5.0,6.0,4.0
2023-24,6432,Pierozzi,SAL,d,dd|ds|e,1.0,6.0,8.0
2023-24,6485,Kristensen T.,UDI,d,dc,2.0,6.0,18.0
2023-24,6532,Buchanan T.,INT,c,e,5.0,6.0,15.0
2023-24,6579,Mitrovic S.,VER,c,w,5.0,6.0,9.0
2023-24,49,Masina,TOR,d,ds|dc,6.0,5.0,11.0
2023-24,90,Lasagna,VER,a,pc,5.0,5.0,4.0
2023-24,150,Saponara,VER,c,w|t,11.0,5.0,15.0
2023-24,333,Cataldi,LAZ,c,m|c,7.0,5.0,20.0
2023-24,697,Cuadrado,INT,d,e,9.0,5.0,12.0
2023-24,1871,Deiola,CAG,c,m|c,4.0,5.0,9.0
2023-24,1895,Ferrari G.,SAS,d,dc,4.0,5.0,12.0
2023-24,1987,Jankto,CAG,c,e|c,7.0,5.0,12.0
2023-24,2008,Linetty,TOR,c,m|c,5.0,5.0,19.0
2023-24,2103,Pellegri,TOR,a,pc,8.0,5.0,14.0
2023-24,2154,Vignato,SAL,c,w|t,2.0,5.0,3.0
2023-24,2180,Karsdorp,ROM,d,dd|e,2.0,5.0,25.0
2023-24,2190,Coda M.,GEN,a,pc,5.0,5.0,5.0
2023-24,2405,Boateng J.,SAL,d,dc,7.0,5.0,13.0
2023-24,2792,Musso,ATA,p,por,3.0,5.0,5.0
2023-24,2857,Traore' Hj.,NAP,c,w|t,7.0,5.0,21.0
2023-24,4374,Walukiewicz,EMP,d,dc,3.0,5.0,11.0
2023-24,4662,Weah,JUV,c,e|w,10.0,5.0,23.0
2023-24,4890,Tameze,TOR,c,m|c,8.0,5.0,15.0
2023-24,4925,Carboni A.,MON,d,ds|dc,3.0,5.0,16.0
2023-24,4958,Caldirola,MON,d,ds|dc,7.0,5.0,16.0
2023-24,5010,Ismajli,EMP,d,dc,5.0,5.0,16.0
2023-24,5295,Musah,MIL,c,c,9.0,5.0,21.0
2023-24,5332,Bastoni S.,EMP,d,ds|e,8.0,5.0,13.0
2023-24,5425,Urbanski,BOL,c,c|t,1.0,5.0,22.0
2023-24,5457,Maleh,EMP,c,c,5.0,5.0,15.0
2023-24,5499,Hongla,VER,c,m|c,4.0,5.0,15.0
2023-24,5504,Coulibaly L.,SAL,c,m|c,8.0,5.0,19.0
2023-24,5515,Okereke,TOR,a,pc,8.0,5.0,24.0
2023-24,5529,Henry,VER,a,pc,12.0,5.0,15.0
2023-24,5532,Bradaric,SAL,d,ds|e,7.0,5.0,21.0
2023-24,5695,Haps,GEN,d,ds|e,2.0,5.0,8.0
2023-24,5718,Viti,SAS,d,dc,6.0,5.0,7.0
2023-24,5739,De Winter,GEN,d,dd|dc,3.0,5.0,15.0
2023-24,5804,Cacace,EMP,d,ds|e,3.0,5.0,14.0
2023-24,5835,Baschirotto,LEC,d,dd|dc,10.0,5.0,25.0
2023-24,5840,Olivera,NAP,d,ds|e,7.0,5.0,25.0
2023-24,5998,Zerbin,MON,c,w,1.0,5.0,22.0
2023-24,6039,Cabal,VER,d,ds|dc,3.0,5.0,10.0
2023-24,6175,Barrenechea,FRO,c,m|c,2.0,5.0,21.0
2023-24,6211,Zemura,UDI,d,ds|e,5.0,5.0,19.0
2023-24,6222,Rafia,LEC,c,c|t,3.0,5.0,13.0
2023-24,6394,Ramadani,LEC,c,m|c,6.0,5.0,23.0
2023-24,6433,Huijsen,ROM,d,dc,1.0,5.0,23.0
2023-24,6480,Tchatchoua,VER,c,w,4.0,5.0,15.0
2023-24,6549,Pierotti,LEC,a,a,2.0,5.0,7.0
2023-24,6572,Castro S.,BOL,a,pc,4.0,5.0,9.0
2023-24,6584,Weissman,SAL,a,pc,4.0,5.0,19.0
2023-24,27,Grassi,EMP,c,m,5.0,4.0,6.0
2023-24,140,Hysaj,LAZ,d,dd|ds|e,7.0,4.0,15.0
2023-24,218,Perin,JUV,p,por,1.0,4.0,2.0
2023-24,226,Izzo,MON,d,dc,8.0,4.0,18.0
2023-24,253,D'Ambrosio,MON,d,dd|ds|dc,7.0,4.0,20.0
2023-24,256,Juan Jesus,NAP,d,ds|dc,5.0,4.0,20.0
2023-24,286,Bonucci,JUV,d,dc,4.0,4.0,5.0
2023-24,383,Petagna,CAG,a,pc,13.0,4.0,15.0
2023-24,418,Goldaniga,CAG,d,dc,3.0,4.0,8.0
2023-24,662,Alex Sandro,JUV,d,ds|dc,6.0,4.0,16.0
2023-24,695,Toloi,ATA,d,dc,9.0,4.0,13.0
2023-24,729,Pereira P.,MON,d,dd|e,1.0,4.0,14.0
2023-24,1891,Ceccherini,VER,d,dd|dc,4.0,4.0,7.0
2023-24,1980,Aramu,GEN,c,w|t,4.0,4.0,9.0
2023-24,2016,Fazio,SAL,d,dc,2.0,4.0,12.0
2023-24,2083,Biraschi,GEN,d,dd|dc,3.0,4.0,6.0
2023-24,2097,Kean,JUV,a,pc,11.0,4.0,15.0
2023-24,2130,Hateboer,ATA,d,e,7.0,4.0,15.0
2023-24,2164,Milenkovic,FIO,d,dc,10.0,4.0,23.0
2023-24,2252,Marchizza,FRO,d,ds|dc,5.0,4.0,17.0
2023-24,2294,Cerofolini,FRO,p,por,1.0,4.0,1.0
2023-24,2325,Karamoh,TOR,a,a,10.0,4.0,6.0
2023-24,2543,Renato Sanches,ROM,c,c,13.0,4.0,14.0
2023-24,2633,Kjaer,MIL,d,dc,4.0,4.0,18.0
2023-24,2728,Pellegrini Lu.,LAZ,d,ds|e,4.0,4.0,12.0
2023-24,4432,Okoli,FRO,d,dc,2.0,4.0,17.0
2023-24,4465,Fagioli,JUV,c,c|t,13.0,4.0,10.0
2023-24,4493,Dawidowicz,VER,d,dc,4.0,4.0,14.0
2023-24,4657,Celik,ROM,d,dd|e,3.0,4.0,7.0
2023-24,4802,Vinagre,VER,d,ds|e,4.0,4.0,10.0
2023-24,4897,Pirola,SAL,d,dc,5.0,4.0,13.0
2023-24,5286,Akpa Akpro,MON,c,m|c,3.0,4.0,17.0
2023-24,5422,Zalewski,ROM,c,e,8.0,4.0,18.0
2023-24,5449,Parisi,FIO,d,ds|e,8.0,4.0,18.0
2023-24,5509,Vina,SAS,d,ds|e,4.0,4.0,13.0
2023-24,5676,Success,UDI,a,a,7.0,4.0,13.0
2023-24,5812,Terracciano F.,MIL,d,dd|e,3.0,4.0,14.0
2023-24,5813,Miretti,JUV,c,c|t,5.0,4.0,23.0
2023-24,5834,Marcos Antonio,LAZ,c,m|c,5.0,4.0,7.0
2023-24,5848,Ebosele,UDI,d,dd|e,4.0,4.0,22.0
2023-24,5880,Ciurria,MON,c,e|w,14.0,4.0,20.0
2023-24,5884,Ranocchia F.,EMP,c,c,5.0,4.0,8.0
2023-24,6120,Ochoa,SAL,p,por,9.0,4.0,10.0
2023-24,6214,Cuni,FRO,a,pc,4.0,4.0,10.0
2023-24,6216,Mboula,VER,c,w,10.0,4.0,20.0
2023-24,6231,Azzi,CAG,d,ds|e,5.0,4.0,9.0
2023-24,6232,Makoumbou,CAG,c,m|c,5.0,4.0,22.0
2023-24,6241,Gelli,FRO,c,c|w|t,1.0,4.0,20.0
2023-24,6256,Ferreira J.,UDI,d,dd|e,1.0,4.0,12.0
2023-24,6402,Cajuste,NAP,c,m|c,7.0,4.0,17.0
2023-24,6423,Legowski,SAL,c,m|c,1.0,4.0,13.0
2023-24,6425,Ikwuemesi,SAL,a,pc,1.0,4.0,14.0
2023-24,6479,Kutlu,GEN,c,m|c,4.0,4.0,6.0
2023-24,6492,Ibrahimovic A.,FRO,c,c|w|t,1.0,4.0,15.0
2023-24,6562,Dani Silva,VER,c,m|c,3.0,4.0,5.0
2023-24,6576,Centonze,VER,d,dd|e,4.0,4.0,6.0
2023-24,142,Mario Rui,NAP,d,ds|e,10.0,3.0,25.0
2023-24,148,Krunic,MIL,c,m|c,6.0,3.0,15.0
2023-24,316,Berisha,EMP,p,por,1.0,3.0,1.0
2023-24,511,Perilli,VER,p,por,1.0,3.0,1.0
2023-24,770,Pezzella Giu.,EMP,d,ds|e,5.0,3.0,5.0
2023-24,1926,Di Gennaro,INT,p,por,1.0,3.0,1.0
2023-24,1930,Pinsoglio,JUV,p,por,1.0,3.0,1.0
2023-24,1978,Sensi,INT,c,c|t,7.0,3.0,10.0
2023-24,2061,Simeone,NAP,a,pc,13.0,3.0,18.0
2023-24,2161,Haas,EMP,c,m|c,4.0,3.0,4.0
2023-24,2192,Bonifazi,FRO,d,dc,3.0,3.0,12.0
2023-24,2297,Rossi F.,ATA,p,por,1.0,3.0,1.0
2023-24,2466,Origi,MIL,a,pc,3.0,3.0,1.0
2023-24,2869,Djidji,TOR,d,dc,6.0,3.0,16.0
2023-24,4182,Klaassen,INT,c,c|t,9.0,3.0,18.0
2023-24,4463,Esposito Se.,INT,a,pc,3.0,3.0,6.0
2023-24,4498,Henderson L.,EMP,c,c|t,3.0,3.0,5.0
2023-24,4681,Lopez M.,FIO,c,m|c,8.0,3.0,17.0
2023-24,4976,Kalulu,MIL,d,dd|dc,7.0,3.0,12.0
2023-24,5446,Van Hooijdonk,BOL,a,pc,3.0,3.0,12.0
2023-24,5447,Altare,CAG,d,dc,3.0,3.0,4.0
2023-24,5450,Stojanovic,EMP,d,dd|e,3.0,3.0,5.0
2023-24,5498,Casale,LAZ,d,dc,10.0,3.0,18.0
2023-24,5782,Kourfalidis,CAG,c,c,3.0,3.0,4.0
2023-24,5798,Bohinen,GEN,c,m|c,4.0,3.0,10.0
2023-24,5806,Seck,FRO,a,a,3.0,3.0,16.0
2023-24,5879,Vignato S.,MON,c,t|a,1.0,3.0,10.0
2023-24,5949,Lindstrom,NAP,c,w|t,15.0,3.0,20.0
2023-24,6055,Thiaw,MIL,d,dc,10.0,3.0,24.0
2023-24,6170,Gineitis,TOR,c,c,1.0,3.0,4.0
2023-24,6189,Missori,SAS,d,dd|e,1.0,3.0,1.0
2023-24,6213,Brenner,UDI,a,pc,11.0,3.0,15.0
2023-24,6220,Kristensen,ROM,d,dd|e,9.0,3.0,15.0
2023-24,6246,Lipani,SAS,c,m|c,1.0,3.0,5.0
2023-24,6410,Kaba,LEC,c,m|c,5.0,3.0,18.0
2023-24,6426,Pedersen,SAS,d,dd|e,7.0,3.0,17.0
2023-24,6448,Martegani,SAL,c,t,4.0,3.0,18.0
2023-24,188,Leali,GEN,p,por,1.0,2.0,1.0
2023-24,472,Destro,EMP,a,pc,1.0,2.0,4.0
2023-24,500,Lulic K.,FRO,c,c,2.0,2.0,3.0
2023-24,610,Gollini,NAP,p,por,1.0,2.0,5.0
2023-24,660,Gyomber,SAL,d,dc,6.0,2.0,11.0
2023-24,694,Baez,FRO,c,w,3.0,2.0,14.0
2023-24,1946,Aresti,CAG,p,por,1.0,2.0,1.0
2023-24,1947,Fiorillo,SAL,p,por,1.0,2.0,1.0
2023-24,1958,Caprari,MON,a,a,14.0,2.0,15.0
2023-24,2144,Coulibaly M.,SAL,c,c,2.0,2.0,3.0
2023-24,2174,Venuti,LEC,d,dd|ds|e,4.0,2.0,7.0
2023-24,2178,Cragno,SAS,p,por,4.0,2.0,1.0
2023-24,2211,Silvestri,UDI,p,por,9.0,2.0,1.0
2023-24,2274,Valoti,MON,c,c|t,2.0,2.0,4.0
2023-24,4263,Kabasele,UDI,d,dc,5.0,2.0,5.0
2023-24,4272,Dendoncker,NAP,c,m,6.0,2.0,14.0
2023-24,4349,Nicolussi Caviglia,JUV,c,m|c,2.0,2.0,10.0
2023-24,4501,Obiang,SAS,c,m|c,3.0,2.0,3.0
2023-24,4870,Adopo,ATA,c,m|c,2.0,2.0,4.0
2023-24,4934,Lovato,TOR,d,dc,4.0,2.0,15.0
2023-24,5017,Ballo-Toure',MIL,d,ds|e,2.0,2.0,2.0
2023-24,5316,Amione,VER,d,ds|dc,3.0,2.0,5.0
2023-24,5364,Caso,FRO,a,a,6.0,2.0,9.0
2023-24,5406,Di Pardo,CAG,d,dd|e,2.0,2.0,3.0
2023-24,5480,Ebuehi,EMP,d,dd|e,11.0,2.0,13.0
2023-24,5533,Djalo',JUV,d,dd|ds|dc,5.0,2.0,13.0
2023-24,5554,Daniliuc,SAL,d,dd|dc,3.0,2.0,10.0
2023-24,5674,Basic,SAL,c,c,4.0,2.0,23.0
2023-24,5686,Soppy,TOR,d,e,2.0,2.0,3.0
2023-24,5691,Zima,TOR,d,dc,3.0,2.0,4.0
2023-24,5701,Obert,CAG,d,dc,5.0,2.0,6.0
2023-24,5747,Tressoldi,SAS,d,dc,5.0,2.0,8.0
2023-24,5748,Hefti,GEN,d,dd|e,3.0,2.0,4.0
2023-24,5757,Cittadini,GEN,d,dc,3.0,2.0,8.0
2023-24,5842,Botheim,SAL,a,pc,8.0,2.0,10.0
2023-24,5853,Sorrentino A.,MON,p,por,1.0,2.0,1.0
2023-24,5885,Dodo',FIO,d,dd|e,8.0,2.0,15.0
2023-24,6023,Guessand A.,UDI,d,dc,1.0,2.0,1.0
2023-24,6191,Belahyane,VER,c,m|c,1.0,2.0,1.0
2023-24,6205,Mulattieri,SAS,a,pc,11.0,2.0,10.0
2023-24,6236,Amatucci,FIO,c,m|c,1.0,2.0,1.0
2023-24,6238,Oyono,FRO,d,dd|ds|dc,1.0,2.0,14.0
2023-24,6243,Borrelli,FRO,a,pc,1.0,2.0,1.0
2023-24,6244,Matturro,GEN,d,dc,1.0,2.0,2.0
2023-24,6393,Infantino,FIO,c,w|t,5.0,2.0,9.0
2023-24,6395,Shpendi S.,EMP,a,pc,1.0,2.0,8.0
2023-24,6401,Gonzalez F.,JUV,d,dc,2.0,2.0,4.0
2023-24,6420,Pagano,ROM,c,c|t,1.0,2.0,1.0
2023-24,6438,Hatzidiakos,CAG,d,dd|dc,5.0,2.0,7.0
2023-24,6444,Bonfanti,ATA,d,dc,1.0,2.0,1.0
2023-24,6459,Karlsson,BOL,a,a,11.0,2.0,12.0
2023-24,6460,Pellegrino,SAL,d,dc,1.0,2.0,3.0
2023-24,6464,Wieteska,CAG,d,dc,5.0,2.0,9.0
2023-24,6465,Touba,LEC,d,ds|dc,3.0,2.0,5.0
2023-24,6496,Bartesaghi,MIL,d,ds|e,1.0,2.0,2.0
2023-24,6533,Giannetti L.,UDI,d,dc,4.0,2.0,24.0
2023-24,6558,Tavsan,VER,a,a,3.0,2.0,10.0
2023-24,6574,Pasalidis,SAL,d,dc,3.0,2.0,9.0
2023-24,6582,Gomis I.,SAL,c,c|w,3.0,2.0,5.0
2023-24,3,Radunovic,CAG,p,por,8.0,1.0,1.0
2023-24,21,D'Alessandro,MON,c,e|w,1.0,1.0,1.0
2023-24,26,Gomez,MON,c,w|t,12.0,1.0,10.0
2023-24,41,Mirante,MIL,p,por,1.0,1.0,1.0
2023-24,65,Mancosu,CAG,c,t,7.0,1.0,15.0
2023-24,139,Dermaku,LEC,d,dc,1.0,1.0,1.0
2023-24,144,Tonelli,EMP,d,dc,1.0,1.0,2.0
2023-24,159,Sepe,LAZ,p,por,1.0,1.0,1.0
2023-24,217,Lamanna,MON,p,por,1.0,1.0,1.0
2023-24,219,Sommariva,GEN,p,por,1.0,1.0,1.0
2023-24,281,Puscas,GEN,a,pc,2.0,1.0,5.0
2023-24,303,Pogba,JUV,c,c|t,12.0,1.0,10.0
2023-24,358,De Sciglio,JUV,d,dd|ds|e,3.0,1.0,6.0
2023-24,454,Capradossi,CAG,d,dc,1.0,1.0,1.0
2023-24,510,Pegolo,SAS,p,por,1.0,1.0,1.0
2023-24,543,Padelli,UDI,p,por,1.0,1.0,1.0
2023-24,557,Benassi,FIO,c,c,1.0,1.0,1.0
2023-24,581,Faraoni,FIO,d,dd|e,9.0,1.0,20.0
2023-24,666,Machin,MON,c,c,5.0,1.0,6.0
2023-24,673,Perisan,EMP,p,por,2.0,1.0,1.0
2023-24,1876,Pajac,GEN,d,ds|e,1.0,1.0,2.0
2023-24,2076,Rog,CAG,c,m|c,1.0,1.0,1.0
2023-24,2119,Deulofeu,UDI,a,a,14.0,1.0,12.0
2023-24,2121,Melegoni,GEN,c,c,1.0,1.0,1.0
2023-24,2122,Latte Lath,ATA,a,pc,1.0,1.0,1.0
2023-24,2181,Palomino,ATA,d,dc,7.0,1.0,8.0
2023-24,2183,Garritano,FRO,c,w|t,3.0,1.0,11.0
2023-24,2286,Crociata,EMP,c,c|t,1.0,1.0,1.0
2023-24,2338,Costil,SAL,p,por,1.0,1.0,1.0
2023-24,2446,Donati,MON,d,dd|dc,1.0,1.0,3.0
2023-24,2692,Castillejo,SAS,c,w,5.0,1.0,22.0
2023-24,2737,Bettella,MON,d,dc,1.0,1.0,1.0
2023-24,2758,Gunter,VER,d,dc,4.0,1.0,4.0
2023-24,2799,Frattali,FRO,p,por,1.0,1.0,1.0
2023-24,2825,Bourabia,FRO,c,m|c,4.0,1.0,8.0
2023-24,2845,Contini,NAP,p,por,1.0,1.0,1.0
2023-24,4351,Brancolini,LEC,p,por,1.0,1.0,1.0
2023-24,4384,Jagiello,GEN,c,c,3.0,1.0,5.0
2023-24,4468,Bleve,LEC,p,por,1.0,1.0,1.0
2023-24,4491,Berardi A.,VER,p,por,1.0,1.0,1.0
2023-24,4495,Kumbulla,SAS,d,dc,3.0,1.0,13.0
2023-24,4525,Gemello,TOR,p,por,1.0,1.0,1.0
2023-24,4725,Demme,NAP,c,m,1.0,1.0,8.0
2023-24,4787,Quina,UDI,c,c|w|t,4.0,1.0,4.0
2023-24,4891,Soumaoro,BOL,d,dc,4.0,1.0,5.0
2023-24,5060,Ake' M.,UDI,a,a,1.0,1.0,2.0
2023-24,5298,Pobega,MIL,c,c,5.0,1.0,11.0
2023-24,5304,Boer,ROM,p,por,1.0,1.0,1.0
2023-24,5391,Kokorin,FIO,a,pc,1.0,1.0,1.0
2023-24,5395,Braaf,VER,a,a,1.0,1.0,1.0
2023-24,5399,Antov,MON,d,dc,1.0,1.0,1.0
2023-24,5415,Traore' C.,MIL,a,a,1.0,1.0,5.0
2023-24,5424,Amey,BOL,d,dd|dc,1.0,1.0,1.0
2023-24,5436,Raimondo,BOL,a,pc,1.0,1.0,1.0
2023-24,5439,Kallon,VER,a,a,2.0,1.0,2.0
2023-24,5502,Adamonis,LAZ,p,por,1.0,1.0,1.0
2023-24,5510,Romero L.,MIL,c,w,4.0,1.0,8.0
2023-24,5707,Piana,UDI,p,por,1.0,1.0,1.0
2023-24,5772,Pyyhtia,BOL,c,c|t,1.0,1.0,1.0
2023-24,5776,Ceide,SAS,a,a,1.0,1.0,5.0
2023-24,5822,Bagnolini,BOL,p,por,1.0,1.0,1.0
2023-24,5824,Pafundi,UDI,c,t|a,1.0,1.0,1.0
2023-24,5832,Luis Maximiano,LAZ,p,por,1.0,1.0,1.0
2023-24,5837,Voelkerling Persson,LEC,a,pc,1.0,1.0,1.0
2023-24,5843,Valencia D.,SAL,a,a,1.0,1.0,1.0
2023-24,5845,Alvarez A.,SAS,a,pc,5.0,1.0,5.0
2023-24,5872,Helgason,LEC,c,c|t,1.0,1.0,1.0
2023-24,5874,Rodriguez P.,LEC,a,a,1.0,1.0,1.0
2023-24,5947,Hrustic,VER,c,c,3.0,1.0,4.0
2023-24,5994,Ebosse,UDI,d,ds|dc,3.0,1.0,3.0
2023-24,6005,Ilkhan,TOR,c,c|t,1.0,1.0,1.0
2023-24,6009,Degli Innocenti,EMP,c,m|c,1.0,1.0,2.0
2023-24,6011,Ekong,EMP,a,a,1.0,1.0,1.0
2023-24,6021,Abankwah,UDI,d,dd|dc,1.0,1.0,1.0
2023-24,6028,Bronn,SAL,d,dd|dc,2.0,1.0,3.0
2023-24,6043,Sosa,BOL,d,dc,2.0,1.0,2.0
2023-24,6056,Guarino,EMP,d,dc,1.0,1.0,2.0
2023-24,6149,Carboni F.,MON,d,ds|e,1.0,1.0,1.0
2023-24,6160,Vivaldo,UDI,a,pc,1.0,1.0,1.0
2023-24,6168,Faticanti,LEC,c,m|c,1.0,1.0,6.0
2023-24,6184,Martinelli T.,FIO,p,por,1.0,1.0,1.0
2023-24,6190,Pisilli,ROM,c,c,1.0,1.0,1.0
2023-24,6203,Belardinelli,EMP,c,m|c,2.0,1.0,3.0
2023-24,6204,Kvernadze,FRO,a,a,3.0,1.0,6.0
2023-24,6208,Flamingo,SAS,d,dc,1.0,1.0,2.0
2023-24,6210,Popa,TOR,p,por,1.0,1.0,1.0
2023-24,6221,Camara E.,UDI,c,m|c,3.0,1.0,4.0
2023-24,6223,Smajlovic,LEC,d,dc,1.0,1.0,1.0
2023-24,6233,Lella,CAG,c,c,1.0,1.0,1.0
2023-24,6234,Stubljar,EMP,p,por,1.0,1.0,1.0
2023-24,6237,Szyminski,FRO,d,dc,1.0,1.0,1.0
2023-24,6239,Klitten,FRO,d,ds|e,1.0,1.0,1.0
2023-24,6240,Haoudi,FRO,c,c|t,1.0,1.0,1.0
2023-24,6242,Bidaoui,FRO,a,a,1.0,1.0,1.0
2023-24,6247,Yalcin,GEN,a,pc,1.0,1.0,1.0
2023-24,6248,Stankovic F.,INT,p,por,1.0,1.0,1.0
2023-24,6249,Diaw,MON,a,pc,1.0,1.0,1.0
2023-24,6251,Saco,NAP,c,m|c,1.0,1.0,1.0
2023-24,6253,N'Guessan,TOR,d,dc,1.0,1.0,1.0
2023-24,6254,Joselito,VER,c,m|c,1.0,1.0,1.0
2023-24,6255,Gori,MON,p,por,1.0,1.0,1.0
2023-24,6396,Natan,NAP,d,dc,9.0,1.0,13.0
2023-24,6403,Christensen O.,FIO,p,por,3.0,1.0,1.0
2023-24,6406,Borbei,LEC,p,por,1.0,1.0,1.0
2023-24,6407,Corazza,BOL,d,dd|ds|e,1.0,1.0,5.0
2023-24,6411,Mateus Lusuardi,FRO,d,dc,1.0,1.0,1.0
2023-24,6415,Palmisani,FRO,p,por,1.0,1.0,1.0
2023-24,6418,Burnete,LEC,a,pc,1.0,1.0,2.0
2023-24,6419,Corfitzen,LEC,a,a,1.0,1.0,1.0
2023-24,6427,Stewart,SAL,a,pc,1.0,1.0,1.0
2023-24,6430,Kalaj,FRO,d,dc,1.0,1.0,1.0
2023-24,6474,Sazonov,TOR,d,dc,3.0,1.0,7.0
2023-24,6490,Cruz,VER,a,pc,3.0,1.0,8.0
2023-24,6495,Comuzzo,FIO,d,dc,1.0,1.0,1.0
2023-24,6505,Nava,MIL,p,por,1.0,1.0,1.0
2023-24,6507,Nonge,JUV,c,c,1.0,1.0,1.0
2023-24,6509,Gasperini T.,BOL,p,por,1.0,1.0,1.0
2023-24,6519,Camarda,MIL,a,pc,1.0,1.0,1.0
2023-24,6521,Simic J.,MIL,d,dc,1.0,1.0,1.0
2023-24,6523,Samooja,LEC,p,por,1.0,1.0,1.0
2023-24,6530,Ghedjemis,FRO,a,w|a,1.0,1.0,12.0
2023-24,6531,Jimenez A.,MIL,d,dd|ds|e,1.0,1.0,5.0
2023-24,6537,Goglichidze,EMP,d,dd|dc,1.0,1.0,1.0
2023-24,6551,Ilic M.,BOL,d,dc,3.0,1.0,5.0
2023-24,6563,Popovic,MON,c,t,1.0,1.0,5.0
2023-24,6565,Ankeye,GEN,a,pc,2.0,1.0,5.0
2023-24,6569,Stolz,GEN,p,por,1.0,1.0,1.0
2023-24,6583,Kabic,TOR,a,a,1.0,1.0,1.0
2024-25,6228,Retegui,ATA,a,pc,20.0,40.0,500.0
2024-25,2167,Orsolini,BOL,c,w,21.0,36.0,245.0
2024-25,2097,Kean,FIO,a,pc,21.0,34.0,436.0
2024-25,4730,Lookman,ATA,a,a,28.0,33.0,391.0
2024-25,4661,Osimhen,NAP,a,pc,35.0,33.0,155.0
2024-25,4871,Thuram,INT,a,pc,31.0,30.0,360.0
2024-25,2531,Lukaku,NAP,a,pc,33.0,30.0,427.0
2024-25,4777,McTominay,NAP,c,m|c,16.0,30.0,217.0
2024-25,2423,Pulisic,MIL,c,t|a,30.0,28.0,231.0
2024-25,5564,Ndoye,BOL,c,w,10.0,26.0,97.0
2024-25,2764,Martinez L.,INT,a,pc,41.0,26.0,357.0
2024-25,5839,Kvaratskhelia,NAP,a,a,29.0,26.0,171.0
2024-25,2489,Pedro,LAZ,a,a,3.0,25.0,57.0
2024-25,6224,Reijnders,MIL,c,c,12.0,25.0,186.0
2024-25,7008,Gimenez,MIL,a,pc,30.0,25.0,130.0
2024-25,2841,Vlahovic,JUV,a,pc,37.0,24.0,163.0
2024-25,632,Zaccagni,LAZ,c,w|a,27.0,23.0,170.0
2024-25,6675,Dovbyk,ROM,a,pc,32.0,23.0,260.0
2024-25,6434,Yildiz,JUV,a,a,15.0,22.0,83.0
2024-25,6226,Castellanos,LAZ,a,pc,21.0,22.0,192.0
2024-25,4892,Saelemaekers,ROM,c,w,5.0,22.0,72.0
2024-25,4510,Leao,MIL,a,a,25.0,22.0,174.0
2024-25,4220,Zambo Anguissa,NAP,c,m|c,10.0,22.0,92.0
2024-25,5734,Soule',ROM,a,w|a,20.0,22.0,97.0
2024-25,6875,Paz N.,COM,c,t|a,7.0,22.0,100.0
2024-25,5995,De Ketelaere,ATA,a,a,21.0,21.0,81.0
2024-25,4486,Strefezza,COM,c,w,12.0,21.0,66.0
2024-25,4463,Esposito Se.,EMP,a,a,3.0,21.0,43.0
2024-25,5800,Gudmundsson A.,FIO,a,a,27.0,21.0,42.0
2024-25,254,Dimarco,INT,d,e,24.0,21.0,98.0
2024-25,6215,Lucca,UDI,a,pc,14.0,21.0,100.0
2024-25,5672,Dia,LAZ,a,pc,15.0,21.0,89.0
2024-25,2194,Calhanoglu,INT,c,m|c,28.0,20.0,116.0
2024-25,6435,Krstovic,LEC,a,pc,17.0,20.0,107.0
2024-25,313,Morata,MIL,a,pc,26.0,20.0,118.0
2024-25,309,Dybala,ROM,a,a,34.0,20.0,141.0
2024-25,6646,Adams C.,TOR,a,a,14.0,20.0,73.0
2024-25,5951,Kolo Muani,JUV,a,pc,16.0,20.0,178.0
2024-25,4359,Piccoli,CAG,a,pc,13.0,19.0,85.0
2024-25,5513,Dumfries,INT,d,e,16.0,19.0,105.0
2024-25,1870,Barella,INT,c,c,20.0,19.0,55.0
2024-25,5562,Thuram K.,JUV,c,m|c,10.0,19.0,53.0
2024-25,2002,Chiesa,JUV,a,a,20.0,19.0,65.0
2024-25,572,Meret,NAP,p,por,15.0,19.0,118.0
2024-25,4371,Raspadori,NAP,a,a,11.0,19.0,50.0
2024-25,5079,Pohjanpalo,VEN,a,pc,16.0,19.0,52.0
2024-25,2038,Pinamonti,GEN,a,pc,18.0,19.0,85.0
2024-25,5311,Shomurodov,ROM,a,pc,3.0,19.0,25.0
2024-25,6895,Dominguez B.,BOL,a,a,5.0,19.0,17.0
2024-25,2765,Odgaard,BOL,a,a,10.0,18.0,46.0
2024-25,6572,Castro S.,BOL,a,pc,8.0,18.0,64.0
2024-25,4433,Zortea,CAG,d,dd|ds|e,7.0,18.0,83.0
2024-25,4662,Weah,JUV,c,w,5.0,18.0,20.0
2024-25,2369,Thauvin,UDI,a,a,10.0,18.0,38.0
2024-25,2155,Cutrone,COM,a,pc,9.0,17.0,26.0
2024-25,1933,Mandragora,FIO,c,m|c,8.0,17.0,43.0
2024-25,5877,Carlos Augusto,INT,d,e,9.0,17.0,33.0
2024-25,4349,Nicolussi Caviglia,VEN,c,m|c,1.0,17.0,46.0
2024-25,6669,Bonny,PAR,a,pc,8.0,17.0,46.0
2024-25,5687,Vlasic,TOR,c,t,15.0,17.0,48.0
2024-25,6831,Neres,NAP,c,w|a,20.0,17.0,38.0
2024-25,22,De Roon,ATA,c,m|c,8.0,16.0,43.0
2024-25,5792,Ederson D.s.,ATA,c,m|c,15.0,16.0,58.0
2024-25,6010,Fazzini,EMP,c,c|t,4.0,16.0,61.0
2024-25,2120,Bastoni,INT,d,dc,16.0,16.0,86.0
2024-25,5875,Adli,FIO,c,m|c,5.0,16.0,32.0
2024-25,5841,Svilar,ROM,p,por,13.0,16.0,94.0
2024-25,2170,Milinkovic-Savic V.,TOR,p,por,10.0,16.0,66.0
2024-25,2521,De Gea,FIO,p,por,11.0,16.0,69.0
2024-25,2160,Gosens,FIO,d,e,13.0,16.0,74.0
2024-25,4431,Carnesecchi,ATA,p,por,13.0,15.0,74.0
2024-25,4436,Cambiaghi,BOL,a,a,12.0,15.0,23.0
2024-25,6409,Beltran L.,FIO,a,a,11.0,15.0,18.0
2024-25,2428,Sommer,INT,p,por,18.0,15.0,83.0
2024-25,2848,Frattesi,INT,c,c|t,18.0,15.0,27.0
2024-25,2816,Di Lorenzo,NAP,d,b|dd|e,18.0,15.0,66.0
2024-25,536,Politano,NAP,c,w,24.0,15.0,70.0
2024-25,5393,Man,PAR,c,w|a,19.0,15.0,30.0
2024-25,779,Cristante,ROM,c,m|c,9.0,15.0,32.0
2024-25,795,El Shaarawy,ROM,c,w,8.0,15.0,16.0
2024-25,6218,Oristanio,VEN,c,w|t|a,9.0,15.0,26.0
2024-25,4947,Brescianini,ATA,c,m|c,4.0,15.0,23.0
2024-25,5589,Kone' M.,ROM,c,m|c,8.0,15.0,41.0
2024-25,6967,Diao,COM,c,w|a,8.0,15.0,102.0
2024-25,554,Zappacosta,ATA,d,e,9.0,14.0,33.0
2024-25,5685,Koopmeiners,JUV,c,t,29.0,14.0,35.0
2024-25,2137,Scamacca,ATA,a,pc,28.0,14.0,70.0
2024-25,5559,Da Cunha,COM,c,w|t,12.0,14.0,36.0
2024-25,2593,Martin,GEN,d,ds|e,4.0,14.0,52.0
2024-25,4268,Arnautovic,INT,a,pc,8.0,14.0,30.0
2024-25,5876,Di Gregorio,JUV,p,por,17.0,14.0,83.0
2024-25,5520,Cambiaso,JUV,d,dd|ds|e,9.0,14.0,36.0
2024-25,4312,Maignan,MIL,p,por,15.0,14.0,67.0
2024-25,4923,Colombo,EMP,a,pc,12.0,14.0,15.0
2024-25,4360,Caprile,CAG,p,por,2.0,14.0,27.0
2024-25,2296,Mancini,ROM,d,dc,10.0,14.0,33.0
2024-25,4772,Angelino,ROM,d,ds|e,10.0,14.0,50.0
2024-25,6801,Tengstedt,VER,a,pc,12.0,14.0,21.0
2024-25,6884,Conceicao,JUV,c,w|a,11.0,14.0,25.0
2024-25,133,Skorupski,BOL,p,por,11.0,13.0,40.0
2024-25,788,Freuler,BOL,c,m|c,9.0,13.0,28.0
2024-25,4965,Marin,CAG,c,m|c,6.0,13.0,12.0
2024-25,5885,Dodo',FIO,d,dd|e,9.0,13.0,46.0
2024-25,4179,Gonzalez N.,JUV,a,a,25.0,13.0,37.0
2024-25,188,Leali,GEN,p,por,1.0,13.0,30.0
2024-25,827,Locatelli,JUV,c,m|c,8.0,13.0,34.0
2024-25,6398,Isaksen,LAZ,a,w|a,11.0,13.0,31.0
2024-25,4292,Hernandez T.,MIL,d,ds|e,20.0,13.0,53.0
2024-25,4896,Maldini,ATA,c,t|a,9.0,13.0,34.0
2024-25,5471,Djuric,PAR,a,pc,12.0,13.0,18.0
2024-25,5862,Valeri,PAR,d,ds|e,6.0,13.0,31.0
2024-25,4423,Hernani,PAR,c,c,6.0,13.0,23.0
2024-25,5319,Sohm,PAR,c,c,5.0,13.0,28.0
2024-25,608,Zapata D.,TOR,a,pc,25.0,13.0,90.0
2024-25,6020,Ellertsson,VEN,c,c|w,2.0,13.0,18.0
2024-25,6630,Mosquera,VER,a,pc,8.0,13.0,13.0
2024-25,495,Correa,INT,a,a,3.0,13.0,18.0
2024-25,6159,Sarr A.,VER,a,a,4.0,13.0,20.0
2024-25,6889,Anjorin,EMP,c,w|t,2.0,13.0,27.0
2024-25,5036,Caqueret,COM,c,c,8.0,13.0,31.0
2024-25,4479,Elmas,TOR,c,w|t,11.0,13.0,71.0
2024-25,6206,Fabbian,BOL,c,c|t,13.0,12.0,16.0
2024-25,5858,Ferguson,BOL,c,c|t,18.0,12.0,18.0
2024-25,6643,Dallinga,BOL,a,pc,22.0,12.0,31.0
2024-25,6217,Bisseck,INT,d,dc,5.0,12.0,25.0
2024-25,2525,Darmian,INT,d,b|dd|e,8.0,12.0,15.0
2024-25,2529,Mkhitaryan,INT,c,c,15.0,12.0,26.0
2024-25,4973,McKennie,JUV,c,m|c,7.0,12.0,26.0
2024-25,6482,Mandas,LAZ,p,por,1.0,12.0,41.0
2024-25,5620,Tavares N.,LAZ,d,ds|e,6.0,12.0,36.0
2024-25,333,Cataldi,FIO,c,m|c,3.0,12.0,15.0
2024-25,6629,Dele-Bashiru,LAZ,c,c|t,5.0,12.0,17.0
2024-25,4856,Chukwueze,MIL,c,w|a,11.0,12.0,10.0
2024-25,2438,Jovic,MIL,a,pc,10.0,12.0,23.0
2024-25,5838,Birindelli,MON,d,dd|ds|e,5.0,12.0,8.0
2024-25,5882,Mota,MON,a,a,10.0,12.0,18.0
2024-25,4409,Rrahmani,NAP,d,dc,11.0,12.0,54.0
2024-25,4364,Gaetano,CAG,c,t,9.0,12.0,16.0
2024-25,6664,Delprato,PAR,d,b|dd|e,6.0,12.0,22.0
2024-25,468,Paredes,ROM,c,m|c,7.0,12.0,24.0
2024-25,4887,Bellanova,ATA,d,e,13.0,12.0,55.0
2024-25,6684,Ekkelenkamp,UDI,c,c|t,6.0,12.0,24.0
2024-25,4686,Fofana Y.,MIL,c,m|c,8.0,12.0,21.0
2024-25,6833,Mbangula,JUV,a,a,1.0,12.0,10.0
2024-25,6984,Ondrejka,PAR,c,w|a,7.0,12.0,38.0
2024-25,4811,Joao Felix,MIL,a,a,12.0,12.0,22.0
2024-25,2077,Pasalic,ATA,c,c|t,15.0,11.0,27.0
2024-25,6229,Toure' E.,ATA,a,pc,11.0,11.0,39.0
2024-25,393,Luperto,CAG,d,dc,8.0,11.0,21.0
2024-25,5878,Colpani,FIO,c,t,23.0,11.0,10.0
2024-25,5514,Vasquez,GEN,d,ds|dc,9.0,11.0,38.0
2024-25,322,De Vrij,INT,d,dc,8.0,11.0,25.0
2024-25,5813,Miretti,GEN,c,c|t,4.0,11.0,25.0
2024-25,2188,Marusic,LAZ,d,dd|ds|e,6.0,11.0,29.0
2024-25,181,Vecino,LAZ,c,m|c,7.0,11.0,11.0
2024-25,4186,Guendouzi,LAZ,c,c,10.0,11.0,21.0
2024-25,2134,Falcone,LEC,p,por,9.0,11.0,24.0
2024-25,6257,Dorgu,LEC,d,ds|e,8.0,11.0,35.0
2024-25,4530,Kyriakopoulos,MON,d,ds|e,6.0,11.0,18.0
2024-25,1958,Caprari,MON,a,a,9.0,11.0,20.0
2024-25,2724,Buongiorno,NAP,d,dc,16.0,11.0,57.0
2024-25,1852,Spinazzola,NAP,d,e,13.0,11.0,22.0
2024-25,6641,Suzuki,PAR,p,por,7.0,11.0,32.0
2024-25,530,Pellegrini Lo.,ROM,c,c|t,22.0,11.0,15.0
2024-25,6170,Gineitis,TOR,c,c,4.0,11.0,16.0
2024-25,5119,Samardzic,ATA,c,t,17.0,11.0,10.0
2024-25,6674,Andersen M.K.,VEN,c,m|c,2.0,11.0,12.0
2024-25,5998,Zerbin,VEN,c,e|w,2.0,11.0,20.0
2024-25,5899,Gigot,LAZ,d,dc,8.0,11.0,13.0
2024-25,5888,Casadei,TOR,c,c|t,10.0,11.0,24.0
2024-25,7017,Douvikas,COM,a,pc,8.0,11.0,26.0
2024-25,4734,Miranda J.,BOL,d,ds|e,8.0,10.0,30.0
2024-25,4421,Augello,CAG,d,ds|e,5.0,10.0,31.0
2024-25,5297,Luvumbo,CAG,a,a,12.0,10.0,17.0
2024-25,441,Belotti,COM,a,pc,17.0,10.0,9.0
2024-25,6125,Vasquez D.,EMP,p,por,5.0,10.0,9.0
2024-25,5010,Ismajli,EMP,d,dc,6.0,10.0,21.0
2024-25,5804,Cacace,EMP,d,ds|e,3.0,10.0,14.0
2024-25,770,Pezzella Giu.,EMP,d,ds|e,5.0,10.0,19.0
2024-25,5449,Parisi,FIO,d,ds|e,8.0,10.0,13.0
2024-25,4658,Ikone',COM,c,w,5.0,10.0,17.0
2024-25,5791,Frendrup,GEN,c,e|m,11.0,10.0,20.0
2024-25,5506,Ekuban,GEN,a,a,9.0,10.0,12.0
2024-25,5719,Asllani,INT,c,m|c,5.0,10.0,24.0
2024-25,5831,Gatti,JUV,d,dc,7.0,10.0,15.0
2024-25,4911,Douglas Luiz,JUV,c,c,20.0,10.0,10.0
2024-25,6556,Noslin,LAZ,a,a,16.0,10.0,10.0
2024-25,5835,Baschirotto,LEC,d,dd|dc,9.0,10.0,18.0
2024-25,6634,Tete Morente,LEC,c,w,9.0,10.0,25.0
2024-25,6549,Pierotti,LEC,a,w|a,4.0,10.0,19.0
2024-25,4401,Gabbia,MIL,d,dc,4.0,10.0,12.0
2024-25,5298,Pobega,BOL,c,m|c,2.0,10.0,19.0
2024-25,6666,Bernabe',PAR,c,c|t,14.0,10.0,22.0
2024-25,4317,N'Dicka,ROM,d,dc,8.0,10.0,27.0
2024-25,2544,Abraham,MIL,a,pc,13.0,10.0,39.0
2024-25,5850,Lovric,UDI,c,c,10.0,10.0,23.0
2024-25,5504,Coulibaly L.,LEC,c,m|c,5.0,10.0,20.0
2024-25,4867,Turati,MON,p,por,8.0,10.0,7.0
2024-25,6966,Butez,COM,p,por,2.0,10.0,28.0
2024-25,6024,Sulemana I.,ATA,c,m|c,2.0,9.0,7.0
2024-25,4210,Mina,CAG,d,dc,8.0,9.0,23.0
2024-25,4870,Adopo,CAG,c,m|c,2.0,9.0,14.0
2024-25,440,Viola,CAG,c,c|t,6.0,9.0,20.0
2024-25,4378,Ranieri L.,FIO,d,ds|dc,7.0,9.0,16.0
2024-25,5739,De Winter,GEN,d,dd|dc,6.0,9.0,22.0
2024-25,152,Zielinski,INT,c,c|t,11.0,9.0,16.0
2024-25,5833,Gila,LAZ,d,dc,5.0,9.0,22.0
2024-25,4459,Rovella,LAZ,c,m|c,7.0,9.0,23.0
2024-25,6632,Gaspar K.,LEC,d,dc,3.0,9.0,22.0
2024-25,4976,Kalulu,JUV,d,dd|dc,4.0,9.0,23.0
2024-25,4199,Loftus-Cheek,MIL,c,c|t,19.0,9.0,8.0
2024-25,5840,Olivera,NAP,d,b|ds|e,7.0,9.0,20.0
2024-25,4287,Lobotka,NAP,c,m|c,9.0,9.0,21.0
2024-25,4385,Lazaro,TOR,d,e,4.0,9.0,23.0
2024-25,5453,Ricci S.,TOR,c,m|c,8.0,9.0,21.0
2024-25,5555,Kamara H.,UDI,d,ds|e,5.0,9.0,14.0
2024-25,6672,Idzes,VEN,d,dc,4.0,9.0,18.0
2024-25,5507,Busio,VEN,c,c,7.0,9.0,14.0
2024-25,5881,Gytkjaer,VEN,a,pc,5.0,9.0,12.0
2024-25,236,Lazovic,VER,c,w,10.0,9.0,8.0
2024-25,5022,Pavlovic,MIL,d,dc,10.0,9.0,16.0
2024-25,6815,Fadera,COM,c,w|a,6.0,9.0,13.0
2024-25,6956,Solet,UDI,d,dc,5.0,9.0,42.0
2024-25,6994,Perez K.,VEN,c,c|t,6.0,9.0,23.0
2024-25,345,Keita B.,MON,a,a,8.0,9.0,24.0
2024-25,787,Djimsiti,ATA,d,dc,8.0,8.0,23.0
2024-25,5354,Ruggeri,ATA,d,e,11.0,8.0,10.0
2024-25,6202,Beukema,BOL,d,dc,7.0,8.0,24.0
2024-25,4461,Zappa,CAG,d,b|dd|e,6.0,8.0,16.0
2024-25,1871,Deiola,CAG,c,m|c,4.0,8.0,11.0
2024-25,1976,Mazzitelli,COM,c,m|c,8.0,8.0,9.0
2024-25,5718,Viti,EMP,d,dc,5.0,8.0,12.0
2024-25,4498,Henderson L.,EMP,c,c|t,4.0,8.0,14.0
2024-25,4992,Gyasi,EMP,c,w,5.0,8.0,17.0
2024-25,5516,Bianco,MON,c,m|c,2.0,8.0,12.0
2024-25,6164,Vitinha O.,GEN,a,pc,12.0,8.0,22.0
2024-25,5116,Martinez Jo.,INT,p,por,2.0,8.0,1.0
2024-25,513,Acerbi,INT,d,dc,10.0,8.0,28.0
2024-25,2788,Bremer,JUV,d,dc,16.0,8.0,39.0
2024-25,4465,Fagioli,FIO,c,c|t,10.0,8.0,22.0
2024-25,460,Romagnoli,LAZ,d,dc,10.0,8.0,27.0
2024-25,2728,Pellegrini Lu.,LAZ,d,ds|e,3.0,8.0,13.0
2024-25,6439,Cheddira,NAP,a,pc,9.0,8.0,20.0
2024-25,5307,Valenti,PAR,d,dc,3.0,8.0,12.0
2024-25,4994,Vojvoda,COM,d,b|dd|e,6.0,8.0,17.0
2024-25,49,Masina,TOR,d,b|ds|e,6.0,8.0,12.0
2024-25,6462,Okoye,UDI,p,por,7.0,8.0,17.0
2024-25,5847,Bijol,UDI,d,dc,8.0,8.0,23.0
2024-25,5677,Perez N.,UDI,d,dc,7.0,8.0,15.0
2024-25,6653,Bravo,UDI,a,a,4.0,8.0,11.0
2024-25,4957,Montipo',VER,p,por,7.0,8.0,17.0
2024-25,6480,Tchatchoua,VER,d,dd|e,6.0,8.0,16.0
2024-25,4342,Duda,VER,c,m|c,7.0,8.0,17.0
2024-25,6190,Pisilli,ROM,c,c,1.0,8.0,12.0
2024-25,6802,Savona,JUV,d,b|dd|e,1.0,8.0,9.0
2024-25,4522,Amrabat,FIO,c,m|c,8.0,8.0,15.0
2024-25,6248,Stankovic F.,VEN,p,por,1.0,8.0,1.0
2024-25,5872,Helgason,LEC,c,c|t,1.0,8.0,22.0
2024-25,697,Cuadrado,ATA,d,e,4.0,8.0,15.0
2024-25,4665,Maripan,TOR,d,dc,7.0,8.0,21.0
2024-25,6904,Yeboah J.,VEN,c,w|t,3.0,8.0,17.0
2024-25,5131,Gilmour,NAP,c,m|c,7.0,8.0,17.0
2024-25,6917,Masini,GEN,c,c,1.0,8.0,18.0
2024-25,2515,Walker,MIL,d,b|dd|e,10.0,8.0,13.0
2024-25,7016,Coman F.,CAG,a,a,8.0,8.0,11.0
2024-25,1843,Radu I.,VEN,p,por,3.0,8.0,21.0
2024-25,7022,Fila,VEN,a,pc,9.0,8.0,16.0
2024-25,7023,Pellegrino M.,PAR,a,pc,3.0,8.0,28.0
2024-25,2766,Zaniolo,FIO,c,t|a,13.0,7.0,11.0
2024-25,5678,Holm,BOL,d,dd|e,9.0,7.0,12.0
2024-25,2653,Lykogiannis,BOL,d,ds|e,4.0,7.0,13.0
2024-25,2602,Varane,COM,d,dc,9.0,7.0,10.0
2024-25,6495,Comuzzo,FIO,d,dc,1.0,7.0,14.0
2024-25,5323,Martinez Quarta,FIO,d,dc,11.0,7.0,8.0
2024-25,252,Biraghi,TOR,d,b|ds|e,7.0,7.0,18.0
2024-25,2839,Sottil,MIL,c,w,9.0,7.0,12.0
2024-25,791,Sabelli,GEN,d,dd|ds|e,6.0,7.0,9.0
2024-25,4970,Messias,GEN,c,c|w,9.0,7.0,12.0
2024-25,4177,Pavard,INT,d,dd|dc,14.0,7.0,20.0
2024-25,6628,Taremi,INT,a,pc,15.0,7.0,8.0
2024-25,4237,Danilo,JUV,d,b|dd|ds,14.0,7.0,10.0
2024-25,2814,Provedel,LAZ,p,por,12.0,7.0,1.0
2024-25,6394,Ramadani,LEC,c,m|c,5.0,7.0,10.0
2024-25,4751,Tomori,MIL,d,dc,14.0,7.0,18.0
2024-25,5880,Ciurria,MON,c,e|w,5.0,7.0,10.0
2024-25,2061,Simeone,NAP,a,pc,11.0,7.0,7.0
2024-25,4245,Smalling,ROM,d,dc,8.0,7.0,12.0
2024-25,5423,Bove,FIO,c,m|c,5.0,7.0,20.0
2024-25,5422,Zalewski,INT,c,w,2.0,7.0,15.0
2024-25,5823,Baldanzi,ROM,c,t|a,8.0,7.0,14.0
2024-25,5637,Davis K.,UDI,a,pc,6.0,7.0,14.0
2024-25,5764,Coppola D.,VER,d,dc,4.0,7.0,12.0
2024-25,6683,Doumbia I.,VEN,c,m|c,1.0,7.0,9.0
2024-25,6821,Hainaut,PAR,c,e|c,1.0,7.0,11.0
2024-25,5695,Haps,VEN,d,ds|e,1.0,7.0,9.0
2024-25,6015,Berisha M.,LEC,c,c|t,1.0,7.0,9.0
2024-25,6531,Jimenez A.,MIL,d,dd|ds|e,1.0,7.0,21.0
2024-25,6151,Perrone,COM,c,m|c,4.0,7.0,18.0
2024-25,6908,Atta,UDI,c,m|c,1.0,7.0,13.0
2024-25,4677,Cornet,GEN,c,w|a,8.0,7.0,13.0
2024-25,6761,Veiga R.,JUV,c,m|c,3.0,7.0,15.0
2024-25,2640,Kolasinac,ATA,d,b|ds|e,9.0,6.0,21.0
2024-25,2130,Hateboer,ATA,d,e,6.0,6.0,11.0
2024-25,2722,Ravaglia F.,BOL,p,por,1.0,6.0,1.0
2024-25,6459,Karlsson,LEC,c,w|a,7.0,6.0,14.0
2024-25,5701,Obert,CAG,d,dc,2.0,6.0,10.0
2024-25,6232,Makoumbou,CAG,c,m|c,4.0,6.0,13.0
2024-25,247,Pavoletti,CAG,a,pc,3.0,6.0,14.0
2024-25,418,Goldaniga,COM,d,dc,3.0,6.0,13.0
2024-25,27,Grassi,EMP,c,m|c,3.0,6.0,12.0
2024-25,5336,Nzola,FIO,a,pc,6.0,6.0,12.0
2024-25,5527,Zanoli,GEN,d,dd|e,6.0,6.0,16.0
2024-25,170,Badelj,GEN,c,m|c,6.0,6.0,13.0
2024-25,4427,Malinovskyi,GEN,c,c|t,11.0,6.0,20.0
2024-25,4377,Castrovilli,MON,c,c|t,10.0,6.0,15.0
2024-25,5500,Cancellieri,PAR,a,w|a,4.0,6.0,12.0
2024-25,5867,Gendrey,LEC,d,dd|e,6.0,6.0,12.0
2024-25,4904,Mari',FIO,d,dc,7.0,6.0,17.0
2024-25,6642,Coco,TOR,d,dc,8.0,6.0,20.0
2024-25,4263,Kabasele,UDI,d,dc,3.0,6.0,7.0
2024-25,6047,Ehizibue,UDI,d,dd|e,5.0,6.0,11.0
2024-25,6481,Payero,UDI,c,c,8.0,6.0,15.0
2024-25,5492,Tessmann,VEN,c,m|c,7.0,6.0,13.0
2024-25,6458,Serdar,VER,c,m|c,5.0,6.0,12.0
2024-25,6486,Suslov,VER,c,w|t,13.0,6.0,18.0
2024-25,6680,Karlstrom,UDI,c,m|c,5.0,6.0,21.0
2024-25,4816,Emerson Royal,MIL,d,b|dd|ds,12.0,6.0,9.0
2024-25,6804,Richardson,FIO,c,m|c,8.0,6.0,9.0
2024-25,6822,Ekhator,GEN,a,pc,1.0,6.0,8.0
2024-25,2325,Karamoh,TOR,a,a,1.0,6.0,9.0
2024-25,6887,Leoni,PAR,d,dc,2.0,6.0,13.0
2024-25,6893,Kempf,COM,d,dc,3.0,6.0,14.0
2024-25,6900,Rui Modesto,UDI,c,e|w,3.0,6.0,14.0
2024-25,5532,Bradaric,VER,d,ds|e,5.0,6.0,12.0
2024-25,6985,Candè,VEN,d,ds|dc,1.0,6.0,14.0
2024-25,6766,Kelly L.,JUV,d,ds|dc,6.0,6.0,13.0
2024-25,6046,Hien,ATA,d,dc,8.0,5.0,21.0
2024-25,6042,Lucumi',BOL,d,dc,7.0,5.0,16.0
2024-25,487,De Silvestri,BOL,d,dd|e,3.0,5.0,11.0
2024-25,6640,Felici,CAG,c,e|w,5.0,5.0,13.0
2024-25,5435,Moreno Alb.,COM,d,ds|e,7.0,5.0,12.0
2024-25,6537,Goglichidze,EMP,d,dd|dc,1.0,5.0,14.0
2024-25,2819,Caputo,EMP,a,pc,5.0,5.0,15.0
2024-25,5603,Pongracic,FIO,d,dc,9.0,5.0,13.0
2024-25,2172,Barak,FIO,c,t,6.0,5.0,14.0
2024-25,2762,Kouame',EMP,a,a,4.0,5.0,11.0
2024-25,2285,Bani,GEN,d,dc,7.0,5.0,11.0
2024-25,294,Rugani,JUV,d,dc,5.0,5.0,6.0
2024-25,2263,Lazzari,LAZ,d,dd|e,5.0,5.0,10.0
2024-25,140,Hysaj,LAZ,d,dd|ds|e,4.0,5.0,6.0
2024-25,4502,Gallo,LEC,d,ds|e,5.0,5.0,13.0
2024-25,6633,Pierret,LEC,c,m|c,4.0,5.0,12.0
2024-25,6670,Charpentier,PAR,a,pc,1.0,5.0,12.0
2024-25,4657,Celik,ROM,d,dd|e,3.0,5.0,15.0
2024-25,479,Sanabria,TOR,a,pc,10.0,5.0,10.0
2024-25,6211,Zemura,UDI,d,ds|e,3.0,5.0,11.0
2024-25,6212,Zarraga,UDI,c,m|c,3.0,5.0,9.0
2024-25,2117,Kastanos,VER,c,c|t,4.0,5.0,9.0
2024-25,6644,Rocha Livramento,VER,a,pc,4.0,5.0,10.0
2024-25,6676,Engelhardt,COM,c,m|c,4.0,5.0,9.0
2024-25,1978,Sensi,MON,c,c|t,7.0,5.0,9.0
2024-25,6207,Almqvist,PAR,a,w|a,9.0,5.0,10.0
2024-25,2181,Palomino,CAG,d,dc,5.0,5.0,10.0
2024-25,186,Rebic,LEC,a,a,4.0,5.0,8.0
2024-25,6112,Iling Junior,BOL,c,w,6.0,5.0,10.0
2024-25,5626,Guilbert,LEC,d,b|dd|ds,5.0,5.0,15.0
2024-25,6892,Schingtienne,VEN,d,dd|dc,3.0,5.0,9.0
2024-25,5578,Kossounou,ATA,d,dd|dc,10.0,5.0,13.0
2024-25,6898,Keita M.,PAR,c,m|c,6.0,5.0,14.0
2024-25,6896,Van Der Brempt,COM,d,dd|e,5.0,5.0,8.0
2024-25,6975,Alberto Costa,JUV,d,dd|e,5.0,5.0,7.0
2024-25,6980,Venturino,GEN,c,w,1.0,5.0,1.0
2024-25,6986,Rensch,ROM,d,b|dd|e,5.0,5.0,10.0
2024-25,6990,Veiga D.,LEC,d,dd|e,2.0,5.0,7.0
2024-25,6867,Valle,COM,d,ds|e,3.0,5.0,11.0
2024-25,7028,Bernede,VER,c,m|c,3.0,5.0,14.0
2024-25,2792,Musso,ATA,p,por,3.0,4.0,20.0
2024-25,5067,Bakker,ATA,d,e,4.0,4.0,9.0
2024-25,6054,Moro N.,BOL,c,m|c,2.0,4.0,12.0
2024-25,5425,Urbanski,MON,c,c|w|t,5.0,4.0,14.0
2024-25,5406,Di Pardo,CAG,d,dd|e,4.0,4.0,4.0
2024-25,6230,Dossena,COM,d,dc,8.0,4.0,10.0
2024-25,4374,Walukiewicz,TOR,d,dc,4.0,4.0,12.0
2024-25,5480,Ebuehi,EMP,d,dd|e,4.0,4.0,6.0
2024-25,5450,Stojanovic,EMP,d,dd|e,4.0,4.0,5.0
2024-25,6245,Vogliacco,PAR,d,dd|dc,2.0,4.0,13.0
2024-25,358,De Sciglio,EMP,d,dd|ds|e,1.0,4.0,8.0
2024-25,5286,Akpa Akpro,MON,c,m|c,1.0,4.0,6.0
2024-25,6410,Kaba,LEC,c,m|c,1.0,4.0,7.0
2024-25,357,Calabria,BOL,d,dd|e,7.0,4.0,15.0
2024-25,2818,Bennacer,MIL,c,m|c,7.0,4.0,15.0
2024-25,5295,Musah,MIL,c,c|w,4.0,4.0,14.0
2024-25,6227,Okafor,NAP,a,a,11.0,4.0,5.0
2024-25,226,Izzo,MON,d,dc,6.0,4.0,12.0
2024-25,4925,Carboni A.,MON,d,ds|dc,5.0,4.0,9.0
2024-25,729,Pereira P.,MON,d,dd|e,5.0,4.0,11.0
2024-25,6396,Natan,NAP,d,dc,4.0,4.0,6.0
2024-25,6252,Folorunsho,FIO,c,c|t,7.0,4.0,14.0
2024-25,5353,Balogh,PAR,d,dc,1.0,4.0,10.0
2024-25,2008,Linetty,TOR,c,m|c,3.0,4.0,12.0
2024-25,5007,Ilic,TOR,c,c,7.0,4.0,9.0
2024-25,2103,Pellegri,EMP,a,pc,3.0,4.0,29.0
2024-25,6485,Kristensen T.,UDI,d,dc,5.0,4.0,10.0
2024-25,6256,Ferreira J.,UDI,d,b|dd|e,4.0,4.0,8.0
2024-25,5447,Altare,VEN,d,dc,3.0,4.0,8.0
2024-25,1952,Zampano,VEN,d,dd|ds|e,5.0,4.0,9.0
2024-25,1842,Pierini,VEN,a,a,3.0,4.0,8.0
2024-25,4493,Dawidowicz,VER,d,dc,5.0,4.0,9.0
2024-25,6631,Ghilardi,VER,d,dc,1.0,4.0,10.0
2024-25,5688,Harroui,VER,c,w|t,13.0,4.0,20.0
2024-25,6558,Tavsan,VER,a,w|a,4.0,4.0,4.0
2024-25,4982,Erlic,BOL,d,dc,6.0,4.0,7.0
2024-25,6809,Marianucci,EMP,d,dc,1.0,4.0,10.0
2024-25,6814,Norton-Cuffy,GEN,d,dd|e,4.0,4.0,6.0
2024-25,6011,Ekong,EMP,a,a,1.0,4.0,5.0
2024-25,6826,Dembele' A.,TOR,d,e,1.0,4.0,3.0
2024-25,6842,Sava,UDI,p,por,1.0,4.0,1.0
2024-25,6883,Jean,LEC,d,dc,2.0,4.0,10.0
2024-25,6914,Haj Mohamed,PAR,a,a,1.0,4.0,7.0
2024-25,6957,Valentini N.,VER,d,dc,3.0,4.0,10.0
2024-25,6969,Billing,NAP,c,c|t,5.0,4.0,13.0
2024-25,6538,Onana J.,GEN,c,m|c,5.0,4.0,11.0
2024-25,7001,N'Dri,LEC,a,w|a,3.0,4.0,7.0
2024-25,7002,Ganvoula,MON,a,pc,7.0,4.0,9.0
2024-25,7018,Nelsson,ROM,d,dc,4.0,4.0,8.0
2024-25,695,Toloi,ATA,d,dc,4.0,3.0,12.0
2024-25,6424,Prati,CAG,c,m|c,4.0,3.0,12.0
2024-25,1939,Lapadula,CAG,a,pc,9.0,3.0,5.0
2024-25,387,Reina,COM,p,por,2.0,3.0,1.0
2024-25,6395,Shpendi S.,EMP,a,a,3.0,3.0,5.0
2024-25,219,Sommariva,GEN,p,por,1.0,3.0,1.0
2024-25,6660,Marcandalli,VEN,d,dc,1.0,3.0,7.0
2024-25,4404,Thorsby,GEN,c,c,5.0,3.0,10.0
2024-25,4711,Kostic,JUV,c,e|w,4.0,3.0,5.0
2024-25,5498,Casale,BOL,d,dc,8.0,3.0,9.0
2024-25,5919,Tchaouna,LAZ,c,w,9.0,3.0,12.0
2024-25,5457,Maleh,EMP,c,c,3.0,3.0,10.0
2024-25,6055,Thiaw,MIL,d,dc,4.0,3.0,12.0
2024-25,6524,Zeroli,MON,c,c|t,1.0,3.0,11.0
2024-25,5992,Bondo,MIL,c,m|c,3.0,3.0,11.0
2024-25,256,Juan Jesus,NAP,d,ds|dc,5.0,3.0,9.0
2024-25,6402,Cajuste,NAP,c,m|c,3.0,3.0,8.0
2024-25,6665,Coulibaly W.,PAR,d,dd|ds|e,2.0,3.0,11.0
2024-25,5421,Camara D.,PAR,c,c|t,1.0,3.0,8.0
2024-25,5322,Mihaila,PAR,a,w|a,8.0,3.0,7.0
2024-25,6299,Le Fee,ROM,c,c|t,10.0,3.0,8.0
2024-25,4890,Tameze,TOR,c,m|c,5.0,3.0,8.0
2024-25,5848,Ebosele,UDI,d,dd|e,3.0,3.0,4.0
2024-25,6213,Brenner,UDI,a,a,7.0,3.0,5.0
2024-25,5676,Success,UDI,a,a,3.0,3.0,3.0
2024-25,2769,Magnani,VER,d,dc,3.0,3.0,6.0
2024-25,1891,Ceccherini,VER,d,dd|dc,3.0,3.0,5.0
2024-25,6191,Belahyane,LAZ,c,m|c,1.0,3.0,11.0
2024-25,2475,Sanchez,UDI,a,a,16.0,3.0,7.0
2024-25,6250,Maric,VEN,a,pc,1.0,3.0,9.0
2024-25,6832,Palestra,ATA,d,e,1.0,3.0,4.0
2024-25,6021,Abankwah,UDI,d,dd|dc,1.0,3.0,5.0
2024-25,6426,Pedersen,TOR,d,e,6.0,3.0,9.0
2024-25,2406,Hummels,ROM,d,dc,8.0,3.0,14.0
2024-25,6916,Ahanor,GEN,d,b|ds|e,1.0,3.0,5.0
2024-25,6920,Martins K.,MON,c,e|w,1.0,3.0,5.0
2024-25,7014,Smolcic I.,COM,d,b|dd|e,2.0,3.0,10.0
2024-25,6294,Ndour,FIO,c,m|c,4.0,3.0,12.0
2024-25,7019,Gourna-Douath,ROM,c,m|c,4.0,3.0,10.0
2024-25,5324,Godfrey,ATA,d,b|dd|ds,7.0,2.0,4.0
2024-25,6066,Posch,ATA,d,dd|dc,8.0,2.0,13.0
2024-25,5784,Aebischer,BOL,c,c|t,10.0,2.0,13.0
2024-25,6464,Wieteska,CAG,d,dc,3.0,2.0,4.0
2024-25,6438,Hatzidiakos,CAG,d,dd|dc,3.0,2.0,4.0
2024-25,6231,Azzi,CAG,d,dd|ds|e,4.0,2.0,5.0
2024-25,6598,Mutandwa,CAG,a,pc,1.0,2.0,3.0
2024-25,761,Audero,COM,p,por,9.0,2.0,1.0
2024-25,134,Barba,COM,d,ds|dc,1.0,2.0,5.0
2024-25,6656,Braunoder,COM,c,m|c,3.0,2.0,5.0
2024-25,376,Verdi,COM,c,w|t,9.0,2.0,5.0
2024-25,6657,Gabrielloni,COM,a,pc,2.0,2.0,8.0
2024-25,2161,Haas,EMP,c,m|c,2.0,2.0,3.0
2024-25,2815,Terracciano,FIO,p,por,11.0,2.0,1.0
2024-25,6244,Matturro,GEN,d,dc,1.0,2.0,6.0
2024-25,5798,Bohinen,GEN,c,m|c,1.0,2.0,1.0
2024-25,218,Perin,JUV,p,por,2.0,2.0,1.0
2024-25,6039,Cabal,JUV,d,b|ds|e,5.0,2.0,8.0
2024-25,6061,Oudin,LEC,c,w|t,7.0,2.0,8.0
2024-25,6001,Banda,LEC,a,w|a,9.0,2.0,9.0
2024-25,6418,Burnete,LEC,a,pc,1.0,2.0,1.0
2024-25,4,Sportiello,MIL,p,por,1.0,2.0,1.0
2024-25,6519,Camarda,MIL,a,pc,1.0,2.0,6.0
2024-25,2737,Bettella,MON,d,dc,2.0,2.0,3.0
2024-25,4958,Caldirola,MON,d,ds|dc,5.0,2.0,4.0
2024-25,801,Gagliardini,MON,c,m|c,5.0,2.0,4.0
2024-25,2741,Pessina,MON,c,m|c,12.0,2.0,12.0
2024-25,666,Machin,MON,c,c,2.0,2.0,3.0
2024-25,6592,Forson O.,MON,c,w|t,6.0,2.0,5.0
2024-25,6638,Marin R.,NAP,d,dc,8.0,2.0,5.0
2024-25,6145,Ngonge,NAP,a,w|a,9.0,2.0,9.0
2024-25,6663,Circati,PAR,d,dc,5.0,2.0,9.0
2024-25,5290,Estevez,PAR,c,m|c,4.0,2.0,8.0
2024-25,6667,Benedyczak,PAR,a,a,10.0,2.0,5.0
2024-25,6668,Partipilo,PAR,a,a,2.0,2.0,2.0
2024-25,4495,Kumbulla,ROM,d,dc,2.0,2.0,2.0
2024-25,6647,Dahl,ROM,d,ds|e,3.0,2.0,5.0
2024-25,6533,Giannetti L.,UDI,d,dc,4.0,2.0,7.0
2024-25,4425,Joronen,VEN,p,por,6.0,2.0,1.0
2024-25,5484,Svoboda,VEN,d,dc,4.0,2.0,9.0
2024-25,6673,Sverko,VEN,d,b|ds|e,4.0,2.0,10.0
2024-25,4458,Candela,VEN,d,dd|e,5.0,2.0,4.0
2024-25,526,Duncan,VEN,c,c,8.0,2.0,5.0
2024-25,5485,Bjarkason,VEN,c,c|w,4.0,2.0,6.0
2024-25,511,Perilli,VER,p,por,1.0,2.0,1.0
2024-25,6639,Frese,VER,d,ds|e,5.0,2.0,5.0
2024-25,6562,Dani Silva,VER,c,m|c,3.0,2.0,7.0
2024-25,6579,Mitrovic S.,VER,c,w,3.0,2.0,6.0
2024-25,4376,Zurkowski,EMP,c,c|t,10.0,2.0,9.0
2024-25,6532,Buchanan T.,INT,c,e|w,1.0,2.0,7.0
2024-25,6679,Esteves G.,UDI,d,dd|ds|e,2.0,2.0,3.0
2024-25,6682,Pizzignacco,MON,p,por,1.0,2.0,1.0
2024-25,6119,Solbakken,EMP,a,a,3.0,2.0,9.0
2024-25,6820,Sosa B.,TOR,d,e,8.0,2.0,8.0
2024-25,306,Cerri,COM,a,pc,1.0,2.0,3.0
2024-25,4284,Sergi Roberto,COM,d,e|m,9.0,2.0,10.0
2024-25,6874,Palacios T.,MON,d,dc,3.0,2.0,5.0
2024-25,5856,Sambia,EMP,d,dd|e,2.0,2.0,3.0
2024-25,6496,Bartesaghi,MIL,d,ds|e,1.0,2.0,5.0
2024-25,4807,Hermoso,ROM,d,dc,10.0,2.0,4.0
2024-25,6912,Vlahovic V.,ATA,a,pc,1.0,2.0,5.0
2024-25,6913,Lambourde,VER,a,a,1.0,2.0,3.0
2024-25,6922,Kasa,GEN,c,m|c,1.0,2.0,1.0
2024-25,4886,Pereiro,GEN,c,w|t,4.0,2.0,5.0
2024-25,696,Balotelli,GEN,a,pc,10.0,2.0,5.0
2024-25,6965,Lovik,PAR,d,ds|e,3.0,2.0,5.0
2024-25,6963,Condè,VEN,c,m|c,2.0,2.0,8.0
2024-25,6977,Otoa,GEN,d,dc,3.0,2.0,5.0
2024-25,6978,Lekovic,MON,d,dc,1.0,2.0,7.0
2024-25,6991,Siegrist,GEN,p,por,1.0,2.0,1.0
2024-25,6989,Tiago Gabriel,LEC,d,dc,1.0,2.0,1.0
2024-25,6993,Brorsson,MON,d,dc,2.0,2.0,5.0
2024-25,5540,Niasse,VER,c,m|c,2.0,2.0,11.0
2024-25,5397,Kovalenko,EMP,c,c|t,2.0,2.0,5.0
2024-25,7052,Perciun,TOR,c,t,1.0,2.0,1.0
2024-25,7060,Cacciamani,TOR,c,w|a,1.0,2.0,1.0
2024-25,2297,Rossi F.,ATA,p,por,1.0,1.0,1.0
2024-25,5526,Scalvini,ATA,d,dc,8.0,1.0,7.0
2024-25,5822,Bagnolini,BOL,p,por,1.0,1.0,1.0
2024-25,6551,Ilic M.,BOL,d,dc,1.0,1.0,1.0
2024-25,6407,Corazza,BOL,d,dd|ds|e,1.0,1.0,3.0
2024-25,6225,El Azzouzi,BOL,c,m|c,4.0,1.0,6.0
2024-25,3,Radunovic,CAG,p,por,1.0,1.0,1.0
2024-25,574,Scuffet,NAP,p,por,7.0,1.0,1.0
2024-25,6650,Sherri,CAG,p,por,1.0,1.0,1.0
2024-25,6636,Veroli,CAG,d,ds|dc,1.0,1.0,1.0
2024-25,1987,Jankto,CAG,c,e|c,3.0,1.0,6.0
2024-25,2809,Vigorito,COM,p,por,1.0,1.0,1.0
2024-25,6654,Iovine,COM,d,dd|e,3.0,1.0,5.0
2024-25,6637,Kovacik,COM,d,dd|e,1.0,1.0,1.0
2024-25,4386,Sala M.,LEC,d,ds|e,2.0,1.0,5.0
2024-25,4438,Cassandro,COM,d,dd|ds|e,1.0,1.0,1.0
2024-25,6162,Abildgaard,COM,c,m|c,1.0,1.0,2.0
2024-25,556,Baselli,COM,c,m|c,3.0,1.0,7.0
2024-25,6655,Bellemo,COM,c,m|c,1.0,1.0,1.0
2024-25,5725,Kone B.,COM,c,m|c,1.0,1.0,1.0
2024-25,6648,Jasim,COM,a,w|a,1.0,1.0,1.0
2024-25,6658,Gioacchini,COM,a,pc,1.0,1.0,1.0
2024-25,6651,Chiorra,EMP,p,por,1.0,1.0,1.0
2024-25,673,Perisan,EMP,p,por,1.0,1.0,1.0
2024-25,6203,Belardinelli,EMP,c,m|c,1.0,1.0,1.0
2024-25,6009,Degli Innocenti,EMP,c,m|c,1.0,1.0,1.0
2024-25,6403,Christensen O.,FIO,p,por,1.0,1.0,1.0
2024-25,6184,Martinelli T.,FIO,p,por,1.0,1.0,1.0
2024-25,6659,Lucchesi,VEN,d,dc,1.0,1.0,1.0
2024-25,6235,Kayode,FIO,d,dd|ds|e,5.0,1.0,5.0
2024-25,610,Gollini,ROM,p,por,10.0,1.0,1.0
2024-25,6565,Ankeye,GEN,a,pc,1.0,1.0,2.0
2024-25,1926,Di Gennaro,INT,p,por,1.0,1.0,1.0
2024-25,1930,Pinsoglio,JUV,p,por,1.0,1.0,1.0
2024-25,5533,Djalo',JUV,d,dd|dc,2.0,1.0,4.0
2024-25,2012,Milik,JUV,a,pc,12.0,1.0,3.0
2024-25,6417,Furlanetto,LAZ,p,por,1.0,1.0,1.0
2024-25,327,Patric,LAZ,d,dd|dc,5.0,1.0,5.0
2024-25,2401,Fruchtl,LEC,p,por,1.0,1.0,1.0
2024-25,6523,Samooja,LEC,p,por,1.0,1.0,1.0
2024-25,6222,Rafia,LEC,c,c|t,4.0,1.0,10.0
2024-25,5873,Listkowski,LEC,c,w,1.0,1.0,1.0
2024-25,6645,Marchwinski,LEC,c,t,8.0,1.0,5.0
2024-25,6505,Nava,MIL,p,por,1.0,1.0,1.0
2024-25,5812,Terracciano F.,MIL,d,dd|e,1.0,1.0,9.0
2024-25,2178,Cragno,MON,p,por,1.0,1.0,1.0
2024-25,5853,Sorrentino A.,MON,p,por,1.0,1.0,1.0
2024-25,253,D'Ambrosio,MON,d,b|dd|ds,3.0,1.0,11.0
2024-25,2274,Valoti,MON,c,c|t,6.0,1.0,5.0
2024-25,5879,Vignato S.,MON,c,t|a,2.0,1.0,9.0
2024-25,383,Petagna,MON,a,pc,5.0,1.0,6.0
2024-25,2845,Contini,NAP,p,por,1.0,1.0,1.0
2024-25,142,Mario Rui,NAP,d,e,3.0,1.0,4.0
2024-25,5481,Mazzocchi,NAP,d,e,4.0,1.0,8.0
2024-25,6661,Chichizola,PAR,p,por,1.0,1.0,1.0
2024-25,6662,Corvi,PAR,p,por,1.0,1.0,1.0
2024-25,5338,Rinaldi,PAR,p,por,1.0,1.0,1.0
2024-25,5327,Osorio,PAR,d,dc,4.0,1.0,6.0
2024-25,2203,Di Chiara,PAR,d,ds|e,1.0,1.0,1.0
2024-25,2357,Cyprien,PAR,c,m|c,2.0,1.0,2.0
2024-25,5304,Boer,ROM,p,por,1.0,1.0,1.0
2024-25,5384,Ryan,ROM,p,por,1.0,1.0,1.0
2024-25,6649,Sangare' B.,ROM,d,dd|e,1.0,1.0,1.0
2024-25,6603,Joao Costa,ROM,a,a,1.0,1.0,1.0
2024-25,5320,Paleari,TOR,p,por,1.0,1.0,1.0
2024-25,6210,Popa,TOR,p,por,1.0,1.0,1.0
2024-25,6474,Sazonov,EMP,d,dc,1.0,1.0,4.0
2024-25,6041,Schuurs,TOR,d,dc,7.0,1.0,7.0
2024-25,543,Padelli,UDI,p,por,1.0,1.0,1.0
2024-25,5994,Ebosse,UDI,d,ds|dc,1.0,1.0,5.0
2024-25,6635,Pizarro,UDI,a,pc,3.0,1.0,3.0
2024-25,5521,Bertinato,VEN,p,por,1.0,1.0,1.0
2024-25,6671,Grandi,VEN,p,por,1.0,1.0,1.0
2024-25,434,Jajalo,VEN,c,m|c,1.0,1.0,1.0
2024-25,5486,Crnigoj,VEN,c,c,1.0,1.0,1.0
2024-25,6233,Lella,VEN,c,c,1.0,1.0,1.0
2024-25,4491,Berardi A.,VER,p,por,1.0,1.0,1.0
2024-25,6284,Okou,VER,d,dc,2.0,1.0,3.0
2024-25,581,Faraoni,VER,d,dd|e,3.0,1.0,8.0
2024-25,6490,Cruz,VER,a,pc,1.0,1.0,1.0
2024-25,6677,Adzic,JUV,c,t,1.0,1.0,3.0
2024-25,6678,Liberali,MIL,c,w|t,1.0,1.0,5.0
2024-25,6681,Sagrado,VEN,d,dd|e,1.0,1.0,2.0
2024-25,4351,Brancolini,EMP,p,por,1.0,1.0,1.0
2024-25,5436,Raimondo,VEN,a,pc,1.0,1.0,4.0
2024-25,6803,Rouhi,JUV,d,ds|e,1.0,1.0,6.0
2024-25,6806,Pelmard,LEC,d,dd|ds|dc,3.0,1.0,2.0
2024-25,4929,Ciocci,CAG,p,por,1.0,1.0,1.0
2024-25,6813,Torriani,MIL,p,por,1.0,1.0,1.0
2024-25,216,Donnarumma An.,TOR,p,por,1.0,1.0,1.0
2024-25,2211,Silvestri,EMP,p,por,1.0,1.0,1.0
2024-25,6818,Mazza,MON,p,por,1.0,1.0,1.0
2024-25,6819,El Haddad,VEN,c,t,1.0,1.0,5.0
2024-25,6824,Marin Re.,ROM,p,por,1.0,1.0,1.0
2024-25,6612,Dellavalle,TOR,d,dd|dc,1.0,1.0,1.0
2024-25,6827,Njie,TOR,a,a,1.0,1.0,6.0
2024-25,6834,Cassa,ATA,c,c,1.0,1.0,1.0
2024-25,6839,Byar,BOL,c,c|t,1.0,1.0,1.0
2024-25,6618,Cisse' A.,VER,c,w|t,1.0,1.0,1.0
2024-25,6048,Alidou,VER,c,w,3.0,1.0,5.0
2024-25,6872,Manzoni,ATA,c,c|t,1.0,1.0,1.0
2024-25,6885,Abdulhamid,ROM,d,dd|e,5.0,1.0,5.0
2024-25,4270,Rui Patricio,ATA,p,por,1.0,1.0,1.0
2024-25,6149,Carboni F.,VEN,d,ds|e,2.0,1.0,5.0
2024-25,6897,Kouda,PAR,c,c|t,1.0,1.0,1.0
2024-25,6890,Moreno M.,FIO,d,dc,4.0,1.0,5.0
2024-25,6891,Vos,MIL,c,m|c,1.0,1.0,1.0
2024-25,2192,Bonifazi,LEC,d,dc,2.0,1.0,6.0
2024-25,6903,Hasa,NAP,c,c|t,1.0,1.0,1.0
2024-25,5554,Daniliuc,VER,d,dd|dc,5.0,1.0,6.0
2024-25,5900,Toure' I.s.,UDI,d,dc,3.0,1.0,7.0
2024-25,2091,Plizzari,VEN,p,por,1.0,1.0,1.0
2024-25,6910,Kowalski,PAR,a,a,1.0,1.0,5.0
2024-25,464,Florenzi,MIL,d,dd|ds|e,1.0,1.0,1.0
2024-25,4285,Arthur Melo,JUV,c,m|c,1.0,1.0,1.0
2024-25,5674,Basic,LAZ,c,c,1.0,1.0,1.0
2024-25,6919,Seghetti,EMP,p,por,1.0,1.0,1.0
2024-25,2121,Melegoni,GEN,c,c|t,1.0,1.0,6.0
2024-25,537,Sansone,LEC,a,a,1.0,1.0,5.0
2024-25,6944,Jack,COM,d,ds|dc,1.0,1.0,7.0
2024-25,5707,Piana,UDI,p,por,1.0,1.0,1.0
2024-25,5824,Pafundi,UDI,c,t|a,1.0,1.0,5.0
2024-25,6970,Selvik,UDI,p,por,1.0,1.0,1.0
2024-25,797,Marcone,PAR,p,por,1.0,1.0,1.0
2024-25,6492,Ibrahimovic A.,LAZ,c,w|t,4.0,1.0,6.0
2024-25,2553,Alli,COM,c,t,3.0,1.0,8.0
2024-25,6569,Stolz,GEN,p,por,1.0,1.0,1.0
2024-25,6992,Oyegoke,VER,d,b|dd|e,2.0,1.0,4.0
2024-25,7012,Provstgaard,LAZ,d,dc,2.0,1.0,5.0
2024-25,7015,Pedrola,BOL,a,w|a,2.0,1.0,5.0
2024-25,7011,Slotsager,VER,d,dc,1.0,1.0,1.0
2024-25,7025,Cuenca H.,GEN,c,w|t,1.0,1.0,1.0
2024-25,7026,Salama,TOR,a,pc,4.0,1.0,3.0
2024-25,7027,Azon,COM,a,pc,3.0,1.0,5.0
2024-25,7020,Salah-Eddine,ROM,d,ds|e,2.0,1.0,6.0
2024-25,7031,Scott,LEC,d,dc,1.0,1.0,1.0
2024-25,7042,Calligaris,INT,p,por,1.0,1.0,1.0
2024-25,7045,Luan Patrick,VER,d,dc,1.0,1.0,1.0
2024-25,7048,De Marzi,ROM,p,por,1.0,1.0,1.0
2025-26,2764,Martinez L.,INT,a,pc,34.0,33.0,315.0
2025-26,4871,Thuram,INT,a,pc,29.0,32.0,270.0
2025-26,254,Dimarco,INT,d,e,19.0,30.0,320.0
2025-26,6052,Hojlund,NAP,a,pc,24.0,27.0,213.0
2025-26,6875,Paz N.,COM,c,t|a,20.0,26.0,245.0
2025-26,7017,Douvikas,COM,a,pc,8.0,26.0,200.0
2025-26,6434,Yildiz,JUV,a,a,24.0,26.0,182.0
2025-26,4777,McTominay,NAP,c,c|t,26.0,25.0,215.0
2025-26,531,Berardi,SAS,a,a,21.0,25.0,90.0
2025-26,5585,Malen,ROM,a,a,14.0,25.0,350.0
2025-26,7126,Baturina,COM,c,t,9.0,24.0,95.0
2025-26,2194,Calhanoglu,INT,c,m|c,23.0,24.0,190.0
2025-26,6435,Krstovic,ATA,a,pc,20.0,24.0,95.0
2025-26,2423,Pulisic,MIL,c,t|a,28.0,24.0,100.0
2025-26,5637,Davis K.,UDI,a,pc,12.0,24.0,110.0
2025-26,2137,Scamacca,ATA,a,pc,19.0,23.0,95.0
2025-26,2379,Rabiot,MIL,c,c|t,23.0,23.0,195.0
2025-26,505,Bonazzoli,CRE,a,a,1.0,22.0,40.0
2025-26,7071,Esposito F.P.,INT,a,pc,7.0,22.0,41.0
2025-26,2061,Simeone,TOR,a,pc,8.0,22.0,99.0
2025-26,4463,Esposito Se.,CAG,a,a,7.0,21.0,70.0
2025-26,2517,De Bruyne,NAP,c,t,23.0,21.0,92.0
2025-26,6060,Laurientè,SAS,a,a,15.0,21.0,82.0
2025-26,5559,Da Cunha,COM,c,c|w|t,12.0,20.0,80.0
2025-26,152,Zielinski,INT,c,c|t,4.0,20.0,60.0
2025-26,6669,Bonny,INT,a,pc,5.0,20.0,15.0
2025-26,2788,Bremer,JUV,d,dc,13.0,20.0,74.0
2025-26,4510,Leao,MIL,a,a,24.0,20.0,80.0
2025-26,5734,Soulè,ROM,a,a,20.0,20.0,85.0
2025-26,6908,Atta,UDI,c,c,6.0,20.0,85.0
2025-26,5564,Ndoye,BOL,c,w,19.0,19.0,60.0
2025-26,2167,Orsolini,BOL,c,w|a,30.0,19.0,150.0
2025-26,2766,Zaniolo,UDI,c,t|a,11.0,19.0,100.0
2025-26,4431,Carnesecchi,ATA,p,por,14.0,18.0,80.0
2025-26,1870,Barella,INT,c,c,14.0,18.0,58.0
2025-26,4973,McKennie,JUV,c,m|c,10.0,18.0,107.0
2025-26,6884,Conceicao,JUV,c,w|a,18.0,18.0,65.0
2025-26,6226,Castellanos,LAZ,a,pc,21.0,18.0,65.0
2025-26,2606,Modric,MIL,c,c,12.0,18.0,90.0
2025-26,7023,Pellegrino M.,PAR,a,pc,13.0,18.0,67.0
2025-26,4728,Nkunku,MIL,a,a,20.0,18.0,43.0
2025-26,6572,Castro S.,BOL,a,pc,19.0,17.0,30.0
2025-26,1933,Mandragora,FIO,c,m|c,14.0,17.0,60.0
2025-26,5022,Pavlovic,MIL,d,dc,7.0,17.0,60.0
2025-26,2170,Milinkovic-Savic V.,NAP,p,por,4.0,17.0,37.0
2025-26,5841,Svilar,ROM,p,por,15.0,17.0,105.0
2025-26,6717,Konè I.,SAS,c,m|c,6.0,17.0,67.0
2025-26,5687,Vlasic,TOR,c,t,15.0,17.0,100.0
2025-26,6832,Palestra,CAG,d,e,3.0,16.0,75.0
2025-26,5995,De Ketelaere,ATA,a,a,22.0,16.0,59.0
2025-26,6966,Butez,COM,p,por,10.0,16.0,95.0
2025-26,6893,Kempf,COM,d,dc,5.0,16.0,18.0
2025-26,6151,Perrone,COM,c,m|c,8.0,16.0,50.0
2025-26,2097,Kean,FIO,a,pc,33.0,16.0,40.0
2025-26,4970,Messias,GEN,c,c|w,8.0,16.0,12.0
2025-26,2841,Vlahovic,JUV,a,pc,24.0,16.0,100.0
2025-26,6398,Isaksen,LAZ,c,w|a,14.0,16.0,35.0
2025-26,2489,Pedro,LAZ,a,a,13.0,16.0,20.0
2025-26,4312,Maignan,MIL,p,por,16.0,16.0,88.0
2025-26,1852,Spinazzola,NAP,d,ds|e,7.0,16.0,33.0
2025-26,5455,Moreo,PIS,a,a,5.0,16.0,25.0
2025-26,2038,Pinamonti,SAS,a,pc,16.0,16.0,55.0
2025-26,6646,Adams C.,TOR,a,a,14.0,16.0,23.0
2025-26,2369,Thauvin,UDI,a,a,16.0,16.0,64.0
2025-26,2499,Vardy,CRE,a,pc,15.0,16.0,32.0
2025-26,5526,Scalvini,ATA,d,dc,8.0,15.0,22.0
2025-26,7129,Rodriguez Je.,COM,a,w|a,5.0,15.0,27.0
2025-26,4427,Malinovskyi,GEN,c,c|t,8.0,15.0,34.0
2025-26,6217,Bisseck,INT,d,dc,9.0,15.0,41.0
2025-26,5876,Di Gregorio,JUV,p,por,16.0,15.0,30.0
2025-26,2134,Falcone,LEC,p,por,6.0,15.0,35.0
2025-26,6001,Banda,LEC,a,w|a,5.0,15.0,22.0
2025-26,4892,Saelemaekers,MIL,c,e|w,12.0,15.0,36.0
2025-26,4220,Zambo Anguissa,NAP,c,m|c,15.0,15.0,20.0
2025-26,4371,Raspadori,ATA,a,a,13.0,15.0,37.0
2025-26,2531,Lukaku,NAP,a,pc,31.0,15.0,10.0
2025-26,6666,Bernabè,PAR,c,c,11.0,15.0,23.0
2025-26,2296,Mancini,ROM,d,dc,11.0,15.0,54.0
2025-26,5844,Thorstvedt,SAS,c,c|t,8.0,15.0,40.0
2025-26,5750,Ostigard,GEN,d,dc,5.0,15.0,50.0
2025-26,6844,Rowe,BOL,c,w|t,14.0,15.0,49.0
2025-26,4730,Lookman,ATA,a,a,29.0,14.0,65.0
2025-26,4923,Colombo,GEN,a,pc,12.0,14.0,37.0
2025-26,5422,Zalewski,ATA,c,e|w,6.0,14.0,19.0
2025-26,2529,Mkhitaryan,INT,c,c|t,9.0,14.0,14.0
2025-26,4976,Kalulu,JUV,d,dd|dc,9.0,14.0,68.0
2025-26,5562,Thuram K.,JUV,c,m|c,16.0,14.0,41.0
2025-26,6556,Noslin,LAZ,a,a,7.0,14.0,24.0
2025-26,4657,Celik,ROM,d,b|dd|e,7.0,14.0,14.0
2025-26,7181,Wesley,ROM,d,e,14.0,14.0,46.0
2025-26,6190,Pisilli,ROM,c,c,7.0,14.0,17.0
2025-26,6462,Okoye,UDI,p,por,6.0,14.0,14.0
2025-26,6956,Solet,UDI,d,dc,11.0,14.0,55.0
2025-26,6684,Ekkelenkamp,UDI,c,c|t,10.0,14.0,51.0
2025-26,6552,Orban G.,VER,a,pc,15.0,14.0,15.0
2025-26,7314,Taylor K.,LAZ,c,c|t,14.0,14.0,52.0
2025-26,5792,Ederson D.S.,ATA,c,m|c,15.0,13.0,30.0
2025-26,184,Bernardeschi,BOL,c,w|a,9.0,13.0,33.0
2025-26,2765,Odgaard,BOL,c,t|a,16.0,13.0,14.0
2025-26,4364,Gaetano,CAG,c,t,8.0,13.0,15.0
2025-26,5036,Caqueret,COM,c,c|t,12.0,13.0,18.0
2025-26,4486,Strefezza,PAR,c,w|a,10.0,13.0,50.0
2025-26,449,Vazquez,CRE,c,t|a,10.0,13.0,11.0
2025-26,5800,Gudmundsson A.,FIO,c,t|a,24.0,13.0,35.0
2025-26,6164,Vitinha O.,GEN,a,pc,12.0,13.0,20.0
2025-26,2428,Sommer,INT,p,por,16.0,13.0,60.0
2025-26,2120,Bastoni,INT,d,dc,16.0,13.0,40.0
2025-26,5544,David,JUV,a,pc,27.0,13.0,28.0
2025-26,4186,Guendouzi,LAZ,c,c,11.0,13.0,20.0
2025-26,632,Zaccagni,LAZ,c,w|a,26.0,13.0,25.0
2025-26,5504,Coulibaly L.,LEC,c,m|c,7.0,13.0,21.0
2025-26,536,Politano,NAP,c,w,15.0,13.0,31.0
2025-26,7120,Lang,NAP,a,a,19.0,13.0,20.0
2025-26,4807,Hermoso,ROM,d,dc,3.0,13.0,25.0
2025-26,6986,Rensch,ROM,d,b|dd|e,5.0,13.0,17.0
2025-26,779,Cristante,ROM,c,m|c,9.0,13.0,26.0
2025-26,5589,Konè M.,ROM,c,m|c,14.0,13.0,39.0
2025-26,530,Pellegrini Lo.,ROM,c,c|t,11.0,13.0,24.0
2025-26,309,Dybala,ROM,a,a,26.0,13.0,50.0
2025-26,5735,Volpato,SAS,c,w|t,5.0,13.0,17.0
2025-26,5888,Casadei,TOR,c,c|t,12.0,13.0,20.0
2025-26,7162,Giovane,NAP,a,a,1.0,13.0,8.0
2025-26,7199,Kilicsoy,CAG,a,a,6.0,13.0,7.0
2025-26,4159,Akanji,INT,d,dc,9.0,13.0,64.0
2025-26,554,Zappacosta,ATA,d,e,13.0,12.0,18.0
2025-26,2077,Pasalic,ATA,c,c|t,9.0,12.0,14.0
2025-26,4436,Cambiaghi,BOL,a,a,11.0,12.0,10.0
2025-26,4360,Caprile,CAG,p,por,7.0,12.0,20.0
2025-26,6967,Diao,COM,a,w|a,17.0,12.0,30.0
2025-26,761,Audero,CRE,p,por,5.0,12.0,11.0
2025-26,2521,De Gea,FIO,p,por,14.0,12.0,28.0
2025-26,4404,Thorsby,CRE,c,c|t,5.0,12.0,12.0
2025-26,5506,Ekuban,GEN,a,a,2.0,12.0,12.0
2025-26,5513,Dumfries,INT,d,e,20.0,12.0,56.0
2025-26,827,Locatelli,JUV,c,m|c,12.0,12.0,47.0
2025-26,7008,Gimenez,MIL,a,pc,25.0,12.0,12.0
2025-26,4317,N'Dicka,ROM,d,dc,10.0,12.0,51.0
2025-26,4957,Montipò,VER,p,por,5.0,12.0,5.0
2025-26,7351,Santos A.,NAP,c,w|a,7.0,12.0,54.0
2025-26,133,Skorupski,BOL,p,por,10.0,11.0,14.0
2025-26,6243,Borrelli,CAG,a,pc,5.0,11.0,15.0
2025-26,7133,Vandeputte,CRE,c,w|t,12.0,11.0,15.0
2025-26,2160,Gosens,FIO,d,e,18.0,11.0,19.0
2025-26,4465,Fagioli,FIO,c,c,8.0,11.0,35.0
2025-26,5514,Vasquez,GEN,d,ds|dc,9.0,11.0,26.0
2025-26,7070,Sucic P.,INT,c,c,9.0,11.0,21.0
2025-26,6766,Kelly L.,JUV,d,ds|dc,7.0,11.0,27.0
2025-26,4179,Gonzalez N.,JUV,a,w|a,12.0,11.0,15.0
2025-26,2814,Provedel,LAZ,p,por,12.0,11.0,15.0
2025-26,333,Cataldi,LAZ,c,m|c,5.0,11.0,17.0
2025-26,5674,Basic,LAZ,c,c,1.0,11.0,25.0
2025-26,5500,Cancellieri,LAZ,a,w|a,3.0,11.0,12.0
2025-26,5453,Ricci S.,MIL,c,m|c,10.0,11.0,13.0
2025-26,4409,Rrahmani,NAP,d,dc,11.0,11.0,45.0
2025-26,6641,Suzuki,PAR,p,por,7.0,11.0,8.0
2025-26,5862,Valeri,PAR,d,ds|e,10.0,11.0,22.0
2025-26,6898,Keita M.,PAR,c,m|c,6.0,11.0,18.0
2025-26,5393,Man,PAR,c,w|a,11.0,11.0,15.0
2025-26,6485,Kristensen T.,UDI,d,dd|dc,5.0,11.0,14.0
2025-26,7211,Athekame,MIL,d,dd|e,6.0,11.0,9.0
2025-26,6439,Cheddira,LEC,a,pc,4.0,11.0,23.0
2025-26,5651,Harrison,FIO,c,w,10.0,11.0,23.0
2025-26,2832,Boga,JUV,a,w|a,6.0,11.0,37.0
2025-26,4947,Brescianini,FIO,c,c|t,8.0,10.0,15.0
2025-26,4896,Maldini,LAZ,c,t|a,9.0,10.0,20.0
2025-26,5678,Holm,JUV,d,dd|e,8.0,10.0,8.0
2025-26,4734,Miranda J.,BOL,d,ds|e,9.0,10.0,25.0
2025-26,6252,Folorunsho,CAG,c,c|t,9.0,10.0,14.0
2025-26,4994,Vojvoda,COM,d,dd|e,6.0,10.0,12.0
2025-26,6867,Valle,COM,d,ds|e,6.0,10.0,17.0
2025-26,5515,Okereke,CRE,a,a,5.0,10.0,5.0
2025-26,5885,Dodò,FIO,d,e,11.0,10.0,30.0
2025-26,2593,Martin,GEN,d,ds|e,10.0,10.0,11.0
2025-26,6822,Ekhator,GEN,a,a,1.0,10.0,8.0
2025-26,5877,Carlos Augusto,INT,d,b|ds|e,10.0,10.0,15.0
2025-26,6989,Tiago Gabriel,LEC,d,dc,1.0,10.0,25.0
2025-26,4502,Gallo,LEC,d,ds|e,5.0,10.0,15.0
2025-26,6496,Bartesaghi,MIL,d,ds|e,3.0,10.0,15.0
2025-26,4686,Fofana Y.,MIL,c,m|c,11.0,10.0,18.0
2025-26,4199,Loftus-Cheek,MIL,c,c|t,8.0,10.0,12.0
2025-26,6202,Beukema,NAP,d,dc,10.0,10.0,10.0
2025-26,2816,Di Lorenzo,NAP,d,dd|e,14.0,10.0,28.0
2025-26,4287,Lobotka,NAP,c,m|c,9.0,10.0,20.0
2025-26,6831,Neres,NAP,c,w|a,13.0,10.0,15.0
2025-26,6664,Delprato,PAR,d,b|dd|e,8.0,10.0,22.0
2025-26,2334,Leris,PIS,c,w,2.0,10.0,12.0
2025-26,6675,Dovbyk,ROM,a,pc,21.0,10.0,8.0
2025-26,6365,Ferguson E.,ROM,a,pc,19.0,10.0,12.0
2025-26,4263,Kabasele,UDI,d,dc,3.0,10.0,9.0
2025-26,1976,Mazzitelli,CAG,c,m|c,5.0,10.0,12.0
2025-26,6869,Ramon,COM,d,dc,4.0,10.0,23.0
2025-26,5336,Nzola,SAS,a,pc,12.0,10.0,15.0
2025-26,4236,Muric,SAS,p,por,3.0,10.0,6.0
2025-26,7220,Belghali,VER,d,dd|e,4.0,10.0,12.0
2025-26,5427,Gutierrez,NAP,d,ds|e,8.0,10.0,12.0
2025-26,2678,Fullkrug,MIL,a,pc,13.0,10.0,12.0
2025-26,7316,Durosinmi,PIS,a,pc,15.0,10.0,9.0
2025-26,7329,Obrador,TOR,d,ds|e,6.0,10.0,16.0
2025-26,7332,Bijlow,GEN,p,por,10.0,10.0,10.0
2025-26,7347,Bowie,VER,a,a,6.0,10.0,33.0
2025-26,22,De Roon,ATA,c,m|c,12.0,9.0,22.0
2025-26,5119,Samardzic,ATA,c,t,12.0,9.0,11.0
2025-26,5918,Sulemana K.,ATA,a,a,9.0,9.0,7.0
2025-26,6066,Posch,COM,d,dd|dc,5.0,9.0,7.0
2025-26,6054,Moro N.,BOL,c,m|c,3.0,9.0,11.0
2025-26,4210,Mina,CAG,d,dc,7.0,9.0,12.0
2025-26,4359,Piccoli,FIO,a,pc,17.0,9.0,15.0
2025-26,5435,Moreno Alb.,COM,d,ds|e,3.0,9.0,10.0
2025-26,6294,Ndour,FIO,c,m|c,2.0,9.0,22.0
2025-26,188,Leali,GEN,p,por,8.0,9.0,1.0
2025-26,5791,Frendrup,GEN,c,m|c,9.0,9.0,15.0
2025-26,5520,Cambiaso,JUV,d,e,15.0,9.0,17.0
2025-26,4711,Kostic,JUV,c,e|w,4.0,9.0,8.0
2025-26,5835,Baschirotto,CRE,d,dc,8.0,9.0,13.0
2025-26,6662,Corvi,PAR,p,por,1.0,9.0,5.0
2025-26,7143,Angori,PIS,d,ds|e,5.0,9.0,13.0
2025-26,795,El Shaarawy,ROM,c,w,8.0,9.0,11.0
2025-26,5823,Baldanzi,GEN,c,t|a,8.0,9.0,15.0
2025-26,5320,Paleari,TOR,p,por,1.0,9.0,9.0
2025-26,6642,Coco,TOR,d,dc,8.0,9.0,12.0
2025-26,6145,Ngonge,TOR,a,a,9.0,9.0,11.0
2025-26,6680,Karlstrom,UDI,c,m|c,6.0,9.0,15.0
2025-26,7219,Bernasconi,ATA,d,e,1.0,9.0,12.0
2025-26,5761,Zhegrova,JUV,c,w,19.0,9.0,12.0
2025-26,7313,Ratkov,LAZ,a,pc,15.0,9.0,9.0
2025-26,7318,Gandelman,LEC,c,c|t,6.0,9.0,13.0
2025-26,788,Freuler,BOL,c,m|c,11.0,8.0,14.0
2025-26,5298,Pobega,BOL,c,m|c,8.0,8.0,13.0
2025-26,393,Luperto,CRE,d,dc,7.0,8.0,12.0
2025-26,4433,Zortea,BOL,d,e,16.0,8.0,12.0
2025-26,4870,Adopo,CAG,c,m|c,5.0,8.0,13.0
2025-26,6020,Ellertsson,GEN,c,c|w,5.0,8.0,10.0
2025-26,4177,Pavard,INT,d,dd|dc,8.0,8.0,22.0
2025-26,5301,Luis Henrique,INT,c,e|w,7.0,8.0,12.0
2025-26,218,Perin,JUV,p,por,1.0,8.0,10.0
2025-26,5833,Gila,LAZ,d,dc,9.0,8.0,16.0
2025-26,460,Romagnoli,LAZ,d,dc,8.0,8.0,16.0
2025-26,2188,Marusic,LAZ,d,dd|ds|e,8.0,8.0,12.0
2025-26,6394,Ramadani,LEC,c,m|c,6.0,8.0,13.0
2025-26,4751,Tomori,MIL,d,dc,8.0,8.0,21.0
2025-26,572,Meret,NAP,p,por,16.0,8.0,20.0
2025-26,2724,Buongiorno,NAP,d,dc,13.0,8.0,13.0
2025-26,6663,Circati,PAR,d,dc,5.0,8.0,13.0
2025-26,6667,Benedyczak,PAR,a,a,1.0,8.0,10.0
2025-26,6271,El Aynaoui,ROM,c,m|c,9.0,8.0,11.0
2025-26,4867,Turati,SAS,p,por,7.0,8.0,5.0
2025-26,7155,Muharemovic,SAS,d,dc,5.0,8.0,18.0
2025-26,6815,Fadera,SAS,c,w,6.0,8.0,10.0
2025-26,4665,Maripan,TOR,d,dc,7.0,8.0,8.0
2025-26,608,Zapata D.,TOR,a,pc,20.0,8.0,15.0
2025-26,6631,Ghilardi,ROM,d,dc,4.0,8.0,11.0
2025-26,6480,Tchatchoua,VER,d,dd|e,8.0,8.0,17.0
2025-26,6672,Idzes,SAS,d,dc,7.0,8.0,12.0
2025-26,2839,Sottil,LEC,c,w|a,11.0,8.0,9.0
2025-26,7223,Vergara,NAP,c,w|t,1.0,8.0,12.0
2025-26,2670,Bailey,ROM,c,w|a,16.0,8.0,10.0
2025-26,2528,Matic,SAS,c,m|c,4.0,8.0,13.0
2025-26,7252,Stulic,LEC,a,pc,13.0,8.0,12.0
2025-26,4349,Nicolussi Caviglia,PAR,c,m|c,9.0,8.0,15.0
2025-26,4137,Diego Carlos,COM,d,dc,5.0,8.0,12.0
2025-26,6380,Solomon,FIO,a,w|a,7.0,8.0,18.0
2025-26,6981,Vaz,ROM,a,pc,10.0,8.0,11.0
2025-26,6550,Garcia U.,SAS,d,b|ds|e,3.0,8.0,17.0
2025-26,787,Djimsiti,ATA,d,dc,8.0,7.0,13.0
2025-26,2640,Kolasinac,ATA,d,b|ds|e,7.0,7.0,12.0
2025-26,6229,Tourè E.,ATA,a,pc,7.0,7.0,9.0
2025-26,6042,Lucumì,BOL,d,dc,8.0,7.0,12.0
2025-26,5701,Obert,CAG,d,ds|dc,4.0,7.0,13.0
2025-26,6424,Prati,TOR,c,m|c,3.0,7.0,11.0
2025-26,6640,Felici,CAG,c,w,6.0,7.0,7.0
2025-26,5496,Johnsen,CRE,a,a,7.0,7.0,8.0
2025-26,6660,Marcandalli,GEN,d,dc,3.0,7.0,12.0
2025-26,6814,Norton-Cuffy,GEN,d,dd|e,3.0,7.0,14.0
2025-26,4662,Weah,JUV,c,e|w,7.0,7.0,5.0
2025-26,5813,Miretti,JUV,c,c|t,5.0,7.0,12.0
2025-26,7012,Provstgaard,LAZ,d,dc,3.0,7.0,12.0
2025-26,6015,Berisha M.,LEC,c,c|t,3.0,7.0,9.0
2025-26,6549,Pierotti,LEC,c,w|a,10.0,7.0,13.0
2025-26,7001,N'Dri,LEC,a,w|a,5.0,7.0,10.0
2025-26,5812,Terracciano F.,CRE,d,dd|ds|e,2.0,7.0,11.0
2025-26,5131,Gilmour,NAP,c,m|c,7.0,7.0,12.0
2025-26,6887,Leoni,PAR,d,dc,7.0,7.0,13.0
2025-26,2861,Semper,PIS,p,por,3.0,7.0,3.0
2025-26,4772,Angelino,ROM,d,e,15.0,7.0,7.0
2025-26,6426,Pedersen,TOR,d,dd|e,4.0,7.0,12.0
2025-26,6170,Gineitis,TOR,c,c,5.0,7.0,9.0
2025-26,6047,Ehizibue,UDI,d,dd|e,5.0,7.0,10.0
2025-26,6639,Frese,VER,d,ds|e,3.0,7.0,12.0
2025-26,7028,Bernede,VER,c,c,4.0,7.0,11.0
2025-26,7198,Piotrowski,UDI,c,c,6.0,7.0,11.0
2025-26,7208,Miller L.,UDI,c,m|c,3.0,7.0,11.0
2025-26,7209,Sorensen O.,PAR,c,c,6.0,7.0,12.0
2025-26,6005,Ilkhan,TOR,c,c|t,1.0,7.0,8.0
2025-26,6274,Diouf,INT,c,c,7.0,7.0,13.0
2025-26,7249,Buksa,UDI,a,pc,9.0,7.0,8.0
2025-26,4479,Elmas,NAP,c,w|t,11.0,7.0,13.0
2025-26,801,Gagliardini,VER,c,m|c,2.0,7.0,12.0
2025-26,6046,Hien,ATA,d,dc,11.0,6.0,10.0
2025-26,5578,Kossounou,ATA,d,dd|dc,9.0,6.0,8.0
2025-26,4887,Bellanova,ATA,d,e,13.0,6.0,11.0
2025-26,6024,Sulemana I.,CAG,c,m|c,4.0,6.0,10.0
2025-26,7172,Pessina Mas.,BOL,p,por,1.0,6.0,2.0
2025-26,5784,Aebischer,PIS,c,c,4.0,6.0,12.0
2025-26,6206,Fabbian,FIO,c,c|t,10.0,6.0,9.0
2025-26,6643,Dallinga,BOL,a,pc,10.0,6.0,9.0
2025-26,4461,Zappa,CAG,d,b|dd|e,6.0,6.0,8.0
2025-26,1871,Deiola,CAG,c,m|c,5.0,6.0,11.0
2025-26,7014,Smolcic I.,COM,d,dd|dc,2.0,6.0,12.0
2025-26,7127,Addai,COM,a,w|a,7.0,6.0,9.0
2025-26,2155,Cutrone,PAR,a,pc,10.0,6.0,14.0
2025-26,6013,Barbieri,CRE,d,dd|ds|e,3.0,6.0,10.0
2025-26,4378,Ranieri L.,FIO,d,ds|dc,7.0,6.0,10.0
2025-26,5449,Parisi,FIO,d,e,5.0,6.0,12.0
2025-26,6409,Beltran L.,FIO,a,a,7.0,6.0,10.0
2025-26,5739,De Winter,MIL,d,dd|dc,8.0,6.0,10.0
2025-26,6039,Cabal,JUV,d,b|ds|e,5.0,6.0,9.0
2025-26,7175,Joao Mario,BOL,d,e,8.0,6.0,12.0
2025-26,5620,Tavares N.,LAZ,d,ds|e,12.0,6.0,18.0
2025-26,181,Vecino,LAZ,c,m|c,6.0,6.0,13.0
2025-26,6629,Dele-Bashiru,LAZ,c,c|t,11.0,6.0,14.0
2025-26,5672,Dia,LAZ,a,pc,20.0,6.0,9.0
2025-26,5527,Zanoli,UDI,d,dd|e,3.0,6.0,12.0
2025-26,5998,Zerbin,CRE,c,e|w,3.0,6.0,9.0
2025-26,7138,Ordonez C.,PAR,c,m|c,5.0,6.0,12.0
2025-26,2273,Caracciolo A.,PIS,d,dc,4.0,6.0,10.0
2025-26,5318,Tramoni M.,PIS,c,w|t,12.0,6.0,10.0
2025-26,6246,Lipani,SAS,c,m|c,4.0,6.0,8.0
2025-26,5010,Ismajli,TOR,d,dc,8.0,6.0,14.0
2025-26,6827,Njie,TOR,a,a,1.0,6.0,4.0
2025-26,5555,Kamara H.,UDI,d,ds|e,7.0,6.0,15.0
2025-26,2475,Sanchez,UDI,a,a,7.0,6.0,10.0
2025-26,6458,Serdar,VER,c,c,5.0,6.0,10.0
2025-26,5532,Bradaric,VER,d,ds|e,4.0,6.0,11.0
2025-26,7240,Siebert,LEC,d,dc,5.0,6.0,14.0
2025-26,7342,Elphege,PAR,a,pc,1.0,6.0,18.0
2025-26,7352,Edmundsson,VER,d,dc,2.0,6.0,12.0
2025-26,5858,Ferguson,BOL,c,c|t,11.0,5.0,12.0
2025-26,7125,Idrissi R.,CAG,d,ds|e,3.0,5.0,9.0
2025-26,6230,Dossena,CAG,d,dc,4.0,5.0,8.0
2025-26,6896,Van Der Brempt,COM,d,dd|e,4.0,5.0,8.0
2025-26,7128,Kuhn,COM,a,w|a,14.0,5.0,9.0
2025-26,7131,Floriani Mussolini,CRE,d,dd|e,5.0,5.0,12.0
2025-26,27,Grassi,CRE,c,m|c,4.0,5.0,8.0
2025-26,2842,Zanimacchia,CRE,c,w,5.0,5.0,5.0
2025-26,5603,Pongracic,FIO,d,dc,5.0,5.0,12.0
2025-26,6917,Masini,GEN,c,m|c,5.0,5.0,7.0
2025-26,5116,Martinez Jo.,INT,p,por,2.0,5.0,1.0
2025-26,513,Acerbi,INT,d,dc,9.0,5.0,10.0
2025-26,5831,Gatti,JUV,d,dc,8.0,5.0,8.0
2025-26,2728,Pellegrini Lu.,LAZ,d,ds|e,3.0,5.0,9.0
2025-26,6990,Veiga D.,LEC,d,dd|e,1.0,5.0,13.0
2025-26,5457,Maleh,CRE,c,m|c,6.0,5.0,5.0
2025-26,4401,Gabbia,MIL,d,dc,6.0,5.0,14.0
2025-26,6531,Jimenez A.,MIL,d,dd|ds|e,5.0,5.0,10.0
2025-26,5992,Bondo,CRE,c,m|c,3.0,5.0,12.0
2025-26,5295,Musah,ATA,c,c|w,6.0,5.0,11.0
2025-26,5840,Olivera,NAP,d,ds|e,10.0,5.0,14.0
2025-26,6215,Lucca,NAP,a,pc,15.0,5.0,11.0
2025-26,5307,Valenti,PAR,d,dc,4.0,5.0,10.0
2025-26,5290,Estevez,PAR,c,m|c,2.0,5.0,8.0
2025-26,5471,Djuric,CRE,a,pc,9.0,5.0,8.0
2025-26,7139,Canestrelli,PIS,d,dc,3.0,5.0,11.0
2025-26,7146,Tourè I.,PIS,c,e|m,6.0,5.0,12.0
2025-26,6593,Akinsanmiro,PIS,c,c|t,3.0,5.0,11.0
2025-26,6836,Meister,PIS,a,pc,2.0,5.0,9.0
2025-26,4374,Walukiewicz,SAS,d,dd|dc,5.0,5.0,12.0
2025-26,6205,Mulattieri,SAS,a,pc,5.0,5.0,10.0
2025-26,5820,Bertola,UDI,d,dc,6.0,5.0,9.0
2025-26,6481,Payero,CRE,c,c,4.0,5.0,8.0
2025-26,5994,Ebosse,TOR,d,ds|dc,4.0,5.0,7.0
2025-26,697,Cuadrado,PIS,d,e,7.0,5.0,8.0
2025-26,7018,Nelsson,VER,d,dc,5.0,5.0,11.0
2025-26,7235,Troilo,PAR,d,dc,6.0,5.0,12.0
2025-26,441,Belotti,CAG,a,pc,12.0,5.0,10.0
2025-26,7272,Gueye,UDI,a,pc,1.0,5.0,1.0
2025-26,7274,Zè Pedro,CAG,d,dc,4.0,5.0,11.0
2025-26,5286,Akpa Akpro,VER,c,m|c,1.0,5.0,10.0
2025-26,7322,Ngom,LEC,c,m|c,1.0,5.0,1.0
2025-26,7331,Loyola,PIS,c,m|c,7.0,5.0,11.0
2025-26,7337,Motta,LAZ,p,por,1.0,5.0,15.0
2025-26,7341,Amorim,GEN,c,m|c,5.0,5.0,11.0
2025-26,7374,Mendy P.,CAG,a,pc,1.0,5.0,15.0
2025-26,6916,Ahanor,ATA,d,b|ds|e,6.0,4.0,10.0
2025-26,2722,Ravaglia F.,BOL,p,por,3.0,4.0,3.0
2025-26,7068,Vitik,BOL,d,dc,8.0,4.0,7.0
2025-26,785,Immobile,BOL,a,pc,19.0,4.0,15.0
2025-26,612,Bianchetti,CRE,d,dc,3.0,4.0,9.0
2025-26,7130,Folino,CRE,d,dc,4.0,4.0,8.0
2025-26,770,Pezzella Giu.,CRE,d,ds|e,5.0,4.0,10.0
2025-26,6495,Comuzzo,FIO,d,dc,7.0,4.0,11.0
2025-26,6106,Carboni V.,GEN,c,t|a,11.0,4.0,12.0
2025-26,2848,Frattesi,INT,c,c|t,14.0,4.0,10.0
2025-26,6628,Taremi,INT,a,pc,4.0,4.0,5.0
2025-26,5685,Koopmeiners,JUV,c,c|t,14.0,4.0,11.0
2025-26,6055,Thiaw,MIL,d,dc,4.0,4.0,8.0
2025-26,4856,Chukwueze,MIL,c,w,4.0,4.0,11.0
2025-26,6227,Okafor,MIL,a,a,4.0,4.0,5.0
2025-26,256,Juan Jesus,NAP,d,ds|dc,3.0,4.0,10.0
2025-26,5481,Mazzocchi,NAP,d,dd|ds|e,3.0,4.0,7.0
2025-26,5319,Sohm,BOL,c,c,12.0,4.0,12.0
2025-26,7145,Piccinini G.,PIS,c,e|m,6.0,4.0,10.0
2025-26,7153,Lind,PIS,a,pc,4.0,4.0,7.0
2025-26,7020,Salah-Eddine,ROM,d,e,4.0,4.0,7.0
2025-26,5851,Doig,SAS,d,ds|e,6.0,4.0,10.0
2025-26,4930,Ghion,SAS,c,m|c,4.0,4.0,9.0
2025-26,4385,Lazaro,TOR,d,dd|e,7.0,4.0,11.0
2025-26,479,Sanabria,CRE,a,pc,7.0,4.0,10.0
2025-26,6653,Bravo,UDI,a,a,6.0,4.0,12.0
2025-26,6894,Unai Nunez,VER,d,dc,5.0,4.0,8.0
2025-26,6992,Oyegoke,VER,d,b|dd|e,2.0,4.0,4.0
2025-26,5688,Harroui,VER,c,w|t,7.0,4.0,10.0
2025-26,6486,Suslov,VER,c,w|t,9.0,4.0,13.0
2025-26,6159,Sarr A.,VER,a,a,8.0,4.0,8.0
2025-26,6630,Mosquera,VER,a,pc,6.0,4.0,8.0
2025-26,7203,Jashari,MIL,c,c,13.0,4.0,10.0
2025-26,7212,Heggem,BOL,d,ds|dc,4.0,4.0,12.0
2025-26,7255,Britschgi,PAR,d,dd|ds|e,1.0,4.0,8.0
2025-26,6218,Oristanio,PAR,c,w|t|a,12.0,4.0,10.0
2025-26,7268,Rodriguez Ju.,CAG,d,ds|dc,1.0,4.0,10.0
2025-26,6314,Openda,JUV,a,pc,22.0,4.0,8.0
2025-26,6665,Coulibaly W.,SAS,d,dd|ds|e,3.0,4.0,4.0
2025-26,7344,Stojilkovic,PIS,a,pc,4.0,4.0,7.0
2025-26,7349,Kulenovic,TOR,a,pc,5.0,4.0,9.0
2025-26,6575,Zaragoza,ROM,c,w|a,7.0,4.0,10.0
2025-26,4982,Erlic,BOL,d,dc,3.0,3.0,7.0
2025-26,487,De Silvestri,BOL,d,dd|e,4.0,3.0,8.0
2025-26,6225,El Azzouzi,BOL,c,m|c,3.0,3.0,7.0
2025-26,6895,Dominguez B.,BOL,a,w|a,9.0,3.0,8.0
2025-26,6459,Karlsson,BOL,a,w|a,3.0,3.0,7.0
2025-26,5297,Luvumbo,CAG,a,a,12.0,3.0,10.0
2025-26,247,Pavoletti,CAG,a,pc,1.0,3.0,7.0
2025-26,4284,Sergi Roberto,COM,c,m|c,4.0,3.0,12.0
2025-26,6231,Azzi,CRE,d,ds|e,3.0,3.0,7.0
2025-26,5863,Castagnetti,CRE,c,m|c,3.0,3.0,5.0
2025-26,5512,De Luca,CRE,a,pc,8.0,3.0,3.0
2025-26,6010,Fazzini,FIO,c,c|t,11.0,3.0,10.0
2025-26,647,Dzeko,FIO,a,pc,15.0,3.0,10.0
2025-26,6245,Vogliacco,GEN,d,dd|dc,3.0,3.0,3.0
2025-26,791,Sabelli,GEN,d,dd|ds|e,5.0,3.0,10.0
2025-26,322,De Vrij,INT,d,dc,9.0,3.0,9.0
2025-26,2525,Darmian,INT,d,b|dd|e,4.0,3.0,8.0
2025-26,6802,Savona,JUV,d,b|dd|e,3.0,3.0,9.0
2025-26,4911,Douglas Luiz,JUV,c,c,3.0,3.0,6.0
2025-26,6417,Furlanetto,LAZ,p,por,1.0,3.0,1.0
2025-26,327,Patric,LAZ,d,dd|dc,4.0,3.0,10.0
2025-26,2263,Lazzari,LAZ,d,dd|e,4.0,3.0,9.0
2025-26,6191,Belahyane,LAZ,c,m|c,4.0,3.0,7.0
2025-26,6410,Kaba,LEC,c,m|c,1.0,3.0,12.0
2025-26,6634,Tete Morente,LEC,c,w,9.0,3.0,12.0
2025-26,6809,Marianucci,TOR,d,dc,3.0,3.0,8.0
2025-26,5353,Balogh,PAR,d,dc,3.0,3.0,7.0
2025-26,6984,Ondrejka,PAR,c,w|a,13.0,3.0,9.0
2025-26,6207,Almqvist,PAR,a,w|a,4.0,3.0,7.0
2025-26,2745,Calabresi,PIS,d,b|dd|e,3.0,3.0,6.0
2025-26,7147,Hojholt,PIS,c,m|c,1.0,3.0,7.0
2025-26,7150,Vural,PIS,c,c,3.0,3.0,6.0
2025-26,7157,Iannoni,SAS,c,c,1.0,3.0,8.0
2025-26,6533,Giannetti L.,UDI,d,dc,3.0,3.0,5.0
2025-26,6211,Zemura,UDI,d,ds|e,3.0,3.0,8.0
2025-26,6212,Zarraga,UDI,c,m|c,2.0,3.0,6.0
2025-26,5850,Lovric,VER,c,c,9.0,3.0,9.0
2025-26,6213,Brenner,UDI,a,a,3.0,3.0,5.0
2025-26,6957,Valentini N.,VER,d,dc,4.0,3.0,8.0
2025-26,6644,Rocha Livramento,VER,a,pc,3.0,3.0,8.0
2025-26,7253,Bella-Kotchap,VER,d,dc,6.0,3.0,10.0
2025-26,5168,Tsimikas,ROM,d,ds|e,4.0,3.0,8.0
2025-26,7254,Lorran,PIS,c,t,7.0,3.0,8.0
2025-26,6528,Sarmiento J.,CRE,c,w|t,4.0,3.0,8.0
2025-26,5135,Guaita,PAR,p,por,5.0,3.0,1.0
2025-26,7335,Zatterstrom,GEN,d,dc,4.0,3.0,8.0
2025-26,6149,Carboni F.,PAR,d,ds|e,2.0,3.0,4.0
2025-26,7353,Pedro Felipe,SAS,d,dc,1.0,3.0,3.0
2025-26,6112,Iling Junior,PIS,c,e|w,5.0,3.0,11.0
2025-26,6444,Bonfanti,PIS,d,dc,2.0,2.0,8.0
2025-26,2653,Lykogiannis,BOL,d,ds|e,5.0,2.0,10.0
2025-26,5406,Di Pardo,CAG,d,dd|e,2.0,2.0,4.0
2025-26,6944,Jack,COM,d,ds|dc,2.0,2.0,4.0
2025-26,6676,Engelhardt,COM,c,m|c,2.0,2.0,3.0
2025-26,5860,Ravanelli,CRE,d,dc,2.0,2.0,3.0
2025-26,7132,Collocolo,CRE,c,m|c,8.0,2.0,8.0
2025-26,5857,Pickel,CRE,c,m|c,2.0,2.0,3.0
2025-26,6403,Christensen O.,FIO,p,por,1.0,2.0,1.0
2025-26,4904,Marì,FIO,d,dc,7.0,2.0,8.0
2025-26,5718,Viti,FIO,d,dc,4.0,2.0,7.0
2025-26,7069,Fortini,FIO,d,e,3.0,2.0,9.0
2025-26,6804,Richardson,FIO,c,m|c,4.0,2.0,8.0
2025-26,5788,Sabiri,FIO,c,t,2.0,2.0,4.0
2025-26,6977,Otoa,GEN,d,dc,2.0,2.0,9.0
2025-26,6980,Venturino,ROM,c,w,3.0,2.0,12.0
2025-26,6722,Gronbaek,GEN,c,w|t,12.0,2.0,4.0
2025-26,5719,Asllani,TOR,c,m|c,4.0,2.0,14.0
2025-26,294,Rugani,FIO,d,dc,3.0,2.0,10.0
2025-26,4459,Rovella,LAZ,c,m|c,8.0,2.0,8.0
2025-26,6632,Gaspar K.,LEC,d,dc,8.0,2.0,10.0
2025-26,6883,Jean,LEC,d,dc,3.0,2.0,3.0
2025-26,5872,Helgason,LEC,c,c|t,8.0,2.0,7.0
2025-26,6519,Camarda,LEC,a,pc,12.0,2.0,8.0
2025-26,5273,Estupinan,MIL,d,ds|e,11.0,2.0,8.0
2025-26,6821,Hainaut,PAR,d,dd|e,2.0,2.0,5.0
2025-26,6965,Lovik,PAR,d,ds|e,2.0,2.0,7.0
2025-26,4423,Hernani,PAR,c,c,7.0,2.0,10.0
2025-26,6411,Mateus Lusuardi,PIS,d,dc,4.0,2.0,5.0
2025-26,7141,Rus,PIS,d,dd|dc,2.0,2.0,3.0
2025-26,7149,Marin M.,PIS,c,m|c,6.0,2.0,8.0
2025-26,4495,Kumbulla,ROM,d,dc,2.0,2.0,5.0
2025-26,6189,Missori,SAS,d,dd|e,2.0,2.0,5.0
2025-26,6219,Boloca,SAS,c,m|c,6.0,2.0,4.0
2025-26,1842,Pierini,SAS,a,a,5.0,2.0,8.0
2025-26,5845,Alvarez A.,SAS,a,pc,2.0,2.0,4.0
2025-26,49,Masina,TOR,d,b|ds|e,3.0,2.0,8.0
2025-26,252,Biraghi,TOR,d,ds|e,8.0,2.0,5.0
2025-26,6889,Anjorin,TOR,c,c|t,10.0,2.0,9.0
2025-26,6925,Palma,UDI,d,dc,1.0,2.0,4.0
2025-26,7161,Bayo V.,UDI,a,pc,4.0,2.0,8.0
2025-26,7011,Slotsager,VER,d,dc,2.0,2.0,7.0
2025-26,5540,Niasse,VER,c,m|c,3.0,2.0,9.0
2025-26,7202,Ndiaye,PAR,d,dc,4.0,2.0,5.0
2025-26,6537,Goglichidze,UDI,d,dd|dc,4.0,2.0,7.0
2025-26,313,Morata,COM,a,pc,18.0,2.0,10.0
2025-26,7222,Cham,VER,d,dd|ds|e,1.0,2.0,6.0
2025-26,6506,Fini,GEN,c,e|w,1.0,2.0,1.0
2025-26,7239,Braschi,FIO,a,pc,1.0,2.0,1.0
2025-26,7248,Gorter,LEC,c,m|c,1.0,2.0,1.0
2025-26,7010,Al-Musrati,VER,c,m|c,4.0,2.0,7.0
2025-26,7260,Ziolkowski,ROM,d,dc,3.0,2.0,9.0
2025-26,7264,Ambrosino,NAP,a,pc,1.0,2.0,1.0
2025-26,6555,Moumbagna,CRE,a,pc,6.0,2.0,5.0
2025-26,5156,Nkounkou,TOR,d,ds|e,3.0,2.0,8.0
2025-26,4677,Cornet,GEN,c,w,7.0,2.0,5.0
2025-26,7312,Arizala,UDI,d,ds|e,1.0,2.0,1.0
2025-26,7326,Helland,BOL,d,dd|dc,4.0,2.0,7.0
2025-26,2006,Lirola,VER,d,b|dd|e,4.0,2.0,7.0
2025-26,7336,Tchoca,TOR,d,dc,2.0,2.0,5.0
2025-26,7338,Albarracin,CAG,a,a,1.0,2.0,1.0
2025-26,7356,Mlacic,UDI,d,dc,3.0,2.0,9.0
2025-26,7036,Bakola,SAS,c,c|t,3.0,2.0,7.0
2025-26,7377,Balbo,FIO,d,ds|e,1.0,2.0,4.0
2025-26,7381,Mikolajewski,PAR,a,pc,1.0,2.0,1.0
2025-26,2297,Rossi F.,ATA,p,por,1.0,1.0,1.0
2025-26,4,Sportiello,ATA,p,por,1.0,1.0,1.0
2025-26,5498,Casale,BOL,d,dc,4.0,1.0,9.0
2025-26,6551,Ilic M.,BOL,d,dc,1.0,1.0,2.0
2025-26,4929,Ciocci,CAG,p,por,1.0,1.0,1.0
2025-26,3,Radunovic,CAG,p,por,1.0,1.0,1.0
2025-26,6464,Wieteska,CAG,d,dc,1.0,1.0,2.0
2025-26,6636,Veroli,CAG,d,ds|dc,1.0,1.0,1.0
2025-26,7165,Liteta,CAG,c,m|c,1.0,1.0,6.0
2025-26,2809,Vigorito,COM,p,por,1.0,1.0,1.0
2025-26,418,Goldaniga,COM,d,dc,4.0,1.0,6.0
2025-26,6656,Braunoder,COM,c,m|c,1.0,1.0,1.0
2025-26,2553,Alli,COM,c,t,1.0,1.0,1.0
2025-26,7027,Azon,COM,a,pc,1.0,1.0,5.0
2025-26,6657,Gabrielloni,COM,a,pc,1.0,1.0,1.0
2025-26,6505,Nava,CRE,p,por,1.0,1.0,1.0
2025-26,1891,Ceccherini,CRE,d,dd|dc,4.0,1.0,7.0
2025-26,5891,Quagliata,CRE,d,ds|e,1.0,1.0,2.0
2025-26,2847,Sernicola,CRE,d,dd|ds|e,1.0,1.0,1.0
2025-26,2274,Valoti,CRE,c,c|t,7.0,1.0,3.0
2025-26,7134,Nasti,CRE,a,pc,1.0,1.0,3.0
2025-26,6184,Martinelli T.,FIO,p,por,1.0,1.0,1.0
2025-26,5516,Bianco,FIO,c,m|c,1.0,1.0,2.0
2025-26,6991,Siegrist,GEN,p,por,1.0,1.0,1.0
2025-26,219,Sommariva,GEN,p,por,1.0,1.0,1.0
2025-26,7135,Stanciu,GEN,c,c|t,8.0,1.0,5.0
2025-26,1926,Di Gennaro,INT,p,por,1.0,1.0,1.0
2025-26,1930,Pinsoglio,JUV,p,por,1.0,1.0,1.0
2025-26,6803,Rouhi,JUV,d,ds|e,1.0,1.0,4.0
2025-26,2012,Milik,JUV,a,pc,1.0,1.0,5.0
2025-26,6482,Mandas,LAZ,p,por,3.0,1.0,1.0
2025-26,5899,Gigot,LAZ,d,dc,4.0,1.0,3.0
2025-26,140,Hysaj,LAZ,d,dd|ds|e,3.0,1.0,4.0
2025-26,2401,Fruchtl,LEC,p,por,1.0,1.0,1.0
2025-26,6523,Samooja,LEC,p,por,1.0,1.0,1.0
2025-26,7164,Perez M.,LEC,d,dd|dc,1.0,1.0,2.0
2025-26,7136,Kouassi,LEC,d,dd|dc,4.0,1.0,4.0
2025-26,7182,Ndaba,LEC,d,ds|e,1.0,1.0,7.0
2025-26,6633,Pierret,LEC,c,m|c,6.0,1.0,9.0
2025-26,6222,Rafia,LEC,c,c|t,3.0,1.0,7.0
2025-26,6645,Marchwinski,LEC,c,t,1.0,1.0,2.0
2025-26,2815,Terracciano,MIL,p,por,1.0,1.0,1.0
2025-26,6813,Torriani,MIL,p,por,1.0,1.0,1.0
2025-26,6678,Liberali,MIL,c,w|t,1.0,1.0,1.0
2025-26,2845,Contini,NAP,p,por,1.0,1.0,1.0
2025-26,5338,Rinaldi,PAR,p,por,1.0,1.0,1.0
2025-26,2271,Nicolas,PIS,p,por,1.0,1.0,1.0
2025-26,574,Scuffet,PIS,p,por,3.0,1.0,1.0
2025-26,7140,Coppola F.,PIS,d,dc,1.0,1.0,4.0
2025-26,7170,Mbambi,PIS,d,dc,1.0,1.0,2.0
2025-26,7142,Esteves T.,PIS,d,dd|e,1.0,1.0,2.0
2025-26,7151,Arena,PIS,c,w|t,1.0,1.0,5.0
2025-26,7171,Buffon L.,PIS,a,a,1.0,1.0,1.0
2025-26,7152,Bonfanti N.,PIS,a,pc,1.0,1.0,2.0
2025-26,7169,Zelezny,ROM,p,por,1.0,1.0,1.0
2025-26,610,Gollini,ROM,p,por,1.0,1.0,1.0
2025-26,6885,Abdulhamid,ROM,d,dd|e,1.0,1.0,1.0
2025-26,4518,Russo A.,SAS,p,por,1.0,1.0,1.0
2025-26,2127,Satalino,SAS,p,por,1.0,1.0,1.0
2025-26,7154,Odenthal,SAS,d,dc,3.0,1.0,7.0
2025-26,2279,Romagna,SAS,d,dc,4.0,1.0,8.0
2025-26,6431,Paz Y.,SAS,d,dd|e,1.0,1.0,3.0
2025-26,7156,Pieragnolo,SAS,d,ds|e,2.0,1.0,3.0
2025-26,7158,Moro L.,SAS,a,pc,1.0,1.0,1.0
2025-26,7159,Skjellerup,SAS,a,pc,1.0,1.0,1.0
2025-26,216,Donnarumma An.,TOR,p,por,1.0,1.0,1.0
2025-26,7179,Israel,TOR,p,por,9.0,1.0,1.0
2025-26,6210,Popa,TOR,p,por,1.0,1.0,1.0
2025-26,6041,Schuurs,TOR,d,dc,3.0,1.0,5.0
2025-26,6826,Dembelè A.,TOR,d,dd|e,1.0,1.0,2.0
2025-26,4890,Tameze,TOR,c,m|c,5.0,1.0,9.0
2025-26,5007,Ilic,TOR,c,c,7.0,1.0,8.0
2025-26,543,Padelli,UDI,p,por,1.0,1.0,1.0
2025-26,6842,Sava,UDI,p,por,4.0,1.0,1.0
2025-26,6900,Rui Modesto,UDI,d,e,3.0,1.0,7.0
2025-26,5824,Pafundi,UDI,c,t|a,1.0,1.0,6.0
2025-26,6635,Pizarro,UDI,a,pc,1.0,1.0,3.0
2025-26,511,Perilli,VER,p,por,1.0,1.0,1.0
2025-26,7177,Santiago,VER,c,c,2.0,1.0,2.0
2025-26,2117,Kastanos,VER,c,c|t,4.0,1.0,8.0
2025-26,6618,Cissè A.,VER,c,w|t,1.0,1.0,1.0
2025-26,6125,Vasquez D.,ROM,p,por,1.0,1.0,1.0
2025-26,7183,Aboukhlal,TOR,a,a,9.0,1.0,8.0
2025-26,7185,Nunziante,UDI,p,por,1.0,1.0,1.0
2025-26,158,Lezzerini,FIO,p,por,1.0,1.0,1.0
2025-26,7196,Denoon,PIS,d,dc,2.0,1.0,4.0
2025-26,6985,Candè,SAS,d,ds|dc,6.0,1.0,5.0
2025-26,2211,Silvestri,CRE,p,por,1.0,1.0,1.0
2025-26,5324,Godfrey,ATA,d,b|dd|ds,1.0,1.0,1.0
2025-26,2076,Rog,CAG,c,m|c,1.0,1.0,1.0
2025-26,7213,Frigan,PAR,a,pc,7.0,1.0,5.0
2025-26,6677,Adzic,JUV,c,c|t,1.0,1.0,1.0
2025-26,7025,Cuenca H.,GEN,c,w|t,1.0,1.0,1.0
2025-26,7236,Toniolo,VER,p,por,1.0,1.0,1.0
2025-26,2762,Kouamè,FIO,a,a,1.0,1.0,1.0
2025-26,7238,Kouadio,FIO,d,dc,1.0,1.0,1.0
2025-26,5610,Vranckx,SAS,c,m|c,4.0,1.0,9.0
2025-26,7246,Sala A.,LEC,c,c,3.0,1.0,9.0
2025-26,5561,Stengs,PIS,c,w|t,11.0,1.0,8.0
2025-26,7261,Cavlina,COM,p,por,1.0,1.0,1.0
2025-26,7262,Balentien,MIL,a,a,1.0,1.0,1.0
2025-26,6351,Lamptey,FIO,d,dd|ds|e,4.0,1.0,5.0
2025-26,6538,Onana J.,GEN,c,m|c,2.0,1.0,4.0
2025-26,6870,Faye,CRE,d,dc,4.0,1.0,5.0
2025-26,7271,Odogu,MIL,d,dc,2.0,1.0,5.0
2025-26,388,Albiol,PIS,d,dc,5.0,1.0,8.0
2025-26,7276,Cremaschi,PAR,c,c,5.0,1.0,8.0
2025-26,6874,Palacios T.,INT,d,dc,1.0,1.0,1.0
2025-26,7277,Arena A.,ROM,a,pc,1.0,1.0,1.0
2025-26,7285,Ferrante,NAP,p,por,1.0,1.0,1.0
2025-26,7042,Calligaris,INT,p,por,1.0,1.0,1.0
2025-26,7301,Tornqvist,COM,p,por,1.0,1.0,1.0
2025-26,6650,Sherri,CAG,p,por,1.0,1.0,1.0
2025-26,7309,Isaac,VER,a,pc,1.0,1.0,1.0
2025-26,7317,Trepy,CAG,a,pc,1.0,1.0,1.0
2025-26,7319,Fofana Sa.,LEC,c,m|c,1.0,1.0,6.0
2025-26,7325,Bozhinov,PIS,d,dc,2.0,1.0,8.0
2025-26,7345,Przyborek,LAZ,c,w|t,2.0,1.0,6.0
2025-26,7346,Raterink,CAG,d,dd|e,1.0,1.0,1.0
2025-26,7357,Lahdo,COM,c,c|t,2.0,1.0,5.0
2025-26,7363,Siviero,TOR,p,por,1.0,1.0,1.0
2025-26,7368,Vermesan,VER,a,pc,1.0,1.0,1.0
2025-26,7382,Pannozzo,LAZ,p,por,1.0,1.0,1.0
2025-26,7383,Giacomone,LAZ,p,por,1.0,1.0,1.0
2025-26,7388,Mosconi,INT,a,a,1.0,1.0,1.0
2026-27,2764,Martinez L.,INT,a,pc,35.0,35.0,370.0
2026-27,5585,Malen,ROM,a,pc,34.0,34.0,365.0
2026-27,254,Dimarco,INT,d,e|w,32.0,32.0,265.0
2026-27,6875,Paz N.,COM,c,t|a,30.0,30.0,250.0
2026-27,4871,Thuram,INT,a,pc,29.0,29.0,280.0
2026-27,4777,McTominay,NAP,c,c|t,28.0,28.0,240.0
2026-27,6052,Hojlund,NAP,a,pc,28.0,28.0,271.0
2026-27,2194,Calhanoglu,INT,c,m|c,27.0,27.0,230.0
2026-27,6397,Ramos G.,MIL,a,pc,27.0,27.0,240.0
2026-27,2167,Orsolini,BOL,c,w|a,26.0,26.0,200.0
2026-27,5951,Kolo Muani,JUV,a,pc,26.0,26.0,225.0
2026-27,2097,Kean,FIO,a,pc,25.0,25.0,212.0
2026-27,2423,Pulisic,MIL,c,t|a,25.0,25.0,180.0
2026-27,6434,Yildiz,JUV,a,a,23.0,23.0,200.0
2026-27,2379,Rabiot,MIL,c,c|t,22.0,22.0,128.0
2026-27,7017,Douvikas,COM,a,pc,20.0,20.0,157.0
2026-27,2137,Scamacca,ATA,a,pc,19.0,19.0,128.0
2026-27,7126,Baturina,COM,c,t,19.0,19.0,102.0
2026-27,5637,Davis K.,UDI,a,pc,19.0,19.0,121.0
2026-27,6435,Krstovic,ATA,a,pc,18.0,18.0,100.0
2026-27,5559,Da Cunha,COM,c,c|t,18.0,18.0,90.0
2026-27,4510,Leao,MIL,a,a,18.0,18.0,120.0
2026-27,5841,Svilar,ROM,p,por,18.0,18.0,65.0
2026-27,531,Berardi,SAS,a,a,18.0,18.0,115.0
2026-27,2766,Zaniolo,UDI,c,t|a,18.0,18.0,90.0
2026-27,5995,De Ketelaere,ATA,a,a,17.0,17.0,106.0
2026-27,6908,Atta,FIO,c,c|t,17.0,17.0,87.0
2026-27,5116,Martinez Jo.,INT,p,por,17.0,17.0,63.0
2026-27,1870,Barella,INT,c,c,17.0,17.0,82.0
2026-27,4973,McKennie,JUV,c,c,17.0,17.0,68.0
2026-27,7181,Wesley,ROM,d,e,17.0,17.0,84.0
2026-27,4431,Carnesecchi,ATA,p,por,16.0,16.0,52.0
2026-27,6675,Dovbyk,BOL,a,pc,16.0,16.0,84.0
2026-27,6966,Butez,COM,p,por,16.0,16.0,56.0
2026-27,4159,Akanji,INT,d,dc,16.0,16.0,55.0
2026-27,7071,Esposito F.P.,INT,a,pc,16.0,16.0,93.0
2026-27,632,Zaccagni,LAZ,c,w|a,16.0,16.0,91.0
2026-27,2788,Bremer,JUV,d,dc,15.0,15.0,50.0
2026-27,4312,Maignan,MIL,p,por,15.0,15.0,50.0
2026-27,2517,De Bruyne,NAP,c,t,15.0,15.0,100.0
2026-27,7023,Pellegrino M.,PAR,a,pc,15.0,15.0,81.0
2026-27,2296,Mancini,ROM,d,dc,15.0,15.0,49.0
2026-27,6060,Laurientè,SAS,a,a,15.0,15.0,88.0
2026-27,2061,Simeone,TOR,a,pc,15.0,15.0,82.0
2026-27,2120,Bastoni,INT,d,dc,14.0,14.0,44.0
2026-27,5022,Pavlovic,MIL,d,dc,14.0,14.0,48.0
2026-27,4409,Rrahmani,NAP,d,dc,14.0,14.0,47.0
2026-27,7351,Santos A.,NAP,a,w|a,14.0,14.0,60.0
2026-27,309,Dybala,ROM,a,a,14.0,14.0,67.0
2026-27,6572,Castro S.,ROM,a,pc,14.0,14.0,83.0
2026-27,5687,Vlasic,TOR,c,t,14.0,14.0,80.0
2026-27,4371,Raspadori,ATA,a,a,13.0,13.0,62.0
2026-27,4463,Esposito Se.,CAG,a,a,13.0,13.0,50.0
2026-27,2521,De Gea,FIO,p,por,13.0,13.0,45.0
2026-27,5800,Gudmundsson A.,FIO,c,t|a,13.0,13.0,61.0
2026-27,4976,Kalulu,JUV,d,dd|dc,13.0,13.0,46.0
2026-27,7314,Taylor K.,LAZ,c,c|t,13.0,13.0,64.0
2026-27,4728,Nkunku,MIL,a,a,13.0,13.0,52.0
2026-27,4317,N'Dicka,ROM,d,dc,13.0,13.0,44.0
2026-27,2038,Pinamonti,SAS,a,pc,13.0,13.0,58.0
2026-27,6956,Solet,UDI,d,dc,13.0,13.0,46.0
2026-27,5792,Ederson D.S.,ATA,c,m|c,12.0,12.0,45.0
2026-27,5119,Samardzic,ATA,c,c|t,12.0,12.0,42.0
2026-27,7129,Rodriguez Je.,COM,c,w|a,12.0,12.0,32.0
2026-27,2514,Stones,INT,d,dc,12.0,12.0,38.0
2026-27,7436,Alajbegovic,JUV,c,w|t,12.0,12.0,57.0
2026-27,6884,Conceicao,JUV,c,w|a,12.0,12.0,60.0
2026-27,5833,Gila,MIL,d,dc,12.0,12.0,31.0
2026-27,2606,Modric,MIL,c,m|c,12.0,12.0,50.0
2026-27,2816,Di Lorenzo,NAP,d,dd|e,12.0,12.0,40.0
2026-27,5734,Soulè,ROM,a,a,12.0,12.0,55.0
2026-27,7484,Adams A.,VEN,a,pc,12.0,12.0,52.0
2026-27,7078,Mastantuono,FIO,c,w|t,12.0,12.0,58.0
2026-27,6844,Rowe,BOL,c,w|t,11.0,11.0,37.0
2026-27,6967,Diao,COM,a,w|a,11.0,11.0,50.0
2026-27,5750,Ostigard,GEN,d,dc,11.0,11.0,40.0
2026-27,5823,Baldanzi,GEN,c,t,11.0,11.0,30.0
2026-27,4923,Colombo,GEN,a,pc,11.0,11.0,63.0
2026-27,6217,Bisseck,INT,d,dc,11.0,11.0,33.0
2026-27,572,Meret,NAP,p,por,11.0,11.0,45.0
2026-27,4220,Zambo Anguissa,NAP,c,c,11.0,11.0,55.0
2026-27,6229,Tourè E.,PAR,a,pc,11.0,11.0,43.0
2026-27,5526,Scalvini,ATA,d,dc,10.0,10.0,28.0
2026-27,133,Skorupski,BOL,p,por,10.0,10.0,37.0
2026-27,6869,Ramon,COM,d,dc,10.0,10.0,32.0
2026-27,6151,Perrone,COM,c,m|c,10.0,10.0,38.0
2026-27,5885,Dodò,FIO,d,dd|e,10.0,10.0,30.0
2026-27,152,Zielinski,INT,c,c,10.0,10.0,41.0
2026-27,5562,Thuram K.,JUV,c,c,10.0,10.0,41.0
2026-27,5672,Dia,LAZ,a,a,10.0,10.0,31.0
2026-27,7313,Ratkov,LAZ,a,pc,10.0,10.0,32.0
2026-27,4892,Saelemaekers,MIL,c,e|w,10.0,10.0,43.0
2026-27,536,Politano,NAP,c,w,10.0,10.0,47.0
2026-27,2531,Lukaku,NAP,a,pc,10.0,10.0,45.0
2026-27,4807,Hermoso,ROM,d,dc,10.0,10.0,26.0
2026-27,5589,Konè M.,ROM,c,m|c,10.0,10.0,42.0
2026-27,5844,Thorstvedt,SAS,c,c|t,10.0,10.0,41.0
2026-27,7347,Bowie,SAS,a,pc,10.0,10.0,39.0
2026-27,5888,Casadei,TOR,c,c|t,10.0,10.0,37.0
2026-27,6684,Ekkelenkamp,UDI,c,c|t,10.0,10.0,41.0
2026-27,530,Pellegrini Lo.,ROM,c,c|t,10.0,10.0,28.0
2026-27,2077,Pasalic,ATA,c,c|t,9.0,9.0,32.0
2026-27,184,Bernardeschi,BOL,c,w|t,9.0,9.0,21.0
2026-27,4360,Caprile,CAG,p,por,9.0,9.0,27.0
2026-27,1933,Mandragora,FIO,c,c,9.0,9.0,28.0
2026-27,6530,Ghedjemis,FRO,a,w|a,9.0,9.0,30.0
2026-27,5514,Vasquez,GEN,d,ds|dc,9.0,9.0,33.0
2026-27,5876,Di Gregorio,JUV,p,por,9.0,9.0,40.0
2026-27,5520,Cambiaso,JUV,d,dd|ds|e,9.0,9.0,27.0
2026-27,5544,David,JUV,a,pc,9.0,9.0,40.0
2026-27,6482,Mandas,LAZ,p,por,9.0,9.0,30.0
2026-27,5500,Cancellieri,LAZ,c,w|a,9.0,9.0,28.0
2026-27,6398,Isaksen,LAZ,c,w|a,9.0,9.0,25.0
2026-27,5029,Geubbels,LEC,a,pc,9.0,9.0,25.0
2026-27,2155,Cutrone,MON,a,pc,9.0,9.0,33.0
2026-27,6717,Konè I.,SAS,c,c,9.0,9.0,20.0
2026-27,6646,Adams C.,TOR,a,a,9.0,9.0,32.0
2026-27,6462,Okoye,UDI,p,por,9.0,9.0,29.0
2026-27,5641,Chalobah T.,COM,d,dd|dc,9.0,9.0,26.0
2026-27,6046,Hien,ATA,d,dc,8.0,8.0,16.0
2026-27,554,Zappacosta,ATA,d,dd|e,8.0,8.0,24.0
2026-27,6042,Lucumì,BOL,d,dc,8.0,8.0,18.0
2026-27,4734,Miranda J.,BOL,d,ds|e,8.0,8.0,24.0
2026-27,2765,Odgaard,BOL,c,t,8.0,8.0,22.0
2026-27,4436,Cambiaghi,BOL,c,w|a,8.0,8.0,25.0
2026-27,6643,Dallinga,BOL,a,pc,8.0,8.0,23.0
2026-27,4210,Mina,CAG,d,dc,8.0,8.0,20.0
2026-27,5365,Dragusin,FIO,d,dc,8.0,8.0,27.0
2026-27,6531,Jimenez A.,FIO,d,dd|ds|e,8.0,8.0,23.0
2026-27,4465,Fagioli,FIO,c,m|c,8.0,8.0,23.0
2026-27,6294,Ndour,FIO,c,c,8.0,8.0,25.0
2026-27,4359,Piccoli,FIO,a,pc,8.0,8.0,24.0
2026-27,7332,Bijlow,GEN,p,por,8.0,8.0,18.0
2026-27,6814,Norton-Cuffy,GEN,d,dd|e,8.0,8.0,22.0
2026-27,6164,Vitinha O.,GEN,a,a,8.0,8.0,20.0
2026-27,6274,Diouf,INT,c,e|c,8.0,8.0,37.0
2026-27,7070,Sucic P.,INT,c,c,8.0,8.0,26.0
2026-27,4657,Celik,JUV,d,b|dd|e,8.0,8.0,21.0
2026-27,827,Locatelli,JUV,c,m|c,8.0,8.0,32.0
2026-27,2134,Falcone,LEC,p,por,8.0,8.0,25.0
2026-27,6496,Bartesaghi,MIL,d,ds|e,8.0,8.0,25.0
2026-27,5878,Colpani,MON,c,t,8.0,8.0,25.0
2026-27,5427,Gutierrez,NAP,d,ds|e,8.0,8.0,26.0
2026-27,1852,Spinazzola,NAP,d,ds|e,8.0,8.0,24.0
2026-27,7223,Vergara,NAP,c,w|t,8.0,8.0,34.0
2026-27,6664,Delprato,PAR,d,b|dd|e,8.0,8.0,21.0
2026-27,5862,Valeri,PAR,d,ds|e,8.0,8.0,24.0
2026-27,7529,Koulierakis,ROM,d,dc,8.0,8.0,20.0
2026-27,779,Cristante,ROM,c,m|c,8.0,8.0,29.0
2026-27,4994,Vojvoda,UDI,d,dd|e,8.0,8.0,19.0
2026-27,6904,Yeboah J.,VEN,a,a,8.0,8.0,28.0
2026-27,7449,Rrahmani Al.,VEN,a,pc,8.0,8.0,20.0
2026-27,6727,Couto,COM,d,dd|e,8.0,8.0,27.0
2026-27,787,Djimsiti,ATA,d,dc,7.0,7.0,16.0
2026-27,4364,Gaetano,ATA,c,m|c,7.0,7.0,24.0
2026-27,5858,Ferguson,BOL,c,m|c,7.0,7.0,18.0
2026-27,5701,Obert,CAG,d,b|ds|e,7.0,7.0,14.0
2026-27,6010,Fazzini,CAG,c,c|t,7.0,7.0,19.0
2026-27,7414,Kaiki,COM,d,ds|e,7.0,7.0,23.0
2026-27,7472,Calò,FRO,c,m|c,7.0,7.0,25.0
2026-27,5436,Raimondo,FRO,a,pc,7.0,7.0,24.0
2026-27,5791,Frendrup,GEN,c,m|c,7.0,7.0,19.0
2026-27,5877,Carlos Augusto,INT,d,b|ds|e,7.0,7.0,27.0
2026-27,2848,Frattesi,INT,c,c|t,7.0,7.0,13.0
2026-27,6669,Bonny,INT,a,pc,7.0,7.0,21.0
2026-27,6320,Doekhi,LAZ,d,dc,7.0,7.0,22.0
2026-27,460,Romagnoli,LAZ,d,dc,7.0,7.0,24.0
2026-27,6989,Tiago Gabriel,LEC,d,dc,7.0,7.0,17.0
2026-27,7252,Stulic,LEC,a,pc,7.0,7.0,18.0
2026-27,4401,Gabbia,MIL,d,dc,7.0,7.0,23.0
2026-27,4751,Tomori,MIL,d,dc,7.0,7.0,20.0
2026-27,2741,Pessina,MON,c,m|c,7.0,7.0,20.0
2026-27,2724,Buongiorno,NAP,d,dc,7.0,7.0,18.0
2026-27,4287,Lobotka,NAP,c,m|c,7.0,7.0,20.0
2026-27,7411,Daffara,PAR,p,por,7.0,7.0,5.0
2026-27,6641,Suzuki,PAR,p,por,7.0,7.0,20.0
2026-27,6666,Bernabè,PAR,c,c,7.0,7.0,36.0
2026-27,4236,Muric,SAS,p,por,7.0,7.0,15.0
2026-27,6672,Idzes,SAS,d,dc,7.0,7.0,19.0
2026-27,5735,Volpato,SAS,c,w|t,7.0,7.0,23.0
2026-27,6642,Coco,TOR,d,dc,7.0,7.0,18.0
2026-27,5010,Ismajli,TOR,d,dc,7.0,7.0,18.0
2026-27,6218,Oristanio,TOR,c,w|t,7.0,7.0,27.0
2026-27,608,Zapata D.,TOR,a,pc,7.0,7.0,18.0
2026-27,6485,Kristensen T.,UDI,d,dd|dc,7.0,7.0,15.0
2026-27,6783,Unai Gomez,UDI,c,t,7.0,7.0,23.0
2026-27,5946,Sow,GEN,c,m|c,7.0,7.0,14.0
2026-27,6916,Ahanor,ATA,d,b|ds|e,6.0,6.0,16.0
2026-27,4887,Bellanova,ATA,d,dd|e,6.0,6.0,15.0
2026-27,7219,Bernasconi,ATA,d,ds|e,6.0,6.0,17.0
2026-27,5422,Zalewski,ATA,c,w,6.0,6.0,21.0
2026-27,5918,Sulemana K.,ATA,a,a,6.0,6.0,16.0
2026-27,7212,Heggem,BOL,d,ds|dc,6.0,6.0,15.0
2026-27,4433,Zortea,BOL,d,dd|e,6.0,6.0,19.0
2026-27,5298,Pobega,BOL,c,m|c,6.0,6.0,14.0
2026-27,4870,Adopo,CAG,c,m|c,6.0,6.0,13.0
2026-27,4260,Winks,CAG,c,m|c,6.0,6.0,14.0
2026-27,6598,Mutandwa,CAG,a,pc,6.0,6.0,19.0
2026-27,6867,Valle,COM,d,ds|e,6.0,6.0,18.0
2026-27,5036,Caqueret,COM,c,c|t,6.0,6.0,20.0
2026-27,6678,Liberali,COM,c,t,6.0,6.0,22.0
2026-27,7294,Valdepenas,FIO,d,ds|dc,6.0,6.0,18.0
2026-27,7410,Viery,FIO,d,ds|dc,6.0,6.0,19.0
2026-27,7464,Oulai,FIO,c,m|c,6.0,6.0,20.0
2026-27,4952,Monterisi,FRO,d,dc,6.0,6.0,14.0
2026-27,6660,Marcandalli,GEN,d,dc,6.0,6.0,13.0
2026-27,6020,Ellertsson,GEN,c,e|c,6.0,6.0,18.0
2026-27,4177,Pavard,INT,d,dd|dc,6.0,6.0,18.0
2026-27,218,Perin,JUV,p,por,6.0,6.0,10.0
2026-27,5761,Zhegrova,JUV,c,w,6.0,6.0,18.0
2026-27,2832,Boga,JUV,a,w|a,6.0,6.0,25.0
2026-27,5620,Tavares N.,LAZ,d,ds|e,6.0,6.0,17.0
2026-27,2188,Marusic,LAZ,d,dd|ds|e,6.0,6.0,20.0
2026-27,4459,Rovella,LAZ,c,m|c,6.0,6.0,16.0
2026-27,6556,Noslin,LAZ,a,a,6.0,6.0,17.0
2026-27,4502,Gallo,LEC,d,ds|e,6.0,6.0,13.0
2026-27,5504,Coulibaly L.,LEC,c,m|c,6.0,6.0,14.0
2026-27,6549,Pierotti,LEC,c,w,6.0,6.0,19.0
2026-27,4856,Chukwueze,MIL,c,w,6.0,6.0,11.0
2026-27,7008,Gimenez,MIL,a,pc,6.0,6.0,14.0
2026-27,7485,Mangas,MON,d,ds|e,6.0,6.0,15.0
2026-27,6593,Akinsanmiro,MON,c,c,6.0,6.0,16.0
2026-27,6202,Beukema,NAP,d,dc,6.0,6.0,16.0
2026-27,6831,Neres,NAP,a,w|a,6.0,6.0,22.0
2026-27,6663,Circati,PAR,d,dc,6.0,6.0,18.0
2026-27,4349,Nicolussi Caviglia,PAR,c,m|c,6.0,6.0,18.0
2026-27,6495,Comuzzo,TOR,d,dc,6.0,6.0,11.0
2026-27,5555,Kamara H.,UDI,d,ds|e,6.0,6.0,12.0
2026-27,6680,Karlstrom,UDI,c,m|c,6.0,6.0,20.0
2026-27,6248,Stankovic F.,VEN,p,por,6.0,6.0,14.0
2026-27,7253,Bella-Kotchap,VEN,d,dc,6.0,6.0,13.0
2026-27,5674,Basic,VEN,c,m|c,6.0,6.0,19.0
2026-27,2640,Kolasinac,ATA,d,ds|dc,5.0,5.0,12.0
2026-27,4896,Maldini,CAG,a,t|a,5.0,5.0,14.0
2026-27,7068,Vitik,BOL,d,dc,5.0,5.0,11.0
2026-27,5678,Holm,BOL,d,dd|e,5.0,5.0,13.0
2026-27,7528,Amondarain,BOL,c,m|c,5.0,5.0,12.0
2026-27,7532,Kofler,CAG,d,dc,5.0,5.0,11.0
2026-27,7274,Zè Pedro,CAG,d,dd|dc,5.0,5.0,11.0
2026-27,7311,Romano,CAG,c,m|c,5.0,5.0,12.0
2026-27,6640,Felici,CAG,c,w,5.0,5.0,10.0
2026-27,6893,Kempf,COM,d,dc,5.0,5.0,13.0
2026-27,7412,Milla,COM,c,m|c,5.0,5.0,14.0
2026-27,7127,Addai,COM,c,w|a,5.0,5.0,10.0
2026-27,5449,Parisi,FIO,d,ds|e,5.0,5.0,12.0
2026-27,7469,Bracaglia,FRO,d,ds|dc,5.0,5.0,11.0
2026-27,6238,Oyono A.,FRO,d,dd|e,5.0,5.0,12.0
2026-27,5998,Zerbin,FRO,c,w,5.0,5.0,13.0
2026-27,2593,Martin,GEN,d,ds|e,5.0,5.0,15.0
2026-27,7409,Meichtry,GEN,c,w|t,5.0,5.0,14.0
2026-27,2857,Traorè Hj.,GEN,c,w|t,5.0,5.0,11.0
2026-27,2529,Mkhitaryan,INT,c,c,5.0,5.0,19.0
2026-27,6766,Kelly L.,JUV,d,ds|dc,5.0,5.0,13.0
2026-27,5685,Koopmeiners,JUV,c,c|t,5.0,5.0,14.0
2026-27,4817,Pedraza,LAZ,d,ds|e,5.0,5.0,15.0
2026-27,6629,Dele-Bashiru,LAZ,c,c|t,5.0,5.0,13.0
2026-27,6632,Gaspar K.,LEC,d,dc,5.0,5.0,12.0
2026-27,6990,Veiga D.,LEC,d,dd|e,5.0,5.0,11.0
2026-27,6015,Berisha M.,LEC,c,c|t,5.0,5.0,16.0
2026-27,7318,Gandelman,LEC,c,c|t,5.0,5.0,14.0
2026-27,4686,Fofana Y.,MIL,c,m|c,5.0,5.0,23.0
2026-27,6519,Camarda,MIL,a,pc,5.0,5.0,18.0
2026-27,4485,Thiam,MON,p,por,5.0,5.0,12.0
2026-27,5882,Mota,MON,a,a,5.0,5.0,18.0
2026-27,2170,Milinkovic-Savic V.,NAP,p,por,5.0,5.0,10.0
2026-27,5840,Olivera,NAP,d,b|ds|e,5.0,5.0,13.0
2026-27,6898,Keita M.,PAR,c,m|c,5.0,5.0,15.0
2026-27,6984,Ondrejka,PAR,c,w|a,5.0,5.0,18.0
2026-27,7213,Frigan,PAR,a,a,5.0,5.0,13.0
2026-27,6986,Rensch,ROM,d,b|dd|e,5.0,5.0,16.0
2026-27,6190,Pisilli,ROM,c,c,5.0,5.0,17.0
2026-27,2528,Matic,SAS,c,m|c,5.0,5.0,15.0
2026-27,6677,Adzic,SAS,c,c|t,5.0,5.0,14.0
2026-27,7036,Bakola,SAS,c,c|t,5.0,5.0,16.0
2026-27,6426,Pedersen,TOR,d,dd|e,5.0,5.0,13.0
2026-27,7060,Cacciamani,TOR,c,e|w,5.0,5.0,18.0
2026-27,6170,Gineitis,TOR,c,m|c,5.0,5.0,13.0
2026-27,7198,Piotrowski,UDI,c,m|c,5.0,5.0,15.0
2026-27,6890,Moreno M.,VEN,d,dc,5.0,5.0,11.0
2026-27,5695,Haps,VEN,d,ds|e,5.0,5.0,11.0
2026-27,5507,Busio,VEN,c,m|c,5.0,5.0,14.0
2026-27,5319,Sohm,VEN,c,c,5.0,5.0,14.0
2026-27,6994,Perez K.,VEN,c,c|t,5.0,5.0,14.0
2026-27,4387,Adorante,VEN,a,pc,5.0,5.0,14.0
2026-27,22,De Roon,ATA,c,m|c,4.0,4.0,12.0
2026-27,6054,Moro N.,BOL,c,m|c,4.0,4.0,10.0
2026-27,4461,Zappa,CAG,d,b|dd|e,4.0,4.0,9.0
2026-27,6424,Prati,CAG,c,m|c,4.0,4.0,7.0
2026-27,6243,Borrelli,CAG,a,pc,4.0,4.0,9.0
2026-27,7374,Mendy P.,CAG,a,pc,4.0,4.0,9.0
2026-27,7014,Smolcic I.,COM,d,dd|e,4.0,4.0,10.0
2026-27,313,Morata,COM,a,pc,4.0,4.0,10.0
2026-27,5603,Pongracic,FIO,d,dc,4.0,4.0,8.0
2026-27,6206,Fabbian,FIO,c,c|t,4.0,4.0,8.0
2026-27,6415,Palmisani,FRO,p,por,4.0,4.0,8.0
2026-27,7467,Calvani,FRO,d,dc,4.0,4.0,10.0
2026-27,7473,Cichella,FRO,c,m|c,4.0,4.0,11.0
2026-27,7474,Koutsoupias,FRO,c,c,4.0,4.0,12.0
2026-27,6204,Kvernadze,FRO,a,w|a,4.0,4.0,15.0
2026-27,7537,Mitaj,GEN,d,ds|e,4.0,4.0,9.0
2026-27,7341,Amorim,GEN,c,m|c,4.0,4.0,11.0
2026-27,7453,Havel,GEN,a,pc,4.0,4.0,9.0
2026-27,5301,Luis Henrique,INT,c,e|w,4.0,4.0,13.0
2026-27,5831,Gatti,JUV,d,dc,4.0,4.0,10.0
2026-27,4911,Douglas Luiz,JUV,c,c,4.0,4.0,12.0
2026-27,333,Cataldi,LAZ,c,m|c,4.0,4.0,12.0
2026-27,7240,Siebert,LEC,d,dc,4.0,4.0,12.0
2026-27,7322,Ngom,LEC,c,m|c,4.0,4.0,11.0
2026-27,5453,Ricci S.,MIL,c,m|c,4.0,4.0,11.0
2026-27,7203,Jashari,MIL,c,c,4.0,4.0,11.0
2026-27,4199,Loftus-Cheek,MIL,c,c|t,4.0,4.0,11.0
2026-27,2115,Delli Carri,MON,d,dc,4.0,4.0,11.0
2026-27,6659,Lucchesi,MON,d,dc,4.0,4.0,12.0
2026-27,5838,Birindelli,MON,d,dd|ds|e,4.0,4.0,12.0
2026-27,6252,Folorunsho,NAP,c,c|t,4.0,4.0,10.0
2026-27,7162,Giovane,NAP,a,a,4.0,4.0,10.0
2026-27,5307,Valenti,PAR,d,dc,4.0,4.0,10.0
2026-27,6207,Almqvist,PAR,c,w|a,4.0,4.0,14.0
2026-27,6631,Ghilardi,ROM,d,dc,4.0,4.0,10.0
2026-27,6271,El Aynaoui,ROM,c,m|c,4.0,4.0,18.0
2026-27,4374,Walukiewicz,SAS,d,dd|dc,4.0,4.0,10.0
2026-27,5851,Doig,SAS,d,ds|e,4.0,4.0,13.0
2026-27,7526,Comert,TOR,d,dc,4.0,4.0,10.0
2026-27,7535,Fitz-Jim,TOR,c,m|c,4.0,4.0,13.0
2026-27,6005,Ilkhan,TOR,c,m|c,4.0,4.0,10.0
2026-27,6827,Njie,TOR,c,w|a,4.0,4.0,12.0
2026-27,7349,Kulenovic,TOR,a,pc,4.0,4.0,9.0
2026-27,4263,Kabasele,UDI,d,dc,4.0,4.0,9.0
2026-27,5820,Bertola,UDI,d,dd|ds|dc,4.0,4.0,10.0
2026-27,5527,Zanoli,UDI,d,dd|e,4.0,4.0,10.0
2026-27,7312,Arizala,UDI,d,ds|e,4.0,4.0,8.0
2026-27,7272,Gueye,UDI,a,pc,4.0,4.0,7.0
2026-27,7538,Halhal,VEN,d,dc,4.0,4.0,10.0
2026-27,4845,Correia T.,VEN,d,dd|e,4.0,4.0,12.0
2026-27,7546,Robinson J.,MON,a,a,4.0,4.0,10.0
2026-27,5578,Kossounou,ATA,d,dd|dc,3.0,3.0,7.0
2026-27,6024,Sulemana I.,ATA,c,m|c,3.0,3.0,7.0
2026-27,5498,Casale,BOL,d,dc,3.0,3.0,6.0
2026-27,6895,Dominguez B.,BOL,c,w|a,3.0,3.0,8.0
2026-27,7268,Rodriguez Ju.,CAG,d,ds|dc,3.0,3.0,10.0
2026-27,7125,Idrissi R.,CAG,d,ds|e,3.0,3.0,7.0
2026-27,1871,Deiola,CAG,c,m|c,3.0,3.0,8.0
2026-27,7128,Kuhn,COM,a,w|a,3.0,3.0,5.0
2026-27,4378,Ranieri L.,FIO,d,ds|dc,3.0,3.0,7.0
2026-27,7175,Joao Mario,FIO,d,dd|e,3.0,3.0,7.0
2026-27,4947,Brescianini,FIO,c,c|t,3.0,3.0,7.0
2026-27,7540,Akpoguma,FRO,d,dc,3.0,3.0,7.0
2026-27,5757,Cittadini,FRO,d,dc,3.0,3.0,8.0
2026-27,6241,Gelli F.,FRO,c,c|t,3.0,3.0,8.0
2026-27,6506,Fini,FRO,c,w,3.0,3.0,9.0
2026-27,4970,Messias,GEN,c,w|t,3.0,3.0,8.0
2026-27,6503,Stankovic A.,INT,c,m|c,3.0,3.0,10.0
2026-27,5813,Miretti,JUV,c,c|t,3.0,3.0,11.0
2026-27,6822,Ekhator,JUV,a,a,3.0,3.0,10.0
2026-27,7012,Provstgaard,LAZ,d,dc,3.0,3.0,10.0
2026-27,7131,Floriani Mussolini,LAZ,d,dd|e,3.0,3.0,12.0
2026-27,7001,N'Dri,LEC,a,w|a,3.0,3.0,9.0
2026-27,5739,De Winter,MIL,d,dd|dc,3.0,3.0,12.0
2026-27,7211,Athekame,MIL,d,dd|e,3.0,3.0,8.0
2026-27,5273,Estupinan,MIL,d,ds|e,3.0,3.0,9.0
2026-27,7238,Kouadio,MON,d,dd|dc,3.0,3.0,9.0
2026-27,4925,Carboni A.,MON,d,ds|dc,3.0,3.0,9.0
2026-27,7477,Colombo L.,MON,c,m|c,3.0,3.0,7.0
2026-27,7523,Varela G.,MON,a,pc,3.0,3.0,7.0
2026-27,5131,Gilmour,NAP,c,m|c,3.0,3.0,9.0
2026-27,7120,Lang,NAP,a,a,3.0,3.0,10.0
2026-27,6215,Lucca,NAP,a,pc,3.0,3.0,10.0
2026-27,7235,Troilo,PAR,d,dc,3.0,3.0,8.0
2026-27,7255,Britschgi,PAR,d,dd|ds|e,3.0,3.0,10.0
2026-27,7209,Sorensen O.,PAR,c,c,3.0,3.0,12.0
2026-27,7536,Diallo O.,PAR,c,w|a,3.0,3.0,12.0
2026-27,7342,Elphege,PAR,a,pc,3.0,3.0,11.0
2026-27,4772,Angelino,ROM,d,e,3.0,3.0,12.0
2026-27,6985,Candè,SAS,d,ds|dc,3.0,3.0,12.0
2026-27,7183,Aboukhlal,TOR,c,w|a,3.0,3.0,5.0
2026-27,7208,Miller L.,UDI,c,m|c,3.0,3.0,12.0
2026-27,6892,Schingtienne,VEN,d,dc,3.0,3.0,7.0
2026-27,6673,Sverko,VEN,d,ds|dc,3.0,3.0,7.0
2026-27,6821,Hainaut,VEN,d,dd|e,3.0,3.0,7.0
2026-27,5872,Helgason,VEN,c,c|t,3.0,3.0,7.0
2026-27,7326,Helland,BOL,d,dd|dc,2.0,2.0,5.0
2026-27,7483,Alhassane,BOL,d,ds|e,2.0,2.0,6.0
2026-27,6225,El Azzouzi O.,BOL,c,m|c,2.0,2.0,4.0
2026-27,6896,Van Der Brempt,COM,d,dd|e,2.0,2.0,5.0
2026-27,6815,Fadera,COM,c,w,2.0,2.0,3.0
2026-27,7463,Desplanches,FRO,p,por,2.0,2.0,8.0
2026-27,6903,Hasa,FRO,c,c|t,2.0,2.0,5.0
2026-27,6977,Otoa,GEN,d,dc,2.0,2.0,5.0
2026-27,7413,Puczka,GEN,d,ds|e,2.0,2.0,7.0
2026-27,791,Sabelli,GEN,d,dd|ds|e,2.0,2.0,5.0
2026-27,6917,Masini,GEN,c,m|c,2.0,2.0,4.0
2026-27,6980,Venturino,GEN,c,w,2.0,2.0,6.0
2026-27,2814,Provedel,INT,p,por,2.0,2.0,5.0
2026-27,2263,Lazzari,LAZ,d,dd|e,2.0,2.0,8.0
2026-27,2728,Pellegrini Lu.,LAZ,d,ds|e,2.0,2.0,5.0
2026-27,6883,Jean,LEC,d,dc,2.0,2.0,4.0
2026-27,5457,Maleh,LEC,c,m|c,2.0,2.0,5.0
2026-27,7525,Diawara S.,MIL,d,ds|dc,2.0,2.0,4.0
2026-27,5295,Musah,MIL,c,c|w,2.0,2.0,6.0
2026-27,5880,Ciurria,MON,c,e|w,2.0,2.0,6.0
2026-27,383,Petagna,MON,a,pc,2.0,2.0,5.0
2026-27,6638,Marin R.,NAP,d,dc,2.0,2.0,6.0
2026-27,7138,Ordonez C.,PAR,c,m|c,2.0,2.0,5.0
2026-27,6219,Boloca,SAS,c,m|c,2.0,2.0,5.0
2026-27,6246,Lipani,SAS,c,m|c,2.0,2.0,5.0
2026-27,252,Biraghi,TOR,d,b|ds|e,2.0,2.0,5.0
2026-27,6925,Palma,UDI,d,dc,2.0,2.0,5.0
2026-27,5994,Ebosse,UDI,d,ds|dc,2.0,2.0,4.0
2026-27,7418,Chakvetadze,UDI,c,w|t,2.0,2.0,6.0
2026-27,7249,Buksa,UDI,a,pc,2.0,2.0,4.0
2026-27,7478,Franjic,VEN,d,b|ds|e,2.0,2.0,4.0
2026-27,6681,Sagrado,VEN,d,dd|e,2.0,2.0,4.0
2026-27,526,Duncan,VEN,c,c,2.0,2.0,4.0
2026-27,2297,Rossi F.,ATA,p,por,1.0,1.0,1.0
2026-27,4,Sportiello,ATA,p,por,1.0,1.0,1.0
2026-27,7533,Happonen,BOL,p,por,1.0,1.0,1.0
2026-27,7172,Pessina Mas.,BOL,p,por,1.0,1.0,1.0
2026-27,487,De Silvestri,BOL,d,dd|e,1.0,1.0,4.0
2026-27,4929,Ciocci,CAG,p,por,1.0,1.0,1.0
2026-27,6650,Sherri,CAG,p,por,1.0,1.0,1.0
2026-27,7346,Raterink,CAG,d,dd|e,1.0,1.0,1.0
2026-27,7165,Liteta,CAG,c,m|c,1.0,1.0,1.0
2026-27,7338,Albarracin,CAG,a,a,1.0,1.0,1.0
2026-27,7317,Trepy,CAG,a,pc,1.0,1.0,2.0
2026-27,7301,Tornqvist,COM,p,por,1.0,1.0,1.0
2026-27,2809,Vigorito,COM,p,por,1.0,1.0,1.0
2026-27,418,Goldaniga,COM,d,dc,1.0,1.0,1.0
2026-27,7407,Cuenca A.,COM,d,ds|dc,1.0,1.0,8.0
2026-27,7357,Lahdo,COM,c,c|t,1.0,1.0,1.0
2026-27,7027,Azon,COM,a,pc,1.0,1.0,1.0
2026-27,6403,Christensen O.,FIO,p,por,1.0,1.0,1.0
2026-27,158,Lezzerini,FIO,p,por,1.0,1.0,1.0
2026-27,7466,Lolic,FRO,p,por,1.0,1.0,1.0
2026-27,5424,Amey,FRO,d,dc,1.0,1.0,1.0
2026-27,7468,Gelli J.,FRO,d,dc,1.0,1.0,1.0
2026-27,7470,Oyono J.,FRO,d,dd|e,1.0,1.0,3.0
2026-27,7471,Corrado,FRO,d,ds|e,1.0,1.0,3.0
2026-27,7456,El Azzouzi A.,FRO,c,m|c,1.0,1.0,3.0
2026-27,5725,Kone B.,FRO,c,c,1.0,1.0,3.0
2026-27,219,Sommariva,GEN,p,por,1.0,1.0,1.0
2026-27,6569,Stolz,GEN,p,por,1.0,1.0,1.0
2026-27,6245,Vogliacco,GEN,d,dd|dc,1.0,1.0,2.0
2026-27,6244,Matturro,GEN,d,ds|dc,1.0,1.0,2.0
2026-27,1926,Di Gennaro,INT,p,por,1.0,1.0,1.0
2026-27,1930,Pinsoglio,JUV,p,por,1.0,1.0,1.0
2026-27,294,Rugani,JUV,d,dc,1.0,1.0,3.0
2026-27,6039,Cabal,JUV,d,b|ds|e,1.0,1.0,4.0
2026-27,7337,Motta,LAZ,p,por,1.0,1.0,1.0
2026-27,7534,Renzetti,LAZ,p,por,1.0,1.0,1.0
2026-27,327,Patric,LAZ,d,dd|dc,1.0,1.0,4.0
2026-27,6191,Belahyane,LAZ,c,m|c,1.0,1.0,5.0
2026-27,7345,Przyborek,LAZ,c,w|t,1.0,1.0,5.0
2026-27,2401,Fruchtl,LEC,p,por,1.0,1.0,1.0
2026-27,6523,Samooja,LEC,p,por,1.0,1.0,1.0
2026-27,7164,Perez M.,LEC,d,dd|dc,1.0,1.0,1.0
2026-27,7182,Ndaba,LEC,d,ds|e,1.0,1.0,4.0
2026-27,7248,Gorter,LEC,c,m|c,1.0,1.0,3.0
2026-27,6410,Kaba,LEC,c,m|c,1.0,1.0,2.0
2026-27,7319,Fofana Sa.,LEC,c,m|c,1.0,1.0,1.0
2026-27,2815,Terracciano,MIL,p,por,1.0,1.0,1.0
2026-27,6813,Torriani,MIL,p,por,1.0,1.0,1.0
2026-27,6682,Pizzignacco,MON,p,por,1.0,1.0,1.0
2026-27,7475,Strajnar,MON,p,por,1.0,1.0,1.0
2026-27,5399,Antov,MON,d,dc,1.0,1.0,2.0
2026-27,7476,Bakoune,MON,d,dd|e,1.0,1.0,4.0
2026-27,2845,Contini,NAP,p,por,1.0,1.0,1.0
2026-27,6809,Marianucci,NAP,d,dc,1.0,1.0,5.0
2026-27,5481,Mazzocchi,NAP,d,dd|ds|e,1.0,1.0,3.0
2026-27,6662,Corvi,PAR,p,por,1.0,1.0,1.0
2026-27,7202,Ndiaye,PAR,d,dc,1.0,1.0,4.0
2026-27,6149,Carboni F.,PAR,d,ds|e,1.0,1.0,3.0
2026-27,7276,Cremaschi,PAR,c,e|c,1.0,1.0,3.0
2026-27,7048,De Marzi,ROM,p,por,1.0,1.0,1.0
2026-27,610,Gollini,ROM,p,por,1.0,1.0,1.0
2026-27,7260,Ziolkowski,ROM,d,dc,1.0,1.0,2.0
2026-27,6981,Vaz,ROM,a,pc,1.0,1.0,4.0
2026-27,4518,Russo A.,SAS,p,por,1.0,1.0,1.0
2026-27,4867,Turati,SAS,p,por,1.0,1.0,3.0
2026-27,6189,Missori,SAS,d,dd|e,1.0,1.0,2.0
2026-27,7156,Pieragnolo,SAS,d,ds|e,1.0,1.0,1.0
2026-27,7157,Iannoni,SAS,c,m|c,1.0,1.0,1.0
2026-27,7158,Moro L.,SAS,a,pc,1.0,1.0,1.0
2026-27,7457,Mascardi,TOR,p,por,1.0,1.0,1.0
2026-27,5320,Paleari,TOR,p,por,1.0,1.0,1.0
2026-27,7363,Siviero,TOR,p,por,1.0,1.0,1.0
2026-27,5007,Ilic,TOR,c,c,1.0,1.0,4.0
2026-27,6889,Anjorin,TOR,c,c|t,1.0,1.0,4.0
2026-27,543,Padelli,UDI,p,por,1.0,1.0,1.0
2026-27,5707,Piana,UDI,p,por,1.0,1.0,1.0
2026-27,7356,Mlacic,UDI,d,dc,1.0,1.0,3.0
2026-27,6021,Abankwah,UDI,d,dd|dc,1.0,1.0,3.0
2026-27,7392,Camara A.,UDI,c,m|c,1.0,1.0,3.0
2026-27,6212,Zarraga,UDI,c,m|c,1.0,1.0,4.0
2026-27,7161,Bayo V.,UDI,a,pc,1.0,1.0,3.0
2026-27,6671,Grandi,VEN,p,por,1.0,1.0,1.0
2026-27,7531,Pozzi,VEN,p,por,1.0,1.0,1.0
2026-27,7454,Gomes,VEN,d,ds|dc,1.0,1.0,1.0
2026-27,5485,Bjarkason,VEN,c,e|w,1.0,1.0,3.0
2026-27,7481,Dagasso,VEN,c,c,1.0,1.0,1.0
2026-27,7408,Lisman,VEN,a,w|a,1.0,1.0,1.0
2026-27,7482,Lauberbach,VEN,a,pc,1.0,1.0,1.0
2026-27,7545,Vismara,ATA,p,por,1.0,1.0,1.0
2026-27,2127,Satalino,SAS,p,por,1.0,1.0,1.0
