giornata,squadra_casa,squadra_ospite,data_ora,squadra,player_id,nome_forum,titolare_previsto,ballottaggio_pct,indisponibile,motivo_indisponibilita,voto_consigliato,commento_voto,rigorista,tira_punizioni,tira_angoli
1,GEN,NAP,2026-08-22T18:45:00Z,GEN,7332,Bijlow,,,False,,3,"– Non sarà un match semplice, ma essendo al debutto casalingo e contro una (nuova) squadra di Allegri non ci aspettiamo un match ricco di gol e lui potrebbe anche uscirsene con un bel voto da modificatore e senza troppi malus",False,False,False
1,GEN,NAP,2026-08-22T18:45:00Z,GEN,6569,Stolz,,,False,,2,– Confermato secondo,False,False,False
1,GEN,NAP,2026-08-22T18:45:00Z,GEN,219,Sommariva,,,False,,2,– Terzo,False,False,False
1,GEN,NAP,2026-08-22T18:45:00Z,GEN,5750,Ostigard,,,False,,3,"– Il duello con Hojlund si preannuncia non facilissimo, lui non è ancora al top della condizione ma può sempre essere pericoloso in area avversaria, con un occhio ai rigori ...",True,False,False
1,GEN,NAP,2026-08-22T18:45:00Z,GEN,,Vazquez,,,False,,3,"– Anche lui non avrà vita facile, ma se dovesse essere arginato l'attacco partenopeo il primo votone da modificatore della stagione è dietro l'angolo",False,False,False
1,GEN,NAP,2026-08-22T18:45:00Z,GEN,6814,Norton-Cuffy,,,False,,2,"Al momento confermato, dietro può andare in seria difficoltà; potete evitarlo",False,False,False
1,GEN,NAP,2026-08-22T18:45:00Z,GEN,6660,Marcandalli,,,False,,2,"Il più in difficoltà tra quelli dietro, non mettetelo",False,False,False
1,GEN,NAP,2026-08-22T18:45:00Z,GEN,2593,Martin,,,False,,2,–Appare sempre ai margini del progetto,False,True,True
1,GEN,NAP,2026-08-22T18:45:00Z,GEN,7537,Mitaj,False,40,False,,2,"– approfondimento tra gli "" Sconsigliati """,False,False,False
1,GEN,NAP,2026-08-22T18:45:00Z,GEN,6977,Otoa,,,False,,2,– Ritornerà in panca dopo non aver del tutto sfigurato,False,False,False
1,GEN,NAP,2026-08-22T18:45:00Z,GEN,,Puzcka,,,False,,2,– Può subentrare ma poco altro,False,False,False
1,GEN,NAP,2026-08-22T18:45:00Z,GEN,791,Sabelli,,,False,,2,– Panchinaro e poco altro,False,False,False
1,GEN,NAP,2026-08-22T18:45:00Z,GEN,5823,Baldanzi,True,55,False,,3,"– approfondimento tra i "" Consigliati """,False,True,True
1,GEN,NAP,2026-08-22T18:45:00Z,GEN,7409,Meichtry,,,False,,3,"– Parte dalla panca, ma DDR ha confermato la sua posizione avanzata e nel precampionato ha fatto vedere davvero belle cose; occhio che anche in mezz'oretta non possa rivelarsi decisivo",False,False,False
1,GEN,NAP,2026-08-22T18:45:00Z,GEN,5946,Sow,,,False,,3,"–Porta enorme esperienza ai Grifoni, ma sarà chiamato a fare legna e limitare gli avanti partenopei",False,False,False
1,GEN,NAP,2026-08-22T18:45:00Z,GEN,6020,Ellertsson,True,80,False,,2,"– Autentico jolly, ma a questo giro per il voto e poco altro",False,False,False
1,GEN,NAP,2026-08-22T18:45:00Z,GEN,5791,Frendrup,,,False,,2,"– A proposito di legna, voto sicuro e poco altro...",False,False,False
1,GEN,NAP,2026-08-22T18:45:00Z,GEN,7341,Amorim,True,50,False,,2,"– approfondimento tra gli "" Sconsigliati """,False,True,True
1,GEN,NAP,2026-08-22T18:45:00Z,GEN,4970,Messias,,,False,,2,– Magari ... risorge??,False,True,True
1,GEN,NAP,2026-08-22T18:45:00Z,GEN,4923,Colombo,,,False,,3,"–approfondimento tra le "" Possibili Sorprese "".",True,False,False
1,GEN,NAP,2026-08-22T18:45:00Z,GEN,6164,Vitinha,False,45,False,,2,– Al limite degli sconsigliati,False,False,False
1,GEN,NAP,2026-08-22T18:45:00Z,NAP,572,Meret,,,False,,4,"Si inizia nuovamente con il campionato, e stavolta Meret pare essere ritornato in auge come il difensore numero uno della porta partenopea. L'esordio del Napoli quest'anno non è dei più semplici: si va al Ferraris di Genova, in uno stadio caldissimo, e in una trasferta che storicamente non sempre vede i ragazzi di Allegri uscire vincenti dal fortino rossoblù. Nell'ultimo decennio si sono susseguiti diversi pareggi tra le due squadre in questo specifico incontro, alcuni anche a reti inviolate, ma allo stesso tempo non si prospettano troppi malus all'orizzonte. Discrete chance per un clean sheet, ma considerando che si tratta della prima partita di Serie A, con le gambe ancora pesanti per la preparazione, c'è il rischio che ci possano essere svarioni sia da una parte che dall'altra, e la squadra di De Rossi è comunque nota per essere abbastanza propositiva in campo. A ogni modo, Meret merita una fiche in porta.",False,False,False
1,GEN,NAP,2026-08-22T18:45:00Z,NAP,2170,Milinkovic-Savic,,,False,,2,"Potrebbe essere una delle sue ultime partite, e dato che quasi sicuramente partirà titolare Meret, ci sono poche chance per una passerella. Se avete sia Meret che Milinkovic in rosa, chiaramente coprite l'italiano con il serbo.",False,False,False
1,GEN,NAP,2026-08-22T18:45:00Z,NAP,2845,Contini,,,False,,1,Terzo portiere.,False,False,False
1,GEN,NAP,2026-08-22T18:45:00Z,NAP,4409,Rrahmani,,,False,,4,"Lo chiamavano Highlander, l'ultimo immortale. Con Buongiorno, Beukema, e Marianucci fuori, toccherà al kosovaro cacciare la scienza e la grinta necessarie per trascinare la difesa partenopea. Il trio dei piccoletti rossoblù può dargli fastidio, ma la sua esperienza sarà la chiave di volta per bloccare le incursioni degli attaccanti avversari. Oltretutto, sa essere sempre un pericolo sui piazzati, motivo per il quale esistono discrete chance di vedere anche un bonus.",False,False,False
1,GEN,NAP,2026-08-22T18:45:00Z,NAP,2816,Di Lorenzo,,,False,,4,"Battesimo di fuoco nell'anno del centenario. Il capitano del Napoli è in forma, e può risultare un concreto problema per la difesa avversaria, oltre a garantire solidità e pulizia nella propria area di rigore. Ellertsson non dovrebbe stimolarlo più di tanto, per cui è probabile che possa ottenere un buon voto.",False,False,False
1,GEN,NAP,2026-08-22T18:45:00Z,NAP,1852,Spinazzola,,,False,,4,"Nuovamente sotto i riflettori dopo la cessione di Gutiérrez, il buon Leo avrà il compito di riprendere il ritmo dell'anno scorso, e di dare il suo solito apporto sulla fascia sia in fase difensiva, che soprattutto in quella offensiva. Più da bonus che non da modificatore contro il Genoa. Esiste una minima possibilità che possa partire Olivera dal primo minuto al posto suo, ma ciò non ne va a minare troppo l'indice.",False,True,True
1,GEN,NAP,2026-08-22T18:45:00Z,NAP,6638,Marín,,,False,,3,"Partner titolare di Rrahmani, il suo indice è leggermente più basso semplicemente perché non sappiamo le redazioni come lo valuteranno e se lo 'pomperanno' al pari del kosovaro; oltretutto ci sarebbe da dire che per caratteristiche Vitinha potrebbe metterlo sotto sforzo più del necessario. In ogni caso, lo spagnolo si farà trovare pronto. Scommessina di giornata.",False,False,False
1,GEN,NAP,2026-08-22T18:45:00Z,NAP,5840,Olivera,,,False,,3,"È rimasto, e come consuetudine sarà l'ombra di Spinazzola. In tal senso però, se la contenderà con Favasuli; esiste anche la possibilità che possa venire adattato da centrale al posto di Marin nel secondo tempo. A ogni modo, resta schierabile per questo turno.",False,False,False
1,GEN,NAP,2026-08-22T18:45:00Z,NAP,,Favasuli,,,False,,3,"Potrebbe già debuttare con la nuova maglia e disputare uno spezzone di gara, dando il cambio a uno tra Di Lorenzo e Spinazzola. Essendo appena arrivato però, e avendo giusto fatto qualche allenamento, potrebbe essere risparmiato.",False,False,False
1,GEN,NAP,2026-08-22T18:45:00Z,NAP,6202,Beukema,,,False,,2,"Alla fine l'infiammazione al tendine sembra essersi affievolita abbastanza, e il giocatore torna tra i convocati. Tuttavia, partirà dalla panchina e potrebbe essere adattato Olivera da centrale al suo posto. Sconsigliato puramente perché non dovrebbe portare il voto.",False,False,False
1,GEN,NAP,2026-08-22T18:45:00Z,NAP,,Garofalo,,,False,,2,Giovanissimo difensore centrale aggregato dalla Primavera per l'emergenza in difesa. Si limiterà a tifare per i suoi compagni dalla panchina.,False,False,False
1,GEN,NAP,2026-08-22T18:45:00Z,NAP,4777,McTominay,,,False,,5,"Quando è in forma, è semplicemente incontenibile. Sempre mezzala, sempre trascinatore: Allegri ha il suo uomo di fiducia. Da segnalare che nell'ultimo Genoa-Napoli è stato uno dei marcatori. Come l'anno scorso, auspichiamo che il primo gol ufficiale del Napoli fra tutte le competizioni possa essere proprio il suo.",False,True,False
1,GEN,NAP,2026-08-22T18:45:00Z,NAP,2517,De Bruyne,,,False,,4,"Non giocherà tutti e 90 i minuti, ma avrà le sue occasioni, da piazzato o non. Giocatore che nel precampionato ha iniziato a ritrovare il suo smalto, anche lui ha bagnato il suo esordio in maglia azzurra con un gol: può concedere nuovamente il bis questa stagione.",True,True,True
1,GEN,NAP,2026-08-22T18:45:00Z,NAP,7223,Vergara,,,False,,4,"Approfondimento tra le ""Possibili Sorprese"".",False,False,False
1,GEN,NAP,2026-08-22T18:45:00Z,NAP,536,Politano,,,False,,4,"Un quattro che sa più di tre e mezzo nella realtà, ma sulla fiducia glielo lasciamo come tale. Nel precampionato è stato uno dei giocatori più prolifici in zona offensiva, risultando sempre pericoloso, e ci auguriamo che il momento positivo continui anche nella trasferta di Genova.",True,True,True
1,GEN,NAP,2026-08-22T18:45:00Z,NAP,4220,Anguissa,,,False,,3,"Solito filtro in mezzo alla mediana, con licenza di staccarsi e di provare l'inserimento in area di rigore avversaria. Buon profilo per sperare in qualcosa in più di una semplice sufficienza.",False,False,False
1,GEN,NAP,2026-08-22T18:45:00Z,NAP,4287,Lobotka,,,False,,3,"Il maestro sta preparando la tournée del centenario: Lobo è pronto a dirigere la sua orchestra in mezzo al campo, il pallone come sua naturale sinfonia. 6.5 decisamente alla portata, ma non aspettatevi altro.",False,False,False
1,GEN,NAP,2026-08-22T18:45:00Z,NAP,5131,Gilmour,,,False,,3,"Pronto a dare eventualmente il cambio a Lobotka nel secondo tempo, nulla di trascendentale per questa gara.",False,False,False
1,GEN,NAP,2026-08-22T18:45:00Z,NAP,,Prisco,,,False,,2,Rischio SV. Non è questa la partita in cui vederlo all'opera.,False,False,False
1,GEN,NAP,2026-08-22T18:45:00Z,NAP,6052,Højlund,,,False,,4,"Approfondimento tra i ""Consigliati"".",False,False,False
1,GEN,NAP,2026-08-22T18:45:00Z,NAP,7351,Santos,,,False,,4,"Anche il brasiliano è tra i giocatori papabili a comparire sul tabellino: il suo estro e la sua qualità saranno armi fondamentali per disinnescare quello che con ogni probabilità sarà il fortino avversario. Soprattutto, dal suo lato Norton-Cuffy e Marcandalli possono soffrire un sacco le sue discese in profondità.",False,False,True
1,GEN,NAP,2026-08-22T18:45:00Z,NAP,7120,Lang,,,False,,3,"Il giocatore dovrebbe essere convocato per la partita, ma è chiaro che il suo nome sia inserito nella lista dei partenti, motivo per il quale non è detto che entrerà per forza in campo. Al massimo potrebbe giocare una ventina di minuti; in attesa di capire quale sarà il suo destino, non ci aspettiamo molto da lui. Resta tuttavia schierabile nel caso lo doveste avere in rosa.",False,False,False
1,GEN,NAP,2026-08-22T18:45:00Z,NAP,7162,Giovane,,,False,,3,"Potrebbe avere a disposizione uno spezzone di gara per dire la sua, consci che le chance di bonus non saranno troppo ghiotte. Tranquillamente schierabile.",True,False,False
1,GEN,NAP,2026-08-22T18:45:00Z,NAP,6215,Lucca,,,False,,3,"Capocannoniere del precampionato del Napoli, con 4 gol all'attivo. Chiaramente le amichevoli sono una cosa, e le partite ufficiali un'altra. A ogni modo, potrebbe avere l'occasione per dimostrare qualcosa, ma avrà soltanto uno spezzone a disposizione.",False,False,False
1,GEN,NAP,2026-08-22T18:45:00Z,NAP,6831,Neres,,,False,,2,"Anche il buon David torna a disposizione dopo il pesante infortunio che gli ha fatto saltare il resto della stagione: tuttavia, non avendo ritmo partita, è probabile che si sieda giusto in panchina e vi porti il SV. C'è di meglio.",False,False,False
1,FRO,JUV,2026-08-23T16:30:00Z,FRO,6415,Palmisani,,,False,,2,Portiere titolare. La partita non è semplice e un possibile clean-sheet per lui è più che un miracolo... se possibile evitare di schierarlo in questo incontro è meglio per non avere un gap negativo che potrebbe essere anche pesante,False,False,False
1,FRO,JUV,2026-08-23T16:30:00Z,FRO,7463,Desplanches,,,False,,1,Portiere di riserva,False,False,False
1,FRO,JUV,2026-08-23T16:30:00Z,FRO,4952,Monterisi,,,False,,3,"Forse l'unico difensore del Frosinone che può essere schierato in questa partita. In Coppa Italia ha giocato teoricamente come terzino, ruolo in cui si destreggiava anni fa, ma poi si è visto spesso come mezzala, inedito per lui, dove ha rischiato di trovare il gol colpendo un palo e una traversa. Ora torna al centro della difesa, ma Kolo Muani e compagni gli daranno filo da torcere.",False,False,False
1,FRO,JUV,2026-08-23T16:30:00Z,FRO,7469,Bracaglia,True,80,False,,2,"Il ballottaggio con Terzic lo vede al momento titolare, ma non sarà certamente la sua partita. Troppa differenza di qualità e tecnica tra le due squadre",False,False,False
1,FRO,JUV,2026-08-23T16:30:00Z,FRO,7467,Calvani,True,60,False,,2,"Dovrebbe trovare la maglia da titolare al centro della difesa, ma schierarlo in una formazione al fantacalcio non è consigliabile",False,False,False
1,FRO,JUV,2026-08-23T16:30:00Z,FRO,,Terzic,False,20,False,,2,"Potrebbe entrare a partita in corso o avere anche una maglia da titolare... c'è l'esperienza già passata in Serie A, ma la condizione è un'incognita al momento",False,False,False
1,FRO,JUV,2026-08-23T16:30:00Z,FRO,7540,Akpoguma,False,40,False,,2,"Nella partita di Coppa Italia ha messo in mostra tutte le sue pecche difensive. Difensore lento, ancora in ritardo di condizione e con molti limiti. Dovrebbe partire dalla panchina in questa partita",False,False,False
1,FRO,JUV,2026-08-23T16:30:00Z,FRO,5757,Cittadini,,,False,,2,RIserva,False,False,False
1,FRO,JUV,2026-08-23T16:30:00Z,FRO,7468,Ojono J.,,,False,,2,Riserva,False,False,False
1,FRO,JUV,2026-08-23T16:30:00Z,FRO,6238,Ojono A.,,,False,,1,VEDI SCONSIGLIATI,False,False,False
1,FRO,JUV,2026-08-23T16:30:00Z,FRO,7472,Calò,,,False,,3,VEDI POSSBILI SORPRESE,True,True,True
1,FRO,JUV,2026-08-23T16:30:00Z,FRO,,Schmid,,,False,,3,"Se dobbiamo provare a consigliare un giocatore in questa partita oltre a Calò, diciamo il nome dell'austriaco che rispetto al resto della squadra ha esperienza e una qualità e tecnica superiore agli altri... ma la partita come detto per altri giocatori è impegnativa",False,False,False
1,FRO,JUV,2026-08-23T16:30:00Z,FRO,5998,Zerbin,,,False,,3,"Non dovrebbe giocare titolare, ma il suo indice è 3/5 perché se dovesse entrare a partita in corso potrebbe causare qualche grattacapo alla difesa bianconera.",False,False,False
1,FRO,JUV,2026-08-23T16:30:00Z,FRO,6506,Fini,True,60,False,,2,"Ghedjemis è al centro di alcune voci di mercato e questo potrebbe portare Fini a trovare una maglia da titolare in questa partita. Ha saltato per squalifica il match di Coppa Italia, la forma sicuramente potrebbe non essere delle migliori",False,False,False
1,FRO,JUV,2026-08-23T16:30:00Z,FRO,7473,Cichella,True,60,False,,2,Nonostante il gol in Coppa Italia e la maglia da titolare nuovamente sulle spalle rimane un giocatore mediocre che va evitato in questa partita,False,False,False
1,FRO,JUV,2026-08-23T16:30:00Z,FRO,,Masini,False,40,False,,2,"Giovane centrocampista arrivato nel mercato dal Genoa, potrebbe dire la sua a partita in corso",False,False,False
1,FRO,JUV,2026-08-23T16:30:00Z,FRO,,Grillitsch,,,False,,2,"Al momento sembra solo una riserva, in dietro di condizione",False,False,False
1,FRO,JUV,2026-08-23T16:30:00Z,FRO,6903,Hasa,,,False,,2,"Ci dispiace vederlo qui in fondo, le qualità ci sono, ma in Coppa Italia ha giocato 0 minuti stranamente.... possibile un suo ingresso a partita in corso",False,False,False
1,FRO,JUV,2026-08-23T16:30:00Z,FRO,5436,Raimondo,,,False,,3,Al momento è la punta titolare della squadra essendo l'unica punta di ruolo in rosa. Non pensiamo possa arrivare al bonus in questa partita,True,False,False
1,FRO,JUV,2026-08-23T16:30:00Z,FRO,6530,Ghedjemis,False,40,False,,2,"Le qualità del giocatore non si discutono, ma potrebbe non essere della partita viste le voci insistenti del mercato e questo sta danneggiando il giocatore",False,False,False
1,FRO,JUV,2026-08-23T16:30:00Z,FRO,6204,Kvernadze,,,False,,2,"Doppietta in Coppa Italia, posto da titolare assicurato, ma dubitiamo fortemente che si possa ripetere",False,False,False
1,FRO,JUV,2026-08-23T16:30:00Z,JUV,218,Perin,True,55,False,,3,"– In linea di massima, il portiere della Juve in partite così potrebbe anche essere un 4/5. Tuttavia, non possiamo ignorare il fatto che uno dei tre portieri è arrivato in settimana, mentre gli altri due sono sul mercato. Un minimo di dubbio quantomeno sulla tenuta mentale è lecito averla.",False,False,False
1,FRO,JUV,2026-08-23T16:30:00Z,JUV,,Vicario,False,45,False,,3,– Stesso discorso fatto appena sopra per Perin.,False,False,False
1,FRO,JUV,2026-08-23T16:30:00Z,JUV,5876,Di Gregorio,,,False,,2,"– Diversamente da Perin e Vicario, lui vive una situazione più complicata. Sfiduciato, messo dichiaratamente sul mercato, è molto difficile sia vederlo in campo, sia pensare che possa affrontare la partita con tranquillità in caso di impiego. E non è nemmeno detto che vada in panchina, data la probabile cessione imminente..",False,False,False
1,FRO,JUV,2026-08-23T16:30:00Z,JUV,2788,Bremer,,,False,,4,– Vedi Consigliati .,False,False,False
1,FRO,JUV,2026-08-23T16:30:00Z,JUV,4976,Kalulu,,,False,,3,"– Fedelissimo di Spalletti la scorsa stagione, ci aspettiamo che la musica non cambi. Tranquillamente schierabile per il vostro modificatore.",False,False,False
1,FRO,JUV,2026-08-23T16:30:00Z,JUV,4657,Celik,,,False,,3,"– Dovrebbe partire dalla panchina, ma un suo ingresso è comunque probabile. Al netto di sorprese, pure lui rimane interessante per il modificatore.",False,False,False
1,FRO,JUV,2026-08-23T16:30:00Z,JUV,5520,Cambiaso,,,False,,3,"– Le aspettative sono decisamente più contenute rispetto all'inizio della scorsa stagione, ma ci aspettiamo che il ragazzo si riprenda. Contro il Frosinone, almeno sulla carta, è schierabile.",False,False,True
1,FRO,JUV,2026-08-23T16:30:00Z,JUV,,Lucumì,False,45,False,,3,"– Appena arrivato a Torino, non è quindi detto che giochi subito da titolare. In ogni modo, Spalletti sembra avere fiducia sull'ex Bologna. Può andare bene per un discreto voto da modificatore, ma senza aspettative su eventuali bonus.",False,False,False
1,FRO,JUV,2026-08-23T16:30:00Z,JUV,6766,Kelly,True,60,False,,3,"– Diciamo che potremmo definirlo un ""Lucumì-bis"", nel senso che uno tra loro due farà da spalla a Bremer al centro della difesa bianconera. Tuttavia, Kelly ha un'appetibilità leggermente più bassa, in quanto dovrebbe essere il colombiano il preferito da Spalletti (se non per questa partita, in generale per il medio-lungo periodo). Potete quindi schierarlo, ma non è detto che giochi e, in generale, al massimo aspettatevi un discreto voto.",False,False,False
1,FRO,JUV,2026-08-23T16:30:00Z,JUV,5831,Gatti,,,False,,2,"– Nemmeno in balottaggio e scivolato ormai in fondo alle gerarchie. Dovesse entrare, lo farebbe nei minuti finali e solo in caso di necessità.",False,False,False
1,FRO,JUV,2026-08-23T16:30:00Z,JUV,6039,Cabal,,,False,,2,– Dichiaratamente sul mercato. Giocherà solo in caso di emergenza o necessità.,False,False,False
1,FRO,JUV,2026-08-23T16:30:00Z,JUV,294,Rugani,,,False,,1,"– Lo inseriamo solo perché tecnicamente è ancora in rosa, ma è totalmente inutile e potrebbe anche non essere tra i convocati.",False,False,False
1,FRO,JUV,2026-08-23T16:30:00Z,JUV,6884,Conceicao,,,False,,4,– Vedi Consigliati .,False,True,True
1,FRO,JUV,2026-08-23T16:30:00Z,JUV,4973,McKennie,,,False,,3,"– Ci potrebbe tranquillamente anche stare il 4/5, ma considerando che c'è il rischio che giochi in mediana, e che quindi possa avere meno possibilità di incidere, ci limitiamo a dire che è sicuramente schierabile e fossimo in voi comunque lo prenderemmo tranquillamente in condiderazione.",False,False,False
1,FRO,JUV,2026-08-23T16:30:00Z,JUV,7436,Alajbegovic,False,45,False,,3,– Vedi Possibili sorprese .,False,False,False
1,FRO,JUV,2026-08-23T16:30:00Z,JUV,4911,Douglas Luiz,True,55,False,,3,"– Ottimo pre-campionato; ha stupito tutti, Spalletti compreso, e alla fine è stato tolto dal mercato. Giocherà in mediana, quindi l'apporto fantacalcistico rimane limitato, ma può essere schierato con una certa tranquillità, quantomeno per un discreto voto.",False,False,False
1,FRO,JUV,2026-08-23T16:30:00Z,JUV,827,Locatelli,,,False,,3,"– Lo sapete: bonus neanche l'ombra (al netto del classico unico goal che porta ogni anno), ma potete contare su titolarità e voti medio-alti.",True,True,False
1,FRO,JUV,2026-08-23T16:30:00Z,JUV,5562,Thuram,,,False,,3,"– Ha saltato quasi tutta la preparazione per un problema fisico. Dovrebbe partire dalla panchina e non è detto che entri. Volendo, potete anche schierarlo se siete ben coperti, ma senza particolari aspettative.",False,False,False
1,FRO,JUV,2026-08-23T16:30:00Z,JUV,5761,Zhegrova,,,False,,2,"– Difficile dargli un indice superiore, perché parte dietro nelle gerarchie ai nastri di partenza e, con l'arrivo di Alajbegovic, aumenta la concorrenza. Potrebbe anche non entrare, o farlo giusto per portare una mera sufficienza. Tuttavia, ci sono alcuni aspetti che possiamo sottolineare in positivo: fisicamente è sano (a differenza della prima parte della scorsa stagione) e nelle amichevoli pre-stagionali ha mostrato qualche colpo interessante. Aspettatevi al massimo un subentro, ma un occhio curioso continuiamo ad averlo (però per il futuro, non tanto per questa partita).",False,False,False
1,FRO,JUV,2026-08-23T16:30:00Z,JUV,5813,Miretti,,,False,,2,"– Minutaggio inpronosticabile. Magari entra e segna giocando 3 minuti, magari nemmeno entra. Il recupero tattico di Douglas Luiz e l'arrivo di Alajbegovic gli chiudono ulteriormente opzioni di minutaggio.",False,False,False
1,FRO,JUV,2026-08-23T16:30:00Z,JUV,5685,Koopmeiners,,,False,,2,– Vedi Sconsigliati .,False,True,True
1,FRO,JUV,2026-08-23T16:30:00Z,JUV,5951,Kolo Muani,,,False,,4,"– Col gruppo ormai da 20 giorni, si è fatto buona parte della preparazione con Spalletti e sarà lui a guidare l'attacco bianconero. Non è un goleador di razza, e la preparazione non è stata sfavillante, ma sarà il fulcro offensivo della Juve e probabile rigorista. Contro una neo-promossa si mette.",True,False,False
1,FRO,JUV,2026-08-23T16:30:00Z,JUV,6434,Yildiz,,,False,,4,"– Potrebbe non essere in forma smagliante, in virtù dei problemi fisici che ha avuto per buona parte dell'estate. Tuttavia, sembra essere pienamente ristabilito e rimane il giocatore di maggior talento della rosa.",True,True,True
1,FRO,JUV,2026-08-23T16:30:00Z,JUV,2832,Boga,,,False,,3,"– Probabile subentro, anche perché Yildiz probabilmente non farà più di 70', soprattutto se la partita si mette bene per la Juve. Utile se ha gli spazi per spaccare la partita.",False,False,False
1,FRO,JUV,2026-08-23T16:30:00Z,JUV,5544,David,,,False,,2,– Vedi Sconsigliati .,True,False,False
1,FRO,JUV,2026-08-23T16:30:00Z,JUV,,Milik,,,False,,2,"– Gli si vuole bene, ma fantacalcisticamente non ha più molto senso...",False,False,False
1,ROM,FIO,2026-08-24T18:45:00Z,ROM,5841,Svilar,,,False,,4,"Partita interessante per il portiere giallorosso: la Roma parte con i favori del pronostico e, soprattutto all’Olimpico, ci aspettiamo una squadra aggressiva ma potenzialmente esposta alle ripartenze. Buon profilo da clean sheet e da modificatore, anche se Kean e i suoi compagni di reparto rappresentano una minaccia concreta.",False,False,False
1,ROM,FIO,2026-08-24T18:45:00Z,ROM,610,Gollini,,,False,,1,"Riserva di Svilar, pertanto siederà in panchina.",False,False,False
1,ROM,FIO,2026-08-24T18:45:00Z,ROM,7048,De Marzi,,,False,,1,Terzo portiere.,False,False,False
1,ROM,FIO,2026-08-24T18:45:00Z,ROM,7181,Wesley,True,80,False,,4,"Reduce dai postumi di una distorsione alla caviglia che non gli ha permesso di scendere in campo nell'amichevole contro il Borussia Dortmund, l'esterno brasiliano è rientrato in gruppo nella giornata di mercoledì svolgendo parte dell'allenamento con il resto della squadra. Fisicamente non è ancora al 100% ma non dovrebbero esserci problemi nel vederlo in campo a partire dal 1', con il desiderio di concedere un bis dell'esordio stagionale avvenuto nello scorso campionato.",False,False,False
1,ROM,FIO,2026-08-24T18:45:00Z,ROM,2296,Mancini,,,False,,4,"Approfondimento tra i ""Consigliati""",False,False,False
1,ROM,FIO,2026-08-24T18:45:00Z,ROM,4317,N'Dicka,,,False,,3,"Meno appetibile di Mancini in termini di bonus ma interessante per il voto. Dovrà soprattutto gestire la fisicità di Kean e coprire le transizioni. Da sufficienza, con upside limitato sui bonus.",False,False,False
1,ROM,FIO,2026-08-24T18:45:00Z,ROM,4807,Hermoso,,,False,,3,"Il ballottaggio con Koulierakis è ancora da monitorare. Se parte titolare, è lecito aspettarsi una prestazione abbastanza pulita ma va chiarito che a livello fantacalcistico è il profilo che salta meno all'occhio nel pacchetto difensivo giallorosso.",False,False,False
1,ROM,FIO,2026-08-24T18:45:00Z,ROM,,Molina,,,False,,3,"È uno dei giallorossi che stuzzica maggiormente. Il ruolo di esterno a tutta fascia di Gasperini gli offre campo e possibilità di arrivare sul fondo. Le possibilità di bonus ci sono, ma occhio alla fase difensiva del nazionale argentino: in caso di sconfitta, potrebbe bagnare con un'insufficienza il suo debutto in maglia giallorossa.",False,False,False
1,ROM,FIO,2026-08-24T18:45:00Z,ROM,7529,Koulierakis,,,False,,3,"Ipotizziamo una sua partenza dalla panchina, ma attenzione a questo ragazzone greco che ha tutte le carte in regola per contendere in maniera attiva il terzo e ultimo posto disponibile nella retroguardia giallorossa.",False,False,False
1,ROM,FIO,2026-08-24T18:45:00Z,ROM,6986,Rensch,False,20,False,,3,"In possibile ballottaggio, come spiegato nella sezione apposita. Il consiglio che possiamo darvi è quello di schierarlo con dovuta copertura, fermo restando che non sarebbe un delitto valutare alternative.",False,False,False
1,ROM,FIO,2026-08-24T18:45:00Z,ROM,6631,Ghilardi,,,False,,2,"Resta pur sempre schierabile ma difficilmente andrà a voto in questa partita, a meno di imprevisti per quanto riguarda la prestazione di Mancini.",False,False,False
1,ROM,FIO,2026-08-24T18:45:00Z,ROM,7260,Ziolkowski,,,False,,2,"Stesso discorso appena fatto con Ghilardi, cambiando il soggetto degli imprevisti con N'Dicka.",False,False,False
1,ROM,FIO,2026-08-24T18:45:00Z,ROM,5589,Koné,,,False,,4,"Il ritorno del francese è molto importante per gli equilibri tattici della squadra; fantacalcisticamente, però, sappiamo che il bonus sia una chimera. Può garantire un ottimo voto grazie alla sua capacità di accompagnare il gioco e recuperare palloni senza troppa fatica, ma non è il giocatore su cui puntare se si cerca il +3 (lieti di venir smentiti a partire proprio da quest'anno).",False,False,False
1,ROM,FIO,2026-08-24T18:45:00Z,ROM,779,Cristante,,,False,,3,"Approfondimento tra le ""Possibili sorprese""",False,False,False
1,ROM,FIO,2026-08-24T18:45:00Z,ROM,,Mora,,,False,,3,"Un solo allenamento con i compagni e tanta attenzione mediatica concentrata sul suo acquisto: potrebbe volare sulle ali dell’entusiasmo come molti fantallenatori sparsi in tutta Italia, ma continuo a suggerire di ponderare i rilanci per tutti quei giocatori che si apprestano a calcare i palcoscenici della Serie A per la prima volta in carriera, considerando la giovane età e il campionato di provenienza. Probabile debutto a gara in corso, pronto a scoprire insieme a voi le qualità di questo giovane talento.",False,False,False
1,ROM,FIO,2026-08-24T18:45:00Z,ROM,6190,Pisilli,,,False,,3,"Il fatto che la Roma abbia rifiutato ogni offerta per questo ragazzo è indicativo sul perché Pisilli rappresenti il futuro della Roma: si sacrifica sempre tanto per la squadra, di conseguenza il buon voto è sempre alla sua portata.",False,False,False
1,ROM,FIO,2026-08-24T18:45:00Z,ROM,6271,El Aynaoui,,,False,,3,"I tifosi e i fantallenatori si aspettano tanto da lui e le qualità per incidere a partita in corso non gli mancano: di conseguenza, non sarebbe poi così sbagliato pensare di schierarlo.",False,False,False
1,ROM,FIO,2026-08-24T18:45:00Z,ROM,5585,Malen,,,False,,4,"Dopo aver praticamente dominato il gioco del Fantacalcio disputando solo il girone di ritorno dello scorso campionato, si presenta all’inizio di questa stagione come secondo giocatore in ordine di quotazione sul listone: mantenere la media realizzativa dello scorso anno, proiettandola sullo svolgimento dell’intero campionato, non sarà affatto semplice ma l’attaccante olandese ha tutte le carte in regola per riconfermare quantomeno i numeri registrati qualche mese fa.",True,True,False
1,ROM,FIO,2026-08-24T18:45:00Z,ROM,309,Dybala,,,False,,4,"Approfondimento tra i ""Consigliati""",True,True,True
1,ROM,FIO,2026-08-24T18:45:00Z,ROM,5734,Soulé,,,False,,3,"L’arrivo di Mora e le sirene di mercato potrebbero non regalargli la tranquillità giusta per gestire al meglio il via della stagione, anche se una situazione del genere potrebbe dargli la motivazione giusta per mostrare a se stesso e all’allenatore di meritare il posto in questa squadra. Con una pubalgia (per ora) messa alle spalle, è arrivato il momento per Mati di riprendere per mano questa Roma.",True,True,True
1,ROM,FIO,2026-08-24T18:45:00Z,ROM,6572,Castro,,,False,,3,"Da un debutto all’altro, anche la gara di Castro potrebbe coincidere con la sua prima esperienza ufficiale in maglia giallorossa. Arrivato dal mercato estivo come prima alternativa in attacco per Malen, l’attaccante argentino è pronto a fare il suo ingresso in campo nel corso della ripresa: in base all’esito della partita, capiremo se in sostituzione dell’attaccante olandese o come suo compagno di reparto.",False,False,False
1,ROM,FIO,2026-08-24T18:45:00Z,ROM,6981,Vaz,,,False,,2,"Resta schierabile se avete la possibilità di sprecare una sostituzione in questa maniera; in alternativa, il suo voto resta più probabile come esperimento per far in modo di poter dare il cambio a uno dei due interpreti posizionati sulle fasce.",False,False,False
1,ROM,FIO,2026-08-24T18:45:00Z,FIO,2521,De Gea,,,False,,2,"Voto basso non tanto per il suo rendimento, quanto per la forza della squadra avversaria e per una difesa che è apparsa ancora un po' da registrare. 1-2 gol subiti sono probabilmente da mettere in conto, anche se potrebbe comunque portare un voto sufficiente in ottica modificatore.",False,False,False
1,ROM,FIO,2026-08-24T18:45:00Z,FIO,6403,Christensen,,,False,,2,"Secondo portiere, giocherà solo in caso di problemi per De Gea",False,False,False
1,ROM,FIO,2026-08-24T18:45:00Z,FIO,158,Lezzerini,,,False,,1,Terzo portiere.,False,False,False
1,ROM,FIO,2026-08-24T18:45:00Z,FIO,5365,Dragusin,,,False,,3,"Sembra stare bene e probabilmente spetterà a lui guidare la difesa. Inutile dire che sarà una gara complessa contro un attacco di grande qualità come quello giallorosso, ma se c'è qualcuno che può strappare una sufficienza potrebbe essere lui. Sempre pericoloso anche sui piazzati offensivi grazie alla sua presenza in area avversaria.",False,False,False
1,ROM,FIO,2026-08-24T18:45:00Z,FIO,7175,Joao Mario,True,60,False,,3,"Dovrebbe essere scelto di nuovo lui dall'inizio e pensiamo che possa offrire una prestazione positiva grazie alla sua capacità nelle due fasi, anche se dovrà fronteggiare un giocatore importante come Wesley.",False,False,False
1,ROM,FIO,2026-08-24T18:45:00Z,FIO,7294,Valdepenas,,,False,,2,"Subito un banco di prova importante per il giovane spagnolo, che dovrà dimostrare di poter reggere i ritmi e il tatticismo della Serie A. L'avversario non è dei migliori, per questa prima gara vi consigliamo di guardare altrove.",False,False,False
1,ROM,FIO,2026-08-24T18:45:00Z,FIO,6531,Jimenez,False,40,False,,2,"Pensiamo che non sarà titolare, ma che avrà dello spazio a disposizione a gara in corso. Il rischio però è che ci sia poco tempo per incidere e che possa portare al massimo una sufficienza striminzita.",False,False,False
1,ROM,FIO,2026-08-24T18:45:00Z,FIO,4378,Ranieri,True,60,False,,2,"Vedi "" Sconsigliati "".",False,False,False
1,ROM,FIO,2026-08-24T18:45:00Z,FIO,7410,Viery,False,25,False,,2,"Non lo vediamo pronto per essere schierato dal 1', tantomeno contro un giocatore di qualità come Malen. Lasciatelo fuori.",False,False,False
1,ROM,FIO,2026-08-24T18:45:00Z,FIO,5603,Pongracic,False,15,False,,2,"Poche chance di vederlo in campo, rischia di essere uno slot sprecato e - anche se dovesse giocare - non siamo ottimisti su di lui.",False,False,False
1,ROM,FIO,2026-08-24T18:45:00Z,FIO,5885,Dodò,,,False,,1,"A breve potrebbe lasciare il club, difficile che venga impiegato.",False,False,False
1,ROM,FIO,2026-08-24T18:45:00Z,FIO,,Kospo,,,False,,1,"Ultima riserva in difesa, non dovrebbe giocare.",False,False,False
1,ROM,FIO,2026-08-24T18:45:00Z,FIO,6908,Atta,False,30,True,Affaticamento Muscolare - In dubbio per la 1^ giornata,4,"Vedi "" Consigliati "".",False,False,False
1,ROM,FIO,2026-08-24T18:45:00Z,FIO,5800,Gudmundsson,True,50,False,,3,"Da trequartista sta trovando prestazioni più convincenti e sembra che possa avere un ruolo in squadra. Chiaramente la gara non si prospetta semplice, ma parliamo comunque di un giocatore che agisce in trequarti e che dovrebbe incaricarsi di rigori e altri piazzati. Listato centrocampista si può schierare, se lo avete come attaccante diventa un 2/5.",True,True,True
1,ROM,FIO,2026-08-24T18:45:00Z,FIO,6294,Ndour,,,False,,3,"Vedi tra le "" Possibili sorprese """,False,False,False
1,ROM,FIO,2026-08-24T18:45:00Z,FIO,7078,Mastantuono,False,20,False,,3,"Vedi tra le "" Possibili sorprese """,False,True,False
1,ROM,FIO,2026-08-24T18:45:00Z,FIO,4465,Fagioli,,,False,,3,"Al centro di continue voci di mercato, ma la nostra sensazione è che possa restare e vivere una stagione da protagonista. In attesa dell'inserimento di Inao Oulai avrà lui in mano le chiavi del centrocampo e crediamo che possa offrire una prova sufficiente.",False,True,True
1,ROM,FIO,2026-08-24T18:45:00Z,FIO,4947,Brescianini,True,50,False,,2,"Grosso potrebbe confermarlo titolare in posizione di mezzala sinistra, ma rischia di perdersi nel traffico del centrocampo giallorosso e di essere costretto a una gara soprattutto di contenimento. Non è uno sconsigliato assoluto ma pensiamo che difficilmente potrà andare oltre un 6.",False,False,False
1,ROM,FIO,2026-08-24T18:45:00Z,FIO,7464,Inao Oulai,,,False,,2,"Il giovane mediano probabilmente avrà a disposizione solo uno spezzone, ma non è un profilo fantacalcistico quindi non pensiamo abbia tanto da dire in questa gara.",False,False,False
1,ROM,FIO,2026-08-24T18:45:00Z,FIO,6206,Fabbian,,,False,,2,"Potrebbe toccargli al massimo uno spezzone. Grosso non sembra vederlo più di tanto, aspettiamo segnali di ripresa prima di prenderlo in considerazione.",False,False,False
1,ROM,FIO,2026-08-24T18:45:00Z,FIO,1933,Mandragora,,,True,Sciatalgia - In dubbio per la 1^ giornata,1,"Si sta portando appresso qualche acciacco e non sappiamo neanche se sarà a disposizione. Non crediamo comunque che si vorrà rischiare con lui, data anche l'abbondanza nel reparto. Difficile pensare che giochi.",False,False,True
1,ROM,FIO,2026-08-24T18:45:00Z,FIO,2097,Kean,,,False,,3,Le voci di mercato - come probabilmente tutti sapete - saranno vivissime fino a lunedì e per questo non azzardiamo un 4/5. Ma al tempo stesso sappiamo che se Moise sarà regolarmente in campo potrà dire la sua agendo da terminale offensivo principale della manovra viola e sarà il primo candidato ad andare in gol se la Fiorentina dovesse riuscire a finalizzare.,True,False,False
1,ROM,FIO,2026-08-24T18:45:00Z,FIO,,Pellegrino,,,False,,2,"Probabile debutto a gara in corso per l'argentino, vedremo se saprà subito farsi valere, seppur in una gara non facile. Per il momento andiamoci cauti.",True,False,False
1,ROM,FIO,2026-08-24T18:45:00Z,FIO,,Croci,,,False,,2,Il giovanissimo talento della primavera sarà probabilmente aggregato alla squadra e chissà che non possa ritagliarsi uno spezzone e il suo esordio in Serie A.,False,False,False
1,PAR,CAG,2026-08-22T18:45:00Z,PAR,6662,Corvi,True,80,False,,3,È in netto vantaggio su Daffara per partire titolare all'esordio in campionato. La squadra è amcora alla ricerca di un assetto definitivo dopo gli ultimi movimenti di mercato e per questo il suo appeal può essere leggermente inferiore. Rimane schierabile,False,False,False
1,PAR,CAG,2026-08-22T18:45:00Z,PAR,7411,Daffara,False,20,False,,2,"Secondo portiere, ha poche possibilità di partire titolare essendo anche rientrato da poco da un infortunio",False,False,False
1,PAR,CAG,2026-08-22T18:45:00Z,PAR,,Mazzocchi,,,False,,2,Terzo portiere che è in forza alla Primavera,False,False,False
1,PAR,CAG,2026-08-22T18:45:00Z,PAR,6664,Del Prato,,,False,,3,"il capitano è un giocatore che sbaglia poco. Dovrebbe agire da terzino ma vista la cessione di Circati di un paio di giorni fa, non è da escludere del tutto un impiego da centrale",False,False,False
1,PAR,CAG,2026-08-22T18:45:00Z,PAR,5862,Valeri,,,False,,3,È migliorato in fase difensiva ma ha dato troppo poco offendivamente rispetto all'anno precedente.,True,True,True
1,PAR,CAG,2026-08-22T18:45:00Z,PAR,7235,Troilo,,,False,,3,L'argentino giocherà al centro della difesa ed è un buon saltatore sui piazzati. Occhio però ai cartellini,False,False,False
1,PAR,CAG,2026-08-22T18:45:00Z,PAR,5307,Valenti,True,60,False,,2,"Con la partenza di Circati, in attesa del mercato, toccherà probabilmente a lui partire titolare. Rimane viva l'opzione Ndiaye ma l'argentino sembra favorito seppur non sia un giocatore del tutto affidabile",False,False,False
1,PAR,CAG,2026-08-22T18:45:00Z,PAR,6149,Carboni,,,False,,2,"Nonostante un ottimo precampionato, non sembra esserci la possibilità di scalare le gerarchie",False,False,False
1,PAR,CAG,2026-08-22T18:45:00Z,PAR,7202,Ndiaye,False,40,False,,2,"È stato uno dei peggiori della scorsa stagione e questo ritiro non ha fatto cambiare giudizio sul ragazzo, sperando di sbagliarmi",False,False,False
1,PAR,CAG,2026-08-22T18:45:00Z,PAR,,Drobnic,,,False,,1,"Centrale emerso dalla Primavera, è l'ultima scelta in difesa",False,False,False
1,PAR,CAG,2026-08-22T18:45:00Z,PAR,6666,Bernabè,,,False,,3,Il nuovo corso tattico intrapreso quest'anno dovrebbe favorire le sue qualità tecniche. Non è ancora al 100% della condizione allenandosi in gruppo soltanto da un paio di settimane a causa di un infortunio rimediato nel finire della stagione scorsa,True,True,True
1,PAR,CAG,2026-08-22T18:45:00Z,PAR,6898,Keita,True,70,False,,3,"Giocatore fondamentale per gli equilibri della squadra, purtroppo non ha grande appeal a causa dei rari bonus. Se vi accontentate di un voto certo, allora ok, se invece cercate bonus lasciate perdere",False,False,False
1,PAR,CAG,2026-08-22T18:45:00Z,PAR,7209,Sorensen,False,20,False,,2,"Il voto mi aspetto che lo possa portare, ma forse è più facile un ingresso nel secondo tempo che una partenza dall'inizio",False,False,False
1,PAR,CAG,2026-08-22T18:45:00Z,PAR,7138,Ordonez,False,30,False,,2,"È in ballottaggio con Konate e Sorensen, voto probabile ma appeal minimo",False,False,False
1,PAR,CAG,2026-08-22T18:45:00Z,PAR,7276,Cremaschi,,,True,Ritardo di condizione - In dubbio,2,È rientrato in gruppo dopo un'estate passata a recuperare dal problema al ginocchio. Difficilmente sarà impiegato,False,False,False
1,PAR,CAG,2026-08-22T18:45:00Z,PAR,6207,Almqvist,False,30,False,,2,"Potrebbe giocare come esterno destro, i 3 gol segnati in 3 stagioni in Italia, riassumono bene il tipo di impatto che può avere..",False,False,False
1,PAR,CAG,2026-08-22T18:45:00Z,PAR,,Konate,True,50,False,,2,"Approfondimento tra gli ""Sconsigliati""",False,False,False
1,PAR,CAG,2026-08-22T18:45:00Z,PAR,6229,Touré,,,False,,4,"Approfondimento tra i ""Consigliati""",True,False,False
1,PAR,CAG,2026-08-22T18:45:00Z,PAR,,Lontani,True,70,False,,3,"Approfondimento tra le ""Possibili Sosprese""",False,False,False
1,PAR,CAG,2026-08-22T18:45:00Z,PAR,7213,Frigan,True,70,False,,2,"Approfondimento tra gli ""Sconsigliati""",False,False,False
1,PAR,CAG,2026-08-22T18:45:00Z,PAR,7536,Diallo,False,30,False,,2,È una scommessa interessante ma tutta da testare a questi livelli. Mi aspetto possa giocare uno spezzone a gara in corso,False,False,False
1,PAR,CAG,2026-08-22T18:45:00Z,PAR,,Romero,,,True,Problemi con il visto In dubbio,2,"La sua presenza è in forte dubbio, in quanto dopo la firma con il Parma é dovuto rientrare in Argentina per problemi burocratici per il visto e praticamente non si è ancora allenato con squadra. Semmai dovesse rientrare in tempo potrebbe giocare qualche minuto in caso di necessità",False,False,False
1,PAR,CAG,2026-08-22T18:45:00Z,PAR,,De Martis,,,False,,2,"Attaccante argentino del 2008 arrivato in settimana. Non è ancora chiaro se sarà aggregato alla Prima Squadra o la Primavera. Con le presenze di. Elphege e Romero fortemente a rischio, potrebbe entrare tra i convocati e chissà..",False,False,False
1,PAR,CAG,2026-08-22T18:45:00Z,PAR,,Zouin,,,True,Voci di mercato - In dubbio,1,In alcune redazioni non è stato neanche inserito. È arrivato da pochissimo ma circolano voci di un possibile prestito altrove,False,False,False
1,PAR,CAG,2026-08-22T18:45:00Z,CAG,4360,Caprile,,,False,,4,"Approfondimento tra i ""Consigliati""",False,False,False
1,PAR,CAG,2026-08-22T18:45:00Z,CAG,6650,Sherri,,,False,,2,Secondo portiere.,False,False,False
1,PAR,CAG,2026-08-22T18:45:00Z,CAG,,Radunovic,,,False,,1,Terzo portiere,False,False,False
1,PAR,CAG,2026-08-22T18:45:00Z,CAG,5701,Obert,,,False,,3,"Approfondimento tra i ""Consigliati""",False,True,True
1,PAR,CAG,2026-08-22T18:45:00Z,CAG,7274,Ze Pedro,,,False,,3,"Usato sicuro in difesa, sai che difficilmente porterà bonus, ma sai anche che difficilmente meriterà un'insufficienza.",False,False,False
1,PAR,CAG,2026-08-22T18:45:00Z,CAG,7532,Kofler,False,30,False,,3,"Potrebbe giocare se Deiola non dovesse essere al meglio della condizione, sempre per lo stesso motivo potrebbe entrare a partita in corso. Giovane, ma abbastanza affidabile.",False,False,False
1,PAR,CAG,2026-08-22T18:45:00Z,CAG,7268,J.Rodriguez,,,False,,3,"Titolare sul centro-sinistra, alta possibilità di malus per il suo modo di giocare, ha però giocato un buon pre-campionato, potrebbe ripetersi sabato.",False,False,False
1,PAR,CAG,2026-08-22T18:45:00Z,CAG,4461,Zappa,,,False,,3,"Potrebbe entrare dalla panchina in caso di necessità, nessuna controindicazione.",False,False,False
1,PAR,CAG,2026-08-22T18:45:00Z,CAG,,Aurelio,,,False,,2,Difficilmente andrà a voto.,False,False,False
1,PAR,CAG,2026-08-22T18:45:00Z,CAG,4210,Mina,False,20,False,,2,"Non dovrebbe giocare, nel caso in cui dovesse farlo, meglio lasciarlo in panchina perchè quando non è in forma fa solo danni.",True,False,False
1,PAR,CAG,2026-08-22T18:45:00Z,CAG,6010,Fazzini,,,False,,3,"Attualmente forse il più appetibile al fantacalcio tra i centrocampisti sardi. Se viene confinato sulla sinistra perde un po' di efficacia, ma è il principale battitore di tutti i calci da fermo, e può trovare l'imbucata in qualsiasi momento.",False,True,True
1,PAR,CAG,2026-08-22T18:45:00Z,CAG,6640,Felici,,,False,,3,"Dopo Fazzini è quello che potenzialmente ha più bonus in canna, entrerà nella ripresa per sfruttare gli spazi aperti, non è ancora nel pieno della forma, ma un pensierino a lui si può sempre fare.",False,False,False
1,PAR,CAG,2026-08-22T18:45:00Z,CAG,1871,Deiola,True,50,False,,3,"Il 3 è solo perchè anche per sabato potrebbe anche essere il rigorista (dubito, ma una percentuale di possibilità c'è). Per il resto è un centrocampista che gioca in difesa.",False,False,False
1,PAR,CAG,2026-08-22T18:45:00Z,CAG,7311,Romano,,,False,,3,"Si è dimostrato un 2005 che può tranquillamente giocare in serie A, dinamico, ambidestro, visione di gioco. Gli manca l'ultimo passaggio, per questo al momento sembrerebbe utile solo per il voto.",False,True,True
1,PAR,CAG,2026-08-22T18:45:00Z,CAG,4260,Winks,,,False,,3,"Tipico regista che gioca ad un tocco e si fa vedere raramente in area avversaria. Mette ordine, poco utile al fantacalcio.",False,False,False
1,PAR,CAG,2026-08-22T18:45:00Z,CAG,4870,Adopo,,,False,,2,"Sconsigliato perchè in quella posizione ci sembra un pesce fuor d'acqua, poi l'impegno che mette in campo è fuori discussione.",False,False,False
1,PAR,CAG,2026-08-22T18:45:00Z,CAG,6424,Prati,,,False,,2,Potrebbe andare a voto perchè Winks non ha i 90 minuti nelle gambe. Mai stato utile al fantacalcio.,False,False,False
1,PAR,CAG,2026-08-22T18:45:00Z,CAG,7374,Mendy,True,50,False,,3,"Pre-campionato con alti e bassi, ha colpi importanti, ma è solo un 2007, deve crescere tanto. Non è sconsigliato, ma forse non è la partita ideale per schierarlo.",False,False,False
1,PAR,CAG,2026-08-22T18:45:00Z,CAG,4896,Maldini,,,False,,3,"Approfondimento tra le ""Possibili Sorprese""",True,False,False
1,PAR,CAG,2026-08-22T18:45:00Z,CAG,,Kevin Carlos,False,20,False,,2,"Ha iniziato a lavorare in gruppo solo questa settimana, potrebbe entrare nella ripresa, ma non è detto basti per prendere il voto. Considerando non sia ancora al top della forma e vista anche la tipologia di partita, aspettate a schierarlo.",True,False,False
1,PAR,CAG,2026-08-22T18:45:00Z,CAG,6598,Mutandwa,,,False,,2,"Pisacane non lo vede tantissimo, il voto non è certo.",False,False,False
1,PAR,CAG,2026-08-22T18:45:00Z,CAG,6243,Borrelli,False,30,False,,2,"Approfondimento tra gli ""Sconsigliati""",False,False,False
1,PAR,CAG,2026-08-22T18:45:00Z,CAG,,Alberracìn,,,False,,2,Molto difficile possa portare il voto.,False,False,False
1,VEN,LEC,2026-08-23T16:30:00Z,VEN,6248,Stankovic,,,False,,4,"Approfondimento tra i "" Consigliati """,False,False,False
1,VEN,LEC,2026-08-23T16:30:00Z,VEN,,Montipò,,,False,,2,Secondo portiere,False,False,False
1,VEN,LEC,2026-08-23T16:30:00Z,VEN,6671,Grandi,,,False,,2,Terzo portiere,False,False,False
1,VEN,LEC,2026-08-23T16:30:00Z,VEN,6821,Hainaut,,,False,,4,"Approfondimento tra le "" Possibili sorprese """,False,False,False
1,VEN,LEC,2026-08-23T16:30:00Z,VEN,4845,Correia,False,35,False,,3,"Non un grande portatore di bonus durante la sua carriera tra Portogallo e Spagna ma con lui sul terreno di gioco, la manovra è molto più fluida e gode delle sue qualità in fase di palleggio e costruzione. Può essere una scommessa interessante in questa giornata, consapevoli che potrebbe incidere davanti ma potrebbe concedere qualcosa in fase difensiva.",False,False,False
1,VEN,LEC,2026-08-23T16:30:00Z,VEN,5695,Haps,False,35,False,,3,"Visto lo stato di forma dei possenti centrali difensivi arancioneroverdi, Stroppa potrebbe adattarlo a braccetto difensivo e sfruttare la sua maggiore brillantezza atletica dovuta ad una struttura fisica più minuta rispetto agli altri sopracitati. Rimane, comunque, viva l'ipotesi di un suo schieramento da quinto di centrocampo e, quindi, contro questo Lecce che non sembra avere grandi armi offensive sulle quali puntare, potete considerarlo schierabile a prescindere dalla collocazione in campo.",False,False,False
1,VEN,LEC,2026-08-23T16:30:00Z,VEN,6681,Sagrado,,,False,,3,"Dovrebbe subentrare nel secondo tempo anche se, probabilmente, con un minutaggio limitato. Contro questo avversario è comunque schierabile, nelle ultime uscite ha contribuito con un buon dinamismo che, sul finale di gara, potrebbe rivelarsi impattante.",False,False,False
1,VEN,LEC,2026-08-23T16:30:00Z,VEN,7253,Bella-Kotchap,,,False,,3,"Molto bene durante il precampionato, molto male alla prima ufficiale contro il Modena in Coppa Italia, complice una linea difensiva troppo alta per essere sostenuta da difensori con la stazza del tedesco, soprattutto ora con i carichi della preparazione estiva sulle gambe. Confidiamo che Stroppa riveda questo aspetto tattico e che l'ex Southampton torni a giganteggiare contro Geubbels e Stulic che, sulla carta, hanno le caratteristiche perfette per finire prede della sua fisicità.",False,False,False
1,VEN,LEC,2026-08-23T16:30:00Z,VEN,6892,Schingtienne,,,False,,2,"Approfondimento tra gli "" Sconsigliati """,False,False,False
1,VEN,LEC,2026-08-23T16:30:00Z,VEN,7454,Gomes,,,False,,2,"Giovanissimo 2008 che ha ben figurato nel precampionato e che sembra essere il più frizzante nel roster difensivo ma le ingenuità dovute alla poca esperienza sono dietro l'altro e sarebbe più saggio vederlo, eventualmente, all'opera nella massima serie prima di tirare conclusioni.",False,False,False
1,VEN,LEC,2026-08-23T16:30:00Z,VEN,6890,Moreno,False,15,False,,2,"Non ancora utilizzato da Stroppa, è verosimile pensare che anche lui sia indietro di condizione e, dunque, meglio attendere tempi migliori.",False,False,False
1,VEN,LEC,2026-08-23T16:30:00Z,VEN,7538,Halhal,False,30,False,,2,"Molto male all'esordio stagionale in Coppa Italia. Calciatori con questa struttura fisica inevitabilmente hanno bisogno di tempo per entrare in forma e, quindi, vale anche per lui ciò che ho scritto sopra per Moreno.",False,False,False
1,VEN,LEC,2026-08-23T16:30:00Z,VEN,7478,Franjic,False,20,False,,2,"Rischioso affidarsi a lui in serie A, seppur contro un avversario offensivamente poco pericoloso.",False,False,False
1,VEN,LEC,2026-08-23T16:30:00Z,VEN,6994,Pérez,,,False,,4,"Approfondimento tra le "" Possibili sorprese """,False,True,True
1,VEN,LEC,2026-08-23T16:30:00Z,VEN,5507,Busio,,,False,,3,"Impostazione in cabina di regia, inserimenti ed un delicatissimo piede sui piazzati che ha già fruttato una rete da punizione diretta in una delle amichevoli estive. Può essere una buona scelta a questo giro o un'ottima copertura ai vostri titolari.",False,True,True
1,VEN,LEC,2026-08-23T16:30:00Z,VEN,5674,Basic,,,False,,3,"Si alterna con Busio per impostare ed inserirsi in fase di possesso, non vanta l'asset dei piazzati ma ha un buon fiuto sulla lettura dei cross dall'esterno e la giusta fisicità per tenere testa al centrocampo dei salentini. Come per l'americano, può essere una valida scelta di giornata.",False,False,False
1,VEN,LEC,2026-08-23T16:30:00Z,VEN,7481,Dagasso,,,False,,3,"Ha avuto un problema al ginocchio che dovrebbe aver smaltito, difficile dire quanto minutaggio avrà a disposizione ma è apparso tra i più vivaci nel precampionato e, in assenza di alternative più appetibili, potete affidarvi al suo educato sinistro.",False,True,False
1,VEN,LEC,2026-08-23T16:30:00Z,VEN,5319,Sohm,,,False,,2,"Approfondimento tra gli "" Sconsigliati """,False,False,False
1,VEN,LEC,2026-08-23T16:30:00Z,VEN,,Panada,,,False,,2,Ha fatto ricredere tanti scettici durante il precampionato ma parliamo pur sempre di un play di centrocampo che difficilmente potrà offrire più di un imprevedibile assist negli eventuali pochi minuti concessigli.,False,False,False
1,VEN,LEC,2026-08-23T16:30:00Z,VEN,,Farji,,,False,,2,Potrebbe anche essere una scommessona di giornata ma difficilmente avrà spazio.,False,False,False
1,VEN,LEC,2026-08-23T16:30:00Z,VEN,5872,Helgason,,,False,,2,I dubbi sulla sua adeguatezza nell'attuale serie A sono stati confermati in questo precampionato.,False,False,False
1,VEN,LEC,2026-08-23T16:30:00Z,VEN,,Fanne,,,False,,2,Ai margini del progetto tecnico.,False,False,False
1,VEN,LEC,2026-08-23T16:30:00Z,VEN,7484,Adams,,,False,,4,"Approfondimento tra i "" Consigliati """,True,False,False
1,VEN,LEC,2026-08-23T16:30:00Z,VEN,6904,Yeboah,,,False,,4,"Approfondimento tra le "" Possibili sorprese """,True,True,False
1,VEN,LEC,2026-08-23T16:30:00Z,VEN,7449,Rrahmani,,,False,,3,Qualche buona giocata qua e là ma ancora non ha messo in mostra il repertorio che ha convinto il ds Antonelli ad investire su di lui. Per questa giornata può comunque valere una scommessa ma con le dovute aspettative.,True,False,False
1,VEN,LEC,2026-08-23T16:30:00Z,VEN,7482,Lauberbach,,,False,,2,"Difficile prevederne il minutaggio, rischiereste solo di ""sprecare"" uno slot considerando il suo basso potenziale fantacalcistico.",False,False,False
1,VEN,LEC,2026-08-23T16:30:00Z,VEN,7408,Lisman,,,False,,2,Abbiamo visto troppo poco finora e quel poco non ha particolarmente convinto.,False,False,False
1,VEN,LEC,2026-08-23T16:30:00Z,VEN,,Okoro,,,False,,2,Giovane intraprendente ma ancora acerbo.,False,False,False
1,VEN,LEC,2026-08-23T16:30:00Z,LEC,2134,Falcone,,,False,,3,"Lecce indietro di condizione e di mercato, quello che ne risentirà maggiormente sarà proprio Falcone, come abbiamo visto a Palermo. Le sue abilità non sono messe in dubbio, forse però meglio aspettare che il Lecce si sia stabilizzato un minimo, sia tatticamente che a livello di uomini in campo.",False,False,False
1,VEN,LEC,2026-08-23T16:30:00Z,LEC,2401,Fruchtl,,,False,,2,Secondo,False,False,False
1,VEN,LEC,2026-08-23T16:30:00Z,LEC,6523,Samooja,,,False,,1,Terzo,False,False,False
1,VEN,LEC,2026-08-23T16:30:00Z,LEC,6989,Tiago Gabriel,,,False,,3,"Non impeccabile contro il Palermo, forse con la testa alla moglie che a giorni dovrebbe partorire. Rimane un perno della difesa giallorossa, quello che più facilmente può portarvi la sufficienza. Per gli stessi motivi di Falcone, se avete alternative migliori, si può lasciare in panchina.",False,False,False
1,VEN,LEC,2026-08-23T16:30:00Z,LEC,6632,Gaspar,,,False,,3,"Contro il Palermo è sembrato in buona forma, qualche amnesia è sempre da mettere in conto, ma anche lui potrebbe candidarsi per una sufficienza. Se avete buone alternative si può lasciare in panchina.",False,False,False
1,VEN,LEC,2026-08-23T16:30:00Z,LEC,4502,Gallo,,,False,,3,L'unico motivo per schierarlo è sperare in qualche bonus leggero visto che senza Berisha batte tutti i piazzati.,False,True,True
1,VEN,LEC,2026-08-23T16:30:00Z,LEC,7240,Siebert,,,False,,2,"Al momento è una riserva in attesa di sviluppi di mercato. Difficile vada a voto, nel caso meglio non rischiare",False,False,False
1,VEN,LEC,2026-08-23T16:30:00Z,LEC,6990,Danilo Veiga,,,False,,2,Come l'anno scorso è difficile trovare anche un solo valido motivo per schierarlo. Utile solo per il voto in panchina.,False,False,False
1,VEN,LEC,2026-08-23T16:30:00Z,LEC,6883,Jean,,,False,,2,Quarta scelta in difesa.,False,False,False
1,VEN,LEC,2026-08-23T16:30:00Z,LEC,7182,Ndaba,,,False,,2,"Riserva di Gallo, voto difficile.",False,False,False
1,VEN,LEC,2026-08-23T16:30:00Z,LEC,5504,Coulibaly,,,False,,3,"EDF lo ha provato quasi trequartista contro il Palermo, scelta completamente bocciata, un pesce fuor d'acqua, meglio nel secondo tempo quando è stato riportato in mediana. Sembra indietro di condizione, ma è una delle poche sicurezze del centrocampo del Lecce.",False,False,False
1,VEN,LEC,2026-08-23T16:30:00Z,LEC,6549,Pierotti,,,False,,3,"Nuovo anno, stesso Pierotti, grande impegno, grande corsa, ma abbastanza inutile negli ultimi 20 metri, non il massimo per un'ala offensiva. Si becca il 3/5 giusto perchè è listato centrocampista.",False,False,False
1,VEN,LEC,2026-08-23T16:30:00Z,LEC,7248,Gorter,False,40,False,,3,"Tra chi è rotto, chi è fuori condizione, Gorter sembra uno dei pochi a dare vitalità al centrocampo del Lecce. Vediamo se in serie A ci può stare ...",False,False,False
1,VEN,LEC,2026-08-23T16:30:00Z,LEC,7318,Gandelman,,,True,Tendinopatia cronica - In dubbio per Venezia,2,"Soffre da mesi a causa di una tendinopatia, per questo difficilmente partirà titolare, potrebbe entrare a partita in corso, ma se la condizione è precaria sarà difficile possa lasciare il segno. Per ora lasciate perdere.",False,False,False
1,VEN,LEC,2026-08-23T16:30:00Z,LEC,5457,Maleh,True,60,False,,2,"Dopo anni di prestiti, per necessità quest'anno potrebbe addirittura partire titolare. Ogni tanto tira qualche castagna che finisce in porta, ma sono più le probabilità di malus che di bonus.",False,True,True
1,VEN,LEC,2026-08-23T16:30:00Z,LEC,7322,Ngom,,,False,,2,"Anche lui perno fisso di Di Francesco, ma a parte il voto, non vi darà molte gioie al fantacalcio.",False,False,False
1,VEN,LEC,2026-08-23T16:30:00Z,LEC,,Laerke,False,20,False,,3,"Approfondimento tra le "" Possibili Sorprese """,False,False,False
1,VEN,LEC,2026-08-23T16:30:00Z,LEC,7001,N'Dri,True,80,False,,3,"Approfondimento tra i "" Consigliati """,False,False,False
1,VEN,LEC,2026-08-23T16:30:00Z,LEC,5029,Geubbels,,,False,,2,"Approfondimento tra gli "" Sconsigliati """,True,False,False
1,VEN,LEC,2026-08-23T16:30:00Z,LEC,7252,Stulic,,,False,,2,"Voto molto probabile, in Coppa il suo ingresso è stato molto generoso, anche se tecnicamente è lontano dal livello della serie A.",True,False,False
1,VEN,LEC,2026-08-23T16:30:00Z,LEC,,Esteban,,,False,,2,"Potrebbe entrare dalla panchina, soprattutto se le cose dovessero mettersi male. Non vi garantisce il voto.",False,False,False
1,ATA,SAS,2026-08-23T18:45:00Z,ATA,4431,Carnesecchi,,,False,,4,"Anche in questa pre season uno dei migliori in campo quasi sempre, spesso sollecitato con la nuova difesa ancora da rodare ma grazie proprio a questo motivo, le sue parate potrebbero aumentare! Di conseguenza anche il vostro voto da mod. Mi aspetto comunque almeno un gol subito, e lo penso per parecchie giornate in questo inizio, ma il gioco potrebbe valere la candela: non pensiamo che le palle in fondo al sacco siano così tante da rovinare un eventuale bel voto. Azzardo dicendo 6,5 - 1",False,False,False
1,ATA,SAS,2026-08-23T18:45:00Z,ATA,4,Sportiello,,,False,,3,Senza forfait dell'ultimo minuto di Carnesecchi non dovrebbe partecipare a questo match.,False,False,False
1,ATA,SAS,2026-08-23T18:45:00Z,ATA,7545,Vismara,,,False,,3,Uguale a Sportiello.,False,False,False
1,ATA,SAS,2026-08-23T18:45:00Z,ATA,5578,Kossounou,,,False,,4,"Zitto zitto si è preso il posto titolare a fianco a Scalvini, inizialmente era chiuso da Djimsiti e dalle sue vacanze post mondiale che lo hanno fatto rientrare più tardi rispetto ad altri compagni. Ad oggi il miglior difensore della Dea vista la partita ""tosta"" per i nostri esterni e visto gli infortuni degli altri DC e di un Kristensen arrivato solo da qualche giorno. Tutto il peso della difesa sarà sulle sue spalle, e a parte qualche sbandamento durante il match (come lo scorso anno e come confermato anche stasera), è un difensore affidabile. Sufficienza ampiamente alla portata!",False,False,False
1,ATA,SAS,2026-08-23T18:45:00Z,ATA,,Kristensen,True,70,False,,3,"Si troverà a giocare subito titolare dopo pochissimi giorni dal suo arrivo. Nei primi minuti fatti questa sera ha dato l'impressione di essere comunque un difensore attento, abbastanza rapido, granitico e soprattutto sicuro di se e delle giocate che faceva. Si può prendere in considerazione come quarto delle vostre difese sperando confermi queste primissime impressioni. Dovrà tenere a bada Bowie, potrebbe esserne all'altezza.",False,False,False
1,ATA,SAS,2026-08-23T18:45:00Z,ATA,554,Zappacosta,False,40,False,,3,"Non finisce tra gli sconsigliati solo perchè subentrando a gara in corso, con gli avversari stanchi, potrebbe cavarsela dignitosamente sia in fase difensiva che fare qualche accelerazione in avanti. ma non ci aspettiamo oltre visto che in questo pre campionato è rimasto abbastanza ""spento"" a livello di prestazioni. Si può schierare ma con valide alternative, questo è un turno in cui lo si può lasciare fuori.",False,False,False
1,ATA,SAS,2026-08-23T18:45:00Z,ATA,2640,Kolasinac,,,False,,2,"Sarà con tutta probabilità l'eventuale cambio a gara in corso di Bernasconi ed è tutt'altro che scontato il fatto che entrerà sicuramente. Se avete cambi illimitati e avete buone sensazioni potete schierarlo, ma non avrete ne la garanzia del voto ne della sufficienza.. occhio!",False,False,False
1,ATA,SAS,2026-08-23T18:45:00Z,ATA,4887,Bellanova,True,60,False,,2,"Approfondimento tra gli "" Sconsigliati """,False,False,False
1,ATA,SAS,2026-08-23T18:45:00Z,ATA,7219,Bernasconi,,,False,,2,"Approfondimento tra gli "" Sconsigliati """,False,False,True
1,ATA,SAS,2026-08-23T18:45:00Z,ATA,5792,Ederson,,,False,,4,"Approfondimento tra i "" Consigliati """,True,True,False
1,ATA,SAS,2026-08-23T18:45:00Z,ATA,5422,Zalewski,,,False,,3,"Seppur poco prolifico, un cc che gioca in attacco deve sempre avere una menzione importante in una formazione di giornata. Complice l'assenza di Cdk sta avendo più spazio e sta anche andando meglio di quando venica schierato mezz'ala. Il suo vero ruolo naturale comunque sarebbe dall'altro lato del campo, però Sarri è ""sordo"" sotto quel punto di vista, visto che li ci deve stare per forza Raspa Dunque schierabile visto che difronte a lui avrà un non impeccabile Doig in copertura essendo uno maggiormente votato all'attacco, ecco che qui il polacco potrebbe approfittarne",False,False,False
1,ATA,SAS,2026-08-23T18:45:00Z,ATA,4364,Gaetano,,,False,,3,"In crescita sempre di più, contro l'Hapoel avrebbe preso tranquillamente 6,5/7. metronomo di centrocampo dal bel voto certo, attenzione che nei minuti finali quando si cercava insistentemente il gol del vantaggio ha alzato il suo raggio d'azione di parecchio, risultando spesso al limite dell'area di rigore, tornado a giocare in trequarti come in passato a Cagliari. E anche in quella posizione di campo si è reso protagonista",False,True,False
1,ATA,SAS,2026-08-23T18:45:00Z,ATA,5119,Samardzic,,,False,,3,"Scommessa di giornata, continua il periodo di cose buone e cose meno, sarà davvero tornato il giocatore di Udine o l’ennesimo anno da fuoco di pagli? Comunque chi ce l’ha è costretto a schierarlo in partite come queste abbordabili sulla carta. E' incaricato di gran parte dei piazzati, e possibile vice rigorista. Una bella occasione per i suoi possessori ma occhio perchè Pasalic scalpita.. anche stasera in coppa è entrato molto bene",True,True,True
1,ATA,SAS,2026-08-23T18:45:00Z,ATA,2077,Pasalic,,,False,,3,,False,False,False
1,ATA,SAS,2026-08-23T18:45:00Z,ATA,5918,Sulemana,,,True,Lesione al collaterale del ginocchio - Rientro fine ottobre/inizio novembre.,3,"Dopo un periodo in cui ha lasciato intravedere cose molto positive, il ritorno di Ederson lo ha un pò oscurato. Potrebbe subentrare ma non avrà tantissimo minutaggio, è davvero complicato levare uno come Ederson che va a 1000 anche al 90'. Se avere di più dei soliti 3 cambi potete azzardare a schierarlo, avrebbe sicuramente occasione per fare bene, vedremo se però avrà effettivamente tempo per farlo",False,False,False
1,ATA,SAS,2026-08-23T18:45:00Z,ATA,22,De Roon,,,False,,2,"Gaetano sta iniziando ad ingranare, lo sta dimostrando di gara in gara.. e lo spazio per lui diventa sempre meno, di conseguenza.",False,False,False
1,ATA,SAS,2026-08-23T18:45:00Z,ATA,2137,Scamacca,True,55,False,,4,"Approfondimento tra gli "" Possibili sorprese """,True,False,False
1,ATA,SAS,2026-08-23T18:45:00Z,ATA,6435,Krstovic,False,45,False,,4,"Approfondimento tra gli "" Possibili sorprese """,False,False,False
1,ATA,SAS,2026-08-23T18:45:00Z,ATA,,Cassa,,,False,,3,"Entrato bene in coppa nel finale, giovane interessante che con gli infortuni che ci sono sugli esterni del tridente, gli stanno concedendo più minutaggio del previsto. Visto che andrà quasi sicuramente a voti chi lo ha lo deve schierare perchè pian piano che rientrano tutti o che il mercato porti qualcuno ancora nel ruolo, potrebbe finire ai margini. Sta a lui congliere le occasioni che avrà in questo periodo e sta a voi beccare eventuali belle prestazioni da parte sua.",False,False,False
1,ATA,SAS,2026-08-23T18:45:00Z,ATA,4371,Raspadori,,,False,,2,"Finchè giocherà ala, il suo indice sarà sempre questo purtroppo. Sicuramente un ottimo tappabuchi e niente più ad ora",False,True,False
1,ATA,SAS,2026-08-23T18:45:00Z,SAS,4236,Muric,,,False,,2,"– Aquilani lo riconferma titolare e io ve lo riconfermo sconsigliato. Con tutta la difesa titolare fuori, schemi difensivi ancora da registrare e un'Atalanta che ha giocatori per far male il malus è dietro l'angolo. Potrebbe essere molto sollecitato in ottica mod.",False,False,False
1,ATA,SAS,2026-08-23T18:45:00Z,SAS,4867,Turati,,,False,,1,,False,False,False
1,ATA,SAS,2026-08-23T18:45:00Z,SAS,2127,Satalino,,,False,,1,,False,False,False
1,ATA,SAS,2026-08-23T18:45:00Z,SAS,,Obrador,,,False,,3,"Partirà quasi sicuramente in panchina ma potrebbe giocare uno spezzone nella ripresa, la sua vena offensiva potrebbe fare male a squadre stanche, da provare.",False,False,False
1,ATA,SAS,2026-08-23T18:45:00Z,SAS,5851,Doig,,,False,,2,"L'Atalanta non è il Cesena, sarà super offensivo come chiede Aquilani ma potrebbe pagare in fase difensiva. Da schierare solo se giocate senza mod.",False,False,False
1,ATA,SAS,2026-08-23T18:45:00Z,SAS,,Odenthal,,,False,,2,"Gli toccherà l'ingrato compito di guidare una difesa di Serie con 2 giovani alla prima esperienza e Doig, in bocca al lupo Cas!",False,False,False
1,ATA,SAS,2026-08-23T18:45:00Z,SAS,,Cinquegrano,,,False,,2,"Non in lista, ma è alla prima da titolare in Serie A in un match non semplice, speriamo non diventi una tragedia.",False,False,False
1,ATA,SAS,2026-08-23T18:45:00Z,SAS,,Macchioni,,,False,,2,Vedi Cinquegrano.,False,False,False
1,ATA,SAS,2026-08-23T18:45:00Z,SAS,6672,Idzes,,,False,,2,"E' tornato in gruppo da pochissimo e non ha giocato neanche con il Cesena, ci sembra francamente impossibile che riesca a prendere parte alla partita.",False,False,False
1,ATA,SAS,2026-08-23T18:45:00Z,SAS,,Di Bitonto,,,False,,2,,False,False,False
1,ATA,SAS,2026-08-23T18:45:00Z,SAS,6189,Missori,,,False,,2,A rischio il suo subentro in quanto è prevista la sua cessione nei prossimi giorni.,False,False,False
1,ATA,SAS,2026-08-23T18:45:00Z,SAS,5735,Volpato,,,False,,4,– Approfondimento tra i Consigliati.,False,True,True
1,ATA,SAS,2026-08-23T18:45:00Z,SAS,7036,Bakola,,,False,,4,– Approfondimento tra i Consigliati.,False,False,False
1,ATA,SAS,2026-08-23T18:45:00Z,SAS,6677,Adzic,True,70,False,,3,– Approfondimento tra le Possibili Sorprese.,False,False,False
1,ATA,SAS,2026-08-23T18:45:00Z,SAS,6246,Lipani,False,30,False,,3,Parte dietro a Bakola ed Adzic ma anche lui ha dimostrato di avere confidenza col bonus.,False,False,False
1,ATA,SAS,2026-08-23T18:45:00Z,SAS,2528,Matic,,,False,,3,"Fondamentale per tecnica ed esperienza nel gioco di Aquilani, al fanta un po' meno.",False,False,False
1,ATA,SAS,2026-08-23T18:45:00Z,SAS,,Dominguez,,,False,,2,"Potrebbe avere spazio negli ultimi minuti, sia a sx che a dx, se prendete il suo bonus potrete dire di saper prevedere il futuro...",False,False,False
1,ATA,SAS,2026-08-23T18:45:00Z,SAS,,Ghion,,,False,,2,,False,False,False
1,ATA,SAS,2026-08-23T18:45:00Z,SAS,7157,Iannoni,,,False,,2,,False,False,False
1,ATA,SAS,2026-08-23T18:45:00Z,SAS,,Ciervo,,,False,,2,,False,False,False
1,ATA,SAS,2026-08-23T18:45:00Z,SAS,6060,Laurienté,,,False,,5,"– Incredibile la crescita che ha fatto questo ragazzo sotto Grosso, accentratore del gioco neroverde senza Berardi e con Pinamonti out è anche rigorista oltre a battere i piazzati. Nel gol neroverde ci sarà sicuramente il suo zampino, IMPOSSIBILE non schierarlo.",True,True,True
1,ATA,SAS,2026-08-23T18:45:00Z,SAS,7347,Bowie,,,False,,3,"Ottimo esordio a Cesena dove ha fatto tanto a sportellate per aprire gli spazi alle ali e alle mezzali neroverde, ed è stato ripagato dai compagni con un paio di assist al bacio che lo scozzese non ha sfruttato. Potete scommettere su di lui data l'attitudine offensiva del Sassuolo e sulla difesa dell'Atalanta che dovrà ancora sistemarsi.",False,False,False
1,ATA,SAS,2026-08-23T18:45:00Z,SAS,7158,Moro,,,False,,1,,False,False,False
1,TOR,MIL,2026-08-23T18:45:00Z,TOR,7457,Mascardi,,,False,,2,"– Toro ancora da registrare contro Milan a trazione anteriore: per la prima di campionato, meglio guardare altrove.",False,False,False
1,TOR,MIL,2026-08-23T18:45:00Z,TOR,5320,Paleari,,,False,,2,"Secondo portiere (terzo, tra poco)",False,False,False
1,TOR,MIL,2026-08-23T18:45:00Z,TOR,6495,Comuzzo,,,False,,3,"non ha sfigurato nel precampionato ed è apparso il più solido della retroguardia, nonostante le perplessità che si è portato dietro dalla sua ultima, sfortunata, esperienza; se dovesse confermare la forma delle amichevoli potrebbe guadagnarsi la sufficienza.",False,False,False
1,TOR,MIL,2026-08-23T18:45:00Z,TOR,6426,Pedersen,,,False,,2,"è sicuramente tra i più in forma della difesa granata, ma contro questo avversario non vediamo come possa avere occasione di mettersi in luce.",False,False,False
1,TOR,MIL,2026-08-23T18:45:00Z,TOR,6642,Coco,,,False,,2,"gara difficile per lui, che temiamo verrà piuttosto sollecitato dalla delantera rossonera ove venisse impiegato dal 1'.",False,False,False
1,TOR,MIL,2026-08-23T18:45:00Z,TOR,5010,Ismajli,,,False,,2,"giocherà titolare a causa della squalifica di Comert, ma non è ancora tirato a lucido (lo sarà mai?).",False,False,False
1,TOR,MIL,2026-08-23T18:45:00Z,TOR,252,Biraghi,,,False,,1,costosissimo esubero in attesa di essere piazzato da qualche parte. dubitiamo sia nelle vostre fantarose.,False,False,True
1,TOR,MIL,2026-08-23T18:45:00Z,TOR,5687,Vlasic,,,False,,4,"Approfondimento tra i "" Consigliati """,True,True,False
1,TOR,MIL,2026-08-23T18:45:00Z,TOR,,Fitz Jin,,,False,,3,"Approfondimento tra le "" Possibili sorprese """,False,False,True
1,TOR,MIL,2026-08-23T18:45:00Z,TOR,7060,Cacciamani,,,False,,3,"tra i più pimpanti del precampionato, in questa potrebbe essere costretto a sacrificarsi un po' di più; ciononostante, una prestazione sufficiente rimane alla sua portata.",False,False,False
1,TOR,MIL,2026-08-23T18:45:00Z,TOR,6827,Njie,False,45,False,,3,"anche lui ha ben impressionato nelle amichevoli di agosto, ma è in ballottaggio per un posto e non è dato sapere se e quanto verrà impiegato anche per questioni di mercato.",False,False,False
1,TOR,MIL,2026-08-23T18:45:00Z,TOR,5888,Casadei,True,55,False,,3,"dovrebbe essere impiegato in posizione più avanzata e, di conseguenza, potrebbe avere qualche chances di liberare il suo ottimo tiro.",False,False,False
1,TOR,MIL,2026-08-23T18:45:00Z,TOR,,Luongo,False,45,False,,2,"in ballottaggio per un posto da titolare in mezzo al campo, non appare come profilo particolarmente utile al fantacalcio, men che meno in gare come questa.",False,False,False
1,TOR,MIL,2026-08-23T18:45:00Z,TOR,6170,Gineitis,True,60,False,,2,"Approfondimento tra gli "" Sconsigliati """,False,False,True
1,TOR,MIL,2026-08-23T18:45:00Z,TOR,6218,Oristanio,,,False,,1,"approdato al Toro in cerca di riscatto, al momento il Mister sembra orientato su altre scelte sulla trequarti.",False,False,False
1,TOR,MIL,2026-08-23T18:45:00Z,TOR,5007,Ilic,,,False,,1,altro costosissimo esubero in attesa di trasferimento; non dovrebbe essere nelle vostre fantarose.,False,False,False
1,TOR,MIL,2026-08-23T18:45:00Z,TOR,2061,Simeone,,,False,,3,"in casa va messo sempre, a meno che non abbiate alternative davvero valide, sapendo però che contro il Milan ci sono ottime probabilità che non arrivino bonus.",False,False,False
1,TOR,MIL,2026-08-23T18:45:00Z,TOR,6646,Adams,,,False,,2,"entrerà a gara in corso, ma non vale uno slot in attacco.",False,False,False
1,TOR,MIL,2026-08-23T18:45:00Z,TOR,7349,Kulenovic,,,False,,2,idem come sopra,False,False,False
1,TOR,MIL,2026-08-23T18:45:00Z,MIL,4312,Maignan,,,False,,4,"Rientrato in gruppo nell'ultima settimana , il portierone rossonero è pronto a difendere i pali per l'esordio stagionale contro il Torino. La partita nasconde qualche insidia e un malus va messo in conto, ma ci aspettiamo comunque un'ottima prestazione: tra interventi decisivi e parate di livello, può portare a casa un voto alto al Fantacalcio.",False,False,False
1,TOR,MIL,2026-08-23T18:45:00Z,MIL,6813,Torriani,,,False,,1,,False,False,False
1,TOR,MIL,2026-08-23T18:45:00Z,MIL,2815,Terracciano P.,,,False,,1,,False,False,False
1,TOR,MIL,2026-08-23T18:45:00Z,MIL,5022,Pavlović,,,False,,4,"Nelle uscite estive è apparso un po' imballato dai carichi di lavoro e deve ancora assimilare appieno i concetti del nuovo gioco di Amorim, ma ora che le partite iniziano a contare vedremo il responso sul campo. Resta il miglior difensore del Milan in chiave Fantacalcio: pericoloso sia nelle transizioni palla al piede che sui calci piazzati grazie alla sua dominanza aerea. La sfida fisica contro il Torino è decisamente nelle sue corde.",False,False,False
1,TOR,MIL,2026-08-23T18:45:00Z,MIL,5833,Gila,,,False,,3,"Rientrato dopo un leggero affaticamento accusato in estate, si è subito dimostrato un elemento ideale per la difesa a tre di Amorim. La sua aggressività nel pressing alto, l'abilità nell'uno contro uno e la capacità di coprire il campo aperto lo rendono una pedina fondamentale per il nuovo assetto rossonero. Pur non garantendo un apporto in termini di bonus secco, è un profilo da ottime medie voto: se utilizzate il modificatore di difesa, è un giocatore assolutamente consigliato da schierare.",False,False,False
1,TOR,MIL,2026-08-23T18:45:00Z,MIL,5273,Estupinan,True,50,False,,3,"Favorito su Bartesaghi per la maglia da titolare a sinistra. Lo abbiamo imparato a conoscere: se in fase difensiva rischia di combinare qualche disastro, quando spinge sa essere efficace. Il sistema di gioco di Amorim, con laterali molto alti, ne esalta le doti offensive proponendolo come potenziale uomo-bonus. A differenza di Gila, è un profilo da ""dentro o fuori"": se non usate il modificatore si può rischiare, mentre se giocate con il modificatore valutate bene, perché il malus o l'insufficienza sono sempre dietro l'angolo. Scommessa ad alto rischio/rendimento.",False,False,False
1,TOR,MIL,2026-08-23T18:45:00Z,MIL,6496,Bartesaghi,False,10,False,,3,"Partito indietro nel ballottaggio con Estupiñán, sconta le sue caratteristiche più conservative in un sistema di Amorim che richiede quinti di grande spinta. La possibilità di subentrare a gara in corso c'è, ma occhio all'insidia sul minutaggio finale: il neo-arrivato Moreira spinge per trovare spazio. Se volete schierarlo come scommessa di rincalzo, farlo è lecito, ma è fondamentale una copertura sicura in panchina perché il voto non è affatto garantito.",False,False,False
1,TOR,MIL,2026-08-23T18:45:00Z,MIL,5739,De Winter,True,55,False,,2,"Approfondimento tra i ""Sconsigliati""",False,False,False
1,TOR,MIL,2026-08-23T18:45:00Z,MIL,4401,Gabbia,,,False,,2,"Rientrato in gruppo solo questa settimana, parte sfavorito nel ballottaggio con De Winter (reduce dalla buona prova con il Manchester). Il rischio di rimanere senza voto è concreto, senza contare che il ruolo di centrale puro nella nuova difesa resta una mattonella delicatissima che potrebbe concedere qualcosa di troppo all'attacco granata. Sconsigliato: meglio evitare incertezze e puntare su profili più garantiti per questo turno.",False,False,False
1,TOR,MIL,2026-08-23T18:45:00Z,MIL,2815,Terracciano F.,,,False,,1,"Impiegato nelle ultime amichevoli estive da braccetto difensivo, ha collezionato prestazioni decisamente sottotono condite da qualche errore di troppo. Pur facendo ancora parte della rosa, resta un profilo al centro di possibili dinamiche di mercato verso altre sistemazioni. Le probabilità che trovi campo o riesca a portare a casa un voto utile sono ridotte al minimo: da evitare senza rimpianti.",False,False,False
1,TOR,MIL,2026-08-23T18:45:00Z,MIL,7525,Diawara,,,False,,1,"Giovane innesto estivo rimasto nell'organico della prima squadra, rappresenta un'alternativa di prospettiva per il pacchetto arretrato. Essendo mancino naturale, può agire sia da braccetto sinistro al posto di Pavlovic sia, all'occorrenza, adattarsi al centro. Tuttavia, con le gerarchie attuali e la presenza di opzioni più esperte come Gabbia, le possibilità di vederlo a voto sono legate unicamente a situazioni di estrema emergenza o infortuni a gara in corso. Inutile rischiarlo per questa giornata.",False,False,False
1,TOR,MIL,2026-08-23T18:45:00Z,MIL,4856,Chukwueze,,,False,,5,"Approfondimento tra i ""Consigliati""",False,False,False
1,TOR,MIL,2026-08-23T18:45:00Z,MIL,4199,Loftus-Cheek,,,False,,4,"Dato per partente durante il mercato estivo, si è guadagnato la conferma grazie a un pre-campionato solido. L'infortunio di Pulisic gli apre le porte della titolarità per questa prima giornata. Nonostante la nota discontinuità, resta un profilo fisicamente dominante con grandi doti di inserimento: il gol segnato al Manchester la scorsa settimana è un segnale incoraggiante sul suo stato di forma. È una scommessa intrigante per il centrocampo.",False,False,False
1,TOR,MIL,2026-08-23T18:45:00Z,MIL,2606,Modric,,,False,,4,"Rinnovato per un altro anno in rossonero, ha già mostrato tutta la sua immensa classe nelle uscite estive. Lo conosciamo bene: il bonus pesante non è il suo marchio di fabbrica, ma sul piano delle prestazioni è una garanzia assoluta, una vera e propria ""macchina da 6.5"". Se nel vostro centrocampo volete regolarità e la certezza di un voto alto per fare la differenza, il croato è la scelta giusta. Affidabile e da schierare.",True,True,True
1,TOR,MIL,2026-08-23T18:45:00Z,MIL,,Cisse’,True,51,False,,3,"Approfondimento tra i ""Possibili Sorprese""",False,True,True
1,TOR,MIL,2026-08-23T18:45:00Z,MIL,4892,Saelemaekers,,,False,,3,"Partito indietro nel ballottaggio con Cissè per affiancare Loftus-Cheek, sconta un rientro ritardato dalle fatiche con il Belgio. Amorim lo sta gradualmente trasformando da esterno a tutta fascia a trequartista/sottopunta, inserendolo in un percorso di adattamento tattico per sfruttarne la proverbiale duttilità. Data la situazione d'emergenza sulla trequarti rossonera, il suo subentro a gara in corso è praticamente certo: chi lo possiede al Fantacalcio può rischiarlo, consapevole che agendo in una posizione più avanzata e vicina alla porta i presupposti per il bonus non mancano.",False,True,True
1,TOR,MIL,2026-08-23T18:45:00Z,MIL,2423,Pulisic,,,True,,3,"Sta gradualmente rientrando in gruppo dopo l'infortunio, ma ha ripreso a lavorare con i compagni solo questa settimana e la sua convocazione resta fortemente in dubbio. Il consiglio è di monitorare attentamente i convocati ufficiali fino all'ultimo: se dovesse farcela e sedersi in panchina, un suo impiego resta comunque da considerarsi a basso minutaggio. Potete rischiarlo solo con una copertura al 100% sicura in panchina, altrimenti meglio evitare il rischio di giocare in dieci.",False,False,False
1,TOR,MIL,2026-08-23T18:45:00Z,MIL,7203,Jashari,True,50,False,,3,"In netto vantaggio su Musah per affiancare Modrić in mediana. Profilo di grande sostanza e dinamismo, avrà il compito chiave di equilibrare la squadra sostenendo l'assetto offensivo di Amorim. Sebbene la sua posizione non garantisca bonus l'aggressività nel pressing alto rossonero potrebbe regalargli recuperi palla preziosi in zona avanzata da trasformare in assist.",False,False,False
1,TOR,MIL,2026-08-23T18:45:00Z,MIL,,Moreira,,,False,,3,"Appena arrivato a Milanello, ha iniziato ad allenarsi con il gruppo solo a metà settimana. Sul piano fisico sta bene e la convocazione per domenica è possibile, ma il suo minutaggio resta un'incognita totale: Amorim potrebbe concedergli i primi 10-20 minuti nel finale, a seconda dell'andamento del match. Se lo avete già acquistato all'asta prima di questo primo turno, la tentazione di lanciarlo subito c'è. Il verdetto è analogo a quello di Pulisic: potete schierarlo, ma solo ed esclusivamente se avete una copertura sicura al 100% in panchina.",False,False,False
1,TOR,MIL,2026-08-23T18:45:00Z,MIL,2379,Rabiot,,,False,,3,"Rientrato la scorsa settimana insieme a Maignan dopo le fatiche del Mondiale, si allena col gruppo da circa cinque giorni ma resta ancora distante dalla forma migliore e da una maglia da titolare. Andrà in panchina e potrebbe trovare spazio a gara in corso nei due di centrocampo o, chissà, persino da sottopunta in un ipotetico esperimento tattico di Amorim. Se lo avete già in rosa, il fascino del nome invoglia a metterlo: potete schierarlo, ma con estrema cautela, assicurandovi una copertura al 100% sicura in panchina dato che il suo subentro e il minutaggio reale restano molto incerti.",False,False,False
1,TOR,MIL,2026-08-23T18:45:00Z,MIL,5295,Musah,False,10,False,,2,"In ritardo nel ballottaggio con Jashari ; ha buone chance di subentrare a gara in corso grazie al suo dinamismo, resta un profilo poco appetibile in chiave Fantacalcio: l'apporto in termini di bonus è quasi nullo e la media voto tende a essere insufficiente o al massimo da compitino.",False,False,False
1,TOR,MIL,2026-08-23T18:45:00Z,MIL,5453,Ricci,,,False,,1,"– Al centro di una trattativa di calciomercato in fase ormai avanzatissima, il suo futuro appare lontano da Milano e la fumata bianca potrebbe arrivare già in questo fine settimana. Pur essendo ancora formalmente tesserato, la sensazione è che non figurerà nemmeno tra i convocati per la sfida imminente. Sconsigliato a 360°: non prendetelo minimamente in considerazione per la formazione titolare né per la panchina, il rischio di un ""S.V."" (se non proprio di un'assenza dalla lista) è pressoché totale.",False,False,False
1,TOR,MIL,2026-08-23T18:45:00Z,MIL,6397,Ramos G.,,,False,,5,"Approfondimento tra i ""Consigliati""",True,False,False
1,TOR,MIL,2026-08-23T18:45:00Z,MIL,6519,Camarda,,,False,,3,"Protagonista di un ottimo precampionato, il giovane attaccante azzurro rappresenta la prima alternativa a gara in corso per il centravanti titolare. Poiché Gonçalo Ramos potrebbe non avere ancora la tenuta fisica sui novanta minuti, un avvicendamento nell'ultimo quarto d'ora di gara è uno scenario decisamente probabile. Il voto non è garantito al 100% e dipenderà dal minutaggio concesso da Amorim, ma agendo da terminale in una squadra dalla spiccata trazione offensiva avrà comunque la chance di graffiare. Scommessa di giornata: se vi manca un terzo slot o non avete grosse alternative nel vostro reparto avanzato, potete lanciarlo con la giusta copertura.",False,False,False
1,TOR,MIL,2026-08-23T18:45:00Z,MIL,4510,Leao,,,True,,2,"Situazione decisamente complessa e nebulosa attorno al portoghese. Alle prese con il recupero da un problema muscolare, ha ripreso a lavorare solo parzialmente con il gruppo e la convocazione resta in forte dubbio. A ciò si aggiungono le continue voci di mercato e una collocazione tattica tutt'altro che centrale nei piani attuali di Amorim. Qualora figurasse tra i convocati, la classe del giocatore impone comunque di farci un pensierino: potete schierarlo, ma soltanto a patto di avere in panchina una copertura sicura al 100%, poiché il rischio che non metta piede in campo è altissimo.",False,False,False
1,UDI,COM,2026-08-22T16:30:00Z,UDI,6462,Okoye,,,False,,3,"Da poco rientrato da un infortunio alla spalla, non sarà in grandissima forma, comunque schierabile ma con qualche rischio visto una difesa Udinese rinnovata e un attacco Como confermato.",False,False,False
1,UDI,COM,2026-08-22T16:30:00Z,UDI,543,Padelli,,,False,,2,Secondo portiere,False,False,False
1,UDI,COM,2026-08-22T16:30:00Z,UDI,5707,Piana,,,False,,1,Terzo portiere,False,False,False
1,UDI,COM,2026-08-22T16:30:00Z,UDI,6956,Solet,False,20,False,,4,"""Per sostituirlo ne servirebbero tre: un difensore, un centrocampista e un attaccante"" . Parole del Group Technical Director Gian Luca Nani che dicono già tutto. Approfondimento tra i "" Consigliati """,True,False,False
1,UDI,COM,2026-08-22T16:30:00Z,UDI,4994,Vojvoda,,,False,,3,È un esterno che sa giocare la palla ed è un giocatore capace di giocare in più ruoli e quindi anche adattabile a diverse situazioni quindi difficile che vada in difficoltà.,False,True,True
1,UDI,COM,2026-08-22T16:30:00Z,UDI,5555,Kamara,,,False,,2,Probabilmente giocherà maggiormente in fase di contenimento vista la propensione del Como.,False,False,False
1,UDI,COM,2026-08-22T16:30:00Z,UDI,6925,Palma,True,50,False,,2,Il ragazzo se la sta cavando egregiamente mostrando spesso una buona tranquillità ma aspetterei prima di schierarlo perché l'eventuale titolarità alla prima contro il Como potrebbe giocargli comunque uno scherzo a livello emotivo.,False,False,False
1,UDI,COM,2026-08-22T16:30:00Z,UDI,6021,Abankwah,True,55,False,,2,Ha fatto un ottimo precampionato ma per uno non abituato la serie A è comunque altra cosa.,False,False,False
1,UDI,COM,2026-08-22T16:30:00Z,UDI,5820,Bertola,False,25,False,,2,"Arriva da un buon campionato d'esordio a Udine ma, come l'anno scorso, riparte un pò in sordina.",False,False,False
1,UDI,COM,2026-08-22T16:30:00Z,UDI,7312,Arizala,,,False,,2,"Potrebbe subentrare a Kamara soprattutto in caso di svantaggio e la situazione potrebbe anche essergli favorevole, ma come anche per molti altri difensori la tendenza è nel sconsigliare il suo schieramento.",False,False,False
1,UDI,COM,2026-08-22T16:30:00Z,UDI,5994,Ebosse,False,5,False,,2,Sembrava dovesse andare via subito invece è ancora lì e il suo lo fa sempre.,False,False,False
1,UDI,COM,2026-08-22T16:30:00Z,UDI,7356,Mlacic,,,False,,2,Il ragazzo non ha mai sfigurato quando chiamato in causa ma a inizio campionato siamo ancora freddi.,False,False,False
1,UDI,COM,2026-08-22T16:30:00Z,UDI,,Goglichidze,,,False,,1,Poca considerazione per lui in questo precampionato.,False,False,False
1,UDI,COM,2026-08-22T16:30:00Z,UDI,2766,Zaniolo,,,False,,4,"Contro il Padova si è incaponito alla ricerca del gol senza riuscire a trovarlo, ma la voglia di lasciare il segno si è vista eccome. Le indicazioni di questo precampionato sono state comunque positive, tanto da essere premiato come miglior giocatore della FVG Cup. Il Como è un avversario complicato, ma resta uno di quei giocatori che difficilmente lasceremmo fuori.",True,True,True
1,UDI,COM,2026-08-22T16:30:00Z,UDI,6684,Ekkelenkamp,,,False,,3,"Queste sono le sue partite: dovrà dare una mano ai mediani nel contenimento, ma anche provare ad aggiungere imprevedibilità davanti con inserimenti e conclusioni dalla distanza. Approfondimento tra le "" Possibili sorprese """,False,True,True
1,UDI,COM,2026-08-22T16:30:00Z,UDI,6783,Gomez,,,False,,2,"Può avere una mezz’ora a disposizione, anche in base a come si metterà la partita. Per Rambo possiamo aspettare però un impegno un po’ più semplice prima di pensare seriamente a schierarlo.",False,False,False
1,UDI,COM,2026-08-22T16:30:00Z,UDI,6680,Karlström,,,False,,2,"Contro il palleggio e la mobilità del Como sarà chiamato a fare gli straordinari soprattutto in fase di contenimento. Approfondimento tra gli "" Sconsigliati """,False,False,False
1,UDI,COM,2026-08-22T16:30:00Z,UDI,7198,Piotrowski,True,55,False,,2,"Parte leggermente avanti su Miller, ma attenzione al cartellino: nella posizione attuale è chiamato a un lavoro più di contenimento rispetto allo scorso anno e contro il Como questo aspetto potrebbe accentuarsi ulteriormente.",False,False,False
1,UDI,COM,2026-08-22T16:30:00Z,UDI,7208,Miller,False,45,False,,2,"Se la gioca con Piotrowski ma parte leggermente dietro: dalla sua avrebbe forse qualcosa in più nella gestione del possesso, ma contro il Como in quella zona è probabile che si privilegi soprattutto sostanza e contenimento.",False,False,False
1,UDI,COM,2026-08-22T16:30:00Z,UDI,6212,Zarraga,,,False,,1,"Stagione nuova, vecchie abitudini. Difficile aspettarsi molto più dei consueti 10-15 minuti finali.",False,False,False
1,UDI,COM,2026-08-22T16:30:00Z,UDI,,Peijcic,,,False,,1,"Panchina per il giovane, con possibilità di ingresso che sembrano ridotte anche per questa partita.",False,False,False
1,UDI,COM,2026-08-22T16:30:00Z,UDI,,Lovric,,,False,,1,"Non un nome da prendere in considerazione, anche perché un suo ingresso appare poco probabile.",False,False,False
1,UDI,COM,2026-08-22T16:30:00Z,UDI,5637,Davis,,,False,,4,"Nonostante la stazza e la preparazione specifica ha già il ritmo partita, probabilmente non ancora i 90 minuti, finora a Udine non è mai partito in una condizione così favorevole.",True,False,False
1,UDI,COM,2026-08-22T16:30:00Z,UDI,7272,Gueye,,,False,,3,Partirà dalla panchina ma nelle ultime uscite ha dimostrato di riuscire a dare un pò di brio in avanti nonostante gli manchi ancora la precisione.,False,False,False
1,UDI,COM,2026-08-22T16:30:00Z,UDI,7161,Bayo,,,False,,2,"Contro il Barcellona ha disputato una buona gara e un bel gol, poi in Coppa Italia non si è visto, pare non godere delle preferenze del Mister.",False,False,False
1,UDI,COM,2026-08-22T16:30:00Z,UDI,7249,Buksa,,,False,,1,La prova tutt’altro che incoraggiante in Coppa Italia potrebbe essere stata anche l’ultima in bianconero: nelle ultime ore si è aperta una trattativa per la sua cessione al Maiorca.,False,False,False
1,UDI,COM,2026-08-22T16:30:00Z,COM,6966,Butez,,,False,,3,"Erroraccio contro l'Arsenal, incolpevole sui due gol presi con il Liverpool. Non è super consigliato perchè iniziare in trasferta a Udine è insidioso ma è tranquillamente schierabile (e dubitiamo che se avete investito su Butez, possiate avere alternative molto preferibili)",False,False,False
1,UDI,COM,2026-08-22T16:30:00Z,COM,7301,Tornqvist,,,False,,2,Secondo portiere,False,False,False
1,UDI,COM,2026-08-22T16:30:00Z,COM,2809,Vigorito,,,False,,2,Terzo portiere,False,False,False
1,UDI,COM,2026-08-22T16:30:00Z,COM,6869,Ramòn,,,False,,4,"Ci aspettiamo la solita prestazione solida dietro, con qualche sortita in avanti",False,False,False
1,UDI,COM,2026-08-22T16:30:00Z,COM,5641,Chalobah,,,False,,4,"Con Ramòn forma un gran bel muro, tranquillamente schierabile",False,False,False
1,UDI,COM,2026-08-22T16:30:00Z,COM,6867,Valle,True,55,False,,3,"in ballottaggio con Kaiki Bruno, ma resta uno dei più positivi del precampionato.",False,False,False
1,UDI,COM,2026-08-22T16:30:00Z,COM,6727,Couto,True,60,False,,3,"Da rivedere in fase difensiva, ma ci piacciono le sue sortite offensive, occhio ai +1",False,False,False
1,UDI,COM,2026-08-22T16:30:00Z,COM,7414,Kaiki Bruno,False,45,False,,3,"Ballottaggio con Valle, valgono le considerazioni fatte per Couto",False,False,True
1,UDI,COM,2026-08-22T16:30:00Z,COM,6893,Kempf,,,False,,3,"Partirà dalla panchina, potrebbe entrare in caso di necessità",False,False,False
1,UDI,COM,2026-08-22T16:30:00Z,COM,7014,Smolcic,False,40,False,,3,Non pensiamo sia finito nel dimenticatoio ma probabilmente partirà dalla panchina,False,False,False
1,UDI,COM,2026-08-22T16:30:00Z,COM,,Dossena,,,False,,2,Riserva,False,False,False
1,UDI,COM,2026-08-22T16:30:00Z,COM,418,Goldaniga,,,False,,2,Riserva,False,False,False
1,UDI,COM,2026-08-22T16:30:00Z,COM,7126,Baturina,,,False,,5,CONSIGLIATO,True,True,True
1,UDI,COM,2026-08-22T16:30:00Z,COM,5559,Da Cunha,,,False,,4,"Bello pimpante contro il Liverpool, è tornato il Capitano. In caso di prestazione positiva della squadra, ci aspettiamo che sarà come al solito tra i migliori. In assenza di Nico Paz, potrebbe avere occasioni su punizione (e vi ricordiamo che è il rigorista designato)",True,True,True
1,UDI,COM,2026-08-22T16:30:00Z,COM,6678,Liberali,False,30,False,,4,POSSIBILI SORPRESE,False,False,True
1,UDI,COM,2026-08-22T16:30:00Z,COM,7129,Rodriguez,False,40,False,,3,POSSIBILI SORPRESE,False,False,False
1,UDI,COM,2026-08-22T16:30:00Z,COM,6151,Perrone,True,60,False,,3,Contro il Liverpool non ci è ancora sembrato lui ma resta schierabile tranquillamente. Occhio al cartellino.,False,False,False
1,UDI,COM,2026-08-22T16:30:00Z,COM,6875,Paz,False,10,False,,3,"Il rientro tardivo dalle vacanze ci porta a ipotizzare una panchina iniziale. Ma chi ce l'ha può schierarlo, anche solo per il quarto d'ora finale.",False,True,True
1,UDI,COM,2026-08-22T16:30:00Z,COM,7412,Milla,False,40,False,,3,"Ci sta piacendo molto questo acquisto sotto traccia dalla Spagna, perfettamente intercambiabile con Perrone e Da Cunha. Non è escluso che possa partire dal 1. Non ha in canna bonus (anche se l'anno scorso ha fatto il record di assist) ma sicuramente un buon voto se lo può portare a casa anche da subentrante",False,False,False
1,UDI,COM,2026-08-22T16:30:00Z,COM,5036,Caqueret,,,False,,3,"Crediamo avrà spazio nel corso della gara, ma non contate su un suo voto al 100%. Nè consigliato nè sconsigliato",False,False,False
1,UDI,COM,2026-08-22T16:30:00Z,COM,7357,Lahdo,,,False,,2,Sta cominciando a integrarsi nei meccanismi di Fabregas ma aspettiamo segnali chiari prima di metterlo tra gli schierabili,False,False,False
1,UDI,COM,2026-08-22T16:30:00Z,COM,7017,Douvikas,,,False,,3,"Apparso appesantito all'ultima uscita dopo un ottimo precampionato, non ci aspettiamo una partita facile. Schierabile ma non è la partita in cui vi promettiamo il bonus garantito",True,False,False
1,UDI,COM,2026-08-22T16:30:00Z,COM,6967,Diao,False,20,False,,3,POSSIBILI SORPRESE,False,False,False
1,UDI,COM,2026-08-22T16:30:00Z,COM,,Gabrielloni,,,False,,2,"Se giocasse 10 minuti avrebbe più possibilità di segnare di Morata in 90, ma non giocherà",False,False,False
1,UDI,COM,2026-08-22T16:30:00Z,COM,7128,Kuhn,,,False,,2,"Nella lista dei bocciati, sta a lui farci ricredere",False,False,False
1,UDI,COM,2026-08-22T16:30:00Z,COM,313,Morata,,,False,,1,Abbiamo perso le speranze che possa farci ricredere,False,False,False
1,BOL,LAZ,2026-08-24T16:30:00Z,BOL,133,Skorupski,,,False,,3,"Il nostro portierone è apparso decisamente in forma durante il precampionato, tuttavia un gol è da mettere in conto, dati i dubbi che coinvolgono la nostra difesa. Potrebbe tornare buono per il modificatore.",False,False,False
1,BOL,LAZ,2026-08-24T16:30:00Z,BOL,7172,Pessina,,,False,,1,Portiere di riserva.,False,False,False
1,BOL,LAZ,2026-08-24T16:30:00Z,BOL,,Franceschelli,,,False,,1,"Terzo portiere, se non scoppia un'epidemia di peste bubbonica non gioca.",False,False,False
1,BOL,LAZ,2026-08-24T16:30:00Z,BOL,4734,Miranda,,,False,,3,"Buone impressioni dal precampionato, schierabile in quanto potrebbe portare una sufficienza abbondante e, perché no, anche un asssist!",False,False,False
1,BOL,LAZ,2026-08-24T16:30:00Z,BOL,4433,Zortea,,,False,,3,"Come il compagno, forse un pò meno perché dalla sua parte graviterà Zaccagni.",False,False,False
1,BOL,LAZ,2026-08-24T16:30:00Z,BOL,5678,Holm,,,False,,2,"Un po' sparito dai radar ultimamente a causa di qualche suo solito problema fisico, potrebbe giocare una manciata di minuti nella ripresa, ma il voto è tutt'altro che certo.",False,False,False
1,BOL,LAZ,2026-08-24T16:30:00Z,BOL,7326,Helland,True,55,False,,2,"Approfondimento tra gli ""Sconsigliati"" .",False,False,False
1,BOL,LAZ,2026-08-24T16:30:00Z,BOL,7212,Heggem,,,False,,2,"Approfondimento tra gli ""Sconsigliati"" .",False,False,False
1,BOL,LAZ,2026-08-24T16:30:00Z,BOL,7068,Vitik,False,45,True,,2,"Approfondimento tra gli ""Sconsigliati"" .",False,False,False
1,BOL,LAZ,2026-08-24T16:30:00Z,BOL,7483,Alhassane,,,False,,2,"Il giovane terzino deve ancora entrare negli automatismi della squadra. Di lui per ora incuriosice più il fatto che sia naturalizzato nigerino (sì, sì, proprio del Niger, non ne ricordo altri in Italia...), seppure sia nato in Nigeria e abbia la cittadinanza spagnola.",False,False,False
1,BOL,LAZ,2026-08-24T16:30:00Z,BOL,5498,Casale,,,False,,2,"Da evitare, in odore di cessione.",False,False,False
1,BOL,LAZ,2026-08-24T16:30:00Z,BOL,487,De Silvestri,,,False,,2,"Difficile che il totem scenda in campo, molto difficile.",False,False,False
1,BOL,LAZ,2026-08-24T16:30:00Z,BOL,2167,Orsolini,,,False,,4,"Approfondimento tra i ""Consigliati"" .",True,True,True
1,BOL,LAZ,2026-08-24T16:30:00Z,BOL,6844,Rowe,True,65,False,,4,"Approfondimento tra i ""Consigliati"" .",False,False,False
1,BOL,LAZ,2026-08-24T16:30:00Z,BOL,184,Bernardeschi,True,70,False,,3,"Berna è schierabile, nella posizione ibrida tra centrocampo e attacco potrebbe sfruttare le eventuali falle di una difesa della Lazio ancora da registrare. Suo anche qualche calcio piazzato.",True,True,True
1,BOL,LAZ,2026-08-24T16:30:00Z,BOL,4436,Cambiaghi,False,35,False,,3,"Approfondimento tra le ""Possibili Sorprese"" .",False,False,False
1,BOL,LAZ,2026-08-24T16:30:00Z,BOL,5858,Ferguson,False,35,False,,3,"Sembra carico, da capire se giocherà mediano oppure avrà licenza di inserirsi. Come M al Mantra, in assenza di profili più offensivi, si può schierare senza grossi patemi.",False,False,False
1,BOL,LAZ,2026-08-24T16:30:00Z,BOL,6054,Moro,False,20,False,,3,"In ballottaggio, dovrebbe comunque andare a voto e portare un minimo di geometrie nel centrocampo rossoblu.",False,False,False
1,BOL,LAZ,2026-08-24T16:30:00Z,BOL,7528,Amondarain,,,False,,3,"Il giovane argentino sta pian piano cercando di capire il calcio italiano, inizalmente si pensava potesse essere schierato da mediano, ma le ultime indicazioni fanno pensare che il mister lo veda più come mezzala. Con copertura, può essere l'azzardo di giornata.",False,False,False
1,BOL,LAZ,2026-08-24T16:30:00Z,BOL,5298,Pobega,False,20,False,,3,Il buon Tommaso potrebbe entrare nella ripresa al posto di una mezzala.,False,False,False
1,BOL,LAZ,2026-08-24T16:30:00Z,BOL,6225,El Azzouzi,False,25,False,,2,"Oussama sembra essere entrato nelle grazie del Mister, che lo ha spesso schierato titolare nel precampionato. Tuttavia è sembrato un pò leggerino per la Serie A, guarderemmo altrove in attesa di segnali positivi.",False,False,False
1,BOL,LAZ,2026-08-24T16:30:00Z,BOL,2765,Odgaard,False,30,False,,2,"Indietro nel ballottaggio con Bernardeschi, da schierare solo con copertura, ma crediamo che per questa giornata abbiate di meglio in rosa.",False,False,False
1,BOL,LAZ,2026-08-24T16:30:00Z,BOL,,Piccoli,True,60,False,,3,"Approfondimento tra le ""Possibili Sorprese"" .",False,False,False
1,BOL,LAZ,2026-08-24T16:30:00Z,BOL,6675,Dovbyk,False,40,False,,2,"Approfondimento tra gli ""Sconsigliati"" .",True,False,False
1,BOL,LAZ,2026-08-24T16:30:00Z,LAZ,6482,Mandas,,,False,,2,"La difesa, nella prima gara ufficiale e nel precampionato, ha mostrato più di una lacuna, soprattutto se presa in velocità a campo aperto. In queste condizioni, se non ci saranno correttivi tattici, crediamo che il rischio di subire più di un gol sia elevato.",False,False,False
1,BOL,LAZ,2026-08-24T16:30:00Z,LAZ,7337,Motta,,,False,,2,,False,False,False
1,BOL,LAZ,2026-08-24T16:30:00Z,LAZ,7534,Renzetti,,,False,,2,,False,False,False
1,BOL,LAZ,2026-08-24T16:30:00Z,LAZ,4817,Pedraza,,,False,,3,"Fino a questo momento non ha messo in mostra particolari spunti offensivi, ma almeno è sembrato leggermente più disciplinato tatticamente rispetto ai compagni di reparto. L'impatto con il campionato rischia di non essere tra i più semplici, ma in questa gara non ci sentiamo di sconsigliarlo apertamente.",False,False,True
1,BOL,LAZ,2026-08-24T16:30:00Z,LAZ,7131,Floriani,,,False,,3,"Potrebbe avere spazio nella ripresa e magari cercare un po' di spinta sulla fascia. Tenetelo in considerazione se non avete di meglio da schierare e cercate una sorpresa positiva, ma con una certa dose di rischio.",False,False,False
1,BOL,LAZ,2026-08-24T16:30:00Z,LAZ,7012,Provstgaard,,,False,,2,"Gara in cui tatticamente potrebbe soffrire gli spazi aperti e le ripartenze del Bologna, la speranza è che possa sopperire con il fisico e il piazzamento nei duelli. In generale, per quanto visto finora, sembra essere un po' penalizzato dall'atteggiamento tattico di Gattuso.",False,False,False
1,BOL,LAZ,2026-08-24T16:30:00Z,LAZ,6320,Doekhi,,,False,,2,"Per lui possono valere le stesse considerazioni fatte su Provstgaard, con l'aggiunta di una certa lentezza strutturale e maggiore difficoltà nella lettura dell'azione. Potrebbe farsi vedere in area avversaria su palla inattiva, ma questo aspetto non rende meno rischiosa l'idea di schierarlo.",False,False,False
1,BOL,LAZ,2026-08-24T16:30:00Z,LAZ,2263,Lazzari,,,False,,2,"In concorrenza con Floriani per un po' di spazio nella ripresa, anche lui potrebbe offrire una discreta spinta offensiva, ma con molti più rischi in fase di copertura.",False,False,False
1,BOL,LAZ,2026-08-24T16:30:00Z,LAZ,2188,Marusic,,,False,,2,"Approfondimento tra gli "" Sconsigliati """,False,False,False
1,BOL,LAZ,2026-08-24T16:30:00Z,LAZ,2728,Pellegrini,,,False,,2,,False,False,False
1,BOL,LAZ,2026-08-24T16:30:00Z,LAZ,460,Romagnoli,,,False,,2,,False,False,False
1,BOL,LAZ,2026-08-24T16:30:00Z,LAZ,632,Zaccagni,,,False,,3,"Può essere una buona scelta nelle vostre formazioni, a patto che si convinca di attaccare di più la porta e abbassarsi meno a centrocampo per venire a prendere qualche pallone giocabile. Al momento lo abbiamo visto fare entrambe le cose, quindi, in una gara difficile, non possiamo consigliarlo apertamente.",True,True,True
1,BOL,LAZ,2026-08-24T16:30:00Z,LAZ,7314,Taylor,,,False,,3,"Lo scorso anno ha punito il Bologna con una bella doppietta, giocando in una posizione più propositiva rispetto a quella vista in avvio di stagione. Attualmente risulta più sacrificato nel lavoro di costruzione e copertura, ma ha sempre le qualità tecniche e di inserimento necessarie per rendersi pericoloso.",True,False,False
1,BOL,LAZ,2026-08-24T16:30:00Z,LAZ,,Frattesi,False,45,False,,3,"Approfondimento tra le "" Possibili sorprese """,False,False,False
1,BOL,LAZ,2026-08-24T16:30:00Z,LAZ,6629,Dele Bashiru,True,55,False,,3,"Uno dei meno peggio nella gara di Coppa Italia, ha messo in mostra qualche buona accelerazione, vanificata come sempre dai limiti tecnici. Con queste caratteristiche potrebbe sfruttare qualche spazio in ripartenza, anche se non lo aspetta una gara facile, che molto probabilmente vedrà anche la staffetta con Frattesi.",False,False,False
1,BOL,LAZ,2026-08-24T16:30:00Z,LAZ,5500,Cancellieri,,,False,,2,"Brutta prestazione in Coppa Italia, con pochi affondi utili e tanti errori, conditi da una certa dose di supponenza e arroganza tattica. Ancora non riesce a incidere in modo positivo, soprattutto quando si trova in condizione di concludere a rete.",False,False,False
1,BOL,LAZ,2026-08-24T16:30:00Z,LAZ,4459,Rovella,,,False,,2,"Ha iniziato la stagione cercando di creare gioco, ma troppo spesso trovandosi a inseguire gli avversari lanciati verso la porta. Temiamo che anche in questa gara il copione possa ripetersi, con alto rischio di cartellino.",False,True,True
1,BOL,LAZ,2026-08-24T16:30:00Z,LAZ,6191,Belahyane,,,False,,2,,False,False,False
1,BOL,LAZ,2026-08-24T16:30:00Z,LAZ,,Galassi,,,False,,2,,False,False,False
1,BOL,LAZ,2026-08-24T16:30:00Z,LAZ,7313,Ratkov,False,40,False,,2,"La speranza è che, partendo da titolare o dalla panchina, possa combinare qualcosa di buono, come intravisto nelle modeste amichevoli precampionato. Resta comunque una speranza, quindi vi suggeriamo di non basare il vostro attacco su di lui.",False,False,False
1,BOL,LAZ,2026-08-24T16:30:00Z,LAZ,5672,Dia,True,60,False,,2,"Da centravanti davvero un pesce fuor d'acqua: non segna, si abbassa a legare il gioco non si capisce bene per chi, in più ha sempre una mobilità ridotta. Al momento, decisamente da evitare.",False,False,False
1,BOL,LAZ,2026-08-24T16:30:00Z,LAZ,6556,Noslin,,,False,,2,"Lo scorso anno ha combinato qualcosa di buono solo come attaccante centrale e quindi Gattuso decide saggiamente di utilizzarlo come esterno destro, posizione in cui non ha mai convinto. A queste condizioni, fatene a meno.",False,False,False
1,BOL,LAZ,2026-08-24T16:30:00Z,LAZ,,Artistico,,,False,,2,,False,False,False
1,INT,MON,2026-08-22T16:30:00Z,INT,2764,Martinez,True,65,False,,4,"L'esordio in casa è la ghiotta occasione per iniziare col primo clean sheet della stagione. Fino all'ultimo ci sarà ballottaggio col collega di reparto, ad ogni modo la fortuna vuole che Inter-Monza, apre la prima giornata del nuovo campionato e si avrà il vantaggio di sapere in anteprima le formazioni ufficiali.",False,False,False
1,INT,MON,2026-08-22T16:30:00Z,INT,2814,Provedel,,,False,,3,vedi Martinez,False,False,False
1,INT,MON,2026-08-22T16:30:00Z,INT,1926,Di Gennaro,,,False,,1,Terzo portiere.,False,False,False
1,INT,MON,2026-08-22T16:30:00Z,INT,254,Dimarco,,,False,,5,Vedi Consigliati,False,True,True
1,INT,MON,2026-08-22T16:30:00Z,INT,4159,Akanji,,,False,,4,"Il ministro della difesa nerazzurra riparte come elemento imprescindibile per la sua squadra, perfetto per il mod e pericoloso su i piazzati. Punto fermo",False,False,False
1,INT,MON,2026-08-22T16:30:00Z,INT,2514,Stones,True,50,False,,4,"La carriera fatta in Inghilterra depone a suo favore, quando in salute può giocare con la mano in tasca e la sigaretta in bocca: anche per lui è un grande YES",False,False,False
1,INT,MON,2026-08-22T16:30:00Z,INT,2120,Bastoni,,,False,,4,"Il play della retroguardia nerazzurra, deputato a impostare l'azione da dietro e saltare la prima linea di pressing, non mancheranno le sue scorribande sull'out mancino, in tandem con Dimash",False,False,False
1,INT,MON,2026-08-22T16:30:00Z,INT,6217,Bisseck,,,False,,4,"In ballottaggio per un posto nei 3 dietro, Bisteccone ha tutte le qualità per giganteggiare in entrambe le aeree di rigore, trovategli un posticino nelle vostre difese se lo vedete in distinta tra gli 11 titolari, il suo appeal aumenterebba a 4/5",False,False,False
1,INT,MON,2026-08-22T16:30:00Z,INT,5877,Carlos Augusto,,,False,,3,"Per la regola dell'ex è ampiamente schierabile, cautelatevi con adeguata copertura vista la non certa possibilità di andare a voto",False,False,False
1,INT,MON,2026-08-22T16:30:00Z,INT,4177,Pavard,,,False,,3,"Panchinaro di lusso per un Inter che ha abbondanza in ogni reparto, potrebbe reintrare nel lotto delle 5 sostituzioni ma senza garantire certezza di andare a voto",False,False,False
1,INT,MON,2026-08-22T16:30:00Z,INT,2194,Calhanoglu,,,False,,5,"Faro e leader tecnico di questa squadra, portatore sano di gioie fantacalcistiche, il bonus di Calha è sempre dietro l'angolo, non serve nemmeno dirvi che dovete metterlo in campo. Pure con una gamba",True,True,True
1,INT,MON,2026-08-22T16:30:00Z,INT,1870,Barella,,,False,,4,vedi possibili Sorprese,False,True,True
1,INT,MON,2026-08-22T16:30:00Z,INT,152,Zielinski,,,False,,4,vedi Consigliati,True,True,True
1,INT,MON,2026-08-22T16:30:00Z,INT,6274,Diouf,,,False,,3,vedi Possibili Sorprese,False,False,False
1,INT,MON,2026-08-22T16:30:00Z,INT,7070,Sucic,,,False,,3,"Calciatore cresciuto parecchio nell'ultimo periodo, quest'anno ci si aspetta un upgrade da parte sua, potrebbe trovare spazio nella ripresa, come 4° slot del vostro centrocampo potrebbe starci alla grande, valutate eventuali alternative",False,False,False
1,INT,MON,2026-08-22T16:30:00Z,INT,6503,Stankovic A.,,,False,,3,"Il figlio d'arte inizia la propria avventura tra i professionisti nerazzurri, in base all'andamento della gara potrebbe anche esordire in maglia nerazzurra, al momento al fanta rappresenta una scommessa/azzardo abbastanza grande, nel caso andasse a voto molto più utile al mantra in qualità di M/C.",False,False,False
1,INT,MON,2026-08-22T16:30:00Z,INT,5301,L. Henrique,,,False,,3,"Nonostante la partenza di Dumfries, Luisello non ha conquistato la grazie di mister Chivu, superato da Diouf nelle gerarchie della fascia destra potrebbe rimanere per l'intera gara in panca visti i recenti rumors di mercato",False,False,False
1,INT,MON,2026-08-22T16:30:00Z,INT,7071,Pio Esposito,,,False,,5,"Dopo un anno di serie A sulle spalle, inizia ad esserci una certa aspettativa nei confronti del ragazzo, la gara contro il Monza è un'ottima occasione per iniziare col botto il campionato ed entrare nel tabellino dei marcatori",True,False,False
1,INT,MON,2026-08-22T16:30:00Z,INT,,Lautaro,True,55,False,,5,"(indice se titolare) - Si riparte dal Capitano. Senza la minima esitazione affidiamogli una maglia, la sua valutazione è solo di 4/5 per via del ballottaggio e della poca preparazione fatta con il resto del gruppo ma uno come Lauti sa sempre come timbrare il cartellino e gonfiare la rete avversaria",True,False,False
1,INT,MON,2026-08-22T16:30:00Z,INT,6669,Bonny,,,False,,4,"Apparso pimpante nel precampionato, potrebbe ritrovarsi titolare sabato alla prima in casa. Se non avete nomi altisonanti non è utopistico lanciarlo nella mischia",False,False,False
1,INT,MON,2026-08-22T16:30:00Z,INT,4871,Thuram,,,False,,3,"Del roster di punte nerazzurre, forse quelle meno in condizione visto il suo rientro in gruppo tardivamente a causa del mondiale ma non per questo va escluso a priori dalle vostre formazioni, la gara potrebbe mettersi in discesa e nel secondo tempo trovare campo aperto per ripartenze letali, fateci un pensierino.",False,False,False
1,INT,MON,2026-08-22T16:30:00Z,MON,6682,Pizzignacco,,,False,,2,"Titolare confermato per la squalifica di Thiam, ma l'esordio stagionale in Serie A a San Siro contro i campioni d'Italia non è l'ideale: l'attacco nerazzurro è storicamente prolifico, ipotizziamo possa prendere almeno un paio di gol, anche se in caso di qualche parata importante potrebbe strappare un voticino da mod. Ma è comunque una partita proibitiva, ci sono scelte migliori per la giornata.",False,False,False
1,INT,MON,2026-08-22T16:30:00Z,MON,7475,Strajnar,,,False,,1,Secondo portiere,False,False,False
1,INT,MON,2026-08-22T16:30:00Z,MON,5838,Birindelli,,,False,,3,"L'uomo con più esperienza nel Monza, se la vedrà direttamente contro Di Marco, in quello che si preannuncia un duello di ottimo livello. Il Monza ha bisogno delle sue discese, dei suoi palloni recuperati e dei suoi cross velenosi. Attenzione però ai falli, ha il giallo facile.",False,True,True
1,INT,MON,2026-08-22T16:30:00Z,MON,7485,Mangas,,,False,,3,VEDI POSSIBILI SORPRESE,False,True,True
1,INT,MON,2026-08-22T16:30:00Z,MON,7238,Kouadio,,,False,,2,"Al debutto in maglia biancorossa, dovrà contenere le folate offensive dei neroazzurri: compito sicuramente arduo, ma nel precampionato questo ragazzo non ha sfigurato, quindi con un po' di fortuna potrà dire la sua. Visto però l'impegno proibitivo, non ci sentiamo di consigliarlo a pieno.",False,False,False
1,INT,MON,2026-08-22T16:30:00Z,MON,2115,Delli Carri,True,80,False,,2,"Avrà contro Lautaro e Thuram, dovrà essere bravo a chiuderli e a far ripartire l'azione. Potrebbe farsi sentire sui calci piazzati, ma gli avversari sono la squadra che ha segnato più gol di testa nella scorsa stagione.",False,False,False
1,INT,MON,2026-08-22T16:30:00Z,MON,4925,Carboni,,,False,,2,"Il più esperto del terzetto arretrato, chiamato a guidare la retroguardia contro Lautaro e Pio Esposito. Potrebbe non essere la partita ideale per schierarlo.",False,False,False
1,INT,MON,2026-08-22T16:30:00Z,MON,7476,Bakouné,,,False,,2,"Dovrebbe partire dalla panchina, a meno che Birindelli non parta braccetto di difesa. In quel caso partirebbe titolare sulla corsia di destra e avrà l'arduo compito di contenere Di Marco. Più probabile un suo impiego nella ripresa, se il Monza dovesse provare a recuperare lo svantaggio e dovrà spaccare la partita con le sue accelerazioni.",False,False,False
1,INT,MON,2026-08-22T16:30:00Z,MON,6659,Lucchesi,False,20,False,,2,"Riserva di Delli Carri, potrebbe ritagliarsi uno spezzone di partita, ma nulla di più.",False,False,False
1,INT,MON,2026-08-22T16:30:00Z,MON,5399,Antov,,,False,,1,Riserva.,False,False,False
1,INT,MON,2026-08-22T16:30:00Z,MON,,Forson,True,70,False,,3,"Il giovane talento proveniente dal settore giovanile dello United dovrebbe vincere il ballottaggio con Colpani, in Coppa Italia ha sorpreso, mostrando buone trame offensive e svariando praticamente su tutto il campo. Ha 22 anni e voglia di spaccare il mondo, in attesa che arrivino rinforzi dal mercato che potrebbero togliergli minuti, si prenderà la trequarti del Monza, Juric gli sta dando fiducia.",False,False,False
1,INT,MON,2026-08-22T16:30:00Z,MON,5878,Colpani,False,30,False,,3,"Che ci volete fare, saremo degli inguaribili romantici, ma anche se non dovesse partire titolare, chi può inventare qualcosa in questa squadra ancora rimaneggiata da un mercato incompleto, se non il buon Andrea? C'è da dire che contro l'Avellino non ha brillato, magari dover giocare contro un'avversaria più blasonata, potrebbe fargli sbloccare quel qualcosa che gli sta mancando da due anni. Scommessa ad alto rischio.",False,False,False
1,INT,MON,2026-08-22T16:30:00Z,MON,,Mout,,,False,,2,"Juric ha detto che il giocatore ha avuto una grossa crescita in un mese e mezzo: 19 anni e buonissima personalità, avrà l'occasione di prendere in mano le chiavi del centrocampo in vista di questa partita. Stranamente non è ancora in lista FC.",False,False,False
1,INT,MON,2026-08-22T16:30:00Z,MON,,Foe Ondoa,,,False,,2,"Anche lui al momento non è nel listone FC, giocherà in mezzo presumibilmente vista l'ecatombe di centrocampisti centrali. Si può evitare in questo match",False,False,False
1,INT,MON,2026-08-22T16:30:00Z,MON,2155,Cutrone,,,False,,3,VEDI CONSIGLIATI,True,False,False
1,INT,MON,2026-08-22T16:30:00Z,MON,7523,Varela,,,False,,2,"Sbaglieremo e ci prenderemo i giusti insulti, ma nonostante la doppietta contro l'Avellino in Coppa Italia, non ci sentiamo di consigliarlo particolarmente all'esordio in Serie A in trasferta contro i campioni in carica.",True,False,False
1,INT,MON,2026-08-22T16:30:00Z,MON,7546,Robinson,,,False,,1,"Giovanissimo, appena arrivato dal Southampton. Juric non lo ha schierato contro l'Avellino in Coppa Italia, lo farà in campionato contro l'Inter? Noi dubitiamo fortemente, attendiamo momenti migliori, il talento c'è sicuramente.",False,False,False
