stagione_target,player_id,nome_giocatore,ruolo,squadra_giocatore_target,squadra_giocatore_n1,cambio_squadra,presenze_cumulate_carriera_n1,fantamedia_target,gol_target,assist_target,bonus_netti_target,presenze_target,fantamedia_lag1,gol_lag1,assist_lag1,bonus_netti_lag1,presenze_lag1,voto_medio_lag1,minuti_totali_lag1,xg_totale_lag1,xa_totale_lag1,shots_totali_lag1,fantamedia_ma3,gol_ma3,assist_ma3,bonus_netti_ma3,presenze_ma3,voto_medio_ma3,minuti_totali_ma3,xg_totale_ma3,xa_totale_ma3,shots_totali_ma3,squadra_punti_finali_n1,squadra_posizione_finale_n1,squadra_nuova_punti_finali_n1,squadra_nuova_posizione_finale_n1,quotazione_iniziale_n1,quotazione_attuale_n1,fvm_n1,quotazione_iniziale_target
2016-17,133,Skorupski,portiere,Empoli,Empoli,0.0,1.0,5.0,0.0,0.0,-47.0,35.0,4.790322580645161,0.0,0.0,-44.0,31.0,6.209677419354839,0.0,0.0,0.0,0.0,4.790322580645161,0.0,0.0,-44.0,31.0,6.209677419354839,0.0,0.0,0.0,0.0,43.0,12.0,,,9.0,9.0,,9.0
2017-18,133,Skorupski,portiere,Roma,Empoli,1.0,2.0,6.5,0.0,0.0,0.0,1.0,5.0,0.0,0.0,-47.0,35.0,6.3428571428571425,0.0,0.0,0.0,0.0,4.89516129032258,0.0,0.0,-45.5,33.0,6.276267281105991,0.0,0.0,0.0,0.0,32.0,17.0,84.0,2.0,9.0,10.0,,1.0
2018-19,133,Skorupski,portiere,Bologna,Roma,1.0,3.0,4.618421052631579,0.0,0.0,-56.5,38.0,6.5,0.0,0.0,0.0,1.0,6.5,0.0,0.0,0.0,0.0,5.43010752688172,0.0,0.0,-30.333333333333332,22.333333333333332,6.350844854070661,0.0,0.0,0.0,0.0,74.0,3.0,39.0,13.0,1.0,2.0,,9.0
2019-20,133,Skorupski,portiere,Bologna,Bologna,0.0,4.0,4.3108108108108105,0.0,0.0,-62.0,37.0,4.618421052631579,0.0,0.0,-56.5,38.0,6.105263157894737,0.0,0.0,0.0,0.0,5.37280701754386,0.0,0.0,-34.5,24.666666666666668,6.316040100250626,0.0,0.0,0.0,0.0,41.0,12.0,,,9.0,10.0,,9.0
2020-21,133,Skorupski,portiere,Bologna,Bologna,0.0,5.0,4.642857142857143,0.0,0.0,-40.5,28.0,4.3108108108108105,0.0,0.0,-62.0,37.0,5.986486486486487,0.0,0.0,0.0,0.0,5.14307728781413,0.0,0.0,-39.5,25.333333333333332,6.197249881460408,0.0,0.0,0.0,0.0,46.0,12.0,,,9.0,6.0,,8.0
2021-22,133,Skorupski,portiere,Bologna,Bologna,0.0,6.0,4.791666666666667,0.0,0.0,-52.0,36.0,4.642857142857143,0.0,0.0,-40.5,28.0,6.089285714285714,0.0,0.0,0.0,0.0,4.52402966876651,0.0,0.0,-53.0,34.333333333333336,6.060345119555646,0.0,0.0,0.0,0.0,41.0,11.0,,,8.0,9.0,,9.0
2022-23,133,Skorupski,portiere,Bologna,Bologna,0.0,7.0,4.972972972972973,0.0,0.0,-45.0,37.0,4.791666666666667,0.0,0.0,-52.0,36.0,6.236111111111111,0.0,0.0,0.0,0.0,4.581778206778207,0.0,0.0,-51.5,33.666666666666664,6.103961103961105,0.0,0.0,0.0,0.0,43.0,13.0,,,9.0,11.0,,11.0
2023-24,133,Skorupski,portiere,Bologna,Bologna,0.0,8.0,5.328125,0.0,0.0,-27.0,32.0,4.972972972972973,0.0,0.0,-45.0,37.0,6.1891891891891895,0.0,0.0,0.0,0.0,4.802498927498927,0.0,0.0,-45.833333333333336,33.666666666666664,6.171528671528672,0.0,0.0,0.0,0.0,51.0,11.0,,,11.0,13.0,16.0,10.0
2024-25,133,Skorupski,portiere,Bologna,Bologna,0.0,9.0,5.037037037037037,0.0,0.0,-30.5,27.0,5.328125,0.0,0.0,-27.0,32.0,6.171875,0.0,0.0,0.0,0.0,5.030921546546547,0.0,0.0,-41.333333333333336,35.0,6.199058433433433,0.0,0.0,0.0,0.0,68.0,3.0,,,10.0,15.0,32.5,11.0
2025-26,133,Skorupski,portiere,Bologna,Bologna,0.0,10.0,5.277777777777778,0.0,0.0,-16.5,18.0,5.037037037037037,0.0,0.0,-30.5,27.0,6.166666666666667,0.0,0.0,0.0,0.0,5.112711670003336,0.0,0.0,-34.166666666666664,32.0,6.175910285285286,0.0,0.0,0.0,0.0,62.0,8.0,,,11.0,13.0,20.0,10.0
2016-17,134,Barba,difensore,Empoli,Empoli,0.0,1.0,5.636363636363637,0.0,0.0,-1.5,11.0,5.55,0.0,0.0,-1.5,10.0,5.7,0.0,0.0,0.0,0.0,5.55,0.0,0.0,-1.5,10.0,5.7,0.0,0.0,0.0,0.0,43.0,12.0,,,6.0,4.0,,4.0
2016-17,142,Mario Rui,difensore,Roma,Empoli,1.0,1.0,5.5,0.0,0.0,-0.5,4.0,5.875,0.0,1.0,-3.0,36.0,5.958333333333333,0.0,0.0,0.0,0.0,5.875,0.0,1.0,-3.0,36.0,5.958333333333333,0.0,0.0,0.0,0.0,43.0,12.0,77.0,3.0,7.0,9.0,,5.0
2017-18,142,Mario Rui,difensore,Napoli,Roma,1.0,2.0,6.229166666666667,2.0,4.0,5.0,24.0,5.5,0.0,0.0,-0.5,4.0,5.625,0.0,0.0,0.0,0.0,5.6875,0.0,0.5,-1.75,20.0,5.791666666666666,0.0,0.0,0.0,0.0,84.0,2.0,83.0,3.0,5.0,1.0,,6.0
2018-19,142,Mario Rui,difensore,Napoli,Napoli,0.0,3.0,5.868421052631579,1.0,1.0,1.0,19.0,6.229166666666667,2.0,4.0,5.0,24.0,6.020833333333333,0.0,0.0,0.0,0.0,5.868055555555556,0.6666666666666666,1.6666666666666667,0.5,21.333333333333332,5.8680555555555545,0.0,0.0,0.0,0.0,88.0,2.0,,,6.0,10.0,,8.0
2019-20,142,Mario Rui,difensore,Napoli,Napoli,0.0,4.0,5.739130434782608,0.0,2.0,-2.5,23.0,5.868421052631579,1.0,1.0,1.0,19.0,5.815789473684211,0.0,0.0,0.0,0.0,5.865862573099416,1.0,1.6666666666666667,1.8333333333333333,15.666666666666666,5.820540935672515,0.0,0.0,0.0,0.0,79.0,2.0,,,8.0,9.0,,5.0
2020-21,142,Mario Rui,difensore,Napoli,Napoli,0.0,5.0,5.895833333333333,0.0,1.0,-0.5,24.0,5.739130434782608,0.0,2.0,-2.5,23.0,5.8478260869565215,0.0,0.0,0.0,0.0,5.945572718026952,1.0,2.3333333333333335,1.1666666666666667,22.0,5.894816297991355,0.0,0.0,0.0,0.0,59.0,7.0,,,5.0,4.0,,8.0
2021-22,142,Mario Rui,difensore,Napoli,Napoli,0.0,6.0,6.073529411764706,0.0,5.0,1.5,34.0,5.895833333333333,0.0,1.0,-0.5,24.0,5.916666666666667,0.0,0.0,0.0,0.0,5.83446160691584,0.3333333333333333,1.3333333333333333,-0.6666666666666666,22.0,5.860094075769133,0.0,0.0,0.0,0.0,76.0,3.0,,,8.0,5.0,,5.0
2022-23,142,Mario Rui,difensore,Napoli,Napoli,0.0,7.0,6.25,0.0,5.0,3.0,22.0,6.073529411764706,0.0,5.0,1.5,34.0,6.029411764705882,0.0,0.0,0.0,0.0,5.902831059960216,0.0,2.6666666666666665,-0.5,27.0,5.9313015061096905,0.0,0.0,0.0,0.0,76.0,3.0,,,5.0,11.0,,9.0
2023-24,142,Mario Rui,difensore,Napoli,Napoli,0.0,8.0,5.7368421052631575,0.0,2.0,-1.5,19.0,6.25,0.0,5.0,3.0,22.0,6.113636363636363,0.0,0.0,0.0,0.0,6.073120915032679,0.0,3.6666666666666665,1.3333333333333333,26.666666666666668,6.019904931669637,0.0,0.0,0.0,0.0,87.0,1.0,,,9.0,9.0,13.5,10.0
2016-17,653,Zambelli,difensore,Empoli,Empoli,0.0,1.0,5.5625,0.0,0.0,-0.5,8.0,5.5,0.0,0.0,-1.5,16.0,5.59375,0.0,0.0,0.0,0.0,5.5,0.0,0.0,-1.5,16.0,5.59375,0.0,0.0,0.0,0.0,43.0,12.0,,,3.0,2.0,,2.0
2016-17,146,Croce,centrocampista,Empoli,Empoli,0.0,1.0,6.185714285714286,1.0,0.0,1.0,35.0,5.981481481481482,0.0,1.0,-0.5,27.0,6.0,0.0,0.0,0.0,0.0,5.981481481481482,0.0,1.0,-0.5,27.0,6.0,0.0,0.0,0.0,0.0,43.0,12.0,,,6.0,9.0,,5.0
2016-17,147,Diousse',centrocampista,Empoli,Empoli,0.0,1.0,5.590909090909091,0.0,0.0,-6.5,33.0,5.7,0.0,0.0,-2.0,15.0,5.833333333333333,0.0,0.0,0.0,0.0,5.7,0.0,0.0,-2.0,15.0,5.833333333333333,0.0,0.0,0.0,0.0,43.0,12.0,,,1.0,2.0,,5.0
2016-17,150,Saponara,centrocampista,Fiorentina,Empoli,1.0,1.0,6.277777777777778,4.0,3.0,12.5,27.0,6.742424242424242,5.0,9.0,17.0,33.0,6.2272727272727275,0.0,0.0,0.0,0.0,6.742424242424242,5.0,9.0,17.0,33.0,6.2272727272727275,0.0,0.0,0.0,0.0,43.0,12.0,61.0,5.0,21.0,19.0,,17.0
2017-18,150,Saponara,centrocampista,Fiorentina,Fiorentina,0.0,2.0,6.1875,0.0,4.0,2.5,16.0,6.277777777777778,4.0,3.0,12.5,27.0,5.814814814814815,0.0,0.0,0.0,0.0,6.51010101010101,4.5,6.0,14.75,30.0,6.021043771043772,0.0,0.0,0.0,0.0,59.0,8.0,,,17.0,11.0,,12.0
2018-19,150,Saponara,centrocampista,Sampdoria,Fiorentina,1.0,3.0,6.523809523809524,2.0,4.0,8.5,21.0,6.1875,0.0,4.0,2.5,16.0,6.03125,0.0,0.0,0.0,0.0,6.40256734006734,3.0,5.333333333333333,10.666666666666666,25.333333333333332,6.024445847362514,0.0,0.0,0.0,0.0,57.0,8.0,54.0,9.0,12.0,8.0,,10.0
2019-20,150,Saponara,centrocampista,Lecce,Sampdoria,1.0,4.0,6.46875,2.0,3.0,7.5,16.0,6.523809523809524,2.0,4.0,8.5,21.0,6.119047619047619,0.0,0.0,0.0,0.0,6.3296957671957665,2.0,3.6666666666666665,7.833333333333333,21.333333333333332,5.988370811287478,0.0,0.0,0.0,0.0,50.0,9.0,,,10.0,10.0,,10.0
2020-21,150,Saponara,centrocampista,Spezia,Lecce,1.0,5.0,6.8125,2.0,0.0,5.0,8.0,6.46875,2.0,3.0,7.5,16.0,6.0,0.0,0.0,0.0,0.0,6.393353174603175,1.3333333333333333,3.6666666666666665,6.166666666666667,17.666666666666668,6.0500992063492065,0.0,0.0,0.0,0.0,35.0,18.0,,,10.0,8.0,,7.0
2021-22,150,Saponara,centrocampista,Fiorentina,Spezia,1.0,6.0,6.791666666666667,3.0,3.0,11.5,24.0,6.8125,2.0,0.0,5.0,8.0,6.1875,0.0,0.0,0.0,0.0,6.601686507936509,2.0,2.3333333333333335,7.0,15.0,6.10218253968254,0.0,0.0,0.0,0.0,38.0,15.0,39.0,13.0,7.0,7.0,,8.0
2022-23,150,Saponara,centrocampista,Fiorentina,Fiorentina,0.0,7.0,6.604166666666667,4.0,3.0,13.0,24.0,6.791666666666667,3.0,3.0,11.5,24.0,6.3125,0.0,0.0,0.0,0.0,6.690972222222222,2.3333333333333335,2.0,8.0,16.0,6.166666666666667,0.0,0.0,0.0,0.0,59.0,8.0,,,8.0,18.0,,11.0
2023-24,150,Saponara,centrocampista,Verona,Fiorentina,1.0,8.0,6.0,0.0,0.0,0.0,10.0,6.604166666666667,4.0,3.0,13.0,24.0,6.0625,0.0,0.0,0.0,0.0,6.736111111111112,3.0,2.0,9.833333333333334,18.666666666666668,6.1875,0.0,0.0,0.0,0.0,53.0,8.0,31.0,17.0,11.0,12.0,8.5,11.0
2016-17,152,Zielinski,centrocampista,Napoli,Empoli,1.0,1.0,6.897058823529412,5.0,6.0,19.0,34.0,6.685714285714286,5.0,4.0,15.5,35.0,6.242857142857143,0.0,0.0,0.0,0.0,6.685714285714286,5.0,4.0,15.5,35.0,6.242857142857143,0.0,0.0,0.0,0.0,43.0,12.0,79.0,2.0,9.0,15.0,,9.0
2017-18,152,Zielinski,centrocampista,Napoli,Napoli,0.0,2.0,6.444444444444445,4.0,1.0,11.5,36.0,6.897058823529412,5.0,6.0,19.0,34.0,6.338235294117647,0.0,0.0,0.0,0.0,6.791386554621849,5.0,5.0,17.25,34.5,6.290546218487394,0.0,0.0,0.0,0.0,83.0,3.0,,,9.0,16.0,,17.0
2018-19,152,Zielinski,centrocampista,Napoli,Napoli,0.0,3.0,6.625,6.0,2.0,17.0,36.0,6.444444444444445,4.0,1.0,11.5,36.0,6.125,0.0,0.0,0.0,0.0,6.6757391845627145,4.666666666666667,3.6666666666666665,15.333333333333334,35.0,6.235364145658263,0.0,0.0,0.0,0.0,88.0,2.0,,,17.0,18.0,,14.0
2019-20,152,Zielinski,centrocampista,Napoli,Napoli,0.0,4.0,6.180555555555555,2.0,3.0,7.0,36.0,6.625,6.0,2.0,17.0,36.0,6.152777777777778,0.0,0.0,0.0,0.0,6.655501089324619,5.0,3.0,15.833333333333334,35.333333333333336,6.205337690631808,0.0,0.0,0.0,0.0,79.0,2.0,,,14.0,17.0,,17.0
2020-21,152,Zielinski,centrocampista,Napoli,Napoli,0.0,5.0,7.277777777777778,8.0,9.0,32.0,36.0,6.180555555555555,2.0,3.0,7.0,36.0,5.986111111111111,0.0,0.0,0.0,0.0,6.416666666666667,4.0,2.0,11.833333333333334,36.0,6.087962962962963,0.0,0.0,0.0,0.0,59.0,7.0,,,17.0,12.0,,12.0
2021-22,152,Zielinski,centrocampista,Napoli,Napoli,0.0,6.0,6.779411764705882,6.0,5.0,22.5,34.0,7.277777777777778,8.0,9.0,32.0,36.0,6.388888888888889,0.0,0.0,0.0,0.0,6.694444444444444,5.333333333333333,4.666666666666667,18.666666666666668,36.0,6.1759259259259265,0.0,0.0,0.0,0.0,76.0,3.0,,,12.0,26.0,,24.0
2022-23,152,Zielinski,centrocampista,Napoli,Napoli,0.0,7.0,6.716216216216216,3.0,8.0,15.5,37.0,6.779411764705882,6.0,5.0,22.5,34.0,6.117647058823529,0.0,0.0,0.0,0.0,6.745915032679737,5.333333333333333,5.666666666666667,20.5,35.333333333333336,6.16421568627451,0.0,0.0,0.0,0.0,76.0,3.0,,,24.0,20.0,,19.0
2023-24,152,Zielinski,centrocampista,Napoli,Napoli,0.0,8.0,6.333333333333333,2.0,2.0,10.5,27.0,6.716216216216216,3.0,8.0,15.5,37.0,6.297297297297297,0.0,0.0,0.0,0.0,6.924468586233292,5.666666666666667,7.333333333333333,23.333333333333332,35.666666666666664,6.267944415003239,0.0,0.0,0.0,0.0,87.0,1.0,,,19.0,20.0,30.5,20.0
2024-25,152,Zielinski,centrocampista,Inter,Napoli,1.0,9.0,6.325,0.0,1.0,7.0,20.0,6.333333333333333,2.0,2.0,10.5,27.0,5.944444444444445,0.0,0.0,0.0,0.0,6.609653771418476,3.6666666666666665,5.0,16.166666666666668,32.666666666666664,6.11979626685509,0.0,0.0,0.0,0.0,52.0,10.0,93.0,1.0,20.0,11.0,15.0,11.0
2025-26,152,Zielinski,centrocampista,Inter,Inter,0.0,10.0,6.8,5.0,2.0,16.5,30.0,6.325,0.0,1.0,7.0,20.0,5.975,0.0,0.0,0.0,0.0,6.458183183183183,1.6666666666666667,3.6666666666666665,11.0,28.0,6.0722472472472475,0.0,0.0,0.0,0.0,78.0,2.0,,,11.0,9.0,8.0,4.0
2016-17,153,Maccarone,attaccante,Empoli,Empoli,0.0,1.0,6.178571428571429,3.0,2.0,14.5,28.0,7.271428571428571,12.0,3.0,40.5,35.0,6.114285714285714,0.0,0.0,0.0,0.0,7.271428571428571,12.0,3.0,40.5,35.0,6.114285714285714,0.0,0.0,0.0,0.0,43.0,12.0,,,21.0,24.0,,15.0
2016-17,154,Mchedlidze,attaccante,Empoli,Empoli,0.0,1.0,6.964285714285714,6.0,0.0,13.0,14.0,5.3125,0.0,0.0,-1.5,8.0,5.5,0.0,0.0,0.0,0.0,5.3125,0.0,0.0,-1.5,8.0,5.5,0.0,0.0,0.0,0.0,43.0,12.0,,,10.0,2.0,,3.0
2016-17,156,Pucciarelli,attaccante,Empoli,Empoli,0.0,1.0,5.734375,2.0,1.0,6.0,32.0,6.421052631578948,6.0,2.0,19.0,38.0,5.921052631578948,0.0,0.0,0.0,0.0,6.421052631578948,6.0,2.0,19.0,38.0,5.921052631578948,0.0,0.0,0.0,0.0,43.0,12.0,,,15.0,15.0,,12.0
2017-18,156,Pucciarelli,attaccante,Chievo,Empoli,1.0,2.0,5.815789473684211,2.0,0.0,5.0,19.0,5.734375,2.0,1.0,6.0,32.0,5.546875,0.0,0.0,0.0,0.0,6.077713815789474,4.0,1.5,12.5,35.0,5.733963815789474,0.0,0.0,0.0,0.0,32.0,17.0,43.0,14.0,12.0,7.0,,9.0
2018-19,156,Pucciarelli,attaccante,Chievo,Chievo,0.0,3.0,5.3125,0.0,0.0,-0.5,8.0,5.815789473684211,2.0,0.0,5.0,19.0,5.552631578947368,0.0,0.0,0.0,0.0,5.990405701754386,3.3333333333333335,1.0,10.0,29.666666666666668,5.673519736842105,0.0,0.0,0.0,0.0,37.0,15.0,,,9.0,5.0,,4.0
2016-17,95,Bizzarri,portiere,Pescara,Chievo,1.0,1.0,3.586206896551724,0.0,0.0,-69.0,29.0,5.1,0.0,0.0,-38.0,35.0,6.185714285714286,0.0,0.0,0.0,0.0,5.1,0.0,0.0,-38.0,35.0,6.185714285714286,0.0,0.0,0.0,0.0,49.0,9.0,,,10.0,12.0,,7.0
2017-18,95,Bizzarri,portiere,Udinese,Pescara,1.0,2.0,4.59375,0.0,0.0,-47.0,32.0,3.586206896551724,0.0,0.0,-69.0,29.0,5.9655172413793105,0.0,0.0,0.0,0.0,4.343103448275862,0.0,0.0,-53.5,32.0,6.075615763546798,0.0,0.0,0.0,0.0,14.0,20.0,45.0,12.0,7.0,1.0,,1.0
2016-17,100,Cesar,difensore,Chievo,Chievo,0.0,1.0,5.34375,1.0,0.0,-1.5,16.0,5.887096774193548,1.0,0.0,-2.5,31.0,5.967741935483871,0.0,0.0,0.0,0.0,5.887096774193548,1.0,0.0,-2.5,31.0,5.967741935483871,0.0,0.0,0.0,0.0,49.0,9.0,,,6.0,8.0,,5.0
2017-18,100,Cesar,difensore,Chievo,Chievo,0.0,2.0,5.0,0.0,0.0,-4.5,9.0,5.34375,1.0,0.0,-1.5,16.0,5.4375,0.0,0.0,0.0,0.0,5.615423387096774,1.0,0.0,-2.0,23.5,5.702620967741936,0.0,0.0,0.0,0.0,43.0,14.0,,,5.0,4.0,,5.0
2018-19,100,Cesar,difensore,Chievo,Chievo,0.0,3.0,5.538461538461538,1.0,0.0,1.5,13.0,5.0,0.0,0.0,-4.5,9.0,5.5,0.0,0.0,0.0,0.0,5.410282258064516,0.6666666666666666,0.0,-2.8333333333333335,18.666666666666668,5.635080645161291,0.0,0.0,0.0,0.0,37.0,15.0,,,5.0,1.0,,1.0
2016-17,103,Frey,difensore,Chievo,Chievo,0.0,1.0,5.6,0.0,0.0,-1.0,15.0,5.333333333333333,0.0,0.0,-3.5,18.0,5.527777777777778,0.0,0.0,0.0,0.0,5.333333333333333,0.0,0.0,-3.5,18.0,5.527777777777778,0.0,0.0,0.0,0.0,49.0,9.0,,,4.0,2.0,,3.0
2016-17,104,Gamberini,difensore,Chievo,Chievo,0.0,1.0,6.15,1.0,0.0,2.5,20.0,5.909090909090909,0.0,1.0,-1.5,22.0,5.9772727272727275,0.0,0.0,0.0,0.0,5.909090909090909,0.0,1.0,-1.5,22.0,5.9772727272727275,0.0,0.0,0.0,0.0,49.0,9.0,,,4.0,6.0,,6.0
2017-18,104,Gamberini,difensore,Chievo,Chievo,0.0,2.0,5.717391304347826,0.0,0.0,-1.0,23.0,6.15,1.0,0.0,2.5,20.0,6.025,0.0,0.0,0.0,0.0,6.029545454545454,0.5,0.5,0.5,21.0,6.001136363636364,0.0,0.0,0.0,0.0,43.0,14.0,,,6.0,5.0,,7.0
2016-17,105,Gobbi,difensore,Chievo,Chievo,0.0,1.0,5.8,1.0,2.0,2.5,30.0,5.882352941176471,0.0,1.0,-2.5,34.0,5.955882352941177,0.0,0.0,0.0,0.0,5.882352941176471,0.0,1.0,-2.5,34.0,5.955882352941177,0.0,0.0,0.0,0.0,49.0,9.0,,,6.0,8.0,,5.0
2017-18,105,Gobbi,difensore,Chievo,Chievo,0.0,2.0,5.6875,0.0,2.0,0.5,24.0,5.8,1.0,2.0,2.5,30.0,5.716666666666667,0.0,0.0,0.0,0.0,5.841176470588236,0.5,1.5,0.0,32.0,5.836274509803921,0.0,0.0,0.0,0.0,43.0,14.0,,,5.0,6.0,,6.0
2018-19,105,Gobbi,difensore,Parma,Chievo,1.0,3.0,5.4,0.0,1.0,-0.5,15.0,5.6875,0.0,2.0,0.5,24.0,5.666666666666667,0.0,0.0,0.0,0.0,5.789950980392157,0.3333333333333333,1.6666666666666667,0.16666666666666666,29.333333333333332,5.779738562091503,0.0,0.0,0.0,0.0,37.0,15.0,,,6.0,7.0,,2.0
2016-17,111,Birsa,centrocampista,Chievo,Chievo,0.0,1.0,6.771428571428571,7.0,9.0,24.5,35.0,6.714285714285714,4.0,7.0,20.0,35.0,6.142857142857143,0.0,0.0,0.0,0.0,6.714285714285714,4.0,7.0,20.0,35.0,6.142857142857143,0.0,0.0,0.0,0.0,49.0,9.0,,,9.0,13.0,,12.0
2017-18,111,Birsa,centrocampista,Chievo,Chievo,0.0,2.0,6.411764705882353,3.0,7.0,14.5,34.0,6.771428571428571,7.0,9.0,24.5,35.0,6.071428571428571,0.0,0.0,0.0,0.0,6.742857142857143,5.5,8.0,22.25,35.0,6.107142857142858,0.0,0.0,0.0,0.0,43.0,14.0,,,12.0,15.0,,13.0
2018-19,111,Birsa,centrocampista,Cagliari,Chievo,1.0,3.0,6.173076923076923,1.0,2.0,7.5,26.0,6.411764705882353,3.0,7.0,14.5,34.0,5.985294117647059,0.0,0.0,0.0,0.0,6.63249299719888,4.666666666666667,7.666666666666667,19.666666666666668,34.666666666666664,6.0665266106442575,0.0,0.0,0.0,0.0,37.0,15.0,36.0,16.0,13.0,13.0,,12.0
2019-20,111,Birsa,centrocampista,Cagliari,Cagliari,0.0,4.0,5.666666666666667,0.0,0.0,-0.5,9.0,6.173076923076923,1.0,2.0,7.5,26.0,5.884615384615385,0.0,0.0,0.0,0.0,6.452090066795949,3.6666666666666665,6.0,15.5,31.666666666666668,5.980446024563672,0.0,0.0,0.0,0.0,41.0,13.0,,,12.0,12.0,,7.0
2016-17,112,Castro,centrocampista,Chievo,Chievo,0.0,1.0,6.606060606060606,5.0,4.0,15.5,33.0,6.212121212121212,3.0,0.0,4.5,33.0,6.075757575757576,0.0,0.0,0.0,0.0,6.212121212121212,3.0,0.0,4.5,33.0,6.075757575757576,0.0,0.0,0.0,0.0,49.0,9.0,,,13.0,10.0,,9.0
2017-18,112,Castro,centrocampista,Chievo,Chievo,0.0,2.0,6.46,3.0,3.0,10.5,25.0,6.606060606060606,5.0,4.0,15.5,33.0,6.136363636363637,0.0,0.0,0.0,0.0,6.409090909090909,4.0,2.0,10.0,33.0,6.106060606060606,0.0,0.0,0.0,0.0,43.0,14.0,,,9.0,13.0,,11.0
2018-19,112,Castro,centrocampista,Cagliari,Chievo,1.0,3.0,6.583333333333333,1.0,3.0,5.5,12.0,6.46,3.0,3.0,10.5,25.0,6.04,0.0,0.0,0.0,0.0,6.426060606060606,3.6666666666666665,2.3333333333333335,10.166666666666666,30.333333333333332,6.084040404040404,0.0,0.0,0.0,0.0,37.0,15.0,36.0,16.0,11.0,10.0,,12.0
2019-20,112,Castro,centrocampista,SPAL,Cagliari,1.0,4.0,6.190476190476191,2.0,0.0,5.0,21.0,6.583333333333333,1.0,3.0,5.5,12.0,6.125,0.0,0.0,0.0,0.0,6.5497979797979795,3.0,3.3333333333333335,10.5,23.333333333333332,6.100454545454546,0.0,0.0,0.0,0.0,41.0,13.0,42.0,11.0,12.0,10.0,,13.0
2016-17,115,Hetemaj,centrocampista,Chievo,Chievo,0.0,1.0,5.586956521739131,0.0,0.0,-3.0,23.0,6.092592592592593,1.0,0.0,-0.5,27.0,6.111111111111111,0.0,0.0,0.0,0.0,6.092592592592593,1.0,0.0,-0.5,27.0,6.111111111111111,0.0,0.0,0.0,0.0,49.0,9.0,,,8.0,8.0,,7.0
2017-18,115,Hetemaj,centrocampista,Chievo,Chievo,0.0,2.0,6.109375,3.0,2.0,4.5,32.0,5.586956521739131,0.0,0.0,-3.0,23.0,5.717391304347826,0.0,0.0,0.0,0.0,5.839774557165862,0.5,0.0,-1.75,25.0,5.914251207729468,0.0,0.0,0.0,0.0,43.0,14.0,,,7.0,4.0,,6.0
2018-19,115,Hetemaj,centrocampista,Chievo,Chievo,0.0,3.0,5.75,2.0,0.0,1.5,28.0,6.109375,3.0,2.0,4.5,32.0,5.96875,0.0,0.0,0.0,0.0,5.929641371443908,1.3333333333333333,0.6666666666666666,0.3333333333333333,27.333333333333332,5.932417471819645,0.0,0.0,0.0,0.0,37.0,15.0,,,6.0,10.0,,6.0
2016-17,118,Radovanovic,centrocampista,Chievo,Chievo,0.0,1.0,5.590909090909091,0.0,0.0,-5.0,33.0,5.72,0.0,0.0,-3.5,25.0,5.86,0.0,0.0,0.0,0.0,5.72,0.0,0.0,-3.5,25.0,5.86,0.0,0.0,0.0,0.0,49.0,9.0,,,7.0,6.0,,5.0
2017-18,118,Radovanovic,centrocampista,Chievo,Chievo,0.0,2.0,5.828571428571428,1.0,1.0,0.0,35.0,5.590909090909091,0.0,0.0,-5.0,33.0,5.742424242424242,0.0,0.0,0.0,0.0,5.655454545454545,0.0,0.0,-4.25,29.0,5.801212121212121,0.0,0.0,0.0,0.0,43.0,14.0,,,5.0,5.0,,5.0
2018-19,118,Radovanovic,centrocampista,Genoa,Chievo,1.0,3.0,5.5285714285714285,0.0,0.0,-4.5,35.0,5.828571428571428,1.0,1.0,0.0,35.0,5.828571428571428,0.0,0.0,0.0,0.0,5.713160173160173,0.3333333333333333,0.3333333333333333,-2.8333333333333335,31.0,5.810331890331891,0.0,0.0,0.0,0.0,37.0,15.0,41.0,12.0,5.0,8.0,,7.0
2019-20,118,Radovanovic,centrocampista,Genoa,Genoa,0.0,4.0,5.75,0.0,0.0,-1.5,16.0,5.5285714285714285,0.0,0.0,-4.5,35.0,5.6571428571428575,0.0,0.0,0.0,0.0,5.649350649350649,0.3333333333333333,0.3333333333333333,-3.1666666666666665,34.333333333333336,5.7427128427128435,0.0,0.0,0.0,0.0,37.0,18.0,,,7.0,6.0,,6.0
2020-21,118,Radovanovic,centrocampista,Genoa,Genoa,0.0,5.0,5.666666666666667,0.0,0.0,-2.5,30.0,5.75,0.0,0.0,-1.5,16.0,5.84375,0.0,0.0,0.0,0.0,5.7023809523809526,0.3333333333333333,0.3333333333333333,-2.0,28.666666666666668,5.776488095238096,0.0,0.0,0.0,0.0,36.0,17.0,,,6.0,1.0,,3.0
2021-22,118,Radovanovic,centrocampista,Salernitana,Genoa,1.0,6.0,5.961538461538462,1.0,0.0,1.0,13.0,5.666666666666667,0.0,0.0,-2.5,30.0,5.75,0.0,0.0,0.0,0.0,5.648412698412699,0.0,0.0,-2.8333333333333335,27.0,5.750297619047619,0.0,0.0,0.0,0.0,39.0,14.0,,,3.0,4.0,,4.0
2022-23,118,Radovanovic,difensore,Salernitana,Salernitana,0.0,7.0,5.25,0.0,0.0,-1.5,10.0,5.961538461538462,1.0,0.0,1.0,13.0,5.884615384615385,0.0,0.0,0.0,0.0,5.792735042735043,0.3333333333333333,0.0,-1.0,19.666666666666668,5.826121794871796,0.0,0.0,0.0,0.0,31.0,17.0,,,4.0,9.0,,5.0
2016-17,119,Rigoni N,centrocampista,Chievo,Chievo,0.0,1.0,6.166666666666667,1.0,0.0,2.0,9.0,6.25,3.0,0.0,5.5,24.0,6.020833333333333,0.0,0.0,0.0,0.0,6.25,3.0,0.0,5.5,24.0,6.020833333333333,0.0,0.0,0.0,0.0,49.0,9.0,,,2.0,8.0,,5.0
2017-18,119,Rigoni N,centrocampista,Chievo,Chievo,0.0,2.0,5.392857142857143,0.0,0.0,-1.0,14.0,6.166666666666667,1.0,0.0,2.0,9.0,5.944444444444445,0.0,0.0,0.0,0.0,6.208333333333334,2.0,0.0,3.75,16.5,5.982638888888889,0.0,0.0,0.0,0.0,43.0,14.0,,,5.0,2.0,,3.0
2018-19,119,Rigoni N,centrocampista,Chievo,Chievo,0.0,3.0,5.375,0.0,1.0,-4.0,24.0,5.392857142857143,0.0,0.0,-1.0,14.0,5.464285714285714,0.0,0.0,0.0,0.0,5.936507936507937,1.3333333333333333,0.0,2.1666666666666665,15.666666666666666,5.809854497354497,0.0,0.0,0.0,0.0,37.0,15.0,,,3.0,3.0,,6.0
2016-17,124,Meggiorini,attaccante,Chievo,Chievo,0.0,1.0,6.092592592592593,3.0,0.0,6.0,27.0,6.846153846153846,5.0,5.0,15.0,26.0,6.269230769230769,0.0,0.0,0.0,0.0,6.846153846153846,5.0,5.0,15.0,26.0,6.269230769230769,0.0,0.0,0.0,0.0,49.0,9.0,,,9.0,10.0,,13.0
2017-18,124,Meggiorini,attaccante,Chievo,Chievo,0.0,2.0,5.428571428571429,0.0,0.0,-1.0,14.0,6.092592592592593,3.0,0.0,6.0,27.0,5.87037037037037,0.0,0.0,0.0,0.0,6.469373219373219,4.0,2.5,10.5,26.5,6.06980056980057,0.0,0.0,0.0,0.0,43.0,14.0,,,13.0,8.0,,6.0
2018-19,124,Meggiorini,attaccante,Chievo,Chievo,0.0,3.0,5.791666666666667,2.0,0.0,6.0,24.0,5.428571428571429,0.0,0.0,-1.0,14.0,5.5,0.0,0.0,0.0,0.0,6.122439289105956,2.6666666666666665,1.6666666666666667,6.666666666666667,22.333333333333332,5.879867046533714,0.0,0.0,0.0,0.0,37.0,15.0,,,6.0,2.0,,6.0
2016-17,126,Paloschi,attaccante,Atalanta,Chievo,1.0,1.0,5.0625,0.0,0.0,-3.0,8.0,6.976190476190476,7.0,1.0,18.5,21.0,6.095238095238095,0.0,0.0,0.0,0.0,6.976190476190476,7.0,1.0,18.5,21.0,6.095238095238095,0.0,0.0,0.0,0.0,49.0,9.0,42.0,13.0,21.0,21.0,,21.0
2017-18,126,Paloschi,attaccante,SPAL,Atalanta,1.0,2.0,6.318181818181818,7.0,1.0,21.0,33.0,5.0625,0.0,0.0,-3.0,8.0,5.4375,0.0,0.0,0.0,0.0,6.019345238095238,3.5,0.5,7.75,14.5,5.7663690476190474,0.0,0.0,0.0,0.0,69.0,5.0,,,21.0,6.0,,13.0
2018-19,126,Paloschi,attaccante,SPAL,SPAL,0.0,3.0,6.0,2.0,0.0,4.5,17.0,6.318181818181818,7.0,1.0,21.0,33.0,5.681818181818182,0.0,0.0,0.0,0.0,6.1189574314574315,4.666666666666667,0.6666666666666666,12.166666666666666,20.666666666666668,5.738185425685425,0.0,0.0,0.0,0.0,35.0,17.0,,,13.0,10.0,,13.0
2019-20,126,Paloschi,attaccante,Cagliari,SPAL,1.0,4.0,5.538461538461538,0.0,0.0,0.0,13.0,6.0,2.0,0.0,4.5,17.0,5.735294117647059,0.0,0.0,0.0,0.0,5.793560606060606,3.0,0.3333333333333333,7.5,19.333333333333332,5.618204099821747,0.0,0.0,0.0,0.0,42.0,11.0,41.0,13.0,13.0,8.0,,9.0
2016-17,160,Tatarusanu,portiere,Fiorentina,Fiorentina,0.0,1.0,4.514285714285714,0.0,0.0,-51.0,35.0,5.054054054054054,0.0,0.0,-40.0,37.0,6.135135135135135,0.0,0.0,0.0,0.0,5.054054054054054,0.0,0.0,-40.0,37.0,6.135135135135135,0.0,0.0,0.0,0.0,61.0,5.0,,,8.0,11.0,,12.0
2021-22,160,Tatarusanu,portiere,Milan,Milan,0.0,3.0,4.833333333333333,0.0,0.0,-7.0,6.0,2.0,0.0,0.0,-3.0,1.0,5.0,0.0,0.0,0.0,0.0,2.0,0.0,0.0,-3.0,1.0,5.0,0.0,0.0,0.0,0.0,76.0,4.0,,,1.0,1.0,,1.0
2022-23,160,Tatarusanu,portiere,Milan,Milan,0.0,4.0,4.625,0.0,0.0,-22.0,16.0,4.833333333333333,0.0,0.0,-7.0,6.0,6.0,0.0,0.0,0.0,0.0,3.4166666666666665,0.0,0.0,-5.0,3.5,5.5,0.0,0.0,0.0,0.0,83.0,1.0,,,1.0,1.0,,1.0
2016-17,165,Marcos Alonso,difensore,Fiorentina,Fiorentina,0.0,1.0,6.25,0.0,0.0,0.0,2.0,6.5,3.0,4.0,9.0,30.0,6.2,0.0,0.0,0.0,0.0,6.5,3.0,4.0,9.0,30.0,6.2,0.0,0.0,0.0,0.0,61.0,5.0,,,5.0,10.0,,13.0
2016-17,167,Rodriguez Go,difensore,Fiorentina,Fiorentina,0.0,1.0,5.6923076923076925,1.0,0.0,-2.0,26.0,6.314285714285714,4.0,0.0,8.5,35.0,6.071428571428571,0.0,0.0,0.0,0.0,6.314285714285714,4.0,0.0,8.5,35.0,6.071428571428571,0.0,0.0,0.0,0.0,61.0,5.0,,,15.0,14.0,,14.0
2016-17,169,Tomovic,difensore,Fiorentina,Fiorentina,0.0,1.0,5.34,0.0,1.0,-5.0,25.0,5.55,0.0,0.0,-2.5,20.0,5.675,0.0,0.0,0.0,0.0,5.55,0.0,0.0,-2.5,20.0,5.675,0.0,0.0,0.0,0.0,61.0,5.0,,,5.0,3.0,,5.0
2017-18,169,Tomovic,difensore,Chievo,Fiorentina,1.0,2.0,5.568965517241379,0.0,0.0,-4.5,29.0,5.34,0.0,1.0,-5.0,25.0,5.54,0.0,0.0,0.0,0.0,5.445,0.0,0.5,-3.75,22.5,5.6075,0.0,0.0,0.0,0.0,59.0,8.0,43.0,14.0,5.0,3.0,,4.0
2018-19,169,Tomovic,difensore,Chievo,Chievo,0.0,3.0,5.85,1.0,0.0,2.5,10.0,5.568965517241379,0.0,0.0,-4.5,29.0,5.724137931034483,0.0,0.0,0.0,0.0,5.48632183908046,0.0,0.3333333333333333,-4.0,24.666666666666668,5.646379310344828,0.0,0.0,0.0,0.0,37.0,15.0,,,4.0,7.0,,6.0
2019-20,169,Tomovic,difensore,SPAL,Chievo,1.0,4.0,5.309523809523809,0.0,1.0,-4.5,21.0,5.85,1.0,0.0,2.5,10.0,5.6,0.0,0.0,0.0,0.0,5.586321839080459,0.3333333333333333,0.3333333333333333,-2.3333333333333335,21.333333333333332,5.621379310344827,0.0,0.0,0.0,0.0,19.0,20.0,42.0,11.0,6.0,4.0,,4.0
2016-17,642,Astori,difensore,Fiorentina,Fiorentina,0.0,1.0,5.924242424242424,2.0,0.0,-0.5,33.0,5.787878787878788,0.0,0.0,-2.5,33.0,5.863636363636363,0.0,0.0,0.0,0.0,5.787878787878788,0.0,0.0,-2.5,33.0,5.863636363636363,0.0,0.0,0.0,0.0,61.0,5.0,,,8.0,8.0,,8.0
2017-18,642,Astori,difensore,Fiorentina,Fiorentina,0.0,2.0,6.24,1.0,1.0,1.5,25.0,5.924242424242424,2.0,0.0,-0.5,33.0,5.9393939393939394,0.0,0.0,0.0,0.0,5.8560606060606055,1.0,0.0,-1.5,33.0,5.901515151515151,0.0,0.0,0.0,0.0,59.0,8.0,,,8.0,8.0,,9.0
2016-17,170,Badelj,centrocampista,Fiorentina,Fiorentina,0.0,1.0,6.078125,2.0,2.0,3.5,32.0,5.981481481481482,1.0,1.0,-0.5,27.0,6.0,0.0,0.0,0.0,0.0,5.981481481481482,1.0,1.0,-0.5,27.0,6.0,0.0,0.0,0.0,0.0,61.0,5.0,,,5.0,7.0,,8.0
2017-18,170,Badelj,centrocampista,Fiorentina,Fiorentina,0.0,2.0,6.0,2.0,0.0,1.0,27.0,6.078125,2.0,2.0,3.5,32.0,5.96875,0.0,0.0,0.0,0.0,6.0298032407407405,1.5,1.5,1.5,29.5,5.984375,0.0,0.0,0.0,0.0,59.0,8.0,,,8.0,9.0,,7.0
2018-19,170,Badelj,centrocampista,Lazio,Fiorentina,1.0,3.0,5.7272727272727275,1.0,0.0,-2.0,22.0,6.0,2.0,0.0,1.0,27.0,5.962962962962963,0.0,0.0,0.0,0.0,6.019868827160494,1.6666666666666667,1.0,1.3333333333333333,28.666666666666668,5.977237654320987,0.0,0.0,0.0,0.0,57.0,8.0,72.0,4.0,7.0,7.0,,7.0
2019-20,170,Badelj,centrocampista,Fiorentina,Lazio,1.0,4.0,5.725,1.0,0.0,1.5,20.0,5.7272727272727275,1.0,0.0,-2.0,22.0,5.818181818181818,0.0,0.0,0.0,0.0,5.935132575757575,1.6666666666666667,0.6666666666666666,0.8333333333333334,27.0,5.916631593714928,0.0,0.0,0.0,0.0,59.0,8.0,40.0,15.0,7.0,7.0,,6.0
2020-21,170,Badelj,centrocampista,Genoa,Fiorentina,1.0,5.0,6.224137931034483,1.0,3.0,2.5,29.0,5.725,1.0,0.0,1.5,20.0,5.65,0.0,0.0,0.0,0.0,5.817424242424242,1.3333333333333333,0.0,0.16666666666666666,23.0,5.810381593714927,0.0,0.0,0.0,0.0,46.0,10.0,36.0,17.0,6.0,2.0,,3.0
2021-22,170,Badelj,centrocampista,Genoa,Genoa,0.0,6.0,5.794117647058823,1.0,0.0,1.0,34.0,6.224137931034483,1.0,3.0,2.5,29.0,6.137931034482759,0.0,0.0,0.0,0.0,5.892136886102403,1.0,1.0,0.6666666666666666,23.666666666666668,5.8687042842215265,0.0,0.0,0.0,0.0,39.0,14.0,,,3.0,11.0,,8.0
2024-25,170,Badelj,centrocampista,Genoa,Genoa,0.0,8.0,6.045454545454546,1.0,0.0,1.5,22.0,6.140625,1.0,3.0,3.0,32.0,6.046875,0.0,0.0,0.0,0.0,5.967371323529411,1.0,1.5,2.0,33.0,5.905790441176471,0.0,0.0,0.0,0.0,46.0,11.0,,,5.0,11.0,11.5,6.0
2016-17,172,Borja Valero,centrocampista,Fiorentina,Fiorentina,0.0,1.0,6.296875,1.0,7.0,7.5,32.0,6.837837837837838,4.0,6.0,15.5,37.0,6.418918918918919,0.0,0.0,0.0,0.0,6.837837837837838,4.0,6.0,15.5,37.0,6.418918918918919,0.0,0.0,0.0,0.0,61.0,5.0,,,14.0,19.0,,16.0
2017-18,172,Borja Valero,centrocampista,Inter,Fiorentina,1.0,2.0,6.0606060606060606,2.0,0.0,4.5,33.0,6.296875,1.0,7.0,7.5,32.0,6.0625,0.0,0.0,0.0,0.0,6.567356418918919,2.5,6.5,11.5,34.5,6.24070945945946,0.0,0.0,0.0,0.0,59.0,8.0,59.0,7.0,16.0,14.0,,11.0
2018-19,172,Borja Valero,centrocampista,Inter,Inter,0.0,3.0,5.8478260869565215,0.0,0.0,-1.5,23.0,6.0606060606060606,2.0,0.0,4.5,33.0,5.924242424242424,0.0,0.0,0.0,0.0,6.3984396328146325,2.3333333333333335,4.333333333333333,9.166666666666666,34.0,6.135220447720447,0.0,0.0,0.0,0.0,69.0,5.0,,,11.0,10.0,,6.0
2019-20,172,Borja Valero,centrocampista,Inter,Inter,0.0,4.0,6.4,2.0,0.0,4.5,15.0,5.8478260869565215,0.0,0.0,-1.5,23.0,5.913043478260869,0.0,0.0,0.0,0.0,6.068435715854194,1.0,2.3333333333333335,3.5,29.333333333333332,5.966595300834431,0.0,0.0,0.0,0.0,66.0,4.0,,,6.0,7.0,,3.0
2020-21,172,Borja Valero,centrocampista,Fiorentina,Inter,1.0,5.0,5.708333333333333,0.0,0.0,-1.5,12.0,6.4,2.0,0.0,4.5,15.0,6.1,0.0,0.0,0.0,0.0,6.102810715854194,1.3333333333333333,0.0,2.5,23.666666666666668,5.97909530083443,0.0,0.0,0.0,0.0,79.0,2.0,46.0,10.0,3.0,7.0,,5.0
2016-17,177,Ilicic,centrocampista,Fiorentina,Fiorentina,0.0,1.0,6.379310344827586,4.0,2.0,10.0,29.0,7.851851851851852,6.0,4.0,42.0,27.0,6.296296296296297,0.0,0.0,0.0,0.0,7.851851851851852,6.0,4.0,42.0,27.0,6.296296296296297,0.0,0.0,0.0,0.0,61.0,5.0,,,16.0,20.0,,23.0
2017-18,177,Ilicic,centrocampista,Atalanta,Fiorentina,1.0,2.0,7.741935483870968,9.0,8.0,39.5,31.0,6.379310344827586,4.0,2.0,10.0,29.0,6.0344827586206895,0.0,0.0,0.0,0.0,7.115581098339719,5.0,3.0,26.0,28.0,6.165389527458493,0.0,0.0,0.0,0.0,59.0,8.0,69.0,5.0,23.0,17.0,,12.0
2018-19,177,Ilicic,centrocampista,Atalanta,Atalanta,0.0,3.0,7.548387096774194,12.0,6.0,36.0,31.0,7.741935483870968,9.0,8.0,39.5,31.0,6.467741935483871,0.0,0.0,0.0,0.0,7.324365893516802,6.333333333333333,4.666666666666667,30.5,29.0,6.266173663466952,0.0,0.0,0.0,0.0,60.0,7.0,,,12.0,21.0,,26.0
2019-20,177,Ilicic,centrocampista,Atalanta,Atalanta,0.0,4.0,8.46,15.0,4.0,47.5,25.0,7.548387096774194,12.0,6.0,36.0,31.0,6.387096774193548,0.0,0.0,0.0,0.0,7.223210975157582,8.333333333333334,5.333333333333333,28.5,30.333333333333332,6.296440489432704,0.0,0.0,0.0,0.0,66.0,3.0,,,26.0,26.0,,25.0
2020-21,177,Ilicic,attaccante,Atalanta,Atalanta,0.0,5.0,7.196428571428571,4.0,9.0,26.0,28.0,8.46,15.0,4.0,47.5,25.0,6.56,0.0,0.0,0.0,0.0,7.916774193548387,12.0,6.0,41.0,29.0,6.4716129032258065,0.0,0.0,0.0,0.0,78.0,3.0,,,25.0,34.0,,27.0
2021-22,177,Ilicic,attaccante,Atalanta,Atalanta,0.0,6.0,6.852941176470588,3.0,3.0,8.5,17.0,7.196428571428571,4.0,9.0,26.0,28.0,6.267857142857143,0.0,0.0,0.0,0.0,7.734938556067589,10.333333333333334,6.333333333333333,36.5,28.0,6.404984639016898,0.0,0.0,0.0,0.0,78.0,2.0,,,27.0,23.0,,21.0
2016-17,184,Bernardeschi,attaccante,Fiorentina,Fiorentina,0.0,1.0,6.9375,8.0,2.0,28.5,32.0,6.303030303030303,2.0,3.0,6.0,33.0,6.121212121212121,0.0,0.0,0.0,0.0,6.303030303030303,2.0,3.0,6.0,33.0,6.121212121212121,0.0,0.0,0.0,0.0,61.0,5.0,,,8.0,12.0,,13.0
2017-18,184,Bernardeschi,centrocampista,Juventus,Fiorentina,1.0,2.0,7.34375,4.0,5.0,16.0,16.0,6.9375,8.0,2.0,28.5,32.0,6.046875,0.0,0.0,0.0,0.0,6.620265151515151,5.0,2.5,17.25,32.5,6.0840435606060606,0.0,0.0,0.0,0.0,59.0,8.0,88.0,1.0,13.0,14.0,,20.0
2018-19,184,Bernardeschi,centrocampista,Juventus,Juventus,0.0,3.0,6.26,2.0,3.0,5.5,25.0,7.34375,4.0,5.0,16.0,16.0,6.34375,0.0,0.0,0.0,0.0,6.861426767676768,4.666666666666667,3.3333333333333335,16.833333333333332,27.0,6.170612373737374,0.0,0.0,0.0,0.0,92.0,1.0,,,20.0,16.0,,16.0
2019-20,184,Bernardeschi,centrocampista,Juventus,Juventus,0.0,4.0,5.56,1.0,1.0,1.5,25.0,6.26,2.0,3.0,5.5,25.0,6.04,0.0,0.0,0.0,0.0,6.847083333333333,4.666666666666667,3.3333333333333335,16.666666666666668,24.333333333333332,6.143541666666667,0.0,0.0,0.0,0.0,90.0,1.0,,,16.0,12.0,,19.0
2020-21,184,Bernardeschi,centrocampista,Juventus,Juventus,0.0,5.0,5.785714285714286,0.0,2.0,0.5,21.0,5.56,1.0,1.0,1.5,25.0,5.5,0.0,0.0,0.0,0.0,6.3879166666666665,2.3333333333333335,3.0,7.666666666666667,22.0,5.96125,0.0,0.0,0.0,0.0,83.0,1.0,,,19.0,3.0,,10.0
2021-22,184,Bernardeschi,centrocampista,Juventus,Juventus,0.0,6.0,6.038461538461538,1.0,3.0,3.5,26.0,5.785714285714286,0.0,2.0,0.5,21.0,5.761904761904762,0.0,0.0,0.0,0.0,5.868571428571428,1.0,2.0,2.5,23.666666666666668,5.767301587301588,0.0,0.0,0.0,0.0,75.0,5.0,,,10.0,4.0,,5.0
2016-17,652,Kalinic,attaccante,Fiorentina,Fiorentina,0.0,1.0,7.3125,14.0,1.0,39.5,32.0,7.0,12.0,2.0,32.5,35.0,6.071428571428571,0.0,0.0,0.0,0.0,7.0,12.0,2.0,32.5,35.0,6.071428571428571,0.0,0.0,0.0,0.0,61.0,5.0,,,22.0,19.0,,22.0
2017-18,652,Kalinic,attaccante,Milan,Fiorentina,1.0,2.0,6.35,6.0,3.0,19.5,30.0,7.3125,14.0,1.0,39.5,32.0,6.078125,0.0,0.0,0.0,0.0,7.15625,13.0,1.5,36.0,33.5,6.074776785714286,0.0,0.0,0.0,0.0,59.0,8.0,63.0,6.0,22.0,21.0,,26.0
2020-21,652,Kalinic,attaccante,Verona,Roma,1.0,4.0,6.029411764705882,2.0,0.0,5.0,17.0,7.85,5.0,1.0,16.0,10.0,6.25,0.0,0.0,0.0,0.0,7.1,5.5,2.0,17.75,20.0,5.975,0.0,0.0,0.0,0.0,67.0,5.0,49.0,9.0,13.0,5.0,,13.0
2021-22,652,Kalinic,attaccante,Verona,Verona,0.0,5.0,6.884615384615385,4.0,1.0,10.5,13.0,6.029411764705882,2.0,0.0,5.0,17.0,5.735294117647059,0.0,0.0,0.0,0.0,6.939705882352941,3.5,0.5,10.5,13.5,5.992647058823529,0.0,0.0,0.0,0.0,44.0,10.0,,,13.0,5.0,,9.0
2016-17,356,Antonelli,difensore,Milan,Milan,0.0,1.0,6.083333333333333,0.0,0.0,-0.5,6.0,6.410714285714286,3.0,1.0,9.0,28.0,6.089285714285714,0.0,0.0,0.0,0.0,6.410714285714286,3.0,1.0,9.0,28.0,6.089285714285714,0.0,0.0,0.0,0.0,57.0,7.0,,,10.0,11.0,,11.0
2017-18,356,Antonelli,difensore,Milan,Milan,0.0,2.0,5.166666666666667,0.0,0.0,-0.5,3.0,6.083333333333333,0.0,0.0,-0.5,6.0,6.166666666666667,0.0,0.0,0.0,0.0,6.247023809523809,1.5,0.5,4.25,17.0,6.127976190476191,0.0,0.0,0.0,0.0,63.0,6.0,,,11.0,3.0,,4.0
2018-19,356,Antonelli,difensore,Empoli,Milan,1.0,3.0,5.875,0.0,1.0,0.5,12.0,5.166666666666667,0.0,0.0,-0.5,3.0,5.333333333333333,0.0,0.0,0.0,0.0,5.886904761904762,1.0,0.3333333333333333,2.6666666666666665,12.333333333333334,5.863095238095238,0.0,0.0,0.0,0.0,61.0,6.0,,,4.0,1.0,,4.0
2016-17,358,De Sciglio,difensore,Milan,Milan,0.0,1.0,5.58,0.0,0.0,-2.0,25.0,5.454545454545454,0.0,0.0,-1.5,22.0,5.5227272727272725,0.0,0.0,0.0,0.0,5.454545454545454,0.0,0.0,-1.5,22.0,5.5227272727272725,0.0,0.0,0.0,0.0,57.0,7.0,,,6.0,3.0,,7.0
2017-18,358,De Sciglio,difensore,Juventus,Milan,1.0,2.0,6.625,1.0,0.0,2.5,12.0,5.58,0.0,0.0,-2.0,25.0,5.66,0.0,0.0,0.0,0.0,5.5172727272727276,0.0,0.0,-1.75,23.5,5.591363636363637,0.0,0.0,0.0,0.0,63.0,6.0,88.0,1.0,7.0,5.0,,6.0
2018-19,358,De Sciglio,difensore,Juventus,Juventus,0.0,3.0,6.025,0.0,1.0,0.0,20.0,6.625,1.0,0.0,2.5,12.0,6.416666666666667,0.0,0.0,0.0,0.0,5.886515151515152,0.3333333333333333,0.0,-0.3333333333333333,19.666666666666668,5.866464646464647,0.0,0.0,0.0,0.0,92.0,1.0,,,6.0,5.0,,7.0
2019-20,358,De Sciglio,difensore,Juventus,Juventus,0.0,4.0,5.928571428571429,0.0,0.0,-0.5,7.0,6.025,0.0,1.0,0.0,20.0,6.025,0.0,0.0,0.0,0.0,6.076666666666667,0.3333333333333333,0.3333333333333333,0.16666666666666666,19.0,6.033888888888889,0.0,0.0,0.0,0.0,90.0,1.0,,,7.0,8.0,,5.0
2020-21,358,De Sciglio,difensore,Juventus,Juventus,0.0,5.0,6.0,0.0,0.0,0.0,1.0,5.928571428571429,0.0,0.0,-0.5,7.0,6.0,0.0,0.0,0.0,0.0,6.192857142857143,0.3333333333333333,0.3333333333333333,0.6666666666666666,13.0,6.147222222222222,0.0,0.0,0.0,0.0,83.0,1.0,,,5.0,1.0,,5.0
2021-22,358,De Sciglio,difensore,Juventus,Juventus,0.0,6.0,6.25,1.0,2.0,3.0,16.0,6.0,0.0,0.0,0.0,1.0,6.0,0.0,0.0,0.0,0.0,5.98452380952381,0.0,0.3333333333333333,-0.16666666666666666,9.333333333333334,6.008333333333333,0.0,0.0,0.0,0.0,75.0,5.0,,,5.0,5.0,,4.0
2022-23,358,De Sciglio,difensore,Juventus,Juventus,0.0,7.0,5.764705882352941,0.0,0.0,0.0,17.0,6.25,1.0,2.0,3.0,16.0,6.0625,0.0,0.0,0.0,0.0,6.05952380952381,0.3333333333333333,0.6666666666666666,0.8333333333333334,8.0,6.020833333333333,0.0,0.0,0.0,0.0,70.0,4.0,,,4.0,9.0,,6.0
2023-24,358,De Sciglio,difensore,Juventus,Juventus,0.0,8.0,6.0,0.0,0.0,0.0,1.0,5.764705882352941,0.0,0.0,0.0,17.0,5.764705882352941,0.0,0.0,0.0,0.0,6.004901960784314,0.3333333333333333,0.6666666666666666,1.0,11.333333333333334,5.942401960784314,0.0,0.0,0.0,0.0,69.0,4.0,,,6.0,3.0,5.0,3.0
2024-25,358,De Sciglio,difensore,Empoli,Juventus,1.0,9.0,6.041666666666667,1.0,0.0,3.0,12.0,6.0,0.0,0.0,0.0,1.0,6.0,0.0,0.0,0.0,0.0,6.004901960784314,0.3333333333333333,0.6666666666666666,1.0,11.333333333333334,5.942401960784314,0.0,0.0,0.0,0.0,68.0,4.0,33.0,18.0,3.0,1.0,3.0,1.0
2016-17,365,Zapata C.,difensore,Milan,Milan,0.0,1.0,5.964285714285714,1.0,0.0,3.0,14.0,5.75,1.0,0.0,1.0,16.0,5.6875,0.0,0.0,0.0,0.0,5.75,1.0,0.0,1.0,16.0,5.6875,0.0,0.0,0.0,0.0,57.0,7.0,,,7.0,4.0,,5.0
2017-18,365,Zapata C.,difensore,Milan,Milan,0.0,2.0,6.0,0.0,0.0,-1.0,11.0,5.964285714285714,1.0,0.0,3.0,14.0,5.75,0.0,0.0,0.0,0.0,5.857142857142858,1.0,0.0,2.0,15.0,5.71875,0.0,0.0,0.0,0.0,63.0,6.0,,,5.0,5.0,,4.0
2018-19,365,Zapata C.,difensore,Milan,Milan,0.0,3.0,5.916666666666667,0.0,0.0,-2.0,12.0,6.0,0.0,0.0,-1.0,11.0,6.090909090909091,0.0,0.0,0.0,0.0,5.904761904761905,0.6666666666666666,0.0,1.0,13.666666666666666,5.84280303030303,0.0,0.0,0.0,0.0,61.0,6.0,,,4.0,5.0,,4.0
2019-20,365,Zapata C.,difensore,Genoa,Milan,1.0,4.0,5.605263157894737,1.0,0.0,-1.0,19.0,5.916666666666667,0.0,0.0,-2.0,12.0,6.083333333333333,0.0,0.0,0.0,0.0,5.960317460317461,0.3333333333333333,0.0,0.0,12.333333333333334,5.974747474747474,0.0,0.0,0.0,0.0,65.0,5.0,37.0,18.0,4.0,5.0,,8.0
2020-21,365,Zapata C.,difensore,Genoa,Genoa,0.0,5.0,5.75,0.0,0.0,-1.0,12.0,5.605263157894737,1.0,0.0,-1.0,19.0,5.657894736842105,0.0,0.0,0.0,0.0,5.840643274853801,0.3333333333333333,0.0,-1.3333333333333333,14.0,5.944045720361509,0.0,0.0,0.0,0.0,36.0,17.0,,,8.0,3.0,,5.0
2016-17,460,Romagnoli,difensore,Milan,Milan,0.0,1.0,5.944444444444445,1.0,1.0,1.0,27.0,5.823529411764706,0.0,0.0,-5.0,34.0,5.970588235294118,0.0,0.0,0.0,0.0,5.823529411764706,0.0,0.0,-5.0,34.0,5.970588235294118,0.0,0.0,0.0,0.0,57.0,7.0,,,9.0,9.0,,9.0
2017-18,460,Romagnoli,difensore,Milan,Milan,0.0,2.0,6.092592592592593,2.0,0.0,1.5,27.0,5.944444444444445,1.0,1.0,1.0,27.0,5.907407407407407,0.0,0.0,0.0,0.0,5.883986928104575,0.5,0.5,-2.0,30.5,5.938997821350762,0.0,0.0,0.0,0.0,63.0,6.0,,,9.0,8.0,,10.0
2018-19,460,Romagnoli,difensore,Milan,Milan,0.0,3.0,6.28125,2.0,0.0,0.5,32.0,6.092592592592593,2.0,0.0,1.5,27.0,6.037037037037037,0.0,0.0,0.0,0.0,5.953522149600581,1.0,0.3333333333333333,-0.8333333333333334,29.333333333333332,5.971677559912854,0.0,0.0,0.0,0.0,61.0,6.0,,,10.0,10.0,,10.0
2019-20,460,Romagnoli,difensore,Milan,Milan,0.0,4.0,6.142857142857143,1.0,0.0,1.0,35.0,6.28125,2.0,0.0,0.5,32.0,6.265625,0.0,0.0,0.0,0.0,6.106095679012346,1.6666666666666667,0.3333333333333333,1.0,28.666666666666668,6.070023148148149,0.0,0.0,0.0,0.0,65.0,5.0,,,10.0,13.0,,14.0
2020-21,460,Romagnoli,difensore,Milan,Milan,0.0,5.0,6.0,1.0,1.0,0.5,22.0,6.142857142857143,1.0,0.0,1.0,35.0,6.114285714285714,0.0,0.0,0.0,0.0,6.172233245149911,1.6666666666666667,0.0,1.0,31.333333333333332,6.138982583774251,0.0,0.0,0.0,0.0,63.0,6.0,,,14.0,10.0,,13.0
2021-22,460,Romagnoli,difensore,Milan,Milan,0.0,6.0,6.0,1.0,0.0,0.0,17.0,6.0,1.0,1.0,0.5,22.0,5.9772727272727275,0.0,0.0,0.0,0.0,6.1413690476190474,1.3333333333333333,0.3333333333333333,0.6666666666666666,29.666666666666668,6.119061147186147,0.0,0.0,0.0,0.0,76.0,4.0,,,13.0,6.0,,7.0
2022-23,460,Romagnoli,difensore,Lazio,Milan,1.0,7.0,6.294117647058823,2.0,0.0,3.0,34.0,6.0,1.0,0.0,0.0,17.0,6.0,0.0,0.0,0.0,0.0,6.0476190476190474,1.0,0.3333333333333333,0.5,24.666666666666668,6.03051948051948,0.0,0.0,0.0,0.0,83.0,1.0,63.0,5.0,7.0,4.0,,11.0
2023-24,460,Romagnoli,difensore,Lazio,Lazio,0.0,8.0,5.803571428571429,0.0,0.0,-4.5,28.0,6.294117647058823,2.0,0.0,3.0,34.0,6.205882352941177,0.0,0.0,0.0,0.0,6.098039215686274,1.3333333333333333,0.3333333333333333,1.1666666666666667,24.333333333333332,6.061051693404635,0.0,0.0,0.0,0.0,71.0,2.0,,,11.0,14.0,16.0,13.0
2024-25,460,Romagnoli,difensore,Lazio,Lazio,0.0,9.0,5.90625,2.0,0.0,2.0,32.0,5.803571428571429,0.0,0.0,-4.5,28.0,5.964285714285714,0.0,0.0,0.0,0.0,6.032563025210084,1.0,0.0,-0.5,26.333333333333332,6.05672268907563,0.0,0.0,0.0,0.0,60.0,7.0,,,13.0,6.0,16.0,10.0
2025-26,460,Romagnoli,difensore,Lazio,Lazio,0.0,10.0,5.921875,0.0,0.0,-3.5,32.0,5.90625,2.0,0.0,2.0,32.0,5.84375,0.0,0.0,0.0,0.0,6.001313025210084,1.3333333333333333,0.0,0.16666666666666666,31.333333333333332,6.004639355742298,0.0,0.0,0.0,0.0,65.0,6.0,,,10.0,8.0,13.5,8.0
2016-17,366,Bertolacci,centrocampista,Milan,Milan,0.0,1.0,6.0,1.0,0.0,1.5,13.0,5.8,1.0,1.0,1.0,25.0,5.76,0.0,0.0,0.0,0.0,5.8,1.0,1.0,1.0,25.0,5.76,0.0,0.0,0.0,0.0,57.0,7.0,,,15.0,7.0,,9.0
2017-18,366,Bertolacci,centrocampista,Genoa,Milan,1.0,2.0,5.787878787878788,1.0,0.0,-1.5,33.0,6.0,1.0,0.0,1.5,13.0,5.884615384615385,0.0,0.0,0.0,0.0,5.9,1.0,0.5,1.25,19.0,5.822307692307692,0.0,0.0,0.0,0.0,63.0,6.0,36.0,16.0,9.0,5.0,,9.0
2016-17,367,Bonaventura,centrocampista,Milan,Milan,0.0,1.0,6.868421052631579,3.0,0.0,7.5,19.0,6.893939393939394,6.0,7.0,21.0,33.0,6.257575757575758,0.0,0.0,0.0,0.0,6.893939393939394,6.0,7.0,21.0,33.0,6.257575757575758,0.0,0.0,0.0,0.0,57.0,7.0,,,17.0,18.0,,16.0
2017-18,367,Bonaventura,centrocampista,Milan,Milan,0.0,2.0,6.8125,8.0,3.0,25.5,32.0,6.868421052631579,3.0,0.0,7.5,19.0,6.473684210526316,0.0,0.0,0.0,0.0,6.881180223285487,4.5,3.5,14.25,26.0,6.365629984051036,0.0,0.0,0.0,0.0,63.0,6.0,,,16.0,11.0,,16.0
2018-19,367,Bonaventura,centrocampista,Milan,Milan,0.0,3.0,7.25,3.0,0.0,9.0,8.0,6.8125,8.0,3.0,25.5,32.0,6.015625,0.0,0.0,0.0,0.0,6.858286815523658,5.666666666666667,3.3333333333333335,18.0,28.0,6.248961656034024,0.0,0.0,0.0,0.0,61.0,6.0,,,16.0,17.0,,20.0
2019-20,367,Bonaventura,centrocampista,Milan,Milan,0.0,4.0,6.615384615384615,3.0,5.0,13.0,26.0,7.25,3.0,0.0,9.0,8.0,6.125,0.0,0.0,0.0,0.0,6.9769736842105265,4.666666666666667,1.0,14.0,19.666666666666668,6.204769736842105,0.0,0.0,0.0,0.0,65.0,5.0,,,20.0,17.0,,16.0
2020-21,367,Bonaventura,centrocampista,Fiorentina,Milan,1.0,5.0,6.296875,3.0,2.0,8.5,32.0,6.615384615384615,3.0,5.0,13.0,26.0,6.115384615384615,0.0,0.0,0.0,0.0,6.892628205128204,4.666666666666667,2.6666666666666665,15.833333333333334,22.0,6.085336538461537,0.0,0.0,0.0,0.0,63.0,6.0,46.0,10.0,16.0,14.0,,14.0
2021-22,367,Bonaventura,centrocampista,Fiorentina,Fiorentina,0.0,6.0,6.564516129032258,4.0,4.0,12.0,31.0,6.296875,3.0,2.0,8.5,32.0,6.03125,0.0,0.0,0.0,0.0,6.720753205128204,3.0,2.3333333333333335,10.166666666666666,22.0,6.090544871794871,0.0,0.0,0.0,0.0,39.0,13.0,,,14.0,11.0,,11.0
2022-23,367,Bonaventura,centrocampista,Fiorentina,Fiorentina,0.0,7.0,6.714285714285714,5.0,1.0,13.0,28.0,6.564516129032258,4.0,4.0,12.0,31.0,6.17741935483871,0.0,0.0,0.0,0.0,6.492258581472291,3.3333333333333335,3.6666666666666665,11.166666666666666,29.666666666666668,6.108017990074441,0.0,0.0,0.0,0.0,59.0,8.0,,,11.0,15.0,,14.0
2023-24,367,Bonaventura,centrocampista,Fiorentina,Fiorentina,0.0,8.0,6.887096774193548,8.0,3.0,21.0,31.0,6.714285714285714,5.0,1.0,13.0,28.0,6.25,0.0,0.0,0.0,0.0,6.525225614439324,4.0,2.3333333333333335,11.166666666666666,30.333333333333332,6.152889784946237,0.0,0.0,0.0,0.0,53.0,8.0,,,14.0,16.0,20.5,14.0
2016-17,369,Honda,centrocampista,Milan,Milan,0.0,1.0,6.375,1.0,0.0,3.0,4.0,6.104166666666667,1.0,3.0,5.0,24.0,5.895833333333333,0.0,0.0,0.0,0.0,6.104166666666667,1.0,3.0,5.0,24.0,5.895833333333333,0.0,0.0,0.0,0.0,57.0,7.0,,,9.0,8.0,,8.0
2016-17,377,Bacca,attaccante,Milan,Milan,0.0,1.0,6.966666666666667,9.0,1.0,32.5,30.0,7.54054054054054,16.0,2.0,55.0,37.0,6.054054054054054,0.0,0.0,0.0,0.0,7.54054054054054,16.0,2.0,55.0,37.0,6.054054054054054,0.0,0.0,0.0,0.0,57.0,7.0,,,29.0,28.0,,27.0
2016-17,379,Luiz Adriano,attaccante,Milan,Milan,0.0,1.0,5.5,0.0,0.0,0.0,4.0,6.434782608695652,3.0,3.0,13.0,23.0,5.869565217391305,0.0,0.0,0.0,0.0,6.434782608695652,3.0,3.0,13.0,23.0,5.869565217391305,0.0,0.0,0.0,0.0,57.0,7.0,,,23.0,15.0,,10.0
2024-25,188,Leali,portiere,Genoa,Genoa,0.0,2.0,5.103448275862069,0.0,0.0,-30.5,29.0,5.25,0.0,0.0,-2.5,2.0,6.5,0.0,0.0,0.0,0.0,5.25,0.0,0.0,-2.5,2.0,6.5,0.0,0.0,0.0,0.0,46.0,11.0,,,1.0,2.0,0.5,1.0
2025-26,188,Leali,portiere,Genoa,Genoa,0.0,3.0,4.840909090909091,0.0,0.0,-29.0,22.0,5.103448275862069,0.0,0.0,-30.5,29.0,6.155172413793103,0.0,0.0,0.0,0.0,5.176724137931035,0.0,0.0,-16.5,15.5,6.327586206896552,0.0,0.0,0.0,0.0,40.0,13.0,,,1.0,13.0,15.0,8.0
2016-17,198,Rosi,difensore,Crotone,Frosinone,1.0,1.0,5.883333333333334,1.0,1.0,-2.0,30.0,5.6875,0.0,0.0,-2.5,24.0,5.791666666666667,0.0,0.0,0.0,0.0,5.6875,0.0,0.0,-2.5,24.0,5.791666666666667,0.0,0.0,0.0,0.0,31.0,19.0,,,5.0,4.0,,3.0
2017-18,198,Rosi,difensore,Genoa,Crotone,1.0,2.0,5.583333333333333,0.0,0.0,-2.5,24.0,5.883333333333334,1.0,1.0,-2.0,30.0,5.95,0.0,0.0,0.0,0.0,5.785416666666666,0.5,0.5,-2.25,27.0,5.870833333333334,0.0,0.0,0.0,0.0,31.0,18.0,36.0,16.0,3.0,7.0,,3.0
2016-17,543,Padelli,portiere,Torino,Torino,0.0,1.0,4.0,0.0,0.0,-4.0,2.0,4.5,0.0,0.0,-53.5,35.0,6.0285714285714285,0.0,0.0,0.0,0.0,4.5,0.0,0.0,-53.5,35.0,6.0285714285714285,0.0,0.0,0.0,0.0,45.0,11.0,,,11.0,9.0,,2.0
2020-21,543,Padelli,portiere,Inter,Inter,0.0,3.0,5.0,0.0,0.0,-1.0,1.0,4.0,0.0,0.0,-4.0,3.0,5.333333333333333,0.0,0.0,0.0,0.0,4.0,0.0,0.0,-4.0,3.0,5.333333333333333,0.0,0.0,0.0,0.0,79.0,2.0,,,1.0,1.0,,1.0
2021-22,543,Padelli,portiere,Udinese,Inter,1.0,4.0,3.5,0.0,0.0,-8.0,3.0,5.0,0.0,0.0,-1.0,1.0,6.0,0.0,0.0,0.0,0.0,4.5,0.0,0.0,-2.5,2.0,5.666666666666666,0.0,0.0,0.0,0.0,88.0,1.0,40.0,12.0,1.0,2.0,,1.0
2025-26,543,Padelli,portiere,Udinese,Udinese,0.0,6.0,5.25,0.0,0.0,-2.0,2.0,6.5,0.0,0.0,0.0,1.0,6.5,0.0,0.0,0.0,0.0,6.5,0.0,0.0,0.0,1.0,6.5,0.0,0.0,0.0,0.0,44.0,12.0,,,1.0,1.0,0.5,1.0
2016-17,544,Avelar,difensore,Torino,Torino,0.0,1.0,5.666666666666667,0.0,0.0,-0.5,3.0,5.7,0.0,1.0,-1.0,5.0,5.9,0.0,0.0,0.0,0.0,5.7,0.0,1.0,-1.0,5.0,5.9,0.0,0.0,0.0,0.0,45.0,11.0,,,10.0,2.0,,7.0
2016-17,546,Bruno Peres,difensore,Roma,Torino,1.0,1.0,6.125,2.0,1.0,5.5,28.0,6.435483870967742,3.0,3.0,5.5,31.0,6.258064516129032,0.0,0.0,0.0,0.0,6.435483870967742,3.0,3.0,5.5,31.0,6.258064516129032,0.0,0.0,0.0,0.0,45.0,11.0,77.0,3.0,10.0,13.0,,13.0
2017-18,546,Bruno Peres,difensore,Roma,Roma,0.0,2.0,5.71875,0.0,0.0,-0.5,16.0,6.125,2.0,1.0,5.5,28.0,5.928571428571429,0.0,0.0,0.0,0.0,6.280241935483871,2.5,2.0,5.5,29.5,6.09331797235023,0.0,0.0,0.0,0.0,84.0,2.0,,,13.0,10.0,,10.0
2020-21,546,Bruno Peres,difensore,Roma,Roma,0.0,4.0,5.9423076923076925,1.0,2.0,2.0,26.0,6.466666666666667,2.0,2.0,6.5,15.0,6.033333333333333,0.0,0.0,0.0,0.0,6.092708333333333,1.0,1.0,3.0,15.5,5.891666666666667,0.0,0.0,0.0,0.0,67.0,5.0,,,1.0,12.0,,9.0
2016-17,550,Maksimovic,difensore,Napoli,Torino,1.0,1.0,5.875,1.0,0.0,2.5,8.0,5.625,0.0,1.0,-0.5,16.0,5.65625,0.0,0.0,0.0,0.0,5.625,0.0,1.0,-0.5,16.0,5.65625,0.0,0.0,0.0,0.0,45.0,11.0,79.0,2.0,9.0,4.0,,8.0
2017-18,550,Maksimovic,difensore,Napoli,Napoli,0.0,2.0,6.0,0.0,0.0,0.0,1.0,5.875,1.0,0.0,2.5,8.0,5.5625,0.0,0.0,0.0,0.0,5.75,0.5,0.5,1.0,12.0,5.609375,0.0,0.0,0.0,0.0,83.0,3.0,,,8.0,2.0,,7.0
2018-19,550,Maksimovic,difensore,Napoli,Napoli,0.0,3.0,5.764705882352941,0.0,0.0,-2.0,17.0,6.0,0.0,0.0,0.0,1.0,6.0,0.0,0.0,0.0,0.0,5.833333333333333,0.3333333333333333,0.3333333333333333,0.6666666666666666,8.333333333333334,5.739583333333333,0.0,0.0,0.0,0.0,88.0,2.0,,,7.0,3.0,,4.0
2019-20,550,Maksimovic,difensore,Napoli,Napoli,0.0,4.0,6.0,1.0,1.0,3.0,22.0,5.764705882352941,0.0,0.0,-2.0,17.0,5.882352941176471,0.0,0.0,0.0,0.0,5.879901960784314,0.3333333333333333,0.0,0.16666666666666666,8.666666666666666,5.814950980392157,0.0,0.0,0.0,0.0,79.0,2.0,,,4.0,6.0,,5.0
2020-21,550,Maksimovic,difensore,Napoli,Napoli,0.0,5.0,5.285714285714286,0.0,0.0,-2.5,14.0,6.0,1.0,1.0,3.0,22.0,5.863636363636363,0.0,0.0,0.0,0.0,5.921568627450981,0.3333333333333333,0.3333333333333333,0.3333333333333333,13.333333333333334,5.9153297682709445,0.0,0.0,0.0,0.0,59.0,7.0,,,5.0,6.0,,9.0
2021-22,550,Maksimovic,difensore,Genoa,Napoli,1.0,6.0,5.678571428571429,0.0,0.0,-1.0,14.0,5.285714285714286,0.0,0.0,-2.5,14.0,5.464285714285714,0.0,0.0,0.0,0.0,5.6834733893557425,0.3333333333333333,0.3333333333333333,-0.5,17.666666666666668,5.7367583396995165,0.0,0.0,0.0,0.0,76.0,3.0,39.0,14.0,9.0,1.0,,7.0
2016-17,552,Moretti,difensore,Torino,Torino,0.0,1.0,5.956521739130435,1.0,2.0,2.5,23.0,5.957142857142857,1.0,0.0,1.0,35.0,5.928571428571429,0.0,0.0,0.0,0.0,5.957142857142857,1.0,0.0,1.0,35.0,5.928571428571429,0.0,0.0,0.0,0.0,45.0,11.0,,,8.0,9.0,,6.0
2017-18,552,Moretti,difensore,Torino,Torino,0.0,2.0,5.75,0.0,0.0,-3.0,22.0,5.956521739130435,1.0,2.0,2.5,23.0,5.8478260869565215,0.0,0.0,0.0,0.0,5.956832298136646,1.0,1.0,1.75,29.0,5.888198757763975,0.0,0.0,0.0,0.0,50.0,9.0,,,6.0,8.0,,4.0
2018-19,552,Moretti,difensore,Torino,Torino,0.0,3.0,5.8478260869565215,0.0,0.0,-2.5,23.0,5.75,0.0,0.0,-3.0,22.0,5.886363636363637,0.0,0.0,0.0,0.0,5.887888198757764,0.6666666666666666,0.6666666666666666,0.16666666666666666,26.666666666666668,5.887587050630529,0.0,0.0,0.0,0.0,51.0,10.0,,,4.0,6.0,,3.0
2016-17,555,Acquah,centrocampista,Torino,Torino,0.0,1.0,6.09375,2.0,0.0,2.0,16.0,6.086206896551724,2.0,2.0,3.5,29.0,5.9655172413793105,0.0,0.0,0.0,0.0,6.086206896551724,2.0,2.0,3.5,29.0,5.9655172413793105,0.0,0.0,0.0,0.0,45.0,11.0,,,5.0,8.0,,7.0
2017-18,555,Acquah,centrocampista,Torino,Torino,0.0,2.0,5.75,1.0,0.0,0.5,16.0,6.09375,2.0,0.0,2.0,16.0,5.96875,0.0,0.0,0.0,0.0,6.089978448275862,2.0,1.0,2.75,22.5,5.967133620689655,0.0,0.0,0.0,0.0,50.0,9.0,,,7.0,6.0,,5.0
2018-19,555,Acquah,centrocampista,Empoli,Torino,1.0,3.0,6.090909090909091,2.0,0.0,4.0,22.0,5.75,1.0,0.0,0.5,16.0,5.71875,0.0,0.0,0.0,0.0,5.976652298850574,1.6666666666666667,0.6666666666666666,2.0,20.333333333333332,5.88433908045977,0.0,0.0,0.0,0.0,51.0,10.0,,,5.0,4.0,,4.0
2016-17,556,Baselli,centrocampista,Torino,Torino,0.0,1.0,6.617647058823529,6.0,3.0,18.0,34.0,6.515151515151516,4.0,1.0,10.0,33.0,6.212121212121212,0.0,0.0,0.0,0.0,6.515151515151516,4.0,1.0,10.0,33.0,6.212121212121212,0.0,0.0,0.0,0.0,45.0,11.0,,,9.0,12.0,,13.0
2017-18,556,Baselli,centrocampista,Torino,Torino,0.0,2.0,6.016129032258065,4.0,1.0,6.5,31.0,6.617647058823529,6.0,3.0,18.0,34.0,6.088235294117647,0.0,0.0,0.0,0.0,6.566399286987522,5.0,2.0,14.0,33.5,6.15017825311943,0.0,0.0,0.0,0.0,50.0,9.0,,,13.0,15.0,,12.0
2018-19,556,Baselli,centrocampista,Torino,Torino,0.0,3.0,6.382352941176471,4.0,1.0,10.5,34.0,6.016129032258065,4.0,1.0,6.5,31.0,5.806451612903226,0.0,0.0,0.0,0.0,6.38297586874437,4.666666666666667,1.6666666666666667,11.5,32.666666666666664,6.035602706380694,0.0,0.0,0.0,0.0,51.0,10.0,,,12.0,10.0,,10.0
2019-20,556,Baselli,centrocampista,Torino,Torino,0.0,4.0,5.96875,0.0,2.0,0.5,16.0,6.382352941176471,4.0,1.0,10.5,34.0,6.073529411764706,0.0,0.0,0.0,0.0,6.338709677419355,4.666666666666667,1.6666666666666667,11.666666666666666,33.0,5.989405439595193,0.0,0.0,0.0,0.0,60.0,7.0,,,10.0,13.0,,10.0
2020-21,556,Baselli,centrocampista,Torino,Torino,0.0,5.0,5.9,0.0,0.0,-1.0,10.0,5.96875,0.0,2.0,0.5,16.0,5.9375,0.0,0.0,0.0,0.0,6.122410657811511,2.6666666666666665,1.3333333333333333,5.833333333333333,27.0,5.939160341555978,0.0,0.0,0.0,0.0,39.0,16.0,,,10.0,4.0,,7.0
2021-22,556,Baselli,centrocampista,Cagliari,Torino,1.0,6.0,5.916666666666667,0.0,1.0,0.5,12.0,5.9,0.0,0.0,-1.0,10.0,6.0,0.0,0.0,0.0,0.0,6.083700980392156,1.3333333333333333,1.0,3.3333333333333335,20.0,6.0036764705882355,0.0,0.0,0.0,0.0,36.0,17.0,37.0,16.0,7.0,4.0,,5.0
2016-17,557,Benassi,centrocampista,Torino,Torino,0.0,1.0,6.537037037037037,5.0,2.0,14.5,27.0,6.303571428571429,3.0,1.0,6.5,28.0,6.071428571428571,0.0,0.0,0.0,0.0,6.303571428571429,3.0,1.0,6.5,28.0,6.071428571428571,0.0,0.0,0.0,0.0,45.0,11.0,,,11.0,10.0,,9.0
2017-18,557,Benassi,centrocampista,Fiorentina,Torino,1.0,2.0,6.257142857142857,5.0,2.0,14.0,35.0,6.537037037037037,5.0,2.0,14.5,27.0,6.0,0.0,0.0,0.0,0.0,6.420304232804233,4.0,1.5,10.5,27.5,6.035714285714286,0.0,0.0,0.0,0.0,50.0,9.0,59.0,8.0,9.0,9.0,,9.0
2018-19,557,Benassi,centrocampista,Fiorentina,Fiorentina,0.0,3.0,6.4375,7.0,0.0,17.5,32.0,6.257142857142857,5.0,2.0,14.0,35.0,5.857142857142857,0.0,0.0,0.0,0.0,6.3659171075837735,4.333333333333333,1.6666666666666667,11.666666666666666,30.0,5.976190476190477,0.0,0.0,0.0,0.0,57.0,8.0,,,9.0,10.0,,12.0
2019-20,557,Benassi,centrocampista,Fiorentina,Fiorentina,0.0,4.0,6.09375,1.0,1.0,4.0,16.0,6.4375,7.0,0.0,17.5,32.0,5.890625,0.0,0.0,0.0,0.0,6.410559964726631,5.666666666666667,1.3333333333333333,15.333333333333334,31.333333333333332,5.9159226190476195,0.0,0.0,0.0,0.0,40.0,15.0,,,12.0,12.0,,15.0
2022-23,557,Benassi,centrocampista,Cremonese,Empoli,1.0,6.0,5.794117647058823,0.0,0.0,-0.5,17.0,5.714285714285714,0.0,0.0,-0.5,14.0,5.75,1496.0,0.9904801808297634,2.527653716504574,8.0,5.904017857142858,0.5,0.5,1.75,15.0,5.796875,2088.5,0.9367320518940687,1.7063817041926086,8.0,38.0,14.0,,,4.0,4.0,,3.0
2016-17,559,Gazzi,centrocampista,Palermo,Torino,1.0,1.0,5.604166666666667,0.0,0.0,-5.0,24.0,5.538461538461538,0.0,0.0,-2.0,13.0,5.6923076923076925,0.0,0.0,0.0,0.0,5.538461538461538,0.0,0.0,-2.0,13.0,5.6923076923076925,0.0,0.0,0.0,0.0,45.0,11.0,36.0,17.0,4.0,2.0,,4.0
2016-17,565,Martinez,attaccante,Torino,Torino,0.0,1.0,6.0,1.0,0.0,1.5,9.0,6.25,3.0,0.0,9.0,16.0,5.6875,0.0,0.0,0.0,0.0,6.25,3.0,0.0,9.0,16.0,5.6875,0.0,0.0,0.0,0.0,45.0,11.0,,,12.0,8.0,,4.0
2016-17,566,Maxi Lopez,attaccante,Torino,Torino,0.0,1.0,6.5,2.0,0.0,5.5,13.0,6.391304347826087,2.0,2.0,10.0,23.0,5.956521739130435,0.0,0.0,0.0,0.0,6.391304347826087,2.0,2.0,10.0,23.0,5.956521739130435,0.0,0.0,0.0,0.0,45.0,11.0,,,17.0,11.0,,5.0
2017-18,566,Maxi Lopez,attaccante,Udinese,Torino,1.0,2.0,6.0,1.0,2.0,7.5,27.0,6.5,2.0,0.0,5.5,13.0,6.076923076923077,0.0,0.0,0.0,0.0,6.445652173913043,2.0,1.0,7.75,18.0,6.016722408026755,0.0,0.0,0.0,0.0,50.0,9.0,45.0,12.0,5.0,5.0,,3.0
2016-17,568,Quagliarella,attaccante,Sampdoria,Sampdoria,0.0,1.0,6.916666666666667,9.0,3.0,35.0,36.0,6.612903225806452,7.0,0.0,23.5,31.0,5.854838709677419,0.0,0.0,0.0,0.0,6.612903225806452,7.0,0.0,23.5,31.0,5.854838709677419,0.0,0.0,0.0,0.0,40.0,15.0,,,24.0,18.0,,19.0
2017-18,568,Quagliarella,attaccante,Sampdoria,Sampdoria,0.0,2.0,7.871428571428571,12.0,5.0,57.0,35.0,6.916666666666667,9.0,3.0,35.0,36.0,5.944444444444445,0.0,0.0,0.0,0.0,6.76478494623656,8.0,1.5,29.25,33.5,5.899641577060931,0.0,0.0,0.0,0.0,48.0,11.0,,,19.0,22.0,,17.0
2018-19,568,Quagliarella,attaccante,Sampdoria,Sampdoria,0.0,3.0,8.635135135135135,17.0,7.0,81.5,37.0,7.871428571428571,12.0,5.0,57.0,35.0,6.242857142857143,0.0,0.0,0.0,0.0,7.133666154633897,9.333333333333334,2.6666666666666665,38.5,34.0,6.014046765659669,0.0,0.0,0.0,0.0,54.0,9.0,,,17.0,23.0,,28.0
2019-20,568,Quagliarella,attaccante,Sampdoria,Sampdoria,0.0,4.0,7.035714285714286,6.0,3.0,29.0,28.0,8.635135135135135,17.0,7.0,81.5,37.0,6.4324324324324325,0.0,0.0,0.0,0.0,7.807743457743459,12.666666666666666,5.0,57.833333333333336,36.0,6.206578006578006,0.0,0.0,0.0,0.0,50.0,9.0,,,28.0,35.0,,34.0
2020-21,568,Quagliarella,attaccante,Sampdoria,Sampdoria,0.0,5.0,7.28125,11.0,1.0,36.5,32.0,7.035714285714286,6.0,3.0,29.0,28.0,6.0,0.0,0.0,0.0,0.0,7.847425997425997,11.666666666666666,5.0,55.833333333333336,33.333333333333336,6.225096525096525,0.0,0.0,0.0,0.0,41.0,15.0,,,34.0,22.0,,20.0
2021-22,568,Quagliarella,attaccante,Sampdoria,Sampdoria,0.0,6.0,6.333333333333333,3.0,2.0,13.0,30.0,7.28125,11.0,1.0,36.5,32.0,6.140625,0.0,0.0,0.0,0.0,7.650699806949807,11.333333333333334,3.6666666666666665,49.0,32.333333333333336,6.191019144144144,0.0,0.0,0.0,0.0,49.0,9.0,,,20.0,25.0,,22.0
2022-23,568,Quagliarella,attaccante,Sampdoria,Sampdoria,0.0,7.0,6.138888888888889,1.0,1.0,3.0,18.0,6.333333333333333,3.0,2.0,13.0,30.0,5.9,0.0,0.0,0.0,0.0,6.883432539682539,6.666666666666667,2.0,26.166666666666668,30.0,6.013541666666666,0.0,0.0,0.0,0.0,36.0,15.0,,,22.0,12.0,,10.0
2016-17,611,Rafael,portiere,Cagliari,Verona,1.0,1.0,5.190476190476191,0.0,0.0,-23.0,21.0,4.083333333333333,0.0,0.0,-19.0,12.0,5.666666666666667,0.0,0.0,0.0,0.0,4.083333333333333,0.0,0.0,-19.0,12.0,5.666666666666667,0.0,0.0,0.0,0.0,28.0,20.0,,,9.0,5.0,,1.0
2017-18,611,Rafael,portiere,Cagliari,Cagliari,0.0,2.0,4.95,0.0,0.0,-11.5,10.0,5.190476190476191,0.0,0.0,-23.0,21.0,6.285714285714286,0.0,0.0,0.0,0.0,4.636904761904762,0.0,0.0,-21.0,16.5,5.976190476190476,0.0,0.0,0.0,0.0,44.0,13.0,,,1.0,8.0,,1.0
2020-21,611,Rafael,portiere,Spezia,Cagliari,1.0,4.0,5.666666666666667,0.0,1.0,-4.0,3.0,4.25,0.0,0.0,-11.0,6.0,6.083333333333333,0.0,0.0,0.0,0.0,4.6,0.0,0.0,-11.25,8.0,6.091666666666667,0.0,0.0,0.0,0.0,45.0,13.0,,,1.0,1.0,,1.0
2016-17,626,Hallfredsson,centrocampista,Udinese,Udinese,0.0,1.0,5.888888888888889,0.0,3.0,-2.0,27.0,5.730769230769231,0.0,1.0,-4.5,26.0,5.903846153846154,0.0,0.0,0.0,0.0,5.730769230769231,0.0,1.0,-4.5,26.0,5.903846153846154,0.0,0.0,0.0,0.0,39.0,16.0,,,10.0,6.0,,7.0
2017-18,626,Hallfredsson,centrocampista,Udinese,Udinese,0.0,2.0,5.5,0.0,0.0,-4.5,16.0,5.888888888888889,0.0,3.0,-2.0,27.0,5.962962962962963,0.0,0.0,0.0,0.0,5.80982905982906,0.0,2.0,-3.25,26.5,5.9334045584045585,0.0,0.0,0.0,0.0,45.0,12.0,,,7.0,7.0,,7.0
2018-19,626,Hallfredsson,centrocampista,Udinese,Udinese,0.0,3.0,5.75,1.0,0.0,2.0,8.0,5.5,0.0,0.0,-4.5,16.0,5.78125,0.0,0.0,0.0,0.0,5.706552706552706,0.0,1.3333333333333333,-3.6666666666666665,23.0,5.882686372269705,0.0,0.0,0.0,0.0,37.0,14.0,,,7.0,5.0,,3.0
2016-17,630,Sala,centrocampista,Sampdoria,Sampdoria,0.0,1.0,5.5,0.0,0.0,-2.5,20.0,5.4772727272727275,0.0,1.0,-3.0,22.0,5.613636363636363,0.0,0.0,0.0,0.0,5.4772727272727275,0.0,1.0,-3.0,22.0,5.613636363636363,0.0,0.0,0.0,0.0,40.0,15.0,,,12.0,3.0,,4.0
2017-18,630,Sala,centrocampista,Sampdoria,Sampdoria,0.0,2.0,5.5,0.0,0.0,-1.5,13.0,5.5,0.0,0.0,-2.5,20.0,5.625,0.0,0.0,0.0,0.0,5.488636363636363,0.0,0.5,-2.75,21.0,5.619318181818182,0.0,0.0,0.0,0.0,48.0,11.0,,,4.0,2.0,,4.0
2018-19,630,Sala,difensore,Sampdoria,Sampdoria,0.0,3.0,5.7894736842105265,0.0,1.0,-1.5,19.0,5.5,0.0,0.0,-1.5,13.0,5.615384615384615,0.0,0.0,0.0,0.0,5.492424242424242,0.0,0.3333333333333333,-2.3333333333333335,18.333333333333332,5.618006993006993,0.0,0.0,0.0,0.0,54.0,9.0,,,4.0,3.0,,3.0
2019-20,630,Sala,difensore,SPAL,Sampdoria,1.0,4.0,5.535714285714286,0.0,0.0,-0.5,14.0,5.7894736842105265,0.0,1.0,-1.5,19.0,5.868421052631579,0.0,0.0,0.0,0.0,5.5964912280701755,0.0,0.3333333333333333,-1.8333333333333333,17.333333333333332,5.702935222672065,0.0,0.0,0.0,0.0,50.0,9.0,42.0,11.0,3.0,6.0,,4.0
2020-21,630,Sala,difensore,Spezia,SPAL,1.0,5.0,5.166666666666667,0.0,0.0,-0.5,6.0,5.535714285714286,0.0,0.0,-0.5,14.0,5.571428571428571,0.0,0.0,0.0,0.0,5.608395989974937,0.0,0.3333333333333333,-1.1666666666666667,15.333333333333334,5.685078079814922,0.0,0.0,0.0,0.0,20.0,20.0,,,4.0,1.0,,4.0
2021-22,630,Sala,difensore,Spezia,Spezia,0.0,6.0,5.933333333333334,1.0,0.0,1.5,15.0,5.166666666666667,0.0,0.0,-0.5,6.0,5.25,0.0,0.0,0.0,0.0,5.497284878863827,0.0,0.3333333333333333,-0.8333333333333334,13.0,5.56328320802005,0.0,0.0,0.0,0.0,38.0,15.0,,,4.0,1.0,,2.0
2022-23,630,Sala,difensore,Spezia,Spezia,0.0,7.0,5.833333333333333,0.0,0.0,0.0,3.0,5.933333333333334,1.0,0.0,1.5,15.0,5.833333333333333,0.0,0.0,0.0,0.0,5.545238095238095,0.3333333333333333,0.0,0.16666666666666666,11.666666666666666,5.551587301587301,0.0,0.0,0.0,0.0,36.0,16.0,,,2.0,3.0,,5.0
2019-20,637,Siligardi,attaccante,Parma,Parma,0.0,2.0,6.25,0.0,1.0,1.0,6.0,6.148148148148148,1.0,2.0,4.0,27.0,6.0,0.0,0.0,0.0,0.0,6.148148148148148,1.0,2.0,4.0,27.0,6.0,0.0,0.0,0.0,0.0,41.0,14.0,,,7.0,9.0,,8.0
2020-21,637,Siligardi,attaccante,Crotone,Parma,1.0,3.0,5.666666666666667,0.0,0.0,0.0,3.0,6.25,0.0,1.0,1.0,6.0,6.083333333333333,0.0,0.0,0.0,0.0,6.199074074074074,0.5,1.5,2.5,16.5,6.041666666666666,0.0,0.0,0.0,0.0,46.0,11.0,,,8.0,4.0,,4.0
2016-17,453,Szczesny,portiere,Roma,Roma,0.0,1.0,5.434210526315789,0.0,0.0,-32.0,38.0,5.1911764705882355,0.0,0.0,-34.5,34.0,6.205882352941177,0.0,0.0,0.0,0.0,5.1911764705882355,0.0,0.0,-34.5,34.0,6.205882352941177,0.0,0.0,0.0,0.0,77.0,3.0,,,6.0,12.0,,14.0
2017-18,453,Szczesny,portiere,Juventus,Roma,1.0,2.0,5.529411764705882,0.0,0.0,-9.0,17.0,5.434210526315789,0.0,0.0,-32.0,38.0,6.276315789473684,0.0,0.0,0.0,0.0,5.312693498452012,0.0,0.0,-33.25,36.0,6.24109907120743,0.0,0.0,0.0,0.0,84.0,2.0,88.0,1.0,14.0,15.0,,1.0
2018-19,453,Szczesny,portiere,Juventus,Juventus,0.0,3.0,5.535714285714286,0.0,0.0,-17.0,28.0,5.529411764705882,0.0,0.0,-9.0,17.0,6.0588235294117645,0.0,0.0,0.0,0.0,5.384932920536635,0.0,0.0,-25.166666666666668,29.666666666666668,6.180340557275542,0.0,0.0,0.0,0.0,92.0,1.0,,,1.0,6.0,,18.0
2019-20,453,Szczesny,portiere,Juventus,Juventus,0.0,4.0,5.137931034482759,0.0,0.0,-30.5,29.0,5.535714285714286,0.0,0.0,-17.0,28.0,6.142857142857143,0.0,0.0,0.0,0.0,5.499778858911985,0.0,0.0,-19.333333333333332,27.666666666666668,6.159332153914197,0.0,0.0,0.0,0.0,90.0,1.0,,,18.0,17.0,,17.0
2020-21,453,Szczesny,portiere,Juventus,Juventus,0.0,5.0,5.383333333333334,0.0,1.0,-25.0,30.0,5.137931034482759,0.0,0.0,-30.5,29.0,6.189655172413793,0.0,0.0,0.0,0.0,5.401019028300976,0.0,0.0,-18.833333333333332,24.666666666666668,6.1304452815609,0.0,0.0,0.0,0.0,83.0,1.0,,,17.0,11.0,,17.0
2021-22,453,Szczesny,portiere,Juventus,Juventus,0.0,6.0,5.484848484848484,0.0,0.0,-21.0,33.0,5.383333333333334,0.0,1.0,-25.0,30.0,6.216666666666667,0.0,0.0,0.0,0.0,5.352326217843459,0.0,0.3333333333333333,-24.166666666666668,29.0,6.183059660645867,0.0,0.0,0.0,0.0,75.0,5.0,,,17.0,16.0,,17.0
2022-23,453,Szczesny,portiere,Juventus,Juventus,0.0,7.0,5.178571428571429,0.0,0.0,-26.0,28.0,5.484848484848484,0.0,0.0,-21.0,33.0,6.121212121212121,0.0,0.0,0.0,0.0,5.3353709508881915,0.0,0.3333333333333333,-25.5,30.666666666666668,6.17584465343086,0.0,0.0,0.0,0.0,70.0,4.0,,,17.0,16.0,,16.0
2023-24,453,Szczesny,portiere,Juventus,Juventus,0.0,8.0,5.428571428571429,0.0,0.0,-27.5,35.0,5.178571428571429,0.0,0.0,-26.0,28.0,6.107142857142857,0.0,0.0,0.0,0.0,5.348917748917749,0.0,0.3333333333333333,-24.0,30.333333333333332,6.148340548340549,0.0,0.0,0.0,0.0,69.0,4.0,,,16.0,14.0,26.5,15.0
2016-17,455,Castan,difensore,Torino,Roma,1.0,1.0,5.846153846153846,0.0,0.0,-2.0,13.0,5.3,0.0,0.0,-0.5,5.0,5.4,0.0,0.0,0.0,0.0,5.3,0.0,0.0,-0.5,5.0,5.4,0.0,0.0,0.0,0.0,77.0,3.0,45.0,11.0,9.0,1.0,,7.0
2017-18,455,Castan,difensore,Cagliari,Torino,1.0,2.0,5.464285714285714,0.0,1.0,-1.5,14.0,5.846153846153846,0.0,0.0,-2.0,13.0,6.0,0.0,0.0,0.0,0.0,5.573076923076923,0.0,0.0,-1.25,9.0,5.7,0.0,0.0,0.0,0.0,50.0,9.0,44.0,13.0,7.0,2.0,,1.0
2016-17,459,Manolas,difensore,Roma,Roma,0.0,1.0,6.0,0.0,0.0,-3.5,32.0,6.108108108108108,2.0,2.0,2.5,37.0,6.04054054054054,0.0,0.0,0.0,0.0,6.108108108108108,2.0,2.0,2.5,37.0,6.04054054054054,0.0,0.0,0.0,0.0,77.0,3.0,,,11.0,12.0,,11.0
2017-18,459,Manolas,difensore,Roma,Roma,0.0,2.0,6.224137931034483,2.0,0.0,6.0,29.0,6.0,0.0,0.0,-3.5,32.0,6.109375,0.0,0.0,0.0,0.0,6.054054054054054,1.0,1.0,-0.5,34.5,6.07495777027027,0.0,0.0,0.0,0.0,84.0,2.0,,,11.0,10.0,,12.0
2018-19,459,Manolas,difensore,Roma,Roma,0.0,3.0,6.055555555555555,1.0,0.0,0.0,27.0,6.224137931034483,2.0,0.0,6.0,29.0,6.017241379310345,0.0,0.0,0.0,0.0,6.110748679714198,1.3333333333333333,0.6666666666666666,1.6666666666666667,32.666666666666664,6.0557189732836285,0.0,0.0,0.0,0.0,74.0,3.0,,,12.0,11.0,,12.0
2019-20,459,Manolas,difensore,Napoli,Roma,1.0,4.0,6.42,4.0,0.0,11.0,25.0,6.055555555555555,1.0,0.0,0.0,27.0,6.055555555555555,0.0,0.0,0.0,0.0,6.0932311621966795,1.0,0.0,0.8333333333333334,29.333333333333332,6.060723978288633,0.0,0.0,0.0,0.0,63.0,6.0,79.0,2.0,12.0,12.0,,13.0
2020-21,459,Manolas,difensore,Napoli,Napoli,0.0,5.0,5.913793103448276,0.0,0.0,-2.5,29.0,6.42,4.0,0.0,11.0,25.0,5.98,0.0,0.0,0.0,0.0,6.23323116219668,2.3333333333333335,0.0,5.666666666666667,27.0,6.0175989782886345,0.0,0.0,0.0,0.0,59.0,7.0,,,13.0,10.0,,13.0
2021-22,459,Manolas,difensore,Napoli,Napoli,0.0,6.0,5.5,0.0,0.0,-0.5,4.0,5.913793103448276,0.0,0.0,-2.5,29.0,6.0,0.0,0.0,0.0,0.0,6.12978288633461,1.6666666666666667,0.0,2.8333333333333335,27.0,6.011851851851851,0.0,0.0,0.0,0.0,76.0,3.0,,,13.0,7.0,,9.0
2016-17,461,Torosidis,difensore,Bologna,Roma,1.0,1.0,5.68,1.0,0.0,-0.5,25.0,5.375,0.0,0.0,-0.5,8.0,5.4375,0.0,0.0,0.0,0.0,5.375,0.0,0.0,-0.5,8.0,5.4375,0.0,0.0,0.0,0.0,77.0,3.0,41.0,14.0,4.0,1.0,,3.0
2017-18,461,Torosidis,difensore,Bologna,Bologna,0.0,2.0,5.633333333333334,0.0,0.0,-2.0,15.0,5.68,1.0,0.0,-0.5,25.0,5.7,0.0,0.0,0.0,0.0,5.5275,0.5,0.0,-0.5,16.5,5.56875,0.0,0.0,0.0,0.0,41.0,15.0,,,3.0,6.0,,3.0
2016-17,463,De Rossi,centrocampista,Roma,Roma,0.0,1.0,6.464285714285714,2.0,3.0,10.5,28.0,6.086956521739131,1.0,2.0,0.5,23.0,6.065217391304348,0.0,0.0,0.0,0.0,6.086956521739131,1.0,2.0,0.5,23.0,6.065217391304348,0.0,0.0,0.0,0.0,77.0,3.0,,,9.0,7.0,,9.0
2017-18,463,De Rossi,centrocampista,Roma,Roma,0.0,2.0,5.904761904761905,1.0,1.0,0.0,21.0,6.464285714285714,2.0,3.0,10.5,28.0,6.089285714285714,0.0,0.0,0.0,0.0,6.275621118012422,1.5,2.5,5.5,25.5,6.0772515527950315,0.0,0.0,0.0,0.0,84.0,2.0,,,9.0,12.0,,9.0
2018-19,463,De Rossi,centrocampista,Roma,Roma,0.0,3.0,6.333333333333333,1.0,1.0,2.5,18.0,5.904761904761905,1.0,1.0,0.0,21.0,5.904761904761905,0.0,0.0,0.0,0.0,6.152001380262251,1.3333333333333333,2.0,3.6666666666666665,24.0,6.019755003450656,0.0,0.0,0.0,0.0,74.0,3.0,,,9.0,7.0,,8.0
2016-17,464,Florenzi,centrocampista,Roma,Roma,0.0,1.0,6.333333333333333,0.0,3.0,1.5,9.0,6.803030303030303,7.0,3.0,22.0,33.0,6.136363636363637,0.0,0.0,0.0,0.0,6.803030303030303,7.0,3.0,22.0,33.0,6.136363636363637,0.0,0.0,0.0,0.0,77.0,3.0,,,12.0,15.0,,17.0
2017-18,464,Florenzi,difensore,Roma,Roma,0.0,2.0,6.129032258064516,1.0,5.0,4.0,31.0,6.333333333333333,0.0,3.0,1.5,9.0,6.166666666666667,0.0,0.0,0.0,0.0,6.568181818181818,3.5,3.0,11.75,21.0,6.151515151515152,0.0,0.0,0.0,0.0,84.0,2.0,,,17.0,6.0,,11.0
2018-19,464,Florenzi,centrocampista,Roma,Roma,0.0,3.0,6.310344827586207,3.0,2.0,8.0,29.0,6.129032258064516,1.0,5.0,4.0,31.0,6.0,0.0,0.0,0.0,0.0,6.421798631476051,2.6666666666666665,3.6666666666666665,9.166666666666666,24.333333333333332,6.101010101010101,0.0,0.0,0.0,0.0,74.0,3.0,,,11.0,10.0,,14.0
2019-20,464,Florenzi,difensore,Roma,Roma,0.0,4.0,5.884615384615385,0.0,1.0,-1.5,13.0,6.310344827586207,3.0,2.0,8.0,29.0,6.0344827586206895,0.0,0.0,0.0,0.0,6.257570139661351,1.3333333333333333,3.3333333333333335,4.5,23.0,6.067049808429119,0.0,0.0,0.0,0.0,63.0,6.0,,,14.0,13.0,,10.0
2022-23,464,Florenzi,difensore,Milan,Milan,0.0,6.0,5.75,0.0,0.0,-0.5,4.0,6.4,2.0,0.0,5.5,20.0,6.125,0.0,0.0,0.0,0.0,6.142307692307693,1.0,0.5,2.0,16.5,6.0625,0.0,0.0,0.0,0.0,83.0,1.0,,,9.0,9.0,,7.0
2023-24,464,Florenzi,difensore,Milan,Milan,0.0,7.0,6.185185185185185,1.0,4.0,5.0,27.0,5.75,0.0,0.0,-0.5,4.0,5.875,0.0,0.0,0.0,0.0,6.075,1.0,0.0,2.5,12.0,6.0,0.0,0.0,0.0,0.0,67.0,5.0,,,7.0,1.0,1.0,3.0
2016-17,467,Nainggolan,centrocampista,Roma,Roma,0.0,1.0,7.333333333333333,11.0,2.0,34.0,36.0,6.7,6.0,1.0,13.0,35.0,6.328571428571428,0.0,0.0,0.0,0.0,6.7,6.0,1.0,13.0,35.0,6.328571428571428,0.0,0.0,0.0,0.0,77.0,3.0,,,16.0,19.0,,16.0
2017-18,467,Nainggolan,centrocampista,Roma,Roma,0.0,2.0,6.774193548387097,4.0,9.0,17.0,31.0,7.333333333333333,11.0,2.0,34.0,36.0,6.388888888888889,0.0,0.0,0.0,0.0,7.016666666666667,8.5,1.5,23.5,35.5,6.358730158730159,0.0,0.0,0.0,0.0,84.0,2.0,,,16.0,23.0,,26.0
2018-19,467,Nainggolan,centrocampista,Inter,Roma,1.0,3.0,6.910714285714286,6.0,3.0,19.5,28.0,6.774193548387097,4.0,9.0,17.0,31.0,6.225806451612903,0.0,0.0,0.0,0.0,6.93584229390681,7.0,4.0,21.333333333333332,34.0,6.314422256357741,0.0,0.0,0.0,0.0,74.0,3.0,69.0,5.0,26.0,21.0,,25.0
2019-20,467,Nainggolan,centrocampista,Cagliari,Inter,1.0,4.0,7.1923076923076925,6.0,5.0,20.5,26.0,6.910714285714286,6.0,3.0,19.5,28.0,6.214285714285714,0.0,0.0,0.0,0.0,7.0060803891449055,7.0,4.666666666666667,23.5,31.666666666666668,6.276327018262502,0.0,0.0,0.0,0.0,66.0,4.0,41.0,13.0,25.0,22.0,,16.0
2020-21,467,Nainggolan,centrocampista,Cagliari,Cagliari,0.0,5.0,6.086956521739131,1.0,0.0,0.5,23.0,7.1923076923076925,6.0,5.0,20.5,26.0,6.403846153846154,0.0,0.0,0.0,0.0,6.959071842136358,5.333333333333333,5.666666666666667,19.0,28.333333333333332,6.281312773248257,0.0,0.0,0.0,0.0,45.0,13.0,,,16.0,22.0,,22.0
2016-17,469,Pjanic,centrocampista,Juventus,Roma,1.0,1.0,6.866666666666666,5.0,8.0,20.5,30.0,7.409090909090909,9.0,10.0,32.0,33.0,6.4393939393939394,0.0,0.0,0.0,0.0,7.409090909090909,9.0,10.0,32.0,33.0,6.4393939393939394,0.0,0.0,0.0,0.0,77.0,3.0,88.0,1.0,17.0,21.0,,22.0
2017-18,469,Pjanic,centrocampista,Juventus,Juventus,0.0,2.0,6.919354838709677,5.0,8.0,18.5,31.0,6.866666666666666,5.0,8.0,20.5,30.0,6.183333333333334,0.0,0.0,0.0,0.0,7.137878787878788,7.0,9.0,26.25,31.5,6.3113636363636365,0.0,0.0,0.0,0.0,88.0,1.0,,,22.0,19.0,,17.0
2018-19,469,Pjanic,centrocampista,Juventus,Juventus,0.0,3.0,6.366666666666666,2.0,5.0,7.5,30.0,6.919354838709677,5.0,8.0,18.5,31.0,6.32258064516129,0.0,0.0,0.0,0.0,7.0650374714890845,6.333333333333333,8.666666666666666,23.666666666666668,31.333333333333332,6.315102639296188,0.0,0.0,0.0,0.0,92.0,1.0,,,17.0,19.0,,20.0
2019-20,469,Pjanic,centrocampista,Juventus,Juventus,0.0,4.0,6.5344827586206895,3.0,5.0,9.0,29.0,6.366666666666666,2.0,5.0,7.5,30.0,6.116666666666666,0.0,0.0,0.0,0.0,6.7175627240143365,4.0,7.0,15.5,30.333333333333332,6.20752688172043,0.0,0.0,0.0,0.0,90.0,1.0,,,20.0,19.0,,16.0
2019-20,474,Gervinho,attaccante,Parma,Parma,0.0,2.0,6.633333333333334,7.0,4.0,20.5,30.0,7.241379310344827,11.0,2.0,33.5,29.0,6.086206896551724,0.0,0.0,0.0,0.0,7.241379310344827,11.0,2.0,33.5,29.0,6.086206896551724,0.0,0.0,0.0,0.0,41.0,14.0,,,10.0,16.0,,19.0
2020-21,474,Gervinho,attaccante,Parma,Parma,0.0,3.0,6.296296296296297,5.0,1.0,16.0,27.0,6.633333333333334,7.0,4.0,20.5,30.0,5.95,0.0,0.0,0.0,0.0,6.937356321839081,9.0,3.0,27.0,29.5,6.018103448275863,0.0,0.0,0.0,0.0,46.0,11.0,,,19.0,16.0,,14.0
2016-17,475,Iago Falque,attaccante,Torino,Roma,1.0,1.0,7.25,10.0,6.0,38.0,34.0,6.0476190476190474,2.0,1.0,6.5,21.0,5.738095238095238,0.0,0.0,0.0,0.0,6.0476190476190474,2.0,1.0,6.5,21.0,5.738095238095238,0.0,0.0,0.0,0.0,77.0,3.0,45.0,11.0,21.0,11.0,,19.0
2017-18,475,Iago Falque,attaccante,Torino,Torino,0.0,2.0,7.347222222222222,12.0,7.0,42.0,36.0,7.25,10.0,6.0,38.0,34.0,6.132352941176471,0.0,0.0,0.0,0.0,6.648809523809524,6.0,3.5,22.25,27.5,5.935224089635854,0.0,0.0,0.0,0.0,50.0,9.0,,,19.0,21.0,,16.0
2018-19,475,Iago Falque,attaccante,Torino,Torino,0.0,3.0,7.08,6.0,4.0,21.5,25.0,7.347222222222222,12.0,7.0,42.0,36.0,6.180555555555555,2910.0,2.315411575138569,2.5903239911422133,27.0,6.881613756613756,8.0,4.666666666666667,28.833333333333332,30.333333333333332,6.0170012449424215,970.0,0.7718038583795229,0.8634413303807378,9.0,51.0,10.0,,,16.0,21.0,,25.0
2019-20,475,Iago Falque,attaccante,Genoa,Torino,1.0,4.0,6.076923076923077,0.0,0.0,3.0,13.0,7.08,6.0,4.0,21.5,25.0,6.22,1986.0,0.47169396188110113,2.2657021330669522,15.0,7.225740740740741,9.333333333333334,5.666666666666667,33.833333333333336,31.666666666666668,6.177636165577343,1632.0,0.9290351790065566,1.6186753747363885,14.0,60.0,7.0,37.0,18.0,25.0,25.0,,21.0
2020-21,475,Iago Falque,attaccante,Benevento,Genoa,1.0,5.0,6.35,1.0,1.0,4.0,10.0,6.076923076923077,0.0,0.0,3.0,13.0,5.846153846153846,1837.0,0.43783899769186974,1.7984362859278917,10.0,6.8347150997151,6.0,3.6666666666666665,22.166666666666668,24.666666666666668,6.082236467236467,2244.3333333333335,1.0749815115705132,2.2181541367123523,17.333333333333332,36.0,17.0,,,21.0,4.0,,14.0
2016-17,646,Salah,attaccante,Roma,Roma,0.0,1.0,8.193548387096774,15.0,10.0,54.0,31.0,7.617647058823529,14.0,5.0,45.5,34.0,6.279411764705882,0.0,0.0,0.0,0.0,7.617647058823529,14.0,5.0,45.5,34.0,6.279411764705882,0.0,0.0,0.0,0.0,77.0,3.0,,,26.0,28.0,,27.0
2016-17,647,Dzeko,attaccante,Roma,Roma,0.0,1.0,8.972972972972974,28.0,8.0,87.0,37.0,6.571428571428571,6.0,2.0,23.0,28.0,5.75,0.0,0.0,0.0,0.0,6.571428571428571,6.0,2.0,23.0,28.0,5.75,0.0,0.0,0.0,0.0,77.0,3.0,,,30.0,20.0,,24.0
2017-18,647,Dzeko,attaccante,Roma,Roma,0.0,2.0,7.569444444444445,16.0,4.0,49.0,36.0,8.972972972972974,28.0,8.0,87.0,37.0,6.621621621621622,0.0,0.0,0.0,0.0,7.772200772200772,17.0,5.0,55.0,32.5,6.1858108108108105,0.0,0.0,0.0,0.0,84.0,2.0,,,24.0,37.0,,36.0
2018-19,647,Dzeko,attaccante,Roma,Roma,0.0,3.0,6.833333333333333,9.0,5.0,27.5,33.0,7.569444444444445,16.0,4.0,49.0,36.0,6.208333333333333,0.0,0.0,0.0,0.0,7.704615329615329,16.666666666666668,4.666666666666667,53.0,33.666666666666664,6.193318318318319,0.0,0.0,0.0,0.0,74.0,3.0,,,36.0,29.0,,35.0
2019-20,647,Dzeko,attaccante,Roma,Roma,0.0,4.0,8.014285714285714,16.0,4.0,50.0,35.0,6.833333333333333,9.0,5.0,27.5,33.0,6.0,0.0,0.0,0.0,0.0,7.791916916916918,17.666666666666668,5.666666666666667,54.5,35.333333333333336,6.276651651651651,0.0,0.0,0.0,0.0,63.0,6.0,,,35.0,25.0,,30.0
2020-21,647,Dzeko,attaccante,Roma,Roma,0.0,5.0,6.76,7.0,3.0,20.0,25.0,8.014285714285714,16.0,4.0,50.0,35.0,6.585714285714285,0.0,0.0,0.0,0.0,7.472354497354497,13.666666666666666,4.333333333333333,42.166666666666664,34.666666666666664,6.264682539682539,0.0,0.0,0.0,0.0,67.0,5.0,,,30.0,34.0,,31.0
2021-22,647,Dzeko,attaccante,Inter,Roma,1.0,6.0,7.542857142857143,13.0,6.0,44.0,35.0,6.76,7.0,3.0,20.0,25.0,5.96,0.0,0.0,0.0,0.0,7.202539682539682,10.666666666666666,4.0,32.5,31.0,6.181904761904762,0.0,0.0,0.0,0.0,61.0,7.0,88.0,1.0,31.0,17.0,,29.0
2022-23,647,Dzeko,attaccante,Inter,Inter,0.0,7.0,7.25,9.0,3.0,28.5,28.0,7.542857142857143,13.0,6.0,44.0,35.0,6.285714285714286,0.0,0.0,0.0,0.0,7.439047619047618,12.0,4.333333333333333,38.0,31.666666666666668,6.277142857142857,0.0,0.0,0.0,0.0,81.0,2.0,,,29.0,28.0,,16.0
2016-17,250,Handanovic,portiere,Inter,Inter,0.0,1.0,5.027027027027027,0.0,0.0,-48.0,37.0,5.388888888888889,0.0,0.0,-33.5,36.0,6.319444444444445,0.0,0.0,0.0,0.0,5.388888888888889,0.0,0.0,-33.5,36.0,6.319444444444445,0.0,0.0,0.0,0.0,67.0,4.0,,,15.0,14.0,,14.0
2017-18,250,Handanovic,portiere,Inter,Inter,0.0,2.0,5.447368421052632,0.0,0.0,-32.0,38.0,5.027027027027027,0.0,0.0,-48.0,37.0,6.324324324324325,0.0,0.0,0.0,0.0,5.207957957957959,0.0,0.0,-40.75,36.5,6.321884384384385,0.0,0.0,0.0,0.0,59.0,7.0,,,14.0,13.0,,14.0
2018-19,250,Handanovic,portiere,Inter,Inter,0.0,3.0,5.315789473684211,0.0,0.0,-33.0,38.0,5.447368421052632,0.0,0.0,-32.0,38.0,6.2894736842105265,0.0,0.0,0.0,0.0,5.287761445656183,0.0,0.0,-37.833333333333336,37.0,6.311080817659764,0.0,0.0,0.0,0.0,69.0,5.0,,,14.0,15.0,,16.0
2019-20,250,Handanovic,portiere,Inter,Inter,0.0,4.0,5.3,0.0,0.0,-30.0,35.0,5.315789473684211,0.0,0.0,-33.0,38.0,6.184210526315789,0.0,0.0,0.0,0.0,5.26339497392129,0.0,0.0,-37.666666666666664,37.666666666666664,6.266002844950212,0.0,0.0,0.0,0.0,66.0,4.0,,,16.0,15.0,,18.0
2020-21,250,Handanovic,portiere,Inter,Inter,0.0,5.0,5.22972972972973,0.0,0.0,-29.5,37.0,5.3,0.0,0.0,-30.0,35.0,6.1571428571428575,0.0,0.0,0.0,0.0,5.35438596491228,0.0,0.0,-31.666666666666668,37.0,6.2102756892230575,0.0,0.0,0.0,0.0,79.0,2.0,,,18.0,14.0,,18.0
2021-22,250,Handanovic,portiere,Inter,Inter,0.0,6.0,5.337837837837838,0.0,0.0,-30.5,37.0,5.22972972972973,0.0,0.0,-29.5,37.0,6.027027027027027,0.0,0.0,0.0,0.0,5.281839734471314,0.0,0.0,-30.833333333333332,36.666666666666664,6.122793470161891,0.0,0.0,0.0,0.0,88.0,1.0,,,18.0,15.0,,17.0
2022-23,250,Handanovic,portiere,Inter,Inter,0.0,7.0,4.821428571428571,0.0,0.0,-18.0,14.0,5.337837837837838,0.0,0.0,-30.5,37.0,6.162162162162162,0.0,0.0,0.0,0.0,5.28918918918919,0.0,0.0,-30.0,36.333333333333336,6.115444015444016,0.0,0.0,0.0,0.0,81.0,2.0,,,17.0,15.0,,16.0
2016-17,256,Juan Jesus,difensore,Roma,Inter,1.0,1.0,5.647058823529412,0.0,0.0,-2.5,17.0,5.647058823529412,0.0,0.0,-1.5,17.0,5.735294117647059,0.0,0.0,0.0,0.0,5.647058823529412,0.0,0.0,-1.5,17.0,5.735294117647059,0.0,0.0,0.0,0.0,67.0,4.0,77.0,3.0,5.0,3.0,,8.0
2017-18,256,Juan Jesus,difensore,Roma,Roma,0.0,2.0,5.575,0.0,0.0,-3.0,20.0,5.647058823529412,0.0,0.0,-2.5,17.0,5.794117647058823,0.0,0.0,0.0,0.0,5.647058823529412,0.0,0.0,-2.0,17.0,5.764705882352941,0.0,0.0,0.0,0.0,84.0,2.0,,,8.0,5.0,,6.0
2018-19,256,Juan Jesus,difensore,Roma,Roma,0.0,3.0,5.722222222222222,1.0,0.0,-1.0,18.0,5.575,0.0,0.0,-3.0,20.0,5.725,0.0,0.0,0.0,0.0,5.623039215686275,0.0,0.0,-2.3333333333333335,18.0,5.751470588235294,0.0,0.0,0.0,0.0,74.0,3.0,,,6.0,5.0,,7.0
2019-20,256,Juan Jesus,difensore,Roma,Roma,0.0,4.0,4.666666666666667,0.0,0.0,-1.0,3.0,5.722222222222222,1.0,0.0,-1.0,18.0,5.777777777777778,0.0,0.0,0.0,0.0,5.648093681917211,0.3333333333333333,0.0,-2.1666666666666665,18.333333333333332,5.765631808278866,0.0,0.0,0.0,0.0,63.0,6.0,,,7.0,7.0,,5.0
2020-21,256,Juan Jesus,difensore,Roma,Roma,0.0,5.0,5.75,0.0,0.0,0.0,4.0,4.666666666666667,0.0,0.0,-1.0,3.0,5.0,0.0,0.0,0.0,0.0,5.321296296296296,0.3333333333333333,0.0,-1.6666666666666667,13.666666666666666,5.500925925925927,0.0,0.0,0.0,0.0,67.0,5.0,,,5.0,2.0,,5.0
2021-22,256,Juan Jesus,difensore,Napoli,Roma,1.0,6.0,6.066666666666666,1.0,0.0,0.5,15.0,5.75,0.0,0.0,0.0,4.0,5.75,0.0,0.0,0.0,0.0,5.37962962962963,0.3333333333333333,0.0,-0.6666666666666666,8.333333333333334,5.5092592592592595,0.0,0.0,0.0,0.0,61.0,7.0,76.0,3.0,5.0,2.0,,3.0
2022-23,256,Juan Jesus,difensore,Napoli,Napoli,0.0,7.0,6.25,1.0,0.0,2.0,12.0,6.066666666666666,1.0,0.0,0.5,15.0,6.033333333333333,0.0,0.0,0.0,0.0,5.4944444444444445,0.3333333333333333,0.0,-0.16666666666666666,7.333333333333333,5.594444444444444,0.0,0.0,0.0,0.0,76.0,3.0,,,3.0,5.0,,7.0
2023-24,256,Juan Jesus,difensore,Napoli,Napoli,0.0,8.0,5.666666666666667,1.0,0.0,-0.5,24.0,6.25,1.0,0.0,2.0,12.0,6.083333333333333,0.0,0.0,0.0,0.0,6.022222222222222,0.6666666666666666,0.0,0.8333333333333334,10.333333333333334,5.955555555555556,0.0,0.0,0.0,0.0,87.0,1.0,,,7.0,7.0,4.0,5.0
2024-25,256,Juan Jesus,difensore,Napoli,Napoli,0.0,9.0,5.8076923076923075,0.0,1.0,0.0,13.0,5.666666666666667,1.0,0.0,-0.5,24.0,5.6875,0.0,0.0,0.0,0.0,5.9944444444444445,1.0,0.0,0.6666666666666666,17.0,5.934722222222223,0.0,0.0,0.0,0.0,52.0,10.0,,,5.0,4.0,10.0,5.0
2025-26,256,Juan Jesus,difensore,Napoli,Napoli,0.0,10.0,5.619047619047619,0.0,0.0,-5.0,21.0,5.8076923076923075,0.0,1.0,0.0,13.0,5.8076923076923075,0.0,0.0,0.0,0.0,5.9081196581196584,0.6666666666666666,0.3333333333333333,0.5,16.333333333333332,5.859508547008546,0.0,0.0,0.0,0.0,79.0,1.0,,,5.0,3.0,4.5,3.0
2016-17,257,Miranda,difensore,Inter,Inter,0.0,1.0,5.78125,0.0,0.0,-3.0,32.0,6.15625,1.0,2.0,0.0,32.0,6.15625,0.0,0.0,0.0,0.0,6.15625,1.0,2.0,0.0,32.0,6.15625,0.0,0.0,0.0,0.0,67.0,4.0,,,11.0,12.0,,11.0
2017-18,257,Miranda,difensore,Inter,Inter,0.0,2.0,5.903225806451613,0.0,0.0,-4.0,31.0,5.78125,0.0,0.0,-3.0,32.0,5.875,0.0,0.0,0.0,0.0,5.96875,0.5,1.0,-1.5,32.0,6.015625,0.0,0.0,0.0,0.0,59.0,7.0,,,11.0,8.0,,10.0
2018-19,257,Miranda,difensore,Inter,Inter,0.0,3.0,5.714285714285714,0.0,0.0,-1.5,14.0,5.903225806451613,0.0,0.0,-4.0,31.0,6.032258064516129,0.0,0.0,0.0,0.0,5.946908602150537,0.3333333333333333,0.6666666666666666,-2.3333333333333335,31.666666666666668,6.021169354838709,0.0,0.0,0.0,0.0,69.0,5.0,,,10.0,9.0,,7.0
2016-17,259,Murillo,difensore,Inter,Inter,0.0,1.0,5.5576923076923075,0.0,0.0,-3.0,26.0,5.818181818181818,2.0,1.0,0.5,33.0,5.803030303030303,0.0,0.0,0.0,0.0,5.818181818181818,2.0,1.0,0.5,33.0,5.803030303030303,0.0,0.0,0.0,0.0,67.0,4.0,,,10.0,8.0,,10.0
2016-17,262,Santon,difensore,Inter,Inter,0.0,1.0,5.625,0.0,1.0,0.5,12.0,5.681818181818182,0.0,0.0,-0.5,11.0,5.7272727272727275,0.0,0.0,0.0,0.0,5.681818181818182,0.0,0.0,-0.5,11.0,5.7272727272727275,0.0,0.0,0.0,0.0,67.0,4.0,,,6.0,1.0,,3.0
2017-18,262,Santon,difensore,Inter,Inter,0.0,2.0,5.461538461538462,0.0,0.0,-1.0,13.0,5.625,0.0,1.0,0.5,12.0,5.583333333333333,0.0,0.0,0.0,0.0,5.653409090909091,0.0,0.5,0.0,11.5,5.65530303030303,0.0,0.0,0.0,0.0,59.0,7.0,,,3.0,4.0,,3.0
2018-19,262,Santon,difensore,Roma,Inter,1.0,3.0,5.769230769230769,0.0,1.0,1.0,13.0,5.461538461538462,0.0,0.0,-1.0,13.0,5.538461538461538,0.0,0.0,0.0,0.0,5.589452214452215,0.0,0.3333333333333333,-0.3333333333333333,12.0,5.616355866355867,0.0,0.0,0.0,0.0,69.0,5.0,74.0,3.0,3.0,3.0,,3.0
2019-20,262,Santon,difensore,Roma,Roma,0.0,4.0,5.590909090909091,0.0,0.0,-1.5,11.0,5.769230769230769,0.0,1.0,1.0,13.0,5.6923076923076925,0.0,0.0,0.0,0.0,5.618589743589744,0.0,0.6666666666666666,0.16666666666666666,12.666666666666666,5.604700854700854,0.0,0.0,0.0,0.0,63.0,6.0,,,3.0,4.0,,3.0
2020-21,262,Santon,difensore,Roma,Roma,0.0,5.0,5.55,0.0,0.0,-1.5,10.0,5.590909090909091,0.0,0.0,-1.5,11.0,5.7272727272727275,0.0,0.0,0.0,0.0,5.607226107226107,0.0,0.3333333333333333,-0.5,12.333333333333334,5.652680652680654,0.0,0.0,0.0,0.0,67.0,5.0,,,3.0,2.0,,3.0
2016-17,265,Brozovic,centrocampista,Inter,Inter,0.0,1.0,6.391304347826087,4.0,1.0,9.5,23.0,6.433333333333334,4.0,4.0,12.5,30.0,6.016666666666667,0.0,0.0,0.0,0.0,6.433333333333334,4.0,4.0,12.5,30.0,6.016666666666667,0.0,0.0,0.0,0.0,67.0,4.0,,,11.0,13.0,,11.0
2017-18,265,Brozovic,centrocampista,Inter,Inter,0.0,2.0,6.803571428571429,4.0,9.0,16.5,28.0,6.391304347826087,4.0,1.0,9.5,23.0,5.978260869565218,0.0,0.0,0.0,0.0,6.41231884057971,4.0,2.5,11.0,26.5,5.997463768115942,0.0,0.0,0.0,0.0,59.0,7.0,,,11.0,9.0,,9.0
2018-19,265,Brozovic,centrocampista,Inter,Inter,0.0,3.0,5.9375,2.0,1.0,1.0,32.0,6.803571428571429,4.0,9.0,16.5,28.0,6.214285714285714,0.0,0.0,0.0,0.0,6.542736369910283,4.0,4.666666666666667,12.833333333333334,27.0,6.069737750172533,0.0,0.0,0.0,0.0,69.0,5.0,,,9.0,14.0,,16.0
2019-20,265,Brozovic,centrocampista,Inter,Inter,0.0,4.0,6.578125,3.0,5.0,9.5,32.0,5.9375,2.0,1.0,1.0,32.0,5.90625,1234.0,0.04793289862573147,0.4199390113353729,2.0,6.3774585921325055,3.3333333333333335,3.6666666666666665,9.0,27.666666666666668,6.032932194616978,411.3333333333333,0.015977632875243824,0.1399796704451243,0.6666666666666666,66.0,4.0,,,16.0,11.0,,11.0
2020-21,265,Brozovic,centrocampista,Inter,Inter,0.0,5.0,6.378787878787879,2.0,6.0,7.5,33.0,6.578125,3.0,5.0,9.5,32.0,6.28125,2350.0,0.18664169870316982,0.6552199507132173,4.0,6.439732142857143,3.0,5.0,9.0,30.666666666666668,6.133928571428572,1194.6666666666667,0.0781915324429671,0.3583863206828634,2.0,79.0,2.0,,,11.0,17.0,,13.0
2021-22,265,Brozovic,centrocampista,Inter,Inter,0.0,6.0,6.414285714285715,2.0,1.0,3.5,35.0,6.378787878787879,2.0,6.0,7.5,33.0,6.151515151515151,768.0,0.18025559931993484,0.028701700270175934,6.0,6.298137626262626,2.3333333333333335,4.0,6.0,32.333333333333336,6.113005050505051,1450.6666666666667,0.1382767322162787,0.36795355410625535,4.0,88.0,1.0,,,13.0,15.0,,14.0
2022-23,265,Brozovic,centrocampista,Inter,Inter,0.0,7.0,6.5576923076923075,3.0,5.0,9.5,26.0,6.414285714285715,2.0,1.0,3.5,35.0,6.314285714285714,0.0,0.0,0.0,0.0,6.457066197691198,2.3333333333333335,4.0,6.833333333333333,33.333333333333336,6.249016955266955,1039.3333333333333,0.12229909934103489,0.22797388366113105,3.3333333333333335,81.0,2.0,,,14.0,15.0,,15.0
2016-17,267,Gnoukouri,centrocampista,Inter,Inter,0.0,1.0,5.75,0.0,0.0,0.0,4.0,5.0,0.0,0.0,0.0,1.0,5.0,0.0,0.0,0.0,0.0,5.0,0.0,0.0,0.0,1.0,5.0,0.0,0.0,0.0,0.0,67.0,4.0,,,3.0,1.0,,2.0
2016-17,269,Hernanes,centrocampista,Juventus,Juventus,0.0,1.0,5.888888888888889,1.0,0.0,1.5,9.0,6.0,1.0,0.0,0.0,13.0,6.0,0.0,0.0,0.0,0.0,6.0,1.0,0.0,0.0,13.0,6.0,0.0,0.0,0.0,0.0,88.0,1.0,,,15.0,7.0,,5.0
2016-17,270,Kondogbia,centrocampista,Inter,Inter,0.0,1.0,5.9375,1.0,2.0,1.5,24.0,5.84,1.0,1.0,0.0,25.0,5.84,0.0,0.0,0.0,0.0,5.84,1.0,1.0,0.0,25.0,5.84,0.0,0.0,0.0,0.0,67.0,4.0,,,12.0,7.0,,9.0
2016-17,272,Medel,centrocampista,Inter,Inter,0.0,1.0,5.6923076923076925,0.0,0.0,-2.5,26.0,6.053571428571429,1.0,1.0,-1.0,28.0,6.089285714285714,0.0,0.0,0.0,0.0,6.053571428571429,1.0,1.0,-1.0,28.0,6.089285714285714,0.0,0.0,0.0,0.0,67.0,4.0,,,6.0,7.0,,7.0
2020-21,272,Medel,centrocampista,Bologna,Bologna,0.0,3.0,5.863636363636363,0.0,1.0,0.5,11.0,5.6521739130434785,0.0,0.0,-6.0,23.0,5.913043478260869,0.0,0.0,0.0,0.0,5.6521739130434785,0.0,0.0,-6.0,23.0,5.913043478260869,0.0,0.0,0.0,0.0,46.0,12.0,,,5.0,4.0,,4.0
2021-22,272,Medel,centrocampista,Bologna,Bologna,0.0,4.0,5.712121212121212,0.0,1.0,-4.0,33.0,5.863636363636363,0.0,1.0,0.5,11.0,5.818181818181818,0.0,0.0,0.0,0.0,5.757905138339921,0.0,0.5,-2.75,17.0,5.865612648221344,0.0,0.0,0.0,0.0,41.0,11.0,,,4.0,2.0,,2.0
2022-23,272,Medel,centrocampista,Bologna,Bologna,0.0,5.0,5.869565217391305,0.0,1.0,-1.5,23.0,5.712121212121212,0.0,1.0,-4.0,33.0,5.833333333333333,0.0,0.0,0.0,0.0,5.742643829600351,0.0,0.6666666666666666,-3.1666666666666665,22.333333333333332,5.854852876592008,0.0,0.0,0.0,0.0,43.0,13.0,,,2.0,5.0,,7.0
2016-17,278,Jovetic,attaccante,Inter,Inter,0.0,1.0,5.333333333333333,0.0,0.0,-0.5,3.0,7.071428571428571,5.0,1.0,17.5,21.0,6.238095238095238,0.0,0.0,0.0,0.0,7.071428571428571,5.0,1.0,17.5,21.0,6.238095238095238,0.0,0.0,0.0,0.0,67.0,4.0,,,25.0,19.0,,17.0
2016-17,280,Palacio,attaccante,Inter,Inter,0.0,1.0,6.0,0.0,2.0,1.5,11.0,6.55,2.0,4.0,7.5,20.0,6.175,0.0,0.0,0.0,0.0,6.55,2.0,4.0,7.5,20.0,6.175,0.0,0.0,0.0,0.0,67.0,4.0,,,18.0,13.0,,8.0
2017-18,280,Palacio,attaccante,Bologna,Inter,1.0,2.0,6.462962962962963,4.0,2.0,9.5,27.0,6.0,0.0,2.0,1.5,11.0,5.863636363636363,0.0,0.0,0.0,0.0,6.275,1.0,3.0,4.5,15.5,6.019318181818182,0.0,0.0,0.0,0.0,59.0,7.0,41.0,15.0,8.0,4.0,,10.0
2018-19,280,Palacio,attaccante,Bologna,Bologna,0.0,3.0,6.732142857142857,3.0,6.0,12.0,28.0,6.462962962962963,4.0,2.0,9.5,27.0,6.111111111111111,0.0,0.0,0.0,0.0,6.337654320987654,2.0,2.6666666666666665,6.166666666666667,19.333333333333332,6.049915824915825,0.0,0.0,0.0,0.0,39.0,13.0,,,10.0,9.0,,8.0
2019-20,280,Palacio,attaccante,Bologna,Bologna,0.0,4.0,6.720588235294118,7.0,3.0,21.5,34.0,6.732142857142857,3.0,6.0,12.0,28.0,6.303571428571429,0.0,0.0,0.0,0.0,6.39836860670194,2.3333333333333335,3.3333333333333335,7.666666666666667,22.0,6.0927729677729685,0.0,0.0,0.0,0.0,41.0,12.0,,,8.0,14.0,,13.0
2020-21,280,Palacio,attaccante,Bologna,Bologna,0.0,5.0,6.590909090909091,5.0,5.0,17.5,33.0,6.720588235294118,7.0,3.0,21.5,34.0,6.088235294117647,0.0,0.0,0.0,0.0,6.6385646851333115,4.666666666666667,3.6666666666666665,14.333333333333334,29.666666666666668,6.167639277933396,0.0,0.0,0.0,0.0,46.0,12.0,,,13.0,19.0,,10.0
2016-17,4,Sportiello,portiere,Fiorentina,Atalanta,1.0,1.0,3.8,0.0,0.0,-18.5,10.0,5.222222222222222,0.0,0.0,-35.0,36.0,6.194444444444445,0.0,0.0,0.0,0.0,5.222222222222222,0.0,0.0,-35.0,36.0,6.194444444444445,0.0,0.0,0.0,0.0,42.0,13.0,61.0,5.0,10.0,12.0,,10.0
2017-18,4,Sportiello,portiere,Fiorentina,Fiorentina,0.0,2.0,5.108108108108108,0.0,0.0,-36.0,37.0,3.8,0.0,0.0,-18.5,10.0,5.65,0.0,0.0,0.0,0.0,4.511111111111111,0.0,0.0,-26.75,23.0,5.9222222222222225,0.0,0.0,0.0,0.0,59.0,8.0,,,10.0,1.0,,10.0
2018-19,4,Sportiello,portiere,Frosinone,Fiorentina,1.0,3.0,4.214285714285714,0.0,0.0,-66.5,35.0,5.108108108108108,0.0,0.0,-36.0,37.0,6.081081081081081,0.0,0.0,0.0,0.0,4.710110110110111,0.0,0.0,-29.833333333333332,27.666666666666668,5.975175175175175,0.0,0.0,0.0,0.0,57.0,8.0,,,10.0,12.0,,6.0
2019-20,4,Sportiello,portiere,Atalanta,Frosinone,1.0,4.0,5.333333333333333,0.0,0.0,-5.0,6.0,4.214285714285714,0.0,0.0,-66.5,35.0,6.114285714285714,0.0,0.0,0.0,0.0,4.3741312741312735,0.0,0.0,-40.333333333333336,27.333333333333332,5.948455598455598,0.0,0.0,0.0,0.0,24.0,19.0,66.0,3.0,6.0,6.0,,1.0
2020-21,4,Sportiello,portiere,Atalanta,Atalanta,0.0,5.0,5.033333333333333,0.0,0.0,-18.0,15.0,5.333333333333333,0.0,0.0,-5.0,6.0,6.166666666666667,0.0,0.0,0.0,0.0,4.885242385242385,0.0,0.0,-35.833333333333336,26.0,6.1206778206778205,0.0,0.0,0.0,0.0,78.0,3.0,,,1.0,3.0,,1.0
2021-22,4,Sportiello,portiere,Atalanta,Atalanta,0.0,6.0,5.3,0.0,0.0,-5.0,5.0,5.033333333333333,0.0,0.0,-18.0,15.0,6.233333333333333,0.0,0.0,0.0,0.0,4.860317460317461,0.0,0.0,-29.833333333333332,18.666666666666668,6.171428571428571,0.0,0.0,0.0,0.0,78.0,2.0,,,1.0,8.0,,1.0
2022-23,4,Sportiello,portiere,Atalanta,Atalanta,0.0,7.0,4.733333333333333,0.0,0.0,-21.0,15.0,5.3,0.0,0.0,-5.0,5.0,6.3,0.0,0.0,0.0,0.0,5.222222222222221,0.0,0.0,-9.333333333333334,8.666666666666666,6.233333333333333,0.0,0.0,0.0,0.0,59.0,7.0,,,1.0,4.0,,1.0
2023-24,4,Sportiello,portiere,Milan,Atalanta,1.0,8.0,4.571428571428571,0.0,0.0,-11.0,7.0,4.733333333333333,0.0,0.0,-21.0,15.0,6.133333333333334,0.0,0.0,0.0,0.0,5.022222222222222,0.0,0.0,-14.666666666666666,11.666666666666666,6.222222222222222,0.0,0.0,0.0,0.0,61.0,6.0,67.0,5.0,1.0,10.0,11.5,1.0
2024-25,4,Sportiello,portiere,Milan,Milan,0.0,9.0,5.0,0.0,0.0,-2.0,2.0,4.571428571428571,0.0,0.0,-11.0,7.0,6.142857142857143,0.0,0.0,0.0,0.0,4.868253968253968,0.0,0.0,-12.333333333333334,9.0,6.192063492063492,0.0,0.0,0.0,0.0,74.0,2.0,,,1.0,6.0,1.0,1.0
2025-26,4,Sportiello,portiere,Atalanta,Milan,1.0,10.0,4.5,0.0,0.0,-1.0,1.0,5.0,0.0,0.0,-2.0,2.0,6.0,0.0,0.0,0.0,0.0,4.768253968253968,0.0,0.0,-11.333333333333334,8.0,6.092063492063492,0.0,0.0,0.0,0.0,60.0,9.0,74.0,3.0,1.0,2.0,0.5,1.0
2016-17,13,Drame',difensore,Atalanta,Atalanta,0.0,1.0,5.611111111111111,0.0,0.0,-0.5,9.0,5.8,0.0,0.0,-1.5,25.0,5.86,0.0,0.0,0.0,0.0,5.8,0.0,0.0,-1.5,25.0,5.86,0.0,0.0,0.0,0.0,42.0,13.0,,,6.0,6.0,,7.0
2017-18,13,Drame',difensore,SPAL,Atalanta,1.0,2.0,5.5,0.0,0.0,0.0,2.0,5.611111111111111,0.0,0.0,-0.5,9.0,5.666666666666667,0.0,0.0,0.0,0.0,5.705555555555556,0.0,0.0,-1.0,17.0,5.763333333333334,0.0,0.0,0.0,0.0,69.0,5.0,,,7.0,1.0,,1.0
2016-17,15,Masiello,difensore,Atalanta,Atalanta,0.0,1.0,6.4714285714285715,3.0,0.0,4.5,35.0,5.803571428571429,0.0,1.0,-2.5,28.0,5.892857142857143,0.0,0.0,0.0,0.0,5.803571428571429,0.0,1.0,-2.5,28.0,5.892857142857143,0.0,0.0,0.0,0.0,42.0,13.0,,,4.0,7.0,,6.0
2017-18,15,Masiello,difensore,Atalanta,Atalanta,0.0,2.0,6.564516129032258,4.0,0.0,9.5,31.0,6.4714285714285715,3.0,0.0,4.5,35.0,6.3428571428571425,0.0,0.0,0.0,0.0,6.1375,1.5,0.5,1.0,31.5,6.117857142857143,0.0,0.0,0.0,0.0,69.0,5.0,,,6.0,13.0,,10.0
2018-19,15,Masiello,difensore,Atalanta,Atalanta,0.0,3.0,5.673913043478261,0.0,1.0,-3.5,23.0,6.564516129032258,4.0,0.0,9.5,31.0,6.258064516129032,0.0,0.0,0.0,0.0,6.27983870967742,2.3333333333333335,0.3333333333333333,3.8333333333333335,31.333333333333332,6.164592933947772,0.0,0.0,0.0,0.0,60.0,7.0,,,10.0,14.0,,14.0
2019-20,15,Masiello,difensore,Genoa,Atalanta,1.0,4.0,5.7272727272727275,0.0,1.0,-1.5,22.0,5.673913043478261,0.0,1.0,-3.5,23.0,5.826086956521739,0.0,0.0,0.0,0.0,6.2366192479796965,2.3333333333333335,0.3333333333333333,3.5,29.666666666666668,6.142336205169304,0.0,0.0,0.0,0.0,66.0,3.0,37.0,18.0,14.0,9.0,,7.0
2020-21,15,Masiello,difensore,Genoa,Genoa,0.0,5.0,5.583333333333333,0.0,0.0,-3.0,30.0,5.7272727272727275,0.0,1.0,-1.5,22.0,5.795454545454546,0.0,0.0,0.0,0.0,5.988567299927749,1.3333333333333333,0.6666666666666666,1.5,25.333333333333332,5.959868672701773,0.0,0.0,0.0,0.0,36.0,17.0,,,7.0,4.0,,4.0
2021-22,15,Masiello,difensore,Genoa,Genoa,0.0,6.0,5.428571428571429,0.0,0.0,-1.5,7.0,5.583333333333333,0.0,0.0,-3.0,30.0,5.683333333333334,0.0,0.0,0.0,0.0,5.661506368028107,0.0,0.6666666666666666,-2.6666666666666665,25.0,5.768291611769873,0.0,0.0,0.0,0.0,39.0,14.0,,,4.0,4.0,,4.0
2016-17,17,Stendardo,difensore,Pescara,Atalanta,1.0,1.0,5.333333333333333,0.0,0.0,-0.5,9.0,6.038461538461538,1.0,0.0,1.0,13.0,5.961538461538462,0.0,0.0,0.0,0.0,6.038461538461538,1.0,0.0,1.0,13.0,5.961538461538462,0.0,0.0,0.0,0.0,42.0,13.0,,,6.0,3.0,,2.0
2016-17,19,Carmona C.,centrocampista,Atalanta,Atalanta,0.0,1.0,4.5,0.0,0.0,-1.5,2.0,5.333333333333333,0.0,0.0,-2.0,6.0,5.666666666666667,0.0,0.0,0.0,0.0,5.333333333333333,0.0,0.0,-2.0,6.0,5.666666666666667,0.0,0.0,0.0,0.0,42.0,13.0,,,7.0,1.0,,6.0
2016-17,21,D'alessandro,centrocampista,Atalanta,Atalanta,0.0,1.0,6.3125,1.0,1.0,3.0,16.0,6.7368421052631575,3.0,2.0,9.5,19.0,6.2368421052631575,0.0,0.0,0.0,0.0,6.7368421052631575,3.0,2.0,9.5,19.0,6.2368421052631575,0.0,0.0,0.0,0.0,42.0,13.0,,,4.0,9.0,,9.0
2017-18,21,D'alessandro,centrocampista,Benevento,Atalanta,1.0,2.0,6.433333333333334,1.0,1.0,3.5,15.0,6.3125,1.0,1.0,3.0,16.0,6.125,0.0,0.0,0.0,0.0,6.524671052631579,2.0,1.5,6.25,17.5,6.180921052631579,0.0,0.0,0.0,0.0,69.0,5.0,,,9.0,6.0,,7.0
2018-19,21,D'alessandro,centrocampista,Udinese,Benevento,1.0,3.0,5.925,0.0,1.0,-0.5,20.0,6.433333333333334,1.0,1.0,3.5,15.0,6.2,0.0,0.0,0.0,0.0,6.49422514619883,1.6666666666666667,1.3333333333333333,5.333333333333333,16.666666666666668,6.187280701754386,0.0,0.0,0.0,0.0,21.0,20.0,37.0,14.0,7.0,6.0,,3.0
2019-20,21,D'alessandro,centrocampista,SPAL,Udinese,1.0,4.0,6.2,2.0,0.0,5.0,15.0,5.925,0.0,1.0,-0.5,20.0,5.95,0.0,0.0,0.0,0.0,6.223611111111111,0.6666666666666666,1.0,2.0,17.0,6.091666666666666,0.0,0.0,0.0,0.0,40.0,16.0,42.0,11.0,3.0,7.0,,7.0
2018-19,22,De Roon,centrocampista,Atalanta,Atalanta,0.0,2.0,6.102941176470588,1.0,1.0,3.0,34.0,6.015151515151516,2.0,2.0,3.0,33.0,5.924242424242424,0.0,0.0,0.0,0.0,6.000432900432901,1.5,1.5,0.75,34.0,5.976406926406926,0.0,0.0,0.0,0.0,60.0,7.0,,,9.0,10.0,,8.0
2019-20,22,De Roon,centrocampista,Atalanta,Atalanta,0.0,3.0,6.0588235294117645,2.0,5.0,3.0,34.0,6.102941176470588,1.0,1.0,3.0,34.0,6.014705882352941,0.0,0.0,0.0,0.0,6.059046345811051,1.5,1.5,3.0,33.5,5.969474153297682,0.0,0.0,0.0,0.0,66.0,3.0,,,8.0,11.0,,11.0
2020-21,22,De Roon,centrocampista,Atalanta,Atalanta,0.0,4.0,6.057142857142857,1.0,1.0,-0.5,35.0,6.0588235294117645,2.0,5.0,3.0,34.0,5.970588235294118,0.0,0.0,0.0,0.0,6.058972073677956,1.6666666666666667,2.6666666666666665,3.0,33.666666666666664,5.96984551396316,0.0,0.0,0.0,0.0,78.0,3.0,,,11.0,10.0,,9.0
2021-22,22,De Roon,centrocampista,Atalanta,Atalanta,0.0,5.0,6.133333333333334,3.0,0.0,5.5,30.0,6.057142857142857,1.0,1.0,-0.5,35.0,6.071428571428571,0.0,0.0,0.0,0.0,6.07296918767507,1.3333333333333333,2.3333333333333335,1.8333333333333333,34.333333333333336,6.01890756302521,0.0,0.0,0.0,0.0,78.0,2.0,,,9.0,11.0,,11.0
2022-23,22,De Roon,centrocampista,Atalanta,Atalanta,0.0,6.0,6.264705882352941,3.0,0.0,5.5,34.0,6.133333333333334,3.0,0.0,5.5,30.0,5.95,0.0,0.0,0.0,0.0,6.083099906629318,2.0,2.0,2.6666666666666665,33.0,5.99733893557423,0.0,0.0,0.0,0.0,59.0,7.0,,,11.0,10.0,,7.0
2023-24,22,De Roon,centrocampista,Atalanta,Atalanta,0.0,7.0,5.966666666666667,0.0,5.0,0.0,30.0,6.264705882352941,3.0,0.0,5.5,34.0,6.102941176470588,0.0,0.0,0.0,0.0,6.151727357609711,2.3333333333333335,0.3333333333333333,3.5,33.0,6.041456582633053,0.0,0.0,0.0,0.0,61.0,6.0,,,7.0,12.0,11.0,11.0
2024-25,22,De Roon,centrocampista,Atalanta,Atalanta,0.0,8.0,6.527777777777778,4.0,4.0,13.5,36.0,5.966666666666667,0.0,5.0,0.0,30.0,5.966666666666667,0.0,0.0,0.0,0.0,6.12156862745098,2.0,1.6666666666666667,3.6666666666666665,31.333333333333332,6.006535947712418,0.0,0.0,0.0,0.0,66.0,5.0,,,11.0,8.0,14.0,8.0
2025-26,22,De Roon,centrocampista,Atalanta,Atalanta,0.0,9.0,6.0,1.0,2.0,1.0,34.0,6.527777777777778,4.0,4.0,13.5,36.0,6.152777777777778,0.0,0.0,0.0,0.0,6.253050108932462,2.3333333333333335,3.0,6.333333333333333,33.333333333333336,6.0741285403050105,0.0,0.0,0.0,0.0,74.0,3.0,,,8.0,16.0,21.5,12.0
2016-17,26,Gomez,centrocampista,Atalanta,Atalanta,0.0,1.0,8.22972972972973,14.0,10.0,55.0,37.0,7.161764705882353,7.0,8.0,26.0,34.0,6.397058823529412,0.0,0.0,0.0,0.0,7.161764705882353,7.0,8.0,26.0,34.0,6.397058823529412,0.0,0.0,0.0,0.0,42.0,13.0,,,13.0,19.0,,18.0
2017-18,26,Gomez,centrocampista,Atalanta,Atalanta,0.0,2.0,7.015151515151516,4.0,9.0,23.0,33.0,8.22972972972973,14.0,10.0,55.0,37.0,6.743243243243243,0.0,0.0,0.0,0.0,7.6957472178060415,10.5,9.0,40.5,35.5,6.5701510333863276,0.0,0.0,0.0,0.0,69.0,5.0,,,18.0,32.0,,26.0
2018-19,26,Gomez,attaccante,Atalanta,Atalanta,0.0,3.0,7.0285714285714285,7.0,10.0,28.5,35.0,7.015151515151516,4.0,9.0,23.0,33.0,6.318181818181818,0.0,0.0,0.0,0.0,7.468881983587866,8.333333333333334,9.0,34.666666666666664,34.666666666666664,6.486161294984825,0.0,0.0,0.0,0.0,60.0,7.0,,,26.0,25.0,,23.0
2019-20,26,Gomez,attaccante,Atalanta,Atalanta,0.0,4.0,7.625,7.0,13.0,33.0,36.0,7.0285714285714285,7.0,10.0,28.5,35.0,6.214285714285714,0.0,0.0,0.0,0.0,7.424484224484225,8.333333333333334,9.666666666666666,35.5,35.0,6.425236925236924,0.0,0.0,0.0,0.0,66.0,3.0,,,23.0,24.0,,26.0
2020-21,26,Gomez,centrocampista,Atalanta,Atalanta,0.0,5.0,7.95,4.0,2.0,14.0,10.0,7.625,7.0,13.0,33.0,36.0,6.708333333333333,0.0,0.0,0.0,0.0,7.222907647907648,6.0,10.666666666666666,28.166666666666668,34.666666666666664,6.413600288600288,0.0,0.0,0.0,0.0,78.0,3.0,,,26.0,30.0,,28.0
2016-17,28,Kurtic,centrocampista,Atalanta,Atalanta,0.0,1.0,6.4324324324324325,6.0,2.0,16.5,37.0,5.951612903225806,2.0,0.0,2.5,31.0,5.870967741935484,0.0,0.0,0.0,0.0,5.951612903225806,2.0,0.0,2.5,31.0,5.870967741935484,0.0,0.0,0.0,0.0,42.0,13.0,,,11.0,10.0,,9.0
2017-18,28,Kurtic,centrocampista,SPAL,Atalanta,1.0,2.0,5.913793103448276,3.0,0.0,5.5,29.0,6.4324324324324325,6.0,2.0,16.5,37.0,5.986486486486487,0.0,0.0,0.0,0.0,6.19202266782912,4.0,1.0,9.5,34.0,5.928727114210986,0.0,0.0,0.0,0.0,69.0,5.0,,,9.0,11.0,,10.0
2018-19,28,Kurtic,centrocampista,SPAL,SPAL,0.0,3.0,6.75,6.0,5.0,18.5,30.0,5.913793103448276,3.0,0.0,5.5,29.0,5.724137931034483,0.0,0.0,0.0,0.0,6.099279479702171,3.6666666666666665,0.6666666666666666,8.166666666666666,32.333333333333336,5.860530719818819,0.0,0.0,0.0,0.0,35.0,17.0,,,10.0,8.0,,9.0
2019-20,28,Kurtic,centrocampista,Parma,SPAL,1.0,4.0,6.138888888888889,4.0,1.0,8.0,36.0,6.75,6.0,5.0,18.5,30.0,6.133333333333334,0.0,0.0,0.0,0.0,6.365408511960236,5.0,2.3333333333333335,13.5,32.0,5.947985916951435,0.0,0.0,0.0,0.0,42.0,11.0,41.0,14.0,9.0,14.0,,16.0
2020-21,28,Kurtic,centrocampista,Parma,Parma,0.0,5.0,6.029411764705882,4.0,0.0,9.5,34.0,6.138888888888889,4.0,1.0,8.0,36.0,5.916666666666667,0.0,0.0,0.0,0.0,6.267560664112388,4.333333333333333,2.0,10.666666666666666,31.666666666666668,5.924712643678162,0.0,0.0,0.0,0.0,46.0,11.0,,,16.0,11.0,,9.0
2016-17,39,Pinilla,attaccante,Genoa,Atalanta,1.0,1.0,5.615384615384615,0.0,1.0,1.0,13.0,6.166666666666667,5.0,2.0,6.5,18.0,5.805555555555555,0.0,0.0,0.0,0.0,6.166666666666667,5.0,2.0,6.5,18.0,5.805555555555555,0.0,0.0,0.0,0.0,42.0,13.0,46.0,10.0,21.0,10.0,,10.0
2016-17,282,Buffon,portiere,Juventus,Juventus,0.0,1.0,5.25,0.0,0.0,-24.0,30.0,5.8,0.0,0.0,-14.5,35.0,6.214285714285714,0.0,0.0,0.0,0.0,5.8,0.0,0.0,-14.5,35.0,6.214285714285714,0.0,0.0,0.0,0.0,88.0,1.0,,,18.0,20.0,,18.0
2017-18,282,Buffon,portiere,Juventus,Juventus,0.0,2.0,5.5476190476190474,0.0,0.0,-11.5,21.0,5.25,0.0,0.0,-24.0,30.0,6.05,0.0,0.0,0.0,0.0,5.525,0.0,0.0,-19.25,32.5,6.132142857142857,0.0,0.0,0.0,0.0,88.0,1.0,,,18.0,13.0,,17.0
2020-21,282,Buffon,portiere,Juventus,Juventus,0.0,4.0,6.0625,0.0,0.0,-2.0,8.0,5.0,0.0,0.0,-10.0,9.0,6.111111111111111,0.0,0.0,0.0,0.0,5.273809523809524,0.0,0.0,-10.75,15.0,6.103174603174603,0.0,0.0,0.0,0.0,83.0,1.0,,,4.0,3.0,,1.0
2016-17,285,Barzagli,difensore,Juventus,Juventus,0.0,1.0,6.075,0.0,0.0,-1.0,20.0,6.338709677419355,1.0,0.0,2.0,31.0,6.274193548387097,0.0,0.0,0.0,0.0,6.338709677419355,1.0,0.0,2.0,31.0,6.274193548387097,0.0,0.0,0.0,0.0,88.0,1.0,,,10.0,13.0,,10.0
2017-18,285,Barzagli,difensore,Juventus,Juventus,0.0,2.0,5.925,0.0,1.0,-2.0,20.0,6.075,0.0,0.0,-1.0,20.0,6.125,0.0,0.0,0.0,0.0,6.206854838709678,0.5,0.0,0.5,25.5,6.199596774193548,0.0,0.0,0.0,0.0,88.0,1.0,,,10.0,7.0,,7.0
2018-19,285,Barzagli,difensore,Juventus,Juventus,0.0,3.0,6.0,0.0,0.0,0.0,4.0,5.925,0.0,1.0,-2.0,20.0,6.025,0.0,0.0,0.0,0.0,6.112903225806452,0.3333333333333333,0.3333333333333333,-0.3333333333333333,23.666666666666668,6.141397849462366,0.0,0.0,0.0,0.0,92.0,1.0,,,7.0,6.0,,3.0
2016-17,286,Bonucci,difensore,Juventus,Juventus,0.0,1.0,6.310344827586207,3.0,0.0,6.5,29.0,6.291666666666667,3.0,1.0,5.0,36.0,6.152777777777778,0.0,0.0,0.0,0.0,6.291666666666667,3.0,1.0,5.0,36.0,6.152777777777778,0.0,0.0,0.0,0.0,88.0,1.0,,,13.0,15.0,,14.0
2017-18,286,Bonucci,difensore,Milan,Juventus,1.0,2.0,5.9,2.0,0.0,2.5,35.0,6.310344827586207,3.0,0.0,6.5,29.0,6.086206896551724,0.0,0.0,0.0,0.0,6.301005747126437,3.0,0.5,5.75,32.5,6.1194923371647505,0.0,0.0,0.0,0.0,88.0,1.0,63.0,6.0,14.0,12.0,,14.0
2018-19,286,Bonucci,difensore,Juventus,Milan,1.0,3.0,6.293103448275862,3.0,0.0,8.0,29.0,5.9,2.0,0.0,2.5,35.0,5.828571428571428,0.0,0.0,0.0,0.0,6.1673371647509585,2.6666666666666665,0.3333333333333333,4.666666666666667,33.333333333333336,6.022518700966977,0.0,0.0,0.0,0.0,61.0,6.0,92.0,1.0,14.0,11.0,,12.0
2019-20,286,Bonucci,difensore,Juventus,Juventus,0.0,4.0,6.4,3.0,0.0,4.5,35.0,6.293103448275862,3.0,0.0,8.0,29.0,6.017241379310345,0.0,0.0,0.0,0.0,6.167816091954023,2.6666666666666665,0.0,5.666666666666667,31.0,5.9773399014778335,0.0,0.0,0.0,0.0,90.0,1.0,,,12.0,12.0,,11.0
2020-21,286,Bonucci,difensore,Juventus,Juventus,0.0,5.0,6.16,2.0,0.0,4.5,25.0,6.4,3.0,0.0,4.5,35.0,6.271428571428571,0.0,0.0,0.0,0.0,6.197701149425288,2.6666666666666665,0.0,5.0,33.0,6.0390804597701155,0.0,0.0,0.0,0.0,83.0,1.0,,,11.0,15.0,,13.0
2021-22,286,Bonucci,difensore,Juventus,Juventus,0.0,6.0,6.782608695652174,2.0,0.0,14.5,23.0,6.16,2.0,0.0,4.5,25.0,5.98,0.0,0.0,0.0,0.0,6.2843678160919545,2.6666666666666665,0.0,5.666666666666667,29.666666666666668,6.089556650246306,0.0,0.0,0.0,0.0,75.0,5.0,,,13.0,9.0,,12.0
2022-23,286,Bonucci,difensore,Juventus,Juventus,0.0,7.0,6.0,1.0,0.0,-0.5,11.0,6.782608695652174,2.0,0.0,14.5,23.0,6.1521739130434785,0.0,0.0,0.0,0.0,6.447536231884058,2.3333333333333335,0.0,7.833333333333333,27.666666666666668,6.134534161490683,0.0,0.0,0.0,0.0,70.0,4.0,,,12.0,15.0,,15.0
2016-17,288,Chiellini,difensore,Juventus,Juventus,0.0,1.0,6.35,2.0,1.0,5.0,20.0,6.166666666666667,1.0,0.0,0.0,24.0,6.166666666666667,0.0,0.0,0.0,0.0,6.166666666666667,1.0,0.0,0.0,24.0,6.166666666666667,0.0,0.0,0.0,0.0,88.0,1.0,,,14.0,10.0,,13.0
2017-18,288,Chiellini,difensore,Juventus,Juventus,0.0,2.0,6.208333333333333,0.0,1.0,0.0,24.0,6.35,2.0,1.0,5.0,20.0,6.1,0.0,0.0,0.0,0.0,6.258333333333333,1.5,0.5,2.5,22.0,6.133333333333333,0.0,0.0,0.0,0.0,88.0,1.0,,,13.0,8.0,,13.0
2018-19,288,Chiellini,difensore,Juventus,Juventus,0.0,3.0,6.456521739130435,1.0,1.0,2.5,23.0,6.208333333333333,0.0,1.0,0.0,24.0,6.208333333333333,0.0,0.0,0.0,0.0,6.241666666666667,1.0,0.6666666666666666,1.6666666666666667,22.666666666666668,6.158333333333334,0.0,0.0,0.0,0.0,92.0,1.0,,,13.0,9.0,,12.0
2019-20,288,Chiellini,difensore,Juventus,Juventus,0.0,4.0,6.875,1.0,0.0,3.0,4.0,6.456521739130435,1.0,1.0,2.5,23.0,6.3478260869565215,0.0,0.0,0.0,0.0,6.338285024154589,1.0,1.0,2.5,22.333333333333332,6.218719806763285,0.0,0.0,0.0,0.0,90.0,1.0,,,12.0,13.0,,14.0
2020-21,288,Chiellini,difensore,Juventus,Juventus,0.0,5.0,5.90625,0.0,1.0,-3.0,16.0,6.875,1.0,0.0,3.0,4.0,6.125,0.0,0.0,0.0,0.0,6.513285024154588,0.6666666666666666,0.6666666666666666,1.8333333333333333,17.0,6.2270531400966185,0.0,0.0,0.0,0.0,83.0,1.0,,,14.0,7.0,,11.0
2021-22,288,Chiellini,difensore,Juventus,Juventus,0.0,6.0,6.131578947368421,0.0,0.0,-1.0,19.0,5.90625,0.0,1.0,-3.0,16.0,6.09375,0.0,0.0,0.0,0.0,6.412590579710145,0.6666666666666666,0.6666666666666666,0.8333333333333334,14.333333333333334,6.188858695652175,0.0,0.0,0.0,0.0,75.0,5.0,,,11.0,6.0,,10.0
2016-17,290,Evra,difensore,Juventus,Juventus,0.0,1.0,6.333333333333333,0.0,0.0,0.0,3.0,6.16,2.0,2.0,4.5,25.0,5.98,0.0,0.0,0.0,0.0,6.16,2.0,2.0,4.5,25.0,5.98,0.0,0.0,0.0,0.0,88.0,1.0,,,7.0,8.0,,7.0
2016-17,292,Lichtsteiner,difensore,Juventus,Juventus,0.0,1.0,6.02,1.0,2.0,2.5,25.0,5.916666666666667,0.0,1.0,-1.5,24.0,5.979166666666667,0.0,0.0,0.0,0.0,5.916666666666667,0.0,1.0,-1.5,24.0,5.979166666666667,0.0,0.0,0.0,0.0,88.0,1.0,,,13.0,9.0,,10.0
2017-18,292,Lichtsteiner,difensore,Juventus,Juventus,0.0,2.0,5.625,0.0,2.0,-4.0,24.0,6.02,1.0,2.0,2.5,25.0,5.92,0.0,0.0,0.0,0.0,5.968333333333334,0.5,1.5,0.5,24.5,5.949583333333333,0.0,0.0,0.0,0.0,88.0,1.0,,,10.0,8.0,,9.0
2016-17,301,Padoin,centrocampista,Cagliari,Juventus,1.0,1.0,5.714285714285714,1.0,1.0,1.0,28.0,5.9375,1.0,0.0,2.0,8.0,5.6875,0.0,0.0,0.0,0.0,5.9375,1.0,0.0,2.0,8.0,5.6875,0.0,0.0,0.0,0.0,88.0,1.0,,,4.0,3.0,,6.0
2017-18,301,Padoin,centrocampista,Cagliari,Cagliari,0.0,2.0,5.756756756756757,1.0,0.0,1.0,37.0,5.714285714285714,1.0,1.0,1.0,28.0,5.678571428571429,0.0,0.0,0.0,0.0,5.825892857142858,1.0,0.5,1.5,18.0,5.683035714285714,0.0,0.0,0.0,0.0,44.0,13.0,,,6.0,5.0,,6.0
2018-19,301,Padoin,difensore,Cagliari,Cagliari,0.0,3.0,5.732142857142857,0.0,1.0,0.0,28.0,5.756756756756757,1.0,0.0,1.0,37.0,5.72972972972973,0.0,0.0,0.0,0.0,5.802847490347491,1.0,0.3333333333333333,1.3333333333333333,24.333333333333332,5.698600386100385,0.0,0.0,0.0,0.0,36.0,16.0,,,6.0,8.0,,4.0
2021-22,302,Pereyra,centrocampista,Udinese,Udinese,0.0,2.0,6.413043478260869,2.0,5.0,6.0,23.0,6.764705882352941,4.0,5.0,16.0,34.0,6.294117647058823,0.0,0.0,0.0,0.0,6.764705882352941,4.0,5.0,16.0,34.0,6.294117647058823,0.0,0.0,0.0,0.0,40.0,12.0,,,11.0,19.0,,17.0
2022-23,302,Pereyra,centrocampista,Udinese,Udinese,0.0,3.0,6.6911764705882355,5.0,6.0,14.5,34.0,6.413043478260869,2.0,5.0,6.0,23.0,6.1521739130434785,0.0,0.0,0.0,0.0,6.588874680306905,3.0,5.0,11.0,28.5,6.223145780051151,0.0,0.0,0.0,0.0,44.0,12.0,,,17.0,13.0,,18.0
2023-24,302,Pereyra,centrocampista,Udinese,Udinese,0.0,4.0,6.576923076923077,3.0,3.0,12.0,26.0,6.6911764705882355,5.0,6.0,14.5,34.0,6.264705882352941,0.0,0.0,0.0,0.0,6.622975277067348,3.6666666666666665,5.333333333333333,12.166666666666666,30.333333333333332,6.23699914748508,0.0,0.0,0.0,0.0,46.0,12.0,,,18.0,20.0,32.0,13.0
2023-24,303,Pogba,centrocampista,Juventus,Juventus,0.0,2.0,6.0,0.0,0.0,0.0,2.0,6.0,0.0,0.0,0.0,5.0,6.0,0.0,0.0,0.0,0.0,6.0,0.0,0.0,0.0,5.0,6.0,0.0,0.0,0.0,0.0,69.0,4.0,,,24.0,12.0,5.0,12.0
2016-17,309,Dybala,attaccante,Juventus,Juventus,0.0,1.0,7.896551724137931,8.0,7.0,39.0,29.0,8.393939393939394,13.0,7.0,63.5,33.0,6.46969696969697,0.0,0.0,0.0,0.0,8.393939393939394,13.0,7.0,63.5,33.0,6.46969696969697,0.0,0.0,0.0,0.0,88.0,1.0,,,29.0,32.0,,33.0
2017-18,309,Dybala,attaccante,Juventus,Juventus,0.0,2.0,8.424242424242424,19.0,5.0,65.0,33.0,7.896551724137931,8.0,7.0,39.0,29.0,6.551724137931035,0.0,0.0,0.0,0.0,8.145245559038663,10.5,7.0,51.25,31.0,6.510710553814002,0.0,0.0,0.0,0.0,88.0,1.0,,,33.0,30.0,,29.0
2018-19,309,Dybala,attaccante,Juventus,Juventus,0.0,3.0,6.555555555555555,4.0,2.0,16.5,27.0,8.424242424242424,19.0,5.0,65.0,33.0,6.454545454545454,0.0,0.0,0.0,0.0,8.238244514106583,13.333333333333334,6.333333333333333,55.833333333333336,31.666666666666668,6.491988854057819,0.0,0.0,0.0,0.0,92.0,1.0,,,29.0,30.0,,36.0
2019-20,309,Dybala,attaccante,Juventus,Juventus,0.0,4.0,7.84375,10.0,7.0,37.5,32.0,6.555555555555555,4.0,2.0,16.5,27.0,5.944444444444445,0.0,0.0,0.0,0.0,7.62544990131197,10.333333333333334,4.666666666666667,40.166666666666664,29.666666666666668,6.316904678973645,0.0,0.0,0.0,0.0,90.0,1.0,,,36.0,23.0,,26.0
2020-21,309,Dybala,attaccante,Juventus,Juventus,0.0,5.0,6.894736842105263,4.0,3.0,15.0,19.0,7.84375,10.0,7.0,37.5,32.0,6.671875,0.0,0.0,0.0,0.0,7.607849326599326,11.0,4.666666666666667,39.666666666666664,30.666666666666668,6.356954966329966,0.0,0.0,0.0,0.0,83.0,1.0,,,26.0,31.0,,31.0
2021-22,309,Dybala,attaccante,Juventus,Juventus,0.0,6.0,7.446428571428571,9.0,5.0,30.5,28.0,6.894736842105263,4.0,3.0,15.0,19.0,6.105263157894737,0.0,0.0,0.0,0.0,7.0980141325536055,6.0,4.0,23.0,26.0,6.240527534113061,0.0,0.0,0.0,0.0,75.0,5.0,,,31.0,15.0,,25.0
2022-23,309,Dybala,attaccante,Roma,Juventus,1.0,7.0,8.24,7.0,6.0,40.0,25.0,7.446428571428571,9.0,5.0,30.5,28.0,6.357142857142857,0.0,0.0,0.0,0.0,7.394971804511278,7.666666666666667,5.0,27.666666666666668,26.333333333333332,6.378093671679198,0.0,0.0,0.0,0.0,70.0,4.0,60.0,6.0,25.0,27.0,,29.0
2023-24,309,Dybala,attaccante,Roma,Roma,0.0,8.0,8.203703703703704,6.0,9.0,46.5,27.0,8.24,7.0,6.0,40.0,25.0,6.64,0.0,0.0,0.0,0.0,7.527055137844612,6.666666666666667,4.666666666666667,28.5,24.0,6.367468671679198,0.0,0.0,0.0,0.0,60.0,7.0,,,29.0,33.0,129.5,30.0
2024-25,309,Dybala,attaccante,Roma,Roma,0.0,9.0,7.475,3.0,3.0,20.0,20.0,8.203703703703704,6.0,9.0,46.5,27.0,6.481481481481482,0.0,0.0,0.0,0.0,7.963377425044091,7.333333333333333,6.666666666666667,39.0,26.666666666666668,6.492874779541446,0.0,0.0,0.0,0.0,63.0,6.0,,,30.0,35.0,165.0,34.0
2025-26,309,Dybala,attaccante,Roma,Roma,0.0,10.0,6.738095238095238,2.0,7.0,10.0,21.0,7.475,3.0,3.0,20.0,20.0,6.475,0.0,0.0,0.0,0.0,7.972901234567902,5.333333333333333,6.0,35.5,24.0,6.532160493827161,0.0,0.0,0.0,0.0,66.0,5.0,,,34.0,20.0,70.5,26.0
2016-17,312,Mandzukic,attaccante,Juventus,Juventus,0.0,1.0,6.8125,7.0,2.0,20.5,32.0,7.351851851851852,10.0,1.0,28.5,27.0,6.296296296296297,0.0,0.0,0.0,0.0,7.351851851851852,10.0,1.0,28.5,27.0,6.296296296296297,0.0,0.0,0.0,0.0,88.0,1.0,,,25.0,23.0,,19.0
2017-18,312,Mandzukic,attaccante,Juventus,Juventus,0.0,2.0,6.328125,5.0,2.0,14.5,32.0,6.8125,7.0,2.0,20.5,32.0,6.171875,0.0,0.0,0.0,0.0,7.082175925925926,8.5,1.5,24.5,29.5,6.234085648148149,0.0,0.0,0.0,0.0,88.0,1.0,,,19.0,17.0,,17.0
2018-19,312,Mandzukic,attaccante,Juventus,Juventus,0.0,3.0,7.6,9.0,6.0,31.0,25.0,6.328125,5.0,2.0,14.5,32.0,5.875,0.0,0.0,0.0,0.0,6.83082561728395,7.333333333333333,1.6666666666666667,21.166666666666668,30.333333333333332,6.114390432098766,0.0,0.0,0.0,0.0,92.0,1.0,,,17.0,13.0,,18.0
2016-17,570,Karnezis,portiere,Udinese,Udinese,0.0,1.0,4.712121212121212,0.0,0.0,-46.5,33.0,4.631578947368421,0.0,0.0,-57.0,38.0,6.131578947368421,0.0,0.0,0.0,0.0,4.631578947368421,0.0,0.0,-57.0,38.0,6.131578947368421,0.0,0.0,0.0,0.0,39.0,16.0,,,10.0,9.0,,9.0
2016-17,575,Adnan,difensore,Udinese,Udinese,0.0,1.0,5.5,0.0,0.0,-1.0,14.0,6.053571428571429,1.0,1.0,1.0,28.0,6.017857142857143,0.0,0.0,0.0,0.0,6.053571428571429,1.0,1.0,1.0,28.0,6.017857142857143,0.0,0.0,0.0,0.0,39.0,16.0,,,6.0,7.0,,5.0
2017-18,575,Adnan,difensore,Udinese,Udinese,0.0,2.0,5.818181818181818,0.0,1.0,-3.0,22.0,5.5,0.0,0.0,-1.0,14.0,5.571428571428571,0.0,0.0,0.0,0.0,5.776785714285714,0.5,0.5,0.0,21.0,5.794642857142858,0.0,0.0,0.0,0.0,45.0,12.0,,,5.0,2.0,,3.0
2018-19,575,Adnan,difensore,Atalanta,Udinese,1.0,3.0,5.833333333333333,0.0,0.0,0.0,3.0,5.818181818181818,0.0,1.0,-3.0,22.0,5.954545454545454,0.0,0.0,0.0,0.0,5.790584415584416,0.3333333333333333,0.6666666666666666,-1.0,21.333333333333332,5.8479437229437226,0.0,0.0,0.0,0.0,37.0,14.0,60.0,7.0,3.0,5.0,,3.0
2016-17,578,Danilo Lar.,difensore,Udinese,Udinese,0.0,1.0,5.791666666666667,2.0,0.0,-1.5,36.0,5.5588235294117645,0.0,0.0,-6.5,34.0,5.75,0.0,0.0,0.0,0.0,5.5588235294117645,0.0,0.0,-6.5,34.0,5.75,0.0,0.0,0.0,0.0,39.0,16.0,,,8.0,6.0,,7.0
2017-18,578,Danilo Lar.,difensore,Udinese,Udinese,0.0,2.0,5.671875,1.0,0.0,-3.0,32.0,5.791666666666667,2.0,0.0,-1.5,36.0,5.833333333333333,0.0,0.0,0.0,0.0,5.675245098039216,1.0,0.0,-4.0,35.0,5.791666666666666,0.0,0.0,0.0,0.0,45.0,12.0,,,7.0,8.0,,7.0
2018-19,578,Danilo Lar.,difensore,Bologna,Udinese,1.0,3.0,6.042857142857143,1.0,0.0,1.0,35.0,5.671875,1.0,0.0,-3.0,32.0,5.765625,0.0,0.0,0.0,0.0,5.674121732026144,1.0,0.0,-3.6666666666666665,34.0,5.782986111111111,0.0,0.0,0.0,0.0,37.0,14.0,39.0,13.0,7.0,7.0,,8.0
2019-20,578,Danilo Lar.,difensore,Bologna,Bologna,0.0,4.0,5.966666666666667,2.0,0.0,0.5,30.0,6.042857142857143,1.0,0.0,1.0,35.0,6.014285714285714,0.0,0.0,0.0,0.0,5.83546626984127,1.3333333333333333,0.0,-1.1666666666666667,34.333333333333336,5.871081349206349,0.0,0.0,0.0,0.0,41.0,12.0,,,8.0,12.0,,8.0
2020-21,578,Danilo Lar.,difensore,Bologna,Bologna,0.0,5.0,5.514285714285714,0.0,1.0,-3.0,35.0,5.966666666666667,2.0,0.0,0.5,30.0,5.95,0.0,0.0,0.0,0.0,5.893799603174603,1.3333333333333333,0.0,-0.5,32.333333333333336,5.909970238095238,0.0,0.0,0.0,0.0,46.0,12.0,,,8.0,8.0,,7.0
2016-17,580,Edenilson,difensore,Genoa,Udinese,1.0,1.0,6.0,0.0,3.0,1.0,14.0,5.571428571428571,0.0,0.0,-1.5,28.0,5.625,0.0,0.0,0.0,0.0,5.571428571428571,0.0,0.0,-1.5,28.0,5.625,0.0,0.0,0.0,0.0,39.0,16.0,46.0,10.0,8.0,4.0,,4.0
2016-17,583,Heurtaux,difensore,Udinese,Udinese,0.0,1.0,5.722222222222222,0.0,1.0,-0.5,9.0,5.571428571428571,0.0,0.0,-2.0,14.0,5.714285714285714,0.0,0.0,0.0,0.0,5.571428571428571,0.0,0.0,-2.0,14.0,5.714285714285714,0.0,0.0,0.0,0.0,39.0,16.0,,,7.0,4.0,,7.0
2017-18,583,Heurtaux,difensore,Verona,Udinese,1.0,2.0,5.352941176470588,0.0,0.0,-2.0,17.0,5.722222222222222,0.0,1.0,-0.5,9.0,5.777777777777778,0.0,0.0,0.0,0.0,5.646825396825397,0.0,0.5,-1.25,11.5,5.746031746031746,0.0,0.0,0.0,0.0,45.0,12.0,,,7.0,2.0,,7.0
2016-17,589,Badu,centrocampista,Udinese,Udinese,0.0,1.0,6.125,0.0,3.0,2.0,28.0,6.409090909090909,4.0,1.0,10.0,33.0,6.106060606060606,0.0,0.0,0.0,0.0,6.409090909090909,4.0,1.0,10.0,33.0,6.106060606060606,0.0,0.0,0.0,0.0,39.0,16.0,,,4.0,10.0,,9.0
2019-20,589,Badu,centrocampista,Verona,Udinese,1.0,3.0,5.25,0.0,0.0,-1.0,4.0,6.0,0.0,0.0,0.0,3.0,6.0,0.0,0.0,0.0,0.0,6.0625,0.0,1.5,1.0,15.5,6.026785714285714,0.0,0.0,0.0,0.0,40.0,16.0,,,5.0,3.0,,6.0
2016-17,590,Bruno Fernandes,centrocampista,Sampdoria,Udinese,1.0,1.0,6.564516129032258,5.0,2.0,16.0,31.0,6.145161290322581,2.0,4.0,5.5,31.0,5.967741935483871,0.0,0.0,0.0,0.0,6.145161290322581,2.0,4.0,5.5,31.0,5.967741935483871,0.0,0.0,0.0,0.0,39.0,16.0,40.0,15.0,10.0,11.0,,12.0
2016-17,594,Kone,centrocampista,Udinese,Udinese,0.0,1.0,5.75,0.0,0.0,-0.5,4.0,5.5,0.0,1.0,0.0,4.0,5.5,0.0,0.0,0.0,0.0,5.5,0.0,1.0,0.0,4.0,5.5,0.0,0.0,0.0,0.0,39.0,16.0,,,9.0,1.0,,7.0
2016-17,606,Thereau,attaccante,Udinese,Udinese,0.0,1.0,6.863636363636363,11.0,1.0,32.5,33.0,7.042857142857143,11.0,3.0,34.0,35.0,6.071428571428571,0.0,0.0,0.0,0.0,7.042857142857143,11.0,3.0,34.0,35.0,6.071428571428571,0.0,0.0,0.0,0.0,39.0,16.0,,,19.0,21.0,,19.0
2017-18,606,Thereau,attaccante,Fiorentina,Udinese,1.0,2.0,7.15,3.0,3.0,23.0,20.0,6.863636363636363,11.0,1.0,32.5,33.0,5.878787878787879,0.0,0.0,0.0,0.0,6.953246753246753,11.0,2.0,33.25,34.0,5.975108225108225,0.0,0.0,0.0,0.0,45.0,12.0,59.0,8.0,19.0,17.0,,16.0
2018-19,606,Thereau,attaccante,Cagliari,Fiorentina,1.0,3.0,5.75,0.0,0.0,0.0,4.0,7.15,3.0,3.0,23.0,20.0,6.0,0.0,0.0,0.0,0.0,7.018831168831169,8.333333333333334,2.3333333333333335,29.833333333333332,29.333333333333332,5.983405483405484,0.0,0.0,0.0,0.0,57.0,8.0,36.0,16.0,16.0,12.0,,13.0
2016-17,608,Zapata D.,attaccante,Udinese,Udinese,0.0,1.0,6.684210526315789,9.0,2.0,30.5,38.0,7.041666666666667,8.0,2.0,23.5,24.0,6.0625,0.0,0.0,0.0,0.0,7.041666666666667,8.0,2.0,23.5,24.0,6.0625,0.0,0.0,0.0,0.0,39.0,16.0,,,19.0,17.0,,21.0
2017-18,608,Zapata D.,attaccante,Sampdoria,Udinese,1.0,2.0,7.4,11.0,3.0,35.5,30.0,6.684210526315789,9.0,2.0,30.5,38.0,5.881578947368421,0.0,0.0,0.0,0.0,6.862938596491228,8.5,2.0,27.0,31.0,5.972039473684211,0.0,0.0,0.0,0.0,45.0,12.0,48.0,11.0,21.0,20.0,,16.0
2018-19,608,Zapata D.,attaccante,Atalanta,Sampdoria,1.0,3.0,8.35135135135135,22.0,7.0,70.5,37.0,7.4,11.0,3.0,35.5,30.0,6.216666666666667,0.0,0.0,0.0,0.0,7.041959064327486,9.333333333333334,2.3333333333333335,29.833333333333332,30.666666666666668,6.0535818713450285,0.0,0.0,0.0,0.0,54.0,9.0,60.0,7.0,16.0,18.0,,26.0
2019-20,608,Zapata D.,attaccante,Atalanta,Atalanta,0.0,4.0,8.660714285714286,17.0,6.0,59.5,28.0,8.35135135135135,22.0,7.0,70.5,37.0,6.445945945945946,0.0,0.0,0.0,0.0,7.478520625889047,14.0,4.0,45.5,35.0,6.1813971866603445,0.0,0.0,0.0,0.0,66.0,3.0,,,26.0,32.0,,36.0
2020-21,608,Zapata D.,attaccante,Atalanta,Atalanta,0.0,5.0,7.878378378378378,14.0,9.0,54.0,37.0,8.660714285714286,17.0,6.0,59.5,28.0,6.535714285714286,0.0,0.0,0.0,0.0,8.137355212355212,16.666666666666668,5.333333333333333,55.166666666666664,31.666666666666668,6.399442299442299,0.0,0.0,0.0,0.0,78.0,3.0,,,36.0,40.0,,40.0
2021-22,608,Zapata D.,attaccante,Atalanta,Atalanta,0.0,6.0,7.729166666666667,7.0,4.0,32.5,24.0,7.878378378378378,14.0,9.0,54.0,37.0,6.418918918918919,0.0,0.0,0.0,0.0,8.296814671814671,17.666666666666668,7.333333333333333,61.333333333333336,34.0,6.466859716859716,0.0,0.0,0.0,0.0,78.0,2.0,,,40.0,32.0,,33.0
2022-23,608,Zapata D.,attaccante,Atalanta,Atalanta,0.0,7.0,6.270833333333333,2.0,2.0,7.5,24.0,7.729166666666667,7.0,4.0,32.5,24.0,6.375,0.0,0.0,0.0,0.0,8.089419776919778,12.666666666666666,6.333333333333333,48.666666666666664,29.666666666666668,6.443211068211068,0.0,0.0,0.0,0.0,59.0,7.0,,,33.0,29.0,,32.0
2023-24,608,Zapata D.,attaccante,Torino,Atalanta,1.0,8.0,7.364864864864865,13.0,3.0,41.0,37.0,6.270833333333333,2.0,2.0,7.5,24.0,5.958333333333333,0.0,0.0,0.0,0.0,7.292792792792793,7.666666666666667,5.0,31.333333333333332,28.333333333333332,6.2507507507507505,0.0,0.0,0.0,0.0,61.0,6.0,53.0,9.0,32.0,16.0,31.0,19.0
2024-25,608,Zapata D.,attaccante,Torino,Torino,0.0,9.0,7.785714285714286,3.0,0.0,8.5,7.0,7.364864864864865,13.0,3.0,41.0,37.0,6.256756756756757,0.0,0.0,0.0,0.0,7.121621621621622,7.333333333333333,3.0,27.0,28.333333333333332,6.196696696696697,0.0,0.0,0.0,0.0,53.0,9.0,,,19.0,26.0,105.0,25.0
2025-26,608,Zapata D.,attaccante,Torino,Torino,0.0,10.0,6.130434782608695,3.0,1.0,7.0,23.0,7.785714285714286,3.0,0.0,8.5,7.0,6.571428571428571,1740.0,0.38823137525469065,1.6175133232027292,14.0,7.1404708279708275,6.0,1.6666666666666667,19.0,22.666666666666668,6.262172887172887,580.0,0.1294104584182302,0.539171107734243,4.666666666666667,44.0,11.0,,,25.0,13.0,45.0,20.0
2016-17,316,Berisha,portiere,Atalanta,Lazio,1.0,1.0,5.134615384615385,0.0,0.0,-27.0,26.0,5.090909090909091,0.0,0.0,-10.5,11.0,6.045454545454546,0.0,0.0,0.0,0.0,5.090909090909091,0.0,0.0,-10.5,11.0,6.045454545454546,0.0,0.0,0.0,0.0,54.0,8.0,42.0,13.0,1.0,3.0,,8.0
2017-18,316,Berisha,portiere,Atalanta,Atalanta,0.0,2.0,5.129032258064516,0.0,0.0,-31.0,31.0,5.134615384615385,0.0,0.0,-27.0,26.0,6.173076923076923,0.0,0.0,0.0,0.0,5.112762237762238,0.0,0.0,-18.75,18.5,6.109265734265735,0.0,0.0,0.0,0.0,69.0,5.0,,,8.0,10.0,,11.0
2018-19,316,Berisha,portiere,Atalanta,Atalanta,0.0,3.0,4.555555555555555,0.0,0.0,-25.5,18.0,5.129032258064516,0.0,0.0,-31.0,31.0,6.129032258064516,0.0,0.0,0.0,0.0,5.118185577862998,0.0,0.0,-22.833333333333332,22.666666666666668,6.115854575531995,0.0,0.0,0.0,0.0,60.0,7.0,,,11.0,12.0,,12.0
2019-20,316,Berisha,portiere,SPAL,Atalanta,1.0,4.0,4.596153846153846,0.0,0.0,-44.5,26.0,4.555555555555555,0.0,0.0,-25.5,18.0,5.972222222222222,0.0,0.0,0.0,0.0,4.939734399411819,0.0,0.0,-27.833333333333332,25.0,6.09144380112122,0.0,0.0,0.0,0.0,66.0,3.0,42.0,11.0,12.0,7.0,,8.0
2016-17,319,Basta,difensore,Lazio,Lazio,0.0,1.0,6.092592592592593,1.0,2.0,4.0,27.0,5.590909090909091,0.0,0.0,-2.5,22.0,5.704545454545454,0.0,0.0,0.0,0.0,5.590909090909091,0.0,0.0,-2.5,22.0,5.704545454545454,0.0,0.0,0.0,0.0,54.0,8.0,,,10.0,5.0,,5.0
2017-18,319,Basta,difensore,Lazio,Lazio,0.0,2.0,6.045454545454546,0.0,1.0,1.0,11.0,6.092592592592593,1.0,2.0,4.0,27.0,5.944444444444445,0.0,0.0,0.0,0.0,5.841750841750842,0.5,1.0,0.75,24.5,5.82449494949495,0.0,0.0,0.0,0.0,70.0,4.0,,,5.0,8.0,,6.0
2016-17,322,De Vrij,difensore,Lazio,Lazio,0.0,1.0,6.481481481481482,2.0,2.0,6.5,27.0,5.75,0.0,0.0,0.0,2.0,5.75,0.0,0.0,0.0,0.0,5.75,0.0,0.0,0.0,2.0,5.75,0.0,0.0,0.0,0.0,54.0,8.0,,,12.0,2.0,,10.0
2017-18,322,De Vrij,difensore,Lazio,Lazio,0.0,2.0,6.736111111111111,6.0,1.0,17.5,36.0,6.481481481481482,2.0,2.0,6.5,27.0,6.2407407407407405,0.0,0.0,0.0,0.0,6.1157407407407405,1.0,1.0,3.25,14.5,5.99537037037037,0.0,0.0,0.0,0.0,70.0,4.0,,,10.0,11.0,,13.0
2018-19,322,De Vrij,difensore,Inter,Lazio,1.0,3.0,6.178571428571429,2.0,0.0,3.0,28.0,6.736111111111111,6.0,1.0,17.5,36.0,6.25,0.0,0.0,0.0,0.0,6.322530864197531,2.6666666666666665,1.0,8.0,21.666666666666668,6.080246913580247,0.0,0.0,0.0,0.0,72.0,4.0,69.0,5.0,13.0,18.0,,17.0
2019-20,322,De Vrij,difensore,Inter,Inter,0.0,4.0,6.602941176470588,4.0,1.0,10.5,34.0,6.178571428571429,2.0,0.0,3.0,28.0,6.071428571428571,0.0,0.0,0.0,0.0,6.465388007054674,3.3333333333333335,1.0,9.0,30.333333333333332,6.187389770723104,0.0,0.0,0.0,0.0,66.0,4.0,,,17.0,14.0,,13.0
2020-21,322,De Vrij,difensore,Inter,Inter,0.0,5.0,6.28125,1.0,0.0,2.0,32.0,6.602941176470588,4.0,1.0,10.5,34.0,6.294117647058823,0.0,0.0,0.0,0.0,6.5058745720510425,4.0,0.6666666666666666,10.333333333333334,32.666666666666664,6.205182072829132,0.0,0.0,0.0,0.0,79.0,2.0,,,13.0,17.0,,15.0
2021-22,322,De Vrij,difensore,Inter,Inter,0.0,6.0,5.678571428571429,0.0,0.0,-3.5,28.0,6.28125,1.0,0.0,2.0,32.0,6.21875,0.0,0.0,0.0,0.0,6.354254201680672,2.3333333333333335,0.3333333333333333,5.166666666666667,31.333333333333332,6.194765406162465,0.0,0.0,0.0,0.0,88.0,1.0,,,15.0,13.0,,14.0
2022-23,322,De Vrij,difensore,Inter,Inter,0.0,7.0,5.98,1.0,0.0,1.0,25.0,5.678571428571429,0.0,0.0,-3.5,28.0,5.803571428571429,0.0,0.0,0.0,0.0,6.187587535014006,1.6666666666666667,0.3333333333333333,3.0,31.333333333333332,6.105479691876751,0.0,0.0,0.0,0.0,81.0,2.0,,,14.0,7.0,,10.0
2023-24,322,De Vrij,difensore,Inter,Inter,0.0,8.0,6.409090909090909,1.0,0.0,3.0,22.0,5.98,1.0,0.0,1.0,25.0,5.94,0.0,0.0,0.0,0.0,5.9799404761904755,0.6666666666666666,0.0,-0.16666666666666666,28.333333333333332,5.987440476190476,0.0,0.0,0.0,0.0,69.0,3.0,,,10.0,7.0,6.0,6.0
2024-25,322,De Vrij,difensore,Inter,Inter,0.0,9.0,6.545454545454546,3.0,0.0,8.0,22.0,6.409090909090909,1.0,0.0,3.0,22.0,6.2727272727272725,0.0,0.0,0.0,0.0,6.022554112554114,0.6666666666666666,0.0,0.16666666666666666,25.0,6.005432900432901,0.0,0.0,0.0,0.0,93.0,1.0,,,6.0,10.0,11.0,8.0
2025-26,322,De Vrij,difensore,Inter,Inter,0.0,10.0,6.0625,0.0,0.0,-0.5,8.0,6.545454545454546,3.0,0.0,8.0,22.0,6.181818181818182,0.0,0.0,0.0,0.0,6.311515151515152,1.6666666666666667,0.0,4.0,23.0,6.131515151515152,0.0,0.0,0.0,0.0,78.0,2.0,,,8.0,11.0,12.5,9.0
2016-17,323,Gentiletti,difensore,Genoa,Lazio,1.0,1.0,5.633333333333334,0.0,1.0,-0.5,15.0,5.2631578947368425,0.0,0.0,-7.0,19.0,5.631578947368421,0.0,0.0,0.0,0.0,5.2631578947368425,0.0,0.0,-7.0,19.0,5.631578947368421,0.0,0.0,0.0,0.0,54.0,8.0,46.0,10.0,8.0,3.0,,5.0
2017-18,323,Gentiletti,difensore,Genoa,Genoa,0.0,2.0,5.0,0.0,0.0,-1.0,4.0,5.633333333333334,0.0,1.0,-0.5,15.0,5.666666666666667,0.0,0.0,0.0,0.0,5.448245614035088,0.0,0.5,-3.75,17.0,5.6491228070175445,0.0,0.0,0.0,0.0,36.0,16.0,,,5.0,4.0,,3.0
2016-17,329,Radu,difensore,Lazio,Lazio,0.0,1.0,5.844827586206897,2.0,1.0,2.0,29.0,5.5,0.0,1.0,-1.5,13.0,5.615384615384615,0.0,0.0,0.0,0.0,5.5,0.0,1.0,-1.5,13.0,5.615384615384615,0.0,0.0,0.0,0.0,54.0,8.0,,,7.0,2.0,,5.0
2017-18,329,Radu,difensore,Lazio,Lazio,0.0,2.0,5.725806451612903,0.0,2.0,-3.0,31.0,5.844827586206897,2.0,1.0,2.0,29.0,5.775862068965517,0.0,0.0,0.0,0.0,5.672413793103448,1.0,1.0,0.25,21.0,5.695623342175066,0.0,0.0,0.0,0.0,70.0,4.0,,,5.0,5.0,,7.0
2018-19,329,Radu,difensore,Lazio,Lazio,0.0,3.0,5.75,0.0,1.0,-1.5,28.0,5.725806451612903,0.0,2.0,-3.0,31.0,5.82258064516129,0.0,0.0,0.0,0.0,5.690211345939933,0.6666666666666666,1.3333333333333333,-0.8333333333333334,24.333333333333332,5.737942443170475,0.0,0.0,0.0,0.0,72.0,4.0,,,7.0,6.0,,8.0
2019-20,329,Radu,difensore,Lazio,Lazio,0.0,4.0,5.896551724137931,1.0,0.0,-1.0,29.0,5.75,0.0,1.0,-1.5,28.0,5.803571428571429,0.0,0.0,0.0,0.0,5.773544679273267,0.6666666666666666,1.3333333333333333,-0.8333333333333334,29.333333333333332,5.800671380899412,0.0,0.0,0.0,0.0,59.0,8.0,,,8.0,7.0,,7.0
2020-21,329,Radu,difensore,Lazio,Lazio,0.0,5.0,5.883333333333334,0.0,3.0,2.0,30.0,5.896551724137931,1.0,0.0,-1.0,29.0,5.931034482758621,1466.0,2.8191581666469574,3.1816174052655697,24.0,5.790786058583611,0.3333333333333333,1.0,-1.8333333333333333,29.333333333333332,5.852395518830446,488.6666666666667,0.9397193888823191,1.0605391350885232,8.0,78.0,4.0,,,7.0,6.0,,8.0
2021-22,329,Radu,difensore,Lazio,Lazio,0.0,6.0,5.4375,0.0,0.0,-1.0,8.0,5.883333333333334,0.0,3.0,2.0,30.0,5.816666666666666,2195.0,2.8616734594106674,5.521398767828941,21.0,5.843295019157089,0.3333333333333333,1.3333333333333333,-0.16666666666666666,29.0,5.850424192665572,1220.3333333333333,1.8936105420192082,2.9010053910315037,15.0,68.0,6.0,,,8.0,7.0,,5.0
2016-17,331,Biglia,centrocampista,Lazio,Lazio,0.0,1.0,6.178571428571429,1.0,3.0,5.0,28.0,6.648148148148148,2.0,2.0,8.5,27.0,6.333333333333333,0.0,0.0,0.0,0.0,6.648148148148148,2.0,2.0,8.5,27.0,6.333333333333333,0.0,0.0,0.0,0.0,54.0,8.0,,,12.0,12.0,,13.0
2017-18,331,Biglia,centrocampista,Milan,Lazio,1.0,2.0,5.884615384615385,1.0,1.0,1.5,26.0,6.178571428571429,1.0,3.0,5.0,28.0,6.0,0.0,0.0,0.0,0.0,6.413359788359788,1.5,2.5,6.75,27.5,6.166666666666666,0.0,0.0,0.0,0.0,70.0,4.0,63.0,6.0,13.0,11.0,,11.0
2018-19,331,Biglia,centrocampista,Milan,Milan,0.0,3.0,6.033333333333333,1.0,0.0,1.5,15.0,5.884615384615385,1.0,1.0,1.5,26.0,5.826923076923077,0.0,0.0,0.0,0.0,6.237111653778321,1.3333333333333333,2.0,5.0,27.0,6.053418803418803,0.0,0.0,0.0,0.0,61.0,6.0,,,11.0,8.0,,8.0
2019-20,331,Biglia,centrocampista,Milan,Milan,0.0,4.0,5.277777777777778,0.0,1.0,-1.0,9.0,6.033333333333333,1.0,0.0,1.5,15.0,5.933333333333334,0.0,0.0,0.0,0.0,6.032173382173383,1.0,1.3333333333333333,2.6666666666666665,23.0,5.92008547008547,0.0,0.0,0.0,0.0,65.0,5.0,,,8.0,7.0,,8.0
2016-17,332,Candreva,centrocampista,Inter,Lazio,1.0,1.0,6.671052631578948,6.0,9.0,23.0,38.0,7.15,4.0,3.0,25.0,30.0,6.316666666666666,0.0,0.0,0.0,0.0,7.15,4.0,3.0,25.0,30.0,6.316666666666666,0.0,0.0,0.0,0.0,54.0,8.0,67.0,4.0,24.0,23.0,,20.0
2017-18,332,Candreva,centrocampista,Inter,Inter,0.0,2.0,6.25,0.0,8.0,6.0,34.0,6.671052631578948,6.0,9.0,23.0,38.0,6.065789473684211,0.0,0.0,0.0,0.0,6.910526315789474,5.0,6.0,24.0,34.0,6.1912280701754385,0.0,0.0,0.0,0.0,59.0,7.0,,,20.0,20.0,,15.0
2018-19,332,Candreva,centrocampista,Inter,Inter,0.0,3.0,6.2727272727272725,1.0,0.0,3.0,11.0,6.25,0.0,8.0,6.0,34.0,6.073529411764706,0.0,0.0,0.0,0.0,6.690350877192984,3.3333333333333335,6.666666666666667,18.0,34.0,6.151995184038527,0.0,0.0,0.0,0.0,69.0,5.0,,,15.0,13.0,,13.0
2019-20,332,Candreva,centrocampista,Inter,Inter,0.0,4.0,6.866666666666666,5.0,7.0,19.5,30.0,6.2727272727272725,1.0,0.0,3.0,11.0,6.0,0.0,0.0,0.0,0.0,6.397926634768741,2.3333333333333335,5.666666666666667,10.666666666666666,27.666666666666668,6.046439628482972,0.0,0.0,0.0,0.0,66.0,4.0,,,13.0,9.0,,7.0
2020-21,332,Candreva,centrocampista,Sampdoria,Inter,1.0,5.0,6.878787878787879,3.0,7.0,21.5,33.0,6.866666666666666,5.0,7.0,19.5,30.0,6.216666666666667,0.0,0.0,0.0,0.0,6.4631313131313135,2.0,5.0,9.5,25.0,6.0967320261437905,0.0,0.0,0.0,0.0,79.0,2.0,41.0,15.0,7.0,19.0,,7.0
2021-22,332,Candreva,centrocampista,Sampdoria,Sampdoria,0.0,6.0,6.847222222222222,6.0,10.0,24.0,36.0,6.878787878787879,3.0,7.0,21.5,33.0,6.2272727272727275,0.0,0.0,0.0,0.0,6.672727272727273,3.0,4.666666666666667,14.666666666666666,24.666666666666668,6.147979797979798,0.0,0.0,0.0,0.0,49.0,9.0,,,7.0,22.0,,18.0
2022-23,332,Candreva,centrocampista,Salernitana,Sampdoria,1.0,7.0,6.885714285714286,7.0,4.0,23.5,35.0,6.847222222222222,6.0,10.0,24.0,36.0,6.180555555555555,0.0,0.0,0.0,0.0,6.8642255892255895,4.666666666666667,8.0,21.666666666666668,33.0,6.208164983164984,0.0,0.0,0.0,0.0,36.0,15.0,31.0,17.0,18.0,21.0,,17.0
2023-24,332,Candreva,centrocampista,Salernitana,Salernitana,0.0,8.0,6.867647058823529,5.0,7.0,22.5,34.0,6.885714285714286,7.0,4.0,23.5,35.0,6.214285714285714,0.0,0.0,0.0,0.0,6.870574795574796,5.333333333333333,7.0,23.0,34.666666666666664,6.2073713323713315,0.0,0.0,0.0,0.0,42.0,15.0,,,17.0,20.0,31.0,15.0
2016-17,333,Cataldi,centrocampista,Genoa,Lazio,1.0,1.0,5.840909090909091,1.0,1.0,0.0,22.0,5.75,1.0,3.0,1.0,18.0,5.694444444444445,0.0,0.0,0.0,0.0,5.75,1.0,3.0,1.0,18.0,5.694444444444445,0.0,0.0,0.0,0.0,54.0,8.0,46.0,10.0,7.0,4.0,,6.0
2017-18,333,Cataldi,centrocampista,Benevento,Genoa,1.0,2.0,5.620689655172414,1.0,3.0,1.0,29.0,5.840909090909091,1.0,1.0,0.0,22.0,5.840909090909091,0.0,0.0,0.0,0.0,5.795454545454545,1.0,2.0,0.5,20.0,5.767676767676768,0.0,0.0,0.0,0.0,36.0,16.0,,,6.0,5.0,,5.0
2018-19,333,Cataldi,centrocampista,Lazio,Benevento,1.0,3.0,6.636363636363637,2.0,1.0,6.0,11.0,5.620689655172414,1.0,3.0,1.0,29.0,5.586206896551724,249.0,0.6373643204569817,0.034210801124572754,2.0,5.737199582027169,1.0,2.3333333333333335,0.6666666666666666,23.0,5.707186810635086,83.0,0.21245477348566055,0.011403600374857584,0.6666666666666666,21.0,20.0,72.0,4.0,5.0,7.0,,4.0
2019-20,333,Cataldi,centrocampista,Lazio,Lazio,0.0,4.0,6.21875,1.0,0.0,2.0,16.0,6.636363636363637,2.0,1.0,6.0,11.0,6.090909090909091,0.0,0.0,0.0,0.0,6.032654127481713,1.3333333333333333,1.6666666666666667,2.3333333333333335,20.666666666666668,5.839341692789969,83.0,0.21245477348566055,0.011403600374857584,0.6666666666666666,59.0,8.0,,,4.0,7.0,,5.0
2020-21,333,Cataldi,centrocampista,Lazio,Lazio,0.0,5.0,5.576923076923077,0.0,0.0,-2.0,13.0,6.21875,1.0,0.0,2.0,16.0,6.09375,0.0,0.0,0.0,0.0,6.158601097178683,1.3333333333333333,1.3333333333333333,3.0,18.666666666666668,5.923621995820272,83.0,0.21245477348566055,0.011403600374857584,0.6666666666666666,78.0,4.0,,,5.0,5.0,,5.0
2021-22,333,Cataldi,centrocampista,Lazio,Lazio,0.0,6.0,6.083333333333333,1.0,2.0,1.5,30.0,5.576923076923077,0.0,0.0,-2.0,13.0,5.730769230769231,0.0,0.0,0.0,0.0,6.1440122377622375,1.0,0.3333333333333333,2.0,13.333333333333334,5.97180944055944,0.0,0.0,0.0,0.0,68.0,6.0,,,5.0,2.0,,3.0
2022-23,333,Cataldi,centrocampista,Lazio,Lazio,0.0,7.0,5.928571428571429,0.0,1.0,-1.5,28.0,6.083333333333333,1.0,2.0,1.5,30.0,6.033333333333333,0.0,0.0,0.0,0.0,5.959668803418803,0.6666666666666666,0.6666666666666666,0.5,19.666666666666668,5.952617521367522,0.0,0.0,0.0,0.0,63.0,5.0,,,3.0,10.0,,8.0
2023-24,333,Cataldi,centrocampista,Lazio,Lazio,0.0,8.0,5.954545454545454,1.0,0.0,-0.5,22.0,5.928571428571429,0.0,1.0,-1.5,28.0,5.982142857142857,0.0,0.0,0.0,0.0,5.862942612942613,0.3333333333333333,1.0,-0.6666666666666666,23.666666666666668,5.915415140415139,0.0,0.0,0.0,0.0,71.0,2.0,,,8.0,7.0,6.0,7.0
2024-25,333,Cataldi,centrocampista,Fiorentina,Lazio,1.0,9.0,6.395833333333333,3.0,0.0,8.5,24.0,5.954545454545454,1.0,0.0,-0.5,22.0,5.9772727272727275,0.0,0.0,0.0,0.0,5.988816738816738,0.6666666666666666,1.0,-0.16666666666666666,26.666666666666668,5.997582972582973,0.0,0.0,0.0,0.0,60.0,7.0,57.0,8.0,7.0,5.0,10.0,3.0
2025-26,333,Cataldi,centrocampista,Lazio,Fiorentina,1.0,10.0,6.407407407407407,1.0,3.0,9.0,27.0,6.395833333333333,3.0,0.0,8.5,24.0,6.041666666666667,0.0,0.0,0.0,0.0,6.092983405483405,1.3333333333333333,0.3333333333333333,2.1666666666666665,24.666666666666668,6.000360750360751,0.0,0.0,0.0,0.0,62.0,7.0,65.0,6.0,3.0,12.0,7.5,5.0
2016-17,335,Felipe Anderson,centrocampista,Lazio,Lazio,0.0,1.0,6.75,3.0,8.0,17.5,36.0,6.676470588235294,7.0,4.0,24.0,34.0,5.970588235294118,0.0,0.0,0.0,0.0,6.676470588235294,7.0,4.0,24.0,34.0,5.970588235294118,0.0,0.0,0.0,0.0,54.0,8.0,,,24.0,20.0,,17.0
2017-18,335,Felipe Anderson,centrocampista,Lazio,Lazio,0.0,2.0,7.261904761904762,4.0,6.0,18.0,21.0,6.75,3.0,8.0,17.5,36.0,6.263888888888889,0.0,0.0,0.0,0.0,6.713235294117647,5.0,6.0,20.75,35.0,6.1172385620915035,0.0,0.0,0.0,0.0,70.0,4.0,,,17.0,19.0,,18.0
2022-23,335,Felipe Anderson,centrocampista,Lazio,Lazio,0.0,4.0,7.0,9.0,3.0,28.5,38.0,6.802631578947368,6.0,8.0,25.0,38.0,6.144736842105263,0.0,0.0,0.0,0.0,6.802631578947368,6.0,8.0,25.0,38.0,6.144736842105263,0.0,0.0,0.0,0.0,63.0,5.0,,,16.0,21.0,,19.0
2023-24,335,Felipe Anderson,centrocampista,Lazio,Lazio,0.0,5.0,6.592105263157895,5.0,6.0,19.5,38.0,7.0,9.0,3.0,28.5,38.0,6.25,0.0,0.0,0.0,0.0,6.901315789473684,7.5,5.5,26.75,38.0,6.197368421052632,0.0,0.0,0.0,0.0,71.0,2.0,,,19.0,23.0,48.0,23.0
2016-17,337,Kishna,centrocampista,Lazio,Lazio,0.0,1.0,5.75,0.0,0.0,0.0,4.0,6.318181818181818,2.0,0.0,6.0,11.0,5.7727272727272725,0.0,0.0,0.0,0.0,6.318181818181818,2.0,0.0,6.0,11.0,5.7727272727272725,0.0,0.0,0.0,0.0,54.0,8.0,,,7.0,2.0,,5.0
2016-17,338,Lulic,centrocampista,Lazio,Lazio,0.0,1.0,6.564516129032258,3.0,8.0,12.5,31.0,6.066666666666666,3.0,3.0,6.5,30.0,5.85,0.0,0.0,0.0,0.0,6.066666666666666,3.0,3.0,6.5,30.0,5.85,0.0,0.0,0.0,0.0,54.0,8.0,,,13.0,10.0,,11.0
2017-18,338,Lulic,centrocampista,Lazio,Lazio,0.0,2.0,6.185714285714286,2.0,5.0,8.0,35.0,6.564516129032258,3.0,8.0,12.5,31.0,6.161290322580645,0.0,0.0,0.0,0.0,6.315591397849462,3.0,5.5,9.5,30.5,6.005645161290323,0.0,0.0,0.0,0.0,70.0,4.0,,,11.0,13.0,,12.0
2018-19,338,Lulic,centrocampista,Lazio,Lazio,0.0,3.0,6.2,4.0,1.0,10.5,35.0,6.185714285714286,2.0,5.0,8.0,35.0,5.957142857142857,0.0,0.0,0.0,0.0,6.272299027137737,2.6666666666666665,5.333333333333333,9.0,32.0,5.989477726574502,0.0,0.0,0.0,0.0,72.0,4.0,,,12.0,11.0,,11.0
2019-20,338,Lulic,centrocampista,Lazio,Lazio,0.0,4.0,5.9,0.0,2.0,-1.0,20.0,6.2,4.0,1.0,10.5,35.0,5.9,0.0,0.0,0.0,0.0,6.316743471582181,3.0,4.666666666666667,10.333333333333334,33.666666666666664,6.006144393241168,0.0,0.0,0.0,0.0,59.0,8.0,,,11.0,11.0,,12.0
2020-21,338,Lulic,centrocampista,Lazio,Lazio,0.0,5.0,5.84375,0.0,0.0,-0.5,16.0,5.9,0.0,2.0,-1.0,20.0,5.95,0.0,0.0,0.0,0.0,6.095238095238096,2.0,2.6666666666666665,5.833333333333333,30.0,5.935714285714286,0.0,0.0,0.0,0.0,78.0,4.0,,,12.0,3.0,,8.0
2016-17,342,Parolo,centrocampista,Lazio,Lazio,0.0,1.0,6.338235294117647,5.0,0.0,9.5,34.0,6.0,3.0,0.0,4.5,30.0,5.85,0.0,0.0,0.0,0.0,6.0,3.0,0.0,4.5,30.0,5.85,0.0,0.0,0.0,0.0,54.0,8.0,,,17.0,11.0,,11.0
2017-18,342,Parolo,centrocampista,Lazio,Lazio,0.0,2.0,6.516129032258065,4.0,5.0,15.0,31.0,6.338235294117647,5.0,0.0,9.5,34.0,6.0588235294117645,0.0,0.0,0.0,0.0,6.169117647058823,4.0,0.0,7.0,32.0,5.954411764705882,0.0,0.0,0.0,0.0,70.0,4.0,,,11.0,11.0,,12.0
2018-19,342,Parolo,centrocampista,Lazio,Lazio,0.0,3.0,6.546875,4.0,3.0,12.0,32.0,6.516129032258065,4.0,5.0,15.0,31.0,6.032258064516129,0.0,0.0,0.0,0.0,6.284788108791904,4.0,1.6666666666666667,9.666666666666666,31.666666666666668,5.980360531309297,0.0,0.0,0.0,0.0,72.0,4.0,,,12.0,11.0,,13.0
2019-20,342,Parolo,centrocampista,Lazio,Lazio,0.0,4.0,5.821428571428571,1.0,0.0,-1.0,28.0,6.546875,4.0,3.0,12.0,32.0,6.171875,0.0,0.0,0.0,0.0,6.467079775458569,4.333333333333333,2.6666666666666665,12.166666666666666,32.333333333333336,6.087652197975964,0.0,0.0,0.0,0.0,59.0,8.0,,,13.0,15.0,,14.0
2020-21,342,Parolo,centrocampista,Lazio,Lazio,0.0,5.0,5.884615384615385,0.0,2.0,0.0,13.0,5.821428571428571,1.0,0.0,-1.0,28.0,5.857142857142857,0.0,0.0,0.0,0.0,6.294810867895546,3.0,2.6666666666666665,8.666666666666666,30.333333333333332,6.020425307219662,0.0,0.0,0.0,0.0,78.0,4.0,,,14.0,5.0,,5.0
2016-17,645,Milinkovic-Savic,centrocampista,Lazio,Lazio,0.0,1.0,6.632352941176471,4.0,6.0,14.0,34.0,6.0,1.0,0.0,-0.5,23.0,6.021739130434782,0.0,0.0,0.0,0.0,6.0,1.0,0.0,-0.5,23.0,6.021739130434782,0.0,0.0,0.0,0.0,54.0,8.0,,,7.0,6.0,,6.0
2017-18,645,Milinkovic-Savic,centrocampista,Lazio,Lazio,0.0,2.0,7.485714285714286,12.0,3.0,35.0,35.0,6.632352941176471,4.0,6.0,14.0,34.0,6.220588235294118,0.0,0.0,0.0,0.0,6.3161764705882355,2.5,3.0,6.75,28.5,6.1211636828644505,0.0,0.0,0.0,0.0,70.0,4.0,,,6.0,12.0,,14.0
2018-19,645,Milinkovic-Savic,centrocampista,Lazio,Lazio,0.0,3.0,6.306451612903226,5.0,3.0,13.5,31.0,7.485714285714286,12.0,3.0,35.0,35.0,6.485714285714286,0.0,0.0,0.0,0.0,6.7060224089635865,5.666666666666667,3.0,16.166666666666668,30.666666666666668,6.242680550481062,0.0,0.0,0.0,0.0,72.0,4.0,,,14.0,22.0,,30.0
2019-20,645,Milinkovic-Savic,centrocampista,Lazio,Lazio,0.0,4.0,6.716216216216216,7.0,3.0,19.5,37.0,6.306451612903226,5.0,3.0,13.5,31.0,5.870967741935484,0.0,0.0,0.0,0.0,6.8081729465979945,7.0,4.0,20.833333333333332,33.333333333333336,6.192423420981296,0.0,0.0,0.0,0.0,59.0,8.0,,,30.0,21.0,,23.0
2020-21,645,Milinkovic-Savic,centrocampista,Lazio,Lazio,0.0,5.0,7.203125,8.0,7.0,29.0,32.0,6.716216216216216,7.0,3.0,19.5,37.0,6.1891891891891895,0.0,0.0,0.0,0.0,6.836127371611243,8.0,3.0,22.666666666666668,34.333333333333336,6.181957072279654,0.0,0.0,0.0,0.0,78.0,4.0,,,23.0,19.0,,19.0
2021-22,645,Milinkovic-Savic,centrocampista,Lazio,Lazio,0.0,6.0,7.594594594594595,11.0,10.0,40.0,37.0,7.203125,8.0,7.0,29.0,32.0,6.296875,0.0,0.0,0.0,0.0,6.741930943039814,6.666666666666667,4.333333333333333,20.666666666666668,33.333333333333336,6.119010643708225,0.0,0.0,0.0,0.0,68.0,6.0,,,19.0,24.0,,24.0
2022-23,645,Milinkovic-Savic,centrocampista,Lazio,Lazio,0.0,7.0,7.083333333333333,9.0,8.0,30.0,36.0,7.594594594594595,11.0,10.0,40.0,37.0,6.513513513513513,0.0,0.0,0.0,0.0,7.171311936936937,8.666666666666666,6.666666666666667,29.5,35.333333333333336,6.3331925675675675,0.0,0.0,0.0,0.0,63.0,5.0,,,24.0,30.0,,29.0
2016-17,345,Keita B.,attaccante,Lazio,Lazio,0.0,1.0,8.225806451612904,14.0,4.0,49.0,31.0,6.533333333333333,4.0,1.0,10.5,30.0,6.183333333333334,0.0,0.0,0.0,0.0,6.533333333333333,4.0,1.0,10.5,30.0,6.183333333333334,0.0,0.0,0.0,0.0,54.0,8.0,,,14.0,14.0,,14.0
2021-22,345,Keita B.,attaccante,Cagliari,Sampdoria,1.0,4.0,6.25,3.0,1.0,9.0,20.0,6.863636363636363,7.0,1.0,19.0,22.0,6.0,0.0,0.0,0.0,0.0,6.812770562770563,6.0,1.5,17.25,21.5,6.011904761904762,0.0,0.0,0.0,0.0,49.0,9.0,37.0,16.0,13.0,18.0,,13.0
2016-17,41,Mirante,portiere,Bologna,Bologna,0.0,1.0,4.785714285714286,0.0,0.0,-29.0,21.0,5.181818181818182,0.0,0.0,-39.0,33.0,6.363636363636363,0.0,0.0,0.0,0.0,5.181818181818182,0.0,0.0,-39.0,33.0,6.363636363636363,0.0,0.0,0.0,0.0,41.0,14.0,,,8.0,13.0,,10.0
2017-18,41,Mirante,portiere,Bologna,Bologna,0.0,2.0,4.666666666666667,0.0,0.0,-50.5,33.0,4.785714285714286,0.0,0.0,-29.0,21.0,6.166666666666667,0.0,0.0,0.0,0.0,4.983766233766234,0.0,0.0,-34.0,27.0,6.265151515151516,0.0,0.0,0.0,0.0,41.0,15.0,,,10.0,8.0,,8.0
2018-19,41,Mirante,portiere,Roma,Bologna,1.0,3.0,6.2727272727272725,0.0,0.0,-3.0,11.0,4.666666666666667,0.0,0.0,-50.5,33.0,6.196969696969697,0.0,0.0,0.0,0.0,4.878066378066378,0.0,0.0,-39.5,29.0,6.242424242424242,0.0,0.0,0.0,0.0,39.0,13.0,74.0,3.0,8.0,9.0,,1.0
2019-20,41,Mirante,portiere,Roma,Roma,0.0,4.0,5.5,0.0,0.0,-5.0,5.0,6.2727272727272725,0.0,0.0,-3.0,11.0,6.545454545454546,0.0,0.0,0.0,0.0,5.241702741702742,0.0,0.0,-27.5,21.666666666666668,6.303030303030304,0.0,0.0,0.0,0.0,63.0,6.0,,,1.0,10.0,,1.0
2020-21,41,Mirante,portiere,Roma,Roma,0.0,5.0,4.846153846153846,0.0,0.0,-17.0,13.0,5.5,0.0,0.0,-5.0,5.0,6.5,0.0,0.0,0.0,0.0,5.47979797979798,0.0,0.0,-19.5,16.333333333333332,6.414141414141414,0.0,0.0,0.0,0.0,67.0,5.0,,,1.0,3.0,,1.0
2016-17,45,Ferrari A.,difensore,Bologna,Bologna,0.0,1.0,5.0,0.0,0.0,0.0,1.0,5.5,0.0,0.0,-3.0,18.0,5.666666666666667,0.0,0.0,0.0,0.0,5.5,0.0,0.0,-3.0,18.0,5.666666666666667,0.0,0.0,0.0,0.0,41.0,14.0,,,1.0,2.0,,2.0
2017-18,45,Ferrari A.,difensore,Verona,Bologna,1.0,2.0,5.48,1.0,0.0,0.5,25.0,5.0,0.0,0.0,0.0,1.0,5.0,0.0,0.0,0.0,0.0,5.25,0.0,0.0,-1.5,9.5,5.333333333333334,0.0,0.0,0.0,0.0,41.0,15.0,,,2.0,1.0,,6.0
2018-19,45,Ferrari A.,difensore,Sampdoria,Verona,1.0,3.0,5.5,0.0,0.0,-1.0,6.0,5.48,1.0,0.0,0.5,25.0,5.46,0.0,0.0,0.0,0.0,5.326666666666667,0.3333333333333333,0.0,-0.8333333333333334,14.666666666666666,5.3755555555555565,0.0,0.0,0.0,0.0,25.0,19.0,54.0,9.0,6.0,5.0,,4.0
2019-20,45,Ferrari A.,difensore,Sampdoria,Sampdoria,0.0,4.0,5.666666666666667,0.0,0.0,-2.0,12.0,5.5,0.0,0.0,-1.0,6.0,5.666666666666667,0.0,0.0,0.0,0.0,5.326666666666667,0.3333333333333333,0.0,-0.16666666666666666,10.666666666666666,5.375555555555555,0.0,0.0,0.0,0.0,50.0,9.0,,,4.0,3.0,,4.0
2020-21,45,Ferrari A.,difensore,Sampdoria,Sampdoria,0.0,5.0,5.85,0.0,0.0,-1.5,10.0,5.666666666666667,0.0,0.0,-2.0,12.0,5.833333333333333,0.0,0.0,0.0,0.0,5.548888888888889,0.3333333333333333,0.0,-0.8333333333333334,14.333333333333334,5.653333333333333,0.0,0.0,0.0,0.0,41.0,15.0,,,4.0,1.0,,3.0
2021-22,45,Ferrari A.,difensore,Sampdoria,Sampdoria,0.0,6.0,5.75,1.0,0.0,1.0,22.0,5.85,0.0,0.0,-1.5,10.0,6.0,0.0,0.0,0.0,0.0,5.672222222222222,0.0,0.0,-1.5,9.333333333333334,5.833333333333333,0.0,0.0,0.0,0.0,49.0,9.0,,,3.0,3.0,,3.0
2022-23,45,Ferrari A.,difensore,Cremonese,Sampdoria,1.0,7.0,5.592592592592593,0.0,0.0,-3.0,27.0,5.75,1.0,0.0,1.0,22.0,5.704545454545454,0.0,0.0,0.0,0.0,5.7555555555555555,0.3333333333333333,0.0,-0.8333333333333334,14.666666666666666,5.845959595959595,0.0,0.0,0.0,0.0,36.0,15.0,,,3.0,6.0,,5.0
2016-17,49,Masina,difensore,Bologna,Bologna,0.0,1.0,5.7,1.0,0.0,-1.0,30.0,6.121212121212121,2.0,3.0,4.0,33.0,6.0,0.0,0.0,0.0,0.0,6.121212121212121,2.0,3.0,4.0,33.0,6.0,0.0,0.0,0.0,0.0,41.0,14.0,,,5.0,8.0,,8.0
2017-18,49,Masina,difensore,Bologna,Bologna,0.0,2.0,5.514705882352941,0.0,1.0,-4.0,34.0,5.7,1.0,0.0,-1.0,30.0,5.733333333333333,0.0,0.0,0.0,0.0,5.91060606060606,1.5,1.5,1.5,31.5,5.866666666666667,0.0,0.0,0.0,0.0,41.0,15.0,,,8.0,5.0,,7.0
2023-24,49,Masina,difensore,Torino,Udinese,1.0,4.0,5.8,0.0,0.0,-1.0,15.0,6.363636363636363,2.0,0.0,5.0,11.0,5.909090909090909,0.0,0.0,0.0,0.0,6.363636363636363,2.0,0.0,5.0,11.0,5.909090909090909,0.0,0.0,0.0,0.0,46.0,12.0,53.0,9.0,6.0,8.0,3.0,6.0
2024-25,49,Masina,difensore,Torino,Torino,0.0,5.0,6.125,1.0,3.0,4.0,24.0,5.8,0.0,0.0,-1.0,15.0,5.866666666666666,0.0,0.0,0.0,0.0,6.081818181818182,1.0,0.0,2.0,13.0,5.887878787878788,0.0,0.0,0.0,0.0,53.0,9.0,,,6.0,5.0,5.5,6.0
2025-26,49,Masina,difensore,Torino,Torino,0.0,6.0,5.625,0.0,1.0,1.0,4.0,6.125,1.0,3.0,4.0,24.0,5.958333333333333,0.0,0.0,0.0,0.0,6.096212121212122,1.0,1.0,2.6666666666666665,16.666666666666668,5.911363636363636,0.0,0.0,0.0,0.0,44.0,11.0,,,6.0,8.0,6.0,3.0
2016-17,52,Oikonomou,difensore,Bologna,Bologna,0.0,1.0,5.411764705882353,0.0,0.0,-0.5,17.0,5.825,0.0,1.0,-2.5,20.0,5.95,0.0,0.0,0.0,0.0,5.825,0.0,1.0,-2.5,20.0,5.95,0.0,0.0,0.0,0.0,41.0,14.0,,,6.0,4.0,,5.0
2017-18,52,Oikonomou,difensore,SPAL,Bologna,1.0,2.0,4.833333333333333,0.0,0.0,-1.0,3.0,5.411764705882353,0.0,0.0,-0.5,17.0,5.4411764705882355,0.0,0.0,0.0,0.0,5.618382352941177,0.0,0.5,-1.5,18.5,5.695588235294117,0.0,0.0,0.0,0.0,41.0,15.0,,,5.0,2.0,,6.0
2016-17,54,Rossettini,difensore,Torino,Bologna,1.0,1.0,5.783333333333333,1.0,0.0,-1.0,30.0,6.0,3.0,1.0,7.5,29.0,5.741379310344827,0.0,0.0,0.0,0.0,6.0,3.0,1.0,7.5,29.0,5.741379310344827,0.0,0.0,0.0,0.0,41.0,14.0,45.0,11.0,6.0,7.0,,6.0
2017-18,54,Rossettini,difensore,Genoa,Torino,1.0,2.0,5.717391304347826,0.0,0.0,-3.5,23.0,5.783333333333333,1.0,0.0,-1.0,30.0,5.816666666666666,0.0,0.0,0.0,0.0,5.891666666666667,2.0,0.5,3.25,29.5,5.779022988505747,0.0,0.0,0.0,0.0,50.0,9.0,36.0,16.0,6.0,6.0,,6.0
2018-19,54,Rossettini,difensore,Chievo,Genoa,1.0,3.0,5.428571428571429,0.0,0.0,-2.5,21.0,5.717391304347826,0.0,0.0,-3.5,23.0,5.869565217391305,0.0,0.0,0.0,0.0,5.833574879227053,1.3333333333333333,0.3333333333333333,1.0,27.333333333333332,5.8092037314676,0.0,0.0,0.0,0.0,41.0,12.0,37.0,15.0,6.0,5.0,,5.0
2019-20,54,Rossettini,difensore,Lecce,Chievo,1.0,4.0,5.615384615384615,0.0,1.0,-1.5,26.0,5.428571428571429,0.0,0.0,-2.5,21.0,5.5476190476190474,0.0,0.0,0.0,0.0,5.643098688750864,0.3333333333333333,0.0,-2.3333333333333335,24.666666666666668,5.7446169772256725,0.0,0.0,0.0,0.0,19.0,20.0,,,5.0,6.0,,5.0
2016-17,57,Crisetig,centrocampista,Crotone,Bologna,1.0,1.0,5.533333333333333,0.0,1.0,-5.5,30.0,5.3,0.0,0.0,-0.5,5.0,5.4,0.0,0.0,0.0,0.0,5.3,0.0,0.0,-0.5,5.0,5.4,0.0,0.0,0.0,0.0,41.0,14.0,,,6.0,1.0,,3.0
2017-18,57,Crisetig,centrocampista,Bologna,Crotone,1.0,2.0,5.5,0.0,0.0,-2.0,8.0,5.533333333333333,0.0,1.0,-5.5,30.0,5.716666666666667,240.0,0.13750529661774635,0.05481389909982681,2.0,5.416666666666666,0.0,0.5,-3.0,17.5,5.558333333333334,120.0,0.06875264830887318,0.027406949549913406,1.0,31.0,18.0,41.0,15.0,3.0,6.0,,3.0
2018-19,57,Crisetig,centrocampista,Frosinone,Bologna,1.0,3.0,5.285714285714286,0.0,0.0,-1.5,7.0,5.5,0.0,0.0,-2.0,8.0,5.75,0.0,0.0,0.0,0.0,5.444444444444444,0.0,0.3333333333333333,-2.6666666666666665,14.333333333333334,5.622222222222223,80.0,0.045835098872582115,0.018271299699942272,0.6666666666666666,39.0,13.0,,,3.0,2.0,,5.0
2016-17,644,Pulgar,centrocampista,Bologna,Bologna,0.0,1.0,5.5,1.0,0.0,-1.5,24.0,5.583333333333333,0.0,0.0,-1.0,12.0,5.666666666666667,0.0,0.0,0.0,0.0,5.583333333333333,0.0,0.0,-1.0,12.0,5.666666666666667,0.0,0.0,0.0,0.0,41.0,14.0,,,4.0,2.0,,2.0
2017-18,644,Pulgar,centrocampista,Bologna,Bologna,0.0,2.0,5.953125,3.0,1.0,2.5,32.0,5.5,1.0,0.0,-1.5,24.0,5.5625,0.0,0.0,0.0,0.0,5.541666666666666,0.5,0.0,-1.25,18.0,5.614583333333334,0.0,0.0,0.0,0.0,41.0,15.0,,,2.0,3.0,,4.0
2018-19,644,Pulgar,centrocampista,Bologna,Bologna,0.0,3.0,6.464285714285714,1.0,2.0,14.0,28.0,5.953125,3.0,1.0,2.5,32.0,5.875,0.0,0.0,0.0,0.0,5.678819444444444,1.3333333333333333,0.3333333333333333,0.0,22.666666666666668,5.701388888888889,0.0,0.0,0.0,0.0,39.0,13.0,,,4.0,8.0,,10.0
2019-20,644,Pulgar,centrocampista,Fiorentina,Bologna,1.0,4.0,6.642857142857143,0.0,6.0,19.5,35.0,6.464285714285714,1.0,2.0,14.0,28.0,5.964285714285714,0.0,0.0,0.0,0.0,5.972470238095238,1.6666666666666667,1.0,5.0,28.0,5.800595238095238,0.0,0.0,0.0,0.0,41.0,12.0,40.0,15.0,10.0,13.0,,12.0
2020-21,644,Pulgar,centrocampista,Fiorentina,Fiorentina,0.0,5.0,5.896551724137931,1.0,3.0,2.0,29.0,6.642857142857143,0.0,6.0,19.5,35.0,6.085714285714285,0.0,0.0,0.0,0.0,6.3534226190476195,1.3333333333333333,3.0,12.0,31.666666666666668,5.9750000000000005,0.0,0.0,0.0,0.0,46.0,10.0,,,12.0,17.0,,14.0
2021-22,644,Pulgar,centrocampista,Fiorentina,Fiorentina,0.0,6.0,5.75,0.0,1.0,0.0,4.0,5.896551724137931,1.0,3.0,2.0,29.0,5.827586206896552,0.0,0.0,0.0,0.0,6.33456486042693,0.6666666666666666,3.6666666666666665,11.833333333333334,30.666666666666668,5.9591954022988505,0.0,0.0,0.0,0.0,39.0,13.0,,,14.0,7.0,,8.0
2016-17,472,Destro,attaccante,Bologna,Bologna,0.0,1.0,6.683333333333334,11.0,0.0,28.0,30.0,6.653846153846154,6.0,0.0,16.5,26.0,6.019230769230769,0.0,0.0,0.0,0.0,6.653846153846154,6.0,0.0,16.5,26.0,6.019230769230769,0.0,0.0,0.0,0.0,41.0,14.0,,,18.0,14.0,,20.0
2017-18,472,Destro,attaccante,Bologna,Bologna,0.0,2.0,6.54,6.0,2.0,18.5,25.0,6.683333333333334,11.0,0.0,28.0,30.0,5.75,0.0,0.0,0.0,0.0,6.668589743589743,8.5,0.0,22.25,28.0,5.884615384615385,0.0,0.0,0.0,0.0,41.0,15.0,,,20.0,16.0,,17.0
2018-19,472,Destro,attaccante,Bologna,Bologna,0.0,3.0,7.555555555555555,4.0,1.0,11.5,9.0,6.54,6.0,2.0,18.5,25.0,5.8,0.0,0.0,0.0,0.0,6.625726495726496,7.666666666666667,0.6666666666666666,21.0,27.0,5.856410256410257,0.0,0.0,0.0,0.0,39.0,13.0,,,17.0,12.0,,13.0
2019-20,472,Destro,attaccante,Genoa,Bologna,1.0,4.0,5.611111111111111,0.0,0.0,-0.5,9.0,7.555555555555555,4.0,1.0,11.5,9.0,6.277777777777778,0.0,0.0,0.0,0.0,6.926296296296297,7.0,1.0,19.333333333333332,21.333333333333332,5.942592592592592,0.0,0.0,0.0,0.0,41.0,12.0,37.0,18.0,13.0,13.0,,19.0
2020-21,472,Destro,attaccante,Genoa,Genoa,0.0,5.0,7.42,11.0,1.0,31.5,25.0,5.611111111111111,0.0,0.0,-0.5,9.0,5.666666666666667,0.0,0.0,0.0,0.0,6.568888888888889,3.3333333333333335,1.0,9.833333333333334,14.333333333333334,5.9148148148148145,0.0,0.0,0.0,0.0,36.0,17.0,,,19.0,1.0,,9.0
2021-22,472,Destro,attaccante,Genoa,Genoa,0.0,6.0,6.981481481481482,9.0,1.0,26.0,27.0,7.42,11.0,1.0,31.5,25.0,6.16,0.0,0.0,0.0,0.0,6.862222222222222,5.0,0.6666666666666666,14.166666666666666,14.333333333333334,6.0348148148148155,0.0,0.0,0.0,0.0,39.0,14.0,,,9.0,25.0,,21.0
2022-23,472,Destro,attaccante,Empoli,Genoa,1.0,7.0,5.9,1.0,0.0,2.0,10.0,6.981481481481482,9.0,1.0,26.0,27.0,6.018518518518518,0.0,0.0,0.0,0.0,6.6708641975308645,6.666666666666667,0.6666666666666666,19.0,20.333333333333332,5.948395061728395,0.0,0.0,0.0,0.0,28.0,19.0,38.0,14.0,21.0,23.0,,18.0
2023-24,472,Destro,attaccante,Empoli,Empoli,0.0,8.0,5.590909090909091,0.0,0.0,-1.0,11.0,5.9,1.0,0.0,2.0,10.0,5.7,0.0,0.0,0.0,0.0,6.76716049382716,7.0,0.6666666666666666,19.833333333333332,20.666666666666668,5.9595061728395065,0.0,0.0,0.0,0.0,43.0,14.0,,,18.0,2.0,4.0,1.0
2016-17,413,Sorrentino,portiere,Chievo,Palermo,1.0,1.0,4.720588235294118,0.0,0.0,-52.5,34.0,4.685714285714286,0.0,0.0,-58.5,35.0,6.357142857142857,0.0,0.0,0.0,0.0,4.685714285714286,0.0,0.0,-58.5,35.0,6.357142857142857,0.0,0.0,0.0,0.0,36.0,17.0,49.0,9.0,10.0,10.0,,10.0
2017-18,413,Sorrentino,portiere,Chievo,Chievo,0.0,2.0,4.947368421052632,0.0,0.0,-51.0,38.0,4.720588235294118,0.0,0.0,-52.5,34.0,6.264705882352941,0.0,0.0,0.0,0.0,4.703151260504201,0.0,0.0,-55.5,34.5,6.310924369747899,0.0,0.0,0.0,0.0,43.0,14.0,,,10.0,8.0,,8.0
2018-19,413,Sorrentino,portiere,Chievo,Chievo,0.0,3.0,4.516129032258065,0.0,0.0,-55.0,31.0,4.947368421052632,0.0,0.0,-51.0,38.0,6.2894736842105265,0.0,0.0,0.0,0.0,4.784556980687012,0.0,0.0,-54.0,35.666666666666664,6.303774141235441,0.0,0.0,0.0,0.0,37.0,15.0,,,8.0,13.0,,9.0
2016-17,419,Gonzalez G,difensore,Palermo,Palermo,0.0,1.0,5.375,1.0,0.0,-2.5,20.0,5.457142857142857,2.0,0.0,-3.5,35.0,5.557142857142857,0.0,0.0,0.0,0.0,5.457142857142857,2.0,0.0,-3.5,35.0,5.557142857142857,0.0,0.0,0.0,0.0,36.0,17.0,,,8.0,6.0,,5.0
2017-18,419,Gonzalez G,difensore,Bologna,Palermo,1.0,2.0,5.431818181818182,0.0,0.0,-4.0,22.0,5.375,1.0,0.0,-2.5,20.0,5.5,0.0,0.0,0.0,0.0,5.416071428571429,1.5,0.0,-3.0,27.5,5.5285714285714285,0.0,0.0,0.0,0.0,23.0,19.0,41.0,15.0,5.0,3.0,,5.0
2018-19,419,Gonzalez G,difensore,Bologna,Bologna,0.0,3.0,5.7272727272727275,0.0,1.0,0.0,11.0,5.431818181818182,0.0,0.0,-4.0,22.0,5.613636363636363,0.0,0.0,0.0,0.0,5.421320346320346,1.0,0.0,-3.3333333333333335,25.666666666666668,5.556926406926407,0.0,0.0,0.0,0.0,39.0,13.0,,,5.0,4.0,,6.0
2016-17,423,Rispoli,difensore,Palermo,Palermo,0.0,1.0,6.8125,6.0,3.0,18.5,32.0,6.055555555555555,0.0,4.0,2.5,18.0,5.916666666666667,0.0,0.0,0.0,0.0,6.055555555555555,0.0,4.0,2.5,18.0,5.916666666666667,0.0,0.0,0.0,0.0,36.0,17.0,,,5.0,6.0,,5.0
2020-21,423,Rispoli,difensore,Crotone,Lecce,1.0,3.0,5.633333333333334,0.0,0.0,-2.0,15.0,5.54,0.0,0.0,-3.0,25.0,5.66,0.0,0.0,0.0,0.0,5.54,0.0,0.0,-3.0,25.0,5.66,0.0,0.0,0.0,0.0,35.0,18.0,,,5.0,3.0,,5.0
2016-17,427,Vitiello,difensore,Palermo,Palermo,0.0,1.0,5.1,0.0,0.0,-0.5,5.0,4.875,0.0,0.0,-4.5,8.0,5.4375,0.0,0.0,0.0,0.0,4.875,0.0,0.0,-4.5,8.0,5.4375,0.0,0.0,0.0,0.0,36.0,17.0,,,5.0,2.0,,3.0
2016-17,431,Chochev,centrocampista,Palermo,Palermo,0.0,1.0,5.964285714285714,3.0,2.0,9.0,28.0,5.521739130434782,0.0,1.0,-2.0,23.0,5.608695652173913,0.0,0.0,0.0,0.0,5.521739130434782,0.0,1.0,-2.0,23.0,5.608695652173913,0.0,0.0,0.0,0.0,36.0,17.0,,,8.0,3.0,,4.0
2016-17,433,Hiljemark,centrocampista,Genoa,Palermo,1.0,1.0,5.826923076923077,2.0,0.0,5.5,26.0,6.052631578947368,4.0,2.0,12.0,38.0,5.7368421052631575,0.0,0.0,0.0,0.0,6.052631578947368,4.0,2.0,12.0,38.0,5.7368421052631575,0.0,0.0,0.0,0.0,36.0,17.0,46.0,10.0,4.0,7.0,,9.0
2017-18,433,Hiljemark,centrocampista,Genoa,Genoa,0.0,2.0,6.066666666666666,0.0,3.0,2.5,15.0,5.826923076923077,2.0,0.0,5.5,26.0,5.615384615384615,0.0,0.0,0.0,0.0,5.939777327935222,3.0,1.0,8.75,32.0,5.676113360323886,0.0,0.0,0.0,0.0,36.0,16.0,,,9.0,6.0,,5.0
2018-19,433,Hiljemark,centrocampista,Genoa,Genoa,0.0,3.0,5.9,1.0,0.0,3.0,15.0,6.066666666666666,0.0,3.0,2.5,15.0,5.9,0.0,0.0,0.0,0.0,5.982073774179038,2.0,1.6666666666666667,6.666666666666667,26.333333333333332,5.750742240215924,0.0,0.0,0.0,0.0,41.0,12.0,,,5.0,6.0,,6.0
2016-17,434,Jajalo,centrocampista,Palermo,Palermo,0.0,1.0,5.54,1.0,1.0,1.5,25.0,5.326923076923077,0.0,0.0,-4.0,26.0,5.480769230769231,0.0,0.0,0.0,0.0,5.326923076923077,0.0,0.0,-4.0,26.0,5.480769230769231,0.0,0.0,0.0,0.0,36.0,17.0,,,7.0,4.0,,5.0
2020-21,434,Jajalo,centrocampista,Udinese,Udinese,0.0,3.0,5.5,0.0,0.0,0.0,1.0,5.770833333333333,0.0,0.0,-4.0,24.0,5.9375,0.0,0.0,0.0,0.0,5.770833333333333,0.0,0.0,-4.0,24.0,5.9375,0.0,0.0,0.0,0.0,42.0,14.0,,,4.0,4.0,,6.0
2021-22,434,Jajalo,centrocampista,Udinese,Udinese,0.0,4.0,5.875,0.0,1.0,0.0,12.0,5.5,0.0,0.0,0.0,1.0,5.5,0.0,0.0,0.0,0.0,5.635416666666666,0.0,0.0,-2.0,12.5,5.71875,0.0,0.0,0.0,0.0,40.0,12.0,,,6.0,1.0,,3.0
2022-23,434,Jajalo,centrocampista,Udinese,Udinese,0.0,5.0,6.0,0.0,0.0,0.0,2.0,5.875,0.0,1.0,0.0,12.0,5.875,0.0,0.0,0.0,0.0,5.715277777777778,0.0,0.3333333333333333,-1.3333333333333333,12.333333333333334,5.770833333333333,0.0,0.0,0.0,0.0,44.0,12.0,,,3.0,4.0,,3.0
2016-17,437,Quaison,centrocampista,Palermo,Palermo,0.0,1.0,6.533333333333333,4.0,0.0,9.5,15.0,5.948275862068965,1.0,3.0,3.5,29.0,5.827586206896552,0.0,0.0,0.0,0.0,5.948275862068965,1.0,3.0,3.5,29.0,5.827586206896552,0.0,0.0,0.0,0.0,36.0,17.0,,,10.0,7.0,,7.0
2016-17,438,Rigoni L,centrocampista,Genoa,Genoa,0.0,1.0,5.967741935483871,3.0,1.0,3.5,31.0,6.314814814814815,4.0,0.0,9.0,27.0,5.981481481481482,0.0,0.0,0.0,0.0,6.314814814814815,4.0,0.0,9.0,27.0,5.981481481481482,0.0,0.0,0.0,0.0,46.0,10.0,,,13.0,11.0,,9.0
2017-18,438,Rigoni L,centrocampista,Genoa,Genoa,0.0,2.0,6.136363636363637,2.0,2.0,5.5,22.0,5.967741935483871,3.0,1.0,3.5,31.0,5.854838709677419,0.0,0.0,0.0,0.0,6.1412783751493425,3.5,0.5,6.25,29.0,5.91816009557945,0.0,0.0,0.0,0.0,36.0,16.0,,,9.0,7.0,,7.0
2018-19,438,Rigoni L,centrocampista,Parma,Genoa,1.0,3.0,5.818181818181818,2.0,0.0,3.5,22.0,6.136363636363637,2.0,2.0,5.5,22.0,5.886363636363637,0.0,0.0,0.0,0.0,6.13964012888744,3.0,1.0,6.0,26.666666666666668,5.907561275840846,0.0,0.0,0.0,0.0,41.0,12.0,,,7.0,5.0,,8.0
2016-17,448,Trajkovski,attaccante,Palermo,Palermo,0.0,1.0,6.0,1.0,0.0,2.5,9.0,5.935483870967742,3.0,1.0,9.0,31.0,5.645161290322581,2410.0,7.491370175033808,3.7930552838370204,68.0,5.935483870967742,3.0,1.0,9.0,31.0,5.645161290322581,2410.0,7.491370175033808,3.7930552838370204,68.0,36.0,17.0,,,10.0,8.0,,8.0
2016-17,217,Lamanna,portiere,Genoa,Genoa,0.0,1.0,4.5476190476190474,0.0,0.0,-31.0,21.0,4.730769230769231,0.0,0.0,-20.0,13.0,6.269230769230769,0.0,0.0,0.0,0.0,4.730769230769231,0.0,0.0,-20.0,13.0,6.269230769230769,0.0,0.0,0.0,0.0,46.0,10.0,,,1.0,5.0,,2.0
2017-18,217,Lamanna,portiere,Genoa,Genoa,0.0,2.0,5.5,0.0,0.0,-1.0,1.0,4.5476190476190474,0.0,0.0,-31.0,21.0,6.023809523809524,0.0,0.0,0.0,0.0,4.639194139194139,0.0,0.0,-25.5,17.0,6.146520146520146,0.0,0.0,0.0,0.0,36.0,16.0,,,2.0,7.0,,1.0
2016-17,222,Burdisso,difensore,Genoa,Genoa,0.0,1.0,5.5,0.0,0.0,-5.0,35.0,5.839285714285714,0.0,0.0,-3.5,28.0,5.964285714285714,0.0,0.0,0.0,0.0,5.839285714285714,0.0,0.0,-3.5,28.0,5.964285714285714,0.0,0.0,0.0,0.0,46.0,10.0,,,5.0,7.0,,6.0
2017-18,222,Burdisso,difensore,Torino,Genoa,1.0,2.0,5.729166666666667,0.0,0.0,-3.0,24.0,5.5,0.0,0.0,-5.0,35.0,5.642857142857143,0.0,0.0,0.0,0.0,5.669642857142858,0.0,0.0,-4.25,31.5,5.803571428571429,0.0,0.0,0.0,0.0,36.0,16.0,50.0,9.0,6.0,5.0,,3.0
2016-17,224,De Maio,difensore,Fiorentina,Genoa,1.0,1.0,5.25,0.0,0.0,-0.5,6.0,5.666666666666667,1.0,0.0,-2.5,27.0,5.7592592592592595,0.0,0.0,0.0,0.0,5.666666666666667,1.0,0.0,-2.5,27.0,5.7592592592592595,0.0,0.0,0.0,0.0,46.0,10.0,61.0,5.0,5.0,7.0,,6.0
2017-18,224,De Maio,difensore,Bologna,Fiorentina,1.0,2.0,5.82,2.0,0.0,0.5,25.0,5.25,0.0,0.0,-0.5,6.0,5.333333333333333,0.0,0.0,0.0,0.0,5.458333333333334,0.5,0.0,-1.5,16.5,5.546296296296296,0.0,0.0,0.0,0.0,59.0,8.0,41.0,15.0,6.0,2.0,,5.0
2018-19,224,De Maio,difensore,Udinese,Bologna,1.0,3.0,5.886363636363637,1.0,0.0,0.5,22.0,5.82,2.0,0.0,0.5,25.0,5.8,0.0,0.0,0.0,0.0,5.57888888888889,1.0,0.0,-0.8333333333333334,19.333333333333332,5.630864197530864,0.0,0.0,0.0,0.0,39.0,13.0,37.0,14.0,5.0,6.0,,7.0
2019-20,224,De Maio,difensore,Udinese,Udinese,0.0,4.0,5.861111111111111,0.0,0.0,-0.5,18.0,5.886363636363637,1.0,0.0,0.5,22.0,5.863636363636363,0.0,0.0,0.0,0.0,5.652121212121212,1.0,0.0,0.16666666666666666,17.666666666666668,5.665656565656565,0.0,0.0,0.0,0.0,40.0,16.0,,,7.0,8.0,,6.0
2020-21,224,De Maio,difensore,Udinese,Udinese,0.0,5.0,5.7272727272727275,0.0,0.0,0.0,11.0,5.861111111111111,0.0,0.0,-0.5,18.0,5.888888888888889,0.0,0.0,0.0,0.0,5.855824915824916,1.0,0.0,0.16666666666666666,21.666666666666668,5.850841750841751,0.0,0.0,0.0,0.0,42.0,14.0,,,6.0,4.0,,6.0
2021-22,224,De Maio,difensore,Udinese,Udinese,0.0,6.0,4.0,0.0,0.0,0.0,2.0,5.7272727272727275,0.0,0.0,0.0,11.0,5.7272727272727275,0.0,0.0,0.0,0.0,5.824915824915824,0.3333333333333333,0.0,0.0,17.0,5.826599326599326,0.0,0.0,0.0,0.0,40.0,12.0,,,6.0,2.0,,3.0
2016-17,234,Kucka,centrocampista,Milan,Milan,0.0,1.0,5.928571428571429,3.0,1.0,2.0,28.0,6.0344827586206895,1.0,3.0,1.0,29.0,6.0,0.0,0.0,0.0,0.0,6.0344827586206895,1.0,3.0,1.0,29.0,6.0,0.0,0.0,0.0,0.0,57.0,7.0,,,7.0,7.0,,10.0
2019-20,234,Kucka,centrocampista,Parma,Parma,0.0,3.0,6.673076923076923,4.0,2.0,17.0,26.0,6.555555555555555,3.0,2.0,11.0,18.0,5.944444444444445,0.0,0.0,0.0,0.0,6.242063492063492,3.0,1.5,6.5,23.0,5.90079365079365,0.0,0.0,0.0,0.0,41.0,14.0,,,9.0,12.0,,12.0
2020-21,234,Kucka,centrocampista,Parma,Parma,0.0,4.0,6.785714285714286,3.0,2.0,19.0,28.0,6.673076923076923,4.0,2.0,17.0,26.0,6.019230769230769,0.0,0.0,0.0,0.0,6.614316239316239,3.5,2.0,14.0,22.0,5.9818376068376065,0.0,0.0,0.0,0.0,46.0,11.0,,,12.0,14.0,,13.0
2016-17,235,Laxalt,centrocampista,Genoa,Genoa,0.0,1.0,6.083333333333333,1.0,3.0,3.5,36.0,6.3428571428571425,3.0,3.0,10.5,35.0,6.042857142857143,0.0,0.0,0.0,0.0,6.3428571428571425,3.0,3.0,10.5,35.0,6.042857142857143,0.0,0.0,0.0,0.0,46.0,10.0,,,4.0,10.0,,10.0
2017-18,235,Laxalt,centrocampista,Genoa,Genoa,0.0,2.0,6.296875,3.0,2.0,10.0,32.0,6.083333333333333,1.0,3.0,3.5,36.0,5.986111111111111,0.0,0.0,0.0,0.0,6.213095238095238,2.0,3.0,7.0,35.5,6.014484126984127,0.0,0.0,0.0,0.0,36.0,16.0,,,10.0,10.0,,8.0
2018-19,235,Laxalt,centrocampista,Milan,Genoa,1.0,3.0,5.6923076923076925,0.0,0.0,-1.0,13.0,6.296875,3.0,2.0,10.0,32.0,5.984375,0.0,0.0,0.0,0.0,6.241021825396825,2.3333333333333335,2.6666666666666665,8.0,34.333333333333336,6.0044477513227505,0.0,0.0,0.0,0.0,41.0,12.0,61.0,6.0,8.0,10.0,,9.0
2019-20,235,Laxalt,centrocampista,Milan,Milan,0.0,4.0,5.633333333333334,0.0,1.0,-0.5,15.0,5.6923076923076925,0.0,0.0,-1.0,13.0,5.769230769230769,0.0,0.0,0.0,0.0,6.0241720085470085,1.3333333333333333,1.6666666666666667,4.166666666666667,27.0,5.9132389601139606,0.0,0.0,0.0,0.0,65.0,5.0,,,9.0,6.0,,5.0
2016-17,236,Lazovic,centrocampista,Genoa,Genoa,0.0,1.0,6.2727272727272725,2.0,4.0,7.5,33.0,5.928571428571429,0.0,2.0,2.0,14.0,5.785714285714286,0.0,0.0,0.0,0.0,5.928571428571429,0.0,2.0,2.0,14.0,5.785714285714286,0.0,0.0,0.0,0.0,46.0,10.0,,,12.0,5.0,,9.0
2017-18,236,Lazovic,centrocampista,Genoa,Genoa,0.0,2.0,5.973684210526316,0.0,1.0,0.0,19.0,6.2727272727272725,2.0,4.0,7.5,33.0,6.045454545454546,0.0,0.0,0.0,0.0,6.10064935064935,1.0,3.0,4.75,23.5,5.915584415584416,0.0,0.0,0.0,0.0,36.0,16.0,,,9.0,11.0,,8.0
2018-19,236,Lazovic,centrocampista,Genoa,Genoa,0.0,3.0,6.318181818181818,3.0,4.0,12.0,33.0,5.973684210526316,0.0,1.0,0.0,19.0,5.973684210526316,0.0,0.0,0.0,0.0,6.058327637275006,0.6666666666666666,2.3333333333333335,3.1666666666666665,22.0,5.934951013898382,0.0,0.0,0.0,0.0,41.0,12.0,,,8.0,6.0,,5.0
2019-20,236,Lazovic,centrocampista,Verona,Genoa,1.0,4.0,6.565789473684211,3.0,7.0,14.0,38.0,6.318181818181818,3.0,4.0,12.0,33.0,5.954545454545454,0.0,0.0,0.0,0.0,6.1881977671451365,1.6666666666666667,3.0,6.5,28.333333333333332,5.991228070175438,0.0,0.0,0.0,0.0,37.0,18.0,,,5.0,11.0,,7.0
2020-21,236,Lazovic,centrocampista,Verona,Verona,0.0,5.0,6.580645161290323,3.0,6.0,13.5,31.0,6.565789473684211,3.0,7.0,14.0,38.0,6.197368421052632,0.0,0.0,0.0,0.0,6.285885167464115,2.0,4.0,8.666666666666666,30.0,6.041866028708134,0.0,0.0,0.0,0.0,49.0,9.0,,,7.0,16.0,,13.0
2021-22,236,Lazovic,centrocampista,Verona,Verona,0.0,6.0,6.485294117647059,1.0,7.0,9.0,34.0,6.580645161290323,3.0,6.0,13.5,31.0,6.145161290322581,0.0,0.0,0.0,0.0,6.488205484385451,3.0,5.666666666666667,13.166666666666666,34.0,6.099025055306889,0.0,0.0,0.0,0.0,44.0,10.0,,,13.0,16.0,,15.0
2022-23,236,Lazovic,centrocampista,Verona,Verona,0.0,7.0,6.816666666666666,4.0,5.0,17.0,30.0,6.485294117647059,1.0,7.0,9.0,34.0,6.220588235294118,0.0,0.0,0.0,0.0,6.543909584207197,2.3333333333333335,6.666666666666667,12.166666666666666,34.333333333333336,6.18770598222311,0.0,0.0,0.0,0.0,52.0,9.0,,,15.0,15.0,,13.0
2023-24,236,Lazovic,centrocampista,Verona,Verona,0.0,8.0,6.193548387096774,2.0,2.0,10.0,31.0,6.816666666666666,4.0,5.0,17.0,30.0,6.25,0.0,0.0,0.0,0.0,6.627535315201349,2.6666666666666665,6.0,13.166666666666666,31.666666666666668,6.2052498418722335,0.0,0.0,0.0,0.0,31.0,17.0,,,13.0,19.0,20.5,15.0
2024-25,236,Lazovic,centrocampista,Verona,Verona,0.0,9.0,6.3125,1.0,3.0,9.0,24.0,6.193548387096774,2.0,2.0,10.0,31.0,5.870967741935484,0.0,0.0,0.0,0.0,6.498503057136833,2.3333333333333335,4.666666666666667,12.0,31.666666666666668,6.1138519924098675,0.0,0.0,0.0,0.0,37.0,13.0,,,15.0,10.0,12.5,10.0
2016-17,241,Tachtsidis,centrocampista,Cagliari,Genoa,1.0,1.0,5.923076923076923,0.0,4.0,1.5,26.0,6.2,2.0,2.0,5.0,20.0,5.95,0.0,0.0,0.0,0.0,6.2,2.0,2.0,5.0,20.0,5.95,0.0,0.0,0.0,0.0,46.0,10.0,,,4.0,8.0,,4.0
2016-17,641,Ntcham,centrocampista,Genoa,Genoa,0.0,1.0,6.176470588235294,3.0,1.0,8.5,17.0,5.75,0.0,1.0,0.0,16.0,5.75,0.0,0.0,0.0,0.0,5.75,0.0,1.0,0.0,16.0,5.75,0.0,0.0,0.0,0.0,46.0,10.0,,,4.0,2.0,,6.0
2016-17,245,Pandev,attaccante,Genoa,Genoa,0.0,1.0,6.3125,3.0,0.0,7.5,16.0,5.5,0.0,0.0,-1.0,14.0,5.571428571428571,0.0,0.0,0.0,0.0,5.5,0.0,0.0,-1.0,14.0,5.571428571428571,0.0,0.0,0.0,0.0,46.0,10.0,,,18.0,7.0,,3.0
2017-18,245,Pandev,attaccante,Genoa,Genoa,0.0,2.0,6.419354838709677,5.0,1.0,13.0,31.0,6.3125,3.0,0.0,7.5,16.0,5.84375,0.0,0.0,0.0,0.0,5.90625,1.5,0.0,3.25,15.0,5.707589285714286,0.0,0.0,0.0,0.0,36.0,16.0,,,3.0,7.0,,7.0
2018-19,245,Pandev,attaccante,Genoa,Genoa,0.0,3.0,6.595238095238095,4.0,2.0,11.5,21.0,6.419354838709677,5.0,1.0,13.0,31.0,6.0,0.0,0.0,0.0,0.0,6.077284946236559,2.6666666666666665,0.3333333333333333,6.5,20.333333333333332,5.805059523809523,0.0,0.0,0.0,0.0,41.0,12.0,,,7.0,12.0,,9.0
2019-20,245,Pandev,attaccante,Genoa,Genoa,0.0,4.0,7.189655172413793,9.0,2.0,26.5,29.0,6.595238095238095,4.0,2.0,11.5,21.0,6.0476190476190474,0.0,0.0,0.0,0.0,6.442364311315924,4.0,1.0,10.666666666666666,22.666666666666668,5.963789682539683,0.0,0.0,0.0,0.0,37.0,18.0,,,9.0,10.0,,10.0
2020-21,245,Pandev,attaccante,Genoa,Genoa,0.0,5.0,6.785714285714286,6.0,3.0,21.5,28.0,7.189655172413793,9.0,2.0,26.5,29.0,6.275862068965517,0.0,0.0,0.0,0.0,6.734749368787188,6.0,1.6666666666666667,17.0,27.0,6.1078270388615215,0.0,0.0,0.0,0.0,36.0,17.0,,,10.0,24.0,,10.0
2021-22,245,Pandev,attaccante,Genoa,Genoa,0.0,6.0,5.815789473684211,0.0,1.0,0.5,19.0,6.785714285714286,6.0,3.0,21.5,28.0,6.017857142857143,0.0,0.0,0.0,0.0,6.856869184455391,6.333333333333333,2.3333333333333335,19.833333333333332,26.0,6.113779419813902,0.0,0.0,0.0,0.0,39.0,14.0,,,10.0,18.0,,12.0
2016-17,484,Viviano,portiere,Sampdoria,Sampdoria,0.0,1.0,5.235294117647059,0.0,0.0,-19.5,17.0,5.1891891891891895,0.0,0.0,-45.0,37.0,6.405405405405405,0.0,0.0,0.0,0.0,5.1891891891891895,0.0,0.0,-45.0,37.0,6.405405405405405,0.0,0.0,0.0,0.0,40.0,15.0,,,12.0,15.0,,11.0
2017-18,484,Viviano,portiere,Sampdoria,Sampdoria,0.0,2.0,4.888888888888889,0.0,0.0,-34.0,27.0,5.235294117647059,0.0,0.0,-19.5,17.0,6.382352941176471,0.0,0.0,0.0,0.0,5.212241653418124,0.0,0.0,-32.25,27.0,6.393879173290938,0.0,0.0,0.0,0.0,48.0,11.0,,,11.0,8.0,,10.0
2018-19,484,Viviano,portiere,SPAL,Sampdoria,1.0,3.0,4.823529411764706,0.0,0.0,-25.0,17.0,4.888888888888889,0.0,0.0,-34.0,27.0,6.148148148148148,0.0,0.0,0.0,0.0,5.104457398575046,0.0,0.0,-32.833333333333336,27.0,6.311968831576675,0.0,0.0,0.0,0.0,54.0,9.0,35.0,17.0,10.0,9.0,,8.0
2016-17,486,Coda,difensore,Pescara,Sampdoria,1.0,1.0,4.961538461538462,0.0,0.0,-4.0,13.0,5.75,0.0,0.0,-0.5,2.0,6.0,0.0,0.0,0.0,0.0,5.75,0.0,0.0,-0.5,2.0,6.0,0.0,0.0,0.0,0.0,40.0,15.0,,,2.0,1.0,,1.0
2016-17,490,Regini,difensore,Sampdoria,Sampdoria,0.0,1.0,5.705882352941177,0.0,4.0,1.5,34.0,5.321428571428571,0.0,0.0,-1.0,14.0,5.392857142857143,0.0,0.0,0.0,0.0,5.321428571428571,0.0,0.0,-1.0,14.0,5.392857142857143,0.0,0.0,0.0,0.0,40.0,15.0,,,6.0,1.0,,3.0
2017-18,490,Regini,difensore,Sampdoria,Sampdoria,0.0,2.0,5.785714285714286,0.0,0.0,-1.0,14.0,5.705882352941177,0.0,4.0,1.5,34.0,5.661764705882353,0.0,0.0,0.0,0.0,5.5136554621848735,0.0,2.0,0.25,24.0,5.527310924369749,0.0,0.0,0.0,0.0,48.0,11.0,,,3.0,6.0,,5.0
2018-19,490,Regini,difensore,SPAL,Sampdoria,1.0,3.0,6.0,0.0,0.0,0.0,3.0,5.785714285714286,0.0,0.0,-1.0,14.0,5.857142857142857,0.0,0.0,0.0,0.0,5.604341736694678,0.0,1.3333333333333333,-0.16666666666666666,20.666666666666668,5.637254901960784,0.0,0.0,0.0,0.0,54.0,9.0,35.0,17.0,5.0,3.0,,3.0
2019-20,490,Regini,difensore,Parma,SPAL,1.0,4.0,5.875,0.0,0.0,0.0,4.0,6.0,0.0,0.0,0.0,3.0,6.0,0.0,0.0,0.0,0.0,5.830532212885154,0.0,1.3333333333333333,0.16666666666666666,17.0,5.839635854341736,0.0,0.0,0.0,0.0,42.0,11.0,41.0,14.0,3.0,3.0,,2.0
2020-21,490,Regini,difensore,Sampdoria,Parma,1.0,5.0,2.5,0.0,0.0,-2.0,1.0,5.875,0.0,0.0,0.0,4.0,5.875,0.0,0.0,0.0,0.0,5.886904761904762,0.0,0.0,-0.3333333333333333,7.0,5.910714285714286,0.0,0.0,0.0,0.0,46.0,11.0,41.0,15.0,2.0,2.0,,1.0
2016-17,492,Silvestre,difensore,Sampdoria,Sampdoria,0.0,1.0,6.0,0.0,2.0,0.0,36.0,5.4,0.0,0.0,-3.5,25.0,5.54,0.0,0.0,0.0,0.0,5.4,0.0,0.0,-3.5,25.0,5.54,0.0,0.0,0.0,0.0,40.0,15.0,,,7.0,4.0,,6.0
2017-18,492,Silvestre,difensore,Sampdoria,Sampdoria,0.0,2.0,5.9411764705882355,1.0,0.0,-0.5,34.0,6.0,0.0,2.0,0.0,36.0,6.0,0.0,0.0,0.0,0.0,5.7,0.0,1.0,-1.75,30.5,5.77,0.0,0.0,0.0,0.0,48.0,11.0,,,6.0,10.0,,7.0
2018-19,492,Silvestre,difensore,Empoli,Sampdoria,1.0,3.0,5.867647058823529,2.0,0.0,1.0,34.0,5.9411764705882355,1.0,0.0,-0.5,34.0,5.955882352941177,0.0,0.0,0.0,0.0,5.780392156862746,0.3333333333333333,0.6666666666666666,-1.3333333333333333,31.666666666666668,5.8319607843137256,0.0,0.0,0.0,0.0,54.0,9.0,,,7.0,9.0,,7.0
2016-17,494,Barreto,centrocampista,Sampdoria,Sampdoria,0.0,1.0,6.0625,2.0,0.0,3.0,32.0,5.571428571428571,0.0,1.0,-0.5,28.0,5.589285714285714,0.0,0.0,0.0,0.0,5.571428571428571,0.0,1.0,-0.5,28.0,5.589285714285714,0.0,0.0,0.0,0.0,40.0,15.0,,,12.0,6.0,,5.0
2017-18,494,Barreto,centrocampista,Sampdoria,Sampdoria,0.0,2.0,5.673076923076923,1.0,0.0,0.0,26.0,6.0625,2.0,0.0,3.0,32.0,5.96875,0.0,0.0,0.0,0.0,5.816964285714286,1.0,0.5,1.25,30.0,5.779017857142858,0.0,0.0,0.0,0.0,48.0,11.0,,,5.0,9.0,,7.0
2018-19,494,Barreto,centrocampista,Sampdoria,Sampdoria,0.0,3.0,6.136363636363637,0.0,2.0,1.0,11.0,5.673076923076923,1.0,0.0,0.0,26.0,5.673076923076923,0.0,0.0,0.0,0.0,5.769001831501832,1.0,0.3333333333333333,0.8333333333333334,28.666666666666668,5.743704212454213,0.0,0.0,0.0,0.0,54.0,9.0,,,7.0,5.0,,5.0
2019-20,494,Barreto,centrocampista,Sampdoria,Sampdoria,0.0,4.0,5.5,0.0,0.0,0.0,2.0,6.136363636363637,0.0,2.0,1.0,11.0,6.045454545454546,0.0,0.0,0.0,0.0,5.95731351981352,1.0,0.6666666666666666,1.3333333333333333,23.0,5.89576048951049,0.0,0.0,0.0,0.0,50.0,9.0,,,5.0,4.0,,5.0
2016-17,506,Eder,attaccante,Inter,Inter,0.0,1.0,6.866666666666666,8.0,3.0,25.5,30.0,7.241935483870968,10.0,1.0,38.5,31.0,6.0,0.0,0.0,0.0,0.0,7.241935483870968,10.0,1.0,38.5,31.0,6.0,0.0,0.0,0.0,0.0,67.0,4.0,,,24.0,19.0,,12.0
2017-18,506,Eder,attaccante,Inter,Inter,0.0,2.0,6.416666666666667,3.0,0.0,8.0,18.0,6.866666666666666,8.0,3.0,25.5,30.0,6.016666666666667,0.0,0.0,0.0,0.0,7.0543010752688176,9.0,2.0,32.0,30.5,6.008333333333333,0.0,0.0,0.0,0.0,59.0,7.0,,,12.0,15.0,,12.0
2016-17,507,Muriel,attaccante,Sampdoria,Sampdoria,0.0,1.0,7.516129032258065,7.0,5.0,35.0,31.0,6.706896551724138,6.0,5.0,21.5,29.0,5.9655172413793105,0.0,0.0,0.0,0.0,6.706896551724138,6.0,5.0,21.5,29.0,5.9655172413793105,0.0,0.0,0.0,0.0,40.0,15.0,,,23.0,18.0,,17.0
2019-20,507,Muriel,attaccante,Atalanta,Fiorentina,1.0,3.0,7.983870967741935,12.0,1.0,51.5,31.0,6.921052631578948,6.0,0.0,17.5,19.0,6.0,0.0,0.0,0.0,0.0,7.218590831918506,6.5,2.5,26.25,25.0,6.193548387096774,0.0,0.0,0.0,0.0,40.0,15.0,66.0,3.0,21.0,21.0,,17.0
2020-21,507,Muriel,attaccante,Atalanta,Atalanta,0.0,4.0,8.921875,20.0,9.0,72.0,32.0,7.983870967741935,12.0,1.0,51.5,31.0,6.32258064516129,0.0,0.0,0.0,0.0,7.452461799660441,9.0,0.5,34.5,25.0,6.161290322580645,0.0,0.0,0.0,0.0,78.0,3.0,,,17.0,34.0,,27.0
2021-22,507,Muriel,attaccante,Atalanta,Atalanta,0.0,5.0,7.6923076923076925,7.0,8.0,34.5,26.0,8.921875,20.0,9.0,72.0,32.0,6.671875,0.0,0.0,0.0,0.0,7.942266199773628,12.666666666666666,3.3333333333333335,47.0,27.333333333333332,6.331485215053763,0.0,0.0,0.0,0.0,78.0,2.0,,,27.0,43.0,,39.0
2022-23,507,Muriel,attaccante,Atalanta,Atalanta,0.0,6.0,6.42,2.0,3.0,10.0,25.0,7.6923076923076925,7.0,8.0,34.5,26.0,6.365384615384615,0.0,0.0,0.0,0.0,8.199351220016544,13.0,6.0,52.666666666666664,29.666666666666668,6.453280086848635,0.0,0.0,0.0,0.0,59.0,7.0,,,39.0,29.0,,26.0
2023-24,507,Muriel,attaccante,Atalanta,Atalanta,0.0,7.0,6.6923076923076925,2.0,1.0,7.0,13.0,6.42,2.0,3.0,10.0,25.0,6.02,0.0,0.0,0.0,0.0,7.6780608974358975,9.666666666666666,6.666666666666667,38.833333333333336,27.666666666666668,6.352419871794872,0.0,0.0,0.0,0.0,61.0,6.0,,,26.0,13.0,11.0,14.0
2019-20,73,Gagliolo,difensore,Parma,Parma,0.0,2.0,6.274193548387097,3.0,3.0,8.5,31.0,5.676470588235294,0.0,1.0,-6.5,34.0,5.867647058823529,0.0,0.0,0.0,0.0,5.676470588235294,0.0,1.0,-6.5,34.0,5.867647058823529,0.0,0.0,0.0,0.0,41.0,14.0,,,6.0,8.0,,7.0
2020-21,73,Gagliolo,difensore,Parma,Parma,0.0,3.0,5.8076923076923075,2.0,0.0,3.0,26.0,6.274193548387097,3.0,3.0,8.5,31.0,6.0,0.0,0.0,0.0,0.0,5.975332068311196,1.5,2.0,1.0,32.5,5.9338235294117645,0.0,0.0,0.0,0.0,46.0,11.0,,,7.0,11.0,,9.0
2021-22,73,Gagliolo,difensore,Salernitana,Parma,1.0,4.0,5.607142857142857,0.0,1.0,0.0,14.0,5.8076923076923075,2.0,0.0,3.0,26.0,5.6923076923076925,0.0,0.0,0.0,0.0,5.9194521481049,1.6666666666666667,1.3333333333333333,1.6666666666666667,30.333333333333332,5.853318250377074,0.0,0.0,0.0,0.0,20.0,20.0,,,9.0,5.0,,5.0
2016-17,78,Spolli,difensore,Chievo,Chievo,0.0,1.0,5.625,0.0,0.0,-4.0,20.0,5.535714285714286,0.0,0.0,-3.5,14.0,5.785714285714286,0.0,0.0,0.0,0.0,5.535714285714286,0.0,0.0,-3.5,14.0,5.785714285714286,0.0,0.0,0.0,0.0,49.0,9.0,,,6.0,4.0,,3.0
2017-18,78,Spolli,difensore,Genoa,Chievo,1.0,2.0,6.0,0.0,0.0,-3.5,21.0,5.625,0.0,0.0,-4.0,20.0,5.825,0.0,0.0,0.0,0.0,5.580357142857142,0.0,0.0,-3.75,17.0,5.805357142857143,0.0,0.0,0.0,0.0,43.0,14.0,36.0,16.0,3.0,4.0,,4.0
2018-19,78,Spolli,difensore,Genoa,Genoa,0.0,3.0,5.0,0.0,0.0,-3.0,7.0,6.0,0.0,0.0,-3.5,21.0,6.166666666666667,0.0,0.0,0.0,0.0,5.720238095238095,0.0,0.0,-3.6666666666666665,18.333333333333332,5.925793650793651,0.0,0.0,0.0,0.0,41.0,12.0,,,4.0,7.0,,6.0
2016-17,582,Gabriel Silva,difensore,Udinese,Genoa,1.0,1.0,5.0,0.0,0.0,-1.0,4.0,5.74,0.0,2.0,0.0,25.0,5.74,0.0,0.0,0.0,0.0,5.74,0.0,2.0,0.0,25.0,5.74,0.0,0.0,0.0,0.0,46.0,10.0,39.0,16.0,5.0,5.0,,2.0
2018-19,90,Lasagna,attaccante,Udinese,Udinese,0.0,2.0,6.132352941176471,6.0,1.0,15.0,34.0,7.448275862068965,12.0,1.0,36.5,29.0,6.189655172413793,0.0,0.0,0.0,0.0,6.959432048681542,8.5,1.0,26.0,31.5,6.102180527383367,0.0,0.0,0.0,0.0,37.0,14.0,,,12.0,18.0,,22.0
2019-20,90,Lasagna,attaccante,Udinese,Udinese,0.0,3.0,6.708333333333333,10.0,1.0,30.5,36.0,6.132352941176471,6.0,1.0,15.0,34.0,5.6911764705882355,0.0,0.0,0.0,0.0,6.790314401622718,9.0,1.0,25.75,31.5,5.9404158215010145,0.0,0.0,0.0,0.0,40.0,16.0,,,22.0,16.0,,16.0
2020-21,90,Lasagna,attaccante,Verona,Udinese,1.0,4.0,5.970588235294118,4.0,0.0,11.5,34.0,6.708333333333333,10.0,1.0,30.5,36.0,5.861111111111111,0.0,0.0,0.0,0.0,6.762987378859589,9.333333333333334,1.0,27.333333333333332,33.0,5.913980918037713,0.0,0.0,0.0,0.0,42.0,14.0,49.0,9.0,16.0,18.0,,17.0
2021-22,90,Lasagna,attaccante,Verona,Verona,0.0,5.0,6.25,2.0,3.0,8.5,26.0,5.970588235294118,4.0,0.0,11.5,34.0,5.632352941176471,0.0,0.0,0.0,0.0,6.270424836601308,6.666666666666667,0.6666666666666666,19.0,34.666666666666664,5.728213507625273,0.0,0.0,0.0,0.0,44.0,10.0,,,17.0,8.0,,12.0
2022-23,90,Lasagna,attaccante,Verona,Verona,0.0,6.0,5.895833333333333,1.0,1.0,3.0,24.0,6.25,2.0,3.0,8.5,26.0,5.923076923076923,0.0,0.0,0.0,0.0,6.309640522875817,5.333333333333333,1.3333333333333333,16.833333333333332,32.0,5.805513658454835,0.0,0.0,0.0,0.0,52.0,9.0,,,12.0,11.0,,11.0
2016-17,92,Matos,attaccante,Udinese,Udinese,0.0,1.0,5.791666666666667,0.0,0.0,0.0,12.0,6.0625,2.0,2.0,4.0,24.0,5.895833333333333,0.0,0.0,0.0,0.0,6.0625,2.0,2.0,4.0,24.0,5.895833333333333,0.0,0.0,0.0,0.0,39.0,16.0,,,14.0,8.0,,6.0
2017-18,92,Matos,attaccante,Verona,Udinese,1.0,2.0,5.529411764705882,0.0,0.0,-0.5,17.0,5.791666666666667,0.0,0.0,0.0,12.0,5.791666666666667,0.0,0.0,0.0,0.0,5.927083333333334,1.0,1.0,2.0,18.0,5.84375,0.0,0.0,0.0,0.0,45.0,12.0,,,6.0,3.0,,3.0
2016-17,509,Consigli,portiere,Sassuolo,Sassuolo,0.0,1.0,5.013513513513513,0.0,0.0,-49.5,37.0,5.162162162162162,0.0,0.0,-36.5,37.0,6.148648648648648,0.0,0.0,0.0,0.0,5.162162162162162,0.0,0.0,-36.5,37.0,6.148648648648648,0.0,0.0,0.0,0.0,58.0,6.0,,,9.0,13.0,,12.0
2017-18,509,Consigli,portiere,Sassuolo,Sassuolo,0.0,2.0,4.72972972972973,0.0,0.0,-56.0,37.0,5.013513513513513,0.0,0.0,-49.5,37.0,6.351351351351352,0.0,0.0,0.0,0.0,5.087837837837838,0.0,0.0,-43.0,37.0,6.25,0.0,0.0,0.0,0.0,49.0,10.0,,,12.0,13.0,,9.0
2018-19,509,Consigli,portiere,Sassuolo,Sassuolo,0.0,3.0,4.888888888888889,0.0,0.0,-49.0,36.0,4.72972972972973,0.0,0.0,-56.0,37.0,6.243243243243243,0.0,0.0,0.0,0.0,4.968468468468468,0.0,0.0,-47.333333333333336,37.0,6.247747747747748,0.0,0.0,0.0,0.0,43.0,11.0,,,9.0,11.0,,9.0
2019-20,509,Consigli,portiere,Sassuolo,Sassuolo,0.0,4.0,4.419354838709677,0.0,0.0,-52.5,31.0,4.888888888888889,0.0,0.0,-49.0,36.0,6.25,0.0,0.0,0.0,0.0,4.877377377377377,0.0,0.0,-51.5,36.666666666666664,6.281531531531531,0.0,0.0,0.0,0.0,43.0,10.0,,,9.0,14.0,,10.0
2020-21,509,Consigli,portiere,Sassuolo,Sassuolo,0.0,5.0,4.9324324324324325,0.0,0.0,-53.5,37.0,4.419354838709677,0.0,0.0,-52.5,31.0,6.112903225806452,0.0,0.0,0.0,0.0,4.679324485776099,0.0,0.0,-52.5,34.666666666666664,6.202048823016565,0.0,0.0,0.0,0.0,51.0,8.0,,,10.0,7.0,,10.0
2021-22,509,Consigli,portiere,Sassuolo,Sassuolo,0.0,6.0,4.621621621621622,0.0,0.0,-61.0,37.0,4.9324324324324325,0.0,0.0,-53.5,37.0,6.378378378378378,0.0,0.0,0.0,0.0,4.746892053343666,0.0,0.0,-51.666666666666664,34.666666666666664,6.247093868061611,0.0,0.0,0.0,0.0,59.0,8.0,,,10.0,13.0,,12.0
2022-23,509,Consigli,portiere,Sassuolo,Sassuolo,0.0,7.0,4.4714285714285715,0.0,0.0,-55.0,35.0,4.621621621621622,0.0,0.0,-61.0,37.0,6.27027027027027,0.0,0.0,0.0,0.0,4.657802964254578,0.0,0.0,-55.666666666666664,35.0,6.253850624818367,0.0,0.0,0.0,0.0,50.0,11.0,,,12.0,10.0,,11.0
2023-24,509,Consigli,portiere,Sassuolo,Sassuolo,0.0,8.0,4.271428571428571,0.0,0.0,-65.5,35.0,4.4714285714285715,0.0,0.0,-55.0,35.0,6.042857142857143,0.0,0.0,0.0,0.0,4.675160875160874,0.0,0.0,-56.5,36.333333333333336,6.23050193050193,0.0,0.0,0.0,0.0,45.0,13.0,,,11.0,7.0,12.0,5.0
2016-17,513,Acerbi,difensore,Sassuolo,Sassuolo,0.0,1.0,6.447368421052632,3.0,0.0,11.0,38.0,6.638888888888889,4.0,0.0,10.5,36.0,6.347222222222222,0.0,0.0,0.0,0.0,6.638888888888889,4.0,0.0,10.5,36.0,6.347222222222222,0.0,0.0,0.0,0.0,58.0,6.0,,,8.0,15.0,,13.0
2017-18,513,Acerbi,difensore,Sassuolo,Sassuolo,0.0,2.0,5.828947368421052,0.0,0.0,-4.0,38.0,6.447368421052632,3.0,0.0,11.0,38.0,6.157894736842105,0.0,0.0,0.0,0.0,6.543128654970761,3.5,0.0,10.75,37.0,6.252558479532164,0.0,0.0,0.0,0.0,49.0,10.0,,,13.0,16.0,,13.0
2018-19,513,Acerbi,difensore,Lazio,Sassuolo,1.0,3.0,6.3108108108108105,3.0,0.0,6.5,37.0,5.828947368421052,0.0,0.0,-4.0,38.0,5.934210526315789,0.0,0.0,0.0,0.0,6.305068226120858,2.3333333333333335,0.0,5.833333333333333,37.333333333333336,6.146442495126705,0.0,0.0,0.0,0.0,43.0,11.0,72.0,4.0,13.0,11.0,,12.0
2019-20,513,Acerbi,difensore,Lazio,Lazio,0.0,4.0,6.430555555555555,2.0,2.0,6.0,36.0,6.3108108108108105,3.0,0.0,6.5,37.0,6.135135135135135,0.0,0.0,0.0,0.0,6.195708866761497,2.0,0.0,4.5,37.666666666666664,6.07574679943101,0.0,0.0,0.0,0.0,59.0,8.0,,,12.0,13.0,,14.0
2020-21,513,Acerbi,difensore,Lazio,Lazio,0.0,5.0,5.9375,0.0,1.0,-3.5,32.0,6.430555555555555,2.0,2.0,6.0,36.0,6.263888888888889,0.0,0.0,0.0,0.0,6.190104578262473,1.6666666666666667,0.6666666666666666,2.8333333333333335,37.0,6.111078183446605,0.0,0.0,0.0,0.0,78.0,4.0,,,14.0,16.0,,15.0
2021-22,513,Acerbi,difensore,Lazio,Lazio,0.0,6.0,6.310344827586207,4.0,0.0,10.5,29.0,5.9375,0.0,1.0,-3.5,32.0,6.046875,0.0,0.0,0.0,0.0,6.226288788788788,1.6666666666666667,1.0,3.0,35.0,6.148633008008008,0.0,0.0,0.0,0.0,68.0,6.0,,,15.0,9.0,,12.0
2022-23,513,Acerbi,difensore,Inter,Lazio,1.0,7.0,5.967741935483871,0.0,1.0,-1.0,31.0,6.310344827586207,4.0,0.0,10.5,29.0,5.948275862068965,0.0,0.0,0.0,0.0,6.2261334610472545,2.0,1.0,4.333333333333333,32.333333333333336,6.086346583652618,0.0,0.0,0.0,0.0,63.0,5.0,81.0,2.0,12.0,12.0,,8.0
2023-24,513,Acerbi,difensore,Inter,Inter,0.0,8.0,6.5,3.0,1.0,9.5,29.0,5.967741935483871,0.0,1.0,-1.0,31.0,6.0,0.0,0.0,0.0,0.0,6.0718622543566925,1.3333333333333333,0.6666666666666666,2.0,30.666666666666668,5.998383620689655,0.0,0.0,0.0,0.0,69.0,3.0,,,8.0,9.0,11.0,11.0
2024-25,513,Acerbi,difensore,Inter,Inter,0.0,9.0,6.119047619047619,0.0,1.0,1.0,21.0,6.5,3.0,1.0,9.5,29.0,6.172413793103448,0.0,0.0,0.0,0.0,6.2593622543566925,2.3333333333333335,0.6666666666666666,6.333333333333333,29.666666666666668,6.040229885057471,0.0,0.0,0.0,0.0,93.0,1.0,,,11.0,14.0,45.0,10.0
2025-26,513,Acerbi,difensore,Inter,Inter,0.0,10.0,5.9375,0.0,0.0,-1.5,16.0,6.119047619047619,0.0,1.0,1.0,21.0,6.071428571428571,0.0,0.0,0.0,0.0,6.195596518177163,1.0,1.0,3.1666666666666665,27.0,6.081280788177341,0.0,0.0,0.0,0.0,78.0,2.0,,,10.0,8.0,14.0,9.0
2016-17,516,Cannavaro,difensore,Sassuolo,Sassuolo,0.0,1.0,5.805555555555555,1.0,0.0,2.0,18.0,5.790322580645161,0.0,1.0,-3.0,31.0,5.887096774193548,0.0,0.0,0.0,0.0,5.790322580645161,0.0,1.0,-3.0,31.0,5.887096774193548,0.0,0.0,0.0,0.0,58.0,6.0,,,6.0,7.0,,7.0
2017-18,516,Cannavaro,difensore,Sassuolo,Sassuolo,0.0,2.0,5.46875,0.0,0.0,-1.5,16.0,5.805555555555555,1.0,0.0,2.0,18.0,5.694444444444445,0.0,0.0,0.0,0.0,5.797939068100359,0.5,0.5,-0.5,24.5,5.790770609318996,0.0,0.0,0.0,0.0,49.0,10.0,,,7.0,5.0,,6.0
2016-17,521,Peluso,difensore,Sassuolo,Sassuolo,0.0,1.0,5.651515151515151,1.0,1.0,-2.0,33.0,5.794117647058823,1.0,1.0,-1.5,34.0,5.838235294117647,0.0,0.0,0.0,0.0,5.794117647058823,1.0,1.0,-1.5,34.0,5.838235294117647,0.0,0.0,0.0,0.0,58.0,6.0,,,6.0,8.0,,7.0
2017-18,521,Peluso,difensore,Sassuolo,Sassuolo,0.0,2.0,5.693548387096774,1.0,1.0,-1.0,31.0,5.651515151515151,1.0,1.0,-2.0,33.0,5.712121212121212,0.0,0.0,0.0,0.0,5.722816399286987,1.0,1.0,-1.75,33.5,5.77517825311943,0.0,0.0,0.0,0.0,49.0,10.0,,,7.0,6.0,,7.0
2018-19,521,Peluso,difensore,Sassuolo,Sassuolo,0.0,3.0,5.65625,1.0,0.0,0.5,16.0,5.693548387096774,1.0,1.0,-1.0,31.0,5.725806451612903,0.0,0.0,0.0,0.0,5.713060395223582,1.0,1.0,-1.5,32.666666666666664,5.758720985950586,0.0,0.0,0.0,0.0,43.0,11.0,,,7.0,5.0,,4.0
2019-20,521,Peluso,difensore,Sassuolo,Sassuolo,0.0,4.0,5.275,0.0,1.0,-2.5,20.0,5.65625,1.0,0.0,0.5,16.0,5.625,0.0,0.0,0.0,0.0,5.667104512870641,1.0,0.6666666666666666,-0.8333333333333334,26.666666666666668,5.687642554578038,0.0,0.0,0.0,0.0,43.0,10.0,,,4.0,6.0,,3.0
2020-21,521,Peluso,difensore,Sassuolo,Sassuolo,0.0,5.0,5.333333333333333,0.0,0.0,-0.5,3.0,5.275,0.0,1.0,-2.5,20.0,5.4,0.0,0.0,0.0,0.0,5.541599462365592,0.6666666666666666,0.6666666666666666,-1.0,22.333333333333332,5.583602150537634,0.0,0.0,0.0,0.0,51.0,8.0,,,3.0,2.0,,4.0
2016-17,526,Duncan,centrocampista,Sassuolo,Sassuolo,0.0,1.0,5.973684210526316,1.0,0.0,1.0,19.0,6.145161290322581,1.0,2.0,2.5,31.0,6.064516129032258,0.0,0.0,0.0,0.0,6.145161290322581,1.0,2.0,2.5,31.0,6.064516129032258,0.0,0.0,0.0,0.0,58.0,6.0,,,7.0,11.0,,9.0
2017-18,526,Duncan,centrocampista,Sassuolo,Sassuolo,0.0,2.0,5.730769230769231,0.0,1.0,-1.0,26.0,5.973684210526316,1.0,0.0,1.0,19.0,5.921052631578948,0.0,0.0,0.0,0.0,6.0594227504244484,1.0,1.0,1.75,25.0,5.9927843803056025,0.0,0.0,0.0,0.0,49.0,10.0,,,9.0,7.0,,8.0
2018-19,526,Duncan,centrocampista,Sassuolo,Sassuolo,0.0,3.0,6.604166666666667,4.0,4.0,12.0,24.0,5.730769230769231,0.0,1.0,-1.0,26.0,5.769230769230769,0.0,0.0,0.0,0.0,5.949871577206043,0.6666666666666666,1.0,0.8333333333333334,25.333333333333332,5.918266509947325,0.0,0.0,0.0,0.0,43.0,11.0,,,8.0,7.0,,8.0
2019-20,526,Duncan,centrocampista,Fiorentina,Sassuolo,1.0,4.0,6.4375,2.0,5.0,8.5,24.0,6.604166666666667,4.0,4.0,12.0,24.0,6.104166666666667,0.0,0.0,0.0,0.0,6.102873369320737,1.6666666666666667,1.6666666666666667,4.0,23.0,5.931483355825461,0.0,0.0,0.0,0.0,43.0,10.0,40.0,15.0,8.0,12.0,,10.0
2020-21,526,Duncan,centrocampista,Cagliari,Fiorentina,1.0,5.0,5.8,0.0,1.0,0.5,15.0,6.4375,2.0,5.0,8.5,24.0,6.083333333333333,0.0,0.0,0.0,0.0,6.257478632478633,2.0,3.3333333333333335,6.5,24.666666666666668,5.985576923076923,0.0,0.0,0.0,0.0,46.0,10.0,45.0,13.0,10.0,11.0,,7.0
2021-22,526,Duncan,centrocampista,Fiorentina,Cagliari,1.0,6.0,6.129032258064516,2.0,2.0,6.5,31.0,5.8,0.0,1.0,0.5,15.0,5.766666666666667,0.0,0.0,0.0,0.0,6.280555555555556,2.0,3.3333333333333335,7.0,21.0,5.984722222222222,0.0,0.0,0.0,0.0,37.0,16.0,39.0,13.0,7.0,4.0,,4.0
2022-23,526,Duncan,centrocampista,Fiorentina,Fiorentina,0.0,7.0,5.9523809523809526,1.0,0.0,1.5,21.0,6.129032258064516,2.0,2.0,6.5,31.0,5.919354838709677,0.0,0.0,0.0,0.0,6.122177419354839,1.3333333333333333,2.6666666666666665,5.166666666666667,23.333333333333332,5.923118279569892,0.0,0.0,0.0,0.0,59.0,8.0,,,4.0,10.0,,7.0
2023-24,526,Duncan,centrocampista,Fiorentina,Fiorentina,0.0,8.0,6.461538461538462,2.0,5.0,10.0,26.0,5.9523809523809526,1.0,0.0,1.5,21.0,5.880952380952381,0.0,0.0,0.0,0.0,5.96047107014849,1.0,1.0,2.8333333333333335,22.333333333333332,5.855657962109575,0.0,0.0,0.0,0.0,53.0,8.0,,,7.0,7.0,3.5,5.0
2024-25,526,Duncan,centrocampista,Venezia,Fiorentina,1.0,9.0,5.785714285714286,0.0,0.0,-1.0,14.0,6.461538461538462,2.0,5.0,10.0,26.0,6.076923076923077,0.0,0.0,0.0,0.0,6.1809838906613095,1.6666666666666667,2.3333333333333335,6.0,26.0,5.959076765528379,0.0,0.0,0.0,0.0,57.0,8.0,,,5.0,12.0,15.5,8.0
2016-17,528,Magnanelli,centrocampista,Sassuolo,Sassuolo,0.0,1.0,6.214285714285714,1.0,0.0,2.0,14.0,6.0588235294117645,1.0,0.0,-1.0,34.0,6.088235294117647,0.0,0.0,0.0,0.0,6.0588235294117645,1.0,0.0,-1.0,34.0,6.088235294117647,0.0,0.0,0.0,0.0,58.0,6.0,,,7.0,10.0,,8.0
2017-18,528,Magnanelli,centrocampista,Sassuolo,Sassuolo,0.0,2.0,5.533333333333333,0.0,0.0,-6.5,30.0,6.214285714285714,1.0,0.0,2.0,14.0,6.071428571428571,0.0,0.0,0.0,0.0,6.13655462184874,1.0,0.0,0.5,24.0,6.079831932773109,0.0,0.0,0.0,0.0,49.0,10.0,,,8.0,5.0,,7.0
2018-19,528,Magnanelli,centrocampista,Sassuolo,Sassuolo,0.0,3.0,5.760869565217392,0.0,0.0,-2.5,23.0,5.533333333333333,0.0,0.0,-6.5,30.0,5.75,0.0,0.0,0.0,0.0,5.93548085901027,0.6666666666666666,0.0,-1.8333333333333333,26.0,5.969887955182073,0.0,0.0,0.0,0.0,43.0,11.0,,,7.0,7.0,,5.0
2019-20,528,Magnanelli,centrocampista,Sassuolo,Sassuolo,0.0,4.0,5.794117647058823,0.0,0.0,-2.5,17.0,5.760869565217392,0.0,0.0,-2.5,23.0,5.869565217391305,0.0,0.0,0.0,0.0,5.83616287094548,0.3333333333333333,0.0,-2.3333333333333335,22.333333333333332,5.896997929606624,0.0,0.0,0.0,0.0,43.0,10.0,,,5.0,6.0,,5.0
2020-21,528,Magnanelli,centrocampista,Sassuolo,Sassuolo,0.0,5.0,5.5,0.0,0.0,-1.0,7.0,5.794117647058823,0.0,0.0,-2.5,17.0,5.9411764705882355,0.0,0.0,0.0,0.0,5.696106848536516,0.0,0.0,-3.8333333333333335,23.333333333333332,5.853580562659847,0.0,0.0,0.0,0.0,51.0,8.0,,,5.0,3.0,,3.0
2021-22,528,Magnanelli,centrocampista,Sassuolo,Sassuolo,0.0,6.0,5.8,0.0,0.0,0.0,5.0,5.5,0.0,0.0,-1.0,7.0,5.642857142857143,0.0,0.0,0.0,0.0,5.684995737425404,0.0,0.0,-2.0,15.666666666666666,5.817866276945561,0.0,0.0,0.0,0.0,59.0,8.0,,,3.0,1.0,,2.0
2016-17,529,Missiroli,centrocampista,Sassuolo,Sassuolo,0.0,1.0,5.875,0.0,0.0,-1.5,12.0,6.304347826086956,2.0,0.0,2.0,23.0,6.217391304347826,0.0,0.0,0.0,0.0,6.304347826086956,2.0,0.0,2.0,23.0,6.217391304347826,0.0,0.0,0.0,0.0,58.0,6.0,,,10.0,8.0,,10.0
2017-18,529,Missiroli,centrocampista,Sassuolo,Sassuolo,0.0,2.0,6.042857142857143,1.0,1.0,2.0,35.0,5.875,0.0,0.0,-1.5,12.0,6.0,0.0,0.0,0.0,0.0,6.0896739130434785,1.0,0.0,0.25,17.5,6.108695652173913,0.0,0.0,0.0,0.0,49.0,10.0,,,10.0,5.0,,8.0
2018-19,529,Missiroli,centrocampista,SPAL,Sassuolo,1.0,3.0,5.735294117647059,0.0,0.0,-4.5,34.0,6.042857142857143,1.0,1.0,2.0,35.0,5.985714285714286,0.0,0.0,0.0,0.0,6.074068322981366,1.0,0.3333333333333333,0.8333333333333334,23.333333333333332,6.067701863354038,0.0,0.0,0.0,0.0,43.0,11.0,35.0,17.0,8.0,10.0,,6.0
2019-20,529,Missiroli,centrocampista,SPAL,SPAL,0.0,4.0,5.8088235294117645,1.0,0.0,-0.5,34.0,5.735294117647059,0.0,0.0,-4.5,34.0,5.867647058823529,0.0,0.0,0.0,0.0,5.8843837535014005,0.3333333333333333,0.3333333333333333,-1.3333333333333333,27.0,5.951120448179272,0.0,0.0,0.0,0.0,42.0,11.0,,,6.0,8.0,,6.0
2016-17,531,Berardi,attaccante,Sassuolo,Sassuolo,0.0,1.0,6.9523809523809526,3.0,6.0,15.0,21.0,6.722222222222222,4.0,6.0,15.0,27.0,6.166666666666667,0.0,0.0,0.0,0.0,6.722222222222222,4.0,6.0,15.0,27.0,6.166666666666667,0.0,0.0,0.0,0.0,58.0,6.0,,,26.0,20.0,,20.0
2017-18,531,Berardi,attaccante,Sassuolo,Sassuolo,0.0,2.0,5.645161290322581,2.0,1.0,2.5,31.0,6.9523809523809526,3.0,6.0,15.0,21.0,6.238095238095238,0.0,0.0,0.0,0.0,6.837301587301587,3.5,6.0,15.0,24.0,6.2023809523809526,0.0,0.0,0.0,0.0,49.0,10.0,,,20.0,17.0,,18.0
2018-19,531,Berardi,attaccante,Sassuolo,Sassuolo,0.0,3.0,6.771428571428571,7.0,3.0,23.5,35.0,5.645161290322581,2.0,1.0,2.5,31.0,5.564516129032258,0.0,0.0,0.0,0.0,6.439921488308585,3.0,4.333333333333333,10.833333333333334,26.333333333333332,5.989759344598055,0.0,0.0,0.0,0.0,43.0,11.0,,,18.0,10.0,,16.0
2019-20,531,Berardi,attaccante,Sassuolo,Sassuolo,0.0,4.0,7.854838709677419,12.0,7.0,42.0,31.0,6.771428571428571,7.0,3.0,23.5,35.0,6.1,0.0,0.0,0.0,0.0,6.456323604710701,4.0,3.3333333333333335,13.666666666666666,29.0,5.967537122375831,0.0,0.0,0.0,0.0,43.0,10.0,,,16.0,19.0,,18.0
2020-21,531,Berardi,attaccante,Sassuolo,Sassuolo,0.0,5.0,8.366666666666667,10.0,7.0,53.0,30.0,7.854838709677419,12.0,7.0,42.0,31.0,6.5,0.0,0.0,0.0,0.0,6.757142857142857,7.0,3.6666666666666665,22.666666666666668,32.333333333333336,6.054838709677419,0.0,0.0,0.0,0.0,51.0,8.0,,,18.0,32.0,,27.0
2021-22,531,Berardi,attaccante,Sassuolo,Sassuolo,0.0,6.0,8.333333333333334,9.0,13.0,53.5,33.0,8.366666666666667,10.0,7.0,53.0,30.0,6.6,0.0,0.0,0.0,0.0,7.66431131592422,9.666666666666666,5.666666666666667,39.5,32.0,6.3999999999999995,0.0,0.0,0.0,0.0,59.0,8.0,,,27.0,38.0,,31.0
2022-23,531,Berardi,attaccante,Sassuolo,Sassuolo,0.0,7.0,8.104166666666666,5.0,7.0,36.5,24.0,8.333333333333334,9.0,13.0,53.5,33.0,6.712121212121212,0.0,0.0,0.0,0.0,8.18494623655914,10.333333333333334,9.0,49.5,31.333333333333332,6.604040404040404,0.0,0.0,0.0,0.0,50.0,11.0,,,31.0,38.0,,35.0
2023-24,531,Berardi,attaccante,Sassuolo,Sassuolo,0.0,8.0,8.058823529411764,4.0,2.0,26.0,17.0,8.104166666666666,5.0,7.0,36.5,24.0,6.583333333333333,0.0,0.0,0.0,0.0,8.268055555555556,8.0,9.0,47.666666666666664,29.0,6.631818181818182,0.0,0.0,0.0,0.0,45.0,13.0,,,35.0,33.0,124.5,30.0
2016-17,532,Falcinelli,attaccante,Crotone,Sassuolo,1.0,1.0,7.125,11.0,2.0,37.5,36.0,6.214285714285714,1.0,1.0,6.5,21.0,5.904761904761905,0.0,0.0,0.0,0.0,6.214285714285714,1.0,1.0,6.5,21.0,5.904761904761905,0.0,0.0,0.0,0.0,58.0,6.0,,,7.0,7.0,,6.0
2017-18,532,Falcinelli,attaccante,Fiorentina,Crotone,1.0,2.0,5.844827586206897,2.0,1.0,6.0,29.0,7.125,11.0,2.0,37.5,36.0,6.083333333333333,0.0,0.0,0.0,0.0,6.669642857142858,6.0,1.5,22.0,28.5,5.994047619047619,0.0,0.0,0.0,0.0,31.0,18.0,59.0,8.0,6.0,16.0,,20.0
2018-19,532,Falcinelli,attaccante,Bologna,Fiorentina,1.0,3.0,5.545454545454546,0.0,1.0,1.0,11.0,5.844827586206897,2.0,1.0,6.0,29.0,5.637931034482759,0.0,0.0,0.0,0.0,6.394704433497537,4.666666666666667,1.3333333333333333,16.666666666666668,28.666666666666668,5.8753420908593315,0.0,0.0,0.0,0.0,57.0,8.0,39.0,13.0,20.0,10.0,,16.0
2016-17,534,Floro Flores,attaccante,Chievo,Chievo,0.0,1.0,5.7272727272727275,0.0,0.0,0.0,11.0,6.423076923076923,4.0,1.0,12.0,26.0,5.961538461538462,0.0,0.0,0.0,0.0,6.423076923076923,4.0,1.0,12.0,26.0,5.961538461538462,0.0,0.0,0.0,0.0,49.0,9.0,,,11.0,9.0,,9.0
2016-17,536,Politano,attaccante,Sassuolo,Sassuolo,0.0,1.0,6.8125,3.0,5.0,17.5,32.0,6.880952380952381,5.0,1.0,14.5,21.0,6.190476190476191,0.0,0.0,0.0,0.0,6.880952380952381,5.0,1.0,14.5,21.0,6.190476190476191,0.0,0.0,0.0,0.0,58.0,6.0,,,6.0,11.0,,10.0
2017-18,536,Politano,attaccante,Sassuolo,Sassuolo,0.0,2.0,6.902777777777778,10.0,4.0,27.5,36.0,6.8125,3.0,5.0,17.5,32.0,6.265625,0.0,0.0,0.0,0.0,6.846726190476191,4.0,3.0,16.0,26.5,6.228050595238095,0.0,0.0,0.0,0.0,49.0,10.0,,,10.0,15.0,,14.0
2018-19,536,Politano,attaccante,Inter,Sassuolo,1.0,3.0,6.513888888888889,5.0,5.0,17.0,36.0,6.902777777777778,10.0,4.0,27.5,36.0,6.138888888888889,0.0,0.0,0.0,0.0,6.865410052910053,6.0,3.3333333333333335,19.833333333333332,29.666666666666668,6.198330026455026,0.0,0.0,0.0,0.0,43.0,11.0,69.0,5.0,14.0,19.0,,15.0
2019-20,536,Politano,attaccante,Napoli,Inter,1.0,4.0,6.2727272727272725,2.0,2.0,7.5,22.0,6.513888888888889,5.0,5.0,17.0,36.0,6.041666666666667,0.0,0.0,0.0,0.0,6.743055555555556,6.0,4.666666666666667,20.666666666666668,34.666666666666664,6.148726851851852,0.0,0.0,0.0,0.0,66.0,4.0,79.0,2.0,15.0,16.0,,12.0
2020-21,536,Politano,attaccante,Napoli,Napoli,0.0,5.0,7.013888888888889,9.0,3.0,28.5,36.0,6.2727272727272725,2.0,2.0,7.5,22.0,5.931818181818182,0.0,0.0,0.0,0.0,6.563131313131314,5.666666666666667,3.6666666666666665,17.333333333333332,31.333333333333332,6.037457912457913,0.0,0.0,0.0,0.0,59.0,7.0,,,12.0,8.0,,13.0
2021-22,536,Politano,centrocampista,Napoli,Napoli,0.0,6.0,6.5,3.0,4.0,11.5,31.0,7.013888888888889,9.0,3.0,28.5,36.0,6.222222222222222,0.0,0.0,0.0,0.0,6.60016835016835,5.333333333333333,3.3333333333333335,17.666666666666668,31.333333333333332,6.065235690235691,0.0,0.0,0.0,0.0,76.0,3.0,,,13.0,24.0,,19.0
2022-23,536,Politano,attaccante,Napoli,Napoli,0.0,7.0,6.543478260869565,1.0,2.0,7.5,23.0,6.5,3.0,4.0,11.5,31.0,6.129032258064516,0.0,0.0,0.0,0.0,6.595538720538721,4.666666666666667,3.0,15.833333333333334,29.666666666666668,6.094357554034974,0.0,0.0,0.0,0.0,76.0,3.0,,,19.0,14.0,,15.0
2023-24,536,Politano,centrocampista,Napoli,Napoli,0.0,8.0,6.891891891891892,6.0,7.0,26.0,37.0,6.543478260869565,1.0,2.0,7.5,23.0,6.217391304347826,0.0,0.0,0.0,0.0,6.685789049919485,4.333333333333333,3.0,15.833333333333334,30.0,6.189548594878189,0.0,0.0,0.0,0.0,87.0,1.0,,,15.0,13.0,14.0,14.0
2024-25,536,Politano,centrocampista,Napoli,Napoli,0.0,9.0,6.418918918918919,3.0,4.0,11.5,37.0,6.891891891891892,6.0,7.0,26.0,37.0,6.1891891891891895,0.0,0.0,0.0,0.0,6.645123384253819,3.3333333333333335,4.333333333333333,15.0,30.333333333333332,6.178537583867178,0.0,0.0,0.0,0.0,52.0,10.0,,,14.0,22.0,42.5,24.0
2025-26,536,Politano,centrocampista,Napoli,Napoli,0.0,10.0,6.363636363636363,2.0,5.0,9.0,33.0,6.418918918918919,3.0,4.0,11.5,37.0,6.108108108108108,0.0,0.0,0.0,0.0,6.618096357226793,3.3333333333333335,4.333333333333333,15.0,32.333333333333336,6.171562867215042,0.0,0.0,0.0,0.0,79.0,1.0,,,24.0,15.0,35.0,15.0
2019-20,537,Sansone,attaccante,Bologna,Bologna,0.0,2.0,6.015625,1.0,2.0,8.5,32.0,6.535714285714286,2.0,4.0,7.5,14.0,6.0,0.0,0.0,0.0,0.0,6.535714285714286,2.0,4.0,7.5,14.0,6.0,0.0,0.0,0.0,0.0,41.0,12.0,,,11.0,13.0,,12.0
2020-21,537,Sansone,attaccante,Bologna,Bologna,0.0,3.0,6.217391304347826,2.0,2.0,7.0,23.0,6.015625,1.0,2.0,8.5,32.0,5.75,0.0,0.0,0.0,0.0,6.275669642857142,1.5,3.0,8.0,23.0,5.875,0.0,0.0,0.0,0.0,46.0,12.0,,,12.0,8.0,,9.0
2021-22,537,Sansone,attaccante,Bologna,Bologna,0.0,4.0,6.282608695652174,2.0,3.0,6.5,23.0,6.217391304347826,2.0,2.0,7.0,23.0,5.913043478260869,0.0,0.0,0.0,0.0,6.256243530020704,1.6666666666666667,2.6666666666666665,7.666666666666667,23.0,5.887681159420289,0.0,0.0,0.0,0.0,41.0,11.0,,,9.0,11.0,,9.0
2022-23,537,Sansone,attaccante,Bologna,Bologna,0.0,5.0,7.133333333333334,4.0,2.0,13.0,15.0,6.282608695652174,2.0,3.0,6.5,23.0,6.0,0.0,0.0,0.0,0.0,6.171875,1.6666666666666667,2.3333333333333335,7.333333333333333,26.0,5.887681159420289,0.0,0.0,0.0,0.0,43.0,13.0,,,9.0,8.0,,6.0
2023-24,537,Sansone,attaccante,Lecce,Bologna,1.0,6.0,6.295454545454546,2.0,2.0,6.0,22.0,7.133333333333334,4.0,2.0,13.0,15.0,6.266666666666667,0.0,0.0,0.0,0.0,6.544444444444444,2.6666666666666665,2.3333333333333335,8.833333333333334,20.333333333333332,6.059903381642511,0.0,0.0,0.0,0.0,51.0,11.0,36.0,16.0,6.0,14.0,4.5,7.0
2024-25,537,Sansone,attaccante,Lecce,Lecce,0.0,7.0,6.25,0.0,0.0,0.0,2.0,6.295454545454546,2.0,2.0,6.0,22.0,6.0227272727272725,0.0,0.0,0.0,0.0,6.5704655248133506,2.6666666666666665,2.3333333333333335,8.5,20.0,6.096464646464646,0.0,0.0,0.0,0.0,37.0,14.0,,,7.0,10.0,9.0,1.0
2016-17,643,Defrel,attaccante,Sassuolo,Sassuolo,0.0,1.0,7.431034482758621,11.0,1.0,36.5,29.0,6.629032258064516,7.0,3.0,22.0,31.0,5.919354838709677,0.0,0.0,0.0,0.0,6.629032258064516,7.0,3.0,22.0,31.0,5.919354838709677,0.0,0.0,0.0,0.0,58.0,6.0,,,19.0,17.0,,18.0
2017-18,643,Defrel,attaccante,Roma,Sassuolo,1.0,2.0,5.791666666666667,0.0,0.0,2.5,12.0,7.431034482758621,11.0,1.0,36.5,29.0,6.172413793103448,0.0,0.0,0.0,0.0,7.0300333704115685,9.0,2.0,29.25,30.0,6.045884315906562,0.0,0.0,0.0,0.0,49.0,10.0,84.0,2.0,18.0,21.0,,16.0
2018-19,643,Defrel,attaccante,Sampdoria,Roma,1.0,3.0,6.942857142857143,11.0,2.0,34.0,35.0,5.791666666666667,0.0,0.0,2.5,12.0,5.583333333333333,0.0,0.0,0.0,0.0,6.617244469163268,6.0,1.3333333333333333,20.333333333333332,24.0,5.891700655048819,0.0,0.0,0.0,0.0,74.0,3.0,54.0,9.0,16.0,6.0,,20.0
2019-20,643,Defrel,attaccante,Sassuolo,Sampdoria,1.0,4.0,6.617647058823529,2.0,3.0,11.5,17.0,6.942857142857143,11.0,2.0,34.0,35.0,5.9714285714285715,0.0,0.0,0.0,0.0,6.721852764094145,7.333333333333333,1.0,24.333333333333332,25.333333333333332,5.909058565955117,0.0,0.0,0.0,0.0,50.0,9.0,43.0,10.0,20.0,21.0,,14.0
2020-21,643,Defrel,attaccante,Sassuolo,Sassuolo,0.0,5.0,6.303571428571429,3.0,2.0,10.5,28.0,6.617647058823529,2.0,3.0,11.5,17.0,5.9411764705882355,0.0,0.0,0.0,0.0,6.450723622782447,4.333333333333333,1.6666666666666667,16.0,21.333333333333332,5.831979458450046,0.0,0.0,0.0,0.0,51.0,8.0,,,14.0,9.0,,11.0
2021-22,643,Defrel,attaccante,Sassuolo,Sassuolo,0.0,6.0,6.083333333333333,2.0,2.0,7.0,30.0,6.303571428571429,3.0,2.0,10.5,28.0,5.928571428571429,0.0,0.0,0.0,0.0,6.621358543417368,5.333333333333333,2.3333333333333335,18.666666666666668,26.666666666666668,5.947058823529413,0.0,0.0,0.0,0.0,59.0,8.0,,,11.0,12.0,,12.0
2022-23,643,Defrel,attaccante,Sassuolo,Sassuolo,0.0,7.0,5.96,2.0,1.0,5.5,25.0,6.083333333333333,2.0,2.0,7.0,30.0,5.85,0.0,0.0,0.0,0.0,6.334850606909431,2.3333333333333335,2.3333333333333335,9.666666666666666,25.0,5.906582633053222,0.0,0.0,0.0,0.0,50.0,11.0,,,12.0,9.0,,8.0
2023-24,643,Defrel,attaccante,Sassuolo,Sassuolo,0.0,8.0,6.3076923076923075,1.0,2.0,5.0,13.0,5.96,2.0,1.0,5.5,25.0,5.74,0.0,0.0,0.0,0.0,6.11563492063492,2.3333333333333335,1.6666666666666667,7.666666666666667,27.666666666666668,5.839523809523809,0.0,0.0,0.0,0.0,45.0,13.0,,,8.0,7.0,7.0,9.0
2016-17,387,Reina,portiere,Napoli,Napoli,0.0,1.0,5.135135135135135,0.0,0.0,-35.5,37.0,5.324324324324325,0.0,0.0,-29.5,37.0,6.121621621621622,0.0,0.0,0.0,0.0,5.324324324324325,0.0,0.0,-29.5,37.0,6.121621621621622,0.0,0.0,0.0,0.0,79.0,2.0,,,14.0,15.0,,14.0
2017-18,387,Reina,portiere,Napoli,Napoli,0.0,2.0,5.283783783783784,0.0,0.0,-29.5,37.0,5.135135135135135,0.0,0.0,-35.5,37.0,6.094594594594595,0.0,0.0,0.0,0.0,5.22972972972973,0.0,0.0,-32.5,37.0,6.108108108108109,0.0,0.0,0.0,0.0,83.0,3.0,,,14.0,14.0,,15.0
2018-19,387,Reina,portiere,Milan,Napoli,1.0,3.0,5.125,0.0,0.0,-5.0,4.0,5.283783783783784,0.0,0.0,-29.5,37.0,6.081081081081081,0.0,0.0,0.0,0.0,5.247747747747748,0.0,0.0,-31.5,37.0,6.099099099099099,0.0,0.0,0.0,0.0,88.0,2.0,61.0,6.0,15.0,14.0,,1.0
2019-20,387,Reina,portiere,Milan,Milan,0.0,4.0,8.5,0.0,0.0,2.0,1.0,5.125,0.0,0.0,-5.0,4.0,6.375,0.0,0.0,0.0,0.0,5.181306306306307,0.0,0.0,-23.333333333333332,26.0,6.183558558558559,0.0,0.0,0.0,0.0,65.0,5.0,,,1.0,4.0,,1.0
2020-21,387,Reina,portiere,Lazio,Milan,1.0,5.0,4.689655172413793,0.0,0.0,-41.5,29.0,8.5,0.0,0.0,2.0,1.0,6.5,0.0,0.0,0.0,0.0,6.302927927927928,0.0,0.0,-10.833333333333334,14.0,6.318693693693693,0.0,0.0,0.0,0.0,63.0,6.0,78.0,4.0,1.0,1.0,,1.0
2021-22,387,Reina,portiere,Lazio,Lazio,0.0,6.0,4.0,0.0,1.0,-29.5,15.0,4.689655172413793,0.0,0.0,-41.5,29.0,6.120689655172414,0.0,0.0,0.0,0.0,6.1048850574712645,0.0,0.0,-14.833333333333334,11.333333333333334,6.331896551724138,0.0,0.0,0.0,0.0,68.0,6.0,,,1.0,10.0,,14.0
2016-17,140,Hysaj,difensore,Napoli,Napoli,0.0,1.0,5.632352941176471,0.0,0.0,-6.0,34.0,6.013513513513513,0.0,2.0,-0.5,37.0,6.027027027027027,0.0,0.0,0.0,0.0,6.013513513513513,0.0,2.0,-0.5,37.0,6.027027027027027,0.0,0.0,0.0,0.0,79.0,2.0,,,7.0,11.0,,9.0
2017-18,140,Hysaj,difensore,Napoli,Napoli,0.0,2.0,5.914285714285715,0.0,1.0,-1.0,35.0,5.632352941176471,0.0,0.0,-6.0,34.0,5.8088235294117645,0.0,0.0,0.0,0.0,5.822933227344992,0.0,1.0,-3.25,35.5,5.917925278219396,0.0,0.0,0.0,0.0,83.0,3.0,,,9.0,9.0,,8.0
2018-19,140,Hysaj,difensore,Napoli,Napoli,0.0,3.0,5.76,0.0,2.0,0.0,25.0,5.914285714285715,0.0,1.0,-1.0,35.0,5.942857142857143,0.0,0.0,0.0,0.0,5.853384056325233,0.0,1.0,-2.5,35.333333333333336,5.926235899765312,0.0,0.0,0.0,0.0,88.0,2.0,,,8.0,9.0,,9.0
2019-20,140,Hysaj,difensore,Napoli,Napoli,0.0,4.0,6.052631578947368,1.0,2.0,3.5,19.0,5.76,0.0,2.0,0.0,25.0,5.76,0.0,0.0,0.0,0.0,5.768879551820729,0.0,1.0,-2.3333333333333335,31.333333333333332,5.837226890756303,0.0,0.0,0.0,0.0,79.0,2.0,,,9.0,8.0,,7.0
2020-21,140,Hysaj,difensore,Napoli,Napoli,0.0,5.0,5.928571428571429,0.0,1.0,0.0,21.0,6.052631578947368,1.0,2.0,3.5,19.0,5.868421052631579,0.0,0.0,0.0,0.0,5.908972431077694,0.3333333333333333,1.6666666666666667,0.8333333333333334,26.333333333333332,5.8570927318295745,0.0,0.0,0.0,0.0,59.0,7.0,,,7.0,6.0,,6.0
2021-22,140,Hysaj,difensore,Lazio,Napoli,1.0,6.0,5.685185185185185,1.0,0.0,1.5,27.0,5.928571428571429,0.0,1.0,0.0,21.0,5.928571428571429,0.0,0.0,0.0,0.0,5.9137343358395995,0.3333333333333333,1.6666666666666667,1.1666666666666667,21.666666666666668,5.852330827067669,0.0,0.0,0.0,0.0,76.0,3.0,68.0,6.0,6.0,7.0,,6.0
2022-23,140,Hysaj,difensore,Lazio,Lazio,0.0,7.0,6.05,1.0,1.0,2.5,30.0,5.685185185185185,1.0,0.0,1.5,27.0,5.62962962962963,0.0,0.0,0.0,0.0,5.888796064234661,0.6666666666666666,1.0,1.6666666666666667,22.333333333333332,5.808874036944213,0.0,0.0,0.0,0.0,63.0,5.0,,,6.0,3.0,,6.0
2023-24,140,Hysaj,difensore,Lazio,Lazio,0.0,8.0,5.65,0.0,0.0,-1.0,20.0,6.05,1.0,1.0,2.5,30.0,5.966666666666667,0.0,0.0,0.0,0.0,5.887918871252204,0.6666666666666666,0.6666666666666666,1.3333333333333333,26.0,5.841622574955909,0.0,0.0,0.0,0.0,71.0,2.0,,,6.0,10.0,10.0,7.0
2024-25,140,Hysaj,difensore,Lazio,Lazio,0.0,9.0,6.125,0.0,3.0,2.0,8.0,5.65,0.0,0.0,-1.0,20.0,5.7,0.0,0.0,0.0,0.0,5.795061728395062,0.6666666666666666,0.3333333333333333,1.0,25.666666666666668,5.765432098765433,0.0,0.0,0.0,0.0,60.0,7.0,,,7.0,4.0,7.5,4.0
2025-26,140,Hysaj,difensore,Lazio,Lazio,0.0,10.0,5.5,0.0,0.0,0.0,2.0,6.125,0.0,3.0,2.0,8.0,5.875,0.0,0.0,0.0,0.0,5.941666666666666,0.3333333333333333,1.3333333333333333,1.1666666666666667,19.333333333333332,5.847222222222221,0.0,0.0,0.0,0.0,65.0,6.0,,,4.0,5.0,3.0,3.0
2016-17,388,Albiol,difensore,Napoli,Napoli,0.0,1.0,6.0576923076923075,0.0,1.0,-3.0,26.0,6.027777777777778,1.0,1.0,-1.0,36.0,6.055555555555555,0.0,0.0,0.0,0.0,6.027777777777778,1.0,1.0,-1.0,36.0,6.055555555555555,0.0,0.0,0.0,0.0,79.0,2.0,,,9.0,10.0,,9.0
2017-18,388,Albiol,difensore,Napoli,Napoli,0.0,2.0,6.451612903225806,3.0,1.0,6.5,31.0,6.0576923076923075,0.0,1.0,-3.0,26.0,6.173076923076923,0.0,0.0,0.0,0.0,6.042735042735043,0.5,1.0,-2.0,31.0,6.114316239316239,0.0,0.0,0.0,0.0,83.0,3.0,,,9.0,9.0,,9.0
2018-19,388,Albiol,difensore,Napoli,Napoli,0.0,3.0,5.842105263157895,1.0,0.0,1.0,19.0,6.451612903225806,3.0,1.0,6.5,31.0,6.241935483870968,0.0,0.0,0.0,0.0,6.179027662898631,1.3333333333333333,1.0,0.8333333333333334,31.0,6.156855987501149,0.0,0.0,0.0,0.0,88.0,2.0,,,9.0,13.0,,13.0
2016-17,394,Maggio,difensore,Napoli,Napoli,0.0,1.0,6.1,0.0,0.0,0.0,5.0,5.3,0.0,0.0,0.0,5.0,5.3,0.0,0.0,0.0,0.0,5.3,0.0,0.0,0.0,5.0,5.3,0.0,0.0,0.0,0.0,79.0,2.0,,,7.0,1.0,,2.0
2017-18,394,Maggio,difensore,Napoli,Napoli,0.0,2.0,6.2,0.0,0.0,0.0,10.0,6.1,0.0,0.0,0.0,5.0,6.1,0.0,0.0,0.0,0.0,5.699999999999999,0.0,0.0,0.0,5.0,5.699999999999999,0.0,0.0,0.0,0.0,83.0,3.0,,,2.0,1.0,,3.0
2016-17,640,Chiriches,difensore,Napoli,Napoli,0.0,1.0,6.576923076923077,2.0,0.0,6.0,13.0,6.25,1.0,0.0,2.0,8.0,6.0,0.0,0.0,0.0,0.0,6.25,1.0,0.0,2.0,8.0,6.0,0.0,0.0,0.0,0.0,79.0,2.0,,,6.0,4.0,,4.0
2017-18,640,Chiriches,difensore,Napoli,Napoli,0.0,2.0,5.714285714285714,0.0,0.0,-0.5,7.0,6.576923076923077,2.0,0.0,6.0,13.0,6.115384615384615,0.0,0.0,0.0,0.0,6.413461538461538,1.5,0.0,4.0,10.5,6.0576923076923075,0.0,0.0,0.0,0.0,83.0,3.0,,,4.0,5.0,,5.0
2018-19,640,Chiriches,difensore,Napoli,Napoli,0.0,3.0,6.25,0.0,0.0,0.0,2.0,5.714285714285714,0.0,0.0,-0.5,7.0,5.785714285714286,0.0,0.0,0.0,0.0,6.180402930402931,1.0,0.0,2.5,9.333333333333334,5.967032967032967,0.0,0.0,0.0,0.0,88.0,2.0,,,5.0,2.0,,3.0
2019-20,640,Chiriches,difensore,Sassuolo,Napoli,1.0,4.0,5.611111111111111,0.0,0.0,0.0,9.0,6.25,0.0,0.0,0.0,2.0,6.25,0.0,0.0,0.0,0.0,6.180402930402931,0.6666666666666666,0.0,1.8333333333333333,7.333333333333333,6.050366300366299,0.0,0.0,0.0,0.0,79.0,2.0,43.0,10.0,3.0,3.0,,4.0
2020-21,640,Chiriches,difensore,Sassuolo,Sassuolo,0.0,5.0,5.782608695652174,2.0,1.0,2.0,23.0,5.611111111111111,0.0,0.0,0.0,9.0,5.611111111111111,0.0,0.0,0.0,0.0,5.858465608465608,0.0,0.0,-0.16666666666666666,6.0,5.882275132275132,0.0,0.0,0.0,0.0,51.0,8.0,,,4.0,1.0,,5.0
2021-22,640,Chiriches,difensore,Sassuolo,Sassuolo,0.0,6.0,5.611111111111111,0.0,0.0,-2.0,27.0,5.782608695652174,2.0,1.0,2.0,23.0,5.695652173913044,0.0,0.0,0.0,0.0,5.881239935587762,0.6666666666666666,0.3333333333333333,0.6666666666666666,11.333333333333334,5.852254428341385,0.0,0.0,0.0,0.0,59.0,8.0,,,5.0,6.0,,6.0
2022-23,640,Chiriches,difensore,Cremonese,Sassuolo,1.0,7.0,5.8,0.0,0.0,-3.0,15.0,5.611111111111111,0.0,0.0,-2.0,27.0,5.685185185185185,0.0,0.0,0.0,0.0,5.668276972624798,0.6666666666666666,0.3333333333333333,0.0,19.666666666666668,5.6639828234031135,0.0,0.0,0.0,0.0,50.0,11.0,,,6.0,4.0,,5.0
2016-17,401,El Kaddouri,centrocampista,Empoli,Napoli,1.0,1.0,6.625,3.0,1.0,7.5,16.0,6.3076923076923075,1.0,2.0,4.0,13.0,6.0,0.0,0.0,0.0,0.0,6.3076923076923075,1.0,2.0,4.0,13.0,6.0,0.0,0.0,0.0,0.0,79.0,2.0,43.0,12.0,8.0,6.0,,5.0
2016-17,402,Hamsik,centrocampista,Napoli,Napoli,0.0,1.0,7.473684210526316,12.0,5.0,40.5,38.0,6.973684210526316,5.0,7.0,22.0,38.0,6.394736842105263,0.0,0.0,0.0,0.0,6.973684210526316,5.0,7.0,22.0,38.0,6.394736842105263,0.0,0.0,0.0,0.0,79.0,2.0,,,22.0,24.0,,20.0
2017-18,402,Hamsik,centrocampista,Napoli,Napoli,0.0,2.0,6.578947368421052,7.0,1.0,21.0,38.0,7.473684210526316,12.0,5.0,40.5,38.0,6.407894736842105,0.0,0.0,0.0,0.0,7.223684210526316,8.5,6.0,31.25,38.0,6.401315789473684,0.0,0.0,0.0,0.0,83.0,3.0,,,20.0,26.0,,26.0
2018-19,402,Hamsik,centrocampista,Napoli,Napoli,0.0,3.0,5.8076923076923075,0.0,0.0,-0.5,13.0,6.578947368421052,7.0,1.0,21.0,38.0,6.026315789473684,0.0,0.0,0.0,0.0,7.008771929824562,8.0,4.333333333333333,27.833333333333332,38.0,6.276315789473684,0.0,0.0,0.0,0.0,88.0,2.0,,,26.0,22.0,,15.0
2016-17,405,Valdifiori,centrocampista,Torino,Napoli,1.0,1.0,5.75,0.0,0.0,-2.5,24.0,5.166666666666667,0.0,0.0,-1.5,6.0,5.416666666666667,0.0,0.0,0.0,0.0,5.166666666666667,0.0,0.0,-1.5,6.0,5.416666666666667,0.0,0.0,0.0,0.0,79.0,2.0,45.0,11.0,12.0,2.0,,5.0
2017-18,405,Valdifiori,centrocampista,Torino,Torino,0.0,2.0,5.444444444444445,0.0,0.0,-0.5,9.0,5.75,0.0,0.0,-2.5,24.0,5.854166666666667,0.0,0.0,0.0,0.0,5.458333333333334,0.0,0.0,-2.0,15.0,5.635416666666667,0.0,0.0,0.0,0.0,50.0,9.0,,,5.0,5.0,,5.0
2018-19,405,Valdifiori,centrocampista,SPAL,Torino,1.0,3.0,5.846153846153846,0.0,1.0,-0.5,13.0,5.444444444444445,0.0,0.0,-0.5,9.0,5.5,0.0,0.0,0.0,0.0,5.453703703703703,0.0,0.0,-1.5,13.0,5.590277777777779,0.0,0.0,0.0,0.0,51.0,10.0,35.0,17.0,5.0,1.0,,3.0
2019-20,405,Valdifiori,centrocampista,SPAL,SPAL,0.0,4.0,5.809523809523809,0.0,3.0,0.5,21.0,5.846153846153846,0.0,1.0,-0.5,13.0,5.884615384615385,0.0,0.0,0.0,0.0,5.68019943019943,0.0,0.3333333333333333,-1.1666666666666667,15.333333333333334,5.746260683760684,0.0,0.0,0.0,0.0,42.0,11.0,,,3.0,5.0,,3.0
2016-17,407,Gabbiadini,attaccante,Napoli,Napoli,0.0,1.0,6.333333333333333,2.0,0.0,8.0,12.0,7.5,4.0,3.0,17.5,13.0,6.153846153846154,0.0,0.0,0.0,0.0,7.5,4.0,3.0,17.5,13.0,6.153846153846154,0.0,0.0,0.0,0.0,79.0,2.0,,,26.0,18.0,,20.0
2019-20,407,Gabbiadini,attaccante,Sampdoria,Sampdoria,0.0,3.0,7.125,10.0,1.0,33.0,32.0,6.65625,4.0,1.0,10.5,16.0,6.0,0.0,0.0,0.0,0.0,6.494791666666666,3.0,0.5,9.25,14.0,5.833333333333334,0.0,0.0,0.0,0.0,50.0,9.0,,,19.0,19.0,,13.0
2020-21,407,Gabbiadini,attaccante,Sampdoria,Sampdoria,0.0,4.0,6.9,2.0,2.0,10.5,15.0,7.125,10.0,1.0,33.0,32.0,6.09375,0.0,0.0,0.0,0.0,6.890625,7.0,1.0,21.75,24.0,6.046875,0.0,0.0,0.0,0.0,41.0,15.0,,,13.0,23.0,,17.0
2021-22,407,Gabbiadini,attaccante,Sampdoria,Sampdoria,0.0,5.0,7.34375,6.0,2.0,18.5,16.0,6.9,2.0,2.0,10.5,15.0,6.2,0.0,0.0,0.0,0.0,6.89375,5.333333333333333,1.3333333333333333,18.0,21.0,6.097916666666666,0.0,0.0,0.0,0.0,49.0,9.0,,,17.0,18.0,,16.0
2022-23,407,Gabbiadini,attaccante,Sampdoria,Sampdoria,0.0,6.0,6.428571428571429,7.0,2.0,20.0,35.0,7.34375,6.0,2.0,18.5,16.0,6.1875,0.0,0.0,0.0,0.0,7.122916666666666,6.0,1.6666666666666667,20.666666666666668,21.0,6.160416666666666,0.0,0.0,0.0,0.0,36.0,15.0,,,16.0,14.0,,15.0
2016-17,408,Higuain,attaccante,Juventus,Napoli,1.0,1.0,8.43421052631579,24.0,3.0,74.5,38.0,10.042857142857143,33.0,2.0,108.5,35.0,6.942857142857143,0.0,0.0,0.0,0.0,10.042857142857143,33.0,2.0,108.5,35.0,6.942857142857143,0.0,0.0,0.0,0.0,79.0,2.0,88.0,1.0,34.0,44.0,,38.0
2017-18,408,Higuain,attaccante,Juventus,Juventus,0.0,2.0,7.5606060606060606,15.0,3.0,46.0,33.0,8.43421052631579,24.0,3.0,74.5,38.0,6.473684210526316,0.0,0.0,0.0,0.0,9.238533834586466,28.5,2.5,91.5,36.5,6.708270676691729,0.0,0.0,0.0,0.0,88.0,1.0,,,38.0,34.0,,38.0
2018-19,408,Higuain,attaccante,Milan,Juventus,1.0,3.0,6.933333333333334,6.0,1.0,14.0,15.0,7.5606060606060606,15.0,3.0,46.0,33.0,6.166666666666667,0.0,0.0,0.0,0.0,8.679224576592999,24.0,2.6666666666666665,76.33333333333333,35.333333333333336,6.527736006683376,0.0,0.0,0.0,0.0,92.0,1.0,61.0,6.0,38.0,27.0,,33.0
2019-20,408,Higuain,attaccante,Juventus,Milan,1.0,4.0,6.95,8.0,3.0,26.0,30.0,6.933333333333334,6.0,1.0,14.0,15.0,6.0,0.0,0.0,0.0,0.0,7.6427166400850615,15.0,2.3333333333333335,44.833333333333336,28.666666666666668,6.213450292397661,0.0,0.0,0.0,0.0,65.0,5.0,90.0,1.0,33.0,26.0,,29.0
2016-17,409,Insigne,attaccante,Napoli,Napoli,0.0,1.0,8.243243243243244,16.0,8.0,61.0,37.0,7.445945945945946,10.0,9.0,44.0,37.0,6.256756756756757,0.0,0.0,0.0,0.0,7.445945945945946,10.0,9.0,44.0,37.0,6.256756756756757,0.0,0.0,0.0,0.0,79.0,2.0,,,21.0,23.0,,24.0
2017-18,409,Insigne,attaccante,Napoli,Napoli,0.0,2.0,7.202702702702703,7.0,10.0,32.0,37.0,8.243243243243244,16.0,8.0,61.0,37.0,6.594594594594595,0.0,0.0,0.0,0.0,7.844594594594595,13.0,8.5,52.5,37.0,6.425675675675675,0.0,0.0,0.0,0.0,83.0,3.0,,,24.0,34.0,,30.0
2018-19,409,Insigne,attaccante,Napoli,Napoli,0.0,3.0,7.071428571428571,9.0,5.0,28.0,28.0,7.202702702702703,7.0,10.0,32.0,37.0,6.337837837837838,0.0,0.0,0.0,0.0,7.630630630630631,11.0,9.0,45.666666666666664,37.0,6.396396396396397,0.0,0.0,0.0,0.0,88.0,2.0,,,30.0,26.0,,27.0
2019-20,409,Insigne,attaccante,Napoli,Napoli,0.0,4.0,6.9324324324324325,3.0,4.0,27.5,37.0,7.071428571428571,9.0,5.0,28.0,28.0,6.071428571428571,0.0,0.0,0.0,0.0,7.505791505791507,10.666666666666666,7.666666666666667,40.333333333333336,34.0,6.334620334620335,0.0,0.0,0.0,0.0,79.0,2.0,,,27.0,23.0,,27.0
2020-21,409,Insigne,attaccante,Napoli,Napoli,0.0,5.0,8.214285714285714,12.0,7.0,59.0,35.0,6.9324324324324325,3.0,4.0,27.5,37.0,6.1891891891891895,0.0,0.0,0.0,0.0,7.068854568854569,6.333333333333333,6.333333333333333,29.166666666666668,34.0,6.199485199485199,0.0,0.0,0.0,0.0,59.0,7.0,,,27.0,22.0,,23.0
2021-22,409,Insigne,attaccante,Napoli,Napoli,0.0,6.0,7.171875,2.0,8.0,28.0,32.0,8.214285714285714,12.0,7.0,59.0,35.0,6.5285714285714285,0.0,0.0,0.0,0.0,7.406048906048906,8.0,5.333333333333333,38.166666666666664,33.333333333333336,6.263063063063062,0.0,0.0,0.0,0.0,76.0,3.0,,,23.0,36.0,,32.0
2016-17,410,Mertens,attaccante,Napoli,Napoli,0.0,1.0,9.397058823529411,26.0,8.0,86.0,34.0,6.666666666666667,5.0,5.0,16.5,33.0,6.166666666666667,0.0,0.0,0.0,0.0,6.666666666666667,5.0,5.0,16.5,33.0,6.166666666666667,0.0,0.0,0.0,0.0,79.0,2.0,,,18.0,18.0,,15.0
2017-18,410,Mertens,attaccante,Napoli,Napoli,0.0,2.0,7.671052631578948,14.0,6.0,55.0,38.0,9.397058823529411,26.0,8.0,86.0,34.0,6.867647058823529,0.0,0.0,0.0,0.0,8.031862745098039,15.5,6.5,51.25,33.5,6.517156862745098,0.0,0.0,0.0,0.0,83.0,3.0,,,15.0,34.0,,36.0
2018-19,410,Mertens,attaccante,Napoli,Napoli,0.0,3.0,7.957142857142857,15.0,10.0,57.5,35.0,7.671052631578948,14.0,6.0,55.0,38.0,6.223684210526316,0.0,0.0,0.0,0.0,7.911592707258342,15.0,6.333333333333333,52.5,35.0,6.419332645338837,0.0,0.0,0.0,0.0,88.0,2.0,,,36.0,28.0,,31.0
2019-20,410,Mertens,attaccante,Napoli,Napoli,0.0,4.0,7.161290322580645,9.0,6.0,30.5,31.0,7.957142857142857,15.0,10.0,57.5,35.0,6.314285714285714,0.0,0.0,0.0,0.0,8.341751437417072,18.333333333333332,8.0,66.16666666666667,35.666666666666664,6.468538994545187,0.0,0.0,0.0,0.0,79.0,2.0,,,31.0,33.0,,28.0
2020-21,410,Mertens,attaccante,Napoli,Napoli,0.0,5.0,7.37037037037037,9.0,7.0,33.0,27.0,7.161290322580645,9.0,6.0,30.5,31.0,6.17741935483871,0.0,0.0,0.0,0.0,7.596495270434151,12.666666666666666,7.333333333333333,47.666666666666664,34.666666666666664,6.238463093216914,0.0,0.0,0.0,0.0,59.0,7.0,,,28.0,23.0,,25.0
2021-22,410,Mertens,attaccante,Napoli,Napoli,0.0,6.0,7.8,10.0,1.0,33.5,25.0,7.37037037037037,9.0,7.0,33.0,27.0,6.148148148148148,0.0,0.0,0.0,0.0,7.49626785003129,11.0,7.666666666666667,40.333333333333336,31.0,6.213284405757523,0.0,0.0,0.0,0.0,76.0,3.0,,,25.0,28.0,,25.0
2016-17,27,Grassi,centrocampista,Atalanta,Atalanta,0.0,1.0,6.033333333333333,1.0,0.0,2.0,15.0,5.8076923076923075,0.0,0.0,-3.0,13.0,6.038461538461538,0.0,0.0,0.0,0.0,5.8076923076923075,0.0,0.0,-3.0,13.0,6.038461538461538,0.0,0.0,0.0,0.0,42.0,13.0,,,1.0,1.0,,4.0
2017-18,27,Grassi,centrocampista,SPAL,Atalanta,1.0,2.0,6.375,3.0,0.0,7.5,28.0,6.033333333333333,1.0,0.0,2.0,15.0,5.9,0.0,0.0,0.0,0.0,5.920512820512821,0.5,0.0,-0.5,14.0,5.969230769230769,0.0,0.0,0.0,0.0,69.0,5.0,,,4.0,5.0,,6.0
2018-19,27,Grassi,centrocampista,Parma,SPAL,1.0,3.0,5.833333333333333,0.0,0.0,0.0,6.0,6.375,3.0,0.0,7.5,28.0,6.107142857142857,0.0,0.0,0.0,0.0,6.072008547008547,1.3333333333333333,0.0,2.1666666666666665,18.666666666666668,6.015201465201464,0.0,0.0,0.0,0.0,35.0,17.0,,,6.0,12.0,,9.0
2019-20,27,Grassi,centrocampista,Parma,Parma,0.0,4.0,6.0,1.0,1.0,1.0,14.0,5.833333333333333,0.0,0.0,0.0,6.0,5.833333333333333,0.0,0.0,0.0,0.0,6.080555555555556,1.3333333333333333,0.0,3.1666666666666665,16.333333333333332,5.946825396825396,0.0,0.0,0.0,0.0,41.0,14.0,,,9.0,6.0,,8.0
2020-21,27,Grassi,centrocampista,Parma,Parma,0.0,5.0,5.55,0.0,0.0,-3.5,20.0,6.0,1.0,1.0,1.0,14.0,5.928571428571429,0.0,0.0,0.0,0.0,6.069444444444444,1.3333333333333333,0.3333333333333333,2.8333333333333335,16.0,5.9563492063492065,0.0,0.0,0.0,0.0,46.0,11.0,,,8.0,4.0,,5.0
2021-22,27,Grassi,centrocampista,Cagliari,Parma,1.0,6.0,5.875,0.0,1.0,-2.0,28.0,5.55,0.0,0.0,-3.5,20.0,5.725,0.0,0.0,0.0,0.0,5.794444444444444,0.3333333333333333,0.3333333333333333,-0.8333333333333334,13.333333333333334,5.828968253968253,0.0,0.0,0.0,0.0,20.0,20.0,37.0,16.0,5.0,3.0,,3.0
2022-23,27,Grassi,centrocampista,Empoli,Cagliari,1.0,7.0,5.85,0.0,0.0,-1.5,20.0,5.875,0.0,1.0,-2.0,28.0,5.946428571428571,0.0,0.0,0.0,0.0,5.808333333333334,0.3333333333333333,0.6666666666666666,-1.5,20.666666666666668,5.866666666666667,0.0,0.0,0.0,0.0,29.0,18.0,38.0,14.0,3.0,7.0,,6.0
2023-24,27,Grassi,centrocampista,Empoli,Empoli,0.0,8.0,5.769230769230769,0.0,1.0,-4.0,26.0,5.85,0.0,0.0,-1.5,20.0,5.925,0.0,0.0,0.0,0.0,5.758333333333333,0.0,0.3333333333333333,-2.3333333333333335,22.666666666666668,5.86547619047619,0.0,0.0,0.0,0.0,43.0,14.0,,,6.0,6.0,1.5,5.0
2024-25,27,Grassi,centrocampista,Empoli,Empoli,0.0,9.0,5.839285714285714,1.0,0.0,-2.0,28.0,5.769230769230769,0.0,1.0,-4.0,26.0,5.923076923076923,0.0,0.0,0.0,0.0,5.831410256410256,0.0,0.6666666666666666,-2.5,24.666666666666668,5.931501831501831,0.0,0.0,0.0,0.0,33.0,18.0,,,5.0,4.0,3.0,3.0
2025-26,27,Grassi,centrocampista,Cremonese,Empoli,1.0,10.0,5.696428571428571,0.0,0.0,-2.5,28.0,5.839285714285714,1.0,0.0,-2.0,28.0,5.910714285714286,0.0,0.0,0.0,0.0,5.819505494505495,0.3333333333333333,0.3333333333333333,-2.5,24.666666666666668,5.91959706959707,0.0,0.0,0.0,0.0,31.0,17.0,,,3.0,6.0,6.0,4.0
2016-17,48,Maietta,difensore,Bologna,Bologna,0.0,1.0,5.706896551724138,0.0,1.0,-3.0,29.0,5.947368421052632,0.0,0.0,-2.0,19.0,6.052631578947368,0.0,0.0,0.0,0.0,5.947368421052632,0.0,0.0,-2.0,19.0,6.052631578947368,0.0,0.0,0.0,0.0,41.0,14.0,,,3.0,6.0,,5.0
2017-18,48,Maietta,difensore,Bologna,Bologna,0.0,2.0,6.214285714285714,0.0,0.0,-0.5,7.0,5.706896551724138,0.0,1.0,-3.0,29.0,5.810344827586207,0.0,0.0,0.0,0.0,5.827132486388384,0.0,0.5,-2.5,24.0,5.931488203266788,0.0,0.0,0.0,0.0,41.0,15.0,,,5.0,6.0,,5.0
2018-19,48,Maietta,difensore,Empoli,Bologna,1.0,3.0,5.5,0.0,0.0,-2.5,21.0,6.214285714285714,0.0,0.0,-0.5,7.0,6.285714285714286,0.0,0.0,0.0,0.0,5.956183562354162,0.0,0.3333333333333333,-1.8333333333333333,18.333333333333332,6.049563564082621,0.0,0.0,0.0,0.0,39.0,13.0,,,5.0,5.0,,5.0
2016-17,50,Mbaye,difensore,Bologna,Bologna,0.0,1.0,5.321428571428571,0.0,1.0,-5.0,14.0,5.366666666666666,0.0,0.0,-2.5,15.0,5.533333333333333,0.0,0.0,0.0,0.0,5.366666666666666,0.0,0.0,-2.5,15.0,5.533333333333333,0.0,0.0,0.0,0.0,41.0,14.0,,,6.0,3.0,,4.0
2017-18,50,Mbaye,difensore,Bologna,Bologna,0.0,2.0,5.729166666666667,1.0,0.0,-1.5,24.0,5.321428571428571,0.0,1.0,-5.0,14.0,5.678571428571429,0.0,0.0,0.0,0.0,5.344047619047618,0.0,0.5,-3.75,14.5,5.605952380952381,0.0,0.0,0.0,0.0,41.0,15.0,,,4.0,4.0,,4.0
2018-19,50,Mbaye,difensore,Bologna,Bologna,0.0,3.0,5.956521739130435,2.0,0.0,3.5,23.0,5.729166666666667,1.0,0.0,-1.5,24.0,5.791666666666667,0.0,0.0,0.0,0.0,5.472420634920635,0.3333333333333333,0.3333333333333333,-3.0,17.666666666666668,5.667857142857142,0.0,0.0,0.0,0.0,39.0,13.0,,,4.0,5.0,,5.0
2019-20,50,Mbaye,difensore,Bologna,Bologna,0.0,4.0,5.605263157894737,0.0,2.0,-0.5,19.0,5.956521739130435,2.0,0.0,3.5,23.0,5.804347826086956,0.0,0.0,0.0,0.0,5.669038992408557,1.0,0.3333333333333333,-1.0,20.333333333333332,5.758195307108351,0.0,0.0,0.0,0.0,41.0,12.0,,,5.0,7.0,,5.0
2020-21,50,Mbaye,difensore,Bologna,Bologna,0.0,5.0,5.928571428571429,1.0,0.0,2.0,7.0,5.605263157894737,0.0,2.0,-0.5,19.0,5.631578947368421,0.0,0.0,0.0,0.0,5.763650521230613,1.0,0.6666666666666666,0.5,22.0,5.742531146707349,0.0,0.0,0.0,0.0,46.0,12.0,,,5.0,3.0,,3.0
2021-22,50,Mbaye,difensore,Bologna,Bologna,0.0,6.0,5.5,0.0,0.0,0.0,2.0,5.928571428571429,1.0,0.0,2.0,7.0,5.642857142857143,0.0,0.0,0.0,0.0,5.830118775198867,1.0,0.6666666666666666,1.6666666666666667,16.333333333333332,5.692927972104173,0.0,0.0,0.0,0.0,41.0,11.0,,,3.0,2.0,,4.0
2016-17,58,Diawara,centrocampista,Napoli,Bologna,1.0,1.0,6.117647058823529,0.0,0.0,-0.5,17.0,5.848484848484849,0.0,1.0,-5.5,33.0,6.015151515151516,0.0,0.0,0.0,0.0,5.848484848484849,0.0,1.0,-5.5,33.0,6.015151515151516,0.0,0.0,0.0,0.0,41.0,14.0,79.0,2.0,1.0,8.0,,5.0
2017-18,58,Diawara,centrocampista,Napoli,Napoli,0.0,2.0,6.392857142857143,1.0,1.0,4.0,14.0,6.117647058823529,0.0,0.0,-0.5,17.0,6.147058823529412,0.0,0.0,0.0,0.0,5.983065953654188,0.0,0.5,-3.0,25.0,6.081105169340464,0.0,0.0,0.0,0.0,83.0,3.0,,,5.0,6.0,,7.0
2018-19,58,Diawara,centrocampista,Napoli,Napoli,0.0,3.0,5.636363636363637,0.0,0.0,-2.0,11.0,6.392857142857143,1.0,1.0,4.0,14.0,6.107142857142857,0.0,0.0,0.0,0.0,6.11966301672184,0.3333333333333333,0.6666666666666666,-0.6666666666666666,21.333333333333332,6.089784398607928,0.0,0.0,0.0,0.0,88.0,2.0,,,7.0,5.0,,9.0
2019-20,58,Diawara,centrocampista,Roma,Napoli,1.0,4.0,6.075,0.0,0.0,1.0,20.0,5.636363636363637,0.0,0.0,-2.0,11.0,5.818181818181818,0.0,0.0,0.0,0.0,6.048955946014769,0.3333333333333333,0.3333333333333333,0.5,14.0,6.024127832951362,0.0,0.0,0.0,0.0,79.0,2.0,63.0,6.0,9.0,6.0,,8.0
2020-21,58,Diawara,centrocampista,Roma,Roma,0.0,5.0,5.85,1.0,0.0,1.0,10.0,6.075,0.0,0.0,1.0,20.0,6.025,0.0,0.0,0.0,0.0,6.03474025974026,0.3333333333333333,0.3333333333333333,1.0,15.0,5.983441558441559,0.0,0.0,0.0,0.0,67.0,5.0,,,8.0,7.0,,9.0
2021-22,58,Diawara,centrocampista,Roma,Roma,0.0,6.0,5.666666666666667,0.0,0.0,0.0,3.0,5.85,1.0,0.0,1.0,10.0,5.75,0.0,0.0,0.0,0.0,5.853787878787879,0.3333333333333333,0.0,0.0,13.666666666666666,5.864393939393939,0.0,0.0,0.0,0.0,61.0,7.0,,,9.0,4.0,,5.0
2016-17,669,Donsah,centrocampista,Bologna,Bologna,0.0,1.0,6.038461538461538,0.0,2.0,1.0,13.0,6.447368421052632,2.0,2.0,7.0,19.0,6.078947368421052,0.0,0.0,0.0,0.0,6.447368421052632,2.0,2.0,7.0,19.0,6.078947368421052,0.0,0.0,0.0,0.0,41.0,14.0,,,7.0,7.0,,6.0
2017-18,669,Donsah,centrocampista,Bologna,Bologna,0.0,2.0,6.26,2.0,1.0,5.5,25.0,6.038461538461538,0.0,2.0,1.0,13.0,5.961538461538462,0.0,0.0,0.0,0.0,6.242914979757085,1.0,2.0,4.0,16.0,6.020242914979757,0.0,0.0,0.0,0.0,41.0,15.0,,,6.0,5.0,,5.0
2018-19,669,Donsah,centrocampista,Bologna,Bologna,0.0,3.0,5.75,0.0,0.0,0.0,4.0,6.26,2.0,1.0,5.5,25.0,6.04,0.0,0.0,0.0,0.0,6.248609986504722,1.3333333333333333,1.6666666666666667,4.5,19.0,6.026828609986505,0.0,0.0,0.0,0.0,39.0,13.0,,,5.0,6.0,,8.0
2016-17,99,Cacciatore,difensore,Chievo,Chievo,0.0,1.0,5.827586206896552,1.0,1.0,-0.5,29.0,6.0,1.0,3.0,3.0,28.0,5.892857142857143,0.0,0.0,0.0,0.0,6.0,1.0,3.0,3.0,28.0,5.892857142857143,0.0,0.0,0.0,0.0,49.0,9.0,,,4.0,8.0,,6.0
2017-18,99,Cacciatore,difensore,Chievo,Chievo,0.0,2.0,5.924242424242424,2.0,3.0,5.5,33.0,5.827586206896552,1.0,1.0,-0.5,29.0,5.844827586206897,0.0,0.0,0.0,0.0,5.913793103448276,1.0,2.0,1.25,28.5,5.86884236453202,0.0,0.0,0.0,0.0,43.0,14.0,,,6.0,6.0,,6.0
2018-19,99,Cacciatore,difensore,Cagliari,Chievo,1.0,3.0,5.892857142857143,0.0,2.0,0.5,14.0,5.924242424242424,2.0,3.0,5.5,33.0,5.757575757575758,0.0,0.0,0.0,0.0,5.917276210379659,1.3333333333333333,2.3333333333333335,2.6666666666666665,30.0,5.831753495546599,0.0,0.0,0.0,0.0,37.0,15.0,36.0,16.0,6.0,7.0,,7.0
2019-20,99,Cacciatore,difensore,Cagliari,Cagliari,0.0,4.0,5.566666666666666,0.0,0.0,-1.5,15.0,5.892857142857143,0.0,2.0,0.5,14.0,5.857142857142857,0.0,0.0,0.0,0.0,5.881561924665373,1.0,2.0,1.8333333333333333,25.333333333333332,5.819848733641837,0.0,0.0,0.0,0.0,41.0,13.0,,,7.0,6.0,,7.0
2016-17,327,Patric,difensore,Lazio,Lazio,0.0,1.0,5.6875,0.0,1.0,-1.0,16.0,5.4375,0.0,0.0,-2.0,8.0,5.6875,0.0,0.0,0.0,0.0,5.4375,0.0,0.0,-2.0,8.0,5.6875,0.0,0.0,0.0,0.0,54.0,8.0,,,1.0,2.0,,4.0
2017-18,327,Patric,difensore,Lazio,Lazio,0.0,2.0,5.95,0.0,1.0,0.5,10.0,5.6875,0.0,1.0,-1.0,16.0,5.75,0.0,0.0,0.0,0.0,5.5625,0.0,0.5,-1.5,12.0,5.71875,0.0,0.0,0.0,0.0,70.0,4.0,,,4.0,3.0,,2.0
2018-19,327,Patric,difensore,Lazio,Lazio,0.0,3.0,5.714285714285714,0.0,0.0,-0.5,14.0,5.95,0.0,1.0,0.5,10.0,5.9,0.0,0.0,0.0,0.0,5.691666666666666,0.0,0.6666666666666666,-0.8333333333333334,11.333333333333334,5.779166666666666,0.0,0.0,0.0,0.0,72.0,4.0,,,2.0,3.0,,2.0
2019-20,327,Patric,difensore,Lazio,Lazio,0.0,4.0,5.738095238095238,0.0,0.0,-2.0,21.0,5.714285714285714,0.0,0.0,-0.5,14.0,5.75,0.0,0.0,0.0,0.0,5.7839285714285715,0.0,0.6666666666666666,-0.3333333333333333,13.333333333333334,5.8,0.0,0.0,0.0,0.0,59.0,8.0,,,2.0,4.0,,2.0
2020-21,327,Patric,difensore,Lazio,Lazio,0.0,5.0,5.586956521739131,0.0,1.0,-3.0,23.0,5.738095238095238,0.0,0.0,-2.0,21.0,5.833333333333333,0.0,0.0,0.0,0.0,5.800793650793651,0.0,0.3333333333333333,-0.6666666666666666,15.0,5.827777777777778,0.0,0.0,0.0,0.0,78.0,4.0,,,2.0,4.0,,4.0
2021-22,327,Patric,difensore,Lazio,Lazio,0.0,6.0,5.714285714285714,1.0,1.0,-1.0,21.0,5.586956521739131,0.0,1.0,-3.0,23.0,5.717391304347826,0.0,0.0,0.0,0.0,5.679779158040028,0.0,0.3333333333333333,-1.8333333333333333,19.333333333333332,5.766908212560387,0.0,0.0,0.0,0.0,68.0,6.0,,,4.0,3.0,,3.0
2022-23,327,Patric,difensore,Lazio,Lazio,0.0,7.0,6.088235294117647,0.0,0.0,-0.5,17.0,5.714285714285714,1.0,1.0,-1.0,21.0,5.761904761904762,0.0,0.0,0.0,0.0,5.679779158040027,0.3333333333333333,0.6666666666666666,-2.0,21.666666666666668,5.77087646652864,0.0,0.0,0.0,0.0,63.0,5.0,,,3.0,5.0,,5.0
2023-24,327,Patric,difensore,Lazio,Lazio,0.0,8.0,6.2894736842105265,2.0,0.0,4.0,19.0,6.088235294117647,0.0,0.0,-0.5,17.0,6.117647058823529,0.0,0.0,0.0,0.0,5.796492510047497,0.3333333333333333,0.6666666666666666,-1.5,20.333333333333332,5.865647708358705,0.0,0.0,0.0,0.0,71.0,2.0,,,5.0,6.0,4.0,5.0
2024-25,327,Patric,difensore,Lazio,Lazio,0.0,9.0,5.875,1.0,0.0,2.0,8.0,6.2894736842105265,2.0,0.0,4.0,19.0,6.078947368421052,0.0,0.0,0.0,0.0,6.030664897537963,1.0,0.3333333333333333,0.8333333333333334,19.0,5.986166396383115,0.0,0.0,0.0,0.0,60.0,7.0,,,5.0,9.0,10.0,5.0
2025-26,327,Patric,difensore,Lazio,Lazio,0.0,10.0,5.75,0.0,0.0,-1.0,10.0,5.875,1.0,0.0,2.0,8.0,5.625,0.0,0.0,0.0,0.0,6.084236326109391,1.0,0.0,1.8333333333333333,14.666666666666666,5.940531475748194,0.0,0.0,0.0,0.0,65.0,6.0,,,5.0,1.0,2.5,4.0
2016-17,226,Izzo,difensore,Genoa,Genoa,0.0,1.0,5.724137931034483,0.0,2.0,-4.5,29.0,5.796875,0.0,0.0,-5.0,32.0,5.953125,65.0,0.17994099855422974,0.2328680008649826,3.0,5.796875,0.0,0.0,-5.0,32.0,5.953125,65.0,0.17994099855422974,0.2328680008649826,3.0,46.0,10.0,,,4.0,8.0,,6.0
2017-18,226,Izzo,difensore,Genoa,Genoa,0.0,2.0,6.0625,1.0,0.0,2.0,16.0,5.724137931034483,0.0,2.0,-4.5,29.0,5.879310344827586,0.0,0.0,0.0,0.0,5.760506465517242,0.0,1.0,-4.75,30.5,5.916217672413794,32.5,0.08997049927711487,0.1164340004324913,1.5,36.0,16.0,,,6.0,5.0,,7.0
2018-19,226,Izzo,difensore,Torino,Genoa,1.0,3.0,6.5,4.0,1.0,10.0,37.0,6.0625,1.0,0.0,2.0,16.0,5.9375,0.0,0.0,0.0,0.0,5.861170977011494,0.3333333333333333,0.6666666666666666,-2.5,25.666666666666668,5.923311781609196,21.666666666666668,0.05998033285140991,0.0776226669549942,1.0,41.0,12.0,51.0,10.0,7.0,4.0,,9.0
2019-20,226,Izzo,difensore,Torino,Torino,0.0,4.0,5.741935483870968,1.0,0.0,-1.5,31.0,6.5,4.0,1.0,10.0,37.0,6.22972972972973,0.0,0.0,0.0,0.0,6.095545977011494,1.6666666666666667,1.0,2.5,27.333333333333332,6.015513358185772,0.0,0.0,0.0,0.0,60.0,7.0,,,9.0,15.0,,16.0
2020-21,226,Izzo,difensore,Torino,Torino,0.0,5.0,6.14,2.0,0.0,4.5,25.0,5.741935483870968,1.0,0.0,-1.5,31.0,5.790322580645161,0.0,0.0,0.0,0.0,6.101478494623656,2.0,0.3333333333333333,3.5,28.0,5.985850770124963,0.0,0.0,0.0,0.0,39.0,16.0,,,16.0,5.0,,10.0
2021-22,226,Izzo,difensore,Torino,Torino,0.0,6.0,5.611111111111111,0.0,0.0,-2.0,9.0,6.14,2.0,0.0,4.5,25.0,5.96,0.0,0.0,0.0,0.0,6.12731182795699,2.3333333333333335,0.3333333333333333,4.333333333333333,31.0,5.993350770124963,0.0,0.0,0.0,0.0,36.0,17.0,,,10.0,11.0,,8.0
2022-23,226,Izzo,difensore,Monza,Torino,1.0,7.0,5.9655172413793105,1.0,0.0,-2.0,29.0,5.611111111111111,0.0,0.0,-2.0,9.0,5.833333333333333,0.0,0.0,0.0,0.0,5.831015531660693,1.0,0.0,0.3333333333333333,21.666666666666668,5.861218637992831,0.0,0.0,0.0,0.0,50.0,10.0,,,8.0,3.0,,3.0
2023-24,226,Izzo,difensore,Monza,Monza,0.0,8.0,5.625,0.0,0.0,-4.0,20.0,5.9655172413793105,1.0,0.0,-2.0,29.0,6.0344827586206895,0.0,0.0,0.0,0.0,5.905542784163473,1.0,0.0,0.16666666666666666,21.0,5.942605363984675,0.0,0.0,0.0,0.0,52.0,10.0,,,3.0,8.0,10.5,8.0
2024-25,226,Izzo,difensore,Monza,Monza,0.0,9.0,5.678571428571429,1.0,1.0,-2.0,28.0,5.625,0.0,0.0,-4.0,20.0,5.825,0.0,0.0,0.0,0.0,5.7338761174968065,0.3333333333333333,0.0,-2.6666666666666665,19.333333333333332,5.897605363984674,0.0,0.0,0.0,0.0,45.0,12.0,,,8.0,4.0,9.0,6.0
2016-17,238,Rincon,centrocampista,Juventus,Genoa,1.0,1.0,5.909090909090909,0.0,2.0,0.0,22.0,6.5,3.0,4.0,8.5,33.0,6.242424242424242,0.0,0.0,0.0,0.0,6.5,3.0,4.0,8.5,33.0,6.242424242424242,0.0,0.0,0.0,0.0,46.0,10.0,88.0,1.0,7.0,12.0,,12.0
2017-18,238,Rincon,centrocampista,Torino,Juventus,1.0,2.0,5.819444444444445,1.0,0.0,-3.0,36.0,5.909090909090909,0.0,2.0,0.0,22.0,5.909090909090909,0.0,0.0,0.0,0.0,6.204545454545455,1.5,3.0,4.25,27.5,6.075757575757576,0.0,0.0,0.0,0.0,88.0,1.0,50.0,9.0,12.0,6.0,,6.0
2018-19,238,Rincon,centrocampista,Torino,Torino,0.0,3.0,6.166666666666667,3.0,0.0,1.5,33.0,5.819444444444445,1.0,0.0,-3.0,36.0,5.902777777777778,0.0,0.0,0.0,0.0,6.076178451178451,1.3333333333333333,2.0,1.8333333333333333,30.333333333333332,6.018097643097643,0.0,0.0,0.0,0.0,51.0,10.0,,,6.0,8.0,,7.0
2019-20,238,Rincon,centrocampista,Torino,Torino,0.0,4.0,5.854838709677419,1.0,2.0,-0.5,31.0,6.166666666666667,3.0,0.0,1.5,33.0,6.121212121212121,0.0,0.0,0.0,0.0,5.96506734006734,1.3333333333333333,0.6666666666666666,-0.5,30.333333333333332,5.977693602693603,0.0,0.0,0.0,0.0,60.0,7.0,,,7.0,10.0,,8.0
2020-21,238,Rincon,centrocampista,Torino,Torino,0.0,5.0,5.833333333333333,1.0,1.0,-1.0,36.0,5.854838709677419,1.0,2.0,-0.5,31.0,5.870967741935484,0.0,0.0,0.0,0.0,5.946983273596177,1.6666666666666667,0.6666666666666666,-0.6666666666666666,33.333333333333336,5.964985880308461,0.0,0.0,0.0,0.0,39.0,16.0,,,8.0,7.0,,5.0
2021-22,238,Rincon,centrocampista,Sampdoria,Torino,1.0,6.0,5.690476190476191,0.0,0.0,-2.5,21.0,5.833333333333333,1.0,1.0,-1.0,36.0,5.861111111111111,0.0,0.0,0.0,0.0,5.951612903225807,1.6666666666666667,1.0,0.0,33.333333333333336,5.951096991419572,0.0,0.0,0.0,0.0,36.0,17.0,49.0,9.0,5.0,8.0,,6.0
2022-23,238,Rincon,centrocampista,Sampdoria,Sampdoria,0.0,7.0,5.529411764705882,0.0,2.0,-2.5,34.0,5.690476190476191,0.0,0.0,-2.5,21.0,5.809523809523809,0.0,0.0,0.0,0.0,5.792882744495647,0.6666666666666666,1.0,-1.3333333333333333,29.333333333333332,5.847200887523468,0.0,0.0,0.0,0.0,36.0,15.0,,,6.0,5.0,,6.0
2016-17,243,Gakpe',attaccante,Chievo,Atalanta,1.0,1.0,6.0,1.0,0.0,2.5,12.0,6.633333333333334,3.0,2.0,10.5,15.0,5.933333333333334,0.0,0.0,0.0,0.0,6.633333333333334,3.0,2.0,10.5,15.0,5.933333333333334,0.0,0.0,0.0,0.0,42.0,13.0,49.0,9.0,10.0,5.0,,6.0
2016-17,247,Pavoletti,attaccante,Napoli,Genoa,1.0,1.0,6.384615384615385,3.0,0.0,8.0,13.0,7.82,14.0,2.0,41.5,25.0,6.16,0.0,0.0,0.0,0.0,7.82,14.0,2.0,41.5,25.0,6.16,0.0,0.0,0.0,0.0,46.0,10.0,79.0,2.0,22.0,23.0,,26.0
2017-18,247,Pavoletti,attaccante,Cagliari,Napoli,1.0,2.0,6.787878787878788,11.0,0.0,29.0,33.0,6.384615384615385,3.0,0.0,8.0,13.0,5.769230769230769,0.0,0.0,0.0,0.0,7.102307692307693,8.5,1.0,24.75,19.0,5.964615384615385,0.0,0.0,0.0,0.0,83.0,3.0,44.0,13.0,26.0,13.0,,12.0
2018-19,247,Pavoletti,attaccante,Cagliari,Cagliari,0.0,3.0,7.53125,16.0,1.0,46.0,32.0,6.787878787878788,11.0,0.0,29.0,33.0,5.909090909090909,0.0,0.0,0.0,0.0,6.997498057498057,9.333333333333334,0.6666666666666666,26.166666666666668,23.666666666666668,5.946107226107226,0.0,0.0,0.0,0.0,36.0,16.0,,,12.0,15.0,,17.0
2019-20,247,Pavoletti,attaccante,Cagliari,Cagliari,0.0,4.0,5.5,0.0,0.0,0.0,1.0,7.53125,16.0,1.0,46.0,32.0,6.09375,0.0,0.0,0.0,0.0,6.901248057498059,10.0,0.3333333333333333,27.666666666666668,26.0,5.924023892773893,0.0,0.0,0.0,0.0,41.0,13.0,,,17.0,23.0,,26.0
2020-21,247,Pavoletti,attaccante,Cagliari,Cagliari,0.0,5.0,6.5,4.0,3.0,11.5,22.0,5.5,0.0,0.0,0.0,1.0,5.5,0.0,0.0,0.0,0.0,6.606376262626263,9.0,0.3333333333333333,25.0,22.0,5.834280303030304,0.0,0.0,0.0,0.0,45.0,13.0,,,26.0,1.0,,15.0
2021-22,247,Pavoletti,attaccante,Cagliari,Cagliari,0.0,6.0,6.321428571428571,5.0,1.0,12.0,28.0,6.5,4.0,3.0,11.5,22.0,5.9772727272727275,0.0,0.0,0.0,0.0,6.510416666666667,6.666666666666667,1.3333333333333333,19.166666666666668,18.333333333333332,5.857007575757575,0.0,0.0,0.0,0.0,37.0,16.0,,,15.0,14.0,,18.0
2024-25,247,Pavoletti,attaccante,Cagliari,Cagliari,0.0,8.0,6.363636363636363,2.0,0.0,4.5,11.0,7.035714285714286,4.0,1.0,11.0,14.0,6.25,0.0,0.0,0.0,0.0,6.678571428571429,4.5,1.0,11.5,21.0,6.071428571428571,0.0,0.0,0.0,0.0,36.0,15.0,,,4.0,9.0,11.5,3.0
2025-26,247,Pavoletti,attaccante,Cagliari,Cagliari,0.0,9.0,6.416666666666667,1.0,0.0,2.5,6.0,6.363636363636363,2.0,0.0,4.5,11.0,5.954545454545454,0.0,0.0,0.0,0.0,6.699675324675324,3.0,0.5,7.75,12.5,6.102272727272727,0.0,0.0,0.0,0.0,36.0,14.0,,,3.0,6.0,7.0,1.0
2016-17,631,Viviani,centrocampista,Bologna,Verona,1.0,1.0,6.4,2.0,2.0,5.5,15.0,6.7894736842105265,3.0,6.0,12.0,19.0,6.157894736842105,0.0,0.0,0.0,0.0,6.7894736842105265,3.0,6.0,12.0,19.0,6.157894736842105,0.0,0.0,0.0,0.0,28.0,20.0,41.0,14.0,9.0,10.0,,7.0
2017-18,631,Viviani,centrocampista,SPAL,Bologna,1.0,2.0,6.189655172413793,3.0,2.0,3.5,29.0,6.4,2.0,2.0,5.5,15.0,6.033333333333333,0.0,0.0,0.0,0.0,6.594736842105263,2.5,4.0,8.75,17.0,6.095614035087719,0.0,0.0,0.0,0.0,41.0,15.0,,,7.0,6.0,,7.0
2018-19,631,Viviani,centrocampista,Frosinone,SPAL,1.0,3.0,5.3,0.0,0.0,-0.5,5.0,6.189655172413793,3.0,2.0,3.5,29.0,6.068965517241379,0.0,0.0,0.0,0.0,6.459709618874773,2.6666666666666665,3.3333333333333335,7.0,21.0,6.086731195805606,0.0,0.0,0.0,0.0,35.0,17.0,,,7.0,9.0,,9.0
2016-17,375,Suso,centrocampista,Milan,Genoa,1.0,1.0,6.955882352941177,7.0,6.0,21.5,34.0,7.075,6.0,1.0,17.0,20.0,6.225,0.0,0.0,0.0,0.0,7.075,6.0,1.0,17.0,20.0,6.225,0.0,0.0,0.0,0.0,46.0,10.0,57.0,7.0,5.0,12.0,,13.0
2017-18,375,Suso,centrocampista,Milan,Milan,0.0,2.0,6.8428571428571425,6.0,7.0,23.0,35.0,6.955882352941177,7.0,6.0,21.5,34.0,6.323529411764706,0.0,0.0,0.0,0.0,7.015441176470588,6.5,3.5,19.25,27.0,6.274264705882352,0.0,0.0,0.0,0.0,63.0,6.0,,,13.0,18.0,,18.0
2018-19,375,Suso,centrocampista,Milan,Milan,0.0,3.0,6.871428571428571,7.0,9.0,25.0,35.0,6.8428571428571425,6.0,7.0,23.0,35.0,6.185714285714286,0.0,0.0,0.0,0.0,6.957913165266106,6.333333333333333,4.666666666666667,20.5,29.666666666666668,6.244747899159663,0.0,0.0,0.0,0.0,61.0,6.0,,,18.0,19.0,,21.0
2019-20,375,Suso,attaccante,Milan,Milan,0.0,4.0,5.96875,1.0,2.0,4.0,16.0,6.871428571428571,7.0,9.0,25.0,35.0,6.1571428571428575,0.0,0.0,0.0,0.0,6.890056022408963,6.666666666666667,7.333333333333333,23.166666666666668,34.666666666666664,6.222128851540616,0.0,0.0,0.0,0.0,65.0,5.0,,,21.0,20.0,,19.0
2016-17,144,Tonelli,difensore,Napoli,Empoli,1.0,1.0,8.166666666666666,2.0,0.0,5.0,3.0,5.884615384615385,2.0,0.0,1.0,26.0,5.846153846153846,0.0,0.0,0.0,0.0,5.884615384615385,2.0,0.0,1.0,26.0,5.846153846153846,0.0,0.0,0.0,0.0,43.0,12.0,79.0,2.0,11.0,7.0,,6.0
2017-18,144,Tonelli,difensore,Napoli,Napoli,0.0,2.0,6.125,1.0,0.0,3.0,4.0,8.166666666666666,2.0,0.0,5.0,3.0,6.5,0.0,0.0,0.0,0.0,7.0256410256410255,2.0,0.0,3.0,14.5,6.173076923076923,0.0,0.0,0.0,0.0,83.0,3.0,,,6.0,2.0,,4.0
2018-19,144,Tonelli,difensore,Sampdoria,Napoli,1.0,3.0,5.7368421052631575,1.0,0.0,-2.0,19.0,6.125,1.0,0.0,3.0,4.0,5.375,0.0,0.0,0.0,0.0,6.72542735042735,1.6666666666666667,0.0,3.0,11.0,5.907051282051282,0.0,0.0,0.0,0.0,88.0,2.0,54.0,9.0,4.0,3.0,,6.0
2019-20,144,Tonelli,difensore,Sampdoria,Sampdoria,0.0,4.0,5.611111111111111,0.0,0.0,-2.0,9.0,5.7368421052631575,1.0,0.0,-2.0,19.0,5.842105263157895,0.0,0.0,0.0,0.0,6.676169590643274,1.3333333333333333,0.0,2.0,8.666666666666666,5.905701754385965,0.0,0.0,0.0,0.0,50.0,9.0,,,6.0,7.0,,5.0
2020-21,144,Tonelli,difensore,Sampdoria,Sampdoria,0.0,5.0,5.840909090909091,1.0,0.0,-2.5,22.0,5.611111111111111,0.0,0.0,-2.0,9.0,5.833333333333333,0.0,0.0,0.0,0.0,5.8243177387914224,0.6666666666666666,0.0,-0.3333333333333333,10.666666666666666,5.683479532163742,0.0,0.0,0.0,0.0,41.0,15.0,,,5.0,1.0,,6.0
2021-22,144,Tonelli,difensore,Empoli,Sampdoria,1.0,6.0,5.1923076923076925,0.0,0.0,-4.0,13.0,5.840909090909091,1.0,0.0,-2.5,22.0,5.954545454545454,0.0,0.0,0.0,0.0,5.729620769094453,0.6666666666666666,0.0,-2.1666666666666665,16.666666666666668,5.876661350345561,0.0,0.0,0.0,0.0,49.0,9.0,,,6.0,5.0,,5.0
2022-23,144,Tonelli,difensore,Empoli,Empoli,0.0,7.0,5.5,0.0,0.0,0.0,1.0,5.1923076923076925,0.0,0.0,-4.0,13.0,5.5,0.0,0.0,0.0,0.0,5.548109298109298,0.3333333333333333,0.0,-2.8333333333333335,14.666666666666666,5.762626262626262,0.0,0.0,0.0,0.0,38.0,14.0,,,5.0,2.0,,1.0
2016-17,390,Ghoulam,difensore,Napoli,Napoli,0.0,1.0,6.12962962962963,0.0,6.0,5.5,27.0,6.044117647058823,0.0,2.0,0.5,34.0,6.029411764705882,0.0,0.0,0.0,0.0,6.044117647058823,0.0,2.0,0.5,34.0,6.029411764705882,0.0,0.0,0.0,0.0,79.0,2.0,,,8.0,11.0,,9.0
2017-18,390,Ghoulam,difensore,Napoli,Napoli,0.0,2.0,7.318181818181818,2.0,3.0,8.5,11.0,6.12962962962963,0.0,6.0,5.5,27.0,5.925925925925926,0.0,0.0,0.0,0.0,6.086873638344226,0.0,4.0,3.0,30.5,5.977668845315904,0.0,0.0,0.0,0.0,83.0,3.0,,,9.0,9.0,,9.0
2018-19,390,Ghoulam,difensore,Napoli,Napoli,0.0,3.0,6.333333333333333,1.0,3.0,5.0,15.0,7.318181818181818,2.0,3.0,8.5,11.0,6.545454545454546,0.0,0.0,0.0,0.0,6.497309698290091,0.6666666666666666,3.6666666666666665,4.833333333333333,24.0,6.1669307453621185,0.0,0.0,0.0,0.0,88.0,2.0,,,9.0,5.0,,9.0
2019-20,390,Ghoulam,difensore,Napoli,Napoli,0.0,4.0,5.9375,0.0,1.0,0.0,8.0,6.333333333333333,1.0,3.0,5.0,15.0,6.0,0.0,0.0,0.0,0.0,6.593714927048261,1.0,4.0,6.333333333333333,17.666666666666668,6.15712682379349,0.0,0.0,0.0,0.0,79.0,2.0,,,9.0,9.0,,12.0
2020-21,390,Ghoulam,difensore,Napoli,Napoli,0.0,5.0,6.125,0.0,0.0,-0.5,8.0,5.9375,0.0,1.0,0.0,8.0,5.9375,0.0,0.0,0.0,0.0,6.529671717171716,1.0,2.3333333333333335,4.5,11.333333333333334,6.160984848484849,0.0,0.0,0.0,0.0,59.0,7.0,,,12.0,2.0,,3.0
2021-22,390,Ghoulam,difensore,Napoli,Napoli,0.0,6.0,5.9,0.0,0.0,-0.5,5.0,6.125,0.0,0.0,-0.5,8.0,6.1875,0.0,0.0,0.0,0.0,6.131944444444444,0.3333333333333333,1.3333333333333333,1.5,10.333333333333334,6.041666666666667,0.0,0.0,0.0,0.0,76.0,3.0,,,3.0,2.0,,2.0
2016-17,392,Koulibaly,difensore,Napoli,Napoli,0.0,1.0,6.375,2.0,0.0,3.0,28.0,6.151515151515151,0.0,0.0,-5.5,33.0,6.318181818181818,0.0,0.0,0.0,0.0,6.151515151515151,0.0,0.0,-5.5,33.0,6.318181818181818,0.0,0.0,0.0,0.0,79.0,2.0,,,8.0,12.0,,11.0
2017-18,392,Koulibaly,difensore,Napoli,Napoli,0.0,2.0,6.628571428571429,5.0,0.0,11.5,35.0,6.375,2.0,0.0,3.0,28.0,6.267857142857143,0.0,0.0,0.0,0.0,6.263257575757576,1.0,0.0,-1.25,30.5,6.293019480519481,0.0,0.0,0.0,0.0,83.0,3.0,,,11.0,12.0,,13.0
2018-19,392,Koulibaly,difensore,Napoli,Napoli,0.0,3.0,6.314285714285714,2.0,1.0,1.5,35.0,6.628571428571429,5.0,0.0,11.5,35.0,6.3,0.0,0.0,0.0,0.0,6.385028860028861,2.3333333333333335,0.0,3.0,32.0,6.295346320346321,0.0,0.0,0.0,0.0,88.0,2.0,,,13.0,15.0,,17.0
2019-20,392,Koulibaly,difensore,Napoli,Napoli,0.0,4.0,5.62,0.0,0.0,-6.5,25.0,6.314285714285714,2.0,1.0,1.5,35.0,6.271428571428571,0.0,0.0,0.0,0.0,6.439285714285714,3.0,0.3333333333333333,5.333333333333333,32.666666666666664,6.279761904761905,0.0,0.0,0.0,0.0,79.0,2.0,,,17.0,17.0,,16.0
2020-21,392,Koulibaly,difensore,Napoli,Napoli,0.0,5.0,5.980769230769231,0.0,0.0,-5.0,26.0,5.62,0.0,0.0,-6.5,25.0,5.88,0.0,0.0,0.0,0.0,6.187619047619048,2.3333333333333335,0.3333333333333333,2.1666666666666665,31.666666666666668,6.150476190476191,0.0,0.0,0.0,0.0,59.0,7.0,,,16.0,4.0,,14.0
2021-22,392,Koulibaly,difensore,Napoli,Napoli,0.0,6.0,6.722222222222222,3.0,1.0,6.5,27.0,5.980769230769231,0.0,0.0,-5.0,26.0,6.173076923076923,0.0,0.0,0.0,0.0,5.971684981684981,0.6666666666666666,0.3333333333333333,-3.3333333333333335,28.666666666666668,6.1081684981684985,0.0,0.0,0.0,0.0,76.0,3.0,,,14.0,8.0,,12.0
2016-17,397,Allan,centrocampista,Napoli,Napoli,0.0,1.0,6.178571428571429,1.0,3.0,4.5,28.0,6.7,3.0,4.0,11.0,35.0,6.385714285714286,0.0,0.0,0.0,0.0,6.7,3.0,4.0,11.0,35.0,6.385714285714286,0.0,0.0,0.0,0.0,79.0,2.0,,,13.0,17.0,,16.0
2017-18,397,Allan,centrocampista,Napoli,Napoli,0.0,2.0,6.743243243243243,4.0,4.0,15.0,37.0,6.178571428571429,1.0,3.0,4.5,28.0,6.017857142857143,0.0,0.0,0.0,0.0,6.439285714285715,2.0,3.5,7.75,31.5,6.201785714285714,0.0,0.0,0.0,0.0,83.0,3.0,,,16.0,12.0,,9.0
2018-19,397,Allan,centrocampista,Napoli,Napoli,0.0,3.0,6.181818181818182,1.0,2.0,0.0,33.0,6.743243243243243,4.0,4.0,15.0,37.0,6.337837837837838,0.0,0.0,0.0,0.0,6.54060489060489,2.6666666666666665,3.6666666666666665,10.166666666666666,33.333333333333336,6.247136422136422,0.0,0.0,0.0,0.0,88.0,2.0,,,9.0,16.0,,17.0
2019-20,397,Allan,centrocampista,Napoli,Napoli,0.0,4.0,6.264705882352941,2.0,1.0,6.0,17.0,6.181818181818182,1.0,2.0,0.0,33.0,6.181818181818182,0.0,0.0,0.0,0.0,6.3678776178776175,2.0,3.0,6.5,32.666666666666664,6.179171054171054,0.0,0.0,0.0,0.0,79.0,2.0,,,17.0,15.0,,14.0
2016-17,404,Jorginho,centrocampista,Napoli,Napoli,0.0,1.0,6.055555555555555,0.0,3.0,1.5,27.0,6.1571428571428575,0.0,4.0,-2.0,35.0,6.214285714285714,0.0,0.0,0.0,0.0,6.1571428571428575,0.0,4.0,-2.0,35.0,6.214285714285714,0.0,0.0,0.0,0.0,79.0,2.0,,,8.0,11.0,,11.0
2017-18,404,Jorginho,centrocampista,Napoli,Napoli,0.0,2.0,6.09375,1.0,4.0,4.5,32.0,6.055555555555555,0.0,3.0,1.5,27.0,6.0,0.0,0.0,0.0,0.0,6.106349206349206,0.0,3.5,-0.25,31.0,6.107142857142858,0.0,0.0,0.0,0.0,83.0,3.0,,,11.0,10.0,,7.0
2016-17,406,Callejon,attaccante,Napoli,Napoli,0.0,1.0,7.891891891891892,14.0,12.0,52.0,37.0,6.833333333333333,7.0,4.0,23.0,36.0,6.194444444444445,0.0,0.0,0.0,0.0,6.833333333333333,7.0,4.0,23.0,36.0,6.194444444444445,0.0,0.0,0.0,0.0,79.0,2.0,,,21.0,22.0,,19.0
2017-18,406,Callejon,attaccante,Napoli,Napoli,0.0,2.0,7.184210526315789,10.0,11.0,39.5,38.0,7.891891891891892,14.0,12.0,52.0,37.0,6.486486486486487,0.0,0.0,0.0,0.0,7.362612612612613,10.5,8.0,37.5,36.5,6.340465465465465,0.0,0.0,0.0,0.0,83.0,3.0,,,19.0,29.0,,26.0
2018-19,406,Callejon,attaccante,Napoli,Napoli,0.0,3.0,6.712121212121212,3.0,10.0,18.5,33.0,7.184210526315789,10.0,11.0,39.5,38.0,6.144736842105263,0.0,0.0,0.0,0.0,7.303145250513672,10.333333333333334,9.0,38.166666666666664,37.0,6.2752225910120645,0.0,0.0,0.0,0.0,88.0,2.0,,,26.0,26.0,,21.0
2019-20,406,Callejon,attaccante,Napoli,Napoli,0.0,4.0,6.515625,4.0,7.0,18.0,32.0,6.712121212121212,3.0,10.0,18.5,33.0,6.151515151515151,0.0,0.0,0.0,0.0,7.262741210109631,9.0,11.0,36.666666666666664,36.0,6.2609128267023,0.0,0.0,0.0,0.0,79.0,2.0,,,21.0,21.0,,18.0
2020-21,406,Callejon,centrocampista,Fiorentina,Napoli,1.0,5.0,5.9,0.0,1.0,1.0,15.0,6.515625,4.0,7.0,18.0,32.0,5.953125,0.0,0.0,0.0,0.0,6.803985579479,5.666666666666667,9.333333333333334,25.333333333333332,34.333333333333336,6.083125664540138,0.0,0.0,0.0,0.0,59.0,7.0,46.0,10.0,18.0,15.0,,12.0
2021-22,406,Callejon,centrocampista,Fiorentina,Fiorentina,0.0,6.0,6.0,1.0,2.0,5.0,24.0,5.9,0.0,1.0,1.0,15.0,5.833333333333333,0.0,0.0,0.0,0.0,6.375915404040405,2.3333333333333335,6.0,12.5,26.666666666666668,5.979324494949495,0.0,0.0,0.0,0.0,39.0,13.0,,,12.0,4.0,,7.0
2016-17,493,Zukanovic,difensore,Atalanta,Roma,1.0,1.0,5.916666666666667,0.0,0.0,-0.5,18.0,5.739130434782608,3.0,1.0,3.5,23.0,5.586956521739131,0.0,0.0,0.0,0.0,5.739130434782608,3.0,1.0,3.5,23.0,5.586956521739131,0.0,0.0,0.0,0.0,77.0,3.0,42.0,13.0,9.0,5.0,,7.0
2017-18,493,Zukanovic,difensore,Genoa,Atalanta,1.0,2.0,5.790322580645161,0.0,1.0,-5.5,31.0,5.916666666666667,0.0,0.0,-0.5,18.0,5.944444444444445,0.0,0.0,0.0,0.0,5.827898550724638,1.5,0.5,1.5,20.5,5.765700483091788,0.0,0.0,0.0,0.0,69.0,5.0,36.0,16.0,7.0,4.0,,6.0
2018-19,493,Zukanovic,difensore,Genoa,Genoa,0.0,3.0,5.583333333333333,0.0,0.0,-2.5,24.0,5.790322580645161,0.0,1.0,-5.5,31.0,5.967741935483871,0.0,0.0,0.0,0.0,5.815373227364812,1.0,0.6666666666666666,-0.8333333333333334,24.0,5.833047633889149,0.0,0.0,0.0,0.0,41.0,12.0,,,6.0,8.0,,5.0
2019-20,493,Zukanovic,difensore,SPAL,Genoa,1.0,4.0,5.5,0.0,0.0,-0.5,3.0,5.583333333333333,0.0,0.0,-2.5,24.0,5.6875,0.0,0.0,0.0,0.0,5.763440860215053,0.0,0.3333333333333333,-2.8333333333333335,24.333333333333332,5.866562126642772,0.0,0.0,0.0,0.0,37.0,18.0,42.0,11.0,5.0,6.0,,5.0
2016-17,502,Palombo,centrocampista,Sampdoria,Sampdoria,0.0,1.0,5.625,0.0,0.0,-0.5,4.0,5.571428571428571,0.0,0.0,0.0,7.0,5.571428571428571,0.0,0.0,0.0,0.0,5.571428571428571,0.0,0.0,0.0,7.0,5.571428571428571,0.0,0.0,0.0,0.0,40.0,15.0,,,5.0,1.0,,4.0
2016-17,477,Iturbe,attaccante,Torino,Roma,1.0,1.0,5.96875,1.0,3.0,5.5,16.0,6.333333333333333,1.0,0.0,2.5,9.0,6.055555555555555,0.0,0.0,0.0,0.0,6.333333333333333,1.0,0.0,2.5,9.0,6.055555555555555,0.0,0.0,0.0,0.0,77.0,3.0,45.0,11.0,19.0,16.0,,8.0
2018-19,287,Caceres,difensore,Juventus,Lazio,1.0,2.0,5.75,0.0,0.0,-0.5,12.0,6.425,4.0,1.0,11.5,20.0,5.85,0.0,0.0,0.0,0.0,6.129166666666666,2.0,0.5,5.75,13.0,5.841666666666667,0.0,0.0,0.0,0.0,72.0,4.0,92.0,1.0,7.0,8.0,,5.0
2019-20,287,Caceres,difensore,Fiorentina,Juventus,1.0,3.0,5.907407407407407,1.0,0.0,-2.0,27.0,5.75,0.0,0.0,-0.5,12.0,5.791666666666667,0.0,0.0,0.0,0.0,6.0875,2.0,0.5,5.5,16.0,5.820833333333333,0.0,0.0,0.0,0.0,90.0,1.0,40.0,15.0,5.0,5.0,,4.0
2020-21,287,Caceres,difensore,Fiorentina,Fiorentina,0.0,4.0,5.961538461538462,2.0,2.0,6.0,26.0,5.907407407407407,1.0,0.0,-2.0,27.0,5.981481481481482,0.0,0.0,0.0,0.0,6.02746913580247,1.6666666666666667,0.3333333333333333,3.0,19.666666666666668,5.874382716049382,0.0,0.0,0.0,0.0,46.0,10.0,,,4.0,6.0,,7.0
2021-22,287,Caceres,difensore,Cagliari,Fiorentina,1.0,5.0,5.846153846153846,1.0,1.0,1.5,13.0,5.961538461538462,2.0,2.0,6.0,26.0,5.730769230769231,0.0,0.0,0.0,0.0,5.872981956315289,1.0,0.6666666666666666,1.1666666666666667,21.666666666666668,5.834639126305793,0.0,0.0,0.0,0.0,39.0,13.0,37.0,16.0,7.0,6.0,,5.0
2016-17,305,Sturaro,centrocampista,Juventus,Juventus,0.0,1.0,5.75,0.0,0.0,-2.5,16.0,5.735294117647059,1.0,0.0,0.0,17.0,5.735294117647059,0.0,0.0,0.0,0.0,5.735294117647059,1.0,0.0,0.0,17.0,5.735294117647059,0.0,0.0,0.0,0.0,88.0,1.0,,,5.0,3.0,,7.0
2017-18,305,Sturaro,centrocampista,Juventus,Juventus,0.0,2.0,5.7272727272727275,0.0,0.0,-0.5,11.0,5.75,0.0,0.0,-2.5,16.0,5.90625,0.0,0.0,0.0,0.0,5.742647058823529,0.5,0.0,-1.25,16.5,5.820772058823529,0.0,0.0,0.0,0.0,88.0,1.0,,,7.0,5.0,,4.0
2018-19,305,Sturaro,centrocampista,Genoa,Juventus,1.0,3.0,6.1,1.0,0.0,2.0,5.0,5.7272727272727275,0.0,0.0,-0.5,11.0,5.7727272727272725,0.0,0.0,0.0,0.0,5.7375222816399285,0.3333333333333333,0.0,-1.0,14.666666666666666,5.804757130124777,0.0,0.0,0.0,0.0,92.0,1.0,41.0,12.0,4.0,2.0,,3.0
2019-20,305,Sturaro,centrocampista,Genoa,Genoa,0.0,4.0,5.8125,1.0,1.0,0.5,16.0,6.1,1.0,0.0,2.0,5.0,5.7,0.0,0.0,0.0,0.0,5.859090909090909,0.3333333333333333,0.0,-0.3333333333333333,10.666666666666666,5.792992424242424,0.0,0.0,0.0,0.0,37.0,18.0,,,3.0,5.0,,6.0
2020-21,305,Sturaro,centrocampista,Verona,Genoa,1.0,5.0,5.766666666666667,1.0,0.0,0.0,15.0,5.8125,1.0,1.0,0.5,16.0,5.78125,0.0,0.0,0.0,0.0,5.879924242424242,0.6666666666666666,0.3333333333333333,0.6666666666666666,10.666666666666666,5.751325757575757,0.0,0.0,0.0,0.0,36.0,17.0,49.0,9.0,6.0,2.0,,4.0
2021-22,305,Sturaro,centrocampista,Genoa,Verona,1.0,6.0,5.48,0.0,0.0,-5.5,25.0,5.766666666666667,1.0,0.0,0.0,15.0,5.766666666666667,0.0,0.0,0.0,0.0,5.893055555555556,1.0,0.3333333333333333,0.8333333333333334,12.0,5.749305555555555,0.0,0.0,0.0,0.0,44.0,10.0,39.0,14.0,4.0,4.0,,5.0
2016-17,697,Cuadrado,centrocampista,Juventus,Juventus,0.0,1.0,6.25,2.0,6.0,8.0,30.0,6.980769230769231,4.0,4.0,15.0,26.0,6.403846153846154,0.0,0.0,0.0,0.0,6.980769230769231,4.0,4.0,15.0,26.0,6.403846153846154,0.0,0.0,0.0,0.0,88.0,1.0,,,20.0,19.0,,15.0
2017-18,697,Cuadrado,centrocampista,Juventus,Juventus,0.0,2.0,7.125,4.0,6.0,15.5,20.0,6.25,2.0,6.0,8.0,30.0,5.983333333333333,0.0,0.0,0.0,0.0,6.615384615384615,3.0,5.0,11.5,28.0,6.193589743589744,0.0,0.0,0.0,0.0,88.0,1.0,,,15.0,12.0,,12.0
2018-19,697,Cuadrado,centrocampista,Juventus,Juventus,0.0,3.0,5.96875,1.0,2.0,3.0,16.0,7.125,4.0,6.0,15.5,20.0,6.35,0.0,0.0,0.0,0.0,6.78525641025641,3.3333333333333335,5.333333333333333,12.833333333333334,25.333333333333332,6.245726495726495,0.0,0.0,0.0,0.0,92.0,1.0,,,12.0,11.0,,18.0
2019-20,697,Cuadrado,centrocampista,Juventus,Juventus,0.0,4.0,6.181818181818182,2.0,3.0,4.5,33.0,5.96875,1.0,2.0,3.0,16.0,5.78125,0.0,0.0,0.0,0.0,6.447916666666667,2.3333333333333335,4.666666666666667,8.833333333333334,22.0,6.038194444444444,0.0,0.0,0.0,0.0,90.0,1.0,,,18.0,11.0,,9.0
2020-21,697,Cuadrado,centrocampista,Juventus,Juventus,0.0,5.0,6.637931034482759,1.0,9.0,9.5,29.0,6.181818181818182,2.0,3.0,4.5,33.0,6.045454545454546,0.0,0.0,0.0,0.0,6.425189393939394,2.3333333333333335,3.6666666666666665,7.666666666666667,23.0,6.058901515151516,0.0,0.0,0.0,0.0,83.0,1.0,,,9.0,10.0,,13.0
2021-22,697,Cuadrado,difensore,Juventus,Juventus,0.0,6.0,6.625,4.0,3.0,10.5,32.0,6.637931034482759,1.0,9.0,9.5,29.0,6.310344827586207,0.0,0.0,0.0,0.0,6.262833072100314,1.3333333333333333,4.666666666666667,5.666666666666667,26.0,6.045683124346918,0.0,0.0,0.0,0.0,75.0,5.0,,,13.0,16.0,,18.0
2022-23,697,Cuadrado,difensore,Juventus,Juventus,0.0,7.0,5.916666666666667,1.0,3.0,2.0,30.0,6.625,4.0,3.0,10.5,32.0,6.296875,0.0,0.0,0.0,0.0,6.481583072100314,2.3333333333333335,5.0,8.166666666666666,31.333333333333332,6.217558124346918,0.0,0.0,0.0,0.0,70.0,4.0,,,18.0,18.0,,15.0
2023-24,697,Cuadrado,centrocampista,Inter,Juventus,1.0,8.0,6.2,0.0,2.0,1.5,10.0,5.916666666666667,1.0,3.0,2.0,30.0,5.85,1795.0,0.9273053091019392,2.7092387108132243,11.0,6.393199233716476,2.0,5.0,7.333333333333333,30.333333333333332,6.152406609195403,598.3333333333334,0.3091017697006464,0.9030795702710748,3.6666666666666665,69.0,4.0,69.0,3.0,15.0,7.0,11.0,9.0
2024-25,697,Cuadrado,difensore,Atalanta,Inter,1.0,9.0,6.1,0.0,2.0,0.5,20.0,6.2,0.0,2.0,1.5,10.0,6.05,0.0,0.0,0.0,0.0,6.247222222222223,1.6666666666666667,2.6666666666666665,4.666666666666667,24.0,6.065625,598.3333333333334,0.3091017697006464,0.9030795702710748,3.6666666666666665,93.0,1.0,66.0,5.0,9.0,5.0,6.0,4.0
2025-26,697,Cuadrado,difensore,Pisa,Atalanta,1.0,10.0,6.133333333333334,0.0,0.0,1.5,15.0,6.1,0.0,2.0,0.5,20.0,6.075,0.0,0.0,0.0,0.0,6.072222222222223,0.3333333333333333,2.3333333333333335,1.3333333333333333,20.0,5.991666666666667,598.3333333333334,0.3091017697006464,0.9030795702710748,3.6666666666666665,74.0,3.0,,,4.0,8.0,7.5,7.0
2021-22,313,Morata,attaccante,Juventus,Juventus,0.0,2.0,6.914285714285715,8.0,4.0,28.5,35.0,7.4,10.0,7.0,37.5,30.0,6.15,0.0,0.0,0.0,0.0,7.4,10.0,7.0,37.5,30.0,6.15,0.0,0.0,0.0,0.0,75.0,5.0,,,24.0,27.0,,23.0
2025-26,313,Morata,attaccante,Como,Milan,1.0,4.0,5.205882352941177,0.0,0.0,-5.0,17.0,6.875,5.0,0.0,12.5,16.0,6.09375,0.0,0.0,0.0,0.0,6.875,5.0,0.0,12.5,16.0,6.09375,0.0,0.0,0.0,0.0,60.0,9.0,49.0,10.0,26.0,20.0,59.0,18.0
2016-17,563,Vives,centrocampista,Torino,Torino,0.0,1.0,5.333333333333333,0.0,0.0,-1.0,3.0,5.887096774193548,1.0,1.0,-1.5,31.0,5.935483870967742,0.0,0.0,0.0,0.0,5.887096774193548,1.0,1.0,-1.5,31.0,5.935483870967742,0.0,0.0,0.0,0.0,45.0,11.0,,,4.0,7.0,,5.0
2016-17,176,Fernandez M,centrocampista,Milan,Fiorentina,1.0,1.0,6.5,1.0,2.0,5.0,11.0,6.0,1.0,2.0,2.5,16.0,5.84375,0.0,0.0,0.0,0.0,6.0,1.0,2.0,2.5,16.0,5.84375,0.0,0.0,0.0,0.0,61.0,5.0,57.0,7.0,12.0,7.0,,7.0
2016-17,418,Goldaniga,difensore,Palermo,Palermo,0.0,1.0,5.339285714285714,2.0,0.0,-2.5,28.0,6.066666666666666,2.0,0.0,4.0,15.0,5.8,0.0,0.0,0.0,0.0,6.066666666666666,2.0,0.0,4.0,15.0,5.8,0.0,0.0,0.0,0.0,36.0,17.0,,,1.0,3.0,,6.0
2017-18,418,Goldaniga,difensore,Sassuolo,Palermo,1.0,2.0,5.884615384615385,1.0,0.0,-0.5,13.0,5.339285714285714,2.0,0.0,-2.5,28.0,5.428571428571429,0.0,0.0,0.0,0.0,5.702976190476191,2.0,0.0,0.75,21.5,5.614285714285714,0.0,0.0,0.0,0.0,23.0,19.0,49.0,10.0,6.0,6.0,,6.0
2018-19,418,Goldaniga,difensore,Frosinone,Sassuolo,1.0,3.0,5.603448275862069,1.0,1.0,1.0,29.0,5.884615384615385,1.0,0.0,-0.5,13.0,5.923076923076923,0.0,0.0,0.0,0.0,5.763522588522588,1.6666666666666667,0.0,0.3333333333333333,18.666666666666668,5.717216117216117,0.0,0.0,0.0,0.0,43.0,11.0,,,6.0,4.0,,6.0
2019-20,418,Goldaniga,difensore,Genoa,Frosinone,1.0,4.0,5.681818181818182,1.0,0.0,1.0,11.0,5.603448275862069,1.0,1.0,1.0,29.0,5.568965517241379,0.0,0.0,0.0,0.0,5.60911645825439,1.3333333333333333,0.3333333333333333,-0.6666666666666666,23.333333333333332,5.640204622963243,0.0,0.0,0.0,0.0,24.0,19.0,37.0,18.0,6.0,6.0,,4.0
2020-21,418,Goldaniga,difensore,Genoa,Genoa,0.0,5.0,5.729166666666667,0.0,1.0,-3.0,24.0,5.681818181818182,1.0,0.0,1.0,11.0,5.590909090909091,0.0,0.0,0.0,0.0,5.72329394743188,1.0,0.3333333333333333,0.5,17.666666666666668,5.694317177075798,0.0,0.0,0.0,0.0,36.0,17.0,,,4.0,2.0,,5.0
2021-22,418,Goldaniga,difensore,Cagliari,Genoa,1.0,6.0,5.5,0.0,0.0,-1.5,11.0,5.729166666666667,0.0,1.0,-3.0,24.0,5.854166666666667,0.0,0.0,0.0,0.0,5.6714777081156384,0.6666666666666666,0.6666666666666666,-0.3333333333333333,21.333333333333332,5.671347091605713,0.0,0.0,0.0,0.0,39.0,14.0,37.0,16.0,5.0,4.0,,5.0
2024-25,418,Goldaniga,difensore,Como,Cagliari,1.0,8.0,5.733333333333333,1.0,0.0,-3.0,30.0,5.538461538461538,0.0,0.0,-1.5,13.0,5.653846153846154,0.0,0.0,0.0,0.0,5.519230769230769,0.0,0.0,-1.5,12.0,5.645104895104895,0.0,0.0,0.0,0.0,36.0,15.0,,,3.0,4.0,4.0,3.0
2016-17,468,Paredes,centrocampista,Roma,Empoli,1.0,1.0,6.666666666666667,3.0,1.0,8.0,18.0,6.234375,2.0,1.0,1.5,32.0,6.1875,0.0,0.0,0.0,0.0,6.234375,2.0,1.0,1.5,32.0,6.1875,0.0,0.0,0.0,0.0,43.0,12.0,77.0,3.0,4.0,9.0,,9.0
2023-24,468,Paredes,centrocampista,Roma,Juventus,1.0,3.0,6.132352941176471,0.0,4.0,5.0,34.0,5.868421052631579,1.0,0.0,1.0,19.0,5.815789473684211,0.0,0.0,0.0,0.0,5.868421052631579,1.0,0.0,1.0,19.0,5.815789473684211,0.0,0.0,0.0,0.0,69.0,4.0,60.0,7.0,13.0,5.0,4.0,7.0
2024-25,468,Paredes,centrocampista,Roma,Roma,0.0,4.0,6.675,1.0,1.0,8.0,20.0,6.132352941176471,0.0,4.0,5.0,34.0,5.985294117647059,0.0,0.0,0.0,0.0,6.000386996904025,0.5,2.0,3.0,26.5,5.900541795665635,0.0,0.0,0.0,0.0,63.0,6.0,,,7.0,10.0,16.5,7.0
2016-17,166,Pasqual,difensore,Empoli,Fiorentina,1.0,1.0,6.078125,1.0,2.0,4.5,32.0,5.933333333333334,0.0,2.0,0.0,15.0,5.933333333333334,0.0,0.0,0.0,0.0,5.933333333333334,0.0,2.0,0.0,15.0,5.933333333333334,0.0,0.0,0.0,0.0,61.0,5.0,43.0,12.0,9.0,4.0,,7.0
2016-17,181,Vecino,centrocampista,Fiorentina,Fiorentina,0.0,1.0,6.344827586206897,3.0,4.0,9.5,29.0,6.086206896551724,2.0,1.0,3.0,29.0,5.982758620689655,0.0,0.0,0.0,0.0,6.086206896551724,2.0,1.0,3.0,29.0,5.982758620689655,0.0,0.0,0.0,0.0,61.0,5.0,,,8.0,9.0,,9.0
2017-18,181,Vecino,centrocampista,Inter,Fiorentina,1.0,2.0,6.160714285714286,3.0,2.0,6.5,28.0,6.344827586206897,3.0,4.0,9.5,29.0,6.017241379310345,0.0,0.0,0.0,0.0,6.2155172413793105,2.5,2.5,6.25,29.0,6.0,0.0,0.0,0.0,0.0,59.0,8.0,59.0,7.0,9.0,11.0,,10.0
2018-19,181,Vecino,centrocampista,Inter,Inter,0.0,3.0,6.074074074074074,3.0,1.0,6.0,27.0,6.160714285714286,3.0,2.0,6.5,28.0,5.928571428571429,0.0,0.0,0.0,0.0,6.197249589490968,2.6666666666666665,2.3333333333333335,6.333333333333333,28.666666666666668,5.976190476190477,0.0,0.0,0.0,0.0,69.0,5.0,,,10.0,8.0,,10.0
2019-20,181,Vecino,centrocampista,Inter,Inter,0.0,4.0,6.25,2.0,1.0,5.0,18.0,6.074074074074074,3.0,1.0,6.0,27.0,5.851851851851852,0.0,0.0,0.0,0.0,6.193205315331753,3.0,2.3333333333333335,7.333333333333333,28.0,5.932554886577876,0.0,0.0,0.0,0.0,66.0,4.0,,,10.0,10.0,,8.0
2020-21,181,Vecino,centrocampista,Inter,Inter,0.0,5.0,7.375,1.0,1.0,4.0,4.0,6.25,2.0,1.0,5.0,18.0,5.972222222222222,0.0,0.0,0.0,0.0,6.161596119929453,2.6666666666666665,1.3333333333333333,5.833333333333333,24.333333333333332,5.917548500881835,0.0,0.0,0.0,0.0,79.0,2.0,,,8.0,6.0,,7.0
2021-22,181,Vecino,centrocampista,Inter,Inter,0.0,6.0,6.25,1.0,0.0,2.5,10.0,7.375,1.0,1.0,4.0,4.0,6.375,0.0,0.0,0.0,0.0,6.566358024691358,2.0,1.0,5.0,16.333333333333332,6.0663580246913575,0.0,0.0,0.0,0.0,88.0,1.0,,,7.0,8.0,,5.0
2022-23,181,Vecino,centrocampista,Lazio,Inter,1.0,7.0,6.05,2.0,0.0,3.0,30.0,6.25,1.0,0.0,2.5,10.0,6.0,0.0,0.0,0.0,0.0,6.625,1.3333333333333333,0.6666666666666666,3.8333333333333335,10.666666666666666,6.1157407407407405,0.0,0.0,0.0,0.0,81.0,2.0,63.0,5.0,5.0,4.0,,6.0
2023-24,181,Vecino,centrocampista,Lazio,Lazio,0.0,8.0,6.78,6.0,1.0,15.5,25.0,6.05,2.0,0.0,3.0,30.0,5.95,0.0,0.0,0.0,0.0,6.558333333333334,1.3333333333333333,0.3333333333333333,3.1666666666666665,14.666666666666666,6.108333333333333,0.0,0.0,0.0,0.0,71.0,2.0,,,6.0,9.0,5.0,6.0
2024-25,181,Vecino,centrocampista,Lazio,Lazio,0.0,9.0,6.444444444444445,2.0,3.0,5.5,18.0,6.78,6.0,1.0,15.5,25.0,6.16,0.0,0.0,0.0,0.0,6.359999999999999,3.0,0.3333333333333333,7.0,21.666666666666668,6.036666666666666,0.0,0.0,0.0,0.0,60.0,7.0,,,6.0,18.0,13.5,7.0
2025-26,181,Vecino,centrocampista,Lazio,Lazio,0.0,10.0,5.958333333333333,0.0,1.0,0.5,12.0,6.444444444444445,2.0,3.0,5.5,18.0,6.138888888888889,0.0,0.0,0.0,0.0,6.424814814814815,3.3333333333333335,1.3333333333333333,8.0,24.333333333333332,6.082962962962963,0.0,0.0,0.0,0.0,65.0,6.0,,,7.0,11.0,5.5,6.0
2016-17,183,Babacar,attaccante,Fiorentina,Fiorentina,0.0,1.0,7.575,9.0,1.0,31.0,20.0,7.178571428571429,4.0,1.0,15.5,14.0,6.071428571428571,0.0,0.0,0.0,0.0,7.178571428571429,4.0,1.0,15.5,14.0,6.071428571428571,0.0,0.0,0.0,0.0,61.0,5.0,,,20.0,12.0,,11.0
2017-18,183,Babacar,attaccante,Sassuolo,Fiorentina,1.0,2.0,6.607142857142857,3.0,2.0,19.5,28.0,7.575,9.0,1.0,31.0,20.0,6.025,0.0,0.0,0.0,0.0,7.376785714285715,6.5,1.0,23.25,17.0,6.048214285714286,0.0,0.0,0.0,0.0,59.0,8.0,49.0,10.0,11.0,13.0,,12.0
2018-19,183,Babacar,attaccante,Sassuolo,Sassuolo,0.0,3.0,6.75,5.0,2.0,23.0,26.0,6.607142857142857,3.0,2.0,19.5,28.0,5.910714285714286,0.0,0.0,0.0,0.0,7.120238095238096,5.333333333333333,1.3333333333333333,22.0,20.666666666666668,6.002380952380953,0.0,0.0,0.0,0.0,43.0,11.0,,,12.0,11.0,,14.0
2019-20,183,Babacar,attaccante,Lecce,Sassuolo,1.0,4.0,5.708333333333333,3.0,0.0,1.0,24.0,6.75,5.0,2.0,23.0,26.0,5.865384615384615,0.0,0.0,0.0,0.0,6.977380952380952,5.666666666666667,1.6666666666666667,24.5,24.666666666666668,5.933699633699635,0.0,0.0,0.0,0.0,43.0,10.0,,,14.0,14.0,,14.0
2016-17,237,Perotti,centrocampista,Roma,Roma,0.0,1.0,7.333333333333333,1.0,6.0,29.0,27.0,6.774193548387097,3.0,7.0,15.5,31.0,6.274193548387097,0.0,0.0,0.0,0.0,6.774193548387097,3.0,7.0,15.5,31.0,6.274193548387097,0.0,0.0,0.0,0.0,77.0,3.0,,,17.0,18.0,,16.0
2017-18,237,Perotti,centrocampista,Roma,Roma,0.0,2.0,6.739130434782608,3.0,4.0,13.0,23.0,7.333333333333333,1.0,6.0,29.0,27.0,6.2592592592592595,0.0,0.0,0.0,0.0,7.053763440860215,2.0,6.5,22.25,29.0,6.266726403823178,0.0,0.0,0.0,0.0,84.0,2.0,,,16.0,18.0,,15.0
2018-19,237,Perotti,centrocampista,Roma,Roma,0.0,3.0,7.038461538461538,2.0,0.0,13.5,13.0,6.739130434782608,3.0,4.0,13.0,23.0,6.173913043478261,0.0,0.0,0.0,0.0,6.948885772167679,2.3333333333333335,5.666666666666667,19.166666666666668,27.0,6.235788617041539,0.0,0.0,0.0,0.0,74.0,3.0,,,15.0,12.0,,16.0
2019-20,237,Perotti,centrocampista,Roma,Roma,0.0,4.0,7.0,1.0,3.0,15.5,16.0,7.038461538461538,2.0,0.0,13.5,13.0,6.0,0.0,0.0,0.0,0.0,7.036975102192493,2.0,3.3333333333333335,18.5,21.0,6.144390767579174,0.0,0.0,0.0,0.0,63.0,6.0,,,16.0,13.0,,14.0
2016-17,713,Dzemaili,centrocampista,Bologna,Genoa,1.0,1.0,6.693548387096774,8.0,2.0,20.0,31.0,6.173076923076923,3.0,1.0,6.0,26.0,5.9423076923076925,0.0,0.0,0.0,0.0,6.173076923076923,3.0,1.0,6.0,26.0,5.9423076923076925,0.0,0.0,0.0,0.0,46.0,10.0,41.0,14.0,8.0,9.0,,9.0
2017-18,713,Dzemaili,centrocampista,Bologna,Bologna,0.0,2.0,5.966666666666667,1.0,0.0,1.0,15.0,6.693548387096774,8.0,2.0,20.0,31.0,6.048387096774194,0.0,0.0,0.0,0.0,6.433312655086849,5.5,1.5,13.0,28.5,5.995347394540943,0.0,0.0,0.0,0.0,41.0,15.0,,,9.0,13.0,,13.0
2018-19,713,Dzemaili,centrocampista,Bologna,Bologna,0.0,3.0,5.87037037037037,1.0,1.0,2.0,27.0,5.966666666666667,1.0,0.0,1.0,15.0,5.9,0.0,0.0,0.0,0.0,6.277763992280121,4.0,1.0,9.0,24.0,5.963564929693963,0.0,0.0,0.0,0.0,39.0,13.0,,,13.0,10.0,,13.0
2019-20,713,Dzemaili,centrocampista,Bologna,Bologna,0.0,4.0,6.208333333333333,1.0,1.0,3.0,12.0,5.87037037037037,1.0,1.0,2.0,27.0,5.796296296296297,0.0,0.0,0.0,0.0,6.176861808044603,3.3333333333333335,1.0,7.666666666666667,24.333333333333332,5.91489446435683,0.0,0.0,0.0,0.0,41.0,12.0,,,13.0,11.0,,8.0
2016-17,197,Pavlovic D.,difensore,Sampdoria,Frosinone,1.0,1.0,5.333333333333333,0.0,0.0,-1.0,9.0,5.863636363636363,0.0,5.0,2.0,22.0,5.7727272727272725,0.0,0.0,0.0,0.0,5.863636363636363,0.0,5.0,2.0,22.0,5.7727272727272725,0.0,0.0,0.0,0.0,31.0,19.0,40.0,15.0,4.0,5.0,,5.0
2017-18,197,Pavlovic D.,difensore,Crotone,Sampdoria,1.0,2.0,5.4,0.0,0.0,0.0,10.0,5.333333333333333,0.0,0.0,-1.0,9.0,5.444444444444445,0.0,0.0,0.0,0.0,5.598484848484848,0.0,2.5,0.5,15.5,5.608585858585858,0.0,0.0,0.0,0.0,48.0,11.0,31.0,18.0,5.0,2.0,,3.0
2018-19,202,Chibsah,centrocampista,Frosinone,Benevento,1.0,2.0,5.951612903225806,1.0,0.0,0.5,31.0,5.107142857142857,0.0,0.0,-2.0,14.0,5.25,0.0,0.0,0.0,0.0,5.487781954887218,0.0,1.0,-0.5,16.5,5.532894736842105,0.0,0.0,0.0,0.0,21.0,20.0,,,5.0,3.0,,3.0
2016-17,700,Tonev,centrocampista,Crotone,Frosinone,1.0,1.0,5.75,1.0,0.0,2.0,12.0,5.7,0.0,1.0,0.0,20.0,5.7,0.0,0.0,0.0,0.0,5.7,0.0,1.0,0.0,20.0,5.7,0.0,0.0,0.0,0.0,31.0,19.0,,,7.0,4.0,,7.0
2017-18,700,Tonev,centrocampista,Crotone,Crotone,0.0,2.0,5.571428571428571,0.0,0.0,0.0,7.0,5.75,1.0,0.0,2.0,12.0,5.583333333333333,0.0,0.0,0.0,0.0,5.725,0.5,0.5,1.0,16.0,5.641666666666667,0.0,0.0,0.0,0.0,31.0,18.0,,,7.0,4.0,,5.0
2021-22,215,Verde,attaccante,Spezia,Spezia,0.0,3.0,7.075757575757576,7.0,6.0,26.0,33.0,7.342105263157895,6.0,1.0,19.0,19.0,6.342105263157895,0.0,0.0,0.0,0.0,7.342105263157895,6.0,1.0,19.0,19.0,6.342105263157895,0.0,0.0,0.0,0.0,38.0,15.0,,,6.0,21.0,,14.0
2022-23,215,Verde,attaccante,Spezia,Spezia,0.0,4.0,6.318181818181818,2.0,0.0,8.5,22.0,7.075757575757576,7.0,6.0,26.0,33.0,6.287878787878788,0.0,0.0,0.0,0.0,7.208931419457736,6.5,3.5,22.5,26.0,6.314992025518341,0.0,0.0,0.0,0.0,36.0,16.0,,,14.0,23.0,,18.0
2016-17,656,Rudiger,difensore,Roma,Roma,0.0,1.0,5.9,0.0,2.0,-2.5,25.0,6.0,2.0,0.0,4.0,30.0,5.866666666666666,0.0,0.0,0.0,0.0,6.0,2.0,0.0,4.0,30.0,5.866666666666666,0.0,0.0,0.0,0.0,77.0,3.0,,,7.0,10.0,,6.0
2016-17,480,Totti,attaccante,Roma,Roma,0.0,1.0,7.045454545454546,0.0,3.0,8.5,11.0,7.954545454545454,4.0,3.0,16.5,11.0,6.454545454545454,0.0,0.0,0.0,0.0,7.954545454545454,4.0,3.0,16.5,11.0,6.454545454545454,0.0,0.0,0.0,0.0,77.0,3.0,,,20.0,15.0,,13.0
2016-17,545,Bovo,difensore,Pescara,Torino,1.0,1.0,5.384615384615385,0.0,0.0,-3.0,13.0,6.0,2.0,0.0,1.0,20.0,5.95,0.0,0.0,0.0,0.0,6.0,2.0,0.0,1.0,20.0,5.95,0.0,0.0,0.0,0.0,45.0,11.0,,,4.0,5.0,,3.0
2016-17,551,Molinaro,difensore,Torino,Torino,0.0,1.0,5.85,0.0,2.0,1.0,10.0,5.769230769230769,1.0,0.0,0.5,26.0,5.75,0.0,0.0,0.0,0.0,5.769230769230769,1.0,0.0,0.5,26.0,5.75,0.0,0.0,0.0,0.0,45.0,11.0,,,3.0,5.0,,3.0
2017-18,551,Molinaro,difensore,Torino,Torino,0.0,2.0,5.725,0.0,1.0,0.0,20.0,5.85,0.0,2.0,1.0,10.0,5.75,0.0,0.0,0.0,0.0,5.809615384615384,0.5,1.0,0.75,18.0,5.75,0.0,0.0,0.0,0.0,50.0,9.0,,,3.0,3.0,,4.0
2018-19,551,Molinaro,difensore,Frosinone,Torino,1.0,3.0,5.535714285714286,0.0,0.0,-1.0,14.0,5.725,0.0,1.0,0.0,20.0,5.725,0.0,0.0,0.0,0.0,5.781410256410257,0.3333333333333333,1.0,0.5,18.666666666666668,5.741666666666667,0.0,0.0,0.0,0.0,51.0,10.0,,,4.0,4.0,,7.0
2016-17,560,Obi,centrocampista,Torino,Torino,0.0,1.0,5.8,0.0,1.0,-0.5,20.0,5.875,1.0,0.0,1.5,8.0,5.6875,0.0,0.0,0.0,0.0,5.875,1.0,0.0,1.5,8.0,5.6875,0.0,0.0,0.0,0.0,45.0,11.0,,,7.0,5.0,,4.0
2017-18,560,Obi,centrocampista,Torino,Torino,0.0,2.0,6.833333333333333,5.0,1.0,14.5,21.0,5.8,0.0,1.0,-0.5,20.0,5.825,0.0,0.0,0.0,0.0,5.8375,0.5,0.5,0.5,14.0,5.75625,0.0,0.0,0.0,0.0,50.0,9.0,,,4.0,4.0,,3.0
2018-19,560,Obi,centrocampista,Chievo,Torino,1.0,3.0,6.0,1.0,0.0,2.5,10.0,6.833333333333333,5.0,1.0,14.5,21.0,6.142857142857143,0.0,0.0,0.0,0.0,6.169444444444444,2.0,0.6666666666666666,5.166666666666667,16.333333333333332,5.885119047619047,0.0,0.0,0.0,0.0,51.0,10.0,37.0,15.0,3.0,9.0,,5.0
2016-17,441,Belotti,attaccante,Torino,Torino,0.0,1.0,8.542857142857143,24.0,3.0,69.5,35.0,7.294117647058823,8.0,3.0,37.0,34.0,6.205882352941177,0.0,0.0,0.0,0.0,7.294117647058823,8.0,3.0,37.0,34.0,6.205882352941177,0.0,0.0,0.0,0.0,45.0,11.0,,,22.0,25.0,,24.0
2017-18,441,Belotti,attaccante,Torino,Torino,0.0,2.0,6.75,10.0,3.0,26.0,32.0,8.542857142857143,24.0,3.0,69.5,35.0,6.557142857142857,0.0,0.0,0.0,0.0,7.9184873949579835,16.0,3.0,53.25,34.5,6.381512605042017,0.0,0.0,0.0,0.0,50.0,9.0,,,24.0,32.0,,37.0
2018-19,441,Belotti,attaccante,Torino,Torino,0.0,3.0,7.283783783783784,10.0,1.0,40.5,37.0,6.75,10.0,3.0,26.0,32.0,5.9375,0.0,0.0,0.0,0.0,7.528991596638655,14.0,3.0,44.166666666666664,33.666666666666664,6.233508403361345,0.0,0.0,0.0,0.0,51.0,10.0,,,37.0,23.0,,29.0
2019-20,441,Belotti,attaccante,Torino,Torino,0.0,4.0,7.414285714285715,9.0,3.0,44.0,35.0,7.283783783783784,10.0,1.0,40.5,37.0,6.1891891891891895,0.0,0.0,0.0,0.0,7.525546975546976,14.666666666666666,2.3333333333333335,45.333333333333336,34.666666666666664,6.227944015444016,0.0,0.0,0.0,0.0,60.0,7.0,,,29.0,27.0,,30.0
2020-21,441,Belotti,attaccante,Torino,Torino,0.0,5.0,7.602941176470588,9.0,6.0,40.0,34.0,7.414285714285715,9.0,3.0,44.0,35.0,6.1571428571428575,0.0,0.0,0.0,0.0,7.1493564993565,9.666666666666666,2.3333333333333335,36.833333333333336,34.666666666666664,6.094610682110683,0.0,0.0,0.0,0.0,39.0,16.0,,,30.0,28.0,,29.0
2021-22,441,Belotti,attaccante,Torino,Torino,0.0,6.0,7.318181818181818,5.0,1.0,24.5,22.0,7.602941176470588,9.0,6.0,40.0,34.0,6.426470588235294,0.0,0.0,0.0,0.0,7.433670224846696,9.333333333333334,3.3333333333333335,41.5,35.333333333333336,6.2576008781891135,0.0,0.0,0.0,0.0,36.0,17.0,,,29.0,30.0,,30.0
2022-23,441,Belotti,attaccante,Roma,Torino,1.0,7.0,5.75,0.0,2.0,-1.0,22.0,7.318181818181818,5.0,1.0,24.5,22.0,6.204545454545454,0.0,0.0,0.0,0.0,7.445136236312707,7.666666666666667,3.3333333333333335,36.166666666666664,30.333333333333332,6.262719633307868,0.0,0.0,0.0,0.0,50.0,10.0,60.0,6.0,30.0,24.0,,16.0
2023-24,441,Belotti,attaccante,Fiorentina,Roma,1.0,8.0,7.104166666666667,6.0,4.0,21.5,24.0,5.75,0.0,2.0,-1.0,22.0,5.795454545454546,0.0,0.0,0.0,0.0,6.890374331550802,4.666666666666667,3.0,21.166666666666668,26.0,6.1421568627450975,0.0,0.0,0.0,0.0,60.0,7.0,53.0,8.0,16.0,6.0,7.0,9.0
2024-25,441,Belotti,attaccante,Como,Fiorentina,1.0,9.0,6.416666666666667,2.0,0.0,5.5,12.0,7.104166666666667,6.0,4.0,21.5,24.0,6.208333333333333,0.0,0.0,0.0,0.0,6.724116161616162,3.6666666666666665,2.3333333333333335,15.0,22.666666666666668,6.069444444444444,0.0,0.0,0.0,0.0,57.0,8.0,,,9.0,19.0,30.0,17.0
2025-26,441,Belotti,attaccante,Cagliari,Como,1.0,10.0,7.625,1.0,0.0,6.0,4.0,6.416666666666667,2.0,0.0,5.5,12.0,5.958333333333333,0.0,0.0,0.0,0.0,6.423611111111112,2.6666666666666665,2.0,8.666666666666666,19.333333333333332,5.987373737373737,0.0,0.0,0.0,0.0,49.0,10.0,36.0,14.0,17.0,10.0,4.5,12.0
2016-17,704,Perisic,centrocampista,Inter,Inter,0.0,1.0,7.180555555555555,11.0,7.0,38.0,36.0,6.787878787878788,7.0,5.0,23.5,33.0,6.075757575757576,0.0,0.0,0.0,0.0,6.787878787878788,7.0,5.0,23.5,33.0,6.075757575757576,0.0,0.0,0.0,0.0,67.0,4.0,,,21.0,22.0,,17.0
2017-18,704,Perisic,centrocampista,Inter,Inter,0.0,2.0,7.081081081081081,11.0,9.0,38.0,37.0,7.180555555555555,11.0,7.0,38.0,36.0,6.125,0.0,0.0,0.0,0.0,6.984217171717171,9.0,6.0,30.75,34.5,6.100378787878788,0.0,0.0,0.0,0.0,59.0,7.0,,,17.0,22.0,,22.0
2018-19,704,Perisic,centrocampista,Inter,Inter,0.0,3.0,6.720588235294118,6.0,4.0,23.5,34.0,7.081081081081081,11.0,9.0,38.0,37.0,6.054054054054054,0.0,0.0,0.0,0.0,7.016505141505141,9.666666666666666,7.0,33.166666666666664,35.333333333333336,6.08493720993721,0.0,0.0,0.0,0.0,69.0,5.0,,,22.0,22.0,,28.0
2021-22,704,Perisic,centrocampista,Inter,Inter,0.0,5.0,7.2,7.0,6.0,28.0,35.0,6.306451612903226,4.0,2.0,12.5,31.0,5.903225806451613,0.0,0.0,0.0,0.0,6.513519924098672,5.0,3.0,18.0,32.5,5.966318785578748,0.0,0.0,0.0,0.0,88.0,1.0,,,12.0,11.0,,13.0
2016-17,717,Felipe Melo,centrocampista,Inter,Inter,0.0,1.0,5.5,0.0,0.0,-1.5,4.0,5.7727272727272725,1.0,1.0,-1.0,22.0,5.818181818181818,0.0,0.0,0.0,0.0,5.7727272727272725,1.0,1.0,-1.0,22.0,5.818181818181818,0.0,0.0,0.0,0.0,67.0,4.0,,,8.0,6.0,,4.0
2016-17,277,Icardi,attaccante,Inter,Inter,0.0,1.0,8.264705882352942,21.0,4.0,70.5,34.0,7.693548387096774,15.0,4.0,48.5,31.0,6.129032258064516,0.0,0.0,0.0,0.0,7.693548387096774,15.0,4.0,48.5,31.0,6.129032258064516,0.0,0.0,0.0,0.0,67.0,4.0,,,35.0,30.0,,31.0
2017-18,277,Icardi,attaccante,Inter,Inter,0.0,2.0,8.823529411764707,23.0,1.0,84.0,34.0,8.264705882352942,21.0,4.0,70.5,34.0,6.1911764705882355,0.0,0.0,0.0,0.0,7.979127134724858,18.0,4.0,59.5,32.5,6.160104364326376,0.0,0.0,0.0,0.0,59.0,7.0,,,31.0,29.0,,35.0
2018-19,277,Icardi,attaccante,Inter,Inter,0.0,3.0,7.051724137931035,6.0,4.0,34.0,29.0,8.823529411764707,23.0,1.0,84.0,34.0,6.352941176470588,0.0,0.0,0.0,0.0,8.260594560404806,19.666666666666668,3.0,67.66666666666667,33.0,6.224383301707779,0.0,0.0,0.0,0.0,69.0,5.0,,,35.0,34.0,,39.0
2016-17,353,Abate,difensore,Milan,Milan,0.0,1.0,5.739130434782608,0.0,2.0,1.0,23.0,6.134615384615385,1.0,1.0,0.5,26.0,6.115384615384615,0.0,0.0,0.0,0.0,6.134615384615385,1.0,1.0,0.5,26.0,6.115384615384615,0.0,0.0,0.0,0.0,57.0,7.0,,,9.0,10.0,,9.0
2017-18,353,Abate,difensore,Milan,Milan,0.0,2.0,5.84375,1.0,0.0,1.5,16.0,5.739130434782608,0.0,2.0,1.0,23.0,5.695652173913044,0.0,0.0,0.0,0.0,5.936872909698996,0.5,1.5,0.75,24.5,5.90551839464883,0.0,0.0,0.0,0.0,63.0,6.0,,,9.0,4.0,,4.0
2018-19,353,Abate,difensore,Milan,Milan,0.0,3.0,5.944444444444445,0.0,0.0,-2.0,18.0,5.84375,1.0,0.0,1.5,16.0,5.75,0.0,0.0,0.0,0.0,5.905831939799332,0.6666666666666666,1.0,1.0,21.666666666666668,5.853678929765887,0.0,0.0,0.0,0.0,61.0,6.0,,,4.0,5.0,,3.0
2016-17,372,Montolivo,centrocampista,Milan,Milan,0.0,1.0,5.833333333333333,0.0,0.0,-1.0,9.0,5.741935483870968,0.0,1.0,-1.5,31.0,5.790322580645161,0.0,0.0,0.0,0.0,5.741935483870968,0.0,1.0,-1.5,31.0,5.790322580645161,0.0,0.0,0.0,0.0,57.0,7.0,,,10.0,8.0,,6.0
2017-18,372,Montolivo,centrocampista,Milan,Milan,0.0,2.0,5.875,1.0,1.0,1.5,16.0,5.833333333333333,0.0,0.0,-1.0,9.0,5.944444444444445,0.0,0.0,0.0,0.0,5.78763440860215,0.0,0.5,-1.25,20.0,5.867383512544803,0.0,0.0,0.0,0.0,63.0,6.0,,,6.0,3.0,,4.0
2016-17,374,Poli,centrocampista,Milan,Milan,0.0,1.0,5.714285714285714,0.0,0.0,-0.5,7.0,5.875,0.0,1.0,0.5,12.0,5.833333333333333,0.0,0.0,0.0,0.0,5.875,0.0,1.0,0.5,12.0,5.833333333333333,0.0,0.0,0.0,0.0,57.0,7.0,,,6.0,3.0,,3.0
2017-18,374,Poli,centrocampista,Bologna,Milan,1.0,2.0,5.935483870967742,2.0,0.0,1.0,31.0,5.714285714285714,0.0,0.0,-0.5,7.0,5.785714285714286,0.0,0.0,0.0,0.0,5.794642857142858,0.0,0.5,0.0,9.5,5.809523809523809,0.0,0.0,0.0,0.0,63.0,6.0,41.0,15.0,3.0,1.0,,7.0
2018-19,374,Poli,centrocampista,Bologna,Bologna,0.0,3.0,6.482142857142857,4.0,1.0,10.5,28.0,5.935483870967742,2.0,0.0,1.0,31.0,5.903225806451613,0.0,0.0,0.0,0.0,5.841589861751152,0.6666666666666666,0.3333333333333333,0.3333333333333333,16.666666666666668,5.8407578084997445,0.0,0.0,0.0,0.0,39.0,13.0,,,7.0,8.0,,8.0
2019-20,374,Poli,centrocampista,Bologna,Bologna,0.0,4.0,6.037037037037037,2.0,0.0,3.5,27.0,6.482142857142857,4.0,1.0,10.5,28.0,6.107142857142857,0.0,0.0,0.0,0.0,6.043970814132105,2.0,0.3333333333333333,3.6666666666666665,22.0,5.9320276497695845,0.0,0.0,0.0,0.0,41.0,12.0,,,8.0,13.0,,9.0
2020-21,374,Poli,centrocampista,Bologna,Bologna,0.0,5.0,6.0,1.0,0.0,0.5,10.0,6.037037037037037,2.0,0.0,3.5,27.0,5.907407407407407,0.0,0.0,0.0,0.0,6.151554588382545,2.6666666666666665,0.3333333333333333,5.0,28.666666666666668,5.972592023667293,0.0,0.0,0.0,0.0,46.0,12.0,,,9.0,7.0,,3.0
2016-17,662,Alex Sandro,difensore,Juventus,Juventus,0.0,1.0,6.519230769230769,3.0,3.0,7.5,26.0,6.7368421052631575,2.0,3.0,5.5,19.0,6.447368421052632,0.0,0.0,0.0,0.0,6.7368421052631575,2.0,3.0,5.5,19.0,6.447368421052632,0.0,0.0,0.0,0.0,88.0,1.0,,,12.0,11.0,,15.0
2017-18,662,Alex Sandro,difensore,Juventus,Juventus,0.0,2.0,6.538461538461538,4.0,4.0,12.0,26.0,6.519230769230769,3.0,3.0,7.5,26.0,6.230769230769231,0.0,0.0,0.0,0.0,6.628036437246964,2.5,3.0,6.5,22.5,6.339068825910932,0.0,0.0,0.0,0.0,88.0,1.0,,,15.0,12.0,,14.0
2018-19,662,Alex Sandro,difensore,Juventus,Juventus,0.0,3.0,6.137931034482759,1.0,3.0,2.5,29.0,6.538461538461538,4.0,4.0,12.0,26.0,6.076923076923077,0.0,0.0,0.0,0.0,6.598178137651821,3.0,3.3333333333333335,8.333333333333334,23.666666666666668,6.251686909581646,0.0,0.0,0.0,0.0,92.0,1.0,,,14.0,12.0,,17.0
2019-20,662,Alex Sandro,difensore,Juventus,Juventus,0.0,4.0,6.068965517241379,1.0,2.0,3.0,29.0,6.137931034482759,1.0,3.0,2.5,29.0,6.051724137931035,0.0,0.0,0.0,0.0,6.398541114058356,2.6666666666666665,3.3333333333333335,7.333333333333333,27.0,6.119805481874447,0.0,0.0,0.0,0.0,90.0,1.0,,,17.0,14.0,,14.0
2020-21,662,Alex Sandro,difensore,Juventus,Juventus,0.0,5.0,6.229166666666667,2.0,1.0,4.0,24.0,6.068965517241379,1.0,2.0,3.0,29.0,5.9655172413793105,0.0,0.0,0.0,0.0,6.248452696728559,2.0,3.0,5.833333333333333,28.0,6.031388152077807,0.0,0.0,0.0,0.0,83.0,1.0,,,14.0,8.0,,12.0
2021-22,662,Alex Sandro,difensore,Juventus,Juventus,0.0,6.0,5.666666666666667,0.0,1.0,-2.5,27.0,6.229166666666667,2.0,1.0,4.0,24.0,6.0625,0.0,0.0,0.0,0.0,6.145354406130267,1.3333333333333333,2.0,3.1666666666666665,27.333333333333332,6.026580459770115,0.0,0.0,0.0,0.0,75.0,5.0,,,12.0,11.0,,11.0
2022-23,662,Alex Sandro,difensore,Juventus,Juventus,0.0,7.0,5.521739130434782,0.0,1.0,-2.0,23.0,5.666666666666667,0.0,1.0,-2.5,27.0,5.7592592592592595,0.0,0.0,0.0,0.0,5.988266283524904,1.0,1.3333333333333333,1.5,26.666666666666668,5.929092166879523,0.0,0.0,0.0,0.0,70.0,4.0,,,11.0,4.0,,8.0
2023-24,662,Alex Sandro,difensore,Juventus,Juventus,0.0,8.0,6.25,1.0,0.0,2.5,10.0,5.521739130434782,0.0,1.0,-2.0,23.0,5.608695652173913,0.0,0.0,0.0,0.0,5.805857487922705,0.6666666666666666,1.0,-0.16666666666666666,24.666666666666668,5.810151637144391,0.0,0.0,0.0,0.0,69.0,4.0,,,8.0,3.0,6.5,6.0
2016-17,300,Marchisio,centrocampista,Juventus,Juventus,0.0,1.0,6.444444444444445,1.0,1.0,3.0,18.0,6.181818181818182,0.0,2.0,-2.0,22.0,6.2727272727272725,0.0,0.0,0.0,0.0,6.181818181818182,0.0,2.0,-2.0,22.0,6.2727272727272725,0.0,0.0,0.0,0.0,88.0,1.0,,,14.0,10.0,,12.0
2017-18,300,Marchisio,centrocampista,Juventus,Juventus,0.0,2.0,6.083333333333333,0.0,1.0,0.5,12.0,6.444444444444445,1.0,1.0,3.0,18.0,6.277777777777778,0.0,0.0,0.0,0.0,6.313131313131313,0.5,1.5,0.5,20.0,6.275252525252525,0.0,0.0,0.0,0.0,88.0,1.0,,,12.0,10.0,,9.0
2016-17,101,Dainelli,difensore,Chievo,Chievo,0.0,1.0,5.538461538461538,0.0,0.0,-6.0,26.0,5.944444444444445,1.0,0.0,0.5,18.0,5.916666666666667,0.0,0.0,0.0,0.0,5.944444444444445,1.0,0.0,0.5,18.0,5.916666666666667,0.0,0.0,0.0,0.0,49.0,9.0,,,6.0,4.0,,3.0
2017-18,101,Dainelli,difensore,Chievo,Chievo,0.0,2.0,5.947368421052632,0.0,0.0,-2.0,19.0,5.538461538461538,0.0,0.0,-6.0,26.0,5.769230769230769,0.0,0.0,0.0,0.0,5.7414529914529915,0.5,0.0,-2.75,22.0,5.842948717948718,0.0,0.0,0.0,0.0,43.0,14.0,,,3.0,4.0,,4.0
2016-17,650,Pepe S.,centrocampista,Pescara,Chievo,1.0,1.0,5.9375,0.0,0.0,0.0,8.0,6.4,3.0,2.0,9.0,20.0,5.95,0.0,0.0,0.0,0.0,6.4,3.0,2.0,9.0,20.0,5.95,0.0,0.0,0.0,0.0,49.0,9.0,,,4.0,7.0,,4.0
2016-17,318,Marchetti,portiere,Lazio,Lazio,0.0,1.0,5.235294117647059,0.0,0.0,-16.0,17.0,5.103448275862069,0.0,0.0,-33.0,29.0,6.241379310344827,0.0,0.0,0.0,0.0,5.103448275862069,0.0,0.0,-33.0,29.0,6.241379310344827,0.0,0.0,0.0,0.0,54.0,8.0,,,13.0,13.0,,5.0
2016-17,324,Hoedt,difensore,Lazio,Lazio,0.0,1.0,5.934782608695652,2.0,0.0,1.5,23.0,5.416666666666667,0.0,0.0,-2.5,24.0,5.520833333333333,0.0,0.0,0.0,0.0,5.416666666666667,0.0,0.0,-2.5,24.0,5.520833333333333,0.0,0.0,0.0,0.0,54.0,8.0,,,4.0,4.0,,3.0
2016-17,380,Matri,attaccante,Sassuolo,Lazio,1.0,1.0,6.678571428571429,8.0,0.0,23.5,28.0,6.222222222222222,4.0,1.0,11.5,18.0,5.583333333333333,0.0,0.0,0.0,0.0,6.222222222222222,4.0,1.0,11.5,18.0,5.583333333333333,0.0,0.0,0.0,0.0,54.0,8.0,58.0,6.0,14.0,6.0,,10.0
2017-18,380,Matri,attaccante,Sassuolo,Sassuolo,0.0,2.0,5.975,2.0,0.0,2.5,20.0,6.678571428571429,8.0,0.0,23.5,28.0,5.839285714285714,0.0,0.0,0.0,0.0,6.450396825396826,6.0,0.5,17.5,23.0,5.711309523809524,0.0,0.0,0.0,0.0,49.0,10.0,,,10.0,10.0,,10.0
2018-19,380,Matri,attaccante,Sassuolo,Sassuolo,0.0,3.0,6.033333333333333,2.0,0.0,5.0,15.0,5.975,2.0,0.0,2.5,20.0,5.85,0.0,0.0,0.0,0.0,6.291931216931217,4.666666666666667,0.3333333333333333,12.5,22.0,5.757539682539682,0.0,0.0,0.0,0.0,43.0,11.0,,,10.0,5.0,,3.0
2019-20,380,Matri,attaccante,Brescia,Sassuolo,1.0,4.0,5.333333333333333,0.0,0.0,-1.0,3.0,6.033333333333333,2.0,0.0,5.0,15.0,5.7,0.0,0.0,0.0,0.0,6.2289682539682545,4.0,0.0,10.333333333333334,21.0,5.796428571428572,0.0,0.0,0.0,0.0,43.0,10.0,,,3.0,5.0,,4.0
2016-17,698,Gilardino,attaccante,Pescara,Palermo,1.0,1.0,5.423076923076923,0.0,0.0,-0.5,13.0,6.818181818181818,10.0,1.0,29.0,33.0,5.9393939393939394,0.0,0.0,0.0,0.0,6.818181818181818,10.0,1.0,29.0,33.0,5.9393939393939394,0.0,0.0,0.0,0.0,36.0,17.0,,,19.0,19.0,,17.0
2016-17,722,Borriello,attaccante,Cagliari,Atalanta,1.0,1.0,7.4411764705882355,15.0,1.0,42.5,34.0,7.1,7.0,2.0,23.0,25.0,6.18,0.0,0.0,0.0,0.0,7.1,7.0,2.0,23.0,25.0,6.18,0.0,0.0,0.0,0.0,42.0,13.0,,,16.0,17.0,,16.0
2017-18,722,Borriello,attaccante,SPAL,Cagliari,1.0,2.0,5.5,1.0,0.0,0.5,12.0,7.4411764705882355,15.0,1.0,42.5,34.0,6.1911764705882355,0.0,0.0,0.0,0.0,7.270588235294118,11.0,1.5,32.75,29.5,6.185588235294118,0.0,0.0,0.0,0.0,44.0,13.0,,,16.0,23.0,,22.0
2016-17,729,Pereira P.,difensore,Sampdoria,Sampdoria,0.0,1.0,5.2,0.0,0.0,-2.5,10.0,5.722222222222222,0.0,1.0,1.0,9.0,5.611111111111111,0.0,0.0,0.0,0.0,5.722222222222222,0.0,1.0,1.0,9.0,5.611111111111111,0.0,0.0,0.0,0.0,40.0,15.0,,,1.0,1.0,,2.0
2017-18,729,Pereira P.,difensore,Genoa,Sampdoria,1.0,2.0,5.75,0.0,0.0,-1.0,6.0,5.2,0.0,0.0,-2.5,10.0,5.45,0.0,0.0,0.0,0.0,5.461111111111111,0.0,0.5,-0.75,9.5,5.530555555555555,0.0,0.0,0.0,0.0,48.0,11.0,36.0,16.0,2.0,3.0,,5.0
2018-19,729,Pereira P.,difensore,Genoa,Genoa,0.0,3.0,5.5,0.0,0.0,-0.5,20.0,5.75,0.0,0.0,-1.0,6.0,5.916666666666667,0.0,0.0,0.0,0.0,5.557407407407407,0.0,0.3333333333333333,-0.8333333333333334,8.333333333333334,5.659259259259259,0.0,0.0,0.0,0.0,41.0,12.0,,,5.0,4.0,,3.0
2024-25,729,Pereira P.,difensore,Monza,Monza,0.0,6.0,5.651515151515151,1.0,2.0,0.5,33.0,5.7368421052631575,0.0,1.0,-0.5,19.0,5.7631578947368425,0.0,0.0,0.0,0.0,5.7368421052631575,0.0,1.0,-0.5,19.0,5.7631578947368425,0.0,0.0,0.0,0.0,45.0,12.0,,,1.0,4.0,7.0,5.0
2019-20,495,Correa,centrocampista,Lazio,Lazio,0.0,2.0,7.133333333333334,9.0,2.0,26.0,30.0,6.779411764705882,5.0,5.0,17.5,34.0,6.264705882352941,0.0,0.0,0.0,0.0,6.779411764705882,5.0,5.0,17.5,34.0,6.264705882352941,0.0,0.0,0.0,0.0,59.0,8.0,,,12.0,17.0,,20.0
2020-21,495,Correa,attaccante,Lazio,Lazio,0.0,3.0,6.910714285714286,7.0,3.0,25.5,28.0,7.133333333333334,9.0,2.0,26.0,30.0,6.266666666666667,0.0,0.0,0.0,0.0,6.956372549019608,7.0,3.5,21.75,32.0,6.265686274509804,0.0,0.0,0.0,0.0,78.0,4.0,,,20.0,23.0,,23.0
2021-22,495,Correa,attaccante,Inter,Lazio,1.0,4.0,6.75,6.0,1.0,18.0,26.0,6.910714285714286,7.0,3.0,25.5,28.0,6.0,0.0,0.0,0.0,0.0,6.941153127917834,7.0,3.3333333333333335,23.0,30.666666666666668,6.177124183006536,0.0,0.0,0.0,0.0,68.0,6.0,88.0,1.0,23.0,20.0,,20.0
2022-23,495,Correa,attaccante,Inter,Inter,0.0,5.0,6.3478260869565215,3.0,1.0,9.5,23.0,6.75,6.0,1.0,18.0,26.0,6.0576923076923075,0.0,0.0,0.0,0.0,6.931349206349206,7.333333333333333,2.0,23.166666666666668,28.0,6.108119658119658,0.0,0.0,0.0,0.0,81.0,2.0,,,20.0,18.0,,16.0
2016-17,60,Rizzo,centrocampista,Bologna,Bologna,0.0,1.0,5.7,0.0,0.0,0.0,10.0,5.909090909090909,0.0,2.0,0.0,22.0,5.909090909090909,0.0,0.0,0.0,0.0,5.909090909090909,0.0,2.0,0.0,22.0,5.909090909090909,0.0,0.0,0.0,0.0,41.0,14.0,,,6.0,6.0,,3.0
2017-18,60,Rizzo,centrocampista,SPAL,Bologna,1.0,2.0,6.7,2.0,0.0,6.0,10.0,5.7,0.0,0.0,0.0,10.0,5.7,0.0,0.0,0.0,0.0,5.804545454545455,0.0,1.0,0.0,16.0,5.804545454545455,0.0,0.0,0.0,0.0,41.0,15.0,,,3.0,2.0,,5.0
2016-17,275,Taider,centrocampista,Bologna,Bologna,0.0,1.0,6.229166666666667,3.0,0.0,8.5,24.0,5.821428571428571,0.0,0.0,-2.0,28.0,5.892857142857143,468.0,1.3515620082616806,0.1288163997232914,10.0,5.821428571428571,0.0,0.0,-2.0,28.0,5.892857142857143,468.0,1.3515620082616806,0.1288163997232914,10.0,41.0,14.0,,,6.0,7.0,,7.0
2017-18,275,Taider,centrocampista,Bologna,Bologna,0.0,2.0,6.214285714285714,0.0,1.0,1.0,7.0,6.229166666666667,3.0,0.0,8.5,24.0,5.875,0.0,0.0,0.0,0.0,6.025297619047619,1.5,0.0,3.25,26.0,5.883928571428571,234.0,0.6757810041308403,0.0644081998616457,5.0,41.0,15.0,,,7.0,9.0,,9.0
2016-17,702,Giaccherini,centrocampista,Napoli,Bologna,1.0,1.0,6.4375,1.0,0.0,3.0,8.0,6.946428571428571,7.0,0.0,17.5,28.0,6.321428571428571,0.0,0.0,0.0,0.0,6.946428571428571,7.0,0.0,17.5,28.0,6.321428571428571,0.0,0.0,0.0,0.0,41.0,14.0,79.0,2.0,12.0,16.0,,9.0
2017-18,702,Giaccherini,centrocampista,Chievo,Napoli,1.0,2.0,6.5,3.0,1.0,7.0,16.0,6.4375,1.0,0.0,3.0,8.0,6.0625,0.0,0.0,0.0,0.0,6.691964285714286,4.0,0.0,10.25,18.0,6.191964285714286,0.0,0.0,0.0,0.0,83.0,3.0,43.0,14.0,9.0,4.0,,4.0
2018-19,702,Giaccherini,centrocampista,Chievo,Chievo,0.0,3.0,5.865384615384615,2.0,1.0,1.0,26.0,6.5,3.0,1.0,7.0,16.0,6.0625,0.0,0.0,0.0,0.0,6.62797619047619,3.6666666666666665,0.3333333333333333,9.166666666666666,17.333333333333332,6.148809523809523,0.0,0.0,0.0,0.0,37.0,15.0,,,4.0,7.0,,14.0
2016-17,703,Mounier,centrocampista,Atalanta,Bologna,1.0,1.0,5.5,0.0,0.0,0.0,8.0,6.25,4.0,2.0,11.0,28.0,5.857142857142857,0.0,0.0,0.0,0.0,6.25,4.0,2.0,11.0,28.0,5.857142857142857,0.0,0.0,0.0,0.0,41.0,14.0,42.0,13.0,9.0,8.0,,12.0
2016-17,533,Floccari,attaccante,Bologna,Bologna,0.0,1.0,5.625,0.0,0.0,0.0,4.0,6.729166666666667,6.0,0.0,17.5,24.0,6.0,0.0,0.0,0.0,0.0,6.729166666666667,6.0,0.0,17.5,24.0,6.0,0.0,0.0,0.0,0.0,41.0,14.0,,,12.0,10.0,,7.0
2017-18,533,Floccari,attaccante,SPAL,Bologna,1.0,2.0,6.5,3.0,0.0,9.0,16.0,5.625,0.0,0.0,0.0,4.0,5.625,0.0,0.0,0.0,0.0,6.177083333333334,3.0,0.0,8.75,14.0,5.8125,0.0,0.0,0.0,0.0,41.0,15.0,,,7.0,3.0,,5.0
2018-19,533,Floccari,attaccante,SPAL,SPAL,0.0,3.0,6.666666666666667,3.0,1.0,9.0,15.0,6.5,3.0,0.0,9.0,16.0,5.9375,0.0,0.0,0.0,0.0,6.284722222222222,3.0,0.0,8.833333333333334,14.666666666666666,5.854166666666667,0.0,0.0,0.0,0.0,35.0,17.0,,,5.0,5.0,,5.0
2019-20,533,Floccari,attaccante,SPAL,SPAL,0.0,4.0,5.735294117647059,1.0,0.0,1.5,17.0,6.666666666666667,3.0,1.0,9.0,15.0,6.066666666666666,0.0,0.0,0.0,0.0,6.263888888888889,2.0,0.3333333333333333,6.0,11.666666666666666,5.876388888888889,0.0,0.0,0.0,0.0,42.0,11.0,,,5.0,9.0,,7.0
2016-17,16,Raimondi,difensore,Atalanta,Atalanta,0.0,1.0,5.166666666666667,0.0,0.0,-1.5,6.0,5.766666666666667,0.0,0.0,-2.0,15.0,5.9,0.0,0.0,0.0,0.0,5.766666666666667,0.0,0.0,-2.0,15.0,5.9,0.0,0.0,0.0,0.0,42.0,13.0,,,3.0,4.0,,2.0
2016-17,360,Paletta,difensore,Milan,Atalanta,1.0,1.0,5.816666666666666,2.0,1.0,-1.5,30.0,5.854166666666667,1.0,0.0,-1.5,24.0,5.916666666666667,0.0,0.0,0.0,0.0,5.854166666666667,1.0,0.0,-1.5,24.0,5.916666666666667,0.0,0.0,0.0,0.0,42.0,13.0,57.0,7.0,8.0,7.0,,6.0
2016-17,695,Toloi,difensore,Atalanta,Atalanta,0.0,1.0,5.854838709677419,0.0,0.0,-3.5,31.0,5.708333333333333,1.0,0.0,-3.0,24.0,5.833333333333333,0.0,0.0,0.0,0.0,5.708333333333333,1.0,0.0,-3.0,24.0,5.833333333333333,0.0,0.0,0.0,0.0,42.0,13.0,,,7.0,5.0,,7.0
2017-18,695,Toloi,difensore,Atalanta,Atalanta,0.0,2.0,6.216666666666667,1.0,3.0,2.0,30.0,5.854838709677419,0.0,0.0,-3.5,31.0,5.967741935483871,0.0,0.0,0.0,0.0,5.781586021505376,0.5,0.0,-3.25,27.5,5.900537634408602,0.0,0.0,0.0,0.0,69.0,5.0,,,7.0,10.0,,7.0
2018-19,695,Toloi,difensore,Atalanta,Atalanta,0.0,3.0,6.190476190476191,1.0,3.0,2.5,21.0,6.216666666666667,1.0,3.0,2.0,30.0,6.15,0.0,0.0,0.0,0.0,5.926612903225806,0.6666666666666666,1.0,-1.5,28.333333333333332,5.983691756272401,0.0,0.0,0.0,0.0,60.0,7.0,,,7.0,10.0,,10.0
2019-20,695,Toloi,difensore,Atalanta,Atalanta,0.0,4.0,6.35,2.0,4.0,5.0,30.0,6.190476190476191,1.0,3.0,2.5,21.0,6.071428571428571,0.0,0.0,0.0,0.0,6.087327188940093,0.6666666666666666,2.0,0.3333333333333333,27.333333333333332,6.063056835637481,0.0,0.0,0.0,0.0,66.0,3.0,,,10.0,12.0,,10.0
2020-21,695,Toloi,difensore,Atalanta,Atalanta,0.0,5.0,5.967741935483871,2.0,0.0,1.0,31.0,6.35,2.0,4.0,5.0,30.0,6.183333333333334,0.0,0.0,0.0,0.0,6.252380952380953,1.3333333333333333,3.3333333333333335,3.1666666666666665,27.0,6.134920634920635,0.0,0.0,0.0,0.0,78.0,3.0,,,10.0,12.0,,12.0
2021-22,695,Toloi,difensore,Atalanta,Atalanta,0.0,6.0,6.052631578947368,1.0,1.0,1.0,19.0,5.967741935483871,2.0,0.0,1.0,31.0,5.935483870967742,0.0,0.0,0.0,0.0,6.1694060419866865,1.6666666666666667,2.3333333333333335,2.8333333333333335,27.333333333333332,6.063415258576549,0.0,0.0,0.0,0.0,78.0,2.0,,,12.0,8.0,,9.0
2022-23,695,Toloi,difensore,Atalanta,Atalanta,0.0,7.0,6.046875,2.0,0.0,2.0,32.0,6.052631578947368,1.0,1.0,1.0,19.0,6.0,0.0,0.0,0.0,0.0,6.123457838143746,1.6666666666666667,1.6666666666666667,2.3333333333333335,26.666666666666668,6.039605734767025,0.0,0.0,0.0,0.0,59.0,7.0,,,9.0,6.0,,8.0
2023-24,695,Toloi,difensore,Atalanta,Atalanta,0.0,8.0,5.678571428571429,0.0,0.0,-3.0,14.0,6.046875,2.0,0.0,2.0,32.0,5.984375,0.0,0.0,0.0,0.0,6.022416171477079,1.6666666666666667,0.3333333333333333,1.3333333333333333,27.333333333333332,5.973286290322581,0.0,0.0,0.0,0.0,61.0,6.0,,,8.0,10.0,6.0,9.0
2024-25,695,Toloi,difensore,Atalanta,Atalanta,0.0,9.0,5.888888888888889,0.0,0.0,-0.5,9.0,5.678571428571429,0.0,0.0,-3.0,14.0,5.892857142857143,0.0,0.0,0.0,0.0,5.926026002506266,1.0,0.3333333333333333,0.0,21.666666666666668,5.9590773809523805,0.0,0.0,0.0,0.0,66.0,5.0,,,9.0,4.0,6.5,4.0
2016-17,20,Cigarini,centrocampista,Sampdoria,Atalanta,1.0,1.0,5.125,0.0,0.0,-1.5,4.0,6.25,1.0,2.0,3.0,24.0,6.125,0.0,0.0,0.0,0.0,6.25,1.0,2.0,3.0,24.0,6.125,0.0,0.0,0.0,0.0,42.0,13.0,40.0,15.0,11.0,10.0,,11.0
2017-18,20,Cigarini,centrocampista,Cagliari,Sampdoria,1.0,2.0,5.8076923076923075,2.0,3.0,-1.0,26.0,5.125,0.0,0.0,-1.5,4.0,5.5,0.0,0.0,0.0,0.0,5.6875,0.5,1.0,0.75,14.0,5.8125,0.0,0.0,0.0,0.0,48.0,11.0,44.0,13.0,11.0,1.0,,7.0
2018-19,20,Cigarini,centrocampista,Cagliari,Cagliari,0.0,3.0,5.717391304347826,0.0,1.0,-3.5,23.0,5.8076923076923075,2.0,3.0,-1.0,26.0,5.846153846153846,0.0,0.0,0.0,0.0,5.727564102564102,1.0,1.6666666666666667,0.16666666666666666,18.0,5.823717948717949,0.0,0.0,0.0,0.0,36.0,16.0,,,7.0,6.0,,7.0
2019-20,20,Cigarini,centrocampista,Cagliari,Cagliari,0.0,4.0,5.975,0.0,3.0,-1.0,20.0,5.717391304347826,0.0,1.0,-3.5,23.0,5.869565217391305,0.0,0.0,0.0,0.0,5.5500278706800446,0.6666666666666666,1.3333333333333333,-2.0,17.666666666666668,5.738573021181717,0.0,0.0,0.0,0.0,41.0,13.0,,,7.0,6.0,,6.0
2020-21,20,Cigarini,centrocampista,Crotone,Cagliari,1.0,5.0,5.678571428571429,0.0,0.0,-2.5,14.0,5.975,0.0,3.0,-1.0,20.0,6.025,0.0,0.0,0.0,0.0,5.833361204013378,0.6666666666666666,2.3333333333333335,-1.8333333333333333,23.0,5.913573021181716,0.0,0.0,0.0,0.0,45.0,13.0,,,6.0,4.0,,5.0
2016-17,610,Gollini,portiere,Atalanta,Verona,1.0,1.0,5.75,0.0,0.0,-1.5,4.0,4.480769230769231,0.0,0.0,-45.0,26.0,6.211538461538462,0.0,0.0,0.0,0.0,4.480769230769231,0.0,0.0,-45.0,26.0,6.211538461538462,0.0,0.0,0.0,0.0,28.0,20.0,42.0,13.0,1.0,7.0,,1.0
2017-18,610,Gollini,portiere,Atalanta,Atalanta,0.0,2.0,5.5,0.0,0.0,-4.0,7.0,5.75,0.0,0.0,-1.5,4.0,6.125,0.0,0.0,0.0,0.0,5.115384615384615,0.0,0.0,-23.25,15.0,6.168269230769231,0.0,0.0,0.0,0.0,69.0,5.0,,,1.0,4.0,,1.0
2018-19,610,Gollini,portiere,Atalanta,Atalanta,0.0,3.0,5.15,0.0,0.0,-21.5,20.0,5.5,0.0,0.0,-4.0,7.0,6.071428571428571,0.0,0.0,0.0,0.0,5.243589743589744,0.0,0.0,-16.833333333333332,12.333333333333334,6.135989010989011,0.0,0.0,0.0,0.0,60.0,7.0,,,1.0,4.0,,1.0
2019-20,610,Gollini,portiere,Atalanta,Atalanta,0.0,4.0,4.833333333333333,0.0,0.0,-43.5,33.0,5.15,0.0,0.0,-21.5,20.0,6.225,0.0,0.0,0.0,0.0,5.466666666666666,0.0,0.0,-9.0,10.333333333333334,6.14047619047619,0.0,0.0,0.0,0.0,66.0,3.0,,,1.0,10.0,,14.0
2020-21,610,Gollini,portiere,Atalanta,Atalanta,0.0,5.0,5.26,0.0,0.0,-21.0,25.0,4.833333333333333,0.0,0.0,-43.5,33.0,6.151515151515151,0.0,0.0,0.0,0.0,5.161111111111111,0.0,0.0,-23.0,20.0,6.149314574314573,0.0,0.0,0.0,0.0,78.0,3.0,,,14.0,10.0,,13.0
2023-24,610,Gollini,portiere,Napoli,Napoli,0.0,7.0,4.857142857142857,0.0,0.0,-8.0,7.0,5.214285714285714,0.0,0.0,-6.0,7.0,6.071428571428571,0.0,0.0,0.0,0.0,5.237142857142857,0.0,0.0,-13.5,16.0,6.085714285714285,0.0,0.0,0.0,0.0,87.0,1.0,,,12.0,6.0,4.0,1.0
2024-25,610,Gollini,portiere,Genoa,Napoli,1.0,8.0,4.071428571428571,0.0,0.0,-12.5,7.0,4.857142857142857,0.0,0.0,-8.0,7.0,6.0,0.0,0.0,0.0,0.0,5.035714285714286,0.0,0.0,-7.0,7.0,6.035714285714286,0.0,0.0,0.0,0.0,52.0,10.0,46.0,11.0,1.0,2.0,2.5,10.0
2022-23,76,Romagnoli S.,difensore,Lecce,Empoli,1.0,3.0,5.625,0.0,0.0,0.0,4.0,6.027777777777778,2.0,0.0,2.5,18.0,5.888888888888889,0.0,0.0,0.0,0.0,6.027777777777778,2.0,0.0,2.5,18.0,5.888888888888889,0.0,0.0,0.0,0.0,38.0,14.0,,,5.0,6.0,,3.0
2023-24,76,Romagnoli S.,difensore,Frosinone,Lecce,1.0,4.0,5.833333333333333,1.0,0.0,0.0,33.0,5.625,0.0,0.0,0.0,4.0,5.625,0.0,0.0,0.0,0.0,5.826388888888889,1.0,0.0,1.25,11.0,5.756944444444445,0.0,0.0,0.0,0.0,36.0,16.0,,,3.0,1.0,2.0,5.0
2016-17,232,Cofie,centrocampista,Genoa,Carpi,1.0,1.0,5.461538461538462,0.0,1.0,-1.5,13.0,5.407407407407407,0.0,0.0,-3.5,27.0,5.537037037037037,0.0,0.0,0.0,0.0,5.407407407407407,0.0,0.0,-3.5,27.0,5.537037037037037,0.0,0.0,0.0,0.0,35.0,18.0,46.0,10.0,3.0,4.0,,3.0
2017-18,232,Cofie,centrocampista,Genoa,Genoa,0.0,2.0,5.75,0.0,0.0,-0.5,10.0,5.461538461538462,0.0,1.0,-1.5,13.0,5.576923076923077,0.0,0.0,0.0,0.0,5.434472934472934,0.0,0.5,-2.5,20.0,5.556980056980057,0.0,0.0,0.0,0.0,36.0,16.0,,,3.0,3.0,,1.0
2016-17,123,Inglese,attaccante,Chievo,Chievo,0.0,1.0,6.951612903225806,10.0,4.0,31.0,31.0,6.239130434782608,3.0,1.0,8.5,23.0,5.869565217391305,0.0,0.0,0.0,0.0,6.239130434782608,3.0,1.0,8.5,23.0,5.869565217391305,0.0,0.0,0.0,0.0,49.0,9.0,,,3.0,6.0,,12.0
2017-18,123,Inglese,attaccante,Chievo,Chievo,0.0,2.0,6.893939393939394,11.0,1.0,32.5,33.0,6.951612903225806,10.0,4.0,31.0,31.0,5.951612903225806,0.0,0.0,0.0,0.0,6.595371669004207,6.5,2.5,19.75,27.0,5.910589060308555,0.0,0.0,0.0,0.0,43.0,14.0,,,12.0,15.0,,15.0
2018-19,123,Inglese,attaccante,Parma,Chievo,1.0,3.0,7.24,7.0,2.0,27.5,25.0,6.893939393939394,11.0,1.0,32.5,33.0,5.909090909090909,0.0,0.0,0.0,0.0,6.694894243982603,8.0,2.0,24.0,29.0,5.910089676569339,0.0,0.0,0.0,0.0,37.0,15.0,,,15.0,16.0,,13.0
2019-20,123,Inglese,attaccante,Parma,Parma,0.0,4.0,6.34375,4.0,0.0,8.5,16.0,7.24,7.0,2.0,27.5,25.0,6.14,0.0,0.0,0.0,0.0,7.0285174323884005,9.333333333333334,2.3333333333333335,30.333333333333332,29.666666666666668,6.000234604105572,0.0,0.0,0.0,0.0,41.0,14.0,,,13.0,18.0,,23.0
2020-21,123,Inglese,attaccante,Parma,Parma,0.0,5.0,5.6923076923076925,0.0,2.0,1.0,13.0,6.34375,4.0,0.0,8.5,16.0,5.8125,0.0,0.0,0.0,0.0,6.825896464646465,7.333333333333333,1.0,22.833333333333332,24.666666666666668,5.953863636363637,0.0,0.0,0.0,0.0,46.0,11.0,,,23.0,7.0,,15.0
2016-17,261,Ranocchia,difensore,Inter,Sampdoria,1.0,1.0,4.8,0.0,0.0,-1.0,5.0,5.368421052631579,0.0,0.0,-3.5,19.0,5.552631578947368,0.0,0.0,0.0,0.0,5.368421052631579,0.0,0.0,-3.5,19.0,5.552631578947368,0.0,0.0,0.0,0.0,40.0,15.0,67.0,4.0,6.0,4.0,,4.0
2017-18,261,Ranocchia,difensore,Inter,Inter,0.0,2.0,6.428571428571429,2.0,0.0,2.0,7.0,4.8,0.0,0.0,-1.0,5.0,5.0,0.0,0.0,0.0,0.0,5.08421052631579,0.0,0.0,-2.25,12.0,5.276315789473684,0.0,0.0,0.0,0.0,59.0,7.0,,,4.0,1.0,,2.0
2018-19,261,Ranocchia,difensore,Inter,Inter,0.0,3.0,5.75,0.0,0.0,-0.5,2.0,6.428571428571429,2.0,0.0,2.0,7.0,6.142857142857143,0.0,0.0,0.0,0.0,5.5323308270676685,0.6666666666666666,0.0,-0.8333333333333334,10.333333333333334,5.56516290726817,0.0,0.0,0.0,0.0,69.0,5.0,,,2.0,5.0,,4.0
2019-20,261,Ranocchia,difensore,Inter,Inter,0.0,4.0,6.0,0.0,0.0,-1.5,7.0,5.75,0.0,0.0,-0.5,2.0,6.0,0.0,0.0,0.0,0.0,5.659523809523809,0.6666666666666666,0.0,0.16666666666666666,4.666666666666667,5.714285714285714,0.0,0.0,0.0,0.0,66.0,4.0,,,4.0,2.0,,2.0
2020-21,261,Ranocchia,difensore,Inter,Inter,0.0,5.0,6.25,0.0,1.0,0.0,8.0,6.0,0.0,0.0,-1.5,7.0,6.214285714285714,0.0,0.0,0.0,0.0,6.05952380952381,0.6666666666666666,0.0,0.0,5.333333333333333,6.1190476190476195,0.0,0.0,0.0,0.0,79.0,2.0,,,2.0,3.0,,2.0
2021-22,261,Ranocchia,difensore,Inter,Inter,0.0,6.0,5.833333333333333,0.0,0.0,-0.5,6.0,6.25,0.0,1.0,0.0,8.0,6.25,0.0,0.0,0.0,0.0,6.0,0.0,0.3333333333333333,-0.6666666666666666,5.666666666666667,6.154761904761905,0.0,0.0,0.0,0.0,88.0,1.0,,,2.0,6.0,,2.0
2022-23,261,Ranocchia,difensore,Monza,Inter,1.0,7.0,5.5,0.0,0.0,0.0,1.0,5.833333333333333,0.0,0.0,-0.5,6.0,5.916666666666667,0.0,0.0,0.0,0.0,6.027777777777778,0.0,0.3333333333333333,-0.6666666666666666,7.0,6.126984126984127,0.0,0.0,0.0,0.0,81.0,2.0,,,2.0,2.0,,6.0
2016-17,712,Lemina,centrocampista,Juventus,Juventus,0.0,1.0,6.21875,1.0,0.0,2.5,16.0,6.5,2.0,0.0,4.0,10.0,6.1,0.0,0.0,0.0,0.0,6.5,2.0,0.0,4.0,10.0,6.1,0.0,0.0,0.0,0.0,88.0,1.0,,,9.0,5.0,,8.0
2016-17,357,Calabria,difensore,Milan,Milan,0.0,1.0,5.7727272727272725,0.0,1.0,-0.5,11.0,5.666666666666667,0.0,0.0,-2.0,6.0,6.0,0.0,0.0,0.0,0.0,5.666666666666667,0.0,0.0,-2.0,6.0,6.0,0.0,0.0,0.0,0.0,57.0,7.0,,,1.0,2.0,,3.0
2017-18,357,Calabria,difensore,Milan,Milan,0.0,2.0,6.25,1.0,3.0,5.0,18.0,5.7727272727272725,0.0,1.0,-0.5,11.0,5.818181818181818,0.0,0.0,0.0,0.0,5.71969696969697,0.0,0.5,-1.25,8.5,5.909090909090909,0.0,0.0,0.0,0.0,63.0,6.0,,,3.0,4.0,,4.0
2018-19,357,Calabria,difensore,Milan,Milan,0.0,3.0,5.96,1.0,1.0,1.5,25.0,6.25,1.0,3.0,5.0,18.0,5.972222222222222,0.0,0.0,0.0,0.0,5.896464646464647,0.3333333333333333,1.3333333333333333,0.8333333333333334,11.666666666666666,5.930134680134681,0.0,0.0,0.0,0.0,61.0,6.0,,,4.0,7.0,,6.0
2019-20,357,Calabria,difensore,Milan,Milan,0.0,4.0,5.804347826086956,1.0,1.0,1.0,23.0,5.96,1.0,1.0,1.5,25.0,5.9,0.0,0.0,0.0,0.0,5.994242424242425,0.6666666666666666,1.6666666666666667,2.0,18.0,5.896801346801347,0.0,0.0,0.0,0.0,65.0,5.0,,,6.0,8.0,,9.0
2020-21,357,Calabria,difensore,Milan,Milan,0.0,5.0,6.28125,2.0,1.0,1.5,32.0,5.804347826086956,1.0,1.0,1.0,23.0,5.760869565217392,0.0,0.0,0.0,0.0,6.004782608695652,1.0,1.6666666666666667,2.5,22.0,5.877697262479871,0.0,0.0,0.0,0.0,63.0,6.0,,,9.0,5.0,,5.0
2021-22,357,Calabria,difensore,Milan,Milan,0.0,6.0,6.423076923076923,2.0,2.0,7.0,26.0,6.28125,2.0,1.0,1.5,32.0,6.234375,0.0,0.0,0.0,0.0,6.01519927536232,1.3333333333333333,1.0,1.3333333333333333,26.666666666666668,5.96508152173913,0.0,0.0,0.0,0.0,76.0,4.0,,,5.0,12.0,,11.0
2022-23,357,Calabria,difensore,Milan,Milan,0.0,7.0,6.086956521739131,1.0,3.0,3.0,23.0,6.423076923076923,2.0,2.0,7.0,26.0,6.153846153846154,0.0,0.0,0.0,0.0,6.169558249721294,1.6666666666666667,1.3333333333333333,3.1666666666666665,27.0,6.049696906354515,0.0,0.0,0.0,0.0,83.0,1.0,,,11.0,15.0,,13.0
2023-24,357,Calabria,difensore,Milan,Milan,0.0,8.0,6.0344827586206895,1.0,3.0,2.5,29.0,6.086956521739131,1.0,3.0,3.0,23.0,5.956521739130435,0.0,0.0,0.0,0.0,6.2637611482720175,1.6666666666666667,2.0,3.8333333333333335,27.0,6.1149142976588635,0.0,0.0,0.0,0.0,67.0,5.0,,,13.0,8.0,19.0,9.0
2024-25,357,Calabria,difensore,Bologna,Milan,1.0,9.0,5.846153846153846,0.0,1.0,-0.5,13.0,6.0344827586206895,1.0,3.0,2.5,29.0,5.948275862068965,0.0,0.0,0.0,0.0,6.181505401145581,1.3333333333333333,2.6666666666666665,4.166666666666667,26.0,6.019547918348518,0.0,0.0,0.0,0.0,74.0,2.0,68.0,3.0,9.0,9.0,12.5,7.0
2016-17,344,Djordjevic,attaccante,Lazio,Lazio,0.0,1.0,5.583333333333333,0.0,0.0,0.0,12.0,5.934782608695652,3.0,2.0,9.5,23.0,5.521739130434782,0.0,0.0,0.0,0.0,5.934782608695652,3.0,2.0,9.5,23.0,5.521739130434782,0.0,0.0,0.0,0.0,54.0,8.0,,,25.0,13.0,,11.0
2016-17,519,Gazzola,difensore,Sassuolo,Sassuolo,0.0,1.0,5.71875,0.0,1.0,-0.5,16.0,6.0625,0.0,1.0,0.5,8.0,6.0,0.0,0.0,0.0,0.0,6.0625,0.0,1.0,0.5,8.0,6.0,0.0,0.0,0.0,0.0,58.0,6.0,,,3.0,3.0,,5.0
2017-18,519,Gazzola,difensore,Sassuolo,Sassuolo,0.0,2.0,5.722222222222222,0.0,0.0,-0.5,9.0,5.71875,0.0,1.0,-0.5,16.0,5.75,0.0,0.0,0.0,0.0,5.890625,0.0,1.0,0.0,12.0,5.875,0.0,0.0,0.0,0.0,49.0,10.0,,,5.0,3.0,,3.0
2018-19,519,Gazzola,difensore,Parma,Sassuolo,1.0,3.0,5.90625,1.0,0.0,1.5,16.0,5.722222222222222,0.0,0.0,-0.5,9.0,5.777777777777778,0.0,0.0,0.0,0.0,5.8344907407407405,0.0,0.6666666666666666,-0.16666666666666666,11.0,5.842592592592593,0.0,0.0,0.0,0.0,43.0,11.0,,,3.0,3.0,,5.0
2016-17,524,Biondini,centrocampista,Sassuolo,Sassuolo,0.0,1.0,5.571428571428571,0.0,0.0,-3.0,14.0,5.894736842105263,0.0,0.0,-1.5,19.0,5.973684210526316,0.0,0.0,0.0,0.0,5.894736842105263,0.0,0.0,-1.5,19.0,5.973684210526316,0.0,0.0,0.0,0.0,58.0,6.0,,,5.0,6.0,,4.0
2017-18,524,Biondini,centrocampista,Sassuolo,Sassuolo,0.0,2.0,5.666666666666667,0.0,0.0,0.0,6.0,5.571428571428571,0.0,0.0,-3.0,14.0,5.785714285714286,0.0,0.0,0.0,0.0,5.733082706766917,0.0,0.0,-2.25,16.5,5.879699248120301,0.0,0.0,0.0,0.0,49.0,10.0,,,4.0,3.0,,4.0
2016-17,554,Zappacosta,difensore,Torino,Torino,0.0,1.0,6.267857142857143,1.0,4.0,6.5,28.0,6.021739130434782,1.0,1.0,2.5,23.0,5.913043478260869,0.0,0.0,0.0,0.0,6.021739130434782,1.0,1.0,2.5,23.0,5.913043478260869,0.0,0.0,0.0,0.0,45.0,11.0,,,10.0,7.0,,6.0
2017-18,554,Zappacosta,difensore,Torino,Torino,0.0,2.0,5.5,0.0,0.0,0.0,1.0,6.267857142857143,1.0,4.0,6.5,28.0,6.035714285714286,0.0,0.0,0.0,0.0,6.144798136645963,1.0,2.5,4.5,25.5,5.974378881987578,0.0,0.0,0.0,0.0,50.0,9.0,,,6.0,9.0,,10.0
2020-21,554,Zappacosta,difensore,Genoa,Roma,1.0,4.0,6.72,4.0,2.0,12.5,25.0,5.833333333333333,0.0,1.0,1.0,9.0,5.722222222222222,0.0,0.0,0.0,0.0,5.666666666666666,0.0,0.5,0.5,5.0,5.611111111111111,0.0,0.0,0.0,0.0,67.0,5.0,36.0,17.0,9.0,2.0,,6.0
2021-22,554,Zappacosta,difensore,Atalanta,Genoa,1.0,5.0,6.241935483870968,1.0,5.0,5.0,31.0,6.72,4.0,2.0,12.5,25.0,6.22,0.0,0.0,0.0,0.0,6.276666666666666,2.0,1.5,6.75,17.0,5.971111111111111,0.0,0.0,0.0,0.0,39.0,14.0,78.0,2.0,6.0,17.0,,15.0
2022-23,554,Zappacosta,difensore,Atalanta,Atalanta,0.0,6.0,6.642857142857143,4.0,1.0,11.0,21.0,6.241935483870968,1.0,5.0,5.0,31.0,6.080645161290323,0.0,0.0,0.0,0.0,6.265089605734766,1.6666666666666667,2.6666666666666665,6.166666666666667,21.666666666666668,6.007622461170848,0.0,0.0,0.0,0.0,59.0,7.0,,,15.0,13.0,,11.0
2023-24,554,Zappacosta,difensore,Atalanta,Atalanta,0.0,7.0,6.064516129032258,2.0,1.0,4.5,31.0,6.642857142857143,4.0,1.0,11.0,21.0,6.119047619047619,0.0,0.0,0.0,0.0,6.534930875576037,3.0,2.6666666666666665,9.5,25.666666666666668,6.13989759344598,0.0,0.0,0.0,0.0,61.0,6.0,,,11.0,16.0,12.0,15.0
2024-25,554,Zappacosta,difensore,Atalanta,Atalanta,0.0,8.0,6.4,4.0,2.0,12.5,30.0,6.064516129032258,2.0,1.0,4.5,31.0,5.919354838709677,0.0,0.0,0.0,0.0,6.316436251920123,2.3333333333333335,2.3333333333333335,6.833333333333333,27.666666666666668,6.03968253968254,0.0,0.0,0.0,0.0,66.0,5.0,,,15.0,10.0,16.5,9.0
2025-26,554,Zappacosta,difensore,Atalanta,Atalanta,0.0,9.0,6.3,3.0,1.0,8.5,35.0,6.4,4.0,2.0,12.5,30.0,5.983333333333333,0.0,0.0,0.0,0.0,6.369124423963133,3.3333333333333335,1.3333333333333333,9.333333333333334,27.333333333333332,6.007245263696876,0.0,0.0,0.0,0.0,74.0,3.0,,,9.0,14.0,16.5,13.0
2016-17,587,Wague,difensore,Udinese,Udinese,0.0,1.0,5.25,0.0,0.0,-1.0,6.0,5.428571428571429,0.0,0.0,-3.5,21.0,5.595238095238095,0.0,0.0,0.0,0.0,5.428571428571429,0.0,0.0,-3.5,21.0,5.595238095238095,0.0,0.0,0.0,0.0,39.0,16.0,,,5.0,4.0,,3.0
2017-18,587,Wague,difensore,Udinese,Udinese,0.0,2.0,5.0,0.0,0.0,0.0,1.0,5.25,0.0,0.0,-1.0,6.0,5.416666666666667,0.0,0.0,0.0,0.0,5.339285714285714,0.0,0.0,-2.25,13.5,5.505952380952381,0.0,0.0,0.0,0.0,45.0,12.0,,,3.0,1.0,,3.0
2018-19,587,Wague,difensore,Udinese,Udinese,0.0,3.0,5.0,0.0,0.0,0.0,1.0,5.0,0.0,0.0,0.0,1.0,5.0,0.0,0.0,0.0,0.0,5.226190476190476,0.0,0.0,-1.5,9.333333333333334,5.337301587301588,0.0,0.0,0.0,0.0,37.0,14.0,,,3.0,3.0,,1.0
2016-17,141,Laurini,difensore,Empoli,Empoli,0.0,1.0,5.4375,0.0,0.0,-2.0,24.0,5.9375,1.0,0.0,0.5,24.0,5.916666666666667,0.0,0.0,0.0,0.0,5.9375,1.0,0.0,0.5,24.0,5.916666666666667,0.0,0.0,0.0,0.0,43.0,12.0,,,4.0,6.0,,5.0
2017-18,141,Laurini,difensore,Fiorentina,Empoli,1.0,2.0,5.738095238095238,0.0,1.0,-1.5,21.0,5.4375,0.0,0.0,-2.0,24.0,5.520833333333333,0.0,0.0,0.0,0.0,5.6875,0.5,0.0,-0.75,24.0,5.71875,0.0,0.0,0.0,0.0,32.0,17.0,59.0,8.0,5.0,5.0,,3.0
2018-19,141,Laurini,difensore,Fiorentina,Fiorentina,0.0,3.0,5.653846153846154,0.0,0.0,-2.0,13.0,5.738095238095238,0.0,1.0,-1.5,21.0,5.809523809523809,0.0,0.0,0.0,0.0,5.704365079365079,0.3333333333333333,0.3333333333333333,-1.0,23.0,5.749007936507937,0.0,0.0,0.0,0.0,57.0,8.0,,,3.0,4.0,,3.0
2019-20,141,Laurini,difensore,Parma,Fiorentina,1.0,4.0,5.730769230769231,0.0,2.0,0.0,13.0,5.653846153846154,0.0,0.0,-2.0,13.0,5.8076923076923075,0.0,0.0,0.0,0.0,5.609813797313798,0.0,0.3333333333333333,-1.8333333333333333,19.333333333333332,5.71268315018315,0.0,0.0,0.0,0.0,40.0,15.0,41.0,14.0,3.0,4.0,,7.0
2020-21,141,Laurini,difensore,Parma,Parma,0.0,5.0,5.458333333333333,0.0,0.0,-0.5,12.0,5.730769230769231,0.0,2.0,0.0,13.0,5.730769230769231,0.0,0.0,0.0,0.0,5.707570207570208,0.0,1.0,-1.1666666666666667,15.666666666666666,5.7826617826617825,0.0,0.0,0.0,0.0,46.0,11.0,,,7.0,2.0,,4.0
2016-17,127,Pellissier,attaccante,Chievo,Chievo,0.0,1.0,6.982142857142857,6.0,2.0,28.5,28.0,6.722222222222222,3.0,0.0,14.0,18.0,5.944444444444445,0.0,0.0,0.0,0.0,6.722222222222222,3.0,0.0,14.0,18.0,5.944444444444445,0.0,0.0,0.0,0.0,49.0,9.0,,,10.0,9.0,,5.0
2017-18,127,Pellissier,attaccante,Chievo,Chievo,0.0,2.0,6.033333333333333,1.0,1.0,3.5,15.0,6.982142857142857,6.0,2.0,28.5,28.0,5.964285714285714,0.0,0.0,0.0,0.0,6.8521825396825395,4.5,1.0,21.25,23.0,5.954365079365079,0.0,0.0,0.0,0.0,43.0,14.0,,,5.0,13.0,,9.0
2018-19,127,Pellissier,attaccante,Chievo,Chievo,0.0,3.0,6.857142857142857,3.0,1.0,9.5,14.0,6.033333333333333,1.0,1.0,3.5,15.0,5.8,0.0,0.0,0.0,0.0,6.579232804232803,3.3333333333333335,1.0,15.333333333333334,20.333333333333332,5.902910052910053,0.0,0.0,0.0,0.0,37.0,15.0,,,9.0,4.0,,3.0
2016-17,138,Costa,difensore,Empoli,Empoli,0.0,1.0,5.8,2.0,0.0,1.0,25.0,5.978260869565218,1.0,0.0,1.0,23.0,5.934782608695652,0.0,0.0,0.0,0.0,5.978260869565218,1.0,0.0,1.0,23.0,5.934782608695652,0.0,0.0,0.0,0.0,43.0,12.0,,,4.0,6.0,,6.0
2017-18,138,Costa,difensore,Benevento,Empoli,1.0,2.0,5.25,0.0,0.0,-2.5,16.0,5.8,2.0,0.0,1.0,25.0,5.76,0.0,0.0,0.0,0.0,5.889130434782609,1.5,0.0,1.0,24.0,5.847391304347826,0.0,0.0,0.0,0.0,32.0,17.0,,,6.0,6.0,,5.0
2020-21,186,Rebic,attaccante,Milan,Milan,0.0,2.0,7.444444444444445,11.0,4.0,34.0,27.0,7.795454545454546,11.0,2.0,33.0,22.0,6.295454545454546,0.0,0.0,0.0,0.0,7.795454545454546,11.0,2.0,33.0,22.0,6.295454545454546,0.0,0.0,0.0,0.0,63.0,6.0,,,20.0,27.0,,27.0
2021-22,186,Rebic,attaccante,Milan,Milan,0.0,3.0,6.386363636363637,2.0,2.0,7.0,22.0,7.444444444444445,11.0,4.0,34.0,27.0,6.185185185185185,0.0,0.0,0.0,0.0,7.619949494949495,11.0,3.0,33.5,24.5,6.240319865319865,0.0,0.0,0.0,0.0,76.0,4.0,,,27.0,25.0,,23.0
2022-23,186,Rebic,attaccante,Milan,Milan,0.0,4.0,6.388888888888889,3.0,2.0,9.5,18.0,6.386363636363637,2.0,2.0,7.0,22.0,6.068181818181818,0.0,0.0,0.0,0.0,7.2087542087542085,8.0,2.6666666666666665,24.666666666666668,23.666666666666668,6.18294051627385,0.0,0.0,0.0,0.0,83.0,1.0,,,23.0,13.0,,14.0
2016-17,478,Ljajic,attaccante,Torino,Inter,1.0,1.0,7.0,9.0,5.0,29.5,33.0,6.575,3.0,3.0,11.0,20.0,6.025,0.0,0.0,0.0,0.0,6.575,3.0,3.0,11.0,20.0,6.025,0.0,0.0,0.0,0.0,67.0,4.0,45.0,11.0,20.0,13.0,,19.0
2017-18,478,Ljajic,attaccante,Torino,Torino,0.0,2.0,7.296296296296297,6.0,9.0,26.0,27.0,7.0,9.0,5.0,29.5,33.0,6.106060606060606,0.0,0.0,0.0,0.0,6.7875,6.0,4.0,20.25,26.5,6.065530303030304,0.0,0.0,0.0,0.0,50.0,9.0,,,19.0,21.0,,16.0
2018-19,478,Ljajic,attaccante,Torino,Torino,0.0,3.0,6.0,0.0,0.0,0.0,1.0,7.296296296296297,6.0,9.0,26.0,27.0,6.333333333333333,0.0,0.0,0.0,0.0,6.957098765432099,6.0,5.666666666666667,22.166666666666668,26.666666666666668,6.15479797979798,0.0,0.0,0.0,0.0,51.0,10.0,,,16.0,19.0,,14.0
2016-17,615,Helander,difensore,Bologna,Verona,1.0,1.0,5.8,1.0,0.0,1.5,10.0,5.854166666666667,2.0,0.0,4.0,24.0,5.6875,0.0,0.0,0.0,0.0,5.854166666666667,2.0,0.0,4.0,24.0,5.6875,0.0,0.0,0.0,0.0,28.0,20.0,41.0,14.0,4.0,6.0,,3.0
2017-18,615,Helander,difensore,Bologna,Bologna,0.0,2.0,5.75,0.0,0.0,-3.0,28.0,5.8,1.0,0.0,1.5,10.0,5.65,0.0,0.0,0.0,0.0,5.827083333333333,1.5,0.0,2.75,17.0,5.66875,0.0,0.0,0.0,0.0,41.0,15.0,,,3.0,2.0,,3.0
2018-19,615,Helander,difensore,Bologna,Bologna,0.0,3.0,5.578947368421052,0.0,0.0,-3.0,19.0,5.75,0.0,0.0,-3.0,28.0,5.857142857142857,0.0,0.0,0.0,0.0,5.80138888888889,1.0,0.0,0.8333333333333334,20.666666666666668,5.7315476190476184,0.0,0.0,0.0,0.0,39.0,13.0,,,3.0,5.0,,7.0
2020-21,632,Zaccagni,centrocampista,Verona,Verona,0.0,3.0,6.785714285714286,4.0,5.0,17.0,35.0,6.363636363636363,2.0,5.0,8.5,33.0,6.106060606060606,0.0,0.0,0.0,0.0,5.806818181818182,1.0,2.5,4.25,17.5,5.678030303030303,0.0,0.0,0.0,0.0,49.0,9.0,,,9.0,12.0,,12.0
2021-22,632,Zaccagni,centrocampista,Lazio,Verona,1.0,4.0,6.933333333333334,5.0,4.0,19.0,30.0,6.785714285714286,4.0,5.0,17.0,35.0,6.3,0.0,0.0,0.0,0.0,6.574675324675324,3.0,5.0,12.75,34.0,6.203030303030303,0.0,0.0,0.0,0.0,44.0,10.0,68.0,6.0,12.0,21.0,,18.0
2022-23,632,Zaccagni,centrocampista,Lazio,Lazio,0.0,5.0,7.442857142857143,9.0,6.0,31.5,35.0,6.933333333333334,5.0,4.0,19.0,30.0,6.3,0.0,0.0,0.0,0.0,6.694227994227994,3.6666666666666665,4.666666666666667,14.833333333333334,32.666666666666664,6.235353535353536,0.0,0.0,0.0,0.0,63.0,5.0,,,18.0,23.0,,20.0
2023-24,632,Zaccagni,centrocampista,Lazio,Lazio,0.0,6.0,6.767857142857143,6.0,1.0,15.0,28.0,7.442857142857143,9.0,6.0,31.5,35.0,6.542857142857143,0.0,0.0,0.0,0.0,7.053968253968254,6.0,5.0,22.5,33.333333333333336,6.3809523809523805,0.0,0.0,0.0,0.0,71.0,2.0,,,20.0,28.0,90.0,28.0
2024-25,632,Zaccagni,centrocampista,Lazio,Lazio,0.0,7.0,7.014705882352941,6.0,6.0,25.0,34.0,6.767857142857143,6.0,1.0,15.0,28.0,6.232142857142857,0.0,0.0,0.0,0.0,7.048015873015873,6.666666666666667,3.6666666666666665,21.833333333333332,31.0,6.358333333333333,0.0,0.0,0.0,0.0,60.0,7.0,,,28.0,16.0,60.0,27.0
2025-26,632,Zaccagni,centrocampista,Lazio,Lazio,0.0,8.0,5.961538461538462,3.0,0.0,2.0,26.0,7.014705882352941,6.0,6.0,25.0,34.0,6.279411764705882,0.0,0.0,0.0,0.0,7.075140056022409,7.0,4.333333333333333,23.833333333333332,32.333333333333336,6.351470588235294,0.0,0.0,0.0,0.0,65.0,6.0,,,27.0,23.0,85.0,26.0
2016-17,283,Neto,portiere,Juventus,Juventus,0.0,1.0,5.8125,0.0,0.0,-2.0,8.0,5.166666666666667,0.0,0.0,-3.0,3.0,6.166666666666667,0.0,0.0,0.0,0.0,5.166666666666667,0.0,0.0,-3.0,3.0,6.166666666666667,0.0,0.0,0.0,0.0,88.0,1.0,,,1.0,3.0,,1.0
2019-20,315,Zaza,attaccante,Torino,Torino,0.0,2.0,6.543478260869565,6.0,1.0,15.5,23.0,6.076923076923077,4.0,3.0,10.0,26.0,5.6923076923076925,0.0,0.0,0.0,0.0,6.076923076923077,4.0,3.0,10.0,26.0,5.6923076923076925,0.0,0.0,0.0,0.0,60.0,7.0,,,22.0,15.0,,12.0
2020-21,315,Zaza,attaccante,Torino,Torino,0.0,3.0,6.4423076923076925,6.0,0.0,16.0,26.0,6.543478260869565,6.0,1.0,15.5,23.0,5.869565217391305,0.0,0.0,0.0,0.0,6.3102006688963215,5.0,2.0,12.75,24.5,5.780936454849499,0.0,0.0,0.0,0.0,39.0,16.0,,,12.0,11.0,,13.0
2021-22,315,Zaza,attaccante,Torino,Torino,0.0,4.0,5.833333333333333,0.0,0.0,0.0,3.0,6.4423076923076925,6.0,0.0,16.0,26.0,5.826923076923077,0.0,0.0,0.0,0.0,6.354236343366779,5.333333333333333,1.3333333333333333,13.833333333333334,25.0,5.796265328874025,0.0,0.0,0.0,0.0,36.0,17.0,,,13.0,14.0,,11.0
2020-21,412,Colombi,portiere,Parma,Parma,0.0,2.0,2.5,0.0,0.0,-7.0,2.0,5.25,0.0,0.0,-4.0,4.0,6.25,0.0,0.0,0.0,0.0,5.25,0.0,0.0,-4.0,4.0,6.25,0.0,0.0,0.0,0.0,46.0,11.0,,,1.0,1.0,,1.0
2016-17,488,Mesbah,difensore,Crotone,Sampdoria,1.0,1.0,5.555555555555555,0.0,0.0,-0.5,9.0,5.357142857142857,0.0,0.0,-1.0,7.0,5.5,0.0,0.0,0.0,0.0,5.357142857142857,0.0,0.0,-1.0,7.0,5.5,0.0,0.0,0.0,0.0,40.0,15.0,,,2.0,1.0,,2.0
2016-17,135,Bittante,difensore,Cagliari,Empoli,1.0,1.0,4.625,0.0,0.0,-1.5,4.0,6.125,0.0,0.0,0.0,12.0,6.125,0.0,0.0,0.0,0.0,6.125,0.0,0.0,0.0,12.0,6.125,0.0,0.0,0.0,0.0,43.0,12.0,,,5.0,6.0,,2.0
2016-17,522,Terranova,difensore,Sassuolo,Sassuolo,0.0,1.0,5.333333333333333,0.0,0.0,0.0,3.0,5.7,0.0,0.0,-0.5,5.0,5.8,0.0,0.0,0.0,0.0,5.7,0.0,0.0,-0.5,5.0,5.8,0.0,0.0,0.0,0.0,58.0,6.0,,,3.0,1.0,,2.0
2016-17,148,Krunic,centrocampista,Empoli,Empoli,0.0,1.0,5.828125,2.0,0.0,1.0,32.0,6.041666666666667,1.0,0.0,1.5,12.0,5.916666666666667,0.0,0.0,0.0,0.0,6.041666666666667,1.0,0.0,1.5,12.0,5.916666666666667,0.0,0.0,0.0,0.0,43.0,12.0,,,1.0,2.0,,4.0
2019-20,148,Krunic,centrocampista,Milan,Empoli,1.0,3.0,5.7272727272727275,0.0,1.0,-0.5,11.0,6.5,5.0,6.0,16.5,33.0,6.0,0.0,0.0,0.0,0.0,6.1640625,3.5,3.0,8.75,32.5,5.8984375,0.0,0.0,0.0,0.0,38.0,17.0,65.0,5.0,9.0,13.0,,13.0
2020-21,148,Krunic,centrocampista,Milan,Milan,0.0,4.0,6.125,1.0,2.0,4.0,16.0,5.7272727272727275,0.0,1.0,-0.5,11.0,5.7727272727272725,0.0,0.0,0.0,0.0,6.113636363636363,2.5,3.5,8.0,22.0,5.886363636363637,0.0,0.0,0.0,0.0,63.0,6.0,,,13.0,1.0,,5.0
2021-22,148,Krunic,centrocampista,Milan,Milan,0.0,5.0,6.1521739130434785,0.0,1.0,0.5,23.0,6.125,1.0,2.0,4.0,16.0,5.875,0.0,0.0,0.0,0.0,6.117424242424242,2.0,3.0,6.666666666666667,20.0,5.882575757575758,0.0,0.0,0.0,0.0,76.0,4.0,,,5.0,6.0,,5.0
2022-23,148,Krunic,centrocampista,Milan,Milan,0.0,6.0,5.818181818181818,0.0,1.0,-3.0,22.0,6.1521739130434785,0.0,1.0,0.5,23.0,6.130434782608695,0.0,0.0,0.0,0.0,6.001482213438735,0.3333333333333333,1.3333333333333333,1.3333333333333333,16.666666666666668,5.926054018445323,0.0,0.0,0.0,0.0,83.0,1.0,,,5.0,9.0,,7.0
2023-24,148,Krunic,centrocampista,Milan,Milan,0.0,7.0,5.722222222222222,0.0,0.0,-1.5,9.0,5.818181818181818,0.0,1.0,-3.0,22.0,5.954545454545454,0.0,0.0,0.0,0.0,6.031785243741766,0.3333333333333333,1.3333333333333333,0.5,20.333333333333332,5.986660079051383,0.0,0.0,0.0,0.0,67.0,5.0,,,7.0,6.0,6.5,6.0
2016-17,297,Buchel,centrocampista,Empoli,Empoli,0.0,1.0,5.428571428571429,0.0,0.0,-2.5,14.0,6.153846153846154,2.0,1.0,2.0,26.0,6.076923076923077,0.0,0.0,0.0,0.0,6.153846153846154,2.0,1.0,2.0,26.0,6.076923076923077,0.0,0.0,0.0,0.0,43.0,12.0,,,4.0,6.0,,6.0
2017-18,297,Buchel,centrocampista,Verona,Empoli,1.0,2.0,5.357142857142857,0.0,0.0,-4.5,21.0,5.428571428571429,0.0,0.0,-2.5,14.0,5.607142857142857,0.0,0.0,0.0,0.0,5.791208791208792,1.0,0.5,-0.25,20.0,5.842032967032967,0.0,0.0,0.0,0.0,32.0,17.0,,,6.0,2.0,,4.0
2016-17,651,Maiello,centrocampista,Empoli,Empoli,0.0,1.0,5.5,0.0,0.0,0.0,1.0,5.7,0.0,0.0,-0.5,10.0,5.75,0.0,0.0,0.0,0.0,5.7,0.0,0.0,-0.5,10.0,5.75,0.0,0.0,0.0,0.0,43.0,12.0,,,3.0,3.0,,2.0
2016-17,299,Khedira,centrocampista,Juventus,Juventus,0.0,1.0,6.596774193548387,5.0,3.0,17.0,31.0,7.105263157894737,5.0,3.0,15.5,19.0,6.2894736842105265,0.0,0.0,0.0,0.0,7.105263157894737,5.0,3.0,15.5,19.0,6.2894736842105265,0.0,0.0,0.0,0.0,88.0,1.0,,,11.0,11.0,,16.0
2017-18,299,Khedira,centrocampista,Juventus,Juventus,0.0,2.0,7.269230769230769,9.0,2.0,28.5,26.0,6.596774193548387,5.0,3.0,17.0,31.0,6.048387096774194,0.0,0.0,0.0,0.0,6.851018675721562,5.0,3.0,16.25,25.0,6.16893039049236,0.0,0.0,0.0,0.0,88.0,1.0,,,16.0,15.0,,14.0
2018-19,299,Khedira,centrocampista,Juventus,Juventus,0.0,3.0,6.7,2.0,0.0,6.0,10.0,7.269230769230769,9.0,2.0,28.5,26.0,6.173076923076923,0.0,0.0,0.0,0.0,6.990422706891298,6.333333333333333,2.6666666666666665,20.333333333333332,25.333333333333332,6.170312568020548,0.0,0.0,0.0,0.0,92.0,1.0,,,14.0,16.0,,18.0
2019-20,299,Khedira,centrocampista,Juventus,Juventus,0.0,4.0,5.875,0.0,1.0,-0.5,12.0,6.7,2.0,0.0,6.0,10.0,6.1,0.0,0.0,0.0,0.0,6.855334987593053,5.333333333333333,1.6666666666666667,17.166666666666668,22.333333333333332,6.107154673283706,0.0,0.0,0.0,0.0,90.0,1.0,,,18.0,14.0,,10.0
2016-17,47,Gastaldello,difensore,Bologna,Bologna,0.0,1.0,5.520833333333333,0.0,1.0,-6.5,24.0,6.0576923076923075,1.0,1.0,-0.5,26.0,6.076923076923077,0.0,0.0,0.0,0.0,6.0576923076923075,1.0,1.0,-0.5,26.0,6.076923076923077,0.0,0.0,0.0,0.0,41.0,14.0,,,5.0,8.0,,7.0
2016-17,325,Konko,difensore,Atalanta,Lazio,1.0,1.0,5.8,0.0,0.0,-1.0,10.0,5.805555555555555,0.0,0.0,-1.5,18.0,5.888888888888889,0.0,0.0,0.0,0.0,5.805555555555555,0.0,0.0,-1.5,18.0,5.888888888888889,0.0,0.0,0.0,0.0,54.0,8.0,42.0,13.0,1.0,5.0,,4.0
2016-17,417,Emerson P.,difensore,Roma,Roma,0.0,1.0,6.229166666666667,0.0,1.0,0.5,24.0,6.5,1.0,0.0,2.5,4.0,5.875,0.0,0.0,0.0,0.0,6.5,1.0,0.0,2.5,4.0,5.875,0.0,0.0,0.0,0.0,77.0,3.0,,,4.0,4.0,,3.0
2017-18,417,Emerson P.,difensore,Roma,Roma,0.0,2.0,6.0,0.0,0.0,0.0,1.0,6.229166666666667,0.0,1.0,0.5,24.0,6.208333333333333,0.0,0.0,0.0,0.0,6.364583333333334,0.5,0.5,1.5,14.0,6.041666666666666,0.0,0.0,0.0,0.0,84.0,2.0,,,3.0,9.0,,4.0
2016-17,649,Manaj,attaccante,Pescara,Inter,1.0,1.0,5.958333333333333,2.0,0.0,5.0,12.0,6.0,0.0,0.0,0.0,1.0,6.0,0.0,0.0,0.0,0.0,6.0,0.0,0.0,0.0,1.0,6.0,0.0,0.0,0.0,0.0,67.0,4.0,,,2.0,1.0,,11.0
2016-17,588,Widmer,difensore,Udinese,Udinese,0.0,1.0,6.017857142857143,0.0,4.0,3.0,28.0,6.08,0.0,2.0,0.0,25.0,6.08,0.0,0.0,0.0,0.0,6.08,0.0,2.0,0.0,25.0,6.08,0.0,0.0,0.0,0.0,39.0,16.0,,,11.0,10.0,,10.0
2017-18,588,Widmer,difensore,Udinese,Udinese,0.0,2.0,6.25,3.0,1.0,9.0,22.0,6.017857142857143,0.0,4.0,3.0,28.0,5.910714285714286,0.0,0.0,0.0,0.0,6.048928571428572,0.0,3.0,1.5,26.5,5.995357142857143,0.0,0.0,0.0,0.0,45.0,12.0,,,10.0,9.0,,8.0
2016-17,708,Felipe,difensore,Udinese,Udinese,0.0,1.0,5.828125,1.0,1.0,-0.5,32.0,5.711538461538462,1.0,1.0,-2.5,26.0,5.8076923076923075,0.0,0.0,0.0,0.0,5.711538461538462,1.0,1.0,-2.5,26.0,5.8076923076923075,0.0,0.0,0.0,0.0,39.0,16.0,,,3.0,6.0,,6.0
2017-18,708,Felipe,difensore,SPAL,Udinese,1.0,2.0,5.75,1.0,0.0,-1.0,30.0,5.828125,1.0,1.0,-0.5,32.0,5.84375,0.0,0.0,0.0,0.0,5.769831730769231,1.0,1.0,-1.5,29.0,5.825721153846153,0.0,0.0,0.0,0.0,45.0,12.0,,,6.0,7.0,,6.0
2018-19,708,Felipe,difensore,SPAL,SPAL,0.0,3.0,5.964285714285714,3.0,1.0,3.5,28.0,5.75,1.0,0.0,-1.0,30.0,5.783333333333333,0.0,0.0,0.0,0.0,5.763221153846153,1.0,0.6666666666666666,-1.3333333333333333,29.333333333333332,5.81159188034188,0.0,0.0,0.0,0.0,35.0,17.0,,,6.0,9.0,,6.0
2019-20,708,Felipe,difensore,SPAL,SPAL,0.0,4.0,5.321428571428571,0.0,0.0,-2.0,14.0,5.964285714285714,3.0,1.0,3.5,28.0,5.839285714285714,0.0,0.0,0.0,0.0,5.847470238095238,1.6666666666666667,0.6666666666666666,0.6666666666666666,30.0,5.822123015873015,0.0,0.0,0.0,0.0,42.0,11.0,,,6.0,10.0,,6.0
2016-17,414,Andelkovic,difensore,Palermo,Palermo,0.0,1.0,5.738095238095238,0.0,1.0,0.0,21.0,5.4772727272727275,0.0,1.0,-1.5,22.0,5.545454545454546,0.0,0.0,0.0,0.0,5.4772727272727275,0.0,1.0,-1.5,22.0,5.545454545454546,0.0,0.0,0.0,0.0,36.0,17.0,,,4.0,6.0,,3.0
2016-17,218,Perin,portiere,Genoa,Genoa,0.0,1.0,5.0625,0.0,0.0,-17.5,16.0,5.24,0.0,0.0,-28.0,25.0,6.36,0.0,0.0,0.0,0.0,5.24,0.0,0.0,-28.0,25.0,6.36,0.0,0.0,0.0,0.0,46.0,10.0,,,12.0,12.0,,10.0
2017-18,218,Perin,portiere,Genoa,Genoa,0.0,2.0,5.121621621621622,0.0,0.0,-42.5,37.0,5.0625,0.0,0.0,-17.5,16.0,6.15625,0.0,0.0,0.0,0.0,5.15125,0.0,0.0,-22.75,20.5,6.258125,0.0,0.0,0.0,0.0,36.0,16.0,,,10.0,4.0,,8.0
2018-19,218,Perin,portiere,Juventus,Genoa,1.0,3.0,4.944444444444445,0.0,0.0,-8.5,9.0,5.121621621621622,0.0,0.0,-42.5,37.0,6.27027027027027,0.0,0.0,0.0,0.0,5.1413738738738735,0.0,0.0,-29.333333333333332,26.0,6.262173423423423,0.0,0.0,0.0,0.0,41.0,12.0,92.0,1.0,8.0,12.0,,1.0
2019-20,218,Perin,portiere,Genoa,Juventus,1.0,4.0,4.285714285714286,0.0,0.0,-38.5,21.0,4.944444444444445,0.0,0.0,-8.5,9.0,5.888888888888889,0.0,0.0,0.0,0.0,5.042855355355356,0.0,0.0,-22.833333333333332,20.666666666666668,6.105136386386387,0.0,0.0,0.0,0.0,90.0,1.0,37.0,18.0,1.0,4.0,,1.0
2020-21,218,Perin,portiere,Genoa,Genoa,0.0,5.0,4.828125,0.0,0.0,-45.5,32.0,4.285714285714286,0.0,0.0,-38.5,21.0,6.119047619047619,0.0,0.0,0.0,0.0,4.783926783926784,0.0,0.0,-29.833333333333332,22.333333333333332,6.092735592735593,0.0,0.0,0.0,0.0,36.0,17.0,,,1.0,5.0,,8.0
2021-22,218,Perin,portiere,Juventus,Genoa,1.0,6.0,4.7,0.0,0.0,-7.0,5.0,4.828125,0.0,0.0,-45.5,32.0,6.25,0.0,0.0,0.0,0.0,4.686094576719577,0.0,0.0,-30.833333333333332,20.666666666666668,6.085978835978835,0.0,0.0,0.0,0.0,39.0,14.0,75.0,5.0,8.0,11.0,,1.0
2022-23,218,Perin,portiere,Juventus,Juventus,0.0,7.0,6.045454545454546,0.0,0.0,-4.0,11.0,4.7,0.0,0.0,-7.0,5.0,6.1,0.0,0.0,0.0,0.0,4.604613095238094,0.0,0.0,-30.333333333333332,19.333333333333332,6.156349206349206,0.0,0.0,0.0,0.0,70.0,4.0,,,1.0,2.0,,1.0
2023-24,218,Perin,portiere,Juventus,Juventus,0.0,8.0,5.666666666666667,0.0,0.0,-1.0,3.0,6.045454545454546,0.0,0.0,-4.0,11.0,6.409090909090909,0.0,0.0,0.0,0.0,5.191193181818182,0.0,0.0,-18.833333333333332,16.0,6.253030303030303,0.0,0.0,0.0,0.0,69.0,4.0,,,1.0,9.0,2.0,1.0
2024-25,218,Perin,portiere,Juventus,Juventus,0.0,9.0,5.5,0.0,0.0,-3.0,5.0,5.666666666666667,0.0,0.0,-1.0,3.0,6.0,0.0,0.0,0.0,0.0,5.470707070707071,0.0,0.0,-4.0,6.333333333333333,6.169696969696969,0.0,0.0,0.0,0.0,68.0,4.0,,,1.0,4.0,1.0,2.0
2025-26,218,Perin,portiere,Juventus,Juventus,0.0,10.0,5.111111111111111,0.0,0.0,-9.0,9.0,5.5,0.0,0.0,-3.0,5.0,6.1,0.0,0.0,0.0,0.0,5.737373737373738,0.0,0.0,-2.6666666666666665,6.333333333333333,6.169696969696969,0.0,0.0,0.0,0.0,67.0,4.0,,,2.0,2.0,0.5,1.0
2018-19,106,Mattiello,difensore,Bologna,SPAL,1.0,2.0,5.84375,1.0,1.0,2.0,16.0,5.576923076923077,0.0,0.0,-4.0,26.0,5.730769230769231,0.0,0.0,0.0,0.0,6.038461538461538,0.0,0.5,-1.5,13.5,5.615384615384615,0.0,0.0,0.0,0.0,35.0,17.0,39.0,13.0,4.0,6.0,,8.0
2019-20,106,Mattiello,difensore,Cagliari,Bologna,1.0,3.0,5.966666666666667,0.0,1.0,-0.5,15.0,5.84375,1.0,1.0,2.0,16.0,5.71875,0.0,0.0,0.0,0.0,5.710336538461538,0.5,0.5,-1.0,21.0,5.724759615384615,0.0,0.0,0.0,0.0,41.0,12.0,41.0,13.0,8.0,7.0,,5.0
2020-21,106,Mattiello,difensore,Spezia,Cagliari,1.0,4.0,6.0,0.0,0.0,0.0,1.0,5.966666666666667,0.0,1.0,-0.5,15.0,6.0,0.0,0.0,0.0,0.0,5.795779914529914,0.3333333333333333,0.6666666666666666,-0.8333333333333334,19.0,5.81650641025641,0.0,0.0,0.0,0.0,45.0,13.0,,,5.0,4.0,,3.0
2016-17,605,Perica,attaccante,Udinese,Udinese,0.0,1.0,6.615384615384615,6.0,1.0,17.5,26.0,6.4,2.0,0.0,5.5,10.0,5.85,0.0,0.0,0.0,0.0,6.4,2.0,0.0,5.5,10.0,5.85,0.0,0.0,0.0,0.0,39.0,16.0,,,5.0,3.0,,7.0
2017-18,605,Perica,attaccante,Udinese,Udinese,0.0,2.0,5.575,1.0,0.0,0.0,20.0,6.615384615384615,6.0,1.0,17.5,26.0,5.9423076923076925,0.0,0.0,0.0,0.0,6.507692307692308,4.0,0.5,11.5,18.0,5.896153846153846,0.0,0.0,0.0,0.0,45.0,12.0,,,7.0,10.0,,10.0
2018-19,605,Perica,attaccante,Frosinone,Udinese,1.0,3.0,4.857142857142857,0.0,0.0,-1.5,7.0,5.575,1.0,0.0,0.0,20.0,5.575,0.0,0.0,0.0,0.0,6.1967948717948715,3.0,0.3333333333333333,7.666666666666667,18.666666666666668,5.7891025641025635,0.0,0.0,0.0,0.0,37.0,14.0,,,10.0,4.0,,12.0
2016-17,40,Da Costa,portiere,Bologna,Bologna,0.0,1.0,4.676470588235294,0.0,0.0,-25.5,17.0,5.0,0.0,0.0,-4.5,5.0,5.9,0.0,0.0,0.0,0.0,5.0,0.0,0.0,-4.5,5.0,5.9,0.0,0.0,0.0,0.0,41.0,14.0,,,1.0,1.0,,1.0
2017-18,40,Da Costa,portiere,Bologna,Bologna,0.0,2.0,5.125,0.0,0.0,-5.0,4.0,4.676470588235294,0.0,0.0,-25.5,17.0,6.176470588235294,0.0,0.0,0.0,0.0,4.838235294117647,0.0,0.0,-15.0,11.0,6.038235294117648,0.0,0.0,0.0,0.0,41.0,15.0,,,1.0,4.0,,1.0
2020-21,40,Da Costa,portiere,Bologna,Bologna,0.0,4.0,3.75,0.0,0.0,-10.0,6.0,5.0,0.0,0.0,-1.0,1.0,6.0,0.0,0.0,0.0,0.0,5.0625,0.0,0.0,-3.0,2.5,6.1875,0.0,0.0,0.0,0.0,46.0,12.0,,,1.0,1.0,,1.0
2016-17,663,Krafth,difensore,Bologna,Bologna,0.0,1.0,5.52,0.0,0.0,-2.5,25.0,6.0,0.0,0.0,0.0,2.0,6.0,0.0,0.0,0.0,0.0,6.0,0.0,0.0,0.0,2.0,6.0,0.0,0.0,0.0,0.0,41.0,14.0,,,2.0,2.0,,1.0
2017-18,663,Krafth,difensore,Bologna,Bologna,0.0,2.0,5.375,0.0,0.0,-1.0,12.0,5.52,0.0,0.0,-2.5,25.0,5.62,0.0,0.0,0.0,0.0,5.76,0.0,0.0,-1.25,13.5,5.8100000000000005,0.0,0.0,0.0,0.0,41.0,15.0,,,1.0,6.0,,4.0
2016-17,295,Asamoah,centrocampista,Juventus,Juventus,0.0,1.0,6.117647058823529,0.0,1.0,0.0,17.0,6.375,0.0,1.0,0.5,8.0,6.3125,0.0,0.0,0.0,0.0,6.375,0.0,1.0,0.5,8.0,6.3125,0.0,0.0,0.0,0.0,88.0,1.0,,,7.0,5.0,,6.0
2017-18,295,Asamoah,centrocampista,Juventus,Juventus,0.0,2.0,6.0,0.0,0.0,-2.0,19.0,6.117647058823529,0.0,1.0,0.0,17.0,6.117647058823529,0.0,0.0,0.0,0.0,6.2463235294117645,0.0,1.0,0.25,12.5,6.2150735294117645,0.0,0.0,0.0,0.0,88.0,1.0,,,6.0,7.0,,5.0
2018-19,295,Asamoah,difensore,Inter,Juventus,1.0,3.0,5.953125,0.0,1.0,-2.0,32.0,6.0,0.0,0.0,-2.0,19.0,6.105263157894737,0.0,0.0,0.0,0.0,6.16421568627451,0.0,0.6666666666666666,-0.5,14.666666666666666,6.1784700722394215,0.0,0.0,0.0,0.0,92.0,1.0,69.0,5.0,5.0,5.0,,9.0
2019-20,295,Asamoah,difensore,Inter,Inter,0.0,4.0,6.1875,0.0,1.0,0.5,8.0,5.953125,0.0,1.0,-2.0,32.0,6.015625,0.0,0.0,0.0,0.0,6.02359068627451,0.0,0.6666666666666666,-1.3333333333333333,22.666666666666668,6.079511738906088,0.0,0.0,0.0,0.0,66.0,4.0,,,9.0,11.0,,10.0
2020-21,295,Asamoah,difensore,Cagliari,Inter,1.0,5.0,5.928571428571429,0.0,0.0,0.0,7.0,6.1875,0.0,1.0,0.5,8.0,6.125,0.0,0.0,0.0,0.0,6.046875,0.0,0.6666666666666666,-1.1666666666666667,19.666666666666668,6.081962719298246,0.0,0.0,0.0,0.0,79.0,2.0,45.0,13.0,10.0,1.0,,5.0
2016-17,350,Donnarumma G.,portiere,Milan,Milan,0.0,1.0,5.2631578947368425,0.0,0.0,-40.0,38.0,5.293103448275862,0.0,0.0,-30.5,29.0,6.344827586206897,0.0,0.0,0.0,0.0,5.293103448275862,0.0,0.0,-30.5,29.0,6.344827586206897,0.0,0.0,0.0,0.0,57.0,7.0,,,1.0,11.0,,12.0
2017-18,350,Donnarumma G.,portiere,Milan,Milan,0.0,2.0,4.907894736842105,0.0,0.0,-45.0,38.0,5.2631578947368425,0.0,0.0,-40.0,38.0,6.315789473684211,0.0,0.0,0.0,0.0,5.278130671506352,0.0,0.0,-35.25,33.5,6.330308529945554,0.0,0.0,0.0,0.0,63.0,6.0,,,12.0,13.0,,16.0
2018-19,350,Donnarumma G.,portiere,Milan,Milan,0.0,3.0,5.4714285714285715,0.0,0.0,-30.0,35.0,4.907894736842105,0.0,0.0,-45.0,38.0,6.092105263157895,0.0,0.0,0.0,0.0,5.154718693284937,0.0,0.0,-38.5,35.0,6.250907441016334,0.0,0.0,0.0,0.0,61.0,6.0,,,16.0,14.0,,12.0
2019-20,350,Donnarumma G.,portiere,Milan,Milan,0.0,4.0,5.388888888888889,0.0,0.0,-31.5,36.0,5.4714285714285715,0.0,0.0,-30.0,35.0,6.328571428571428,0.0,0.0,0.0,0.0,5.214160401002506,0.0,0.0,-38.333333333333336,37.0,6.24548872180451,0.0,0.0,0.0,0.0,65.0,5.0,,,12.0,17.0,,15.0
2020-21,350,Donnarumma G.,portiere,Milan,Milan,0.0,5.0,5.324324324324325,0.0,0.0,-35.5,37.0,5.388888888888889,0.0,0.0,-31.5,36.0,6.263888888888889,0.0,0.0,0.0,0.0,5.256070732386522,0.0,0.0,-35.5,36.333333333333336,6.228188526872738,0.0,0.0,0.0,0.0,63.0,6.0,,,15.0,15.0,,16.0
2016-17,510,Pegolo,portiere,Sassuolo,Sassuolo,0.0,1.0,0.5,0.0,0.0,-5.0,1.0,5.0,0.0,0.0,-2.5,2.0,6.25,0.0,0.0,0.0,0.0,5.0,0.0,0.0,-2.5,2.0,6.25,0.0,0.0,0.0,0.0,58.0,6.0,,,1.0,1.0,,1.0
2017-18,510,Pegolo,portiere,Sassuolo,Sassuolo,0.0,2.0,4.0,0.0,0.0,-3.0,2.0,0.5,0.0,0.0,-5.0,1.0,5.5,0.0,0.0,0.0,0.0,2.75,0.0,0.0,-3.75,1.5,5.875,0.0,0.0,0.0,0.0,49.0,10.0,,,1.0,1.0,,1.0
2018-19,510,Pegolo,portiere,Sassuolo,Sassuolo,0.0,3.0,4.5,0.0,0.0,-4.5,3.0,4.0,0.0,0.0,-3.0,2.0,5.5,0.0,0.0,0.0,0.0,3.1666666666666665,0.0,0.0,-3.5,1.6666666666666667,5.75,0.0,0.0,0.0,0.0,43.0,11.0,,,1.0,1.0,,1.0
2019-20,510,Pegolo,portiere,Sassuolo,Sassuolo,0.0,4.0,5.9,0.0,0.0,-4.0,5.0,4.5,0.0,0.0,-4.5,3.0,6.0,0.0,0.0,0.0,0.0,3.0,0.0,0.0,-4.166666666666667,2.0,5.666666666666667,0.0,0.0,0.0,0.0,43.0,10.0,,,1.0,2.0,,1.0
2020-21,510,Pegolo,portiere,Sassuolo,Sassuolo,0.0,5.0,6.5,0.0,0.0,0.0,1.0,5.9,0.0,0.0,-4.0,5.0,6.7,0.0,0.0,0.0,0.0,4.8,0.0,0.0,-3.8333333333333335,3.3333333333333335,6.066666666666666,0.0,0.0,0.0,0.0,51.0,8.0,,,1.0,3.0,,1.0
2021-22,510,Pegolo,portiere,Sassuolo,Sassuolo,0.0,6.0,3.0,0.0,0.0,-3.0,1.0,6.5,0.0,0.0,0.0,1.0,6.5,0.0,0.0,0.0,0.0,5.633333333333333,0.0,0.0,-2.8333333333333335,3.0,6.3999999999999995,0.0,0.0,0.0,0.0,59.0,8.0,,,1.0,1.0,,1.0
2022-23,510,Pegolo,portiere,Sassuolo,Sassuolo,0.0,7.0,4.75,0.0,0.0,-3.0,2.0,3.0,0.0,0.0,-3.0,1.0,6.0,0.0,0.0,0.0,0.0,5.133333333333334,0.0,0.0,-2.3333333333333335,2.3333333333333335,6.3999999999999995,0.0,0.0,0.0,0.0,50.0,11.0,,,1.0,1.0,,1.0
2016-17,260,Nagatomo,difensore,Inter,Inter,0.0,1.0,5.466666666666667,0.0,0.0,-1.0,15.0,5.714285714285714,0.0,0.0,-4.0,21.0,5.904761904761905,0.0,0.0,0.0,0.0,5.714285714285714,0.0,0.0,-4.0,21.0,5.904761904761905,0.0,0.0,0.0,0.0,67.0,4.0,,,6.0,6.0,,5.0
2017-18,260,Nagatomo,difensore,Inter,Inter,0.0,2.0,5.818181818181818,0.0,0.0,-0.5,11.0,5.466666666666667,0.0,0.0,-1.0,15.0,5.533333333333333,0.0,0.0,0.0,0.0,5.59047619047619,0.0,0.0,-2.5,18.0,5.719047619047619,0.0,0.0,0.0,0.0,59.0,7.0,,,5.0,3.0,,4.0
2020-21,505,Bonazzoli,attaccante,Torino,Sampdoria,1.0,3.0,6.533333333333333,2.0,3.0,8.5,15.0,7.194444444444445,6.0,0.0,17.5,18.0,6.222222222222222,1469.0,0.0,0.0,0.0,6.447222222222223,3.0,0.0,8.75,11.5,5.961111111111111,734.5,0.0,0.0,0.0,41.0,15.0,39.0,16.0,4.0,15.0,,13.0
2021-22,505,Bonazzoli,attaccante,Salernitana,Torino,1.0,4.0,7.096774193548387,8.0,0.0,27.0,31.0,6.533333333333333,2.0,3.0,8.5,15.0,5.966666666666667,1440.0,0.0,0.07061940059065819,0.0,6.863888888888889,4.0,1.5,13.0,16.5,6.094444444444445,1454.5,0.0,0.035309700295329094,0.0,36.0,17.0,,,13.0,9.0,,8.0
2022-23,505,Bonazzoli,attaccante,Salernitana,Salernitana,0.0,5.0,6.357142857142857,2.0,2.0,7.5,21.0,7.096774193548387,8.0,0.0,27.0,31.0,6.225806451612903,2790.0,0.0,0.0,0.0,6.941517323775389,5.333333333333333,1.0,17.666666666666668,21.333333333333332,6.1382317801672635,1899.6666666666667,0.0,0.023539800196886063,0.0,31.0,17.0,,,8.0,22.0,,14.0
2023-24,505,Bonazzoli,attaccante,Verona,Salernitana,1.0,6.0,6.295454545454546,3.0,1.0,9.0,22.0,6.357142857142857,2.0,2.0,7.5,21.0,6.0,0.0,0.0,0.0,0.0,6.662416794674859,4.0,1.6666666666666667,14.333333333333334,22.333333333333332,6.064157706093191,1410.0,0.0,0.023539800196886063,0.0,42.0,15.0,31.0,17.0,14.0,9.0,4.0,7.0
2016-17,627,Ionita,centrocampista,Cagliari,Verona,1.0,1.0,6.470588235294118,3.0,1.0,7.5,17.0,6.344827586206897,4.0,2.0,13.0,29.0,5.896551724137931,0.0,0.0,0.0,0.0,6.344827586206897,4.0,2.0,13.0,29.0,5.896551724137931,0.0,0.0,0.0,0.0,28.0,20.0,,,5.0,10.0,,8.0
2017-18,627,Ionita,centrocampista,Cagliari,Cagliari,0.0,2.0,5.728571428571429,0.0,1.0,-1.0,35.0,6.470588235294118,3.0,1.0,7.5,17.0,6.029411764705882,0.0,0.0,0.0,0.0,6.407707910750507,3.5,1.5,10.25,23.0,5.962981744421906,0.0,0.0,0.0,0.0,44.0,13.0,,,8.0,9.0,,10.0
2018-19,627,Ionita,centrocampista,Cagliari,Cagliari,0.0,3.0,5.972972972972973,3.0,2.0,8.0,37.0,5.728571428571429,0.0,1.0,-1.0,35.0,5.757142857142857,0.0,0.0,0.0,0.0,6.181329083357482,2.3333333333333335,1.3333333333333333,6.5,27.0,5.894368781995557,0.0,0.0,0.0,0.0,36.0,16.0,,,10.0,7.0,,9.0
2019-20,627,Ionita,centrocampista,Cagliari,Cagliari,0.0,4.0,5.660714285714286,0.0,2.0,-1.0,28.0,5.972972972972973,3.0,2.0,8.0,37.0,5.756756756756757,0.0,0.0,0.0,0.0,6.05737754561284,2.0,1.3333333333333333,4.833333333333333,29.666666666666668,5.847770459535165,0.0,0.0,0.0,0.0,41.0,13.0,,,9.0,8.0,,8.0
2020-21,627,Ionita,centrocampista,Benevento,Cagliari,1.0,5.0,5.763888888888889,2.0,0.0,3.0,36.0,5.660714285714286,0.0,2.0,-1.0,28.0,5.696428571428571,0.0,0.0,0.0,0.0,5.787419562419562,1.0,1.6666666666666667,2.0,33.333333333333336,5.7367760617760615,0.0,0.0,0.0,0.0,45.0,13.0,,,8.0,4.0,,6.0
2016-17,430,Brugman,centrocampista,Pescara,Palermo,1.0,1.0,5.8076923076923075,1.0,1.0,0.5,26.0,5.6923076923076925,0.0,0.0,-1.0,13.0,5.769230769230769,0.0,0.0,0.0,0.0,5.6923076923076925,0.0,0.0,-1.0,13.0,5.769230769230769,0.0,0.0,0.0,0.0,36.0,17.0,,,4.0,3.0,,5.0
2020-21,430,Brugman,centrocampista,Parma,Parma,0.0,3.0,6.020833333333333,1.0,1.0,0.5,24.0,5.95,0.0,1.0,-1.0,20.0,6.0,0.0,0.0,0.0,0.0,5.95,0.0,1.0,-1.0,20.0,6.0,0.0,0.0,0.0,0.0,46.0,11.0,,,5.0,5.0,,5.0
2016-17,660,Gyomber,difensore,Pescara,Roma,1.0,1.0,5.05,0.0,0.0,-2.0,10.0,5.5,0.0,0.0,0.0,2.0,5.5,0.0,0.0,0.0,0.0,5.5,0.0,0.0,0.0,2.0,5.5,0.0,0.0,0.0,0.0,77.0,3.0,,,4.0,1.0,,2.0
2022-23,660,Gyomber,difensore,Salernitana,Salernitana,0.0,3.0,5.934782608695652,0.0,1.0,-1.5,23.0,5.566666666666666,0.0,0.0,-4.5,30.0,5.716666666666667,0.0,0.0,0.0,0.0,5.566666666666666,0.0,0.0,-4.5,30.0,5.716666666666667,0.0,0.0,0.0,0.0,31.0,17.0,,,4.0,4.0,,4.0
2023-24,660,Gyomber,difensore,Salernitana,Salernitana,0.0,4.0,5.068181818181818,0.0,0.0,-6.5,22.0,5.934782608695652,0.0,1.0,-1.5,23.0,6.0,0.0,0.0,0.0,0.0,5.750724637681159,0.0,0.5,-3.0,26.5,5.858333333333333,0.0,0.0,0.0,0.0,42.0,15.0,,,4.0,6.0,7.0,6.0
2016-17,706,Ansaldi,difensore,Inter,Genoa,1.0,1.0,5.523809523809524,0.0,1.0,-4.0,21.0,6.104166666666667,0.0,4.0,2.0,24.0,6.020833333333333,0.0,0.0,0.0,0.0,6.104166666666667,0.0,4.0,2.0,24.0,6.020833333333333,0.0,0.0,0.0,0.0,46.0,10.0,67.0,4.0,8.0,9.0,,10.0
2017-18,706,Ansaldi,difensore,Torino,Inter,1.0,2.0,6.24,1.0,3.0,2.5,25.0,5.523809523809524,0.0,1.0,-4.0,21.0,5.714285714285714,0.0,0.0,0.0,0.0,5.813988095238095,0.0,2.5,-1.0,22.5,5.867559523809524,0.0,0.0,0.0,0.0,59.0,7.0,50.0,9.0,10.0,5.0,,6.0
2018-19,706,Ansaldi,difensore,Torino,Torino,0.0,3.0,6.770833333333333,3.0,2.0,9.5,24.0,6.24,1.0,3.0,2.5,25.0,6.14,0.0,0.0,0.0,0.0,5.955992063492064,0.3333333333333333,2.6666666666666665,0.16666666666666666,23.333333333333332,5.958373015873016,0.0,0.0,0.0,0.0,51.0,10.0,,,6.0,9.0,,11.0
2019-20,706,Ansaldi,difensore,Torino,Torino,0.0,4.0,6.519230769230769,4.0,4.0,11.5,26.0,6.770833333333333,3.0,2.0,9.5,24.0,6.375,0.0,0.0,0.0,0.0,6.178214285714286,1.3333333333333333,2.0,2.6666666666666665,23.333333333333332,6.076428571428572,0.0,0.0,0.0,0.0,60.0,7.0,,,11.0,14.0,,13.0
2020-21,706,Ansaldi,centrocampista,Torino,Torino,0.0,5.0,6.326923076923077,0.0,5.0,7.5,26.0,6.519230769230769,4.0,4.0,11.5,26.0,6.076923076923077,0.0,0.0,0.0,0.0,6.510021367521368,2.6666666666666665,3.0,7.833333333333333,25.0,6.197307692307692,0.0,0.0,0.0,0.0,39.0,16.0,,,13.0,14.0,,8.0
2021-22,706,Ansaldi,difensore,Torino,Torino,0.0,6.0,6.266666666666667,0.0,3.0,2.0,15.0,6.326923076923077,0.0,5.0,7.5,26.0,6.038461538461538,0.0,0.0,0.0,0.0,6.538995726495727,2.3333333333333335,3.6666666666666665,9.5,25.333333333333332,6.163461538461537,0.0,0.0,0.0,0.0,36.0,17.0,,,8.0,13.0,,11.0
2016-17,158,Lezzerini,portiere,Fiorentina,Fiorentina,0.0,1.0,7.0,0.0,0.0,0.0,1.0,4.75,0.0,0.0,-3.0,2.0,6.25,0.0,0.0,0.0,0.0,4.75,0.0,0.0,-3.0,2.0,6.25,0.0,0.0,0.0,0.0,61.0,5.0,,,1.0,2.0,,1.0
2016-17,253,D'ambrosio,difensore,Inter,Inter,0.0,1.0,6.109375,3.0,2.0,9.0,32.0,6.138888888888889,2.0,0.0,3.5,18.0,5.944444444444445,0.0,0.0,0.0,0.0,6.138888888888889,2.0,0.0,3.5,18.0,5.944444444444445,0.0,0.0,0.0,0.0,67.0,4.0,,,5.0,7.0,,7.0
2017-18,253,D'ambrosio,difensore,Inter,Inter,0.0,2.0,6.102941176470588,2.0,3.0,6.0,34.0,6.109375,3.0,2.0,9.0,32.0,5.828125,0.0,0.0,0.0,0.0,6.124131944444445,2.5,1.0,6.25,25.0,5.886284722222222,0.0,0.0,0.0,0.0,59.0,7.0,,,7.0,9.0,,7.0
2018-19,253,D'ambrosio,difensore,Inter,Inter,0.0,3.0,6.189655172413793,2.0,4.0,7.0,29.0,6.102941176470588,2.0,3.0,6.0,34.0,5.926470588235294,0.0,0.0,0.0,0.0,6.117068355119826,2.3333333333333335,1.6666666666666667,6.166666666666667,28.0,5.899680010893246,0.0,0.0,0.0,0.0,69.0,5.0,,,7.0,9.0,,8.0
2019-20,253,D'ambrosio,difensore,Inter,Inter,0.0,4.0,6.583333333333333,4.0,0.0,9.0,18.0,6.189655172413793,2.0,4.0,7.0,29.0,5.948275862068965,0.0,0.0,0.0,0.0,6.133990449628127,2.3333333333333335,3.0,7.333333333333333,31.666666666666668,5.900957150101419,0.0,0.0,0.0,0.0,66.0,4.0,,,8.0,10.0,,9.0
2020-21,253,D'ambrosio,difensore,Inter,Inter,0.0,5.0,7.125,3.0,0.0,8.5,8.0,6.583333333333333,4.0,0.0,9.0,18.0,6.083333333333333,0.0,0.0,0.0,0.0,6.291976560739237,2.6666666666666665,2.3333333333333335,7.333333333333333,27.0,5.986026594545865,0.0,0.0,0.0,0.0,79.0,2.0,,,9.0,9.0,,8.0
2021-22,253,D'ambrosio,difensore,Inter,Inter,0.0,6.0,6.466666666666667,1.0,1.0,3.5,15.0,7.125,3.0,0.0,8.5,8.0,6.0625,0.0,0.0,0.0,0.0,6.632662835249042,3.0,1.3333333333333333,8.166666666666666,18.333333333333332,6.0313697318007655,0.0,0.0,0.0,0.0,88.0,1.0,,,8.0,9.0,,5.0
2022-23,253,D'ambrosio,difensore,Inter,Inter,0.0,7.0,5.961538461538462,0.0,2.0,0.0,13.0,6.466666666666667,1.0,1.0,3.5,15.0,6.233333333333333,0.0,0.0,0.0,0.0,6.7250000000000005,2.6666666666666665,0.3333333333333333,7.0,13.666666666666666,6.126388888888889,0.0,0.0,0.0,0.0,81.0,2.0,,,5.0,13.0,,8.0
2023-24,253,D'Ambrosio,difensore,Monza,Inter,1.0,8.0,5.6875,0.0,0.0,-2.5,24.0,5.961538461538462,0.0,2.0,0.0,13.0,5.961538461538462,0.0,0.0,0.0,0.0,6.517735042735043,1.3333333333333333,1.0,4.0,12.0,6.085790598290598,0.0,0.0,0.0,0.0,69.0,3.0,52.0,10.0,8.0,5.0,5.5,7.0
2024-25,253,D'Ambrosio,difensore,Monza,Monza,0.0,9.0,5.470588235294118,0.0,0.0,-2.0,17.0,5.6875,0.0,0.0,-2.5,24.0,5.791666666666667,0.0,0.0,0.0,0.0,6.038568376068376,0.3333333333333333,1.0,0.3333333333333333,17.333333333333332,5.995512820512821,0.0,0.0,0.0,0.0,45.0,12.0,,,7.0,4.0,10.0,3.0
2016-17,382,Niang,attaccante,Milan,Milan,0.0,1.0,5.964285714285714,2.0,2.0,4.0,14.0,7.366666666666666,3.0,4.0,18.5,15.0,6.133333333333334,0.0,0.0,0.0,0.0,7.366666666666666,3.0,4.0,18.5,15.0,6.133333333333334,0.0,0.0,0.0,0.0,57.0,7.0,,,12.0,9.0,,18.0
2017-18,382,Niang,attaccante,Torino,Milan,1.0,2.0,6.1875,4.0,1.0,10.5,24.0,5.964285714285714,2.0,2.0,4.0,14.0,5.678571428571429,0.0,0.0,0.0,0.0,6.66547619047619,2.5,3.0,11.25,14.5,5.905952380952382,0.0,0.0,0.0,0.0,63.0,6.0,50.0,9.0,18.0,13.0,,11.0
2016-17,487,De Silvestri,difensore,Torino,Sampdoria,1.0,1.0,6.125,1.0,2.0,4.5,16.0,6.235294117647059,1.0,2.0,3.0,17.0,6.0588235294117645,0.0,0.0,0.0,0.0,6.235294117647059,1.0,2.0,3.0,17.0,6.0588235294117645,0.0,0.0,0.0,0.0,40.0,15.0,45.0,11.0,9.0,9.0,,10.0
2017-18,487,De Silvestri,difensore,Torino,Torino,0.0,2.0,6.457142857142857,5.0,2.0,14.5,35.0,6.125,1.0,2.0,4.5,16.0,5.84375,0.0,0.0,0.0,0.0,6.180147058823529,1.0,2.0,3.75,16.5,5.951286764705882,0.0,0.0,0.0,0.0,50.0,9.0,,,10.0,6.0,,5.0
2018-19,487,De Silvestri,difensore,Torino,Torino,0.0,3.0,6.290322580645161,2.0,4.0,9.0,31.0,6.457142857142857,5.0,2.0,14.5,35.0,6.042857142857143,0.0,0.0,0.0,0.0,6.272478991596639,2.3333333333333335,2.0,7.333333333333333,22.666666666666668,5.981810224089635,0.0,0.0,0.0,0.0,51.0,10.0,,,5.0,13.0,,14.0
2019-20,487,De Silvestri,difensore,Torino,Torino,0.0,4.0,5.730769230769231,0.0,0.0,-1.0,26.0,6.290322580645161,2.0,4.0,9.0,31.0,6.0,0.0,0.0,0.0,0.0,6.290821812596007,2.6666666666666665,2.6666666666666665,9.333333333333334,27.333333333333332,5.962202380952381,0.0,0.0,0.0,0.0,60.0,7.0,,,14.0,13.0,,10.0
2020-21,487,De Silvestri,difensore,Bologna,Torino,1.0,5.0,5.857142857142857,2.0,0.0,4.0,28.0,5.730769230769231,0.0,0.0,-1.0,26.0,5.769230769230769,0.0,0.0,0.0,0.0,6.159411556185749,2.3333333333333335,2.0,7.5,30.666666666666668,5.937362637362637,0.0,0.0,0.0,0.0,39.0,16.0,46.0,12.0,10.0,3.0,,8.0
2021-22,487,De Silvestri,difensore,Bologna,Bologna,0.0,6.0,6.17741935483871,3.0,2.0,7.5,31.0,5.857142857142857,2.0,0.0,4.0,28.0,5.714285714285714,0.0,0.0,0.0,0.0,5.959411556185749,1.3333333333333333,1.3333333333333333,4.0,28.333333333333332,5.827838827838828,0.0,0.0,0.0,0.0,41.0,11.0,,,8.0,6.0,,7.0
2022-23,487,De Silvestri,difensore,Bologna,Bologna,0.0,7.0,5.961538461538462,1.0,0.0,0.5,13.0,6.17741935483871,3.0,2.0,7.5,31.0,5.935483870967742,0.0,0.0,0.0,0.0,5.921777147583598,1.6666666666666667,0.6666666666666666,3.5,28.333333333333332,5.806333451494742,0.0,0.0,0.0,0.0,43.0,13.0,,,7.0,12.0,,9.0
2023-24,487,De Silvestri,difensore,Bologna,Bologna,0.0,8.0,6.666666666666667,2.0,0.0,6.0,12.0,5.961538461538462,1.0,0.0,0.5,13.0,5.923076923076923,0.0,0.0,0.0,0.0,5.998700224506677,2.0,0.6666666666666666,4.0,24.0,5.857615502776793,0.0,0.0,0.0,0.0,51.0,11.0,,,9.0,5.0,1.0,2.0
2024-25,487,De Silvestri,difensore,Bologna,Bologna,0.0,9.0,6.0625,1.0,0.0,2.5,16.0,6.666666666666667,2.0,0.0,6.0,12.0,6.166666666666667,0.0,0.0,0.0,0.0,6.268541494347946,2.0,0.6666666666666666,4.666666666666667,18.666666666666668,6.008409153570445,0.0,0.0,0.0,0.0,68.0,3.0,,,2.0,8.0,4.0,3.0
2025-26,487,De Silvestri,difensore,Bologna,Bologna,0.0,10.0,5.95,0.0,0.0,-1.0,10.0,6.0625,1.0,0.0,2.5,16.0,5.90625,0.0,0.0,0.0,0.0,6.2302350427350435,1.3333333333333333,0.0,3.0,13.666666666666666,5.998664529914531,0.0,0.0,0.0,0.0,62.0,8.0,,,3.0,5.0,5.5,4.0
2016-17,530,Pellegrini Lo.,centrocampista,Sassuolo,Sassuolo,0.0,1.0,6.875,5.0,7.0,20.5,28.0,6.21875,3.0,0.0,6.0,16.0,5.84375,0.0,0.0,0.0,0.0,6.21875,3.0,0.0,6.0,16.0,5.84375,0.0,0.0,0.0,0.0,58.0,6.0,,,2.0,7.0,,8.0
2017-18,530,Pellegrini Lo.,centrocampista,Roma,Sassuolo,1.0,2.0,6.3076923076923075,3.0,2.0,9.0,26.0,6.875,5.0,7.0,20.5,28.0,6.142857142857143,0.0,0.0,0.0,0.0,6.546875,4.0,3.5,13.25,22.0,5.993303571428571,0.0,0.0,0.0,0.0,49.0,10.0,84.0,2.0,8.0,12.0,,11.0
2018-19,530,Pellegrini Lo.,centrocampista,Roma,Roma,0.0,3.0,6.46,2.0,4.0,7.0,25.0,6.3076923076923075,3.0,2.0,9.0,26.0,5.961538461538462,0.0,0.0,0.0,0.0,6.467147435897435,3.6666666666666665,3.0,11.833333333333334,23.333333333333332,5.982715201465202,0.0,0.0,0.0,0.0,74.0,3.0,,,11.0,9.0,,14.0
2019-20,530,Pellegrini Lo.,centrocampista,Roma,Roma,0.0,4.0,6.5,1.0,9.0,8.0,27.0,6.46,2.0,4.0,7.0,25.0,6.18,0.0,0.0,0.0,0.0,6.5475641025641025,3.3333333333333335,4.333333333333333,12.166666666666666,26.333333333333332,6.094798534798535,0.0,0.0,0.0,0.0,63.0,6.0,,,14.0,13.0,,13.0
2020-21,530,Pellegrini Lo.,centrocampista,Roma,Roma,0.0,5.0,6.9393939393939394,6.0,5.0,21.0,33.0,6.5,1.0,9.0,8.0,27.0,6.203703703703703,0.0,0.0,0.0,0.0,6.4225641025641025,2.0,5.0,8.0,26.0,6.115080721747387,0.0,0.0,0.0,0.0,67.0,5.0,,,13.0,14.0,,15.0
2021-22,530,Pellegrini Lo.,centrocampista,Roma,Roma,0.0,6.0,7.12962962962963,7.0,3.0,23.0,27.0,6.9393939393939394,6.0,5.0,21.0,33.0,6.303030303030303,0.0,0.0,0.0,0.0,6.6331313131313125,3.0,6.0,12.0,28.333333333333332,6.228911335578002,0.0,0.0,0.0,0.0,61.0,7.0,,,15.0,20.0,,22.0
2022-23,530,Pellegrini Lo.,centrocampista,Roma,Roma,0.0,7.0,6.328125,2.0,5.0,11.5,32.0,7.12962962962963,7.0,3.0,23.0,27.0,6.277777777777778,0.0,0.0,0.0,0.0,6.856341189674524,4.666666666666667,5.666666666666667,17.333333333333332,29.0,6.261503928170594,0.0,0.0,0.0,0.0,60.0,6.0,,,22.0,23.0,,27.0
2023-24,530,Pellegrini Lo.,centrocampista,Roma,Roma,0.0,8.0,6.948275862068965,7.0,3.0,23.5,29.0,6.328125,2.0,5.0,11.5,32.0,5.96875,0.0,0.0,0.0,0.0,6.799049523007857,5.0,4.333333333333333,18.5,30.666666666666668,6.183186026936028,0.0,0.0,0.0,0.0,60.0,7.0,,,27.0,13.0,32.0,16.0
2024-25,530,Pellegrini Lo.,centrocampista,Roma,Roma,0.0,9.0,5.88,1.0,1.0,5.0,25.0,6.948275862068965,7.0,3.0,23.5,29.0,6.137931034482759,0.0,0.0,0.0,0.0,6.802010163899531,5.333333333333333,3.6666666666666665,19.333333333333332,29.333333333333332,6.128152937420179,0.0,0.0,0.0,0.0,63.0,6.0,,,16.0,21.0,87.5,22.0
2025-26,530,Pellegrini Lo.,centrocampista,Roma,Roma,0.0,10.0,6.583333333333333,2.0,2.0,13.0,24.0,5.88,1.0,1.0,5.0,25.0,5.68,0.0,0.0,0.0,0.0,6.385466954022988,3.3333333333333335,3.0,13.333333333333334,28.666666666666668,5.928893678160919,0.0,0.0,0.0,0.0,66.0,5.0,,,22.0,11.0,7.5,11.0
2016-17,764,Sadiq,attaccante,Bologna,Roma,1.0,1.0,5.833333333333333,0.0,1.0,0.0,6.0,7.625,2.0,0.0,6.0,4.0,6.125,0.0,0.0,0.0,0.0,7.625,2.0,0.0,6.0,4.0,6.125,0.0,0.0,0.0,0.0,77.0,3.0,41.0,14.0,2.0,1.0,,3.0
2017-18,764,Sadiq,attaccante,Torino,Bologna,1.0,2.0,4.666666666666667,0.0,0.0,0.0,3.0,5.833333333333333,0.0,1.0,0.0,6.0,5.833333333333333,0.0,0.0,0.0,0.0,6.729166666666666,1.0,0.5,3.0,5.0,5.979166666666666,0.0,0.0,0.0,0.0,41.0,15.0,50.0,9.0,3.0,1.0,,3.0
2016-17,714,Morganella,difensore,Palermo,Palermo,0.0,1.0,4.888888888888889,0.0,0.0,-1.5,9.0,5.428571428571429,0.0,1.0,-2.0,14.0,5.571428571428571,0.0,0.0,0.0,0.0,5.428571428571429,0.0,1.0,-2.0,14.0,5.571428571428571,0.0,0.0,0.0,0.0,36.0,17.0,,,6.0,4.0,,3.0
2016-17,770,Pezzella Giu.,difensore,Palermo,Palermo,0.0,1.0,5.3,0.0,0.0,-0.5,10.0,5.4375,0.0,0.0,0.0,8.0,5.4375,0.0,0.0,0.0,0.0,5.4375,0.0,0.0,0.0,8.0,5.4375,0.0,0.0,0.0,0.0,36.0,17.0,,,1.0,1.0,,3.0
2017-18,770,Pezzella Giu.,difensore,Udinese,Palermo,1.0,2.0,5.321428571428571,0.0,0.0,-2.5,14.0,5.3,0.0,0.0,-0.5,10.0,5.35,0.0,0.0,0.0,0.0,5.36875,0.0,0.0,-0.25,9.0,5.39375,0.0,0.0,0.0,0.0,23.0,19.0,45.0,12.0,3.0,1.0,,4.0
2018-19,770,Pezzella Giu.,difensore,Genoa,Udinese,1.0,3.0,4.9,0.0,0.0,-1.5,5.0,5.321428571428571,0.0,0.0,-2.5,14.0,5.5,0.0,0.0,0.0,0.0,5.35297619047619,0.0,0.0,-1.0,10.666666666666666,5.429166666666667,0.0,0.0,0.0,0.0,37.0,14.0,41.0,12.0,4.0,1.0,,5.0
2019-20,770,Pezzella Giu.,difensore,Parma,Genoa,1.0,4.0,5.657894736842105,0.0,0.0,-1.0,19.0,4.9,0.0,0.0,-1.5,5.0,5.2,0.0,0.0,0.0,0.0,5.173809523809524,0.0,0.0,-1.5,9.666666666666666,5.349999999999999,0.0,0.0,0.0,0.0,37.0,18.0,41.0,14.0,5.0,2.0,,5.0
2020-21,770,Pezzella Giu.,difensore,Parma,Parma,0.0,5.0,6.1875,1.0,4.0,3.5,24.0,5.657894736842105,0.0,0.0,-1.0,19.0,5.7105263157894735,0.0,0.0,0.0,0.0,5.293107769423559,0.0,0.0,-1.6666666666666667,12.666666666666666,5.470175438596492,0.0,0.0,0.0,0.0,46.0,11.0,,,5.0,3.0,,5.0
2021-22,770,Pezzella Giu.,difensore,Atalanta,Parma,1.0,6.0,6.0,0.0,2.0,0.5,16.0,6.1875,1.0,4.0,3.5,24.0,6.041666666666667,0.0,0.0,0.0,0.0,5.581798245614036,0.3333333333333333,1.3333333333333333,0.3333333333333333,16.0,5.650730994152046,0.0,0.0,0.0,0.0,20.0,20.0,78.0,2.0,5.0,9.0,,7.0
2022-23,770,Pezzella Giu.,difensore,Lecce,Atalanta,1.0,7.0,5.714285714285714,0.0,1.0,0.0,14.0,6.0,0.0,2.0,0.5,16.0,5.96875,0.0,0.0,0.0,0.0,5.948464912280702,0.3333333333333333,2.0,1.0,19.666666666666668,5.906980994152047,0.0,0.0,0.0,0.0,59.0,7.0,,,7.0,4.0,,6.0
2023-24,770,Pezzella Giu.,difensore,Empoli,Lecce,1.0,8.0,5.5,0.0,0.0,-2.0,15.0,5.714285714285714,0.0,1.0,0.0,14.0,5.714285714285714,0.0,0.0,0.0,0.0,5.967261904761905,0.3333333333333333,2.3333333333333335,1.3333333333333333,18.0,5.908234126984127,0.0,0.0,0.0,0.0,36.0,16.0,43.0,14.0,6.0,2.0,2.5,5.0
2024-25,770,Pezzella Giu.,difensore,Empoli,Empoli,0.0,9.0,6.042857142857143,0.0,4.0,0.5,35.0,5.5,0.0,0.0,-2.0,15.0,5.633333333333334,0.0,0.0,0.0,0.0,5.738095238095238,0.0,1.0,-0.5,15.0,5.772123015873016,0.0,0.0,0.0,0.0,33.0,18.0,,,5.0,3.0,2.5,5.0
2025-26,770,Pezzella Giu.,difensore,Cremonese,Empoli,1.0,10.0,5.548387096774194,0.0,1.0,-4.0,31.0,6.042857142857143,0.0,4.0,0.5,35.0,6.0285714285714285,0.0,0.0,0.0,0.0,5.752380952380952,0.0,1.6666666666666667,-0.5,21.333333333333332,5.792063492063492,0.0,0.0,0.0,0.0,31.0,17.0,,,5.0,10.0,9.5,5.0
2016-17,51,Morleo,difensore,Bologna,Bologna,0.0,1.0,6.0,0.0,0.0,0.0,1.0,6.2,0.0,0.0,0.0,5.0,6.2,0.0,0.0,0.0,0.0,6.2,0.0,0.0,0.0,5.0,6.2,0.0,0.0,0.0,0.0,41.0,14.0,,,3.0,1.0,,2.0
2016-17,785,Immobile,attaccante,Lazio,Torino,1.0,1.0,8.26388888888889,17.0,2.0,68.5,36.0,7.357142857142857,3.0,3.0,14.0,14.0,6.357142857142857,0.0,0.0,0.0,0.0,7.357142857142857,3.0,3.0,14.0,14.0,6.357142857142857,0.0,0.0,0.0,0.0,45.0,11.0,54.0,8.0,22.0,21.0,,26.0
2017-18,785,Immobile,attaccante,Lazio,Lazio,0.0,2.0,9.196969696969697,22.0,8.0,89.5,33.0,8.26388888888889,17.0,2.0,68.5,36.0,6.361111111111111,0.0,0.0,0.0,0.0,7.8105158730158735,10.0,2.5,41.25,25.0,6.359126984126984,0.0,0.0,0.0,0.0,70.0,4.0,,,26.0,31.0,,31.0
2018-19,785,Immobile,attaccante,Lazio,Lazio,0.0,3.0,7.414285714285715,11.0,6.0,48.0,35.0,9.196969696969697,22.0,8.0,89.5,33.0,6.484848484848484,0.0,0.0,0.0,0.0,8.272667147667148,14.0,4.333333333333333,57.333333333333336,27.666666666666668,6.401034151034151,0.0,0.0,0.0,0.0,72.0,4.0,,,31.0,33.0,,41.0
2019-20,785,Immobile,attaccante,Lazio,Lazio,0.0,4.0,9.486486486486486,22.0,7.0,108.0,37.0,7.414285714285715,11.0,6.0,48.0,35.0,6.042857142857143,0.0,0.0,0.0,0.0,8.291714766714767,16.666666666666668,5.333333333333333,68.66666666666667,34.666666666666664,6.296272246272245,0.0,0.0,0.0,0.0,59.0,8.0,,,41.0,31.0,,34.0
2020-21,785,Immobile,attaccante,Lazio,Lazio,0.0,5.0,7.7,16.0,6.0,51.5,35.0,9.486486486486486,22.0,7.0,108.0,37.0,6.5675675675675675,0.0,0.0,0.0,0.0,8.699247299247299,18.333333333333332,7.0,81.83333333333333,35.0,6.365091065091065,0.0,0.0,0.0,0.0,78.0,4.0,,,34.0,50.0,,49.0
2021-22,785,Immobile,attaccante,Lazio,Lazio,0.0,6.0,9.016129032258064,20.0,2.0,75.0,31.0,7.7,16.0,6.0,51.5,35.0,6.228571428571429,0.0,0.0,0.0,0.0,8.200257400257401,16.333333333333332,6.333333333333333,69.16666666666667,35.666666666666664,6.279665379665379,0.0,0.0,0.0,0.0,68.0,6.0,,,49.0,32.0,,38.0
2022-23,785,Immobile,attaccante,Lazio,Lazio,0.0,7.0,7.482758620689655,8.0,5.0,36.5,29.0,9.016129032258064,20.0,2.0,75.0,31.0,6.596774193548387,0.0,0.0,0.0,0.0,8.73420517291485,19.333333333333332,5.0,78.16666666666667,34.333333333333336,6.464304396562461,0.0,0.0,0.0,0.0,63.0,5.0,,,38.0,44.0,,42.0
2023-24,785,Immobile,attaccante,Lazio,Lazio,0.0,8.0,6.589285714285714,3.0,1.0,19.0,28.0,7.482758620689655,8.0,5.0,36.5,29.0,6.224137931034483,0.0,0.0,0.0,0.0,8.066295884315906,14.666666666666666,4.333333333333333,54.333333333333336,31.666666666666668,6.349827851051433,0.0,0.0,0.0,0.0,71.0,2.0,,,42.0,28.0,118.5,32.0
2016-17,294,Rugani,difensore,Juventus,Juventus,0.0,1.0,6.785714285714286,2.0,0.0,4.0,14.0,6.133333333333334,0.0,0.0,-1.0,15.0,6.2,0.0,0.0,0.0,0.0,6.133333333333334,0.0,0.0,-1.0,15.0,6.2,0.0,0.0,0.0,0.0,88.0,1.0,,,7.0,8.0,,5.0
2017-18,294,Rugani,difensore,Juventus,Juventus,0.0,2.0,6.386363636363637,2.0,1.0,5.5,22.0,6.785714285714286,2.0,0.0,4.0,14.0,6.5,0.0,0.0,0.0,0.0,6.45952380952381,1.0,0.0,1.5,14.5,6.35,0.0,0.0,0.0,0.0,88.0,1.0,,,5.0,6.0,,9.0
2018-19,294,Rugani,difensore,Juventus,Juventus,0.0,3.0,6.233333333333333,2.0,0.0,4.5,15.0,6.386363636363637,2.0,1.0,5.5,22.0,6.136363636363637,0.0,0.0,0.0,0.0,6.435137085137085,1.3333333333333333,0.3333333333333333,2.8333333333333335,17.0,6.278787878787878,0.0,0.0,0.0,0.0,92.0,1.0,,,9.0,10.0,,8.0
2019-20,294,Rugani,difensore,Juventus,Juventus,0.0,4.0,5.1875,0.0,0.0,-1.0,8.0,6.233333333333333,2.0,0.0,4.5,15.0,5.933333333333334,0.0,0.0,0.0,0.0,6.468470418470418,2.0,0.3333333333333333,4.666666666666667,17.0,6.18989898989899,0.0,0.0,0.0,0.0,90.0,1.0,,,8.0,7.0,,7.0
2020-21,294,Rugani,difensore,Cagliari,Juventus,1.0,5.0,6.041666666666667,1.0,1.0,3.0,12.0,5.1875,0.0,0.0,-1.0,8.0,5.3125,0.0,0.0,0.0,0.0,5.935732323232323,1.3333333333333333,0.3333333333333333,3.0,15.0,5.794065656565657,0.0,0.0,0.0,0.0,83.0,1.0,45.0,13.0,7.0,1.0,,6.0
2021-22,294,Rugani,difensore,Juventus,Cagliari,1.0,6.0,5.875,0.0,0.0,-1.0,12.0,6.041666666666667,1.0,1.0,3.0,12.0,5.791666666666667,0.0,0.0,0.0,0.0,5.820833333333334,1.0,0.3333333333333333,2.1666666666666665,11.666666666666666,5.679166666666667,0.0,0.0,0.0,0.0,37.0,16.0,75.0,5.0,6.0,6.0,,5.0
2022-23,294,Rugani,difensore,Juventus,Juventus,0.0,7.0,6.0,0.0,0.0,0.0,7.0,5.875,0.0,0.0,-1.0,12.0,5.958333333333333,0.0,0.0,0.0,0.0,5.701388888888889,0.3333333333333333,0.3333333333333333,0.3333333333333333,10.666666666666666,5.6875,0.0,0.0,0.0,0.0,70.0,4.0,,,5.0,4.0,,5.0
2023-24,294,Rugani,difensore,Juventus,Juventus,0.0,8.0,6.464285714285714,2.0,0.0,5.0,14.0,6.0,0.0,0.0,0.0,7.0,6.0,0.0,0.0,0.0,0.0,5.972222222222222,0.3333333333333333,0.3333333333333333,0.6666666666666666,10.333333333333334,5.916666666666667,0.0,0.0,0.0,0.0,69.0,4.0,,,5.0,3.0,2.5,3.0
2016-17,765,Ajeti,difensore,Torino,Frosinone,1.0,1.0,5.625,1.0,0.0,1.0,4.0,5.533333333333333,1.0,0.0,-2.5,15.0,5.7,0.0,0.0,0.0,0.0,5.533333333333333,1.0,0.0,-2.5,15.0,5.7,0.0,0.0,0.0,0.0,31.0,19.0,45.0,11.0,4.0,5.0,,5.0
2017-18,765,Ajeti,difensore,Crotone,Torino,1.0,2.0,5.638888888888889,0.0,1.0,-2.5,18.0,5.625,1.0,0.0,1.0,4.0,5.375,0.0,0.0,0.0,0.0,5.579166666666667,1.0,0.0,-0.75,9.5,5.5375,0.0,0.0,0.0,0.0,50.0,9.0,31.0,18.0,5.0,1.0,,3.0
2016-17,11,Conti,difensore,Atalanta,Atalanta,0.0,1.0,6.924242424242424,8.0,4.0,22.0,33.0,6.269230769230769,2.0,1.0,5.5,13.0,5.846153846153846,0.0,0.0,0.0,0.0,6.269230769230769,2.0,1.0,5.5,13.0,5.846153846153846,0.0,0.0,0.0,0.0,42.0,13.0,,,1.0,5.0,,8.0
2017-18,11,Conti,difensore,Milan,Atalanta,1.0,2.0,6.25,0.0,0.0,0.0,2.0,6.924242424242424,8.0,4.0,22.0,33.0,6.257575757575758,0.0,0.0,0.0,0.0,6.596736596736596,5.0,2.5,13.75,23.0,6.051864801864802,0.0,0.0,0.0,0.0,69.0,5.0,63.0,6.0,8.0,16.0,,13.0
2018-19,11,Conti,difensore,Milan,Milan,0.0,3.0,5.833333333333333,0.0,2.0,0.5,9.0,6.25,0.0,0.0,0.0,2.0,6.25,0.0,0.0,0.0,0.0,6.48115773115773,3.3333333333333335,1.6666666666666667,9.166666666666666,16.0,6.1179098679098685,0.0,0.0,0.0,0.0,61.0,6.0,,,13.0,3.0,,7.0
2019-20,11,Conti,difensore,Milan,Milan,0.0,4.0,5.595238095238095,0.0,2.0,-2.0,21.0,5.833333333333333,0.0,2.0,0.5,9.0,5.777777777777778,0.0,0.0,0.0,0.0,6.335858585858586,2.6666666666666665,2.0,7.5,14.666666666666666,6.095117845117845,0.0,0.0,0.0,0.0,65.0,5.0,,,7.0,5.0,,5.0
2020-21,11,Conti,difensore,Parma,Milan,1.0,5.0,5.222222222222222,0.0,0.0,-1.5,9.0,5.595238095238095,0.0,2.0,-2.0,21.0,5.690476190476191,0.0,0.0,0.0,0.0,5.892857142857142,0.0,1.3333333333333333,-0.5,10.666666666666666,5.906084656084656,0.0,0.0,0.0,0.0,63.0,6.0,46.0,11.0,5.0,2.0,,5.0
2021-22,11,Conti,difensore,Sampdoria,Parma,1.0,6.0,6.625,1.0,0.0,2.5,4.0,5.222222222222222,0.0,0.0,-1.5,9.0,5.388888888888889,0.0,0.0,0.0,0.0,5.55026455026455,0.0,1.3333333333333333,-1.0,13.0,5.6190476190476195,0.0,0.0,0.0,0.0,20.0,20.0,49.0,9.0,5.0,1.0,,2.0
2022-23,11,Conti,difensore,Sampdoria,Sampdoria,0.0,7.0,6.0,0.0,0.0,0.0,1.0,6.625,1.0,0.0,2.5,4.0,6.0,0.0,0.0,0.0,0.0,5.814153439153439,0.3333333333333333,0.6666666666666666,-0.3333333333333333,11.333333333333334,5.693121693121693,0.0,0.0,0.0,0.0,36.0,15.0,,,2.0,5.0,,3.0
2016-17,395,Strinic,difensore,Napoli,Napoli,0.0,1.0,6.291666666666667,0.0,2.0,0.5,12.0,5.75,0.0,0.0,0.0,4.0,5.75,0.0,0.0,0.0,0.0,5.75,0.0,0.0,0.0,4.0,5.75,0.0,0.0,0.0,0.0,79.0,2.0,,,6.0,1.0,,3.0
2017-18,395,Strinic,difensore,Sampdoria,Napoli,1.0,2.0,5.966666666666667,0.0,2.0,1.0,15.0,6.291666666666667,0.0,2.0,0.5,12.0,6.25,0.0,0.0,0.0,0.0,6.020833333333334,0.0,1.0,0.25,8.0,6.0,0.0,0.0,0.0,0.0,83.0,3.0,48.0,11.0,3.0,4.0,,2.0
2019-20,771,Boateng,centrocampista,Fiorentina,Sassuolo,1.0,2.0,5.958333333333333,1.0,0.0,2.0,12.0,7.3076923076923075,2.0,1.0,12.5,13.0,6.346153846153846,0.0,0.0,0.0,0.0,7.3076923076923075,2.0,1.0,12.5,13.0,6.346153846153846,0.0,0.0,0.0,0.0,43.0,10.0,40.0,15.0,20.0,20.0,,15.0
2018-19,633,Fares,attaccante,SPAL,Verona,1.0,2.0,5.9714285714285715,3.0,1.0,4.0,35.0,5.133333333333334,0.0,1.0,-7.0,30.0,5.366666666666666,0.0,0.0,0.0,0.0,5.233333333333333,0.0,1.0,-3.5,19.5,5.35,0.0,0.0,0.0,0.0,25.0,19.0,35.0,17.0,3.0,3.0,,5.0
2019-20,633,Fares,centrocampista,SPAL,SPAL,0.0,3.0,5.4375,0.0,0.0,-1.0,8.0,5.9714285714285715,3.0,1.0,4.0,35.0,5.857142857142857,0.0,0.0,0.0,0.0,5.552380952380952,1.5,1.0,-1.5,32.5,5.6119047619047615,0.0,0.0,0.0,0.0,42.0,11.0,,,5.0,10.0,,7.0
2020-21,633,Fares,centrocampista,Lazio,SPAL,1.0,4.0,5.690476190476191,0.0,1.0,-1.5,21.0,5.4375,0.0,0.0,-1.0,8.0,5.5625,0.0,0.0,0.0,0.0,5.514087301587302,1.0,0.6666666666666666,-1.3333333333333333,24.333333333333332,5.595436507936508,0.0,0.0,0.0,0.0,20.0,20.0,78.0,4.0,7.0,1.0,,6.0
2021-22,633,Fares,centrocampista,Genoa,Lazio,1.0,5.0,6.5,2.0,1.0,6.0,9.0,5.690476190476191,0.0,1.0,-1.5,21.0,5.761904761904762,0.0,0.0,0.0,0.0,5.699801587301587,1.0,0.6666666666666666,0.5,21.333333333333332,5.72718253968254,0.0,0.0,0.0,0.0,68.0,6.0,39.0,14.0,6.0,4.0,,4.0
2016-17,779,Cristante,centrocampista,Atalanta,Palermo,1.0,1.0,6.4,3.0,2.0,10.0,25.0,5.25,0.0,0.0,0.0,2.0,5.25,0.0,0.0,0.0,0.0,5.25,0.0,0.0,0.0,2.0,5.25,0.0,0.0,0.0,0.0,36.0,17.0,42.0,13.0,8.0,3.0,,5.0
2017-18,779,Cristante,centrocampista,Atalanta,Atalanta,0.0,2.0,6.805555555555555,9.0,3.0,25.5,36.0,6.4,3.0,2.0,10.0,25.0,6.0,0.0,0.0,0.0,0.0,5.825,1.5,1.0,5.0,13.5,5.625,0.0,0.0,0.0,0.0,69.0,5.0,,,5.0,10.0,,8.0
2018-19,779,Cristante,centrocampista,Roma,Atalanta,1.0,3.0,6.128571428571429,4.0,2.0,9.0,35.0,6.805555555555555,9.0,3.0,25.5,36.0,6.097222222222222,0.0,0.0,0.0,0.0,6.151851851851852,4.0,1.6666666666666667,11.833333333333334,21.0,5.782407407407407,0.0,0.0,0.0,0.0,60.0,7.0,74.0,3.0,8.0,15.0,,18.0
2019-20,779,Cristante,centrocampista,Roma,Roma,0.0,4.0,5.8125,1.0,2.0,1.0,24.0,6.128571428571429,4.0,2.0,9.0,35.0,5.871428571428571,0.0,0.0,0.0,0.0,6.444708994708994,5.333333333333333,2.3333333333333335,14.833333333333334,32.0,5.989550264550265,0.0,0.0,0.0,0.0,63.0,6.0,,,18.0,14.0,,10.0
2020-21,779,Cristante,centrocampista,Roma,Roma,0.0,5.0,5.774193548387097,1.0,1.0,-1.5,31.0,5.8125,1.0,2.0,1.0,24.0,5.770833333333333,0.0,0.0,0.0,0.0,6.248875661375661,4.666666666666667,2.3333333333333335,11.833333333333334,31.666666666666668,5.9131613756613755,0.0,0.0,0.0,0.0,67.0,5.0,,,10.0,5.0,,8.0
2021-22,779,Cristante,centrocampista,Roma,Roma,0.0,6.0,5.955882352941177,2.0,0.0,-0.5,34.0,5.774193548387097,1.0,1.0,-1.5,31.0,5.82258064516129,0.0,0.0,0.0,0.0,5.905088325652842,2.0,1.6666666666666667,2.8333333333333335,30.0,5.821614183307731,0.0,0.0,0.0,0.0,61.0,7.0,,,8.0,6.0,,7.0
2022-23,779,Cristante,centrocampista,Roma,Roma,0.0,7.0,5.888888888888889,1.0,1.0,-3.5,36.0,5.955882352941177,2.0,0.0,-0.5,34.0,5.970588235294118,0.0,0.0,0.0,0.0,5.847525300442758,1.3333333333333333,1.0,-0.3333333333333333,29.666666666666668,5.854667404596246,0.0,0.0,0.0,0.0,60.0,6.0,,,7.0,9.0,,9.0
2023-24,779,Cristante,centrocampista,Roma,Roma,0.0,8.0,6.351351351351352,3.0,4.0,9.0,37.0,5.888888888888889,1.0,1.0,-3.5,36.0,5.986111111111111,0.0,0.0,0.0,0.0,5.872988263405721,1.3333333333333333,0.6666666666666666,-1.8333333333333333,33.666666666666664,5.926426663855506,0.0,0.0,0.0,0.0,60.0,7.0,,,9.0,8.0,10.0,9.0
2024-25,779,Cristante,centrocampista,Roma,Roma,0.0,9.0,6.589285714285714,4.0,3.0,11.0,28.0,6.351351351351352,3.0,4.0,9.0,37.0,6.108108108108108,0.0,0.0,0.0,0.0,6.065374197727139,2.0,1.6666666666666667,1.6666666666666667,35.666666666666664,6.0216024848377785,0.0,0.0,0.0,0.0,63.0,6.0,,,9.0,15.0,17.0,9.0
2025-26,779,Cristante,centrocampista,Roma,Roma,0.0,10.0,6.216216216216216,2.0,1.0,4.0,37.0,6.589285714285714,4.0,3.0,11.0,28.0,6.196428571428571,0.0,0.0,0.0,0.0,6.276508651508652,2.6666666666666665,2.6666666666666665,5.5,33.666666666666664,6.096882596882597,0.0,0.0,0.0,0.0,66.0,5.0,,,9.0,15.0,16.0,9.0
2016-17,783,Balogh N.,attaccante,Palermo,Palermo,0.0,1.0,5.333333333333333,0.0,0.0,-1.5,12.0,5.0,0.0,0.0,0.0,1.0,5.0,0.0,0.0,0.0,0.0,5.0,0.0,0.0,0.0,1.0,5.0,0.0,0.0,0.0,0.0,36.0,17.0,,,2.0,1.0,,3.0
2016-17,255,Dodo' R.,difensore,Sampdoria,Sampdoria,0.0,1.0,5.357142857142857,0.0,0.0,0.0,7.0,5.764705882352941,0.0,1.0,-1.0,17.0,5.823529411764706,0.0,0.0,0.0,0.0,5.764705882352941,0.0,1.0,-1.0,17.0,5.823529411764706,0.0,0.0,0.0,0.0,40.0,15.0,,,3.0,5.0,,3.0
2016-17,775,Alvarez R,centrocampista,Sampdoria,Sampdoria,0.0,1.0,6.147058823529412,2.0,1.0,5.0,17.0,6.230769230769231,1.0,1.0,3.0,13.0,6.0,0.0,0.0,0.0,0.0,6.230769230769231,1.0,1.0,3.0,13.0,6.0,0.0,0.0,0.0,0.0,40.0,15.0,,,12.0,10.0,,12.0
2017-18,775,Alvarez R,centrocampista,Sampdoria,Sampdoria,0.0,2.0,6.045454545454546,1.0,0.0,3.0,11.0,6.147058823529412,2.0,1.0,5.0,17.0,5.852941176470588,0.0,0.0,0.0,0.0,6.1889140271493215,1.5,1.0,4.0,15.0,5.9264705882352935,0.0,0.0,0.0,0.0,48.0,11.0,,,12.0,7.0,,8.0
2016-17,792,Zarate,attaccante,Fiorentina,Fiorentina,0.0,1.0,7.6,2.0,1.0,6.5,5.0,6.8076923076923075,3.0,0.0,7.0,13.0,6.269230769230769,0.0,0.0,0.0,0.0,6.8076923076923075,3.0,0.0,7.0,13.0,6.269230769230769,0.0,0.0,0.0,0.0,61.0,5.0,,,10.0,12.0,,11.0
2016-17,795,El Shaarawy,attaccante,Roma,Roma,0.0,1.0,7.120689655172414,8.0,4.0,28.0,29.0,7.9375,8.0,2.0,26.0,16.0,6.3125,0.0,0.0,0.0,0.0,7.9375,8.0,2.0,26.0,16.0,6.3125,0.0,0.0,0.0,0.0,77.0,3.0,,,15.0,21.0,,25.0
2017-18,795,El Shaarawy,attaccante,Roma,Roma,0.0,2.0,6.71875,7.0,5.0,25.5,32.0,7.120689655172414,8.0,4.0,28.0,29.0,6.155172413793103,0.0,0.0,0.0,0.0,7.529094827586206,8.0,3.0,27.0,22.5,6.233836206896552,0.0,0.0,0.0,0.0,84.0,2.0,,,25.0,23.0,,16.0
2018-19,795,El Shaarawy,attaccante,Roma,Roma,0.0,3.0,7.428571428571429,11.0,3.0,35.0,28.0,6.71875,7.0,5.0,25.5,32.0,5.921875,0.0,0.0,0.0,0.0,7.258979885057471,7.666666666666667,3.6666666666666665,26.5,25.666666666666668,6.129849137931035,0.0,0.0,0.0,0.0,74.0,3.0,,,16.0,15.0,,16.0
2021-22,795,El Shaarawy,attaccante,Roma,Roma,0.0,5.0,6.270833333333333,3.0,0.0,8.5,24.0,5.944444444444445,1.0,0.0,2.5,9.0,5.666666666666667,0.0,0.0,0.0,0.0,6.686507936507937,6.0,1.5,18.75,18.5,5.9226190476190474,0.0,0.0,0.0,0.0,61.0,7.0,,,14.0,10.0,,11.0
2022-23,795,El Shaarawy,attaccante,Roma,Roma,0.0,6.0,7.153846153846154,7.0,1.0,20.5,26.0,6.270833333333333,3.0,0.0,8.5,24.0,5.916666666666667,0.0,0.0,0.0,0.0,6.107638888888889,2.0,0.0,5.5,16.5,5.791666666666667,0.0,0.0,0.0,0.0,60.0,6.0,,,11.0,10.0,,9.0
2023-24,795,El Shaarawy,centrocampista,Roma,Roma,0.0,7.0,6.396551724137931,3.0,2.0,10.0,29.0,7.153846153846154,7.0,1.0,20.5,26.0,6.365384615384615,0.0,0.0,0.0,0.0,6.456374643874644,3.6666666666666665,0.3333333333333333,10.5,19.666666666666668,5.982905982905983,0.0,0.0,0.0,0.0,60.0,7.0,,,9.0,23.0,22.0,16.0
2024-25,795,El Shaarawy,centrocampista,Roma,Roma,0.0,8.0,6.714285714285714,3.0,3.0,11.0,21.0,6.396551724137931,3.0,2.0,10.0,29.0,6.051724137931035,0.0,0.0,0.0,0.0,6.607077070439139,4.333333333333333,1.0,13.0,26.333333333333332,6.111258473327439,0.0,0.0,0.0,0.0,63.0,6.0,,,16.0,13.0,19.5,8.0
2025-26,795,El Shaarawy,centrocampista,Roma,Roma,0.0,9.0,6.333333333333333,1.0,2.0,3.5,18.0,6.714285714285714,3.0,3.0,11.0,21.0,6.190476190476191,0.0,0.0,0.0,0.0,6.754894530756599,4.333333333333333,2.0,13.833333333333334,25.333333333333332,6.202528314597281,0.0,0.0,0.0,0.0,66.0,5.0,,,8.0,15.0,8.0,8.0
2016-17,784,Diamanti,centrocampista,Palermo,Atalanta,1.0,1.0,5.948275862068965,1.0,4.0,2.0,29.0,6.25,1.0,1.0,2.0,14.0,6.107142857142857,0.0,0.0,0.0,0.0,6.25,1.0,1.0,2.0,14.0,6.107142857142857,0.0,0.0,0.0,0.0,42.0,13.0,36.0,17.0,15.0,13.0,,13.0
2016-17,514,Antei,difensore,Sassuolo,Sassuolo,0.0,1.0,5.75,1.0,0.0,1.0,14.0,5.8,0.0,1.0,0.0,5.0,5.8,0.0,0.0,0.0,0.0,5.8,0.0,1.0,0.0,5.0,5.8,0.0,0.0,0.0,0.0,58.0,6.0,,,4.0,2.0,,2.0
2017-18,514,Antei,difensore,Benevento,Sassuolo,1.0,2.0,5.3125,0.0,0.0,-1.5,8.0,5.75,1.0,0.0,1.0,14.0,5.678571428571429,0.0,0.0,0.0,0.0,5.775,0.5,0.5,0.5,9.5,5.739285714285714,0.0,0.0,0.0,0.0,49.0,10.0,,,2.0,2.0,,2.0
2016-17,789,Trotta,attaccante,Crotone,Sassuolo,1.0,1.0,6.2407407407407405,2.0,4.0,12.0,27.0,6.166666666666667,1.0,0.0,3.0,6.0,5.666666666666667,0.0,0.0,0.0,0.0,6.166666666666667,1.0,0.0,3.0,6.0,5.666666666666667,0.0,0.0,0.0,0.0,58.0,6.0,,,15.0,10.0,,4.0
2017-18,789,Trotta,attaccante,Crotone,Crotone,0.0,2.0,6.53125,5.0,2.0,19.0,32.0,6.2407407407407405,2.0,4.0,12.0,27.0,5.796296296296297,0.0,0.0,0.0,0.0,6.203703703703704,1.5,2.0,7.5,16.5,5.731481481481482,0.0,0.0,0.0,0.0,31.0,18.0,,,4.0,9.0,,10.0
2018-19,789,Trotta,attaccante,Frosinone,Crotone,1.0,3.0,5.4375,0.0,0.0,0.0,8.0,6.53125,5.0,2.0,19.0,32.0,5.9375,0.0,0.0,0.0,0.0,6.312885802469136,2.6666666666666665,2.0,11.333333333333334,21.666666666666668,5.800154320987655,0.0,0.0,0.0,0.0,35.0,18.0,,,10.0,13.0,,8.0
2016-17,794,Tello C.,attaccante,Fiorentina,Fiorentina,0.0,1.0,6.53030303030303,4.0,5.0,16.5,33.0,6.8,2.0,4.0,9.5,15.0,6.166666666666667,0.0,0.0,0.0,0.0,6.8,2.0,4.0,9.5,15.0,6.166666666666667,0.0,0.0,0.0,0.0,61.0,5.0,,,13.0,14.0,,11.0
2016-17,97,Seculin,portiere,Chievo,Chievo,0.0,1.0,3.5,0.0,0.0,-9.0,4.0,6.0,0.0,0.0,-2.0,3.0,6.666666666666667,0.0,0.0,0.0,0.0,6.0,0.0,0.0,-2.0,3.0,6.666666666666667,0.0,0.0,0.0,0.0,49.0,9.0,,,1.0,3.0,,1.0
2024-25,791,Sabelli,difensore,Genoa,Genoa,0.0,4.0,5.9,0.0,2.0,1.0,30.0,5.870967741935484,0.0,1.0,-1.5,31.0,5.919354838709677,0.0,0.0,0.0,0.0,5.685483870967742,0.0,0.5,-1.5,19.0,5.816820276497696,0.0,0.0,0.0,0.0,46.0,11.0,,,4.0,7.0,9.0,6.0
2025-26,791,Sabelli,difensore,Genoa,Genoa,0.0,5.0,5.653846153846154,0.0,0.0,-2.0,13.0,5.9,0.0,2.0,1.0,30.0,5.866666666666666,0.0,0.0,0.0,0.0,5.885483870967742,0.0,1.5,-0.25,30.5,5.893010752688172,0.0,0.0,0.0,0.0,40.0,13.0,,,6.0,7.0,4.5,5.0
2016-17,788,Freuler,centrocampista,Atalanta,Atalanta,0.0,1.0,6.59375,5.0,4.0,16.5,32.0,6.333333333333333,1.0,0.0,3.0,6.0,5.833333333333333,0.0,0.0,0.0,0.0,6.333333333333333,1.0,0.0,3.0,6.0,5.833333333333333,0.0,0.0,0.0,0.0,42.0,13.0,,,5.0,6.0,,4.0
2017-18,788,Freuler,centrocampista,Atalanta,Atalanta,0.0,2.0,6.571428571428571,5.0,2.0,14.0,35.0,6.59375,5.0,4.0,16.5,32.0,6.078125,0.0,0.0,0.0,0.0,6.463541666666666,3.0,2.0,9.75,19.0,5.955729166666666,0.0,0.0,0.0,0.0,69.0,5.0,,,4.0,13.0,,9.0
2018-19,788,Freuler,centrocampista,Atalanta,Atalanta,0.0,3.0,6.328571428571428,2.0,2.0,6.0,35.0,6.571428571428571,5.0,2.0,14.0,35.0,6.171428571428572,0.0,0.0,0.0,0.0,6.499503968253968,3.6666666666666665,2.0,11.166666666666666,24.333333333333332,6.027628968253968,0.0,0.0,0.0,0.0,60.0,7.0,,,9.0,15.0,,16.0
2019-20,788,Freuler,centrocampista,Atalanta,Atalanta,0.0,4.0,6.233333333333333,2.0,1.0,5.5,30.0,6.328571428571428,2.0,2.0,6.0,35.0,6.1571428571428575,0.0,0.0,0.0,0.0,6.497916666666666,4.0,2.6666666666666665,12.166666666666666,34.0,6.135565476190476,0.0,0.0,0.0,0.0,66.0,3.0,,,16.0,16.0,,13.0
2020-21,788,Freuler,centrocampista,Atalanta,Atalanta,0.0,5.0,6.515151515151516,2.0,3.0,7.0,33.0,6.233333333333333,2.0,1.0,5.5,30.0,6.05,0.0,0.0,0.0,0.0,6.377777777777777,3.0,1.6666666666666667,8.5,33.333333333333336,6.126190476190477,0.0,0.0,0.0,0.0,78.0,3.0,,,13.0,12.0,,11.0
2021-22,788,Freuler,centrocampista,Atalanta,Atalanta,0.0,6.0,5.827586206896552,1.0,1.0,-3.0,29.0,6.515151515151516,2.0,3.0,7.0,33.0,6.303030303030303,0.0,0.0,0.0,0.0,6.35901875901876,2.0,2.0,6.166666666666667,32.666666666666664,6.17005772005772,0.0,0.0,0.0,0.0,78.0,2.0,,,11.0,17.0,,15.0
2024-25,788,Freuler,centrocampista,Bologna,Bologna,0.0,8.0,6.216216216216216,1.0,1.0,1.0,37.0,6.0625,1.0,0.0,-1.5,32.0,6.109375,0.0,0.0,0.0,0.0,5.945043103448276,1.0,0.5,-2.25,30.5,6.0202047413793105,0.0,0.0,0.0,0.0,68.0,3.0,,,7.0,10.0,13.5,9.0
2025-26,788,Freuler,centrocampista,Bologna,Bologna,0.0,9.0,6.035714285714286,1.0,2.0,0.5,28.0,6.216216216216216,1.0,1.0,1.0,37.0,6.1891891891891895,0.0,0.0,0.0,0.0,6.139358108108108,1.0,0.5,-0.25,34.5,6.149282094594595,0.0,0.0,0.0,0.0,62.0,8.0,,,9.0,13.0,14.0,11.0
2016-17,802,Armero,difensore,Udinese,Udinese,0.0,1.0,5.0,0.0,0.0,-0.5,2.0,6.1,1.0,0.0,1.0,5.0,5.9,0.0,0.0,0.0,0.0,6.1,1.0,0.0,1.0,5.0,5.9,0.0,0.0,0.0,0.0,39.0,16.0,,,2.0,3.0,,6.0
2016-17,805,Fiamozzi,difensore,Genoa,Genoa,0.0,1.0,5.5,0.0,0.0,0.0,1.0,5.571428571428571,0.0,0.0,-0.5,7.0,5.642857142857143,0.0,0.0,0.0,0.0,5.571428571428571,0.0,0.0,-0.5,7.0,5.642857142857143,0.0,0.0,0.0,0.0,46.0,10.0,,,3.0,3.0,,5.0
2018-19,621,Romulo,difensore,Lazio,Verona,1.0,2.0,6.166666666666667,0.0,2.0,3.5,27.0,6.297297297297297,1.0,5.0,10.5,37.0,6.013513513513513,3065.0,2.5978796896524727,9.265611275099218,63.0,6.148648648648649,0.5,3.0,5.75,22.0,5.935328185328185,1532.5,1.2989398448262364,4.632805637549609,31.5,25.0,19.0,72.0,4.0,9.0,12.0,,9.0
2019-20,621,Romulo,centrocampista,Brescia,Lazio,1.0,3.0,6.0,1.0,3.0,4.5,22.0,6.166666666666667,0.0,2.0,3.5,27.0,6.037037037037037,2904.0,4.579898190684617,6.509761452674866,42.0,6.231981981981982,0.5,3.5,7.0,32.0,6.025275275275275,2984.5,3.5888889401685447,7.887686363887042,52.5,59.0,8.0,,,9.0,11.0,,7.0
2016-17,817,Costa F,difensore,Chievo,Chievo,0.0,1.0,5.0,0.0,0.0,0.0,1.0,6.0,0.0,0.0,0.0,3.0,6.0,0.0,0.0,0.0,0.0,6.0,0.0,0.0,0.0,3.0,6.0,0.0,0.0,0.0,0.0,49.0,9.0,,,2.0,2.0,,2.0
2017-18,817,Costa F,difensore,SPAL,Chievo,1.0,2.0,5.840909090909091,0.0,1.0,-1.0,22.0,5.0,0.0,0.0,0.0,1.0,5.0,0.0,0.0,0.0,0.0,5.5,0.0,0.0,0.0,2.0,5.5,0.0,0.0,0.0,0.0,43.0,14.0,,,2.0,1.0,,5.0
2018-19,817,Costa F,difensore,SPAL,SPAL,0.0,3.0,5.875,0.0,0.0,0.0,8.0,5.840909090909091,0.0,1.0,-1.0,22.0,5.886363636363637,1159.0,0.7150382930412889,0.24363498203456402,15.0,5.613636363636363,0.0,0.3333333333333333,-0.3333333333333333,8.666666666666666,5.628787878787879,386.3333333333333,0.2383460976804296,0.08121166067818801,5.0,35.0,17.0,,,5.0,7.0,,4.0
2016-17,709,Cosic,difensore,Empoli,Empoli,0.0,1.0,5.5,0.0,0.0,-0.5,13.0,5.611111111111111,0.0,0.0,-2.0,9.0,5.833333333333333,0.0,0.0,0.0,0.0,5.611111111111111,0.0,0.0,-2.0,9.0,5.833333333333333,0.0,0.0,0.0,0.0,43.0,12.0,,,4.0,4.0,,4.0
2016-17,376,Verdi,centrocampista,Bologna,Carpi,1.0,1.0,6.944444444444445,6.0,3.0,19.0,27.0,7.75,1.0,0.0,8.5,6.0,6.333333333333333,0.0,0.0,0.0,0.0,7.75,1.0,0.0,8.5,6.0,6.333333333333333,0.0,0.0,0.0,0.0,35.0,18.0,41.0,14.0,3.0,7.0,,12.0
2017-18,376,Verdi,centrocampista,Bologna,Bologna,0.0,2.0,7.454545454545454,8.0,9.0,38.0,33.0,6.944444444444445,6.0,3.0,19.0,27.0,6.2407407407407405,0.0,0.0,0.0,0.0,7.347222222222222,3.5,1.5,13.75,16.5,6.287037037037036,0.0,0.0,0.0,0.0,41.0,15.0,,,12.0,13.0,,16.0
2018-19,376,Verdi,centrocampista,Napoli,Bologna,1.0,3.0,6.527777777777778,2.0,3.0,12.0,18.0,7.454545454545454,8.0,9.0,38.0,33.0,6.303030303030303,0.0,0.0,0.0,0.0,7.382996632996633,5.0,4.0,21.833333333333332,22.0,6.292368125701459,0.0,0.0,0.0,0.0,39.0,13.0,88.0,2.0,16.0,22.0,,18.0
2019-20,376,Verdi,centrocampista,Torino,Napoli,1.0,4.0,6.203125,2.0,6.0,10.0,32.0,6.527777777777778,2.0,3.0,12.0,18.0,5.861111111111111,0.0,0.0,0.0,0.0,6.975589225589225,5.333333333333333,5.0,23.0,26.0,6.13496071829405,0.0,0.0,0.0,0.0,79.0,2.0,60.0,7.0,18.0,13.0,,17.0
2020-21,376,Verdi,centrocampista,Torino,Torino,0.0,5.0,5.90625,1.0,5.0,5.0,32.0,6.203125,2.0,6.0,10.0,32.0,5.890625,0.0,0.0,0.0,0.0,6.728482744107744,4.0,6.0,20.0,27.666666666666668,6.018255471380471,0.0,0.0,0.0,0.0,39.0,16.0,,,17.0,11.0,,14.0
2021-22,376,Verdi,centrocampista,Salernitana,Torino,1.0,6.0,7.205882352941177,5.0,0.0,16.5,17.0,5.90625,1.0,5.0,5.0,32.0,5.75,0.0,0.0,0.0,0.0,6.2123842592592595,1.6666666666666667,4.666666666666667,9.0,27.333333333333332,5.833912037037037,0.0,0.0,0.0,0.0,36.0,17.0,,,14.0,8.0,,11.0
2022-23,376,Verdi,centrocampista,Verona,Salernitana,1.0,7.0,6.704545454545454,4.0,0.0,14.0,22.0,7.205882352941177,5.0,0.0,16.5,17.0,6.235294117647059,0.0,0.0,0.0,0.0,6.438419117647059,2.6666666666666665,3.6666666666666665,10.5,27.0,5.958639705882352,0.0,0.0,0.0,0.0,31.0,17.0,52.0,9.0,11.0,21.0,,13.0
2016-17,800,Posavec,portiere,Palermo,Palermo,0.0,1.0,3.6724137931034484,0.0,0.0,-63.5,29.0,7.0,0.0,0.0,0.0,1.0,7.0,0.0,0.0,0.0,0.0,7.0,0.0,0.0,0.0,1.0,7.0,0.0,0.0,0.0,0.0,36.0,17.0,,,1.0,1.0,,6.0
2016-17,249,Carrizo,portiere,Inter,Inter,0.0,1.0,4.0,0.0,0.0,-2.0,1.0,4.0,0.0,0.0,-4.0,2.0,6.0,0.0,0.0,0.0,0.0,4.0,0.0,0.0,-4.0,2.0,6.0,0.0,0.0,0.0,0.0,67.0,4.0,,,1.0,1.0,,1.0
2016-17,399,De Guzman,centrocampista,Chievo,Carpi,1.0,1.0,6.08,1.0,1.0,5.5,25.0,7.166666666666667,0.0,0.0,3.0,3.0,6.166666666666667,0.0,0.0,0.0,0.0,7.166666666666667,0.0,0.0,3.0,3.0,6.166666666666667,0.0,0.0,0.0,0.0,35.0,18.0,49.0,9.0,8.0,3.0,,3.0
2016-17,790,Samir,difensore,Udinese,Verona,1.0,1.0,6.071428571428571,0.0,2.0,0.5,21.0,6.666666666666667,1.0,0.0,2.5,3.0,5.833333333333333,0.0,0.0,0.0,0.0,6.666666666666667,1.0,0.0,2.5,3.0,5.833333333333333,0.0,0.0,0.0,0.0,28.0,20.0,39.0,16.0,4.0,3.0,,1.0
2017-18,790,Samir,difensore,Udinese,Udinese,0.0,2.0,5.483870967741935,2.0,0.0,-2.5,31.0,6.071428571428571,0.0,2.0,0.5,21.0,6.0476190476190474,0.0,0.0,0.0,0.0,6.369047619047619,0.5,1.0,1.5,12.0,5.94047619047619,0.0,0.0,0.0,0.0,45.0,12.0,,,1.0,6.0,,8.0
2018-19,790,Samir,difensore,Udinese,Udinese,0.0,3.0,6.0476190476190474,2.0,1.0,3.5,21.0,5.483870967741935,2.0,0.0,-2.5,31.0,5.564516129032258,0.0,0.0,0.0,0.0,6.073988735279058,1.0,0.6666666666666666,0.16666666666666666,18.333333333333332,5.8151561699948795,0.0,0.0,0.0,0.0,37.0,14.0,,,8.0,6.0,,6.0
2019-20,790,Samir,difensore,Udinese,Udinese,0.0,4.0,5.7631578947368425,1.0,0.0,1.5,19.0,6.0476190476190474,2.0,1.0,3.5,21.0,5.880952380952381,0.0,0.0,0.0,0.0,5.867639528929852,1.3333333333333333,1.0,0.5,24.333333333333332,5.831029185867895,0.0,0.0,0.0,0.0,40.0,16.0,,,6.0,8.0,,7.0
2020-21,790,Samir,difensore,Udinese,Udinese,0.0,5.0,5.896551724137931,1.0,0.0,0.0,29.0,5.7631578947368425,1.0,0.0,1.5,19.0,5.684210526315789,0.0,0.0,0.0,0.0,5.764882636699276,1.6666666666666667,0.3333333333333333,0.8333333333333334,23.666666666666668,5.709893012100143,0.0,0.0,0.0,0.0,42.0,14.0,,,7.0,4.0,,5.0
2021-22,790,Samir,difensore,Udinese,Udinese,0.0,6.0,5.794117647058823,0.0,0.0,-2.5,17.0,5.896551724137931,1.0,0.0,0.0,29.0,5.896551724137931,0.0,0.0,0.0,0.0,5.902442888831274,1.3333333333333333,0.3333333333333333,1.6666666666666667,23.0,5.820571543802035,0.0,0.0,0.0,0.0,40.0,12.0,,,5.0,7.0,,7.0
2016-17,385,Gabriel,portiere,Cagliari,Napoli,1.0,1.0,3.1666666666666665,0.0,0.0,-7.5,3.0,6.0,0.0,0.0,0.0,1.0,6.0,0.0,0.0,0.0,0.0,6.0,0.0,0.0,0.0,1.0,6.0,0.0,0.0,0.0,0.0,79.0,2.0,,,1.0,1.0,,1.0
2016-17,780,Cionek,difensore,Palermo,Palermo,0.0,1.0,5.535714285714286,0.0,0.0,-4.0,28.0,6.0,0.0,0.0,-1.0,5.0,6.2,0.0,0.0,0.0,0.0,6.0,0.0,0.0,-1.0,5.0,6.2,0.0,0.0,0.0,0.0,36.0,17.0,,,3.0,4.0,,3.0
2017-18,780,Cionek,difensore,SPAL,Palermo,1.0,2.0,6.2,1.0,0.0,0.5,15.0,5.535714285714286,0.0,0.0,-4.0,28.0,5.678571428571429,0.0,0.0,0.0,0.0,5.767857142857142,0.0,0.0,-2.5,16.5,5.939285714285715,0.0,0.0,0.0,0.0,23.0,19.0,,,3.0,6.0,,3.0
2018-19,780,Cionek,difensore,SPAL,SPAL,0.0,3.0,5.583333333333333,0.0,2.0,-5.5,30.0,6.2,1.0,0.0,0.5,15.0,6.166666666666667,0.0,0.0,0.0,0.0,5.911904761904762,0.3333333333333333,0.0,-1.5,16.0,6.015079365079365,0.0,0.0,0.0,0.0,35.0,17.0,,,3.0,8.0,,9.0
2019-20,780,Cionek,difensore,SPAL,SPAL,0.0,4.0,5.425925925925926,0.0,0.0,-5.5,27.0,5.583333333333333,0.0,2.0,-5.5,30.0,5.766666666666667,0.0,0.0,0.0,0.0,5.773015873015873,0.3333333333333333,0.6666666666666666,-3.0,24.333333333333332,5.87063492063492,0.0,0.0,0.0,0.0,42.0,11.0,,,9.0,7.0,,7.0
2016-17,131,Pelagotti,portiere,Empoli,Empoli,0.0,1.0,4.166666666666667,0.0,0.0,-5.0,3.0,5.583333333333333,0.0,0.0,-5.0,6.0,6.416666666666667,0.0,0.0,0.0,0.0,5.583333333333333,0.0,0.0,-5.0,6.0,6.416666666666667,0.0,0.0,0.0,0.0,43.0,12.0,,,1.0,5.0,,2.0
2019-20,447,La Gumina,attaccante,Sampdoria,Empoli,1.0,2.0,5.666666666666667,0.0,0.0,0.0,3.0,6.205882352941177,2.0,2.0,7.5,17.0,5.764705882352941,0.0,0.0,0.0,0.0,6.205882352941177,2.0,2.0,7.5,17.0,5.764705882352941,0.0,0.0,0.0,0.0,38.0,17.0,50.0,9.0,12.0,11.0,,6.0
2020-21,447,La Gumina,attaccante,Sampdoria,Sampdoria,0.0,3.0,5.5,0.0,0.0,0.0,6.0,5.666666666666667,0.0,0.0,0.0,3.0,5.666666666666667,0.0,0.0,0.0,0.0,5.936274509803922,1.0,1.0,3.75,10.0,5.715686274509804,0.0,0.0,0.0,0.0,41.0,15.0,,,6.0,1.0,,4.0
2016-17,824,Adjapong,difensore,Sassuolo,Sassuolo,0.0,1.0,5.916666666666667,1.0,0.0,1.5,6.0,6.0,0.0,0.0,0.0,1.0,6.0,0.0,0.0,0.0,0.0,6.0,0.0,0.0,0.0,1.0,6.0,0.0,0.0,0.0,0.0,58.0,6.0,,,,,,1.0
2017-18,824,Adjapong,difensore,Sassuolo,Sassuolo,0.0,2.0,5.733333333333333,0.0,1.0,-2.5,15.0,5.916666666666667,1.0,0.0,1.5,6.0,5.666666666666667,0.0,0.0,0.0,0.0,5.958333333333334,0.5,0.0,0.75,3.5,5.833333333333334,0.0,0.0,0.0,0.0,49.0,10.0,,,1.0,2.0,,3.0
2018-19,824,Adjapong,difensore,Sassuolo,Sassuolo,0.0,3.0,6.625,1.0,0.0,2.5,4.0,5.733333333333333,0.0,1.0,-2.5,15.0,5.9,0.0,0.0,0.0,0.0,5.883333333333333,0.3333333333333333,0.3333333333333333,-0.3333333333333333,7.333333333333333,5.855555555555555,0.0,0.0,0.0,0.0,43.0,11.0,,,3.0,5.0,,3.0
2019-20,824,Adjapong,difensore,Verona,Sassuolo,1.0,4.0,5.5,0.0,0.0,0.0,4.0,6.625,1.0,0.0,2.5,4.0,6.0,0.0,0.0,0.0,0.0,6.091666666666668,0.6666666666666666,0.3333333333333333,0.5,8.333333333333334,5.855555555555555,0.0,0.0,0.0,0.0,43.0,10.0,,,3.0,3.0,,3.0
2016-17,371,Mauri J,centrocampista,Empoli,Milan,1.0,1.0,5.571428571428571,0.0,0.0,-2.0,14.0,5.75,0.0,0.0,-1.0,4.0,6.0,0.0,0.0,0.0,0.0,5.75,0.0,0.0,-1.0,4.0,6.0,0.0,0.0,0.0,0.0,57.0,7.0,43.0,12.0,7.0,3.0,,2.0
2018-19,787,Djimsiti,difensore,Atalanta,Benevento,1.0,2.0,5.863636363636363,1.0,1.0,0.5,22.0,5.533333333333333,0.0,1.0,0.0,30.0,5.533333333333333,0.0,0.0,0.0,0.0,5.35,0.0,0.5,-0.25,16.5,5.433333333333334,0.0,0.0,0.0,0.0,21.0,20.0,60.0,7.0,2.0,6.0,,2.0
2019-20,787,Djimsiti,difensore,Atalanta,Atalanta,0.0,3.0,6.205882352941177,2.0,1.0,4.5,34.0,5.863636363636363,1.0,1.0,0.5,22.0,5.840909090909091,0.0,0.0,0.0,0.0,5.698484848484848,0.5,1.0,0.25,26.0,5.6871212121212125,0.0,0.0,0.0,0.0,66.0,3.0,,,2.0,7.0,,8.0
2020-21,787,Djimsiti,difensore,Atalanta,Atalanta,0.0,4.0,6.03030303030303,0.0,2.0,-2.0,33.0,6.205882352941177,2.0,1.0,4.5,34.0,6.073529411764706,0.0,0.0,0.0,0.0,5.867617349970291,1.0,1.0,1.6666666666666667,28.666666666666668,5.815923945335709,0.0,0.0,0.0,0.0,78.0,3.0,,,8.0,11.0,,9.0
2021-22,787,Djimsiti,difensore,Atalanta,Atalanta,0.0,5.0,5.844827586206897,1.0,1.0,-0.5,29.0,6.03030303030303,0.0,2.0,-2.0,33.0,6.090909090909091,0.0,0.0,0.0,0.0,6.033273915626857,1.0,1.3333333333333333,1.0,29.666666666666668,6.001782531194295,0.0,0.0,0.0,0.0,78.0,2.0,,,9.0,10.0,,10.0
2022-23,787,Djimsiti,difensore,Atalanta,Atalanta,0.0,6.0,5.886363636363637,0.0,1.0,-0.5,22.0,5.844827586206897,1.0,1.0,-0.5,29.0,5.862068965517241,0.0,0.0,0.0,0.0,6.0270043231503685,1.0,1.3333333333333333,0.6666666666666666,32.0,6.008835822730346,0.0,0.0,0.0,0.0,59.0,7.0,,,10.0,6.0,,7.0
2023-24,787,Djimsiti,difensore,Atalanta,Atalanta,0.0,7.0,5.916666666666667,0.0,1.0,-1.0,36.0,5.886363636363637,0.0,1.0,-0.5,22.0,5.909090909090909,0.0,0.0,0.0,0.0,5.9204980842911885,0.3333333333333333,1.3333333333333333,-1.0,28.0,5.954022988505748,0.0,0.0,0.0,0.0,61.0,6.0,,,7.0,7.0,6.0,7.0
2024-25,787,Djimsiti,difensore,Atalanta,Atalanta,0.0,8.0,5.878787878787879,1.0,2.0,0.0,33.0,5.916666666666667,0.0,1.0,-1.0,36.0,5.944444444444445,0.0,0.0,0.0,0.0,5.8826192964124004,0.3333333333333333,1.0,-0.6666666666666666,29.0,5.905201439684198,0.0,0.0,0.0,0.0,66.0,5.0,,,7.0,8.0,16.5,8.0
2025-26,787,Djimsiti,difensore,Atalanta,Atalanta,0.0,9.0,5.803030303030303,0.0,0.0,-2.0,33.0,5.878787878787879,1.0,2.0,0.0,33.0,5.878787878787879,0.0,0.0,0.0,0.0,5.8939393939393945,0.3333333333333333,1.3333333333333333,-0.5,30.333333333333332,5.910774410774411,0.0,0.0,0.0,0.0,74.0,3.0,,,8.0,8.0,11.5,8.0
2022-23,799,Bardi,portiere,Bologna,Bologna,0.0,3.0,6.0,0.0,0.0,0.0,1.0,5.25,0.0,0.0,-2.0,2.0,6.25,0.0,0.0,0.0,0.0,5.25,0.0,0.0,-2.0,2.0,6.25,0.0,0.0,0.0,0.0,43.0,13.0,,,1.0,4.0,,1.0
2016-17,470,Strootman,centrocampista,Roma,Roma,0.0,1.0,6.757575757575758,4.0,6.0,15.0,33.0,6.5,0.0,1.0,0.5,3.0,6.333333333333333,0.0,0.0,0.0,0.0,6.5,0.0,1.0,0.5,3.0,6.333333333333333,0.0,0.0,0.0,0.0,77.0,3.0,,,9.0,4.0,,13.0
2017-18,470,Strootman,centrocampista,Roma,Roma,0.0,2.0,5.879310344827586,1.0,0.0,1.0,29.0,6.757575757575758,4.0,6.0,15.0,33.0,6.303030303030303,0.0,0.0,0.0,0.0,6.628787878787879,2.0,3.5,7.75,18.0,6.318181818181818,0.0,0.0,0.0,0.0,84.0,2.0,,,13.0,17.0,,13.0
2018-19,470,Strootman,centrocampista,Roma,Roma,0.0,3.0,5.5,0.0,0.0,0.0,1.0,5.879310344827586,1.0,0.0,1.0,29.0,5.844827586206897,0.0,0.0,0.0,0.0,6.378962034134449,1.6666666666666667,2.3333333333333335,5.5,21.666666666666668,6.160397074190178,0.0,0.0,0.0,0.0,74.0,3.0,,,13.0,8.0,,10.0
2021-22,470,Strootman,centrocampista,Cagliari,Genoa,1.0,5.0,5.5,0.0,0.0,-2.0,9.0,6.138888888888889,0.0,3.0,-0.5,18.0,6.166666666666667,0.0,0.0,0.0,0.0,5.819444444444445,0.0,1.5,-0.25,9.5,5.833333333333334,0.0,0.0,0.0,0.0,39.0,14.0,37.0,16.0,8.0,10.0,,11.0
2016-17,798,Skriniar,difensore,Sampdoria,Sampdoria,0.0,1.0,5.614285714285714,0.0,0.0,-3.0,35.0,5.0,0.0,0.0,-1.0,2.0,5.5,0.0,0.0,0.0,0.0,5.0,0.0,0.0,-1.0,2.0,5.5,0.0,0.0,0.0,0.0,40.0,15.0,,,4.0,2.0,,4.0
2017-18,798,Skriniar,difensore,Inter,Sampdoria,1.0,2.0,6.5131578947368425,4.0,0.0,9.0,38.0,5.614285714285714,0.0,0.0,-3.0,35.0,5.7,0.0,0.0,0.0,0.0,5.307142857142857,0.0,0.0,-2.0,18.5,5.6,0.0,0.0,0.0,0.0,48.0,11.0,59.0,7.0,4.0,7.0,,8.0
2018-19,798,Skriniar,difensore,Inter,Inter,0.0,3.0,5.985714285714286,0.0,0.0,-4.0,35.0,6.5131578947368425,4.0,0.0,9.0,38.0,6.276315789473684,0.0,0.0,0.0,0.0,5.709147869674186,1.3333333333333333,0.0,1.6666666666666667,25.0,5.825438596491228,0.0,0.0,0.0,0.0,69.0,5.0,,,8.0,14.0,,16.0
2019-20,798,Skriniar,difensore,Inter,Inter,0.0,4.0,5.9375,0.0,0.0,-6.5,32.0,5.985714285714286,0.0,0.0,-4.0,35.0,6.1,0.0,0.0,0.0,0.0,6.037719298245615,1.3333333333333333,0.0,0.6666666666666666,36.0,6.025438596491227,0.0,0.0,0.0,0.0,66.0,4.0,,,16.0,14.0,,15.0
2020-21,798,Skriniar,difensore,Inter,Inter,0.0,5.0,6.578125,3.0,0.0,8.5,32.0,5.9375,0.0,0.0,-6.5,32.0,6.140625,0.0,0.0,0.0,0.0,6.14545739348371,1.3333333333333333,0.0,-0.5,35.0,6.172313596491228,0.0,0.0,0.0,0.0,79.0,2.0,,,15.0,8.0,,8.0
2021-22,798,Skriniar,difensore,Inter,Inter,0.0,6.0,6.428571428571429,3.0,0.0,7.5,35.0,6.578125,3.0,0.0,8.5,32.0,6.3125,0.0,0.0,0.0,0.0,6.167113095238096,1.0,0.0,-0.6666666666666666,33.0,6.184375,0.0,0.0,0.0,0.0,88.0,1.0,,,8.0,17.0,,15.0
2022-23,798,Skriniar,difensore,Inter,Inter,0.0,7.0,5.571428571428571,0.0,0.0,-4.5,21.0,6.428571428571429,3.0,0.0,7.5,35.0,6.214285714285714,0.0,0.0,0.0,0.0,6.314732142857143,2.0,0.0,3.1666666666666665,33.0,6.222470238095238,0.0,0.0,0.0,0.0,81.0,2.0,,,15.0,16.0,,17.0
2016-17,801,Gagliardini,centrocampista,Inter,Atalanta,1.0,1.0,6.303571428571429,2.0,3.0,6.0,28.0,6.0,0.0,0.0,0.0,1.0,6.0,0.0,0.0,0.0,0.0,6.0,0.0,0.0,0.0,1.0,6.0,0.0,0.0,0.0,0.0,42.0,13.0,67.0,4.0,3.0,2.0,,1.0
2017-18,801,Gagliardini,centrocampista,Inter,Inter,0.0,2.0,5.607142857142857,0.0,0.0,-4.0,28.0,6.303571428571429,2.0,3.0,6.0,28.0,6.089285714285714,0.0,0.0,0.0,0.0,6.151785714285714,1.0,1.5,3.0,14.5,6.044642857142858,0.0,0.0,0.0,0.0,59.0,7.0,,,1.0,9.0,,11.0
2018-19,801,Gagliardini,centrocampista,Inter,Inter,0.0,3.0,6.966666666666667,5.0,0.0,13.0,15.0,5.607142857142857,0.0,0.0,-4.0,28.0,5.75,0.0,0.0,0.0,0.0,5.970238095238095,0.6666666666666666,1.0,0.6666666666666666,19.0,5.946428571428572,0.0,0.0,0.0,0.0,69.0,5.0,,,11.0,6.0,,7.0
2019-20,801,Gagliardini,centrocampista,Inter,Inter,0.0,4.0,6.333333333333333,4.0,0.0,9.5,24.0,6.966666666666667,5.0,0.0,13.0,15.0,6.1,0.0,0.0,0.0,0.0,6.292460317460318,2.3333333333333335,1.0,5.0,23.666666666666668,5.979761904761904,0.0,0.0,0.0,0.0,66.0,4.0,,,7.0,10.0,,8.0
2020-21,801,Gagliardini,centrocampista,Inter,Inter,0.0,5.0,6.5,3.0,2.0,10.0,22.0,6.333333333333333,4.0,0.0,9.5,24.0,5.9375,0.0,0.0,0.0,0.0,6.302380952380953,3.0,0.0,6.166666666666667,22.333333333333332,5.929166666666667,0.0,0.0,0.0,0.0,79.0,2.0,,,8.0,9.0,,7.0
2021-22,801,Gagliardini,centrocampista,Inter,Inter,0.0,6.0,6.566666666666666,2.0,2.0,7.0,15.0,6.5,3.0,2.0,10.0,22.0,6.045454545454546,0.0,0.0,0.0,0.0,6.599999999999999,4.0,0.6666666666666666,10.833333333333334,20.333333333333332,6.027651515151516,0.0,0.0,0.0,0.0,88.0,1.0,,,7.0,11.0,,6.0
2022-23,801,Gagliardini,centrocampista,Inter,Inter,0.0,7.0,5.461538461538462,0.0,0.0,-2.0,13.0,6.566666666666666,2.0,2.0,7.0,15.0,6.1,0.0,0.0,0.0,0.0,6.466666666666666,3.0,1.3333333333333333,8.833333333333334,20.333333333333332,6.027651515151515,0.0,0.0,0.0,0.0,81.0,2.0,,,6.0,11.0,,8.0
2023-24,801,Gagliardini,centrocampista,Monza,Inter,1.0,8.0,5.921875,1.0,1.0,1.5,32.0,5.461538461538462,0.0,0.0,-2.0,13.0,5.615384615384615,0.0,0.0,0.0,0.0,6.176068376068376,1.6666666666666667,1.3333333333333333,5.0,16.666666666666668,5.92027972027972,0.0,0.0,0.0,0.0,69.0,3.0,52.0,10.0,8.0,2.0,2.0,6.0
2024-25,801,Gagliardini,centrocampista,Monza,Monza,0.0,9.0,5.583333333333333,0.0,0.0,-0.5,6.0,5.921875,1.0,1.0,1.5,32.0,5.875,0.0,0.0,0.0,0.0,5.983360042735043,1.0,1.0,2.1666666666666665,20.0,5.8634615384615385,0.0,0.0,0.0,0.0,45.0,12.0,,,6.0,8.0,12.5,5.0
2025-26,801,Gagliardini,centrocampista,Verona,Monza,1.0,10.0,5.844827586206897,1.0,0.0,-2.0,29.0,5.583333333333333,0.0,0.0,-0.5,6.0,5.666666666666667,0.0,0.0,0.0,0.0,5.655582264957265,0.3333333333333333,0.3333333333333333,-0.3333333333333333,17.0,5.719017094017095,0.0,0.0,0.0,0.0,18.0,20.0,34.0,15.0,5.0,2.0,2.0,2.0
2019-20,1843,Radu I.,portiere,Genoa,Genoa,0.0,2.0,4.0,0.0,1.0,-34.5,17.0,5.0,0.0,0.0,-43.0,33.0,6.303030303030303,0.0,0.0,0.0,0.0,5.0,0.0,0.0,-43.0,33.0,6.303030303030303,0.0,0.0,0.0,0.0,37.0,18.0,,,1.0,11.0,,8.0
2020-21,1843,Radu I.,portiere,Inter,Genoa,1.0,3.0,5.5,0.0,0.0,-1.0,2.0,4.0,0.0,1.0,-34.5,17.0,6.029411764705882,0.0,0.0,0.0,0.0,4.5,0.0,0.5,-38.75,25.0,6.1662210338680925,0.0,0.0,0.0,0.0,36.0,17.0,79.0,2.0,8.0,1.0,,1.0
2021-22,1843,Radu I.,portiere,Inter,Inter,0.0,4.0,2.0,0.0,0.0,-2.0,1.0,5.5,0.0,0.0,-1.0,2.0,6.0,0.0,0.0,0.0,0.0,4.833333333333333,0.0,0.3333333333333333,-26.166666666666668,17.333333333333332,6.110814022578729,0.0,0.0,0.0,0.0,88.0,1.0,,,1.0,4.0,,1.0
2022-23,1843,Radu I.,portiere,Cremonese,Inter,1.0,5.0,4.0,0.0,0.0,-19.0,9.0,2.0,0.0,0.0,-2.0,1.0,4.0,0.0,0.0,0.0,0.0,3.8333333333333335,0.0,0.3333333333333333,-12.5,6.666666666666667,5.343137254901961,0.0,0.0,0.0,0.0,81.0,2.0,,,1.0,1.0,,5.0
2016-17,827,Locatelli,centrocampista,Milan,Milan,0.0,1.0,6.02,2.0,0.0,2.5,25.0,4.5,0.0,0.0,-0.5,1.0,5.0,393.0,0.7947423961013556,0.383612509816885,9.0,4.5,0.0,0.0,-0.5,1.0,5.0,393.0,0.7947423961013556,0.383612509816885,9.0,57.0,7.0,,,1.0,1.0,,1.0
2017-18,827,Locatelli,centrocampista,Milan,Milan,0.0,2.0,5.8,0.0,0.0,-2.0,15.0,6.02,2.0,0.0,2.5,25.0,5.92,566.0,0.9716997221112251,1.4939524298533797,15.0,5.26,1.0,0.0,1.0,13.0,5.46,479.5,0.8832210591062903,0.9387824698351324,12.0,63.0,6.0,,,1.0,5.0,,3.0
2018-19,827,Locatelli,centrocampista,Sassuolo,Milan,1.0,3.0,6.211538461538462,2.0,4.0,7.0,26.0,5.8,0.0,0.0,-2.0,15.0,5.933333333333334,0.0,0.0,0.0,0.0,5.44,0.6666666666666666,0.0,0.0,13.666666666666666,5.6177777777777775,319.6666666666667,0.5888140394041935,0.6258549798900882,8.0,61.0,6.0,43.0,11.0,3.0,4.0,,7.0
2019-20,827,Locatelli,centrocampista,Sassuolo,Sassuolo,0.0,4.0,6.166666666666667,0.0,4.0,-2.5,33.0,6.211538461538462,2.0,4.0,7.0,26.0,5.9423076923076925,0.0,0.0,0.0,0.0,6.01051282051282,1.3333333333333333,1.3333333333333333,2.5,22.0,5.931880341880341,188.66666666666666,0.32389990737040836,0.4979841432844599,5.0,43.0,10.0,,,7.0,10.0,,11.0
2020-21,827,Locatelli,centrocampista,Sassuolo,Sassuolo,0.0,5.0,6.529411764705882,2.0,1.0,8.5,34.0,6.166666666666667,0.0,4.0,-2.5,33.0,6.242424242424242,0.0,0.0,0.0,0.0,6.059401709401709,0.6666666666666666,2.6666666666666665,0.8333333333333334,24.666666666666668,6.03935508935509,0.0,0.0,0.0,0.0,51.0,8.0,,,11.0,11.0,,12.0
2021-22,827,Locatelli,centrocampista,Juventus,Sassuolo,1.0,6.0,6.4655172413793105,3.0,3.0,9.0,29.0,6.529411764705882,2.0,1.0,8.5,34.0,6.279411764705882,0.0,0.0,0.0,0.0,6.302538964303669,1.3333333333333333,3.0,4.333333333333333,31.0,6.154714566479272,0.0,0.0,0.0,0.0,59.0,8.0,75.0,5.0,12.0,16.0,,16.0
2022-23,827,Locatelli,centrocampista,Juventus,Juventus,0.0,7.0,6.080645161290323,0.0,2.0,-2.0,31.0,6.4655172413793105,3.0,3.0,9.0,29.0,6.155172413793103,0.0,0.0,0.0,0.0,6.387198557583954,1.6666666666666667,2.6666666666666665,5.0,32.0,6.2256694736410765,0.0,0.0,0.0,0.0,70.0,4.0,,,16.0,14.0,,14.0
2023-24,827,Locatelli,centrocampista,Juventus,Juventus,0.0,8.0,5.942857142857143,1.0,4.0,4.0,35.0,6.080645161290323,0.0,2.0,-2.0,31.0,6.145161290322581,0.0,0.0,0.0,0.0,6.358524722458505,1.6666666666666667,2.0,5.166666666666667,31.333333333333332,6.193248489607188,0.0,0.0,0.0,0.0,69.0,4.0,,,14.0,10.0,14.5,12.0
2024-25,827,Locatelli,centrocampista,Juventus,Juventus,0.0,9.0,6.257142857142857,1.0,1.0,2.5,35.0,5.942857142857143,1.0,4.0,4.0,35.0,5.828571428571428,0.0,0.0,0.0,0.0,6.163006515175592,1.3333333333333333,3.0,3.6666666666666665,31.666666666666668,6.042968377562371,0.0,0.0,0.0,0.0,68.0,4.0,,,12.0,9.0,14.0,8.0
2025-26,827,Locatelli,centrocampista,Juventus,Juventus,0.0,10.0,6.194444444444445,1.0,2.0,-2.5,36.0,6.257142857142857,1.0,1.0,2.5,35.0,6.185714285714286,0.0,0.0,0.0,0.0,6.093548387096774,0.6666666666666666,2.3333333333333335,1.5,33.666666666666664,6.053149001536099,0.0,0.0,0.0,0.0,67.0,4.0,,,8.0,13.0,17.0,12.0
2017-18,1858,Krejci,centrocampista,Bologna,Bologna,0.0,1.0,5.5625,0.0,0.0,0.0,8.0,6.128571428571429,0.0,7.0,9.0,35.0,5.871428571428571,0.0,0.0,0.0,0.0,6.128571428571429,0.0,7.0,9.0,35.0,5.871428571428571,0.0,0.0,0.0,0.0,41.0,15.0,,,11.0,9.0,,8.0
2018-19,1858,Krejci,centrocampista,Bologna,Bologna,0.0,2.0,5.71875,0.0,3.0,2.0,16.0,5.5625,0.0,0.0,0.0,8.0,5.5625,0.0,0.0,0.0,0.0,5.845535714285715,0.0,3.5,4.5,21.5,5.716964285714285,0.0,0.0,0.0,0.0,39.0,13.0,,,8.0,2.0,,5.0
2019-20,1858,Krejci,centrocampista,Bologna,Bologna,0.0,3.0,6.0,1.0,0.0,2.0,14.0,5.71875,0.0,3.0,2.0,16.0,5.59375,0.0,0.0,0.0,0.0,5.80327380952381,0.0,3.3333333333333335,3.6666666666666665,19.666666666666668,5.675892857142856,0.0,0.0,0.0,0.0,41.0,12.0,,,5.0,6.0,,3.0
2017-18,1859,Nagy,centrocampista,Bologna,Bologna,0.0,1.0,6.041666666666667,1.0,0.0,2.5,12.0,5.708333333333333,0.0,0.0,-2.0,24.0,5.791666666666667,0.0,0.0,0.0,0.0,5.708333333333333,0.0,0.0,-2.0,24.0,5.791666666666667,0.0,0.0,0.0,0.0,41.0,15.0,,,6.0,4.0,,7.0
2018-19,1859,Nagy,centrocampista,Bologna,Bologna,0.0,2.0,5.461538461538462,0.0,0.0,-2.0,13.0,6.041666666666667,1.0,0.0,2.5,12.0,5.833333333333333,0.0,0.0,0.0,0.0,5.875,0.5,0.0,0.25,18.0,5.8125,0.0,0.0,0.0,0.0,39.0,13.0,,,7.0,5.0,,4.0
2017-18,1889,Cordaz,portiere,Crotone,Crotone,0.0,1.0,4.4605263157894735,0.0,0.0,-64.0,38.0,5.055555555555555,0.0,0.0,-50.0,36.0,6.444444444444445,0.0,0.0,0.0,0.0,5.055555555555555,0.0,0.0,-50.0,36.0,6.444444444444445,0.0,0.0,0.0,0.0,31.0,18.0,,,6.0,13.0,,7.0
2017-18,1891,Ceccherini,difensore,Crotone,Crotone,0.0,1.0,5.824324324324325,1.0,1.0,1.0,37.0,5.871428571428571,1.0,0.0,-1.5,35.0,5.914285714285715,0.0,0.0,0.0,0.0,5.871428571428571,1.0,0.0,-1.5,35.0,5.914285714285715,0.0,0.0,0.0,0.0,31.0,18.0,,,5.0,9.0,,6.0
2018-19,1891,Ceccherini,difensore,Fiorentina,Crotone,1.0,2.0,5.653846153846154,0.0,0.0,-1.5,13.0,5.824324324324325,1.0,1.0,1.0,37.0,5.797297297297297,0.0,0.0,0.0,0.0,5.847876447876448,1.0,0.5,-0.25,36.0,5.855791505791506,0.0,0.0,0.0,0.0,35.0,18.0,57.0,8.0,6.0,11.0,,6.0
2019-20,1891,Ceccherini,difensore,Fiorentina,Fiorentina,0.0,3.0,5.7,0.0,0.0,-1.5,10.0,5.653846153846154,0.0,0.0,-1.5,13.0,5.769230769230769,0.0,0.0,0.0,0.0,5.783199683199683,0.6666666666666666,0.3333333333333333,-0.6666666666666666,28.333333333333332,5.826937926937927,0.0,0.0,0.0,0.0,40.0,15.0,,,6.0,6.0,,5.0
2020-21,1891,Ceccherini,difensore,Verona,Fiorentina,1.0,4.0,5.660714285714286,0.0,0.0,-7.0,28.0,5.7,0.0,0.0,-1.5,10.0,5.85,0.0,0.0,0.0,0.0,5.726056826056826,0.3333333333333333,0.3333333333333333,-0.6666666666666666,20.0,5.805509355509355,0.0,0.0,0.0,0.0,46.0,10.0,49.0,9.0,5.0,2.0,,4.0
2021-22,1891,Ceccherini,difensore,Verona,Verona,0.0,5.0,5.794117647058823,1.0,0.0,-3.0,34.0,5.660714285714286,0.0,0.0,-7.0,28.0,5.910714285714286,0.0,0.0,0.0,0.0,5.671520146520147,0.0,0.0,-3.3333333333333335,17.0,5.843315018315018,0.0,0.0,0.0,0.0,44.0,10.0,,,4.0,5.0,,4.0
2022-23,1891,Ceccherini,difensore,Verona,Verona,0.0,6.0,5.9,2.0,0.0,0.5,20.0,5.794117647058823,1.0,0.0,-3.0,34.0,5.882352941176471,0.0,0.0,0.0,0.0,5.71827731092437,0.3333333333333333,0.0,-3.8333333333333335,24.0,5.881022408963585,0.0,0.0,0.0,0.0,52.0,9.0,,,4.0,7.0,,6.0
2017-18,1895,Ferrari G.,difensore,Sampdoria,Crotone,1.0,1.0,5.816666666666666,2.0,0.0,4.0,30.0,6.148648648648648,3.0,1.0,6.0,37.0,5.986486486486487,0.0,0.0,0.0,0.0,6.148648648648648,3.0,1.0,6.0,37.0,5.986486486486487,0.0,0.0,0.0,0.0,31.0,18.0,48.0,11.0,5.0,11.0,,6.0
2018-19,1895,Ferrari G.,difensore,Sassuolo,Sampdoria,1.0,2.0,6.209677419354839,4.0,0.0,7.5,31.0,5.816666666666666,2.0,0.0,4.0,30.0,5.683333333333334,0.0,0.0,0.0,0.0,5.982657657657658,2.5,0.5,5.0,33.5,5.834909909909911,0.0,0.0,0.0,0.0,54.0,9.0,43.0,11.0,6.0,6.0,,8.0
2019-20,1895,Ferrari G.,difensore,Sassuolo,Sassuolo,0.0,3.0,5.840909090909091,0.0,1.0,-1.5,22.0,6.209677419354839,4.0,0.0,7.5,31.0,5.967741935483871,0.0,0.0,0.0,0.0,6.058330911556719,3.0,0.3333333333333333,5.833333333333333,32.666666666666664,5.879187251767898,0.0,0.0,0.0,0.0,43.0,10.0,,,8.0,10.0,,9.0
2020-21,1895,Ferrari G.,difensore,Sassuolo,Sassuolo,0.0,4.0,6.029411764705882,0.0,2.0,-1.5,34.0,5.840909090909091,0.0,1.0,-1.5,22.0,5.909090909090909,0.0,0.0,0.0,0.0,5.955751058976865,2.0,0.3333333333333333,3.3333333333333335,27.666666666666668,5.8533887259693715,0.0,0.0,0.0,0.0,51.0,8.0,,,9.0,5.0,,8.0
2021-22,1895,Ferrari G.,difensore,Sassuolo,Sassuolo,0.0,5.0,5.75,1.0,0.0,0.0,36.0,6.029411764705882,0.0,2.0,-1.5,34.0,6.073529411764706,0.0,0.0,0.0,0.0,6.026666091656605,1.3333333333333333,1.0,1.5,29.0,5.983454085446495,0.0,0.0,0.0,0.0,59.0,8.0,,,8.0,10.0,,10.0
2022-23,1895,Ferrari G.,difensore,Sassuolo,Sassuolo,0.0,6.0,5.814814814814815,1.0,0.0,0.5,27.0,5.75,1.0,0.0,0.0,36.0,5.75,0.0,0.0,0.0,0.0,5.873440285204992,0.3333333333333333,1.0,-1.0,30.666666666666668,5.910873440285205,0.0,0.0,0.0,0.0,50.0,11.0,,,10.0,6.0,,8.0
2023-24,1895,Ferrari G.,difensore,Sassuolo,Sassuolo,0.0,7.0,5.592592592592593,1.0,0.0,1.0,27.0,5.814814814814815,1.0,0.0,0.5,27.0,5.796296296296297,0.0,0.0,0.0,0.0,5.864742193173566,0.6666666666666666,0.6666666666666666,-0.3333333333333333,32.333333333333336,5.873275236020334,0.0,0.0,0.0,0.0,45.0,13.0,,,8.0,5.0,5.5,4.0
2017-18,1896,Martella,difensore,Crotone,Crotone,0.0,1.0,6.2,1.0,3.0,4.5,30.0,5.758620689655173,0.0,0.0,-2.0,29.0,5.827586206896552,0.0,0.0,0.0,0.0,5.758620689655173,0.0,0.0,-2.0,29.0,5.827586206896552,0.0,0.0,0.0,0.0,31.0,18.0,,,6.0,8.0,,5.0
2017-18,1898,Sampirisi,difensore,Crotone,Crotone,0.0,1.0,5.637931034482759,0.0,0.0,-1.0,29.0,5.9,1.0,1.0,3.5,20.0,5.725,0.0,0.0,0.0,0.0,5.9,1.0,1.0,3.5,20.0,5.725,0.0,0.0,0.0,0.0,31.0,18.0,,,4.0,5.0,,5.0
2017-18,121,Stoian,centrocampista,Crotone,Crotone,0.0,1.0,6.016666666666667,2.0,4.0,7.5,30.0,6.34,3.0,2.0,9.5,25.0,5.96,0.0,0.0,0.0,0.0,6.34,3.0,2.0,9.5,25.0,5.96,0.0,0.0,0.0,0.0,31.0,18.0,,,5.0,8.0,,7.0
2017-18,2014,Rohden,centrocampista,Crotone,Crotone,0.0,1.0,5.8125,2.0,0.0,5.0,24.0,5.954545454545454,1.0,4.0,5.0,33.0,5.803030303030303,0.0,0.0,0.0,0.0,5.954545454545454,1.0,4.0,5.0,33.0,5.803030303030303,0.0,0.0,0.0,0.0,31.0,18.0,,,5.0,9.0,,7.0
2017-18,1909,Palladino,attaccante,Genoa,Genoa,0.0,1.0,5.875,0.0,0.0,-0.5,4.0,5.870967741935484,1.0,2.0,2.0,31.0,5.806451612903226,0.0,0.0,0.0,0.0,5.870967741935484,1.0,2.0,2.0,31.0,5.806451612903226,0.0,0.0,0.0,0.0,36.0,16.0,,,8.0,8.0,,5.0
2017-18,1997,Simy,attaccante,Crotone,Crotone,0.0,1.0,7.382352941176471,7.0,1.0,22.0,17.0,6.3,3.0,0.0,9.0,15.0,5.7,0.0,0.0,0.0,0.0,6.3,3.0,0.0,9.0,15.0,5.7,0.0,0.0,0.0,0.0,31.0,18.0,,,7.0,6.0,,3.0
2021-22,1997,Simy,attaccante,Salernitana,Crotone,1.0,3.0,5.911764705882353,1.0,1.0,4.0,17.0,7.783783783783784,12.0,2.0,61.5,37.0,6.121621621621622,330.0,1.8720825016498566,0.1120309978723526,13.0,7.783783783783784,12.0,2.0,61.5,37.0,6.121621621621622,330.0,1.8720825016498566,0.1120309978723526,13.0,22.0,19.0,,,13.0,31.0,,18.0
2017-18,1972,Torreira,centrocampista,Sampdoria,Sampdoria,0.0,1.0,6.430555555555555,4.0,1.0,10.0,36.0,6.042857142857143,0.0,0.0,-3.5,35.0,6.142857142857143,0.0,0.0,0.0,0.0,6.042857142857143,0.0,0.0,-3.5,35.0,6.142857142857143,0.0,0.0,0.0,0.0,48.0,11.0,,,3.0,9.0,,7.0
2017-18,2008,Linetty,centrocampista,Sampdoria,Sampdoria,0.0,1.0,6.321428571428571,3.0,2.0,7.0,28.0,6.085714285714285,1.0,4.0,4.5,35.0,5.957142857142857,0.0,0.0,0.0,0.0,6.085714285714285,1.0,4.0,4.5,35.0,5.957142857142857,0.0,0.0,0.0,0.0,48.0,11.0,,,7.0,10.0,,7.0
2018-19,2008,Linetty,centrocampista,Sampdoria,Sampdoria,0.0,2.0,6.171875,3.0,3.0,6.5,32.0,6.321428571428571,3.0,2.0,7.0,28.0,6.071428571428571,0.0,0.0,0.0,0.0,6.203571428571428,2.0,3.0,5.75,31.5,6.014285714285714,0.0,0.0,0.0,0.0,54.0,9.0,,,7.0,9.0,,6.0
2019-20,2008,Linetty,centrocampista,Sampdoria,Sampdoria,0.0,3.0,6.428571428571429,4.0,3.0,13.0,28.0,6.171875,3.0,3.0,6.5,32.0,5.96875,0.0,0.0,0.0,0.0,6.193005952380953,2.3333333333333335,3.0,6.0,31.666666666666668,5.9991071428571425,0.0,0.0,0.0,0.0,50.0,9.0,,,6.0,10.0,,11.0
2020-21,2008,Linetty,centrocampista,Torino,Sampdoria,1.0,4.0,5.708333333333333,1.0,0.0,0.5,24.0,6.428571428571429,4.0,3.0,13.0,28.0,5.964285714285714,0.0,0.0,0.0,0.0,6.307291666666667,3.3333333333333335,2.6666666666666665,8.833333333333334,29.333333333333332,6.001488095238095,0.0,0.0,0.0,0.0,41.0,15.0,39.0,16.0,11.0,12.0,,12.0
2021-22,2008,Linetty,centrocampista,Torino,Torino,0.0,5.0,5.71875,0.0,0.0,-1.0,16.0,5.708333333333333,1.0,0.0,0.5,24.0,5.6875,0.0,0.0,0.0,0.0,6.102926587301588,2.6666666666666665,2.0,6.666666666666667,28.0,5.873511904761905,0.0,0.0,0.0,0.0,36.0,17.0,,,12.0,4.0,,6.0
2022-23,2008,Linetty,centrocampista,Torino,Torino,0.0,6.0,5.931034482758621,1.0,0.0,-0.5,29.0,5.71875,0.0,0.0,-1.0,16.0,5.78125,0.0,0.0,0.0,0.0,5.95188492063492,1.6666666666666667,1.0,4.166666666666667,22.666666666666668,5.811011904761905,0.0,0.0,0.0,0.0,50.0,10.0,,,6.0,2.0,,5.0
2023-24,2008,Linetty,centrocampista,Torino,Torino,0.0,7.0,5.6923076923076925,0.0,0.0,-6.0,26.0,5.931034482758621,1.0,0.0,-0.5,29.0,5.948275862068965,0.0,0.0,0.0,0.0,5.786039272030652,0.6666666666666666,0.0,-0.3333333333333333,23.0,5.805675287356322,0.0,0.0,0.0,0.0,53.0,9.0,,,5.0,7.0,5.5,5.0
2024-25,2008,Linetty,centrocampista,Torino,Torino,0.0,8.0,5.7727272727272725,1.0,0.0,0.0,22.0,5.6923076923076925,0.0,0.0,-6.0,26.0,5.923076923076923,0.0,0.0,0.0,0.0,5.780697391688771,0.3333333333333333,0.0,-2.5,23.666666666666668,5.884200928381962,0.0,0.0,0.0,0.0,53.0,9.0,,,5.0,5.0,9.5,3.0
2017-18,1973,Budimir,attaccante,Crotone,Sampdoria,1.0,1.0,6.357142857142857,6.0,0.0,14.0,21.0,5.875,0.0,0.0,0.0,8.0,5.875,0.0,0.0,0.0,0.0,5.875,0.0,0.0,0.0,8.0,5.875,0.0,0.0,0.0,0.0,48.0,11.0,31.0,18.0,10.0,3.0,,12.0
2017-18,1974,Schick,attaccante,Roma,Sampdoria,1.0,1.0,6.029411764705882,2.0,0.0,6.0,17.0,7.5,11.0,3.0,35.0,29.0,6.293103448275862,0.0,0.0,0.0,0.0,7.5,11.0,3.0,35.0,29.0,6.293103448275862,0.0,0.0,0.0,0.0,48.0,11.0,84.0,2.0,3.0,17.0,,19.0
2018-19,1974,Schick,attaccante,Roma,Roma,0.0,2.0,6.166666666666667,3.0,0.0,7.5,21.0,6.029411764705882,2.0,0.0,6.0,17.0,5.676470588235294,0.0,0.0,0.0,0.0,6.764705882352941,6.5,1.5,20.5,23.0,5.984787018255578,0.0,0.0,0.0,0.0,74.0,3.0,,,19.0,10.0,,17.0
2017-18,2011,Miguel Veloso,centrocampista,Genoa,Genoa,0.0,1.0,5.840909090909091,1.0,0.0,1.0,22.0,5.804347826086956,0.0,2.0,-2.5,23.0,5.913043478260869,0.0,0.0,0.0,0.0,5.804347826086956,0.0,2.0,-2.5,23.0,5.913043478260869,0.0,0.0,0.0,0.0,36.0,16.0,,,10.0,7.0,,7.0
2018-19,2011,Miguel Veloso,centrocampista,Genoa,Genoa,0.0,2.0,5.690476190476191,0.0,1.0,-2.5,21.0,5.840909090909091,1.0,0.0,1.0,22.0,5.795454545454546,0.0,0.0,0.0,0.0,5.8226284584980235,0.5,1.0,-0.75,22.5,5.854249011857707,0.0,0.0,0.0,0.0,41.0,12.0,,,7.0,5.0,,4.0
2019-20,2011,Miguel Veloso,centrocampista,Verona,Genoa,1.0,3.0,6.323529411764706,3.0,3.0,9.0,34.0,5.690476190476191,0.0,1.0,-2.5,21.0,5.809523809523809,0.0,0.0,0.0,0.0,5.778577702490746,0.3333333333333333,1.0,-1.3333333333333333,22.0,5.8393406110797414,0.0,0.0,0.0,0.0,37.0,18.0,,,4.0,7.0,,5.0
2020-21,2011,Miguel Veloso,centrocampista,Verona,Verona,0.0,4.0,6.447368421052632,0.0,2.0,7.5,19.0,6.323529411764706,3.0,3.0,9.0,34.0,6.0588235294117645,0.0,0.0,0.0,0.0,5.951638231049995,1.3333333333333333,1.3333333333333333,2.5,25.666666666666668,5.887933961463374,0.0,0.0,0.0,0.0,49.0,9.0,,,5.0,14.0,,8.0
2021-22,2011,Miguel Veloso,centrocampista,Verona,Verona,0.0,5.0,6.023809523809524,0.0,3.0,-0.5,21.0,6.447368421052632,0.0,2.0,7.5,19.0,6.052631578947368,0.0,0.0,0.0,0.0,6.153791341097842,1.0,2.0,4.666666666666667,24.666666666666668,5.973659639294314,0.0,0.0,0.0,0.0,44.0,10.0,,,8.0,10.0,,8.0
2022-23,2011,Miguel Veloso,centrocampista,Verona,Verona,0.0,6.0,5.690476190476191,0.0,0.0,-5.0,21.0,6.023809523809524,0.0,3.0,-0.5,21.0,6.0476190476190474,0.0,0.0,0.0,0.0,6.264902452208954,1.0,2.6666666666666665,5.333333333333333,24.666666666666668,6.053024718659394,0.0,0.0,0.0,0.0,52.0,9.0,,,8.0,6.0,,6.0
2019-20,1864,Bruno Alves,difensore,Parma,Parma,0.0,2.0,5.90625,0.0,0.0,-2.0,32.0,6.212121212121212,4.0,1.0,6.0,33.0,6.03030303030303,311.0,0.46808950416743755,0.06565210036933422,4.0,5.849116161616161,2.5,0.5,2.75,34.5,5.765151515151516,155.5,0.23404475208371878,0.03282605018466711,2.0,41.0,14.0,,,5.0,9.0,,9.0
2020-21,1864,Bruno Alves,difensore,Parma,Parma,0.0,3.0,5.578947368421052,1.0,0.0,1.5,19.0,5.90625,0.0,0.0,-2.0,32.0,5.96875,0.0,0.0,0.0,0.0,6.0591856060606055,2.0,0.5,2.0,32.5,5.999526515151516,155.5,0.23404475208371878,0.03282605018466711,2.0,46.0,11.0,,,9.0,8.0,,8.0
2017-18,1865,Capuano,difensore,Crotone,Cagliari,1.0,1.0,5.583333333333333,0.0,0.0,-3.5,24.0,5.7272727272727275,1.0,0.0,2.0,11.0,5.545454545454546,0.0,0.0,0.0,0.0,5.7272727272727275,1.0,0.0,2.0,11.0,5.545454545454546,0.0,0.0,0.0,0.0,44.0,13.0,31.0,18.0,2.0,1.0,,3.0
2018-19,1865,Capuano,difensore,Frosinone,Crotone,1.0,2.0,5.537037037037037,0.0,0.0,-3.5,27.0,5.583333333333333,0.0,0.0,-3.5,24.0,5.729166666666667,0.0,0.0,0.0,0.0,5.65530303030303,0.5,0.0,-0.75,17.5,5.637310606060606,0.0,0.0,0.0,0.0,35.0,18.0,,,3.0,6.0,,5.0
2017-18,1866,Ceppitelli,difensore,Cagliari,Cagliari,0.0,1.0,6.08,3.0,0.0,3.5,25.0,5.184210526315789,0.0,0.0,-4.5,19.0,5.421052631578948,0.0,0.0,0.0,0.0,5.184210526315789,0.0,0.0,-4.5,19.0,5.421052631578948,0.0,0.0,0.0,0.0,44.0,13.0,,,5.0,2.0,,4.0
2018-19,1866,Ceppitelli,difensore,Cagliari,Cagliari,0.0,2.0,5.8125,1.0,1.0,-2.5,24.0,6.08,3.0,0.0,3.5,25.0,5.94,0.0,0.0,0.0,0.0,5.632105263157895,1.5,0.0,-0.5,22.0,5.680526315789474,0.0,0.0,0.0,0.0,36.0,16.0,,,4.0,9.0,,8.0
2019-20,1866,Ceppitelli,difensore,Cagliari,Cagliari,0.0,3.0,6.133333333333334,2.0,0.0,1.5,15.0,5.8125,1.0,1.0,-2.5,24.0,5.916666666666667,559.0,0.1878889026120305,0.1850786954164505,6.0,5.692236842105263,1.3333333333333333,0.3333333333333333,-1.1666666666666667,22.666666666666668,5.759239766081872,186.33333333333334,0.06262963420401017,0.06169289847215017,2.0,41.0,13.0,,,8.0,8.0,,7.0
2020-21,1866,Ceppitelli,difensore,Cagliari,Cagliari,0.0,4.0,5.657894736842105,0.0,0.0,-1.5,19.0,6.133333333333334,2.0,0.0,1.5,15.0,6.033333333333333,0.0,0.0,0.0,0.0,6.008611111111111,2.0,0.3333333333333333,0.8333333333333334,21.333333333333332,5.963333333333334,186.33333333333334,0.06262963420401017,0.06169289847215017,2.0,45.0,13.0,,,7.0,5.0,,8.0
2021-22,1866,Ceppitelli,difensore,Cagliari,Cagliari,0.0,5.0,5.976190476190476,1.0,0.0,2.0,21.0,5.657894736842105,0.0,0.0,-1.5,19.0,5.7368421052631575,0.0,0.0,0.0,0.0,5.867909356725146,1.0,0.3333333333333333,-0.8333333333333334,19.333333333333332,5.895614035087719,186.33333333333334,0.06262963420401017,0.06169289847215017,2.0,37.0,16.0,,,8.0,4.0,,6.0
2017-18,1868,Murru,difensore,Sampdoria,Cagliari,1.0,1.0,5.605263157894737,0.0,2.0,0.0,19.0,5.673076923076923,0.0,1.0,-0.5,26.0,5.6923076923076925,0.0,0.0,0.0,0.0,5.673076923076923,0.0,1.0,-0.5,26.0,5.6923076923076925,0.0,0.0,0.0,0.0,44.0,13.0,48.0,11.0,6.0,6.0,,7.0
2018-19,1868,Murru,difensore,Sampdoria,Sampdoria,0.0,2.0,5.838235294117647,0.0,5.0,0.5,34.0,5.605263157894737,0.0,2.0,0.0,19.0,5.605263157894737,0.0,0.0,0.0,0.0,5.63917004048583,0.0,1.5,-0.25,22.5,5.648785425101215,0.0,0.0,0.0,0.0,54.0,9.0,,,7.0,4.0,,6.0
2019-20,1868,Murru,difensore,Sampdoria,Sampdoria,0.0,3.0,5.351851851851852,0.0,0.0,-5.0,27.0,5.838235294117647,0.0,5.0,0.5,34.0,5.823529411764706,1621.0,4.874069246463478,1.5364359319210052,53.0,5.705525125029769,0.0,2.6666666666666665,0.0,26.333333333333332,5.707033420655712,540.3333333333334,1.6246897488211591,0.5121453106403351,17.666666666666668,50.0,9.0,,,6.0,8.0,,8.0
2020-21,1868,Murru,difensore,Torino,Sampdoria,1.0,4.0,5.7727272727272725,0.0,0.0,0.0,11.0,5.351851851851852,0.0,0.0,-5.0,27.0,5.537037037037037,0.0,0.0,0.0,0.0,5.598450101288079,0.0,2.3333333333333335,-1.5,26.666666666666668,5.655276535565494,540.3333333333334,1.6246897488211591,0.5121453106403351,17.666666666666668,41.0,15.0,39.0,16.0,8.0,1.0,,5.0
2021-22,1868,Murru,difensore,Sampdoria,Torino,1.0,5.0,5.578947368421052,1.0,0.0,1.0,19.0,5.7727272727272725,0.0,0.0,0.0,11.0,5.7727272727272725,0.0,0.0,0.0,0.0,5.654271472898924,0.0,1.6666666666666667,-1.5,24.0,5.711097907176338,540.3333333333334,1.6246897488211591,0.5121453106403351,17.666666666666668,36.0,17.0,49.0,9.0,5.0,1.0,,3.0
2022-23,1868,Murru,difensore,Sampdoria,Sampdoria,0.0,6.0,5.470588235294118,0.0,0.0,-1.5,17.0,5.578947368421052,1.0,0.0,1.0,19.0,5.526315789473684,0.0,0.0,0.0,0.0,5.567842164333392,0.3333333333333333,0.0,-1.3333333333333333,19.0,5.612026699745997,0.0,0.0,0.0,0.0,36.0,15.0,,,3.0,3.0,,5.0
2017-18,1880,Giannetti,attaccante,Cagliari,Cagliari,0.0,1.0,5.125,0.0,0.0,-1.0,4.0,5.625,0.0,0.0,0.0,8.0,5.625,0.0,0.0,0.0,0.0,5.625,0.0,0.0,0.0,8.0,5.625,0.0,0.0,0.0,0.0,44.0,13.0,,,4.0,3.0,,1.0
2017-18,1882,Sau,attaccante,Cagliari,Cagliari,0.0,1.0,5.851851851851852,2.0,0.0,2.0,27.0,6.588235294117647,7.0,3.0,21.5,34.0,5.955882352941177,0.0,0.0,0.0,0.0,6.588235294117647,7.0,3.0,21.5,34.0,5.955882352941177,0.0,0.0,0.0,0.0,44.0,13.0,,,11.0,14.0,,13.0
2018-19,1882,Sau,attaccante,Sampdoria,Cagliari,1.0,2.0,5.75,1.0,0.0,1.0,14.0,5.851851851851852,2.0,0.0,2.0,27.0,5.777777777777778,0.0,0.0,0.0,0.0,6.22004357298475,4.5,1.5,11.75,30.5,5.866830065359477,0.0,0.0,0.0,0.0,36.0,16.0,54.0,9.0,13.0,8.0,,9.0
2017-18,2058,Sanchez C,centrocampista,Fiorentina,Fiorentina,0.0,1.0,6.142857142857143,1.0,0.0,2.0,7.0,5.683333333333334,1.0,0.0,0.0,30.0,5.683333333333334,0.0,0.0,0.0,0.0,5.683333333333334,1.0,0.0,0.0,30.0,5.683333333333334,0.0,0.0,0.0,0.0,59.0,8.0,,,5.0,5.0,,4.0
2017-18,2002,Chiesa,attaccante,Fiorentina,Fiorentina,0.0,1.0,6.777777777777778,6.0,4.0,18.5,36.0,6.431818181818182,3.0,2.0,8.5,22.0,6.045454545454546,0.0,0.0,0.0,0.0,6.431818181818182,3.0,2.0,8.5,22.0,6.045454545454546,0.0,0.0,0.0,0.0,59.0,8.0,,,1.0,7.0,,14.0
2018-19,2002,Chiesa,centrocampista,Fiorentina,Fiorentina,0.0,2.0,6.72972972972973,6.0,2.0,18.0,37.0,6.777777777777778,6.0,4.0,18.5,36.0,6.263888888888889,0.0,0.0,0.0,0.0,6.604797979797979,4.5,3.0,13.5,29.0,6.154671717171718,0.0,0.0,0.0,0.0,57.0,8.0,,,14.0,18.0,,23.0
2019-20,2002,Chiesa,centrocampista,Fiorentina,Fiorentina,0.0,3.0,7.147058823529412,9.0,5.0,28.5,34.0,6.72972972972973,6.0,2.0,18.0,37.0,6.243243243243243,0.0,0.0,0.0,0.0,6.646441896441897,5.0,2.6666666666666665,15.0,31.666666666666668,6.184195559195559,0.0,0.0,0.0,0.0,40.0,15.0,,,23.0,22.0,,26.0
2020-21,2002,Chiesa,centrocampista,Juventus,Fiorentina,1.0,4.0,7.433333333333334,9.0,5.0,29.5,30.0,7.147058823529412,9.0,5.0,28.5,34.0,6.3088235294117645,0.0,0.0,0.0,0.0,6.8848554436789735,7.0,3.6666666666666665,21.666666666666668,35.666666666666664,6.271985220514632,0.0,0.0,0.0,0.0,46.0,10.0,83.0,1.0,26.0,23.0,,23.0
2021-22,2002,Chiesa,centrocampista,Juventus,Juventus,0.0,5.0,6.785714285714286,2.0,2.0,8.0,14.0,7.433333333333334,9.0,5.0,29.5,30.0,6.45,0.0,0.0,0.0,0.0,7.103373962197492,8.0,4.0,25.333333333333332,33.666666666666664,6.334022257551669,0.0,0.0,0.0,0.0,75.0,5.0,,,23.0,26.0,,29.0
2022-23,2002,Chiesa,centrocampista,Juventus,Juventus,0.0,6.0,6.595238095238095,2.0,5.0,10.0,21.0,6.785714285714286,2.0,2.0,8.0,14.0,6.214285714285714,0.0,0.0,0.0,0.0,7.122035480859011,6.666666666666667,4.0,22.0,26.0,6.324369747899159,0.0,0.0,0.0,0.0,70.0,4.0,,,29.0,14.0,,25.0
2023-24,2002,Chiesa,centrocampista,Juventus,Juventus,0.0,7.0,7.171875,8.0,2.0,28.5,32.0,6.595238095238095,2.0,5.0,10.0,21.0,6.119047619047619,0.0,0.0,0.0,0.0,6.938095238095237,4.333333333333333,4.0,15.833333333333334,21.666666666666668,6.26111111111111,0.0,0.0,0.0,0.0,69.0,4.0,,,25.0,15.0,17.5,17.0
2017-18,1981,Boye',attaccante,Torino,Torino,0.0,1.0,6.0,0.0,1.0,1.0,8.0,6.038461538461538,1.0,2.0,2.5,26.0,5.9423076923076925,0.0,0.0,0.0,0.0,6.038461538461538,1.0,2.0,2.5,26.0,5.9423076923076925,0.0,0.0,0.0,0.0,50.0,9.0,,,3.0,8.0,,9.0
2020-21,1943,Nestorovski,attaccante,Udinese,Udinese,0.0,2.0,6.5,2.0,1.0,7.0,14.0,6.238095238095238,3.0,1.0,8.0,21.0,5.857142857142857,2290.0,9.286410562694073,2.7887088852003217,57.0,6.238095238095238,3.0,1.0,8.0,21.0,5.857142857142857,2290.0,9.286410562694073,2.7887088852003217,57.0,42.0,14.0,,,10.0,7.0,,12.0
2021-22,1943,Nestorovski,attaccante,Udinese,Udinese,0.0,3.0,6.8,1.0,0.0,3.0,5.0,6.5,2.0,1.0,7.0,14.0,6.0,2040.0,3.7145403921604156,2.328022202476859,32.0,6.369047619047619,2.5,1.0,7.5,17.5,5.928571428571429,2165.0,6.500475477427244,2.5583655438385904,44.5,40.0,12.0,,,12.0,9.0,,9.0
2022-23,1943,Nestorovski,attaccante,Udinese,Udinese,0.0,4.0,6.545454545454546,2.0,1.0,6.5,11.0,6.8,1.0,0.0,3.0,5.0,6.2,0.0,0.0,0.0,0.0,6.512698412698413,2.0,0.6666666666666666,6.0,13.333333333333334,6.019047619047619,1443.3333333333333,4.333650318284829,1.7055770292257268,29.666666666666668,44.0,12.0,,,9.0,7.0,,11.0
2017-18,1976,Mazzitelli,centrocampista,Sassuolo,Sassuolo,0.0,1.0,5.676470588235294,0.0,1.0,-1.0,17.0,6.03125,1.0,2.0,1.0,16.0,5.96875,0.0,0.0,0.0,0.0,6.03125,1.0,2.0,1.0,16.0,5.96875,0.0,0.0,0.0,0.0,49.0,10.0,,,1.0,4.0,,4.0
2018-19,1976,Mazzitelli,centrocampista,Genoa,Sassuolo,1.0,2.0,5.555555555555555,0.0,0.0,-1.5,9.0,5.676470588235294,0.0,1.0,-1.0,17.0,5.735294117647059,0.0,0.0,0.0,0.0,5.853860294117647,0.5,1.5,0.0,16.5,5.852022058823529,0.0,0.0,0.0,0.0,43.0,11.0,41.0,12.0,4.0,4.0,,6.0
2024-25,1976,Mazzitelli,centrocampista,Como,Frosinone,1.0,4.0,6.4375,1.0,1.0,3.5,8.0,6.517241379310345,5.0,0.0,12.0,29.0,6.103448275862069,0.0,0.0,0.0,0.0,6.517241379310345,5.0,0.0,12.0,29.0,6.103448275862069,0.0,0.0,0.0,0.0,35.0,16.0,,,4.0,16.0,16.5,8.0
2025-26,1976,Mazzitelli,centrocampista,Cagliari,Como,1.0,5.0,6.571428571428571,2.0,2.0,7.0,14.0,6.4375,1.0,1.0,3.5,8.0,6.0,0.0,0.0,0.0,0.0,6.477370689655173,3.0,0.5,7.75,18.5,6.051724137931035,0.0,0.0,0.0,0.0,49.0,10.0,36.0,14.0,8.0,8.0,4.5,5.0
2017-18,1978,Sensi,centrocampista,Sassuolo,Sassuolo,0.0,1.0,6.3125,2.0,0.0,5.0,16.0,6.1875,1.0,0.0,1.0,16.0,6.125,0.0,0.0,0.0,0.0,6.1875,1.0,0.0,1.0,16.0,6.125,0.0,0.0,0.0,0.0,49.0,10.0,,,5.0,6.0,,6.0
2018-19,1978,Sensi,centrocampista,Sassuolo,Sassuolo,0.0,2.0,6.267857142857143,2.0,4.0,6.0,28.0,6.3125,2.0,0.0,5.0,16.0,6.0,0.0,0.0,0.0,0.0,6.25,1.5,0.0,3.0,16.0,6.0625,0.0,0.0,0.0,0.0,43.0,11.0,,,6.0,5.0,,6.0
2019-20,1978,Sensi,centrocampista,Inter,Sassuolo,1.0,3.0,7.041666666666667,3.0,1.0,9.0,12.0,6.267857142857143,2.0,4.0,6.0,28.0,6.053571428571429,0.0,0.0,0.0,0.0,6.2559523809523805,1.6666666666666667,1.3333333333333333,4.0,20.0,6.05952380952381,0.0,0.0,0.0,0.0,43.0,10.0,66.0,4.0,6.0,11.0,,13.0
2020-21,1978,Sensi,centrocampista,Inter,Inter,0.0,4.0,5.90625,0.0,0.0,-1.5,16.0,7.041666666666667,3.0,1.0,9.0,12.0,6.291666666666667,0.0,0.0,0.0,0.0,6.540674603174604,2.3333333333333335,1.6666666666666667,6.666666666666667,18.666666666666668,6.115079365079365,0.0,0.0,0.0,0.0,79.0,2.0,,,13.0,11.0,,12.0
2021-22,1978,Sensi,centrocampista,Sampdoria,Inter,1.0,5.0,6.107142857142857,1.0,0.0,2.5,14.0,5.90625,0.0,0.0,-1.5,16.0,6.0,0.0,0.0,0.0,0.0,6.405257936507937,1.6666666666666667,1.6666666666666667,4.5,18.666666666666668,6.115079365079365,0.0,0.0,0.0,0.0,88.0,1.0,49.0,9.0,12.0,5.0,,7.0
2022-23,1978,Sensi,centrocampista,Monza,Sampdoria,1.0,6.0,6.2592592592592595,3.0,1.0,6.5,27.0,6.107142857142857,1.0,0.0,2.5,14.0,5.928571428571429,0.0,0.0,0.0,0.0,6.351686507936509,1.3333333333333333,0.3333333333333333,3.3333333333333335,14.0,6.073412698412699,0.0,0.0,0.0,0.0,36.0,15.0,,,7.0,8.0,,12.0
2023-24,1978,Sensi,centrocampista,Inter,Monza,1.0,7.0,6.5,0.0,0.0,0.0,1.0,6.2592592592592595,3.0,1.0,6.5,27.0,6.018518518518518,0.0,0.0,0.0,0.0,6.090884038800706,1.3333333333333333,0.3333333333333333,2.5,19.0,5.982363315696649,0.0,0.0,0.0,0.0,52.0,10.0,69.0,3.0,12.0,11.0,7.0,7.0
2024-25,1978,Sensi,centrocampista,Monza,Inter,1.0,8.0,6.357142857142857,0.0,0.0,3.0,7.0,6.5,0.0,0.0,0.0,1.0,6.5,0.0,0.0,0.0,0.0,6.288800705467373,1.3333333333333333,0.3333333333333333,3.0,14.0,6.1490299823633165,0.0,0.0,0.0,0.0,93.0,1.0,45.0,12.0,7.0,3.0,5.0,7.0
2017-18,252,Biraghi,difensore,Fiorentina,Pescara,1.0,1.0,5.823529411764706,1.0,4.0,3.5,34.0,5.514285714285714,0.0,4.0,-1.5,35.0,5.557142857142857,0.0,0.0,0.0,0.0,5.514285714285714,0.0,4.0,-1.5,35.0,5.557142857142857,0.0,0.0,0.0,0.0,14.0,20.0,59.0,8.0,5.0,4.0,,5.0
2018-19,252,Biraghi,difensore,Fiorentina,Fiorentina,0.0,2.0,6.0,1.0,5.0,4.0,36.0,5.823529411764706,1.0,4.0,3.5,34.0,5.720588235294118,0.0,0.0,0.0,0.0,5.6689075630252095,0.5,4.0,1.0,34.5,5.638865546218487,0.0,0.0,0.0,0.0,57.0,8.0,,,5.0,7.0,,6.0
2019-20,252,Biraghi,difensore,Inter,Fiorentina,1.0,3.0,6.434782608695652,2.0,6.0,10.5,23.0,6.0,1.0,5.0,4.0,36.0,5.888888888888889,0.0,0.0,0.0,0.0,5.779271708683474,0.6666666666666666,4.333333333333333,2.0,35.0,5.722206660441955,0.0,0.0,0.0,0.0,40.0,15.0,66.0,4.0,6.0,9.0,,10.0
2020-21,252,Biraghi,difensore,Fiorentina,Inter,1.0,4.0,6.0285714285714285,1.0,5.0,4.0,35.0,6.434782608695652,2.0,6.0,10.5,23.0,5.978260869565218,0.0,0.0,0.0,0.0,6.086104006820119,1.3333333333333333,5.0,6.0,31.0,5.862579331249409,0.0,0.0,0.0,0.0,79.0,2.0,46.0,10.0,10.0,11.0,,8.0
2021-22,252,Biraghi,difensore,Fiorentina,Fiorentina,0.0,5.0,6.108108108108108,3.0,1.0,5.5,37.0,6.0285714285714285,1.0,5.0,4.0,35.0,5.914285714285715,0.0,0.0,0.0,0.0,6.154451345755693,1.3333333333333333,5.333333333333333,6.166666666666667,31.333333333333332,5.9271451575799405,0.0,0.0,0.0,0.0,39.0,13.0,,,8.0,10.0,,9.0
2022-23,252,Biraghi,difensore,Fiorentina,Fiorentina,0.0,6.0,6.1875,2.0,4.0,4.5,32.0,6.108108108108108,3.0,1.0,5.5,37.0,5.95945945945946,0.0,0.0,0.0,0.0,6.19048738179173,2.0,4.0,6.666666666666667,31.666666666666668,5.950668681103465,0.0,0.0,0.0,0.0,59.0,8.0,,,9.0,11.0,,13.0
2023-24,252,Biraghi,difensore,Fiorentina,Fiorentina,0.0,7.0,6.107142857142857,2.0,5.0,4.0,28.0,6.1875,2.0,4.0,4.5,32.0,6.046875,0.0,0.0,0.0,0.0,6.108059845559846,2.0,3.3333333333333335,4.666666666666667,34.666666666666664,5.973540057915058,0.0,0.0,0.0,0.0,53.0,8.0,,,13.0,10.0,16.5,10.0
2024-25,252,Biraghi,difensore,Torino,Fiorentina,1.0,8.0,5.857142857142857,1.0,0.0,0.5,21.0,6.107142857142857,2.0,5.0,4.0,28.0,5.964285714285714,0.0,0.0,0.0,0.0,6.134250321750322,2.3333333333333335,3.3333333333333335,4.666666666666667,32.333333333333336,5.990206724581725,0.0,0.0,0.0,0.0,57.0,8.0,53.0,9.0,10.0,9.0,14.5,7.0
2025-26,252,Biraghi,difensore,Torino,Torino,0.0,9.0,5.590909090909091,0.0,0.0,0.0,11.0,5.857142857142857,1.0,0.0,0.5,21.0,5.833333333333333,0.0,0.0,0.0,0.0,6.050595238095238,1.6666666666666667,3.0,3.0,27.0,5.948164682539683,0.0,0.0,0.0,0.0,44.0,11.0,,,7.0,7.0,9.0,8.0
2017-18,1952,Zampano,difensore,Udinese,Pescara,1.0,1.0,6.25,0.0,2.0,2.0,6.0,5.926470588235294,0.0,5.0,4.0,34.0,5.8088235294117645,0.0,0.0,0.0,0.0,5.926470588235294,0.0,5.0,4.0,34.0,5.8088235294117645,0.0,0.0,0.0,0.0,14.0,20.0,45.0,12.0,6.0,8.0,,4.0
2018-19,1952,Zampano,difensore,Frosinone,Udinese,1.0,2.0,5.730769230769231,0.0,1.0,0.5,26.0,6.25,0.0,2.0,2.0,6.0,5.916666666666667,0.0,0.0,0.0,0.0,6.088235294117647,0.0,3.5,3.0,20.0,5.862745098039216,0.0,0.0,0.0,0.0,37.0,14.0,,,4.0,5.0,,5.0
2017-18,428,Benali,centrocampista,Crotone,Pescara,1.0,1.0,6.25,1.0,1.0,3.0,10.0,6.303030303030303,6.0,2.0,17.0,33.0,5.787878787878788,0.0,0.0,0.0,0.0,6.303030303030303,6.0,2.0,17.0,33.0,5.787878787878788,0.0,0.0,0.0,0.0,14.0,20.0,31.0,18.0,9.0,10.0,,5.0
2017-18,600,Verre,centrocampista,Sampdoria,Pescara,1.0,1.0,5.428571428571429,0.0,0.0,-1.0,7.0,5.732142857142857,0.0,1.0,-1.0,28.0,5.767857142857143,0.0,0.0,0.0,0.0,5.732142857142857,0.0,1.0,-1.0,28.0,5.767857142857143,0.0,0.0,0.0,0.0,14.0,20.0,48.0,11.0,8.0,6.0,,5.0
2020-21,600,Verre,centrocampista,Sampdoria,Verona,1.0,3.0,6.590909090909091,3.0,3.0,10.5,22.0,6.25,1.0,2.0,9.0,30.0,5.95,0.0,0.0,0.0,0.0,5.839285714285714,0.5,1.0,4.0,18.5,5.760714285714286,0.0,0.0,0.0,0.0,49.0,9.0,41.0,15.0,6.0,9.0,,8.0
2021-22,600,Verre,centrocampista,Empoli,Sampdoria,1.0,4.0,5.625,0.0,1.0,-1.0,16.0,6.590909090909091,3.0,3.0,10.5,22.0,6.113636363636363,0.0,0.0,0.0,0.0,6.420454545454545,2.0,2.5,9.75,26.0,6.031818181818181,0.0,0.0,0.0,0.0,49.0,9.0,,,8.0,12.0,,8.0
2022-23,600,Verre,centrocampista,Sampdoria,Empoli,1.0,5.0,5.53125,0.0,0.0,-2.0,16.0,5.625,0.0,1.0,-1.0,16.0,5.6875,0.0,0.0,0.0,0.0,6.15530303030303,1.3333333333333333,2.0,6.166666666666667,22.666666666666668,5.9170454545454545,0.0,0.0,0.0,0.0,38.0,14.0,36.0,15.0,8.0,2.0,,7.0
2017-18,1955,Memushaj,centrocampista,Benevento,Pescara,1.0,1.0,5.53125,0.0,0.0,-1.5,16.0,5.694444444444445,1.0,2.0,-2.5,36.0,5.763888888888889,0.0,0.0,0.0,0.0,5.694444444444445,1.0,2.0,-2.5,36.0,5.763888888888889,0.0,0.0,0.0,0.0,14.0,20.0,,,11.0,8.0,,5.0
2017-18,1958,Caprari,attaccante,Sampdoria,Pescara,1.0,1.0,6.25,5.0,1.0,13.0,32.0,6.457142857142857,8.0,2.0,19.0,35.0,5.914285714285715,0.0,0.0,0.0,0.0,6.457142857142857,8.0,2.0,19.0,35.0,5.914285714285715,0.0,0.0,0.0,0.0,14.0,20.0,48.0,11.0,15.0,13.0,,13.0
2018-19,1958,Caprari,attaccante,Sampdoria,Sampdoria,0.0,2.0,6.928571428571429,6.0,2.0,19.5,21.0,6.25,5.0,1.0,13.0,32.0,5.84375,147.0,0.4142212066799402,0.0,3.0,6.353571428571429,6.5,1.5,16.0,33.5,5.879017857142857,73.5,0.2071106033399701,0.0,1.5,54.0,9.0,,,13.0,9.0,,10.0
2019-20,1958,Caprari,attaccante,Parma,Sampdoria,1.0,3.0,6.423076923076923,4.0,0.0,12.5,26.0,6.928571428571429,6.0,2.0,19.5,21.0,6.0,0.0,0.0,0.0,0.0,6.545238095238095,6.333333333333333,1.6666666666666667,17.166666666666668,29.333333333333332,5.9193452380952385,49.0,0.13807373555998007,0.0,1.0,50.0,9.0,41.0,14.0,10.0,12.0,,14.0
2020-21,1958,Caprari,attaccante,Benevento,Parma,1.0,4.0,6.516666666666667,5.0,6.0,15.5,30.0,6.423076923076923,4.0,0.0,12.5,26.0,5.9423076923076925,2141.0,4.572316979058087,4.360172109212726,27.0,6.533882783882784,5.0,1.0,15.0,26.333333333333332,5.928685897435898,762.6666666666666,1.662179395246009,1.4533907030709088,10.0,46.0,11.0,,,14.0,11.0,,11.0
2021-22,1958,Caprari,attaccante,Verona,Benevento,1.0,5.0,7.75,10.0,7.0,41.0,34.0,6.516666666666667,5.0,6.0,15.5,30.0,6.0,2656.0,4.10516794025898,5.839979680255055,31.0,6.622771672771672,5.0,2.6666666666666665,15.833333333333334,25.666666666666668,5.980769230769231,1599.0,2.892494973105689,3.4000505964892604,19.333333333333332,32.0,18.0,44.0,10.0,11.0,15.0,,10.0
2022-23,1958,Caprari,attaccante,Monza,Verona,1.0,6.0,6.402777777777778,4.0,2.0,13.5,36.0,7.75,10.0,7.0,41.0,34.0,6.544117647058823,2061.0,5.092445960268378,4.353458316065371,37.0,6.896581196581196,6.333333333333333,4.333333333333333,23.0,30.0,6.162141779788839,2286.0,4.589976959861815,4.851203368511051,31.666666666666668,52.0,9.0,,,10.0,30.0,,26.0
2023-24,1958,Caprari,attaccante,Monza,Monza,0.0,7.0,5.9,0.0,0.0,0.0,5.0,6.402777777777778,4.0,2.0,13.5,36.0,6.027777777777778,2812.0,8.35121201723814,5.7771584670990705,57.0,6.889814814814815,6.333333333333333,5.0,23.333333333333332,33.333333333333336,6.190631808278867,2509.6666666666665,5.849608639255166,5.323532154473166,41.666666666666664,52.0,10.0,,,26.0,15.0,17.0,14.0
2024-25,1958,Caprari,attaccante,Monza,Monza,0.0,8.0,6.283333333333333,1.0,2.0,9.5,30.0,5.9,0.0,0.0,0.0,5.0,5.9,2001.0,5.531386425718665,2.13460570666939,42.0,6.684259259259259,4.666666666666667,3.0,18.166666666666668,25.0,6.1572984749455335,2291.3333333333335,6.325014801075061,4.088407496611278,45.333333333333336,45.0,12.0,,,14.0,2.0,7.5,9.0
2017-18,2012,Milik,attaccante,Napoli,Napoli,0.0,1.0,7.291666666666667,5.0,0.0,14.0,12.0,7.65,5.0,0.0,14.5,10.0,6.2,0.0,0.0,0.0,0.0,7.65,5.0,0.0,14.5,10.0,6.2,0.0,0.0,0.0,0.0,83.0,3.0,,,23.0,13.0,,16.0
2018-19,2012,Milik,attaccante,Napoli,Napoli,0.0,2.0,7.5285714285714285,17.0,2.0,51.0,35.0,7.291666666666667,5.0,0.0,14.0,12.0,6.125,37.0,0.0,0.0,0.0,7.470833333333333,5.0,0.0,14.25,11.0,6.1625,18.5,0.0,0.0,0.0,88.0,2.0,,,16.0,11.0,,26.0
2019-20,2012,Milik,attaccante,Napoli,Napoli,0.0,3.0,7.269230769230769,11.0,0.0,30.5,26.0,7.5285714285714285,17.0,2.0,51.0,35.0,6.071428571428571,0.0,0.0,0.0,0.0,7.490079365079365,9.0,0.6666666666666666,26.5,19.0,6.132142857142857,12.333333333333334,0.0,0.0,0.0,79.0,2.0,,,26.0,25.0,,28.0
2023-24,2012,Milik,attaccante,Juventus,Juventus,0.0,5.0,6.458333333333333,4.0,1.0,11.0,24.0,6.7407407407407405,7.0,1.0,17.5,27.0,6.092592592592593,0.0,0.0,0.0,0.0,6.7407407407407405,7.0,1.0,17.5,27.0,6.092592592592593,0.0,0.0,0.0,0.0,69.0,4.0,,,21.0,19.0,25.5,18.0
2017-18,1984,Angella,difensore,Udinese,Udinese,0.0,1.0,5.333333333333333,0.0,0.0,-1.5,12.0,5.884615384615385,1.0,0.0,-0.5,13.0,5.923076923076923,0.0,0.0,0.0,0.0,5.884615384615385,1.0,0.0,-0.5,13.0,5.923076923076923,0.0,0.0,0.0,0.0,45.0,12.0,,,4.0,5.0,,4.0
2017-18,1986,Fofana,centrocampista,Udinese,Udinese,0.0,1.0,5.87037037037037,2.0,0.0,6.0,27.0,6.909090909090909,5.0,1.0,14.5,22.0,6.25,0.0,0.0,0.0,0.0,6.909090909090909,5.0,1.0,14.5,22.0,6.25,0.0,0.0,0.0,0.0,45.0,12.0,,,6.0,9.0,,12.0
2018-19,1986,Fofana,centrocampista,Udinese,Udinese,0.0,2.0,6.145161290322581,2.0,3.0,6.5,31.0,5.87037037037037,2.0,0.0,6.0,27.0,5.648148148148148,0.0,0.0,0.0,0.0,6.38973063973064,3.5,0.5,10.25,24.5,5.949074074074074,0.0,0.0,0.0,0.0,37.0,14.0,,,12.0,7.0,,9.0
2019-20,1986,Fofana,centrocampista,Udinese,Udinese,0.0,3.0,6.625,3.0,7.0,14.0,32.0,6.145161290322581,2.0,3.0,6.5,31.0,5.935483870967742,0.0,0.0,0.0,0.0,6.308207523261287,3.0,1.3333333333333333,9.0,26.666666666666668,5.944544006371963,0.0,0.0,0.0,0.0,40.0,16.0,,,9.0,11.0,,11.0
2017-18,1996,De Paul,centrocampista,Udinese,Udinese,0.0,1.0,6.4714285714285715,0.0,7.0,17.0,35.0,6.121212121212121,4.0,1.0,8.5,33.0,5.863636363636363,0.0,0.0,0.0,0.0,6.121212121212121,4.0,1.0,8.5,33.0,5.863636363636363,0.0,0.0,0.0,0.0,45.0,12.0,,,8.0,9.0,,12.0
2018-19,1996,De Paul,centrocampista,Udinese,Udinese,0.0,2.0,6.763888888888889,6.0,7.0,21.5,36.0,6.4714285714285715,0.0,7.0,17.0,35.0,5.985714285714286,0.0,0.0,0.0,0.0,6.296320346320346,2.0,4.0,12.75,34.0,5.9246753246753245,0.0,0.0,0.0,0.0,37.0,14.0,,,12.0,13.0,,15.0
2019-20,1996,De Paul,centrocampista,Udinese,Udinese,0.0,3.0,6.955882352941177,7.0,5.0,22.5,34.0,6.763888888888889,6.0,7.0,21.5,36.0,6.166666666666667,0.0,0.0,0.0,0.0,6.452176527176527,3.3333333333333335,5.0,15.666666666666666,34.666666666666664,6.005339105339105,0.0,0.0,0.0,0.0,40.0,16.0,,,15.0,23.0,,22.0
2020-21,1996,De Paul,centrocampista,Udinese,Udinese,0.0,4.0,7.430555555555555,6.0,10.0,33.5,36.0,6.955882352941177,7.0,5.0,22.5,34.0,6.294117647058823,0.0,0.0,0.0,0.0,6.730399937752879,4.333333333333333,6.333333333333333,20.333333333333332,35.0,6.148832866479926,0.0,0.0,0.0,0.0,42.0,14.0,,,22.0,21.0,,20.0
2017-18,1850,Kessie',centrocampista,Milan,Atalanta,1.0,1.0,6.175675675675675,2.0,1.0,8.5,37.0,6.733333333333333,4.0,1.0,14.5,30.0,6.25,0.0,0.0,0.0,0.0,6.733333333333333,4.0,1.0,14.5,30.0,6.25,0.0,0.0,0.0,0.0,69.0,5.0,63.0,6.0,8.0,12.0,,12.0
2018-19,1850,Kessie',centrocampista,Milan,Milan,0.0,2.0,6.617647058823529,4.0,2.0,19.0,34.0,6.175675675675675,2.0,1.0,8.5,37.0,5.945945945945946,0.0,0.0,0.0,0.0,6.454504504504504,3.0,1.0,11.5,33.5,6.097972972972973,0.0,0.0,0.0,0.0,61.0,6.0,,,12.0,12.0,,11.0
2019-20,1850,Kessie',centrocampista,Milan,Milan,0.0,3.0,6.1,2.0,0.0,10.5,35.0,6.617647058823529,4.0,2.0,19.0,34.0,6.0588235294117645,0.0,0.0,0.0,0.0,6.508885355944179,3.3333333333333335,1.3333333333333333,14.0,33.666666666666664,6.084923158452571,0.0,0.0,0.0,0.0,65.0,5.0,,,11.0,14.0,,13.0
2020-21,1850,Kessie',centrocampista,Milan,Milan,0.0,4.0,7.364864864864865,2.0,4.0,33.0,37.0,6.1,2.0,0.0,10.5,35.0,5.8,0.0,0.0,0.0,0.0,6.297774244833068,2.6666666666666665,1.0,12.666666666666666,35.333333333333336,5.93492315845257,0.0,0.0,0.0,0.0,63.0,6.0,,,13.0,11.0,,10.0
2021-22,1850,Kessie',centrocampista,Milan,Milan,0.0,5.0,6.566666666666666,4.0,0.0,14.0,30.0,7.364864864864865,2.0,4.0,33.0,37.0,6.472972972972973,0.0,0.0,0.0,0.0,6.694170641229465,2.6666666666666665,2.0,20.833333333333332,35.333333333333336,6.110598834128246,0.0,0.0,0.0,0.0,76.0,4.0,,,10.0,27.0,,27.0
2017-18,1852,Spinazzola,centrocampista,Atalanta,Atalanta,0.0,1.0,5.916666666666667,0.0,2.0,1.5,18.0,6.216666666666667,0.0,4.0,1.0,30.0,6.183333333333334,0.0,0.0,0.0,0.0,6.216666666666667,0.0,4.0,1.0,30.0,6.183333333333334,0.0,0.0,0.0,0.0,69.0,5.0,,,6.0,11.0,,8.0
2018-19,1852,Spinazzola,centrocampista,Juventus,Atalanta,1.0,2.0,6.111111111111111,0.0,1.0,1.0,9.0,5.916666666666667,0.0,2.0,1.5,18.0,5.833333333333333,0.0,0.0,0.0,0.0,6.066666666666666,0.0,3.0,1.25,24.0,6.008333333333333,0.0,0.0,0.0,0.0,60.0,7.0,92.0,1.0,8.0,5.0,,6.0
2019-20,1852,Spinazzola,difensore,Roma,Juventus,1.0,3.0,6.431818181818182,1.0,2.0,4.0,22.0,6.111111111111111,0.0,1.0,1.0,9.0,6.0,0.0,0.0,0.0,0.0,6.081481481481482,0.0,2.3333333333333335,1.1666666666666667,19.0,6.0055555555555555,0.0,0.0,0.0,0.0,90.0,1.0,63.0,6.0,6.0,6.0,,7.0
2020-21,1852,Spinazzola,difensore,Roma,Roma,0.0,4.0,6.52,2.0,4.0,8.0,25.0,6.431818181818182,1.0,2.0,4.0,22.0,6.25,1417.0,7.492967018857598,3.819942737929523,42.0,6.153198653198653,0.3333333333333333,1.6666666666666667,2.1666666666666665,16.333333333333332,6.027777777777778,472.3333333333333,2.4976556729525328,1.2733142459765077,14.0,67.0,5.0,,,7.0,10.0,,10.0
2021-22,1852,Spinazzola,difensore,Roma,Roma,0.0,5.0,6.0,0.0,0.0,-0.5,2.0,6.52,2.0,4.0,8.0,25.0,6.2,1783.0,7.283670085482299,6.700196048244834,43.0,6.354309764309764,1.0,2.3333333333333335,4.333333333333333,18.666666666666668,6.1499999999999995,1066.6666666666667,4.925545701446633,3.506712928724786,28.333333333333332,61.0,7.0,,,10.0,12.0,,13.0
2022-23,1852,Spinazzola,difensore,Roma,Roma,0.0,6.0,6.25,1.0,4.0,5.5,26.0,6.0,0.0,0.0,-0.5,2.0,6.25,839.0,2.8852354921400547,5.084753226488829,31.0,6.317272727272727,1.0,2.0,3.8333333333333335,16.333333333333332,6.233333333333333,1346.3333333333333,5.887290865493317,5.201630670887728,38.666666666666664,60.0,6.0,,,13.0,6.0,,12.0
2023-24,1852,Spinazzola,difensore,Roma,Roma,0.0,7.0,6.304347826086956,1.0,2.0,5.0,23.0,6.25,1.0,4.0,5.5,26.0,6.038461538461538,950.0,3.349504828453064,2.2224357798695564,27.0,6.256666666666667,1.0,2.6666666666666665,4.333333333333333,17.666666666666668,6.162820512820513,1190.6666666666667,4.506136802025139,4.669128351534407,33.666666666666664,60.0,7.0,,,12.0,11.0,12.5,10.0
2024-25,1852,Spinazzola,difensore,Napoli,Roma,1.0,8.0,6.217391304347826,1.0,1.0,3.5,23.0,6.304347826086956,1.0,2.0,5.0,23.0,6.086956521739131,0.0,0.0,0.0,0.0,6.184782608695652,0.6666666666666666,2.0,3.3333333333333335,17.0,6.125139353400223,596.3333333333334,2.0782467735310397,2.4357296687861285,19.333333333333332,63.0,6.0,52.0,10.0,10.0,10.0,10.0,13.0
2025-26,1852,Spinazzola,difensore,Napoli,Napoli,0.0,9.0,6.55,3.0,3.0,11.5,30.0,6.217391304347826,1.0,1.0,3.5,23.0,6.065217391304348,753.0,1.7934200260788202,2.400962082669139,13.0,6.257246376811594,1.0,2.3333333333333335,4.666666666666667,24.0,6.063545150501672,567.6666666666666,1.7143082848439615,1.5411326208462317,13.333333333333334,79.0,1.0,,,13.0,11.0,11.0,7.0
2017-18,383,Petagna,attaccante,Atalanta,Atalanta,0.0,1.0,6.362068965517241,4.0,3.0,12.0,29.0,6.893939393939394,5.0,6.0,20.0,33.0,6.287878787878788,0.0,0.0,0.0,0.0,6.893939393939394,5.0,6.0,20.0,33.0,6.287878787878788,0.0,0.0,0.0,0.0,69.0,5.0,,,4.0,14.0,,15.0
2018-19,383,Petagna,attaccante,SPAL,Atalanta,1.0,2.0,7.319444444444445,10.0,0.0,44.0,36.0,6.362068965517241,4.0,3.0,12.0,29.0,5.948275862068965,0.0,0.0,0.0,0.0,6.628004179728317,4.5,4.5,16.0,31.0,6.118077324973877,0.0,0.0,0.0,0.0,60.0,7.0,35.0,17.0,15.0,12.0,,15.0
2019-20,383,Petagna,attaccante,SPAL,SPAL,0.0,3.0,6.722222222222222,7.0,1.0,28.5,36.0,7.319444444444445,10.0,0.0,44.0,36.0,6.097222222222222,0.0,0.0,0.0,0.0,6.858484267967026,6.333333333333333,3.0,25.333333333333332,32.666666666666664,6.111125624056658,0.0,0.0,0.0,0.0,42.0,11.0,,,15.0,22.0,,25.0
2020-21,383,Petagna,attaccante,Napoli,SPAL,1.0,4.0,7.09375,4.0,3.0,15.0,16.0,6.722222222222222,7.0,1.0,28.5,36.0,5.930555555555555,0.0,0.0,0.0,0.0,6.80124521072797,7.0,1.3333333333333333,28.166666666666668,33.666666666666664,5.992017879948914,0.0,0.0,0.0,0.0,20.0,20.0,59.0,7.0,25.0,19.0,,13.0
2021-22,383,Petagna,attaccante,Napoli,Napoli,0.0,5.0,6.769230769230769,3.0,1.0,9.5,13.0,7.09375,4.0,3.0,15.0,16.0,6.15625,0.0,0.0,0.0,0.0,7.045138888888888,7.0,1.3333333333333333,29.166666666666668,29.333333333333332,6.061342592592593,0.0,0.0,0.0,0.0,76.0,3.0,,,13.0,16.0,,11.0
2022-23,383,Petagna,attaccante,Monza,Napoli,1.0,6.0,6.564516129032258,3.0,5.0,16.0,31.0,6.769230769230769,3.0,1.0,9.5,13.0,6.038461538461538,0.0,0.0,0.0,0.0,6.861734330484331,4.666666666666667,1.6666666666666667,17.666666666666668,21.666666666666668,6.041755698005698,0.0,0.0,0.0,0.0,76.0,3.0,,,11.0,10.0,,15.0
2023-24,383,Petagna,attaccante,Cagliari,Monza,1.0,7.0,6.0,1.0,1.0,3.0,15.0,6.564516129032258,3.0,5.0,16.0,31.0,6.048387096774194,0.0,0.0,0.0,0.0,6.809165632754342,3.3333333333333335,3.0,13.5,20.0,6.081032878411911,0.0,0.0,0.0,0.0,52.0,10.0,,,15.0,15.0,11.0,13.0
2024-25,383,Petagna,attaccante,Monza,Cagliari,1.0,8.0,5.285714285714286,0.0,0.0,-0.5,7.0,6.0,1.0,1.0,3.0,15.0,5.8,0.0,0.0,0.0,0.0,6.4445822994210085,2.3333333333333335,2.3333333333333335,9.5,19.666666666666668,5.9622828784119095,0.0,0.0,0.0,0.0,36.0,15.0,45.0,12.0,13.0,4.0,7.5,5.0
2017-18,1999,Lukaku J.,difensore,Lazio,Lazio,0.0,1.0,6.233333333333333,1.0,2.0,4.0,30.0,6.166666666666667,0.0,1.0,0.0,15.0,6.166666666666667,0.0,0.0,0.0,0.0,6.166666666666667,0.0,1.0,0.0,15.0,6.166666666666667,0.0,0.0,0.0,0.0,70.0,4.0,,,5.0,6.0,,5.0
2018-19,1999,Lukaku J.,difensore,Lazio,Lazio,0.0,2.0,5.714285714285714,0.0,0.0,-0.5,7.0,6.233333333333333,1.0,2.0,4.0,30.0,6.1,0.0,0.0,0.0,0.0,6.2,0.5,1.5,2.0,22.5,6.133333333333333,0.0,0.0,0.0,0.0,72.0,4.0,,,5.0,8.0,,5.0
2019-20,1999,Lukaku J.,difensore,Lazio,Lazio,0.0,3.0,6.181818181818182,0.0,2.0,1.0,11.0,5.714285714285714,0.0,0.0,-0.5,7.0,5.785714285714286,0.0,0.0,0.0,0.0,6.038095238095238,0.3333333333333333,1.0,1.1666666666666667,17.333333333333332,6.017460317460318,0.0,0.0,0.0,0.0,59.0,8.0,,,5.0,4.0,,3.0
2017-18,2007,Wallace,difensore,Lazio,Lazio,0.0,1.0,5.333333333333333,0.0,0.0,-4.5,12.0,5.809523809523809,1.0,0.0,-0.5,21.0,5.833333333333333,0.0,0.0,0.0,0.0,5.809523809523809,1.0,0.0,-0.5,21.0,5.833333333333333,0.0,0.0,0.0,0.0,70.0,4.0,,,8.0,5.0,,6.0
2018-19,2007,Wallace,difensore,Lazio,Lazio,0.0,2.0,5.2,0.0,0.0,-5.5,15.0,5.333333333333333,0.0,0.0,-4.5,12.0,5.708333333333333,0.0,0.0,0.0,0.0,5.571428571428571,0.5,0.0,-2.5,16.5,5.770833333333333,0.0,0.0,0.0,0.0,72.0,4.0,,,6.0,2.0,,5.0
2017-18,2040,Lombardi,attaccante,Benevento,Lazio,1.0,1.0,5.735294117647059,0.0,2.0,0.5,17.0,5.75,1.0,0.0,-0.5,10.0,5.8,0.0,0.0,0.0,0.0,5.75,1.0,0.0,-0.5,10.0,5.8,0.0,0.0,0.0,0.0,70.0,4.0,,,2.0,2.0,,1.0
2017-18,491,Salamon,difensore,SPAL,Cagliari,1.0,1.0,5.475,0.0,0.0,-4.5,20.0,5.4,0.0,0.0,-0.5,10.0,5.45,0.0,0.0,0.0,0.0,5.4,0.0,0.0,-0.5,10.0,5.45,0.0,0.0,0.0,0.0,44.0,13.0,,,4.0,3.0,,1.0
2018-19,491,Salamon,difensore,Frosinone,SPAL,1.0,2.0,5.75,0.0,0.0,-1.5,20.0,5.475,0.0,0.0,-4.5,20.0,5.7,0.0,0.0,0.0,0.0,5.4375,0.0,0.0,-2.5,15.0,5.575,0.0,0.0,0.0,0.0,35.0,17.0,,,1.0,2.0,,4.0
2019-20,491,Salamon,difensore,SPAL,Frosinone,1.0,3.0,5.5,0.0,0.0,-0.5,5.0,5.75,0.0,0.0,-1.5,20.0,5.825,0.0,0.0,0.0,0.0,5.541666666666667,0.0,0.0,-2.1666666666666665,16.666666666666668,5.658333333333334,0.0,0.0,0.0,0.0,24.0,19.0,42.0,11.0,4.0,7.0,,3.0
2017-18,1870,Barella,centrocampista,Cagliari,Cagliari,0.0,1.0,6.470588235294118,3.0,1.0,11.5,34.0,5.711538461538462,0.0,1.0,-4.0,26.0,5.865384615384615,0.0,0.0,0.0,0.0,5.711538461538462,0.0,1.0,-4.0,26.0,5.865384615384615,0.0,0.0,0.0,0.0,44.0,13.0,,,3.0,6.0,,4.0
2018-19,1870,Barella,centrocampista,Cagliari,Cagliari,0.0,2.0,6.071428571428571,1.0,4.0,-2.0,35.0,6.470588235294118,3.0,1.0,11.5,34.0,6.132352941176471,0.0,0.0,0.0,0.0,6.09106334841629,1.5,1.0,3.75,30.0,5.998868778280543,0.0,0.0,0.0,0.0,36.0,16.0,,,4.0,9.0,,14.0
2019-20,1870,Barella,centrocampista,Inter,Cagliari,1.0,3.0,6.092592592592593,1.0,3.0,0.5,27.0,6.071428571428571,1.0,4.0,-2.0,35.0,6.128571428571429,0.0,0.0,0.0,0.0,6.0845184227537175,1.3333333333333333,2.0,1.8333333333333333,31.666666666666668,6.042102995044172,0.0,0.0,0.0,0.0,41.0,13.0,66.0,4.0,14.0,12.0,,15.0
2020-21,1870,Barella,centrocampista,Inter,Inter,0.0,4.0,6.611111111111111,3.0,5.0,11.5,36.0,6.092592592592593,1.0,3.0,0.5,27.0,6.074074074074074,0.0,0.0,0.0,0.0,6.211536466438427,1.6666666666666667,2.6666666666666665,3.3333333333333335,32.0,6.1116661479406575,0.0,0.0,0.0,0.0,79.0,2.0,,,15.0,8.0,,12.0
2021-22,1870,Barella,centrocampista,Inter,Inter,0.0,5.0,6.916666666666667,3.0,11.0,15.5,36.0,6.611111111111111,3.0,5.0,11.5,36.0,6.291666666666667,0.0,0.0,0.0,0.0,6.258377425044091,1.6666666666666667,4.0,3.3333333333333335,32.666666666666664,6.1647707231040565,0.0,0.0,0.0,0.0,88.0,1.0,,,12.0,17.0,,18.0
2022-23,1870,Barella,centrocampista,Inter,Inter,0.0,6.0,6.857142857142857,6.0,6.0,21.0,35.0,6.916666666666667,3.0,11.0,15.5,36.0,6.486111111111111,0.0,0.0,0.0,0.0,6.540123456790123,2.3333333333333335,6.333333333333333,9.166666666666666,33.0,6.283950617283952,0.0,0.0,0.0,0.0,81.0,2.0,,,18.0,23.0,,20.0
2023-24,1870,Barella,centrocampista,Inter,Inter,0.0,7.0,6.527027027027027,2.0,3.0,5.5,37.0,6.857142857142857,6.0,6.0,21.0,35.0,6.257142857142857,0.0,0.0,0.0,0.0,6.794973544973544,4.0,7.333333333333333,16.0,35.666666666666664,6.344973544973545,0.0,0.0,0.0,0.0,69.0,3.0,,,20.0,21.0,36.5,20.0
2024-25,1870,Barella,centrocampista,Inter,Inter,0.0,8.0,6.651515151515151,3.0,6.0,13.0,33.0,6.527027027027027,2.0,3.0,5.5,37.0,6.378378378378378,0.0,0.0,0.0,0.0,6.766945516945516,3.6666666666666665,6.666666666666667,14.0,36.0,6.373877448877448,0.0,0.0,0.0,0.0,93.0,1.0,,,20.0,17.0,28.5,20.0
2025-26,1870,Barella,centrocampista,Inter,Inter,0.0,9.0,6.705882352941177,3.0,9.0,14.5,34.0,6.651515151515151,3.0,6.0,13.0,33.0,6.257575757575758,0.0,0.0,0.0,0.0,6.678561678561678,3.6666666666666665,5.0,13.166666666666666,35.0,6.297698997698998,0.0,0.0,0.0,0.0,78.0,2.0,,,20.0,19.0,27.5,14.0
2017-18,2016,Fazio,difensore,Roma,Roma,0.0,1.0,6.257575757575758,2.0,0.0,3.0,33.0,6.333333333333333,2.0,1.0,5.5,36.0,6.180555555555555,0.0,0.0,0.0,0.0,6.333333333333333,2.0,1.0,5.5,36.0,6.180555555555555,0.0,0.0,0.0,0.0,84.0,2.0,,,8.0,13.0,,10.0
2018-19,2016,Fazio,difensore,Roma,Roma,0.0,2.0,6.205882352941177,5.0,0.0,12.0,34.0,6.257575757575758,2.0,0.0,3.0,33.0,6.166666666666667,0.0,0.0,0.0,0.0,6.295454545454545,2.0,0.5,4.25,34.5,6.173611111111111,0.0,0.0,0.0,0.0,74.0,3.0,,,10.0,12.0,,11.0
2019-20,2016,Fazio,difensore,Roma,Roma,0.0,3.0,5.766666666666667,1.0,0.0,1.0,15.0,6.205882352941177,5.0,0.0,12.0,34.0,5.852941176470588,0.0,0.0,0.0,0.0,6.265597147950089,3.0,0.3333333333333333,6.833333333333333,34.333333333333336,6.0667211328976025,0.0,0.0,0.0,0.0,63.0,6.0,,,11.0,12.0,,9.0
2020-21,2016,Fazio,difensore,Roma,Roma,0.0,4.0,6.3,1.0,0.0,2.0,5.0,5.766666666666667,1.0,0.0,1.0,15.0,5.7,0.0,0.0,0.0,0.0,6.0767082590612,2.6666666666666665,0.0,5.333333333333333,27.333333333333332,5.906535947712418,0.0,0.0,0.0,0.0,67.0,5.0,,,9.0,2.0,,5.0
2021-22,2016,Fazio,difensore,Salernitana,Roma,1.0,5.0,5.78125,1.0,0.0,1.5,16.0,6.3,1.0,0.0,2.0,5.0,5.9,0.0,0.0,0.0,0.0,6.090849673202615,2.3333333333333335,0.0,5.0,18.0,5.817647058823529,0.0,0.0,0.0,0.0,61.0,7.0,,,5.0,4.0,,4.0
2022-23,2016,Fazio,difensore,Salernitana,Salernitana,0.0,6.0,5.791666666666667,1.0,0.0,1.5,12.0,5.78125,1.0,0.0,1.5,16.0,5.6875,0.0,0.0,0.0,0.0,5.949305555555555,1.0,0.0,1.5,12.0,5.7625,0.0,0.0,0.0,0.0,31.0,17.0,,,4.0,7.0,,6.0
2023-24,2016,Fazio,difensore,Salernitana,Salernitana,0.0,7.0,5.852941176470588,1.0,1.0,2.5,17.0,5.791666666666667,1.0,0.0,1.5,12.0,5.666666666666667,0.0,0.0,0.0,0.0,5.95763888888889,1.0,0.0,1.6666666666666667,11.0,5.75138888888889,0.0,0.0,0.0,0.0,42.0,15.0,,,6.0,2.0,2.5,2.0
2017-18,2037,Miangue,difensore,Cagliari,Cagliari,0.0,1.0,5.7272727272727275,0.0,1.0,-0.5,11.0,5.9,0.0,0.0,-0.5,5.0,6.0,0.0,0.0,0.0,0.0,5.9,0.0,0.0,-0.5,5.0,6.0,0.0,0.0,0.0,0.0,44.0,13.0,,,1.0,2.0,,6.0
2017-18,2062,Bastos,difensore,Lazio,Lazio,0.0,1.0,6.475,4.0,0.0,10.0,20.0,5.25,0.0,0.0,-3.0,10.0,5.55,0.0,0.0,0.0,0.0,5.25,0.0,0.0,-3.0,10.0,5.55,0.0,0.0,0.0,0.0,70.0,4.0,,,6.0,2.0,,4.0
2018-19,2062,Bastos,difensore,Lazio,Lazio,0.0,2.0,5.911764705882353,1.0,0.0,1.5,17.0,6.475,4.0,0.0,10.0,20.0,5.975,0.0,0.0,0.0,0.0,5.8625,2.0,0.0,3.5,15.0,5.762499999999999,0.0,0.0,0.0,0.0,72.0,4.0,,,4.0,6.0,,8.0
2019-20,2062,Bastos,difensore,Lazio,Lazio,0.0,3.0,5.75,1.0,0.0,-1.0,14.0,5.911764705882353,1.0,0.0,1.5,17.0,5.823529411764706,0.0,0.0,0.0,0.0,5.878921568627451,1.6666666666666667,0.0,2.8333333333333335,15.666666666666666,5.782843137254901,0.0,0.0,0.0,0.0,59.0,8.0,,,8.0,7.0,,6.0
2020-21,2062,Bastos,difensore,Lazio,Lazio,0.0,4.0,5.75,0.0,0.0,0.0,2.0,5.75,1.0,0.0,-1.0,14.0,5.821428571428571,0.0,0.0,0.0,0.0,6.045588235294118,2.0,0.0,3.5,17.0,5.8733193277310916,0.0,0.0,0.0,0.0,78.0,4.0,,,6.0,2.0,,5.0
2017-18,1931,Benatia,difensore,Juventus,Juventus,0.0,1.0,6.35,2.0,0.0,2.0,20.0,6.333333333333333,1.0,0.0,1.5,15.0,6.233333333333333,0.0,0.0,0.0,0.0,6.333333333333333,1.0,0.0,1.5,15.0,6.233333333333333,0.0,0.0,0.0,0.0,88.0,1.0,,,12.0,8.0,,11.0
2018-19,1931,Benatia,difensore,Juventus,Juventus,0.0,2.0,6.1,0.0,0.0,-1.0,5.0,6.35,2.0,0.0,2.0,20.0,6.25,0.0,0.0,0.0,0.0,6.341666666666667,1.5,0.0,1.75,17.5,6.241666666666667,0.0,0.0,0.0,0.0,92.0,1.0,,,11.0,8.0,,10.0
2017-18,2065,Praet,centrocampista,Sampdoria,Sampdoria,0.0,1.0,6.171875,1.0,2.0,3.0,32.0,5.983870967741935,1.0,1.0,2.0,31.0,5.919354838709677,0.0,0.0,0.0,0.0,5.983870967741935,1.0,1.0,2.0,31.0,5.919354838709677,0.0,0.0,0.0,0.0,48.0,11.0,,,12.0,9.0,,9.0
2018-19,2065,Praet,centrocampista,Sampdoria,Sampdoria,0.0,2.0,6.25,2.0,3.0,6.0,34.0,6.171875,1.0,2.0,3.0,32.0,6.078125,0.0,0.0,0.0,0.0,6.077872983870968,1.0,1.5,2.5,31.5,5.998739919354838,0.0,0.0,0.0,0.0,54.0,9.0,,,9.0,10.0,,10.0
2017-18,2073,Ragusa,attaccante,Sassuolo,Sassuolo,0.0,1.0,5.673913043478261,0.0,1.0,-1.5,23.0,6.363636363636363,4.0,2.0,11.5,22.0,5.840909090909091,0.0,0.0,0.0,0.0,6.363636363636363,4.0,2.0,11.5,22.0,5.840909090909091,0.0,0.0,0.0,0.0,49.0,10.0,,,8.0,7.0,,9.0
2017-18,1857,Di Francesco F.,centrocampista,Bologna,Bologna,0.0,1.0,6.2272727272727275,1.0,3.0,4.0,22.0,7.0,4.0,3.0,12.5,18.0,6.305555555555555,0.0,0.0,0.0,0.0,7.0,4.0,3.0,12.5,18.0,6.305555555555555,0.0,0.0,0.0,0.0,41.0,15.0,,,7.0,10.0,,10.0
2018-19,1857,Di Francesco F.,centrocampista,Sassuolo,Bologna,1.0,2.0,6.28125,2.0,2.0,7.0,16.0,6.2272727272727275,1.0,3.0,4.0,22.0,6.045454545454546,0.0,0.0,0.0,0.0,6.613636363636363,2.5,3.0,8.25,20.0,6.17550505050505,0.0,0.0,0.0,0.0,39.0,13.0,43.0,11.0,10.0,7.0,,14.0
2019-20,1857,Di Francesco F.,attaccante,SPAL,Sassuolo,1.0,3.0,6.147058823529412,2.0,0.0,4.0,17.0,6.28125,2.0,2.0,7.0,16.0,5.84375,0.0,0.0,0.0,0.0,6.502840909090909,2.3333333333333335,2.6666666666666665,7.833333333333333,18.666666666666668,6.064920033670035,0.0,0.0,0.0,0.0,43.0,10.0,42.0,11.0,14.0,11.0,,11.0
2022-23,1857,Di Francesco F.,attaccante,Lecce,Empoli,1.0,5.0,6.102941176470588,2.0,2.0,6.0,34.0,6.68,5.0,0.0,14.0,25.0,6.12,0.0,0.0,0.0,0.0,6.413529411764706,3.5,0.0,9.0,21.0,6.015882352941176,0.0,0.0,0.0,0.0,38.0,14.0,,,5.0,16.0,,12.0
2023-24,1857,Di Francesco F.,attaccante,Lecce,Lecce,0.0,6.0,10.0,1.0,0.0,3.0,1.0,6.102941176470588,2.0,2.0,6.0,34.0,5.926470588235294,0.0,0.0,0.0,0.0,6.391470588235293,3.5,1.0,10.0,29.5,6.023235294117647,0.0,0.0,0.0,0.0,36.0,16.0,,,12.0,10.0,6.0,8.0
2019-20,254,Dimarco,difensore,Verona,Parma,1.0,2.0,5.9375,0.0,2.0,-0.5,8.0,6.2272727272727275,1.0,0.0,1.0,11.0,6.136363636363637,0.0,0.0,0.0,0.0,6.113636363636363,0.5,0.5,0.75,10.0,6.040404040404041,0.0,0.0,0.0,0.0,41.0,14.0,,,5.0,6.0,,3.0
2020-21,254,Dimarco,difensore,Verona,Verona,0.0,3.0,6.571428571428571,5.0,3.0,15.0,35.0,5.9375,0.0,2.0,-0.5,8.0,6.0,0.0,0.0,0.0,0.0,6.082386363636363,0.5,1.0,0.25,9.5,6.068181818181818,0.0,0.0,0.0,0.0,49.0,9.0,,,3.0,3.0,,4.0
2021-22,254,Dimarco,difensore,Inter,Verona,1.0,4.0,6.34,2.0,3.0,5.5,25.0,6.571428571428571,5.0,3.0,15.0,35.0,6.142857142857143,0.0,0.0,0.0,0.0,6.245400432900433,2.0,1.6666666666666667,5.166666666666667,18.0,6.093073593073593,0.0,0.0,0.0,0.0,44.0,10.0,88.0,1.0,4.0,16.0,,8.0
2022-23,254,Dimarco,difensore,Inter,Inter,0.0,5.0,6.696969696969697,4.0,4.0,16.0,33.0,6.34,2.0,3.0,5.5,25.0,6.12,0.0,0.0,0.0,0.0,6.282976190476191,2.3333333333333335,2.6666666666666665,6.666666666666667,22.666666666666668,6.0876190476190475,0.0,0.0,0.0,0.0,81.0,2.0,,,8.0,11.0,,8.0
2023-24,254,Dimarco,difensore,Inter,Inter,0.0,6.0,7.183333333333334,5.0,6.0,21.0,30.0,6.696969696969697,4.0,4.0,16.0,33.0,6.212121212121212,0.0,0.0,0.0,0.0,6.536132756132756,3.6666666666666665,3.3333333333333335,12.166666666666666,31.0,6.158326118326118,0.0,0.0,0.0,0.0,69.0,3.0,,,8.0,18.0,26.5,19.0
2024-25,254,Dimarco,difensore,Inter,Inter,0.0,7.0,6.859375,4.0,7.0,17.5,32.0,7.183333333333334,5.0,6.0,21.0,30.0,6.483333333333333,0.0,0.0,0.0,0.0,6.74010101010101,3.6666666666666665,4.333333333333333,14.166666666666666,29.333333333333332,6.271818181818182,0.0,0.0,0.0,0.0,93.0,1.0,,,19.0,24.0,75.0,24.0
2025-26,254,Dimarco,difensore,Inter,Inter,0.0,8.0,7.642857142857143,7.0,17.0,36.5,35.0,6.859375,4.0,7.0,17.5,32.0,6.3125,0.0,0.0,0.0,0.0,6.913226010101011,4.333333333333333,5.666666666666667,18.166666666666668,31.666666666666668,6.335984848484848,0.0,0.0,0.0,0.0,78.0,2.0,,,24.0,21.0,49.0,19.0
2017-18,1879,Farias,attaccante,Cagliari,Cagliari,0.0,1.0,5.826923076923077,1.0,4.0,2.0,26.0,7.15,5.0,2.0,21.0,20.0,6.1,0.0,0.0,0.0,0.0,7.15,5.0,2.0,21.0,20.0,6.1,0.0,0.0,0.0,0.0,44.0,13.0,,,15.0,13.0,,13.0
2018-19,1879,Farias,attaccante,Empoli,Cagliari,1.0,2.0,6.758064516129032,7.0,4.0,23.0,31.0,5.826923076923077,1.0,4.0,2.0,26.0,5.75,0.0,0.0,0.0,0.0,6.4884615384615385,3.0,3.0,11.5,23.0,5.925,0.0,0.0,0.0,0.0,36.0,16.0,,,13.0,7.0,,12.0
2019-20,1879,Farias,attaccante,Lecce,Empoli,1.0,3.0,6.111111111111111,2.0,0.0,4.0,18.0,6.758064516129032,7.0,4.0,23.0,31.0,6.016129032258065,0.0,0.0,0.0,0.0,6.578329197684037,4.333333333333333,3.3333333333333335,15.333333333333334,25.666666666666668,5.955376344086022,0.0,0.0,0.0,0.0,38.0,17.0,,,12.0,15.0,,11.0
2020-21,1879,Farias,attaccante,Spezia,Lecce,1.0,4.0,6.346153846153846,4.0,2.0,11.5,26.0,6.111111111111111,2.0,0.0,4.0,18.0,5.888888888888889,0.0,0.0,0.0,0.0,6.23203290138774,3.3333333333333335,2.6666666666666665,9.666666666666666,25.0,5.885005973715651,0.0,0.0,0.0,0.0,35.0,18.0,,,11.0,5.0,,9.0
2021-22,1879,Farias,attaccante,Cagliari,Spezia,1.0,5.0,5.833333333333333,0.0,0.0,0.0,3.0,6.346153846153846,4.0,2.0,11.5,26.0,5.903846153846154,0.0,0.0,0.0,0.0,6.405109824464663,4.333333333333333,2.0,12.833333333333334,25.0,5.936288024997702,0.0,0.0,0.0,0.0,38.0,15.0,37.0,16.0,9.0,12.0,,6.0
2017-18,2071,Dussenne,difensore,Crotone,Crotone,0.0,1.0,4.5,0.0,0.0,-0.5,1.0,5.1875,0.0,0.0,-1.5,8.0,5.375,0.0,0.0,0.0,0.0,5.1875,0.0,0.0,-1.5,8.0,5.375,0.0,0.0,0.0,0.0,31.0,18.0,,,4.0,1.0,,1.0
2017-18,1906,Nalini,attaccante,Crotone,Crotone,0.0,1.0,6.130434782608695,0.0,3.0,2.0,23.0,6.607142857142857,2.0,2.0,7.0,14.0,6.107142857142857,0.0,0.0,0.0,0.0,6.607142857142857,2.0,2.0,7.0,14.0,6.107142857142857,0.0,0.0,0.0,0.0,31.0,18.0,,,3.0,8.0,,8.0
2017-18,2061,Simeone,attaccante,Fiorentina,Genoa,1.0,1.0,7.171052631578948,14.0,4.0,44.5,38.0,6.8428571428571425,11.0,1.0,32.5,35.0,5.914285714285715,0.0,0.0,0.0,0.0,6.8428571428571425,11.0,1.0,32.5,35.0,5.914285714285715,0.0,0.0,0.0,0.0,36.0,16.0,59.0,8.0,10.0,12.0,,17.0
2018-19,2061,Simeone,attaccante,Fiorentina,Fiorentina,0.0,2.0,6.228571428571429,6.0,3.0,20.0,35.0,7.171052631578948,14.0,4.0,44.5,38.0,6.0,0.0,0.0,0.0,0.0,7.006954887218045,12.5,2.5,38.5,36.5,5.957142857142857,0.0,0.0,0.0,0.0,57.0,8.0,,,17.0,20.0,,26.0
2019-20,2061,Simeone,attaccante,Cagliari,Fiorentina,1.0,3.0,7.013513513513513,12.0,3.0,37.0,37.0,6.228571428571429,6.0,3.0,20.0,35.0,5.6571428571428575,0.0,0.0,0.0,0.0,6.74749373433584,10.333333333333334,2.6666666666666665,32.333333333333336,36.0,5.857142857142858,0.0,0.0,0.0,0.0,40.0,15.0,41.0,13.0,26.0,17.0,,14.0
2020-21,2061,Simeone,attaccante,Cagliari,Cagliari,0.0,4.0,6.344827586206897,6.0,1.0,18.5,29.0,7.013513513513513,12.0,3.0,37.0,37.0,6.013513513513513,0.0,0.0,0.0,0.0,6.8043791912212965,10.666666666666666,3.3333333333333335,33.833333333333336,36.666666666666664,5.89021879021879,0.0,0.0,0.0,0.0,45.0,13.0,,,14.0,22.0,,20.0
2021-22,2061,Simeone,attaccante,Verona,Cagliari,1.0,5.0,7.542857142857143,17.0,4.0,48.0,35.0,6.344827586206897,6.0,1.0,18.5,29.0,5.706896551724138,0.0,0.0,0.0,0.0,6.528970842763946,8.0,2.3333333333333335,25.166666666666668,33.666666666666664,5.792517640793503,0.0,0.0,0.0,0.0,37.0,16.0,44.0,10.0,20.0,12.0,,13.0
2022-23,2061,Simeone,attaccante,Napoli,Verona,1.0,6.0,7.333333333333333,4.0,1.0,12.5,12.0,7.542857142857143,17.0,4.0,48.0,35.0,6.171428571428572,0.0,0.0,0.0,0.0,6.967066080859184,11.666666666666666,2.6666666666666665,34.5,33.666666666666664,5.963946212222074,0.0,0.0,0.0,0.0,52.0,9.0,76.0,3.0,13.0,29.0,,25.0
2023-24,2061,Simeone,attaccante,Napoli,Napoli,0.0,7.0,5.823529411764706,1.0,0.0,1.5,17.0,7.333333333333333,4.0,1.0,12.5,12.0,6.291666666666667,0.0,0.0,0.0,0.0,7.073672687465791,9.0,2.0,26.333333333333332,25.333333333333332,6.056663929939792,0.0,0.0,0.0,0.0,87.0,1.0,,,25.0,17.0,13.5,13.0
2024-25,2061,Simeone,attaccante,Napoli,Napoli,0.0,8.0,6.105263157894737,1.0,1.0,3.5,19.0,5.823529411764706,1.0,0.0,1.5,17.0,5.735294117647059,0.0,0.0,0.0,0.0,6.899906629318394,7.333333333333333,1.6666666666666667,20.666666666666668,21.333333333333332,6.0661297852474325,0.0,0.0,0.0,0.0,52.0,10.0,,,13.0,3.0,9.0,11.0
2025-26,2061,Simeone,attaccante,Torino,Napoli,1.0,9.0,7.09375,11.0,0.0,32.5,32.0,6.105263157894737,1.0,1.0,3.5,19.0,5.921052631578948,0.0,0.0,0.0,0.0,6.420708634330925,2.0,0.6666666666666666,5.833333333333333,16.0,5.9826711386308915,0.0,0.0,0.0,0.0,79.0,1.0,44.0,11.0,11.0,7.0,3.5,8.0
2017-18,2087,Olivera M.,difensore,Fiorentina,Fiorentina,0.0,1.0,5.5,0.0,0.0,-0.5,7.0,5.7,0.0,0.0,-1.5,15.0,5.8,0.0,0.0,0.0,0.0,5.7,0.0,0.0,-1.5,15.0,5.8,0.0,0.0,0.0,0.0,59.0,8.0,,,8.0,4.0,,6.0
2020-21,2087,Olivera M.,difensore,Fiorentina,Fiorentina,0.0,3.0,6.0,0.0,0.0,0.0,1.0,6.5,0.0,0.0,0.0,1.0,6.5,0.0,0.0,0.0,0.0,6.0,0.0,0.0,-0.25,4.0,6.035714285714286,0.0,0.0,0.0,0.0,46.0,10.0,,,,,,1.0
2017-18,2086,Iemmello,attaccante,Benevento,Sassuolo,1.0,1.0,6.1,1.0,1.0,7.0,15.0,7.166666666666667,4.0,0.0,14.5,12.0,5.958333333333333,0.0,0.0,0.0,0.0,7.166666666666667,4.0,0.0,14.5,12.0,5.958333333333333,0.0,0.0,0.0,0.0,49.0,10.0,,,7.0,8.0,,8.0
2017-18,2078,Joao Mario N.,centrocampista,Inter,Inter,0.0,1.0,6.166666666666667,0.0,2.0,2.0,12.0,6.293103448275862,3.0,5.0,11.5,29.0,5.896551724137931,0.0,0.0,0.0,0.0,6.293103448275862,3.0,5.0,11.5,29.0,5.896551724137931,0.0,0.0,0.0,0.0,59.0,7.0,,,17.0,13.0,,10.0
2018-19,2078,Joao Mario N.,centrocampista,Inter,Inter,0.0,2.0,6.25,1.0,1.0,3.0,16.0,6.166666666666667,0.0,2.0,2.0,12.0,6.0,0.0,0.0,0.0,0.0,6.2298850574712645,1.5,3.5,6.75,20.5,5.948275862068965,0.0,0.0,0.0,0.0,69.0,5.0,,,10.0,8.0,,3.0
2017-18,1869,Pisacane,difensore,Cagliari,Cagliari,0.0,1.0,5.604166666666667,0.0,0.0,-3.0,24.0,5.689655172413793,1.0,1.0,0.5,29.0,5.672413793103448,0.0,0.0,0.0,0.0,5.689655172413793,1.0,1.0,0.5,29.0,5.672413793103448,0.0,0.0,0.0,0.0,44.0,13.0,,,2.0,7.0,,6.0
2018-19,1869,Pisacane,difensore,Cagliari,Cagliari,0.0,2.0,5.865384615384615,1.0,1.0,1.0,26.0,5.604166666666667,0.0,0.0,-3.0,24.0,5.729166666666667,0.0,0.0,0.0,0.0,5.64691091954023,0.5,0.5,-1.25,26.5,5.700790229885058,0.0,0.0,0.0,0.0,36.0,16.0,,,6.0,5.0,,4.0
2019-20,1869,Pisacane,difensore,Cagliari,Cagliari,0.0,3.0,5.706896551724138,1.0,0.0,-1.0,29.0,5.865384615384615,1.0,1.0,1.0,26.0,5.826923076923077,0.0,0.0,0.0,0.0,5.719735484821691,0.6666666666666666,0.6666666666666666,-0.5,26.333333333333332,5.742834512231064,0.0,0.0,0.0,0.0,41.0,13.0,,,4.0,8.0,,4.0
2020-21,1869,Pisacane,difensore,Cagliari,Cagliari,0.0,4.0,5.125,0.0,0.0,-0.5,4.0,5.706896551724138,1.0,0.0,-1.0,29.0,5.741379310344827,0.0,0.0,0.0,0.0,5.725482611258474,0.6666666666666666,0.3333333333333333,-1.0,26.333333333333332,5.76582301797819,0.0,0.0,0.0,0.0,45.0,13.0,,,4.0,4.0,,4.0
2017-18,1874,Joao Pedro,centrocampista,Cagliari,Cagliari,0.0,1.0,6.295454545454546,4.0,1.0,12.5,22.0,6.795454545454546,6.0,1.0,16.0,22.0,6.068181818181818,0.0,0.0,0.0,0.0,6.795454545454546,6.0,1.0,16.0,22.0,6.068181818181818,0.0,0.0,0.0,0.0,44.0,13.0,,,11.0,12.0,,15.0
2018-19,1874,Joao Pedro,centrocampista,Cagliari,Cagliari,0.0,2.0,6.470588235294118,5.0,3.0,21.0,34.0,6.295454545454546,4.0,1.0,12.5,22.0,5.7272727272727275,0.0,0.0,0.0,0.0,6.545454545454546,5.0,1.0,14.25,22.0,5.897727272727273,0.0,0.0,0.0,0.0,36.0,16.0,,,15.0,9.0,,13.0
2019-20,1874,Joao Pedro,centrocampista,Cagliari,Cagliari,0.0,3.0,7.5,14.0,4.0,49.0,36.0,6.470588235294118,5.0,3.0,21.0,34.0,5.852941176470588,0.0,0.0,0.0,0.0,6.520499108734403,5.0,1.6666666666666667,16.5,26.0,5.882798573975045,0.0,0.0,0.0,0.0,41.0,13.0,,,13.0,12.0,,16.0
2020-21,1874,Joao Pedro,attaccante,Cagliari,Cagliari,0.0,4.0,7.405405405405405,12.0,3.0,46.0,37.0,7.5,14.0,4.0,49.0,36.0,6.138888888888889,0.0,0.0,0.0,0.0,6.755347593582887,7.666666666666667,2.6666666666666665,27.5,30.666666666666668,5.906367597544068,0.0,0.0,0.0,0.0,45.0,13.0,,,16.0,28.0,,25.0
2021-22,1874,Joao Pedro,attaccante,Cagliari,Cagliari,0.0,5.0,7.027027027027027,10.0,4.0,35.5,37.0,7.405405405405405,12.0,3.0,46.0,37.0,6.162162162162162,0.0,0.0,0.0,0.0,7.125331213566508,10.333333333333334,3.3333333333333335,38.666666666666664,35.666666666666664,6.051330742507212,0.0,0.0,0.0,0.0,37.0,16.0,,,25.0,27.0,,26.0
2017-18,173,Capezzi,centrocampista,Sampdoria,Crotone,1.0,1.0,6.333333333333333,0.0,1.0,1.0,3.0,5.619047619047619,0.0,0.0,-3.5,21.0,5.785714285714286,0.0,0.0,0.0,0.0,5.619047619047619,0.0,0.0,-3.5,21.0,5.785714285714286,0.0,0.0,0.0,0.0,31.0,18.0,48.0,11.0,7.0,4.0,,5.0
2018-19,173,Capezzi,centrocampista,Empoli,Sampdoria,1.0,2.0,5.3,0.0,0.0,-3.5,10.0,6.333333333333333,0.0,1.0,1.0,3.0,6.0,0.0,0.0,0.0,0.0,5.976190476190476,0.0,0.5,-1.25,12.0,5.892857142857142,0.0,0.0,0.0,0.0,54.0,9.0,,,5.0,2.0,,4.0
2017-18,1901,Barberis,centrocampista,Crotone,Crotone,0.0,1.0,5.868421052631579,2.0,1.0,6.5,38.0,5.980769230769231,0.0,3.0,1.5,26.0,5.923076923076923,0.0,0.0,0.0,0.0,5.980769230769231,0.0,3.0,1.5,26.0,5.923076923076923,0.0,0.0,0.0,0.0,31.0,18.0,,,2.0,8.0,,6.0
2017-18,1939,Lapadula,attaccante,Genoa,Milan,1.0,1.0,6.346153846153846,3.0,1.0,14.5,26.0,7.130434782608695,6.0,2.0,24.5,23.0,6.065217391304348,0.0,0.0,0.0,0.0,7.130434782608695,6.0,2.0,24.5,23.0,6.065217391304348,0.0,0.0,0.0,0.0,63.0,6.0,36.0,16.0,17.0,15.0,,17.0
2018-19,1939,Lapadula,attaccante,Genoa,Genoa,0.0,2.0,6.083333333333333,1.0,0.0,2.5,6.0,6.346153846153846,3.0,1.0,14.5,26.0,5.788461538461538,0.0,0.0,0.0,0.0,6.738294314381271,4.5,1.5,19.5,24.5,5.926839464882943,0.0,0.0,0.0,0.0,41.0,12.0,,,17.0,11.0,,12.0
2019-20,1939,Lapadula,attaccante,Lecce,Genoa,1.0,3.0,7.270833333333333,9.0,0.0,28.0,24.0,6.083333333333333,1.0,0.0,2.5,6.0,5.666666666666667,0.0,0.0,0.0,0.0,6.519973987365291,3.3333333333333335,1.0,13.833333333333334,18.333333333333332,5.84011519881085,0.0,0.0,0.0,0.0,37.0,18.0,,,12.0,7.0,,14.0
2020-21,1939,Lapadula,attaccante,Benevento,Lecce,1.0,4.0,6.5,8.0,2.0,22.0,37.0,7.270833333333333,9.0,0.0,28.0,24.0,6.104166666666667,0.0,0.0,0.0,0.0,6.566773504273503,4.333333333333333,0.3333333333333333,15.0,18.666666666666668,5.8530982905982905,0.0,0.0,0.0,0.0,35.0,18.0,,,14.0,21.0,,14.0
2024-25,1939,Lapadula,attaccante,Cagliari,Cagliari,0.0,6.0,5.7,0.0,0.0,-0.5,10.0,6.238095238095238,2.0,0.0,7.5,21.0,5.880952380952381,0.0,0.0,0.0,0.0,6.238095238095238,2.0,0.0,7.5,21.0,5.880952380952381,0.0,0.0,0.0,0.0,36.0,15.0,,,15.0,10.0,13.5,9.0
2017-18,2006,Lirola,difensore,Sassuolo,Sassuolo,0.0,1.0,5.791666666666667,0.0,1.0,0.0,24.0,5.809523809523809,0.0,3.0,1.5,21.0,5.738095238095238,0.0,0.0,0.0,0.0,5.809523809523809,0.0,3.0,1.5,21.0,5.738095238095238,0.0,0.0,0.0,0.0,49.0,10.0,,,3.0,6.0,,6.0
2018-19,2006,Lirola,difensore,Sassuolo,Sassuolo,0.0,2.0,6.214285714285714,2.0,7.0,8.0,35.0,5.791666666666667,0.0,1.0,0.0,24.0,5.791666666666667,1663.0,3.077987629920244,3.8451913353055716,42.0,5.800595238095238,0.0,2.0,0.75,22.5,5.7648809523809526,831.5,1.538993814960122,1.9225956676527858,21.0,43.0,11.0,,,6.0,5.0,,6.0
2019-20,2006,Lirola,difensore,Fiorentina,Sassuolo,1.0,3.0,5.828571428571428,0.0,2.0,0.0,35.0,6.214285714285714,2.0,7.0,8.0,35.0,5.985714285714286,0.0,0.0,0.0,0.0,5.938492063492063,0.6666666666666666,3.6666666666666665,3.1666666666666665,26.666666666666668,5.838492063492063,554.3333333333334,1.0259958766400814,1.2817304451018572,14.0,43.0,10.0,40.0,15.0,6.0,11.0,,11.0
2020-21,2006,Lirola,difensore,Fiorentina,Fiorentina,0.0,4.0,5.863636363636363,0.0,1.0,-0.5,11.0,5.828571428571428,0.0,2.0,0.0,35.0,5.828571428571428,0.0,0.0,0.0,0.0,5.94484126984127,0.6666666666666666,3.3333333333333335,2.6666666666666665,31.333333333333332,5.868650793650794,554.3333333333334,1.0259958766400814,1.2817304451018572,14.0,46.0,10.0,,,11.0,7.0,,8.0
2017-18,2013,Ricci F.,attaccante,Crotone,Sassuolo,1.0,1.0,5.972222222222222,1.0,1.0,2.0,18.0,5.9411764705882355,1.0,0.0,4.5,17.0,5.676470588235294,0.0,0.0,0.0,0.0,5.9411764705882355,1.0,0.0,4.5,17.0,5.676470588235294,0.0,0.0,0.0,0.0,49.0,10.0,31.0,18.0,6.0,3.0,,4.0
2017-18,1979,Barreca,difensore,Torino,Torino,0.0,1.0,5.666666666666667,0.0,0.0,-1.0,9.0,5.981481481481482,0.0,2.0,1.0,27.0,5.944444444444445,0.0,0.0,0.0,0.0,5.981481481481482,0.0,2.0,1.0,27.0,5.944444444444445,0.0,0.0,0.0,0.0,50.0,9.0,,,1.0,7.0,,7.0
2020-21,1979,Barreca,difensore,Fiorentina,Genoa,1.0,3.0,5.75,0.0,0.0,0.0,2.0,5.735294117647059,0.0,1.0,1.0,17.0,5.676470588235294,2022.0,2.7823444921523333,4.185990169644356,56.0,5.700980392156863,0.0,0.5,0.0,13.0,5.727124183006536,1011.0,1.3911722460761666,2.092995084822178,28.0,36.0,17.0,46.0,10.0,6.0,2.0,,3.0
2017-18,2015,Letschert,difensore,Sassuolo,Sassuolo,0.0,1.0,5.916666666666667,0.0,0.0,0.0,6.0,5.444444444444445,0.0,0.0,-2.0,9.0,5.666666666666667,0.0,0.0,0.0,0.0,5.444444444444445,0.0,0.0,-2.0,9.0,5.666666666666667,0.0,0.0,0.0,0.0,49.0,10.0,,,6.0,2.0,,4.0
2021-22,1998,Pjaca,attaccante,Torino,Genoa,1.0,3.0,6.4,3.0,0.0,9.0,20.0,6.189655172413793,3.0,2.0,11.0,29.0,5.810344827586207,221.0,0.014175999909639359,0.07506489753723145,1.0,6.061494252873564,2.0,1.5,7.25,22.0,5.755172413793104,678.5,0.3235746957361698,0.32977519696578383,7.5,39.0,14.0,36.0,17.0,3.0,10.0,,4.0
2022-23,1998,Pjaca,attaccante,Empoli,Torino,1.0,4.0,5.8076923076923075,0.0,0.0,-0.5,13.0,6.4,3.0,0.0,9.0,20.0,5.95,5.0,0.0,0.0,0.0,6.294827586206896,3.0,1.0,10.0,24.5,5.880172413793104,113.0,0.007087999954819679,0.03753244876861572,0.5,50.0,10.0,38.0,14.0,4.0,10.0,,9.0
2017-18,1934,Strakosha,portiere,Lazio,Lazio,0.0,1.0,5.0394736842105265,0.0,0.0,-47.0,38.0,4.809523809523809,0.0,0.0,-26.5,21.0,6.071428571428571,0.0,0.0,0.0,0.0,4.809523809523809,0.0,0.0,-26.5,21.0,6.071428571428571,0.0,0.0,0.0,0.0,70.0,4.0,,,1.0,5.0,,12.0
2018-19,1934,Strakosha,portiere,Lazio,Lazio,0.0,2.0,5.085714285714285,0.0,0.0,-38.0,35.0,5.0394736842105265,0.0,0.0,-47.0,38.0,6.276315789473684,0.0,0.0,0.0,0.0,4.924498746867168,0.0,0.0,-36.75,29.5,6.173872180451127,0.0,0.0,0.0,0.0,72.0,4.0,,,12.0,11.0,,12.0
2019-20,1934,Strakosha,portiere,Lazio,Lazio,0.0,3.0,5.157894736842105,0.0,0.0,-40.0,38.0,5.085714285714285,0.0,0.0,-38.0,35.0,6.171428571428572,0.0,0.0,0.0,0.0,4.978237259816208,0.0,0.0,-37.166666666666664,31.333333333333332,6.173057644110275,0.0,0.0,0.0,0.0,59.0,8.0,,,12.0,12.0,,13.0
2020-21,1934,Strakosha,portiere,Lazio,Lazio,0.0,4.0,4.333333333333333,0.0,0.0,-14.5,9.0,5.157894736842105,0.0,0.0,-40.0,38.0,6.2105263157894735,0.0,0.0,0.0,0.0,5.09436090225564,0.0,0.0,-41.666666666666664,37.0,6.219423558897243,0.0,0.0,0.0,0.0,78.0,4.0,,,13.0,12.0,,15.0
2021-22,1934,Strakosha,portiere,Lazio,Lazio,0.0,5.0,4.739130434782608,0.0,0.0,-30.0,23.0,4.333333333333333,0.0,0.0,-14.5,9.0,5.944444444444445,0.0,0.0,0.0,0.0,4.858980785296574,0.0,0.0,-30.833333333333332,27.333333333333332,6.10879977722083,0.0,0.0,0.0,0.0,68.0,6.0,,,15.0,7.0,,1.0
2017-18,2085,Luis Alberto,attaccante,Lazio,Lazio,0.0,1.0,7.617647058823529,10.0,13.0,40.5,34.0,6.333333333333333,1.0,2.0,5.0,9.0,5.777777777777778,0.0,0.0,0.0,0.0,6.333333333333333,1.0,2.0,5.0,9.0,5.777777777777778,0.0,0.0,0.0,0.0,70.0,4.0,,,13.0,6.0,,4.0
2018-19,2085,Luis Alberto,centrocampista,Lazio,Lazio,0.0,2.0,6.481481481481482,3.0,5.0,13.5,27.0,7.617647058823529,10.0,13.0,40.5,34.0,6.426470588235294,0.0,0.0,0.0,0.0,6.975490196078431,5.5,7.5,22.75,21.5,6.102124183006536,0.0,0.0,0.0,0.0,72.0,4.0,,,4.0,18.0,,27.0
2019-20,2085,Luis Alberto,centrocampista,Lazio,Lazio,0.0,3.0,7.305555555555555,5.0,15.0,30.5,36.0,6.481481481481482,3.0,5.0,13.5,27.0,5.981481481481482,0.0,0.0,0.0,0.0,6.810820624546114,4.666666666666667,6.666666666666667,19.666666666666668,23.333333333333332,6.061909949164851,0.0,0.0,0.0,0.0,59.0,8.0,,,27.0,20.0,,20.0
2020-21,2085,Luis Alberto,centrocampista,Lazio,Lazio,0.0,4.0,7.029411764705882,9.0,0.0,24.5,34.0,7.305555555555555,5.0,15.0,30.5,36.0,6.458333333333333,0.0,0.0,0.0,0.0,7.134894698620189,6.0,11.0,28.166666666666668,32.333333333333336,6.288761801016704,0.0,0.0,0.0,0.0,78.0,4.0,,,20.0,27.0,,25.0
2021-22,2085,Luis Alberto,centrocampista,Lazio,Lazio,0.0,5.0,6.8088235294117645,5.0,10.0,22.5,34.0,7.029411764705882,9.0,0.0,24.5,34.0,6.3088235294117645,0.0,0.0,0.0,0.0,6.938816267247639,5.666666666666667,6.666666666666667,22.833333333333332,32.333333333333336,6.249546114742192,0.0,0.0,0.0,0.0,68.0,6.0,,,25.0,23.0,,25.0
2022-23,2085,Luis Alberto,centrocampista,Lazio,Lazio,0.0,6.0,6.926470588235294,5.0,7.0,20.0,34.0,6.8088235294117645,5.0,10.0,22.5,34.0,6.147058823529412,0.0,0.0,0.0,0.0,7.0479302832244,6.333333333333333,8.333333333333334,25.833333333333332,34.666666666666664,6.3047385620915035,0.0,0.0,0.0,0.0,63.0,5.0,,,25.0,19.0,,18.0
2023-24,2085,Luis Alberto,centrocampista,Lazio,Lazio,0.0,7.0,6.84375,5.0,7.0,18.5,32.0,6.926470588235294,5.0,7.0,20.0,34.0,6.338235294117647,0.0,0.0,0.0,0.0,6.921568627450981,6.333333333333333,5.666666666666667,22.333333333333332,34.0,6.264705882352941,0.0,0.0,0.0,0.0,71.0,2.0,,,18.0,22.0,44.0,21.0
2017-18,2075,Cristoforo,centrocampista,Fiorentina,Fiorentina,0.0,1.0,5.5,0.0,0.0,-0.5,4.0,5.6923076923076925,0.0,0.0,0.0,13.0,5.6923076923076925,0.0,0.0,0.0,0.0,5.6923076923076925,0.0,0.0,0.0,13.0,5.6923076923076925,0.0,0.0,0.0,0.0,59.0,8.0,,,4.0,3.0,,4.0
2017-18,116,Izco,centrocampista,Crotone,Chievo,1.0,1.0,5.333333333333333,0.0,0.0,0.0,3.0,5.75,0.0,1.0,0.5,20.0,5.725,0.0,0.0,0.0,0.0,5.75,0.0,1.0,0.5,20.0,5.725,0.0,0.0,0.0,0.0,43.0,14.0,31.0,18.0,5.0,5.0,,3.0
2017-18,1987,Jankto,centrocampista,Udinese,Udinese,0.0,1.0,6.388888888888889,4.0,5.0,14.5,36.0,6.72,5.0,4.0,16.0,25.0,6.08,0.0,0.0,0.0,0.0,6.72,5.0,4.0,16.0,25.0,6.08,0.0,0.0,0.0,0.0,45.0,12.0,,,3.0,10.0,,11.0
2018-19,1987,Jankto,centrocampista,Sampdoria,Udinese,1.0,2.0,5.529411764705882,0.0,0.0,-1.0,17.0,6.388888888888889,4.0,5.0,14.5,36.0,5.986111111111111,0.0,0.0,0.0,0.0,6.554444444444444,4.5,4.5,15.25,30.5,6.033055555555555,0.0,0.0,0.0,0.0,37.0,14.0,54.0,9.0,11.0,11.0,,15.0
2019-20,1987,Jankto,centrocampista,Sampdoria,Sampdoria,0.0,3.0,6.2,2.0,4.0,6.0,30.0,5.529411764705882,0.0,0.0,-1.0,17.0,5.588235294117647,0.0,0.0,0.0,0.0,6.21276688453159,3.0,3.0,9.833333333333334,26.0,5.884782135076253,0.0,0.0,0.0,0.0,50.0,9.0,,,15.0,8.0,,9.0
2020-21,1987,Jankto,centrocampista,Sampdoria,Sampdoria,0.0,4.0,6.46969696969697,6.0,3.0,18.5,33.0,6.2,2.0,4.0,6.0,30.0,6.0,0.0,0.0,0.0,0.0,6.0394335511982575,2.0,3.0,6.5,27.666666666666668,5.858115468409586,0.0,0.0,0.0,0.0,41.0,15.0,,,9.0,10.0,,11.0
2017-18,1847,Caldara,difensore,Atalanta,Atalanta,0.0,1.0,6.291666666666667,3.0,0.0,3.5,24.0,6.916666666666667,7.0,0.0,19.0,30.0,6.283333333333333,0.0,0.0,0.0,0.0,6.916666666666667,7.0,0.0,19.0,30.0,6.283333333333333,0.0,0.0,0.0,0.0,69.0,5.0,,,1.0,13.0,,15.0
2020-21,1847,Caldara,difensore,Atalanta,Atalanta,0.0,3.0,5.75,0.0,0.0,-0.5,4.0,5.8076923076923075,0.0,1.0,0.5,13.0,5.769230769230769,273.0,4.098514050245285,0.18815840408205986,13.0,6.049679487179487,1.5,0.5,2.0,18.5,5.957532051282051,593.0,3.889962876215577,0.47515090461820364,15.0,78.0,3.0,,,4.0,2.0,,6.0
2021-22,1847,Caldara,difensore,Venezia,Atalanta,1.0,4.0,5.816666666666666,1.0,0.0,-1.5,30.0,5.75,0.0,0.0,-0.5,4.0,5.875,0.0,0.0,0.0,0.0,5.778846153846153,0.0,0.5,0.0,8.5,5.822115384615385,136.5,2.0492570251226425,0.09407920204102993,6.5,78.0,2.0,,,6.0,1.0,,3.0
2022-23,1847,Caldara,difensore,Spezia,Venezia,1.0,5.0,5.125,0.0,0.0,-5.0,16.0,5.816666666666666,1.0,0.0,-1.5,30.0,5.866666666666666,0.0,0.0,0.0,0.0,5.791452991452991,0.3333333333333333,0.3333333333333333,-0.5,15.666666666666666,5.836965811965812,91.0,1.3661713500817616,0.06271946802735329,4.333333333333333,26.0,20.0,36.0,16.0,3.0,7.0,,6.0
2023-24,1847,Caldara,difensore,Milan,Spezia,1.0,6.0,5.5,0.0,0.0,0.0,1.0,5.125,0.0,0.0,-5.0,16.0,5.4375,0.0,0.0,0.0,0.0,5.563888888888889,0.3333333333333333,0.0,-2.3333333333333335,16.666666666666668,5.726388888888889,0.0,0.0,0.0,0.0,31.0,18.0,67.0,5.0,6.0,1.0,4.0,
2017-18,483,Puggioni,portiere,Benevento,Sampdoria,1.0,1.0,4.369565217391305,0.0,0.0,-39.0,23.0,4.5,0.0,0.0,-33.5,21.0,6.095238095238095,0.0,0.0,0.0,0.0,4.5,0.0,0.0,-33.5,21.0,6.095238095238095,0.0,0.0,0.0,0.0,48.0,11.0,,,1.0,4.0,,1.0
2017-18,2003,Murgia,centrocampista,Lazio,Lazio,0.0,1.0,5.538461538461538,0.0,0.0,-2.5,13.0,6.555555555555555,2.0,0.0,5.5,9.0,5.944444444444445,0.0,0.0,0.0,0.0,6.555555555555555,2.0,0.0,5.5,9.0,5.944444444444445,0.0,0.0,0.0,0.0,70.0,4.0,,,1.0,4.0,,3.0
2018-19,2003,Murgia,centrocampista,SPAL,Lazio,1.0,2.0,6.107142857142857,0.0,3.0,2.5,14.0,5.538461538461538,0.0,0.0,-2.5,13.0,5.730769230769231,0.0,0.0,0.0,0.0,6.047008547008547,1.0,0.0,1.5,11.0,5.837606837606838,0.0,0.0,0.0,0.0,72.0,4.0,35.0,17.0,3.0,3.0,,3.0
2019-20,2003,Murgia,centrocampista,SPAL,SPAL,0.0,3.0,5.604166666666667,0.0,1.0,-0.5,24.0,6.107142857142857,0.0,3.0,2.5,14.0,5.928571428571429,1094.0,4.164434403181076,0.5968814864754677,26.0,6.067053317053317,0.6666666666666666,1.0,1.8333333333333333,12.0,5.867928367928369,364.6666666666667,1.3881448010603588,0.19896049549182257,8.666666666666666,42.0,11.0,,,3.0,7.0,,7.0
2017-18,1995,Djuricic,centrocampista,Benevento,Sampdoria,1.0,1.0,5.966666666666667,0.0,1.0,0.5,15.0,5.909090909090909,0.0,1.0,-0.5,11.0,5.954545454545454,0.0,0.0,0.0,0.0,5.909090909090909,0.0,1.0,-0.5,11.0,5.954545454545454,0.0,0.0,0.0,0.0,48.0,11.0,,,3.0,4.0,,3.0
2018-19,1995,Djuricic,centrocampista,Sassuolo,Benevento,1.0,2.0,6.068181818181818,2.0,1.0,5.5,22.0,5.966666666666667,0.0,1.0,0.5,15.0,5.933333333333334,0.0,0.0,0.0,0.0,5.9378787878787875,0.0,1.0,0.0,13.0,5.943939393939393,0.0,0.0,0.0,0.0,21.0,20.0,43.0,11.0,3.0,7.0,,5.0
2019-20,1995,Djuricic,centrocampista,Sassuolo,Sassuolo,0.0,3.0,6.703703703703703,5.0,3.0,15.0,27.0,6.068181818181818,2.0,1.0,5.5,22.0,5.818181818181818,0.0,0.0,0.0,0.0,5.981313131313132,0.6666666666666666,1.0,1.8333333333333333,16.0,5.902020202020203,0.0,0.0,0.0,0.0,43.0,10.0,,,5.0,7.0,,5.0
2020-21,1995,Djuricic,centrocampista,Sassuolo,Sassuolo,0.0,4.0,6.516666666666667,4.0,3.0,15.5,30.0,6.703703703703703,5.0,3.0,15.0,27.0,6.148148148148148,0.0,0.0,0.0,0.0,6.24618406285073,2.3333333333333335,1.6666666666666667,7.0,21.333333333333332,5.966554433221099,0.0,0.0,0.0,0.0,51.0,8.0,,,5.0,16.0,,14.0
2021-22,1995,Djuricic,centrocampista,Sassuolo,Sassuolo,0.0,5.0,6.75,2.0,1.0,6.5,10.0,6.516666666666667,4.0,3.0,15.5,30.0,6.0,0.0,0.0,0.0,0.0,6.429517396184063,3.6666666666666665,2.3333333333333335,12.0,26.333333333333332,5.9887766554433215,0.0,0.0,0.0,0.0,59.0,8.0,,,14.0,16.0,,15.0
2022-23,1995,Djuricic,centrocampista,Sampdoria,Sassuolo,1.0,6.0,5.71875,3.0,0.0,4.5,32.0,6.75,2.0,1.0,6.5,10.0,6.1,0.0,0.0,0.0,0.0,6.65679012345679,3.6666666666666665,2.3333333333333335,12.333333333333334,22.333333333333332,6.082716049382715,0.0,0.0,0.0,0.0,50.0,11.0,36.0,15.0,15.0,8.0,,13.0
2017-18,1872,Dessena,centrocampista,Cagliari,Cagliari,0.0,1.0,5.6,0.0,0.0,-0.5,10.0,5.875,2.0,0.0,3.0,16.0,5.6875,0.0,0.0,0.0,0.0,5.875,2.0,0.0,3.0,16.0,5.6875,0.0,0.0,0.0,0.0,44.0,13.0,,,6.0,3.0,,4.0
2018-19,1872,Dessena,centrocampista,Cagliari,Cagliari,0.0,2.0,5.416666666666667,0.0,0.0,-1.5,6.0,5.6,0.0,0.0,-0.5,10.0,5.65,1055.0,0.7753687128424644,0.548361599445343,7.0,5.7375,1.0,0.0,1.25,13.0,5.66875,527.5,0.3876843564212322,0.2741807997226715,3.5,36.0,16.0,,,4.0,1.0,,3.0
2019-20,1872,Dessena,centrocampista,Brescia,Cagliari,1.0,3.0,5.8125,2.0,0.0,2.5,24.0,5.416666666666667,0.0,0.0,-1.5,6.0,5.666666666666667,2631.0,3.293778137303889,0.535574465058744,32.0,5.6305555555555555,0.6666666666666666,0.0,0.3333333333333333,10.666666666666666,5.668055555555555,1228.6666666666667,1.3563822833821177,0.3613120215013623,13.0,41.0,13.0,,,3.0,2.0,,4.0
2017-18,1982,Parigini,attaccante,Benevento,Chievo,1.0,1.0,5.638888888888889,0.0,0.0,-1.0,18.0,6.0,0.0,0.0,0.0,1.0,6.0,0.0,0.0,0.0,0.0,6.0,0.0,0.0,0.0,1.0,6.0,0.0,0.0,0.0,0.0,43.0,14.0,,,2.0,1.0,,3.0
2018-19,1982,Parigini,attaccante,Torino,Benevento,1.0,2.0,5.666666666666667,0.0,0.0,-1.0,12.0,5.638888888888889,0.0,0.0,-1.0,18.0,5.694444444444445,0.0,0.0,0.0,0.0,5.819444444444445,0.0,0.0,-0.5,9.5,5.847222222222222,0.0,0.0,0.0,0.0,21.0,20.0,51.0,10.0,3.0,5.0,,7.0
2017-18,517,Dell'orco,difensore,Sassuolo,Sassuolo,0.0,1.0,6.071428571428571,0.0,0.0,0.0,7.0,5.777777777777778,0.0,0.0,0.0,9.0,5.777777777777778,0.0,0.0,0.0,0.0,5.777777777777778,0.0,0.0,0.0,9.0,5.777777777777778,0.0,0.0,0.0,0.0,49.0,10.0,,,2.0,3.0,,3.0
2018-19,517,Dell'orco,difensore,Empoli,Sassuolo,1.0,2.0,6.142857142857143,1.0,1.0,3.5,14.0,6.071428571428571,0.0,0.0,0.0,7.0,6.071428571428571,0.0,0.0,0.0,0.0,5.924603174603174,0.0,0.0,0.0,8.0,5.924603174603174,0.0,0.0,0.0,0.0,43.0,11.0,,,3.0,4.0,,4.0
2019-20,517,Dell'orco,difensore,Lecce,Empoli,1.0,3.0,5.461538461538462,0.0,1.0,0.0,13.0,6.142857142857143,1.0,1.0,3.5,14.0,5.892857142857143,0.0,0.0,0.0,0.0,5.997354497354498,0.3333333333333333,0.3333333333333333,1.1666666666666667,10.0,5.914021164021165,0.0,0.0,0.0,0.0,38.0,17.0,,,4.0,6.0,,4.0
2020-21,517,Dell'orco,difensore,Spezia,Lecce,1.0,4.0,5.666666666666667,0.0,0.0,0.0,6.0,5.461538461538462,0.0,1.0,0.0,13.0,5.461538461538462,0.0,0.0,0.0,0.0,5.891941391941391,0.3333333333333333,0.6666666666666666,1.1666666666666667,11.333333333333334,5.808608058608058,0.0,0.0,0.0,0.0,35.0,18.0,,,4.0,2.0,,4.0
2019-20,2077,Pasalic,centrocampista,Atalanta,Atalanta,0.0,2.0,6.882352941176471,9.0,3.0,25.0,34.0,6.451612903225806,5.0,3.0,17.5,31.0,5.887096774193548,0.0,0.0,0.0,0.0,6.508415147265077,5.0,2.0,15.5,27.0,5.932678821879383,0.0,0.0,0.0,0.0,66.0,3.0,,,14.0,14.0,,9.0
2020-21,2077,Pasalic,centrocampista,Atalanta,Atalanta,0.0,3.0,7.0,6.0,1.0,18.5,20.0,6.882352941176471,9.0,3.0,25.0,34.0,6.147058823529412,0.0,0.0,0.0,0.0,6.6669829222011385,7.0,3.0,21.25,32.5,6.0170777988614805,0.0,0.0,0.0,0.0,78.0,3.0,,,9.0,20.0,,17.0
2021-22,2077,Pasalic,centrocampista,Atalanta,Atalanta,0.0,4.0,7.5606060606060606,13.0,6.0,43.5,33.0,7.0,6.0,1.0,18.5,20.0,6.075,0.0,0.0,0.0,0.0,6.777988614800759,6.666666666666667,2.3333333333333335,20.333333333333332,28.333333333333332,6.0363851992409865,0.0,0.0,0.0,0.0,78.0,2.0,,,17.0,17.0,,18.0
2022-23,2077,Pasalic,centrocampista,Atalanta,Atalanta,0.0,5.0,6.40625,5.0,1.0,14.5,32.0,7.5606060606060606,13.0,6.0,43.5,33.0,6.242424242424242,0.0,0.0,0.0,0.0,7.147653000594178,9.333333333333334,3.3333333333333335,29.0,29.0,6.154827688651218,0.0,0.0,0.0,0.0,59.0,7.0,,,18.0,28.0,,22.0
2023-24,2077,Pasalic,centrocampista,Atalanta,Atalanta,0.0,6.0,6.893939393939394,4.0,6.0,22.5,33.0,6.40625,5.0,1.0,14.5,32.0,5.953125,0.0,0.0,0.0,0.0,6.988952020202021,8.0,2.6666666666666665,25.5,28.333333333333332,6.090183080808081,0.0,0.0,0.0,0.0,61.0,6.0,,,22.0,13.0,20.0,14.0
2024-25,2077,Pasalic,centrocampista,Atalanta,Atalanta,0.0,7.0,6.136363636363637,3.0,2.0,7.5,33.0,6.893939393939394,4.0,6.0,22.5,33.0,6.212121212121212,0.0,0.0,0.0,0.0,6.953598484848484,7.333333333333333,4.333333333333333,26.833333333333332,32.666666666666664,6.135890151515151,0.0,0.0,0.0,0.0,66.0,5.0,,,14.0,20.0,65.0,15.0
2025-26,2077,Pasalic,centrocampista,Atalanta,Atalanta,0.0,8.0,6.274193548387097,3.0,3.0,10.5,31.0,6.136363636363637,3.0,2.0,7.5,33.0,5.909090909090909,0.0,0.0,0.0,0.0,6.47885101010101,4.0,3.0,14.833333333333334,32.666666666666664,6.024779040404041,0.0,0.0,0.0,0.0,74.0,3.0,,,15.0,11.0,13.5,9.0
2019-20,2009,Lukic,centrocampista,Torino,Torino,0.0,2.0,5.7407407407407405,1.0,1.0,0.5,27.0,6.277777777777778,2.0,0.0,3.5,18.0,6.083333333333333,0.0,0.0,0.0,0.0,5.784722222222222,1.0,0.0,0.25,15.0,5.8125,0.0,0.0,0.0,0.0,60.0,7.0,,,2.0,9.0,,5.0
2020-21,2009,Lukic,centrocampista,Torino,Torino,0.0,3.0,6.109375,3.0,0.0,7.0,32.0,5.7407407407407405,1.0,1.0,0.5,27.0,5.722222222222222,0.0,0.0,0.0,0.0,6.0092592592592595,1.5,0.5,2.0,22.5,5.902777777777778,0.0,0.0,0.0,0.0,39.0,16.0,,,5.0,4.0,,4.0
2021-22,2009,Lukic,centrocampista,Torino,Torino,0.0,4.0,6.5,2.0,4.0,14.0,35.0,6.109375,3.0,0.0,7.0,32.0,5.890625,0.0,0.0,0.0,0.0,6.042631172839506,2.0,0.3333333333333333,3.6666666666666665,25.666666666666668,5.898726851851851,0.0,0.0,0.0,0.0,36.0,17.0,,,4.0,10.0,,9.0
2022-23,2009,Lukic,centrocampista,Torino,Torino,0.0,5.0,6.333333333333333,1.0,0.0,4.0,15.0,6.5,2.0,4.0,14.0,35.0,6.1,0.0,0.0,0.0,0.0,6.11670524691358,2.0,1.6666666666666667,7.166666666666667,31.333333333333332,5.904282407407408,0.0,0.0,0.0,0.0,50.0,10.0,,,9.0,14.0,,13.0
2017-18,2048,Lo Faso,attaccante,Fiorentina,Palermo,1.0,1.0,6.0,0.0,0.0,0.0,2.0,5.666666666666667,0.0,0.0,0.0,6.0,5.666666666666667,0.0,0.0,0.0,0.0,5.666666666666667,0.0,0.0,0.0,6.0,5.666666666666667,0.0,0.0,0.0,0.0,23.0,19.0,59.0,8.0,1.0,1.0,,3.0
2017-18,2100,Okwonkwo,centrocampista,Bologna,Bologna,0.0,1.0,7.214285714285714,3.0,0.0,8.0,7.0,5.9,0.0,1.0,0.5,5.0,5.8,0.0,0.0,0.0,0.0,5.9,0.0,1.0,0.5,5.0,5.8,0.0,0.0,0.0,0.0,41.0,15.0,,,1.0,3.0,,1.0
2018-19,2100,Okwonkwo,attaccante,Bologna,Bologna,0.0,2.0,5.5,0.0,0.0,-0.5,7.0,7.214285714285714,3.0,0.0,8.0,7.0,6.071428571428571,1060.0,1.4508822178468108,2.746530769392848,15.0,6.557142857142857,1.5,0.5,4.25,6.0,5.935714285714285,530.0,0.7254411089234054,1.373265384696424,7.5,39.0,13.0,,,1.0,4.0,,5.0
2017-18,581,Faraoni,difensore,Crotone,Udinese,1.0,1.0,6.125,2.0,3.0,8.0,24.0,5.3,0.0,0.0,-1.0,5.0,5.5,0.0,0.0,0.0,0.0,5.3,0.0,0.0,-1.0,5.0,5.5,0.0,0.0,0.0,0.0,45.0,12.0,31.0,18.0,1.0,1.0,,2.0
2020-21,581,Faraoni,difensore,Verona,Verona,0.0,3.0,6.455882352941177,4.0,5.0,13.0,34.0,6.513888888888889,5.0,3.0,15.0,36.0,6.097222222222222,0.0,0.0,0.0,0.0,6.319444444444445,3.5,3.0,11.5,30.0,5.944444444444445,0.0,0.0,0.0,0.0,49.0,9.0,,,4.0,14.0,,14.0
2021-22,581,Faraoni,difensore,Verona,Verona,0.0,4.0,6.484375,4.0,5.0,13.0,32.0,6.455882352941177,4.0,5.0,13.0,34.0,6.073529411764706,0.0,0.0,0.0,0.0,6.484885620915033,4.5,4.0,14.0,35.0,6.085375816993464,0.0,0.0,0.0,0.0,44.0,10.0,,,14.0,14.0,,14.0
2022-23,581,Faraoni,difensore,Verona,Verona,0.0,5.0,6.166666666666667,2.0,2.0,4.5,21.0,6.484375,4.0,5.0,13.0,32.0,6.078125,0.0,0.0,0.0,0.0,6.484715413943356,4.333333333333333,4.333333333333333,13.666666666666666,34.0,6.082958877995643,0.0,0.0,0.0,0.0,52.0,9.0,,,14.0,16.0,,13.0
2023-24,581,Faraoni,difensore,Fiorentina,Verona,1.0,6.0,5.625,0.0,1.0,-1.5,16.0,6.166666666666667,2.0,2.0,4.5,21.0,5.9523809523809526,0.0,0.0,0.0,0.0,6.368974673202615,3.3333333333333335,4.0,10.166666666666666,29.0,6.03467845471522,0.0,0.0,0.0,0.0,31.0,17.0,53.0,8.0,13.0,9.0,10.5,9.0
2024-25,581,Faraoni,difensore,Verona,Fiorentina,1.0,7.0,5.666666666666667,0.0,0.0,0.0,6.0,5.625,0.0,1.0,-1.5,16.0,5.71875,0.0,0.0,0.0,0.0,6.092013888888889,2.0,2.6666666666666665,5.333333333333333,23.0,5.916418650793651,0.0,0.0,0.0,0.0,57.0,8.0,37.0,13.0,9.0,1.0,10.0,3.0
2017-18,1967,Gerson,centrocampista,Roma,Roma,0.0,1.0,6.25,2.0,1.0,6.5,18.0,4.75,0.0,0.0,-0.5,2.0,5.0,0.0,0.0,0.0,0.0,4.75,0.0,0.0,-0.5,2.0,5.0,0.0,0.0,0.0,0.0,84.0,2.0,,,8.0,1.0,,3.0
2018-19,1967,Gerson,centrocampista,Fiorentina,Roma,1.0,2.0,6.071428571428571,3.0,3.0,6.0,35.0,6.25,2.0,1.0,6.5,18.0,5.888888888888889,0.0,0.0,0.0,0.0,5.5,1.0,0.5,3.0,10.0,5.444444444444445,0.0,0.0,0.0,0.0,74.0,3.0,57.0,8.0,3.0,5.0,,11.0
2017-18,2076,Rog,centrocampista,Napoli,Napoli,0.0,1.0,6.090909090909091,1.0,0.0,2.0,11.0,5.818181818181818,0.0,0.0,-2.0,11.0,6.0,0.0,0.0,0.0,0.0,5.818181818181818,0.0,0.0,-2.0,11.0,6.0,0.0,0.0,0.0,0.0,83.0,3.0,,,8.0,5.0,,5.0
2018-19,2076,Rog,centrocampista,Napoli,Napoli,0.0,2.0,6.285714285714286,1.0,0.0,1.5,7.0,6.090909090909091,1.0,0.0,2.0,11.0,5.909090909090909,0.0,0.0,0.0,0.0,5.954545454545455,0.5,0.0,0.0,11.0,5.954545454545455,0.0,0.0,0.0,0.0,88.0,2.0,,,5.0,2.0,,6.0
2019-20,2076,Rog,centrocampista,Cagliari,Napoli,1.0,3.0,6.068965517241379,1.0,1.0,-1.0,29.0,6.285714285714286,1.0,0.0,1.5,7.0,6.071428571428571,0.0,0.0,0.0,0.0,6.064935064935065,0.6666666666666666,0.0,0.5,9.666666666666666,5.9935064935064934,0.0,0.0,0.0,0.0,79.0,2.0,41.0,13.0,6.0,5.0,,10.0
2020-21,2076,Rog,centrocampista,Cagliari,Cagliari,0.0,4.0,5.892857142857143,0.0,0.0,-1.0,14.0,6.068965517241379,1.0,1.0,-1.0,29.0,6.103448275862069,0.0,0.0,0.0,0.0,6.148529631288252,1.0,0.3333333333333333,0.8333333333333334,15.666666666666666,6.027989252127184,0.0,0.0,0.0,0.0,45.0,13.0,,,10.0,8.0,,8.0
2021-22,2076,Rog,centrocampista,Cagliari,Cagliari,0.0,5.0,5.9375,0.0,1.0,1.0,8.0,5.892857142857143,0.0,0.0,-1.0,14.0,5.964285714285714,0.0,0.0,0.0,0.0,6.082512315270936,0.6666666666666666,0.3333333333333333,-0.16666666666666666,16.666666666666668,6.046387520525452,0.0,0.0,0.0,0.0,37.0,16.0,,,8.0,2.0,,7.0
2017-18,2114,Petkovic,attaccante,Verona,Bologna,1.0,1.0,5.613636363636363,0.0,2.0,0.0,22.0,5.5,0.0,0.0,-0.5,10.0,5.55,0.0,0.0,0.0,0.0,5.5,0.0,0.0,-0.5,10.0,5.55,0.0,0.0,0.0,0.0,41.0,15.0,,,4.0,3.0,,3.0
2021-22,2119,Deulofeu,attaccante,Udinese,Udinese,0.0,2.0,7.676470588235294,12.0,5.0,39.5,34.0,6.333333333333333,1.0,1.0,4.0,12.0,6.0,0.0,0.0,0.0,0.0,6.333333333333333,1.0,1.0,4.0,12.0,6.0,0.0,0.0,0.0,0.0,40.0,12.0,,,9.0,4.0,,11.0
2022-23,2119,Deulofeu,attaccante,Udinese,Udinese,0.0,3.0,7.066666666666666,2.0,5.0,10.5,15.0,7.676470588235294,12.0,5.0,39.5,34.0,6.514705882352941,0.0,0.0,0.0,0.0,7.004901960784314,6.5,3.0,21.75,23.0,6.257352941176471,0.0,0.0,0.0,0.0,44.0,12.0,,,11.0,30.0,,24.0
2017-18,2072,Bastien,centrocampista,Chievo,Chievo,0.0,1.0,5.904761904761905,1.0,0.0,1.0,21.0,5.916666666666667,1.0,0.0,3.0,12.0,5.666666666666667,0.0,0.0,0.0,0.0,5.916666666666667,1.0,0.0,3.0,12.0,5.666666666666667,0.0,0.0,0.0,0.0,43.0,14.0,,,5.0,5.0,,4.0
2022-23,2117,Kastanos,centrocampista,Salernitana,Salernitana,0.0,3.0,6.204545454545454,2.0,0.0,4.0,22.0,5.94,1.0,1.0,1.0,25.0,5.9,0.0,0.0,0.0,0.0,5.94,1.0,1.0,1.0,25.0,5.9,0.0,0.0,0.0,0.0,31.0,17.0,,,5.0,7.0,,5.0
2023-24,2117,Kastanos,centrocampista,Salernitana,Salernitana,0.0,4.0,6.291666666666667,3.0,0.0,7.0,24.0,6.204545454545454,2.0,0.0,4.0,22.0,6.0227272727272725,0.0,0.0,0.0,0.0,6.072272727272727,1.5,0.5,2.5,23.5,5.961363636363636,0.0,0.0,0.0,0.0,42.0,15.0,,,5.0,10.0,5.5,7.0
2024-25,2117,Kastanos,centrocampista,Verona,Salernitana,1.0,5.0,5.954545454545454,1.0,0.0,1.5,22.0,6.291666666666667,3.0,0.0,7.0,24.0,6.0,0.0,0.0,0.0,0.0,6.145404040404041,2.0,0.3333333333333333,4.0,23.666666666666668,5.974242424242424,0.0,0.0,0.0,0.0,16.0,20.0,37.0,13.0,7.0,9.0,6.5,4.0
2025-26,2117,Kastanos,centrocampista,Verona,Verona,0.0,6.0,6.0,0.0,0.0,0.0,1.0,5.954545454545454,1.0,0.0,1.5,22.0,5.886363636363637,0.0,0.0,0.0,0.0,6.150252525252525,2.0,0.0,4.166666666666667,22.666666666666668,5.96969696969697,0.0,0.0,0.0,0.0,34.0,15.0,,,4.0,5.0,4.5,4.0
2019-20,306,Cerri,attaccante,SPAL,Cagliari,1.0,2.0,6.066666666666666,2.0,0.0,5.0,15.0,5.5,0.0,0.0,-1.5,14.0,5.607142857142857,0.0,0.0,0.0,0.0,5.708333333333334,1.0,0.0,2.0,13.0,5.532738095238095,0.0,0.0,0.0,0.0,41.0,13.0,42.0,11.0,7.0,4.0,,5.0
2020-21,306,Cerri,attaccante,Cagliari,SPAL,1.0,3.0,6.15,1.0,0.0,3.0,10.0,6.066666666666666,2.0,0.0,5.0,15.0,5.733333333333333,0.0,0.0,0.0,0.0,5.783333333333333,1.0,0.0,1.75,14.5,5.670238095238095,0.0,0.0,0.0,0.0,20.0,20.0,45.0,13.0,5.0,4.0,,4.0
2024-25,306,Cerri,attaccante,Como,Empoli,1.0,5.0,5.166666666666667,0.0,0.0,0.0,3.0,6.045454545454546,1.0,0.0,2.0,11.0,5.863636363636363,0.0,0.0,0.0,0.0,6.045454545454546,1.0,0.0,2.0,11.0,5.863636363636363,0.0,0.0,0.0,0.0,33.0,18.0,,,7.0,7.0,6.5,1.0
2017-18,2120,Bastoni,difensore,Atalanta,Atalanta,0.0,1.0,6.25,0.0,0.0,0.0,2.0,6.166666666666667,0.0,0.0,0.0,3.0,6.166666666666667,0.0,0.0,0.0,0.0,6.166666666666667,0.0,0.0,0.0,3.0,6.166666666666667,0.0,0.0,0.0,0.0,69.0,5.0,,,2.0,2.0,,1.0
2018-19,2120,Bastoni,difensore,Parma,Atalanta,1.0,2.0,6.0476190476190474,1.0,0.0,2.0,21.0,6.25,0.0,0.0,0.0,2.0,6.25,0.0,0.0,0.0,0.0,6.208333333333334,0.0,0.0,0.0,2.5,6.208333333333334,0.0,0.0,0.0,0.0,60.0,7.0,,,1.0,2.0,,1.0
2019-20,2120,Bastoni,difensore,Inter,Parma,1.0,3.0,6.04,2.0,0.0,1.5,25.0,6.0476190476190474,1.0,0.0,2.0,21.0,5.9523809523809526,0.0,0.0,0.0,0.0,6.154761904761905,0.3333333333333333,0.0,0.6666666666666666,8.666666666666666,6.1230158730158735,0.0,0.0,0.0,0.0,41.0,14.0,66.0,4.0,1.0,8.0,,4.0
2020-21,2120,Bastoni,difensore,Inter,Inter,0.0,4.0,6.075757575757576,0.0,2.0,-1.0,33.0,6.04,2.0,0.0,1.5,25.0,5.98,0.0,0.0,0.0,0.0,6.1125396825396825,1.0,0.0,1.1666666666666667,16.0,6.060793650793651,0.0,0.0,0.0,0.0,79.0,2.0,,,4.0,7.0,,12.0
2021-22,2120,Bastoni,difensore,Inter,Inter,0.0,5.0,6.306451612903226,1.0,2.0,3.0,31.0,6.075757575757576,0.0,2.0,-1.0,33.0,6.106060606060606,0.0,0.0,0.0,0.0,6.0544588744588745,1.0,0.6666666666666666,0.8333333333333334,26.333333333333332,6.012813852813853,0.0,0.0,0.0,0.0,88.0,1.0,,,12.0,11.0,,11.0
2022-23,2120,Bastoni,difensore,Inter,Inter,0.0,6.0,6.137931034482759,0.0,2.0,0.5,29.0,6.306451612903226,1.0,2.0,3.0,31.0,6.209677419354839,0.0,0.0,0.0,0.0,6.140736396220267,1.0,1.3333333333333333,1.1666666666666667,29.666666666666668,6.098579341805149,0.0,0.0,0.0,0.0,81.0,2.0,,,11.0,12.0,,15.0
2023-24,2120,Bastoni,difensore,Inter,Inter,0.0,7.0,6.446428571428571,1.0,3.0,3.5,28.0,6.137931034482759,0.0,2.0,0.5,29.0,6.120689655172414,0.0,0.0,0.0,0.0,6.173380074381188,0.3333333333333333,2.0,0.8333333333333334,31.0,6.145475893529286,0.0,0.0,0.0,0.0,69.0,3.0,,,15.0,10.0,16.0,13.0
2024-25,2120,Bastoni,difensore,Inter,Inter,0.0,8.0,6.546875,1.0,4.0,4.0,32.0,6.446428571428571,1.0,3.0,3.5,28.0,6.321428571428571,0.0,0.0,0.0,0.0,6.296937072938185,0.6666666666666666,2.3333333333333335,2.3333333333333335,29.333333333333332,6.2172652153186085,0.0,0.0,0.0,0.0,93.0,1.0,,,13.0,14.0,42.5,16.0
2025-26,2120,Bastoni,difensore,Inter,Inter,0.0,9.0,6.339285714285714,1.0,4.0,4.0,28.0,6.546875,1.0,4.0,4.0,32.0,6.421875,0.0,0.0,0.0,0.0,6.377078201970444,0.6666666666666666,3.0,2.6666666666666665,29.666666666666668,6.287997742200329,0.0,0.0,0.0,0.0,78.0,2.0,,,16.0,16.0,43.0,16.0
2021-22,2121,Melegoni,centrocampista,Genoa,Genoa,0.0,2.0,6.0,1.0,0.0,2.5,22.0,6.0625,0.0,0.0,-0.5,8.0,6.125,0.0,0.0,0.0,0.0,6.0625,0.0,0.0,-0.5,8.0,6.125,0.0,0.0,0.0,0.0,39.0,14.0,,,1.0,4.0,,2.0
2017-18,2111,Taarabt,centrocampista,Genoa,Genoa,0.0,1.0,6.204545454545454,2.0,2.0,4.5,22.0,6.1,0.0,1.0,1.0,5.0,5.9,0.0,0.0,0.0,0.0,6.1,0.0,1.0,1.0,5.0,5.9,0.0,0.0,0.0,0.0,36.0,16.0,,,9.0,5.0,,6.0
2017-18,2104,Bereszynski,difensore,Sampdoria,Sampdoria,0.0,1.0,5.693548387096774,0.0,1.0,-1.5,31.0,5.75,0.0,1.0,0.5,12.0,5.708333333333333,0.0,0.0,0.0,0.0,5.75,0.0,1.0,0.5,12.0,5.708333333333333,0.0,0.0,0.0,0.0,48.0,11.0,,,4.0,5.0,,4.0
2018-19,2104,Bereszynski,difensore,Sampdoria,Sampdoria,0.0,2.0,5.6,0.0,2.0,-1.5,25.0,5.693548387096774,0.0,1.0,-1.5,31.0,5.741935483870968,0.0,0.0,0.0,0.0,5.721774193548387,0.0,1.0,-0.5,21.5,5.72513440860215,0.0,0.0,0.0,0.0,54.0,9.0,,,4.0,6.0,,7.0
2019-20,2104,Bereszynski,difensore,Sampdoria,Sampdoria,0.0,3.0,5.25,0.0,0.0,-7.0,28.0,5.6,0.0,2.0,-1.5,25.0,5.66,0.0,0.0,0.0,0.0,5.681182795698924,0.0,1.3333333333333333,-0.8333333333333334,22.666666666666668,5.7034229390681,0.0,0.0,0.0,0.0,50.0,9.0,,,7.0,6.0,,6.0
2020-21,2104,Bereszynski,difensore,Sampdoria,Sampdoria,0.0,4.0,5.903225806451613,1.0,0.0,2.0,31.0,5.25,0.0,0.0,-7.0,28.0,5.5,0.0,0.0,0.0,0.0,5.514516129032258,0.0,1.0,-3.3333333333333335,28.0,5.633978494623656,0.0,0.0,0.0,0.0,41.0,15.0,,,6.0,2.0,,5.0
2021-22,2104,Bereszynski,difensore,Sampdoria,Sampdoria,0.0,5.0,5.6,0.0,3.0,-3.0,35.0,5.903225806451613,1.0,0.0,2.0,31.0,5.838709677419355,0.0,0.0,0.0,0.0,5.584408602150536,0.3333333333333333,0.6666666666666666,-2.1666666666666665,28.0,5.666236559139786,0.0,0.0,0.0,0.0,49.0,9.0,,,5.0,7.0,,7.0
2022-23,2104,Bereszynski,difensore,Napoli,Sampdoria,1.0,6.0,5.705882352941177,0.0,1.0,0.0,17.0,5.6,0.0,3.0,-3.0,35.0,5.685714285714286,0.0,0.0,0.0,0.0,5.584408602150538,0.3333333333333333,1.0,-2.6666666666666665,31.333333333333332,5.6748079877112145,0.0,0.0,0.0,0.0,36.0,15.0,76.0,3.0,7.0,4.0,,6.0
2023-24,2104,Bereszynski,difensore,Empoli,Napoli,1.0,7.0,5.826086956521739,0.0,1.0,-0.5,23.0,5.705882352941177,0.0,1.0,0.0,17.0,5.705882352941177,0.0,0.0,0.0,0.0,5.736369386464262,0.3333333333333333,1.3333333333333333,-0.3333333333333333,27.666666666666668,5.7434354386916056,0.0,0.0,0.0,0.0,87.0,1.0,43.0,14.0,6.0,3.0,1.5,3.0
2017-18,2057,Gustafson,centrocampista,Torino,Torino,0.0,1.0,5.75,0.0,0.0,0.0,4.0,5.8,0.0,0.0,-0.5,5.0,5.9,0.0,0.0,0.0,0.0,5.8,0.0,0.0,-0.5,5.0,5.9,0.0,0.0,0.0,0.0,50.0,9.0,,,4.0,2.0,,1.0
2017-18,574,Scuffet,portiere,Udinese,Udinese,0.0,1.0,4.333333333333333,0.0,0.0,-8.0,6.0,4.416666666666667,0.0,0.0,-11.0,6.0,6.25,0.0,0.0,0.0,0.0,4.416666666666667,0.0,0.0,-11.0,6.0,6.25,0.0,0.0,0.0,0.0,45.0,12.0,,,1.0,2.0,,8.0
2018-19,574,Scuffet,portiere,Udinese,Udinese,0.0,2.0,4.666666666666667,0.0,0.0,-13.0,9.0,4.333333333333333,0.0,0.0,-8.0,6.0,5.666666666666667,0.0,0.0,0.0,0.0,4.375,0.0,0.0,-9.5,6.0,5.958333333333334,0.0,0.0,0.0,0.0,37.0,14.0,,,8.0,2.0,,1.0
2024-25,574,Scuffet,portiere,Napoli,Cagliari,1.0,5.0,4.178571428571429,0.0,0.0,-24.0,14.0,4.306451612903226,0.0,0.0,-56.5,31.0,6.129032258064516,0.0,0.0,0.0,0.0,4.306451612903226,0.0,0.0,-56.5,31.0,6.129032258064516,0.0,0.0,0.0,0.0,36.0,15.0,52.0,10.0,1.0,7.0,7.5,7.0
2025-26,574,Scuffet,portiere,Pisa,Napoli,1.0,6.0,4.071428571428571,0.0,0.0,-15.0,7.0,4.178571428571429,0.0,0.0,-24.0,14.0,5.892857142857143,0.0,0.0,0.0,0.0,4.242511520737327,0.0,0.0,-40.25,22.5,6.010944700460829,0.0,0.0,0.0,0.0,79.0,1.0,,,7.0,1.0,0.5,3.0
2017-18,2083,Biraschi,difensore,Genoa,Genoa,0.0,1.0,5.886363636363637,0.0,1.0,0.0,22.0,5.916666666666667,0.0,0.0,-0.5,6.0,6.0,0.0,0.0,0.0,0.0,5.916666666666667,0.0,0.0,-0.5,6.0,6.0,0.0,0.0,0.0,0.0,36.0,16.0,,,3.0,4.0,,5.0
2018-19,2083,Biraschi,difensore,Genoa,Genoa,0.0,2.0,5.676470588235294,0.0,0.0,-4.5,34.0,5.886363636363637,0.0,1.0,0.0,22.0,5.886363636363637,0.0,0.0,0.0,0.0,5.901515151515152,0.0,0.5,-0.25,14.0,5.943181818181818,0.0,0.0,0.0,0.0,41.0,12.0,,,5.0,6.0,,6.0
2019-20,2083,Biraschi,difensore,Genoa,Genoa,0.0,3.0,5.458333333333333,0.0,0.0,-4.5,24.0,5.676470588235294,0.0,0.0,-4.5,34.0,5.8088235294117645,0.0,0.0,0.0,0.0,5.826500297088533,0.0,0.3333333333333333,-1.6666666666666667,20.666666666666668,5.898395721925134,0.0,0.0,0.0,0.0,37.0,18.0,,,6.0,8.0,,8.0
2020-21,2083,Biraschi,difensore,Genoa,Genoa,0.0,4.0,5.6923076923076925,0.0,0.0,-1.0,13.0,5.458333333333333,0.0,0.0,-4.5,24.0,5.645833333333333,0.0,0.0,0.0,0.0,5.673722519310755,0.0,0.3333333333333333,-3.0,26.666666666666668,5.7803401663695775,0.0,0.0,0.0,0.0,36.0,17.0,,,8.0,3.0,,5.0
2021-22,2083,Biraschi,difensore,Genoa,Genoa,0.0,5.0,5.464285714285714,0.0,0.0,-2.0,14.0,5.6923076923076925,0.0,0.0,-1.0,13.0,5.769230769230769,0.0,0.0,0.0,0.0,5.60903720462544,0.0,0.0,-3.3333333333333335,23.666666666666668,5.741295877325289,0.0,0.0,0.0,0.0,39.0,14.0,,,5.0,4.0,,5.0
2017-18,2116,Farago',centrocampista,Cagliari,Cagliari,0.0,1.0,6.2727272727272725,2.0,5.0,10.0,33.0,5.857142857142857,0.0,0.0,-0.5,7.0,5.928571428571429,0.0,0.0,0.0,0.0,5.857142857142857,0.0,0.0,-0.5,7.0,5.928571428571429,0.0,0.0,0.0,0.0,44.0,13.0,,,4.0,4.0,,3.0
2018-19,2116,Farago',centrocampista,Cagliari,Cagliari,0.0,2.0,5.8125,1.0,1.0,-0.5,24.0,6.2727272727272725,2.0,5.0,10.0,33.0,5.96969696969697,681.0,4.044497027993202,0.8565870895981789,17.0,6.064935064935065,1.0,2.5,4.75,20.0,5.9491341991342,340.5,2.022248513996601,0.42829354479908943,8.5,36.0,16.0,,,3.0,10.0,,4.0
2019-20,2116,Farago',difensore,Cagliari,Cagliari,0.0,3.0,5.842105263157895,1.0,1.0,0.5,19.0,5.8125,1.0,1.0,-0.5,24.0,5.833333333333333,1377.0,7.832874992862344,1.3572742901742458,42.0,5.980790043290043,1.0,2.0,3.0,21.333333333333332,5.9105339105339105,686.0,3.9591240069518485,0.7379537932574749,19.666666666666668,41.0,13.0,,,4.0,7.0,,4.0
2020-21,2116,Farago',centrocampista,Bologna,Cagliari,1.0,4.0,5.333333333333333,0.0,0.0,-1.0,6.0,5.842105263157895,1.0,1.0,0.5,19.0,5.815789473684211,1427.0,6.388952203094959,2.82886962313205,30.0,5.975777511961723,1.3333333333333333,2.3333333333333335,3.3333333333333335,25.333333333333332,5.8729399255715045,1161.6666666666667,6.088774741316835,1.6809103343014915,29.666666666666668,45.0,13.0,46.0,12.0,4.0,4.0,,4.0
2021-22,2116,Farago',difensore,Cagliari,Bologna,1.0,5.0,5.5,0.0,0.0,0.0,1.0,5.333333333333333,0.0,0.0,-1.0,6.0,5.5,915.0,5.328444968909025,0.7250625928863883,31.0,5.662646198830409,0.6666666666666666,0.6666666666666666,-0.3333333333333333,16.333333333333332,5.716374269005848,1239.6666666666667,6.516757388288776,1.6370688353975613,34.333333333333336,41.0,11.0,37.0,16.0,4.0,2.0,,3.0
2017-18,2130,Hateboer,difensore,Atalanta,Atalanta,0.0,1.0,5.953125,0.0,0.0,-1.5,32.0,6.166666666666667,0.0,1.0,0.0,3.0,6.166666666666667,0.0,0.0,0.0,0.0,6.166666666666667,0.0,1.0,0.0,3.0,6.166666666666667,0.0,0.0,0.0,0.0,69.0,5.0,,,3.0,1.0,,6.0
2018-19,2130,Hateboer,difensore,Atalanta,Atalanta,0.0,2.0,6.573529411764706,5.0,5.0,17.5,34.0,5.953125,0.0,0.0,-1.5,32.0,6.0,0.0,0.0,0.0,0.0,6.059895833333334,0.0,0.5,-0.75,17.5,6.083333333333334,0.0,0.0,0.0,0.0,60.0,7.0,,,6.0,9.0,,8.0
2019-20,2130,Hateboer,difensore,Atalanta,Atalanta,0.0,3.0,5.85,0.0,4.0,-1.0,30.0,6.573529411764706,5.0,5.0,17.5,34.0,6.0588235294117645,0.0,0.0,0.0,0.0,6.231107026143792,1.6666666666666667,2.0,5.333333333333333,23.0,6.075163398692811,0.0,0.0,0.0,0.0,66.0,3.0,,,8.0,13.0,,16.0
2020-21,2130,Hateboer,difensore,Atalanta,Atalanta,0.0,4.0,6.409090909090909,2.0,1.0,5.5,22.0,5.85,0.0,4.0,-1.0,30.0,5.883333333333334,0.0,0.0,0.0,0.0,6.125551470588235,1.6666666666666667,3.0,5.0,32.0,5.980718954248366,0.0,0.0,0.0,0.0,78.0,3.0,,,16.0,6.0,,11.0
2021-22,2130,Hateboer,difensore,Atalanta,Atalanta,0.0,5.0,5.738095238095238,0.0,0.0,-1.0,21.0,6.409090909090909,2.0,1.0,5.5,22.0,6.159090909090909,0.0,0.0,0.0,0.0,6.2775401069518715,2.3333333333333335,3.3333333333333335,7.333333333333333,28.666666666666668,6.033749257278669,0.0,0.0,0.0,0.0,78.0,2.0,,,11.0,10.0,,13.0
2022-23,2130,Hateboer,difensore,Atalanta,Atalanta,0.0,6.0,5.911764705882353,1.0,1.0,0.5,17.0,5.738095238095238,0.0,0.0,-1.0,21.0,5.785714285714286,0.0,0.0,0.0,0.0,5.99906204906205,0.6666666666666666,1.6666666666666667,1.1666666666666667,24.333333333333332,5.942712842712843,0.0,0.0,0.0,0.0,59.0,7.0,,,13.0,6.0,,9.0
2023-24,2130,Hateboer,difensore,Atalanta,Atalanta,0.0,7.0,5.777777777777778,0.0,1.0,-1.0,18.0,5.911764705882353,1.0,1.0,0.5,17.0,5.882352941176471,0.0,0.0,0.0,0.0,6.0196502843561674,1.0,0.6666666666666666,1.6666666666666667,20.0,5.942386045327222,0.0,0.0,0.0,0.0,61.0,6.0,,,9.0,3.0,0.5,7.0
2021-22,2144,Coulibaly M.,centrocampista,Salernitana,Udinese,1.0,2.0,6.541666666666667,2.0,0.0,5.5,12.0,6.0,0.0,0.0,0.0,2.0,6.0,0.0,0.0,0.0,0.0,6.0,0.0,0.0,0.0,2.0,6.0,0.0,0.0,0.0,0.0,40.0,12.0,,,1.0,1.0,,4.0
2022-23,1947,Fiorillo,portiere,Salernitana,Salernitana,0.0,2.0,4.0,0.0,0.0,-2.0,1.0,1.0,0.0,0.0,-5.0,1.0,6.0,0.0,0.0,0.0,0.0,1.0,0.0,0.0,-5.0,1.0,6.0,0.0,0.0,0.0,0.0,31.0,17.0,,,1.0,1.0,,1.0
2023-24,1947,Fiorillo,portiere,Salernitana,Salernitana,0.0,3.0,3.875,0.0,0.0,-8.5,4.0,4.0,0.0,0.0,-2.0,1.0,6.0,0.0,0.0,0.0,0.0,2.5,0.0,0.0,-3.5,1.0,6.0,0.0,0.0,0.0,0.0,42.0,15.0,,,1.0,1.0,0.5,1.0
2017-18,2146,Han,attaccante,Cagliari,Cagliari,0.0,1.0,5.7,0.0,0.0,0.0,5.0,7.0,1.0,0.0,3.0,3.0,6.0,0.0,0.0,0.0,0.0,7.0,1.0,0.0,3.0,3.0,6.0,0.0,0.0,0.0,0.0,44.0,13.0,,,1.0,2.0,,2.0
2017-18,1871,Deiola,centrocampista,Cagliari,Cagliari,0.0,1.0,5.777777777777778,0.0,0.0,-1.5,9.0,5.333333333333333,0.0,0.0,-1.0,3.0,5.666666666666667,0.0,0.0,0.0,0.0,5.333333333333333,0.0,0.0,-1.0,3.0,5.666666666666667,0.0,0.0,0.0,0.0,44.0,13.0,,,3.0,1.0,,2.0
2018-19,1871,Deiola,centrocampista,Cagliari,Cagliari,0.0,2.0,5.647058823529412,0.0,1.0,-1.5,17.0,5.777777777777778,0.0,0.0,-1.5,9.0,5.944444444444445,0.0,0.0,0.0,0.0,5.555555555555555,0.0,0.0,-1.25,6.0,5.805555555555555,0.0,0.0,0.0,0.0,36.0,16.0,,,2.0,4.0,,3.0
2019-20,1871,Deiola,centrocampista,Lecce,Cagliari,1.0,3.0,6.05,1.0,1.0,2.5,10.0,5.647058823529412,0.0,1.0,-1.5,17.0,5.735294117647059,236.0,0.20831650123000145,0.46005950681865215,6.0,5.586056644880174,0.0,0.3333333333333333,-1.3333333333333333,9.666666666666666,5.782135076252724,78.66666666666667,0.06943883374333382,0.15335316893955073,2.0,41.0,13.0,,,3.0,4.0,,2.0
2020-21,1871,Deiola,centrocampista,Cagliari,Lecce,1.0,4.0,5.575,0.0,0.0,-1.5,20.0,6.05,1.0,1.0,2.5,10.0,5.8,0.0,0.0,0.0,0.0,5.824945533769063,0.3333333333333333,0.6666666666666666,-0.16666666666666666,12.0,5.826579520697169,78.66666666666667,0.06943883374333382,0.15335316893955073,2.0,35.0,18.0,45.0,13.0,2.0,1.0,,3.0
2021-22,1871,Deiola,centrocampista,Cagliari,Cagliari,0.0,5.0,6.161290322580645,4.0,1.0,10.5,31.0,5.575,0.0,0.0,-1.5,20.0,5.65,0.0,0.0,0.0,0.0,5.757352941176471,0.3333333333333333,0.6666666666666666,-0.16666666666666666,15.666666666666666,5.728431372549019,78.66666666666667,0.06943883374333382,0.15335316893955073,2.0,37.0,16.0,,,3.0,3.0,,2.0
2024-25,1871,Deiola,centrocampista,Cagliari,Cagliari,0.0,7.0,6.14,2.0,1.0,4.0,25.0,5.590909090909091,1.0,0.0,-2.5,22.0,5.704545454545454,0.0,0.0,0.0,0.0,5.876099706744868,2.5,0.5,4.0,26.5,5.7635630498533725,0.0,0.0,0.0,0.0,36.0,15.0,,,4.0,5.0,4.5,4.0
2025-26,1871,Deiola,centrocampista,Cagliari,Cagliari,0.0,8.0,5.95,0.0,1.0,-0.5,20.0,6.14,2.0,1.0,4.0,25.0,5.98,0.0,0.0,0.0,0.0,5.865454545454545,1.5,0.5,0.75,23.5,5.842272727272727,0.0,0.0,0.0,0.0,36.0,14.0,,,4.0,8.0,5.5,5.0
2017-18,2141,Depaoli,centrocampista,Chievo,Chievo,0.0,1.0,5.684210526315789,0.0,0.0,-2.0,19.0,5.7,0.0,1.0,-0.5,5.0,5.8,0.0,0.0,0.0,0.0,5.7,0.0,1.0,-0.5,5.0,5.8,0.0,0.0,0.0,0.0,43.0,14.0,,,1.0,2.0,,1.0
2018-19,2141,Depaoli,difensore,Chievo,Chievo,0.0,2.0,5.65625,0.0,4.0,-3.0,32.0,5.684210526315789,0.0,0.0,-2.0,19.0,5.7894736842105265,0.0,0.0,0.0,0.0,5.692105263157895,0.0,0.5,-1.25,12.0,5.794736842105263,0.0,0.0,0.0,0.0,37.0,15.0,,,1.0,5.0,,4.0
2019-20,2141,Depaoli,centrocampista,Sampdoria,Chievo,1.0,3.0,5.777777777777778,0.0,1.0,-2.0,27.0,5.65625,0.0,4.0,-3.0,32.0,5.75,0.0,0.0,0.0,0.0,5.68015350877193,0.0,1.6666666666666667,-1.8333333333333333,18.666666666666668,5.779824561403509,0.0,0.0,0.0,0.0,19.0,20.0,50.0,9.0,4.0,6.0,,6.0
2020-21,2141,Depaoli,difensore,Benevento,Sampdoria,1.0,4.0,5.4,0.0,0.0,-3.0,20.0,5.777777777777778,0.0,1.0,-2.0,27.0,5.851851851851852,0.0,0.0,0.0,0.0,5.706079434697855,0.0,1.6666666666666667,-2.3333333333333335,26.0,5.797108512020793,0.0,0.0,0.0,0.0,41.0,15.0,,,6.0,5.0,,6.0
2021-22,2141,Depaoli,difensore,Verona,Benevento,1.0,5.0,5.944444444444445,1.0,1.0,2.0,18.0,5.4,0.0,0.0,-3.0,20.0,5.55,0.0,0.0,0.0,0.0,5.611342592592592,0.0,1.6666666666666667,-2.6666666666666665,26.333333333333332,5.717283950617284,0.0,0.0,0.0,0.0,32.0,18.0,44.0,10.0,6.0,4.0,,3.0
2022-23,2141,Depaoli,difensore,Verona,Verona,0.0,6.0,6.045454545454546,2.0,1.0,3.0,33.0,5.944444444444445,1.0,1.0,2.0,18.0,5.833333333333333,0.0,0.0,0.0,0.0,5.707407407407408,0.3333333333333333,0.6666666666666666,-1.0,21.666666666666668,5.745061728395061,0.0,0.0,0.0,0.0,52.0,9.0,,,3.0,6.0,,4.0
2017-18,813,Balic,centrocampista,Udinese,Udinese,0.0,1.0,5.617647058823529,0.0,1.0,0.0,17.0,6.625,1.0,0.0,2.5,4.0,6.0,0.0,0.0,0.0,0.0,6.625,1.0,0.0,2.5,4.0,6.0,0.0,0.0,0.0,0.0,45.0,12.0,,,2.0,4.0,,4.0
2017-18,251,Andreolli,difensore,Cagliari,Inter,1.0,1.0,5.568181818181818,0.0,0.0,-2.5,22.0,6.875,1.0,0.0,3.0,4.0,6.125,0.0,0.0,0.0,0.0,6.875,1.0,0.0,3.0,4.0,6.125,0.0,0.0,0.0,0.0,59.0,7.0,44.0,13.0,3.0,5.0,,8.0
2018-19,251,Andreolli,difensore,Chievo,Cagliari,1.0,2.0,5.25,0.0,0.0,-1.5,10.0,5.568181818181818,0.0,0.0,-2.5,22.0,5.681818181818182,0.0,0.0,0.0,0.0,6.221590909090909,0.5,0.0,0.25,13.0,5.903409090909091,0.0,0.0,0.0,0.0,36.0,16.0,37.0,15.0,8.0,5.0,,4.0
2021-22,2154,Vignato,attaccante,Bologna,Bologna,0.0,3.0,5.911764705882353,0.0,1.0,0.0,17.0,6.2,1.0,4.0,5.0,25.0,6.0,0.0,0.0,0.0,0.0,6.300000000000001,1.0,2.5,4.5,17.5,6.0,0.0,0.0,0.0,0.0,41.0,11.0,,,3.0,9.0,,10.0
2022-23,2154,Vignato,centrocampista,Empoli,Bologna,1.0,4.0,6.35,1.0,1.0,3.5,10.0,5.911764705882353,0.0,1.0,0.0,17.0,5.911764705882353,0.0,0.0,0.0,0.0,6.055882352941177,0.5,2.5,2.5,21.0,5.955882352941177,0.0,0.0,0.0,0.0,43.0,13.0,38.0,14.0,10.0,4.0,,3.0
2023-24,2154,Vignato,centrocampista,Salernitana,Empoli,1.0,5.0,6.071428571428571,0.0,1.0,0.5,7.0,6.35,1.0,1.0,3.5,10.0,6.0,0.0,0.0,0.0,0.0,6.15392156862745,0.6666666666666666,2.0,2.8333333333333335,17.333333333333332,5.970588235294119,0.0,0.0,0.0,0.0,43.0,14.0,42.0,15.0,3.0,5.0,2.5,2.0
2017-18,2103,Pellegri,attaccante,Genoa,Genoa,0.0,1.0,7.25,2.0,0.0,5.0,4.0,10.0,1.0,0.0,3.0,1.0,7.0,0.0,0.0,0.0,0.0,10.0,1.0,0.0,3.0,1.0,7.0,0.0,0.0,0.0,0.0,36.0,16.0,,,1.0,1.0,,1.0
2022-23,2103,Pellegri,attaccante,Torino,Torino,0.0,3.0,6.5,2.0,1.0,5.5,11.0,6.15,1.0,0.0,2.5,10.0,5.9,0.0,0.0,0.0,0.0,6.15,1.0,0.0,2.5,10.0,5.9,0.0,0.0,0.0,0.0,50.0,10.0,,,4.0,6.0,,12.0
2023-24,2103,Pellegri,attaccante,Torino,Torino,0.0,4.0,6.033333333333333,1.0,1.0,2.5,15.0,6.5,2.0,1.0,5.5,11.0,6.0,0.0,0.0,0.0,0.0,6.325,1.5,0.5,4.0,10.5,5.95,0.0,0.0,0.0,0.0,53.0,9.0,,,12.0,6.0,6.0,8.0
2024-25,2103,Pellegri,attaccante,Empoli,Torino,1.0,5.0,6.944444444444445,3.0,0.0,7.5,9.0,6.033333333333333,1.0,1.0,2.5,15.0,5.866666666666666,0.0,0.0,0.0,0.0,6.227777777777778,1.3333333333333333,0.6666666666666666,3.5,12.0,5.922222222222222,0.0,0.0,0.0,0.0,53.0,9.0,33.0,18.0,8.0,5.0,7.0,3.0
2019-20,761,Audero,portiere,Sampdoria,Sampdoria,0.0,2.0,4.291666666666667,0.0,0.0,-62.5,36.0,4.652777777777778,0.0,0.0,-50.0,36.0,6.041666666666667,0.0,0.0,0.0,0.0,5.076388888888889,0.0,0.0,-25.5,18.5,6.270833333333334,0.0,0.0,0.0,0.0,50.0,9.0,,,9.0,10.0,,11.0
2020-21,761,Audero,portiere,Sampdoria,Sampdoria,0.0,3.0,5.108108108108108,0.0,1.0,-47.0,37.0,4.291666666666667,0.0,0.0,-62.5,36.0,6.027777777777778,0.0,0.0,0.0,0.0,4.472222222222222,0.0,0.0,-56.25,36.0,6.034722222222222,0.0,0.0,0.0,0.0,41.0,15.0,,,11.0,6.0,,8.0
2021-22,761,Audero,portiere,Sampdoria,Sampdoria,0.0,4.0,4.5344827586206895,0.0,0.0,-46.0,29.0,5.108108108108108,0.0,1.0,-47.0,37.0,6.378378378378378,0.0,0.0,0.0,0.0,4.684184184184184,0.0,0.3333333333333333,-53.166666666666664,36.333333333333336,6.149274274274274,0.0,0.0,0.0,0.0,49.0,9.0,,,8.0,14.0,,12.0
2022-23,761,Audero,portiere,Sampdoria,Sampdoria,0.0,5.0,4.88,0.0,0.0,-35.5,25.0,4.5344827586206895,0.0,0.0,-46.0,29.0,6.120689655172414,0.0,0.0,0.0,0.0,4.644752511131821,0.0,0.3333333333333333,-51.833333333333336,34.0,6.175615270442857,0.0,0.0,0.0,0.0,36.0,15.0,,,12.0,10.0,,10.0
2023-24,761,Audero,portiere,Inter,Sampdoria,1.0,6.0,5.25,0.0,0.0,-3.0,4.0,4.88,0.0,0.0,-35.5,25.0,6.3,0.0,0.0,0.0,0.0,4.840863622242932,0.0,0.3333333333333333,-42.833333333333336,30.333333333333332,6.266356011183597,0.0,0.0,0.0,0.0,19.0,20.0,69.0,3.0,10.0,7.0,2.5,1.0
2024-25,761,Audero,portiere,Como,Inter,1.0,7.0,3.75,0.0,0.0,-18.0,8.0,5.25,0.0,0.0,-3.0,4.0,6.0,0.0,0.0,0.0,0.0,4.88816091954023,0.0,0.0,-28.166666666666668,19.333333333333332,6.1402298850574715,0.0,0.0,0.0,0.0,93.0,1.0,,,1.0,6.0,0.5,9.0
2025-26,761,Audero,portiere,Cremonese,Como,1.0,8.0,4.911764705882353,0.0,0.0,-44.0,34.0,3.75,0.0,0.0,-18.0,8.0,6.0,0.0,0.0,0.0,0.0,4.626666666666666,0.0,0.0,-18.833333333333332,12.333333333333334,6.1000000000000005,0.0,0.0,0.0,0.0,49.0,10.0,,,9.0,2.0,0.5,5.0
2017-18,2097,Kean,attaccante,Verona,Juventus,1.0,1.0,6.184210526315789,4.0,0.0,9.5,19.0,10.0,1.0,0.0,3.0,1.0,7.0,0.0,0.0,0.0,0.0,10.0,1.0,0.0,3.0,1.0,7.0,0.0,0.0,0.0,0.0,88.0,1.0,,,1.0,3.0,,3.0
2018-19,2097,Kean,attaccante,Juventus,Verona,1.0,2.0,8.05,6.0,0.0,17.0,10.0,6.184210526315789,4.0,0.0,9.5,19.0,5.684210526315789,0.0,0.0,0.0,0.0,8.092105263157894,2.5,0.0,6.25,10.0,6.342105263157895,0.0,0.0,0.0,0.0,25.0,19.0,92.0,1.0,3.0,5.0,,7.0
2022-23,2097,Kean,attaccante,Juventus,Juventus,0.0,4.0,6.521739130434782,6.0,0.0,14.5,23.0,6.56,5.0,2.0,15.0,25.0,5.96,0.0,0.0,0.0,0.0,6.56,5.0,2.0,15.0,25.0,5.96,0.0,0.0,0.0,0.0,70.0,4.0,,,21.0,14.0,,15.0
2023-24,2097,Kean,attaccante,Juventus,Juventus,0.0,5.0,5.928571428571429,0.0,0.0,-1.0,14.0,6.521739130434782,6.0,0.0,14.5,23.0,5.891304347826087,0.0,0.0,0.0,0.0,6.540869565217391,5.5,1.0,14.75,24.0,5.925652173913043,0.0,0.0,0.0,0.0,69.0,4.0,,,15.0,11.0,10.5,11.0
2024-25,2097,Kean,attaccante,Fiorentina,Juventus,1.0,6.0,8.078125,18.0,2.0,53.0,32.0,5.928571428571429,0.0,0.0,-1.0,14.0,6.0,0.0,0.0,0.0,0.0,6.336770186335404,3.6666666666666665,0.6666666666666666,9.5,20.666666666666668,5.950434782608696,0.0,0.0,0.0,0.0,68.0,4.0,57.0,8.0,11.0,4.0,7.5,21.0
2025-26,2097,Kean,attaccante,Fiorentina,Fiorentina,0.0,7.0,6.769230769230769,6.0,1.0,23.0,26.0,8.078125,18.0,2.0,53.0,32.0,6.421875,0.0,0.0,0.0,0.0,6.842811853002071,8.0,0.6666666666666666,22.166666666666668,23.0,6.104393115942028,0.0,0.0,0.0,0.0,62.0,7.0,,,21.0,34.0,218.0,33.0
2017-18,2156,Crosta,portiere,Cagliari,Cagliari,0.0,1.0,1.5,0.0,0.0,-3.0,1.0,9.0,0.0,0.0,2.0,1.0,7.0,0.0,0.0,0.0,0.0,9.0,0.0,0.0,2.0,1.0,7.0,0.0,0.0,0.0,0.0,44.0,13.0,,,1.0,1.0,,1.0
2017-18,1917,Dragowski,portiere,Fiorentina,Fiorentina,0.0,1.0,2.8333333333333335,0.0,0.0,-8.0,3.0,4.0,0.0,0.0,-2.0,1.0,6.0,0.0,0.0,0.0,0.0,4.0,0.0,0.0,-2.0,1.0,6.0,0.0,0.0,0.0,0.0,59.0,8.0,,,1.0,1.0,,1.0
2018-19,1917,Dragowski,portiere,Empoli,Fiorentina,1.0,2.0,5.029411764705882,0.0,0.0,-24.0,17.0,2.8333333333333335,0.0,0.0,-8.0,3.0,5.5,0.0,0.0,0.0,0.0,3.416666666666667,0.0,0.0,-5.0,2.0,5.75,0.0,0.0,0.0,0.0,57.0,8.0,,,1.0,1.0,,1.0
2019-20,1917,Dragowski,portiere,Fiorentina,Empoli,1.0,3.0,5.0,0.0,0.0,-37.5,31.0,5.029411764705882,0.0,0.0,-24.0,17.0,6.4411764705882355,0.0,0.0,0.0,0.0,3.954248366013072,0.0,0.0,-11.333333333333334,7.0,5.980392156862745,0.0,0.0,0.0,0.0,38.0,17.0,40.0,15.0,1.0,8.0,,11.0
2020-21,1917,Dragowski,portiere,Fiorentina,Fiorentina,0.0,4.0,4.847222222222222,0.0,0.0,-49.0,36.0,5.0,0.0,0.0,-37.5,31.0,6.209677419354839,0.0,0.0,0.0,0.0,4.287581699346405,0.0,0.0,-23.166666666666668,17.0,6.050284629981025,0.0,0.0,0.0,0.0,46.0,10.0,,,11.0,9.0,,12.0
2021-22,1917,Dragowski,portiere,Fiorentina,Fiorentina,0.0,5.0,5.285714285714286,0.0,0.0,-6.0,7.0,4.847222222222222,0.0,0.0,-49.0,36.0,6.208333333333333,0.0,0.0,0.0,0.0,4.958877995642701,0.0,0.0,-36.833333333333336,28.0,6.286395741092136,0.0,0.0,0.0,0.0,39.0,13.0,,,12.0,11.0,,11.0
2022-23,1917,Dragowski,portiere,Spezia,Fiorentina,1.0,6.0,4.779411764705882,0.0,1.0,-50.5,34.0,5.285714285714286,0.0,0.0,-6.0,7.0,6.142857142857143,0.0,0.0,0.0,0.0,5.044312169312169,0.0,0.0,-30.833333333333332,24.666666666666668,6.186955965181771,0.0,0.0,0.0,0.0,59.0,8.0,36.0,16.0,11.0,3.0,,7.0
2018-19,2160,Gosens,difensore,Atalanta,Atalanta,0.0,1.0,6.535714285714286,3.0,2.0,10.0,28.0,6.2,1.0,1.0,3.5,20.0,6.025,0.0,0.0,0.0,0.0,6.2,1.0,1.0,3.5,20.0,6.025,0.0,0.0,0.0,0.0,60.0,7.0,,,2.0,8.0,,7.0
2019-20,2160,Gosens,difensore,Atalanta,Atalanta,0.0,2.0,7.378787878787879,9.0,7.0,32.5,33.0,6.535714285714286,3.0,2.0,10.0,28.0,6.178571428571429,0.0,0.0,0.0,0.0,6.367857142857143,2.0,1.5,6.75,24.0,6.101785714285715,0.0,0.0,0.0,0.0,66.0,3.0,,,7.0,13.0,,15.0
2020-21,2160,Gosens,difensore,Atalanta,Atalanta,0.0,3.0,7.28125,11.0,6.0,32.5,32.0,7.378787878787879,9.0,7.0,32.5,33.0,6.393939393939394,0.0,0.0,0.0,0.0,6.704834054834055,4.333333333333333,3.3333333333333335,15.333333333333334,27.0,6.199170274170274,0.0,0.0,0.0,0.0,78.0,3.0,,,15.0,27.0,,24.0
2021-22,2160,Gosens,difensore,Inter,Atalanta,1.0,4.0,6.363636363636363,1.0,1.0,2.5,11.0,7.28125,11.0,6.0,32.5,32.0,6.265625,0.0,0.0,0.0,0.0,7.065250721500721,7.666666666666667,5.0,25.0,31.0,6.279378607503607,0.0,0.0,0.0,0.0,78.0,2.0,88.0,1.0,24.0,25.0,,25.0
2022-23,2160,Gosens,difensore,Inter,Inter,0.0,5.0,6.3,3.0,0.0,8.5,25.0,6.363636363636363,1.0,1.0,2.5,11.0,6.136363636363637,0.0,0.0,0.0,0.0,7.007891414141414,7.0,4.666666666666667,22.5,25.333333333333332,6.265309343434343,0.0,0.0,0.0,0.0,81.0,2.0,,,25.0,12.0,,19.0
2025-26,2160,Gosens,difensore,Fiorentina,Fiorentina,0.0,7.0,6.28,3.0,1.0,9.0,25.0,6.59375,5.0,3.0,15.0,32.0,6.125,0.0,0.0,0.0,0.0,6.446875,4.0,1.5,11.75,28.5,6.0425,0.0,0.0,0.0,0.0,62.0,7.0,,,13.0,16.0,37.0,18.0
2018-19,2181,Palomino,difensore,Atalanta,Atalanta,0.0,1.0,6.071428571428571,1.0,1.0,0.5,28.0,6.108695652173913,1.0,0.0,1.5,23.0,6.043478260869565,0.0,0.0,0.0,0.0,6.108695652173913,1.0,0.0,1.5,23.0,6.043478260869565,0.0,0.0,0.0,0.0,60.0,7.0,,,5.0,7.0,,7.0
2019-20,2181,Palomino,difensore,Atalanta,Atalanta,0.0,2.0,6.05,2.0,1.0,2.5,30.0,6.071428571428571,1.0,1.0,0.5,28.0,6.053571428571429,0.0,0.0,0.0,0.0,6.090062111801242,1.0,0.5,1.0,25.5,6.048524844720497,0.0,0.0,0.0,0.0,66.0,3.0,,,7.0,9.0,,9.0
2020-21,2181,Palomino,difensore,Atalanta,Atalanta,0.0,3.0,6.048387096774194,1.0,1.0,2.5,31.0,6.05,2.0,1.0,2.5,30.0,5.966666666666667,0.0,0.0,0.0,0.0,6.076708074534161,1.3333333333333333,0.6666666666666666,1.5,27.0,6.021238785369221,0.0,0.0,0.0,0.0,78.0,3.0,,,9.0,8.0,,9.0
2021-22,2181,Palomino,difensore,Atalanta,Atalanta,0.0,4.0,6.090909090909091,1.0,0.0,-1.5,33.0,6.048387096774194,1.0,1.0,2.5,31.0,5.967741935483871,0.0,0.0,0.0,0.0,6.056605222734255,1.3333333333333333,1.0,1.8333333333333333,29.666666666666668,5.995993343573988,0.0,0.0,0.0,0.0,78.0,2.0,,,9.0,9.0,,8.0
2022-23,2181,Palomino,difensore,Atalanta,Atalanta,0.0,5.0,5.75,1.0,0.0,-1.0,14.0,6.090909090909091,1.0,0.0,-1.5,33.0,6.136363636363637,0.0,0.0,0.0,0.0,6.063098729227762,1.3333333333333333,0.6666666666666666,1.1666666666666667,31.333333333333332,6.023590746171391,0.0,0.0,0.0,0.0,59.0,7.0,,,8.0,11.0,,10.0
2020-21,2163,Cornelius,attaccante,Parma,Parma,0.0,2.0,5.827586206896552,1.0,4.0,5.0,29.0,7.826086956521739,12.0,2.0,37.5,23.0,6.195652173913044,0.0,0.0,0.0,0.0,7.07554347826087,7.5,1.5,23.75,21.5,6.010326086956522,0.0,0.0,0.0,0.0,46.0,11.0,,,9.0,26.0,,15.0
2018-19,2214,Kolarov,difensore,Roma,Roma,0.0,1.0,6.696969696969697,5.0,1.0,21.0,33.0,6.614285714285714,2.0,7.0,11.5,35.0,6.285714285714286,0.0,0.0,0.0,0.0,6.614285714285714,2.0,7.0,11.5,35.0,6.285714285714286,0.0,0.0,0.0,0.0,74.0,3.0,,,12.0,16.0,,17.0
2019-20,2214,Kolarov,difensore,Roma,Roma,0.0,2.0,6.516129032258065,5.0,3.0,15.5,31.0,6.696969696969697,5.0,1.0,21.0,33.0,6.0606060606060606,0.0,0.0,0.0,0.0,6.655627705627706,3.5,4.0,16.25,34.0,6.1731601731601735,0.0,0.0,0.0,0.0,63.0,6.0,,,17.0,17.0,,15.0
2020-21,2214,Kolarov,difensore,Inter,Roma,1.0,3.0,5.375,0.0,1.0,1.0,4.0,6.516129032258065,5.0,3.0,15.5,31.0,6.016129032258065,0.0,0.0,0.0,0.0,6.609128147837826,4.0,3.6666666666666665,16.0,33.0,6.120816459526137,0.0,0.0,0.0,0.0,67.0,5.0,79.0,2.0,15.0,14.0,,14.0
2021-22,2214,Kolarov,difensore,Inter,Inter,0.0,4.0,6.0,0.0,0.0,0.0,1.0,5.375,0.0,1.0,1.0,4.0,5.125,0.0,0.0,0.0,0.0,6.196032909742587,3.3333333333333335,1.6666666666666667,12.5,22.666666666666668,5.733911697621376,0.0,0.0,0.0,0.0,88.0,1.0,,,14.0,7.0,,3.0
2018-19,2179,Sirigu,portiere,Torino,Torino,0.0,1.0,5.527777777777778,0.0,0.0,-29.5,36.0,5.364864864864865,0.0,0.0,-37.0,37.0,6.364864864864865,0.0,0.0,0.0,0.0,5.364864864864865,0.0,0.0,-37.0,37.0,6.364864864864865,0.0,0.0,0.0,0.0,51.0,10.0,,,9.0,15.0,,11.0
2019-20,2179,Sirigu,portiere,Torino,Torino,0.0,2.0,4.680555555555555,0.0,0.0,-63.0,36.0,5.527777777777778,0.0,0.0,-29.5,36.0,6.347222222222222,0.0,0.0,0.0,0.0,5.446321321321321,0.0,0.0,-33.25,36.5,6.356043543543544,0.0,0.0,0.0,0.0,60.0,7.0,,,11.0,15.0,,14.0
2020-21,2179,Sirigu,portiere,Torino,Torino,0.0,3.0,4.078125,0.0,0.0,-62.0,32.0,4.680555555555555,0.0,0.0,-63.0,36.0,6.430555555555555,0.0,0.0,0.0,0.0,5.191066066066066,0.0,0.0,-43.166666666666664,36.333333333333336,6.380880880880881,0.0,0.0,0.0,0.0,39.0,16.0,,,14.0,8.0,,11.0
2021-22,2179,Sirigu,portiere,Genoa,Torino,1.0,4.0,4.635135135135135,0.0,0.0,-58.0,37.0,4.078125,0.0,0.0,-62.0,32.0,6.015625,0.0,0.0,0.0,0.0,4.762152777777778,0.0,0.0,-51.5,34.666666666666664,6.264467592592593,0.0,0.0,0.0,0.0,36.0,17.0,39.0,14.0,11.0,4.0,,8.0
2022-23,2179,Sirigu,portiere,Fiorentina,Genoa,1.0,5.0,6.5,0.0,0.0,0.0,1.0,4.635135135135135,0.0,0.0,-58.0,37.0,6.202702702702703,0.0,0.0,0.0,0.0,4.46460523023023,0.0,0.0,-61.0,35.0,6.21629441941942,0.0,0.0,0.0,0.0,28.0,19.0,59.0,8.0,8.0,9.0,,1.0
2018-19,2288,N'koulou,difensore,Torino,Torino,0.0,1.0,6.305555555555555,2.0,0.0,2.0,36.0,6.175675675675675,2.0,0.0,4.0,37.0,6.0675675675675675,0.0,0.0,0.0,0.0,6.175675675675675,2.0,0.0,4.0,37.0,6.0675675675675675,0.0,0.0,0.0,0.0,51.0,10.0,,,8.0,12.0,,12.0
2019-20,2288,N'koulou,difensore,Torino,Torino,0.0,2.0,5.790322580645161,1.0,0.0,0.5,31.0,6.305555555555555,2.0,0.0,2.0,36.0,6.25,0.0,0.0,0.0,0.0,6.240615615615615,2.0,0.0,3.0,36.5,6.158783783783784,0.0,0.0,0.0,0.0,60.0,7.0,,,12.0,14.0,,15.0
2020-21,2288,N'koulou,difensore,Torino,Torino,0.0,3.0,5.666666666666667,1.0,0.0,0.5,18.0,5.790322580645161,1.0,0.0,0.5,31.0,5.774193548387097,0.0,0.0,0.0,0.0,6.090517937292131,1.6666666666666667,0.0,2.1666666666666665,34.666666666666664,6.0305870386515545,0.0,0.0,0.0,0.0,39.0,16.0,,,15.0,5.0,,11.0
2018-19,2205,Berenguer,centrocampista,Torino,Torino,0.0,1.0,6.431818181818182,2.0,3.0,7.5,22.0,6.222222222222222,1.0,3.0,5.5,18.0,5.916666666666667,0.0,0.0,0.0,0.0,6.222222222222222,1.0,3.0,5.5,18.0,5.916666666666667,0.0,0.0,0.0,0.0,51.0,10.0,,,9.0,7.0,,5.0
2019-20,2205,Berenguer,centrocampista,Torino,Torino,0.0,2.0,6.7407407407407405,6.0,2.0,18.0,27.0,6.431818181818182,2.0,3.0,7.5,22.0,6.090909090909091,0.0,0.0,0.0,0.0,6.327020202020202,1.5,3.0,6.5,20.0,6.003787878787879,0.0,0.0,0.0,0.0,60.0,7.0,,,5.0,9.0,,8.0
2020-21,2205,Berenguer,centrocampista,Torino,Torino,0.0,3.0,6.0,0.0,0.0,0.0,2.0,6.7407407407407405,6.0,2.0,18.0,27.0,6.074074074074074,0.0,0.0,0.0,0.0,6.464927048260382,3.0,2.6666666666666665,10.333333333333334,22.333333333333332,6.027216610549945,0.0,0.0,0.0,0.0,39.0,16.0,,,8.0,17.0,,8.0
2018-19,1933,Mandragora,centrocampista,Udinese,Crotone,1.0,1.0,5.897058823529412,3.0,1.0,5.0,34.0,5.944444444444445,2.0,0.0,2.0,36.0,5.888888888888889,0.0,0.0,0.0,0.0,5.944444444444445,2.0,0.0,2.0,36.0,5.888888888888889,0.0,0.0,0.0,0.0,35.0,18.0,37.0,14.0,3.0,8.0,,9.0
2019-20,1933,Mandragora,centrocampista,Udinese,Udinese,0.0,2.0,5.84,0.0,2.0,1.0,25.0,5.897058823529412,3.0,1.0,5.0,34.0,5.75,0.0,0.0,0.0,0.0,5.920751633986928,2.5,0.5,3.5,35.0,5.819444444444445,0.0,0.0,0.0,0.0,40.0,16.0,,,9.0,9.0,,8.0
2020-21,1933,Mandragora,centrocampista,Torino,Udinese,1.0,3.0,6.153846153846154,3.0,1.0,7.5,26.0,5.84,0.0,2.0,1.0,25.0,5.8,0.0,0.0,0.0,0.0,5.893834422657953,1.6666666666666667,1.0,2.6666666666666665,31.666666666666668,5.812962962962963,0.0,0.0,0.0,0.0,42.0,14.0,39.0,16.0,8.0,4.0,,5.0
2021-22,1933,Mandragora,centrocampista,Torino,Torino,0.0,4.0,6.055555555555555,0.0,2.0,-1.5,18.0,6.153846153846154,3.0,1.0,7.5,26.0,5.865384615384615,0.0,0.0,0.0,0.0,5.963634992458522,2.0,1.3333333333333333,4.5,28.333333333333332,5.805128205128205,0.0,0.0,0.0,0.0,36.0,17.0,,,5.0,11.0,,10.0
2022-23,1933,Mandragora,centrocampista,Fiorentina,Torino,1.0,5.0,6.25,2.0,4.0,6.0,28.0,6.055555555555555,0.0,2.0,-1.5,18.0,6.138888888888889,0.0,0.0,0.0,0.0,6.0164672364672365,1.0,1.6666666666666667,2.3333333333333335,23.0,5.934757834757835,0.0,0.0,0.0,0.0,50.0,10.0,59.0,8.0,10.0,6.0,,9.0
2023-24,1933,Mandragora,centrocampista,Fiorentina,Fiorentina,0.0,6.0,6.283333333333333,3.0,3.0,10.0,30.0,6.25,2.0,4.0,6.0,28.0,6.035714285714286,0.0,0.0,0.0,0.0,6.153133903133903,1.6666666666666667,2.3333333333333335,4.0,24.0,6.013329263329264,0.0,0.0,0.0,0.0,53.0,8.0,,,9.0,11.0,11.0,9.0
2024-25,1933,Mandragora,centrocampista,Fiorentina,Fiorentina,0.0,7.0,6.666666666666667,3.0,4.0,13.0,27.0,6.283333333333333,3.0,3.0,10.0,30.0,5.95,0.0,0.0,0.0,0.0,6.196296296296296,1.6666666666666667,3.0,4.833333333333333,25.333333333333332,6.041534391534391,0.0,0.0,0.0,0.0,57.0,8.0,,,9.0,11.0,7.0,8.0
2025-26,1933,Mandragora,centrocampista,Fiorentina,Fiorentina,0.0,8.0,6.617647058823529,6.0,2.0,19.5,34.0,6.666666666666667,3.0,4.0,13.0,27.0,6.185185185185185,0.0,0.0,0.0,0.0,6.3999999999999995,2.6666666666666665,3.6666666666666665,9.666666666666666,28.333333333333332,6.056966490299824,0.0,0.0,0.0,0.0,62.0,7.0,,,8.0,17.0,21.5,14.0
2018-19,2168,Musacchio,difensore,Milan,Milan,0.0,1.0,6.086206896551724,1.0,0.0,2.0,29.0,5.428571428571429,0.0,0.0,-1.5,14.0,5.535714285714286,0.0,0.0,0.0,0.0,5.428571428571429,0.0,0.0,-1.5,14.0,5.535714285714286,0.0,0.0,0.0,0.0,61.0,6.0,,,10.0,3.0,,5.0
2019-20,2168,Musacchio,difensore,Milan,Milan,0.0,2.0,5.555555555555555,0.0,0.0,-3.0,18.0,6.086206896551724,1.0,0.0,2.0,29.0,6.017241379310345,0.0,0.0,0.0,0.0,5.7573891625615765,0.5,0.0,0.25,21.5,5.776477832512315,0.0,0.0,0.0,0.0,65.0,5.0,,,5.0,10.0,,7.0
2020-21,2168,Musacchio,difensore,Lazio,Milan,1.0,3.0,5.875,0.0,0.0,-0.5,4.0,5.555555555555555,0.0,0.0,-3.0,18.0,5.722222222222222,0.0,0.0,0.0,0.0,5.69011129355957,0.3333333333333333,0.0,-0.8333333333333334,20.333333333333332,5.758392629082284,0.0,0.0,0.0,0.0,63.0,6.0,78.0,4.0,7.0,1.0,,7.0
2018-19,2169,Rodriguez R.,difensore,Milan,Milan,0.0,1.0,5.828571428571428,0.0,2.0,-0.5,35.0,5.676470588235294,0.0,0.0,-2.5,34.0,5.75,0.0,0.0,0.0,0.0,5.676470588235294,0.0,0.0,-2.5,34.0,5.75,0.0,0.0,0.0,0.0,61.0,6.0,,,14.0,9.0,,8.0
2019-20,2169,Rodriguez R.,difensore,Milan,Milan,0.0,2.0,5.8,0.0,0.0,0.0,5.0,5.828571428571428,0.0,2.0,-0.5,35.0,5.8428571428571425,0.0,0.0,0.0,0.0,5.752521008403361,0.0,1.0,-1.5,34.5,5.796428571428571,0.0,0.0,0.0,0.0,65.0,5.0,,,8.0,9.0,,8.0
2020-21,2169,Rodriguez R.,difensore,Torino,Milan,1.0,3.0,5.375,0.0,0.0,-0.5,16.0,5.8,0.0,0.0,0.0,5.0,5.8,0.0,0.0,0.0,0.0,5.768347338935574,0.0,0.6666666666666666,-1.0,24.666666666666668,5.7976190476190474,0.0,0.0,0.0,0.0,63.0,6.0,39.0,16.0,8.0,1.0,,9.0
2021-22,2169,Rodriguez R.,difensore,Torino,Torino,0.0,4.0,5.84375,0.0,1.0,-0.5,32.0,5.375,0.0,0.0,-0.5,16.0,5.40625,0.0,0.0,0.0,0.0,5.667857142857144,0.0,0.6666666666666666,-0.3333333333333333,18.666666666666668,5.683035714285714,0.0,0.0,0.0,0.0,36.0,17.0,,,9.0,1.0,,5.0
2022-23,2169,Rodriguez R.,difensore,Torino,Torino,0.0,5.0,5.955882352941177,0.0,0.0,-1.5,34.0,5.84375,0.0,1.0,-0.5,32.0,5.859375,0.0,0.0,0.0,0.0,5.672916666666667,0.0,0.3333333333333333,-0.3333333333333333,17.666666666666668,5.688541666666667,0.0,0.0,0.0,0.0,50.0,10.0,,,5.0,7.0,,7.0
2023-24,2169,Rodriguez R.,difensore,Torino,Torino,0.0,6.0,6.171428571428572,1.0,1.0,2.0,35.0,5.955882352941177,0.0,0.0,-1.5,34.0,6.0,0.0,0.0,0.0,0.0,5.724877450980393,0.0,0.3333333333333333,-0.8333333333333334,27.333333333333332,5.755208333333333,0.0,0.0,0.0,0.0,53.0,9.0,,,7.0,9.0,11.0,8.0
2018-19,2194,Calhanoglu,centrocampista,Milan,Milan,0.0,1.0,6.271428571428571,3.0,5.0,12.5,35.0,6.806451612903226,6.0,4.0,18.5,31.0,6.209677419354839,0.0,0.0,0.0,0.0,6.806451612903226,6.0,4.0,18.5,31.0,6.209677419354839,0.0,0.0,0.0,0.0,61.0,6.0,,,15.0,17.0,,21.0
2019-20,2194,Calhanoglu,centrocampista,Milan,Milan,0.0,2.0,7.242857142857143,8.0,9.0,33.0,35.0,6.271428571428571,3.0,5.0,12.5,35.0,5.914285714285715,0.0,0.0,0.0,0.0,6.538940092165898,4.5,4.5,15.5,33.0,6.061981566820277,0.0,0.0,0.0,0.0,65.0,5.0,,,21.0,16.0,,13.0
2020-21,2194,Calhanoglu,centrocampista,Milan,Milan,0.0,3.0,6.848484848484849,3.0,9.0,19.0,33.0,7.242857142857143,8.0,9.0,33.0,35.0,6.3,0.0,0.0,0.0,0.0,6.77357910906298,5.666666666666667,6.0,21.333333333333332,33.666666666666664,6.141321044546852,0.0,0.0,0.0,0.0,63.0,6.0,,,13.0,24.0,,24.0
2021-22,2194,Calhanoglu,centrocampista,Inter,Milan,1.0,4.0,7.196969696969697,4.0,12.0,27.5,33.0,6.848484848484849,3.0,9.0,19.0,33.0,6.2727272727272725,0.0,0.0,0.0,0.0,6.787590187590188,4.666666666666667,7.666666666666667,21.5,34.333333333333336,6.162337662337663,0.0,0.0,0.0,0.0,76.0,4.0,88.0,1.0,24.0,20.0,,19.0
2022-23,2194,Calhanoglu,centrocampista,Inter,Inter,0.0,5.0,6.742424242424242,2.0,5.0,12.5,33.0,7.196969696969697,4.0,12.0,27.5,33.0,6.363636363636363,0.0,0.0,0.0,0.0,7.096103896103897,5.0,10.0,26.5,33.666666666666664,6.3121212121212125,0.0,0.0,0.0,0.0,81.0,2.0,,,19.0,25.0,,19.0
2023-24,2194,Calhanoglu,centrocampista,Inter,Inter,0.0,6.0,7.703125,3.0,3.0,39.5,32.0,6.742424242424242,2.0,5.0,12.5,33.0,6.363636363636363,0.0,0.0,0.0,0.0,6.92929292929293,3.0,8.666666666666666,19.666666666666668,33.0,6.333333333333333,0.0,0.0,0.0,0.0,69.0,3.0,,,19.0,19.0,30.5,16.0
2024-25,2194,Calhanoglu,centrocampista,Inter,Inter,0.0,7.0,6.892857142857143,2.0,6.0,15.5,28.0,7.703125,3.0,3.0,39.5,32.0,6.46875,0.0,0.0,0.0,0.0,7.214172979797979,3.0,6.666666666666667,26.5,32.666666666666664,6.398674242424242,0.0,0.0,0.0,0.0,93.0,1.0,,,16.0,30.0,165.0,28.0
2025-26,2194,Calhanoglu,centrocampista,Inter,Inter,0.0,8.0,7.636363636363637,5.0,4.0,24.5,22.0,6.892857142857143,2.0,6.0,15.5,28.0,6.339285714285714,0.0,0.0,0.0,0.0,7.112802128427128,2.3333333333333335,4.666666666666667,22.5,31.0,6.390557359307359,0.0,0.0,0.0,0.0,78.0,2.0,,,28.0,20.0,58.0,23.0
2018-19,2155,Cutrone,attaccante,Milan,Milan,0.0,1.0,6.172413793103448,3.0,2.0,10.0,29.0,7.3076923076923075,10.0,2.0,30.5,26.0,6.134615384615385,0.0,0.0,0.0,0.0,7.3076923076923075,10.0,2.0,30.5,26.0,6.134615384615385,0.0,0.0,0.0,0.0,61.0,6.0,,,2.0,13.0,,17.0
2019-20,2155,Cutrone,attaccante,Fiorentina,Milan,1.0,2.0,6.638888888888889,4.0,1.0,12.5,18.0,6.172413793103448,3.0,2.0,10.0,29.0,5.827586206896552,0.0,0.0,0.0,0.0,6.7400530503978775,6.5,2.0,20.25,27.5,5.981100795755968,0.0,0.0,0.0,0.0,65.0,5.0,40.0,15.0,17.0,14.0,,18.0
2020-21,2155,Cutrone,attaccante,Fiorentina,Fiorentina,0.0,3.0,5.714285714285714,0.0,0.0,0.0,7.0,6.638888888888889,4.0,1.0,12.5,18.0,5.944444444444445,0.0,0.0,0.0,0.0,6.706331663228215,5.666666666666667,1.6666666666666667,17.666666666666668,24.333333333333332,5.96888201198546,0.0,0.0,0.0,0.0,46.0,10.0,,,18.0,12.0,,12.0
2021-22,2155,Cutrone,attaccante,Empoli,Fiorentina,1.0,4.0,6.229166666666667,3.0,0.0,8.5,24.0,5.714285714285714,0.0,0.0,0.0,7.0,5.714285714285714,0.0,0.0,0.0,0.0,6.175196132092684,2.3333333333333335,1.0,7.5,18.0,5.82877212187557,0.0,0.0,0.0,0.0,39.0,13.0,,,12.0,5.0,,14.0
2025-26,2155,Cutrone,attaccante,Parma,Como,1.0,6.0,5.928571428571429,1.0,0.0,3.0,14.0,6.666666666666667,7.0,4.0,21.5,33.0,6.015151515151516,0.0,0.0,0.0,0.0,6.666666666666667,7.0,4.0,21.5,33.0,6.015151515151516,0.0,0.0,0.0,0.0,49.0,10.0,33.0,16.0,9.0,17.0,13.0,10.0
2018-19,2187,Borini,attaccante,Milan,Milan,0.0,1.0,6.2105263157894735,2.0,1.0,5.5,19.0,6.065217391304348,2.0,1.0,5.5,23.0,5.826086956521739,0.0,0.0,0.0,0.0,6.065217391304348,2.0,1.0,5.5,23.0,5.826086956521739,0.0,0.0,0.0,0.0,61.0,6.0,,,8.0,7.0,,6.0
2019-20,2187,Borini,centrocampista,Verona,Milan,1.0,2.0,6.433333333333334,2.0,0.0,7.0,15.0,6.2105263157894735,2.0,1.0,5.5,19.0,5.921052631578948,0.0,0.0,0.0,0.0,6.13787185354691,2.0,1.0,5.5,21.0,5.8735697940503435,0.0,0.0,0.0,0.0,65.0,5.0,,,6.0,8.0,,5.0
2018-19,264,Bessa,centrocampista,Genoa,Genoa,0.0,1.0,5.875,1.0,2.0,1.0,32.0,6.16,3.0,2.0,8.5,25.0,5.82,0.0,0.0,0.0,0.0,6.16,3.0,2.0,8.5,25.0,5.82,0.0,0.0,0.0,0.0,41.0,12.0,,,8.0,8.0,,7.0
2021-22,264,Bessa,centrocampista,Verona,Verona,0.0,3.0,5.861111111111111,1.0,1.0,1.5,18.0,6.076923076923077,0.0,2.0,1.5,13.0,5.961538461538462,0.0,0.0,0.0,0.0,5.975961538461538,0.5,2.0,1.25,22.5,5.902644230769231,0.0,0.0,0.0,0.0,44.0,10.0,,,3.0,6.0,,5.0
2018-19,2165,Vitor Hugo,difensore,Fiorentina,Fiorentina,0.0,1.0,5.758620689655173,0.0,1.0,-3.5,29.0,6.0,1.0,0.0,1.0,18.0,5.944444444444445,0.0,0.0,0.0,0.0,6.0,1.0,0.0,1.0,18.0,5.944444444444445,0.0,0.0,0.0,0.0,57.0,8.0,,,8.0,6.0,,6.0
2018-19,2215,Veretout,centrocampista,Fiorentina,Fiorentina,0.0,1.0,6.2727272727272725,0.0,2.0,7.0,33.0,6.638888888888889,6.0,1.0,16.5,36.0,6.180555555555555,0.0,0.0,0.0,0.0,6.638888888888889,6.0,1.0,16.5,36.0,6.180555555555555,0.0,0.0,0.0,0.0,57.0,8.0,,,10.0,13.0,,17.0
2019-20,2215,Veretout,centrocampista,Roma,Fiorentina,1.0,2.0,6.75,1.0,0.0,15.0,32.0,6.2727272727272725,0.0,2.0,7.0,33.0,6.0606060606060606,0.0,0.0,0.0,0.0,6.455808080808081,3.0,1.5,11.75,34.5,6.120580808080808,0.0,0.0,0.0,0.0,40.0,15.0,63.0,6.0,17.0,14.0,,14.0
2020-21,2215,Veretout,centrocampista,Roma,Roma,0.0,3.0,7.357142857142857,5.0,1.0,29.0,28.0,6.75,1.0,0.0,15.0,32.0,6.28125,0.0,0.0,0.0,0.0,6.5538720538720545,2.3333333333333335,1.0,12.833333333333334,33.666666666666664,6.174137205387205,0.0,0.0,0.0,0.0,67.0,5.0,,,14.0,17.0,,15.0
2021-22,2215,Veretout,centrocampista,Roma,Roma,0.0,4.0,6.457142857142857,3.0,8.0,14.0,35.0,7.357142857142857,5.0,1.0,29.0,28.0,6.321428571428571,0.0,0.0,0.0,0.0,6.793290043290043,2.0,1.0,17.0,31.0,6.2210948773448775,0.0,0.0,0.0,0.0,61.0,7.0,,,15.0,23.0,,23.0
2018-19,2290,Eysseric,centrocampista,Fiorentina,Fiorentina,0.0,1.0,6.0,0.0,1.0,0.5,8.0,6.1,1.0,1.0,3.0,15.0,5.9,0.0,0.0,0.0,0.0,6.1,1.0,1.0,3.0,15.0,5.9,0.0,0.0,0.0,0.0,57.0,8.0,,,13.0,7.0,,8.0
2019-20,2290,Eysseric,centrocampista,Verona,Fiorentina,1.0,2.0,5.583333333333333,0.0,0.0,-1.0,6.0,6.0,0.0,1.0,0.5,8.0,5.9375,0.0,0.0,0.0,0.0,6.05,0.5,1.0,1.75,11.5,5.91875,0.0,0.0,0.0,0.0,40.0,15.0,,,8.0,6.0,,4.0
2020-21,2290,Eysseric,centrocampista,Fiorentina,Verona,1.0,3.0,6.25,2.0,0.0,5.0,14.0,5.583333333333333,0.0,0.0,-1.0,6.0,5.75,0.0,0.0,0.0,0.0,5.894444444444443,0.3333333333333333,0.6666666666666666,0.8333333333333334,9.666666666666666,5.8625,0.0,0.0,0.0,0.0,49.0,9.0,46.0,10.0,4.0,1.0,,1.0
2018-19,2200,Douglas Costa,centrocampista,Juventus,Juventus,0.0,1.0,6.153846153846154,1.0,0.0,1.5,13.0,7.209677419354839,4.0,11.0,22.5,31.0,6.483870967741935,0.0,0.0,0.0,0.0,7.209677419354839,4.0,11.0,22.5,31.0,6.483870967741935,0.0,0.0,0.0,0.0,92.0,1.0,,,17.0,22.0,,24.0
2019-20,2200,Douglas Costa,centrocampista,Juventus,Juventus,0.0,2.0,6.611111111111111,1.0,4.0,6.5,18.0,6.153846153846154,1.0,0.0,1.5,13.0,6.038461538461538,0.0,0.0,0.0,0.0,6.681761786600497,2.5,5.5,12.0,22.0,6.261166253101736,0.0,0.0,0.0,0.0,90.0,1.0,,,24.0,17.0,,14.0
2020-21,2200,Douglas Costa,centrocampista,Juventus,Juventus,0.0,3.0,6.0,0.0,0.0,0.0,1.0,6.611111111111111,1.0,4.0,6.5,18.0,6.25,0.0,0.0,0.0,0.0,6.658211561437368,2.0,5.0,10.166666666666666,20.666666666666668,6.257444168734491,0.0,0.0,0.0,0.0,83.0,1.0,,,14.0,11.0,,12.0
2018-19,2306,Matuidi,centrocampista,Juventus,Juventus,0.0,1.0,6.5,3.0,2.0,8.5,30.0,6.383333333333334,3.0,1.0,8.5,30.0,6.1,0.0,0.0,0.0,0.0,6.383333333333334,3.0,1.0,8.5,30.0,6.1,0.0,0.0,0.0,0.0,92.0,1.0,,,16.0,12.0,,15.0
2019-20,2306,Matuidi,centrocampista,Juventus,Juventus,0.0,2.0,5.890625,0.0,1.0,0.0,32.0,6.5,3.0,2.0,8.5,30.0,6.216666666666667,0.0,0.0,0.0,0.0,6.441666666666666,3.0,1.5,8.5,30.0,6.158333333333333,0.0,0.0,0.0,0.0,90.0,1.0,,,15.0,16.0,,12.0
2018-19,2178,Cragno,portiere,Cagliari,Cagliari,0.0,1.0,5.171052631578948,0.0,0.0,-48.5,38.0,4.793103448275862,0.0,0.0,-41.0,29.0,6.206896551724138,0.0,0.0,0.0,0.0,4.793103448275862,0.0,0.0,-41.0,29.0,6.206896551724138,0.0,0.0,0.0,0.0,36.0,16.0,,,8.0,10.0,,8.0
2019-20,2178,Cragno,portiere,Cagliari,Cagliari,0.0,2.0,5.3125,0.0,0.0,-18.5,16.0,5.171052631578948,0.0,0.0,-48.5,38.0,6.447368421052632,0.0,0.0,0.0,0.0,4.982078039927405,0.0,0.0,-44.75,33.5,6.327132486388384,0.0,0.0,0.0,0.0,41.0,13.0,,,8.0,12.0,,11.0
2020-21,2178,Cragno,portiere,Cagliari,Cagliari,0.0,3.0,4.794117647058823,0.0,0.0,-53.5,34.0,5.3125,0.0,0.0,-18.5,16.0,6.46875,0.0,0.0,0.0,0.0,5.092218693284937,0.0,0.0,-36.0,27.666666666666668,6.374338324258923,0.0,0.0,0.0,0.0,45.0,13.0,,,11.0,10.0,,11.0
2021-22,2178,Cragno,portiere,Cagliari,Cagliari,0.0,4.0,4.571428571428571,0.0,0.0,-58.5,35.0,4.794117647058823,0.0,0.0,-53.5,34.0,6.367647058823529,0.0,0.0,0.0,0.0,5.092556759545924,0.0,0.0,-40.166666666666664,29.333333333333332,6.427921826625386,0.0,0.0,0.0,0.0,37.0,16.0,,,11.0,11.0,,10.0
2022-23,2178,Cragno,portiere,Monza,Cagliari,1.0,5.0,2.0,0.0,0.0,-3.0,1.0,4.571428571428571,0.0,0.0,-58.5,35.0,6.242857142857143,0.0,0.0,0.0,0.0,4.892682072829132,0.0,0.0,-43.5,28.333333333333332,6.359751400560224,0.0,0.0,0.0,0.0,29.0,18.0,,,10.0,9.0,,11.0
2023-24,2178,Cragno,portiere,Sassuolo,Monza,1.0,6.0,3.6666666666666665,0.0,0.0,-7.0,3.0,2.0,0.0,0.0,-3.0,1.0,5.0,0.0,0.0,0.0,0.0,3.7885154061624653,0.0,0.0,-38.333333333333336,23.333333333333332,5.870168067226891,0.0,0.0,0.0,0.0,52.0,10.0,45.0,13.0,11.0,1.0,0.5,4.0
2018-19,2188,Marusic,centrocampista,Lazio,Lazio,0.0,1.0,5.88,1.0,1.0,2.0,25.0,6.370967741935484,3.0,4.0,10.5,31.0,6.032258064516129,0.0,0.0,0.0,0.0,6.370967741935484,3.0,4.0,10.5,31.0,6.032258064516129,0.0,0.0,0.0,0.0,72.0,4.0,,,6.0,10.0,,9.0
2019-20,2188,Marusic,centrocampista,Lazio,Lazio,0.0,2.0,6.535714285714286,2.0,1.0,5.5,14.0,5.88,1.0,1.0,2.0,25.0,5.8,0.0,0.0,0.0,0.0,6.1254838709677415,2.0,2.5,6.25,28.0,5.916129032258064,0.0,0.0,0.0,0.0,59.0,8.0,,,9.0,9.0,,5.0
2020-21,2188,Marusic,centrocampista,Lazio,Lazio,0.0,3.0,5.944444444444445,2.0,3.0,5.5,36.0,6.535714285714286,2.0,1.0,5.5,14.0,6.142857142857143,0.0,0.0,0.0,0.0,6.262227342549923,2.0,2.0,6.0,23.333333333333332,5.991705069124424,0.0,0.0,0.0,0.0,78.0,4.0,,,5.0,8.0,,4.0
2021-22,2188,Marusic,centrocampista,Lazio,Lazio,0.0,4.0,5.651515151515151,1.0,0.0,0.0,33.0,5.944444444444445,2.0,3.0,5.5,36.0,5.791666666666667,0.0,0.0,0.0,0.0,6.12005291005291,1.6666666666666667,1.6666666666666667,4.333333333333333,25.0,5.911507936507937,0.0,0.0,0.0,0.0,68.0,6.0,,,4.0,7.0,,6.0
2022-23,2188,Marusic,difensore,Lazio,Lazio,0.0,5.0,5.924242424242424,0.0,2.0,-3.0,33.0,5.651515151515151,1.0,0.0,0.0,33.0,5.651515151515151,0.0,0.0,0.0,0.0,6.043891293891293,1.6666666666666667,1.3333333333333333,3.6666666666666665,27.666666666666668,5.862012987012988,0.0,0.0,0.0,0.0,63.0,5.0,,,6.0,5.0,,7.0
2023-24,2188,Marusic,difensore,Lazio,Lazio,0.0,6.0,5.72972972972973,1.0,0.0,0.5,37.0,5.924242424242424,0.0,2.0,-3.0,33.0,6.015151515151516,0.0,0.0,0.0,0.0,5.84006734006734,1.0,1.6666666666666667,0.8333333333333334,34.0,5.8194444444444455,0.0,0.0,0.0,0.0,71.0,2.0,,,7.0,7.0,9.0,7.0
2024-25,2188,Marusic,difensore,Lazio,Lazio,0.0,7.0,6.161290322580645,4.0,0.0,9.5,31.0,5.72972972972973,1.0,0.0,0.5,37.0,5.716216216216216,0.0,0.0,0.0,0.0,5.768495768495768,0.6666666666666666,0.6666666666666666,-0.8333333333333334,34.333333333333336,5.794294294294294,0.0,0.0,0.0,0.0,60.0,7.0,,,7.0,6.0,10.5,6.0
2025-26,2188,Marusic,difensore,Lazio,Lazio,0.0,8.0,5.96969696969697,1.0,2.0,3.5,33.0,6.161290322580645,4.0,0.0,9.5,31.0,5.854838709677419,0.0,0.0,0.0,0.0,5.938420825517599,1.6666666666666667,0.6666666666666666,2.3333333333333335,33.666666666666664,5.8620688136817165,0.0,0.0,0.0,0.0,65.0,6.0,,,6.0,11.0,14.5,8.0
2018-19,540,Gomis A.,portiere,SPAL,SPAL,0.0,1.0,4.7,0.0,0.0,-27.0,20.0,4.52,0.0,0.0,-40.0,25.0,6.12,0.0,0.0,0.0,0.0,4.52,0.0,0.0,-40.0,25.0,6.12,0.0,0.0,0.0,0.0,35.0,17.0,,,1.0,5.0,,1.0
2018-19,2261,Vicari,difensore,SPAL,SPAL,0.0,1.0,6.089285714285714,2.0,1.0,4.0,28.0,5.529411764705882,0.0,1.0,-9.0,34.0,5.794117647058823,0.0,0.0,0.0,0.0,5.529411764705882,0.0,1.0,-9.0,34.0,5.794117647058823,0.0,0.0,0.0,0.0,35.0,17.0,,,5.0,7.0,,4.0
2019-20,2261,Vicari,difensore,SPAL,SPAL,0.0,2.0,5.485294117647059,0.0,0.0,-6.0,34.0,6.089285714285714,2.0,1.0,4.0,28.0,5.946428571428571,0.0,0.0,0.0,0.0,5.809348739495798,1.0,1.0,-2.5,31.0,5.870273109243698,0.0,0.0,0.0,0.0,42.0,11.0,,,4.0,9.0,,7.0
2018-19,2263,Lazzari,centrocampista,SPAL,SPAL,0.0,1.0,6.484848484848484,0.0,8.0,4.5,33.0,6.285714285714286,2.0,1.0,5.0,35.0,6.142857142857143,0.0,0.0,0.0,0.0,6.285714285714286,2.0,1.0,5.0,35.0,6.142857142857143,0.0,0.0,0.0,0.0,35.0,17.0,,,7.0,11.0,,10.0
2019-20,2263,Lazzari,centrocampista,Lazio,SPAL,1.0,2.0,6.15625,0.0,2.0,-1.0,32.0,6.484848484848484,0.0,8.0,4.5,33.0,6.348484848484849,0.0,0.0,0.0,0.0,6.385281385281385,1.0,4.5,4.75,34.0,6.245670995670996,0.0,0.0,0.0,0.0,42.0,11.0,59.0,8.0,10.0,15.0,,15.0
2020-21,2263,Lazzari,centrocampista,Lazio,Lazio,0.0,3.0,6.34375,2.0,5.0,7.0,32.0,6.15625,0.0,2.0,-1.0,32.0,6.1875,0.0,0.0,0.0,0.0,6.30893759018759,0.6666666666666666,3.6666666666666665,2.8333333333333335,33.333333333333336,6.226280663780663,0.0,0.0,0.0,0.0,78.0,4.0,,,15.0,11.0,,11.0
2021-22,2263,Lazzari,centrocampista,Lazio,Lazio,0.0,4.0,6.296296296296297,3.0,3.0,10.5,27.0,6.34375,2.0,5.0,7.0,32.0,6.125,0.0,0.0,0.0,0.0,6.328282828282828,0.6666666666666666,5.0,3.5,32.333333333333336,6.220328282828283,0.0,0.0,0.0,0.0,68.0,6.0,,,11.0,13.0,,10.0
2022-23,2263,Lazzari,difensore,Lazio,Lazio,0.0,5.0,5.769230769230769,0.0,0.0,-6.0,26.0,6.296296296296297,3.0,3.0,10.5,27.0,5.907407407407407,0.0,0.0,0.0,0.0,6.265432098765433,1.6666666666666667,3.3333333333333335,5.5,30.333333333333332,6.073302469135803,0.0,0.0,0.0,0.0,63.0,5.0,,,10.0,11.0,,10.0
2023-24,2263,Lazzari,difensore,Lazio,Lazio,0.0,6.0,5.895833333333333,0.0,2.0,-1.0,24.0,5.769230769230769,0.0,0.0,-6.0,26.0,6.0,0.0,0.0,0.0,0.0,6.136425688509021,1.6666666666666667,2.6666666666666665,3.8333333333333335,28.333333333333332,6.010802469135803,0.0,0.0,0.0,0.0,71.0,2.0,,,10.0,4.0,6.0,5.0
2024-25,2263,Lazzari,difensore,Lazio,Lazio,0.0,7.0,5.863636363636363,0.0,1.0,-0.5,22.0,5.895833333333333,0.0,2.0,-1.0,24.0,5.9375,0.0,0.0,0.0,0.0,5.987120132953467,1.0,1.6666666666666667,1.1666666666666667,25.666666666666668,5.948302469135803,0.0,0.0,0.0,0.0,60.0,7.0,,,5.0,6.0,12.0,5.0
2025-26,2263,Lazzari,difensore,Lazio,Lazio,0.0,8.0,5.735294117647059,0.0,0.0,-1.0,17.0,5.863636363636363,0.0,1.0,-0.5,22.0,5.886363636363637,0.0,0.0,0.0,0.0,5.842900155400155,0.0,1.0,-2.5,24.0,5.941287878787879,0.0,0.0,0.0,0.0,65.0,6.0,,,5.0,5.0,5.0,4.0
2018-19,2265,Schiattarella,centrocampista,SPAL,SPAL,0.0,1.0,5.88,0.0,4.0,-1.0,25.0,6.111111111111111,1.0,4.0,1.0,27.0,6.074074074074074,0.0,0.0,0.0,0.0,6.111111111111111,1.0,4.0,1.0,27.0,6.074074074074074,0.0,0.0,0.0,0.0,35.0,17.0,,,5.0,7.0,,4.0
2018-19,2287,Ramirez,centrocampista,Sampdoria,Sampdoria,0.0,1.0,6.384615384615385,4.0,4.0,12.0,26.0,6.222222222222222,3.0,7.0,11.5,36.0,5.902777777777778,0.0,0.0,0.0,0.0,6.222222222222222,3.0,7.0,11.5,36.0,5.902777777777778,0.0,0.0,0.0,0.0,54.0,9.0,,,14.0,11.0,,14.0
2019-20,2287,Ramirez,centrocampista,Sampdoria,Sampdoria,0.0,2.0,6.854166666666667,4.0,2.0,20.5,24.0,6.384615384615385,4.0,4.0,12.0,26.0,5.923076923076923,0.0,0.0,0.0,0.0,6.303418803418804,3.5,5.5,11.75,31.0,5.912927350427351,0.0,0.0,0.0,0.0,50.0,9.0,,,14.0,12.0,,10.0
2020-21,2287,Ramirez,centrocampista,Sampdoria,Sampdoria,0.0,3.0,5.913043478260869,0.0,3.0,0.5,23.0,6.854166666666667,4.0,2.0,20.5,24.0,6.0,0.0,0.0,0.0,0.0,6.4870014245014245,3.6666666666666665,4.333333333333333,14.666666666666666,28.666666666666668,5.941951566951567,0.0,0.0,0.0,0.0,41.0,15.0,,,10.0,17.0,,16.0
2020-21,2174,Venuti,difensore,Fiorentina,Fiorentina,0.0,2.0,5.583333333333333,0.0,1.0,-2.0,24.0,5.730769230769231,0.0,1.0,-1.0,13.0,5.8076923076923075,0.0,0.0,0.0,0.0,5.490384615384615,0.0,1.0,-2.0,21.5,5.578846153846154,0.0,0.0,0.0,0.0,46.0,10.0,,,4.0,3.0,,3.0
2021-22,2174,Venuti,difensore,Fiorentina,Fiorentina,0.0,3.0,5.595238095238095,0.0,0.0,-4.0,21.0,5.583333333333333,0.0,1.0,-2.0,24.0,5.666666666666667,0.0,0.0,0.0,0.0,5.657051282051282,0.0,1.0,-1.5,18.5,5.737179487179487,0.0,0.0,0.0,0.0,39.0,13.0,,,3.0,4.0,,3.0
2022-23,2174,Venuti,difensore,Fiorentina,Fiorentina,0.0,4.0,5.65625,0.0,0.0,-1.0,16.0,5.595238095238095,0.0,0.0,-4.0,21.0,5.785714285714286,0.0,0.0,0.0,0.0,5.636446886446886,0.0,0.6666666666666666,-2.3333333333333335,19.333333333333332,5.753357753357753,0.0,0.0,0.0,0.0,59.0,8.0,,,3.0,4.0,,3.0
2023-24,2174,Venuti,difensore,Lecce,Fiorentina,1.0,5.0,5.416666666666667,0.0,0.0,-0.5,6.0,5.65625,0.0,0.0,-1.0,16.0,5.71875,0.0,0.0,0.0,0.0,5.611607142857142,0.0,0.3333333333333333,-2.3333333333333335,20.333333333333332,5.723710317460317,0.0,0.0,0.0,0.0,53.0,8.0,36.0,16.0,3.0,3.0,2.0,4.0
2018-19,2243,Ciciretti,centrocampista,Parma,Benevento,1.0,1.0,5.6,0.0,0.0,0.0,5.0,6.541666666666667,2.0,0.0,6.0,12.0,6.041666666666667,0.0,0.0,0.0,0.0,6.541666666666667,2.0,0.0,6.0,12.0,6.041666666666667,0.0,0.0,0.0,0.0,21.0,20.0,,,10.0,10.0,,12.0
2018-19,2293,Omeonga,centrocampista,Genoa,Genoa,0.0,1.0,5.25,0.0,0.0,-0.5,2.0,5.8,0.0,0.0,-2.0,15.0,5.933333333333334,0.0,0.0,0.0,0.0,5.8,0.0,0.0,-2.0,15.0,5.933333333333334,0.0,0.0,0.0,0.0,41.0,12.0,,,2.0,3.0,,5.0
2018-19,2280,Nuytinck,difensore,Udinese,Udinese,0.0,1.0,5.7592592592592595,0.0,0.0,-3.0,27.0,6.092592592592593,1.0,1.0,3.0,27.0,5.981481481481482,0.0,0.0,0.0,0.0,6.092592592592593,1.0,1.0,3.0,27.0,5.981481481481482,0.0,0.0,0.0,0.0,37.0,14.0,,,7.0,8.0,,5.0
2019-20,2280,Nuytinck,difensore,Udinese,Udinese,0.0,2.0,6.115384615384615,0.0,0.0,-1.0,26.0,5.7592592592592595,0.0,0.0,-3.0,27.0,5.87037037037037,0.0,0.0,0.0,0.0,5.925925925925926,0.5,0.5,0.0,27.0,5.925925925925926,0.0,0.0,0.0,0.0,40.0,16.0,,,5.0,8.0,,4.0
2020-21,2280,Nuytinck,difensore,Udinese,Udinese,0.0,3.0,6.368421052631579,1.0,0.0,2.5,19.0,6.115384615384615,0.0,0.0,-1.0,26.0,6.153846153846154,0.0,0.0,0.0,0.0,5.989078822412156,0.3333333333333333,0.3333333333333333,-0.3333333333333333,26.666666666666668,6.001899335232668,0.0,0.0,0.0,0.0,42.0,14.0,,,4.0,8.0,,8.0
2021-22,2280,Nuytinck,difensore,Udinese,Udinese,0.0,4.0,6.115384615384615,1.0,1.0,3.0,26.0,6.368421052631579,1.0,0.0,2.5,19.0,6.2368421052631575,0.0,0.0,0.0,0.0,6.081021642425152,0.3333333333333333,0.0,-0.5,24.0,6.087019543159894,0.0,0.0,0.0,0.0,40.0,12.0,,,8.0,12.0,,10.0
2022-23,2280,Nuytinck,difensore,Sampdoria,Udinese,1.0,5.0,5.6875,0.0,1.0,-1.5,24.0,6.115384615384615,1.0,1.0,3.0,26.0,6.0,0.0,0.0,0.0,0.0,6.199730094466936,0.6666666666666666,0.3333333333333333,1.5,23.666666666666668,6.130229419703103,0.0,0.0,0.0,0.0,44.0,12.0,36.0,15.0,10.0,8.0,,7.0
2018-19,2302,Behrami,centrocampista,Udinese,Udinese,0.0,1.0,6.055555555555555,1.0,0.0,0.0,18.0,6.1,1.0,0.0,0.5,20.0,6.075,0.0,0.0,0.0,0.0,6.1,1.0,0.0,0.5,20.0,6.075,0.0,0.0,0.0,0.0,37.0,14.0,,,6.0,6.0,,4.0
2019-20,2302,Behrami,centrocampista,Genoa,Udinese,1.0,2.0,5.617647058823529,0.0,0.0,-2.0,17.0,6.055555555555555,1.0,0.0,0.0,18.0,6.055555555555555,0.0,0.0,0.0,0.0,6.0777777777777775,1.0,0.0,0.25,19.0,6.065277777777778,0.0,0.0,0.0,0.0,40.0,16.0,37.0,18.0,4.0,7.0,,2.0
2020-21,2302,Behrami,centrocampista,Genoa,Genoa,0.0,3.0,5.880952380952381,0.0,0.0,-1.5,21.0,5.617647058823529,0.0,0.0,-2.0,17.0,5.735294117647059,0.0,0.0,0.0,0.0,5.924400871459695,0.6666666666666666,0.0,-0.5,18.333333333333332,5.955283224400872,0.0,0.0,0.0,0.0,36.0,17.0,,,2.0,3.0,,4.0
2021-22,2302,Behrami,centrocampista,Genoa,Genoa,0.0,4.0,5.5625,0.0,0.0,-1.5,8.0,5.880952380952381,0.0,0.0,-1.5,21.0,5.9523809523809526,0.0,0.0,0.0,0.0,5.851384998443822,0.3333333333333333,0.0,-1.1666666666666667,18.666666666666668,5.914410208527855,0.0,0.0,0.0,0.0,39.0,14.0,,,4.0,5.0,,4.0
2021-22,440,Viola,centrocampista,Bologna,Benevento,1.0,2.0,5.666666666666667,0.0,0.0,0.0,3.0,7.147058823529412,1.0,1.0,15.5,17.0,6.235294117647059,0.0,0.0,0.0,0.0,7.147058823529412,1.0,1.0,15.5,17.0,6.235294117647059,0.0,0.0,0.0,0.0,32.0,18.0,41.0,11.0,9.0,20.0,,3.0
2024-25,440,Viola,centrocampista,Cagliari,Cagliari,0.0,4.0,6.3,3.0,1.0,9.0,25.0,6.7,5.0,2.0,12.5,25.0,6.2,0.0,0.0,0.0,0.0,6.183333333333334,2.5,1.0,6.25,14.0,5.933333333333334,0.0,0.0,0.0,0.0,36.0,15.0,,,2.0,15.0,12.0,6.0
2018-19,2246,Ceravolo,attaccante,Parma,Benevento,1.0,1.0,5.568181818181818,1.0,0.0,2.5,22.0,5.5,0.0,0.0,0.0,1.0,5.5,0.0,0.0,0.0,0.0,5.5,0.0,0.0,0.0,1.0,5.5,0.0,0.0,0.0,0.0,21.0,20.0,,,11.0,10.0,,10.0
2018-19,2209,Lucas Leiva,centrocampista,Lazio,Lazio,0.0,1.0,5.9423076923076925,0.0,2.0,-1.5,26.0,6.388888888888889,2.0,1.0,2.5,36.0,6.319444444444445,0.0,0.0,0.0,0.0,6.388888888888889,2.0,1.0,2.5,36.0,6.319444444444445,0.0,0.0,0.0,0.0,72.0,4.0,,,10.0,14.0,,12.0
2019-20,2209,Lucas Leiva,centrocampista,Lazio,Lazio,0.0,2.0,5.88,0.0,1.0,-4.0,25.0,5.9423076923076925,0.0,2.0,-1.5,26.0,6.0,0.0,0.0,0.0,0.0,6.165598290598291,1.0,1.5,0.5,31.0,6.159722222222222,0.0,0.0,0.0,0.0,59.0,8.0,,,12.0,10.0,,9.0
2020-21,2209,Lucas Leiva,centrocampista,Lazio,Lazio,0.0,3.0,5.671875,0.0,0.0,-5.0,32.0,5.88,0.0,1.0,-4.0,25.0,6.04,0.0,0.0,0.0,0.0,6.070398860398861,0.6666666666666666,1.3333333333333333,-1.0,29.0,6.119814814814814,0.0,0.0,0.0,0.0,78.0,4.0,,,9.0,5.0,,8.0
2021-22,2209,Lucas Leiva,centrocampista,Lazio,Lazio,0.0,4.0,5.645161290322581,0.0,0.0,-4.5,31.0,5.671875,0.0,0.0,-5.0,32.0,5.828125,0.0,0.0,0.0,0.0,5.831394230769231,0.0,1.0,-3.5,27.666666666666668,5.956041666666667,0.0,0.0,0.0,0.0,68.0,6.0,,,8.0,5.0,,8.0
2018-19,2284,Caicedo,attaccante,Lazio,Lazio,0.0,1.0,7.195652173913044,7.0,2.0,24.0,23.0,6.366666666666666,3.0,1.0,9.5,15.0,5.733333333333333,0.0,0.0,0.0,0.0,6.366666666666666,3.0,1.0,9.5,15.0,5.733333333333333,0.0,0.0,0.0,0.0,72.0,4.0,,,11.0,7.0,,6.0
2019-20,2284,Caicedo,attaccante,Lazio,Lazio,0.0,2.0,6.857142857142857,9.0,1.0,21.5,28.0,7.195652173913044,7.0,2.0,24.0,23.0,6.1521739130434785,0.0,0.0,0.0,0.0,6.781159420289855,5.0,1.5,16.75,19.0,5.9427536231884055,0.0,0.0,0.0,0.0,59.0,8.0,,,6.0,13.0,,14.0
2020-21,2284,Caicedo,attaccante,Lazio,Lazio,0.0,3.0,7.214285714285714,7.0,0.0,21.5,21.0,6.857142857142857,9.0,1.0,21.5,28.0,6.089285714285714,0.0,0.0,0.0,0.0,6.806487232574189,6.333333333333333,1.3333333333333333,18.333333333333332,22.0,5.991597653554176,0.0,0.0,0.0,0.0,78.0,4.0,,,14.0,19.0,,17.0
2021-22,2284,Caicedo,attaccante,Inter,Lazio,1.0,4.0,6.666666666666667,1.0,2.0,4.5,9.0,7.214285714285714,7.0,0.0,21.5,21.0,6.190476190476191,0.0,0.0,0.0,0.0,7.089026915113872,7.666666666666667,1.0,22.333333333333332,24.0,6.143978605935128,0.0,0.0,0.0,0.0,68.0,6.0,88.0,1.0,17.0,18.0,,14.0
2018-19,2274,Valoti,centrocampista,SPAL,Verona,1.0,1.0,6.0,2.0,0.0,3.0,21.0,5.78,3.0,0.0,4.5,25.0,5.6,0.0,0.0,0.0,0.0,5.78,3.0,0.0,4.5,25.0,5.6,0.0,0.0,0.0,0.0,25.0,19.0,35.0,17.0,6.0,6.0,,5.0
2019-20,2274,Valoti,centrocampista,SPAL,SPAL,0.0,2.0,6.2,3.0,1.0,6.5,25.0,6.0,2.0,0.0,3.0,21.0,5.857142857142857,0.0,0.0,0.0,0.0,5.890000000000001,2.5,0.0,3.75,23.0,5.728571428571428,0.0,0.0,0.0,0.0,42.0,11.0,,,5.0,7.0,,6.0
2018-19,2309,Pezzella Ger.,difensore,Fiorentina,Fiorentina,0.0,1.0,6.09375,2.0,1.0,2.0,32.0,5.9411764705882355,1.0,0.0,-3.0,34.0,6.029411764705882,0.0,0.0,0.0,0.0,5.9411764705882355,1.0,0.0,-3.0,34.0,6.029411764705882,0.0,0.0,0.0,0.0,57.0,8.0,,,9.0,9.0,,10.0
2019-20,2309,Pezzella Ger.,difensore,Fiorentina,Fiorentina,0.0,2.0,6.15625,3.0,0.0,3.0,32.0,6.09375,2.0,1.0,2.0,32.0,6.03125,0.0,0.0,0.0,0.0,6.017463235294118,1.5,0.5,-0.5,33.0,6.030330882352941,0.0,0.0,0.0,0.0,40.0,15.0,,,10.0,11.0,,10.0
2020-21,2309,Pezzella Ger.,difensore,Fiorentina,Fiorentina,0.0,3.0,5.765625,1.0,0.0,0.5,32.0,6.15625,3.0,0.0,3.0,32.0,6.0625,0.0,0.0,0.0,0.0,6.063725490196078,2.0,0.3333333333333333,0.6666666666666666,32.666666666666664,6.041053921568628,0.0,0.0,0.0,0.0,46.0,10.0,,,10.0,10.0,,10.0
2018-19,2289,Dalbert,difensore,Inter,Inter,0.0,1.0,5.7272727272727275,0.0,1.0,0.0,11.0,5.681818181818182,0.0,0.0,0.0,11.0,5.681818181818182,0.0,0.0,0.0,0.0,5.681818181818182,0.0,0.0,0.0,11.0,5.681818181818182,0.0,0.0,0.0,0.0,69.0,5.0,,,9.0,4.0,,3.0
2019-20,2289,Dalbert,difensore,Fiorentina,Inter,1.0,2.0,5.82258064516129,0.0,4.0,-1.0,31.0,5.7272727272727275,0.0,1.0,0.0,11.0,5.7272727272727275,0.0,0.0,0.0,0.0,5.704545454545455,0.0,0.5,0.0,11.0,5.704545454545455,0.0,0.0,0.0,0.0,66.0,4.0,40.0,15.0,3.0,4.0,,3.0
2018-19,2172,Barak,centrocampista,Udinese,Udinese,0.0,1.0,5.4,0.0,0.0,0.0,5.0,6.6911764705882355,7.0,4.0,22.5,34.0,6.029411764705882,0.0,0.0,0.0,0.0,6.6911764705882355,7.0,4.0,22.5,34.0,6.029411764705882,0.0,0.0,0.0,0.0,37.0,14.0,,,1.0,11.0,,15.0
2019-20,2172,Barak,centrocampista,Lecce,Udinese,1.0,2.0,6.181818181818182,2.0,1.0,6.5,22.0,5.4,0.0,0.0,0.0,5.0,5.4,0.0,0.0,0.0,0.0,6.045588235294118,3.5,2.0,11.25,19.5,5.714705882352941,0.0,0.0,0.0,0.0,40.0,16.0,,,15.0,8.0,,11.0
2020-21,2172,Barak,centrocampista,Verona,Lecce,1.0,3.0,6.6911764705882355,7.0,3.0,20.5,34.0,6.181818181818182,2.0,1.0,6.5,22.0,5.886363636363637,0.0,0.0,0.0,0.0,6.0909982174688055,3.0,1.6666666666666667,9.666666666666666,20.333333333333332,5.77192513368984,0.0,0.0,0.0,0.0,35.0,18.0,49.0,9.0,11.0,8.0,,11.0
2021-22,2172,Barak,centrocampista,Verona,Verona,0.0,4.0,7.482758620689655,7.0,3.0,34.0,29.0,6.6911764705882355,7.0,3.0,20.5,34.0,6.088235294117647,0.0,0.0,0.0,0.0,6.0909982174688055,3.0,1.3333333333333333,9.0,20.333333333333332,5.791532976827095,0.0,0.0,0.0,0.0,44.0,10.0,,,11.0,18.0,,17.0
2022-23,2172,Barak,centrocampista,Fiorentina,Verona,1.0,5.0,5.964285714285714,2.0,0.0,4.0,28.0,7.482758620689655,7.0,3.0,34.0,29.0,6.310344827586207,0.0,0.0,0.0,0.0,6.785251091032023,5.333333333333333,2.3333333333333335,20.333333333333332,28.333333333333332,6.094981252689164,0.0,0.0,0.0,0.0,52.0,9.0,59.0,8.0,17.0,26.0,,22.0
2023-24,2172,Barak,centrocampista,Fiorentina,Fiorentina,0.0,6.0,6.615384615384615,2.0,2.0,7.0,13.0,5.964285714285714,2.0,0.0,4.0,28.0,5.821428571428571,0.0,0.0,0.0,0.0,6.712740268521202,5.333333333333333,2.0,19.5,30.333333333333332,6.073336231044142,0.0,0.0,0.0,0.0,53.0,8.0,,,22.0,11.0,10.5,12.0
2024-25,2172,Barak,centrocampista,Fiorentina,Fiorentina,0.0,7.0,5.5,0.0,0.0,0.0,1.0,6.615384615384615,2.0,2.0,7.0,13.0,6.076923076923077,0.0,0.0,0.0,0.0,6.687476316786661,3.6666666666666665,1.6666666666666667,15.0,23.333333333333332,6.069565491979286,0.0,0.0,0.0,0.0,57.0,8.0,,,12.0,11.0,10.0,6.0
2018-19,1839,Edera,attaccante,Bologna,Torino,1.0,1.0,5.4,0.0,0.0,-0.5,5.0,6.785714285714286,1.0,1.0,4.0,7.0,6.214285714285714,0.0,0.0,0.0,0.0,6.785714285714286,1.0,1.0,4.0,7.0,6.214285714285714,0.0,0.0,0.0,0.0,51.0,10.0,39.0,13.0,1.0,5.0,,4.0
2019-20,1839,Edera,attaccante,Torino,Bologna,1.0,2.0,5.833333333333333,1.0,1.0,2.0,9.0,5.4,0.0,0.0,-0.5,5.0,5.5,0.0,0.0,0.0,0.0,6.092857142857143,0.5,0.5,1.75,6.0,5.857142857142858,0.0,0.0,0.0,0.0,41.0,12.0,60.0,7.0,4.0,3.0,,4.0
2020-21,1839,Edera,attaccante,Torino,Torino,0.0,3.0,6.5,0.0,0.0,0.0,1.0,5.833333333333333,1.0,1.0,2.0,9.0,5.611111111111111,0.0,0.0,0.0,0.0,6.006349206349206,0.6666666666666666,0.6666666666666666,1.8333333333333333,7.0,5.775132275132275,0.0,0.0,0.0,0.0,39.0,16.0,,,4.0,1.0,,4.0
2018-19,2197,Castagne,difensore,Atalanta,Atalanta,0.0,1.0,6.5,4.0,2.0,12.5,27.0,5.921052631578948,0.0,2.0,0.0,19.0,5.921052631578948,0.0,0.0,0.0,0.0,5.921052631578948,0.0,2.0,0.0,19.0,5.921052631578948,0.0,0.0,0.0,0.0,60.0,7.0,,,6.0,6.0,,6.0
2019-20,2197,Castagne,difensore,Atalanta,Atalanta,0.0,2.0,6.18,1.0,1.0,2.5,25.0,6.5,4.0,2.0,12.5,27.0,6.037037037037037,0.0,0.0,0.0,0.0,6.210526315789474,2.0,2.0,6.25,23.0,5.9790448343079925,0.0,0.0,0.0,0.0,66.0,3.0,,,6.0,12.0,,14.0
2021-22,2286,Crociata,centrocampista,Empoli,Crotone,1.0,2.0,6.0,0.0,0.0,0.0,1.0,5.75,0.0,0.0,0.0,2.0,5.75,0.0,0.0,0.0,0.0,5.75,0.0,0.0,0.0,2.0,5.75,0.0,0.0,0.0,0.0,22.0,19.0,,,4.0,1.0,,1.0
2018-19,2267,Antenucci,attaccante,SPAL,SPAL,0.0,1.0,6.166666666666667,4.0,0.0,12.0,30.0,7.46875,6.0,6.0,38.5,32.0,6.265625,0.0,0.0,0.0,0.0,7.46875,6.0,6.0,38.5,32.0,6.265625,0.0,0.0,0.0,0.0,35.0,17.0,,,12.0,20.0,,25.0
2018-19,2334,Leris,attaccante,Chievo,Chievo,0.0,1.0,5.5227272727272725,0.0,1.0,-1.5,22.0,5.5,0.0,0.0,0.0,2.0,5.5,0.0,0.0,0.0,0.0,5.5,0.0,0.0,0.0,2.0,5.5,0.0,0.0,0.0,0.0,37.0,15.0,,,1.0,1.0,,1.0
2019-20,2334,Leris,attaccante,Sampdoria,Chievo,1.0,2.0,6.076923076923077,1.0,0.0,3.0,13.0,5.5227272727272725,0.0,1.0,-1.5,22.0,5.590909090909091,0.0,0.0,0.0,0.0,5.511363636363637,0.0,0.5,-0.75,12.0,5.545454545454545,0.0,0.0,0.0,0.0,19.0,20.0,50.0,9.0,1.0,5.0,,5.0
2020-21,2334,Leris,centrocampista,Sampdoria,Sampdoria,0.0,3.0,5.833333333333333,0.0,0.0,-0.5,9.0,6.076923076923077,1.0,0.0,3.0,13.0,5.846153846153846,0.0,0.0,0.0,0.0,5.69988344988345,0.3333333333333333,0.3333333333333333,0.5,12.333333333333334,5.645687645687645,0.0,0.0,0.0,0.0,41.0,15.0,,,5.0,4.0,,2.0
2018-19,2201,Under,centrocampista,Roma,Roma,0.0,1.0,6.586956521739131,3.0,6.0,14.5,23.0,7.25,7.0,1.0,22.0,20.0,6.15,0.0,0.0,0.0,0.0,7.25,7.0,1.0,22.0,20.0,6.15,0.0,0.0,0.0,0.0,74.0,3.0,,,10.0,12.0,,21.0
2019-20,2201,Under,attaccante,Roma,Roma,0.0,2.0,6.7,3.0,0.0,8.5,15.0,6.586956521739131,3.0,6.0,14.5,23.0,5.956521739130435,0.0,0.0,0.0,0.0,6.918478260869565,5.0,3.5,18.25,21.5,6.053260869565218,0.0,0.0,0.0,0.0,63.0,6.0,,,21.0,20.0,,18.0
2018-19,2315,Stryger Larsen,difensore,Udinese,Udinese,0.0,1.0,5.972222222222222,1.0,4.0,4.0,36.0,5.827586206896552,1.0,1.0,1.5,29.0,5.775862068965517,0.0,0.0,0.0,0.0,5.827586206896552,1.0,1.0,1.5,29.0,5.775862068965517,0.0,0.0,0.0,0.0,37.0,14.0,,,4.0,8.0,,6.0
2019-20,2315,Stryger Larsen,difensore,Udinese,Udinese,0.0,2.0,6.166666666666667,1.0,3.0,3.5,33.0,5.972222222222222,1.0,4.0,4.0,36.0,5.861111111111111,0.0,0.0,0.0,0.0,5.8999042145593865,1.0,2.5,2.75,32.5,5.818486590038313,0.0,0.0,0.0,0.0,40.0,16.0,,,6.0,9.0,,7.0
2020-21,2315,Stryger Larsen,difensore,Udinese,Udinese,0.0,3.0,5.984375,2.0,0.0,6.0,32.0,6.166666666666667,1.0,3.0,3.5,33.0,6.0606060606060606,0.0,0.0,0.0,0.0,5.988825031928481,1.0,2.6666666666666665,3.0,32.666666666666664,5.899193080227563,0.0,0.0,0.0,0.0,42.0,14.0,,,7.0,11.0,,9.0
2021-22,2315,Stryger Larsen,difensore,Udinese,Udinese,0.0,4.0,5.55,0.0,1.0,-1.0,10.0,5.984375,2.0,0.0,6.0,32.0,5.796875,0.0,0.0,0.0,0.0,6.041087962962963,1.3333333333333333,2.3333333333333335,4.5,33.666666666666664,5.90619739057239,0.0,0.0,0.0,0.0,40.0,12.0,,,9.0,8.0,,7.0
2018-19,2167,Orsolini,attaccante,Bologna,Bologna,0.0,1.0,7.03125,8.0,4.0,27.0,32.0,5.916666666666667,0.0,0.0,0.0,12.0,5.916666666666667,0.0,0.0,0.0,0.0,5.916666666666667,0.0,0.0,0.0,12.0,5.916666666666667,0.0,0.0,0.0,0.0,39.0,13.0,,,7.0,4.0,,3.0
2019-20,2167,Orsolini,attaccante,Bologna,Bologna,0.0,2.0,6.6891891891891895,8.0,6.0,28.5,37.0,7.03125,8.0,4.0,27.0,32.0,6.1875,0.0,0.0,0.0,0.0,6.473958333333334,4.0,2.0,13.5,22.0,6.052083333333334,0.0,0.0,0.0,0.0,41.0,12.0,,,3.0,16.0,,17.0
2020-21,2167,Orsolini,attaccante,Bologna,Bologna,0.0,3.0,6.741935483870968,4.0,3.0,24.0,31.0,6.6891891891891895,8.0,6.0,28.5,37.0,5.918918918918919,0.0,0.0,0.0,0.0,6.545701951951952,5.333333333333333,3.3333333333333335,18.5,27.0,6.007695195195196,0.0,0.0,0.0,0.0,46.0,12.0,,,17.0,18.0,,16.0
2021-22,2167,Orsolini,attaccante,Bologna,Bologna,0.0,4.0,6.8076923076923075,4.0,3.0,20.0,26.0,6.741935483870968,4.0,3.0,24.0,31.0,5.967741935483871,0.0,0.0,0.0,0.0,6.820791557686719,6.666666666666667,4.333333333333333,26.5,33.333333333333336,6.024720284800931,0.0,0.0,0.0,0.0,41.0,11.0,,,16.0,18.0,,18.0
2022-23,2167,Orsolini,centrocampista,Bologna,Bologna,0.0,5.0,7.09375,8.0,2.0,30.0,32.0,6.8076923076923075,4.0,3.0,20.0,26.0,6.038461538461538,0.0,0.0,0.0,0.0,6.746272326917488,5.333333333333333,4.0,24.166666666666668,31.333333333333332,5.975040797621443,0.0,0.0,0.0,0.0,43.0,13.0,,,18.0,17.0,,15.0
2023-24,2167,Orsolini,centrocampista,Bologna,Bologna,0.0,6.0,7.064516129032258,8.0,2.0,28.0,31.0,7.09375,8.0,2.0,30.0,32.0,6.15625,0.0,0.0,0.0,0.0,6.881125930521091,5.333333333333333,2.6666666666666665,24.666666666666668,29.666666666666668,6.054151157981803,0.0,0.0,0.0,0.0,51.0,11.0,,,15.0,22.0,46.0,21.0
2024-25,2167,Orsolini,centrocampista,Bologna,Bologna,0.0,7.0,8.189655172413794,12.0,4.0,48.0,29.0,7.064516129032258,8.0,2.0,28.0,31.0,6.161290322580645,0.0,0.0,0.0,0.0,6.988652812241522,6.666666666666667,2.3333333333333335,26.0,29.666666666666668,6.11866728701406,0.0,0.0,0.0,0.0,68.0,3.0,,,21.0,23.0,100.0,21.0
2025-26,2167,Orsolini,centrocampista,Bologna,Bologna,0.0,8.0,6.764705882352941,6.0,1.0,24.0,34.0,8.189655172413794,12.0,4.0,48.0,29.0,6.5344827586206895,0.0,0.0,0.0,0.0,7.449307100482017,9.333333333333334,2.6666666666666665,35.333333333333336,30.666666666666668,6.284007693733778,0.0,0.0,0.0,0.0,62.0,8.0,,,21.0,36.0,122.5,30.0
2018-19,2195,Ounas,attaccante,Napoli,Napoli,0.0,1.0,6.75,3.0,0.0,9.0,12.0,6.0,0.0,0.0,0.0,3.0,6.0,0.0,0.0,0.0,0.0,6.0,0.0,0.0,0.0,3.0,6.0,0.0,0.0,0.0,0.0,88.0,2.0,,,12.0,3.0,,7.0
2021-22,2195,Ounas,attaccante,Napoli,Crotone,1.0,3.0,6.0,0.0,0.0,-0.5,8.0,7.15,4.0,4.0,15.5,20.0,6.375,0.0,0.0,0.0,0.0,6.95,3.5,2.0,12.25,16.0,6.1875,0.0,0.0,0.0,0.0,22.0,19.0,76.0,3.0,5.0,21.0,,7.0
2018-19,2166,Bentancur,centrocampista,Juventus,Juventus,0.0,1.0,6.0344827586206895,2.0,2.0,3.5,29.0,5.818181818181818,0.0,0.0,0.0,11.0,5.818181818181818,0.0,0.0,0.0,0.0,5.818181818181818,0.0,0.0,0.0,11.0,5.818181818181818,0.0,0.0,0.0,0.0,92.0,1.0,,,3.0,3.0,,8.0
2019-20,2166,Bentancur,centrocampista,Juventus,Juventus,0.0,2.0,6.206896551724138,0.0,7.0,2.5,29.0,6.0344827586206895,2.0,2.0,3.5,29.0,5.913793103448276,0.0,0.0,0.0,0.0,5.9263322884012535,1.0,1.0,1.75,20.0,5.865987460815047,0.0,0.0,0.0,0.0,90.0,1.0,,,8.0,9.0,,8.0
2020-21,2166,Bentancur,centrocampista,Juventus,Juventus,0.0,3.0,5.921875,0.0,3.0,-1.0,32.0,6.206896551724138,0.0,7.0,2.5,29.0,6.120689655172414,0.0,0.0,0.0,0.0,6.019853709508882,0.6666666666666666,3.0,2.0,23.0,5.950888192267503,0.0,0.0,0.0,0.0,83.0,1.0,,,8.0,11.0,,13.0
2021-22,2166,Bentancur,centrocampista,Juventus,Juventus,0.0,4.0,6.0588235294117645,0.0,1.0,0.5,17.0,5.921875,0.0,3.0,-1.0,32.0,5.953125,0.0,0.0,0.0,0.0,6.054418103448277,0.6666666666666666,4.0,1.6666666666666667,30.0,5.995869252873564,0.0,0.0,0.0,0.0,75.0,5.0,,,13.0,8.0,,9.0
2018-19,2171,Lyanco,difensore,Bologna,Torino,1.0,1.0,5.964285714285714,1.0,0.0,1.0,14.0,6.0,0.0,0.0,0.0,4.0,6.0,0.0,0.0,0.0,0.0,6.0,0.0,0.0,0.0,4.0,6.0,0.0,0.0,0.0,0.0,51.0,10.0,39.0,13.0,8.0,2.0,,6.0
2019-20,2171,Lyanco,difensore,Torino,Bologna,1.0,2.0,5.34375,0.0,0.0,-4.5,16.0,5.964285714285714,1.0,0.0,1.0,14.0,5.892857142857143,0.0,0.0,0.0,0.0,5.982142857142858,0.5,0.0,0.5,9.0,5.946428571428571,0.0,0.0,0.0,0.0,41.0,12.0,60.0,7.0,6.0,7.0,,8.0
2020-21,2171,Lyanco,difensore,Torino,Torino,0.0,3.0,5.326086956521739,0.0,0.0,-4.0,23.0,5.34375,0.0,0.0,-4.5,16.0,5.625,0.0,0.0,0.0,0.0,5.769345238095238,0.3333333333333333,0.0,-1.1666666666666667,11.333333333333334,5.839285714285714,0.0,0.0,0.0,0.0,39.0,16.0,,,8.0,1.0,,6.0
2018-19,2327,Stepinski,attaccante,Chievo,Chievo,0.0,1.0,6.1,6.0,1.0,16.5,35.0,6.722222222222222,5.0,0.0,14.5,18.0,5.916666666666667,0.0,0.0,0.0,0.0,6.722222222222222,5.0,0.0,14.5,18.0,5.916666666666667,0.0,0.0,0.0,0.0,37.0,15.0,,,4.0,9.0,,13.0
2019-20,2327,Stepinski,attaccante,Verona,Chievo,1.0,2.0,6.461538461538462,3.0,1.0,7.5,13.0,6.1,6.0,1.0,16.5,35.0,5.628571428571429,0.0,0.0,0.0,0.0,6.411111111111111,5.5,0.5,15.5,26.5,5.772619047619048,0.0,0.0,0.0,0.0,19.0,20.0,,,13.0,9.0,,11.0
2018-19,2296,Mancini,difensore,Atalanta,Atalanta,0.0,1.0,6.689655172413793,5.0,1.0,13.5,29.0,5.888888888888889,1.0,0.0,0.5,9.0,5.833333333333333,0.0,0.0,0.0,0.0,5.888888888888889,1.0,0.0,0.5,9.0,5.833333333333333,0.0,0.0,0.0,0.0,60.0,7.0,,,2.0,3.0,,8.0
2019-20,2296,Mancini,difensore,Roma,Atalanta,1.0,2.0,5.875,1.0,0.0,-5.0,32.0,6.689655172413793,5.0,1.0,13.5,29.0,6.224137931034483,0.0,0.0,0.0,0.0,6.289272030651341,3.0,0.5,7.0,19.0,6.028735632183908,0.0,0.0,0.0,0.0,66.0,3.0,63.0,6.0,8.0,13.0,,14.0
2020-21,2296,Mancini,difensore,Roma,Roma,0.0,3.0,6.409090909090909,4.0,2.0,9.0,33.0,5.875,1.0,0.0,-5.0,32.0,6.03125,0.0,0.0,0.0,0.0,6.151181353767561,2.3333333333333335,0.3333333333333333,3.0,23.333333333333332,6.029573754789272,0.0,0.0,0.0,0.0,67.0,5.0,,,14.0,8.0,,10.0
2021-22,2296,Mancini,difensore,Roma,Roma,0.0,4.0,5.636363636363637,0.0,0.0,-8.0,33.0,6.409090909090909,4.0,2.0,9.0,33.0,6.136363636363637,0.0,0.0,0.0,0.0,6.324582027168234,3.3333333333333335,1.0,5.833333333333333,31.333333333333332,6.130583855799373,0.0,0.0,0.0,0.0,61.0,7.0,,,10.0,14.0,,14.0
2022-23,2296,Mancini,difensore,Roma,Roma,0.0,5.0,6.1571428571428575,1.0,2.0,1.5,35.0,5.636363636363637,0.0,0.0,-8.0,33.0,5.878787878787879,0.0,0.0,0.0,0.0,5.973484848484849,1.6666666666666667,0.6666666666666666,-1.3333333333333333,32.666666666666664,6.015467171717172,0.0,0.0,0.0,0.0,60.0,6.0,,,14.0,7.0,,10.0
2023-24,2296,Mancini,difensore,Roma,Roma,0.0,6.0,6.2,4.0,0.0,7.5,35.0,6.1571428571428575,1.0,2.0,1.5,35.0,6.114285714285714,0.0,0.0,0.0,0.0,6.067532467532469,1.6666666666666667,1.3333333333333333,0.8333333333333334,33.666666666666664,6.043145743145743,0.0,0.0,0.0,0.0,60.0,7.0,,,10.0,11.0,14.5,11.0
2024-25,2296,Mancini,difensore,Roma,Roma,0.0,7.0,6.256756756756757,2.0,1.0,3.0,37.0,6.2,4.0,0.0,7.5,35.0,5.985714285714286,0.0,0.0,0.0,0.0,5.997835497835498,1.6666666666666667,0.6666666666666666,0.3333333333333333,34.333333333333336,5.9929292929292926,0.0,0.0,0.0,0.0,63.0,6.0,,,11.0,11.0,30.0,10.0
2025-26,2296,Mancini,difensore,Roma,Roma,0.0,8.0,6.513888888888889,4.0,2.0,9.5,36.0,6.256756756756757,2.0,1.0,3.0,37.0,6.175675675675675,0.0,0.0,0.0,0.0,6.204633204633205,2.3333333333333335,1.0,4.0,35.666666666666664,6.091891891891891,0.0,0.0,0.0,0.0,66.0,5.0,,,10.0,14.0,16.5,11.0
2018-19,2335,Luiz Felipe,difensore,Lazio,Lazio,0.0,1.0,6.0588235294117645,1.0,1.0,2.0,17.0,5.676470588235294,0.0,0.0,-3.0,17.0,5.852941176470588,0.0,0.0,0.0,0.0,5.676470588235294,0.0,0.0,-3.0,17.0,5.852941176470588,0.0,0.0,0.0,0.0,72.0,4.0,,,1.0,4.0,,8.0
2019-20,2335,Luiz Felipe,difensore,Lazio,Lazio,0.0,2.0,6.04,1.0,1.0,1.0,25.0,6.0588235294117645,1.0,1.0,2.0,17.0,5.9411764705882355,0.0,0.0,0.0,0.0,5.867647058823529,0.5,0.5,-0.5,17.0,5.897058823529411,0.0,0.0,0.0,0.0,59.0,8.0,,,8.0,7.0,,7.0
2020-21,2335,Luiz Felipe,difensore,Lazio,Lazio,0.0,3.0,5.678571428571429,0.0,0.0,-2.5,14.0,6.04,1.0,1.0,1.0,25.0,6.0,0.0,0.0,0.0,0.0,5.925098039215686,0.6666666666666666,0.6666666666666666,0.0,19.666666666666668,5.931372549019607,0.0,0.0,0.0,0.0,78.0,4.0,,,7.0,7.0,,8.0
2021-22,2335,Luiz Felipe,difensore,Lazio,Lazio,0.0,4.0,5.655172413793103,0.0,0.0,-6.0,29.0,5.678571428571429,0.0,0.0,-2.5,14.0,5.857142857142857,0.0,0.0,0.0,0.0,5.925798319327732,0.6666666666666666,0.6666666666666666,0.16666666666666666,18.666666666666668,5.932773109243698,0.0,0.0,0.0,0.0,68.0,6.0,,,8.0,2.0,,7.0
2020-21,2325,Karamoh,attaccante,Parma,Parma,0.0,2.0,6.119047619047619,2.0,1.0,6.5,21.0,6.0,1.0,1.0,4.0,11.0,5.636363636363637,0.0,0.0,0.0,0.0,6.113636363636363,1.0,0.5,3.5,11.0,5.795454545454545,0.0,0.0,0.0,0.0,46.0,11.0,,,12.0,1.0,,5.0
2023-24,2325,Karamoh,attaccante,Torino,Torino,0.0,4.0,6.1,0.0,0.0,0.0,5.0,6.833333333333333,4.0,0.0,11.0,15.0,6.1,0.0,0.0,0.0,0.0,6.476190476190476,3.0,0.5,8.75,18.0,5.954761904761904,0.0,0.0,0.0,0.0,53.0,9.0,,,4.0,15.0,8.5,10.0
2024-25,2325,Karamoh,attaccante,Torino,Torino,0.0,5.0,5.909090909090909,0.0,1.0,0.0,22.0,6.1,0.0,0.0,0.0,5.0,6.1,0.0,0.0,0.0,0.0,6.466666666666667,2.0,0.0,5.5,10.0,6.1,0.0,0.0,0.0,0.0,53.0,9.0,,,10.0,4.0,3.0,1.0
2018-19,2279,Romagna,difensore,Cagliari,Cagliari,0.0,1.0,6.0,0.0,0.0,-1.0,18.0,5.809523809523809,0.0,0.0,0.0,21.0,5.809523809523809,0.0,0.0,0.0,0.0,5.809523809523809,0.0,0.0,0.0,21.0,5.809523809523809,0.0,0.0,0.0,0.0,36.0,16.0,,,3.0,5.0,,6.0
2019-20,2279,Romagna,difensore,Sassuolo,Cagliari,1.0,2.0,5.833333333333333,0.0,0.0,-1.5,18.0,6.0,0.0,0.0,-1.0,18.0,6.055555555555555,0.0,0.0,0.0,0.0,5.904761904761905,0.0,0.0,-0.5,19.5,5.932539682539682,0.0,0.0,0.0,0.0,41.0,13.0,43.0,10.0,6.0,8.0,,5.0
2018-19,2198,Kownacki,attaccante,Sampdoria,Sampdoria,0.0,1.0,5.916666666666667,0.0,1.0,1.0,6.0,6.75,5.0,1.0,16.0,20.0,5.95,0.0,0.0,0.0,0.0,6.75,5.0,1.0,16.0,20.0,5.95,0.0,0.0,0.0,0.0,54.0,9.0,,,3.0,9.0,,11.0
2018-19,2310,Cancelo,difensore,Juventus,Inter,1.0,1.0,6.1875,1.0,2.0,2.0,24.0,6.391304347826087,1.0,3.0,4.0,23.0,6.217391304347826,0.0,0.0,0.0,0.0,6.391304347826087,1.0,3.0,4.0,23.0,6.217391304347826,0.0,0.0,0.0,0.0,69.0,5.0,92.0,1.0,10.0,12.0,,14.0
2018-19,2213,Cassata,centrocampista,Frosinone,Sassuolo,1.0,1.0,6.0,2.0,2.0,3.0,18.0,5.928571428571429,1.0,0.0,1.0,7.0,5.785714285714286,0.0,0.0,0.0,0.0,5.928571428571429,1.0,0.0,1.0,7.0,5.785714285714286,0.0,0.0,0.0,0.0,43.0,11.0,,,2.0,1.0,,2.0
2019-20,2213,Cassata,centrocampista,Genoa,Frosinone,1.0,2.0,5.659090909090909,2.0,0.0,0.0,22.0,6.0,2.0,2.0,3.0,18.0,5.833333333333333,0.0,0.0,0.0,0.0,5.964285714285714,1.5,1.0,2.0,12.5,5.809523809523809,0.0,0.0,0.0,0.0,24.0,19.0,37.0,18.0,2.0,6.0,,2.0
2020-21,2213,Cassata,centrocampista,Genoa,Genoa,0.0,3.0,5.7,0.0,0.0,-1.0,5.0,5.659090909090909,2.0,0.0,0.0,22.0,5.659090909090909,0.0,0.0,0.0,0.0,5.862554112554112,1.6666666666666667,0.6666666666666666,1.3333333333333333,15.666666666666666,5.759379509379509,0.0,0.0,0.0,0.0,36.0,17.0,,,2.0,3.0,,5.0
2018-19,2180,Karsdorp,difensore,Roma,Roma,0.0,1.0,5.722222222222222,0.0,0.0,-0.5,9.0,5.5,0.0,0.0,0.0,1.0,5.5,0.0,0.0,0.0,0.0,5.5,0.0,0.0,0.0,1.0,5.5,0.0,0.0,0.0,0.0,74.0,3.0,,,9.0,1.0,,6.0
2021-22,2180,Karsdorp,difensore,Roma,Roma,0.0,3.0,6.0,0.0,2.0,-2.5,35.0,6.294117647058823,1.0,6.0,8.0,34.0,6.0588235294117645,0.0,0.0,0.0,0.0,6.008169934640523,0.5,3.0,3.75,21.5,5.9183006535947715,0.0,0.0,0.0,0.0,61.0,7.0,,,3.0,14.0,,12.0
2022-23,2180,Karsdorp,difensore,Roma,Roma,0.0,4.0,5.708333333333333,0.0,0.0,0.0,12.0,6.0,0.0,2.0,-2.5,35.0,6.071428571428571,0.0,0.0,0.0,0.0,6.147058823529411,0.5,4.0,2.75,34.5,6.065126050420168,0.0,0.0,0.0,0.0,60.0,6.0,,,12.0,10.0,,10.0
2023-24,2180,Karsdorp,difensore,Roma,Roma,0.0,5.0,6.083333333333333,0.0,2.0,1.0,18.0,5.708333333333333,0.0,0.0,0.0,12.0,5.708333333333333,0.0,0.0,0.0,0.0,6.000816993464052,0.3333333333333333,2.6666666666666665,1.8333333333333333,27.0,5.946195144724556,0.0,0.0,0.0,0.0,60.0,7.0,,,10.0,2.0,1.5,2.0
2025-26,1842,Pierini,attaccante,Sassuolo,Venezia,1.0,2.0,5.875,0.0,0.0,-0.5,4.0,5.75,0.0,0.0,0.0,2.0,5.75,0.0,0.0,0.0,0.0,5.75,0.0,0.0,0.0,2.0,5.75,0.0,0.0,0.0,0.0,29.0,19.0,,,3.0,4.0,4.0,5.0
2018-19,2191,Ingelsson,centrocampista,Udinese,Udinese,0.0,1.0,5.166666666666667,0.0,0.0,0.0,3.0,6.3,1.0,0.0,3.0,5.0,5.7,0.0,0.0,0.0,0.0,6.3,1.0,0.0,3.0,5.0,5.7,0.0,0.0,0.0,0.0,37.0,14.0,,,2.0,3.0,,1.0
2022-23,2161,Haas,centrocampista,Empoli,Empoli,0.0,2.0,5.958333333333333,1.0,0.0,2.0,24.0,5.90625,0.0,2.0,0.5,16.0,5.875,0.0,0.0,0.0,0.0,5.90625,0.0,2.0,0.5,16.0,5.875,0.0,0.0,0.0,0.0,38.0,14.0,,,7.0,3.0,,3.0
2023-24,2161,Haas,centrocampista,Empoli,Empoli,0.0,3.0,5.0,0.0,0.0,-0.5,1.0,5.958333333333333,1.0,0.0,2.0,24.0,5.875,0.0,0.0,0.0,0.0,5.932291666666666,0.5,1.0,1.25,20.0,5.875,0.0,0.0,0.0,0.0,43.0,14.0,,,3.0,6.0,3.0,4.0
2024-25,2161,Haas,centrocampista,Empoli,Empoli,0.0,4.0,6.0,0.0,0.0,-0.5,6.0,5.0,0.0,0.0,-0.5,1.0,5.5,0.0,0.0,0.0,0.0,5.621527777777778,0.3333333333333333,0.6666666666666666,0.6666666666666666,13.666666666666666,5.75,0.0,0.0,0.0,0.0,33.0,18.0,,,4.0,3.0,2.0,2.0
2018-19,159,Sepe,portiere,Parma,Napoli,1.0,1.0,4.4324324324324325,0.0,0.0,-61.5,37.0,6.0,0.0,0.0,0.0,1.0,6.0,0.0,0.0,0.0,0.0,6.0,0.0,0.0,0.0,1.0,6.0,0.0,0.0,0.0,0.0,88.0,2.0,,,1.0,1.0,,6.0
2019-20,159,Sepe,portiere,Parma,Parma,0.0,2.0,4.955882352941177,0.0,0.0,-44.5,34.0,4.4324324324324325,0.0,0.0,-61.5,37.0,6.094594594594595,0.0,0.0,0.0,0.0,5.216216216216216,0.0,0.0,-30.75,19.0,6.047297297297297,0.0,0.0,0.0,0.0,41.0,14.0,,,6.0,7.0,,8.0
2020-21,159,Sepe,portiere,Parma,Parma,0.0,3.0,3.888888888888889,0.0,0.0,-76.0,36.0,4.955882352941177,0.0,0.0,-44.5,34.0,6.264705882352941,0.0,0.0,0.0,0.0,5.129438261791203,0.0,0.0,-35.333333333333336,24.0,6.119766825649179,0.0,0.0,0.0,0.0,46.0,11.0,,,8.0,10.0,,9.0
2021-22,159,Sepe,portiere,Salernitana,Parma,1.0,4.0,4.65625,0.0,0.0,-25.0,16.0,3.888888888888889,0.0,0.0,-76.0,36.0,6.0,0.0,0.0,0.0,0.0,4.425734558087499,0.0,0.0,-60.666666666666664,35.666666666666664,6.1197668256491795,0.0,0.0,0.0,0.0,20.0,20.0,,,9.0,3.0,,4.0
2022-23,159,Sepe,portiere,Salernitana,Salernitana,0.0,5.0,5.147058823529412,0.0,0.0,-19.5,17.0,4.65625,0.0,0.0,-25.0,16.0,6.21875,0.0,0.0,0.0,0.0,4.500340413943356,0.0,0.0,-48.5,28.666666666666668,6.161151960784314,0.0,0.0,0.0,0.0,31.0,17.0,,,4.0,8.0,,8.0
2021-22,2137,Scamacca,attaccante,Sassuolo,Genoa,1.0,2.0,7.609375,15.0,0.0,44.5,32.0,7.076923076923077,6.0,2.0,23.5,26.0,6.173076923076923,0.0,0.0,0.0,0.0,7.076923076923077,6.0,2.0,23.5,26.0,6.173076923076923,0.0,0.0,0.0,0.0,39.0,14.0,59.0,8.0,1.0,20.0,,14.0
2018-19,2317,Brignola,attaccante,Sassuolo,Benevento,1.0,1.0,6.2,1.0,0.0,2.0,5.0,6.611111111111111,3.0,2.0,8.5,18.0,6.138888888888889,0.0,0.0,0.0,0.0,6.611111111111111,3.0,2.0,8.5,18.0,6.138888888888889,0.0,0.0,0.0,0.0,21.0,20.0,43.0,11.0,1.0,8.0,,9.0
2018-19,2208,Jaroszynski,difensore,Chievo,Chievo,0.0,1.0,5.578947368421052,0.0,0.0,-1.0,19.0,5.5,0.0,0.0,-1.5,10.0,5.65,0.0,0.0,0.0,0.0,5.5,0.0,0.0,-1.5,10.0,5.65,0.0,0.0,0.0,0.0,37.0,15.0,,,3.0,3.0,,5.0
2018-19,2164,Milenkovic,difensore,Fiorentina,Fiorentina,0.0,1.0,6.0588235294117645,3.0,0.0,4.5,34.0,5.6875,0.0,0.0,-1.0,16.0,5.75,0.0,0.0,0.0,0.0,5.6875,0.0,0.0,-1.0,16.0,5.75,0.0,0.0,0.0,0.0,57.0,8.0,,,3.0,5.0,,6.0
2019-20,2164,Milenkovic,difensore,Fiorentina,Fiorentina,0.0,2.0,6.45945945945946,5.0,0.0,10.5,37.0,6.0588235294117645,3.0,0.0,4.5,34.0,5.926470588235294,0.0,0.0,0.0,0.0,5.873161764705882,1.5,0.0,1.75,25.0,5.838235294117647,0.0,0.0,0.0,0.0,40.0,15.0,,,6.0,10.0,,9.0
2020-21,2164,Milenkovic,difensore,Fiorentina,Fiorentina,0.0,3.0,5.970588235294118,3.0,0.0,4.5,34.0,6.45945945945946,5.0,0.0,10.5,37.0,6.175675675675675,0.0,0.0,0.0,0.0,6.068594329623742,2.6666666666666665,0.0,4.666666666666667,29.0,5.950715421303657,0.0,0.0,0.0,0.0,46.0,10.0,,,9.0,16.0,,14.0
2021-22,2164,Milenkovic,difensore,Fiorentina,Fiorentina,0.0,4.0,5.8088235294117645,1.0,0.0,-2.0,34.0,5.970588235294118,3.0,0.0,4.5,34.0,5.838235294117647,0.0,0.0,0.0,0.0,6.162957074721781,3.6666666666666665,0.0,6.5,35.0,5.980127186009539,0.0,0.0,0.0,0.0,39.0,13.0,,,14.0,9.0,,10.0
2022-23,2164,Milenkovic,difensore,Fiorentina,Fiorentina,0.0,5.0,6.055555555555555,2.0,1.0,3.0,27.0,5.8088235294117645,1.0,0.0,-2.0,34.0,5.867647058823529,0.0,0.0,0.0,0.0,6.079623741388448,3.0,0.0,4.333333333333333,35.0,5.960519342872284,0.0,0.0,0.0,0.0,59.0,8.0,,,10.0,7.0,,11.0
2023-24,2164,Milenkovic,difensore,Fiorentina,Fiorentina,0.0,6.0,5.6,0.0,0.0,-2.0,30.0,6.055555555555555,2.0,1.0,3.0,27.0,5.944444444444445,0.0,0.0,0.0,0.0,5.9449891067538125,2.0,0.3333333333333333,1.8333333333333333,31.666666666666668,5.883442265795207,0.0,0.0,0.0,0.0,53.0,8.0,,,11.0,9.0,8.0,10.0
2018-19,2285,Bani,difensore,Chievo,Chievo,0.0,1.0,5.433333333333334,0.0,0.0,-6.5,30.0,5.59375,0.0,0.0,-3.0,16.0,5.78125,0.0,0.0,0.0,0.0,5.59375,0.0,0.0,-3.0,16.0,5.78125,0.0,0.0,0.0,0.0,37.0,15.0,,,2.0,4.0,,6.0
2019-20,2285,Bani,difensore,Bologna,Chievo,1.0,2.0,6.185185185185185,4.0,0.0,6.0,27.0,5.433333333333334,0.0,0.0,-6.5,30.0,5.65,0.0,0.0,0.0,0.0,5.513541666666667,0.0,0.0,-4.75,23.0,5.715625,0.0,0.0,0.0,0.0,19.0,20.0,41.0,12.0,6.0,7.0,,5.0
2020-21,2285,Bani,difensore,Parma,Bologna,1.0,3.0,5.48,0.0,0.0,-5.0,25.0,6.185185185185185,4.0,0.0,6.0,27.0,5.962962962962963,0.0,0.0,0.0,0.0,5.7374228395061735,1.3333333333333333,0.0,-1.1666666666666667,24.333333333333332,5.798070987654321,0.0,0.0,0.0,0.0,46.0,12.0,46.0,11.0,5.0,9.0,,7.0
2021-22,2285,Bani,difensore,Genoa,Parma,1.0,4.0,5.970588235294118,0.0,0.0,-0.5,17.0,5.48,0.0,0.0,-5.0,25.0,5.68,0.0,0.0,0.0,0.0,5.699506172839506,1.3333333333333333,0.0,-1.8333333333333333,27.333333333333332,5.76432098765432,0.0,0.0,0.0,0.0,20.0,20.0,39.0,14.0,7.0,3.0,,4.0
2024-25,2285,Bani,difensore,Genoa,Genoa,0.0,6.0,5.85,0.0,0.0,-1.5,20.0,6.074074074074074,2.0,0.0,1.5,27.0,6.018518518518518,0.0,0.0,0.0,0.0,6.022331154684096,1.0,0.0,0.5,22.0,6.0092592592592595,0.0,0.0,0.0,0.0,46.0,11.0,,,3.0,8.0,12.0,7.0
2018-19,2646,Sandro,centrocampista,Udinese,Benevento,1.0,1.0,5.428571428571429,0.0,1.0,-4.5,21.0,6.178571428571429,1.0,0.0,1.0,14.0,6.107142857142857,0.0,0.0,0.0,0.0,6.178571428571429,1.0,0.0,1.0,14.0,6.107142857142857,0.0,0.0,0.0,0.0,21.0,20.0,37.0,14.0,6.0,9.0,,9.0
2018-19,2653,Lykogiannis,difensore,Cagliari,Cagliari,0.0,1.0,5.55,0.0,1.0,0.5,10.0,6.166666666666667,0.0,2.0,1.5,9.0,6.0,0.0,0.0,0.0,0.0,6.166666666666667,0.0,2.0,1.5,9.0,6.0,0.0,0.0,0.0,0.0,36.0,16.0,,,3.0,6.0,,5.0
2019-20,2653,Lykogiannis,difensore,Cagliari,Cagliari,0.0,2.0,5.684210526315789,0.0,1.0,-1.0,19.0,5.55,0.0,1.0,0.5,10.0,5.5,0.0,0.0,0.0,0.0,5.858333333333333,0.0,1.5,1.0,9.5,5.75,0.0,0.0,0.0,0.0,41.0,13.0,,,5.0,3.0,,4.0
2020-21,2653,Lykogiannis,difensore,Cagliari,Cagliari,0.0,3.0,6.1,4.0,2.0,9.0,30.0,5.684210526315789,0.0,1.0,-1.0,19.0,5.7368421052631575,0.0,0.0,0.0,0.0,5.800292397660819,0.0,1.3333333333333333,0.3333333333333333,12.666666666666666,5.745614035087719,0.0,0.0,0.0,0.0,45.0,13.0,,,4.0,2.0,,2.0
2021-22,2653,Lykogiannis,difensore,Cagliari,Cagliari,0.0,4.0,5.78,1.0,0.0,2.0,25.0,6.1,4.0,2.0,9.0,30.0,5.8,0.0,0.0,0.0,0.0,5.778070175438597,1.3333333333333333,1.3333333333333333,2.8333333333333335,19.666666666666668,5.678947368421053,0.0,0.0,0.0,0.0,37.0,16.0,,,2.0,9.0,,8.0
2022-23,2653,Lykogiannis,difensore,Bologna,Cagliari,1.0,5.0,6.2105263157894735,2.0,0.0,4.5,19.0,5.78,1.0,0.0,2.0,25.0,5.7,0.0,0.0,0.0,0.0,5.854736842105264,1.6666666666666667,1.0,3.3333333333333335,24.666666666666668,5.745614035087719,0.0,0.0,0.0,0.0,29.0,18.0,43.0,13.0,8.0,5.0,,4.0
2023-24,2653,Lykogiannis,difensore,Bologna,Bologna,0.0,6.0,6.361111111111111,2.0,2.0,7.0,18.0,6.2105263157894735,2.0,0.0,4.5,19.0,5.973684210526316,0.0,0.0,0.0,0.0,6.030175438596491,2.3333333333333335,0.6666666666666666,5.166666666666667,24.666666666666668,5.824561403508771,0.0,0.0,0.0,0.0,51.0,11.0,,,4.0,5.0,4.0,5.0
2024-25,2653,Lykogiannis,difensore,Bologna,Bologna,0.0,7.0,6.15625,0.0,4.0,2.5,16.0,6.361111111111111,2.0,2.0,7.0,18.0,5.972222222222222,0.0,0.0,0.0,0.0,6.117212475633528,1.6666666666666667,0.6666666666666666,4.5,20.666666666666668,5.88196881091618,0.0,0.0,0.0,0.0,68.0,3.0,,,5.0,7.0,6.0,4.0
2025-26,2653,Lykogiannis,difensore,Bologna,Bologna,0.0,8.0,5.5625,0.0,1.0,-0.5,8.0,6.15625,0.0,4.0,2.5,16.0,6.0,0.0,0.0,0.0,0.0,6.242629142300195,1.3333333333333333,2.0,4.666666666666667,17.666666666666668,5.981968810916179,0.0,0.0,0.0,0.0,62.0,8.0,,,4.0,7.0,6.5,5.0
2018-19,572,Meret,portiere,Napoli,SPAL,1.0,1.0,5.464285714285714,0.0,0.0,-10.0,14.0,5.730769230769231,0.0,0.0,-10.0,13.0,6.5,0.0,0.0,0.0,0.0,5.730769230769231,0.0,0.0,-10.0,13.0,6.5,0.0,0.0,0.0,0.0,35.0,17.0,88.0,2.0,6.0,9.0,,14.0
2019-20,572,Meret,portiere,Napoli,Napoli,0.0,2.0,4.795454545454546,0.0,0.0,-30.0,22.0,5.464285714285714,0.0,0.0,-10.0,14.0,6.178571428571429,0.0,0.0,0.0,0.0,5.597527472527473,0.0,0.0,-10.0,13.5,6.339285714285714,0.0,0.0,0.0,0.0,79.0,2.0,,,14.0,12.0,,15.0
2020-21,572,Meret,portiere,Napoli,Napoli,0.0,3.0,4.886363636363637,0.0,0.0,-29.0,22.0,4.795454545454546,0.0,0.0,-30.0,22.0,6.159090909090909,0.0,0.0,0.0,0.0,5.33016983016983,0.0,0.0,-16.666666666666668,16.333333333333332,6.279220779220779,0.0,0.0,0.0,0.0,59.0,7.0,,,15.0,6.0,,8.0
2021-22,572,Meret,portiere,Napoli,Napoli,0.0,4.0,5.0,0.0,0.0,-6.0,7.0,4.886363636363637,0.0,0.0,-29.0,22.0,6.204545454545454,0.0,0.0,0.0,0.0,5.0487012987013,0.0,0.0,-23.0,19.333333333333332,6.18073593073593,0.0,0.0,0.0,0.0,76.0,3.0,,,8.0,12.0,,14.0
2022-23,572,Meret,portiere,Napoli,Napoli,0.0,5.0,5.5588235294117645,0.0,0.0,-21.0,34.0,5.0,0.0,0.0,-6.0,7.0,5.857142857142857,0.0,0.0,0.0,0.0,4.8939393939393945,0.0,0.0,-21.666666666666668,17.0,6.073593073593074,0.0,0.0,0.0,0.0,76.0,3.0,,,14.0,7.0,,14.0
2023-24,572,Meret,portiere,Napoli,Napoli,0.0,6.0,4.967741935483871,0.0,0.0,-34.0,31.0,5.5588235294117645,0.0,0.0,-21.0,34.0,6.176470588235294,0.0,0.0,0.0,0.0,5.148395721925134,0.0,0.0,-18.666666666666668,21.0,6.0793862999745345,0.0,0.0,0.0,0.0,87.0,1.0,,,14.0,17.0,35.5,17.0
2024-25,572,Meret,portiere,Napoli,Napoli,0.0,7.0,5.705882352941177,0.0,0.0,-21.0,34.0,4.967741935483871,0.0,0.0,-34.0,31.0,6.064516129032258,0.0,0.0,0.0,0.0,5.175521821631879,0.0,0.0,-20.333333333333332,24.0,6.032709858136804,0.0,0.0,0.0,0.0,52.0,10.0,,,17.0,13.0,27.5,15.0
2025-26,572,Meret,portiere,Napoli,Napoli,0.0,8.0,5.181818181818182,0.0,1.0,-11.5,11.0,5.705882352941177,0.0,0.0,-21.0,34.0,6.323529411764706,0.0,0.0,0.0,0.0,5.410815939278938,0.0,0.0,-25.333333333333332,33.0,6.188172043010752,0.0,0.0,0.0,0.0,79.0,1.0,,,15.0,19.0,59.0,16.0
2018-19,2658,Medeiros,centrocampista,Genoa,Genoa,0.0,1.0,5.25,0.0,0.0,0.0,2.0,6.75,2.0,1.0,6.5,10.0,6.1,0.0,0.0,0.0,0.0,6.75,2.0,1.0,6.5,10.0,6.1,0.0,0.0,0.0,0.0,41.0,12.0,,,9.0,8.0,,11.0
2018-19,2594,Lemos,difensore,Sassuolo,Sassuolo,0.0,1.0,5.5,0.0,0.0,0.0,3.0,6.0,1.0,0.0,2.0,8.0,5.75,0.0,0.0,0.0,0.0,6.0,1.0,0.0,2.0,8.0,5.75,0.0,0.0,0.0,0.0,43.0,11.0,,,6.0,7.0,,7.0
2018-19,2318,Rogerio,difensore,Sassuolo,Sassuolo,0.0,1.0,5.59375,1.0,1.0,-1.5,32.0,5.5,0.0,0.0,-2.0,11.0,5.681818181818182,0.0,0.0,0.0,0.0,5.5,0.0,0.0,-2.0,11.0,5.681818181818182,0.0,0.0,0.0,0.0,43.0,11.0,,,3.0,4.0,,4.0
2019-20,2318,Rogerio,difensore,Sassuolo,Sassuolo,0.0,2.0,6.066666666666666,1.0,1.0,1.0,15.0,5.59375,1.0,1.0,-1.5,32.0,5.640625,0.0,0.0,0.0,0.0,5.546875,0.5,0.5,-1.75,21.5,5.661221590909091,0.0,0.0,0.0,0.0,43.0,10.0,,,4.0,6.0,,7.0
2020-21,2318,Rogerio,difensore,Sassuolo,Sassuolo,0.0,3.0,5.8076923076923075,0.0,0.0,-2.0,26.0,6.066666666666666,1.0,1.0,1.0,15.0,6.0,0.0,0.0,0.0,0.0,5.720138888888889,0.6666666666666666,0.6666666666666666,-0.8333333333333334,19.333333333333332,5.774147727272727,0.0,0.0,0.0,0.0,51.0,8.0,,,7.0,5.0,,6.0
2021-22,2318,Rogerio,difensore,Sassuolo,Sassuolo,0.0,4.0,5.7727272727272725,0.0,1.0,-1.0,22.0,5.8076923076923075,0.0,0.0,-2.0,26.0,5.884615384615385,0.0,0.0,0.0,0.0,5.822702991452991,0.6666666666666666,0.6666666666666666,-0.8333333333333334,24.333333333333332,5.841746794871796,0.0,0.0,0.0,0.0,59.0,8.0,,,6.0,5.0,,6.0
2022-23,2318,Rogerio,difensore,Sassuolo,Sassuolo,0.0,5.0,5.757142857142857,0.0,3.0,-0.5,35.0,5.7727272727272725,0.0,1.0,-1.0,22.0,5.818181818181818,0.0,0.0,0.0,0.0,5.882362082362082,0.3333333333333333,0.6666666666666666,-0.6666666666666666,21.0,5.900932400932401,0.0,0.0,0.0,0.0,50.0,11.0,,,6.0,4.0,,5.0
2018-19,2129,Simic L,difensore,SPAL,SPAL,0.0,1.0,5.375,0.0,0.0,0.0,4.0,6.875,1.0,0.0,2.5,4.0,6.25,0.0,0.0,0.0,0.0,6.875,1.0,0.0,2.5,4.0,6.25,0.0,0.0,0.0,0.0,35.0,17.0,,,2.0,3.0,,2.0
2018-19,2652,Everton Luiz,centrocampista,SPAL,SPAL,0.0,1.0,5.388888888888889,0.0,0.0,-2.0,9.0,5.611111111111111,0.0,0.0,-2.0,9.0,5.833333333333333,0.0,0.0,0.0,0.0,5.611111111111111,0.0,0.0,-2.0,9.0,5.833333333333333,0.0,0.0,0.0,0.0,35.0,17.0,,,4.0,4.0,,6.0
2018-19,2659,Dabo,centrocampista,Fiorentina,Fiorentina,0.0,1.0,5.911764705882353,1.0,1.0,2.0,17.0,6.05,1.0,0.0,1.5,10.0,5.9,0.0,0.0,0.0,0.0,6.05,1.0,0.0,1.5,10.0,5.9,0.0,0.0,0.0,0.0,57.0,8.0,,,5.0,6.0,,7.0
2019-20,2659,Dabo,centrocampista,SPAL,Fiorentina,1.0,2.0,5.875,1.0,3.0,4.0,16.0,5.911764705882353,1.0,1.0,2.0,17.0,5.794117647058823,0.0,0.0,0.0,0.0,5.980882352941176,1.0,0.5,1.75,13.5,5.847058823529412,0.0,0.0,0.0,0.0,40.0,15.0,42.0,11.0,7.0,6.0,,3.0
2020-21,2659,Dabo,centrocampista,Benevento,SPAL,1.0,3.0,5.735294117647059,0.0,0.0,-2.0,17.0,5.875,1.0,3.0,4.0,16.0,5.625,0.0,0.0,0.0,0.0,5.945588235294117,1.0,1.3333333333333333,2.5,14.333333333333334,5.773039215686275,0.0,0.0,0.0,0.0,20.0,20.0,,,3.0,4.0,,2.0
2018-19,2038,Pinamonti,attaccante,Frosinone,Inter,1.0,1.0,6.48,5.0,3.0,17.0,25.0,6.0,0.0,0.0,0.0,1.0,6.0,0.0,0.0,0.0,0.0,6.0,0.0,0.0,0.0,1.0,6.0,0.0,0.0,0.0,0.0,69.0,5.0,,,3.0,1.0,,7.0
2019-20,2038,Pinamonti,attaccante,Genoa,Frosinone,1.0,2.0,6.116666666666666,4.0,1.0,12.5,30.0,6.48,5.0,3.0,17.0,25.0,5.8,0.0,0.0,0.0,0.0,6.24,2.5,1.5,8.5,13.0,5.9,0.0,0.0,0.0,0.0,24.0,19.0,37.0,18.0,7.0,10.0,,20.0
2020-21,2038,Pinamonti,attaccante,Inter,Genoa,1.0,3.0,7.0,1.0,0.0,3.0,4.0,6.116666666666666,4.0,1.0,12.5,30.0,5.7,0.0,0.0,0.0,0.0,6.198888888888889,3.0,1.3333333333333333,9.833333333333334,18.666666666666668,5.833333333333333,0.0,0.0,0.0,0.0,36.0,17.0,79.0,2.0,20.0,9.0,,11.0
2021-22,2038,Pinamonti,attaccante,Empoli,Inter,1.0,4.0,7.208333333333333,9.0,1.0,38.0,36.0,7.0,1.0,0.0,3.0,4.0,6.25,0.0,0.0,0.0,0.0,6.532222222222223,3.3333333333333335,1.3333333333333333,10.833333333333334,19.666666666666668,5.916666666666667,0.0,0.0,0.0,0.0,88.0,1.0,,,11.0,6.0,,7.0
2022-23,2038,Pinamonti,attaccante,Sassuolo,Empoli,1.0,5.0,6.0625,4.0,0.0,12.5,32.0,7.208333333333333,9.0,1.0,38.0,36.0,6.152777777777778,0.0,0.0,0.0,0.0,6.7749999999999995,4.666666666666667,0.6666666666666666,17.833333333333332,23.333333333333332,6.034259259259259,0.0,0.0,0.0,0.0,38.0,14.0,50.0,11.0,7.0,24.0,,23.0
2023-24,2038,Pinamonti,attaccante,Sassuolo,Sassuolo,0.0,6.0,6.702702702702703,9.0,1.0,29.0,37.0,6.0625,4.0,0.0,12.5,32.0,5.671875,0.0,0.0,0.0,0.0,6.756944444444444,4.666666666666667,0.3333333333333333,17.833333333333332,24.0,6.0248842592592595,0.0,0.0,0.0,0.0,45.0,13.0,,,23.0,9.0,12.5,13.0
2024-25,2038,Pinamonti,attaccante,Genoa,Sassuolo,1.0,7.0,6.680555555555555,10.0,1.0,26.0,36.0,6.702702702702703,9.0,1.0,29.0,37.0,5.918918918918919,0.0,0.0,0.0,0.0,6.657845345345344,7.333333333333333,0.6666666666666666,26.5,35.0,5.914523898898899,0.0,0.0,0.0,0.0,29.0,19.0,46.0,11.0,13.0,19.0,55.0,18.0
2025-26,2038,Pinamonti,attaccante,Sassuolo,Genoa,1.0,8.0,6.617647058823529,9.0,3.0,25.0,34.0,6.680555555555555,10.0,1.0,26.0,36.0,5.958333333333333,0.0,0.0,0.0,0.0,6.48191941941942,7.666666666666667,0.6666666666666666,22.5,35.0,5.8497090840840835,0.0,0.0,0.0,0.0,40.0,13.0,,,18.0,19.0,42.5,16.0
2018-19,2192,Bonifazi,difensore,SPAL,Torino,1.0,1.0,6.12962962962963,2.0,0.0,5.0,27.0,6.0,0.0,0.0,0.0,6.0,6.0,0.0,0.0,0.0,0.0,6.0,0.0,0.0,0.0,6.0,6.0,0.0,0.0,0.0,0.0,51.0,10.0,35.0,17.0,4.0,3.0,,3.0
2019-20,2192,Bonifazi,difensore,SPAL,SPAL,0.0,2.0,5.852941176470588,2.0,0.0,5.0,17.0,6.12962962962963,2.0,0.0,5.0,27.0,5.944444444444445,0.0,0.0,0.0,0.0,6.064814814814815,1.0,0.0,2.5,16.5,5.972222222222222,0.0,0.0,0.0,0.0,42.0,11.0,,,3.0,8.0,,8.0
2020-21,2192,Bonifazi,difensore,Udinese,SPAL,1.0,3.0,5.803571428571429,0.0,0.0,-2.0,28.0,5.852941176470588,2.0,0.0,5.0,17.0,5.5588235294117645,0.0,0.0,0.0,0.0,5.9941902687000725,1.3333333333333333,0.0,3.3333333333333335,16.666666666666668,5.834422657952071,0.0,0.0,0.0,0.0,20.0,20.0,42.0,14.0,8.0,4.0,,6.0
2021-22,2192,Bonifazi,difensore,Bologna,Udinese,1.0,4.0,5.411764705882353,0.0,0.0,-4.0,17.0,5.803571428571429,0.0,0.0,-2.0,28.0,5.875,0.0,0.0,0.0,0.0,5.928714078223883,1.3333333333333333,0.0,2.6666666666666665,24.0,5.792755991285404,0.0,0.0,0.0,0.0,40.0,12.0,41.0,11.0,6.0,7.0,,7.0
2022-23,2192,Bonifazi,difensore,Bologna,Bologna,0.0,5.0,5.653846153846154,0.0,0.0,-1.0,13.0,5.411764705882353,0.0,0.0,-4.0,17.0,5.647058823529412,0.0,0.0,0.0,0.0,5.689425770308123,0.6666666666666666,0.0,-0.3333333333333333,20.666666666666668,5.693627450980393,0.0,0.0,0.0,0.0,43.0,13.0,,,7.0,3.0,,4.0
2023-24,2192,Bonifazi,difensore,Frosinone,Bologna,1.0,6.0,5.75,0.0,0.0,0.0,6.0,5.653846153846154,0.0,0.0,-1.0,13.0,5.730769230769231,0.0,0.0,0.0,0.0,5.623060762766646,0.0,0.0,-2.3333333333333335,19.333333333333332,5.750942684766215,0.0,0.0,0.0,0.0,51.0,11.0,,,4.0,4.0,2.0,3.0
2024-25,2192,Bonifazi,difensore,Lecce,Frosinone,1.0,7.0,5.25,0.0,0.0,0.0,2.0,5.75,0.0,0.0,0.0,6.0,5.75,0.0,0.0,0.0,0.0,5.605203619909503,0.0,0.0,-1.6666666666666667,12.0,5.709276018099548,0.0,0.0,0.0,0.0,35.0,16.0,37.0,14.0,3.0,3.0,6.0,2.0
2020-21,2211,Silvestri,portiere,Verona,Verona,0.0,2.0,4.897058823529412,0.0,0.0,-44.5,34.0,4.942857142857143,0.0,0.0,-44.0,35.0,6.2,0.0,0.0,0.0,0.0,3.9714285714285715,0.0,0.0,-25.5,18.5,6.35,0.0,0.0,0.0,0.0,49.0,9.0,,,6.0,10.0,,11.0
2021-22,2211,Silvestri,portiere,Udinese,Verona,1.0,3.0,4.728571428571429,0.0,0.0,-50.5,35.0,4.897058823529412,0.0,0.0,-44.5,34.0,6.205882352941177,0.0,0.0,0.0,0.0,4.919957983193278,0.0,0.0,-44.25,34.5,6.202941176470588,0.0,0.0,0.0,0.0,44.0,10.0,40.0,12.0,11.0,10.0,,10.0
2022-23,2211,Silvestri,portiere,Udinese,Udinese,0.0,4.0,4.973684210526316,0.0,0.0,-48.0,38.0,4.728571428571429,0.0,0.0,-50.5,35.0,6.171428571428572,0.0,0.0,0.0,0.0,4.856162464985995,0.0,0.0,-46.333333333333336,34.666666666666664,6.192436974789916,0.0,0.0,0.0,0.0,44.0,12.0,,,10.0,10.0,,10.0
2023-24,2211,Silvestri,portiere,Udinese,Udinese,0.0,5.0,4.176470588235294,0.0,0.0,-28.0,17.0,4.973684210526316,0.0,0.0,-48.0,38.0,6.2368421052631575,0.0,0.0,0.0,0.0,4.866438154209052,0.0,0.0,-47.666666666666664,35.666666666666664,6.204717676544302,0.0,0.0,0.0,0.0,46.0,12.0,,,10.0,13.0,14.5,9.0
2024-25,2211,Silvestri,portiere,Empoli,Udinese,1.0,6.0,3.5,0.0,0.0,-11.0,5.0,4.176470588235294,0.0,0.0,-28.0,17.0,5.823529411764706,0.0,0.0,0.0,0.0,4.62624207577768,0.0,0.0,-42.166666666666664,30.0,6.077266696152145,0.0,0.0,0.0,0.0,34.0,17.0,33.0,18.0,9.0,2.0,0.5,1.0
2025-26,2211,Silvestri,portiere,Cremonese,Empoli,1.0,7.0,4.625,0.0,0.0,-7.0,4.0,3.5,0.0,0.0,-11.0,5.0,5.7,0.0,0.0,0.0,0.0,4.21671826625387,0.0,0.0,-29.0,20.0,5.920123839009288,0.0,0.0,0.0,0.0,31.0,17.0,,,1.0,1.0,0.5,1.0
2018-19,2719,Barrow,attaccante,Atalanta,Atalanta,0.0,1.0,6.0,1.0,0.0,3.0,17.0,7.555555555555555,3.0,1.0,10.0,9.0,6.444444444444445,0.0,0.0,0.0,0.0,7.555555555555555,3.0,1.0,10.0,9.0,6.444444444444445,0.0,0.0,0.0,0.0,60.0,7.0,,,1.0,9.0,,11.0
2019-20,2719,Barrow,attaccante,Bologna,Atalanta,1.0,2.0,7.28,8.0,5.0,28.5,25.0,6.0,1.0,0.0,3.0,17.0,5.823529411764706,0.0,0.0,0.0,0.0,6.777777777777778,2.0,0.5,6.5,13.0,6.133986928104575,0.0,0.0,0.0,0.0,66.0,3.0,41.0,12.0,11.0,9.0,,9.0
2020-21,2719,Barrow,attaccante,Bologna,Bologna,0.0,3.0,6.7631578947368425,8.0,8.0,29.0,38.0,7.28,8.0,5.0,28.5,25.0,6.14,0.0,0.0,0.0,0.0,6.945185185185186,4.0,2.0,13.833333333333334,17.0,6.13599128540305,0.0,0.0,0.0,0.0,46.0,12.0,,,9.0,22.0,,23.0
2021-22,2719,Barrow,attaccante,Bologna,Bologna,0.0,4.0,6.787878787878788,6.0,6.0,24.0,33.0,6.7631578947368425,8.0,8.0,29.0,38.0,6.0,0.0,0.0,0.0,0.0,6.681052631578948,5.666666666666667,4.333333333333333,20.166666666666668,26.666666666666668,5.987843137254902,0.0,0.0,0.0,0.0,41.0,11.0,,,23.0,19.0,,18.0
2022-23,2719,Barrow,attaccante,Bologna,Bologna,0.0,5.0,6.362068965517241,3.0,5.0,12.5,29.0,6.787878787878788,6.0,6.0,24.0,33.0,6.0606060606060606,0.0,0.0,0.0,0.0,6.943678894205211,7.333333333333333,6.333333333333333,27.166666666666668,32.0,6.066868686868687,0.0,0.0,0.0,0.0,43.0,13.0,,,18.0,21.0,,17.0
2018-19,2320,Andersen,difensore,Sampdoria,Sampdoria,0.0,1.0,5.90625,0.0,0.0,-3.5,32.0,5.75,0.0,0.0,0.0,6.0,5.75,0.0,0.0,0.0,0.0,5.75,0.0,0.0,0.0,6.0,5.75,0.0,0.0,0.0,0.0,54.0,9.0,,,3.0,4.0,,6.0
2020-21,2304,Salcedo E.,attaccante,Verona,Verona,0.0,2.0,6.21875,2.0,1.0,5.5,16.0,6.233333333333333,1.0,0.0,3.0,15.0,6.033333333333333,0.0,0.0,0.0,0.0,6.116666666666667,0.5,0.0,1.5,8.0,6.016666666666667,0.0,0.0,0.0,0.0,49.0,9.0,,,1.0,6.0,,7.0
2021-22,2304,Salcedo E.,attaccante,Spezia,Verona,1.0,3.0,5.8125,0.0,0.0,-0.5,8.0,6.21875,2.0,1.0,5.5,16.0,5.875,0.0,0.0,0.0,0.0,6.226041666666667,1.5,0.5,4.25,15.5,5.954166666666667,0.0,0.0,0.0,0.0,44.0,10.0,38.0,15.0,7.0,8.0,,4.0
2018-19,1930,Pinsoglio,portiere,Juventus,Juventus,0.0,1.0,3.5,0.0,0.0,-2.0,1.0,5.0,0.0,0.0,-1.0,1.0,6.0,0.0,0.0,0.0,0.0,5.0,0.0,0.0,-1.0,1.0,6.0,0.0,0.0,0.0,0.0,92.0,1.0,,,1.0,2.0,,1.0
2019-20,1930,Pinsoglio,portiere,Juventus,Juventus,0.0,2.0,6.0,0.0,0.0,0.0,1.0,3.5,0.0,0.0,-2.0,1.0,5.5,0.0,0.0,0.0,0.0,4.25,0.0,0.0,-1.5,1.0,5.75,0.0,0.0,0.0,0.0,90.0,1.0,,,1.0,1.0,,1.0
2020-21,1930,Pinsoglio,portiere,Juventus,Juventus,0.0,3.0,5.0,0.0,0.0,-1.0,1.0,6.0,0.0,0.0,0.0,1.0,6.0,0.0,0.0,0.0,0.0,4.833333333333333,0.0,0.0,-1.0,1.0,5.833333333333333,0.0,0.0,0.0,0.0,83.0,1.0,,,1.0,2.0,,1.0
2021-22,1930,Pinsoglio,portiere,Juventus,Juventus,0.0,4.0,5.5,0.0,0.0,-1.0,1.0,5.0,0.0,0.0,-1.0,1.0,6.0,0.0,0.0,0.0,0.0,4.833333333333333,0.0,0.0,-1.0,1.0,5.833333333333333,0.0,0.0,0.0,0.0,75.0,5.0,,,1.0,2.0,,1.0
2018-19,2170,Milinkovic-Savic V.,portiere,SPAL,Torino,1.0,1.0,3.25,0.0,0.0,-5.0,2.0,5.0,0.0,0.0,-1.0,1.0,6.0,0.0,0.0,0.0,0.0,5.0,0.0,0.0,-1.0,1.0,6.0,0.0,0.0,0.0,0.0,51.0,10.0,35.0,17.0,1.0,2.0,,8.0
2021-22,2170,Milinkovic-Savic V.,portiere,Torino,Torino,0.0,3.0,4.851851851851852,0.0,0.0,-31.5,27.0,4.6,0.0,0.0,-6.0,5.0,5.8,0.0,0.0,0.0,0.0,3.925,0.0,0.0,-5.5,3.5,5.775,0.0,0.0,0.0,0.0,36.0,17.0,,,1.0,2.0,,9.0
2022-23,2170,Milinkovic-Savic V.,portiere,Torino,Torino,0.0,4.0,4.894736842105263,0.0,0.0,-43.0,38.0,4.851851851851852,0.0,0.0,-31.5,27.0,6.018518518518518,0.0,0.0,0.0,0.0,4.725925925925926,0.0,0.0,-18.75,16.0,5.909259259259259,0.0,0.0,0.0,0.0,50.0,10.0,,,9.0,10.0,,1.0
2023-24,2170,Milinkovic-Savic V.,portiere,Torino,Torino,0.0,5.0,5.236111111111111,0.0,0.0,-32.0,36.0,4.894736842105263,0.0,0.0,-43.0,38.0,6.026315789473684,0.0,0.0,0.0,0.0,4.7821962313190385,0.0,0.0,-26.833333333333332,23.333333333333332,5.948278102664067,0.0,0.0,0.0,0.0,53.0,9.0,,,1.0,12.0,16.0,10.0
2024-25,2170,Milinkovic-Savic V.,portiere,Torino,Torino,0.0,6.0,5.445945945945946,0.0,0.0,-31.5,37.0,5.236111111111111,0.0,0.0,-32.0,36.0,6.125,0.0,0.0,0.0,0.0,4.9942332683560755,0.0,0.0,-35.5,33.666666666666664,6.056611435997401,0.0,0.0,0.0,0.0,53.0,9.0,,,10.0,14.0,32.5,10.0
2025-26,2170,Milinkovic-Savic V.,portiere,Napoli,Torino,1.0,7.0,5.648148148148148,0.0,0.0,-15.0,27.0,5.445945945945946,0.0,0.0,-31.5,37.0,6.297297297297297,0.0,0.0,0.0,0.0,5.192264633054106,0.0,0.0,-35.5,37.0,6.149537695590328,0.0,0.0,0.0,0.0,44.0,11.0,79.0,1.0,10.0,16.0,33.0,4.0
2019-20,2746,Dijks,difensore,Bologna,Bologna,0.0,1.0,5.538461538461538,0.0,0.0,-2.5,13.0,5.979166666666667,1.0,0.0,-0.5,24.0,6.0,0.0,0.0,0.0,0.0,5.979166666666667,1.0,0.0,-0.5,24.0,6.0,0.0,0.0,0.0,0.0,41.0,12.0,,,5.0,9.0,,8.0
2020-21,2746,Dijks,difensore,Bologna,Bologna,0.0,2.0,5.525,0.0,0.0,-3.5,20.0,5.538461538461538,0.0,0.0,-2.5,13.0,5.730769230769231,0.0,0.0,0.0,0.0,5.758814102564102,0.5,0.0,-1.5,18.5,5.865384615384615,0.0,0.0,0.0,0.0,46.0,12.0,,,8.0,2.0,,7.0
2021-22,2746,Dijks,difensore,Bologna,Bologna,0.0,3.0,6.045454545454546,0.0,2.0,1.0,11.0,5.525,0.0,0.0,-3.5,20.0,5.7,0.0,0.0,0.0,0.0,5.680876068376069,0.3333333333333333,0.0,-2.1666666666666665,19.0,5.81025641025641,0.0,0.0,0.0,0.0,41.0,11.0,,,7.0,3.0,,6.0
2019-20,2743,Santander,attaccante,Bologna,Bologna,0.0,1.0,5.605263157894737,0.0,0.0,0.0,19.0,6.896551724137931,8.0,3.0,25.0,29.0,6.0344827586206895,0.0,0.0,0.0,0.0,6.896551724137931,8.0,3.0,25.0,29.0,6.0344827586206895,0.0,0.0,0.0,0.0,41.0,12.0,,,10.0,15.0,,12.0
2020-21,2743,Santander,attaccante,Bologna,Bologna,0.0,2.0,6.25,0.0,1.0,1.0,2.0,5.605263157894737,0.0,0.0,0.0,19.0,5.605263157894737,0.0,0.0,0.0,0.0,6.250907441016334,4.0,1.5,12.5,24.0,5.819872958257713,0.0,0.0,0.0,0.0,46.0,12.0,,,12.0,2.0,,8.0
2021-22,2743,Santander,attaccante,Bologna,Bologna,0.0,3.0,7.75,1.0,0.0,2.5,2.0,6.25,0.0,1.0,1.0,2.0,5.75,0.0,0.0,0.0,0.0,6.250604960677556,2.6666666666666665,1.3333333333333333,8.666666666666666,16.666666666666668,5.796581972171809,0.0,0.0,0.0,0.0,41.0,11.0,,,8.0,1.0,,4.0
2019-20,2610,Ronaldo,attaccante,Juventus,Juventus,0.0,1.0,9.333333333333334,19.0,3.0,91.5,33.0,8.596774193548388,16.0,7.0,65.5,31.0,6.483870967741935,0.0,0.0,0.0,0.0,8.596774193548388,16.0,7.0,65.5,31.0,6.483870967741935,0.0,0.0,0.0,0.0,90.0,1.0,,,49.0,41.0,,46.0
2020-21,2610,Ronaldo,attaccante,Juventus,Juventus,0.0,2.0,8.787878787878787,23.0,2.0,81.5,33.0,9.333333333333334,19.0,3.0,91.5,33.0,6.5606060606060606,0.0,0.0,0.0,0.0,8.96505376344086,17.5,5.0,78.5,32.0,6.522238514173997,0.0,0.0,0.0,0.0,83.0,1.0,,,46.0,48.0,,48.0
2021-22,2610,Ronaldo,attaccante,Juventus,Juventus,0.0,3.0,5.5,0.0,0.0,-0.5,1.0,8.787878787878787,23.0,2.0,81.5,33.0,6.318181818181818,0.0,0.0,0.0,0.0,8.905995438253504,19.333333333333332,4.0,79.5,32.333333333333336,6.454219615509938,0.0,0.0,0.0,0.0,75.0,5.0,,,48.0,42.0,,44.0
2019-20,2815,Terracciano,portiere,Fiorentina,Fiorentina,0.0,1.0,5.642857142857143,0.0,0.0,-5.0,7.0,5.05,0.0,0.0,-13.0,10.0,6.35,0.0,0.0,0.0,0.0,5.05,0.0,0.0,-13.0,10.0,6.35,0.0,0.0,0.0,0.0,40.0,15.0,,,1.0,5.0,,1.0
2020-21,2815,Terracciano,portiere,Fiorentina,Fiorentina,0.0,2.0,6.0,0.0,0.0,-1.0,4.0,5.642857142857143,0.0,0.0,-5.0,7.0,6.357142857142857,0.0,0.0,0.0,0.0,5.3464285714285715,0.0,0.0,-9.0,8.5,6.353571428571428,0.0,0.0,0.0,0.0,46.0,10.0,,,1.0,6.0,,1.0
2021-22,2815,Terracciano,portiere,Fiorentina,Fiorentina,0.0,3.0,4.71875,0.0,0.0,-40.0,32.0,6.0,0.0,0.0,-1.0,4.0,6.25,0.0,0.0,0.0,0.0,5.564285714285714,0.0,0.0,-6.333333333333333,7.0,6.319047619047619,0.0,0.0,0.0,0.0,39.0,13.0,,,1.0,8.0,,1.0
2022-23,2815,Terracciano,portiere,Fiorentina,Fiorentina,0.0,4.0,4.775862068965517,0.0,0.0,-35.5,29.0,4.71875,0.0,0.0,-40.0,32.0,5.96875,0.0,0.0,0.0,0.0,5.4538690476190474,0.0,0.0,-15.333333333333334,14.333333333333334,6.191964285714286,0.0,0.0,0.0,0.0,59.0,8.0,,,1.0,10.0,,1.0
2023-24,2815,Terracciano,portiere,Fiorentina,Fiorentina,0.0,5.0,5.257575757575758,0.0,0.0,-33.5,33.0,4.775862068965517,0.0,0.0,-35.5,29.0,6.0,0.0,0.0,0.0,0.0,5.164870689655172,0.0,0.0,-25.5,21.666666666666668,6.072916666666667,0.0,0.0,0.0,0.0,53.0,8.0,,,1.0,10.0,19.0,10.0
2024-25,2815,Terracciano,portiere,Fiorentina,Fiorentina,0.0,6.0,5.166666666666667,0.0,0.0,-3.0,3.0,5.257575757575758,0.0,0.0,-33.5,33.0,6.2727272727272725,0.0,0.0,0.0,0.0,4.917395942180424,0.0,0.0,-36.333333333333336,31.333333333333332,6.080492424242425,0.0,0.0,0.0,0.0,57.0,8.0,,,10.0,15.0,32.5,11.0
2025-26,2815,Terracciano,portiere,Milan,Fiorentina,1.0,7.0,6.0,0.0,0.0,0.0,2.0,5.166666666666667,0.0,0.0,-3.0,3.0,6.166666666666667,0.0,0.0,0.0,0.0,5.0667014977359806,0.0,0.0,-24.0,21.666666666666668,6.146464646464646,0.0,0.0,0.0,0.0,62.0,7.0,60.0,9.0,11.0,2.0,0.5,1.0
2019-20,2816,Di Lorenzo,difensore,Napoli,Empoli,1.0,1.0,6.166666666666667,3.0,3.0,9.5,33.0,6.405405405405405,5.0,3.0,14.0,37.0,6.027027027027027,0.0,0.0,0.0,0.0,6.405405405405405,5.0,3.0,14.0,37.0,6.027027027027027,0.0,0.0,0.0,0.0,38.0,17.0,79.0,2.0,5.0,12.0,,11.0
2020-21,2816,Di Lorenzo,difensore,Napoli,Napoli,0.0,2.0,6.152777777777778,3.0,3.0,6.5,36.0,6.166666666666667,3.0,3.0,9.5,33.0,5.878787878787879,0.0,0.0,0.0,0.0,6.286036036036036,4.0,3.0,11.75,35.0,5.9529074529074535,0.0,0.0,0.0,0.0,59.0,7.0,,,11.0,10.0,,12.0
2021-22,2816,Di Lorenzo,difensore,Napoli,Napoli,0.0,3.0,6.363636363636363,1.0,4.0,5.5,33.0,6.152777777777778,3.0,3.0,6.5,36.0,5.972222222222222,0.0,0.0,0.0,0.0,6.241616616616617,3.6666666666666665,3.0,10.0,35.333333333333336,5.959345709345709,0.0,0.0,0.0,0.0,76.0,3.0,,,12.0,11.0,,11.0
2022-23,2816,Di Lorenzo,difensore,Napoli,Napoli,0.0,4.0,6.581081081081081,3.0,4.0,12.0,37.0,6.363636363636363,1.0,4.0,5.5,33.0,6.196969696969697,0.0,0.0,0.0,0.0,6.227693602693603,2.3333333333333335,3.3333333333333335,7.166666666666667,34.0,6.0159932659932664,0.0,0.0,0.0,0.0,76.0,3.0,,,11.0,14.0,,15.0
2023-24,2816,Di Lorenzo,difensore,Napoli,Napoli,0.0,5.0,6.208333333333333,1.0,5.0,5.0,36.0,6.581081081081081,3.0,4.0,12.0,37.0,6.256756756756757,0.0,0.0,0.0,0.0,6.365831740831741,2.3333333333333335,3.6666666666666665,8.0,35.333333333333336,6.141982891982892,0.0,0.0,0.0,0.0,87.0,1.0,,,15.0,17.0,33.5,18.0
2024-25,2816,Di Lorenzo,difensore,Napoli,Napoli,0.0,6.0,6.364864864864865,3.0,2.0,8.0,37.0,6.208333333333333,1.0,5.0,5.0,36.0,6.069444444444445,0.0,0.0,0.0,0.0,6.384350259350259,1.6666666666666667,4.333333333333333,7.5,35.333333333333336,6.174390299390299,0.0,0.0,0.0,0.0,52.0,10.0,,,18.0,12.0,27.5,18.0
2025-26,2816,Di Lorenzo,difensore,Napoli,Napoli,0.0,7.0,6.326923076923077,2.0,1.0,6.5,26.0,6.364864864864865,3.0,2.0,8.0,37.0,6.148648648648648,0.0,0.0,0.0,0.0,6.38475975975976,2.3333333333333335,3.6666666666666665,8.333333333333334,36.666666666666664,6.158283283283283,0.0,0.0,0.0,0.0,79.0,1.0,,,18.0,15.0,33.0,14.0
2019-20,2819,Caputo,attaccante,Sassuolo,Empoli,1.0,1.0,8.308823529411764,19.0,6.0,67.5,34.0,7.144736842105263,13.0,3.0,40.5,38.0,6.078947368421052,0.0,0.0,0.0,0.0,7.144736842105263,13.0,3.0,40.5,38.0,6.078947368421052,0.0,0.0,0.0,0.0,38.0,17.0,43.0,10.0,14.0,20.0,,26.0
2020-21,2819,Caputo,attaccante,Sassuolo,Sassuolo,0.0,2.0,7.645833333333333,8.0,4.0,36.5,24.0,8.308823529411764,19.0,6.0,67.5,34.0,6.323529411764706,0.0,0.0,0.0,0.0,7.726780185758514,16.0,4.5,54.0,36.0,6.201238390092879,0.0,0.0,0.0,0.0,51.0,8.0,,,26.0,37.0,,34.0
2021-22,2819,Caputo,attaccante,Sampdoria,Sassuolo,1.0,3.0,6.881578947368421,11.0,4.0,33.5,38.0,7.645833333333333,8.0,4.0,36.5,24.0,6.125,0.0,0.0,0.0,0.0,7.699797901616787,13.333333333333334,4.333333333333333,48.166666666666664,32.0,6.175825593395253,0.0,0.0,0.0,0.0,59.0,8.0,49.0,9.0,34.0,27.0,,26.0
2022-23,2819,Caputo,attaccante,Empoli,Sampdoria,1.0,4.0,6.444444444444445,4.0,3.0,20.5,36.0,6.881578947368421,11.0,4.0,33.5,38.0,6.0,0.0,0.0,0.0,0.0,7.612078603371173,12.666666666666666,4.666666666666667,45.833333333333336,32.0,6.1495098039215685,0.0,0.0,0.0,0.0,36.0,15.0,38.0,14.0,26.0,20.0,,21.0
2023-24,2819,Caputo,attaccante,Empoli,Empoli,0.0,5.0,6.15,2.0,0.0,9.0,20.0,6.444444444444445,4.0,3.0,20.5,36.0,5.875,0.0,0.0,0.0,0.0,6.990618908382067,7.666666666666667,3.6666666666666665,30.166666666666668,32.666666666666664,6.0,0.0,0.0,0.0,0.0,43.0,14.0,,,21.0,13.0,20.5,15.0
2021-22,2639,Bakayoko,centrocampista,Milan,Napoli,1.0,2.0,5.636363636363637,0.0,0.0,-1.0,11.0,6.076923076923077,2.0,0.0,3.0,26.0,5.961538461538462,0.0,0.0,0.0,0.0,6.064323607427056,1.5,0.5,2.0,27.5,5.989389920424403,0.0,0.0,0.0,0.0,76.0,3.0,76.0,4.0,8.0,8.0,,5.0
2022-23,2639,Bakayoko,centrocampista,Milan,Milan,0.0,3.0,5.5,0.0,0.0,0.0,1.0,5.636363636363637,0.0,0.0,-1.0,11.0,5.7272727272727275,0.0,0.0,0.0,0.0,5.856643356643357,1.0,0.0,1.0,18.5,5.844405594405595,0.0,0.0,0.0,0.0,83.0,1.0,,,5.0,2.0,,2.0
2019-20,2758,Gunter,difensore,Verona,Genoa,1.0,1.0,5.693548387096774,0.0,0.0,-3.5,31.0,5.625,0.0,0.0,-0.5,12.0,5.666666666666667,0.0,0.0,0.0,0.0,5.625,0.0,0.0,-0.5,12.0,5.666666666666667,0.0,0.0,0.0,0.0,37.0,18.0,,,3.0,4.0,,5.0
2020-21,2758,Gunter,difensore,Verona,Verona,0.0,2.0,5.98,0.0,2.0,0.0,25.0,5.693548387096774,0.0,0.0,-3.5,31.0,5.806451612903226,0.0,0.0,0.0,0.0,5.659274193548387,0.0,0.0,-2.0,21.5,5.736559139784946,0.0,0.0,0.0,0.0,49.0,9.0,,,5.0,4.0,,7.0
2021-22,2758,Gunter,difensore,Verona,Verona,0.0,3.0,5.566666666666666,0.0,0.0,-7.0,30.0,5.98,0.0,2.0,0.0,25.0,5.98,0.0,0.0,0.0,0.0,5.766182795698924,0.0,0.6666666666666666,-1.3333333333333333,22.666666666666668,5.8177060931899645,0.0,0.0,0.0,0.0,44.0,10.0,,,7.0,7.0,,6.0
2022-23,2758,Gunter,difensore,Sampdoria,Verona,1.0,4.0,5.695652173913044,1.0,1.0,1.5,23.0,5.566666666666666,0.0,0.0,-7.0,30.0,5.8,0.0,0.0,0.0,0.0,5.746738351254481,0.0,0.6666666666666666,-3.5,28.666666666666668,5.862150537634409,0.0,0.0,0.0,0.0,52.0,9.0,36.0,15.0,6.0,4.0,,5.0
2019-20,2759,Criscito,difensore,Genoa,Genoa,0.0,1.0,6.58,0.0,0.0,14.5,25.0,6.1,1.0,4.0,3.0,35.0,6.014285714285714,0.0,0.0,0.0,0.0,6.1,1.0,4.0,3.0,35.0,6.014285714285714,0.0,0.0,0.0,0.0,37.0,18.0,,,9.0,11.0,,13.0
2020-21,2759,Criscito,difensore,Genoa,Genoa,0.0,2.0,6.090909090909091,0.0,0.0,0.0,22.0,6.58,0.0,0.0,14.5,25.0,6.0,0.0,0.0,0.0,0.0,6.34,0.5,2.0,8.75,30.0,6.007142857142857,0.0,0.0,0.0,0.0,36.0,17.0,,,13.0,15.0,,14.0
2021-22,2759,Criscito,difensore,Genoa,Genoa,0.0,3.0,6.675,0.0,1.0,14.0,20.0,6.090909090909091,0.0,0.0,0.0,22.0,6.090909090909091,0.0,0.0,0.0,0.0,6.256969696969698,0.3333333333333333,1.3333333333333333,5.833333333333333,27.333333333333332,6.035064935064935,0.0,0.0,0.0,0.0,39.0,14.0,,,14.0,8.0,,8.0
2019-20,2756,Piatek,attaccante,Milan,Milan,0.0,1.0,6.194444444444445,1.0,0.0,11.5,18.0,8.067567567567568,20.0,0.0,63.5,37.0,6.351351351351352,0.0,0.0,0.0,0.0,8.067567567567568,20.0,0.0,63.5,37.0,6.351351351351352,0.0,0.0,0.0,0.0,65.0,5.0,,,13.0,28.0,,38.0
2022-23,2756,Piatek,attaccante,Salernitana,Fiorentina,1.0,3.0,6.28125,3.0,4.0,13.5,32.0,6.423076923076923,3.0,0.0,6.0,13.0,5.961538461538462,0.0,0.0,0.0,0.0,6.308760683760684,2.0,0.0,8.75,15.5,5.7585470085470085,0.0,0.0,0.0,0.0,59.0,8.0,31.0,17.0,14.0,12.0,,15.0
2019-20,2762,Kouame',attaccante,Fiorentina,Genoa,1.0,1.0,7.444444444444445,6.0,3.0,20.5,18.0,6.4605263157894735,4.0,5.0,15.0,38.0,6.065789473684211,0.0,0.0,0.0,0.0,6.4605263157894735,4.0,5.0,15.0,38.0,6.065789473684211,0.0,0.0,0.0,0.0,37.0,18.0,40.0,15.0,3.0,11.0,,16.0
2020-21,2762,Kouame',attaccante,Fiorentina,Fiorentina,0.0,2.0,5.826086956521739,1.0,1.0,3.0,23.0,7.444444444444445,6.0,3.0,20.5,18.0,6.305555555555555,0.0,0.0,0.0,0.0,6.9524853801169595,5.0,4.0,17.75,28.0,6.185672514619883,0.0,0.0,0.0,0.0,46.0,10.0,,,16.0,19.0,,16.0
2023-24,2762,Kouame',attaccante,Fiorentina,Fiorentina,0.0,4.0,6.3,2.0,1.0,7.0,20.0,6.625,4.0,5.0,14.5,28.0,6.107142857142857,0.0,0.0,0.0,0.0,6.225543478260869,2.5,3.0,8.75,25.5,5.90139751552795,0.0,0.0,0.0,0.0,53.0,8.0,,,9.0,15.0,3.5,9.0
2024-25,2762,Kouame',attaccante,Empoli,Fiorentina,1.0,5.0,5.931818181818182,1.0,1.0,3.5,22.0,6.3,2.0,1.0,7.0,20.0,5.95,0.0,0.0,0.0,0.0,6.4625,3.0,3.0,10.75,24.0,6.0285714285714285,0.0,0.0,0.0,0.0,57.0,8.0,33.0,18.0,9.0,11.0,6.5,4.0
2025-26,2762,Kouamè,attaccante,Fiorentina,Empoli,1.0,6.0,6.0,0.0,0.0,0.0,1.0,5.931818181818182,1.0,1.0,3.5,22.0,5.7727272727272725,0.0,0.0,0.0,0.0,6.28560606060606,2.3333333333333335,2.3333333333333335,8.333333333333334,23.333333333333332,5.943290043290044,0.0,0.0,0.0,0.0,31.0,17.0,62.0,7.0,4.0,5.0,5.5,1.0
2019-20,2801,Iacoponi,difensore,Parma,Parma,0.0,1.0,5.957142857142857,2.0,0.0,2.5,35.0,5.657894736842105,0.0,0.0,-2.0,38.0,5.7105263157894735,0.0,0.0,0.0,0.0,5.657894736842105,0.0,0.0,-2.0,38.0,5.7105263157894735,0.0,0.0,0.0,0.0,41.0,14.0,,,2.0,7.0,,4.0
2020-21,2801,Iacoponi,difensore,Parma,Parma,0.0,2.0,5.066666666666666,0.0,0.0,-6.5,15.0,5.957142857142857,2.0,0.0,2.5,35.0,5.885714285714286,0.0,0.0,0.0,0.0,5.807518796992481,1.0,0.0,0.25,36.5,5.798120300751879,0.0,0.0,0.0,0.0,46.0,11.0,,,4.0,7.0,,6.0
2019-20,2802,Barilla',centrocampista,Parma,Parma,0.0,1.0,5.86,1.0,1.0,1.0,25.0,6.080645161290323,3.0,2.0,6.0,31.0,5.887096774193548,0.0,0.0,0.0,0.0,6.080645161290323,3.0,2.0,6.0,31.0,5.887096774193548,0.0,0.0,0.0,0.0,41.0,14.0,,,3.0,8.0,,8.0
2019-20,2870,Troost-Ekong,difensore,Udinese,Udinese,0.0,1.0,5.689655172413793,0.0,0.0,-2.5,29.0,5.728571428571429,0.0,0.0,-2.0,35.0,5.785714285714286,0.0,0.0,0.0,0.0,5.728571428571429,0.0,0.0,-2.0,35.0,5.785714285714286,0.0,0.0,0.0,0.0,40.0,16.0,,,3.0,7.0,,5.0
2019-20,2873,Teodorczyk,attaccante,Udinese,Udinese,0.0,1.0,5.6,0.0,0.0,-0.5,5.0,5.625,1.0,0.0,-0.5,12.0,5.666666666666667,0.0,0.0,0.0,0.0,5.625,1.0,0.0,-0.5,12.0,5.666666666666667,0.0,0.0,0.0,0.0,40.0,16.0,,,12.0,8.0,,8.0
2019-20,2391,Ekdal,centrocampista,Sampdoria,Sampdoria,0.0,1.0,5.816666666666666,0.0,2.0,-2.0,30.0,5.921875,0.0,0.0,-3.0,32.0,6.015625,0.0,0.0,0.0,0.0,5.921875,0.0,0.0,-3.0,32.0,6.015625,0.0,0.0,0.0,0.0,50.0,9.0,,,8.0,10.0,,7.0
2020-21,2391,Ekdal,centrocampista,Sampdoria,Sampdoria,0.0,2.0,5.966666666666667,2.0,1.0,2.5,30.0,5.816666666666666,0.0,2.0,-2.0,30.0,5.883333333333334,0.0,0.0,0.0,0.0,5.869270833333333,0.0,1.0,-2.5,31.0,5.949479166666666,0.0,0.0,0.0,0.0,41.0,15.0,,,7.0,5.0,,8.0
2021-22,2391,Ekdal,centrocampista,Sampdoria,Sampdoria,0.0,3.0,5.68,1.0,0.0,-2.5,25.0,5.966666666666667,2.0,1.0,2.5,30.0,5.883333333333334,0.0,0.0,0.0,0.0,5.90173611111111,0.6666666666666666,1.0,-0.8333333333333334,30.666666666666668,5.9274305555555555,0.0,0.0,0.0,0.0,49.0,9.0,,,8.0,7.0,,6.0
2022-23,2391,Ekdal,centrocampista,Spezia,Sampdoria,1.0,4.0,5.775862068965517,0.0,0.0,-3.0,29.0,5.68,1.0,0.0,-2.5,25.0,5.78,0.0,0.0,0.0,0.0,5.821111111111111,1.0,1.0,-0.6666666666666666,28.333333333333332,5.848888888888889,0.0,0.0,0.0,0.0,36.0,15.0,36.0,16.0,6.0,4.0,,7.0
2019-20,2769,Magnani,difensore,Sassuolo,Sassuolo,0.0,1.0,5.916666666666667,1.0,0.0,1.5,6.0,6.111111111111111,0.0,1.0,0.0,18.0,6.111111111111111,0.0,0.0,0.0,0.0,6.111111111111111,0.0,1.0,0.0,18.0,6.111111111111111,0.0,0.0,0.0,0.0,43.0,10.0,,,2.0,7.0,,6.0
2020-21,2769,Magnani,difensore,Verona,Sassuolo,1.0,2.0,5.826086956521739,0.0,0.0,-6.0,23.0,5.916666666666667,1.0,0.0,1.5,6.0,5.666666666666667,0.0,0.0,0.0,0.0,6.013888888888889,0.5,0.5,0.75,12.0,5.888888888888889,0.0,0.0,0.0,0.0,51.0,8.0,49.0,9.0,6.0,2.0,,5.0
2021-22,2769,Magnani,difensore,Sampdoria,Verona,1.0,3.0,5.607142857142857,0.0,0.0,-2.5,14.0,5.826086956521739,0.0,0.0,-6.0,23.0,6.086956521739131,0.0,0.0,0.0,0.0,5.951288244766506,0.3333333333333333,0.3333333333333333,-1.5,15.666666666666666,5.9549114331723025,0.0,0.0,0.0,0.0,44.0,10.0,49.0,9.0,5.0,5.0,,5.0
2022-23,2769,Magnani,difensore,Verona,Sampdoria,1.0,4.0,5.583333333333333,0.0,1.0,-5.5,24.0,5.607142857142857,0.0,0.0,-2.5,14.0,5.785714285714286,0.0,0.0,0.0,0.0,5.783298826777088,0.3333333333333333,0.0,-2.3333333333333335,14.333333333333334,5.846445824706695,0.0,0.0,0.0,0.0,36.0,15.0,52.0,9.0,5.0,2.0,,3.0
2023-24,2769,Magnani,difensore,Verona,Verona,0.0,5.0,5.9,0.0,0.0,-3.0,30.0,5.583333333333333,0.0,1.0,-5.5,24.0,5.8125,0.0,0.0,0.0,0.0,5.672187715665976,0.0,0.3333333333333333,-4.666666666666667,20.333333333333332,5.895056935817806,0.0,0.0,0.0,0.0,31.0,17.0,,,3.0,4.0,4.0,3.0
2024-25,2769,Magnani,difensore,Verona,Verona,0.0,6.0,5.428571428571429,1.0,0.0,2.0,14.0,5.9,0.0,0.0,-3.0,30.0,6.0,0.0,0.0,0.0,0.0,5.696825396825397,0.0,0.3333333333333333,-3.6666666666666665,22.666666666666668,5.866071428571428,0.0,0.0,0.0,0.0,37.0,13.0,,,3.0,7.0,5.0,3.0
2019-20,2825,Bourabia,centrocampista,Sassuolo,Sassuolo,0.0,1.0,5.470588235294118,1.0,1.0,-3.5,17.0,5.774193548387097,1.0,0.0,-1.5,31.0,5.82258064516129,0.0,0.0,0.0,0.0,5.774193548387097,1.0,0.0,-1.5,31.0,5.82258064516129,0.0,0.0,0.0,0.0,43.0,10.0,,,5.0,7.0,,6.0
2020-21,2825,Bourabia,centrocampista,Sassuolo,Sassuolo,0.0,2.0,6.090909090909091,1.0,0.0,2.5,11.0,5.470588235294118,1.0,1.0,-3.5,17.0,5.676470588235294,0.0,0.0,0.0,0.0,5.622390891840608,1.0,0.5,-2.5,24.0,5.749525616698293,0.0,0.0,0.0,0.0,51.0,8.0,,,6.0,2.0,,6.0
2021-22,2825,Bourabia,centrocampista,Spezia,Sassuolo,1.0,3.0,6.375,1.0,0.0,2.5,8.0,6.090909090909091,1.0,0.0,2.5,11.0,5.863636363636363,0.0,0.0,0.0,0.0,5.778563624863435,1.0,0.3333333333333333,-0.8333333333333334,19.666666666666668,5.787562532344315,0.0,0.0,0.0,0.0,59.0,8.0,38.0,15.0,6.0,3.0,,4.0
2022-23,2825,Bourabia,centrocampista,Spezia,Spezia,0.0,4.0,6.0,1.0,2.0,3.5,37.0,6.375,1.0,0.0,2.5,8.0,6.0625,0.0,0.0,0.0,0.0,5.978832442067737,1.0,0.3333333333333333,0.5,12.0,5.867535650623886,0.0,0.0,0.0,0.0,36.0,16.0,,,4.0,3.0,,4.0
2023-24,2825,Bourabia,centrocampista,Frosinone,Spezia,1.0,5.0,5.4,0.0,0.0,-0.5,5.0,6.0,1.0,2.0,3.5,37.0,5.905405405405405,0.0,0.0,0.0,0.0,6.15530303030303,1.0,0.6666666666666666,2.8333333333333335,18.666666666666668,5.943847256347257,0.0,0.0,0.0,0.0,31.0,18.0,,,4.0,9.0,6.0,4.0
2019-20,2832,Boga,centrocampista,Sassuolo,Sassuolo,0.0,1.0,7.212121212121212,11.0,2.0,35.0,33.0,6.5625,3.0,1.0,10.0,24.0,6.145833333333333,0.0,0.0,0.0,0.0,6.5625,3.0,1.0,10.0,24.0,6.145833333333333,0.0,0.0,0.0,0.0,43.0,10.0,,,8.0,12.0,,12.0
2020-21,2832,Boga,attaccante,Sassuolo,Sassuolo,0.0,2.0,6.462962962962963,4.0,1.0,13.0,27.0,7.212121212121212,11.0,2.0,35.0,33.0,6.151515151515151,0.0,0.0,0.0,0.0,6.8873106060606055,7.0,1.5,22.5,28.5,6.148674242424242,0.0,0.0,0.0,0.0,51.0,8.0,,,12.0,24.0,,22.0
2021-22,2832,Boga,attaccante,Atalanta,Sassuolo,1.0,3.0,6.0,0.0,2.0,2.0,26.0,6.462962962962963,4.0,1.0,13.0,27.0,5.981481481481482,0.0,0.0,0.0,0.0,6.745861391694724,6.0,1.3333333333333333,19.333333333333332,28.0,6.0929433221099885,0.0,0.0,0.0,0.0,59.0,8.0,78.0,2.0,22.0,14.0,,17.0
2022-23,2832,Boga,attaccante,Atalanta,Atalanta,0.0,4.0,6.861111111111111,2.0,5.0,11.0,18.0,6.0,0.0,2.0,2.0,26.0,5.923076923076923,0.0,0.0,0.0,0.0,6.558361391694724,5.0,1.6666666666666667,16.666666666666668,28.666666666666668,6.018691185357852,0.0,0.0,0.0,0.0,59.0,7.0,,,17.0,8.0,,13.0
2019-20,2764,Martinez L.,attaccante,Inter,Inter,0.0,1.0,7.285714285714286,12.0,3.0,37.5,35.0,6.840909090909091,5.0,1.0,17.0,22.0,6.068181818181818,0.0,0.0,0.0,0.0,6.840909090909091,5.0,1.0,17.0,22.0,6.068181818181818,0.0,0.0,0.0,0.0,66.0,4.0,,,17.0,15.0,,26.0
2020-21,2764,Martinez L.,attaccante,Inter,Inter,0.0,2.0,7.868421052631579,15.0,5.0,53.5,38.0,7.285714285714286,12.0,3.0,37.5,35.0,6.214285714285714,0.0,0.0,0.0,0.0,7.063311688311688,8.5,2.0,27.25,28.5,6.141233766233766,0.0,0.0,0.0,0.0,79.0,2.0,,,26.0,27.0,,30.0
2021-22,2764,Martinez L.,attaccante,Inter,Inter,0.0,3.0,8.015151515151516,18.0,3.0,54.0,33.0,7.868421052631579,15.0,5.0,53.5,38.0,6.4605263157894735,0.0,0.0,0.0,0.0,7.331681476418318,10.666666666666666,3.0,36.0,31.666666666666668,6.247664616085669,0.0,0.0,0.0,0.0,88.0,1.0,,,30.0,32.0,,32.0
2022-23,2764,Martinez L.,attaccante,Inter,Inter,0.0,4.0,8.162162162162161,20.0,6.0,64.5,37.0,8.015151515151516,18.0,3.0,54.0,33.0,6.378787878787879,0.0,0.0,0.0,0.0,7.72309561783246,15.0,3.6666666666666665,48.333333333333336,35.333333333333336,6.351199969621022,0.0,0.0,0.0,0.0,81.0,2.0,,,32.0,34.0,,34.0
2023-24,2764,Martinez L.,attaccante,Inter,Inter,0.0,5.0,8.727272727272727,22.0,2.0,68.5,33.0,8.162162162162161,20.0,6.0,64.5,37.0,6.418918918918919,0.0,0.0,0.0,0.0,8.015244909981751,17.666666666666668,4.666666666666667,57.333333333333336,36.0,6.4194110378320905,0.0,0.0,0.0,0.0,69.0,3.0,,,34.0,36.0,206.0,37.0
2024-25,2764,Martinez L.,attaccante,Inter,Inter,0.0,6.0,7.435483870967742,12.0,3.0,38.5,31.0,8.727272727272727,22.0,2.0,68.5,33.0,6.651515151515151,0.0,0.0,0.0,0.0,8.301528801528802,20.0,3.6666666666666665,62.333333333333336,34.333333333333336,6.483073983073983,0.0,0.0,0.0,0.0,93.0,1.0,,,37.0,41.0,225.0,41.0
2025-26,2764,Martinez L.,attaccante,Inter,Inter,0.0,7.0,8.25,17.0,6.0,55.0,30.0,7.435483870967742,12.0,3.0,38.5,31.0,6.193548387096774,0.0,0.0,0.0,0.0,8.108306253467545,18.0,3.6666666666666665,57.166666666666664,33.666666666666664,6.421327485843615,0.0,0.0,0.0,0.0,78.0,2.0,,,41.0,26.0,178.5,34.0
2019-20,2865,Aina,difensore,Torino,Torino,0.0,1.0,5.586206896551724,0.0,1.0,-3.0,29.0,6.017241379310345,1.0,3.0,3.0,29.0,5.913793103448276,0.0,0.0,0.0,0.0,6.017241379310345,1.0,3.0,3.0,29.0,5.913793103448276,0.0,0.0,0.0,0.0,60.0,7.0,,,4.0,9.0,,8.0
2022-23,2865,Aina,difensore,Torino,Torino,0.0,3.0,6.09375,1.0,1.0,1.5,16.0,5.825,0.0,0.0,-2.0,20.0,5.925,0.0,0.0,0.0,0.0,5.705603448275863,0.0,0.5,-2.5,24.5,5.807327586206896,0.0,0.0,0.0,0.0,50.0,10.0,,,5.0,5.0,,5.0
2019-20,2789,Meite',centrocampista,Torino,Torino,0.0,1.0,5.586206896551724,0.0,1.0,-1.5,29.0,6.1911764705882355,2.0,3.0,4.5,34.0,6.0588235294117645,0.0,0.0,0.0,0.0,6.1911764705882355,2.0,3.0,4.5,34.0,6.0588235294117645,0.0,0.0,0.0,0.0,60.0,7.0,,,3.0,11.0,,9.0
2020-21,2789,Meite',centrocampista,Milan,Torino,1.0,2.0,6.0576923076923075,1.0,1.0,3.5,26.0,5.586206896551724,0.0,1.0,-1.5,29.0,5.637931034482759,0.0,0.0,0.0,0.0,5.88869168356998,1.0,2.0,1.5,31.5,5.848377281947261,0.0,0.0,0.0,0.0,39.0,16.0,63.0,6.0,9.0,3.0,,6.0
2019-20,2836,Olsen,portiere,Cagliari,Roma,1.0,1.0,4.9411764705882355,0.0,0.0,-25.0,17.0,4.407407407407407,0.0,0.0,-43.0,27.0,6.0,0.0,0.0,0.0,0.0,4.407407407407407,0.0,0.0,-43.0,27.0,6.0,0.0,0.0,0.0,0.0,63.0,6.0,41.0,13.0,14.0,9.0,,1.0
2019-20,2378,Pastore,centrocampista,Roma,Roma,0.0,1.0,6.0625,0.0,0.0,0.0,8.0,6.75,3.0,1.0,10.0,12.0,5.916666666666667,0.0,0.0,0.0,0.0,6.75,3.0,1.0,10.0,12.0,5.916666666666667,0.0,0.0,0.0,0.0,63.0,6.0,,,21.0,16.0,,11.0
2020-21,2378,Pastore,centrocampista,Roma,Roma,0.0,2.0,6.0,0.0,0.0,0.0,3.0,6.0625,0.0,0.0,0.0,8.0,6.0625,0.0,0.0,0.0,0.0,6.40625,1.5,0.5,5.0,10.0,5.989583333333334,0.0,0.0,0.0,0.0,67.0,5.0,,,11.0,1.0,,5.0
2019-20,2779,Kluivert,attaccante,Roma,Roma,0.0,1.0,6.476190476190476,4.0,0.0,9.0,21.0,6.208333333333333,1.0,6.0,8.0,24.0,5.875,0.0,0.0,0.0,0.0,6.208333333333333,1.0,6.0,8.0,24.0,5.875,0.0,0.0,0.0,0.0,63.0,6.0,,,18.0,14.0,,16.0
2019-20,2871,Klavan,difensore,Cagliari,Cagliari,0.0,1.0,5.589285714285714,0.0,0.0,-4.0,28.0,5.833333333333333,0.0,0.0,-1.0,15.0,5.9,0.0,0.0,0.0,0.0,5.833333333333333,0.0,0.0,-1.0,15.0,5.9,0.0,0.0,0.0,0.0,41.0,13.0,,,7.0,6.0,,6.0
2020-21,2871,Klavan,difensore,Cagliari,Cagliari,0.0,2.0,5.5,0.0,0.0,-0.5,11.0,5.589285714285714,0.0,0.0,-4.0,28.0,5.732142857142857,0.0,0.0,0.0,0.0,5.711309523809524,0.0,0.0,-2.5,21.5,5.816071428571428,0.0,0.0,0.0,0.0,45.0,13.0,,,6.0,3.0,,5.0
2019-20,2355,Marlon,difensore,Sassuolo,Sassuolo,0.0,1.0,5.782608695652174,0.0,0.0,-3.5,23.0,5.722222222222222,1.0,0.0,0.5,18.0,5.694444444444445,0.0,0.0,0.0,0.0,5.722222222222222,1.0,0.0,0.5,18.0,5.694444444444445,0.0,0.0,0.0,0.0,43.0,10.0,,,8.0,7.0,,6.0
2020-21,2355,Marlon,difensore,Sassuolo,Sassuolo,0.0,2.0,5.5,0.0,0.0,-2.5,21.0,5.782608695652174,0.0,0.0,-3.5,23.0,5.934782608695652,0.0,0.0,0.0,0.0,5.7524154589371985,0.5,0.0,-1.5,20.5,5.8146135265700485,0.0,0.0,0.0,0.0,51.0,8.0,,,6.0,4.0,,7.0
2019-20,2818,Bennacer,centrocampista,Milan,Empoli,1.0,1.0,5.903225806451613,1.0,0.0,-4.0,31.0,5.857142857142857,0.0,2.0,-1.5,35.0,5.9,0.0,0.0,0.0,0.0,5.857142857142857,0.0,2.0,-1.5,35.0,5.9,0.0,0.0,0.0,0.0,38.0,17.0,65.0,5.0,6.0,9.0,,10.0
2020-21,2818,Bennacer,centrocampista,Milan,Milan,0.0,2.0,5.690476190476191,0.0,1.0,-1.0,21.0,5.903225806451613,1.0,0.0,-4.0,31.0,6.032258064516129,0.0,0.0,0.0,0.0,5.880184331797235,0.5,1.0,-2.75,33.0,5.966129032258065,0.0,0.0,0.0,0.0,63.0,6.0,,,10.0,8.0,,8.0
2021-22,2818,Bennacer,centrocampista,Milan,Milan,0.0,3.0,6.410714285714286,2.0,1.0,4.0,28.0,5.690476190476191,0.0,1.0,-1.0,21.0,5.738095238095238,0.0,0.0,0.0,0.0,5.81694828469022,0.3333333333333333,1.0,-2.1666666666666665,29.0,5.890117767537123,0.0,0.0,0.0,0.0,76.0,4.0,,,8.0,5.0,,7.0
2022-23,2818,Bennacer,centrocampista,Milan,Milan,0.0,4.0,6.464285714285714,2.0,3.0,6.5,28.0,6.410714285714286,2.0,1.0,4.0,28.0,6.267857142857143,0.0,0.0,0.0,0.0,6.00147209421403,1.0,0.6666666666666666,-0.3333333333333333,26.666666666666668,6.01273681515617,0.0,0.0,0.0,0.0,83.0,1.0,,,7.0,13.0,,10.0
2023-24,2818,Bennacer,centrocampista,Milan,Milan,0.0,5.0,6.472222222222222,1.0,2.0,7.0,18.0,6.464285714285714,2.0,3.0,6.5,28.0,6.232142857142857,0.0,0.0,0.0,0.0,6.188492063492063,1.3333333333333333,1.6666666666666667,3.1666666666666665,25.666666666666668,6.079365079365079,0.0,0.0,0.0,0.0,67.0,5.0,,,10.0,13.0,14.0,10.0
2024-25,2818,Bennacer,centrocampista,Milan,Milan,0.0,6.0,5.666666666666667,0.0,0.0,-1.0,6.0,6.472222222222222,1.0,2.0,7.0,18.0,6.083333333333333,0.0,0.0,0.0,0.0,6.4490740740740735,1.6666666666666667,2.0,5.833333333333333,24.666666666666668,6.194444444444444,0.0,0.0,0.0,0.0,74.0,2.0,,,10.0,13.0,15.0,7.0
2019-20,2625,Soriano,centrocampista,Bologna,Bologna,0.0,1.0,6.620689655172414,5.0,4.0,15.5,29.0,6.104166666666667,2.0,2.0,5.0,24.0,5.895833333333333,0.0,0.0,0.0,0.0,6.104166666666667,2.0,2.0,5.0,24.0,5.895833333333333,0.0,0.0,0.0,0.0,41.0,12.0,,,12.0,9.0,,14.0
2020-21,2625,Soriano,centrocampista,Bologna,Bologna,0.0,2.0,6.972972972972973,9.0,4.0,28.5,37.0,6.620689655172414,5.0,4.0,15.5,29.0,6.086206896551724,0.0,0.0,0.0,0.0,6.36242816091954,3.5,3.0,10.25,26.5,5.991020114942529,0.0,0.0,0.0,0.0,46.0,12.0,,,14.0,14.0,,13.0
2021-22,2625,Soriano,centrocampista,Bologna,Bologna,0.0,3.0,5.871428571428571,0.0,4.0,0.0,35.0,6.972972972972973,9.0,4.0,28.5,37.0,6.202702702702703,0.0,0.0,0.0,0.0,6.565943098270684,5.333333333333333,3.3333333333333335,16.333333333333332,30.0,6.061580977529253,0.0,0.0,0.0,0.0,41.0,11.0,,,13.0,22.0,,20.0
2022-23,2625,Soriano,centrocampista,Bologna,Bologna,0.0,4.0,6.260869565217392,1.0,3.0,5.5,23.0,5.871428571428571,0.0,4.0,0.0,35.0,5.871428571428571,0.0,0.0,0.0,0.0,6.48836373319132,4.666666666666667,4.0,14.666666666666666,33.666666666666664,6.053446056894333,0.0,0.0,0.0,0.0,43.0,13.0,,,20.0,10.0,,12.0
2019-20,2504,Can,centrocampista,Juventus,Juventus,0.0,1.0,5.428571428571429,0.0,0.0,-1.0,7.0,6.326923076923077,3.0,1.0,8.0,26.0,6.019230769230769,0.0,0.0,0.0,0.0,6.326923076923077,3.0,1.0,8.0,26.0,6.019230769230769,0.0,0.0,0.0,0.0,90.0,1.0,,,19.0,16.0,,14.0
2019-20,2468,Ospina,portiere,Napoli,Napoli,0.0,1.0,5.088235294117647,0.0,0.0,-17.0,17.0,4.882352941176471,0.0,0.0,-20.0,17.0,6.0588235294117645,0.0,0.0,0.0,0.0,4.882352941176471,0.0,0.0,-20.0,17.0,6.0588235294117645,0.0,0.0,0.0,0.0,79.0,2.0,,,1.0,7.0,,3.0
2020-21,2468,Ospina,portiere,Napoli,Napoli,0.0,2.0,5.34375,0.0,1.0,-12.0,16.0,5.088235294117647,0.0,0.0,-17.0,17.0,6.088235294117647,0.0,0.0,0.0,0.0,4.985294117647059,0.0,0.0,-18.5,17.0,6.073529411764706,0.0,0.0,0.0,0.0,59.0,7.0,,,3.0,8.0,,8.0
2021-22,2468,Ospina,portiere,Napoli,Napoli,0.0,3.0,5.435483870967742,0.0,0.0,-25.5,31.0,5.34375,0.0,1.0,-12.0,16.0,6.09375,0.0,0.0,0.0,0.0,5.104779411764706,0.0,0.3333333333333333,-16.333333333333332,16.666666666666668,6.080269607843138,0.0,0.0,0.0,0.0,76.0,3.0,,,8.0,10.0,,1.0
2019-20,393,Luperto,difensore,Napoli,Napoli,0.0,1.0,5.5,0.0,0.0,-1.0,7.0,5.65,0.0,0.0,0.0,10.0,5.65,615.0,0.7734960913658142,2.057750351727009,20.0,5.65,0.0,0.0,0.0,10.0,5.65,615.0,0.7734960913658142,2.057750351727009,20.0,79.0,2.0,,,2.0,3.0,,3.0
2020-21,393,Luperto,difensore,Crotone,Napoli,1.0,2.0,5.295454545454546,0.0,0.0,-2.5,22.0,5.5,0.0,0.0,-1.0,7.0,5.642857142857143,770.0,0.6565029928460717,4.143622405827045,18.0,5.575,0.0,0.0,-0.5,8.5,5.646428571428572,692.5,0.714999542105943,3.100686378777027,19.0,59.0,7.0,,,3.0,1.0,,2.0
2021-22,393,Luperto,difensore,Empoli,Crotone,1.0,3.0,5.613636363636363,0.0,1.0,-3.0,22.0,5.295454545454546,0.0,0.0,-2.5,22.0,5.409090909090909,38.0,0.0,0.04837749898433685,0.0,5.4818181818181815,0.0,0.0,-1.1666666666666667,13.0,5.567316017316017,474.3333333333333,0.47666636140396196,2.083250085512797,12.666666666666666,22.0,19.0,,,2.0,1.0,,2.0
2022-23,393,Luperto,difensore,Empoli,Empoli,0.0,4.0,6.013888888888889,2.0,0.0,3.0,36.0,5.613636363636363,0.0,1.0,-3.0,22.0,5.75,0.0,0.0,0.0,0.0,5.46969696969697,0.0,0.3333333333333333,-2.1666666666666665,17.0,5.600649350649351,269.3333333333333,0.21883433094869056,1.397333301603794,6.0,38.0,14.0,,,2.0,4.0,,5.0
2023-24,393,Luperto,difensore,Empoli,Empoli,0.0,5.0,6.052631578947368,1.0,1.0,2.0,38.0,6.013888888888889,2.0,0.0,3.0,36.0,5.930555555555555,0.0,0.0,0.0,0.0,5.6409932659932664,0.6666666666666666,0.3333333333333333,-0.8333333333333334,26.666666666666668,5.696548821548821,12.666666666666666,0.0,0.01612583299477895,0.0,43.0,14.0,,,5.0,10.0,11.0,8.0
2024-25,393,Luperto,difensore,Cagliari,Empoli,1.0,6.0,6.083333333333333,1.0,2.0,3.0,36.0,6.052631578947368,1.0,1.0,2.0,38.0,6.0,0.0,0.0,0.0,0.0,5.893385610490874,1.0,0.6666666666666666,0.6666666666666666,32.0,5.893518518518519,0.0,0.0,0.0,0.0,33.0,18.0,36.0,15.0,8.0,11.0,20.0,8.0
2025-26,393,Luperto,difensore,Cremonese,Cagliari,1.0,7.0,5.897058823529412,1.0,1.0,2.0,34.0,6.083333333333333,1.0,2.0,3.0,36.0,6.0,0.0,0.0,0.0,0.0,6.049951267056531,1.3333333333333333,1.0,2.6666666666666665,36.666666666666664,5.976851851851852,0.0,0.0,0.0,0.0,36.0,14.0,,,8.0,11.0,10.5,7.0
2019-20,2741,Pessina,centrocampista,Verona,Atalanta,1.0,1.0,6.5588235294117645,7.0,0.0,17.5,34.0,6.3,0.0,1.0,1.0,5.0,6.1,0.0,0.0,0.0,0.0,6.3,0.0,1.0,1.0,5.0,6.1,0.0,0.0,0.0,0.0,66.0,3.0,,,5.0,5.0,,3.0
2020-21,2741,Pessina,centrocampista,Atalanta,Verona,1.0,2.0,6.461538461538462,2.0,1.0,6.0,26.0,6.5588235294117645,7.0,0.0,17.5,34.0,6.044117647058823,0.0,0.0,0.0,0.0,6.429411764705883,3.5,0.5,9.25,19.5,6.072058823529412,0.0,0.0,0.0,0.0,49.0,9.0,78.0,3.0,3.0,16.0,,7.0
2021-22,2741,Pessina,centrocampista,Atalanta,Atalanta,0.0,3.0,6.0625,1.0,1.0,4.0,24.0,6.461538461538462,2.0,1.0,6.0,26.0,6.230769230769231,0.0,0.0,0.0,0.0,6.440120663650075,3.0,0.6666666666666666,8.166666666666666,21.666666666666668,6.124962292609351,0.0,0.0,0.0,0.0,78.0,2.0,,,7.0,14.0,,14.0
2022-23,2741,Pessina,centrocampista,Monza,Atalanta,1.0,4.0,6.571428571428571,2.0,3.0,15.0,35.0,6.0625,1.0,1.0,4.0,24.0,5.895833333333333,0.0,0.0,0.0,0.0,6.360953996983409,3.3333333333333335,0.6666666666666666,9.166666666666666,28.0,6.056906737053796,0.0,0.0,0.0,0.0,59.0,7.0,,,14.0,8.0,,13.0
2023-24,2741,Pessina,centrocampista,Monza,Monza,0.0,5.0,6.45945945945946,2.0,2.0,14.5,37.0,6.571428571428571,2.0,3.0,15.0,35.0,6.142857142857143,0.0,0.0,0.0,0.0,6.365155677655678,1.6666666666666667,1.6666666666666667,8.333333333333334,28.333333333333332,6.089819902319903,0.0,0.0,0.0,0.0,52.0,10.0,,,13.0,16.0,21.5,14.0
2024-25,2741,Pessina,centrocampista,Monza,Monza,0.0,6.0,6.0,0.0,0.0,-1.0,11.0,6.45945945945946,2.0,2.0,14.5,37.0,6.0675675675675675,0.0,0.0,0.0,0.0,6.364462676962677,1.6666666666666667,2.0,11.166666666666666,32.0,6.035419347919348,0.0,0.0,0.0,0.0,45.0,12.0,,,14.0,14.0,21.5,12.0
2019-20,2868,Rigoni E,attaccante,Sampdoria,Atalanta,1.0,1.0,5.642857142857143,0.0,1.0,0.0,7.0,6.722222222222222,3.0,0.0,8.5,9.0,5.777777777777778,0.0,0.0,0.0,0.0,6.722222222222222,3.0,0.0,8.5,9.0,5.777777777777778,0.0,0.0,0.0,0.0,66.0,3.0,50.0,9.0,11.0,9.0,,15.0
2019-20,2784,Colley,difensore,Sampdoria,Sampdoria,0.0,1.0,5.629032258064516,0.0,1.0,-4.0,31.0,5.880952380952381,0.0,0.0,-1.0,21.0,5.928571428571429,0.0,0.0,0.0,0.0,5.880952380952381,0.0,0.0,-1.0,21.0,5.928571428571429,0.0,0.0,0.0,0.0,50.0,9.0,,,7.0,7.0,,7.0
2020-21,2784,Colley,difensore,Sampdoria,Sampdoria,0.0,2.0,5.982758620689655,2.0,0.0,3.0,29.0,5.629032258064516,0.0,1.0,-4.0,31.0,5.758064516129032,0.0,0.0,0.0,0.0,5.754992319508449,0.0,0.5,-2.5,26.0,5.84331797235023,0.0,0.0,0.0,0.0,41.0,15.0,,,7.0,5.0,,8.0
2021-22,2784,Colley,difensore,Sampdoria,Sampdoria,0.0,3.0,5.854838709677419,0.0,0.0,-3.5,31.0,5.982758620689655,2.0,0.0,3.0,29.0,5.879310344827586,0.0,0.0,0.0,0.0,5.830914419902183,0.6666666666666666,0.3333333333333333,-0.6666666666666666,27.0,5.855315429842683,0.0,0.0,0.0,0.0,49.0,9.0,,,8.0,9.0,,9.0
2022-23,2784,Colley,difensore,Sampdoria,Sampdoria,0.0,4.0,5.78125,1.0,0.0,0.5,16.0,5.854838709677419,0.0,0.0,-3.5,31.0,5.967741935483871,0.0,0.0,0.0,0.0,5.8222098628105305,0.6666666666666666,0.3333333333333333,-1.5,30.333333333333332,5.868372265480164,0.0,0.0,0.0,0.0,36.0,15.0,,,9.0,7.0,,9.0
2019-20,2826,Pussetto,attaccante,Udinese,Udinese,0.0,1.0,6.2,1.0,0.0,2.5,10.0,6.265625,4.0,3.0,11.0,32.0,5.921875,0.0,0.0,0.0,0.0,6.265625,4.0,3.0,11.0,32.0,5.921875,0.0,0.0,0.0,0.0,40.0,16.0,,,12.0,11.0,,11.0
2020-21,2826,Pussetto,attaccante,Udinese,Udinese,0.0,2.0,7.0,3.0,1.0,9.0,11.0,6.2,1.0,0.0,2.5,10.0,5.95,0.0,0.0,0.0,0.0,6.2328125,2.5,1.5,6.75,21.0,5.9359375,0.0,0.0,0.0,0.0,42.0,14.0,,,11.0,7.0,,8.0
2021-22,2826,Pussetto,attaccante,Udinese,Udinese,0.0,3.0,6.44,3.0,2.0,12.5,25.0,7.0,3.0,1.0,9.0,11.0,6.181818181818182,0.0,0.0,0.0,0.0,6.488541666666666,2.6666666666666665,1.3333333333333333,7.5,17.666666666666668,6.017897727272728,0.0,0.0,0.0,0.0,40.0,12.0,,,8.0,8.0,,13.0
2022-23,2826,Pussetto,attaccante,Sampdoria,Udinese,1.0,4.0,5.5,0.0,0.0,-0.5,4.0,6.44,3.0,2.0,12.5,25.0,5.94,0.0,0.0,0.0,0.0,6.546666666666667,2.3333333333333335,1.0,8.0,15.333333333333334,6.0239393939393935,0.0,0.0,0.0,0.0,44.0,12.0,36.0,15.0,13.0,12.0,,5.0
2019-20,244,Ghiglione,difensore,Genoa,Frosinone,1.0,1.0,6.043478260869565,0.0,5.0,3.0,23.0,5.944444444444445,1.0,0.0,1.0,9.0,5.833333333333333,0.0,0.0,0.0,0.0,5.944444444444445,1.0,0.0,1.0,9.0,5.833333333333333,0.0,0.0,0.0,0.0,24.0,19.0,37.0,18.0,2.0,4.0,,3.0
2020-21,244,Ghiglione,difensore,Genoa,Genoa,0.0,2.0,5.978260869565218,0.0,4.0,2.0,23.0,6.043478260869565,0.0,5.0,3.0,23.0,5.913043478260869,0.0,0.0,0.0,0.0,5.993961352657005,0.5,2.5,2.0,16.0,5.8731884057971016,0.0,0.0,0.0,0.0,36.0,17.0,,,3.0,6.0,,6.0
2021-22,244,Ghiglione,difensore,Genoa,Genoa,0.0,3.0,5.590909090909091,0.0,1.0,-0.5,11.0,5.978260869565218,0.0,4.0,2.0,23.0,5.891304347826087,0.0,0.0,0.0,0.0,5.988727858293076,0.3333333333333333,3.0,2.0,18.333333333333332,5.879227053140096,0.0,0.0,0.0,0.0,39.0,14.0,,,6.0,6.0,,4.0
2022-23,244,Ghiglione,difensore,Cremonese,Genoa,1.0,4.0,6.0,1.0,1.0,2.0,11.0,5.590909090909091,0.0,1.0,-0.5,11.0,5.636363636363637,0.0,0.0,0.0,0.0,5.870882740447958,0.0,3.3333333333333335,1.5,19.0,5.813570487483531,0.0,0.0,0.0,0.0,28.0,19.0,,,4.0,1.0,,5.0
2019-20,819,Favilli,attaccante,Genoa,Genoa,0.0,1.0,5.566666666666666,0.0,0.0,-2.0,15.0,5.9,0.0,1.0,1.0,5.0,5.7,0.0,0.0,0.0,0.0,5.9,0.0,1.0,1.0,5.0,5.7,0.0,0.0,0.0,0.0,37.0,18.0,,,10.0,6.0,,5.0
2020-21,819,Favilli,attaccante,Verona,Genoa,1.0,2.0,6.555555555555555,2.0,0.0,5.5,9.0,5.566666666666666,0.0,0.0,-2.0,15.0,5.7,0.0,0.0,0.0,0.0,5.733333333333333,0.0,0.5,-0.5,10.0,5.7,0.0,0.0,0.0,0.0,36.0,17.0,49.0,9.0,5.0,2.0,,5.0
2021-22,819,Favilli,attaccante,Genoa,Verona,1.0,3.0,5.5,0.0,0.0,0.0,1.0,6.555555555555555,2.0,0.0,5.5,9.0,5.944444444444445,0.0,0.0,0.0,0.0,6.007407407407407,0.6666666666666666,0.3333333333333333,1.5,9.666666666666666,5.781481481481482,0.0,0.0,0.0,0.0,44.0,10.0,39.0,14.0,5.0,5.0,,3.0
2019-20,2692,Castillejo,attaccante,Milan,Milan,0.0,1.0,6.605263157894737,2.0,3.0,7.5,19.0,6.545454545454546,4.0,2.0,13.0,22.0,5.954545454545454,0.0,0.0,0.0,0.0,6.545454545454546,4.0,2.0,13.0,22.0,5.954545454545454,0.0,0.0,0.0,0.0,65.0,5.0,,,16.0,14.0,,10.0
2020-21,2692,Castillejo,centrocampista,Milan,Milan,0.0,2.0,5.916666666666667,1.0,0.0,1.0,24.0,6.605263157894737,2.0,3.0,7.5,19.0,6.2105263157894735,0.0,0.0,0.0,0.0,6.5753588516746415,3.0,2.5,10.25,20.5,6.082535885167464,0.0,0.0,0.0,0.0,63.0,6.0,,,10.0,11.0,,13.0
2021-22,2692,Castillejo,centrocampista,Milan,Milan,0.0,3.0,6.166666666666667,0.0,0.0,-0.5,3.0,5.916666666666667,1.0,0.0,1.0,24.0,5.875,0.0,0.0,0.0,0.0,6.355794790005317,2.3333333333333335,1.6666666666666667,7.166666666666667,21.666666666666668,6.013357256778309,0.0,0.0,0.0,0.0,76.0,4.0,,,13.0,6.0,,6.0
2019-20,2857,Traore' Hj.,centrocampista,Sassuolo,Empoli,1.0,1.0,6.482142857142857,4.0,1.0,11.5,28.0,6.283333333333333,2.0,2.0,6.0,30.0,6.083333333333333,0.0,0.0,0.0,0.0,6.283333333333333,2.0,2.0,6.0,30.0,6.083333333333333,0.0,0.0,0.0,0.0,38.0,17.0,43.0,10.0,1.0,12.0,,11.0
2020-21,2857,Traore' Hj.,centrocampista,Sassuolo,Sassuolo,0.0,2.0,6.578125,5.0,2.0,14.0,32.0,6.482142857142857,4.0,1.0,11.5,28.0,6.071428571428571,0.0,0.0,0.0,0.0,6.3827380952380945,3.0,1.5,8.75,29.0,6.0773809523809526,0.0,0.0,0.0,0.0,51.0,8.0,,,11.0,14.0,,8.0
2021-22,2857,Traore' Hj.,centrocampista,Sassuolo,Sassuolo,0.0,3.0,6.928571428571429,7.0,1.0,20.5,28.0,6.578125,5.0,2.0,14.0,32.0,6.140625,0.0,0.0,0.0,0.0,6.4478670634920645,3.6666666666666665,1.6666666666666667,10.5,30.0,6.098462301587301,0.0,0.0,0.0,0.0,59.0,8.0,,,8.0,15.0,,14.0
2022-23,2857,Traore' Hj.,centrocampista,Sassuolo,Sassuolo,0.0,4.0,6.0,0.0,3.0,2.5,11.0,6.928571428571429,7.0,1.0,20.5,28.0,6.196428571428571,0.0,0.0,0.0,0.0,6.662946428571428,5.333333333333333,1.3333333333333333,15.333333333333334,29.333333333333332,6.136160714285714,0.0,0.0,0.0,0.0,50.0,11.0,,,14.0,20.0,,18.0
2023-24,2857,Traore' Hj.,centrocampista,Napoli,Sassuolo,1.0,5.0,5.75,0.0,0.0,-0.5,8.0,6.0,0.0,3.0,2.5,11.0,5.7727272727272725,0.0,0.0,0.0,0.0,6.502232142857143,4.0,2.0,12.333333333333334,23.666666666666668,6.0365936147186146,0.0,0.0,0.0,0.0,45.0,13.0,87.0,1.0,18.0,9.0,0.0,7.0
2019-20,2855,Vieira,centrocampista,Sampdoria,Sampdoria,0.0,1.0,5.461538461538462,0.0,1.0,-5.0,26.0,5.7,0.0,0.0,-1.0,10.0,5.8,0.0,0.0,0.0,0.0,5.7,0.0,0.0,-1.0,10.0,5.8,0.0,0.0,0.0,0.0,50.0,9.0,,,6.0,5.0,,4.0
2020-21,2855,Vieira,centrocampista,Verona,Sampdoria,1.0,2.0,5.5,0.0,0.0,-0.5,4.0,5.461538461538462,0.0,1.0,-5.0,26.0,5.653846153846154,0.0,0.0,0.0,0.0,5.580769230769231,0.0,0.5,-3.0,18.0,5.726923076923077,0.0,0.0,0.0,0.0,41.0,15.0,49.0,9.0,4.0,3.0,,4.0
2021-22,2855,Vieira,centrocampista,Sampdoria,Verona,1.0,3.0,5.636363636363637,0.0,0.0,-1.5,11.0,5.5,0.0,0.0,-0.5,4.0,5.625,0.0,0.0,0.0,0.0,5.5538461538461545,0.0,0.3333333333333333,-2.1666666666666665,13.333333333333334,5.692948717948718,0.0,0.0,0.0,0.0,44.0,10.0,49.0,9.0,4.0,1.0,,4.0
2022-23,2855,Vieira,centrocampista,Torino,Sampdoria,1.0,4.0,5.533333333333333,0.0,0.0,-1.5,15.0,5.636363636363637,0.0,0.0,-1.5,11.0,5.7727272727272725,0.0,0.0,0.0,0.0,5.532634032634033,0.0,0.3333333333333333,-2.3333333333333335,13.666666666666666,5.683857808857809,0.0,0.0,0.0,0.0,36.0,15.0,50.0,10.0,4.0,4.0,,4.0
2019-20,2744,Svanberg,centrocampista,Bologna,Bologna,0.0,1.0,6.111111111111111,1.0,1.0,3.0,18.0,5.714285714285714,0.0,2.0,1.0,21.0,5.666666666666667,0.0,0.0,0.0,0.0,5.714285714285714,0.0,2.0,1.0,21.0,5.666666666666667,0.0,0.0,0.0,0.0,41.0,12.0,,,3.0,6.0,,3.0
2020-21,2744,Svanberg,centrocampista,Bologna,Bologna,0.0,2.0,6.359375,5.0,2.0,13.0,32.0,6.111111111111111,1.0,1.0,3.0,18.0,5.944444444444445,0.0,0.0,0.0,0.0,5.912698412698413,0.5,1.5,2.0,19.5,5.805555555555555,0.0,0.0,0.0,0.0,46.0,12.0,,,3.0,6.0,,4.0
2021-22,2744,Svanberg,centrocampista,Bologna,Bologna,0.0,3.0,6.228571428571429,3.0,3.0,8.5,35.0,6.359375,5.0,2.0,13.0,32.0,5.953125,0.0,0.0,0.0,0.0,6.061590608465608,2.0,1.6666666666666667,5.666666666666667,23.666666666666668,5.85474537037037,0.0,0.0,0.0,0.0,41.0,11.0,,,4.0,13.0,,12.0
2019-20,2869,Djidji,difensore,Torino,Torino,0.0,1.0,5.115384615384615,0.0,0.0,-2.5,13.0,5.90625,0.0,0.0,-1.0,16.0,5.96875,0.0,0.0,0.0,0.0,5.90625,0.0,0.0,-1.0,16.0,5.96875,0.0,0.0,0.0,0.0,60.0,7.0,,,5.0,7.0,,7.0
2020-21,2869,Djidji,difensore,Crotone,Torino,1.0,2.0,5.638888888888889,1.0,0.0,1.0,18.0,5.115384615384615,0.0,0.0,-2.5,13.0,5.3076923076923075,0.0,0.0,0.0,0.0,5.5108173076923075,0.0,0.0,-1.75,14.5,5.638221153846153,0.0,0.0,0.0,0.0,39.0,16.0,,,7.0,2.0,,2.0
2021-22,2869,Djidji,difensore,Torino,Crotone,1.0,3.0,5.75,0.0,0.0,-3.0,24.0,5.638888888888889,1.0,0.0,1.0,18.0,5.583333333333333,0.0,0.0,0.0,0.0,5.553507834757835,0.3333333333333333,0.0,-0.8333333333333334,15.666666666666666,5.619925213675214,0.0,0.0,0.0,0.0,22.0,19.0,36.0,17.0,2.0,5.0,,2.0
2022-23,2869,Djidji,difensore,Torino,Torino,0.0,4.0,5.8125,1.0,0.0,1.5,32.0,5.75,0.0,0.0,-3.0,24.0,5.875,0.0,0.0,0.0,0.0,5.501424501424502,0.3333333333333333,0.0,-1.5,18.333333333333332,5.588675213675213,0.0,0.0,0.0,0.0,50.0,10.0,,,2.0,4.0,,5.0
2023-24,2869,Djidji,difensore,Torino,Torino,0.0,5.0,5.875,0.0,0.0,-1.0,12.0,5.8125,1.0,0.0,1.5,32.0,5.765625,0.0,0.0,0.0,0.0,5.733796296296297,0.6666666666666666,0.0,-0.16666666666666666,24.666666666666668,5.741319444444444,0.0,0.0,0.0,0.0,53.0,9.0,,,5.0,7.0,4.0,6.0
2019-20,2747,Paz,difensore,Lecce,Bologna,1.0,1.0,5.423076923076923,0.0,1.0,-1.5,13.0,5.25,0.0,0.0,-0.5,2.0,5.5,0.0,0.0,0.0,0.0,5.25,0.0,0.0,-0.5,2.0,5.5,0.0,0.0,0.0,0.0,41.0,12.0,,,4.0,2.0,,1.0
2020-21,2747,Paz,difensore,Bologna,Lecce,1.0,2.0,6.5,1.0,0.0,3.0,6.0,5.423076923076923,0.0,1.0,-1.5,13.0,5.538461538461538,0.0,0.0,0.0,0.0,5.336538461538462,0.0,0.5,-1.0,7.5,5.519230769230769,0.0,0.0,0.0,0.0,35.0,18.0,46.0,12.0,1.0,2.0,,1.0
2019-20,2860,Malcuit,difensore,Napoli,Napoli,0.0,1.0,6.0,0.0,0.0,0.0,3.0,6.1521739130434785,0.0,2.0,1.0,23.0,6.108695652173913,0.0,0.0,0.0,0.0,6.1521739130434785,0.0,2.0,1.0,23.0,6.108695652173913,0.0,0.0,0.0,0.0,79.0,2.0,,,7.0,10.0,,8.0
2020-21,2860,Malcuit,difensore,Fiorentina,Napoli,1.0,2.0,5.7,0.0,0.0,0.0,5.0,6.0,0.0,0.0,0.0,3.0,6.0,0.0,0.0,0.0,0.0,6.076086956521739,0.0,1.0,0.5,13.0,6.054347826086957,0.0,0.0,0.0,0.0,59.0,7.0,46.0,10.0,8.0,1.0,,4.0
2021-22,2860,Malcuit,difensore,Napoli,Fiorentina,1.0,3.0,5.375,0.0,1.0,-0.5,4.0,5.7,0.0,0.0,0.0,5.0,5.7,0.0,0.0,0.0,0.0,5.95072463768116,0.0,0.6666666666666666,0.3333333333333333,10.333333333333334,5.936231884057971,0.0,0.0,0.0,0.0,39.0,13.0,76.0,3.0,4.0,1.0,,3.0
2019-20,2775,Ruiz,centrocampista,Napoli,Napoli,0.0,1.0,6.393939393939394,3.0,6.0,14.0,33.0,6.888888888888889,5.0,3.0,16.0,27.0,6.296296296296297,0.0,0.0,0.0,0.0,6.888888888888889,5.0,3.0,16.0,27.0,6.296296296296297,0.0,0.0,0.0,0.0,79.0,2.0,,,14.0,16.0,,17.0
2020-21,2775,Ruiz,centrocampista,Napoli,Napoli,0.0,2.0,6.296875,3.0,0.0,8.5,32.0,6.393939393939394,3.0,6.0,14.0,33.0,5.96969696969697,0.0,0.0,0.0,0.0,6.641414141414142,4.0,4.5,15.0,30.0,6.132996632996633,0.0,0.0,0.0,0.0,59.0,7.0,,,17.0,13.0,,14.0
2021-22,2775,Ruiz,centrocampista,Napoli,Napoli,0.0,3.0,7.193548387096774,7.0,4.0,24.0,31.0,6.296875,3.0,0.0,8.5,32.0,6.03125,0.0,0.0,0.0,0.0,6.526567760942761,3.6666666666666665,3.0,12.833333333333334,30.666666666666668,6.0990810886644224,0.0,0.0,0.0,0.0,76.0,3.0,,,14.0,12.0,,17.0
2019-20,2728,Pellegrini Lu.,difensore,Cagliari,Cagliari,0.0,1.0,6.041666666666667,0.0,5.0,0.0,24.0,5.84375,0.0,2.0,-1.0,16.0,5.90625,0.0,0.0,0.0,0.0,5.84375,0.0,2.0,-1.0,16.0,5.90625,0.0,0.0,0.0,0.0,41.0,13.0,,,3.0,6.0,,6.0
2020-21,2728,Pellegrini Lu.,difensore,Genoa,Cagliari,1.0,2.0,5.409090909090909,0.0,1.0,-2.0,11.0,6.041666666666667,0.0,5.0,0.0,24.0,6.041666666666667,0.0,0.0,0.0,0.0,5.942708333333334,0.0,3.5,-0.5,20.0,5.973958333333334,0.0,0.0,0.0,0.0,45.0,13.0,36.0,17.0,6.0,6.0,,5.0
2021-22,2728,Pellegrini Lu.,difensore,Juventus,Genoa,1.0,3.0,5.970588235294118,0.0,1.0,-2.0,17.0,5.409090909090909,0.0,1.0,-2.0,11.0,5.590909090909091,0.0,0.0,0.0,0.0,5.764835858585859,0.0,2.6666666666666665,-1.0,17.0,5.846275252525253,0.0,0.0,0.0,0.0,39.0,14.0,75.0,5.0,5.0,1.0,,4.0
2022-23,2728,Pellegrini Lu.,difensore,Lazio,Juventus,1.0,4.0,5.833333333333333,0.0,0.0,-1.0,3.0,5.970588235294118,0.0,1.0,-2.0,17.0,6.088235294117647,0.0,0.0,0.0,0.0,5.807115270350565,0.0,2.3333333333333335,-1.3333333333333333,17.333333333333332,5.906937017231136,0.0,0.0,0.0,0.0,70.0,4.0,63.0,5.0,4.0,5.0,,7.0
2023-24,2728,Pellegrini Lu.,difensore,Lazio,Lazio,0.0,5.0,5.764705882352941,1.0,0.0,-0.5,17.0,5.833333333333333,0.0,0.0,-1.0,3.0,6.166666666666667,0.0,0.0,0.0,0.0,5.737670825906121,0.0,0.6666666666666666,-1.6666666666666667,10.333333333333334,5.948603683897801,0.0,0.0,0.0,0.0,71.0,2.0,,,7.0,3.0,3.5,4.0
2024-25,2728,Pellegrini Lu.,difensore,Lazio,Lazio,0.0,6.0,6.105263157894737,0.0,3.0,0.5,19.0,5.764705882352941,1.0,0.0,-0.5,17.0,5.794117647058823,0.0,0.0,0.0,0.0,5.856209150326798,0.3333333333333333,0.3333333333333333,-1.1666666666666667,12.333333333333334,6.016339869281045,0.0,0.0,0.0,0.0,60.0,7.0,,,4.0,4.0,6.0,3.0
2025-26,2728,Pellegrini Lu.,difensore,Lazio,Lazio,0.0,7.0,5.8125,1.0,0.0,-1.0,24.0,6.105263157894737,0.0,3.0,0.5,19.0,6.078947368421052,0.0,0.0,0.0,0.0,5.90110079119367,0.3333333333333333,1.0,-0.3333333333333333,13.0,6.0132438940488475,0.0,0.0,0.0,0.0,65.0,6.0,,,3.0,8.0,6.5,3.0
2019-20,2766,Zaniolo,centrocampista,Roma,Roma,0.0,1.0,6.8,6.0,2.0,16.0,25.0,6.5,4.0,2.0,10.0,27.0,6.12962962962963,0.0,0.0,0.0,0.0,6.5,4.0,2.0,10.0,27.0,6.12962962962963,0.0,0.0,0.0,0.0,63.0,6.0,,,1.0,10.0,,16.0
2022-23,2766,Zaniolo,centrocampista,Roma,Roma,0.0,3.0,5.884615384615385,1.0,0.0,1.0,13.0,6.018518518518518,2.0,1.0,0.5,27.0,6.0,0.0,0.0,0.0,0.0,6.409259259259259,4.0,1.5,8.25,26.0,6.08,0.0,0.0,0.0,0.0,60.0,6.0,,,19.0,9.0,,19.0
2025-26,2766,Zaniolo,centrocampista,Udinese,Fiorentina,1.0,5.0,6.774193548387097,5.0,5.0,16.0,31.0,6.222222222222222,2.0,1.0,3.5,18.0,6.027777777777778,0.0,0.0,0.0,0.0,6.053418803418804,1.5,0.5,2.25,15.5,5.917735042735043,0.0,0.0,0.0,0.0,62.0,7.0,44.0,12.0,13.0,7.0,5.5,11.0
2021-22,2814,Provedel,portiere,Spezia,Spezia,0.0,2.0,4.483870967741935,0.0,0.0,-55.0,31.0,4.241379310344827,0.0,0.0,-52.5,29.0,6.051724137931035,0.0,0.0,0.0,0.0,3.9175646551724137,0.0,0.0,-44.25,22.5,5.947737068965518,0.0,0.0,0.0,0.0,38.0,15.0,,,1.0,6.0,,1.0
2022-23,2814,Provedel,portiere,Lazio,Spezia,1.0,3.0,5.4605263157894735,0.0,0.0,-30.5,38.0,4.483870967741935,0.0,0.0,-55.0,31.0,6.258064516129032,0.0,0.0,0.0,0.0,4.362625139043381,0.0,0.0,-53.75,30.0,6.154894327030034,0.0,0.0,0.0,0.0,36.0,16.0,63.0,5.0,1.0,8.0,,7.0
2023-24,2814,Provedel,portiere,Lazio,Lazio,0.0,4.0,5.133333333333334,0.0,0.0,-33.0,30.0,5.4605263157894735,0.0,0.0,-30.5,38.0,6.2631578947368425,0.0,0.0,0.0,0.0,4.728592197958745,0.0,0.0,-46.0,32.666666666666664,6.190982182932303,0.0,0.0,0.0,0.0,71.0,2.0,,,7.0,17.0,39.0,16.0
2024-25,2814,Provedel,portiere,Lazio,Lazio,0.0,5.0,4.5344827586206895,0.0,0.0,-42.0,29.0,5.133333333333334,0.0,0.0,-33.0,30.0,6.233333333333333,0.0,0.0,0.0,0.0,5.025910205621581,0.0,0.0,-39.5,33.0,6.251518581399736,0.0,0.0,0.0,0.0,60.0,7.0,,,16.0,12.0,27.5,12.0
2025-26,2814,Provedel,portiere,Lazio,Lazio,0.0,6.0,5.351851851851852,0.0,0.0,-24.5,27.0,4.5344827586206895,0.0,0.0,-42.0,29.0,5.982758620689655,0.0,0.0,0.0,0.0,5.042780802581166,0.0,0.0,-35.166666666666664,32.333333333333336,6.159749949586611,0.0,0.0,0.0,0.0,65.0,6.0,,,12.0,7.0,0.5,12.0
2019-20,4307,Romero,difensore,Genoa,Genoa,0.0,1.0,5.75,1.0,1.0,-3.5,30.0,6.0,2.0,1.0,0.0,27.0,6.0,0.0,0.0,0.0,0.0,6.0,2.0,1.0,0.0,27.0,6.0,0.0,0.0,0.0,0.0,37.0,18.0,,,1.0,9.0,,9.0
2020-21,4307,Romero,difensore,Atalanta,Genoa,1.0,2.0,6.435483870967742,2.0,2.0,3.0,31.0,5.75,1.0,1.0,-3.5,30.0,5.866666666666666,0.0,0.0,0.0,0.0,5.875,1.5,1.0,-1.75,28.5,5.933333333333334,0.0,0.0,0.0,0.0,36.0,17.0,78.0,3.0,9.0,5.0,,9.0
2019-20,2771,Berisha V.,centrocampista,Lazio,Lazio,0.0,1.0,6.0,0.0,0.0,0.0,1.0,6.0,0.0,0.0,0.0,5.0,6.0,0.0,0.0,0.0,0.0,6.0,0.0,0.0,0.0,5.0,6.0,0.0,0.0,0.0,0.0,59.0,8.0,,,11.0,7.0,,5.0
2019-20,2793,Opoku,difensore,Udinese,Udinese,0.0,1.0,5.571428571428571,0.0,0.0,-1.5,7.0,5.2272727272727275,0.0,0.0,-2.5,11.0,5.454545454545454,0.0,0.0,0.0,0.0,5.2272727272727275,0.0,0.0,-2.5,11.0,5.454545454545454,0.0,0.0,0.0,0.0,40.0,16.0,,,3.0,4.0,,2.0
2019-20,2792,Musso,portiere,Udinese,Udinese,0.0,1.0,5.078947368421052,0.0,0.0,-45.5,38.0,4.810344827586207,0.0,0.0,-42.0,29.0,6.258620689655173,0.0,0.0,0.0,0.0,4.810344827586207,0.0,0.0,-42.0,29.0,6.258620689655173,0.0,0.0,0.0,0.0,40.0,16.0,,,8.0,11.0,,9.0
2020-21,2792,Musso,portiere,Udinese,Udinese,0.0,2.0,4.6,0.0,0.0,-53.5,35.0,5.078947368421052,0.0,0.0,-45.5,38.0,6.276315789473684,0.0,0.0,0.0,0.0,4.94464609800363,0.0,0.0,-43.75,33.5,6.267468239564428,0.0,0.0,0.0,0.0,42.0,14.0,,,9.0,12.0,,11.0
2021-22,2792,Musso,portiere,Atalanta,Udinese,1.0,3.0,4.787878787878788,0.0,0.0,-43.5,33.0,4.6,0.0,0.0,-53.5,35.0,6.128571428571429,0.0,0.0,0.0,0.0,4.829764065335753,0.0,0.0,-47.0,34.0,6.221169302566762,0.0,0.0,0.0,0.0,40.0,12.0,78.0,2.0,11.0,9.0,,16.0
2022-23,2792,Musso,portiere,Atalanta,Atalanta,0.0,4.0,4.8478260869565215,0.0,0.0,-29.5,23.0,4.787878787878788,0.0,0.0,-43.5,33.0,6.106060606060606,0.0,0.0,0.0,0.0,4.822275385433279,0.0,0.0,-47.5,35.333333333333336,6.170315941368574,0.0,0.0,0.0,0.0,59.0,7.0,,,16.0,11.0,,13.0
2023-24,2792,Musso,portiere,Atalanta,Atalanta,0.0,5.0,5.045454545454546,0.0,0.0,-12.0,11.0,4.8478260869565215,0.0,0.0,-29.5,23.0,6.130434782608695,0.0,0.0,0.0,0.0,4.745234958278436,0.0,0.0,-42.166666666666664,30.333333333333332,6.121688939080244,0.0,0.0,0.0,0.0,61.0,6.0,,,13.0,9.0,2.5,3.0
2024-25,2792,Musso,portiere,Atalanta,Atalanta,0.0,6.0,6.0,0.0,0.0,0.0,1.0,5.045454545454546,0.0,0.0,-12.0,11.0,6.136363636363637,0.0,0.0,0.0,0.0,4.893719806763285,0.0,0.0,-28.333333333333332,22.333333333333332,6.124286341677646,0.0,0.0,0.0,0.0,66.0,5.0,,,3.0,5.0,2.5,3.0
2019-20,2795,Ter Avest,difensore,Udinese,Udinese,0.0,1.0,5.678571428571429,0.0,0.0,-0.5,14.0,6.0,0.0,1.0,1.0,13.0,5.923076923076923,0.0,0.0,0.0,0.0,6.0,0.0,1.0,1.0,13.0,5.923076923076923,0.0,0.0,0.0,0.0,40.0,16.0,,,3.0,6.0,,4.0
2020-21,2795,Ter Avest,difensore,Udinese,Udinese,0.0,2.0,5.4,0.0,0.0,0.0,5.0,5.678571428571429,0.0,0.0,-0.5,14.0,5.714285714285714,0.0,0.0,0.0,0.0,5.839285714285714,0.0,0.5,0.25,13.5,5.818681318681319,0.0,0.0,0.0,0.0,42.0,14.0,,,4.0,2.0,,4.0
2019-20,2804,Scozzarella,centrocampista,Parma,Parma,0.0,1.0,6.3,0.0,3.0,2.0,15.0,5.868421052631579,0.0,3.0,-1.0,19.0,5.921052631578948,0.0,0.0,0.0,0.0,5.868421052631579,0.0,3.0,-1.0,19.0,5.921052631578948,0.0,0.0,0.0,0.0,41.0,14.0,,,3.0,7.0,,4.0
2020-21,2804,Scozzarella,centrocampista,Parma,Parma,0.0,2.0,5.333333333333333,0.0,0.0,-0.5,3.0,6.3,0.0,3.0,2.0,15.0,6.166666666666667,0.0,0.0,0.0,0.0,6.08421052631579,0.0,3.0,0.5,17.0,6.043859649122807,0.0,0.0,0.0,0.0,46.0,11.0,,,4.0,5.0,,4.0
2019-20,1876,Pajac,difensore,Genoa,Empoli,1.0,1.0,5.6,0.0,0.0,-0.5,10.0,6.346153846153846,2.0,1.0,4.5,13.0,6.0,0.0,0.0,0.0,0.0,6.346153846153846,2.0,1.0,4.5,13.0,6.0,0.0,0.0,0.0,0.0,38.0,17.0,37.0,18.0,2.0,7.0,,5.0
2019-20,2776,Younes,attaccante,Napoli,Napoli,0.0,1.0,6.5,1.0,0.0,2.5,4.0,7.2272727272727275,3.0,2.0,10.5,11.0,6.2727272727272725,0.0,0.0,0.0,0.0,7.2272727272727275,3.0,2.0,10.5,11.0,6.2727272727272725,0.0,0.0,0.0,0.0,79.0,2.0,,,3.0,9.0,,8.0
2019-20,2773,Sprocati,attaccante,Parma,Parma,0.0,1.0,6.0,1.0,0.0,3.0,13.0,5.916666666666667,1.0,0.0,3.0,12.0,5.666666666666667,0.0,0.0,0.0,0.0,5.916666666666667,1.0,0.0,3.0,12.0,5.666666666666667,0.0,0.0,0.0,0.0,41.0,14.0,,,1.0,5.0,,6.0
2020-21,2773,Sprocati,attaccante,Parma,Parma,0.0,2.0,5.5,0.0,0.0,0.0,1.0,6.0,1.0,0.0,3.0,13.0,5.769230769230769,0.0,0.0,0.0,0.0,5.958333333333334,1.0,0.0,3.0,12.5,5.717948717948718,0.0,0.0,0.0,0.0,46.0,11.0,,,6.0,4.0,,2.0
2019-20,2841,Vlahovic,attaccante,Fiorentina,Fiorentina,0.0,1.0,6.462962962962963,5.0,0.0,15.0,27.0,5.625,0.0,0.0,0.0,4.0,5.625,0.0,0.0,0.0,0.0,5.625,0.0,0.0,0.0,4.0,5.625,0.0,0.0,0.0,0.0,40.0,15.0,,,1.0,3.0,,4.0
2020-21,2841,Vlahovic,attaccante,Fiorentina,Fiorentina,0.0,2.0,8.013513513513514,15.0,2.0,64.5,37.0,6.462962962962963,5.0,0.0,15.0,27.0,5.907407407407407,0.0,0.0,0.0,0.0,6.043981481481481,2.5,0.0,7.5,15.5,5.766203703703704,0.0,0.0,0.0,0.0,46.0,10.0,,,4.0,14.0,,18.0
2021-22,2841,Vlahovic,attaccante,Juventus,Fiorentina,1.0,3.0,8.347222222222221,19.0,3.0,70.0,36.0,8.013513513513514,15.0,2.0,64.5,37.0,6.27027027027027,0.0,0.0,0.0,0.0,6.700492158825493,6.666666666666667,0.6666666666666666,26.5,22.666666666666668,5.934225892559226,0.0,0.0,0.0,0.0,39.0,13.0,75.0,5.0,18.0,34.0,,34.0
2022-23,2841,Vlahovic,attaccante,Juventus,Juventus,0.0,4.0,7.16,8.0,1.0,27.5,25.0,8.347222222222221,19.0,3.0,70.0,36.0,6.402777777777778,0.0,0.0,0.0,0.0,7.607899566232899,13.0,1.6666666666666667,49.833333333333336,33.333333333333336,6.193485151818486,0.0,0.0,0.0,0.0,70.0,4.0,,,34.0,38.0,,40.0
2023-24,2841,Vlahovic,attaccante,Juventus,Juventus,0.0,5.0,7.424242424242424,14.0,3.0,41.0,33.0,7.16,8.0,1.0,27.5,25.0,6.06,0.0,0.0,0.0,0.0,7.840245245245245,14.0,2.0,54.0,32.666666666666664,6.244349349349349,0.0,0.0,0.0,0.0,69.0,4.0,,,40.0,23.0,66.0,28.0
2024-25,2841,Vlahovic,attaccante,Juventus,Juventus,0.0,6.0,7.38,6.0,3.0,31.5,25.0,7.424242424242424,14.0,3.0,41.0,33.0,6.181818181818182,0.0,0.0,0.0,0.0,7.643821548821549,13.666666666666666,2.3333333333333335,46.166666666666664,31.333333333333332,6.2148653198653205,0.0,0.0,0.0,0.0,68.0,4.0,,,28.0,27.0,175.0,37.0
2025-26,2841,Vlahovic,attaccante,Juventus,Juventus,0.0,7.0,7.305555555555555,6.0,0.0,21.0,18.0,7.38,6.0,3.0,31.5,25.0,6.12,0.0,0.0,0.0,0.0,7.321414141414142,9.333333333333334,2.3333333333333335,33.333333333333336,27.666666666666668,6.12060606060606,0.0,0.0,0.0,0.0,67.0,4.0,,,37.0,24.0,81.5,24.0
2019-20,2833,Kulusevski,centrocampista,Parma,Atalanta,1.0,1.0,7.430555555555555,9.0,8.0,36.5,36.0,5.5,0.0,0.0,0.0,3.0,5.5,0.0,0.0,0.0,0.0,5.5,0.0,0.0,0.0,3.0,5.5,0.0,0.0,0.0,0.0,66.0,3.0,41.0,14.0,1.0,2.0,,4.0
2020-21,2833,Kulusevski,centrocampista,Juventus,Parma,1.0,2.0,6.426470588235294,4.0,3.0,11.5,34.0,7.430555555555555,9.0,8.0,36.5,36.0,6.416666666666667,0.0,0.0,0.0,0.0,6.465277777777778,4.5,4.0,18.25,19.5,5.958333333333334,0.0,0.0,0.0,0.0,46.0,11.0,83.0,1.0,4.0,27.0,,26.0
2021-22,2833,Kulusevski,centrocampista,Juventus,Juventus,0.0,3.0,6.433333333333334,1.0,3.0,5.5,15.0,6.426470588235294,4.0,3.0,11.5,34.0,6.088235294117647,0.0,0.0,0.0,0.0,6.4523420479302835,4.333333333333333,3.6666666666666665,16.0,24.333333333333332,6.001633986928105,0.0,0.0,0.0,0.0,75.0,5.0,,,26.0,16.0,,20.0
2019-20,4322,Paqueta',centrocampista,Milan,Milan,0.0,1.0,5.5,0.0,1.0,-2.5,20.0,6.1923076923076925,1.0,1.0,1.0,13.0,6.115384615384615,0.0,0.0,0.0,0.0,6.1923076923076925,1.0,1.0,1.0,13.0,6.115384615384615,0.0,0.0,0.0,0.0,65.0,5.0,,,13.0,13.0,,15.0
2019-20,4324,Okaka,attaccante,Udinese,Udinese,0.0,1.0,6.666666666666667,8.0,2.0,21.0,33.0,7.5,6.0,1.0,17.0,14.0,6.285714285714286,0.0,0.0,0.0,0.0,7.5,6.0,1.0,17.0,14.0,6.285714285714286,0.0,0.0,0.0,0.0,40.0,16.0,,,10.0,16.0,,20.0
2020-21,4324,Okaka,attaccante,Udinese,Udinese,0.0,2.0,6.363636363636363,4.0,1.0,12.0,22.0,6.666666666666667,8.0,2.0,21.0,33.0,6.03030303030303,0.0,0.0,0.0,0.0,7.083333333333334,7.0,1.5,19.0,23.5,6.158008658008658,0.0,0.0,0.0,0.0,42.0,14.0,,,20.0,18.0,,15.0
2021-22,4324,Okaka,attaccante,Udinese,Udinese,0.0,3.0,6.5,0.0,0.0,0.0,1.0,6.363636363636363,4.0,1.0,12.0,22.0,5.818181818181818,0.0,0.0,0.0,0.0,6.843434343434343,6.0,1.3333333333333333,16.666666666666668,23.0,6.044733044733044,0.0,0.0,0.0,0.0,40.0,12.0,,,15.0,13.0,,12.0
2019-20,479,Sanabria,attaccante,Genoa,Genoa,0.0,1.0,6.804347826086956,6.0,2.0,18.5,23.0,6.178571428571429,3.0,0.0,5.5,14.0,5.785714285714286,0.0,0.0,0.0,0.0,6.178571428571429,3.0,0.0,5.5,14.0,5.785714285714286,0.0,0.0,0.0,0.0,37.0,18.0,,,11.0,11.0,,10.0
2020-21,479,Sanabria,attaccante,Torino,Genoa,1.0,2.0,7.0,5.0,1.0,15.0,14.0,6.804347826086956,6.0,2.0,18.5,23.0,6.0,0.0,0.0,0.0,0.0,6.491459627329192,4.5,1.0,12.0,18.5,5.892857142857142,0.0,0.0,0.0,0.0,36.0,17.0,39.0,16.0,10.0,13.0,,12.0
2021-22,479,Sanabria,attaccante,Torino,Torino,0.0,3.0,6.88,6.0,1.0,17.5,25.0,7.0,5.0,1.0,15.0,14.0,5.928571428571429,0.0,0.0,0.0,0.0,6.660973084886128,4.666666666666667,1.0,13.0,17.0,5.904761904761905,0.0,0.0,0.0,0.0,36.0,17.0,,,12.0,12.0,,15.0
2022-23,479,Sanabria,attaccante,Torino,Torino,0.0,4.0,7.516129032258065,11.0,4.0,38.5,31.0,6.88,6.0,1.0,17.5,25.0,6.18,0.0,0.0,0.0,0.0,6.894782608695652,5.666666666666667,1.3333333333333333,17.0,20.666666666666668,6.036190476190477,0.0,0.0,0.0,0.0,50.0,10.0,,,15.0,16.0,,21.0
2023-24,479,Sanabria,attaccante,Torino,Torino,0.0,5.0,6.242857142857143,3.0,0.0,14.0,35.0,7.516129032258065,11.0,4.0,38.5,31.0,6.274193548387097,0.0,0.0,0.0,0.0,7.132043010752689,7.333333333333333,2.0,23.666666666666668,23.333333333333332,6.127588325652842,0.0,0.0,0.0,0.0,53.0,9.0,,,21.0,28.0,66.5,24.0
2024-25,479,Sanabria,attaccante,Torino,Torino,0.0,6.0,5.840909090909091,2.0,1.0,3.0,22.0,6.242857142857143,3.0,0.0,14.0,35.0,5.8428571428571425,0.0,0.0,0.0,0.0,6.879662058371736,6.666666666666667,1.6666666666666667,23.333333333333332,30.333333333333332,6.0990168970814125,0.0,0.0,0.0,0.0,53.0,9.0,,,24.0,12.0,25.0,10.0
2025-26,479,Sanabria,attaccante,Cremonese,Torino,1.0,7.0,5.891304347826087,1.0,1.0,3.0,23.0,5.840909090909091,2.0,1.0,3.0,22.0,5.704545454545454,0.0,0.0,0.0,0.0,6.533298422008099,5.333333333333333,1.6666666666666667,18.5,29.333333333333332,5.940532048596565,0.0,0.0,0.0,0.0,44.0,11.0,,,10.0,5.0,5.0,7.0
2019-20,4323,Zeegelaar,difensore,Udinese,Udinese,0.0,1.0,5.791666666666667,0.0,2.0,0.5,12.0,5.166666666666667,0.0,0.0,-3.5,12.0,5.458333333333333,0.0,0.0,0.0,0.0,5.166666666666667,0.0,0.0,-3.5,12.0,5.458333333333333,0.0,0.0,0.0,0.0,40.0,16.0,,,2.0,3.0,,3.0
2020-21,4323,Zeegelaar,difensore,Udinese,Udinese,0.0,2.0,5.791666666666667,1.0,0.0,0.0,24.0,5.791666666666667,0.0,2.0,0.5,12.0,5.75,0.0,0.0,0.0,0.0,5.479166666666667,0.0,1.0,-1.5,12.0,5.604166666666666,0.0,0.0,0.0,0.0,42.0,14.0,,,3.0,5.0,,4.0
2021-22,4323,Zeegelaar,difensore,Udinese,Udinese,0.0,3.0,5.5,0.0,0.0,-1.0,12.0,5.791666666666667,1.0,0.0,0.0,24.0,5.791666666666667,0.0,0.0,0.0,0.0,5.583333333333333,0.3333333333333333,0.6666666666666666,-1.0,16.0,5.666666666666667,0.0,0.0,0.0,0.0,40.0,12.0,,,4.0,5.0,,7.0
2022-23,4323,Zeegelaar,difensore,Udinese,Udinese,0.0,4.0,6.0,1.0,0.0,1.5,6.0,5.5,0.0,0.0,-1.0,12.0,5.583333333333333,0.0,0.0,0.0,0.0,5.6944444444444455,0.3333333333333333,0.6666666666666666,-0.16666666666666666,16.0,5.708333333333333,0.0,0.0,0.0,0.0,44.0,12.0,,,7.0,2.0,,2.0
2019-20,4330,Lerager,centrocampista,Genoa,Genoa,0.0,1.0,5.785714285714286,1.0,1.0,1.5,21.0,5.75,1.0,0.0,1.0,14.0,5.678571428571429,0.0,0.0,0.0,0.0,5.75,1.0,0.0,1.0,14.0,5.678571428571429,0.0,0.0,0.0,0.0,37.0,18.0,,,6.0,6.0,,6.0
2020-21,4330,Lerager,centrocampista,Genoa,Genoa,0.0,2.0,5.8125,0.0,1.0,1.0,16.0,5.785714285714286,1.0,1.0,1.5,21.0,5.714285714285714,0.0,0.0,0.0,0.0,5.767857142857142,1.0,0.5,1.25,17.5,5.696428571428571,0.0,0.0,0.0,0.0,36.0,17.0,,,6.0,4.0,,5.0
2023-24,666,Machin,centrocampista,Monza,Monza,0.0,2.0,5.8125,0.0,0.0,-1.0,8.0,5.904761904761905,0.0,2.0,0.0,21.0,5.904761904761905,0.0,0.0,0.0,0.0,5.904761904761905,0.0,2.0,0.0,21.0,5.904761904761905,0.0,0.0,0.0,0.0,52.0,10.0,,,4.0,5.0,4.0,5.0
2019-20,4332,Demiral,difensore,Juventus,Sassuolo,1.0,1.0,6.833333333333333,1.0,1.0,3.5,6.0,6.607142857142857,2.0,0.0,4.5,14.0,6.285714285714286,0.0,0.0,0.0,0.0,6.607142857142857,2.0,0.0,4.5,14.0,6.285714285714286,0.0,0.0,0.0,0.0,43.0,10.0,90.0,1.0,3.0,10.0,,8.0
2020-21,4332,Demiral,difensore,Juventus,Juventus,0.0,2.0,6.136363636363637,0.0,1.0,0.5,11.0,6.833333333333333,1.0,1.0,3.5,6.0,6.25,0.0,0.0,0.0,0.0,6.720238095238095,1.5,0.5,4.0,10.0,6.267857142857142,0.0,0.0,0.0,0.0,83.0,1.0,,,8.0,3.0,,6.0
2021-22,4332,Demiral,difensore,Atalanta,Juventus,1.0,3.0,6.12,1.0,2.0,1.0,25.0,6.136363636363637,0.0,1.0,0.5,11.0,6.090909090909091,0.0,0.0,0.0,0.0,6.525613275613275,1.0,0.6666666666666666,2.8333333333333335,10.333333333333334,6.208874458874458,0.0,0.0,0.0,0.0,75.0,5.0,78.0,2.0,6.0,4.0,,5.0
2022-23,4332,Demiral,difensore,Atalanta,Atalanta,0.0,4.0,5.9772727272727275,1.0,0.0,0.5,22.0,6.12,1.0,2.0,1.0,25.0,6.08,0.0,0.0,0.0,0.0,6.363232323232324,0.6666666666666666,1.3333333333333333,1.6666666666666667,14.0,6.140303030303031,0.0,0.0,0.0,0.0,59.0,7.0,,,5.0,8.0,,13.0
2024-25,2765,Odgaard,attaccante,Bologna,Bologna,0.0,2.0,6.839285714285714,6.0,2.0,19.5,28.0,7.0,2.0,1.0,7.0,9.0,6.222222222222222,0.0,0.0,0.0,0.0,7.0,2.0,1.0,7.0,9.0,6.222222222222222,0.0,0.0,0.0,0.0,68.0,3.0,,,4.0,8.0,11.0,10.0
2025-26,2765,Odgaard,attaccante,Bologna,Bologna,0.0,3.0,6.613636363636363,5.0,1.0,15.5,22.0,6.839285714285714,6.0,2.0,19.5,28.0,6.142857142857143,0.0,0.0,0.0,0.0,6.919642857142858,4.0,1.5,13.25,18.5,6.182539682539683,0.0,0.0,0.0,0.0,62.0,8.0,,,10.0,18.0,23.0,16.0
2019-20,2739,Reca,difensore,SPAL,Atalanta,1.0,1.0,5.7,0.0,2.0,1.0,25.0,6.5,0.0,0.0,0.0,1.0,6.5,0.0,0.0,0.0,0.0,6.5,0.0,0.0,0.0,1.0,6.5,0.0,0.0,0.0,0.0,66.0,3.0,42.0,11.0,5.0,2.0,,4.0
2020-21,2739,Reca,difensore,Crotone,SPAL,1.0,2.0,6.05,2.0,2.0,4.5,30.0,5.7,0.0,2.0,1.0,25.0,5.66,0.0,0.0,0.0,0.0,6.1,0.0,1.0,0.5,13.0,6.08,0.0,0.0,0.0,0.0,20.0,20.0,,,4.0,3.0,,3.0
2021-22,2739,Reca,difensore,Spezia,Crotone,1.0,3.0,5.708333333333333,0.0,2.0,0.5,24.0,6.05,2.0,2.0,4.5,30.0,5.9,0.0,0.0,0.0,0.0,6.083333333333333,0.6666666666666666,1.3333333333333333,1.8333333333333333,18.666666666666668,6.0200000000000005,0.0,0.0,0.0,0.0,22.0,19.0,38.0,15.0,3.0,8.0,,5.0
2022-23,2739,Reca,difensore,Spezia,Spezia,0.0,4.0,6.033333333333333,1.0,0.0,0.5,30.0,5.708333333333333,0.0,2.0,0.5,24.0,5.6875,0.0,0.0,0.0,0.0,5.819444444444444,0.6666666666666666,2.0,2.0,26.333333333333332,5.749166666666667,0.0,0.0,0.0,0.0,36.0,16.0,,,5.0,5.0,,5.0
2022-23,4329,Nikolaou,difensore,Spezia,Spezia,0.0,2.0,5.632352941176471,1.0,0.0,-2.0,34.0,5.486111111111111,0.0,0.0,-5.5,36.0,5.638888888888889,0.0,0.0,0.0,0.0,5.486111111111111,0.0,0.0,-5.5,36.0,5.638888888888889,0.0,0.0,0.0,0.0,36.0,16.0,,,5.0,4.0,,4.0
2023-24,4349,Nicolussi Caviglia,centrocampista,Juventus,Salernitana,1.0,2.0,6.0,0.0,1.0,0.5,6.0,5.909090909090909,1.0,0.0,2.0,11.0,5.7272727272727275,0.0,0.0,0.0,0.0,5.909090909090909,1.0,0.0,2.0,11.0,5.7272727272727275,0.0,0.0,0.0,0.0,42.0,15.0,69.0,4.0,3.0,4.0,3.0,2.0
2024-25,4349,Nicolussi Caviglia,centrocampista,Venezia,Juventus,1.0,3.0,6.5285714285714285,4.0,3.0,11.5,35.0,6.0,0.0,1.0,0.5,6.0,5.916666666666667,0.0,0.0,0.0,0.0,5.954545454545455,0.5,0.5,1.25,8.5,5.821969696969697,0.0,0.0,0.0,0.0,68.0,4.0,,,2.0,2.0,5.0,1.0
2025-26,4349,Nicolussi Caviglia,centrocampista,Parma,Venezia,1.0,4.0,6.021739130434782,0.0,4.0,3.0,23.0,6.5285714285714285,4.0,3.0,11.5,35.0,6.2,0.0,0.0,0.0,0.0,6.145887445887446,1.6666666666666667,1.3333333333333333,4.666666666666667,17.333333333333332,5.947979797979798,0.0,0.0,0.0,0.0,29.0,19.0,33.0,16.0,1.0,17.0,23.0,9.0
2019-20,4359,Piccoli,attaccante,Atalanta,Atalanta,0.0,1.0,5.5,0.0,0.0,0.0,1.0,5.5,0.0,0.0,0.0,1.0,5.5,0.0,0.0,0.0,0.0,5.5,0.0,0.0,0.0,1.0,5.5,0.0,0.0,0.0,0.0,66.0,3.0,,,1.0,2.0,,1.0
2020-21,4359,Piccoli,attaccante,Spezia,Atalanta,1.0,2.0,7.142857142857143,5.0,0.0,15.0,14.0,5.5,0.0,0.0,0.0,1.0,5.5,0.0,0.0,0.0,0.0,5.5,0.0,0.0,0.0,1.0,5.5,0.0,0.0,0.0,0.0,78.0,3.0,,,1.0,1.0,,1.0
2021-22,4359,Piccoli,attaccante,Genoa,Spezia,1.0,3.0,6.0625,1.0,0.0,3.0,8.0,7.142857142857143,5.0,0.0,15.0,14.0,6.071428571428571,0.0,0.0,0.0,0.0,6.0476190476190474,1.6666666666666667,0.0,5.0,5.333333333333333,5.69047619047619,0.0,0.0,0.0,0.0,38.0,15.0,39.0,14.0,1.0,13.0,,12.0
2022-23,4359,Piccoli,attaccante,Empoli,Genoa,1.0,4.0,6.21875,2.0,0.0,6.0,16.0,6.0625,1.0,0.0,3.0,8.0,5.6875,0.0,0.0,0.0,0.0,6.2351190476190474,2.0,0.0,6.0,7.666666666666667,5.75297619047619,0.0,0.0,0.0,0.0,28.0,19.0,38.0,14.0,12.0,4.0,,13.0
2023-24,4359,Piccoli,attaccante,Lecce,Empoli,1.0,5.0,6.40625,4.0,0.0,12.5,32.0,6.21875,2.0,0.0,6.0,16.0,5.84375,0.0,0.0,0.0,0.0,6.4747023809523805,2.6666666666666665,0.0,8.0,12.666666666666666,5.867559523809523,0.0,0.0,0.0,0.0,43.0,14.0,36.0,16.0,13.0,8.0,3.5,7.0
2024-25,4359,Piccoli,attaccante,Cagliari,Lecce,1.0,6.0,6.756756756756757,9.0,1.0,28.0,37.0,6.40625,4.0,0.0,12.5,32.0,6.015625,0.0,0.0,0.0,0.0,6.229166666666667,2.3333333333333335,0.0,7.166666666666667,18.666666666666668,5.848958333333333,0.0,0.0,0.0,0.0,37.0,14.0,36.0,15.0,7.0,14.0,11.0,13.0
2025-26,4359,Piccoli,attaccante,Fiorentina,Cagliari,1.0,7.0,6.2407407407407405,4.0,1.0,12.5,27.0,6.756756756756757,9.0,1.0,28.0,37.0,6.0,0.0,0.0,0.0,0.0,6.460585585585586,5.0,0.3333333333333333,15.5,28.333333333333332,5.953125,0.0,0.0,0.0,0.0,36.0,14.0,62.0,7.0,13.0,19.0,42.5,17.0
2019-20,2788,Bremer,difensore,Torino,Torino,0.0,1.0,6.0,3.0,0.0,6.0,27.0,5.5,0.0,0.0,-0.5,2.0,5.75,0.0,0.0,0.0,0.0,5.5,0.0,0.0,-0.5,2.0,5.75,0.0,0.0,0.0,0.0,60.0,7.0,,,4.0,2.0,,4.0
2020-21,2788,Bremer,difensore,Torino,Torino,0.0,2.0,6.5,5.0,0.0,14.0,33.0,6.0,3.0,0.0,6.0,27.0,5.777777777777778,0.0,0.0,0.0,0.0,5.75,1.5,0.0,2.75,14.5,5.763888888888889,0.0,0.0,0.0,0.0,39.0,16.0,,,4.0,8.0,,7.0
2021-22,2788,Bremer,difensore,Torino,Torino,0.0,3.0,6.590909090909091,3.0,1.0,6.5,33.0,6.5,5.0,0.0,14.0,33.0,6.075757575757576,0.0,0.0,0.0,0.0,6.0,2.6666666666666665,0.0,6.5,20.666666666666668,5.867845117845118,0.0,0.0,0.0,0.0,36.0,17.0,,,7.0,15.0,,12.0
2022-23,2788,Bremer,difensore,Juventus,Torino,1.0,4.0,6.35,4.0,0.0,9.0,30.0,6.590909090909091,3.0,1.0,6.5,33.0,6.393939393939394,0.0,0.0,0.0,0.0,6.363636363636363,3.6666666666666665,0.3333333333333333,8.833333333333334,31.0,6.082491582491582,0.0,0.0,0.0,0.0,50.0,10.0,70.0,4.0,12.0,18.0,,18.0
2023-24,2788,Bremer,difensore,Juventus,Juventus,0.0,5.0,6.361111111111111,3.0,0.0,4.5,36.0,6.35,4.0,0.0,9.0,30.0,6.05,0.0,0.0,0.0,0.0,6.4803030303030305,4.0,0.3333333333333333,9.833333333333334,32.0,6.173232323232323,0.0,0.0,0.0,0.0,69.0,4.0,,,18.0,12.0,27.5,13.0
2024-25,2788,Bremer,difensore,Juventus,Juventus,0.0,6.0,6.416666666666667,0.0,0.0,-0.5,6.0,6.361111111111111,3.0,0.0,4.5,36.0,6.236111111111111,0.0,0.0,0.0,0.0,6.434006734006734,3.3333333333333335,0.3333333333333333,6.666666666666667,33.0,6.226683501683502,0.0,0.0,0.0,0.0,68.0,4.0,,,13.0,14.0,40.0,16.0
2025-26,2788,Bremer,difensore,Juventus,Juventus,0.0,7.0,6.8076923076923075,4.0,3.0,12.5,26.0,6.416666666666667,0.0,0.0,-0.5,6.0,6.5,0.0,0.0,0.0,0.0,6.375925925925927,2.3333333333333335,0.0,4.333333333333333,24.0,6.262037037037037,0.0,0.0,0.0,0.0,67.0,4.0,,,16.0,8.0,19.5,13.0
2019-20,4338,Jankovic,centrocampista,SPAL,SPAL,0.0,1.0,5.25,0.0,0.0,0.0,2.0,5.75,0.0,0.0,-0.5,2.0,6.0,0.0,0.0,0.0,0.0,5.75,0.0,0.0,-0.5,2.0,6.0,0.0,0.0,0.0,0.0,42.0,11.0,,,6.0,6.0,,3.0
2021-22,4370,Portanova,centrocampista,Genoa,Genoa,0.0,2.0,5.934782608695652,1.0,0.0,1.0,23.0,5.6,0.0,0.0,-0.5,5.0,5.7,0.0,0.0,0.0,0.0,5.55,0.0,0.0,-0.5,3.0,5.85,0.0,0.0,0.0,0.0,39.0,14.0,,,1.0,2.0,,1.0
2021-22,400,Dezi,centrocampista,Venezia,Parma,1.0,2.0,6.0,0.0,0.0,0.0,1.0,5.75,0.0,0.0,0.0,2.0,5.75,0.0,0.0,0.0,0.0,5.875,0.0,0.0,0.0,1.5,5.875,0.0,0.0,0.0,0.0,20.0,20.0,,,1.0,1.0,,2.0
2020-21,4514,Nandez,centrocampista,Cagliari,Cagliari,0.0,1.0,6.234375,2.0,3.0,4.5,32.0,6.328571428571428,2.0,3.0,2.0,35.0,6.271428571428571,0.0,0.0,0.0,0.0,6.328571428571428,2.0,3.0,2.0,35.0,6.271428571428571,0.0,0.0,0.0,0.0,45.0,13.0,,,10.0,14.0,,10.0
2021-22,4514,Nandez,centrocampista,Cagliari,Cagliari,0.0,2.0,6.025,0.0,2.0,0.0,20.0,6.234375,2.0,3.0,4.5,32.0,6.09375,0.0,0.0,0.0,0.0,6.281473214285715,2.0,3.0,3.25,33.5,6.182589285714286,0.0,0.0,0.0,0.0,37.0,16.0,,,10.0,12.0,,12.0
2020-21,4449,Tonali,centrocampista,Milan,Brescia,1.0,1.0,5.729166666666667,0.0,0.0,-1.5,24.0,6.2,1.0,7.0,5.5,35.0,6.042857142857143,0.0,0.0,0.0,0.0,6.2,1.0,7.0,5.5,35.0,6.042857142857143,0.0,0.0,0.0,0.0,24.0,19.0,63.0,6.0,6.0,11.0,,9.0
2021-22,4449,Tonali,centrocampista,Milan,Milan,0.0,2.0,6.735294117647059,5.0,2.0,12.5,34.0,5.729166666666667,0.0,0.0,-1.5,24.0,5.791666666666667,0.0,0.0,0.0,0.0,5.964583333333334,0.5,3.5,2.0,29.5,5.917261904761904,0.0,0.0,0.0,0.0,76.0,4.0,,,9.0,4.0,,5.0
2022-23,4449,Tonali,centrocampista,Milan,Milan,0.0,3.0,6.484848484848484,2.0,7.0,9.5,33.0,6.735294117647059,5.0,2.0,12.5,34.0,6.367647058823529,0.0,0.0,0.0,0.0,6.221486928104575,2.0,3.0,5.5,31.0,6.067390289449112,0.0,0.0,0.0,0.0,83.0,1.0,,,5.0,19.0,,16.0
2020-21,2409,Ribery,centrocampista,Fiorentina,Fiorentina,0.0,1.0,6.396551724137931,2.0,6.0,8.0,29.0,6.9523809523809526,3.0,3.0,9.5,21.0,6.5,0.0,0.0,0.0,0.0,6.9523809523809526,3.0,3.0,9.5,21.0,6.5,0.0,0.0,0.0,0.0,46.0,10.0,,,19.0,17.0,,18.0
2021-22,2409,Ribery,attaccante,Salernitana,Fiorentina,1.0,2.0,6.108695652173913,0.0,2.0,0.5,23.0,6.396551724137931,2.0,6.0,8.0,29.0,6.120689655172414,0.0,0.0,0.0,0.0,6.674466338259442,2.5,4.5,8.75,25.0,6.310344827586206,0.0,0.0,0.0,0.0,39.0,13.0,,,18.0,13.0,,14.0
2022-23,2409,Ribery,attaccante,Salernitana,Salernitana,0.0,3.0,6.0,0.0,0.0,0.0,1.0,6.108695652173913,0.0,2.0,0.5,23.0,6.086956521739131,0.0,0.0,0.0,0.0,6.485876109564265,1.6666666666666667,3.6666666666666665,6.0,24.333333333333332,6.235882058970515,0.0,0.0,0.0,0.0,31.0,17.0,,,14.0,9.0,,5.0
2020-21,4377,Castrovilli,centrocampista,Fiorentina,Fiorentina,0.0,1.0,6.390625,5.0,3.0,13.0,32.0,6.53030303030303,3.0,2.0,6.0,33.0,6.348484848484849,0.0,0.0,0.0,0.0,6.53030303030303,3.0,2.0,6.0,33.0,6.348484848484849,0.0,0.0,0.0,0.0,46.0,10.0,,,7.0,17.0,,15.0
2021-22,4377,Castrovilli,centrocampista,Fiorentina,Fiorentina,0.0,2.0,6.108695652173913,1.0,1.0,2.0,23.0,6.390625,5.0,3.0,13.0,32.0,5.984375,0.0,0.0,0.0,0.0,6.460464015151516,4.0,2.5,9.5,32.5,6.166429924242424,0.0,0.0,0.0,0.0,39.0,13.0,,,15.0,14.0,,14.0
2022-23,4377,Castrovilli,centrocampista,Fiorentina,Fiorentina,0.0,3.0,6.541666666666667,2.0,1.0,5.5,12.0,6.108695652173913,1.0,1.0,2.0,23.0,6.021739130434782,0.0,0.0,0.0,0.0,6.343207894158982,3.0,2.0,7.0,29.333333333333332,6.118199659639877,0.0,0.0,0.0,0.0,59.0,8.0,,,14.0,8.0,,9.0
2023-24,4377,Castrovilli,centrocampista,Fiorentina,Fiorentina,0.0,4.0,7.3,1.0,2.0,5.0,5.0,6.541666666666667,2.0,1.0,5.5,12.0,6.083333333333333,0.0,0.0,0.0,0.0,6.346995772946859,2.6666666666666665,1.6666666666666667,6.833333333333333,22.333333333333332,6.029815821256039,0.0,0.0,0.0,0.0,53.0,8.0,,,9.0,10.0,12.5,10.0
2024-25,4377,Castrovilli,centrocampista,Monza,Fiorentina,1.0,5.0,5.892857142857143,0.0,0.0,0.0,14.0,7.3,1.0,2.0,5.0,5.0,6.3,0.0,0.0,0.0,0.0,6.65012077294686,1.3333333333333333,1.3333333333333333,4.166666666666667,13.333333333333334,6.135024154589371,0.0,0.0,0.0,0.0,57.0,8.0,45.0,12.0,10.0,10.0,10.0,10.0
2020-21,2839,Sottil,attaccante,Cagliari,Fiorentina,1.0,1.0,6.315789473684211,2.0,1.0,5.5,19.0,5.75,0.0,0.0,-1.0,12.0,5.833333333333333,0.0,0.0,0.0,0.0,5.75,0.0,0.0,-1.0,12.0,5.833333333333333,0.0,0.0,0.0,0.0,46.0,10.0,45.0,13.0,3.0,2.0,,8.0
2021-22,2839,Sottil,centrocampista,Fiorentina,Cagliari,1.0,2.0,6.409090909090909,3.0,2.0,9.0,22.0,6.315789473684211,2.0,1.0,5.5,19.0,6.026315789473684,0.0,0.0,0.0,0.0,6.032894736842105,1.0,0.5,2.25,15.5,5.9298245614035086,0.0,0.0,0.0,0.0,37.0,16.0,39.0,13.0,8.0,6.0,,8.0
2022-23,2839,Sottil,centrocampista,Fiorentina,Fiorentina,0.0,3.0,6.0625,0.0,2.0,1.5,16.0,6.409090909090909,3.0,2.0,9.0,22.0,6.0,0.0,0.0,0.0,0.0,6.15829346092504,1.6666666666666667,1.0,4.5,17.666666666666668,5.953216374269005,0.0,0.0,0.0,0.0,59.0,8.0,,,8.0,11.0,,8.0
2023-24,2839,Sottil,centrocampista,Fiorentina,Fiorentina,0.0,4.0,6.444444444444445,2.0,3.0,8.5,18.0,6.0625,0.0,2.0,1.5,16.0,5.96875,0.0,0.0,0.0,0.0,6.262460127591706,1.6666666666666667,1.6666666666666667,5.333333333333333,19.0,5.998355263157895,0.0,0.0,0.0,0.0,53.0,8.0,,,8.0,7.0,5.0,8.0
2024-25,2839,Sottil,centrocampista,Milan,Fiorentina,1.0,5.0,6.119047619047619,1.0,1.0,3.5,21.0,6.444444444444445,2.0,3.0,8.5,18.0,5.972222222222222,0.0,0.0,0.0,0.0,6.305345117845118,1.6666666666666667,2.3333333333333335,6.333333333333333,18.666666666666668,5.9803240740740735,0.0,0.0,0.0,0.0,57.0,8.0,74.0,2.0,8.0,8.0,10.5,9.0
2025-26,2839,Sottil,centrocampista,Lecce,Milan,1.0,6.0,6.238095238095238,1.0,2.0,4.5,21.0,6.119047619047619,1.0,1.0,3.5,21.0,5.9523809523809526,0.0,0.0,0.0,0.0,6.208664021164021,1.0,2.0,4.5,18.333333333333332,5.964451058201058,0.0,0.0,0.0,0.0,60.0,9.0,31.0,18.0,9.0,7.0,6.0,11.0
2020-21,4479,Elmas,centrocampista,Napoli,Napoli,0.0,1.0,6.166666666666667,2.0,1.0,6.0,21.0,6.026315789473684,1.0,1.0,1.0,19.0,5.973684210526316,0.0,0.0,0.0,0.0,6.026315789473684,1.0,1.0,1.0,19.0,5.973684210526316,0.0,0.0,0.0,0.0,59.0,7.0,,,7.0,6.0,,9.0
2021-22,4479,Elmas,centrocampista,Napoli,Napoli,0.0,2.0,6.484375,3.0,4.0,12.0,32.0,6.166666666666667,2.0,1.0,6.0,21.0,5.880952380952381,0.0,0.0,0.0,0.0,6.0964912280701755,1.5,1.0,3.5,20.0,5.927318295739349,0.0,0.0,0.0,0.0,76.0,3.0,,,9.0,8.0,,7.0
2022-23,4479,Elmas,centrocampista,Napoli,Napoli,0.0,3.0,6.6911764705882355,5.0,3.0,18.5,34.0,6.484375,3.0,4.0,12.0,32.0,6.109375,0.0,0.0,0.0,0.0,6.225785818713451,2.0,2.0,6.333333333333333,24.0,5.988003863826233,0.0,0.0,0.0,0.0,76.0,3.0,,,7.0,14.0,,11.0
2023-24,4479,Elmas,centrocampista,Napoli,Napoli,0.0,4.0,6.555555555555555,2.0,0.0,5.0,9.0,6.6911764705882355,5.0,3.0,18.5,34.0,6.147058823529412,0.0,0.0,0.0,0.0,6.4474060457516345,3.3333333333333335,2.6666666666666665,12.166666666666666,29.0,6.045795401493931,0.0,0.0,0.0,0.0,87.0,1.0,,,11.0,19.0,19.0,15.0
2024-25,4479,Elmas,centrocampista,Torino,Napoli,1.0,5.0,7.038461538461538,4.0,0.0,12.0,13.0,6.555555555555555,2.0,0.0,5.0,9.0,6.0,0.0,0.0,0.0,0.0,6.577035675381263,3.3333333333333335,2.3333333333333335,11.833333333333334,25.0,6.085477941176471,0.0,0.0,0.0,0.0,52.0,10.0,53.0,9.0,15.0,11.0,12.5,11.0
2025-26,4479,Elmas,centrocampista,Napoli,Torino,1.0,6.0,5.964285714285714,1.0,3.0,4.5,28.0,7.038461538461538,4.0,0.0,12.0,13.0,6.115384615384615,0.0,0.0,0.0,0.0,6.761731188201776,3.6666666666666665,1.0,11.833333333333334,18.666666666666668,6.087481146304675,0.0,0.0,0.0,0.0,44.0,11.0,79.0,1.0,11.0,13.0,35.5,11.0
2020-21,4409,Rrahmani,difensore,Napoli,Verona,1.0,1.0,6.285714285714286,1.0,0.0,2.0,14.0,5.902777777777778,0.0,1.0,-1.5,36.0,5.944444444444445,0.0,0.0,0.0,0.0,5.902777777777778,0.0,1.0,-1.5,36.0,5.944444444444445,0.0,0.0,0.0,0.0,49.0,9.0,59.0,7.0,4.0,7.0,,7.0
2021-22,4409,Rrahmani,difensore,Napoli,Napoli,0.0,2.0,6.5606060606060606,4.0,0.0,9.5,33.0,6.285714285714286,1.0,0.0,2.0,14.0,6.142857142857143,0.0,0.0,0.0,0.0,6.094246031746032,0.5,0.5,0.25,25.0,6.043650793650794,0.0,0.0,0.0,0.0,76.0,3.0,,,7.0,9.0,,5.0
2022-23,4409,Rrahmani,difensore,Napoli,Napoli,0.0,3.0,6.357142857142857,2.0,1.0,6.0,28.0,6.5606060606060606,4.0,0.0,9.5,33.0,6.2727272727272725,0.0,0.0,0.0,0.0,6.249699374699375,1.6666666666666667,0.3333333333333333,3.3333333333333335,27.666666666666668,6.120009620009621,0.0,0.0,0.0,0.0,76.0,3.0,,,5.0,17.0,,14.0
2023-24,4409,Rrahmani,difensore,Napoli,Napoli,0.0,4.0,6.15,3.0,0.0,6.5,30.0,6.357142857142857,2.0,1.0,6.0,28.0,6.142857142857143,0.0,0.0,0.0,0.0,6.4011544011544,2.3333333333333335,0.3333333333333333,5.833333333333333,25.0,6.186147186147186,0.0,0.0,0.0,0.0,87.0,1.0,,,14.0,13.0,22.0,14.0
2024-25,4409,Rrahmani,difensore,Napoli,Napoli,0.0,5.0,6.171052631578948,1.0,1.0,1.0,38.0,6.15,3.0,0.0,6.5,30.0,5.933333333333334,0.0,0.0,0.0,0.0,6.355916305916305,3.0,0.3333333333333333,7.333333333333333,30.333333333333332,6.116305916305916,0.0,0.0,0.0,0.0,52.0,10.0,,,14.0,9.0,19.0,11.0
2025-26,4409,Rrahmani,difensore,Napoli,Napoli,0.0,6.0,6.4523809523809526,2.0,0.0,4.5,21.0,6.171052631578948,1.0,1.0,1.0,38.0,6.144736842105263,0.0,0.0,0.0,0.0,6.226065162907268,2.0,0.6666666666666666,4.5,32.0,6.0736424394319135,0.0,0.0,0.0,0.0,79.0,1.0,,,11.0,12.0,27.0,11.0
2020-21,4493,Dawidowicz,difensore,Verona,Verona,0.0,1.0,5.722222222222222,0.0,0.0,-4.0,27.0,5.9,1.0,0.0,0.0,10.0,5.9,0.0,0.0,0.0,0.0,5.9,1.0,0.0,0.0,10.0,5.9,0.0,0.0,0.0,0.0,49.0,9.0,,,5.0,1.0,,4.0
2021-22,4493,Dawidowicz,difensore,Verona,Verona,0.0,2.0,5.666666666666667,0.0,0.0,-1.5,15.0,5.722222222222222,0.0,0.0,-4.0,27.0,5.87037037037037,0.0,0.0,0.0,0.0,5.811111111111112,0.5,0.0,-2.0,18.5,5.885185185185185,0.0,0.0,0.0,0.0,44.0,10.0,,,4.0,5.0,,6.0
2022-23,4493,Dawidowicz,difensore,Verona,Verona,0.0,3.0,5.795454545454546,1.0,1.0,0.0,22.0,5.666666666666667,0.0,0.0,-1.5,15.0,5.766666666666667,0.0,0.0,0.0,0.0,5.7629629629629635,0.3333333333333333,0.0,-1.8333333333333333,17.333333333333332,5.84567901234568,0.0,0.0,0.0,0.0,52.0,9.0,,,6.0,1.0,,4.0
2023-24,4493,Dawidowicz,difensore,Verona,Verona,0.0,4.0,5.596153846153846,0.0,0.0,-4.5,26.0,5.795454545454546,1.0,1.0,0.0,22.0,5.795454545454546,0.0,0.0,0.0,0.0,5.728114478114478,0.3333333333333333,0.3333333333333333,-1.8333333333333333,21.333333333333332,5.8108305274971945,0.0,0.0,0.0,0.0,31.0,17.0,,,4.0,4.0,4.0,4.0
2024-25,4493,Dawidowicz,difensore,Verona,Verona,0.0,5.0,5.38,0.0,0.0,-4.5,25.0,5.596153846153846,0.0,0.0,-4.5,26.0,5.769230769230769,0.0,0.0,0.0,0.0,5.686091686091686,0.3333333333333333,0.3333333333333333,-2.0,21.0,5.7771173271173275,0.0,0.0,0.0,0.0,37.0,13.0,,,4.0,4.0,7.0,5.0
2020-21,4495,Kumbulla,difensore,Roma,Verona,1.0,1.0,5.842105263157895,1.0,0.0,-0.5,19.0,6.125,1.0,0.0,-0.5,24.0,6.145833333333333,0.0,0.0,0.0,0.0,6.125,1.0,0.0,-0.5,24.0,6.145833333333333,0.0,0.0,0.0,0.0,49.0,9.0,67.0,5.0,1.0,6.0,,10.0
2021-22,4495,Kumbulla,difensore,Roma,Roma,0.0,2.0,5.576923076923077,0.0,0.0,-2.5,13.0,5.842105263157895,1.0,0.0,-0.5,19.0,5.868421052631579,0.0,0.0,0.0,0.0,5.983552631578947,1.0,0.0,-0.5,21.5,6.0071271929824555,0.0,0.0,0.0,0.0,61.0,7.0,,,10.0,4.0,,6.0
2022-23,4495,Kumbulla,difensore,Roma,Roma,0.0,3.0,5.1,0.0,0.0,-1.5,5.0,5.576923076923077,0.0,0.0,-2.5,13.0,5.769230769230769,0.0,0.0,0.0,0.0,5.8480094466936565,0.6666666666666666,0.0,-1.1666666666666667,18.666666666666668,5.927828385065227,0.0,0.0,0.0,0.0,60.0,6.0,,,6.0,3.0,,4.0
2023-24,4495,Kumbulla,difensore,Sassuolo,Roma,1.0,4.0,4.9,0.0,0.0,-2.5,5.0,5.1,0.0,0.0,-1.5,5.0,5.4,0.0,0.0,0.0,0.0,5.506342780026991,0.3333333333333333,0.0,-1.5,12.333333333333334,5.679217273954116,0.0,0.0,0.0,0.0,60.0,7.0,45.0,13.0,4.0,1.0,2.0,3.0
2022-23,4498,Henderson L.,centrocampista,Empoli,Empoli,0.0,2.0,5.673913043478261,0.0,1.0,-3.5,23.0,6.205882352941177,2.0,3.0,7.0,34.0,6.0,0.0,0.0,0.0,0.0,6.019607843137255,1.0,1.5,3.25,18.5,6.0,0.0,0.0,0.0,0.0,38.0,14.0,,,3.0,10.0,,8.0
2020-21,4522,Amrabat,centrocampista,Fiorentina,Verona,1.0,1.0,5.775862068965517,0.0,0.0,-3.5,29.0,6.205882352941177,0.0,1.0,-3.0,34.0,6.294117647058823,0.0,0.0,0.0,0.0,6.205882352941177,0.0,1.0,-3.0,34.0,6.294117647058823,0.0,0.0,0.0,0.0,49.0,9.0,46.0,10.0,4.0,11.0,,10.0
2021-22,4522,Amrabat,centrocampista,Fiorentina,Fiorentina,0.0,2.0,6.083333333333333,1.0,0.0,0.5,18.0,5.775862068965517,0.0,0.0,-3.5,29.0,5.896551724137931,0.0,0.0,0.0,0.0,5.990872210953347,0.0,0.5,-3.25,31.5,6.095334685598377,0.0,0.0,0.0,0.0,39.0,13.0,,,10.0,5.0,,7.0
2022-23,4522,Amrabat,centrocampista,Fiorentina,Fiorentina,0.0,3.0,5.839285714285714,0.0,1.0,-4.5,28.0,6.083333333333333,1.0,0.0,0.5,18.0,6.055555555555555,0.0,0.0,0.0,0.0,6.021692585080008,0.3333333333333333,0.3333333333333333,-2.0,27.0,6.082074975584103,0.0,0.0,0.0,0.0,59.0,8.0,,,7.0,8.0,,8.0
2020-21,4414,Denswil,difensore,Bologna,Bologna,0.0,1.0,5.25,0.0,0.0,0.0,2.0,5.16,0.0,0.0,-5.5,25.0,5.38,0.0,0.0,0.0,0.0,5.16,0.0,0.0,-5.5,25.0,5.38,0.0,0.0,0.0,0.0,46.0,12.0,,,7.0,2.0,,4.0
2020-21,4422,Tomiyasu,difensore,Bologna,Bologna,0.0,1.0,6.0,2.0,0.0,2.0,31.0,5.896551724137931,1.0,3.0,2.0,29.0,5.827586206896552,0.0,0.0,0.0,0.0,5.896551724137931,1.0,3.0,2.0,29.0,5.827586206896552,0.0,0.0,0.0,0.0,46.0,12.0,,,4.0,6.0,,8.0
2020-21,2531,Lukaku,attaccante,Inter,Inter,0.0,1.0,8.885714285714286,18.0,9.0,79.0,35.0,8.333333333333334,17.0,1.0,69.0,36.0,6.416666666666667,0.0,0.0,0.0,0.0,8.333333333333334,17.0,1.0,69.0,36.0,6.416666666666667,0.0,0.0,0.0,0.0,79.0,2.0,,,35.0,38.0,,42.0
2023-24,2531,Lukaku,attaccante,Roma,Inter,1.0,3.0,7.203125,13.0,3.0,35.5,32.0,7.66,8.0,6.0,35.5,25.0,6.24,0.0,0.0,0.0,0.0,8.272857142857143,13.0,7.5,57.25,30.0,6.434285714285714,0.0,0.0,0.0,0.0,69.0,3.0,60.0,7.0,39.0,28.0,126.0,31.0
2024-25,2531,Lukaku,attaccante,Napoli,Roma,1.0,4.0,7.569444444444445,11.0,9.0,46.0,36.0,7.203125,13.0,3.0,35.5,32.0,6.09375,0.0,0.0,0.0,0.0,7.4315625,10.5,4.5,35.5,28.5,6.166875,0.0,0.0,0.0,0.0,63.0,6.0,52.0,10.0,31.0,23.0,130.0,33.0
2025-26,2531,Lukaku,attaccante,Napoli,Napoli,0.0,5.0,9.5,1.0,0.0,2.5,1.0,7.569444444444445,11.0,9.0,46.0,36.0,6.291666666666667,0.0,0.0,0.0,0.0,7.477523148148149,10.666666666666666,6.0,39.0,31.0,6.208472222222222,0.0,0.0,0.0,0.0,79.0,1.0,,,33.0,30.0,213.5,31.0
2020-21,179,Petriccione,centrocampista,Crotone,Lecce,1.0,1.0,5.4,0.0,0.0,-3.5,15.0,5.854838709677419,0.0,3.0,-2.0,31.0,5.919354838709677,0.0,0.0,0.0,0.0,5.854838709677419,0.0,3.0,-2.0,31.0,5.919354838709677,0.0,0.0,0.0,0.0,35.0,18.0,,,6.0,7.0,,5.0
2020-21,4423,Hernani,centrocampista,Parma,Parma,0.0,1.0,6.483870967741935,6.0,3.0,18.5,31.0,5.953125,0.0,4.0,-1.0,32.0,5.984375,0.0,0.0,0.0,0.0,5.953125,0.0,4.0,-1.0,32.0,5.984375,0.0,0.0,0.0,0.0,46.0,11.0,,,6.0,8.0,,6.0
2021-22,4423,Hernani,centrocampista,Genoa,Parma,1.0,2.0,5.642857142857143,0.0,0.0,0.0,14.0,6.483870967741935,6.0,3.0,18.5,31.0,5.887096774193548,0.0,0.0,0.0,0.0,6.218497983870968,3.0,3.5,8.75,31.5,5.935735887096774,0.0,0.0,0.0,0.0,20.0,20.0,39.0,14.0,6.0,14.0,,6.0
2025-26,4423,Hernani,centrocampista,Parma,Parma,0.0,4.0,5.666666666666667,0.0,0.0,0.0,3.0,6.42,0.0,3.0,8.5,25.0,6.08,0.0,0.0,0.0,0.0,6.42,0.0,3.0,8.5,25.0,6.08,0.0,0.0,0.0,0.0,33.0,16.0,,,6.0,13.0,11.5,7.0
2020-21,2379,Rabiot,centrocampista,Juventus,Juventus,0.0,1.0,6.09375,4.0,1.0,9.5,32.0,5.928571428571429,1.0,1.0,0.5,28.0,5.910714285714286,0.0,0.0,0.0,0.0,5.928571428571429,1.0,1.0,0.5,28.0,5.910714285714286,0.0,0.0,0.0,0.0,83.0,1.0,,,14.0,7.0,,10.0
2021-22,2379,Rabiot,centrocampista,Juventus,Juventus,0.0,2.0,5.689655172413793,0.0,2.0,-0.5,29.0,6.09375,4.0,1.0,9.5,32.0,5.796875,0.0,0.0,0.0,0.0,6.011160714285714,2.5,1.0,5.0,30.0,5.853794642857142,0.0,0.0,0.0,0.0,75.0,5.0,,,10.0,10.0,,9.0
2022-23,2379,Rabiot,centrocampista,Juventus,Juventus,0.0,3.0,7.03125,8.0,4.0,23.5,32.0,5.689655172413793,0.0,2.0,-0.5,29.0,5.706896551724138,0.0,0.0,0.0,0.0,5.903992200328408,1.6666666666666667,1.3333333333333333,3.1666666666666665,29.666666666666668,5.804828612479475,0.0,0.0,0.0,0.0,70.0,4.0,,,9.0,5.0,,7.0
2023-24,2379,Rabiot,centrocampista,Juventus,Juventus,0.0,4.0,6.5,5.0,2.0,13.0,31.0,7.03125,8.0,4.0,23.5,32.0,6.296875,0.0,0.0,0.0,0.0,6.2715517241379315,4.0,2.3333333333333335,10.833333333333334,31.0,5.933548850574713,0.0,0.0,0.0,0.0,69.0,4.0,,,7.0,23.0,39.0,22.0
2020-21,4419,Pau Lopez,portiere,Roma,Roma,0.0,1.0,4.714285714285714,0.0,0.0,-29.0,21.0,4.71875,0.0,0.0,-43.5,32.0,6.078125,0.0,0.0,0.0,0.0,4.71875,0.0,0.0,-43.5,32.0,6.078125,0.0,0.0,0.0,0.0,67.0,5.0,,,14.0,9.0,,13.0
2020-21,4397,Vavro,difensore,Lazio,Lazio,0.0,1.0,5.5,0.0,0.0,0.0,1.0,5.777777777777778,0.0,0.0,0.0,9.0,5.777777777777778,0.0,0.0,0.0,0.0,5.777777777777778,0.0,0.0,0.0,9.0,5.777777777777778,0.0,0.0,0.0,0.0,78.0,4.0,,,9.0,1.0,,3.0
2020-21,4407,Igor,difensore,Fiorentina,Fiorentina,0.0,1.0,5.527777777777778,0.0,0.0,-2.5,18.0,5.615384615384615,0.0,1.0,-3.5,26.0,5.75,0.0,0.0,0.0,0.0,5.615384615384615,0.0,1.0,-3.5,26.0,5.75,0.0,0.0,0.0,0.0,46.0,10.0,,,7.0,3.0,,5.0
2021-22,4407,Igor,difensore,Fiorentina,Fiorentina,0.0,2.0,5.75,0.0,0.0,-1.5,28.0,5.527777777777778,0.0,0.0,-2.5,18.0,5.666666666666667,0.0,0.0,0.0,0.0,5.571581196581196,0.0,0.5,-3.0,22.0,5.708333333333334,0.0,0.0,0.0,0.0,39.0,13.0,,,5.0,3.0,,4.0
2022-23,4407,Igor,difensore,Fiorentina,Fiorentina,0.0,3.0,5.538461538461538,0.0,0.0,-5.0,26.0,5.75,0.0,0.0,-1.5,28.0,5.803571428571429,0.0,0.0,0.0,0.0,5.631054131054131,0.0,0.3333333333333333,-2.5,24.0,5.740079365079365,0.0,0.0,0.0,0.0,59.0,8.0,,,4.0,6.0,,9.0
2020-21,4427,Malinovskyi,centrocampista,Atalanta,Atalanta,0.0,1.0,7.4375,7.0,11.0,33.5,32.0,6.90625,8.0,3.0,20.5,32.0,6.265625,0.0,0.0,0.0,0.0,6.90625,8.0,3.0,20.5,32.0,6.265625,0.0,0.0,0.0,0.0,78.0,3.0,,,11.0,21.0,,17.0
2021-22,4427,Malinovskyi,centrocampista,Atalanta,Atalanta,0.0,2.0,6.879310344827586,6.0,5.0,18.0,29.0,7.4375,7.0,11.0,33.5,32.0,6.390625,0.0,0.0,0.0,0.0,7.171875,7.5,7.0,27.0,32.0,6.328125,0.0,0.0,0.0,0.0,78.0,2.0,,,17.0,27.0,,26.0
2022-23,4427,Malinovskyi,centrocampista,Atalanta,Atalanta,0.0,3.0,6.375,1.0,2.0,4.5,12.0,6.879310344827586,6.0,5.0,18.0,29.0,6.258620689655173,0.0,0.0,0.0,0.0,7.074353448275862,7.0,6.333333333333333,24.0,31.0,6.304956896551725,0.0,0.0,0.0,0.0,59.0,7.0,,,26.0,19.0,,22.0
2023-24,4427,Malinovskyi,centrocampista,Genoa,Atalanta,1.0,4.0,6.630434782608695,4.0,1.0,9.5,23.0,6.375,1.0,2.0,4.5,12.0,6.0,0.0,0.0,0.0,0.0,6.897270114942529,4.666666666666667,6.0,18.666666666666668,24.333333333333332,6.216415229885058,0.0,0.0,0.0,0.0,61.0,6.0,,,22.0,14.0,0.0,17.0
2024-25,4427,Malinovskyi,centrocampista,Genoa,Genoa,0.0,5.0,6.444444444444445,0.0,2.0,1.0,9.0,6.630434782608695,4.0,1.0,9.5,23.0,6.217391304347826,0.0,0.0,0.0,0.0,6.6282483758120945,3.6666666666666665,2.6666666666666665,10.666666666666666,21.333333333333332,6.1586706646676665,0.0,0.0,0.0,0.0,46.0,11.0,,,17.0,13.0,11.5,11.0
2025-26,4427,Malinovskyi,centrocampista,Genoa,Genoa,0.0,6.0,6.544117647058823,3.0,3.0,16.0,34.0,6.444444444444445,0.0,2.0,1.0,9.0,6.333333333333333,0.0,0.0,0.0,0.0,6.483293075684379,1.6666666666666667,1.6666666666666667,5.0,14.666666666666666,6.183574879227053,0.0,0.0,0.0,0.0,40.0,13.0,,,11.0,6.0,10.0,8.0
2020-21,4426,Toljan,difensore,Sassuolo,Sassuolo,0.0,1.0,5.833333333333333,0.0,2.0,1.0,24.0,5.946428571428571,1.0,2.0,1.0,28.0,5.910714285714286,0.0,0.0,0.0,0.0,5.946428571428571,1.0,2.0,1.0,28.0,5.910714285714286,0.0,0.0,0.0,0.0,51.0,8.0,,,7.0,6.0,,7.0
2021-22,4426,Toljan,difensore,Sassuolo,Sassuolo,0.0,2.0,5.842105263157895,0.0,1.0,0.0,19.0,5.833333333333333,0.0,2.0,1.0,24.0,5.791666666666667,0.0,0.0,0.0,0.0,5.8898809523809526,0.5,2.0,1.0,26.0,5.851190476190476,0.0,0.0,0.0,0.0,59.0,8.0,,,7.0,6.0,,5.0
2022-23,4426,Toljan,difensore,Sassuolo,Sassuolo,0.0,3.0,5.67741935483871,0.0,1.0,-0.5,31.0,5.842105263157895,0.0,1.0,0.0,19.0,5.842105263157895,0.0,0.0,0.0,0.0,5.873955722639933,0.3333333333333333,1.6666666666666667,0.6666666666666666,23.666666666666668,5.848162071846282,0.0,0.0,0.0,0.0,50.0,11.0,,,5.0,4.0,,5.0
2023-24,4426,Toljan,difensore,Sassuolo,Sassuolo,0.0,4.0,6.0625,0.0,4.0,3.5,24.0,5.67741935483871,0.0,1.0,-0.5,31.0,5.693548387096774,0.0,0.0,0.0,0.0,5.784285983776646,0.0,1.3333333333333333,0.16666666666666666,24.666666666666668,5.775773438973779,0.0,0.0,0.0,0.0,45.0,13.0,,,5.0,5.0,6.0,6.0
2020-21,4521,Muldur,difensore,Sassuolo,Sassuolo,0.0,1.0,5.962962962962963,0.0,1.0,0.0,27.0,6.325,2.0,2.0,6.0,20.0,6.025,0.0,0.0,0.0,0.0,6.325,2.0,2.0,6.0,20.0,6.025,0.0,0.0,0.0,0.0,51.0,8.0,,,3.0,9.0,,6.0
2021-22,4521,Muldur,difensore,Sassuolo,Sassuolo,0.0,2.0,5.62,0.0,0.0,-2.5,25.0,5.962962962962963,0.0,1.0,0.0,27.0,5.962962962962963,0.0,0.0,0.0,0.0,6.1439814814814815,1.0,1.5,3.0,23.5,5.993981481481482,0.0,0.0,0.0,0.0,59.0,8.0,,,6.0,7.0,,7.0
2020-21,4501,Obiang,centrocampista,Sassuolo,Sassuolo,0.0,1.0,5.770833333333333,0.0,1.0,-2.0,24.0,5.645833333333333,1.0,0.0,-4.0,24.0,5.8125,0.0,0.0,0.0,0.0,5.645833333333333,1.0,0.0,-4.0,24.0,5.8125,0.0,0.0,0.0,0.0,51.0,8.0,,,10.0,2.0,,5.0
2023-24,4501,Obiang,centrocampista,Sassuolo,Sassuolo,0.0,3.0,5.5,0.0,0.0,-0.5,7.0,5.8076923076923075,0.0,0.0,-1.0,13.0,5.884615384615385,0.0,0.0,0.0,0.0,5.78926282051282,0.0,0.5,-1.5,18.5,5.8693910256410255,0.0,0.0,0.0,0.0,45.0,13.0,,,2.0,3.0,5.0,3.0
2020-21,4412,Rodrigo Becao,difensore,Udinese,Udinese,0.0,1.0,5.833333333333333,1.0,0.0,0.5,33.0,5.839285714285714,1.0,0.0,-1.0,28.0,5.875,0.0,0.0,0.0,0.0,5.839285714285714,1.0,0.0,-1.0,28.0,5.875,0.0,0.0,0.0,0.0,42.0,14.0,,,7.0,5.0,,6.0
2021-22,4412,Rodrigo Becao,difensore,Udinese,Udinese,0.0,2.0,6.1,2.0,1.0,2.0,35.0,5.833333333333333,1.0,0.0,0.5,33.0,5.818181818181818,0.0,0.0,0.0,0.0,5.836309523809524,1.0,0.0,-0.25,30.5,5.846590909090909,0.0,0.0,0.0,0.0,40.0,12.0,,,6.0,7.0,,5.0
2022-23,4412,Rodrigo Becao,difensore,Udinese,Udinese,0.0,3.0,6.0,2.0,1.0,-1.5,28.0,6.1,2.0,1.0,2.0,35.0,6.042857142857143,0.0,0.0,0.0,0.0,5.92420634920635,1.3333333333333333,0.3333333333333333,0.5,32.0,5.912012987012987,0.0,0.0,0.0,0.0,44.0,12.0,,,5.0,10.0,,10.0
2020-21,4510,Rafael Leao,attaccante,Milan,Milan,0.0,1.0,6.775862068965517,6.0,6.0,22.0,29.0,6.777777777777778,6.0,1.0,19.0,27.0,6.074074074074074,0.0,0.0,0.0,0.0,6.777777777777778,6.0,1.0,19.0,27.0,6.074074074074074,0.0,0.0,0.0,0.0,63.0,6.0,,,22.0,16.0,,14.0
2021-22,4510,Rafael Leao,attaccante,Milan,Milan,0.0,2.0,7.838235294117647,11.0,10.0,41.0,34.0,6.775862068965517,6.0,6.0,22.0,29.0,6.017241379310345,0.0,0.0,0.0,0.0,6.776819923371647,6.0,3.5,20.5,28.0,6.04565772669221,0.0,0.0,0.0,0.0,76.0,4.0,,,14.0,20.0,,14.0
2022-23,4510,Rafael Leao,attaccante,Milan,Milan,0.0,3.0,7.897058823529412,15.0,7.0,48.5,34.0,7.838235294117647,11.0,10.0,41.0,34.0,6.632352941176471,0.0,0.0,0.0,0.0,7.130625046953647,7.666666666666667,5.666666666666667,27.333333333333332,30.0,6.241222798186963,0.0,0.0,0.0,0.0,83.0,1.0,,,14.0,32.0,,31.0
2023-24,4510,Rafael Leao,attaccante,Milan,Milan,0.0,4.0,7.409090909090909,9.0,9.0,33.5,33.0,7.897058823529412,15.0,7.0,48.5,34.0,6.470588235294118,0.0,0.0,0.0,0.0,7.503718728870858,10.666666666666666,7.666666666666667,37.166666666666664,32.333333333333336,6.373394185260312,0.0,0.0,0.0,0.0,67.0,5.0,,,31.0,32.0,134.0,31.0
2024-25,4510,Leao,attaccante,Milan,Milan,0.0,5.0,7.0588235294117645,8.0,8.0,29.5,34.0,7.409090909090909,9.0,9.0,33.5,33.0,6.393939393939394,0.0,0.0,0.0,0.0,7.714795008912656,11.666666666666666,8.666666666666666,41.0,33.666666666666664,6.4989601901366605,0.0,0.0,0.0,0.0,74.0,2.0,,,31.0,27.0,100.0,25.0
2025-26,4510,Leao,attaccante,Milan,Milan,0.0,6.0,6.857142857142857,7.0,3.0,27.5,28.0,7.0588235294117645,8.0,8.0,29.5,34.0,6.1911764705882355,0.0,0.0,0.0,0.0,7.4549910873440295,10.666666666666666,8.0,37.166666666666664,33.666666666666664,6.351901366607248,0.0,0.0,0.0,0.0,60.0,9.0,,,25.0,22.0,87.0,24.0
2022-23,4378,Ranieri L.,difensore,Fiorentina,Salernitana,1.0,2.0,6.1875,0.0,0.0,-0.5,8.0,5.648148148148148,1.0,0.0,-1.5,27.0,5.703703703703703,0.0,0.0,0.0,0.0,5.407407407407407,0.5,0.0,-1.25,15.0,5.601851851851851,0.0,0.0,0.0,0.0,31.0,17.0,59.0,8.0,3.0,4.0,,1.0
2023-24,4378,Ranieri L.,difensore,Fiorentina,Fiorentina,0.0,3.0,5.88,2.0,1.0,0.5,25.0,6.1875,0.0,0.0,-0.5,8.0,6.25,0.0,0.0,0.0,0.0,5.917824074074074,0.5,0.0,-1.0,17.5,5.976851851851851,0.0,0.0,0.0,0.0,53.0,8.0,,,1.0,5.0,0.5,5.0
2024-25,4378,Ranieri L.,difensore,Fiorentina,Fiorentina,0.0,4.0,5.958333333333333,1.0,2.0,1.5,36.0,5.88,2.0,1.0,0.5,25.0,5.86,0.0,0.0,0.0,0.0,5.905216049382716,1.0,0.3333333333333333,-0.5,20.0,5.9379012345679,0.0,0.0,0.0,0.0,57.0,8.0,,,5.0,6.0,11.5,7.0
2025-26,4378,Ranieri L.,difensore,Fiorentina,Fiorentina,0.0,5.0,5.790322580645161,1.0,0.0,-2.0,31.0,5.958333333333333,1.0,2.0,1.5,36.0,5.916666666666667,0.0,0.0,0.0,0.0,6.008611111111111,1.0,1.0,0.5,23.0,6.008888888888889,0.0,0.0,0.0,0.0,62.0,7.0,,,7.0,9.0,8.0,7.0
2020-21,4237,Danilo,difensore,Juventus,Juventus,0.0,1.0,6.411764705882353,1.0,4.0,4.0,34.0,5.954545454545454,2.0,0.0,4.0,22.0,5.7727272727272725,0.0,0.0,0.0,0.0,5.954545454545454,2.0,0.0,4.0,22.0,5.7727272727272725,0.0,0.0,0.0,0.0,83.0,1.0,,,11.0,6.0,,5.0
2021-22,4237,Danilo,difensore,Juventus,Juventus,0.0,2.0,6.238095238095238,1.0,2.0,2.0,21.0,6.411764705882353,1.0,4.0,4.0,34.0,6.294117647058823,0.0,0.0,0.0,0.0,6.183155080213904,1.5,2.0,4.0,28.0,6.033422459893048,0.0,0.0,0.0,0.0,75.0,5.0,,,5.0,15.0,,14.0
2022-23,4237,Danilo,difensore,Juventus,Juventus,0.0,3.0,6.45945945945946,3.0,3.0,9.5,37.0,6.238095238095238,1.0,2.0,2.0,21.0,6.142857142857143,0.0,0.0,0.0,0.0,6.201468466174348,1.3333333333333333,2.0,3.3333333333333335,25.666666666666668,6.069900687547746,0.0,0.0,0.0,0.0,70.0,4.0,,,14.0,9.0,,12.0
2023-24,4237,Danilo,difensore,Juventus,Juventus,0.0,4.0,6.107142857142857,1.0,1.0,0.5,28.0,6.45945945945946,3.0,3.0,9.5,37.0,6.202702702702703,0.0,0.0,0.0,0.0,6.369773134479016,1.6666666666666667,3.0,5.166666666666667,30.666666666666668,6.21322583087289,0.0,0.0,0.0,0.0,69.0,4.0,,,12.0,16.0,20.0,15.0
2024-25,4237,Danilo,difensore,Juventus,Juventus,0.0,5.0,5.4375,0.0,1.0,0.0,8.0,6.107142857142857,1.0,1.0,0.5,28.0,6.089285714285714,0.0,0.0,0.0,0.0,6.2682325182325185,1.6666666666666667,2.0,4.0,28.666666666666668,6.14494851994852,0.0,0.0,0.0,0.0,68.0,4.0,,,15.0,10.0,21.0,14.0
2020-21,4428,De Ligt,difensore,Juventus,Juventus,0.0,1.0,6.3,1.0,1.0,2.0,25.0,6.379310344827586,4.0,0.0,9.5,29.0,6.051724137931035,0.0,0.0,0.0,0.0,6.379310344827586,4.0,0.0,9.5,29.0,6.051724137931035,0.0,0.0,0.0,0.0,83.0,1.0,,,14.0,11.0,,15.0
2021-22,4428,De Ligt,difensore,Juventus,Juventus,0.0,2.0,6.451612903225806,3.0,1.0,8.0,31.0,6.3,1.0,1.0,2.0,25.0,6.22,0.0,0.0,0.0,0.0,6.339655172413793,2.5,0.5,5.75,27.0,6.135862068965517,0.0,0.0,0.0,0.0,75.0,5.0,,,15.0,12.0,,12.0
2020-21,4517,Lozano,attaccante,Napoli,Napoli,0.0,1.0,7.34375,11.0,3.0,33.0,32.0,6.395833333333333,4.0,1.0,11.5,24.0,5.916666666666667,0.0,0.0,0.0,0.0,6.395833333333333,4.0,1.0,11.5,24.0,5.916666666666667,0.0,0.0,0.0,0.0,59.0,7.0,,,22.0,10.0,,11.0
2021-22,4517,Lozano,attaccante,Napoli,Napoli,0.0,2.0,6.758620689655173,5.0,5.0,18.5,29.0,7.34375,11.0,3.0,33.0,32.0,6.3125,0.0,0.0,0.0,0.0,6.869791666666666,7.5,2.0,22.25,28.0,6.114583333333334,0.0,0.0,0.0,0.0,76.0,3.0,,,11.0,27.0,,24.0
2022-23,4517,Lozano,attaccante,Napoli,Napoli,0.0,3.0,6.431034482758621,2.0,3.0,10.5,29.0,6.758620689655173,5.0,5.0,18.5,29.0,6.120689655172414,0.0,0.0,0.0,0.0,6.832734674329502,6.666666666666667,3.0,21.0,28.333333333333332,6.11661877394636,0.0,0.0,0.0,0.0,76.0,3.0,,,24.0,18.0,,18.0
2020-21,4453,Torregrossa,attaccante,Sampdoria,Brescia,1.0,1.0,6.75,1.0,0.0,3.0,4.0,7.04,5.0,2.0,19.0,25.0,6.28,0.0,0.0,0.0,0.0,7.04,5.0,2.0,19.0,25.0,6.28,0.0,0.0,0.0,0.0,24.0,19.0,41.0,15.0,13.0,20.0,,11.0
2021-22,4453,Torregrossa,attaccante,Sampdoria,Sampdoria,0.0,2.0,5.666666666666667,0.0,0.0,0.0,3.0,6.75,1.0,0.0,3.0,4.0,6.0,0.0,0.0,0.0,0.0,6.895,3.0,1.0,11.0,14.5,6.140000000000001,0.0,0.0,0.0,0.0,49.0,9.0,,,11.0,6.0,,7.0
2020-21,2572,Godin,difensore,Cagliari,Inter,1.0,1.0,5.946428571428571,1.0,0.0,1.5,28.0,6.113636363636363,1.0,1.0,1.5,22.0,6.045454545454546,0.0,0.0,0.0,0.0,6.113636363636363,1.0,1.0,1.5,22.0,6.045454545454546,0.0,0.0,0.0,0.0,79.0,2.0,45.0,13.0,14.0,7.0,,9.0
2021-22,2572,Godin,difensore,Cagliari,Cagliari,0.0,2.0,5.454545454545454,0.0,1.0,-0.5,11.0,5.946428571428571,1.0,0.0,1.5,28.0,5.892857142857143,0.0,0.0,0.0,0.0,6.030032467532467,1.0,0.5,1.5,25.0,5.9691558441558445,0.0,0.0,0.0,0.0,37.0,16.0,,,9.0,8.0,,8.0
2020-21,2475,Sanchez,attaccante,Inter,Inter,0.0,1.0,7.34,7.0,6.0,24.0,25.0,7.5,3.0,8.0,18.0,17.0,6.4411764705882355,0.0,0.0,0.0,0.0,7.5,3.0,8.0,18.0,17.0,6.4411764705882355,0.0,0.0,0.0,0.0,79.0,2.0,,,24.0,21.0,,24.0
2021-22,2475,Sanchez,attaccante,Inter,Inter,0.0,2.0,6.909090909090909,5.0,2.0,17.0,22.0,7.34,7.0,6.0,24.0,25.0,6.38,0.0,0.0,0.0,0.0,7.42,5.0,7.0,21.0,21.0,6.410588235294117,0.0,0.0,0.0,0.0,88.0,1.0,,,24.0,26.0,,22.0
2024-25,2475,Sanchez,attaccante,Udinese,Inter,1.0,4.0,5.833333333333333,0.0,0.0,0.0,9.0,6.7631578947368425,1.0,5.0,11.0,19.0,6.184210526315789,0.0,0.0,0.0,0.0,6.836124401913876,3.0,3.5,14.0,20.5,6.160287081339713,0.0,0.0,0.0,0.0,93.0,1.0,34.0,17.0,15.0,16.0,10.5,16.0
2020-21,2392,Walace,centrocampista,Udinese,Udinese,0.0,1.0,5.839285714285714,0.0,0.0,-2.0,28.0,5.823529411764706,0.0,0.0,-1.0,17.0,5.882352941176471,0.0,0.0,0.0,0.0,5.823529411764706,0.0,0.0,-1.0,17.0,5.882352941176471,0.0,0.0,0.0,0.0,42.0,14.0,,,7.0,3.0,,6.0
2021-22,2392,Walace,centrocampista,Udinese,Udinese,0.0,2.0,5.857142857142857,1.0,0.0,-1.0,35.0,5.839285714285714,0.0,0.0,-2.0,28.0,5.910714285714286,0.0,0.0,0.0,0.0,5.83140756302521,0.0,0.0,-1.5,22.5,5.896533613445378,0.0,0.0,0.0,0.0,40.0,12.0,,,6.0,7.0,,6.0
2022-23,2392,Walace,centrocampista,Udinese,Udinese,0.0,3.0,5.891891891891892,0.0,1.0,-2.0,37.0,5.857142857142857,1.0,0.0,-1.0,35.0,5.885714285714286,0.0,0.0,0.0,0.0,5.839985994397758,0.3333333333333333,0.0,-1.3333333333333333,26.666666666666668,5.892927170868347,0.0,0.0,0.0,0.0,44.0,12.0,,,6.0,7.0,,7.0
2023-24,2392,Walace,centrocampista,Udinese,Udinese,0.0,4.0,6.0,2.0,0.0,2.5,37.0,5.891891891891892,0.0,1.0,-2.0,37.0,5.945945945945946,0.0,0.0,0.0,0.0,5.862773487773488,0.3333333333333333,0.3333333333333333,-1.6666666666666667,33.333333333333336,5.914124839124839,0.0,0.0,0.0,0.0,46.0,12.0,,,7.0,8.0,6.0,7.0
2020-21,311,Llorente,attaccante,Udinese,Napoli,1.0,1.0,5.90625,1.0,0.0,2.0,16.0,6.909090909090909,3.0,1.0,9.5,11.0,6.045454545454546,0.0,0.0,0.0,0.0,6.909090909090909,3.0,1.0,9.5,11.0,6.045454545454546,0.0,0.0,0.0,0.0,59.0,7.0,42.0,14.0,16.0,10.0,,10.0
2020-21,2525,Darmian,difensore,Inter,Parma,1.0,1.0,6.630434782608695,3.0,3.0,10.0,23.0,5.953125,1.0,1.0,1.0,32.0,5.921875,0.0,0.0,0.0,0.0,5.953125,1.0,1.0,1.0,32.0,5.921875,0.0,0.0,0.0,0.0,46.0,11.0,79.0,2.0,8.0,8.0,,7.0
2021-22,2525,Darmian,difensore,Inter,Inter,0.0,2.0,6.3478260869565215,2.0,1.0,5.0,23.0,6.630434782608695,3.0,3.0,10.0,23.0,6.195652173913044,0.0,0.0,0.0,0.0,6.291779891304348,2.0,2.0,5.5,27.5,6.0587635869565215,0.0,0.0,0.0,0.0,88.0,1.0,,,7.0,14.0,,9.0
2022-23,2525,Darmian,difensore,Inter,Inter,0.0,3.0,6.185185185185185,1.0,2.0,3.5,27.0,6.3478260869565215,2.0,1.0,5.0,23.0,6.130434782608695,0.0,0.0,0.0,0.0,6.310461956521739,2.0,1.6666666666666667,5.333333333333333,26.0,6.082653985507246,0.0,0.0,0.0,0.0,81.0,2.0,,,9.0,11.0,,9.0
2023-24,2525,Darmian,difensore,Inter,Inter,0.0,4.0,6.328125,2.0,1.0,6.0,32.0,6.185185185185185,1.0,2.0,3.5,27.0,6.055555555555555,0.0,0.0,0.0,0.0,6.387815351583467,2.0,2.0,6.166666666666667,24.333333333333332,6.127214170692432,0.0,0.0,0.0,0.0,69.0,3.0,,,9.0,10.0,9.0,11.0
2024-25,2525,Darmian,difensore,Inter,Inter,0.0,5.0,6.365384615384615,3.0,2.0,7.5,26.0,6.328125,2.0,1.0,6.0,32.0,6.140625,0.0,0.0,0.0,0.0,6.2870454240472355,1.6666666666666667,1.3333333333333333,4.833333333333333,27.333333333333332,6.1088717793880845,0.0,0.0,0.0,0.0,93.0,1.0,,,11.0,13.0,24.0,8.0
2025-26,2525,Darmian,difensore,Inter,Inter,0.0,6.0,6.0,0.0,0.0,0.0,5.0,6.365384615384615,3.0,2.0,7.5,26.0,6.076923076923077,0.0,0.0,0.0,0.0,6.2928982668566,2.0,1.6666666666666667,5.666666666666667,28.333333333333332,6.091034544159544,0.0,0.0,0.0,0.0,78.0,2.0,,,8.0,12.0,7.5,4.0
2020-21,2529,Mkhitaryan,centrocampista,Roma,Roma,0.0,1.0,7.735294117647059,12.0,10.0,48.0,34.0,7.590909090909091,9.0,5.0,29.5,22.0,6.25,0.0,0.0,0.0,0.0,7.590909090909091,9.0,5.0,29.5,22.0,6.25,0.0,0.0,0.0,0.0,67.0,5.0,,,14.0,25.0,,24.0
2021-22,2529,Mkhitaryan,centrocampista,Roma,Roma,0.0,2.0,6.82258064516129,5.0,6.0,19.0,31.0,7.735294117647059,12.0,10.0,48.0,34.0,6.323529411764706,0.0,0.0,0.0,0.0,7.663101604278075,10.5,7.5,38.75,28.0,6.286764705882353,0.0,0.0,0.0,0.0,61.0,7.0,,,24.0,30.0,,30.0
2022-23,2529,Mkhitaryan,centrocampista,Inter,Roma,1.0,3.0,6.387096774193548,3.0,2.0,9.0,31.0,6.82258064516129,5.0,6.0,19.0,31.0,6.209677419354839,0.0,0.0,0.0,0.0,7.382927951239147,8.666666666666666,7.0,32.166666666666664,29.0,6.261068943706515,0.0,0.0,0.0,0.0,60.0,6.0,81.0,2.0,30.0,19.0,,16.0
2023-24,2529,Mkhitaryan,centrocampista,Inter,Inter,0.0,4.0,6.680555555555555,2.0,6.0,10.0,36.0,6.387096774193548,3.0,2.0,9.0,31.0,6.096774193548387,0.0,0.0,0.0,0.0,6.981657179000632,6.666666666666667,6.0,25.333333333333332,32.0,6.2099936748893105,0.0,0.0,0.0,0.0,69.0,3.0,,,16.0,13.0,16.5,13.0
2024-25,2529,Mkhitaryan,centrocampista,Inter,Inter,0.0,5.0,6.25,1.0,5.0,6.0,32.0,6.680555555555555,2.0,6.0,10.0,36.0,6.402777777777778,0.0,0.0,0.0,0.0,6.630077658303464,3.3333333333333335,4.666666666666667,12.666666666666666,32.666666666666664,6.236409796893668,0.0,0.0,0.0,0.0,93.0,1.0,,,13.0,19.0,20.0,15.0
2025-26,2529,Mkhitaryan,centrocampista,Inter,Inter,0.0,6.0,6.589285714285714,4.0,1.0,10.5,28.0,6.25,1.0,5.0,6.0,32.0,6.0625,0.0,0.0,0.0,0.0,6.4392174432497,2.0,4.333333333333333,8.333333333333334,33.0,6.1873506571087225,0.0,0.0,0.0,0.0,78.0,2.0,,,15.0,12.0,13.0,9.0
2023-24,4486,Strefezza,centrocampista,Lecce,Lecce,0.0,2.0,5.868421052631579,0.0,0.0,1.0,19.0,6.970588235294118,6.0,4.0,22.5,34.0,6.3088235294117645,0.0,0.0,0.0,0.0,6.970588235294118,6.0,4.0,22.5,34.0,6.3088235294117645,0.0,0.0,0.0,0.0,36.0,16.0,,,13.0,22.0,39.0,18.0
2024-25,4486,Strefezza,centrocampista,Como,Lecce,1.0,3.0,6.797297297297297,6.0,4.0,19.5,37.0,5.868421052631579,0.0,0.0,1.0,19.0,5.815789473684211,0.0,0.0,0.0,0.0,6.419504643962848,3.0,2.0,11.75,26.5,6.062306501547988,0.0,0.0,0.0,0.0,37.0,14.0,,,18.0,9.0,12.5,12.0
2025-26,4486,Strefezza,centrocampista,Parma,Como,1.0,4.0,6.678571428571429,2.0,2.0,6.5,14.0,6.797297297297297,6.0,4.0,19.5,37.0,6.27027027027027,0.0,0.0,0.0,0.0,6.5454355284076655,4.0,2.6666666666666665,14.333333333333334,30.0,6.131627757788749,0.0,0.0,0.0,0.0,49.0,10.0,33.0,16.0,12.0,21.0,33.0,10.0
2020-21,4327,Oliva,centrocampista,Cagliari,Cagliari,0.0,1.0,5.833333333333333,0.0,1.0,0.0,6.0,6.5,1.0,1.0,3.5,10.0,6.15,0.0,0.0,0.0,0.0,6.5,1.0,1.0,3.5,10.0,6.15,0.0,0.0,0.0,0.0,45.0,13.0,,,3.0,3.0,,3.0
2021-22,4327,Oliva,centrocampista,Cagliari,Cagliari,0.0,2.0,6.0,0.0,0.0,0.0,1.0,5.833333333333333,0.0,1.0,0.0,6.0,5.833333333333333,0.0,0.0,0.0,0.0,6.166666666666666,0.5,1.0,1.75,8.0,5.991666666666667,0.0,0.0,0.0,0.0,37.0,16.0,,,3.0,3.0,,2.0
2020-21,2472,Ramsey,centrocampista,Juventus,Juventus,0.0,1.0,6.55,2.0,4.0,9.0,20.0,6.409090909090909,3.0,0.0,8.5,22.0,6.0227272727272725,0.0,0.0,0.0,0.0,6.409090909090909,3.0,0.0,8.5,22.0,6.0227272727272725,0.0,0.0,0.0,0.0,83.0,1.0,,,18.0,10.0,,12.0
2021-22,2472,Ramsey,centrocampista,Juventus,Juventus,0.0,2.0,5.833333333333333,0.0,0.0,0.0,3.0,6.55,2.0,4.0,9.0,20.0,6.1,0.0,0.0,0.0,0.0,6.4795454545454545,2.5,2.0,8.75,21.0,6.061363636363636,0.0,0.0,0.0,0.0,75.0,5.0,,,12.0,12.0,,8.0
2020-21,4500,Di Carmine,attaccante,Crotone,Verona,1.0,1.0,5.527777777777778,0.0,0.0,-1.0,18.0,6.880952380952381,7.0,0.0,19.5,21.0,5.9523809523809526,0.0,0.0,0.0,0.0,6.880952380952381,7.0,0.0,19.5,21.0,5.9523809523809526,0.0,0.0,0.0,0.0,49.0,9.0,,,13.0,14.0,,11.0
2021-22,4500,Di Carmine,attaccante,Verona,Crotone,1.0,2.0,5.0,0.0,0.0,-0.5,1.0,5.527777777777778,0.0,0.0,-1.0,18.0,5.583333333333333,0.0,0.0,0.0,0.0,6.204365079365079,3.5,0.0,9.25,19.5,5.767857142857142,0.0,0.0,0.0,0.0,22.0,19.0,44.0,10.0,11.0,3.0,,3.0
2022-23,4500,Di Carmine,attaccante,Cremonese,Verona,1.0,3.0,6.0,0.0,0.0,0.0,1.0,5.0,0.0,0.0,-0.5,1.0,5.5,0.0,0.0,0.0,0.0,5.802910052910053,2.3333333333333335,0.0,6.0,13.333333333333334,5.678571428571428,0.0,0.0,0.0,0.0,52.0,9.0,,,3.0,3.0,,1.0
2020-21,4292,Hernandez T.,difensore,Milan,Milan,0.0,1.0,6.863636363636363,7.0,5.0,21.5,33.0,6.7272727272727275,6.0,2.0,13.0,33.0,6.333333333333333,0.0,0.0,0.0,0.0,6.7272727272727275,6.0,2.0,13.0,33.0,6.333333333333333,0.0,0.0,0.0,0.0,63.0,6.0,,,8.0,20.0,,21.0
2021-22,4292,Hernandez T.,difensore,Milan,Milan,0.0,2.0,6.6875,4.0,5.0,12.5,32.0,6.863636363636363,7.0,5.0,21.5,33.0,6.212121212121212,0.0,0.0,0.0,0.0,6.795454545454545,6.5,3.5,17.25,33.0,6.2727272727272725,0.0,0.0,0.0,0.0,76.0,4.0,,,21.0,21.0,,21.0
2022-23,4292,Hernandez T.,difensore,Milan,Milan,0.0,3.0,6.40625,3.0,3.0,9.5,32.0,6.6875,4.0,5.0,12.5,32.0,6.296875,0.0,0.0,0.0,0.0,6.759469696969696,5.666666666666667,4.0,15.666666666666666,32.666666666666664,6.280776515151515,0.0,0.0,0.0,0.0,83.0,1.0,,,21.0,19.0,,20.0
2023-24,4292,Hernandez T.,difensore,Milan,Milan,0.0,4.0,6.453125,4.0,3.0,9.0,32.0,6.40625,3.0,3.0,9.5,32.0,6.109375,0.0,0.0,0.0,0.0,6.652462121212121,4.666666666666667,4.333333333333333,14.5,32.333333333333336,6.206123737373737,0.0,0.0,0.0,0.0,67.0,5.0,,,20.0,14.0,29.5,17.0
2024-25,4292,Hernandez T.,difensore,Milan,Milan,0.0,5.0,6.287878787878788,4.0,3.0,9.0,33.0,6.453125,4.0,3.0,9.0,32.0,6.171875,0.0,0.0,0.0,0.0,6.515625,3.6666666666666665,3.6666666666666665,10.333333333333334,32.0,6.192708333333333,0.0,0.0,0.0,0.0,74.0,2.0,,,17.0,15.0,50.0,20.0
2020-21,4403,Chabot,difensore,Spezia,Sampdoria,1.0,1.0,5.681818181818182,1.0,1.0,-1.5,22.0,6.0625,1.0,0.0,1.5,8.0,5.875,0.0,0.0,0.0,0.0,6.0625,1.0,0.0,1.5,8.0,5.875,0.0,0.0,0.0,0.0,41.0,15.0,,,4.0,2.0,,3.0
2021-22,4403,Chabot,difensore,Sampdoria,Spezia,1.0,2.0,5.277777777777778,0.0,0.0,-2.5,9.0,5.681818181818182,1.0,1.0,-1.5,22.0,5.75,0.0,0.0,0.0,0.0,5.872159090909091,1.0,0.5,0.0,15.0,5.8125,0.0,0.0,0.0,0.0,38.0,15.0,49.0,9.0,3.0,3.0,,4.0
2020-21,4245,Smalling,difensore,Roma,Roma,0.0,1.0,5.892857142857143,0.0,1.0,-0.5,14.0,6.35,3.0,1.0,9.0,30.0,6.05,0.0,0.0,0.0,0.0,6.35,3.0,1.0,9.0,30.0,6.05,0.0,0.0,0.0,0.0,67.0,5.0,,,11.0,13.0,,11.0
2021-22,4245,Smalling,difensore,Roma,Roma,0.0,2.0,6.46,3.0,0.0,7.0,25.0,5.892857142857143,0.0,1.0,-0.5,14.0,5.928571428571429,0.0,0.0,0.0,0.0,6.121428571428572,1.5,1.0,4.25,22.0,5.989285714285714,0.0,0.0,0.0,0.0,61.0,7.0,,,11.0,4.0,,10.0
2022-23,4245,Smalling,difensore,Roma,Roma,0.0,3.0,6.515625,3.0,1.0,6.5,32.0,6.46,3.0,0.0,7.0,25.0,6.18,0.0,0.0,0.0,0.0,6.234285714285714,2.0,0.6666666666666666,5.166666666666667,23.0,6.0528571428571425,0.0,0.0,0.0,0.0,60.0,6.0,,,10.0,14.0,,14.0
2023-24,4245,Smalling,difensore,Roma,Roma,0.0,4.0,5.833333333333333,0.0,0.0,0.0,6.0,6.515625,3.0,1.0,6.5,32.0,6.3125,0.0,0.0,0.0,0.0,6.289494047619048,2.0,0.6666666666666666,4.333333333333333,23.666666666666668,6.140357142857144,0.0,0.0,0.0,0.0,60.0,7.0,,,14.0,16.0,21.0,15.0
2020-21,2633,Kjaer,difensore,Milan,Milan,0.0,1.0,6.25,0.0,1.0,-0.5,28.0,5.9,0.0,0.0,-2.0,20.0,6.0,0.0,0.0,0.0,0.0,5.9,0.0,0.0,-2.0,20.0,6.0,0.0,0.0,0.0,0.0,63.0,6.0,,,8.0,5.0,,8.0
2021-22,2633,Kjaer,difensore,Milan,Milan,0.0,2.0,5.9,0.0,0.0,-3.0,10.0,6.25,0.0,1.0,-0.5,28.0,6.267857142857143,0.0,0.0,0.0,0.0,6.075,0.0,0.5,-1.25,24.0,6.133928571428571,0.0,0.0,0.0,0.0,76.0,4.0,,,8.0,12.0,,12.0
2022-23,2633,Kjaer,difensore,Milan,Milan,0.0,3.0,5.821428571428571,0.0,0.0,-2.0,14.0,5.9,0.0,0.0,-3.0,10.0,6.2,0.0,0.0,0.0,0.0,6.016666666666667,0.0,0.3333333333333333,-1.8333333333333333,19.333333333333332,6.155952380952381,0.0,0.0,0.0,0.0,83.0,1.0,,,12.0,6.0,,5.0
2023-24,2633,Kjaer,difensore,Milan,Milan,0.0,4.0,5.866666666666666,0.0,1.0,0.5,15.0,5.821428571428571,0.0,0.0,-2.0,14.0,5.964285714285714,0.0,0.0,0.0,0.0,5.9904761904761905,0.0,0.3333333333333333,-1.8333333333333333,17.333333333333332,6.144047619047619,0.0,0.0,0.0,0.0,67.0,5.0,,,5.0,3.0,11.5,4.0
2020-21,2853,Moncini,attaccante,Benevento,SPAL,1.0,1.0,5.75,0.0,0.0,0.0,8.0,5.333333333333333,0.0,0.0,0.0,3.0,5.333333333333333,0.0,0.0,0.0,0.0,5.333333333333333,0.0,0.0,0.0,3.0,5.333333333333333,0.0,0.0,0.0,0.0,20.0,20.0,,,5.0,1.0,,3.0
2020-21,4511,Duarte,difensore,Milan,Milan,0.0,1.0,6.0,0.0,0.0,0.0,1.0,5.4,0.0,0.0,-1.0,5.0,5.6,0.0,0.0,0.0,0.0,5.4,0.0,0.0,-1.0,5.0,5.6,0.0,0.0,0.0,0.0,63.0,6.0,,,9.0,1.0,,3.0
2020-21,4406,Tripaldelli,difensore,Cagliari,Sassuolo,1.0,1.0,5.333333333333333,0.0,0.0,-0.5,6.0,5.5,0.0,0.0,0.0,2.0,5.5,0.0,0.0,0.0,0.0,5.5,0.0,0.0,0.0,2.0,5.5,0.0,0.0,0.0,0.0,51.0,8.0,45.0,13.0,2.0,1.0,,1.0
2020-21,4415,Skov Olsen,attaccante,Bologna,Bologna,0.0,1.0,6.26,2.0,3.0,8.5,25.0,5.761904761904762,1.0,0.0,3.0,21.0,5.619047619047619,0.0,0.0,0.0,0.0,5.761904761904762,1.0,0.0,3.0,21.0,5.619047619047619,0.0,0.0,0.0,0.0,46.0,12.0,,,8.0,4.0,,6.0
2021-22,4415,Skov Olsen,attaccante,Bologna,Bologna,0.0,2.0,5.9375,0.0,2.0,2.0,16.0,6.26,2.0,3.0,8.5,25.0,5.92,0.0,0.0,0.0,0.0,6.01095238095238,1.5,1.5,5.75,23.0,5.769523809523809,0.0,0.0,0.0,0.0,41.0,11.0,,,6.0,12.0,,9.0
2020-21,4393,Schouten,centrocampista,Bologna,Bologna,0.0,1.0,5.882352941176471,1.0,1.0,-1.0,34.0,5.555555555555555,0.0,0.0,-4.0,18.0,5.777777777777778,0.0,0.0,0.0,0.0,5.555555555555555,0.0,0.0,-4.0,18.0,5.777777777777778,0.0,0.0,0.0,0.0,46.0,12.0,,,4.0,2.0,,6.0
2021-22,4393,Schouten,centrocampista,Bologna,Bologna,0.0,2.0,6.088235294117647,1.0,1.0,2.0,17.0,5.882352941176471,1.0,1.0,-1.0,34.0,5.911764705882353,0.0,0.0,0.0,0.0,5.718954248366013,0.5,0.5,-2.5,26.0,5.844771241830065,0.0,0.0,0.0,0.0,41.0,11.0,,,6.0,7.0,,7.0
2022-23,4393,Schouten,centrocampista,Bologna,Bologna,0.0,3.0,5.919354838709677,0.0,2.0,-1.5,31.0,6.088235294117647,1.0,1.0,2.0,17.0,5.970588235294118,0.0,0.0,0.0,0.0,5.842047930283225,0.6666666666666666,0.6666666666666666,-1.0,23.0,5.886710239651417,0.0,0.0,0.0,0.0,43.0,13.0,,,7.0,9.0,,8.0
2020-21,4530,Kyriakopoulos,difensore,Sassuolo,Sassuolo,0.0,1.0,5.857142857142857,1.0,0.0,1.5,21.0,6.0,0.0,2.0,0.0,23.0,6.0,0.0,0.0,0.0,0.0,6.0,0.0,2.0,0.0,23.0,6.0,0.0,0.0,0.0,0.0,51.0,8.0,,,2.0,7.0,,6.0
2021-22,4530,Kyriakopoulos,difensore,Sassuolo,Sassuolo,0.0,2.0,5.92,0.0,5.0,1.0,25.0,5.857142857142857,1.0,0.0,1.5,21.0,5.785714285714286,0.0,0.0,0.0,0.0,5.928571428571429,0.5,1.0,0.75,22.0,5.892857142857142,0.0,0.0,0.0,0.0,59.0,8.0,,,6.0,5.0,,6.0
2022-23,4530,Kyriakopoulos,difensore,Bologna,Sassuolo,1.0,3.0,6.214285714285714,1.0,3.0,3.5,21.0,5.92,0.0,5.0,1.0,25.0,5.88,0.0,0.0,0.0,0.0,5.925714285714285,0.3333333333333333,2.3333333333333335,0.8333333333333334,23.0,5.888571428571429,0.0,0.0,0.0,0.0,50.0,11.0,43.0,13.0,6.0,7.0,,6.0
2023-24,4530,Kyriakopoulos,difensore,Monza,Bologna,1.0,4.0,5.925925925925926,0.0,3.0,1.5,27.0,6.214285714285714,1.0,3.0,3.5,21.0,6.0476190476190474,0.0,0.0,0.0,0.0,5.997142857142857,0.6666666666666666,2.6666666666666665,2.0,22.333333333333332,5.904444444444444,0.0,0.0,0.0,0.0,51.0,11.0,52.0,10.0,6.0,9.0,6.0,9.0
2024-25,4530,Kyriakopoulos,difensore,Monza,Monza,0.0,5.0,6.0588235294117645,2.0,4.0,5.5,34.0,5.925925925925926,0.0,3.0,1.5,27.0,5.87037037037037,0.0,0.0,0.0,0.0,6.020070546737213,0.3333333333333333,3.6666666666666665,2.0,24.333333333333332,5.932663139329805,0.0,0.0,0.0,0.0,45.0,12.0,,,9.0,6.0,8.5,6.0
2020-21,139,Dermaku,difensore,Parma,Parma,0.0,1.0,5.75,0.0,0.0,0.0,2.0,6.0,0.0,0.0,-1.0,15.0,6.066666666666666,0.0,0.0,0.0,0.0,6.0,0.0,0.0,-1.0,15.0,6.066666666666666,0.0,0.0,0.0,0.0,46.0,11.0,,,4.0,5.0,,3.0
2023-24,4385,Lazaro,difensore,Torino,Torino,0.0,2.0,6.066666666666666,0.0,3.0,1.5,30.0,6.05,0.0,3.0,1.0,20.0,6.0,0.0,0.0,0.0,0.0,6.05,0.0,3.0,1.0,20.0,6.0,0.0,0.0,0.0,0.0,53.0,9.0,,,7.0,6.0,3.0,4.0
2024-25,4385,Lazaro,difensore,Torino,Torino,0.0,3.0,6.080645161290323,0.0,6.0,3.0,31.0,6.066666666666666,0.0,3.0,1.5,30.0,6.016666666666667,0.0,0.0,0.0,0.0,6.058333333333334,0.0,3.0,1.25,25.0,6.008333333333333,0.0,0.0,0.0,0.0,53.0,9.0,,,4.0,8.0,12.0,4.0
2025-26,4385,Lazaro,difensore,Torino,Torino,0.0,4.0,5.7,0.0,2.0,0.0,30.0,6.080645161290323,0.0,6.0,3.0,31.0,5.983870967741935,0.0,0.0,0.0,0.0,6.065770609318997,0.0,4.0,1.8333333333333333,27.0,6.000179211469534,0.0,0.0,0.0,0.0,44.0,11.0,,,4.0,9.0,11.5,7.0
2020-21,4515,Agudelo,centrocampista,Spezia,Fiorentina,1.0,1.0,6.0,1.0,2.0,3.0,27.0,5.9,1.0,0.0,0.5,10.0,5.85,0.0,0.0,0.0,0.0,5.9,1.0,0.0,0.5,10.0,5.85,0.0,0.0,0.0,0.0,46.0,10.0,,,4.0,2.0,,4.0
2021-22,4515,Agudelo,centrocampista,Spezia,Spezia,0.0,2.0,6.260869565217392,3.0,1.0,8.5,23.0,6.0,1.0,2.0,3.0,27.0,5.888888888888889,0.0,0.0,0.0,0.0,5.95,1.0,1.0,1.75,18.5,5.8694444444444445,0.0,0.0,0.0,0.0,38.0,15.0,,,4.0,7.0,,7.0
2022-23,4515,Agudelo,centrocampista,Spezia,Spezia,0.0,3.0,5.882352941176471,0.0,1.0,-1.5,34.0,6.260869565217392,3.0,1.0,8.5,23.0,5.891304347826087,0.0,0.0,0.0,0.0,6.053623188405797,1.6666666666666667,1.0,4.0,20.0,5.876731078904991,0.0,0.0,0.0,0.0,36.0,16.0,,,7.0,11.0,,9.0
2025-26,4463,Esposito Se.,attaccante,Cagliari,Empoli,1.0,2.0,6.875,6.0,4.0,22.0,36.0,6.787878787878788,7.0,0.0,20.5,33.0,6.166666666666667,0.0,0.0,0.0,0.0,6.787878787878788,7.0,0.0,20.5,33.0,6.166666666666667,0.0,0.0,0.0,0.0,31.0,17.0,36.0,14.0,3.0,21.0,21.5,7.0
2020-21,4519,Cetin,difensore,Verona,Roma,1.0,1.0,5.833333333333333,0.0,0.0,-0.5,6.0,5.4,0.0,0.0,-2.0,5.0,5.8,0.0,0.0,0.0,0.0,5.4,0.0,0.0,-2.0,5.0,5.8,0.0,0.0,0.0,0.0,67.0,5.0,49.0,9.0,5.0,1.0,,5.0
2021-22,4519,Cetin,difensore,Verona,Verona,0.0,2.0,6.0,0.0,0.0,0.0,1.0,5.833333333333333,0.0,0.0,-0.5,6.0,5.916666666666667,0.0,0.0,0.0,0.0,5.616666666666667,0.0,0.0,-1.25,5.5,5.858333333333333,0.0,0.0,0.0,0.0,44.0,10.0,,,5.0,2.0,,2.0
2022-23,4519,Cetin,difensore,Lecce,Verona,1.0,3.0,5.0,0.0,0.0,0.0,1.0,6.0,0.0,0.0,0.0,1.0,6.0,0.0,0.0,0.0,0.0,5.7444444444444445,0.0,0.0,-0.8333333333333334,4.0,5.905555555555556,0.0,0.0,0.0,0.0,52.0,9.0,,,2.0,1.0,,5.0
2020-21,4494,Empereur,difensore,Verona,Verona,0.0,1.0,5.5,0.0,0.0,-0.5,4.0,5.818181818181818,0.0,0.0,-1.5,11.0,5.954545454545454,0.0,0.0,0.0,0.0,5.818181818181818,0.0,0.0,-1.5,11.0,5.954545454545454,0.0,0.0,0.0,0.0,49.0,9.0,,,4.0,1.0,,4.0
2020-21,4421,Augello,difensore,Sampdoria,Sampdoria,0.0,1.0,6.027027027027027,1.0,3.0,4.0,37.0,6.125,0.0,2.0,1.0,16.0,6.0625,0.0,0.0,0.0,0.0,6.125,0.0,2.0,1.0,16.0,6.0625,0.0,0.0,0.0,0.0,41.0,15.0,,,4.0,6.0,,7.0
2021-22,4421,Augello,difensore,Sampdoria,Sampdoria,0.0,2.0,5.926470588235294,1.0,1.0,4.0,34.0,6.027027027027027,1.0,3.0,4.0,37.0,5.918918918918919,0.0,0.0,0.0,0.0,6.076013513513514,0.5,2.5,2.5,26.5,5.99070945945946,0.0,0.0,0.0,0.0,49.0,9.0,,,7.0,10.0,,9.0
2022-23,4421,Augello,difensore,Sampdoria,Sampdoria,0.0,3.0,6.094594594594595,2.0,5.0,9.5,37.0,5.926470588235294,1.0,1.0,4.0,34.0,5.8088235294117645,0.0,0.0,0.0,0.0,6.026165871754107,0.6666666666666666,2.0,3.0,29.0,5.930080816110228,0.0,0.0,0.0,0.0,36.0,15.0,,,9.0,8.0,,7.0
2023-24,4421,Augello,difensore,Cagliari,Sampdoria,1.0,4.0,5.8125,1.0,1.0,1.5,32.0,6.094594594594595,2.0,5.0,9.5,37.0,5.837837837837838,0.0,0.0,0.0,0.0,6.016030736618973,1.3333333333333333,3.0,5.833333333333333,36.0,5.855193428722841,0.0,0.0,0.0,0.0,19.0,20.0,,,7.0,10.0,8.5,5.0
2024-25,4421,Augello,difensore,Cagliari,Cagliari,0.0,5.0,6.094594594594595,0.0,7.0,5.5,37.0,5.8125,1.0,1.0,1.5,32.0,5.765625,0.0,0.0,0.0,0.0,5.944521727609963,1.3333333333333333,2.3333333333333335,5.0,34.333333333333336,5.804095455749867,0.0,0.0,0.0,0.0,36.0,15.0,,,5.0,7.0,5.5,5.0
2020-21,4404,Thorsby,centrocampista,Sampdoria,Sampdoria,0.0,1.0,6.181818181818182,3.0,1.0,5.0,33.0,5.630434782608695,1.0,1.0,-2.5,23.0,5.739130434782608,0.0,0.0,0.0,0.0,5.630434782608695,1.0,1.0,-2.5,23.0,5.739130434782608,0.0,0.0,0.0,0.0,41.0,15.0,,,5.0,3.0,,8.0
2021-22,4404,Thorsby,centrocampista,Sampdoria,Sampdoria,0.0,2.0,6.0,3.0,1.0,5.0,35.0,6.181818181818182,3.0,1.0,5.0,33.0,6.03030303030303,0.0,0.0,0.0,0.0,5.9061264822134385,2.0,1.0,1.25,28.0,5.884716732542819,0.0,0.0,0.0,0.0,49.0,9.0,,,8.0,11.0,,9.0
2024-25,4404,Thorsby,centrocampista,Genoa,Genoa,0.0,4.0,5.648148148148148,0.0,1.0,-3.5,27.0,6.309523809523809,2.0,2.0,7.0,21.0,5.976190476190476,0.0,0.0,0.0,0.0,6.154761904761905,2.5,1.5,6.0,28.0,5.916666666666666,0.0,0.0,0.0,0.0,46.0,11.0,,,9.0,11.0,7.5,5.0
2025-26,4404,Thorsby,centrocampista,Cremonese,Genoa,1.0,5.0,6.476190476190476,3.0,1.0,8.0,21.0,5.648148148148148,0.0,1.0,-3.5,27.0,5.777777777777778,0.0,0.0,0.0,0.0,5.978835978835979,1.0,1.5,1.75,24.0,5.8769841269841265,0.0,0.0,0.0,0.0,40.0,13.0,,,5.0,3.0,5.0,5.0
2024-25,4867,Turati,portiere,Monza,Frosinone,1.0,2.0,4.75,0.0,0.0,-46.5,30.0,4.419354838709677,0.0,0.0,-55.0,31.0,6.193548387096774,0.0,0.0,0.0,0.0,4.419354838709677,0.0,0.0,-55.0,31.0,6.193548387096774,0.0,0.0,0.0,0.0,35.0,16.0,45.0,12.0,5.0,7.0,6.0,8.0
2025-26,4867,Turati,portiere,Sassuolo,Monza,1.0,3.0,5.0,0.0,0.0,-7.0,6.0,4.75,0.0,0.0,-46.5,30.0,6.3,0.0,0.0,0.0,0.0,4.584677419354838,0.0,0.0,-50.75,30.5,6.2467741935483865,0.0,0.0,0.0,0.0,18.0,20.0,,,8.0,10.0,3.5,7.0
2020-21,4459,Rovella,centrocampista,Genoa,Genoa,0.0,1.0,5.833333333333333,0.0,2.0,0.0,18.0,6.0,0.0,0.0,0.0,2.0,6.0,0.0,0.0,0.0,0.0,6.0,0.0,0.0,0.0,2.0,6.0,0.0,0.0,0.0,0.0,36.0,17.0,,,1.0,2.0,,1.0
2021-22,4459,Rovella,centrocampista,Genoa,Genoa,0.0,2.0,6.125,0.0,3.0,0.5,20.0,5.833333333333333,0.0,2.0,0.0,18.0,5.833333333333333,0.0,0.0,0.0,0.0,5.916666666666666,0.0,1.0,0.0,10.0,5.916666666666666,0.0,0.0,0.0,0.0,39.0,14.0,,,1.0,5.0,,4.0
2022-23,4459,Rovella,centrocampista,Monza,Genoa,1.0,3.0,6.16,1.0,2.0,1.5,25.0,6.125,0.0,3.0,0.5,20.0,6.1,0.0,0.0,0.0,0.0,5.986111111111111,0.0,1.6666666666666667,0.16666666666666666,13.333333333333334,5.977777777777778,0.0,0.0,0.0,0.0,28.0,19.0,,,4.0,7.0,,3.0
2023-24,4459,Rovella,centrocampista,Lazio,Monza,1.0,4.0,6.071428571428571,0.0,2.0,-1.0,21.0,6.16,1.0,2.0,1.5,25.0,6.1,0.0,0.0,0.0,0.0,6.039444444444444,0.3333333333333333,2.3333333333333335,0.6666666666666666,21.0,6.01111111111111,0.0,0.0,0.0,0.0,52.0,10.0,71.0,2.0,3.0,10.0,8.0,5.0
2024-25,4459,Rovella,centrocampista,Lazio,Lazio,0.0,5.0,6.0,0.0,3.0,-3.5,33.0,6.071428571428571,0.0,2.0,-1.0,21.0,6.119047619047619,0.0,0.0,0.0,0.0,6.118809523809524,0.3333333333333333,2.3333333333333335,0.3333333333333333,22.0,6.106349206349205,0.0,0.0,0.0,0.0,60.0,7.0,,,5.0,6.0,11.5,7.0
2025-26,4459,Rovella,centrocampista,Lazio,Lazio,0.0,6.0,5.636363636363637,0.0,1.0,-1.0,11.0,6.0,0.0,3.0,-3.5,33.0,6.106060606060606,0.0,0.0,0.0,0.0,6.077142857142857,0.3333333333333333,2.3333333333333335,-1.0,26.333333333333332,6.108369408369408,0.0,0.0,0.0,0.0,65.0,6.0,,,7.0,9.0,11.5,8.0
2020-21,4374,Walukiewicz,difensore,Cagliari,Cagliari,0.0,1.0,5.526315789473684,0.0,1.0,0.5,19.0,5.607142857142857,0.0,0.0,-0.5,14.0,5.642857142857143,0.0,0.0,0.0,0.0,5.607142857142857,0.0,0.0,-0.5,14.0,5.642857142857143,0.0,0.0,0.0,0.0,45.0,13.0,,,3.0,2.0,,4.0
2021-22,4374,Walukiewicz,difensore,Cagliari,Cagliari,0.0,2.0,5.583333333333333,0.0,0.0,-0.5,6.0,5.526315789473684,0.0,1.0,0.5,19.0,5.5,0.0,0.0,0.0,0.0,5.56672932330827,0.0,0.5,0.0,16.5,5.571428571428571,0.0,0.0,0.0,0.0,37.0,16.0,,,4.0,1.0,,6.0
2022-23,4374,Walukiewicz,difensore,Empoli,Cagliari,1.0,3.0,5.888888888888889,0.0,0.0,0.0,9.0,5.583333333333333,0.0,0.0,-0.5,6.0,5.666666666666667,0.0,0.0,0.0,0.0,5.572263993316625,0.0,0.3333333333333333,-0.16666666666666666,13.0,5.603174603174604,0.0,0.0,0.0,0.0,29.0,18.0,38.0,14.0,6.0,2.0,,4.0
2023-24,4374,Walukiewicz,difensore,Empoli,Empoli,0.0,4.0,5.648148148148148,0.0,0.0,-3.0,27.0,5.888888888888889,0.0,0.0,0.0,9.0,5.888888888888889,0.0,0.0,0.0,0.0,5.666179337231969,0.0,0.3333333333333333,0.0,11.333333333333334,5.685185185185186,0.0,0.0,0.0,0.0,43.0,14.0,,,4.0,3.0,1.0,3.0
2024-25,4374,Walukiewicz,difensore,Torino,Empoli,1.0,5.0,5.642857142857143,0.0,0.0,-2.5,28.0,5.648148148148148,0.0,0.0,-3.0,27.0,5.7592592592592595,0.0,0.0,0.0,0.0,5.70679012345679,0.0,0.0,-1.1666666666666667,14.0,5.771604938271605,0.0,0.0,0.0,0.0,33.0,18.0,53.0,9.0,3.0,5.0,5.5,4.0
2025-26,4374,Walukiewicz,difensore,Sassuolo,Torino,1.0,6.0,5.735294117647059,0.0,1.0,-2.5,34.0,5.642857142857143,0.0,0.0,-2.5,28.0,5.732142857142857,0.0,0.0,0.0,0.0,5.72663139329806,0.0,0.0,-1.8333333333333333,21.333333333333332,5.7934303350970024,0.0,0.0,0.0,0.0,44.0,11.0,,,4.0,4.0,6.0,5.0
2023-24,2446,Donati,difensore,Monza,Monza,0.0,2.0,4.5,0.0,0.0,-0.5,1.0,5.9375,1.0,0.0,1.0,8.0,5.8125,0.0,0.0,0.0,0.0,5.9375,1.0,0.0,1.0,8.0,5.8125,0.0,0.0,0.0,0.0,52.0,10.0,,,4.0,2.0,2.5,1.0
2020-21,2530,Ibrahimovic,attaccante,Milan,Milan,0.0,1.0,8.277777777777779,12.0,2.0,36.0,18.0,8.166666666666666,8.0,3.0,29.5,18.0,6.527777777777778,0.0,0.0,0.0,0.0,8.166666666666666,8.0,3.0,29.5,18.0,6.527777777777778,0.0,0.0,0.0,0.0,63.0,6.0,,,28.0,35.0,,35.0
2021-22,2530,Ibrahimovic,attaccante,Milan,Milan,0.0,2.0,7.527777777777778,8.0,2.0,20.0,18.0,8.277777777777779,12.0,2.0,36.0,18.0,6.277777777777778,0.0,0.0,0.0,0.0,8.222222222222221,10.0,2.5,32.75,18.0,6.402777777777778,0.0,0.0,0.0,0.0,76.0,4.0,,,35.0,29.0,,33.0
2022-23,2530,Ibrahimovic,attaccante,Milan,Milan,0.0,3.0,6.5,0.0,0.0,3.0,4.0,7.527777777777778,8.0,2.0,20.0,18.0,6.416666666666667,0.0,0.0,0.0,0.0,7.9907407407407405,9.333333333333334,2.3333333333333335,28.5,18.0,6.407407407407407,0.0,0.0,0.0,0.0,83.0,1.0,,,33.0,23.0,,13.0
2020-21,4869,Dominguez,centrocampista,Bologna,Bologna,0.0,1.0,5.865384615384615,1.0,0.0,-1.0,26.0,5.9,0.0,1.0,0.5,15.0,5.866666666666666,0.0,0.0,0.0,0.0,5.9,0.0,1.0,0.5,15.0,5.866666666666666,0.0,0.0,0.0,0.0,46.0,12.0,,,7.0,6.0,,7.0
2021-22,4869,Dominguez,centrocampista,Bologna,Bologna,0.0,2.0,6.018518518518518,0.0,3.0,-1.0,27.0,5.865384615384615,1.0,0.0,-1.0,26.0,5.903846153846154,0.0,0.0,0.0,0.0,5.882692307692308,0.5,0.5,-0.25,20.5,5.88525641025641,0.0,0.0,0.0,0.0,41.0,11.0,,,7.0,5.0,,6.0
2022-23,4869,Dominguez,centrocampista,Bologna,Bologna,0.0,3.0,6.451612903225806,3.0,2.0,6.0,31.0,6.018518518518518,0.0,3.0,-1.0,27.0,6.055555555555555,0.0,0.0,0.0,0.0,5.927967711301044,0.3333333333333333,1.3333333333333333,-0.5,22.666666666666668,5.942022792022793,0.0,0.0,0.0,0.0,43.0,13.0,,,6.0,7.0,,8.0
2023-24,4869,Dominguez,centrocampista,Bologna,Bologna,0.0,4.0,5.75,0.0,0.0,0.0,2.0,6.451612903225806,3.0,2.0,6.0,31.0,6.258064516129032,0.0,0.0,0.0,0.0,6.11183867904298,1.3333333333333333,1.6666666666666667,1.3333333333333333,28.0,6.072488741843581,0.0,0.0,0.0,0.0,51.0,11.0,,,8.0,13.0,16.5,12.0
2020-21,4371,Raspadori,attaccante,Sassuolo,Sassuolo,0.0,1.0,7.15,6.0,0.0,17.5,20.0,7.071428571428571,2.0,0.0,6.0,7.0,6.214285714285714,0.0,0.0,0.0,0.0,7.071428571428571,2.0,0.0,6.0,7.0,6.214285714285714,0.0,0.0,0.0,0.0,51.0,8.0,,,1.0,12.0,,3.0
2021-22,4371,Raspadori,attaccante,Sassuolo,Sassuolo,0.0,2.0,6.888888888888889,10.0,4.0,29.5,36.0,7.15,6.0,0.0,17.5,20.0,6.275,0.0,0.0,0.0,0.0,7.110714285714286,4.0,0.0,11.75,13.5,6.244642857142857,0.0,0.0,0.0,0.0,59.0,8.0,,,3.0,16.0,,16.0
2022-23,4371,Raspadori,attaccante,Napoli,Sassuolo,1.0,3.0,6.217391304347826,2.0,2.0,7.5,23.0,6.888888888888889,10.0,4.0,29.5,36.0,6.069444444444445,0.0,0.0,0.0,0.0,7.036772486772487,6.0,1.3333333333333333,17.666666666666668,21.0,6.186243386243387,0.0,0.0,0.0,0.0,50.0,11.0,76.0,3.0,16.0,20.0,,20.0
2023-24,4371,Raspadori,attaccante,Napoli,Napoli,0.0,4.0,6.4393939393939394,5.0,3.0,15.0,33.0,6.217391304347826,2.0,2.0,7.5,23.0,5.891304347826087,0.0,0.0,0.0,0.0,6.752093397745572,6.0,2.0,18.166666666666668,26.333333333333332,6.078582930756845,0.0,0.0,0.0,0.0,87.0,1.0,,,20.0,10.0,13.0,10.0
2024-25,4371,Raspadori,attaccante,Napoli,Napoli,0.0,5.0,7.222222222222222,6.0,1.0,18.5,18.0,6.4393939393939394,5.0,3.0,15.0,33.0,5.984848484848484,0.0,0.0,0.0,0.0,6.515224710876885,5.666666666666667,3.0,17.333333333333332,30.666666666666668,5.981865759039671,0.0,0.0,0.0,0.0,52.0,10.0,,,10.0,14.0,12.5,11.0
2025-26,4371,Raspadori,attaccante,Atalanta,Napoli,1.0,6.0,6.884615384615385,3.0,1.0,10.0,13.0,7.222222222222222,6.0,1.0,18.5,18.0,6.194444444444445,0.0,0.0,0.0,0.0,6.626335821987996,4.333333333333333,2.0,13.666666666666666,24.666666666666668,6.023532425706339,0.0,0.0,0.0,0.0,79.0,1.0,74.0,3.0,11.0,19.0,25.0,13.0
2020-21,4725,Demme,centrocampista,Napoli,Napoli,0.0,1.0,6.4523809523809526,2.0,2.0,5.0,21.0,5.933333333333334,1.0,0.0,0.0,15.0,5.933333333333334,0.0,0.0,0.0,0.0,5.933333333333334,1.0,0.0,0.0,15.0,5.933333333333334,0.0,0.0,0.0,0.0,59.0,7.0,,,8.0,7.0,,7.0
2021-22,4725,Demme,centrocampista,Napoli,Napoli,0.0,2.0,6.0,1.0,0.0,1.0,13.0,6.4523809523809526,2.0,2.0,5.0,21.0,6.214285714285714,0.0,0.0,0.0,0.0,6.192857142857143,1.5,1.0,2.5,18.0,6.073809523809524,0.0,0.0,0.0,0.0,76.0,3.0,,,7.0,13.0,,10.0
2022-23,4725,Demme,centrocampista,Napoli,Napoli,0.0,3.0,5.75,0.0,0.0,0.0,2.0,6.0,1.0,0.0,1.0,13.0,5.923076923076923,0.0,0.0,0.0,0.0,6.128571428571429,1.3333333333333333,0.6666666666666666,2.0,16.333333333333332,6.023565323565324,0.0,0.0,0.0,0.0,76.0,3.0,,,10.0,4.0,,4.0
2023-24,4725,Demme,centrocampista,Napoli,Napoli,0.0,4.0,6.5,0.0,1.0,0.5,2.0,5.75,0.0,0.0,0.0,2.0,5.75,0.0,0.0,0.0,0.0,6.067460317460317,1.0,0.6666666666666666,2.0,12.0,5.962454212454213,0.0,0.0,0.0,0.0,87.0,1.0,,,4.0,1.0,1.0,1.0
2020-21,4346,Millico,attaccante,Torino,Torino,0.0,1.0,6.0,0.0,0.0,0.0,1.0,5.666666666666667,0.0,0.0,0.0,6.0,5.666666666666667,0.0,0.0,0.0,0.0,5.666666666666667,0.0,0.0,0.0,6.0,5.666666666666667,0.0,0.0,0.0,0.0,39.0,16.0,,,1.0,1.0,,5.0
2020-21,2707,Young,difensore,Inter,Inter,0.0,1.0,6.136363636363637,1.0,4.0,5.0,22.0,7.029411764705882,4.0,4.0,15.5,17.0,6.117647058823529,0.0,0.0,0.0,0.0,7.029411764705882,4.0,4.0,15.5,17.0,6.117647058823529,0.0,0.0,0.0,0.0,79.0,2.0,,,9.0,21.0,,12.0
2020-21,4287,Lobotka,centrocampista,Napoli,Napoli,0.0,1.0,5.8,0.0,0.0,-1.0,5.0,6.115384615384615,0.0,0.0,0.0,13.0,6.115384615384615,0.0,0.0,0.0,0.0,6.115384615384615,0.0,0.0,0.0,13.0,6.115384615384615,0.0,0.0,0.0,0.0,59.0,7.0,,,9.0,8.0,,5.0
2021-22,4287,Lobotka,centrocampista,Napoli,Napoli,0.0,2.0,6.380952380952381,1.0,0.0,2.0,21.0,5.8,0.0,0.0,-1.0,5.0,6.0,0.0,0.0,0.0,0.0,5.957692307692307,0.0,0.0,-0.5,9.0,6.0576923076923075,0.0,0.0,0.0,0.0,76.0,3.0,,,5.0,2.0,,5.0
2022-23,4287,Lobotka,centrocampista,Napoli,Napoli,0.0,3.0,6.342105263157895,1.0,1.0,3.0,38.0,6.380952380952381,1.0,0.0,2.0,21.0,6.285714285714286,0.0,0.0,0.0,0.0,6.098778998778999,0.3333333333333333,0.0,0.3333333333333333,13.0,6.133699633699632,0.0,0.0,0.0,0.0,76.0,3.0,,,5.0,12.0,,11.0
2023-24,4287,Lobotka,centrocampista,Napoli,Napoli,0.0,4.0,5.907894736842105,0.0,1.0,-1.0,38.0,6.342105263157895,1.0,1.0,3.0,38.0,6.2631578947368425,0.0,0.0,0.0,0.0,6.174352548036759,0.6666666666666666,0.3333333333333333,1.3333333333333333,21.333333333333332,6.182957393483709,0.0,0.0,0.0,0.0,87.0,1.0,,,11.0,15.0,25.0,13.0
2024-25,4287,Lobotka,centrocampista,Napoli,Napoli,0.0,5.0,6.032258064516129,0.0,1.0,-0.5,31.0,5.907894736842105,0.0,1.0,-1.0,38.0,5.934210526315789,0.0,0.0,0.0,0.0,6.21031746031746,0.6666666666666666,0.6666666666666666,1.3333333333333333,32.333333333333336,6.161027568922306,0.0,0.0,0.0,0.0,52.0,10.0,,,13.0,8.0,15.0,9.0
2025-26,4287,Lobotka,centrocampista,Napoli,Napoli,0.0,6.0,6.096774193548387,1.0,0.0,1.5,31.0,6.032258064516129,0.0,1.0,-0.5,31.0,6.048387096774194,0.0,0.0,0.0,0.0,6.094086021505376,0.3333333333333333,1.0,0.5,35.666666666666664,6.081918505942276,0.0,0.0,0.0,0.0,79.0,1.0,,,9.0,9.0,10.5,9.0
2020-21,4892,Saelemaekers,centrocampista,Milan,Milan,0.0,1.0,6.140625,2.0,4.0,6.5,32.0,6.083333333333333,1.0,0.0,1.0,12.0,6.0,0.0,0.0,0.0,0.0,6.083333333333333,1.0,0.0,1.0,12.0,6.0,0.0,0.0,0.0,0.0,63.0,6.0,,,5.0,7.0,,6.0
2021-22,4892,Saelemaekers,centrocampista,Milan,Milan,0.0,2.0,6.161764705882353,1.0,3.0,5.0,34.0,6.140625,2.0,4.0,6.5,32.0,5.9375,0.0,0.0,0.0,0.0,6.111979166666666,1.5,2.0,3.75,22.0,5.96875,0.0,0.0,0.0,0.0,76.0,4.0,,,6.0,11.0,,11.0
2022-23,4892,Saelemaekers,centrocampista,Milan,Milan,0.0,3.0,6.172413793103448,2.0,2.0,7.5,29.0,6.161764705882353,1.0,3.0,5.0,34.0,6.014705882352941,0.0,0.0,0.0,0.0,6.128574346405229,1.3333333333333333,2.3333333333333335,4.166666666666667,26.0,5.984068627450981,0.0,0.0,0.0,0.0,83.0,1.0,,,11.0,11.0,,8.0
2023-24,4892,Saelemaekers,centrocampista,Bologna,Milan,1.0,4.0,6.466666666666667,4.0,3.0,11.5,30.0,6.172413793103448,2.0,2.0,7.5,29.0,5.913793103448276,0.0,0.0,0.0,0.0,6.158267832995267,1.6666666666666667,3.0,6.333333333333333,31.666666666666668,5.955332995267072,0.0,0.0,0.0,0.0,67.0,5.0,51.0,11.0,8.0,10.0,10.0,5.0
2024-25,4892,Saelemaekers,centrocampista,Roma,Bologna,1.0,5.0,7.363636363636363,7.0,3.0,21.5,22.0,6.466666666666667,4.0,3.0,11.5,30.0,6.083333333333333,0.0,0.0,0.0,0.0,6.266948388550823,2.3333333333333335,2.6666666666666665,8.0,31.0,6.003944106378184,0.0,0.0,0.0,0.0,68.0,3.0,63.0,6.0,5.0,14.0,21.0,5.0
2025-26,4892,Saelemaekers,centrocampista,Milan,Roma,1.0,6.0,6.414285714285715,3.0,3.0,9.5,35.0,7.363636363636363,7.0,3.0,21.5,22.0,6.386363636363637,0.0,0.0,0.0,0.0,6.667572274468827,4.333333333333333,2.6666666666666665,13.5,27.0,6.1278300243817485,0.0,0.0,0.0,0.0,66.0,5.0,60.0,9.0,5.0,22.0,36.0,12.0
2020-21,2556,Eriksen,centrocampista,Inter,Inter,0.0,1.0,6.543478260869565,3.0,0.0,8.5,23.0,6.3076923076923075,1.0,2.0,5.0,13.0,5.923076923076923,0.0,0.0,0.0,0.0,6.3076923076923075,1.0,2.0,5.0,13.0,5.923076923076923,0.0,0.0,0.0,0.0,79.0,2.0,,,23.0,13.0,,17.0
2020-21,4884,Carles Perez,attaccante,Roma,Roma,0.0,1.0,6.46875,2.0,1.0,7.0,16.0,6.375,1.0,3.0,5.0,12.0,5.958333333333333,0.0,0.0,0.0,0.0,6.375,1.0,3.0,5.0,12.0,5.958333333333333,0.0,0.0,0.0,0.0,67.0,5.0,,,10.0,10.0,,9.0
2021-22,4884,Carles Perez,attaccante,Roma,Roma,0.0,2.0,6.142857142857143,1.0,1.0,3.0,14.0,6.46875,2.0,1.0,7.0,16.0,6.03125,0.0,0.0,0.0,0.0,6.421875,1.5,2.0,6.0,14.0,5.994791666666666,0.0,0.0,0.0,0.0,61.0,7.0,,,9.0,9.0,,8.0
2020-21,4891,Soumaoro,difensore,Bologna,Genoa,1.0,1.0,5.875,1.0,0.0,1.0,20.0,6.125,1.0,0.0,2.0,8.0,5.875,0.0,0.0,0.0,0.0,6.125,1.0,0.0,2.0,8.0,5.875,0.0,0.0,0.0,0.0,36.0,17.0,46.0,12.0,4.0,6.0,,5.0
2021-22,4891,Soumaoro,difensore,Bologna,Bologna,0.0,2.0,5.574074074074074,0.0,0.0,-7.0,27.0,5.875,1.0,0.0,1.0,20.0,5.825,0.0,0.0,0.0,0.0,6.0,1.0,0.0,1.5,14.0,5.85,0.0,0.0,0.0,0.0,41.0,11.0,,,5.0,7.0,,7.0
2022-23,4891,Soumaoro,difensore,Bologna,Bologna,0.0,3.0,5.891304347826087,0.0,0.0,-2.5,23.0,5.574074074074074,0.0,0.0,-7.0,27.0,5.833333333333333,0.0,0.0,0.0,0.0,5.858024691358025,0.6666666666666666,0.0,-1.3333333333333333,18.333333333333332,5.844444444444444,0.0,0.0,0.0,0.0,43.0,13.0,,,7.0,4.0,,5.0
2020-21,4886,Pereiro,centrocampista,Cagliari,Cagliari,0.0,1.0,7.166666666666667,2.0,1.0,7.0,6.0,5.9375,1.0,0.0,1.5,8.0,5.75,0.0,0.0,0.0,0.0,5.9375,1.0,0.0,1.5,8.0,5.75,0.0,0.0,0.0,0.0,45.0,13.0,,,7.0,5.0,,10.0
2021-22,4886,Pereiro,centrocampista,Cagliari,Cagliari,0.0,2.0,6.777777777777778,4.0,2.0,14.0,18.0,7.166666666666667,2.0,1.0,7.0,6.0,6.0,0.0,0.0,0.0,0.0,6.552083333333334,1.5,0.5,4.25,7.0,5.875,0.0,0.0,0.0,0.0,37.0,16.0,,,10.0,8.0,,8.0
2020-21,4401,Gabbia,difensore,Milan,Milan,0.0,1.0,5.833333333333333,0.0,0.0,-1.0,6.0,5.777777777777778,0.0,0.0,-0.5,9.0,5.833333333333333,0.0,0.0,0.0,0.0,5.777777777777778,0.0,0.0,-0.5,9.0,5.833333333333333,0.0,0.0,0.0,0.0,63.0,6.0,,,1.0,2.0,,1.0
2021-22,4401,Gabbia,difensore,Milan,Milan,0.0,2.0,5.357142857142857,0.0,0.0,-1.5,7.0,5.833333333333333,0.0,0.0,-1.0,6.0,6.0,0.0,0.0,0.0,0.0,5.805555555555555,0.0,0.0,-0.75,7.5,5.916666666666666,0.0,0.0,0.0,0.0,76.0,4.0,,,1.0,1.0,,1.0
2022-23,4401,Gabbia,difensore,Milan,Milan,0.0,3.0,5.388888888888889,0.0,0.0,-1.0,9.0,5.357142857142857,0.0,0.0,-1.5,7.0,5.571428571428571,0.0,0.0,0.0,0.0,5.656084656084656,0.0,0.0,-1.0,7.333333333333333,5.801587301587301,0.0,0.0,0.0,0.0,83.0,1.0,,,1.0,1.0,,1.0
2023-24,4401,Gabbia,difensore,Milan,Milan,0.0,4.0,6.264705882352941,2.0,0.0,3.5,17.0,5.388888888888889,0.0,0.0,-1.0,9.0,5.5,0.0,0.0,0.0,0.0,5.526455026455026,0.0,0.0,-1.1666666666666667,7.333333333333333,5.69047619047619,0.0,0.0,0.0,0.0,67.0,5.0,,,1.0,2.0,1.0,2.0
2024-25,4401,Gabbia,difensore,Milan,Milan,0.0,5.0,6.2,2.0,0.0,4.0,25.0,6.264705882352941,2.0,0.0,3.5,17.0,6.0588235294117645,0.0,0.0,0.0,0.0,5.67024587612823,0.6666666666666666,0.0,0.3333333333333333,11.0,5.7100840336134455,0.0,0.0,0.0,0.0,74.0,2.0,,,2.0,8.0,9.0,4.0
2025-26,4401,Gabbia,difensore,Milan,Milan,0.0,6.0,5.844827586206897,0.0,0.0,-2.0,29.0,6.2,2.0,0.0,4.0,25.0,6.04,0.0,0.0,0.0,0.0,5.95119825708061,1.3333333333333333,0.0,2.1666666666666665,17.0,5.8662745098039215,0.0,0.0,0.0,0.0,60.0,9.0,,,4.0,10.0,6.0,6.0
2020-21,4895,Yoshida,difensore,Sampdoria,Sampdoria,0.0,1.0,6.206896551724138,1.0,2.0,3.0,29.0,5.928571428571429,0.0,1.0,0.5,14.0,5.892857142857143,2251.0,6.895161133259535,0.597113199532032,52.0,5.928571428571429,0.0,1.0,0.5,14.0,5.892857142857143,2251.0,6.895161133259535,0.597113199532032,52.0,41.0,15.0,,,7.0,7.0,,7.0
2021-22,4895,Yoshida,difensore,Sampdoria,Sampdoria,0.0,2.0,5.916666666666667,2.0,3.0,6.0,24.0,6.206896551724138,1.0,2.0,3.0,29.0,6.103448275862069,162.0,0.6968963071703911,0.05861409939825535,4.0,6.067733990147783,0.5,1.5,1.75,21.5,5.998152709359607,1206.5,3.796028720214963,0.3278636494651437,28.0,49.0,9.0,,,7.0,11.0,,9.0
2020-21,4894,Haraslin,attaccante,Sassuolo,Sassuolo,0.0,1.0,5.636363636363637,0.0,0.0,-1.5,11.0,6.444444444444445,1.0,1.0,3.5,9.0,6.055555555555555,0.0,0.0,0.0,0.0,6.444444444444445,1.0,1.0,3.5,9.0,6.055555555555555,0.0,0.0,0.0,0.0,51.0,8.0,,,5.0,10.0,,6.0
2020-21,4919,Baldursson,centrocampista,Bologna,Bologna,0.0,1.0,5.5,0.0,0.0,-1.0,5.0,5.833333333333333,0.0,0.0,0.0,6.0,5.833333333333333,0.0,0.0,0.0,0.0,5.833333333333333,0.0,0.0,0.0,6.0,5.833333333333333,0.0,0.0,0.0,0.0,46.0,12.0,,,,,,1.0
2020-21,4885,Villar,centrocampista,Roma,Roma,0.0,1.0,5.87037037037037,0.0,1.0,-2.5,27.0,5.583333333333333,0.0,0.0,-1.0,6.0,5.75,0.0,0.0,0.0,0.0,5.583333333333333,0.0,0.0,-1.0,6.0,5.75,0.0,0.0,0.0,0.0,67.0,5.0,,,3.0,2.0,,2.0
2020-21,4520,Letica,portiere,Sampdoria,SPAL,1.0,1.0,6.5,0.0,0.0,0.0,1.0,3.05,0.0,0.0,-26.5,10.0,5.7,0.0,0.0,0.0,0.0,3.05,0.0,0.0,-26.5,10.0,5.7,0.0,0.0,0.0,0.0,20.0,20.0,41.0,15.0,1.0,1.0,,1.0
2020-21,4331,Ibanez,difensore,Roma,Roma,0.0,1.0,5.666666666666667,0.0,1.0,-4.5,30.0,5.833333333333333,0.0,0.0,-1.0,9.0,5.944444444444445,0.0,0.0,0.0,0.0,5.833333333333333,0.0,0.0,-1.0,9.0,5.944444444444445,0.0,0.0,0.0,0.0,67.0,5.0,,,2.0,2.0,,9.0
2021-22,4331,Ibanez,difensore,Roma,Roma,0.0,2.0,6.0,3.0,0.0,5.0,32.0,5.666666666666667,0.0,1.0,-4.5,30.0,5.816666666666666,0.0,0.0,0.0,0.0,5.75,0.0,0.5,-2.75,19.5,5.8805555555555555,0.0,0.0,0.0,0.0,61.0,7.0,,,9.0,4.0,,7.0
2022-23,4331,Ibanez,difensore,Roma,Roma,0.0,3.0,5.833333333333333,3.0,0.0,1.5,33.0,6.0,3.0,0.0,5.0,32.0,5.84375,0.0,0.0,0.0,0.0,5.833333333333333,1.0,0.3333333333333333,-0.16666666666666666,23.666666666666668,5.868287037037038,0.0,0.0,0.0,0.0,60.0,6.0,,,7.0,9.0,,9.0
2020-21,4411,Agoume,centrocampista,Spezia,Inter,1.0,1.0,5.863636363636363,0.0,0.0,-1.0,11.0,5.75,0.0,0.0,-0.5,2.0,6.0,0.0,0.0,0.0,0.0,5.75,0.0,0.0,-0.5,2.0,6.0,0.0,0.0,0.0,0.0,79.0,2.0,,,1.0,1.0,,2.0
2020-21,4925,Carboni A.,difensore,Cagliari,Cagliari,0.0,1.0,5.642857142857143,0.0,1.0,0.0,14.0,5.0,0.0,0.0,-3.0,6.0,5.5,0.0,0.0,0.0,0.0,5.0,0.0,0.0,-3.0,6.0,5.5,0.0,0.0,0.0,0.0,45.0,13.0,,,1.0,2.0,,1.0
2021-22,4925,Carboni A.,difensore,Cagliari,Cagliari,0.0,2.0,5.464285714285714,0.0,0.0,-5.0,28.0,5.642857142857143,0.0,1.0,0.0,14.0,5.642857142857143,0.0,0.0,0.0,0.0,5.321428571428571,0.0,0.5,-1.5,10.0,5.571428571428571,0.0,0.0,0.0,0.0,37.0,16.0,,,1.0,4.0,,5.0
2022-23,4925,Carboni A.,difensore,Monza,Cagliari,1.0,3.0,5.333333333333333,0.0,0.0,0.0,3.0,5.464285714285714,0.0,0.0,-5.0,28.0,5.642857142857143,0.0,0.0,0.0,0.0,5.3690476190476195,0.0,0.3333333333333333,-2.6666666666666665,16.0,5.595238095238095,0.0,0.0,0.0,0.0,29.0,18.0,,,5.0,4.0,,5.0
2023-24,4925,Carboni A.,difensore,Monza,Monza,0.0,4.0,6.0,1.0,0.0,2.5,21.0,5.333333333333333,0.0,0.0,0.0,3.0,5.333333333333333,0.0,0.0,0.0,0.0,5.48015873015873,0.0,0.3333333333333333,-1.6666666666666667,15.0,5.53968253968254,0.0,0.0,0.0,0.0,52.0,10.0,,,5.0,1.0,0.0,3.0
2024-25,4925,Carboni A.,difensore,Monza,Monza,0.0,5.0,5.615384615384615,0.0,2.0,-0.5,26.0,6.0,1.0,0.0,2.5,21.0,5.880952380952381,0.0,0.0,0.0,0.0,5.599206349206349,0.3333333333333333,0.0,-0.8333333333333334,17.333333333333332,5.6190476190476195,0.0,0.0,0.0,0.0,45.0,12.0,,,3.0,5.0,8.0,5.0
2020-21,4899,Singo,difensore,Torino,Torino,0.0,1.0,6.018518518518518,1.0,2.0,3.0,27.0,7.333333333333333,1.0,0.0,3.0,3.0,6.333333333333333,0.0,0.0,0.0,0.0,7.333333333333333,1.0,0.0,3.0,3.0,6.333333333333333,0.0,0.0,0.0,0.0,39.0,16.0,,,1.0,5.0,,2.0
2021-22,4899,Singo,difensore,Torino,Torino,0.0,2.0,6.442857142857143,3.0,4.0,9.5,35.0,6.018518518518518,1.0,2.0,3.0,27.0,5.907407407407407,0.0,0.0,0.0,0.0,6.675925925925926,1.0,1.0,3.0,15.0,6.12037037037037,0.0,0.0,0.0,0.0,36.0,17.0,,,2.0,8.0,,6.0
2022-23,4899,Singo,difensore,Torino,Torino,0.0,3.0,6.035714285714286,2.0,1.0,3.0,28.0,6.442857142857143,3.0,4.0,9.5,35.0,6.171428571428572,0.0,0.0,0.0,0.0,6.598236331569665,1.6666666666666667,2.0,5.166666666666667,21.666666666666668,6.137389770723104,0.0,0.0,0.0,0.0,50.0,10.0,,,6.0,15.0,,14.0
2020-21,4888,Sutalo,difensore,Atalanta,Atalanta,0.0,1.0,5.625,0.0,0.0,0.0,4.0,5.75,0.0,0.0,-0.5,4.0,5.875,0.0,0.0,0.0,0.0,5.75,0.0,0.0,-0.5,4.0,5.875,0.0,0.0,0.0,0.0,78.0,3.0,,,1.0,3.0,,3.0
2021-22,4888,Sutalo,difensore,Verona,Atalanta,1.0,2.0,5.777777777777778,0.0,0.0,0.0,18.0,5.625,0.0,0.0,0.0,4.0,5.625,0.0,0.0,0.0,0.0,5.6875,0.0,0.0,-0.25,4.0,5.75,0.0,0.0,0.0,0.0,78.0,2.0,44.0,10.0,3.0,1.0,,2.0
2020-21,4890,Tameze,centrocampista,Verona,Atalanta,1.0,1.0,5.921875,1.0,0.0,0.0,32.0,6.166666666666667,0.0,0.0,0.0,3.0,6.166666666666667,0.0,0.0,0.0,0.0,6.166666666666667,0.0,0.0,0.0,3.0,6.166666666666667,0.0,0.0,0.0,0.0,78.0,3.0,49.0,9.0,5.0,3.0,,6.0
2021-22,4890,Tameze,centrocampista,Verona,Verona,0.0,2.0,6.583333333333333,4.0,2.0,12.0,36.0,5.921875,1.0,0.0,0.0,32.0,5.921875,0.0,0.0,0.0,0.0,6.044270833333334,0.5,0.0,0.0,17.5,6.044270833333334,0.0,0.0,0.0,0.0,44.0,10.0,,,6.0,8.0,,7.0
2022-23,4890,Tameze,centrocampista,Verona,Verona,0.0,3.0,5.77027027027027,0.0,0.0,-1.5,37.0,6.583333333333333,4.0,2.0,12.0,36.0,6.25,0.0,0.0,0.0,0.0,6.223958333333333,1.6666666666666667,0.6666666666666666,4.0,23.666666666666668,6.112847222222222,0.0,0.0,0.0,0.0,52.0,9.0,,,7.0,18.0,,14.0
2023-24,4890,Tameze,centrocampista,Torino,Verona,1.0,4.0,5.732142857142857,0.0,2.0,-1.5,28.0,5.77027027027027,0.0,0.0,-1.5,37.0,5.8108108108108105,0.0,0.0,0.0,0.0,6.091826201201201,1.6666666666666667,0.6666666666666666,3.5,35.0,5.994228603603603,0.0,0.0,0.0,0.0,31.0,17.0,53.0,9.0,14.0,6.0,6.0,8.0
2024-25,4890,Tameze,centrocampista,Torino,Torino,0.0,5.0,5.833333333333333,0.0,0.0,-1.0,15.0,5.732142857142857,0.0,2.0,-1.5,28.0,5.785714285714286,0.0,0.0,0.0,0.0,6.028582153582153,1.3333333333333333,1.3333333333333333,3.0,33.666666666666664,5.948841698841698,0.0,0.0,0.0,0.0,53.0,9.0,,,8.0,5.0,7.5,5.0
2025-26,4890,Tameze,centrocampista,Torino,Torino,0.0,6.0,5.588235294117647,0.0,0.0,-1.0,17.0,5.833333333333333,0.0,0.0,-1.0,15.0,5.9,0.0,0.0,0.0,0.0,5.778582153582153,0.0,0.6666666666666666,-1.3333333333333333,26.666666666666668,5.832175032175033,0.0,0.0,0.0,0.0,44.0,11.0,,,5.0,3.0,4.0,5.0
2020-21,4368,Juwara,attaccante,Bologna,Bologna,0.0,1.0,6.0,0.0,0.0,0.0,1.0,7.333333333333333,1.0,0.0,2.5,3.0,6.5,0.0,0.0,0.0,0.0,7.333333333333333,1.0,0.0,2.5,3.0,6.5,0.0,0.0,0.0,0.0,46.0,12.0,,,1.0,6.0,,1.0
2020-21,4390,Anderson D.,centrocampista,Lazio,Lazio,0.0,1.0,5.5,0.0,0.0,0.0,2.0,5.666666666666667,0.0,0.0,-0.5,3.0,5.833333333333333,0.0,0.0,0.0,0.0,5.666666666666667,0.0,0.0,-0.5,3.0,5.833333333333333,0.0,0.0,0.0,0.0,78.0,4.0,,,1.0,2.0,,1.0
2020-21,4921,Askildsen,centrocampista,Sampdoria,Sampdoria,0.0,1.0,5.833333333333333,0.0,0.0,-0.5,3.0,6.666666666666667,1.0,0.0,2.0,3.0,6.0,0.0,0.0,0.0,0.0,6.666666666666667,1.0,0.0,2.0,3.0,6.0,0.0,0.0,0.0,0.0,41.0,15.0,,,1.0,2.0,,2.0
2021-22,4921,Askildsen,centrocampista,Sampdoria,Sampdoria,0.0,2.0,5.5,0.0,0.0,-4.5,15.0,5.833333333333333,0.0,0.0,-0.5,3.0,6.0,0.0,0.0,0.0,0.0,6.25,0.5,0.0,0.75,3.0,6.0,0.0,0.0,0.0,0.0,49.0,9.0,,,2.0,2.0,,1.0
2022-23,4921,Askildsen,centrocampista,Lecce,Sampdoria,1.0,3.0,5.6,0.0,0.0,-1.5,15.0,5.5,0.0,0.0,-4.5,15.0,5.8,0.0,0.0,0.0,0.0,6.0,0.3333333333333333,0.0,-1.0,7.0,5.933333333333334,0.0,0.0,0.0,0.0,36.0,15.0,,,1.0,2.0,,3.0
2020-21,4881,Czyborra,difensore,Genoa,Atalanta,1.0,1.0,5.882352941176471,1.0,0.0,2.0,17.0,6.0,0.0,0.0,0.0,1.0,6.0,0.0,0.0,0.0,0.0,6.0,0.0,0.0,0.0,1.0,6.0,0.0,0.0,0.0,0.0,78.0,3.0,36.0,17.0,4.0,1.0,,4.0
2022-23,4887,Bellanova,difensore,Inter,Cagliari,1.0,2.0,6.0,0.0,0.0,0.0,11.0,5.903225806451613,1.0,1.0,2.5,31.0,5.82258064516129,0.0,0.0,0.0,0.0,5.951612903225806,0.5,0.5,1.25,16.0,5.911290322580645,0.0,0.0,0.0,0.0,29.0,18.0,81.0,2.0,2.0,7.0,,8.0
2023-24,4887,Bellanova,difensore,Torino,Inter,1.0,3.0,6.347222222222222,1.0,7.0,7.5,36.0,6.0,0.0,0.0,0.0,11.0,6.0,0.0,0.0,0.0,0.0,5.951612903225806,0.5,0.5,1.25,21.0,5.911290322580645,0.0,0.0,0.0,0.0,69.0,3.0,53.0,9.0,8.0,5.0,1.0,8.0
2024-25,4887,Bellanova,difensore,Atalanta,Torino,1.0,4.0,6.257142857142857,0.0,9.0,7.5,35.0,6.347222222222222,1.0,7.0,7.5,36.0,6.138888888888889,0.0,0.0,0.0,0.0,6.0834826762246115,0.6666666666666666,2.6666666666666665,3.3333333333333335,26.0,5.987156511350061,0.0,0.0,0.0,0.0,53.0,9.0,66.0,5.0,8.0,14.0,32.5,13.0
2025-26,4887,Bellanova,difensore,Atalanta,Atalanta,0.0,5.0,5.818181818181818,0.0,1.0,0.0,22.0,6.257142857142857,0.0,9.0,7.5,35.0,6.042857142857143,0.0,0.0,0.0,0.0,6.201455026455027,0.3333333333333333,5.333333333333333,5.0,27.333333333333332,6.06058201058201,0.0,0.0,0.0,0.0,74.0,3.0,,,13.0,12.0,27.5,13.0
2020-21,4435,Colley E.,centrocampista,Verona,Atalanta,1.0,1.0,6.078947368421052,1.0,0.0,2.5,19.0,6.25,0.0,1.0,0.5,2.0,6.0,0.0,0.0,0.0,0.0,6.25,0.0,1.0,0.5,2.0,6.0,0.0,0.0,0.0,0.0,78.0,3.0,49.0,9.0,1.0,4.0,,8.0
2021-22,4435,Colley E.,attaccante,Spezia,Verona,1.0,2.0,5.625,0.0,0.0,-0.5,8.0,6.078947368421052,1.0,0.0,2.5,19.0,5.947368421052632,0.0,0.0,0.0,0.0,6.164473684210526,0.5,0.5,1.5,10.5,5.973684210526316,0.0,0.0,0.0,0.0,44.0,10.0,38.0,15.0,8.0,5.0,,4.0
2022-23,2134,Falcone,portiere,Lecce,Sampdoria,1.0,2.0,5.092105263157895,0.0,0.0,-44.0,38.0,4.95,0.0,0.0,-15.0,10.0,6.45,0.0,0.0,0.0,0.0,4.1,0.0,0.0,-10.25,6.0,6.225,0.0,0.0,0.0,0.0,36.0,15.0,,,1.0,7.0,,5.0
2023-24,2134,Falcone,portiere,Lecce,Lecce,0.0,3.0,4.907894736842105,0.0,0.0,-51.0,38.0,5.092105263157895,0.0,0.0,-44.0,38.0,6.25,0.0,0.0,0.0,0.0,5.021052631578947,0.0,0.0,-29.5,24.0,6.35,0.0,0.0,0.0,0.0,36.0,16.0,,,5.0,13.0,16.0,8.0
2024-25,2134,Falcone,portiere,Lecce,Lecce,0.0,4.0,4.7894736842105265,0.0,0.0,-56.0,38.0,4.907894736842105,0.0,0.0,-51.0,38.0,6.25,0.0,0.0,0.0,0.0,4.983333333333333,0.0,0.0,-36.666666666666664,28.666666666666668,6.316666666666666,0.0,0.0,0.0,0.0,37.0,14.0,,,8.0,12.0,12.5,9.0
2025-26,2134,Falcone,portiere,Lecce,Lecce,0.0,5.0,5.223684210526316,0.0,0.0,-45.0,38.0,4.7894736842105265,0.0,0.0,-56.0,38.0,6.2631578947368425,0.0,0.0,0.0,0.0,4.929824561403509,0.0,0.0,-50.333333333333336,38.0,6.254385964912281,0.0,0.0,0.0,0.0,31.0,18.0,,,9.0,11.0,12.0,6.0
2020-21,220,Ujkani,portiere,Torino,Torino,0.0,1.0,5.0,0.0,0.0,-1.0,1.0,3.5,0.0,0.0,-3.0,1.0,6.5,0.0,0.0,0.0,0.0,3.5,0.0,0.0,-3.0,1.0,6.5,0.0,0.0,0.0,0.0,39.0,16.0,,,1.0,1.0,,1.0
2022-23,4896,Maldini,centrocampista,Spezia,Milan,1.0,2.0,6.433333333333334,2.0,0.0,5.5,15.0,7.166666666666667,1.0,0.0,2.5,3.0,6.333333333333333,0.0,0.0,0.0,0.0,6.583333333333334,0.5,0.0,1.25,2.0,6.166666666666666,0.0,0.0,0.0,0.0,83.0,1.0,36.0,16.0,1.0,1.0,,2.0
2023-24,4896,Maldini,centrocampista,Monza,Spezia,1.0,3.0,6.96875,4.0,1.0,12.5,16.0,6.433333333333334,2.0,0.0,5.5,15.0,6.066666666666666,312.0,0.014631399884819984,0.0,1.0,6.800000000000001,1.5,0.0,4.0,9.0,6.199999999999999,156.0,0.007315699942409992,0.0,0.5,31.0,18.0,52.0,10.0,2.0,9.0,1.0,5.0
2024-25,4896,Maldini,centrocampista,Atalanta,Monza,1.0,4.0,6.592592592592593,6.0,0.0,15.5,27.0,6.96875,4.0,1.0,12.5,16.0,6.1875,0.0,0.0,0.0,0.0,6.85625,2.3333333333333335,0.3333333333333333,6.833333333333333,11.333333333333334,6.195833333333333,104.0,0.004877133294939995,0.0,0.3333333333333333,45.0,12.0,66.0,5.0,5.0,14.0,17.5,9.0
2025-26,4896,Maldini,centrocampista,Lazio,Atalanta,1.0,5.0,6.305555555555555,2.0,1.0,6.5,18.0,6.592592592592593,6.0,0.0,15.5,27.0,6.018518518518518,0.0,0.0,0.0,0.0,6.664891975308642,4.0,0.3333333333333333,11.166666666666666,19.333333333333332,6.0908950617283955,104.0,0.004877133294939995,0.0,0.3333333333333333,74.0,3.0,65.0,6.0,9.0,13.0,17.0,9.0
2024-25,4947,Brescianini,centrocampista,Atalanta,Frosinone,1.0,2.0,6.717391304347826,4.0,2.0,13.5,23.0,6.442857142857143,4.0,1.0,12.5,35.0,6.085714285714285,0.0,0.0,0.0,0.0,6.442857142857143,4.0,1.0,12.5,35.0,6.085714285714285,0.0,0.0,0.0,0.0,35.0,16.0,66.0,5.0,5.0,15.0,12.0,4.0
2025-26,4947,Brescianini,centrocampista,Fiorentina,Atalanta,1.0,3.0,6.305555555555555,2.0,1.0,6.0,18.0,6.717391304347826,4.0,2.0,13.5,23.0,6.130434782608695,0.0,0.0,0.0,0.0,6.580124223602485,4.0,1.5,13.0,29.0,6.10807453416149,0.0,0.0,0.0,0.0,74.0,3.0,62.0,7.0,4.0,15.0,11.5,8.0
2020-21,4946,Frabotta,difensore,Juventus,Juventus,0.0,1.0,5.681818181818182,0.0,1.0,-0.5,11.0,6.0,0.0,0.0,0.0,1.0,6.0,0.0,0.0,0.0,0.0,6.0,0.0,0.0,0.0,1.0,6.0,0.0,0.0,0.0,0.0,83.0,1.0,,,,,,1.0
2021-22,4946,Frabotta,difensore,Verona,Juventus,1.0,2.0,6.0,0.0,0.0,0.0,1.0,5.681818181818182,0.0,1.0,-0.5,11.0,5.7272727272727275,0.0,0.0,0.0,0.0,5.840909090909091,0.0,0.5,-0.25,6.0,5.863636363636363,0.0,0.0,0.0,0.0,75.0,5.0,44.0,10.0,1.0,1.0,,2.0
2020-21,2781,Fuzato,portiere,Roma,Roma,0.0,1.0,5.0,0.0,0.0,-7.0,5.0,5.0,0.0,0.0,-1.0,1.0,6.0,0.0,0.0,0.0,0.0,5.0,0.0,0.0,-1.0,1.0,6.0,0.0,0.0,0.0,0.0,67.0,5.0,,,1.0,1.0,,1.0
2020-21,4945,Calafiori,difensore,Roma,Roma,0.0,1.0,5.5,0.0,0.0,-1.0,2.0,6.5,0.0,0.0,0.0,1.0,6.5,0.0,0.0,0.0,0.0,6.5,0.0,0.0,0.0,1.0,6.5,0.0,0.0,0.0,0.0,67.0,5.0,,,1.0,3.0,,1.0
2021-22,4945,Calafiori,difensore,Genoa,Roma,1.0,2.0,5.625,0.0,1.0,0.0,4.0,5.5,0.0,0.0,-1.0,2.0,6.0,0.0,0.0,0.0,0.0,6.0,0.0,0.0,-0.5,1.5,6.25,0.0,0.0,0.0,0.0,61.0,7.0,39.0,14.0,1.0,1.0,,2.0
2021-22,4957,Montipo',portiere,Verona,Benevento,1.0,1.0,4.6911764705882355,0.0,0.0,-47.5,34.0,3.972972972972973,0.0,0.0,-74.5,37.0,5.986486486486487,0.0,0.0,0.0,0.0,3.972972972972973,0.0,0.0,-74.5,37.0,5.986486486486487,0.0,0.0,0.0,0.0,32.0,18.0,44.0,10.0,7.0,4.0,,9.0
2022-23,4957,Montipo',portiere,Verona,Verona,0.0,2.0,4.662162162162162,0.0,0.0,-56.5,37.0,4.6911764705882355,0.0,0.0,-47.5,34.0,6.088235294117647,0.0,0.0,0.0,0.0,4.332074721780604,0.0,0.0,-61.0,35.5,6.037360890302066,0.0,0.0,0.0,0.0,52.0,9.0,,,9.0,10.0,,11.0
2023-24,4957,Montipo',portiere,Verona,Verona,0.0,3.0,4.986486486486487,0.0,0.0,-49.0,37.0,4.662162162162162,0.0,0.0,-56.5,37.0,6.1891891891891895,0.0,0.0,0.0,0.0,4.442103868574456,0.0,0.0,-59.5,36.0,6.08797032326444,0.0,0.0,0.0,0.0,31.0,17.0,,,11.0,10.0,9.5,7.0
2024-25,4957,Montipo',portiere,Verona,Verona,0.0,4.0,4.444444444444445,0.0,0.0,-63.0,36.0,4.986486486486487,0.0,0.0,-49.0,37.0,6.3108108108108105,0.0,0.0,0.0,0.0,4.779941706412295,0.0,0.0,-51.0,36.0,6.196078431372548,0.0,0.0,0.0,0.0,37.0,13.0,,,7.0,13.0,10.0,7.0
2025-26,4957,Montipò,portiere,Verona,Verona,0.0,5.0,4.942857142857143,0.0,1.0,-44.0,35.0,4.444444444444445,0.0,0.0,-63.0,36.0,6.194444444444445,0.0,0.0,0.0,0.0,4.697697697697698,0.0,0.0,-56.166666666666664,36.666666666666664,6.231481481481481,0.0,0.0,0.0,0.0,34.0,15.0,,,7.0,8.0,8.5,5.0
2023-24,4958,Caldirola,difensore,Monza,Monza,0.0,2.0,5.775862068965517,1.0,0.0,-0.5,29.0,6.033333333333333,2.0,0.0,3.0,30.0,5.933333333333334,0.0,0.0,0.0,0.0,5.971212121212121,2.0,0.0,3.25,26.0,5.841666666666667,0.0,0.0,0.0,0.0,52.0,10.0,,,4.0,8.0,4.0,7.0
2024-25,4958,Caldirola,difensore,Monza,Monza,0.0,3.0,5.607142857142857,0.0,0.0,-2.0,14.0,5.775862068965517,1.0,0.0,-0.5,29.0,5.793103448275862,0.0,0.0,0.0,0.0,5.9045977011494255,1.5,0.0,1.25,29.5,5.863218390804597,0.0,0.0,0.0,0.0,45.0,12.0,,,7.0,5.0,8.0,5.0
2021-22,2414,Vidal,centrocampista,Inter,Inter,0.0,1.0,6.1875,1.0,1.0,3.0,24.0,6.125,1.0,0.0,1.5,20.0,6.05,0.0,0.0,0.0,0.0,6.125,1.0,0.0,1.5,20.0,6.05,0.0,0.0,0.0,0.0,88.0,1.0,,,19.0,9.0,,8.0
2021-22,4970,Messias,attaccante,Milan,Crotone,1.0,1.0,6.615384615384615,5.0,2.0,16.0,26.0,6.986111111111111,9.0,3.0,27.0,36.0,6.236111111111111,642.0,0.10237949900329113,2.2237990349531174,5.0,6.986111111111111,9.0,3.0,27.0,36.0,6.236111111111111,642.0,0.10237949900329113,2.2237990349531174,5.0,22.0,19.0,76.0,4.0,8.0,21.0,,11.0
2022-23,4970,Messias,centrocampista,Milan,Milan,0.0,2.0,6.62,5.0,2.0,15.5,25.0,6.615384615384615,5.0,2.0,16.0,26.0,6.0,1122.0,0.19473899621516466,1.5964845232665539,6.0,6.800747863247863,7.0,2.5,21.5,31.0,6.118055555555555,882.0,0.1485592476092279,1.9101417791098356,5.5,83.0,1.0,,,11.0,16.0,,14.0
2023-24,4970,Messias,centrocampista,Genoa,Milan,1.0,3.0,6.352941176470588,1.0,0.0,3.0,17.0,6.62,5.0,2.0,15.5,25.0,6.0,167.0,0.1127314642071724,0.14145461097359657,3.0,6.740498575498575,6.333333333333333,2.3333333333333335,19.5,29.0,6.078703703703703,643.6666666666666,0.13661665314187607,1.3205793897310893,4.666666666666667,67.0,5.0,,,14.0,14.0,10.0,9.0
2024-25,4970,Messias,centrocampista,Genoa,Genoa,0.0,4.0,6.03125,1.0,1.0,0.5,16.0,6.352941176470588,1.0,0.0,3.0,17.0,6.176470588235294,774.0,0.268625364638865,0.5109135136008263,7.0,6.529441930618401,3.6666666666666665,1.3333333333333333,11.5,22.666666666666668,6.0588235294117645,687.6666666666666,0.19203194168706736,0.7496175492803255,5.333333333333333,46.0,11.0,,,9.0,10.0,11.5,9.0
2025-26,4970,Messias,centrocampista,Genoa,Genoa,0.0,5.0,6.684210526315789,2.0,1.0,9.5,19.0,6.03125,1.0,1.0,0.5,16.0,6.0,1045.0,0.7439164789393544,2.8769665770232677,13.0,6.334730392156863,2.3333333333333335,1.0,6.333333333333333,19.333333333333332,6.0588235294117645,662.0,0.3750911025951306,1.1764449005325635,7.666666666666667,40.0,13.0,,,9.0,7.0,6.0,8.0
2021-22,4973,Mckennie,centrocampista,Juventus,Juventus,0.0,1.0,6.631578947368421,3.0,0.0,8.5,19.0,6.606060606060606,5.0,2.0,14.5,33.0,6.166666666666667,0.0,0.0,0.0,0.0,6.606060606060606,5.0,2.0,14.5,33.0,6.166666666666667,0.0,0.0,0.0,0.0,75.0,5.0,,,6.0,18.0,,15.0
2022-23,4973,Mckennie,centrocampista,Juventus,Juventus,0.0,2.0,5.966666666666667,1.0,1.0,4.0,15.0,6.631578947368421,3.0,0.0,8.5,19.0,6.184210526315789,0.0,0.0,0.0,0.0,6.618819776714513,4.0,1.0,11.5,26.0,6.175438596491228,0.0,0.0,0.0,0.0,70.0,4.0,,,15.0,12.0,,11.0
2023-24,4973,Mckennie,centrocampista,Juventus,Juventus,0.0,3.0,6.318181818181818,0.0,7.0,4.0,33.0,5.966666666666667,1.0,1.0,4.0,15.0,5.7,0.0,0.0,0.0,0.0,6.401435406698565,3.0,1.0,9.0,22.333333333333332,6.016959064327486,0.0,0.0,0.0,0.0,69.0,4.0,,,11.0,7.0,0.0,8.0
2024-25,4973,McKennie,centrocampista,Juventus,Juventus,0.0,4.0,6.17741935483871,2.0,3.0,7.5,31.0,6.318181818181818,0.0,7.0,4.0,33.0,6.196969696969697,0.0,0.0,0.0,0.0,6.305475810738969,1.3333333333333333,2.6666666666666665,5.5,22.333333333333332,6.027060074428495,0.0,0.0,0.0,0.0,68.0,4.0,,,8.0,13.0,22.5,7.0
2025-26,4973,McKennie,centrocampista,Juventus,Juventus,0.0,5.0,6.676470588235294,5.0,6.0,18.5,34.0,6.17741935483871,2.0,3.0,7.5,31.0,5.935483870967742,0.0,0.0,0.0,0.0,6.154089279895731,1.0,3.6666666666666665,5.166666666666667,26.333333333333332,5.944151189312479,0.0,0.0,0.0,0.0,67.0,4.0,,,7.0,12.0,13.0,10.0
2021-22,4978,Damsgaard,centrocampista,Sampdoria,Sampdoria,0.0,1.0,5.722222222222222,0.0,0.0,-0.5,9.0,6.316666666666666,2.0,4.0,8.5,30.0,6.033333333333333,0.0,0.0,0.0,0.0,6.316666666666666,2.0,4.0,8.5,30.0,6.033333333333333,0.0,0.0,0.0,0.0,49.0,9.0,,,6.0,12.0,,14.0
2021-22,5286,Akpa Akpro,centrocampista,Lazio,Lazio,0.0,1.0,5.25,0.0,0.0,-0.5,6.0,5.82,0.0,1.0,-3.5,25.0,5.96,0.0,0.0,0.0,0.0,5.82,0.0,1.0,-3.5,25.0,5.96,0.0,0.0,0.0,0.0,68.0,6.0,,,1.0,5.0,,3.0
2022-23,5286,Akpa Akpro,centrocampista,Empoli,Lazio,1.0,2.0,6.0,1.0,1.0,-1.0,24.0,5.25,0.0,0.0,-0.5,6.0,5.333333333333333,0.0,0.0,0.0,0.0,5.535,0.0,0.5,-2.0,15.5,5.6466666666666665,0.0,0.0,0.0,0.0,63.0,5.0,38.0,14.0,3.0,1.0,,2.0
2023-24,5286,Akpa Akpro,centrocampista,Monza,Empoli,1.0,3.0,5.642857142857143,0.0,0.0,-2.5,14.0,6.0,1.0,1.0,-1.0,24.0,6.041666666666667,0.0,0.0,0.0,0.0,5.69,0.3333333333333333,0.6666666666666666,-1.6666666666666667,18.333333333333332,5.778333333333333,0.0,0.0,0.0,0.0,43.0,14.0,52.0,10.0,2.0,8.0,4.5,3.0
2024-25,5286,Akpa Akpro,centrocampista,Monza,Monza,0.0,4.0,5.428571428571429,0.0,0.0,-2.0,14.0,5.642857142857143,0.0,0.0,-2.5,14.0,5.821428571428571,0.0,0.0,0.0,0.0,5.6309523809523805,0.3333333333333333,0.3333333333333333,-1.3333333333333333,14.666666666666666,5.732142857142857,0.0,0.0,0.0,0.0,45.0,12.0,,,3.0,4.0,8.5,1.0
2025-26,5286,Akpa Akpro,centrocampista,Verona,Monza,1.0,5.0,5.795454545454546,1.0,0.0,-1.5,22.0,5.428571428571429,0.0,0.0,-2.0,14.0,5.571428571428571,0.0,0.0,0.0,0.0,5.690476190476191,0.3333333333333333,0.3333333333333333,-1.8333333333333333,17.333333333333332,5.811507936507937,0.0,0.0,0.0,0.0,18.0,20.0,34.0,15.0,1.0,4.0,3.0,1.0
2021-22,4825,Diaz B.,centrocampista,Milan,Milan,0.0,1.0,6.413793103448276,3.0,3.0,10.0,29.0,6.76,4.0,3.0,14.0,25.0,6.2,0.0,0.0,0.0,0.0,6.76,4.0,3.0,14.0,25.0,6.2,0.0,0.0,0.0,0.0,76.0,4.0,,,13.0,14.0,,13.0
2022-23,4825,Diaz B.,centrocampista,Milan,Milan,0.0,2.0,6.833333333333333,6.0,5.0,21.5,33.0,6.413793103448276,3.0,3.0,10.0,29.0,6.068965517241379,0.0,0.0,0.0,0.0,6.586896551724138,3.5,3.0,12.0,27.0,6.13448275862069,0.0,0.0,0.0,0.0,83.0,1.0,,,13.0,14.0,,11.0
2021-22,4661,Osimhen,attaccante,Napoli,Napoli,0.0,1.0,7.981481481481482,14.0,2.0,40.5,27.0,7.583333333333333,10.0,2.0,30.0,24.0,6.333333333333333,0.0,0.0,0.0,0.0,7.583333333333333,10.0,2.0,30.0,24.0,6.333333333333333,0.0,0.0,0.0,0.0,76.0,3.0,,,24.0,28.0,,33.0
2022-23,4661,Osimhen,attaccante,Napoli,Napoli,0.0,2.0,9.140625,24.0,4.0,77.0,32.0,7.981481481481482,14.0,2.0,40.5,27.0,6.481481481481482,0.0,0.0,0.0,0.0,7.782407407407407,12.0,2.0,35.25,25.5,6.407407407407407,0.0,0.0,0.0,0.0,76.0,3.0,,,33.0,33.0,,35.0
2023-24,4661,Osimhen,attaccante,Napoli,Napoli,0.0,3.0,7.88,12.0,2.0,38.0,25.0,9.140625,24.0,4.0,77.0,32.0,6.734375,0.0,0.0,0.0,0.0,8.23514660493827,16.0,2.6666666666666665,49.166666666666664,27.666666666666668,6.516396604938271,0.0,0.0,0.0,0.0,87.0,1.0,,,35.0,44.0,248.0,43.0
2021-22,4461,Zappa,difensore,Cagliari,Cagliari,0.0,1.0,5.642857142857143,0.0,0.0,-2.0,21.0,5.935483870967742,0.0,4.0,2.5,31.0,5.854838709677419,0.0,0.0,0.0,0.0,5.935483870967742,0.0,4.0,2.5,31.0,5.854838709677419,0.0,0.0,0.0,0.0,37.0,16.0,,,3.0,7.0,,7.0
2024-25,4461,Zappa,difensore,Cagliari,Cagliari,0.0,3.0,5.861111111111111,2.0,0.0,4.0,36.0,5.905405405405405,1.0,2.0,4.0,37.0,5.797297297297297,0.0,0.0,0.0,0.0,5.774131274131275,0.5,1.0,1.0,29.0,5.767696267696268,0.0,0.0,0.0,0.0,36.0,15.0,,,6.0,8.0,10.5,6.0
2025-26,4461,Zappa,difensore,Cagliari,Cagliari,0.0,4.0,5.98,0.0,3.0,2.0,25.0,5.861111111111111,2.0,0.0,4.0,36.0,5.75,0.0,0.0,0.0,0.0,5.883258258258258,1.5,1.0,4.0,36.5,5.773648648648649,0.0,0.0,0.0,0.0,36.0,14.0,,,6.0,8.0,8.0,6.0
2021-22,4965,Marin,centrocampista,Cagliari,Cagliari,0.0,1.0,5.958333333333333,0.0,5.0,2.0,36.0,6.283783783783784,3.0,5.0,11.0,37.0,5.986486486486487,0.0,0.0,0.0,0.0,6.283783783783784,3.0,5.0,11.0,37.0,5.986486486486487,0.0,0.0,0.0,0.0,37.0,16.0,,,7.0,12.0,,12.0
2022-23,4965,Marin,centrocampista,Empoli,Cagliari,1.0,2.0,6.203125,2.0,4.0,7.0,32.0,5.958333333333333,0.0,5.0,2.0,36.0,5.902777777777778,0.0,0.0,0.0,0.0,6.121058558558559,1.5,5.0,6.5,36.5,5.944632132132132,0.0,0.0,0.0,0.0,29.0,18.0,38.0,14.0,12.0,9.0,,7.0
2023-24,4965,Marin,centrocampista,Empoli,Empoli,0.0,3.0,6.017857142857143,0.0,2.0,1.0,28.0,6.203125,2.0,4.0,7.0,32.0,5.984375,0.0,0.0,0.0,0.0,6.148414039039039,1.6666666666666667,4.666666666666667,6.666666666666667,35.0,5.957879754754756,0.0,0.0,0.0,0.0,43.0,14.0,,,7.0,10.0,6.5,8.0
2024-25,4965,Marin,centrocampista,Cagliari,Empoli,1.0,4.0,6.407407407407407,1.0,2.0,9.0,27.0,6.017857142857143,0.0,2.0,1.0,28.0,5.982142857142857,0.0,0.0,0.0,0.0,6.059771825396825,0.6666666666666666,3.6666666666666665,3.3333333333333335,32.0,5.956431878306879,0.0,0.0,0.0,0.0,33.0,18.0,36.0,15.0,8.0,8.0,8.5,6.0
2021-22,5004,Forestieri,attaccante,Udinese,Udinese,0.0,1.0,9.0,2.0,1.0,6.5,3.0,6.117647058823529,1.0,1.0,3.5,17.0,5.911764705882353,0.0,0.0,0.0,0.0,6.117647058823529,1.0,1.0,3.5,17.0,5.911764705882353,0.0,0.0,0.0,0.0,40.0,12.0,,,4.0,8.0,,3.0
2021-22,5005,Zoet,portiere,Spezia,Spezia,0.0,1.0,3.5,0.0,0.0,-16.0,7.0,4.285714285714286,0.0,0.0,-12.5,7.0,6.071428571428571,0.0,0.0,0.0,0.0,4.285714285714286,0.0,0.0,-12.5,7.0,6.071428571428571,0.0,0.0,0.0,0.0,38.0,15.0,,,6.0,2.0,,7.0
2022-23,5005,Zoet,portiere,Spezia,Spezia,0.0,2.0,5.3,0.0,0.0,-4.5,5.0,3.5,0.0,0.0,-16.0,7.0,5.785714285714286,0.0,0.0,0.0,0.0,3.892857142857143,0.0,0.0,-14.25,7.0,5.928571428571429,0.0,0.0,0.0,0.0,36.0,16.0,,,7.0,2.0,,1.0
2021-22,4982,Erlic,difensore,Spezia,Spezia,0.0,1.0,6.066666666666666,2.0,0.0,3.5,30.0,6.136363636363637,3.0,1.0,7.0,22.0,5.818181818181818,0.0,0.0,0.0,0.0,6.136363636363637,3.0,1.0,7.0,22.0,5.818181818181818,0.0,0.0,0.0,0.0,38.0,15.0,,,6.0,7.0,,7.0
2022-23,4982,Erlic,difensore,Sassuolo,Spezia,1.0,2.0,5.592592592592593,0.0,0.0,-3.0,27.0,6.066666666666666,2.0,0.0,3.5,30.0,5.95,0.0,0.0,0.0,0.0,6.101515151515152,2.5,0.5,5.25,26.0,5.88409090909091,0.0,0.0,0.0,0.0,36.0,16.0,50.0,11.0,7.0,9.0,,9.0
2023-24,4982,Erlic,difensore,Sassuolo,Sassuolo,0.0,3.0,5.78125,1.0,0.0,0.5,32.0,5.592592592592593,0.0,0.0,-3.0,27.0,5.703703703703703,0.0,0.0,0.0,0.0,5.931874298540965,1.6666666666666667,0.3333333333333333,2.5,26.333333333333332,5.823961840628507,0.0,0.0,0.0,0.0,45.0,13.0,,,9.0,3.0,7.0,5.0
2024-25,4982,Erlic,difensore,Bologna,Sassuolo,1.0,4.0,6.071428571428571,0.0,0.0,0.0,7.0,5.78125,1.0,0.0,0.5,32.0,5.765625,0.0,0.0,0.0,0.0,5.813503086419753,1.0,0.0,0.3333333333333333,29.666666666666668,5.8064429012345675,0.0,0.0,0.0,0.0,29.0,19.0,68.0,3.0,5.0,6.0,7.5,6.0
2021-22,4983,Ferrer,difensore,Spezia,Spezia,0.0,1.0,5.934782608695652,0.0,3.0,1.5,23.0,5.8125,0.0,1.0,-1.0,16.0,5.875,0.0,0.0,0.0,0.0,5.8125,0.0,1.0,-1.0,16.0,5.875,0.0,0.0,0.0,0.0,38.0,15.0,,,5.0,3.0,,2.0
2022-23,4983,Ferrer,difensore,Spezia,Spezia,0.0,2.0,5.5,0.0,0.0,0.0,4.0,5.934782608695652,0.0,3.0,1.5,23.0,5.869565217391305,0.0,0.0,0.0,0.0,5.873641304347826,0.0,2.0,0.25,19.5,5.872282608695652,0.0,0.0,0.0,0.0,36.0,16.0,,,2.0,6.0,,3.0
2021-22,4988,Maggiore,centrocampista,Spezia,Spezia,0.0,1.0,6.2,2.0,3.0,4.5,35.0,6.359375,3.0,1.0,8.5,32.0,6.09375,0.0,0.0,0.0,0.0,6.359375,3.0,1.0,8.5,32.0,6.09375,0.0,0.0,0.0,0.0,38.0,15.0,,,5.0,14.0,,13.0
2022-23,4988,Maggiore,centrocampista,Salernitana,Spezia,1.0,2.0,5.733333333333333,0.0,0.0,-1.0,15.0,6.2,2.0,3.0,4.5,35.0,6.071428571428571,0.0,0.0,0.0,0.0,6.2796875,2.5,2.0,6.5,33.5,6.082589285714286,0.0,0.0,0.0,0.0,36.0,16.0,31.0,17.0,13.0,12.0,,10.0
2023-24,4988,Maggiore,centrocampista,Salernitana,Salernitana,0.0,3.0,6.1923076923076925,4.0,1.0,8.5,26.0,5.733333333333333,0.0,0.0,-1.0,15.0,5.8,0.0,0.0,0.0,0.0,6.097569444444445,1.6666666666666667,1.3333333333333333,4.0,27.333333333333332,5.988392857142856,0.0,0.0,0.0,0.0,42.0,15.0,,,10.0,2.0,4.0,3.0
2021-22,5298,Pobega,centrocampista,Torino,Spezia,1.0,1.0,6.5,4.0,1.0,7.5,31.0,6.85,6.0,0.0,15.0,20.0,6.1,0.0,0.0,0.0,0.0,6.85,6.0,0.0,15.0,20.0,6.1,0.0,0.0,0.0,0.0,38.0,15.0,36.0,17.0,1.0,13.0,,6.0
2022-23,5298,Pobega,centrocampista,Milan,Torino,1.0,2.0,6.25,2.0,0.0,4.0,14.0,6.5,4.0,1.0,7.5,31.0,6.258064516129032,0.0,0.0,0.0,0.0,6.675,5.0,0.5,11.25,25.5,6.179032258064516,0.0,0.0,0.0,0.0,50.0,10.0,83.0,1.0,6.0,17.0,,9.0
2023-24,5298,Pobega,centrocampista,Milan,Milan,0.0,3.0,5.928571428571429,0.0,0.0,0.0,7.0,6.25,2.0,0.0,4.0,14.0,5.964285714285714,0.0,0.0,0.0,0.0,6.533333333333334,4.0,0.3333333333333333,8.833333333333334,21.666666666666668,6.107450076804916,0.0,0.0,0.0,0.0,67.0,5.0,,,9.0,6.0,5.0,5.0
2024-25,5298,Pobega,centrocampista,Bologna,Milan,1.0,4.0,6.25,2.0,2.0,4.0,20.0,5.928571428571429,0.0,0.0,0.0,7.0,5.928571428571429,0.0,0.0,0.0,0.0,6.226190476190477,2.0,0.3333333333333333,3.8333333333333335,17.333333333333332,6.050307219662058,0.0,0.0,0.0,0.0,74.0,2.0,68.0,3.0,5.0,1.0,5.5,2.0
2025-26,5298,Pobega,centrocampista,Bologna,Bologna,0.0,5.0,6.173913043478261,3.0,1.0,8.0,23.0,6.25,2.0,2.0,4.0,20.0,6.05,0.0,0.0,0.0,0.0,6.142857142857143,1.3333333333333333,0.6666666666666666,2.6666666666666665,13.666666666666666,5.980952380952381,0.0,0.0,0.0,0.0,62.0,8.0,,,2.0,10.0,9.5,8.0
2021-22,4992,Gyasi,attaccante,Spezia,Spezia,0.0,1.0,6.083333333333333,6.0,0.0,11.0,36.0,6.402777777777778,4.0,6.0,16.0,36.0,5.958333333333333,0.0,0.0,0.0,0.0,6.402777777777778,4.0,6.0,16.0,36.0,5.958333333333333,0.0,0.0,0.0,0.0,38.0,15.0,,,9.0,13.0,,13.0
2022-23,4992,Gyasi,attaccante,Spezia,Spezia,0.0,2.0,5.8,2.0,0.0,1.0,35.0,6.083333333333333,6.0,0.0,11.0,36.0,5.777777777777778,0.0,0.0,0.0,0.0,6.243055555555555,5.0,3.0,13.5,36.0,5.868055555555555,0.0,0.0,0.0,0.0,36.0,16.0,,,13.0,10.0,,10.0
2023-24,4992,Gyasi,centrocampista,Empoli,Spezia,1.0,3.0,5.689655172413793,1.0,2.0,1.0,29.0,5.8,2.0,0.0,1.0,35.0,5.771428571428571,0.0,0.0,0.0,0.0,6.095370370370371,4.0,2.0,9.333333333333334,35.666666666666664,5.835846560846561,0.0,0.0,0.0,0.0,31.0,18.0,43.0,14.0,10.0,7.0,5.0,8.0
2024-25,4992,Gyasi,centrocampista,Empoli,Empoli,0.0,4.0,5.905405405405405,2.0,1.0,2.5,37.0,5.689655172413793,1.0,2.0,1.0,29.0,5.655172413793103,0.0,0.0,0.0,0.0,5.857662835249042,3.0,0.6666666666666666,4.333333333333333,33.333333333333336,5.734792920999818,0.0,0.0,0.0,0.0,33.0,18.0,,,8.0,6.0,9.0,5.0
2021-22,4934,Lovato,difensore,Cagliari,Verona,1.0,1.0,5.857142857142857,0.0,0.0,-2.5,21.0,5.809523809523809,0.0,0.0,-2.5,21.0,5.928571428571429,0.0,0.0,0.0,0.0,5.809523809523809,0.0,0.0,-2.5,21.0,5.928571428571429,0.0,0.0,0.0,0.0,44.0,10.0,37.0,16.0,1.0,3.0,,4.0
2022-23,4934,Lovato,difensore,Salernitana,Cagliari,1.0,2.0,5.5,0.0,0.0,-1.0,14.0,5.857142857142857,0.0,0.0,-2.5,21.0,5.976190476190476,0.0,0.0,0.0,0.0,5.833333333333333,0.0,0.0,-2.5,21.0,5.9523809523809526,0.0,0.0,0.0,0.0,29.0,18.0,31.0,17.0,4.0,7.0,,6.0
2023-24,4934,Lovato,difensore,Torino,Salernitana,1.0,3.0,5.447368421052632,0.0,0.0,-1.5,19.0,5.5,0.0,0.0,-1.0,14.0,5.571428571428571,0.0,0.0,0.0,0.0,5.722222222222222,0.0,0.0,-2.0,18.666666666666668,5.825396825396825,0.0,0.0,0.0,0.0,42.0,15.0,53.0,9.0,6.0,3.0,2.5,4.0
2021-22,5007,Ilic,centrocampista,Verona,Verona,0.0,1.0,6.078125,1.0,3.0,0.5,32.0,6.107142857142857,2.0,0.0,5.0,28.0,5.928571428571429,0.0,0.0,0.0,0.0,6.107142857142857,2.0,0.0,5.0,28.0,5.928571428571429,0.0,0.0,0.0,0.0,44.0,10.0,,,4.0,10.0,,8.0
2022-23,5007,Ilic,centrocampista,Torino,Verona,1.0,2.0,6.34,2.0,3.0,7.0,25.0,6.078125,1.0,3.0,0.5,32.0,6.0625,0.0,0.0,0.0,0.0,6.092633928571429,1.5,1.5,2.75,30.0,5.995535714285714,0.0,0.0,0.0,0.0,52.0,9.0,50.0,10.0,8.0,11.0,,13.0
2023-24,5007,Ilic,centrocampista,Torino,Torino,0.0,3.0,6.375,3.0,1.0,8.5,28.0,6.34,2.0,3.0,7.0,25.0,6.06,0.0,0.0,0.0,0.0,6.175089285714286,1.6666666666666667,2.0,4.166666666666667,28.333333333333332,6.017023809523809,0.0,0.0,0.0,0.0,53.0,9.0,,,13.0,12.0,14.0,12.0
2024-25,5007,Ilic,centrocampista,Torino,Torino,0.0,4.0,5.96875,1.0,0.0,1.0,16.0,6.375,3.0,1.0,8.5,28.0,6.071428571428571,0.0,0.0,0.0,0.0,6.264375,2.0,2.3333333333333335,5.333333333333333,28.333333333333332,6.064642857142857,0.0,0.0,0.0,0.0,53.0,9.0,,,12.0,11.0,10.0,7.0
2025-26,5007,Ilic,centrocampista,Torino,Torino,0.0,5.0,5.875,0.0,0.0,-1.0,8.0,5.96875,1.0,0.0,1.0,16.0,5.90625,0.0,0.0,0.0,0.0,6.227916666666666,2.0,1.3333333333333333,5.5,23.0,6.012559523809524,0.0,0.0,0.0,0.0,44.0,11.0,,,7.0,4.0,4.5,7.0
2021-22,2489,Pedro,attaccante,Lazio,Roma,1.0,1.0,7.140625,9.0,4.0,28.5,32.0,6.4423076923076925,5.0,2.0,14.5,26.0,5.884615384615385,0.0,0.0,0.0,0.0,6.4423076923076925,5.0,2.0,14.5,26.0,5.884615384615385,0.0,0.0,0.0,0.0,61.0,7.0,68.0,6.0,16.0,12.0,,12.0
2022-23,2489,Pedro,attaccante,Lazio,Lazio,0.0,2.0,6.527777777777778,4.0,3.0,14.5,36.0,7.140625,9.0,4.0,28.5,32.0,6.25,0.0,0.0,0.0,0.0,6.791466346153847,7.0,3.0,21.5,29.0,6.0673076923076925,0.0,0.0,0.0,0.0,63.0,5.0,,,12.0,23.0,,19.0
2023-24,2489,Pedro,attaccante,Lazio,Lazio,0.0,3.0,6.0,1.0,1.0,2.0,26.0,6.527777777777778,4.0,3.0,14.5,36.0,6.125,0.0,0.0,0.0,0.0,6.703570156695157,6.0,3.0,19.166666666666668,31.333333333333332,6.086538461538463,0.0,0.0,0.0,0.0,71.0,2.0,,,19.0,17.0,20.0,12.0
2024-25,2489,Pedro,attaccante,Lazio,Lazio,0.0,4.0,7.267857142857143,8.0,1.0,29.5,28.0,6.0,1.0,1.0,2.0,26.0,5.923076923076923,0.0,0.0,0.0,0.0,6.5561342592592595,4.666666666666667,2.6666666666666665,15.0,31.333333333333332,6.0993589743589745,0.0,0.0,0.0,0.0,60.0,7.0,,,12.0,7.0,10.5,3.0
2025-26,2489,Pedro,attaccante,Lazio,Lazio,0.0,5.0,6.782608695652174,3.0,2.0,15.0,23.0,7.267857142857143,8.0,1.0,29.5,28.0,6.214285714285714,0.0,0.0,0.0,0.0,6.598544973544974,4.333333333333333,1.6666666666666667,15.333333333333334,30.0,6.087454212454213,0.0,0.0,0.0,0.0,65.0,6.0,,,3.0,25.0,28.5,13.0
2021-22,5300,Hickey,difensore,Bologna,Bologna,0.0,1.0,6.180555555555555,5.0,1.0,12.5,36.0,5.590909090909091,0.0,0.0,-2.5,11.0,5.818181818181818,0.0,0.0,0.0,0.0,5.590909090909091,0.0,0.0,-2.5,11.0,5.818181818181818,0.0,0.0,0.0,0.0,41.0,11.0,,,2.0,1.0,,3.0
2023-24,4923,Colombo,attaccante,Monza,Lecce,1.0,2.0,6.391304347826087,4.0,1.0,11.5,23.0,6.365384615384615,4.0,1.0,11.0,26.0,5.9423076923076925,0.0,0.0,0.0,0.0,6.0576923076923075,2.0,0.5,5.5,14.0,5.846153846153847,0.0,0.0,0.0,0.0,36.0,16.0,52.0,10.0,7.0,11.0,9.0,10.0
2024-25,4923,Colombo,attaccante,Empoli,Monza,1.0,3.0,6.388888888888889,5.0,2.0,17.5,36.0,6.391304347826087,4.0,1.0,11.5,23.0,5.891304347826087,0.0,0.0,0.0,0.0,6.378344481605351,4.0,1.0,11.25,24.5,5.91680602006689,0.0,0.0,0.0,0.0,45.0,12.0,33.0,18.0,10.0,10.0,7.5,12.0
2025-26,4923,Colombo,attaccante,Genoa,Empoli,1.0,4.0,6.405405405405405,6.0,1.0,18.0,37.0,6.388888888888889,5.0,2.0,17.5,36.0,5.902777777777778,0.0,0.0,0.0,0.0,6.381859284033197,4.333333333333333,1.3333333333333333,13.333333333333334,28.333333333333332,5.912129939303853,0.0,0.0,0.0,0.0,31.0,17.0,40.0,13.0,12.0,14.0,7.5,12.0
2021-22,4285,Arthur,centrocampista,Juventus,Juventus,0.0,1.0,5.833333333333333,0.0,0.0,-1.5,15.0,6.1,1.0,0.0,1.5,20.0,6.025,0.0,0.0,0.0,0.0,6.1,1.0,0.0,1.5,20.0,6.025,0.0,0.0,0.0,0.0,75.0,5.0,,,15.0,7.0,,5.0
2021-22,4994,Vojvoda,difensore,Torino,Torino,0.0,1.0,6.068965517241379,0.0,3.0,1.5,29.0,6.026315789473684,2.0,2.0,6.0,19.0,5.7105263157894735,0.0,0.0,0.0,0.0,6.026315789473684,2.0,2.0,6.0,19.0,5.7105263157894735,0.0,0.0,0.0,0.0,36.0,17.0,,,8.0,7.0,,6.0
2022-23,4994,Vojvoda,difensore,Torino,Torino,0.0,2.0,5.981481481481482,0.0,5.0,3.5,27.0,6.068965517241379,0.0,3.0,1.5,29.0,6.017241379310345,0.0,0.0,0.0,0.0,6.047640653357531,1.0,2.5,3.75,24.0,5.863883847549909,0.0,0.0,0.0,0.0,50.0,10.0,,,6.0,10.0,,9.0
2023-24,4994,Vojvoda,difensore,Torino,Torino,0.0,3.0,5.9523809523809526,0.0,3.0,1.5,21.0,5.981481481481482,0.0,5.0,3.5,27.0,5.851851851851852,0.0,0.0,0.0,0.0,6.025587596065516,0.6666666666666666,3.3333333333333335,3.6666666666666665,25.0,5.859873182317223,0.0,0.0,0.0,0.0,53.0,9.0,,,9.0,7.0,4.5,6.0
2024-25,4994,Vojvoda,difensore,Como,Torino,1.0,4.0,6.037037037037037,1.0,2.0,2.0,27.0,5.9523809523809526,0.0,3.0,1.5,21.0,5.880952380952381,0.0,0.0,0.0,0.0,6.000942650367937,0.0,3.6666666666666665,2.1666666666666665,25.666666666666668,5.91668187070486,0.0,0.0,0.0,0.0,53.0,9.0,,,6.0,6.0,6.5,6.0
2025-26,4994,Vojvoda,difensore,Como,Como,0.0,5.0,6.2407407407407405,2.0,1.0,6.0,27.0,6.037037037037037,1.0,2.0,2.0,27.0,5.962962962962963,0.0,0.0,0.0,0.0,5.9902998236331575,0.3333333333333333,3.3333333333333335,2.3333333333333335,25.0,5.898589065255732,0.0,0.0,0.0,0.0,49.0,10.0,,,6.0,8.0,8.5,6.0
2021-22,5287,Arslan,centrocampista,Udinese,Udinese,0.0,1.0,5.9655172413793105,1.0,0.0,-1.5,29.0,6.068965517241379,3.0,0.0,4.5,29.0,5.913793103448276,0.0,0.0,0.0,0.0,6.068965517241379,3.0,0.0,4.5,29.0,5.913793103448276,0.0,0.0,0.0,0.0,40.0,12.0,,,3.0,8.0,,8.0
2022-23,5287,Arslan,centrocampista,Udinese,Udinese,0.0,2.0,5.913793103448276,1.0,0.0,1.5,29.0,5.9655172413793105,1.0,0.0,-1.5,29.0,6.017241379310345,0.0,0.0,0.0,0.0,6.017241379310345,2.0,0.0,1.5,29.0,5.9655172413793105,0.0,0.0,0.0,0.0,44.0,12.0,,,8.0,7.0,,6.0
2021-22,5292,Lammers,attaccante,Atalanta,Atalanta,0.0,1.0,6.0,0.0,0.0,0.0,1.0,6.6875,2.0,0.0,6.0,8.0,5.9375,0.0,0.0,0.0,0.0,6.6875,2.0,0.0,6.0,8.0,5.9375,0.0,0.0,0.0,0.0,78.0,2.0,,,11.0,7.0,,13.0
2022-23,5292,Lammers,attaccante,Sampdoria,Atalanta,1.0,2.0,6.0,2.0,2.0,7.5,31.0,6.0,0.0,0.0,0.0,1.0,6.0,0.0,0.0,0.0,0.0,6.34375,1.0,0.0,3.0,4.5,5.96875,0.0,0.0,0.0,0.0,59.0,7.0,36.0,15.0,13.0,13.0,,15.0
2021-22,2252,Marchizza,difensore,Empoli,Spezia,1.0,1.0,5.473684210526316,0.0,1.0,-3.0,19.0,5.840909090909091,0.0,2.0,0.0,22.0,5.840909090909091,1544.0,7.8143330831080675,2.1106697311624885,39.0,5.840909090909091,0.0,2.0,0.0,22.0,5.840909090909091,1544.0,7.8143330831080675,2.1106697311624885,39.0,38.0,15.0,,,3.0,5.0,,5.0
2022-23,2252,Marchizza,difensore,Sassuolo,Empoli,1.0,2.0,6.0,0.0,0.0,-0.5,5.0,5.473684210526316,0.0,1.0,-3.0,19.0,5.631578947368421,89.0,0.14179399609565735,0.0,1.0,5.657296650717703,0.0,1.5,-1.5,20.5,5.736244019138756,816.5,3.9780635396018624,1.0553348655812442,20.0,38.0,14.0,50.0,11.0,5.0,1.0,,2.0
2023-24,2252,Marchizza,difensore,Frosinone,Sassuolo,1.0,3.0,6.1923076923076925,0.0,3.0,2.5,13.0,6.0,0.0,0.0,-0.5,5.0,6.1,0.0,0.0,0.0,0.0,5.771531100478469,0.0,1.0,-1.1666666666666667,15.333333333333334,5.857496012759171,544.3333333333334,2.652042359734575,0.7035565770541629,13.333333333333334,45.0,13.0,,,2.0,2.0,2.0,5.0
2021-22,4979,Ayhan,difensore,Sassuolo,Sassuolo,0.0,1.0,5.861111111111111,1.0,0.0,1.0,18.0,5.730769230769231,0.0,0.0,-1.0,13.0,5.8076923076923075,0.0,0.0,0.0,0.0,5.730769230769231,0.0,0.0,-1.0,13.0,5.8076923076923075,0.0,0.0,0.0,0.0,59.0,8.0,,,7.0,2.0,,3.0
2022-23,4979,Ayhan,difensore,Sassuolo,Sassuolo,0.0,2.0,5.5625,0.0,0.0,-0.5,8.0,5.861111111111111,1.0,0.0,1.0,18.0,5.805555555555555,0.0,0.0,0.0,0.0,5.79594017094017,0.5,0.0,0.0,15.5,5.806623931623932,0.0,0.0,0.0,0.0,50.0,11.0,,,3.0,5.0,,5.0
2021-22,4998,Molina N.,difensore,Udinese,Udinese,0.0,1.0,6.6,7.0,2.0,19.5,35.0,6.26,2.0,5.0,10.5,25.0,5.84,0.0,0.0,0.0,0.0,6.26,2.0,5.0,10.5,25.0,5.84,0.0,0.0,0.0,0.0,40.0,12.0,,,4.0,12.0,,12.0
2021-22,4681,Lopez M.,centrocampista,Sassuolo,Sassuolo,0.0,1.0,6.102941176470588,2.0,1.0,0.5,34.0,5.946428571428571,2.0,0.0,2.5,28.0,5.857142857142857,0.0,0.0,0.0,0.0,5.946428571428571,2.0,0.0,2.5,28.0,5.857142857142857,0.0,0.0,0.0,0.0,59.0,8.0,,,6.0,8.0,,8.0
2022-23,4681,Lopez M.,centrocampista,Sassuolo,Sassuolo,0.0,2.0,5.75,0.0,0.0,-5.5,30.0,6.102941176470588,2.0,1.0,0.5,34.0,6.088235294117647,0.0,0.0,0.0,0.0,6.02468487394958,2.0,0.5,1.5,31.0,5.972689075630251,0.0,0.0,0.0,0.0,50.0,11.0,,,8.0,11.0,,9.0
2023-24,4681,Lopez M.,centrocampista,Fiorentina,Sassuolo,1.0,3.0,5.65625,0.0,0.0,-1.5,16.0,5.75,0.0,0.0,-5.5,30.0,5.933333333333334,0.0,0.0,0.0,0.0,5.933123249299719,1.3333333333333333,0.3333333333333333,-0.8333333333333334,30.666666666666668,5.959570494864612,0.0,0.0,0.0,0.0,45.0,13.0,53.0,8.0,9.0,6.0,11.5,8.0
2021-22,2703,Adrien Silva,centrocampista,Sampdoria,Sampdoria,0.0,1.0,5.566666666666666,0.0,1.0,-1.5,15.0,5.956521739130435,1.0,1.0,0.5,23.0,5.934782608695652,0.0,0.0,0.0,0.0,5.956521739130435,1.0,1.0,0.5,23.0,5.934782608695652,0.0,0.0,0.0,0.0,49.0,9.0,,,7.0,6.0,,6.0
2021-22,5012,Muriqi,attaccante,Lazio,Lazio,0.0,1.0,5.6,0.0,0.0,-0.5,5.0,5.8,1.0,0.0,2.5,20.0,5.675,0.0,0.0,0.0,0.0,5.8,1.0,0.0,2.5,20.0,5.675,0.0,0.0,0.0,0.0,68.0,6.0,,,12.0,5.0,,4.0
2021-22,5332,Bastoni S.,difensore,Spezia,Spezia,0.0,1.0,6.413793103448276,3.0,3.0,8.5,29.0,6.261904761904762,1.0,6.0,5.5,21.0,6.0,0.0,0.0,0.0,0.0,6.261904761904762,1.0,6.0,5.5,21.0,6.0,0.0,0.0,0.0,0.0,38.0,15.0,,,1.0,9.0,,7.0
2022-23,5332,Bastoni S.,difensore,Spezia,Spezia,0.0,2.0,6.5,2.0,4.0,6.5,18.0,6.413793103448276,3.0,3.0,8.5,29.0,6.120689655172414,0.0,0.0,0.0,0.0,6.337848932676518,2.0,4.5,7.0,25.0,6.060344827586206,0.0,0.0,0.0,0.0,36.0,16.0,,,7.0,12.0,,12.0
2023-24,5332,Bastoni S.,difensore,Empoli,Spezia,1.0,3.0,6.0,1.0,0.0,1.5,12.0,6.5,2.0,4.0,6.5,18.0,6.138888888888889,0.0,0.0,0.0,0.0,6.391899288451012,2.0,4.333333333333333,6.833333333333333,22.666666666666668,6.086526181353768,0.0,0.0,0.0,0.0,31.0,18.0,43.0,14.0,12.0,10.0,7.0,8.0
2021-22,5336,Nzola,attaccante,Spezia,Spezia,0.0,1.0,6.28125,2.0,1.0,6.5,16.0,7.56,7.0,3.0,33.5,25.0,6.22,0.0,0.0,0.0,0.0,7.56,7.0,3.0,33.5,25.0,6.22,0.0,0.0,0.0,0.0,38.0,15.0,,,5.0,24.0,,20.0
2022-23,5336,Nzola,attaccante,Spezia,Spezia,0.0,2.0,7.387096774193548,10.0,2.0,37.0,31.0,6.28125,2.0,1.0,6.5,16.0,5.875,0.0,0.0,0.0,0.0,6.920624999999999,4.5,2.0,20.0,20.5,6.047499999999999,0.0,0.0,0.0,0.0,36.0,16.0,,,20.0,6.0,,14.0
2023-24,5336,Nzola,attaccante,Fiorentina,Spezia,1.0,3.0,6.086206896551724,2.0,2.0,10.0,29.0,7.387096774193548,10.0,2.0,37.0,31.0,6.193548387096774,0.0,0.0,0.0,0.0,7.076115591397849,6.333333333333333,2.0,25.666666666666668,24.0,6.096182795698925,0.0,0.0,0.0,0.0,31.0,18.0,53.0,8.0,14.0,26.0,73.0,23.0
2021-22,5329,Makengo,centrocampista,Udinese,Udinese,0.0,1.0,5.984848484848484,1.0,3.0,2.5,33.0,5.769230769230769,0.0,0.0,-0.5,13.0,5.8076923076923075,0.0,0.0,0.0,0.0,5.769230769230769,0.0,0.0,-0.5,13.0,5.8076923076923075,0.0,0.0,0.0,0.0,40.0,12.0,,,4.0,3.0,,2.0
2022-23,5329,Makengo,centrocampista,Udinese,Udinese,0.0,2.0,6.0,0.0,1.0,0.0,15.0,5.984848484848484,1.0,3.0,2.5,33.0,5.909090909090909,0.0,0.0,0.0,0.0,5.877039627039627,0.5,1.5,1.0,23.0,5.858391608391608,0.0,0.0,0.0,0.0,44.0,12.0,,,2.0,9.0,,8.0
2025-26,5319,Sohm,centrocampista,Bologna,Parma,1.0,2.0,5.625,0.0,1.0,-0.5,24.0,6.256756756756757,4.0,0.0,8.5,37.0,6.027027027027027,0.0,0.0,0.0,0.0,6.256756756756757,4.0,0.0,8.5,37.0,6.027027027027027,0.0,0.0,0.0,0.0,33.0,16.0,62.0,8.0,5.0,13.0,14.0,12.0
2021-22,5311,Shomurodov,attaccante,Roma,Genoa,1.0,1.0,6.725,3.0,4.0,12.5,20.0,6.983333333333333,8.0,1.0,24.5,30.0,6.166666666666667,0.0,0.0,0.0,0.0,6.983333333333333,8.0,1.0,24.5,30.0,6.166666666666667,0.0,0.0,0.0,0.0,39.0,14.0,61.0,7.0,9.0,20.0,,16.0
2022-23,5311,Shomurodov,attaccante,Spezia,Roma,1.0,2.0,5.970588235294118,1.0,1.0,3.5,17.0,6.725,3.0,4.0,12.5,20.0,6.1,0.0,0.0,0.0,0.0,6.854166666666666,5.5,2.5,18.5,25.0,6.133333333333333,0.0,0.0,0.0,0.0,60.0,6.0,36.0,16.0,16.0,14.0,,12.0
2023-24,5311,Shomurodov,attaccante,Cagliari,Spezia,1.0,3.0,6.425,3.0,3.0,11.5,20.0,5.970588235294118,1.0,1.0,3.5,17.0,5.764705882352941,0.0,0.0,0.0,0.0,6.559640522875817,4.0,2.0,13.5,22.333333333333332,6.010457516339869,0.0,0.0,0.0,0.0,31.0,18.0,,,12.0,6.0,5.5,13.0
2024-25,5311,Shomurodov,attaccante,Roma,Cagliari,1.0,4.0,6.8,4.0,2.0,14.0,20.0,6.425,3.0,3.0,11.5,20.0,5.85,0.0,0.0,0.0,0.0,6.3735294117647046,2.3333333333333335,2.6666666666666665,9.166666666666666,19.0,5.904901960784312,0.0,0.0,0.0,0.0,36.0,15.0,63.0,6.0,13.0,12.0,11.0,3.0
2021-22,5323,Martinez Quarta,difensore,Fiorentina,Fiorentina,0.0,1.0,5.75,1.0,0.0,-1.0,18.0,5.868421052631579,1.0,0.0,0.0,19.0,5.868421052631579,0.0,0.0,0.0,0.0,5.868421052631579,1.0,0.0,0.0,19.0,5.868421052631579,0.0,0.0,0.0,0.0,39.0,13.0,,,5.0,5.0,,5.0
2022-23,5323,Martinez Quarta,difensore,Fiorentina,Fiorentina,0.0,2.0,5.981481481481482,1.0,1.0,1.0,27.0,5.75,1.0,0.0,-1.0,18.0,5.805555555555555,0.0,0.0,0.0,0.0,5.809210526315789,1.0,0.0,-0.5,18.5,5.836988304093567,0.0,0.0,0.0,0.0,59.0,8.0,,,5.0,3.0,,4.0
2023-24,5323,Martinez Quarta,difensore,Fiorentina,Fiorentina,0.0,3.0,6.410714285714286,5.0,0.0,10.5,28.0,5.981481481481482,1.0,1.0,1.0,27.0,5.944444444444445,0.0,0.0,0.0,0.0,5.866634178037686,1.0,0.3333333333333333,0.0,21.333333333333332,5.87280701754386,0.0,0.0,0.0,0.0,53.0,8.0,,,4.0,7.0,6.5,6.0
2024-25,5323,Martinez Quarta,difensore,Fiorentina,Fiorentina,0.0,4.0,6.214285714285714,1.0,0.0,2.5,7.0,6.410714285714286,5.0,0.0,10.5,28.0,6.035714285714286,0.0,0.0,0.0,0.0,6.0473985890652555,2.3333333333333335,0.3333333333333333,3.5,24.333333333333332,5.928571428571428,0.0,0.0,0.0,0.0,57.0,8.0,,,6.0,13.0,25.0,11.0
2025-26,5290,Estevez,centrocampista,Parma,Parma,0.0,2.0,5.795454545454546,0.0,1.0,0.0,22.0,5.708333333333333,0.0,0.0,-1.0,12.0,5.791666666666667,0.0,0.0,0.0,0.0,5.708333333333333,0.0,0.0,-1.0,12.0,5.791666666666667,0.0,0.0,0.0,0.0,33.0,16.0,,,4.0,2.0,4.0,2.0
2021-22,5354,Ruggeri,difensore,Salernitana,Atalanta,1.0,1.0,5.8076923076923075,0.0,0.0,-0.5,13.0,5.5,0.0,0.0,0.0,3.0,5.5,0.0,0.0,0.0,0.0,5.5,0.0,0.0,0.0,3.0,5.5,0.0,0.0,0.0,0.0,78.0,2.0,,,1.0,1.0,,1.0
2022-23,5354,Ruggeri,difensore,Atalanta,Salernitana,1.0,2.0,5.8,0.0,1.0,-0.5,10.0,5.8076923076923075,0.0,0.0,-0.5,13.0,5.846153846153846,0.0,0.0,0.0,0.0,5.653846153846153,0.0,0.0,-0.25,8.0,5.673076923076923,0.0,0.0,0.0,0.0,31.0,17.0,59.0,7.0,1.0,4.0,,1.0
2023-24,5354,Ruggeri,difensore,Atalanta,Atalanta,0.0,3.0,6.075757575757576,0.0,5.0,3.5,33.0,5.8,0.0,1.0,-0.5,10.0,5.85,0.0,0.0,0.0,0.0,5.702564102564103,0.0,0.3333333333333333,-0.3333333333333333,8.666666666666666,5.732051282051281,0.0,0.0,0.0,0.0,61.0,6.0,,,1.0,2.0,4.0,3.0
2024-25,5354,Ruggeri,difensore,Atalanta,Atalanta,0.0,4.0,6.076923076923077,0.0,3.0,2.0,26.0,6.075757575757576,0.0,5.0,3.5,33.0,5.96969696969697,0.0,0.0,0.0,0.0,5.894483294483294,0.0,2.0,0.8333333333333334,18.666666666666668,5.888616938616939,0.0,0.0,0.0,0.0,66.0,5.0,,,3.0,10.0,21.0,11.0
2021-22,5001,Miranchuk,centrocampista,Atalanta,Atalanta,0.0,1.0,6.444444444444445,2.0,4.0,10.0,18.0,7.03125,4.0,1.0,13.0,16.0,6.21875,0.0,0.0,0.0,0.0,7.03125,4.0,1.0,13.0,16.0,6.21875,0.0,0.0,0.0,0.0,78.0,2.0,,,17.0,15.0,,15.0
2022-23,5001,Miranchuk,centrocampista,Torino,Atalanta,1.0,2.0,6.839285714285714,4.0,5.0,17.0,28.0,6.444444444444445,2.0,4.0,10.0,18.0,5.888888888888889,0.0,0.0,0.0,0.0,6.737847222222222,3.0,2.5,11.5,17.0,6.053819444444445,0.0,0.0,0.0,0.0,59.0,7.0,50.0,10.0,15.0,10.0,,8.0
2023-24,5001,Miranchuk,centrocampista,Atalanta,Torino,1.0,3.0,6.818181818181818,3.0,5.0,13.5,22.0,6.839285714285714,4.0,5.0,17.0,28.0,6.232142857142857,0.0,0.0,0.0,0.0,6.771660052910053,3.3333333333333335,3.3333333333333335,13.333333333333334,20.666666666666668,6.113260582010582,0.0,0.0,0.0,0.0,53.0,9.0,61.0,6.0,8.0,20.0,21.0,10.0
2021-22,5233,Mayoral,attaccante,Roma,Roma,0.0,1.0,5.75,0.0,0.0,0.0,2.0,7.568181818181818,10.0,3.0,32.5,22.0,6.090909090909091,0.0,0.0,0.0,0.0,7.568181818181818,10.0,3.0,32.5,22.0,6.090909090909091,0.0,0.0,0.0,0.0,61.0,7.0,,,9.0,26.0,,21.0
2021-22,5355,Udogie,difensore,Udinese,Verona,1.0,1.0,6.470588235294118,5.0,3.0,16.0,34.0,5.9,0.0,0.0,-0.5,5.0,6.0,0.0,0.0,0.0,0.0,5.9,0.0,0.0,-0.5,5.0,6.0,0.0,0.0,0.0,0.0,44.0,10.0,40.0,12.0,1.0,2.0,,4.0
2022-23,5355,Udogie,difensore,Udinese,Udinese,0.0,2.0,6.40625,3.0,4.0,10.5,32.0,6.470588235294118,5.0,3.0,16.0,34.0,6.0,0.0,0.0,0.0,0.0,6.185294117647059,2.5,1.5,7.75,19.5,6.0,0.0,0.0,0.0,0.0,44.0,12.0,,,4.0,14.0,,13.0
2021-22,4985,Vignali,difensore,Spezia,Spezia,0.0,1.0,4.5,0.0,0.0,0.0,1.0,5.428571428571429,0.0,0.0,-3.0,21.0,5.571428571428571,0.0,0.0,0.0,0.0,5.428571428571429,0.0,0.0,-3.0,21.0,5.571428571428571,0.0,0.0,0.0,0.0,38.0,15.0,,,3.0,3.0,,3.0
2025-26,5320,Paleari,portiere,Torino,Torino,0.0,2.0,4.517241379310345,0.0,0.0,-45.5,29.0,3.5,0.0,0.0,-3.0,1.0,6.5,0.0,0.0,0.0,0.0,3.5,0.0,0.0,-3.0,1.0,6.5,0.0,0.0,0.0,0.0,44.0,11.0,,,1.0,1.0,0.5,1.0
2021-22,5375,Maehle,difensore,Atalanta,Atalanta,0.0,1.0,5.956521739130435,1.0,1.0,3.0,23.0,6.027777777777778,0.0,2.0,2.0,18.0,5.916666666666667,0.0,0.0,0.0,0.0,6.027777777777778,0.0,2.0,2.0,18.0,5.916666666666667,0.0,0.0,0.0,0.0,78.0,2.0,,,4.0,7.0,,9.0
2022-23,5375,Maehle,difensore,Atalanta,Atalanta,0.0,2.0,6.183333333333334,3.0,2.0,7.5,30.0,5.956521739130435,1.0,1.0,3.0,23.0,5.826086956521739,0.0,0.0,0.0,0.0,5.992149758454106,0.5,1.5,2.5,20.5,5.871376811594203,0.0,0.0,0.0,0.0,59.0,7.0,,,9.0,5.0,,8.0
2024-25,2722,Ravaglia F.,portiere,Bologna,Bologna,0.0,2.0,4.833333333333333,0.0,0.0,-14.0,12.0,6.333333333333333,0.0,0.0,0.0,6.0,6.333333333333333,0.0,0.0,0.0,0.0,6.333333333333333,0.0,0.0,0.0,6.0,6.333333333333333,0.0,0.0,0.0,0.0,68.0,3.0,,,1.0,9.0,0.5,1.0
2025-26,2722,Ravaglia F.,portiere,Bologna,Bologna,0.0,3.0,4.382352941176471,0.0,0.0,-31.0,17.0,4.833333333333333,0.0,0.0,-14.0,12.0,6.0,0.0,0.0,0.0,0.0,5.583333333333333,0.0,0.0,-7.0,9.0,6.166666666666666,0.0,0.0,0.0,0.0,62.0,8.0,,,1.0,6.0,0.5,3.0
2021-22,4976,Kalulu,difensore,Milan,Milan,0.0,1.0,6.458333333333333,1.0,2.0,3.0,24.0,5.9,1.0,0.0,2.5,10.0,5.65,0.0,0.0,0.0,0.0,5.9,1.0,0.0,2.5,10.0,5.65,0.0,0.0,0.0,0.0,76.0,4.0,,,1.0,3.0,,2.0
2022-23,4976,Kalulu,difensore,Milan,Milan,0.0,2.0,5.78125,1.0,0.0,1.0,32.0,6.458333333333333,1.0,2.0,3.0,24.0,6.333333333333333,0.0,0.0,0.0,0.0,6.179166666666667,1.0,1.0,2.75,17.0,5.991666666666667,0.0,0.0,0.0,0.0,83.0,1.0,,,2.0,14.0,,14.0
2023-24,4976,Kalulu,difensore,Milan,Milan,0.0,3.0,5.857142857142857,0.0,0.0,0.0,7.0,5.78125,1.0,0.0,1.0,32.0,5.75,0.0,0.0,0.0,0.0,6.046527777777778,1.0,0.6666666666666666,2.1666666666666665,22.0,5.911111111111111,0.0,0.0,0.0,0.0,67.0,5.0,,,14.0,7.0,9.0,7.0
2024-25,4976,Kalulu,difensore,Juventus,Milan,1.0,4.0,6.053571428571429,1.0,0.0,1.0,28.0,5.857142857142857,0.0,0.0,0.0,7.0,5.857142857142857,0.0,0.0,0.0,0.0,6.032242063492063,0.6666666666666666,0.6666666666666666,1.3333333333333333,21.0,5.98015873015873,0.0,0.0,0.0,0.0,74.0,2.0,68.0,4.0,7.0,3.0,6.0,4.0
2025-26,4976,Kalulu,difensore,Juventus,Juventus,0.0,5.0,6.351351351351352,2.0,4.0,8.0,37.0,6.053571428571429,1.0,0.0,1.0,28.0,6.017857142857143,0.0,0.0,0.0,0.0,5.897321428571428,0.6666666666666666,0.0,0.6666666666666666,22.333333333333332,5.875,0.0,0.0,0.0,0.0,67.0,4.0,,,4.0,9.0,11.5,9.0
2021-22,2724,Buongiorno,difensore,Torino,Torino,0.0,1.0,5.805555555555555,0.0,1.0,-1.0,18.0,5.5,0.0,0.0,-2.0,12.0,5.666666666666667,0.0,0.0,0.0,0.0,5.5,0.0,0.0,-2.0,12.0,5.666666666666667,0.0,0.0,0.0,0.0,36.0,17.0,,,1.0,3.0,,6.0
2022-23,2724,Buongiorno,difensore,Torino,Torino,0.0,2.0,6.147058823529412,1.0,2.0,1.0,34.0,5.805555555555555,0.0,1.0,-1.0,18.0,5.861111111111111,0.0,0.0,0.0,0.0,5.652777777777778,0.0,0.5,-1.5,15.0,5.763888888888889,0.0,0.0,0.0,0.0,50.0,10.0,,,6.0,4.0,,4.0
2023-24,2724,Buongiorno,difensore,Torino,Torino,0.0,3.0,6.5,3.0,0.0,5.5,29.0,6.147058823529412,1.0,2.0,1.0,34.0,6.117647058823529,0.0,0.0,0.0,0.0,5.817538126361655,0.3333333333333333,1.0,-0.6666666666666666,21.333333333333332,5.881808278867102,0.0,0.0,0.0,0.0,53.0,9.0,,,4.0,12.0,18.0,11.0
2024-25,2724,Buongiorno,difensore,Napoli,Torino,1.0,4.0,6.454545454545454,1.0,0.0,2.0,22.0,6.5,3.0,0.0,5.5,29.0,6.310344827586207,0.0,0.0,0.0,0.0,6.15087145969499,1.3333333333333333,1.0,1.8333333333333333,27.0,6.096367665840282,0.0,0.0,0.0,0.0,53.0,9.0,52.0,10.0,11.0,15.0,45.0,16.0
2025-26,2724,Buongiorno,difensore,Napoli,Napoli,0.0,5.0,5.875,0.0,1.0,-0.5,32.0,6.454545454545454,1.0,0.0,2.0,22.0,6.363636363636363,0.0,0.0,0.0,0.0,6.367201426024955,1.6666666666666667,0.6666666666666666,2.8333333333333335,28.333333333333332,6.263876083348699,0.0,0.0,0.0,0.0,79.0,1.0,,,16.0,11.0,28.5,13.0
2021-22,5010,Ismajli,difensore,Empoli,Spezia,1.0,1.0,5.0588235294117645,0.0,0.0,-7.5,17.0,5.9375,1.0,1.0,2.5,16.0,5.78125,0.0,0.0,0.0,0.0,5.9375,1.0,1.0,2.5,16.0,5.78125,0.0,0.0,0.0,0.0,38.0,15.0,,,3.0,6.0,,6.0
2022-23,5010,Ismajli,difensore,Empoli,Empoli,0.0,2.0,5.86,0.0,0.0,-3.5,25.0,5.0588235294117645,0.0,0.0,-7.5,17.0,5.5,0.0,0.0,0.0,0.0,5.498161764705882,0.5,0.5,-2.5,16.5,5.640625,0.0,0.0,0.0,0.0,38.0,14.0,,,6.0,2.0,,3.0
2023-24,5010,Ismajli,difensore,Empoli,Empoli,0.0,3.0,5.68,0.0,0.0,-1.0,25.0,5.86,0.0,0.0,-3.5,25.0,6.0,0.0,0.0,0.0,0.0,5.618774509803921,0.3333333333333333,0.3333333333333333,-2.8333333333333335,19.333333333333332,5.760416666666667,0.0,0.0,0.0,0.0,43.0,14.0,,,3.0,5.0,4.5,5.0
2024-25,5010,Ismajli,difensore,Empoli,Empoli,0.0,4.0,6.120689655172414,0.0,0.0,-1.5,29.0,5.68,0.0,0.0,-1.0,25.0,5.72,0.0,0.0,0.0,0.0,5.532941176470588,0.0,0.0,-4.0,22.333333333333332,5.739999999999999,0.0,0.0,0.0,0.0,33.0,18.0,,,5.0,5.0,8.0,6.0
2025-26,5010,Ismajli,difensore,Torino,Empoli,1.0,5.0,5.895833333333333,0.0,2.0,-0.5,24.0,6.120689655172414,0.0,0.0,-1.5,29.0,6.172413793103448,0.0,0.0,0.0,0.0,5.886896551724138,0.0,0.0,-2.0,26.333333333333332,5.964137931034482,0.0,0.0,0.0,0.0,31.0,17.0,44.0,11.0,6.0,10.0,10.5,8.0
2021-22,5322,Mihaila,attaccante,Atalanta,Parma,1.0,1.0,5.5,0.0,0.0,0.0,2.0,6.785714285714286,3.0,1.0,9.0,14.0,6.142857142857143,1576.0,10.599772159010172,3.314269984140992,66.0,6.785714285714286,3.0,1.0,9.0,14.0,6.142857142857143,1576.0,10.599772159010172,3.314269984140992,66.0,20.0,20.0,78.0,2.0,3.0,12.0,,9.0
2025-26,5307,Valenti,difensore,Parma,Parma,0.0,2.0,5.833333333333333,0.0,0.0,-3.5,27.0,5.85,1.0,0.0,0.0,20.0,5.85,0.0,0.0,0.0,0.0,5.85,1.0,0.0,0.0,20.0,5.85,0.0,0.0,0.0,0.0,33.0,16.0,,,3.0,8.0,6.0,4.0
2021-22,4751,Tomori,difensore,Milan,Milan,0.0,1.0,6.225806451612903,0.0,0.0,-2.0,31.0,6.4411764705882355,1.0,0.0,3.0,17.0,6.264705882352941,0.0,0.0,0.0,0.0,6.4411764705882355,1.0,0.0,3.0,17.0,6.264705882352941,0.0,0.0,0.0,0.0,76.0,4.0,,,7.0,12.0,,12.0
2022-23,4751,Tomori,difensore,Milan,Milan,0.0,2.0,6.090909090909091,1.0,0.0,0.5,33.0,6.225806451612903,0.0,0.0,-2.0,31.0,6.290322580645161,0.0,0.0,0.0,0.0,6.33349146110057,0.5,0.0,0.5,24.0,6.277514231499051,0.0,0.0,0.0,0.0,83.0,1.0,,,12.0,12.0,,15.0
2023-24,4751,Tomori,difensore,Milan,Milan,0.0,3.0,6.32,4.0,0.0,8.0,25.0,6.090909090909091,1.0,0.0,0.5,33.0,6.075757575757576,0.0,0.0,0.0,0.0,6.252630671036743,0.6666666666666666,0.0,0.5,27.0,6.21026201291856,0.0,0.0,0.0,0.0,67.0,5.0,,,15.0,11.0,21.5,13.0
2024-25,4751,Tomori,difensore,Milan,Milan,0.0,4.0,5.805555555555555,0.0,1.0,-1.0,18.0,6.32,4.0,0.0,8.0,25.0,6.0,0.0,0.0,0.0,0.0,6.212238514173998,1.6666666666666667,0.0,2.1666666666666665,29.666666666666668,6.122026718800913,0.0,0.0,0.0,0.0,74.0,2.0,,,13.0,12.0,37.5,14.0
2025-26,4751,Tomori,difensore,Milan,Milan,0.0,5.0,5.875,0.0,1.0,-3.0,32.0,5.805555555555555,0.0,1.0,-1.0,18.0,5.861111111111111,0.0,0.0,0.0,0.0,6.072154882154883,1.6666666666666667,0.3333333333333333,2.5,25.333333333333332,5.978956228956228,0.0,0.0,0.0,0.0,60.0,9.0,,,14.0,7.0,9.0,8.0
2023-24,5086,Zirkzee,attaccante,Bologna,Bologna,0.0,2.0,7.397058823529412,9.0,4.0,33.0,34.0,6.444444444444445,2.0,2.0,7.0,18.0,6.055555555555555,0.0,0.0,0.0,0.0,5.972222222222222,1.0,1.0,3.5,10.5,5.777777777777778,0.0,0.0,0.0,0.0,51.0,11.0,,,7.0,12.0,5.0,11.0
2021-22,5391,Kokorin,attaccante,Fiorentina,Fiorentina,0.0,1.0,6.0,0.0,0.0,0.0,2.0,5.625,0.0,0.0,-0.5,4.0,5.75,0.0,0.0,0.0,0.0,5.625,0.0,0.0,-0.5,4.0,5.75,0.0,0.0,0.0,0.0,39.0,13.0,,,10.0,3.0,,5.0
2023-24,4465,Fagioli,centrocampista,Juventus,Juventus,0.0,2.0,6.25,0.0,2.0,1.5,8.0,6.586956521739131,3.0,3.0,10.5,23.0,6.130434782608695,0.0,0.0,0.0,0.0,6.293478260869565,1.5,1.5,5.25,12.0,6.065217391304348,0.0,0.0,0.0,0.0,69.0,4.0,,,3.0,15.0,14.5,13.0
2024-25,4465,Fagioli,centrocampista,Fiorentina,Juventus,1.0,3.0,6.041666666666667,1.0,2.0,3.0,24.0,6.25,0.0,2.0,1.5,8.0,6.0625,0.0,0.0,0.0,0.0,6.418478260869565,1.5,2.5,6.0,15.5,6.096467391304348,0.0,0.0,0.0,0.0,68.0,4.0,57.0,8.0,13.0,4.0,5.0,10.0
2025-26,4465,Fagioli,centrocampista,Fiorentina,Fiorentina,0.0,4.0,6.2272727272727275,2.0,3.0,6.5,33.0,6.041666666666667,1.0,2.0,3.0,24.0,5.916666666666667,0.0,0.0,0.0,0.0,6.292874396135265,1.3333333333333333,2.3333333333333335,5.0,18.333333333333332,6.036533816425121,0.0,0.0,0.0,0.0,62.0,7.0,,,10.0,8.0,11.0,8.0
2021-22,4964,Vicario,portiere,Empoli,Cagliari,1.0,1.0,4.723684210526316,0.0,0.0,-64.5,38.0,5.0,0.0,0.0,-6.0,4.0,6.5,0.0,0.0,0.0,0.0,5.0,0.0,0.0,-6.0,4.0,6.5,0.0,0.0,0.0,0.0,37.0,16.0,,,1.0,5.0,,6.0
2022-23,4964,Vicario,portiere,Empoli,Empoli,0.0,2.0,5.193548387096774,0.0,0.0,-37.5,31.0,4.723684210526316,0.0,0.0,-64.5,38.0,6.421052631578948,0.0,0.0,0.0,0.0,4.8618421052631575,0.0,0.0,-35.25,21.0,6.460526315789474,0.0,0.0,0.0,0.0,38.0,14.0,,,6.0,11.0,,9.0
2021-22,5420,Darboe,centrocampista,Roma,Roma,0.0,1.0,6.0,0.0,0.0,0.0,1.0,5.625,0.0,0.0,-1.0,4.0,5.875,0.0,0.0,0.0,0.0,5.625,0.0,0.0,-1.0,4.0,5.875,0.0,0.0,0.0,0.0,61.0,7.0,,,1.0,3.0,,2.0
2021-22,5422,Zalewski,centrocampista,Roma,Roma,0.0,1.0,5.8076923076923075,0.0,0.0,-0.5,13.0,7.0,0.0,1.0,1.0,1.0,6.0,0.0,0.0,0.0,0.0,7.0,0.0,1.0,1.0,1.0,6.0,0.0,0.0,0.0,0.0,61.0,7.0,,,1.0,2.0,,1.0
2022-23,5422,Zalewski,centrocampista,Roma,Roma,0.0,2.0,6.15625,2.0,1.0,5.5,32.0,5.8076923076923075,0.0,0.0,-0.5,13.0,5.846153846153846,0.0,0.0,0.0,0.0,6.403846153846153,0.0,0.5,0.25,7.0,5.923076923076923,0.0,0.0,0.0,0.0,60.0,6.0,,,1.0,6.0,,7.0
2023-24,5422,Zalewski,centrocampista,Roma,Roma,0.0,3.0,5.7727272727272725,0.0,1.0,-0.5,22.0,6.15625,2.0,1.0,5.5,32.0,5.984375,0.0,0.0,0.0,0.0,6.321314102564102,0.6666666666666666,0.6666666666666666,2.0,15.333333333333334,5.943509615384616,0.0,0.0,0.0,0.0,60.0,7.0,,,7.0,10.0,8.0,8.0
2024-25,5422,Zalewski,centrocampista,Inter,Roma,1.0,4.0,6.2105263157894735,1.0,2.0,3.5,19.0,5.7727272727272725,0.0,1.0,-0.5,22.0,5.795454545454546,0.0,0.0,0.0,0.0,5.912223193473193,0.6666666666666666,0.6666666666666666,1.5,22.333333333333332,5.8753277972027975,0.0,0.0,0.0,0.0,63.0,6.0,93.0,1.0,8.0,4.0,9.0,2.0
2025-26,5422,Zalewski,centrocampista,Atalanta,Inter,1.0,5.0,6.403225806451613,2.0,5.0,9.5,31.0,6.2105263157894735,1.0,2.0,3.5,19.0,6.026315789473684,0.0,0.0,0.0,0.0,6.046501196172248,1.0,1.3333333333333333,2.8333333333333335,24.333333333333332,5.93538177830941,0.0,0.0,0.0,0.0,78.0,2.0,74.0,3.0,2.0,7.0,7.5,6.0
2021-22,4996,Pandur,portiere,Verona,Verona,0.0,1.0,4.166666666666667,0.0,0.0,-6.0,3.0,4.625,0.0,0.0,-6.0,4.0,6.125,0.0,0.0,0.0,0.0,4.625,0.0,0.0,-6.0,4.0,6.125,0.0,0.0,0.0,0.0,44.0,10.0,,,1.0,4.0,,1.0
2021-22,5439,Kallon,attaccante,Genoa,Genoa,0.0,1.0,5.846153846153846,0.0,1.0,-0.5,13.0,6.5,0.0,0.0,0.0,1.0,6.5,0.0,0.0,0.0,0.0,6.5,0.0,0.0,0.0,1.0,6.5,0.0,0.0,0.0,0.0,39.0,14.0,,,1.0,2.0,,2.0
2022-23,5439,Kallon,attaccante,Verona,Genoa,1.0,2.0,6.0,1.0,1.0,3.5,22.0,5.846153846153846,0.0,1.0,-0.5,13.0,5.884615384615385,0.0,0.0,0.0,0.0,6.173076923076923,0.0,0.5,-0.25,7.0,6.1923076923076925,0.0,0.0,0.0,0.0,28.0,19.0,52.0,9.0,2.0,2.0,,2.0
2021-22,4491,Berardi A.,portiere,Verona,Verona,0.0,1.0,3.5,0.0,0.0,-3.0,1.0,6.0,0.0,0.0,0.0,1.0,6.0,0.0,0.0,0.0,0.0,6.0,0.0,0.0,0.0,1.0,6.0,0.0,0.0,0.0,0.0,44.0,10.0,,,1.0,3.0,,1.0
2022-23,5460,Satriano,attaccante,Empoli,Inter,1.0,1.0,6.076923076923077,2.0,1.0,5.5,26.0,6.0,0.0,0.0,0.0,2.0,6.0,0.0,0.0,0.0,0.0,6.0,0.0,0.0,0.0,2.0,6.0,0.0,0.0,0.0,0.0,81.0,2.0,38.0,14.0,5.0,2.0,,14.0
2022-23,5520,Cambiaso,difensore,Bologna,Genoa,1.0,1.0,6.032258064516129,0.0,3.0,2.0,31.0,6.12,1.0,4.0,4.5,25.0,5.94,0.0,0.0,0.0,0.0,6.12,1.0,4.0,4.5,25.0,5.94,0.0,0.0,0.0,0.0,28.0,19.0,43.0,13.0,1.0,8.0,,9.0
2023-24,5520,Cambiaso,difensore,Juventus,Bologna,1.0,2.0,6.117647058823529,2.0,3.0,4.0,34.0,6.032258064516129,0.0,3.0,2.0,31.0,5.967741935483871,0.0,0.0,0.0,0.0,6.0761290322580646,0.5,3.5,3.25,28.0,5.953870967741936,0.0,0.0,0.0,0.0,51.0,11.0,69.0,4.0,9.0,9.0,6.0,5.0
2024-25,5520,Cambiaso,difensore,Juventus,Juventus,0.0,3.0,6.3125,2.0,3.0,7.0,32.0,6.117647058823529,2.0,3.0,4.0,34.0,6.0,0.0,0.0,0.0,0.0,6.089968374446553,1.0,3.3333333333333335,3.5,30.0,5.969247311827957,0.0,0.0,0.0,0.0,68.0,4.0,,,5.0,10.0,23.0,9.0
2025-26,5520,Cambiaso,difensore,Juventus,Juventus,0.0,4.0,5.986111111111111,3.0,4.0,6.5,36.0,6.3125,2.0,3.0,7.0,32.0,6.09375,0.0,0.0,0.0,0.0,6.154135041113219,1.3333333333333333,3.0,4.333333333333333,32.333333333333336,6.020497311827957,0.0,0.0,0.0,0.0,67.0,4.0,,,9.0,14.0,18.0,15.0
2022-23,5498,Casale,difensore,Lazio,Verona,1.0,1.0,6.0344827586206895,1.0,1.0,1.0,29.0,5.75,0.0,1.0,-3.5,34.0,5.852941176470588,0.0,0.0,0.0,0.0,5.75,0.0,1.0,-3.5,34.0,5.852941176470588,0.0,0.0,0.0,0.0,52.0,9.0,63.0,5.0,3.0,6.0,,9.0
2023-24,5498,Casale,difensore,Lazio,Lazio,0.0,2.0,5.552631578947368,0.0,0.0,-2.5,19.0,6.0344827586206895,1.0,1.0,1.0,29.0,6.0,0.0,0.0,0.0,0.0,5.892241379310345,0.5,1.0,-1.25,31.5,5.9264705882352935,0.0,0.0,0.0,0.0,71.0,2.0,,,9.0,10.0,13.5,10.0
2024-25,5498,Casale,difensore,Bologna,Lazio,1.0,3.0,5.533333333333333,0.0,1.0,-1.5,15.0,5.552631578947368,0.0,0.0,-2.5,19.0,5.684210526315789,0.0,0.0,0.0,0.0,5.779038112522685,0.3333333333333333,0.6666666666666666,-1.6666666666666667,27.333333333333332,5.845717234262126,0.0,0.0,0.0,0.0,60.0,7.0,68.0,3.0,10.0,3.0,9.0,8.0
2025-26,5498,Casale,difensore,Bologna,Bologna,0.0,4.0,5.65,0.0,0.0,0.0,10.0,5.533333333333333,0.0,1.0,-1.5,15.0,5.633333333333334,0.0,0.0,0.0,0.0,5.706815890300464,0.3333333333333333,0.6666666666666666,-1.0,21.0,5.772514619883041,0.0,0.0,0.0,0.0,62.0,8.0,,,8.0,3.0,4.5,4.0
2022-23,5499,Hongla,centrocampista,Verona,Verona,0.0,1.0,5.4375,0.0,0.0,-2.0,8.0,5.884615384615385,1.0,0.0,1.5,13.0,5.769230769230769,0.0,0.0,0.0,0.0,5.884615384615385,1.0,0.0,1.5,13.0,5.769230769230769,0.0,0.0,0.0,0.0,52.0,9.0,,,4.0,5.0,,3.0
2023-24,5499,Hongla,centrocampista,Verona,Verona,0.0,2.0,5.821428571428571,0.0,0.0,0.0,14.0,5.4375,0.0,0.0,-2.0,8.0,5.6875,0.0,0.0,0.0,0.0,5.6610576923076925,0.5,0.0,-0.25,10.5,5.728365384615385,0.0,0.0,0.0,0.0,31.0,17.0,,,3.0,1.0,0.0,4.0
2022-23,5500,Cancellieri,attaccante,Lazio,Verona,1.0,1.0,5.833333333333333,0.0,0.0,0.0,6.0,6.6,1.0,0.0,2.5,5.0,6.1,0.0,0.0,0.0,0.0,6.6,1.0,0.0,2.5,5.0,6.1,0.0,0.0,0.0,0.0,52.0,9.0,63.0,5.0,1.0,5.0,,7.0
2023-24,5500,Cancellieri,attaccante,Empoli,Lazio,1.0,2.0,6.3088235294117645,4.0,2.0,10.5,34.0,5.833333333333333,0.0,0.0,0.0,6.0,5.833333333333333,0.0,0.0,0.0,0.0,6.216666666666667,0.5,0.0,1.25,5.5,5.966666666666667,0.0,0.0,0.0,0.0,71.0,2.0,43.0,14.0,7.0,1.0,2.0,5.0
2024-25,5500,Cancellieri,attaccante,Parma,Empoli,1.0,3.0,6.04,3.0,0.0,7.0,25.0,6.3088235294117645,4.0,2.0,10.5,34.0,6.0,0.0,0.0,0.0,0.0,6.247385620915033,1.6666666666666667,0.6666666666666666,4.333333333333333,15.0,5.977777777777777,0.0,0.0,0.0,0.0,33.0,18.0,,,5.0,12.0,12.5,4.0
2025-26,5500,Cancellieri,attaccante,Lazio,Parma,1.0,4.0,6.285714285714286,4.0,1.0,10.0,28.0,6.04,3.0,0.0,7.0,25.0,5.76,0.0,0.0,0.0,0.0,6.060718954248365,2.3333333333333335,0.6666666666666666,5.833333333333333,21.666666666666668,5.864444444444445,0.0,0.0,0.0,0.0,33.0,16.0,65.0,6.0,4.0,6.0,6.0,3.0
2022-23,2848,Frattesi,centrocampista,Sassuolo,Sassuolo,0.0,1.0,6.791666666666667,7.0,0.0,19.0,36.0,6.361111111111111,4.0,3.0,10.0,36.0,6.083333333333333,0.0,0.0,0.0,0.0,6.361111111111111,4.0,3.0,10.0,36.0,6.083333333333333,0.0,0.0,0.0,0.0,50.0,11.0,,,7.0,14.0,,16.0
2023-24,2848,Frattesi,centrocampista,Inter,Sassuolo,1.0,2.0,7.0,6.0,3.0,20.5,28.0,6.791666666666667,7.0,0.0,19.0,36.0,6.263888888888889,0.0,0.0,0.0,0.0,6.576388888888889,5.5,1.5,14.5,36.0,6.173611111111111,0.0,0.0,0.0,0.0,45.0,13.0,69.0,3.0,16.0,20.0,34.0,17.0
2024-25,2848,Frattesi,centrocampista,Inter,Inter,0.0,3.0,6.717391304347826,5.0,1.0,16.0,23.0,7.0,6.0,3.0,20.5,28.0,6.267857142857143,0.0,0.0,0.0,0.0,6.717592592592593,5.666666666666667,2.0,16.5,33.333333333333336,6.205026455026455,0.0,0.0,0.0,0.0,93.0,1.0,,,17.0,21.0,27.5,18.0
2025-26,2848,Frattesi,centrocampista,Inter,Inter,0.0,4.0,5.892857142857143,0.0,0.0,0.0,14.0,6.717391304347826,5.0,1.0,16.0,23.0,6.021739130434782,0.0,0.0,0.0,0.0,6.836352657004831,6.0,1.3333333333333333,18.5,29.0,6.184495054060271,0.0,0.0,0.0,0.0,78.0,2.0,,,18.0,15.0,13.5,14.0
2022-23,5450,Stojanovic,difensore,Empoli,Empoli,0.0,1.0,5.673913043478261,0.0,1.0,-0.5,23.0,5.787878787878788,1.0,1.0,-1.5,33.0,5.833333333333333,0.0,0.0,0.0,0.0,5.787878787878788,1.0,1.0,-1.5,33.0,5.833333333333333,0.0,0.0,0.0,0.0,38.0,14.0,,,5.0,6.0,,7.0
2022-23,2253,Bandinelli,centrocampista,Empoli,Empoli,0.0,1.0,5.914285714285715,2.0,0.0,1.0,35.0,6.0,2.0,3.0,4.0,33.0,5.878787878787879,0.0,0.0,0.0,0.0,6.0,2.0,3.0,4.0,33.0,5.878787878787879,0.0,0.0,0.0,0.0,38.0,14.0,,,2.0,9.0,,6.0
2022-23,4376,Zurkowski,centrocampista,Spezia,Empoli,1.0,1.0,5.75,0.0,1.0,0.5,10.0,6.696969696969697,6.0,2.0,17.5,33.0,6.166666666666667,0.0,0.0,0.0,0.0,6.696969696969697,6.0,2.0,17.5,33.0,6.166666666666667,0.0,0.0,0.0,0.0,38.0,14.0,36.0,16.0,4.0,17.0,,8.0
2023-24,4376,Zurkowski,centrocampista,Empoli,Spezia,1.0,2.0,6.8076923076923075,4.0,0.0,10.0,13.0,5.75,0.0,1.0,0.5,10.0,5.7,0.0,0.0,0.0,0.0,6.223484848484849,3.0,1.5,9.0,21.5,5.933333333333334,0.0,0.0,0.0,0.0,31.0,18.0,43.0,14.0,8.0,3.0,4.0,7.0
2024-25,4376,Zurkowski,centrocampista,Empoli,Empoli,0.0,3.0,5.875,0.0,0.0,0.0,4.0,6.8076923076923075,4.0,0.0,10.0,13.0,6.038461538461538,0.0,0.0,0.0,0.0,6.418220668220667,3.3333333333333335,1.0,9.333333333333334,18.666666666666668,5.968376068376069,0.0,0.0,0.0,0.0,33.0,18.0,,,7.0,8.0,15.0,10.0
2022-23,5451,Bajrami,centrocampista,Sassuolo,Empoli,1.0,1.0,6.013888888888889,2.0,1.0,6.5,36.0,6.882352941176471,3.0,5.0,21.5,34.0,6.25,0.0,0.0,0.0,0.0,6.882352941176471,3.0,5.0,21.5,34.0,6.25,0.0,0.0,0.0,0.0,38.0,14.0,50.0,11.0,10.0,22.0,,18.0
2023-24,5451,Bajrami,centrocampista,Sassuolo,Sassuolo,0.0,2.0,6.270833333333333,2.0,2.0,8.0,24.0,6.013888888888889,2.0,1.0,6.5,36.0,5.833333333333333,0.0,0.0,0.0,0.0,6.44812091503268,2.5,3.0,14.0,35.0,6.041666666666666,0.0,0.0,0.0,0.0,45.0,13.0,,,18.0,10.0,8.0,13.0
2022-23,5453,Ricci S.,centrocampista,Torino,Torino,0.0,1.0,6.303571428571429,2.0,1.0,4.0,28.0,5.95,1.0,1.0,2.0,30.0,5.883333333333334,0.0,0.0,0.0,0.0,5.95,1.0,1.0,2.0,30.0,5.883333333333334,0.0,0.0,0.0,0.0,50.0,10.0,,,5.0,7.0,,7.0
2023-24,5453,Ricci S.,centrocampista,Torino,Torino,0.0,2.0,5.866666666666666,1.0,0.0,-1.0,30.0,6.303571428571429,2.0,1.0,4.0,28.0,6.160714285714286,0.0,0.0,0.0,0.0,6.126785714285715,1.5,1.0,3.0,29.0,6.02202380952381,0.0,0.0,0.0,0.0,53.0,9.0,,,7.0,12.0,18.5,13.0
2024-25,5453,Ricci S.,centrocampista,Torino,Torino,0.0,3.0,6.029411764705882,1.0,1.0,-1.0,34.0,5.866666666666666,1.0,0.0,-1.0,30.0,5.9,0.0,0.0,0.0,0.0,6.0400793650793645,1.3333333333333333,0.6666666666666666,1.6666666666666667,29.333333333333332,5.981349206349207,0.0,0.0,0.0,0.0,53.0,9.0,,,13.0,7.0,12.0,8.0
2025-26,5453,Ricci S.,centrocampista,Milan,Torino,1.0,4.0,6.178571428571429,1.0,3.0,5.0,28.0,6.029411764705882,1.0,1.0,-1.0,34.0,6.0588235294117645,0.0,0.0,0.0,0.0,6.0665499533146585,1.3333333333333333,0.6666666666666666,0.6666666666666666,30.666666666666668,6.03984593837535,0.0,0.0,0.0,0.0,44.0,11.0,60.0,9.0,8.0,9.0,10.5,10.0
2022-23,4268,Arnautovic,attaccante,Bologna,Bologna,0.0,1.0,7.738095238095238,7.0,1.0,28.5,21.0,7.4375,12.0,1.0,37.0,32.0,6.28125,0.0,0.0,0.0,0.0,7.4375,12.0,1.0,37.0,32.0,6.28125,0.0,0.0,0.0,0.0,43.0,13.0,,,24.0,26.0,,27.0
2023-24,4268,Arnautovic,attaccante,Inter,Bologna,1.0,2.0,6.895833333333333,5.0,3.0,18.0,24.0,7.738095238095238,7.0,1.0,28.5,21.0,6.380952380952381,0.0,0.0,0.0,0.0,7.587797619047619,9.5,1.0,32.75,26.5,6.331101190476191,0.0,0.0,0.0,0.0,51.0,11.0,69.0,3.0,27.0,25.0,33.0,23.0
2024-25,4268,Arnautovic,attaccante,Inter,Inter,0.0,3.0,7.107142857142857,4.0,2.0,13.5,14.0,6.895833333333333,5.0,3.0,18.0,24.0,6.145833333333333,0.0,0.0,0.0,0.0,7.357142857142857,8.0,1.6666666666666667,27.833333333333332,25.666666666666668,6.269345238095238,0.0,0.0,0.0,0.0,93.0,1.0,,,23.0,16.0,17.5,8.0
2022-23,4433,Zortea,difensore,Sassuolo,Salernitana,1.0,1.0,6.1,1.0,1.0,1.5,15.0,5.956521739130435,1.0,2.0,4.0,23.0,5.782608695652174,0.0,0.0,0.0,0.0,5.956521739130435,1.0,2.0,4.0,23.0,5.782608695652174,0.0,0.0,0.0,0.0,31.0,17.0,50.0,11.0,4.0,6.0,,2.0
2023-24,4433,Zortea,difensore,Frosinone,Sassuolo,1.0,2.0,6.631578947368421,2.0,5.0,9.0,19.0,6.1,1.0,1.0,1.5,15.0,6.0,0.0,0.0,0.0,0.0,6.028260869565218,1.0,1.5,2.75,19.0,5.891304347826087,0.0,0.0,0.0,0.0,45.0,13.0,,,2.0,6.0,3.5,3.0
2024-25,4433,Zortea,difensore,Cagliari,Frosinone,1.0,3.0,6.6,6.0,2.0,18.5,35.0,6.631578947368421,2.0,5.0,9.0,19.0,6.157894736842105,0.0,0.0,0.0,0.0,6.229366895499619,1.3333333333333333,2.6666666666666665,4.833333333333333,19.0,5.980167810831428,0.0,0.0,0.0,0.0,35.0,16.0,36.0,15.0,3.0,16.0,27.5,7.0
2025-26,4433,Zortea,difensore,Bologna,Cagliari,1.0,4.0,5.892857142857143,0.0,2.0,1.0,28.0,6.6,6.0,2.0,18.5,35.0,6.071428571428571,0.0,0.0,0.0,0.0,6.443859649122807,3.0,2.6666666666666665,9.666666666666666,23.0,6.076441102756892,0.0,0.0,0.0,0.0,36.0,14.0,62.0,8.0,7.0,18.0,41.5,16.0
2022-23,5504,Coulibaly L.,centrocampista,Salernitana,Salernitana,0.0,1.0,6.228571428571429,3.0,3.0,6.0,35.0,5.741935483870968,0.0,0.0,-1.5,31.0,5.790322580645161,0.0,0.0,0.0,0.0,5.741935483870968,0.0,0.0,-1.5,31.0,5.790322580645161,0.0,0.0,0.0,0.0,31.0,17.0,,,2.0,6.0,,6.0
2023-24,5504,Coulibaly L.,centrocampista,Salernitana,Salernitana,0.0,2.0,5.648148148148148,0.0,0.0,-2.0,27.0,6.228571428571429,3.0,3.0,6.0,35.0,6.057142857142857,0.0,0.0,0.0,0.0,5.985253456221198,1.5,1.5,2.25,33.0,5.9237327188940085,0.0,0.0,0.0,0.0,42.0,15.0,,,6.0,12.0,9.0,8.0
2024-25,5504,Coulibaly L.,centrocampista,Lecce,Salernitana,1.0,3.0,6.0,1.0,0.0,1.5,37.0,5.648148148148148,0.0,0.0,-2.0,27.0,5.722222222222222,0.0,0.0,0.0,0.0,5.872885020196848,1.0,1.0,0.8333333333333334,31.0,5.8565625533367465,0.0,0.0,0.0,0.0,16.0,20.0,37.0,14.0,8.0,5.0,9.5,5.0
2025-26,5504,Coulibaly L.,centrocampista,Lecce,Lecce,0.0,4.0,6.287878787878788,3.0,1.0,8.0,33.0,6.0,1.0,0.0,1.5,37.0,5.95945945945946,0.0,0.0,0.0,0.0,5.958906525573192,1.3333333333333333,1.0,1.8333333333333333,33.0,5.912941512941512,0.0,0.0,0.0,0.0,31.0,18.0,,,5.0,10.0,10.0,7.0
2022-23,5471,Djuric,attaccante,Verona,Salernitana,1.0,1.0,6.0625,1.0,0.0,2.0,24.0,6.546875,4.0,4.0,16.0,32.0,6.046875,0.0,0.0,0.0,0.0,6.546875,4.0,4.0,16.0,32.0,6.046875,0.0,0.0,0.0,0.0,31.0,17.0,52.0,9.0,6.0,15.0,,11.0
2023-24,5471,Djuric,attaccante,Monza,Verona,1.0,2.0,6.666666666666667,8.0,2.0,21.0,36.0,6.0625,1.0,0.0,2.0,24.0,5.979166666666667,0.0,0.0,0.0,0.0,6.3046875,2.5,2.0,9.0,28.0,6.013020833333334,0.0,0.0,0.0,0.0,31.0,17.0,52.0,10.0,11.0,8.0,5.0,9.0
2024-25,5471,Djuric,attaccante,Parma,Monza,1.0,3.0,6.608695652173913,5.0,1.0,14.0,23.0,6.666666666666667,8.0,2.0,21.0,36.0,6.083333333333333,0.0,0.0,0.0,0.0,6.425347222222222,4.333333333333333,2.0,13.0,30.666666666666668,6.036458333333333,0.0,0.0,0.0,0.0,45.0,12.0,,,9.0,18.0,27.5,12.0
2025-26,5471,Djuric,attaccante,Cremonese,Parma,1.0,4.0,6.0,0.0,1.0,0.0,9.0,6.608695652173913,5.0,1.0,14.0,23.0,6.0,0.0,0.0,0.0,0.0,6.445954106280193,4.666666666666667,1.0,12.333333333333334,27.666666666666668,6.020833333333333,0.0,0.0,0.0,0.0,33.0,16.0,,,12.0,13.0,9.0,9.0
2022-23,4270,Rui Patricio,portiere,Roma,Roma,0.0,1.0,5.071428571428571,0.0,0.0,-32.5,35.0,5.092105263157895,0.0,0.0,-41.0,38.0,6.171052631578948,0.0,0.0,0.0,0.0,5.092105263157895,0.0,0.0,-41.0,38.0,6.171052631578948,0.0,0.0,0.0,0.0,60.0,6.0,,,14.0,14.0,,14.0
2023-24,4270,Rui Patricio,portiere,Roma,Roma,0.0,2.0,4.782608695652174,0.0,0.0,-27.5,23.0,5.071428571428571,0.0,0.0,-32.5,35.0,6.0,0.0,0.0,0.0,0.0,5.081766917293233,0.0,0.0,-36.75,36.5,6.085526315789474,0.0,0.0,0.0,0.0,60.0,7.0,,,14.0,13.0,21.0,14.0
2024-25,4270,Rui Patricio,portiere,Atalanta,Roma,1.0,3.0,5.166666666666667,0.0,0.0,-3.0,3.0,4.782608695652174,0.0,0.0,-27.5,23.0,5.978260869565218,0.0,0.0,0.0,0.0,4.982047510079546,0.0,0.0,-33.666666666666664,32.0,6.049771167048056,0.0,0.0,0.0,0.0,63.0,6.0,66.0,5.0,14.0,7.0,2.5,1.0
2022-23,5509,Vina,difensore,Roma,Roma,0.0,1.0,5.5,0.0,0.0,0.0,1.0,5.739130434782608,0.0,1.0,0.0,23.0,5.739130434782608,667.0,0.45492799766361713,0.4201340079307556,10.0,5.739130434782608,0.0,1.0,0.0,23.0,5.739130434782608,667.0,0.45492799766361713,0.4201340079307556,10.0,60.0,6.0,,,9.0,4.0,,3.0
2023-24,5509,Vina,difensore,Sassuolo,Roma,1.0,2.0,5.6,0.0,3.0,-1.5,15.0,5.5,0.0,0.0,0.0,1.0,5.5,0.0,0.0,0.0,0.0,5.619565217391305,0.0,0.5,0.0,12.0,5.619565217391305,333.5,0.22746399883180857,0.2100670039653778,5.0,60.0,7.0,45.0,13.0,3.0,1.0,0.0,4.0
2022-23,2544,Abraham,attaccante,Roma,Roma,0.0,1.0,6.955882352941177,8.0,3.0,26.0,34.0,7.621621621621622,14.0,4.0,50.5,37.0,6.256756756756757,0.0,0.0,0.0,0.0,7.621621621621622,14.0,4.0,50.5,37.0,6.256756756756757,0.0,0.0,0.0,0.0,60.0,6.0,,,28.0,29.0,,33.0
2023-24,2544,Abraham,attaccante,Roma,Roma,0.0,2.0,6.25,1.0,0.0,2.5,6.0,6.955882352941177,8.0,3.0,26.0,34.0,6.1911764705882355,0.0,0.0,0.0,0.0,7.288751987281399,11.0,3.5,38.25,35.5,6.223966613672497,0.0,0.0,0.0,0.0,60.0,7.0,,,33.0,20.0,39.0,15.0
2024-25,2544,Abraham,attaccante,Milan,Roma,1.0,3.0,6.333333333333333,2.0,4.0,9.5,24.0,6.25,1.0,0.0,2.5,6.0,5.833333333333333,0.0,0.0,0.0,0.0,6.942501324854266,7.666666666666667,2.3333333333333335,26.333333333333332,25.666666666666668,6.093755520226108,0.0,0.0,0.0,0.0,63.0,6.0,74.0,2.0,15.0,8.0,22.5,13.0
2022-23,5457,Maleh,centrocampista,Lecce,Fiorentina,1.0,1.0,5.761904761904762,0.0,1.0,-1.0,21.0,6.260869565217392,2.0,1.0,4.5,23.0,6.065217391304348,0.0,0.0,0.0,0.0,6.260869565217392,2.0,1.0,4.5,23.0,6.065217391304348,0.0,0.0,0.0,0.0,59.0,8.0,,,4.0,11.0,,3.0
2023-24,5457,Maleh,centrocampista,Empoli,Lecce,1.0,2.0,5.661764705882353,0.0,1.0,-4.5,34.0,5.761904761904762,0.0,1.0,-1.0,21.0,5.809523809523809,0.0,0.0,0.0,0.0,6.011387163561077,1.0,1.0,1.75,22.0,5.937370600414079,0.0,0.0,0.0,0.0,36.0,16.0,43.0,14.0,3.0,5.0,4.0,5.0
2024-25,5457,Maleh,centrocampista,Empoli,Empoli,0.0,3.0,5.75,0.0,1.0,-1.5,22.0,5.661764705882353,0.0,1.0,-4.5,34.0,5.794117647058823,0.0,0.0,0.0,0.0,5.894846344334835,0.6666666666666666,1.0,-0.3333333333333333,26.0,5.889619615962327,0.0,0.0,0.0,0.0,33.0,18.0,,,5.0,5.0,7.5,3.0
2025-26,5457,Maleh,centrocampista,Cremonese,Empoli,1.0,4.0,5.714285714285714,1.0,0.0,0.5,21.0,5.75,0.0,1.0,-1.5,22.0,5.818181818181818,0.0,0.0,0.0,0.0,5.724556489262372,0.0,1.0,-2.3333333333333335,25.666666666666668,5.807274424921484,0.0,0.0,0.0,0.0,31.0,17.0,,,3.0,3.0,5.0,6.0
2022-23,4179,Gonzalez N.,attaccante,Fiorentina,Fiorentina,0.0,1.0,6.863636363636363,4.0,0.0,16.5,22.0,7.106060606060606,4.0,6.0,25.0,33.0,6.348484848484849,0.0,0.0,0.0,0.0,7.106060606060606,4.0,6.0,25.0,33.0,6.348484848484849,0.0,0.0,0.0,0.0,59.0,8.0,,,16.0,23.0,,20.0
2023-24,4179,Gonzalez N.,attaccante,Fiorentina,Fiorentina,0.0,2.0,7.396551724137931,11.0,2.0,31.5,29.0,6.863636363636363,4.0,0.0,16.5,22.0,6.113636363636363,0.0,0.0,0.0,0.0,6.984848484848484,4.0,3.0,20.75,27.5,6.2310606060606055,0.0,0.0,0.0,0.0,53.0,8.0,,,20.0,18.0,18.0,15.0
2024-25,4179,Gonzalez N.,attaccante,Juventus,Fiorentina,1.0,3.0,6.369565217391305,3.0,2.0,9.5,23.0,7.396551724137931,11.0,2.0,31.5,29.0,6.310344827586207,0.0,0.0,0.0,0.0,7.122082897944967,6.333333333333333,2.6666666666666665,24.333333333333332,28.0,6.2574886799024725,0.0,0.0,0.0,0.0,57.0,8.0,68.0,4.0,15.0,26.0,62.5,25.0
2022-23,4364,Gaetano,centrocampista,Napoli,Napoli,0.0,1.0,6.875,1.0,0.0,3.0,4.0,6.0,0.0,0.0,0.0,1.0,6.0,0.0,0.0,0.0,0.0,6.0,0.0,0.0,0.0,1.0,6.0,0.0,0.0,0.0,0.0,76.0,3.0,,,,,,4.0
2023-24,4364,Gaetano,centrocampista,Cagliari,Napoli,1.0,2.0,6.882352941176471,4.0,0.0,13.0,17.0,6.875,1.0,0.0,3.0,4.0,6.125,0.0,0.0,0.0,0.0,6.4375,0.5,0.0,1.5,2.5,6.0625,0.0,0.0,0.0,0.0,87.0,1.0,,,4.0,6.0,2.5,3.0
2024-25,4364,Gaetano,centrocampista,Cagliari,Cagliari,0.0,3.0,6.407407407407407,2.0,4.0,10.0,27.0,6.882352941176471,4.0,0.0,13.0,17.0,6.117647058823529,0.0,0.0,0.0,0.0,6.58578431372549,1.6666666666666667,0.0,5.333333333333333,7.333333333333333,6.080882352941177,0.0,0.0,0.0,0.0,36.0,15.0,,,3.0,16.0,22.0,9.0
2025-26,4364,Gaetano,centrocampista,Cagliari,Cagliari,0.0,4.0,6.3125,2.0,4.0,8.0,32.0,6.407407407407407,2.0,4.0,10.0,27.0,6.037037037037037,0.0,0.0,0.0,0.0,6.721586782861293,2.3333333333333335,1.3333333333333333,8.666666666666666,16.0,6.093228031953522,0.0,0.0,0.0,0.0,36.0,14.0,,,9.0,12.0,8.0,8.0
2022-23,5479,Ceccaroni,difensore,Lecce,Venezia,1.0,1.0,6.0,0.0,0.0,0.0,2.0,5.871428571428571,2.0,1.0,2.5,35.0,5.8,0.0,0.0,0.0,0.0,5.871428571428571,2.0,1.0,2.5,35.0,5.8,0.0,0.0,0.0,0.0,26.0,20.0,,,5.0,8.0,,5.0
2022-23,5480,Ebuehi,difensore,Empoli,Venezia,1.0,1.0,6.46,2.0,4.0,10.0,25.0,5.5,0.0,0.0,-1.5,17.0,5.588235294117647,0.0,0.0,0.0,0.0,5.5,0.0,0.0,-1.5,17.0,5.588235294117647,0.0,0.0,0.0,0.0,26.0,20.0,38.0,14.0,4.0,3.0,,3.0
2023-24,5480,Ebuehi,difensore,Empoli,Empoli,0.0,2.0,5.866666666666666,0.0,1.0,1.0,15.0,6.46,2.0,4.0,10.0,25.0,6.06,0.0,0.0,0.0,0.0,5.98,1.0,2.0,4.25,21.0,5.824117647058824,0.0,0.0,0.0,0.0,43.0,14.0,,,3.0,14.0,6.0,11.0
2024-25,5480,Ebuehi,difensore,Empoli,Empoli,0.0,3.0,6.166666666666667,0.0,0.0,0.0,3.0,5.866666666666666,0.0,1.0,1.0,15.0,5.8,0.0,0.0,0.0,0.0,5.942222222222223,0.6666666666666666,1.6666666666666667,3.1666666666666665,19.0,5.816078431372548,0.0,0.0,0.0,0.0,33.0,18.0,,,11.0,2.0,6.5,4.0
2022-23,2312,Hristov,difensore,Spezia,Spezia,0.0,1.0,5.6875,0.0,0.0,0.0,8.0,5.65625,1.0,1.0,2.5,16.0,5.5,0.0,0.0,0.0,0.0,5.65625,1.0,1.0,2.5,16.0,5.5,0.0,0.0,0.0,0.0,36.0,16.0,,,1.0,3.0,,3.0
2022-23,5475,Amian,difensore,Spezia,Spezia,0.0,1.0,5.533333333333333,0.0,0.0,-3.5,30.0,5.671875,1.0,1.0,-1.5,32.0,5.71875,0.0,0.0,0.0,0.0,5.671875,1.0,1.0,-1.5,32.0,5.71875,0.0,0.0,0.0,0.0,36.0,16.0,,,6.0,5.0,,6.0
2022-23,4312,Maignan,portiere,Milan,Milan,0.0,1.0,5.340909090909091,0.0,0.0,-18.0,22.0,5.625,0.0,1.0,-20.5,32.0,6.265625,0.0,0.0,0.0,0.0,5.625,0.0,1.0,-20.5,32.0,6.265625,0.0,0.0,0.0,0.0,83.0,1.0,,,15.0,18.0,,18.0
2023-24,4312,Maignan,portiere,Milan,Milan,0.0,2.0,4.862068965517241,0.0,1.0,-34.5,29.0,5.340909090909091,0.0,0.0,-18.0,22.0,6.159090909090909,0.0,0.0,0.0,0.0,5.482954545454545,0.0,0.5,-19.25,27.0,6.212357954545455,0.0,0.0,0.0,0.0,67.0,5.0,,,18.0,16.0,31.0,17.0
2024-25,4312,Maignan,portiere,Milan,Milan,0.0,3.0,5.135135135135135,0.0,0.0,-38.5,37.0,4.862068965517241,0.0,1.0,-34.5,29.0,6.051724137931035,0.0,0.0,0.0,0.0,5.275992685475444,0.0,0.6666666666666666,-24.333333333333332,27.666666666666668,6.158813349007315,0.0,0.0,0.0,0.0,74.0,2.0,,,17.0,10.0,37.5,15.0
2025-26,4312,Maignan,portiere,Milan,Milan,0.0,4.0,5.418918918918919,0.0,0.0,-31.0,37.0,5.135135135135135,0.0,0.0,-38.5,37.0,6.175675675675675,0.0,0.0,0.0,0.0,5.112704397187155,0.0,0.3333333333333333,-30.333333333333332,29.333333333333332,6.128830240899206,0.0,0.0,0.0,0.0,60.0,9.0,,,15.0,14.0,33.5,16.0
2022-23,4200,Giroud,attaccante,Milan,Milan,0.0,1.0,7.424242424242424,10.0,4.0,39.0,33.0,7.431034482758621,9.0,3.0,34.0,29.0,6.258620689655173,0.0,0.0,0.0,0.0,7.431034482758621,9.0,3.0,34.0,29.0,6.258620689655173,0.0,0.0,0.0,0.0,83.0,1.0,,,20.0,28.0,,28.0
2023-24,4200,Giroud,attaccante,Milan,Milan,0.0,2.0,7.705882352941177,11.0,8.0,49.0,34.0,7.424242424242424,10.0,4.0,39.0,33.0,6.242424242424242,0.0,0.0,0.0,0.0,7.427638453500522,9.5,3.5,36.5,31.0,6.250522466039707,0.0,0.0,0.0,0.0,67.0,5.0,,,28.0,26.0,88.0,24.0
2022-23,5481,Mazzocchi,difensore,Salernitana,Salernitana,0.0,1.0,6.462962962962963,2.0,3.0,8.0,27.0,5.828125,0.0,2.0,-0.5,32.0,5.84375,0.0,0.0,0.0,0.0,5.828125,0.0,2.0,-0.5,32.0,5.84375,0.0,0.0,0.0,0.0,31.0,17.0,,,4.0,7.0,,7.0
2023-24,5481,Mazzocchi,difensore,Napoli,Salernitana,1.0,2.0,5.64,0.0,2.0,-1.0,25.0,6.462962962962963,2.0,3.0,8.0,27.0,6.166666666666667,0.0,0.0,0.0,0.0,6.145543981481481,1.0,2.5,3.75,29.5,6.005208333333334,0.0,0.0,0.0,0.0,42.0,15.0,87.0,1.0,7.0,14.0,14.0,12.0
2024-25,5481,Mazzocchi,difensore,Napoli,Napoli,0.0,3.0,5.65,0.0,0.0,-0.5,10.0,5.64,0.0,2.0,-1.0,25.0,5.68,0.0,0.0,0.0,0.0,5.977029320987654,0.6666666666666666,2.3333333333333335,2.1666666666666665,28.0,5.896805555555556,0.0,0.0,0.0,0.0,52.0,10.0,,,12.0,6.0,10.0,4.0
2025-26,5481,Mazzocchi,difensore,Napoli,Napoli,0.0,4.0,5.944444444444445,0.0,1.0,0.0,9.0,5.65,0.0,0.0,-0.5,10.0,5.7,0.0,0.0,0.0,0.0,5.917654320987654,0.6666666666666666,1.6666666666666667,2.1666666666666665,20.666666666666668,5.848888888888889,0.0,0.0,0.0,0.0,79.0,1.0,,,4.0,1.0,4.0,3.0
2022-23,5486,Crnigoj,centrocampista,Salernitana,Venezia,1.0,1.0,5.75,0.0,0.0,-0.5,6.0,6.234375,3.0,1.0,8.5,32.0,5.96875,0.0,0.0,0.0,0.0,6.234375,3.0,1.0,8.5,32.0,5.96875,0.0,0.0,0.0,0.0,26.0,20.0,31.0,17.0,3.0,11.0,,5.0
2022-23,5515,Okereke,attaccante,Cremonese,Venezia,1.0,1.0,6.515151515151516,6.0,0.0,19.0,33.0,6.5,7.0,0.0,17.5,30.0,5.916666666666667,0.0,0.0,0.0,0.0,6.5,7.0,0.0,17.5,30.0,5.916666666666667,0.0,0.0,0.0,0.0,26.0,20.0,,,7.0,14.0,,13.0
2023-24,5515,Okereke,attaccante,Torino,Cremonese,1.0,2.0,5.8,0.0,0.0,0.0,5.0,6.515151515151516,6.0,0.0,19.0,33.0,5.9393939393939394,0.0,0.0,0.0,0.0,6.507575757575758,6.5,0.0,18.25,31.5,5.928030303030303,0.0,0.0,0.0,0.0,24.0,19.0,53.0,9.0,13.0,14.0,8.0,8.0
2022-23,5529,Henry,attaccante,Verona,Venezia,1.0,1.0,6.166666666666667,2.0,0.0,4.0,15.0,6.6875,9.0,2.0,22.0,32.0,6.0,0.0,0.0,0.0,0.0,6.6875,9.0,2.0,22.0,32.0,6.0,0.0,0.0,0.0,0.0,26.0,20.0,52.0,9.0,12.0,16.0,,18.0
2023-24,5529,Henry,attaccante,Verona,Verona,0.0,2.0,6.55,3.0,0.0,5.5,10.0,6.166666666666667,2.0,0.0,4.0,15.0,5.9,0.0,0.0,0.0,0.0,6.427083333333334,5.5,1.0,13.0,23.5,5.95,0.0,0.0,0.0,0.0,31.0,17.0,,,18.0,5.0,0.5,12.0
2024-25,5506,Ekuban,attaccante,Genoa,Genoa,0.0,2.0,6.305555555555555,1.0,3.0,5.5,18.0,6.6521739130434785,4.0,1.0,13.0,23.0,6.086956521739131,0.0,0.0,0.0,0.0,6.248500749625188,2.5,1.5,8.5,26.0,5.896926536731634,0.0,0.0,0.0,0.0,46.0,11.0,,,1.0,14.0,10.5,9.0
2025-26,5506,Ekuban,attaccante,Genoa,Genoa,0.0,3.0,6.428571428571429,4.0,1.0,13.0,28.0,6.305555555555555,1.0,3.0,5.5,18.0,6.0,0.0,0.0,0.0,0.0,6.478864734299517,2.5,2.0,9.25,20.5,6.043478260869565,0.0,0.0,0.0,0.0,40.0,13.0,,,9.0,10.0,6.0,2.0
2022-23,4220,Zambo Anguissa,centrocampista,Napoli,Napoli,0.0,1.0,6.597222222222222,3.0,5.0,12.5,36.0,6.217391304347826,0.0,1.0,-1.5,23.0,6.282608695652174,0.0,0.0,0.0,0.0,6.217391304347826,0.0,1.0,-1.5,23.0,6.282608695652174,0.0,0.0,0.0,0.0,76.0,3.0,,,7.0,10.0,,11.0
2023-24,4220,Zambo Anguissa,centrocampista,Napoli,Napoli,0.0,2.0,5.848484848484849,0.0,2.0,1.0,33.0,6.597222222222222,3.0,5.0,12.5,36.0,6.25,0.0,0.0,0.0,0.0,6.407306763285025,1.5,3.0,5.5,29.5,6.266304347826087,0.0,0.0,0.0,0.0,87.0,1.0,,,11.0,18.0,20.0,14.0
2024-25,4220,Zambo Anguissa,centrocampista,Napoli,Napoli,0.0,3.0,6.9714285714285715,6.0,4.0,19.5,35.0,5.848484848484849,0.0,2.0,1.0,33.0,5.818181818181818,0.0,0.0,0.0,0.0,6.221032791684966,1.0,2.6666666666666665,4.0,30.666666666666668,6.116930171277997,0.0,0.0,0.0,0.0,52.0,10.0,,,14.0,7.0,11.0,10.0
2025-26,4220,Zambo Anguissa,centrocampista,Napoli,Napoli,0.0,4.0,6.861111111111111,4.0,1.0,12.5,18.0,6.9714285714285715,6.0,4.0,19.5,35.0,6.414285714285715,0.0,0.0,0.0,0.0,6.472378547378547,3.0,3.6666666666666665,11.0,34.666666666666664,6.16082251082251,0.0,0.0,0.0,0.0,79.0,1.0,,,10.0,22.0,46.0,15.0
2022-23,5513,Dumfries,difensore,Inter,Inter,0.0,1.0,6.0,1.0,4.0,3.0,34.0,6.765625,5.0,4.0,17.5,32.0,6.21875,0.0,0.0,0.0,0.0,6.765625,5.0,4.0,17.5,32.0,6.21875,0.0,0.0,0.0,0.0,81.0,2.0,,,12.0,18.0,,20.0
2023-24,5513,Dumfries,difensore,Inter,Inter,0.0,2.0,6.533333333333333,4.0,3.0,13.0,30.0,6.0,1.0,4.0,3.0,34.0,5.911764705882353,0.0,0.0,0.0,0.0,6.3828125,3.0,4.0,10.25,33.0,6.065257352941177,0.0,0.0,0.0,0.0,69.0,3.0,,,20.0,10.0,7.0,12.0
2024-25,5513,Dumfries,difensore,Inter,Inter,0.0,3.0,6.913793103448276,7.0,2.0,21.0,29.0,6.533333333333333,4.0,3.0,13.0,30.0,6.1,0.0,0.0,0.0,0.0,6.43298611111111,3.3333333333333335,3.6666666666666665,11.166666666666666,32.0,6.076838235294118,0.0,0.0,0.0,0.0,93.0,1.0,,,12.0,16.0,42.5,16.0
2025-26,5513,Dumfries,difensore,Inter,Inter,0.0,4.0,6.578947368421052,3.0,1.0,9.0,19.0,6.913793103448276,7.0,2.0,21.0,29.0,6.189655172413793,0.0,0.0,0.0,0.0,6.482375478927203,4.0,3.0,12.333333333333334,31.0,6.067139959432048,0.0,0.0,0.0,0.0,78.0,2.0,,,16.0,19.0,52.5,20.0
2022-23,5397,Kovalenko,centrocampista,Spezia,Spezia,0.0,1.0,5.884615384615385,0.0,0.0,-0.5,13.0,6.068181818181818,1.0,3.0,4.5,22.0,5.863636363636363,0.0,0.0,0.0,0.0,6.068181818181818,1.0,3.0,4.5,22.0,5.863636363636363,0.0,0.0,0.0,0.0,36.0,16.0,,,5.0,7.0,,7.0
2023-24,5397,Kovalenko,centrocampista,Empoli,Spezia,1.0,2.0,6.15625,1.0,1.0,3.5,16.0,5.884615384615385,0.0,0.0,-0.5,13.0,5.923076923076923,0.0,0.0,0.0,0.0,5.976398601398602,0.5,1.5,2.0,17.5,5.893356643356643,0.0,0.0,0.0,0.0,31.0,18.0,43.0,14.0,7.0,3.0,2.5,4.0
2024-25,5397,Kovalenko,centrocampista,Empoli,Empoli,0.0,3.0,6.0,0.0,0.0,0.0,3.0,6.15625,1.0,1.0,3.5,16.0,5.9375,0.0,0.0,0.0,0.0,6.036349067599068,0.6666666666666666,1.3333333333333333,2.5,17.0,5.9080710955710956,0.0,0.0,0.0,0.0,33.0,18.0,,,4.0,7.0,6.0,2.0
2022-23,5673,Antiste,attaccante,Sassuolo,Spezia,1.0,1.0,7.5,1.0,0.0,3.0,2.0,5.966666666666667,1.0,0.0,3.0,15.0,5.766666666666667,0.0,0.0,0.0,0.0,5.966666666666667,1.0,0.0,3.0,15.0,5.766666666666667,0.0,0.0,0.0,0.0,36.0,16.0,50.0,11.0,4.0,5.0,,3.0
2022-23,5119,Samardzic,centrocampista,Udinese,Udinese,0.0,1.0,6.59375,5.0,3.0,17.5,32.0,6.730769230769231,2.0,2.0,8.0,13.0,6.115384615384615,0.0,0.0,0.0,0.0,6.730769230769231,2.0,2.0,8.0,13.0,6.115384615384615,0.0,0.0,0.0,0.0,44.0,12.0,,,3.0,14.0,,8.0
2023-24,5119,Samardzic,centrocampista,Udinese,Udinese,0.0,2.0,6.742424242424242,5.0,2.0,18.5,33.0,6.59375,5.0,3.0,17.5,32.0,6.046875,0.0,0.0,0.0,0.0,6.662259615384615,3.5,2.5,12.75,22.5,6.0811298076923075,0.0,0.0,0.0,0.0,46.0,12.0,,,8.0,18.0,11.0,16.0
2024-25,5119,Samardzic,centrocampista,Atalanta,Udinese,1.0,3.0,6.25,2.0,0.0,4.5,28.0,6.742424242424242,5.0,2.0,18.5,33.0,6.181818181818182,0.0,0.0,0.0,0.0,6.688981157731157,4.0,2.3333333333333335,14.666666666666666,26.0,6.114692599067599,0.0,0.0,0.0,0.0,34.0,17.0,66.0,5.0,16.0,19.0,27.5,17.0
2025-26,5119,Samardzic,centrocampista,Atalanta,Atalanta,0.0,4.0,6.285714285714286,2.0,2.0,7.5,21.0,6.25,2.0,0.0,4.5,28.0,6.089285714285714,0.0,0.0,0.0,0.0,6.528724747474747,4.0,1.6666666666666667,13.5,31.0,6.105992965367965,0.0,0.0,0.0,0.0,74.0,3.0,,,17.0,11.0,5.0,12.0
2022-23,5694,Beto,attaccante,Udinese,Udinese,0.0,1.0,6.96969696969697,9.0,1.0,30.0,33.0,7.267857142857143,11.0,0.0,32.5,28.0,6.107142857142857,0.0,0.0,0.0,0.0,7.267857142857143,11.0,0.0,32.5,28.0,6.107142857142857,0.0,0.0,0.0,0.0,44.0,12.0,,,10.0,20.0,,24.0
2023-24,5694,Beto,attaccante,Udinese,Udinese,0.0,2.0,5.5,0.0,0.0,0.0,1.0,6.96969696969697,9.0,1.0,30.0,33.0,6.0606060606060606,0.0,0.0,0.0,0.0,7.1187770562770565,10.0,0.5,31.25,30.5,6.083874458874458,0.0,0.0,0.0,0.0,46.0,12.0,,,24.0,21.0,34.0,21.0
2022-23,5691,Zima,difensore,Torino,Torino,0.0,1.0,5.8125,0.0,0.0,0.0,8.0,5.805555555555555,0.0,0.0,-1.5,18.0,5.888888888888889,0.0,0.0,0.0,0.0,5.805555555555555,0.0,0.0,-1.5,18.0,5.888888888888889,0.0,0.0,0.0,0.0,50.0,10.0,,,3.0,4.0,,5.0
2023-24,5691,Zima,difensore,Torino,Torino,0.0,2.0,6.0,0.0,0.0,0.0,3.0,5.8125,0.0,0.0,0.0,8.0,5.8125,0.0,0.0,0.0,0.0,5.809027777777778,0.0,0.0,-0.75,13.0,5.850694444444445,0.0,0.0,0.0,0.0,53.0,9.0,,,5.0,1.0,2.0,3.0
2022-23,5674,Basic,centrocampista,Lazio,Lazio,0.0,1.0,6.178571428571429,1.0,0.0,2.5,14.0,5.875,0.0,2.0,0.5,20.0,5.85,0.0,0.0,0.0,0.0,5.875,0.0,2.0,0.5,20.0,5.85,0.0,0.0,0.0,0.0,63.0,5.0,,,8.0,5.0,,5.0
2023-24,5674,Basic,centrocampista,Salernitana,Lazio,1.0,2.0,5.357142857142857,0.0,0.0,-2.5,14.0,6.178571428571429,1.0,0.0,2.5,14.0,6.0,0.0,0.0,0.0,0.0,6.026785714285714,0.5,1.0,1.5,17.0,5.925,0.0,0.0,0.0,0.0,71.0,2.0,42.0,15.0,5.0,5.0,3.0,4.0
2022-23,5688,Harroui,centrocampista,Sassuolo,Sassuolo,0.0,1.0,6.235294117647059,2.0,0.0,5.0,17.0,5.7,0.0,0.0,-1.0,10.0,5.8,0.0,0.0,0.0,0.0,5.7,0.0,0.0,-1.0,10.0,5.8,0.0,0.0,0.0,0.0,50.0,11.0,,,3.0,2.0,,2.0
2023-24,5688,Harroui,centrocampista,Frosinone,Sassuolo,1.0,2.0,6.794117647058823,2.0,3.0,11.0,17.0,6.235294117647059,2.0,0.0,5.0,17.0,5.9411764705882355,0.0,0.0,0.0,0.0,5.9676470588235295,1.0,0.0,2.0,13.5,5.870588235294118,0.0,0.0,0.0,0.0,45.0,13.0,,,2.0,8.0,5.0,4.0
2024-25,5688,Harroui,centrocampista,Verona,Frosinone,1.0,3.0,6.4,1.0,2.0,4.5,10.0,6.794117647058823,2.0,3.0,11.0,17.0,6.147058823529412,0.0,0.0,0.0,0.0,6.243137254901961,1.3333333333333333,1.0,5.0,14.666666666666666,5.962745098039217,0.0,0.0,0.0,0.0,35.0,16.0,37.0,13.0,4.0,13.0,12.5,13.0
2025-26,5688,Harroui,centrocampista,Verona,Verona,0.0,4.0,5.852941176470588,0.0,0.0,2.0,17.0,6.4,1.0,2.0,4.5,10.0,5.95,0.0,0.0,0.0,0.0,6.476470588235294,1.6666666666666667,1.6666666666666667,6.833333333333333,14.666666666666666,6.012745098039216,0.0,0.0,0.0,0.0,34.0,15.0,,,13.0,4.0,10.0,7.0
2022-23,4184,Brekalo,attaccante,Fiorentina,Torino,1.0,1.0,6.0,0.0,0.0,-0.5,6.0,6.806451612903226,7.0,2.0,22.5,31.0,6.080645161290323,0.0,0.0,0.0,0.0,6.806451612903226,7.0,2.0,22.5,31.0,6.080645161290323,0.0,0.0,0.0,0.0,50.0,10.0,59.0,8.0,11.0,21.0,,16.0
2023-24,4184,Brekalo,attaccante,Fiorentina,Fiorentina,0.0,2.0,6.181818181818182,1.0,0.0,3.0,11.0,6.0,0.0,0.0,-0.5,6.0,6.083333333333333,0.0,0.0,0.0,0.0,6.403225806451613,3.5,1.0,11.0,18.5,6.081989247311828,0.0,0.0,0.0,0.0,53.0,8.0,,,16.0,11.0,4.0,11.0
2022-23,5685,Koopmeiners,centrocampista,Atalanta,Atalanta,0.0,1.0,7.136363636363637,8.0,5.0,25.5,33.0,6.625,4.0,1.0,9.0,28.0,6.303571428571429,0.0,0.0,0.0,0.0,6.625,4.0,1.0,9.0,28.0,6.303571428571429,0.0,0.0,0.0,0.0,59.0,7.0,,,8.0,18.0,,15.0
2023-24,5685,Koopmeiners,centrocampista,Atalanta,Atalanta,0.0,2.0,7.529411764705882,10.0,5.0,38.5,34.0,7.136363636363637,8.0,5.0,25.5,33.0,6.363636363636363,0.0,0.0,0.0,0.0,6.880681818181818,6.0,3.0,17.25,30.5,6.333603896103896,0.0,0.0,0.0,0.0,61.0,6.0,,,15.0,22.0,35.0,24.0
2024-25,5685,Koopmeiners,centrocampista,Juventus,Atalanta,1.0,3.0,6.392857142857143,3.0,4.0,11.5,28.0,7.529411764705882,10.0,5.0,38.5,34.0,6.397058823529412,0.0,0.0,0.0,0.0,7.096925133689839,7.333333333333333,3.6666666666666665,24.333333333333332,31.666666666666668,6.3547555385790675,0.0,0.0,0.0,0.0,66.0,5.0,68.0,4.0,24.0,29.0,150.0,29.0
2025-26,5685,Koopmeiners,centrocampista,Juventus,Juventus,0.0,4.0,5.551724137931035,0.0,0.0,-2.5,29.0,6.392857142857143,3.0,4.0,11.5,28.0,5.982142857142857,0.0,0.0,0.0,0.0,7.019544181308888,7.0,4.666666666666667,25.166666666666668,31.666666666666668,6.247612681436212,0.0,0.0,0.0,0.0,67.0,4.0,,,29.0,14.0,17.5,14.0
2024-25,5718,Viti,difensore,Empoli,Sassuolo,1.0,2.0,6.066666666666666,1.0,0.0,1.5,30.0,5.964285714285714,1.0,0.0,1.0,14.0,5.892857142857143,0.0,0.0,0.0,0.0,5.797932330827068,0.5,0.0,-1.25,16.5,5.854323308270677,0.0,0.0,0.0,0.0,29.0,19.0,33.0,18.0,6.0,5.0,3.5,5.0
2025-26,5718,Viti,difensore,Fiorentina,Empoli,1.0,3.0,5.333333333333333,0.0,0.0,-1.5,6.0,6.066666666666666,1.0,0.0,1.5,30.0,6.016666666666667,0.0,0.0,0.0,0.0,6.015476190476191,1.0,0.0,1.25,22.0,5.954761904761905,0.0,0.0,0.0,0.0,31.0,17.0,62.0,7.0,5.0,8.0,6.0,4.0
2022-23,5017,Ballo-Toure',difensore,Milan,Milan,0.0,1.0,6.285714285714286,1.0,0.0,3.0,7.0,5.5,0.0,0.0,-1.0,7.0,5.642857142857143,0.0,0.0,0.0,0.0,5.5,0.0,0.0,-1.0,7.0,5.642857142857143,0.0,0.0,0.0,0.0,83.0,1.0,,,5.0,1.0,,2.0
2022-23,5686,Soppy,difensore,Atalanta,Udinese,1.0,1.0,5.875,0.0,3.0,1.5,12.0,5.815789473684211,0.0,0.0,-2.0,19.0,5.921052631578948,0.0,0.0,0.0,0.0,5.815789473684211,0.0,0.0,-2.0,19.0,5.921052631578948,0.0,0.0,0.0,0.0,44.0,12.0,59.0,7.0,2.0,6.0,,7.0
2023-24,5686,Soppy,difensore,Torino,Atalanta,1.0,2.0,5.833333333333333,0.0,0.0,0.0,3.0,5.875,0.0,3.0,1.5,12.0,5.75,0.0,0.0,0.0,0.0,5.845394736842105,0.0,1.5,-0.25,15.5,5.835526315789474,0.0,0.0,0.0,0.0,61.0,6.0,53.0,9.0,7.0,2.0,2.0,2.0
2022-23,4375,Terzic,difensore,Fiorentina,Fiorentina,0.0,1.0,6.205882352941177,1.0,1.0,3.0,17.0,6.071428571428571,0.0,1.0,0.5,7.0,6.0,0.0,0.0,0.0,0.0,6.071428571428571,0.0,1.0,0.5,7.0,6.0,0.0,0.0,0.0,0.0,59.0,8.0,,,2.0,2.0,,2.0
2022-23,4719,Ampadu,difensore,Spezia,Venezia,1.0,1.0,5.790322580645161,0.0,1.0,-4.0,31.0,5.689655172413793,0.0,3.0,-4.0,29.0,5.827586206896552,0.0,0.0,0.0,0.0,5.689655172413793,0.0,3.0,-4.0,29.0,5.827586206896552,0.0,0.0,0.0,0.0,26.0,20.0,36.0,16.0,7.0,5.0,,6.0
2022-23,5690,Strelec,attaccante,Spezia,Spezia,0.0,1.0,6.083333333333333,0.0,0.0,0.0,6.0,6.0,1.0,0.0,3.0,9.0,5.666666666666667,0.0,0.0,0.0,0.0,6.0,1.0,0.0,3.0,9.0,5.666666666666667,0.0,0.0,0.0,0.0,36.0,16.0,,,3.0,2.0,,6.0
2022-23,5514,Vasquez,difensore,Cremonese,Genoa,1.0,1.0,5.760869565217392,1.0,0.0,-0.5,23.0,5.875,1.0,0.0,-0.5,28.0,5.892857142857143,0.0,0.0,0.0,0.0,5.875,1.0,0.0,-0.5,28.0,5.892857142857143,0.0,0.0,0.0,0.0,28.0,19.0,,,7.0,8.0,,6.0
2023-24,5514,Vasquez,difensore,Genoa,Cremonese,1.0,2.0,6.185714285714286,1.0,1.0,1.0,35.0,5.760869565217392,1.0,0.0,-0.5,23.0,5.782608695652174,0.0,0.0,0.0,0.0,5.817934782608695,1.0,0.0,-0.5,25.5,5.837732919254659,0.0,0.0,0.0,0.0,24.0,19.0,,,6.0,6.0,4.0,4.0
2024-25,5514,Vasquez,difensore,Genoa,Genoa,0.0,3.0,6.180555555555555,3.0,0.0,4.5,36.0,6.185714285714286,1.0,1.0,1.0,35.0,6.1571428571428575,0.0,0.0,0.0,0.0,5.9405279503105595,1.0,0.3333333333333333,0.0,28.666666666666668,5.944202898550724,0.0,0.0,0.0,0.0,46.0,11.0,,,4.0,13.0,8.5,9.0
2025-26,5514,Vasquez,difensore,Genoa,Genoa,0.0,4.0,6.138888888888889,1.0,0.0,2.0,36.0,6.180555555555555,3.0,0.0,4.5,36.0,6.055555555555555,0.0,0.0,0.0,0.0,6.042379802162411,1.6666666666666667,0.3333333333333333,1.6666666666666667,31.333333333333332,5.998435702783529,0.0,0.0,0.0,0.0,40.0,13.0,,,9.0,11.0,19.0,9.0
2024-25,5695,Haps,difensore,Venezia,Genoa,1.0,2.0,5.9772727272727275,1.0,1.0,2.5,22.0,6.0,0.0,1.0,1.0,14.0,5.928571428571429,0.0,0.0,0.0,0.0,5.9399999999999995,0.5,1.0,1.0,19.5,5.884285714285714,0.0,0.0,0.0,0.0,46.0,11.0,,,2.0,5.0,4.0,1.0
2022-23,5705,Galdames,centrocampista,Cremonese,Genoa,1.0,1.0,6.125,1.0,1.0,3.0,12.0,5.583333333333333,0.0,0.0,-1.0,18.0,5.638888888888889,0.0,0.0,0.0,0.0,5.583333333333333,0.0,0.0,-1.0,18.0,5.638888888888889,0.0,0.0,0.0,0.0,28.0,19.0,,,5.0,4.0,,3.0
2022-23,5526,Scalvini,difensore,Atalanta,Atalanta,0.0,1.0,6.03125,2.0,0.0,2.5,32.0,6.142857142857143,1.0,0.0,2.5,14.0,5.964285714285714,0.0,0.0,0.0,0.0,6.142857142857143,1.0,0.0,2.5,14.0,5.964285714285714,0.0,0.0,0.0,0.0,59.0,7.0,,,1.0,9.0,,6.0
2023-24,5526,Scalvini,difensore,Atalanta,Atalanta,0.0,2.0,6.196969696969697,1.0,3.0,4.5,33.0,6.03125,2.0,0.0,2.5,32.0,5.953125,0.0,0.0,0.0,0.0,6.087053571428571,1.5,0.0,2.5,23.0,5.958705357142858,0.0,0.0,0.0,0.0,61.0,6.0,,,6.0,10.0,11.5,9.0
2024-25,5526,Scalvini,difensore,Atalanta,Atalanta,0.0,3.0,5.25,0.0,0.0,-1.0,4.0,6.196969696969697,1.0,3.0,4.5,33.0,6.0606060606060606,0.0,0.0,0.0,0.0,6.12369227994228,1.3333333333333333,1.0,3.1666666666666665,26.333333333333332,5.992672258297258,0.0,0.0,0.0,0.0,66.0,5.0,,,9.0,12.0,20.0,8.0
2025-26,5526,Scalvini,difensore,Atalanta,Atalanta,0.0,4.0,6.4375,3.0,1.0,9.0,24.0,5.25,0.0,0.0,-1.0,4.0,5.5,0.0,0.0,0.0,0.0,5.826073232323232,1.0,1.0,2.0,23.0,5.837910353535354,0.0,0.0,0.0,0.0,74.0,3.0,,,8.0,1.0,3.5,8.0
2022-23,5676,Success,attaccante,Udinese,Udinese,0.0,1.0,6.166666666666667,1.0,6.0,7.0,30.0,6.815789473684211,2.0,6.0,10.5,19.0,6.2631578947368425,0.0,0.0,0.0,0.0,6.815789473684211,2.0,6.0,10.5,19.0,6.2631578947368425,0.0,0.0,0.0,0.0,44.0,12.0,,,7.0,18.0,,13.0
2023-24,5676,Success,attaccante,Udinese,Udinese,0.0,2.0,5.815789473684211,1.0,1.0,-0.5,19.0,6.166666666666667,1.0,6.0,7.0,30.0,5.933333333333334,0.0,0.0,0.0,0.0,6.491228070175438,1.5,6.0,8.75,24.5,6.098245614035088,0.0,0.0,0.0,0.0,46.0,12.0,,,13.0,9.0,10.5,7.0
2024-25,5701,Obert,difensore,Cagliari,Cagliari,0.0,2.0,6.052631578947368,1.0,1.0,2.0,19.0,5.3076923076923075,0.0,0.0,-0.5,13.0,5.346153846153846,0.0,0.0,0.0,0.0,5.591346153846153,0.0,0.0,-0.25,8.5,5.610576923076923,0.0,0.0,0.0,0.0,36.0,15.0,,,5.0,2.0,3.0,2.0
2025-26,5701,Obert,difensore,Cagliari,Cagliari,0.0,3.0,5.823529411764706,0.0,3.0,-2.0,34.0,6.052631578947368,1.0,1.0,2.0,19.0,5.947368421052632,0.0,0.0,0.0,0.0,5.680161943319838,0.5,0.5,0.75,16.0,5.646761133603238,0.0,0.0,0.0,0.0,36.0,14.0,,,2.0,6.0,5.0,4.0
2022-23,5511,Matheus Henrique,centrocampista,Sassuolo,Sassuolo,0.0,1.0,6.266666666666667,4.0,1.0,11.0,30.0,5.8,0.0,0.0,-1.5,20.0,5.875,0.0,0.0,0.0,0.0,5.8,0.0,0.0,-1.5,20.0,5.875,0.0,0.0,0.0,0.0,50.0,11.0,,,8.0,5.0,,6.0
2023-24,5511,Matheus Henrique,centrocampista,Sassuolo,Sassuolo,0.0,2.0,5.919354838709677,2.0,2.0,4.0,31.0,6.266666666666667,4.0,1.0,11.0,30.0,5.9,0.0,0.0,0.0,0.0,6.033333333333333,2.0,0.5,4.75,25.0,5.8875,0.0,0.0,0.0,0.0,45.0,13.0,,,6.0,12.0,10.0,9.0
2022-23,5728,Afena-Gyan,attaccante,Cremonese,Roma,1.0,1.0,5.525,0.0,0.0,-2.0,20.0,6.107142857142857,2.0,0.0,3.5,14.0,5.857142857142857,0.0,0.0,0.0,0.0,6.107142857142857,2.0,0.0,3.5,14.0,5.857142857142857,0.0,0.0,0.0,0.0,60.0,6.0,,,1.0,4.0,,8.0
2022-23,5449,Parisi,difensore,Empoli,Empoli,0.0,1.0,6.136363636363637,2.0,0.0,0.0,33.0,5.8478260869565215,0.0,1.0,-1.5,23.0,5.913043478260869,0.0,0.0,0.0,0.0,5.8478260869565215,0.0,1.0,-1.5,23.0,5.913043478260869,0.0,0.0,0.0,0.0,38.0,14.0,,,4.0,7.0,,8.0
2023-24,5449,Parisi,difensore,Fiorentina,Empoli,1.0,2.0,5.642857142857143,0.0,1.0,-1.0,21.0,6.136363636363637,2.0,0.0,0.0,33.0,6.136363636363637,0.0,0.0,0.0,0.0,5.992094861660079,1.0,0.5,-0.75,28.0,6.024703557312253,0.0,0.0,0.0,0.0,43.0,14.0,53.0,8.0,8.0,11.0,13.5,8.0
2024-25,5449,Parisi,difensore,Fiorentina,Fiorentina,0.0,3.0,6.225,2.0,0.0,4.5,20.0,5.642857142857143,0.0,1.0,-1.0,21.0,5.690476190476191,0.0,0.0,0.0,0.0,5.875682288725767,0.6666666666666666,0.6666666666666666,-0.8333333333333334,25.666666666666668,5.913294435033566,0.0,0.0,0.0,0.0,57.0,8.0,,,8.0,4.0,9.0,8.0
2025-26,5449,Parisi,difensore,Fiorentina,Fiorentina,0.0,4.0,5.978260869565218,1.0,1.0,-1.0,23.0,6.225,2.0,0.0,4.5,20.0,6.0,0.0,0.0,0.0,0.0,6.0014069264069265,1.3333333333333333,0.3333333333333333,1.1666666666666667,24.666666666666668,5.942279942279942,0.0,0.0,0.0,0.0,62.0,7.0,,,8.0,10.0,6.5,5.0
2022-23,5719,Asllani,centrocampista,Inter,Empoli,1.0,1.0,5.846153846153846,0.0,0.0,-1.0,13.0,6.166666666666667,1.0,1.0,3.0,18.0,6.0,923.0,1.2768276687711477,1.5947089679539204,12.0,6.166666666666667,1.0,1.0,3.0,18.0,6.0,923.0,1.2768276687711477,1.5947089679539204,12.0,38.0,14.0,81.0,2.0,1.0,9.0,,8.0
2023-24,5719,Asllani,centrocampista,Inter,Inter,0.0,2.0,6.5,1.0,2.0,4.5,16.0,5.846153846153846,0.0,0.0,-1.0,13.0,5.923076923076923,0.0,0.0,0.0,0.0,6.006410256410256,0.5,0.5,1.0,15.5,5.961538461538462,461.5,0.6384138343855739,0.7973544839769602,6.0,69.0,3.0,,,8.0,2.0,2.0,4.0
2024-25,5719,Asllani,centrocampista,Inter,Inter,0.0,3.0,6.5625,0.0,2.0,6.5,16.0,6.5,1.0,2.0,4.5,16.0,6.21875,0.0,0.0,0.0,0.0,6.170940170940171,0.6666666666666666,1.0,2.1666666666666665,15.666666666666666,6.047275641025641,307.6666666666667,0.4256092229237159,0.5315696559846401,4.0,93.0,1.0,,,4.0,11.0,6.5,5.0
2025-26,5719,Asllani,centrocampista,Torino,Inter,1.0,4.0,5.25,0.0,0.0,-4.5,14.0,6.5625,0.0,2.0,6.5,16.0,6.15625,0.0,0.0,0.0,0.0,6.302884615384616,0.3333333333333333,1.3333333333333333,3.3333333333333335,15.0,6.0993589743589745,0.0,0.0,0.0,0.0,78.0,2.0,44.0,11.0,5.0,10.0,12.0,4.0
2022-23,5677,Perez N.,difensore,Udinese,Udinese,0.0,1.0,6.0,2.0,0.0,-0.5,33.0,5.65,0.0,1.0,-2.0,20.0,5.75,0.0,0.0,0.0,0.0,5.65,0.0,1.0,-2.0,20.0,5.75,0.0,0.0,0.0,0.0,44.0,12.0,,,7.0,4.0,,8.0
2023-24,5677,Perez N.,difensore,Udinese,Udinese,0.0,2.0,5.819444444444445,0.0,0.0,-4.5,36.0,6.0,2.0,0.0,-0.5,33.0,6.015151515151516,0.0,0.0,0.0,0.0,5.825,1.0,0.5,-1.25,26.5,5.882575757575758,0.0,0.0,0.0,0.0,46.0,12.0,,,8.0,10.0,7.5,9.0
2024-25,5677,Perez N.,difensore,Udinese,Udinese,0.0,3.0,6.25,0.0,0.0,0.0,2.0,5.819444444444445,0.0,0.0,-4.5,36.0,5.944444444444445,0.0,0.0,0.0,0.0,5.823148148148149,0.6666666666666666,0.3333333333333333,-2.3333333333333335,29.666666666666668,5.903198653198653,0.0,0.0,0.0,0.0,34.0,17.0,,,9.0,7.0,11.5,7.0
2022-23,5693,Kiwior,difensore,Spezia,Spezia,0.0,1.0,5.823529411764706,0.0,0.0,-1.5,17.0,5.636363636363637,0.0,0.0,-3.0,22.0,5.7727272727272725,0.0,0.0,0.0,0.0,5.636363636363637,0.0,0.0,-3.0,22.0,5.7727272727272725,0.0,0.0,0.0,0.0,36.0,16.0,,,1.0,5.0,,6.0
2022-23,5423,Bove,centrocampista,Roma,Roma,0.0,1.0,6.147058823529412,1.0,0.0,2.0,17.0,8.0,1.0,0.0,3.0,2.0,6.5,0.0,0.0,0.0,0.0,8.0,1.0,0.0,3.0,2.0,6.5,0.0,0.0,0.0,0.0,60.0,6.0,,,1.0,2.0,,1.0
2023-24,5423,Bove,centrocampista,Roma,Roma,0.0,2.0,5.964285714285714,0.0,1.0,0.0,28.0,6.147058823529412,1.0,0.0,2.0,17.0,6.029411764705882,0.0,0.0,0.0,0.0,7.0735294117647065,1.0,0.0,2.5,9.5,6.264705882352941,0.0,0.0,0.0,0.0,60.0,7.0,,,1.0,9.0,2.5,5.0
2024-25,5423,Bove,centrocampista,Fiorentina,Roma,1.0,3.0,6.583333333333333,1.0,2.0,3.5,12.0,5.964285714285714,0.0,1.0,0.0,28.0,5.964285714285714,0.0,0.0,0.0,0.0,6.703781512605043,0.6666666666666666,0.3333333333333333,1.6666666666666667,15.666666666666666,6.164565826330532,0.0,0.0,0.0,0.0,63.0,6.0,57.0,8.0,5.0,7.0,11.5,5.0
2022-23,4904,Mari',difensore,Monza,Udinese,1.0,1.0,5.9655172413793105,1.0,0.0,1.0,29.0,6.566666666666666,2.0,0.0,4.5,15.0,6.266666666666667,0.0,0.0,0.0,0.0,6.566666666666666,2.0,0.0,4.5,15.0,6.266666666666667,0.0,0.0,0.0,0.0,44.0,12.0,,,7.0,12.0,,11.0
2023-24,4904,Mari',difensore,Monza,Monza,0.0,2.0,5.878787878787879,0.0,0.0,-3.5,33.0,5.9655172413793105,1.0,0.0,1.0,29.0,5.931034482758621,0.0,0.0,0.0,0.0,6.266091954022988,1.5,0.0,2.75,22.0,6.098850574712644,0.0,0.0,0.0,0.0,52.0,10.0,,,11.0,9.0,9.0,9.0
2024-25,4904,Mari',difensore,Fiorentina,Monza,1.0,3.0,5.75,0.0,0.0,-3.0,32.0,5.878787878787879,0.0,0.0,-3.5,33.0,5.984848484848484,0.0,0.0,0.0,0.0,6.136990595611285,1.0,0.0,0.6666666666666666,25.666666666666668,6.060849878091258,0.0,0.0,0.0,0.0,45.0,12.0,57.0,8.0,9.0,8.0,13.0,7.0
2025-26,4904,Marì,difensore,Fiorentina,Fiorentina,0.0,4.0,5.3,0.0,0.0,-1.5,10.0,5.75,0.0,0.0,-3.0,32.0,5.84375,0.0,0.0,0.0,0.0,5.8647683733890625,0.3333333333333333,0.0,-1.8333333333333333,31.333333333333332,5.919877655869034,0.0,0.0,0.0,0.0,62.0,7.0,,,7.0,6.0,8.5,7.0
2022-23,5792,Ederson D.s.,centrocampista,Atalanta,Salernitana,1.0,1.0,6.0,1.0,1.0,2.0,34.0,6.466666666666667,2.0,1.0,4.5,15.0,6.166666666666667,0.0,0.0,0.0,0.0,6.466666666666667,2.0,1.0,4.5,15.0,6.166666666666667,0.0,0.0,0.0,0.0,31.0,17.0,59.0,7.0,5.0,10.0,,13.0
2023-24,5792,Ederson D.s.,centrocampista,Atalanta,Atalanta,0.0,2.0,6.555555555555555,6.0,1.0,15.0,36.0,6.0,1.0,1.0,2.0,34.0,5.9411764705882355,0.0,0.0,0.0,0.0,6.233333333333333,1.5,1.0,3.25,24.5,6.053921568627452,0.0,0.0,0.0,0.0,61.0,6.0,,,13.0,10.0,10.5,10.0
2024-25,5792,Ederson D.s.,centrocampista,Atalanta,Atalanta,0.0,3.0,6.486111111111111,4.0,2.0,11.5,36.0,6.555555555555555,6.0,1.0,15.0,36.0,6.138888888888889,0.0,0.0,0.0,0.0,6.340740740740741,3.0,1.0,7.166666666666667,28.333333333333332,6.082244008714597,0.0,0.0,0.0,0.0,66.0,5.0,,,10.0,18.0,25.5,15.0
2025-26,5792,Ederson D.S.,centrocampista,Atalanta,Atalanta,0.0,4.0,6.433333333333334,1.0,1.0,5.5,30.0,6.486111111111111,4.0,2.0,11.5,36.0,6.166666666666667,0.0,0.0,0.0,0.0,6.347222222222221,3.6666666666666665,1.3333333333333333,9.5,35.333333333333336,6.082244008714597,0.0,0.0,0.0,0.0,74.0,3.0,,,15.0,16.0,29.0,15.0
2022-23,5798,Bohinen,centrocampista,Salernitana,Salernitana,0.0,1.0,5.815789473684211,0.0,0.0,0.0,19.0,5.8,0.0,1.0,-1.5,10.0,5.95,0.0,0.0,0.0,0.0,5.8,0.0,1.0,-1.5,10.0,5.95,0.0,0.0,0.0,0.0,31.0,17.0,,,6.0,5.0,,7.0
2023-24,5798,Bohinen,centrocampista,Genoa,Salernitana,1.0,2.0,5.821428571428571,0.0,0.0,-0.5,14.0,5.815789473684211,0.0,0.0,0.0,19.0,5.815789473684211,0.0,0.0,0.0,0.0,5.807894736842105,0.0,0.5,-0.75,14.5,5.882894736842106,0.0,0.0,0.0,0.0,42.0,15.0,,,7.0,6.0,4.0,4.0
2024-25,5798,Bohinen,centrocampista,Genoa,Genoa,0.0,3.0,5.0,0.0,0.0,0.0,2.0,5.821428571428571,0.0,0.0,-0.5,14.0,5.857142857142857,0.0,0.0,0.0,0.0,5.8124060150375945,0.0,0.3333333333333333,-0.6666666666666666,14.333333333333334,5.874310776942355,0.0,0.0,0.0,0.0,46.0,11.0,,,4.0,3.0,5.0,1.0
2022-23,4658,Ikone',centrocampista,Fiorentina,Fiorentina,0.0,1.0,6.433333333333334,4.0,2.0,12.0,30.0,6.1,1.0,1.0,3.5,15.0,5.866666666666666,0.0,0.0,0.0,0.0,6.1,1.0,1.0,3.5,15.0,5.866666666666666,0.0,0.0,0.0,0.0,59.0,8.0,,,15.0,12.0,,14.0
2023-24,4658,Ikone',centrocampista,Fiorentina,Fiorentina,0.0,2.0,6.076923076923077,3.0,1.0,7.5,26.0,6.433333333333334,4.0,2.0,12.0,30.0,6.033333333333333,0.0,0.0,0.0,0.0,6.266666666666667,2.5,1.5,7.75,22.5,5.949999999999999,0.0,0.0,0.0,0.0,53.0,8.0,,,14.0,13.0,15.0,13.0
2024-25,4658,Ikone',centrocampista,Como,Fiorentina,1.0,3.0,6.195652173913044,2.0,0.0,5.5,23.0,6.076923076923077,3.0,1.0,7.5,26.0,5.788461538461538,0.0,0.0,0.0,0.0,6.203418803418804,2.6666666666666665,1.3333333333333333,7.666666666666667,23.666666666666668,5.8961538461538465,0.0,0.0,0.0,0.0,57.0,8.0,,,13.0,8.0,13.5,5.0
2022-23,5786,Cabral,attaccante,Fiorentina,Fiorentina,0.0,1.0,7.309523809523809,6.0,1.0,23.0,21.0,6.541666666666667,2.0,1.0,6.5,12.0,6.0,0.0,0.0,0.0,0.0,6.541666666666667,2.0,1.0,6.5,12.0,6.0,0.0,0.0,0.0,0.0,59.0,8.0,,,23.0,19.0,,19.0
2022-23,5784,Aebischer,centrocampista,Bologna,Bologna,0.0,1.0,5.903846153846154,1.0,0.0,1.0,26.0,5.8125,0.0,0.0,-0.5,8.0,5.875,0.0,0.0,0.0,0.0,5.8125,0.0,0.0,-0.5,8.0,5.875,0.0,0.0,0.0,0.0,43.0,13.0,,,5.0,5.0,,4.0
2023-24,5784,Aebischer,centrocampista,Bologna,Bologna,0.0,2.0,5.903225806451613,0.0,1.0,-3.0,31.0,5.903846153846154,1.0,0.0,1.0,26.0,5.865384615384615,0.0,0.0,0.0,0.0,5.858173076923077,0.5,0.0,0.25,17.0,5.8701923076923075,0.0,0.0,0.0,0.0,51.0,11.0,,,4.0,6.0,3.5,5.0
2024-25,5784,Aebischer,centrocampista,Bologna,Bologna,0.0,3.0,5.6923076923076925,0.0,0.0,-1.0,13.0,5.903225806451613,0.0,1.0,-3.0,31.0,6.0,0.0,0.0,0.0,0.0,5.87319065343259,0.3333333333333333,0.3333333333333333,-0.8333333333333334,21.666666666666668,5.913461538461537,0.0,0.0,0.0,0.0,68.0,3.0,,,5.0,7.0,8.0,10.0
2025-26,5784,Aebischer,centrocampista,Pisa,Bologna,1.0,4.0,5.8,1.0,1.0,0.0,35.0,5.6923076923076925,0.0,0.0,-1.0,13.0,5.769230769230769,0.0,0.0,0.0,0.0,5.833126550868486,0.3333333333333333,0.3333333333333333,-1.0,23.333333333333332,5.878205128205129,0.0,0.0,0.0,0.0,62.0,8.0,,,10.0,2.0,6.5,4.0
2022-23,4701,Cuisance,centrocampista,Sampdoria,Venezia,1.0,1.0,5.636363636363637,0.0,0.0,-0.5,11.0,5.615384615384615,0.0,0.0,-1.0,13.0,5.6923076923076925,0.0,0.0,0.0,0.0,5.615384615384615,0.0,0.0,-1.0,13.0,5.6923076923076925,0.0,0.0,0.0,0.0,26.0,20.0,36.0,15.0,6.0,5.0,,4.0
2022-23,5750,Ostigard,difensore,Napoli,Genoa,1.0,1.0,5.916666666666667,0.0,0.0,-0.5,6.0,5.433333333333334,0.0,0.0,-3.0,15.0,5.633333333333334,0.0,0.0,0.0,0.0,5.433333333333334,0.0,0.0,-3.0,15.0,5.633333333333334,0.0,0.0,0.0,0.0,28.0,19.0,76.0,3.0,4.0,5.0,,7.0
2023-24,5750,Ostigard,difensore,Napoli,Napoli,0.0,2.0,6.0,1.0,0.0,2.0,20.0,5.916666666666667,0.0,0.0,-0.5,6.0,6.0,0.0,0.0,0.0,0.0,5.675000000000001,0.0,0.0,-1.75,10.5,5.816666666666666,0.0,0.0,0.0,0.0,87.0,1.0,,,7.0,2.0,3.0,4.0
2022-23,5772,Pyyhtia,centrocampista,Bologna,Bologna,0.0,1.0,6.333333333333333,0.0,1.0,1.0,3.0,6.0,0.0,0.0,0.0,1.0,6.0,0.0,0.0,0.0,0.0,6.0,0.0,0.0,0.0,1.0,6.0,0.0,0.0,0.0,0.0,43.0,13.0,,,,,,1.0
2022-23,5527,Zanoli,difensore,Sampdoria,Napoli,1.0,1.0,6.325,2.0,2.0,6.5,20.0,5.75,0.0,0.0,-1.0,6.0,5.916666666666667,0.0,0.0,0.0,0.0,5.75,0.0,0.0,-1.0,6.0,5.916666666666667,0.0,0.0,0.0,0.0,76.0,3.0,36.0,15.0,1.0,3.0,,3.0
2023-24,5527,Zanoli,difensore,Salernitana,Sampdoria,1.0,2.0,5.75,0.0,2.0,-1.5,18.0,6.325,2.0,2.0,6.5,20.0,6.0,0.0,0.0,0.0,0.0,6.0375,1.0,1.0,2.75,13.0,5.958333333333334,0.0,0.0,0.0,0.0,19.0,20.0,42.0,15.0,3.0,13.0,10.0,4.0
2024-25,5527,Zanoli,difensore,Genoa,Salernitana,1.0,3.0,5.962962962962963,1.0,0.0,1.5,27.0,5.75,0.0,2.0,-1.5,18.0,5.833333333333333,0.0,0.0,0.0,0.0,5.941666666666666,0.6666666666666666,1.3333333333333333,1.3333333333333333,14.666666666666666,5.916666666666667,0.0,0.0,0.0,0.0,16.0,20.0,46.0,11.0,4.0,6.0,7.5,6.0
2025-26,5527,Zanoli,difensore,Udinese,Genoa,1.0,4.0,6.2894736842105265,1.0,2.0,4.5,19.0,5.962962962962963,1.0,0.0,1.5,27.0,5.907407407407407,0.0,0.0,0.0,0.0,6.012654320987654,1.0,1.3333333333333333,2.1666666666666665,21.666666666666668,5.91358024691358,0.0,0.0,0.0,0.0,40.0,13.0,44.0,12.0,6.0,6.0,8.0,3.0
2022-23,5793,Kasius,difensore,Bologna,Bologna,0.0,1.0,6.25,0.0,2.0,1.5,6.0,5.9,0.0,0.0,0.0,5.0,5.9,0.0,0.0,0.0,0.0,5.9,0.0,0.0,0.0,5.0,5.9,0.0,0.0,0.0,0.0,43.0,13.0,,,1.0,2.0,,2.0
2022-23,5804,Cacace,difensore,Empoli,Empoli,0.0,1.0,5.6,0.0,0.0,-0.5,10.0,5.75,0.0,0.0,-0.5,8.0,5.8125,0.0,0.0,0.0,0.0,5.75,0.0,0.0,-0.5,8.0,5.8125,0.0,0.0,0.0,0.0,38.0,14.0,,,2.0,3.0,,3.0
2023-24,5804,Cacace,difensore,Empoli,Empoli,0.0,2.0,5.660714285714286,0.0,1.0,-2.0,28.0,5.6,0.0,0.0,-0.5,10.0,5.65,0.0,0.0,0.0,0.0,5.675,0.0,0.0,-0.5,9.0,5.73125,0.0,0.0,0.0,0.0,43.0,14.0,,,3.0,3.0,1.5,3.0
2024-25,5804,Cacace,difensore,Empoli,Empoli,0.0,3.0,6.017241379310345,2.0,3.0,6.5,29.0,5.660714285714286,0.0,1.0,-2.0,28.0,5.732142857142857,0.0,0.0,0.0,0.0,5.670238095238095,0.0,0.3333333333333333,-1.0,15.333333333333334,5.7315476190476184,0.0,0.0,0.0,0.0,33.0,18.0,,,3.0,5.0,7.0,3.0
2022-23,2432,Zakaria,centrocampista,Juventus,Juventus,0.0,1.0,5.75,0.0,0.0,0.0,2.0,6.277777777777778,1.0,1.0,3.5,9.0,5.888888888888889,0.0,0.0,0.0,0.0,6.277777777777778,1.0,1.0,3.5,9.0,5.888888888888889,0.0,0.0,0.0,0.0,70.0,4.0,,,13.0,11.0,,10.0
2022-23,2668,Retsos,difensore,Verona,Verona,0.0,1.0,5.5,0.0,0.0,0.0,2.0,5.5,0.0,0.0,0.0,1.0,5.5,0.0,0.0,0.0,0.0,5.5,0.0,0.0,0.0,1.0,5.5,0.0,0.0,0.0,0.0,52.0,9.0,,,4.0,2.0,,1.0
2024-25,5800,Gudmundsson A.,centrocampista,Fiorentina,Genoa,1.0,2.0,6.976190476190476,4.0,1.0,18.0,21.0,7.642857142857143,10.0,4.0,41.0,35.0,6.4714285714285715,0.0,0.0,0.0,0.0,6.730519480519481,5.5,2.0,21.25,23.0,6.076623376623377,0.0,0.0,0.0,0.0,46.0,11.0,57.0,8.0,14.0,30.0,165.0,27.0
2025-26,5800,Gudmundsson A.,attaccante,Fiorentina,Fiorentina,0.0,3.0,6.34375,2.0,3.0,15.0,32.0,6.976190476190476,4.0,1.0,18.0,21.0,6.119047619047619,0.0,0.0,0.0,0.0,7.30952380952381,7.0,2.5,29.5,28.0,6.295238095238095,0.0,0.0,0.0,0.0,62.0,7.0,,,27.0,21.0,21.0,24.0
2022-23,5788,Sabiri,centrocampista,Sampdoria,Sampdoria,0.0,1.0,5.805555555555555,1.0,0.0,0.5,18.0,6.884615384615385,3.0,2.0,9.5,13.0,6.153846153846154,0.0,0.0,0.0,0.0,6.884615384615385,3.0,2.0,9.5,13.0,6.153846153846154,0.0,0.0,0.0,0.0,36.0,15.0,,,5.0,10.0,,15.0
2022-23,5735,Volpato,centrocampista,Roma,Roma,0.0,1.0,6.666666666666667,1.0,1.0,4.0,6.0,10.0,1.0,0.0,3.0,1.0,7.0,0.0,0.0,0.0,0.0,10.0,1.0,0.0,3.0,1.0,7.0,0.0,0.0,0.0,0.0,60.0,6.0,,,1.0,1.0,,1.0
2023-24,5735,Volpato,centrocampista,Sassuolo,Roma,1.0,2.0,6.0,1.0,0.0,2.5,17.0,6.666666666666667,1.0,1.0,4.0,6.0,6.0,0.0,0.0,0.0,0.0,8.333333333333334,1.0,0.5,3.5,3.5,6.5,0.0,0.0,0.0,0.0,60.0,7.0,45.0,13.0,1.0,5.0,0.5,3.0
2022-23,5747,Ruan,difensore,Sassuolo,Sassuolo,0.0,1.0,5.214285714285714,0.0,0.0,-9.0,21.0,5.4,0.0,0.0,-0.5,5.0,5.5,0.0,0.0,0.0,0.0,5.4,0.0,0.0,-0.5,5.0,5.5,0.0,0.0,0.0,0.0,50.0,11.0,,,3.0,2.0,,3.0
2023-24,5747,Tressoldi,difensore,Sassuolo,Sassuolo,0.0,2.0,5.130434782608695,0.0,0.0,-3.5,23.0,5.214285714285714,0.0,0.0,-9.0,21.0,5.642857142857143,0.0,0.0,0.0,0.0,5.307142857142857,0.0,0.0,-4.75,13.0,5.571428571428571,0.0,0.0,0.0,0.0,45.0,13.0,,,3.0,2.0,6.0,5.0
2022-23,5764,Coppola D.,difensore,Verona,Verona,0.0,1.0,5.65625,0.0,0.0,-2.5,16.0,5.833333333333333,0.0,0.0,0.0,3.0,5.833333333333333,0.0,0.0,0.0,0.0,5.833333333333333,0.0,0.0,0.0,3.0,5.833333333333333,0.0,0.0,0.0,0.0,52.0,9.0,,,1.0,2.0,,2.0
2023-24,5764,Coppola D.,difensore,Verona,Verona,0.0,2.0,5.925,2.0,0.0,1.5,20.0,5.65625,0.0,0.0,-2.5,16.0,5.8125,0.0,0.0,0.0,0.0,5.744791666666666,0.0,0.0,-1.25,9.5,5.822916666666666,0.0,0.0,0.0,0.0,31.0,17.0,,,2.0,3.0,4.0,2.0
2024-25,5764,Coppola D.,difensore,Verona,Verona,0.0,3.0,5.863636363636363,2.0,1.0,2.0,33.0,5.925,2.0,0.0,1.5,20.0,5.85,0.0,0.0,0.0,0.0,5.804861111111111,0.6666666666666666,0.0,-0.3333333333333333,13.0,5.831944444444445,0.0,0.0,0.0,0.0,37.0,13.0,,,2.0,6.0,6.5,4.0
2024-25,5791,Frendrup,centrocampista,Genoa,Genoa,0.0,2.0,6.042857142857143,2.0,0.0,1.5,35.0,6.418918918918919,2.0,4.0,7.0,37.0,6.22972972972973,0.0,0.0,0.0,0.0,6.08445945945946,1.0,2.0,3.25,23.5,6.014864864864865,0.0,0.0,0.0,0.0,46.0,11.0,,,5.0,16.0,17.5,11.0
2025-26,5791,Frendrup,centrocampista,Genoa,Genoa,0.0,3.0,5.972222222222222,1.0,0.0,0.5,36.0,6.042857142857143,2.0,0.0,1.5,35.0,6.0,0.0,0.0,0.0,0.0,6.230888030888031,2.0,2.0,4.25,36.0,6.114864864864865,0.0,0.0,0.0,0.0,40.0,13.0,,,11.0,10.0,10.0,9.0
2022-23,5510,Romero L.,centrocampista,Lazio,Lazio,0.0,1.0,7.75,1.0,0.0,3.0,2.0,5.5,0.0,0.0,0.0,2.0,5.5,0.0,0.0,0.0,0.0,5.5,0.0,0.0,0.0,2.0,5.5,0.0,0.0,0.0,0.0,63.0,5.0,,,1.0,2.0,,2.0
2023-24,5510,Romero L.,centrocampista,Milan,Lazio,1.0,2.0,5.75,0.0,0.0,-0.5,2.0,7.75,1.0,0.0,3.0,2.0,6.25,0.0,0.0,0.0,0.0,6.625,0.5,0.0,1.5,2.0,5.875,0.0,0.0,0.0,0.0,71.0,2.0,67.0,5.0,2.0,1.0,2.0,4.0
2022-23,5776,Ceide,attaccante,Sassuolo,Sassuolo,0.0,1.0,5.964285714285714,0.0,1.0,1.0,14.0,5.5,0.0,0.0,0.0,1.0,5.5,0.0,0.0,0.0,0.0,5.5,0.0,0.0,0.0,1.0,5.5,0.0,0.0,0.0,0.0,50.0,11.0,,,3.0,2.0,,2.0
2023-24,5776,Ceide,centrocampista,Sassuolo,Sassuolo,0.0,2.0,5.642857142857143,0.0,0.0,0.0,7.0,5.964285714285714,0.0,1.0,1.0,14.0,5.892857142857143,0.0,0.0,0.0,0.0,5.732142857142858,0.0,0.5,0.5,7.5,5.696428571428571,0.0,0.0,0.0,0.0,45.0,13.0,,,2.0,4.0,1.0,1.0
2022-23,5806,Seck,attaccante,Torino,Torino,0.0,1.0,6.055555555555555,0.0,0.0,0.0,9.0,6.0,0.0,0.0,0.0,3.0,6.0,0.0,0.0,0.0,0.0,6.0,0.0,0.0,0.0,3.0,6.0,0.0,0.0,0.0,0.0,50.0,10.0,,,2.0,2.0,,3.0
2023-24,5806,Seck,attaccante,Frosinone,Torino,1.0,2.0,5.892857142857143,0.0,0.0,-0.5,14.0,6.055555555555555,0.0,0.0,0.0,9.0,6.055555555555555,0.0,0.0,0.0,0.0,6.027777777777778,0.0,0.0,0.0,6.0,6.027777777777778,0.0,0.0,0.0,0.0,53.0,9.0,,,3.0,4.0,3.0,3.0
2022-23,5813,Miretti,centrocampista,Juventus,Juventus,0.0,1.0,6.02,0.0,2.0,1.5,25.0,6.0,0.0,0.0,0.0,4.0,6.0,0.0,0.0,0.0,0.0,6.0,0.0,0.0,0.0,4.0,6.0,0.0,0.0,0.0,0.0,70.0,4.0,,,1.0,3.0,,2.0
2023-24,5813,Miretti,centrocampista,Juventus,Juventus,0.0,2.0,5.9,1.0,1.0,2.5,20.0,6.02,0.0,2.0,1.5,25.0,5.96,0.0,0.0,0.0,0.0,6.01,0.0,1.0,0.75,14.5,5.98,0.0,0.0,0.0,0.0,69.0,4.0,,,2.0,7.0,4.0,5.0
2024-25,5813,Miretti,centrocampista,Genoa,Juventus,1.0,3.0,6.42,3.0,3.0,11.0,25.0,5.9,1.0,1.0,2.5,20.0,5.775,0.0,0.0,0.0,0.0,5.973333333333334,0.3333333333333333,1.0,1.3333333333333333,16.333333333333332,5.911666666666666,0.0,0.0,0.0,0.0,68.0,4.0,46.0,11.0,5.0,4.0,11.5,4.0
2025-26,5813,Miretti,centrocampista,Juventus,Genoa,1.0,4.0,6.2,1.0,1.0,3.5,15.0,6.42,3.0,3.0,11.0,25.0,5.98,0.0,0.0,0.0,0.0,6.113333333333333,1.3333333333333333,2.0,5.0,23.333333333333332,5.905,0.0,0.0,0.0,0.0,40.0,13.0,67.0,4.0,4.0,11.0,12.5,5.0
2024-25,5425,Urbanski,centrocampista,Monza,Bologna,1.0,2.0,6.0,1.0,0.0,1.5,12.0,5.833333333333333,0.0,0.0,-1.5,18.0,5.916666666666667,0.0,0.0,0.0,0.0,5.666666666666666,0.0,0.0,-0.75,9.5,5.708333333333334,0.0,0.0,0.0,0.0,68.0,3.0,45.0,12.0,1.0,5.0,11.0,5.0
2022-23,5823,Baldanzi,centrocampista,Empoli,Empoli,0.0,1.0,6.576923076923077,4.0,0.0,11.0,26.0,6.0,0.0,0.0,0.0,1.0,6.0,0.0,0.0,0.0,0.0,6.0,0.0,0.0,0.0,1.0,6.0,0.0,0.0,0.0,0.0,38.0,14.0,,,,,,1.0
2023-24,5823,Baldanzi,centrocampista,Roma,Empoli,1.0,2.0,6.270833333333333,2.0,0.0,4.5,24.0,6.576923076923077,4.0,0.0,11.0,26.0,6.153846153846154,0.0,0.0,0.0,0.0,6.288461538461538,2.0,0.0,5.5,13.5,6.076923076923077,0.0,0.0,0.0,0.0,43.0,14.0,60.0,7.0,1.0,17.0,18.5,15.0
2024-25,5823,Baldanzi,centrocampista,Roma,Roma,0.0,3.0,6.142857142857143,1.0,1.0,3.0,21.0,6.270833333333333,2.0,0.0,4.5,24.0,6.083333333333333,0.0,0.0,0.0,0.0,6.282585470085469,2.0,0.0,5.166666666666667,17.0,6.07905982905983,0.0,0.0,0.0,0.0,63.0,6.0,,,15.0,10.0,12.5,8.0
2025-26,5823,Baldanzi,centrocampista,Genoa,Roma,1.0,4.0,6.382352941176471,1.0,2.0,4.0,17.0,6.142857142857143,1.0,1.0,3.0,21.0,6.0,0.0,0.0,0.0,0.0,6.3302045177045185,2.3333333333333335,0.3333333333333333,6.166666666666667,23.666666666666668,6.079059829059829,0.0,0.0,0.0,0.0,66.0,5.0,40.0,13.0,8.0,7.0,7.0,8.0
2022-23,5528,Zovko,portiere,Spezia,Spezia,0.0,1.0,3.5,0.0,0.0,-2.0,1.0,6.0,0.0,0.0,0.0,1.0,6.0,0.0,0.0,0.0,0.0,6.0,0.0,0.0,0.0,1.0,6.0,0.0,0.0,0.0,0.0,36.0,16.0,,,1.0,3.0,,1.0
2022-23,5824,Pafundi,centrocampista,Udinese,Udinese,0.0,1.0,5.75,0.0,0.0,0.0,2.0,6.0,0.0,0.0,0.0,1.0,6.0,0.0,0.0,0.0,0.0,6.0,0.0,0.0,0.0,1.0,6.0,0.0,0.0,0.0,0.0,44.0,12.0,,,,,,1.0
2023-24,5995,De Ketelaere,centrocampista,Atalanta,Milan,1.0,1.0,7.393939393939394,9.0,8.0,35.5,33.0,5.7407407407407405,0.0,1.0,0.0,27.0,5.7407407407407405,0.0,0.0,0.0,0.0,5.7407407407407405,0.0,1.0,0.0,27.0,5.7407407407407405,0.0,0.0,0.0,0.0,67.0,5.0,61.0,6.0,21.0,10.0,6.0,7.0
2024-25,5995,De Ketelaere,centrocampista,Atalanta,Atalanta,0.0,2.0,6.9411764705882355,7.0,5.0,25.5,34.0,7.393939393939394,9.0,8.0,35.5,33.0,6.318181818181818,0.0,0.0,0.0,0.0,6.5673400673400675,4.5,4.5,17.75,30.0,6.029461279461279,0.0,0.0,0.0,0.0,66.0,5.0,,,7.0,26.0,135.0,21.0
2025-26,5995,De Ketelaere,attaccante,Atalanta,Atalanta,0.0,3.0,6.596774193548387,3.0,5.0,12.0,31.0,6.9411764705882355,7.0,5.0,25.5,34.0,6.1911764705882355,0.0,0.0,0.0,0.0,6.6919522017561235,5.333333333333333,4.666666666666667,20.333333333333332,31.333333333333332,6.0833663431702645,0.0,0.0,0.0,0.0,74.0,3.0,,,21.0,21.0,40.5,22.0
2025-26,5994,Ebosse,difensore,Torino,Udinese,1.0,2.0,5.71875,0.0,1.0,-0.5,16.0,5.25,0.0,0.0,-0.5,2.0,5.5,0.0,0.0,0.0,0.0,5.392857142857142,0.0,0.0,-1.0,8.0,5.571428571428571,0.0,0.0,0.0,0.0,44.0,12.0,44.0,11.0,1.0,1.0,2.5,4.0
2023-24,4432,Okoli,difensore,Frosinone,Atalanta,1.0,1.0,5.617647058823529,0.0,1.0,-3.5,34.0,5.607142857142857,0.0,0.0,-1.5,14.0,5.714285714285714,0.0,0.0,0.0,0.0,5.607142857142857,0.0,0.0,-1.5,14.0,5.714285714285714,0.0,0.0,0.0,0.0,61.0,6.0,,,5.0,3.0,1.0,2.0
2023-24,4730,Lookman,attaccante,Atalanta,Atalanta,0.0,1.0,7.633333333333334,11.0,7.0,38.0,30.0,7.916666666666667,10.0,6.0,43.5,30.0,6.466666666666667,0.0,0.0,0.0,0.0,7.916666666666667,10.0,6.0,43.5,30.0,6.466666666666667,0.0,0.0,0.0,0.0,61.0,6.0,,,13.0,31.0,58.5,26.0
2024-25,4730,Lookman,attaccante,Atalanta,Atalanta,0.0,2.0,7.935483870967742,14.0,4.0,47.0,31.0,7.633333333333334,11.0,7.0,38.0,30.0,6.366666666666666,0.0,0.0,0.0,0.0,7.775,10.5,6.5,40.75,30.0,6.416666666666666,0.0,0.0,0.0,0.0,66.0,5.0,,,26.0,29.0,125.0,28.0
2025-26,4730,Lookman,attaccante,Atalanta,Atalanta,0.0,3.0,6.4,2.0,0.0,6.0,10.0,7.935483870967742,14.0,4.0,47.0,31.0,6.419354838709677,0.0,0.0,0.0,0.0,7.8284946236559145,11.666666666666666,5.666666666666667,42.833333333333336,30.333333333333332,6.417562724014336,0.0,0.0,0.0,0.0,74.0,3.0,,,28.0,33.0,195.5,29.0
2023-24,4502,Gallo,difensore,Lecce,Lecce,0.0,1.0,6.0,0.0,3.0,2.0,34.0,5.645161290322581,0.0,1.0,-5.5,31.0,5.82258064516129,0.0,0.0,0.0,0.0,5.645161290322581,0.0,1.0,-5.5,31.0,5.82258064516129,0.0,0.0,0.0,0.0,36.0,16.0,,,2.0,5.0,4.0,5.0
2024-25,4502,Gallo,difensore,Lecce,Lecce,0.0,2.0,5.645161290322581,0.0,2.0,-4.5,31.0,6.0,0.0,3.0,2.0,34.0,5.9411764705882355,0.0,0.0,0.0,0.0,5.82258064516129,0.0,2.0,-1.75,32.5,5.881878557874763,0.0,0.0,0.0,0.0,37.0,14.0,,,5.0,10.0,11.5,5.0
2025-26,4502,Gallo,difensore,Lecce,Lecce,0.0,3.0,5.986486486486487,0.0,3.0,1.5,37.0,5.645161290322581,0.0,2.0,-4.5,31.0,5.790322580645161,0.0,0.0,0.0,0.0,5.763440860215053,0.0,2.0,-2.6666666666666665,32.0,5.851359898798229,0.0,0.0,0.0,0.0,31.0,18.0,,,5.0,5.0,6.5,5.0
2023-24,5835,Baschirotto,difensore,Lecce,Lecce,0.0,1.0,5.716216216216216,0.0,1.0,-1.5,37.0,6.22972972972973,3.0,0.0,6.0,37.0,6.0675675675675675,0.0,0.0,0.0,0.0,6.22972972972973,3.0,0.0,6.0,37.0,6.0675675675675675,0.0,0.0,0.0,0.0,36.0,16.0,,,2.0,12.0,17.0,10.0
2024-25,5835,Baschirotto,difensore,Lecce,Lecce,0.0,2.0,5.973684210526316,2.0,0.0,4.5,38.0,5.716216216216216,0.0,1.0,-1.5,37.0,5.756756756756757,0.0,0.0,0.0,0.0,5.972972972972973,1.5,0.5,2.25,37.0,5.912162162162162,0.0,0.0,0.0,0.0,37.0,14.0,,,10.0,5.0,12.5,9.0
2025-26,5835,Baschirotto,difensore,Cremonese,Lecce,1.0,3.0,6.120689655172414,2.0,0.0,5.0,29.0,5.973684210526316,2.0,0.0,4.5,38.0,5.855263157894737,0.0,0.0,0.0,0.0,5.9732100521574205,1.6666666666666667,0.3333333333333333,3.0,37.333333333333336,5.8931958274063545,0.0,0.0,0.0,0.0,31.0,18.0,,,9.0,10.0,9.0,8.0
2023-24,5867,Gendrey,difensore,Lecce,Lecce,0.0,1.0,6.094594594594595,2.0,3.0,6.5,37.0,5.847222222222222,0.0,1.0,-1.0,36.0,5.875,0.0,0.0,0.0,0.0,5.847222222222222,0.0,1.0,-1.0,36.0,5.875,0.0,0.0,0.0,0.0,36.0,16.0,,,4.0,7.0,5.0,6.0
2024-25,5867,Gendrey,difensore,Lecce,Lecce,0.0,2.0,5.25,0.0,0.0,0.0,2.0,6.094594594594595,2.0,3.0,6.5,37.0,5.918918918918919,0.0,0.0,0.0,0.0,5.970908408408409,1.0,2.0,2.75,36.5,5.89695945945946,0.0,0.0,0.0,0.0,37.0,14.0,,,6.0,11.0,13.0,6.0
2023-24,5869,Blin,centrocampista,Lecce,Lecce,0.0,1.0,5.75,0.0,1.0,-1.0,28.0,5.911764705882353,1.0,0.0,-1.0,34.0,5.9411764705882355,0.0,0.0,0.0,0.0,5.911764705882353,1.0,0.0,-1.0,34.0,5.9411764705882355,0.0,0.0,0.0,0.0,36.0,16.0,,,2.0,8.0,5.0,6.0
2025-26,5872,Helgason,centrocampista,Lecce,Lecce,0.0,2.0,5.625,0.0,0.0,0.0,4.0,6.25,0.0,4.0,4.0,20.0,6.05,0.0,0.0,0.0,0.0,6.017857142857142,0.0,2.0,2.0,13.5,5.917857142857143,0.0,0.0,0.0,0.0,31.0,18.0,,,1.0,8.0,11.0,8.0
2023-24,5999,Gonzalez J.,centrocampista,Lecce,Lecce,0.0,1.0,5.944444444444445,1.0,0.0,0.0,27.0,5.911764705882353,1.0,1.0,-1.5,34.0,5.955882352941177,0.0,0.0,0.0,0.0,5.911764705882353,1.0,1.0,-1.5,34.0,5.955882352941177,0.0,0.0,0.0,0.0,36.0,16.0,,,2.0,7.0,4.0,7.0
2023-24,6001,Banda,attaccante,Lecce,Lecce,0.0,1.0,6.333333333333333,2.0,3.0,5.5,21.0,6.171875,2.0,1.0,4.0,32.0,6.046875,0.0,0.0,0.0,0.0,6.171875,2.0,1.0,4.0,32.0,6.046875,0.0,0.0,0.0,0.0,36.0,16.0,,,5.0,11.0,4.0,8.0
2024-25,6001,Banda,attaccante,Lecce,Lecce,0.0,2.0,5.8076923076923075,0.0,1.0,0.5,13.0,6.333333333333333,2.0,3.0,5.5,21.0,6.071428571428571,0.0,0.0,0.0,0.0,6.252604166666666,2.0,2.0,4.75,26.5,6.059151785714286,0.0,0.0,0.0,0.0,37.0,14.0,,,8.0,10.0,10.0,9.0
2025-26,6001,Banda,attaccante,Lecce,Lecce,0.0,3.0,6.546875,5.0,4.0,15.0,32.0,5.8076923076923075,0.0,1.0,0.5,13.0,5.769230769230769,0.0,0.0,0.0,0.0,6.104300213675214,1.3333333333333333,1.6666666666666667,3.3333333333333335,22.0,5.962511446886446,0.0,0.0,0.0,0.0,31.0,18.0,,,9.0,2.0,4.5,5.0
2023-24,5876,Di Gregorio,portiere,Monza,Monza,0.0,1.0,5.46969696969697,0.0,0.0,-29.0,33.0,4.986486486486487,0.0,1.0,-48.0,37.0,6.283783783783784,0.0,0.0,0.0,0.0,4.986486486486487,0.0,1.0,-48.0,37.0,6.283783783783784,0.0,0.0,0.0,0.0,52.0,10.0,,,1.0,13.0,20.0,12.0
2024-25,5876,Di Gregorio,portiere,Juventus,Monza,1.0,2.0,5.181818181818182,0.0,0.0,-32.0,33.0,5.46969696969697,0.0,0.0,-29.0,33.0,6.348484848484849,0.0,0.0,0.0,0.0,5.228091728091728,0.0,0.5,-38.5,35.0,6.316134316134317,0.0,0.0,0.0,0.0,45.0,12.0,68.0,4.0,12.0,16.0,40.0,17.0
2025-26,5876,Di Gregorio,portiere,Juventus,Juventus,0.0,3.0,5.333333333333333,0.0,0.0,-22.5,30.0,5.181818181818182,0.0,0.0,-32.0,33.0,6.151515151515151,0.0,0.0,0.0,0.0,5.212667212667213,0.0,0.3333333333333333,-36.333333333333336,34.333333333333336,6.261261261261261,0.0,0.0,0.0,0.0,67.0,4.0,,,17.0,14.0,41.5,16.0
2023-24,5838,Birindelli,difensore,Monza,Monza,0.0,1.0,5.890625,0.0,0.0,-3.5,32.0,5.766666666666667,0.0,2.0,-2.0,30.0,5.833333333333333,0.0,0.0,0.0,0.0,5.766666666666667,0.0,2.0,-2.0,30.0,5.833333333333333,0.0,0.0,0.0,0.0,52.0,10.0,,,3.0,5.0,3.5,5.0
2024-25,5838,Birindelli,difensore,Monza,Monza,0.0,2.0,6.35,3.0,0.0,8.0,20.0,5.890625,0.0,0.0,-3.5,32.0,6.0,0.0,0.0,0.0,0.0,5.828645833333333,0.0,1.0,-2.75,31.0,5.916666666666666,0.0,0.0,0.0,0.0,45.0,12.0,,,5.0,8.0,6.5,5.0
2023-24,5877,Carlos Augusto,difensore,Inter,Monza,1.0,1.0,6.214285714285714,0.0,3.0,2.5,35.0,6.757142857142857,6.0,5.0,21.0,35.0,6.1571428571428575,0.0,0.0,0.0,0.0,6.757142857142857,6.0,5.0,21.0,35.0,6.1571428571428575,0.0,0.0,0.0,0.0,52.0,10.0,69.0,3.0,8.0,19.0,29.0,17.0
2024-25,5877,Carlos Augusto,difensore,Inter,Inter,0.0,2.0,6.607142857142857,3.0,3.0,11.5,28.0,6.214285714285714,0.0,3.0,2.5,35.0,6.142857142857143,0.0,0.0,0.0,0.0,6.485714285714286,3.0,4.0,11.75,35.0,6.15,0.0,0.0,0.0,0.0,93.0,1.0,,,17.0,14.0,13.5,9.0
2025-26,5877,Carlos Augusto,difensore,Inter,Inter,0.0,3.0,6.160714285714286,1.0,1.0,1.0,28.0,6.607142857142857,3.0,3.0,11.5,28.0,6.196428571428571,0.0,0.0,0.0,0.0,6.526190476190476,3.0,3.6666666666666665,11.666666666666666,32.666666666666664,6.165476190476191,0.0,0.0,0.0,0.0,78.0,2.0,,,9.0,17.0,16.5,10.0
2023-24,5880,Ciurria,centrocampista,Monza,Monza,0.0,1.0,5.863636363636363,0.0,1.0,0.0,22.0,6.814285714285714,6.0,6.0,22.0,35.0,6.185714285714286,0.0,0.0,0.0,0.0,6.814285714285714,6.0,6.0,22.0,35.0,6.185714285714286,0.0,0.0,0.0,0.0,52.0,10.0,,,3.0,20.0,17.0,14.0
2024-25,5880,Ciurria,centrocampista,Monza,Monza,0.0,2.0,6.0,1.0,1.0,3.5,17.0,5.863636363636363,0.0,1.0,0.0,22.0,5.863636363636363,0.0,0.0,0.0,0.0,6.338961038961038,3.0,3.5,11.0,28.5,6.024675324675325,0.0,0.0,0.0,0.0,45.0,12.0,,,14.0,4.0,10.0,5.0
2023-24,5884,Ranocchia F.,centrocampista,Empoli,Monza,1.0,1.0,5.722222222222222,0.0,0.0,-1.5,9.0,6.416666666666667,1.0,0.0,3.0,12.0,6.166666666666667,0.0,0.0,0.0,0.0,6.416666666666667,1.0,0.0,3.0,12.0,6.166666666666667,0.0,0.0,0.0,0.0,52.0,10.0,43.0,14.0,2.0,6.0,3.0,5.0
2023-24,5882,Mota,attaccante,Monza,Monza,0.0,1.0,6.409090909090909,4.0,3.0,13.5,33.0,6.637931034482759,5.0,2.0,16.0,29.0,6.086206896551724,0.0,0.0,0.0,0.0,6.637931034482759,5.0,2.0,16.0,29.0,6.086206896551724,0.0,0.0,0.0,0.0,52.0,10.0,,,10.0,16.0,10.5,11.0
2024-25,5882,Mota,attaccante,Monza,Monza,0.0,2.0,6.306451612903226,5.0,1.0,14.5,31.0,6.409090909090909,4.0,3.0,13.5,33.0,6.0,0.0,0.0,0.0,0.0,6.523510971786834,4.5,2.5,14.75,31.0,6.043103448275862,0.0,0.0,0.0,0.0,45.0,12.0,,,11.0,13.0,16.5,10.0
2023-24,4870,Adopo,difensore,Atalanta,Torino,1.0,1.0,6.0,0.0,1.0,1.0,4.0,5.75,0.0,0.0,-0.5,4.0,5.875,0.0,0.0,0.0,0.0,5.75,0.0,0.0,-0.5,4.0,5.875,0.0,0.0,0.0,0.0,53.0,9.0,61.0,6.0,1.0,1.0,2.0,2.0
2024-25,4870,Adopo,centrocampista,Cagliari,Atalanta,1.0,2.0,5.911764705882353,1.0,1.0,1.5,34.0,6.0,0.0,1.0,1.0,4.0,5.75,0.0,0.0,0.0,0.0,5.875,0.0,0.5,0.25,4.0,5.8125,0.0,0.0,0.0,0.0,66.0,5.0,36.0,15.0,2.0,2.0,2.0,2.0
2025-26,4870,Adopo,centrocampista,Cagliari,Cagliari,0.0,3.0,5.881578947368421,1.0,1.0,2.0,38.0,5.911764705882353,1.0,1.0,1.5,34.0,5.867647058823529,0.0,0.0,0.0,0.0,5.887254901960785,0.3333333333333333,0.6666666666666666,0.6666666666666666,14.0,5.830882352941177,0.0,0.0,0.0,0.0,36.0,14.0,,,2.0,9.0,7.0,5.0
2023-24,5063,Radonjic,centrocampista,Torino,Torino,0.0,1.0,7.1875,3.0,0.0,9.0,8.0,6.538461538461538,2.0,3.0,9.0,26.0,6.1923076923076925,0.0,0.0,0.0,0.0,6.538461538461538,2.0,3.0,9.0,26.0,6.1923076923076925,0.0,0.0,0.0,0.0,53.0,9.0,,,7.0,13.0,10.5,11.0
2023-24,5687,Vlasic,centrocampista,Torino,Torino,0.0,1.0,6.303030303030303,3.0,2.0,9.5,33.0,6.823529411764706,5.0,6.0,20.5,34.0,6.220588235294118,0.0,0.0,0.0,0.0,6.823529411764706,5.0,6.0,20.5,34.0,6.220588235294118,0.0,0.0,0.0,0.0,53.0,9.0,,,15.0,21.0,34.0,18.0
2024-25,5687,Vlasic,centrocampista,Torino,Torino,0.0,2.0,6.666666666666667,3.0,3.0,18.0,30.0,6.303030303030303,3.0,2.0,9.5,33.0,6.015151515151516,0.0,0.0,0.0,0.0,6.563279857397504,4.0,4.0,15.0,33.5,6.117869875222817,0.0,0.0,0.0,0.0,53.0,9.0,,,18.0,13.0,25.0,15.0
2025-26,5687,Vlasic,centrocampista,Torino,Torino,0.0,3.0,6.662162162162162,3.0,3.0,23.5,37.0,6.666666666666667,3.0,3.0,18.0,30.0,6.066666666666666,0.0,0.0,0.0,0.0,6.597742127153892,3.6666666666666665,3.6666666666666665,16.0,32.333333333333336,6.100802139037434,0.0,0.0,0.0,0.0,44.0,11.0,,,15.0,17.0,24.0,15.0
2023-24,5885,Dodo',difensore,Fiorentina,Fiorentina,0.0,1.0,5.75,0.0,0.0,0.0,6.0,5.984848484848484,1.0,3.0,3.5,33.0,5.878787878787879,0.0,0.0,0.0,0.0,5.984848484848484,1.0,3.0,3.5,33.0,5.878787878787879,0.0,0.0,0.0,0.0,53.0,8.0,,,14.0,9.0,16.0,8.0
2024-25,5885,Dodo',difensore,Fiorentina,Fiorentina,0.0,2.0,6.214285714285714,0.0,5.0,1.0,35.0,5.75,0.0,0.0,0.0,6.0,5.75,0.0,0.0,0.0,0.0,5.867424242424242,0.5,1.5,1.75,19.5,5.8143939393939394,0.0,0.0,0.0,0.0,57.0,8.0,,,8.0,2.0,7.5,9.0
2025-26,5885,Dodò,difensore,Fiorentina,Fiorentina,0.0,3.0,6.027777777777778,1.0,2.0,1.5,36.0,6.214285714285714,0.0,5.0,1.0,35.0,6.185714285714286,0.0,0.0,0.0,0.0,5.983044733044733,0.3333333333333333,2.6666666666666665,1.5,24.666666666666668,5.938167388167389,0.0,0.0,0.0,0.0,62.0,7.0,,,9.0,13.0,23.0,11.0
2023-24,2438,Jovic,attaccante,Milan,Fiorentina,1.0,1.0,6.7894736842105265,6.0,1.0,17.0,19.0,6.555555555555555,6.0,2.0,15.5,27.0,5.981481481481482,0.0,0.0,0.0,0.0,6.555555555555555,6.0,2.0,15.5,27.0,5.981481481481482,0.0,0.0,0.0,0.0,53.0,8.0,67.0,5.0,24.0,12.0,20.0,14.0
2024-25,2438,Jovic,attaccante,Milan,Milan,0.0,2.0,6.333333333333333,2.0,0.0,5.5,12.0,6.7894736842105265,6.0,1.0,17.0,19.0,5.894736842105263,0.0,0.0,0.0,0.0,6.6725146198830405,6.0,1.5,16.25,23.0,5.938109161793372,0.0,0.0,0.0,0.0,74.0,2.0,,,14.0,13.0,14.0,10.0
2023-24,5856,Sambia,difensore,Salernitana,Salernitana,0.0,1.0,6.09375,1.0,2.0,3.0,16.0,5.923076923076923,0.0,1.0,0.5,13.0,5.884615384615385,0.0,0.0,0.0,0.0,5.923076923076923,0.0,1.0,0.5,13.0,5.884615384615385,0.0,0.0,0.0,0.0,42.0,15.0,,,7.0,5.0,4.0,4.0
2024-25,5856,Sambia,difensore,Empoli,Salernitana,1.0,2.0,5.857142857142857,0.0,0.0,0.0,7.0,6.09375,1.0,2.0,3.0,16.0,5.90625,0.0,0.0,0.0,0.0,6.008413461538462,0.5,1.5,1.75,14.5,5.8954326923076925,0.0,0.0,0.0,0.0,16.0,20.0,33.0,18.0,4.0,8.0,5.0,2.0
2023-24,6028,Bronn,difensore,Salernitana,Salernitana,0.0,1.0,5.75,0.0,0.0,0.0,2.0,5.428571428571429,0.0,0.0,-3.0,21.0,5.571428571428571,0.0,0.0,0.0,0.0,5.428571428571429,0.0,0.0,-3.0,21.0,5.571428571428571,0.0,0.0,0.0,0.0,42.0,15.0,,,5.0,2.0,3.0,2.0
2023-24,5842,Botheim,attaccante,Salernitana,Salernitana,0.0,1.0,5.2,0.0,0.0,-0.5,5.0,6.147058823529412,1.0,3.0,5.0,17.0,5.852941176470588,0.0,0.0,0.0,0.0,6.147058823529412,1.0,3.0,5.0,17.0,5.852941176470588,0.0,0.0,0.0,0.0,42.0,15.0,,,13.0,8.0,2.0,8.0
2023-24,5678,Holm,difensore,Atalanta,Spezia,1.0,1.0,6.083333333333333,1.0,1.0,2.5,18.0,6.166666666666667,1.0,1.0,2.0,18.0,6.055555555555555,0.0,0.0,0.0,0.0,6.166666666666667,1.0,1.0,2.0,18.0,6.055555555555555,0.0,0.0,0.0,0.0,31.0,18.0,61.0,6.0,2.0,5.0,4.0,10.0
2024-25,5678,Holm,difensore,Bologna,Atalanta,1.0,2.0,6.125,1.0,1.0,3.0,16.0,6.083333333333333,1.0,1.0,2.5,18.0,5.944444444444445,0.0,0.0,0.0,0.0,6.125,1.0,1.0,2.25,18.0,6.0,0.0,0.0,0.0,0.0,66.0,5.0,68.0,3.0,10.0,7.0,12.5,9.0
2025-26,5678,Holm,difensore,Juventus,Bologna,1.0,3.0,6.4375,1.0,4.0,5.5,16.0,6.125,1.0,1.0,3.0,16.0,5.9375,0.0,0.0,0.0,0.0,6.125,1.0,1.0,2.5,17.333333333333332,5.979166666666667,0.0,0.0,0.0,0.0,62.0,8.0,67.0,4.0,9.0,7.0,6.0,8.0
2023-24,4436,Cambiaghi,attaccante,Empoli,Empoli,0.0,1.0,6.202702702702703,1.0,1.0,2.5,37.0,6.9,6.0,1.0,16.5,25.0,6.24,0.0,0.0,0.0,0.0,6.9,6.0,1.0,16.5,25.0,6.24,0.0,0.0,0.0,0.0,43.0,14.0,,,6.0,20.0,12.0,12.0
2024-25,4436,Cambiaghi,attaccante,Bologna,Empoli,1.0,2.0,6.5,1.0,3.0,6.0,17.0,6.202702702702703,1.0,1.0,2.5,37.0,6.135135135135135,0.0,0.0,0.0,0.0,6.551351351351352,3.5,1.0,9.5,31.0,6.187567567567568,0.0,0.0,0.0,0.0,33.0,18.0,68.0,3.0,12.0,13.0,13.5,12.0
2025-26,4436,Cambiaghi,attaccante,Bologna,Bologna,0.0,3.0,6.416666666666667,3.0,4.0,10.5,24.0,6.5,1.0,3.0,6.0,17.0,6.147058823529412,0.0,0.0,0.0,0.0,6.534234234234233,2.6666666666666665,1.6666666666666667,8.333333333333334,26.333333333333332,6.174064652888181,0.0,0.0,0.0,0.0,62.0,8.0,,,12.0,15.0,11.5,11.0
2023-24,5316,Amione,difensore,Verona,Sampdoria,1.0,1.0,5.5625,0.0,0.0,-1.0,8.0,5.62962962962963,1.0,1.0,-1.5,27.0,5.685185185185185,0.0,0.0,0.0,0.0,5.62962962962963,1.0,1.0,-1.5,27.0,5.685185185185185,0.0,0.0,0.0,0.0,19.0,20.0,31.0,17.0,2.0,5.0,4.5,3.0
2023-24,5839,Kvaratskhelia,centrocampista,Napoli,Napoli,0.0,1.0,7.25,11.0,5.0,34.0,34.0,7.955882352941177,10.0,10.0,45.5,34.0,6.617647058823529,0.0,0.0,0.0,0.0,7.955882352941177,10.0,10.0,45.5,34.0,6.617647058823529,0.0,0.0,0.0,0.0,87.0,1.0,,,18.0,33.0,119.0,31.0
2024-25,5839,Kvaratskhelia,attaccante,Napoli,Napoli,0.0,2.0,7.235294117647059,4.0,3.0,17.5,17.0,7.25,11.0,5.0,34.0,34.0,6.25,0.0,0.0,0.0,0.0,7.602941176470589,10.5,7.5,39.75,34.0,6.4338235294117645,0.0,0.0,0.0,0.0,52.0,10.0,,,31.0,25.0,95.0,29.0
2023-24,5998,Zerbin,centrocampista,Monza,Napoli,1.0,1.0,5.78125,0.0,1.0,0.0,16.0,5.625,0.0,0.0,-0.5,4.0,5.75,0.0,0.0,0.0,0.0,5.625,0.0,0.0,-0.5,4.0,5.75,0.0,0.0,0.0,0.0,87.0,1.0,52.0,10.0,1.0,2.0,1.5,1.0
2024-25,5998,Zerbin,centrocampista,Venezia,Monza,1.0,2.0,6.111111111111111,1.0,1.0,2.0,18.0,5.78125,0.0,1.0,0.0,16.0,5.78125,0.0,0.0,0.0,0.0,5.703125,0.0,0.5,-0.25,10.0,5.765625,0.0,0.0,0.0,0.0,45.0,12.0,,,1.0,5.0,11.0,2.0
2025-26,5998,Zerbin,centrocampista,Cremonese,Venezia,1.0,3.0,5.793103448275862,0.0,2.0,1.0,29.0,6.111111111111111,1.0,1.0,2.0,18.0,6.0,0.0,0.0,0.0,0.0,5.83912037037037,0.3333333333333333,0.6666666666666666,0.5,12.666666666666666,5.84375,0.0,0.0,0.0,0.0,29.0,19.0,,,2.0,11.0,10.0,3.0
2023-24,4711,Kostic,centrocampista,Juventus,Juventus,0.0,1.0,5.982758620689655,0.0,3.0,2.0,29.0,6.597222222222222,3.0,10.0,17.5,36.0,6.111111111111111,0.0,0.0,0.0,0.0,6.597222222222222,3.0,10.0,17.5,36.0,6.111111111111111,0.0,0.0,0.0,0.0,69.0,4.0,,,15.0,16.0,32.0,15.0
2023-24,5844,Thorstvedt,centrocampista,Sassuolo,Sassuolo,0.0,1.0,6.397058823529412,6.0,1.0,15.5,34.0,6.2,2.0,1.0,5.0,25.0,6.0,0.0,0.0,0.0,0.0,6.2,2.0,1.0,5.0,25.0,6.0,0.0,0.0,0.0,0.0,45.0,13.0,,,9.0,9.0,4.0,6.0
2023-24,5847,Bijol,difensore,Udinese,Udinese,0.0,1.0,6.0,0.0,0.0,-2.0,24.0,6.03125,3.0,1.0,5.0,32.0,5.875,0.0,0.0,0.0,0.0,6.03125,3.0,1.0,5.0,32.0,5.875,0.0,0.0,0.0,0.0,46.0,12.0,,,5.0,10.0,16.5,9.0
2024-25,5847,Bijol,difensore,Udinese,Udinese,0.0,2.0,5.882352941176471,1.0,2.0,-3.5,34.0,6.0,0.0,0.0,-2.0,24.0,6.083333333333333,0.0,0.0,0.0,0.0,6.015625,1.5,0.5,1.5,28.0,5.979166666666666,0.0,0.0,0.0,0.0,34.0,17.0,,,9.0,8.0,13.5,8.0
2023-24,5850,Lovric,centrocampista,Udinese,Udinese,0.0,1.0,6.086206896551724,1.0,2.0,3.5,29.0,6.708333333333333,5.0,6.0,19.0,36.0,6.180555555555555,0.0,0.0,0.0,0.0,6.708333333333333,5.0,6.0,19.0,36.0,6.180555555555555,0.0,0.0,0.0,0.0,46.0,12.0,,,6.0,19.0,29.0,15.0
2024-25,5850,Lovric,centrocampista,Udinese,Udinese,0.0,2.0,6.114285714285714,2.0,2.0,5.5,35.0,6.086206896551724,1.0,2.0,3.5,29.0,5.9655172413793105,0.0,0.0,0.0,0.0,6.397270114942529,3.0,4.0,11.25,32.5,6.073036398467433,0.0,0.0,0.0,0.0,34.0,17.0,,,15.0,8.0,12.5,10.0
2025-26,5850,Lovric,centrocampista,Verona,Udinese,1.0,3.0,5.75,0.0,1.0,0.0,10.0,6.114285714285714,2.0,2.0,5.5,35.0,5.957142857142857,0.0,0.0,0.0,0.0,6.302941981390258,2.6666666666666665,3.3333333333333335,9.333333333333334,33.333333333333336,6.034405218025907,0.0,0.0,0.0,0.0,44.0,12.0,34.0,15.0,10.0,10.0,11.5,9.0
2023-24,5532,Bradaric,difensore,Salernitana,Salernitana,0.0,1.0,5.735294117647059,0.0,3.0,0.5,34.0,5.766666666666667,0.0,3.0,0.5,30.0,5.75,0.0,0.0,0.0,0.0,5.766666666666667,0.0,3.0,0.5,30.0,5.75,0.0,0.0,0.0,0.0,42.0,15.0,,,7.0,6.0,8.5,7.0
2024-25,5532,Bradaric,difensore,Verona,Salernitana,1.0,2.0,5.722222222222222,1.0,0.0,0.0,27.0,5.735294117647059,0.0,3.0,0.5,34.0,5.720588235294118,0.0,0.0,0.0,0.0,5.750980392156863,0.0,3.0,0.5,32.0,5.735294117647059,0.0,0.0,0.0,0.0,16.0,20.0,37.0,13.0,7.0,5.0,10.5,5.0
2025-26,5532,Bradaric,difensore,Verona,Verona,0.0,3.0,5.844827586206897,0.0,2.0,1.0,29.0,5.722222222222222,1.0,0.0,0.0,27.0,5.722222222222222,0.0,0.0,0.0,0.0,5.741394335511983,0.3333333333333333,2.0,0.3333333333333333,30.333333333333332,5.730936819172114,0.0,0.0,0.0,0.0,34.0,15.0,,,5.0,6.0,6.0,4.0
2023-24,5672,Dia,attaccante,Salernitana,Salernitana,0.0,1.0,6.529411764705882,3.0,0.0,11.5,17.0,7.818181818181818,15.0,5.0,51.0,33.0,6.2727272727272725,0.0,0.0,0.0,0.0,7.818181818181818,15.0,5.0,51.0,33.0,6.2727272727272725,0.0,0.0,0.0,0.0,42.0,15.0,,,17.0,30.0,90.5,26.0
2024-25,5672,Dia,attaccante,Lazio,Salernitana,1.0,2.0,6.871428571428571,9.0,4.0,30.0,35.0,6.529411764705882,3.0,0.0,11.5,17.0,5.852941176470588,0.0,0.0,0.0,0.0,7.17379679144385,9.0,2.5,31.25,25.0,6.06283422459893,0.0,0.0,0.0,0.0,16.0,20.0,60.0,7.0,26.0,13.0,5.0,15.0
2025-26,5672,Dia,attaccante,Lazio,Lazio,0.0,3.0,5.86,1.0,2.0,4.5,25.0,6.871428571428571,9.0,4.0,30.0,35.0,6.014285714285714,0.0,0.0,0.0,0.0,7.07300738477209,9.0,3.0,30.833333333333332,28.333333333333332,6.0466513878278585,0.0,0.0,0.0,0.0,65.0,6.0,,,15.0,21.0,44.5,20.0
2023-24,5739,De Winter,difensore,Genoa,Empoli,1.0,1.0,5.741379310344827,0.0,1.0,-3.0,29.0,5.615384615384615,0.0,0.0,-1.5,13.0,5.730769230769231,0.0,0.0,0.0,0.0,5.615384615384615,0.0,0.0,-1.5,13.0,5.730769230769231,0.0,0.0,0.0,0.0,43.0,14.0,,,4.0,1.0,4.0,3.0
2024-25,5739,De Winter,difensore,Genoa,Genoa,0.0,2.0,6.104166666666667,3.0,0.0,6.0,24.0,5.741379310344827,0.0,1.0,-3.0,29.0,5.844827586206897,0.0,0.0,0.0,0.0,5.678381962864721,0.0,0.5,-2.25,21.0,5.787798408488063,0.0,0.0,0.0,0.0,46.0,11.0,,,3.0,5.0,7.5,6.0
2025-26,5739,De Winter,difensore,Milan,Genoa,1.0,3.0,5.895833333333333,1.0,1.0,3.5,24.0,6.104166666666667,3.0,0.0,6.0,24.0,5.854166666666667,0.0,0.0,0.0,0.0,5.82031019746537,1.0,0.3333333333333333,0.5,22.0,5.809921161214265,0.0,0.0,0.0,0.0,40.0,13.0,60.0,9.0,6.0,9.0,11.0,8.0
2023-24,5840,Olivera,difensore,Napoli,Napoli,0.0,1.0,5.886363636363637,1.0,0.0,1.5,22.0,6.270833333333333,2.0,1.0,6.0,24.0,6.020833333333333,0.0,0.0,0.0,0.0,6.270833333333333,2.0,1.0,6.0,24.0,6.020833333333333,0.0,0.0,0.0,0.0,87.0,1.0,,,7.0,11.0,11.0,7.0
2024-25,5840,Olivera,difensore,Napoli,Napoli,0.0,2.0,6.05,0.0,1.0,-1.0,30.0,5.886363636363637,1.0,0.0,1.5,22.0,5.818181818181818,0.0,0.0,0.0,0.0,6.078598484848484,1.5,0.5,3.75,23.0,5.919507575757576,0.0,0.0,0.0,0.0,52.0,10.0,,,7.0,5.0,12.5,7.0
2025-26,5840,Olivera,difensore,Napoli,Napoli,0.0,3.0,5.681818181818182,0.0,0.0,-1.5,22.0,6.05,0.0,1.0,-1.0,30.0,6.083333333333333,0.0,0.0,0.0,0.0,6.069065656565656,1.0,0.6666666666666666,2.1666666666666665,25.333333333333332,5.974116161616162,0.0,0.0,0.0,0.0,79.0,1.0,,,7.0,9.0,10.0,10.0
2023-24,5812,Terracciano F.,centrocampista,Milan,Verona,1.0,1.0,5.894736842105263,0.0,1.0,0.0,19.0,6.115384615384615,0.0,1.0,0.5,13.0,6.076923076923077,0.0,0.0,0.0,0.0,6.115384615384615,0.0,1.0,0.5,13.0,6.076923076923077,0.0,0.0,0.0,0.0,31.0,17.0,67.0,5.0,1.0,6.0,1.5,3.0
2024-25,5812,Terracciano F.,difensore,Milan,Milan,0.0,2.0,5.571428571428571,0.0,0.0,-1.0,7.0,5.894736842105263,0.0,1.0,0.0,19.0,5.894736842105263,0.0,0.0,0.0,0.0,6.0050607287449385,0.0,1.0,0.25,16.0,5.98582995951417,0.0,0.0,0.0,0.0,74.0,2.0,,,3.0,4.0,7.0,1.0
2025-26,5812,Terracciano F.,difensore,Cremonese,Milan,1.0,3.0,5.828571428571428,2.0,0.0,-1.0,35.0,5.571428571428571,0.0,0.0,-1.0,7.0,5.714285714285714,0.0,0.0,0.0,0.0,5.86051667630615,0.0,0.6666666666666666,-0.16666666666666666,13.0,5.895315211104685,0.0,0.0,0.0,0.0,60.0,9.0,,,1.0,1.0,4.5,2.0
2023-24,5862,Valeri,difensore,Frosinone,Cremonese,1.0,1.0,5.566666666666666,0.0,1.0,-0.5,15.0,6.3108108108108105,2.0,4.0,8.5,37.0,6.081081081081081,0.0,0.0,0.0,0.0,6.3108108108108105,2.0,4.0,8.5,37.0,6.081081081081081,0.0,0.0,0.0,0.0,24.0,19.0,,,5.0,14.0,8.0,6.0
2024-25,5862,Valeri,difensore,Parma,Frosinone,1.0,2.0,6.25,1.0,5.0,10.5,34.0,5.566666666666666,0.0,1.0,-0.5,15.0,5.6,0.0,0.0,0.0,0.0,5.9387387387387385,1.0,2.5,4.0,26.0,5.84054054054054,0.0,0.0,0.0,0.0,35.0,16.0,,,6.0,6.0,7.5,6.0
2025-26,5862,Valeri,difensore,Parma,Parma,0.0,3.0,6.088235294117647,0.0,2.0,1.0,34.0,6.25,1.0,5.0,10.5,34.0,5.9411764705882355,0.0,0.0,0.0,0.0,6.042492492492492,1.0,3.3333333333333335,6.166666666666667,28.666666666666668,5.874085850556438,0.0,0.0,0.0,0.0,33.0,16.0,,,6.0,13.0,15.5,10.0
2023-24,694,Baez,centrocampista,Frosinone,Cremonese,1.0,1.0,6.25,1.0,0.0,2.5,10.0,5.75,0.0,0.0,0.0,2.0,5.75,0.0,0.0,0.0,0.0,5.75,0.0,0.0,0.0,2.0,5.75,0.0,0.0,0.0,0.0,24.0,19.0,,,4.0,1.0,0.0,3.0
2023-24,5878,Colpani,centrocampista,Monza,Monza,0.0,1.0,6.921052631578948,8.0,4.0,27.5,38.0,6.625,4.0,1.0,12.5,24.0,6.104166666666667,0.0,0.0,0.0,0.0,6.625,4.0,1.0,12.5,24.0,6.104166666666667,0.0,0.0,0.0,0.0,52.0,10.0,,,4.0,14.0,6.0,9.0
2024-25,5878,Colpani,centrocampista,Fiorentina,Monza,1.0,2.0,6.041666666666667,2.0,0.0,5.5,24.0,6.921052631578948,8.0,4.0,27.5,38.0,6.197368421052632,0.0,0.0,0.0,0.0,6.773026315789474,6.0,2.5,20.0,31.0,6.150767543859649,0.0,0.0,0.0,0.0,45.0,12.0,57.0,8.0,9.0,22.0,52.5,23.0
2023-24,6041,Schuurs,difensore,Torino,Torino,0.0,1.0,6.333333333333333,1.0,0.0,2.0,9.0,6.189655172413793,0.0,2.0,-0.5,29.0,6.206896551724138,0.0,0.0,0.0,0.0,6.189655172413793,0.0,2.0,-0.5,29.0,6.206896551724138,0.0,0.0,0.0,0.0,53.0,9.0,,,9.0,12.0,25.5,14.0
2023-24,4657,Celik,difensore,Roma,Roma,0.0,1.0,5.875,0.0,0.0,-0.5,12.0,5.690476190476191,0.0,1.0,-2.5,21.0,5.809523809523809,0.0,0.0,0.0,0.0,5.690476190476191,0.0,1.0,-2.5,21.0,5.809523809523809,0.0,0.0,0.0,0.0,60.0,7.0,,,7.0,4.0,3.0,3.0
2024-25,4657,Celik,difensore,Roma,Roma,0.0,2.0,5.766666666666667,0.0,2.0,-0.5,30.0,5.875,0.0,0.0,-0.5,12.0,5.916666666666667,0.0,0.0,0.0,0.0,5.782738095238095,0.0,0.5,-1.5,16.5,5.863095238095238,0.0,0.0,0.0,0.0,63.0,6.0,,,3.0,4.0,3.5,3.0
2025-26,4657,Celik,difensore,Roma,Roma,0.0,3.0,6.265625,1.0,2.0,3.0,32.0,5.766666666666667,0.0,2.0,-0.5,30.0,5.783333333333333,0.0,0.0,0.0,0.0,5.777380952380952,0.0,1.0,-1.1666666666666667,21.0,5.836507936507936,0.0,0.0,0.0,0.0,66.0,5.0,,,3.0,5.0,7.5,7.0
2023-24,5875,Adli,centrocampista,Milan,Milan,0.0,1.0,6.142857142857143,1.0,2.0,3.5,21.0,5.5,0.0,0.0,-0.5,4.0,5.625,0.0,0.0,0.0,0.0,5.5,0.0,0.0,-0.5,4.0,5.625,0.0,0.0,0.0,0.0,67.0,5.0,,,7.0,1.0,1.5,1.0
2024-25,5875,Adli,centrocampista,Fiorentina,Milan,1.0,2.0,6.954545454545454,4.0,6.0,16.5,22.0,6.142857142857143,1.0,2.0,3.5,21.0,5.976190476190476,0.0,0.0,0.0,0.0,5.821428571428571,0.5,1.0,1.5,12.5,5.800595238095238,0.0,0.0,0.0,0.0,74.0,2.0,57.0,8.0,1.0,7.0,5.0,5.0
2023-24,6042,Lucumi',difensore,Bologna,Bologna,0.0,1.0,6.068965517241379,0.0,0.0,-1.0,29.0,5.681818181818182,0.0,1.0,-5.0,33.0,5.833333333333333,0.0,0.0,0.0,0.0,5.681818181818182,0.0,1.0,-5.0,33.0,5.833333333333333,0.0,0.0,0.0,0.0,51.0,11.0,,,9.0,5.0,8.5,7.0
2024-25,6042,Lucumi',difensore,Bologna,Bologna,0.0,2.0,5.703125,0.0,1.0,-4.0,32.0,6.068965517241379,0.0,0.0,-1.0,29.0,6.103448275862069,0.0,0.0,0.0,0.0,5.87539184952978,0.0,0.5,-3.0,31.0,5.968390804597702,0.0,0.0,0.0,0.0,68.0,3.0,,,7.0,10.0,11.5,7.0
2025-26,6042,Lucumì,difensore,Bologna,Bologna,0.0,3.0,5.892857142857143,1.0,0.0,0.5,28.0,5.703125,0.0,1.0,-4.0,32.0,5.828125,0.0,0.0,0.0,0.0,5.817969566353187,0.0,0.6666666666666666,-3.3333333333333335,31.333333333333332,5.921635536398468,0.0,0.0,0.0,0.0,62.0,8.0,,,7.0,5.0,8.0,8.0
2023-24,6046,Hien,difensore,Atalanta,Verona,1.0,1.0,5.818181818181818,0.0,0.0,-3.0,22.0,5.796875,0.0,0.0,-4.5,32.0,5.9375,0.0,0.0,0.0,0.0,5.796875,0.0,0.0,-4.5,32.0,5.9375,0.0,0.0,0.0,0.0,31.0,17.0,61.0,6.0,6.0,7.0,9.0,8.0
2024-25,6046,Hien,difensore,Atalanta,Atalanta,0.0,2.0,5.775862068965517,0.0,0.0,-5.0,29.0,5.818181818181818,0.0,0.0,-3.0,22.0,5.954545454545454,0.0,0.0,0.0,0.0,5.807528409090909,0.0,0.0,-3.75,27.0,5.946022727272727,0.0,0.0,0.0,0.0,66.0,5.0,,,8.0,6.0,14.0,8.0
2025-26,6046,Hien,difensore,Atalanta,Atalanta,0.0,3.0,5.857142857142857,1.0,0.0,-1.5,28.0,5.775862068965517,0.0,0.0,-5.0,29.0,5.948275862068965,0.0,0.0,0.0,0.0,5.796972962382445,0.0,0.0,-4.166666666666667,27.666666666666668,5.946773772204807,0.0,0.0,0.0,0.0,74.0,3.0,,,8.0,5.0,10.5,11.0
2023-24,5603,Pongracic,difensore,Lecce,Lecce,0.0,1.0,5.805555555555555,0.0,0.0,-5.0,36.0,5.888888888888889,0.0,0.0,-1.0,9.0,6.0,0.0,0.0,0.0,0.0,5.888888888888889,0.0,0.0,-1.0,9.0,6.0,0.0,0.0,0.0,0.0,36.0,16.0,,,6.0,2.0,1.5,5.0
2024-25,5603,Pongracic,difensore,Fiorentina,Lecce,1.0,2.0,5.647058823529412,0.0,0.0,-3.5,17.0,5.805555555555555,0.0,0.0,-5.0,36.0,5.944444444444445,0.0,0.0,0.0,0.0,5.847222222222222,0.0,0.0,-3.0,22.5,5.972222222222222,0.0,0.0,0.0,0.0,37.0,14.0,57.0,8.0,5.0,7.0,11.5,9.0
2025-26,5603,Pongracic,difensore,Fiorentina,Fiorentina,0.0,3.0,5.671428571428572,0.0,0.0,-6.0,35.0,5.647058823529412,0.0,0.0,-3.5,17.0,5.852941176470588,0.0,0.0,0.0,0.0,5.780501089324619,0.0,0.0,-3.1666666666666665,20.666666666666668,5.932461873638345,0.0,0.0,0.0,0.0,62.0,7.0,,,9.0,5.0,6.5,5.0
2023-24,5851,Doig,difensore,Sassuolo,Verona,1.0,1.0,5.767857142857143,0.0,2.0,-1.5,28.0,6.523809523809524,2.0,4.0,9.5,21.0,6.071428571428571,0.0,0.0,0.0,0.0,6.523809523809524,2.0,4.0,9.5,21.0,6.071428571428571,0.0,0.0,0.0,0.0,31.0,17.0,45.0,13.0,6.0,13.0,12.0,11.0
2023-24,5831,Gatti,difensore,Juventus,Juventus,0.0,1.0,6.109375,4.0,0.0,4.5,32.0,5.8125,0.0,0.0,-2.0,16.0,5.9375,0.0,0.0,0.0,0.0,5.8125,0.0,0.0,-2.0,16.0,5.9375,0.0,0.0,0.0,0.0,69.0,4.0,,,5.0,5.0,8.0,6.0
2024-25,5831,Gatti,difensore,Juventus,Juventus,0.0,2.0,6.214285714285714,1.0,0.0,2.0,28.0,6.109375,4.0,0.0,4.5,32.0,5.96875,0.0,0.0,0.0,0.0,5.9609375,2.0,0.0,1.25,24.0,5.953125,0.0,0.0,0.0,0.0,68.0,4.0,,,6.0,10.0,26.0,7.0
2025-26,5831,Gatti,difensore,Juventus,Juventus,0.0,3.0,6.21875,2.0,0.0,4.5,16.0,6.214285714285714,1.0,0.0,2.0,28.0,6.142857142857143,0.0,0.0,0.0,0.0,6.045386904761905,1.6666666666666667,0.0,1.5,25.333333333333332,6.0163690476190474,0.0,0.0,0.0,0.0,67.0,4.0,,,7.0,10.0,7.5,8.0
2023-24,6060,Lauriente',attaccante,Sassuolo,Sassuolo,0.0,1.0,6.45945945945946,5.0,5.0,17.5,37.0,7.178571428571429,6.0,6.0,22.0,28.0,6.392857142857143,0.0,0.0,0.0,0.0,7.178571428571429,6.0,6.0,22.0,28.0,6.392857142857143,0.0,0.0,0.0,0.0,45.0,13.0,,,14.0,23.0,36.0,21.0
2025-26,6020,Ellertsson,centrocampista,Genoa,Venezia,1.0,2.0,5.914285714285715,1.0,1.0,2.5,35.0,6.214285714285714,2.0,2.0,7.0,35.0,6.014285714285714,0.0,0.0,0.0,0.0,5.957142857142857,1.0,1.0,3.25,20.0,5.907142857142857,0.0,0.0,0.0,0.0,29.0,19.0,40.0,13.0,2.0,13.0,9.0,5.0
2023-24,6054,Moro N.,centrocampista,Bologna,Bologna,0.0,1.0,6.205882352941177,1.0,0.0,3.0,17.0,6.3,1.0,4.0,6.5,25.0,6.04,0.0,0.0,0.0,0.0,6.3,1.0,4.0,6.5,25.0,6.04,0.0,0.0,0.0,0.0,51.0,11.0,,,5.0,13.0,6.5,6.0
2024-25,6054,Moro N.,centrocampista,Bologna,Bologna,0.0,2.0,6.03125,0.0,1.0,0.5,16.0,6.205882352941177,1.0,0.0,3.0,17.0,6.029411764705882,0.0,0.0,0.0,0.0,6.252941176470588,1.0,2.0,4.75,21.0,6.034705882352942,0.0,0.0,0.0,0.0,68.0,3.0,,,6.0,7.0,8.0,2.0
2025-26,6054,Moro N.,centrocampista,Bologna,Bologna,0.0,3.0,6.125,2.0,0.0,5.5,28.0,6.03125,0.0,1.0,0.5,16.0,6.0,0.0,0.0,0.0,0.0,6.179044117647059,0.6666666666666666,1.6666666666666667,3.3333333333333335,19.333333333333332,6.023137254901961,0.0,0.0,0.0,0.0,62.0,8.0,,,2.0,4.0,6.0,3.0
2023-24,5554,Daniliuc,difensore,Salernitana,Salernitana,0.0,1.0,5.363636363636363,0.0,0.0,-1.0,11.0,5.5,0.0,0.0,-5.0,27.0,5.685185185185185,0.0,0.0,0.0,0.0,5.5,0.0,0.0,-5.0,27.0,5.685185185185185,0.0,0.0,0.0,0.0,42.0,15.0,,,7.0,4.0,6.0,3.0
2024-25,5554,Daniliuc,difensore,Verona,Salernitana,1.0,2.0,5.392857142857143,0.0,0.0,0.0,14.0,5.363636363636363,0.0,0.0,-1.0,11.0,5.454545454545454,0.0,0.0,0.0,0.0,5.431818181818182,0.0,0.0,-3.0,19.0,5.56986531986532,0.0,0.0,0.0,0.0,16.0,20.0,37.0,13.0,3.0,2.0,5.0,5.0
2023-24,6061,Oudin,centrocampista,Lecce,Lecce,0.0,1.0,6.483870967741935,3.0,2.0,9.5,31.0,6.3,3.0,0.0,8.0,25.0,5.98,0.0,0.0,0.0,0.0,6.3,3.0,0.0,8.0,25.0,5.98,0.0,0.0,0.0,0.0,36.0,16.0,,,5.0,11.0,7.0,6.0
2024-25,6061,Oudin,centrocampista,Lecce,Lecce,0.0,2.0,5.5,0.0,0.0,-0.5,6.0,6.483870967741935,3.0,2.0,9.5,31.0,6.17741935483871,0.0,0.0,0.0,0.0,6.391935483870967,3.0,1.0,8.75,28.0,6.078709677419355,0.0,0.0,0.0,0.0,37.0,14.0,,,6.0,17.0,15.0,7.0
2023-24,6066,Posch,difensore,Bologna,Bologna,0.0,1.0,6.15,1.0,2.0,1.5,30.0,6.683333333333334,6.0,2.0,17.0,30.0,6.116666666666666,0.0,0.0,0.0,0.0,6.683333333333334,6.0,2.0,17.0,30.0,6.116666666666666,0.0,0.0,0.0,0.0,51.0,11.0,,,8.0,18.0,28.0,16.0
2024-25,6066,Posch,difensore,Atalanta,Bologna,1.0,2.0,5.769230769230769,0.0,0.0,-0.5,13.0,6.15,1.0,2.0,1.5,30.0,6.1,0.0,0.0,0.0,0.0,6.416666666666667,3.5,2.0,9.25,30.0,6.1083333333333325,0.0,0.0,0.0,0.0,68.0,3.0,66.0,5.0,16.0,11.0,17.5,8.0
2025-26,6066,Posch,difensore,Como,Atalanta,1.0,3.0,6.375,1.0,0.0,2.5,8.0,5.769230769230769,0.0,0.0,-0.5,13.0,5.8076923076923075,0.0,0.0,0.0,0.0,6.200854700854701,2.3333333333333335,1.3333333333333333,6.0,24.333333333333332,6.008119658119658,0.0,0.0,0.0,0.0,74.0,3.0,49.0,10.0,8.0,2.0,6.5,5.0
2023-24,6047,Ehizibue,difensore,Udinese,Udinese,0.0,1.0,5.825,0.0,1.0,-1.0,20.0,5.928571428571429,2.0,0.0,3.0,21.0,5.785714285714286,0.0,0.0,0.0,0.0,5.928571428571429,2.0,0.0,3.0,21.0,5.785714285714286,0.0,0.0,0.0,0.0,46.0,12.0,,,4.0,6.0,6.0,5.0
2024-25,6047,Ehizibue,difensore,Udinese,Udinese,0.0,2.0,5.806451612903226,0.0,1.0,-1.5,31.0,5.825,0.0,1.0,-1.0,20.0,5.875,0.0,0.0,0.0,0.0,5.876785714285715,1.0,0.5,1.0,20.5,5.830357142857142,0.0,0.0,0.0,0.0,34.0,17.0,,,5.0,7.0,3.0,5.0
2025-26,6047,Ehizibue,difensore,Udinese,Udinese,0.0,3.0,5.961538461538462,2.0,0.0,3.5,26.0,5.806451612903226,0.0,1.0,-1.5,31.0,5.854838709677419,0.0,0.0,0.0,0.0,5.853341013824886,0.6666666666666666,0.6666666666666666,0.16666666666666666,24.0,5.838517665130568,0.0,0.0,0.0,0.0,44.0,12.0,,,5.0,6.0,5.5,5.0
2023-24,6039,Cabal,difensore,Verona,Verona,0.0,1.0,5.657894736842105,0.0,0.0,-3.0,19.0,5.722222222222222,0.0,0.0,-1.5,9.0,5.888888888888889,0.0,0.0,0.0,0.0,5.722222222222222,0.0,0.0,-1.5,9.0,5.888888888888889,0.0,0.0,0.0,0.0,31.0,17.0,,,3.0,3.0,1.0,3.0
2024-25,6039,Cabal,difensore,Juventus,Verona,1.0,2.0,6.25,0.0,0.0,-0.5,6.0,5.657894736842105,0.0,0.0,-3.0,19.0,5.815789473684211,0.0,0.0,0.0,0.0,5.690058479532164,0.0,0.0,-2.25,14.0,5.85233918128655,0.0,0.0,0.0,0.0,37.0,13.0,68.0,4.0,3.0,5.0,5.0,5.0
2025-26,6039,Cabal,difensore,Juventus,Juventus,0.0,3.0,6.555555555555555,2.0,0.0,5.5,9.0,6.25,0.0,0.0,-0.5,6.0,6.333333333333333,0.0,0.0,0.0,0.0,5.8767056530214425,0.0,0.0,-1.6666666666666667,11.333333333333334,6.012670565302145,0.0,0.0,0.0,0.0,67.0,4.0,,,5.0,2.0,4.0,5.0
2023-24,5833,Gila,difensore,Lazio,Lazio,0.0,1.0,5.928571428571429,0.0,0.0,-2.0,21.0,5.5,0.0,0.0,0.0,2.0,5.5,0.0,0.0,0.0,0.0,5.5,0.0,0.0,0.0,2.0,5.5,0.0,0.0,0.0,0.0,71.0,2.0,,,4.0,2.0,1.0,1.0
2024-25,5833,Gila,difensore,Lazio,Lazio,0.0,2.0,5.953125,1.0,0.0,-3.0,32.0,5.928571428571429,0.0,0.0,-2.0,21.0,6.023809523809524,0.0,0.0,0.0,0.0,5.714285714285714,0.0,0.0,-1.0,11.5,5.761904761904762,0.0,0.0,0.0,0.0,60.0,7.0,,,1.0,6.0,11.5,5.0
2025-26,5833,Gila,difensore,Lazio,Lazio,0.0,3.0,5.951612903225806,0.0,0.0,-2.5,31.0,5.953125,1.0,0.0,-3.0,32.0,6.046875,0.0,0.0,0.0,0.0,5.79389880952381,0.3333333333333333,0.0,-1.6666666666666667,18.333333333333332,5.856894841269842,0.0,0.0,0.0,0.0,65.0,6.0,,,5.0,9.0,11.0,9.0
2023-24,5858,Ferguson,centrocampista,Bologna,Bologna,0.0,1.0,6.935483870967742,6.0,3.0,17.0,31.0,6.854838709677419,7.0,0.0,19.0,31.0,6.241935483870968,0.0,0.0,0.0,0.0,6.854838709677419,7.0,0.0,19.0,31.0,6.241935483870968,0.0,0.0,0.0,0.0,51.0,11.0,,,5.0,20.0,27.0,17.0
2024-25,5858,Ferguson,centrocampista,Bologna,Bologna,0.0,2.0,6.392857142857143,0.0,1.0,4.0,14.0,6.935483870967742,6.0,3.0,17.0,31.0,6.387096774193548,0.0,0.0,0.0,0.0,6.89516129032258,6.5,1.5,18.0,31.0,6.314516129032258,0.0,0.0,0.0,0.0,68.0,3.0,,,17.0,20.0,25.0,18.0
2025-26,5858,Ferguson,centrocampista,Bologna,Bologna,0.0,3.0,5.782608695652174,1.0,0.0,-0.5,23.0,6.392857142857143,0.0,1.0,4.0,14.0,6.107142857142857,0.0,0.0,0.0,0.0,6.727726574500768,4.333333333333333,1.3333333333333333,13.333333333333334,25.333333333333332,6.2453917050691246,0.0,0.0,0.0,0.0,62.0,8.0,,,18.0,12.0,9.0,11.0
2023-24,4897,Pirola,difensore,Salernitana,Salernitana,0.0,1.0,5.54,1.0,0.0,1.0,25.0,5.94,2.0,0.0,4.0,25.0,5.78,0.0,0.0,0.0,0.0,5.94,2.0,0.0,4.0,25.0,5.78,0.0,0.0,0.0,0.0,42.0,15.0,,,4.0,8.0,6.0,5.0
2023-24,6024,Sulemana I.,centrocampista,Cagliari,Verona,1.0,1.0,6.131578947368421,2.0,0.0,4.5,19.0,5.769230769230769,0.0,0.0,-2.0,13.0,5.923076923076923,0.0,0.0,0.0,0.0,5.769230769230769,0.0,0.0,-2.0,13.0,5.923076923076923,0.0,0.0,0.0,0.0,31.0,17.0,,,1.0,3.0,2.0,3.0
2024-25,6024,Sulemana I.,centrocampista,Atalanta,Cagliari,1.0,2.0,7.083333333333333,2.0,0.0,5.5,6.0,6.131578947368421,2.0,0.0,4.5,19.0,5.894736842105263,0.0,0.0,0.0,0.0,5.950404858299596,1.0,0.0,1.25,16.0,5.9089068825910935,0.0,0.0,0.0,0.0,36.0,15.0,66.0,5.0,3.0,6.0,10.0,2.0
2025-26,6024,Sulemana I.,centrocampista,Cagliari,Atalanta,1.0,3.0,5.777777777777778,1.0,0.0,1.5,18.0,7.083333333333333,2.0,0.0,5.5,6.0,6.166666666666667,0.0,0.0,0.0,0.0,6.328047683310841,1.3333333333333333,0.0,2.6666666666666665,12.666666666666666,5.994826810616284,0.0,0.0,0.0,0.0,74.0,3.0,36.0,14.0,2.0,9.0,3.5,4.0
2023-24,4431,Carnesecchi,portiere,Atalanta,Cremonese,1.0,1.0,5.296296296296297,0.0,0.0,-24.0,27.0,4.62962962962963,0.0,1.0,-46.5,27.0,6.351851851851852,0.0,0.0,0.0,0.0,4.62962962962963,0.0,1.0,-46.5,27.0,6.351851851851852,0.0,0.0,0.0,0.0,24.0,19.0,61.0,6.0,1.0,10.0,6.5,11.0
2024-25,4431,Carnesecchi,portiere,Atalanta,Atalanta,0.0,2.0,5.323529411764706,0.0,0.0,-34.5,34.0,5.296296296296297,0.0,0.0,-24.0,27.0,6.185185185185185,0.0,0.0,0.0,0.0,4.962962962962964,0.0,0.5,-35.25,27.0,6.268518518518519,0.0,0.0,0.0,0.0,66.0,5.0,,,11.0,15.0,32.5,13.0
2025-26,4431,Carnesecchi,portiere,Atalanta,Atalanta,0.0,3.0,5.581081081081081,0.0,0.0,-29.0,37.0,5.323529411764706,0.0,0.0,-34.5,34.0,6.338235294117647,0.0,0.0,0.0,0.0,5.083151779230211,0.0,0.3333333333333333,-35.0,29.333333333333332,6.291757443718228,0.0,0.0,0.0,0.0,74.0,3.0,,,13.0,15.0,37.0,14.0
2023-24,6055,Thiaw,difensore,Milan,Milan,0.0,1.0,5.4,0.0,0.0,-5.5,20.0,5.7894736842105265,0.0,0.0,-2.5,19.0,5.921052631578948,0.0,0.0,0.0,0.0,5.7894736842105265,0.0,0.0,-2.5,19.0,5.921052631578948,0.0,0.0,0.0,0.0,67.0,5.0,,,6.0,6.0,8.0,10.0
2024-25,6055,Thiaw,difensore,Milan,Milan,0.0,2.0,5.431818181818182,0.0,0.0,-7.0,22.0,5.4,0.0,0.0,-5.5,20.0,5.675,0.0,0.0,0.0,0.0,5.594736842105263,0.0,0.0,-4.0,19.5,5.798026315789474,0.0,0.0,0.0,0.0,74.0,2.0,,,10.0,3.0,12.0,4.0
2023-24,5992,Bondo,centrocampista,Monza,Monza,0.0,1.0,5.78,1.0,0.0,-1.5,25.0,5.5,0.0,0.0,-0.5,2.0,5.75,0.0,0.0,0.0,0.0,5.5,0.0,0.0,-0.5,2.0,5.75,0.0,0.0,0.0,0.0,52.0,10.0,,,1.0,1.0,0.0,1.0
2024-25,5992,Bondo,centrocampista,Milan,Monza,1.0,2.0,5.7727272727272725,0.0,0.0,-3.0,22.0,5.78,1.0,0.0,-1.5,25.0,5.84,2750.0,15.489109393209219,4.38146791793406,77.0,5.640000000000001,0.5,0.0,-1.0,13.5,5.795,1375.0,7.7445546966046095,2.19073395896703,38.5,45.0,12.0,74.0,2.0,1.0,6.0,0.5,3.0
2025-26,5992,Bondo,centrocampista,Cremonese,Milan,1.0,3.0,5.7592592592592595,0.0,0.0,-2.5,27.0,5.7727272727272725,0.0,0.0,-3.0,22.0,5.909090909090909,2316.0,12.123272212222219,4.545049572363496,65.0,5.6842424242424245,0.3333333333333333,0.0,-1.6666666666666667,16.333333333333332,5.833030303030303,1688.6666666666667,9.20412720181048,2.9755058300991855,47.333333333333336,60.0,9.0,,,3.0,3.0,5.5,3.0
2023-24,6112,Iling Junior,centrocampista,Juventus,Juventus,0.0,1.0,6.2,1.0,2.0,4.5,20.0,6.625,1.0,1.0,3.5,8.0,6.1875,0.0,0.0,0.0,0.0,6.625,1.0,1.0,3.5,8.0,6.1875,0.0,0.0,0.0,0.0,69.0,4.0,,,1.0,10.0,1.5,4.0
2024-25,6112,Iling Junior,centrocampista,Bologna,Juventus,1.0,2.0,6.75,1.0,0.0,3.0,4.0,6.2,1.0,2.0,4.5,20.0,5.975,0.0,0.0,0.0,0.0,6.4125,1.0,1.5,4.0,14.0,6.08125,0.0,0.0,0.0,0.0,68.0,4.0,68.0,3.0,4.0,9.0,11.5,6.0
2025-26,6112,Iling Junior,centrocampista,Pisa,Bologna,1.0,3.0,5.833333333333333,0.0,0.0,0.0,3.0,6.75,1.0,0.0,3.0,4.0,6.0,0.0,0.0,0.0,0.0,6.5249999999999995,1.0,1.0,3.6666666666666665,10.666666666666666,6.054166666666667,0.0,0.0,0.0,0.0,62.0,8.0,,,6.0,5.0,5.0,5.0
2023-24,5734,Soule',attaccante,Frosinone,Juventus,1.0,1.0,7.069444444444445,6.0,2.0,28.0,36.0,6.571428571428571,1.0,0.0,3.0,7.0,6.142857142857143,0.0,0.0,0.0,0.0,6.571428571428571,1.0,0.0,3.0,7.0,6.142857142857143,0.0,0.0,0.0,0.0,69.0,4.0,,,1.0,7.0,3.5,4.0
2024-25,5734,Soule',attaccante,Roma,Frosinone,1.0,2.0,7.043478260869565,5.0,5.0,18.5,23.0,7.069444444444445,6.0,2.0,28.0,36.0,6.291666666666667,0.0,0.0,0.0,0.0,6.820436507936508,3.5,1.0,15.5,21.5,6.217261904761905,0.0,0.0,0.0,0.0,35.0,16.0,63.0,6.0,4.0,24.0,42.5,20.0
2025-26,5734,Soulè,attaccante,Roma,Roma,0.0,3.0,6.828125,6.0,5.0,22.5,32.0,7.043478260869565,5.0,5.0,18.5,23.0,6.239130434782608,0.0,0.0,0.0,0.0,6.894783758914194,4.0,2.3333333333333335,16.5,22.0,6.224551414768807,0.0,0.0,0.0,0.0,66.0,5.0,,,20.0,22.0,48.5,20.0
2023-24,6010,Fazzini,centrocampista,Empoli,Empoli,0.0,1.0,5.96,1.0,1.0,1.0,25.0,5.8,0.0,0.0,-1.5,15.0,5.9,0.0,0.0,0.0,0.0,5.8,0.0,0.0,-1.5,15.0,5.9,0.0,0.0,0.0,0.0,43.0,14.0,,,1.0,5.0,4.0,6.0
2024-25,6010,Fazzini,centrocampista,Empoli,Empoli,0.0,2.0,6.975,4.0,1.0,11.0,20.0,5.96,1.0,1.0,1.0,25.0,5.92,0.0,0.0,0.0,0.0,5.88,0.5,0.5,-0.25,20.0,5.91,0.0,0.0,0.0,0.0,33.0,18.0,,,6.0,6.0,6.0,4.0
2025-26,6010,Fazzini,centrocampista,Fiorentina,Empoli,1.0,3.0,5.833333333333333,0.0,0.0,-0.5,12.0,6.975,4.0,1.0,11.0,20.0,6.425,0.0,0.0,0.0,0.0,6.245,1.6666666666666667,0.6666666666666666,3.5,20.0,6.081666666666666,0.0,0.0,0.0,0.0,31.0,17.0,62.0,7.0,4.0,16.0,30.5,11.0
2023-24,6120,Ochoa,portiere,Salernitana,Salernitana,0.0,1.0,4.214285714285714,0.0,0.0,-44.0,21.0,4.95,0.0,0.0,-30.5,20.0,6.475,0.0,0.0,0.0,0.0,4.95,0.0,0.0,-30.5,20.0,6.475,0.0,0.0,0.0,0.0,42.0,15.0,,,2.0,10.0,18.0,9.0
2023-24,4342,Duda,centrocampista,Verona,Verona,0.0,1.0,5.984375,1.0,5.0,-2.0,32.0,5.678571428571429,0.0,0.0,-2.0,14.0,5.821428571428571,0.0,0.0,0.0,0.0,5.678571428571429,0.0,0.0,-2.0,14.0,5.821428571428571,0.0,0.0,0.0,0.0,31.0,17.0,,,9.0,6.0,6.5,6.0
2024-25,4342,Duda,centrocampista,Verona,Verona,0.0,2.0,5.946428571428571,1.0,3.0,-1.0,28.0,5.984375,1.0,5.0,-2.0,32.0,6.046875,0.0,0.0,0.0,0.0,5.831473214285714,0.5,2.5,-2.0,23.0,5.934151785714286,0.0,0.0,0.0,0.0,37.0,13.0,,,6.0,9.0,12.0,7.0
2023-24,6145,Ngonge,attaccante,Napoli,Verona,1.0,1.0,6.857142857142857,7.0,2.0,20.0,28.0,6.730769230769231,3.0,1.0,9.0,13.0,6.038461538461538,0.0,0.0,0.0,0.0,6.730769230769231,3.0,1.0,9.0,13.0,6.038461538461538,0.0,0.0,0.0,0.0,31.0,17.0,87.0,1.0,3.0,7.0,9.0,12.0
2024-25,6145,Ngonge,attaccante,Napoli,Napoli,0.0,2.0,5.666666666666667,0.0,0.0,-0.5,6.0,6.857142857142857,7.0,2.0,20.0,28.0,6.142857142857143,1552.0,1.770090764388442,3.275326691567898,29.0,6.793956043956044,5.0,1.5,14.5,20.5,6.090659340659341,776.0,0.885045382194221,1.637663345783949,14.5,52.0,10.0,,,12.0,19.0,11.5,9.0
2025-26,6145,Ngonge,attaccante,Torino,Napoli,1.0,3.0,6.0,1.0,1.0,3.0,17.0,5.666666666666667,0.0,0.0,-0.5,6.0,5.75,0.0,0.0,0.0,0.0,6.4181929181929185,3.3333333333333335,1.0,9.5,15.666666666666666,5.977106227106226,517.3333333333334,0.5900302547961473,1.0917755638559659,9.666666666666666,79.0,1.0,44.0,11.0,9.0,2.0,4.5,9.0
2023-24,5848,Ebosele,difensore,Udinese,Udinese,0.0,1.0,5.733333333333333,0.0,0.0,-3.0,30.0,6.0,0.0,1.0,0.0,10.0,6.0,0.0,0.0,0.0,0.0,6.0,0.0,1.0,0.0,10.0,6.0,0.0,0.0,0.0,0.0,46.0,12.0,,,2.0,5.0,2.0,4.0
2023-24,2369,Thauvin,attaccante,Udinese,Udinese,0.0,1.0,6.84,4.0,3.0,16.0,25.0,5.681818181818182,0.0,0.0,0.0,11.0,5.681818181818182,0.0,0.0,0.0,0.0,5.681818181818182,0.0,0.0,0.0,11.0,5.681818181818182,0.0,0.0,0.0,0.0,46.0,12.0,,,18.0,13.0,5.0,11.0
2024-25,2369,Thauvin,attaccante,Udinese,Udinese,0.0,2.0,7.1875,7.0,3.0,21.0,24.0,6.84,4.0,3.0,16.0,25.0,6.2,0.0,0.0,0.0,0.0,6.260909090909091,2.0,1.5,8.0,18.0,5.940909090909091,0.0,0.0,0.0,0.0,34.0,17.0,,,11.0,16.0,20.5,10.0
2023-24,6170,Gineitis,centrocampista,Torino,Torino,0.0,1.0,5.95,0.0,0.0,-1.0,10.0,5.5,0.0,0.0,-1.0,2.0,6.0,0.0,0.0,0.0,0.0,5.5,0.0,0.0,-1.0,2.0,6.0,0.0,0.0,0.0,0.0,53.0,9.0,,,1.0,1.0,0.5,1.0
2024-25,6170,Gineitis,centrocampista,Torino,Torino,0.0,2.0,6.214285714285714,3.0,1.0,7.5,28.0,5.95,0.0,0.0,-1.0,10.0,6.05,0.0,0.0,0.0,0.0,5.725,0.0,0.0,-1.0,6.0,6.025,0.0,0.0,0.0,0.0,53.0,9.0,,,1.0,3.0,2.0,4.0
2025-26,6170,Gineitis,centrocampista,Torino,Torino,0.0,3.0,5.814814814814815,0.0,1.0,-1.5,27.0,6.214285714285714,3.0,1.0,7.5,28.0,5.946428571428571,0.0,0.0,0.0,0.0,5.8880952380952385,1.0,0.3333333333333333,1.8333333333333333,13.333333333333334,5.998809523809523,0.0,0.0,0.0,0.0,44.0,11.0,,,4.0,11.0,8.0,5.0
2025-26,6149,Carboni F.,difensore,Parma,Venezia,1.0,2.0,6.0,0.0,0.0,0.0,2.0,5.7,0.0,0.0,-1.0,5.0,5.9,0.0,0.0,0.0,0.0,5.975,0.0,0.0,-0.5,3.5,6.075,0.0,0.0,0.0,0.0,29.0,19.0,33.0,16.0,2.0,1.0,2.5,2.0
2023-24,6119,Solbakken,attaccante,Roma,Roma,0.0,1.0,5.5,0.0,0.0,0.0,1.0,6.388888888888889,1.0,2.0,4.0,9.0,5.944444444444445,0.0,0.0,0.0,0.0,6.388888888888889,1.0,2.0,4.0,9.0,5.944444444444445,0.0,0.0,0.0,0.0,60.0,7.0,,,10.0,9.0,4.0,8.0
2024-25,6119,Solbakken,attaccante,Empoli,Roma,1.0,2.0,5.611111111111111,0.0,0.0,-1.0,18.0,5.5,0.0,0.0,0.0,1.0,5.5,0.0,0.0,0.0,0.0,5.944444444444445,0.5,1.0,2.0,5.0,5.722222222222222,0.0,0.0,0.0,0.0,63.0,6.0,33.0,18.0,8.0,7.0,3.0,3.0
2023-24,6175,Barrenechea,centrocampista,Frosinone,Juventus,1.0,1.0,5.728571428571429,0.0,1.0,-4.0,35.0,5.5,0.0,0.0,0.0,3.0,5.5,363.0,0.03492800146341324,0.0,1.0,5.5,0.0,0.0,0.0,3.0,5.5,363.0,0.03492800146341324,0.0,1.0,69.0,4.0,,,1.0,1.0,2.0,2.0
2023-24,673,Perisan,portiere,Empoli,Empoli,0.0,1.0,3.0,0.0,0.0,-2.0,1.0,4.928571428571429,0.0,0.0,-9.0,7.0,6.214285714285714,0.0,0.0,0.0,0.0,4.928571428571429,0.0,0.0,-9.0,7.0,6.214285714285714,0.0,0.0,0.0,0.0,43.0,14.0,,,1.0,6.0,0.5,2.0
2023-24,511,Perilli,portiere,Verona,Verona,0.0,1.0,5.5,0.0,0.0,-2.0,1.0,6.5,0.0,0.0,0.0,1.0,6.5,0.0,0.0,0.0,0.0,6.5,0.0,0.0,0.0,1.0,6.5,0.0,0.0,0.0,0.0,31.0,17.0,,,1.0,1.0,0.5,1.0
2024-25,511,Perilli,portiere,Verona,Verona,0.0,2.0,5.0,0.0,0.0,-2.0,2.0,5.5,0.0,0.0,-2.0,1.0,7.5,0.0,0.0,0.0,0.0,6.0,0.0,0.0,-1.0,1.0,7.0,0.0,0.0,0.0,0.0,37.0,13.0,,,1.0,3.0,0.5,1.0
2025-26,511,Perilli,portiere,Verona,Verona,0.0,3.0,3.8333333333333335,0.0,0.0,-7.0,3.0,5.0,0.0,0.0,-2.0,2.0,6.0,0.0,0.0,0.0,0.0,5.666666666666667,0.0,0.0,-1.3333333333333333,1.3333333333333333,6.666666666666667,0.0,0.0,0.0,0.0,34.0,15.0,,,1.0,2.0,0.5,1.0
2023-24,5239,Llorente D.,difensore,Roma,Roma,0.0,1.0,5.9655172413793105,1.0,1.0,1.5,29.0,6.0625,0.0,0.0,0.0,8.0,6.0625,0.0,0.0,0.0,0.0,6.0625,0.0,0.0,0.0,8.0,6.0625,0.0,0.0,0.0,0.0,60.0,7.0,,,8.0,7.0,5.0,6.0
2023-24,2294,Cerofolini,portiere,Frosinone,Fiorentina,1.0,1.0,4.25,0.0,0.0,-13.5,8.0,5.5,0.0,0.0,-3.0,5.0,6.1,0.0,0.0,0.0,0.0,5.5,0.0,0.0,-3.0,5.0,6.1,0.0,0.0,0.0,0.0,53.0,8.0,,,1.0,9.0,0.5,1.0
2023-24,5841,Svilar,portiere,Roma,Roma,0.0,1.0,5.366666666666666,0.0,0.0,-16.5,15.0,4.833333333333333,0.0,0.0,-3.5,3.0,6.0,0.0,0.0,0.0,0.0,4.833333333333333,0.0,0.0,-3.5,3.0,6.0,0.0,0.0,0.0,0.0,60.0,7.0,,,1.0,4.0,0.5,1.0
2024-25,5841,Svilar,portiere,Roma,Roma,0.0,2.0,5.381578947368421,0.0,0.0,-35.5,38.0,5.366666666666666,0.0,0.0,-16.5,15.0,6.466666666666667,0.0,0.0,0.0,0.0,5.1,0.0,0.0,-10.0,9.0,6.233333333333333,0.0,0.0,0.0,0.0,63.0,6.0,,,1.0,16.0,35.0,13.0
2025-26,5841,Svilar,portiere,Roma,Roma,0.0,3.0,5.447368421052632,0.0,0.0,-31.0,38.0,5.381578947368421,0.0,0.0,-35.5,38.0,6.315789473684211,0.0,0.0,0.0,0.0,5.193859649122807,0.0,0.0,-18.5,18.666666666666668,6.260818713450292,0.0,0.0,0.0,0.0,66.0,5.0,,,13.0,16.0,47.0,15.0
2023-24,6189,Missori,difensore,Sassuolo,Roma,1.0,1.0,5.75,0.0,0.0,0.0,6.0,5.5,0.0,0.0,-0.5,2.0,5.75,0.0,0.0,0.0,0.0,5.5,0.0,0.0,-0.5,2.0,5.75,0.0,0.0,0.0,0.0,60.0,7.0,45.0,13.0,,,,1.0
2023-24,5879,Vignato S.,centrocampista,Monza,Monza,0.0,1.0,6.25,1.0,0.0,2.0,8.0,6.75,0.0,1.0,1.0,2.0,6.25,0.0,0.0,0.0,0.0,6.75,0.0,1.0,1.0,2.0,6.25,0.0,0.0,0.0,0.0,52.0,10.0,,,1.0,5.0,0.5,1.0
2024-25,5879,Vignato S.,centrocampista,Monza,Monza,0.0,2.0,5.666666666666667,0.0,0.0,0.0,12.0,6.25,1.0,0.0,2.0,8.0,6.0,0.0,0.0,0.0,0.0,6.5,0.5,0.5,1.5,5.0,6.125,0.0,0.0,0.0,0.0,45.0,12.0,,,1.0,3.0,5.0,2.0
2023-24,6023,Guessand A.,difensore,Udinese,Udinese,0.0,1.0,5.5,0.0,0.0,0.0,1.0,6.5,0.0,0.0,0.0,1.0,6.5,0.0,0.0,0.0,0.0,6.5,0.0,0.0,0.0,1.0,6.5,0.0,0.0,0.0,0.0,46.0,12.0,,,1.0,3.0,0.5,1.0
2024-25,4360,Caprile,portiere,Cagliari,Empoli,1.0,1.0,5.159090909090909,0.0,0.0,-23.0,22.0,5.217391304347826,0.0,0.0,-24.0,23.0,6.260869565217392,0.0,0.0,0.0,0.0,5.217391304347826,0.0,0.0,-24.0,23.0,6.260869565217392,0.0,0.0,0.0,0.0,33.0,18.0,36.0,15.0,7.0,14.0,12.5,2.0
2025-26,4360,Caprile,portiere,Cagliari,Cagliari,0.0,2.0,4.868421052631579,0.0,0.0,-54.0,38.0,5.159090909090909,0.0,0.0,-23.0,22.0,6.204545454545454,0.0,0.0,0.0,0.0,5.188241106719367,0.0,0.0,-23.5,22.5,6.232707509881423,0.0,0.0,0.0,0.0,36.0,14.0,,,2.0,14.0,13.5,7.0
2024-25,6252,Folorunsho,centrocampista,Fiorentina,Verona,1.0,1.0,5.769230769230769,0.0,0.0,-2.5,13.0,6.409090909090909,5.0,1.0,13.5,33.0,6.0,0.0,0.0,0.0,0.0,6.409090909090909,5.0,1.0,13.5,33.0,6.0,0.0,0.0,0.0,0.0,37.0,13.0,57.0,8.0,2.0,12.0,20.5,7.0
2025-26,6252,Folorunsho,centrocampista,Cagliari,Fiorentina,1.0,2.0,6.211538461538462,2.0,0.0,4.5,26.0,5.769230769230769,0.0,0.0,-2.5,13.0,5.961538461538462,0.0,0.0,0.0,0.0,6.089160839160839,2.5,0.5,5.5,23.0,5.980769230769231,0.0,0.0,0.0,0.0,62.0,7.0,36.0,14.0,7.0,4.0,7.0,9.0
2024-25,5116,Martinez Jo.,portiere,Inter,Genoa,1.0,1.0,5.7,0.0,0.0,-3.0,5.0,4.972222222222222,0.0,0.0,-42.0,36.0,6.138888888888889,0.0,0.0,0.0,0.0,4.972222222222222,0.0,0.0,-42.0,36.0,6.138888888888889,0.0,0.0,0.0,0.0,46.0,11.0,93.0,1.0,8.0,12.0,20.0,2.0
2025-26,5116,Martinez Jo.,portiere,Inter,Inter,0.0,2.0,5.2,0.0,0.0,-4.0,5.0,5.7,0.0,0.0,-3.0,5.0,6.3,0.0,0.0,0.0,0.0,5.336111111111111,0.0,0.0,-22.5,20.5,6.219444444444445,0.0,0.0,0.0,0.0,78.0,2.0,,,2.0,8.0,0.5,2.0
2024-25,2593,Martin,difensore,Genoa,Genoa,0.0,1.0,6.319444444444445,0.0,8.0,5.5,36.0,5.925,0.0,2.0,0.0,20.0,5.925,0.0,0.0,0.0,0.0,5.925,0.0,2.0,0.0,20.0,5.925,0.0,0.0,0.0,0.0,46.0,11.0,,,8.0,6.0,10.0,4.0
2025-26,2593,Martin,difensore,Genoa,Genoa,0.0,2.0,6.103448275862069,1.0,5.0,4.0,29.0,6.319444444444445,0.0,8.0,5.5,36.0,6.166666666666667,0.0,0.0,0.0,0.0,6.122222222222222,0.0,5.0,2.75,28.0,6.045833333333333,0.0,0.0,0.0,0.0,40.0,13.0,,,4.0,14.0,26.0,10.0
2024-25,6228,Retegui,attaccante,Atalanta,Genoa,1.0,1.0,8.666666666666666,21.0,7.0,78.0,36.0,6.793103448275862,6.0,2.0,20.5,29.0,6.086206896551724,844.0,5.654392594471574,1.2098798044025898,22.0,6.793103448275862,6.0,2.0,20.5,29.0,6.086206896551724,844.0,5.654392594471574,1.2098798044025898,22.0,46.0,11.0,66.0,5.0,23.0,20.0,32.5,20.0
2024-25,6235,Kayode,difensore,Fiorentina,Fiorentina,0.0,1.0,5.5,0.0,0.0,0.0,2.0,6.173076923076923,1.0,1.0,3.0,26.0,6.0576923076923075,0.0,0.0,0.0,0.0,6.173076923076923,1.0,1.0,3.0,26.0,6.0576923076923075,0.0,0.0,0.0,0.0,57.0,8.0,,,1.0,10.0,12.5,5.0
2024-25,2428,Sommer,portiere,Inter,Inter,0.0,1.0,5.303030303030303,0.0,0.0,-29.0,33.0,5.632352941176471,0.0,0.0,-16.5,34.0,6.117647058823529,0.0,0.0,0.0,0.0,5.632352941176471,0.0,0.0,-16.5,34.0,6.117647058823529,0.0,0.0,0.0,0.0,93.0,1.0,,,15.0,17.0,60.0,18.0
2025-26,2428,Sommer,portiere,Inter,Inter,0.0,2.0,5.015151515151516,0.0,0.0,-30.0,33.0,5.303030303030303,0.0,0.0,-29.0,33.0,6.181818181818182,0.0,0.0,0.0,0.0,5.467691622103387,0.0,0.0,-22.75,33.5,6.149732620320855,0.0,0.0,0.0,0.0,78.0,2.0,,,18.0,15.0,41.5,16.0
2024-25,4871,Thuram,attaccante,Inter,Inter,0.0,1.0,7.75,14.0,4.0,45.5,32.0,7.814285714285714,13.0,7.0,44.5,35.0,6.542857142857143,0.0,0.0,0.0,0.0,7.814285714285714,13.0,7.0,44.5,35.0,6.542857142857143,0.0,0.0,0.0,0.0,93.0,1.0,,,23.0,31.0,160.0,31.0
2025-26,4871,Thuram,attaccante,Inter,Inter,0.0,2.0,7.948275862068965,13.0,6.0,44.0,29.0,7.75,14.0,4.0,45.5,32.0,6.328125,0.0,0.0,0.0,0.0,7.782142857142857,13.5,5.5,45.0,33.5,6.435491071428571,0.0,0.0,0.0,0.0,78.0,2.0,,,31.0,30.0,180.0,29.0
2024-25,6250,Maric,attaccante,Venezia,Monza,1.0,1.0,5.75,0.0,0.0,0.0,8.0,6.5,1.0,0.0,3.0,7.0,6.071428571428571,0.0,0.0,0.0,0.0,6.5,1.0,0.0,3.0,7.0,6.071428571428571,0.0,0.0,0.0,0.0,45.0,12.0,,,1.0,7.0,0.5,1.0
2024-25,2640,Kolasinac,difensore,Atalanta,Atalanta,0.0,1.0,5.978260869565218,0.0,2.0,-3.5,23.0,6.068965517241379,1.0,0.0,1.0,29.0,6.0344827586206895,0.0,0.0,0.0,0.0,6.068965517241379,1.0,0.0,1.0,29.0,6.0344827586206895,0.0,0.0,0.0,0.0,66.0,5.0,,,9.0,9.0,16.5,9.0
2025-26,2640,Kolasinac,difensore,Atalanta,Atalanta,0.0,2.0,5.9411764705882355,0.0,0.0,-1.5,17.0,5.978260869565218,0.0,2.0,-3.5,23.0,6.130434782608695,0.0,0.0,0.0,0.0,6.023613193403298,0.5,1.0,-1.25,26.0,6.082458770614693,0.0,0.0,0.0,0.0,74.0,3.0,,,9.0,6.0,10.5,7.0
2024-25,6257,Dorgu,difensore,Lecce,Lecce,0.0,1.0,6.119047619047619,3.0,1.0,6.0,21.0,6.0,2.0,0.0,3.0,29.0,5.896551724137931,0.0,0.0,0.0,0.0,6.0,2.0,0.0,3.0,29.0,5.896551724137931,0.0,0.0,0.0,0.0,37.0,14.0,,,1.0,7.0,13.0,8.0
2024-25,6222,Rafia,centrocampista,Lecce,Lecce,0.0,1.0,5.666666666666667,0.0,0.0,-2.0,18.0,5.875,1.0,0.0,-1.0,24.0,5.916666666666667,0.0,0.0,0.0,0.0,5.875,1.0,0.0,-1.0,24.0,5.916666666666667,0.0,0.0,0.0,0.0,37.0,14.0,,,3.0,5.0,6.5,4.0
2024-25,6394,Ramadani,centrocampista,Lecce,Lecce,0.0,1.0,5.944444444444445,1.0,1.0,2.5,27.0,5.720588235294118,1.0,0.0,-3.5,34.0,5.823529411764706,0.0,0.0,0.0,0.0,5.720588235294118,1.0,0.0,-3.5,34.0,5.823529411764706,0.0,0.0,0.0,0.0,37.0,14.0,,,6.0,5.0,11.5,5.0
2025-26,6394,Ramadani,centrocampista,Lecce,Lecce,0.0,2.0,5.851351351351352,1.0,0.0,-2.0,37.0,5.944444444444445,1.0,1.0,2.5,27.0,5.851851851851852,0.0,0.0,0.0,0.0,5.832516339869281,1.0,0.5,-0.5,30.5,5.837690631808279,0.0,0.0,0.0,0.0,31.0,18.0,,,5.0,7.0,5.0,6.0
2024-25,6410,Kaba,centrocampista,Lecce,Lecce,0.0,1.0,5.833333333333333,0.0,0.0,-0.5,12.0,5.7272727272727275,0.0,0.0,-2.0,22.0,5.818181818181818,0.0,0.0,0.0,0.0,5.7272727272727275,0.0,0.0,-2.0,22.0,5.818181818181818,0.0,0.0,0.0,0.0,37.0,14.0,,,5.0,3.0,9.0,1.0
2025-26,6410,Kaba,centrocampista,Lecce,Lecce,0.0,2.0,5.7272727272727275,0.0,0.0,-0.5,11.0,5.833333333333333,0.0,0.0,-0.5,12.0,5.875,0.0,0.0,0.0,0.0,5.78030303030303,0.0,0.0,-1.25,17.0,5.846590909090909,0.0,0.0,0.0,0.0,31.0,18.0,,,1.0,4.0,3.5,1.0
2024-25,6207,Almqvist,attaccante,Parma,Lecce,1.0,1.0,5.846153846153846,1.0,1.0,1.5,26.0,6.133333333333334,2.0,1.0,4.5,30.0,5.983333333333333,0.0,0.0,0.0,0.0,6.133333333333334,2.0,1.0,4.5,30.0,5.983333333333333,0.0,0.0,0.0,0.0,37.0,14.0,,,10.0,11.0,10.0,9.0
2025-26,6207,Almqvist,attaccante,Parma,Parma,0.0,2.0,6.055555555555555,0.0,1.0,1.0,9.0,5.846153846153846,1.0,1.0,1.5,26.0,5.788461538461538,0.0,0.0,0.0,0.0,5.98974358974359,1.5,1.0,3.0,28.0,5.885897435897435,0.0,0.0,0.0,0.0,33.0,16.0,,,9.0,5.0,5.0,4.0
2024-25,6418,Burnete,attaccante,Lecce,Lecce,0.0,1.0,5.5,0.0,0.0,0.0,1.0,6.0,0.0,0.0,0.0,1.0,6.0,0.0,0.0,0.0,0.0,6.0,0.0,0.0,0.0,1.0,6.0,0.0,0.0,0.0,0.0,37.0,14.0,,,1.0,1.0,1.0,1.0
2024-25,6398,Isaksen,attaccante,Lazio,Lazio,0.0,1.0,6.337837837837838,4.0,1.0,10.5,37.0,6.456521739130435,3.0,1.0,9.0,23.0,6.065217391304348,0.0,0.0,0.0,0.0,6.456521739130435,3.0,1.0,9.0,23.0,6.065217391304348,0.0,0.0,0.0,0.0,60.0,7.0,,,12.0,12.0,12.5,11.0
2025-26,6398,Isaksen,attaccante,Lazio,Lazio,0.0,2.0,6.62962962962963,5.0,1.0,16.0,27.0,6.337837837837838,4.0,1.0,10.5,37.0,6.054054054054054,0.0,0.0,0.0,0.0,6.397179788484136,3.5,1.0,9.75,30.0,6.059635722679201,0.0,0.0,0.0,0.0,65.0,6.0,,,11.0,13.0,15.5,14.0
2024-25,4263,Kabasele,difensore,Udinese,Udinese,0.0,1.0,6.21875,2.0,0.0,6.0,16.0,5.8,1.0,0.0,0.5,10.0,5.75,0.0,0.0,0.0,0.0,5.8,1.0,0.0,0.5,10.0,5.75,0.0,0.0,0.0,0.0,34.0,17.0,,,5.0,2.0,2.5,3.0
2025-26,4263,Kabasele,difensore,Udinese,Udinese,0.0,2.0,6.178571428571429,3.0,0.0,5.5,28.0,6.21875,2.0,0.0,6.0,16.0,5.84375,0.0,0.0,0.0,0.0,6.009375,1.5,0.0,3.25,13.0,5.796875,0.0,0.0,0.0,0.0,44.0,12.0,,,3.0,6.0,3.5,3.0
2024-25,5555,Kamara H.,difensore,Udinese,Udinese,0.0,1.0,6.033333333333333,1.0,4.0,3.0,30.0,6.096774193548387,1.0,0.0,1.0,31.0,6.064516129032258,0.0,0.0,0.0,0.0,6.096774193548387,1.0,0.0,1.0,31.0,6.064516129032258,0.0,0.0,0.0,0.0,34.0,17.0,,,6.0,10.0,13.0,5.0
2025-26,5555,Kamara H.,difensore,Udinese,Udinese,0.0,2.0,5.865384615384615,0.0,2.0,-0.5,26.0,6.033333333333333,1.0,4.0,3.0,30.0,5.933333333333334,0.0,0.0,0.0,0.0,6.06505376344086,1.0,2.0,2.0,30.5,5.998924731182796,0.0,0.0,0.0,0.0,44.0,12.0,,,5.0,9.0,7.0,7.0
2024-25,6211,Zemura,difensore,Udinese,Udinese,0.0,1.0,6.0,1.0,2.0,4.0,21.0,5.976190476190476,1.0,0.0,2.5,21.0,5.857142857142857,0.0,0.0,0.0,0.0,5.976190476190476,1.0,0.0,2.5,21.0,5.857142857142857,0.0,0.0,0.0,0.0,34.0,17.0,,,5.0,5.0,9.5,3.0
2025-26,6211,Zemura,difensore,Udinese,Udinese,0.0,2.0,5.766666666666667,0.0,0.0,-1.5,15.0,6.0,1.0,2.0,4.0,21.0,5.809523809523809,0.0,0.0,0.0,0.0,5.988095238095238,1.0,1.0,3.25,21.0,5.833333333333333,0.0,0.0,0.0,0.0,44.0,12.0,,,3.0,5.0,5.5,3.0
2024-25,6212,Zarraga,centrocampista,Udinese,Udinese,0.0,1.0,5.944444444444445,1.0,0.0,3.0,18.0,6.928571428571429,2.0,0.0,6.0,7.0,6.071428571428571,2313.0,1.6134519381448627,0.10385746322572231,9.0,6.928571428571429,2.0,0.0,6.0,7.0,6.071428571428571,2313.0,1.6134519381448627,0.10385746322572231,9.0,34.0,17.0,,,3.0,8.0,7.5,3.0
2025-26,6212,Zarraga,centrocampista,Udinese,Udinese,0.0,2.0,5.7,0.0,0.0,-0.5,10.0,5.944444444444445,1.0,0.0,3.0,18.0,5.777777777777778,1513.0,1.4961620587855577,0.11710328236222267,8.0,6.436507936507937,1.5,0.0,4.5,12.5,5.924603174603174,1913.0,1.5548069984652102,0.11048037279397249,8.5,44.0,12.0,,,3.0,5.0,4.5,2.0
2024-25,6215,Lucca,attaccante,Udinese,Udinese,0.0,1.0,7.045454545454546,11.0,0.0,31.0,33.0,6.75,8.0,3.0,24.0,34.0,6.044117647058823,0.0,0.0,0.0,0.0,6.75,8.0,3.0,24.0,34.0,6.044117647058823,0.0,0.0,0.0,0.0,34.0,17.0,,,6.0,19.0,40.0,14.0
2025-26,6215,Lucca,attaccante,Napoli,Udinese,1.0,2.0,6.0,1.0,0.0,2.5,9.0,7.045454545454546,11.0,0.0,31.0,33.0,6.106060606060606,0.0,0.0,0.0,0.0,6.897727272727273,9.5,1.5,27.5,33.5,6.075089126559715,0.0,0.0,0.0,0.0,44.0,12.0,79.0,1.0,14.0,21.0,50.0,15.0
2024-25,4662,Weah,centrocampista,Juventus,Juventus,0.0,1.0,6.6923076923076925,5.0,1.0,14.5,26.0,5.86,0.0,1.0,-1.5,25.0,5.92,0.0,0.0,0.0,0.0,5.86,0.0,1.0,-1.5,25.0,5.92,0.0,0.0,0.0,0.0,68.0,4.0,,,10.0,5.0,11.5,5.0
2024-25,6230,Dossena,difensore,Como,Cagliari,1.0,1.0,5.8478260869565215,0.0,2.0,1.0,23.0,5.942857142857143,2.0,4.0,3.5,35.0,5.8428571428571425,0.0,0.0,0.0,0.0,5.942857142857143,2.0,4.0,3.5,35.0,5.8428571428571425,0.0,0.0,0.0,0.0,36.0,15.0,,,6.0,8.0,12.5,8.0
2025-26,6230,Dossena,difensore,Cagliari,Como,1.0,2.0,5.681818181818182,0.0,1.0,-1.5,11.0,5.8478260869565215,0.0,2.0,1.0,23.0,5.804347826086956,0.0,0.0,0.0,0.0,5.895341614906832,1.0,3.0,2.25,29.0,5.823602484472049,0.0,0.0,0.0,0.0,49.0,10.0,36.0,14.0,8.0,4.0,5.0,4.0
2024-25,6231,Azzi,difensore,Cagliari,Cagliari,0.0,1.0,5.833333333333333,0.0,0.0,-1.0,6.0,5.818181818181818,0.0,0.0,-0.5,22.0,5.840909090909091,0.0,0.0,0.0,0.0,5.818181818181818,0.0,0.0,-0.5,22.0,5.840909090909091,0.0,0.0,0.0,0.0,36.0,15.0,,,5.0,4.0,4.5,4.0
2024-25,6218,Oristanio,centrocampista,Venezia,Cagliari,1.0,1.0,6.337837837837838,3.0,3.0,10.5,37.0,6.375,2.0,1.0,6.5,24.0,6.104166666666667,0.0,0.0,0.0,0.0,6.375,2.0,1.0,6.5,24.0,6.104166666666667,0.0,0.0,0.0,0.0,36.0,15.0,,,4.0,10.0,13.0,9.0
2025-26,6218,Oristanio,centrocampista,Parma,Venezia,1.0,2.0,5.916666666666667,1.0,0.0,2.5,18.0,6.337837837837838,3.0,3.0,10.5,37.0,6.054054054054054,0.0,0.0,0.0,0.0,6.356418918918919,2.5,2.0,8.5,30.5,6.07911036036036,0.0,0.0,0.0,0.0,29.0,19.0,33.0,16.0,9.0,15.0,13.0,12.0
2024-25,6232,Makoumbou,centrocampista,Cagliari,Cagliari,0.0,1.0,5.765625,0.0,3.0,1.0,32.0,5.609375,1.0,0.0,-0.5,32.0,5.625,0.0,0.0,0.0,0.0,5.609375,1.0,0.0,-0.5,32.0,5.625,0.0,0.0,0.0,0.0,36.0,15.0,,,5.0,4.0,11.0,4.0
2024-25,5297,Luvumbo,attaccante,Cagliari,Cagliari,0.0,1.0,6.25,2.0,2.0,7.0,26.0,6.75,4.0,5.0,14.5,30.0,6.266666666666667,0.0,0.0,0.0,0.0,6.75,4.0,5.0,14.5,30.0,6.266666666666667,0.0,0.0,0.0,0.0,36.0,15.0,,,8.0,18.0,20.5,12.0
2025-26,5297,Luvumbo,attaccante,Cagliari,Cagliari,0.0,2.0,5.8,0.0,0.0,0.0,10.0,6.25,2.0,2.0,7.0,26.0,5.980769230769231,0.0,0.0,0.0,0.0,6.5,3.0,3.5,10.75,28.0,6.123717948717949,0.0,0.0,0.0,0.0,36.0,14.0,,,12.0,10.0,8.5,12.0
2024-25,6202,Beukema,difensore,Bologna,Bologna,0.0,1.0,5.9411764705882355,0.0,1.0,0.5,34.0,6.016666666666667,1.0,0.0,0.0,30.0,6.016666666666667,0.0,0.0,0.0,0.0,6.016666666666667,1.0,0.0,0.0,30.0,6.016666666666667,0.0,0.0,0.0,0.0,68.0,3.0,,,6.0,8.0,20.0,7.0
2025-26,6202,Beukema,difensore,Napoli,Bologna,1.0,2.0,6.159090909090909,2.0,0.0,5.0,22.0,5.9411764705882355,0.0,1.0,0.5,34.0,5.926470588235294,0.0,0.0,0.0,0.0,5.978921568627451,0.5,0.5,0.25,32.0,5.9715686274509805,0.0,0.0,0.0,0.0,62.0,8.0,79.0,1.0,7.0,8.0,12.0,10.0
2024-25,5564,Ndoye,centrocampista,Bologna,Bologna,0.0,1.0,7.362068965517241,6.0,4.0,26.0,29.0,6.080645161290323,1.0,1.0,2.0,31.0,6.016129032258065,0.0,0.0,0.0,0.0,6.080645161290323,1.0,1.0,2.0,31.0,6.016129032258065,0.0,0.0,0.0,0.0,68.0,3.0,,,12.0,9.0,14.5,10.0
2024-25,2423,Pulisic,centrocampista,Milan,Milan,0.0,1.0,7.485294117647059,8.0,8.0,37.5,34.0,7.5,12.0,7.0,42.0,36.0,6.333333333333333,0.0,0.0,0.0,0.0,7.5,12.0,7.0,42.0,36.0,6.333333333333333,0.0,0.0,0.0,0.0,74.0,2.0,,,18.0,29.0,150.0,30.0
2025-26,2423,Pulisic,centrocampista,Milan,Milan,0.0,2.0,7.074074074074074,8.0,4.0,25.0,27.0,7.485294117647059,8.0,8.0,37.5,34.0,6.382352941176471,0.0,0.0,0.0,0.0,7.492647058823529,10.0,7.5,39.75,35.0,6.357843137254902,0.0,0.0,0.0,0.0,60.0,9.0,,,30.0,28.0,115.5,28.0
2024-25,4199,Loftus-Cheek,centrocampista,Milan,Milan,0.0,1.0,5.777777777777778,0.0,0.0,-1.5,18.0,6.689655172413793,6.0,1.0,16.5,29.0,6.120689655172414,0.0,0.0,0.0,0.0,6.689655172413793,6.0,1.0,16.5,29.0,6.120689655172414,0.0,0.0,0.0,0.0,74.0,2.0,,,13.0,16.0,32.5,19.0
2025-26,4199,Loftus-Cheek,centrocampista,Milan,Milan,0.0,2.0,6.523809523809524,3.0,1.0,9.0,21.0,5.777777777777778,0.0,0.0,-1.5,18.0,5.861111111111111,0.0,0.0,0.0,0.0,6.233716475095785,3.0,0.5,7.5,23.5,5.990900383141762,0.0,0.0,0.0,0.0,60.0,9.0,,,19.0,9.0,4.0,8.0
2024-25,4856,Chukwueze,centrocampista,Milan,Milan,0.0,1.0,6.78125,3.0,2.0,11.0,16.0,6.25,1.0,2.0,4.5,20.0,6.025,0.0,0.0,0.0,0.0,6.25,1.0,2.0,4.5,20.0,6.025,0.0,0.0,0.0,0.0,74.0,2.0,,,19.0,9.0,17.5,11.0
2025-26,4856,Chukwueze,centrocampista,Milan,Milan,0.0,2.0,5.5,0.0,0.0,0.0,1.0,6.78125,3.0,2.0,11.0,16.0,6.09375,0.0,0.0,0.0,0.0,6.515625,2.0,2.0,7.75,18.0,6.059375,0.0,0.0,0.0,0.0,60.0,9.0,,,11.0,12.0,5.0,4.0
2024-25,6224,Reijnders,centrocampista,Milan,Milan,0.0,1.0,7.175675675675675,10.0,4.0,32.0,37.0,6.375,3.0,4.0,9.0,36.0,6.125,0.0,0.0,0.0,0.0,6.375,3.0,4.0,9.0,36.0,6.125,0.0,0.0,0.0,0.0,74.0,2.0,,,12.0,14.0,14.0,12.0
2024-25,6227,Okafor,attaccante,Napoli,Milan,1.0,1.0,6.125,1.0,0.0,3.0,12.0,7.020833333333333,6.0,2.0,19.5,24.0,6.208333333333333,0.0,0.0,0.0,0.0,7.020833333333333,6.0,2.0,19.5,24.0,6.208333333333333,0.0,0.0,0.0,0.0,74.0,2.0,52.0,10.0,16.0,21.0,17.5,11.0
2024-25,6458,Serdar,centrocampista,Verona,Verona,0.0,1.0,6.023809523809524,2.0,1.0,5.0,21.0,5.956521739130435,0.0,1.0,-2.5,23.0,6.065217391304348,0.0,0.0,0.0,0.0,5.956521739130435,0.0,1.0,-2.5,23.0,6.065217391304348,0.0,0.0,0.0,0.0,37.0,13.0,,,5.0,8.0,7.5,5.0
2025-26,6458,Serdar,centrocampista,Verona,Verona,0.0,2.0,6.222222222222222,2.0,0.0,4.5,18.0,6.023809523809524,2.0,1.0,5.0,21.0,5.785714285714286,0.0,0.0,0.0,0.0,5.99016563146998,1.0,1.0,1.25,22.0,5.925465838509316,0.0,0.0,0.0,0.0,34.0,15.0,,,5.0,6.0,6.0,5.0
2024-25,5295,Musah,centrocampista,Milan,Milan,0.0,1.0,5.673076923076923,0.0,2.0,-0.5,26.0,5.86,0.0,1.0,-1.5,25.0,5.92,0.0,0.0,0.0,0.0,5.86,0.0,1.0,-1.5,25.0,5.92,0.0,0.0,0.0,0.0,74.0,2.0,,,9.0,5.0,10.5,4.0
2025-26,5295,Musah,centrocampista,Atalanta,Milan,1.0,2.0,6.09375,1.0,0.0,2.5,16.0,5.673076923076923,0.0,2.0,-0.5,26.0,5.6923076923076925,0.0,0.0,0.0,0.0,5.766538461538461,0.0,1.5,-1.0,25.5,5.806153846153846,0.0,0.0,0.0,0.0,60.0,9.0,74.0,3.0,4.0,4.0,7.0,6.0
2024-25,6409,Beltran L.,attaccante,Fiorentina,Fiorentina,0.0,1.0,6.416666666666667,3.0,4.0,13.0,30.0,6.65,5.0,1.0,16.0,30.0,6.116666666666666,0.0,0.0,0.0,0.0,6.65,5.0,1.0,16.0,30.0,6.116666666666666,0.0,0.0,0.0,0.0,57.0,8.0,,,16.0,18.0,30.0,11.0
2024-25,6435,Krstovic,attaccante,Lecce,Lecce,0.0,1.0,6.918918918918919,9.0,5.0,32.0,37.0,6.303030303030303,6.0,1.0,13.0,33.0,5.909090909090909,0.0,0.0,0.0,0.0,6.303030303030303,6.0,1.0,13.0,33.0,5.909090909090909,0.0,0.0,0.0,0.0,37.0,14.0,,,11.0,12.0,23.5,17.0
2025-26,6435,Krstovic,attaccante,Atalanta,Lecce,1.0,2.0,7.1875,10.0,5.0,33.0,32.0,6.918918918918919,9.0,5.0,32.0,37.0,6.054054054054054,0.0,0.0,0.0,0.0,6.610974610974611,7.5,3.0,22.5,35.0,5.981572481572481,0.0,0.0,0.0,0.0,31.0,18.0,74.0,3.0,17.0,20.0,53.5,20.0
2024-25,6459,Karlsson,attaccante,Lecce,Bologna,1.0,1.0,6.088235294117647,1.0,0.0,4.5,17.0,5.916666666666667,0.0,0.0,0.0,6.0,5.916666666666667,0.0,0.0,0.0,0.0,5.916666666666667,0.0,0.0,0.0,6.0,5.916666666666667,0.0,0.0,0.0,0.0,68.0,3.0,37.0,14.0,11.0,2.0,6.0,7.0
2024-25,6426,Pedersen,difensore,Torino,Sassuolo,1.0,1.0,5.543478260869565,0.0,0.0,-1.5,23.0,5.717391304347826,0.0,2.0,0.0,23.0,5.717391304347826,0.0,0.0,0.0,0.0,5.717391304347826,0.0,2.0,0.0,23.0,5.717391304347826,0.0,0.0,0.0,0.0,29.0,19.0,53.0,9.0,7.0,3.0,8.5,6.0
2025-26,6426,Pedersen,difensore,Torino,Torino,0.0,2.0,5.964285714285714,1.0,2.0,3.5,28.0,5.543478260869565,0.0,0.0,-1.5,23.0,5.608695652173913,0.0,0.0,0.0,0.0,5.630434782608695,0.0,1.0,-0.75,23.0,5.663043478260869,0.0,0.0,0.0,0.0,44.0,11.0,,,6.0,3.0,4.5,4.0
2024-25,6206,Fabbian,centrocampista,Bologna,Bologna,0.0,1.0,6.4772727272727275,3.0,0.0,8.5,22.0,6.863636363636363,5.0,1.0,14.0,22.0,6.2272727272727275,0.0,0.0,0.0,0.0,6.863636363636363,5.0,1.0,14.0,22.0,6.2272727272727275,0.0,0.0,0.0,0.0,68.0,3.0,,,5.0,19.0,22.5,13.0
2025-26,6206,Fabbian,centrocampista,Fiorentina,Bologna,1.0,2.0,6.045454545454546,2.0,0.0,5.5,22.0,6.4772727272727275,3.0,0.0,8.5,22.0,6.090909090909091,0.0,0.0,0.0,0.0,6.670454545454545,4.0,0.5,11.25,22.0,6.159090909090909,0.0,0.0,0.0,0.0,62.0,8.0,62.0,7.0,13.0,12.0,8.0,10.0
2024-25,6464,Wieteska,difensore,Cagliari,Cagliari,0.0,1.0,5.5,0.0,0.0,-0.5,5.0,5.5,0.0,1.0,-1.0,15.0,5.566666666666666,0.0,0.0,0.0,0.0,5.5,0.0,1.0,-1.0,15.0,5.566666666666666,0.0,0.0,0.0,0.0,36.0,15.0,,,5.0,2.0,4.5,3.0
2024-25,5067,Bakker,difensore,Atalanta,Atalanta,0.0,1.0,6.0,0.0,0.0,0.0,1.0,6.0,1.0,0.0,2.5,9.0,5.722222222222222,0.0,0.0,0.0,0.0,6.0,1.0,0.0,2.5,9.0,5.722222222222222,0.0,0.0,0.0,0.0,66.0,5.0,,,12.0,6.0,5.0,4.0
2024-25,4186,Guendouzi,centrocampista,Lazio,Lazio,0.0,1.0,6.0675675675675675,1.0,2.0,1.0,37.0,6.212121212121212,2.0,3.0,6.5,33.0,6.015151515151516,0.0,0.0,0.0,0.0,6.212121212121212,2.0,3.0,6.5,33.0,6.015151515151516,0.0,0.0,0.0,0.0,60.0,7.0,,,13.0,11.0,14.5,10.0
2025-26,4186,Guendouzi,centrocampista,Lazio,Lazio,0.0,2.0,6.3125,2.0,0.0,2.5,16.0,6.0675675675675675,1.0,2.0,1.0,37.0,6.04054054054054,0.0,0.0,0.0,0.0,6.13984438984439,1.5,2.5,3.75,35.0,6.027846027846028,0.0,0.0,0.0,0.0,65.0,6.0,,,10.0,11.0,10.5,11.0
2024-25,6226,Castellanos,attaccante,Lazio,Lazio,0.0,1.0,7.172413793103448,8.0,3.0,25.5,29.0,6.32258064516129,4.0,3.0,14.0,31.0,5.870967741935484,0.0,0.0,0.0,0.0,6.32258064516129,4.0,3.0,14.0,31.0,5.870967741935484,0.0,0.0,0.0,0.0,60.0,7.0,,,13.0,13.0,25.0,21.0
2025-26,6226,Castellanos,attaccante,Lazio,Lazio,0.0,2.0,6.818181818181818,2.0,3.0,8.0,11.0,7.172413793103448,8.0,3.0,25.5,29.0,6.293103448275862,0.0,0.0,0.0,0.0,6.747497219132369,6.0,3.0,19.75,30.0,6.082035595105673,0.0,0.0,0.0,0.0,65.0,6.0,,,21.0,22.0,96.0,21.0
2024-25,6424,Prati,centrocampista,Cagliari,Cagliari,0.0,1.0,5.8,0.0,0.0,-0.5,10.0,6.0,1.0,1.0,2.0,26.0,5.923076923076923,0.0,0.0,0.0,0.0,6.0,1.0,1.0,2.0,26.0,5.923076923076923,0.0,0.0,0.0,0.0,36.0,15.0,,,2.0,7.0,7.5,4.0
2025-26,6424,Prati,centrocampista,Torino,Cagliari,1.0,2.0,5.875,1.0,0.0,0.0,32.0,5.8,0.0,0.0,-0.5,10.0,5.85,0.0,0.0,0.0,0.0,5.9,0.5,0.5,0.75,18.0,5.8865384615384615,0.0,0.0,0.0,0.0,36.0,14.0,44.0,11.0,4.0,3.0,6.0,3.0
2024-25,6481,Payero,centrocampista,Udinese,Udinese,0.0,1.0,5.96,1.0,1.0,1.5,25.0,6.017857142857143,2.0,2.0,4.0,28.0,5.875,0.0,0.0,0.0,0.0,6.017857142857143,2.0,2.0,4.0,28.0,5.875,0.0,0.0,0.0,0.0,34.0,17.0,,,5.0,7.0,17.0,8.0
2025-26,6481,Payero,centrocampista,Cremonese,Udinese,1.0,2.0,5.86,1.0,0.0,-1.0,25.0,5.96,1.0,1.0,1.5,25.0,5.9,0.0,0.0,0.0,0.0,5.988928571428572,1.5,1.5,2.75,26.5,5.8875,0.0,0.0,0.0,0.0,44.0,12.0,,,8.0,6.0,7.5,4.0
2024-25,4317,N'Dicka,difensore,Roma,Roma,0.0,1.0,6.026315789473684,0.0,0.0,-1.0,38.0,5.86,0.0,3.0,0.0,25.0,5.86,0.0,0.0,0.0,0.0,5.86,0.0,3.0,0.0,25.0,5.86,0.0,0.0,0.0,0.0,63.0,6.0,,,9.0,6.0,17.5,8.0
2025-26,4317,N'Dicka,difensore,Roma,Roma,0.0,2.0,6.32258064516129,3.0,1.0,7.5,31.0,6.026315789473684,0.0,0.0,-1.0,38.0,6.052631578947368,0.0,0.0,0.0,0.0,5.943157894736842,0.0,1.5,-0.5,31.5,5.956315789473685,0.0,0.0,0.0,0.0,66.0,5.0,,,8.0,10.0,13.5,10.0
2024-25,5919,Tchaouna,centrocampista,Lazio,Salernitana,1.0,1.0,5.775,1.0,0.0,1.0,20.0,6.517241379310345,4.0,3.0,13.0,29.0,6.068965517241379,0.0,0.0,0.0,0.0,6.517241379310345,4.0,3.0,13.0,29.0,6.068965517241379,0.0,0.0,0.0,0.0,16.0,20.0,60.0,7.0,3.0,15.0,22.5,9.0
2024-25,6486,Suslov,centrocampista,Verona,Verona,0.0,1.0,5.758064516129032,0.0,1.0,-2.5,31.0,6.466666666666667,2.0,5.0,10.5,30.0,6.116666666666666,0.0,0.0,0.0,0.0,6.466666666666667,2.0,5.0,10.5,30.0,6.116666666666666,0.0,0.0,0.0,0.0,37.0,13.0,,,3.0,13.0,20.0,13.0
2025-26,6486,Suslov,centrocampista,Verona,Verona,0.0,2.0,5.6,0.0,0.0,-1.5,10.0,5.758064516129032,0.0,1.0,-2.5,31.0,5.838709677419355,0.0,0.0,0.0,0.0,6.112365591397849,1.0,3.0,4.0,30.5,5.977688172043011,0.0,0.0,0.0,0.0,34.0,15.0,,,13.0,6.0,9.0,9.0
2024-25,6496,Bartesaghi,difensore,Milan,Milan,0.0,1.0,5.0,0.0,0.0,-1.0,3.0,6.0,0.0,0.0,0.0,3.0,6.0,0.0,0.0,0.0,0.0,6.0,0.0,0.0,0.0,3.0,6.0,0.0,0.0,0.0,0.0,74.0,2.0,,,1.0,2.0,1.0,1.0
2025-26,6496,Bartesaghi,difensore,Milan,Milan,0.0,2.0,6.048387096774194,2.0,0.0,2.5,31.0,5.0,0.0,0.0,-1.0,3.0,5.333333333333333,0.0,0.0,0.0,0.0,5.5,0.0,0.0,-0.5,3.0,5.666666666666666,0.0,0.0,0.0,0.0,60.0,9.0,,,1.0,2.0,2.5,3.0
2024-25,4177,Pavard,difensore,Inter,Inter,0.0,1.0,6.0,0.0,1.0,-1.0,22.0,6.238095238095238,0.0,2.0,-1.0,21.0,6.285714285714286,0.0,0.0,0.0,0.0,6.238095238095238,0.0,2.0,-1.0,21.0,6.285714285714286,0.0,0.0,0.0,0.0,93.0,1.0,,,14.0,10.0,35.0,14.0
2025-26,4177,Pavard,difensore,Inter,Inter,0.0,2.0,6.5,0.0,0.0,0.0,1.0,6.0,0.0,1.0,-1.0,22.0,6.045454545454546,0.0,0.0,0.0,0.0,6.119047619047619,0.0,1.5,-1.0,21.5,6.165584415584416,0.0,0.0,0.0,0.0,78.0,2.0,,,14.0,7.0,10.0,8.0
2024-25,6485,Kristensen T.,difensore,Udinese,Udinese,0.0,1.0,5.595238095238095,1.0,0.0,0.5,21.0,5.75,0.0,1.0,-1.0,26.0,5.788461538461538,0.0,0.0,0.0,0.0,5.75,0.0,1.0,-1.0,26.0,5.788461538461538,0.0,0.0,0.0,0.0,34.0,17.0,,,2.0,6.0,9.0,5.0
2025-26,6485,Kristensen T.,difensore,Udinese,Udinese,0.0,2.0,6.232142857142857,3.0,0.0,7.0,28.0,5.595238095238095,1.0,0.0,0.5,21.0,5.571428571428571,0.0,0.0,0.0,0.0,5.6726190476190474,0.5,0.5,-0.25,23.5,5.679945054945055,0.0,0.0,0.0,0.0,44.0,12.0,,,5.0,4.0,5.0,5.0
2024-25,6474,Sazonov,difensore,Torino,Torino,0.0,1.0,5.0,0.0,0.0,0.0,1.0,5.6875,0.0,0.0,-0.5,8.0,5.75,0.0,0.0,0.0,0.0,5.6875,0.0,0.0,-0.5,8.0,5.75,0.0,0.0,0.0,0.0,53.0,9.0,,,3.0,1.0,3.5,1.0
2024-25,6244,Matturro,difensore,Genoa,Genoa,0.0,1.0,5.541666666666667,0.0,0.0,-1.0,12.0,4.833333333333333,0.0,0.0,-2.0,3.0,5.5,0.0,0.0,0.0,0.0,4.833333333333333,0.0,0.0,-2.0,3.0,5.5,0.0,0.0,0.0,0.0,46.0,11.0,,,1.0,2.0,1.0,1.0
2024-25,6434,Yildiz,attaccante,Juventus,Juventus,0.0,1.0,7.014705882352941,7.0,4.0,23.0,34.0,6.285714285714286,2.0,0.0,5.0,21.0,6.0476190476190474,2793.0,2.702732869423926,4.440528566017747,33.0,6.285714285714286,2.0,0.0,5.0,21.0,6.0476190476190474,2793.0,2.702732869423926,4.440528566017747,33.0,68.0,4.0,,,1.0,12.0,15.0,15.0
2025-26,6434,Yildiz,attaccante,Juventus,Juventus,0.0,2.0,7.3,9.0,6.0,32.0,35.0,7.014705882352941,7.0,4.0,23.0,34.0,6.338235294117647,2862.0,5.063090787269175,2.627801673486829,44.0,6.650210084033613,4.5,2.0,14.0,27.5,6.192927170868347,2827.5,3.8829118283465505,3.534165119752288,38.5,67.0,4.0,,,15.0,22.0,41.5,24.0
2024-25,6480,Tchatchoua,centrocampista,Verona,Verona,0.0,1.0,5.902777777777778,2.0,3.0,5.0,36.0,5.76,0.0,1.0,0.0,25.0,5.76,0.0,0.0,0.0,0.0,5.76,0.0,1.0,0.0,25.0,5.76,0.0,0.0,0.0,0.0,37.0,13.0,,,4.0,5.0,7.5,6.0
2024-25,6245,Vogliacco,difensore,Parma,Genoa,1.0,1.0,5.775,2.0,0.0,1.5,20.0,5.966666666666667,0.0,1.0,-1.0,15.0,6.033333333333333,0.0,0.0,0.0,0.0,5.966666666666667,0.0,1.0,-1.0,15.0,6.033333333333333,0.0,0.0,0.0,0.0,46.0,11.0,,,5.0,6.0,2.0,2.0
2024-25,6217,Bisseck,difensore,Inter,Inter,0.0,1.0,6.333333333333333,3.0,2.0,9.0,27.0,7.0,2.0,1.0,7.0,11.0,6.363636363636363,0.0,0.0,0.0,0.0,7.0,2.0,1.0,7.0,11.0,6.363636363636363,0.0,0.0,0.0,0.0,93.0,1.0,,,4.0,13.0,13.5,5.0
2025-26,6217,Bisseck,difensore,Inter,Inter,0.0,2.0,6.6521739130434785,3.0,2.0,10.0,23.0,6.333333333333333,3.0,2.0,9.0,27.0,6.0,0.0,0.0,0.0,0.0,6.666666666666666,2.5,1.5,8.0,19.0,6.181818181818182,0.0,0.0,0.0,0.0,78.0,2.0,,,5.0,12.0,12.5,9.0
2024-25,4210,Mina,difensore,Cagliari,Cagliari,0.0,1.0,6.064516129032258,1.0,0.0,0.0,31.0,6.266666666666667,1.0,0.0,3.5,15.0,6.033333333333333,0.0,0.0,0.0,0.0,6.266666666666667,1.0,0.0,3.5,15.0,6.033333333333333,0.0,0.0,0.0,0.0,36.0,15.0,,,8.0,11.0,12.5,8.0
2025-26,4210,Mina,difensore,Cagliari,Cagliari,0.0,2.0,6.173076923076923,2.0,1.0,4.5,26.0,6.064516129032258,1.0,0.0,0.0,31.0,6.064516129032258,0.0,0.0,0.0,0.0,6.165591397849463,1.0,0.0,1.75,23.0,6.048924731182796,0.0,0.0,0.0,0.0,36.0,14.0,,,8.0,9.0,11.5,7.0
2024-25,6462,Okoye,portiere,Udinese,Udinese,0.0,1.0,4.4,0.0,0.0,-42.5,25.0,4.928571428571429,0.0,0.0,-26.0,21.0,6.166666666666667,0.0,0.0,0.0,0.0,4.928571428571429,0.0,0.0,-26.0,21.0,6.166666666666667,0.0,0.0,0.0,0.0,34.0,17.0,,,1.0,12.0,10.0,7.0
2025-26,6462,Okoye,portiere,Udinese,Udinese,0.0,2.0,5.083333333333333,0.0,1.0,-29.5,30.0,4.4,0.0,0.0,-42.5,25.0,6.1,0.0,0.0,0.0,0.0,4.664285714285715,0.0,0.0,-34.25,23.0,6.133333333333333,0.0,0.0,0.0,0.0,44.0,12.0,,,7.0,8.0,8.5,6.0
2024-25,6524,Zeroli,centrocampista,Monza,Milan,1.0,1.0,5.714285714285714,0.0,0.0,0.0,7.0,6.0,0.0,0.0,0.0,1.0,6.0,0.0,0.0,0.0,0.0,6.0,0.0,0.0,0.0,1.0,6.0,0.0,0.0,0.0,0.0,74.0,2.0,45.0,12.0,,,,1.0
2024-25,6531,Jimenez A.,difensore,Milan,Milan,0.0,1.0,5.833333333333333,0.0,0.0,-2.5,21.0,4.5,0.0,0.0,-0.5,1.0,5.0,0.0,0.0,0.0,0.0,4.5,0.0,0.0,-0.5,1.0,5.0,0.0,0.0,0.0,0.0,74.0,2.0,,,1.0,1.0,2.5,1.0
2025-26,6531,Jimenez A.,difensore,Milan,Milan,0.0,2.0,5.0,0.0,0.0,-0.5,1.0,5.833333333333333,0.0,0.0,-2.5,21.0,5.9523809523809526,0.0,0.0,0.0,0.0,5.166666666666666,0.0,0.0,-1.5,11.0,5.476190476190476,0.0,0.0,0.0,0.0,60.0,9.0,,,1.0,7.0,10.5,5.0
2024-25,6549,Pierotti,attaccante,Lecce,Lecce,0.0,1.0,6.1,4.0,1.0,10.0,35.0,6.214285714285714,0.0,1.0,1.0,7.0,6.071428571428571,0.0,0.0,0.0,0.0,6.214285714285714,0.0,1.0,1.0,7.0,6.071428571428571,0.0,0.0,0.0,0.0,37.0,14.0,,,2.0,5.0,3.5,4.0
2025-26,6549,Pierotti,attaccante,Lecce,Lecce,0.0,2.0,5.851351351351352,1.0,1.0,2.0,37.0,6.1,4.0,1.0,10.0,35.0,5.814285714285714,0.0,0.0,0.0,0.0,6.157142857142857,2.0,1.0,5.5,21.0,5.942857142857143,0.0,0.0,0.0,0.0,31.0,18.0,,,4.0,10.0,9.5,10.0
2024-25,6556,Noslin,attaccante,Lazio,Verona,1.0,1.0,6.368421052631579,2.0,2.0,7.0,19.0,7.411764705882353,5.0,4.0,18.0,17.0,6.352941176470588,0.0,0.0,0.0,0.0,7.411764705882353,5.0,4.0,18.0,17.0,6.352941176470588,0.0,0.0,0.0,0.0,37.0,13.0,60.0,7.0,4.0,14.0,27.5,16.0
2025-26,6556,Noslin,attaccante,Lazio,Lazio,0.0,2.0,6.5,4.0,2.0,11.0,23.0,6.368421052631579,2.0,2.0,7.0,19.0,6.0,0.0,0.0,0.0,0.0,6.890092879256966,3.5,3.0,12.5,18.0,6.1764705882352935,0.0,0.0,0.0,0.0,65.0,6.0,,,16.0,10.0,5.0,7.0
2024-25,6164,Vitinha O.,attaccante,Genoa,Genoa,0.0,1.0,6.25,2.0,3.0,8.0,22.0,7.333333333333333,2.0,0.0,5.5,6.0,6.416666666666667,0.0,0.0,0.0,0.0,7.333333333333333,2.0,0.0,5.5,6.0,6.416666666666667,0.0,0.0,0.0,0.0,46.0,11.0,,,14.0,13.0,10.0,12.0
2025-26,6164,Vitinha O.,attaccante,Genoa,Genoa,0.0,2.0,6.387096774193548,5.0,1.0,13.5,31.0,6.25,2.0,3.0,8.0,22.0,5.886363636363637,0.0,0.0,0.0,0.0,6.791666666666666,2.0,1.5,6.75,14.0,6.151515151515152,0.0,0.0,0.0,0.0,40.0,13.0,,,12.0,8.0,11.0,12.0
2024-25,6533,Giannetti L.,difensore,Udinese,Udinese,0.0,1.0,5.461538461538462,1.0,0.0,-3.0,13.0,5.642857142857143,1.0,0.0,-1.0,7.0,5.785714285714286,0.0,0.0,0.0,0.0,5.642857142857143,1.0,0.0,-1.0,7.0,5.785714285714286,0.0,0.0,0.0,0.0,34.0,17.0,,,4.0,2.0,12.0,4.0
2024-25,4772,Angelino,difensore,Roma,Roma,0.0,1.0,6.315789473684211,2.0,1.0,6.5,38.0,5.875,0.0,2.0,-1.0,16.0,5.9375,0.0,0.0,0.0,0.0,5.875,0.0,2.0,-1.0,16.0,5.9375,0.0,0.0,0.0,0.0,63.0,6.0,,,8.0,9.0,16.5,10.0
2025-26,4772,Angelino,difensore,Roma,Roma,0.0,2.0,5.666666666666667,0.0,0.0,-1.0,6.0,6.315789473684211,2.0,1.0,6.5,38.0,6.144736842105263,0.0,0.0,0.0,0.0,6.095394736842105,1.0,1.5,2.75,27.0,6.041118421052632,0.0,0.0,0.0,0.0,66.0,5.0,,,10.0,14.0,25.0,15.0
2024-25,6495,Comuzzo,difensore,Fiorentina,Fiorentina,0.0,1.0,5.928571428571429,1.0,0.0,0.5,28.0,5.75,0.0,0.0,-0.5,2.0,6.0,0.0,0.0,0.0,0.0,5.75,0.0,0.0,-0.5,2.0,6.0,0.0,0.0,0.0,0.0,57.0,8.0,,,1.0,1.0,0.5,1.0
2025-26,6495,Comuzzo,difensore,Fiorentina,Fiorentina,0.0,2.0,5.75,1.0,0.0,0.0,24.0,5.928571428571429,1.0,0.0,0.5,28.0,5.910714285714286,0.0,0.0,0.0,0.0,5.839285714285714,0.5,0.0,0.0,15.0,5.955357142857142,0.0,0.0,0.0,0.0,62.0,7.0,,,1.0,7.0,7.0,7.0
2024-25,6562,Dani Silva,centrocampista,Verona,Verona,0.0,1.0,5.25,0.0,0.0,-0.5,6.0,5.722222222222222,0.0,0.0,-1.0,9.0,5.833333333333333,0.0,0.0,0.0,0.0,5.722222222222222,0.0,0.0,-1.0,9.0,5.833333333333333,0.0,0.0,0.0,0.0,37.0,13.0,,,3.0,4.0,2.5,3.0
2024-25,6213,Brenner,attaccante,Udinese,Udinese,0.0,1.0,6.75,1.0,2.0,5.0,6.0,5.875,0.0,0.0,0.0,4.0,5.875,0.0,0.0,0.0,0.0,5.875,0.0,0.0,0.0,4.0,5.875,0.0,0.0,0.0,0.0,34.0,17.0,,,11.0,3.0,7.5,7.0
2024-25,6532,Buchanan T.,centrocampista,Inter,Inter,0.0,1.0,5.833333333333333,0.0,0.0,0.0,3.0,6.5,1.0,0.0,3.0,7.0,6.071428571428571,0.0,0.0,0.0,0.0,6.5,1.0,0.0,3.0,7.0,6.071428571428571,0.0,0.0,0.0,0.0,93.0,1.0,,,5.0,6.0,7.5,1.0
2024-25,6191,Belahyane,centrocampista,Lazio,Verona,1.0,1.0,5.6923076923076925,0.0,2.0,-2.0,26.0,6.25,0.0,0.0,0.0,2.0,6.25,353.0,0.08043412491679192,0.2839142382144928,3.0,6.25,0.0,0.0,0.0,2.0,6.25,353.0,0.08043412491679192,0.2839142382144928,3.0,37.0,13.0,60.0,7.0,1.0,2.0,0.5,1.0
2025-26,6191,Belahyane,centrocampista,Lazio,Lazio,0.0,2.0,5.818181818181818,0.0,2.0,0.5,11.0,5.6923076923076925,0.0,2.0,-2.0,26.0,5.769230769230769,0.0,0.0,0.0,0.0,5.971153846153847,0.0,1.0,-1.0,14.0,6.009615384615385,176.5,0.04021706245839596,0.1419571191072464,1.5,65.0,6.0,,,1.0,3.0,5.5,4.0
2024-25,6572,Castro S.,attaccante,Bologna,Bologna,0.0,1.0,6.757575757575758,8.0,4.0,19.5,33.0,6.5,1.0,0.0,2.5,5.0,6.0,0.0,0.0,0.0,0.0,6.5,1.0,0.0,2.5,5.0,6.0,0.0,0.0,0.0,0.0,68.0,3.0,,,4.0,5.0,4.5,8.0
2025-26,6572,Castro S.,attaccante,Bologna,Bologna,0.0,2.0,6.514285714285714,7.0,1.0,20.5,35.0,6.757575757575758,8.0,4.0,19.5,33.0,6.166666666666667,0.0,0.0,0.0,0.0,6.628787878787879,4.5,2.0,11.0,19.0,6.083333333333334,0.0,0.0,0.0,0.0,62.0,8.0,,,8.0,18.0,32.0,19.0
2024-25,6482,Mandas,portiere,Lazio,Lazio,0.0,1.0,5.5,0.0,0.0,-7.0,9.0,5.5,0.0,0.0,-6.0,8.0,6.25,0.0,0.0,0.0,0.0,5.5,0.0,0.0,-6.0,8.0,6.25,0.0,0.0,0.0,0.0,60.0,7.0,,,1.0,11.0,0.5,1.0
2024-25,6565,Ankeye,attaccante,Genoa,Genoa,0.0,1.0,6.0,0.0,0.0,0.0,1.0,5.75,0.0,0.0,0.0,2.0,5.75,0.0,0.0,0.0,0.0,5.75,0.0,0.0,0.0,2.0,5.75,0.0,0.0,0.0,0.0,46.0,11.0,,,2.0,1.0,2.5,1.0
2024-25,6015,Berisha M.,centrocampista,Lecce,Lecce,0.0,1.0,5.964285714285714,0.0,1.0,-1.5,14.0,5.875,0.0,0.0,0.0,4.0,5.875,0.0,0.0,0.0,0.0,5.875,0.0,0.0,0.0,4.0,5.875,0.0,0.0,0.0,0.0,37.0,14.0,,,,,,1.0
2025-26,6015,Berisha M.,centrocampista,Lecce,Lecce,0.0,2.0,6.916666666666667,2.0,3.0,9.0,12.0,5.964285714285714,0.0,1.0,-1.5,14.0,6.071428571428571,0.0,0.0,0.0,0.0,5.919642857142858,0.0,0.5,-0.75,9.0,5.973214285714286,0.0,0.0,0.0,0.0,31.0,18.0,,,1.0,7.0,4.5,3.0
2024-25,5637,Davis K.,attaccante,Udinese,Udinese,0.0,1.0,6.375,2.0,1.0,6.0,16.0,6.6,1.0,0.0,2.0,5.0,6.2,0.0,0.0,0.0,0.0,6.6,1.0,0.0,2.0,5.0,6.2,0.0,0.0,0.0,0.0,34.0,17.0,,,10.0,7.0,10.0,6.0
2025-26,5637,Davis K.,attaccante,Udinese,Udinese,0.0,2.0,7.366666666666666,6.0,4.0,31.5,30.0,6.375,2.0,1.0,6.0,16.0,6.0,0.0,0.0,0.0,0.0,6.4875,1.5,0.5,4.0,10.5,6.1,0.0,0.0,0.0,0.0,44.0,12.0,,,6.0,7.0,7.0,12.0
2024-25,6598,Mutandwa,attaccante,Cagliari,Cagliari,0.0,1.0,5.9,0.0,0.0,0.0,5.0,10.0,1.0,0.0,3.0,1.0,7.0,0.0,0.0,0.0,0.0,10.0,1.0,0.0,3.0,1.0,7.0,0.0,0.0,0.0,0.0,36.0,15.0,,,,,,1.0
2025-26,6641,Suzuki,portiere,Parma,Parma,0.0,1.0,4.75,0.0,0.0,-25.5,20.0,4.756756756756757,0.0,0.0,-54.0,37.0,6.216216216216216,0.0,0.0,0.0,0.0,4.756756756756757,0.0,0.0,-54.0,37.0,6.216216216216216,0.0,0.0,0.0,0.0,33.0,16.0,,,7.0,11.0,16.0,7.0
2025-26,6663,Circati,difensore,Parma,Parma,0.0,1.0,5.919354838709677,1.0,0.0,0.0,31.0,5.75,0.0,0.0,-0.5,6.0,5.833333333333333,0.0,0.0,0.0,0.0,5.75,0.0,0.0,-0.5,6.0,5.833333333333333,0.0,0.0,0.0,0.0,33.0,16.0,,,5.0,2.0,4.5,5.0
2025-26,6665,Coulibaly W.,difensore,Sassuolo,Parma,1.0,1.0,5.638888888888889,0.0,0.0,-1.0,18.0,5.357142857142857,0.0,1.0,-2.5,14.0,5.535714285714286,0.0,0.0,0.0,0.0,5.357142857142857,0.0,1.0,-2.5,14.0,5.535714285714286,0.0,0.0,0.0,0.0,33.0,16.0,,,2.0,3.0,5.5,3.0
2025-26,6666,Bernabè,centrocampista,Parma,Parma,0.0,1.0,6.484375,3.0,1.0,10.0,32.0,6.473684210526316,1.0,1.0,3.5,19.0,6.2894736842105265,0.0,0.0,0.0,0.0,6.473684210526316,1.0,1.0,3.5,19.0,6.2894736842105265,0.0,0.0,0.0,0.0,33.0,16.0,,,14.0,10.0,11.0,11.0
2025-26,6669,Bonny,attaccante,Inter,Parma,1.0,1.0,6.833333333333333,5.0,4.0,18.5,27.0,6.513513513513513,4.0,4.0,18.0,37.0,6.027027027027027,0.0,0.0,0.0,0.0,6.513513513513513,4.0,4.0,18.0,37.0,6.027027027027027,0.0,0.0,0.0,0.0,33.0,16.0,78.0,2.0,8.0,17.0,23.0,5.0
2025-26,6642,Coco,difensore,Torino,Torino,0.0,1.0,5.914285714285715,1.0,1.0,2.5,35.0,5.828125,2.0,0.0,-1.0,32.0,5.859375,0.0,0.0,0.0,0.0,5.828125,2.0,0.0,-1.0,32.0,5.859375,0.0,0.0,0.0,0.0,44.0,11.0,,,8.0,6.0,10.0,8.0
2025-26,6646,Adams C.,attaccante,Torino,Torino,0.0,1.0,6.640625,6.0,3.0,21.0,32.0,6.757142857142857,9.0,4.0,26.5,35.0,6.0,0.0,0.0,0.0,0.0,6.757142857142857,9.0,4.0,26.5,35.0,6.0,0.0,0.0,0.0,0.0,44.0,11.0,,,14.0,20.0,36.5,14.0
2025-26,6680,Karlstrom,centrocampista,Udinese,Udinese,0.0,1.0,5.958333333333333,1.0,0.0,0.0,36.0,5.783783783783784,0.0,2.0,-2.5,37.0,5.851351351351352,0.0,0.0,0.0,0.0,5.783783783783784,0.0,2.0,-2.5,37.0,5.851351351351352,0.0,0.0,0.0,0.0,44.0,12.0,,,5.0,6.0,10.5,6.0
2025-26,6684,Ekkelenkamp,centrocampista,Udinese,Udinese,0.0,1.0,6.612903225806452,5.0,3.0,17.5,31.0,6.2727272727272725,3.0,2.0,10.0,33.0,5.96969696969697,0.0,0.0,0.0,0.0,6.2727272727272725,3.0,2.0,10.0,33.0,5.96969696969697,0.0,0.0,0.0,0.0,44.0,12.0,,,6.0,12.0,12.0,10.0
2025-26,6639,Frese,difensore,Verona,Verona,0.0,1.0,5.838709677419355,2.0,0.0,0.0,31.0,5.785714285714286,0.0,0.0,0.0,7.0,5.785714285714286,0.0,0.0,0.0,0.0,5.785714285714286,0.0,0.0,0.0,7.0,5.785714285714286,0.0,0.0,0.0,0.0,34.0,15.0,,,5.0,2.0,2.5,3.0
2025-26,6630,Mosquera,attaccante,Verona,Verona,0.0,1.0,6.071428571428571,0.0,2.0,1.5,14.0,6.303030303030303,5.0,1.0,14.0,33.0,5.878787878787879,0.0,0.0,0.0,0.0,6.303030303030303,5.0,1.0,14.0,33.0,5.878787878787879,0.0,0.0,0.0,0.0,34.0,15.0,,,8.0,13.0,6.5,6.0
2025-26,6675,Dovbyk,attaccante,Roma,Roma,0.0,1.0,6.769230769230769,3.0,1.0,10.0,13.0,7.1875,10.0,2.0,38.0,32.0,6.0,0.0,0.0,0.0,0.0,7.1875,10.0,2.0,38.0,32.0,6.0,0.0,0.0,0.0,0.0,66.0,5.0,,,32.0,23.0,130.0,21.0
2025-26,6629,Dele-Bashiru,centrocampista,Lazio,Lazio,0.0,1.0,5.833333333333333,1.0,0.0,3.0,21.0,6.647058823529412,3.0,1.0,10.0,17.0,6.0588235294117645,0.0,0.0,0.0,0.0,6.647058823529412,3.0,1.0,10.0,17.0,6.0588235294117645,0.0,0.0,0.0,0.0,65.0,6.0,,,5.0,12.0,8.5,11.0
2025-26,6632,Gaspar K.,difensore,Lecce,Lecce,0.0,1.0,5.642857142857143,0.0,0.0,-4.0,21.0,6.145833333333333,0.0,1.0,-0.5,24.0,6.166666666666667,0.0,0.0,0.0,0.0,6.145833333333333,0.0,1.0,-0.5,24.0,6.166666666666667,0.0,0.0,0.0,0.0,31.0,18.0,,,3.0,9.0,11.0,8.0
2025-26,6633,Pierret,centrocampista,Lecce,Lecce,0.0,1.0,6.0,0.0,0.0,0.0,1.0,5.716666666666667,0.0,0.0,-1.0,30.0,5.75,0.0,0.0,0.0,0.0,5.716666666666667,0.0,0.0,-1.0,30.0,5.75,0.0,0.0,0.0,0.0,31.0,18.0,,,4.0,5.0,6.0,6.0
2025-26,6634,Tete Morente,centrocampista,Lecce,Lecce,0.0,1.0,5.566666666666666,0.0,1.0,0.0,15.0,6.15,3.0,2.0,8.5,30.0,5.866666666666666,0.0,0.0,0.0,0.0,6.15,3.0,2.0,8.5,30.0,5.866666666666666,0.0,0.0,0.0,0.0,31.0,18.0,,,9.0,10.0,12.5,9.0
2025-26,5562,Thuram K.,centrocampista,Juventus,Juventus,0.0,1.0,6.397058823529412,3.0,2.0,10.0,34.0,6.742424242424242,4.0,5.0,14.5,33.0,6.303030303030303,0.0,0.0,0.0,0.0,6.742424242424242,4.0,5.0,14.5,33.0,6.303030303030303,0.0,0.0,0.0,0.0,67.0,4.0,,,10.0,19.0,26.5,16.0
2025-26,5435,Moreno Alb.,difensore,Como,Como,0.0,1.0,6.375,2.0,1.0,5.0,16.0,5.869565217391305,0.0,0.0,-2.0,23.0,5.956521739130435,0.0,0.0,0.0,0.0,5.869565217391305,0.0,0.0,-2.0,23.0,5.956521739130435,0.0,0.0,0.0,0.0,49.0,10.0,,,7.0,5.0,6.0,3.0
2025-26,5559,Da Cunha,centrocampista,Como,Como,0.0,1.0,6.914285714285715,2.0,4.0,20.0,35.0,6.357142857142857,3.0,2.0,9.0,35.0,6.1,0.0,0.0,0.0,0.0,6.357142857142857,3.0,2.0,9.0,35.0,6.1,0.0,0.0,0.0,0.0,49.0,10.0,,,12.0,14.0,18.0,12.0
2025-26,6664,Delprato,difensore,Parma,Parma,0.0,1.0,6.014285714285714,2.0,0.0,3.5,35.0,6.205882352941177,4.0,0.0,6.0,34.0,6.029411764705882,0.0,0.0,0.0,0.0,6.205882352941177,4.0,0.0,6.0,34.0,6.029411764705882,0.0,0.0,0.0,0.0,33.0,16.0,,,6.0,12.0,11.0,8.0
2025-26,5022,Pavlovic,difensore,Milan,Milan,0.0,1.0,6.617647058823529,5.0,0.0,13.0,34.0,6.113636363636363,2.0,1.0,4.5,22.0,5.909090909090909,0.0,0.0,0.0,0.0,6.113636363636363,2.0,1.0,4.5,22.0,5.909090909090909,0.0,0.0,0.0,0.0,60.0,9.0,,,10.0,9.0,8.0,7.0
2025-26,4686,Fofana Y.,centrocampista,Milan,Milan,0.0,1.0,6.0606060606060606,2.0,3.0,7.0,33.0,6.220588235294118,1.0,6.0,6.5,34.0,6.029411764705882,0.0,0.0,0.0,0.0,6.220588235294118,1.0,6.0,6.5,34.0,6.029411764705882,0.0,0.0,0.0,0.0,60.0,9.0,,,8.0,12.0,10.5,11.0
2025-26,6804,Richardson,centrocampista,Fiorentina,Fiorentina,0.0,1.0,5.5,0.0,0.0,0.0,1.0,5.84,1.0,1.0,1.5,25.0,5.78,0.0,0.0,0.0,0.0,5.84,1.0,1.0,1.5,25.0,5.78,0.0,0.0,0.0,0.0,62.0,7.0,,,8.0,6.0,4.5,4.0
2025-26,6672,Idzes,difensore,Sassuolo,Venezia,1.0,1.0,5.9,0.0,0.0,-1.5,35.0,5.9714285714285715,1.0,0.0,0.5,35.0,5.957142857142857,932.0,1.176107570528984,1.3874194100499153,24.0,5.9714285714285715,1.0,0.0,0.5,35.0,5.957142857142857,932.0,1.176107570528984,1.3874194100499153,24.0,29.0,19.0,,,4.0,9.0,9.0,7.0
2025-26,6826,Dembelè A.,difensore,Torino,Torino,0.0,1.0,5.0,0.0,0.0,0.0,1.0,5.888888888888889,1.0,0.0,2.0,9.0,5.666666666666667,0.0,0.0,0.0,0.0,5.888888888888889,1.0,0.0,2.0,9.0,5.666666666666667,0.0,0.0,0.0,0.0,44.0,11.0,,,1.0,4.0,1.5,1.0
2025-26,6832,Palestra,difensore,Cagliari,Atalanta,1.0,1.0,6.418918918918919,1.0,4.0,5.5,37.0,6.0,0.0,0.0,0.0,4.0,6.0,0.0,0.0,0.0,0.0,6.0,0.0,0.0,0.0,4.0,6.0,0.0,0.0,0.0,0.0,74.0,3.0,36.0,14.0,1.0,3.0,2.0,3.0
2025-26,6831,Neres,centrocampista,Napoli,Napoli,0.0,1.0,6.84375,3.0,3.0,10.5,16.0,6.72,2.0,5.0,10.0,25.0,6.32,0.0,0.0,0.0,0.0,6.72,2.0,5.0,10.0,25.0,6.32,0.0,0.0,0.0,0.0,79.0,1.0,,,20.0,17.0,19.0,13.0
2025-26,4734,Miranda J.,difensore,Bologna,Bologna,0.0,1.0,6.096774193548387,1.0,3.0,3.0,31.0,6.155172413793103,0.0,6.0,3.0,29.0,6.051724137931035,0.0,0.0,0.0,0.0,6.155172413793103,0.0,6.0,3.0,29.0,6.051724137931035,0.0,0.0,0.0,0.0,62.0,8.0,,,8.0,10.0,15.0,9.0
2025-26,4284,Sergi Roberto,difensore,Como,Como,0.0,1.0,5.730769230769231,0.0,0.0,-1.5,13.0,5.916666666666667,0.0,1.0,-1.0,12.0,6.0,0.0,0.0,0.0,0.0,5.916666666666667,0.0,1.0,-1.0,12.0,6.0,0.0,0.0,0.0,0.0,49.0,10.0,,,9.0,2.0,5.0,4.0
2025-26,6151,Perrone,centrocampista,Como,Como,0.0,1.0,6.472222222222222,3.0,4.0,9.0,36.0,5.94,0.0,3.0,0.0,25.0,5.94,0.0,0.0,0.0,0.0,5.94,0.0,3.0,0.0,25.0,5.94,0.0,0.0,0.0,0.0,49.0,10.0,,,4.0,7.0,9.0,8.0
2025-26,6875,Paz N.,centrocampista,Como,Como,0.0,1.0,7.3,12.0,5.0,32.5,35.0,6.9411764705882355,6.0,7.0,19.0,34.0,6.382352941176471,0.0,0.0,0.0,0.0,6.9411764705882355,6.0,7.0,19.0,34.0,6.382352941176471,0.0,0.0,0.0,0.0,49.0,10.0,,,7.0,22.0,50.0,20.0
2025-26,6643,Dallinga,attaccante,Bologna,Bologna,0.0,1.0,6.131578947368421,2.0,1.0,6.0,19.0,6.413043478260869,3.0,2.0,10.5,23.0,5.956521739130435,0.0,0.0,0.0,0.0,6.413043478260869,3.0,2.0,10.5,23.0,5.956521739130435,0.0,0.0,0.0,0.0,62.0,8.0,,,22.0,12.0,15.5,10.0
2025-26,6537,Goglichidze,difensore,Udinese,Empoli,1.0,1.0,5.583333333333333,0.0,0.0,-1.0,6.0,5.712121212121212,0.0,1.0,-1.5,33.0,5.757575757575758,0.0,0.0,0.0,0.0,5.712121212121212,0.0,1.0,-1.5,33.0,5.757575757575758,0.0,0.0,0.0,0.0,31.0,17.0,44.0,12.0,1.0,5.0,7.0,4.0
2025-26,6883,Jean,difensore,Lecce,Lecce,0.0,1.0,5.7,0.0,0.0,-0.5,5.0,5.75,0.0,0.0,0.0,18.0,5.75,0.0,0.0,0.0,0.0,5.75,0.0,0.0,0.0,18.0,5.75,0.0,0.0,0.0,0.0,31.0,18.0,,,2.0,4.0,5.0,3.0
2025-26,6640,Felici,centrocampista,Cagliari,Cagliari,0.0,1.0,6.545454545454546,2.0,1.0,5.5,11.0,5.972222222222222,0.0,3.0,2.5,18.0,5.833333333333333,0.0,0.0,0.0,0.0,5.972222222222222,0.0,3.0,2.5,18.0,5.833333333333333,0.0,0.0,0.0,0.0,36.0,14.0,,,5.0,5.0,6.5,6.0
2025-26,5620,Tavares N.,difensore,Lazio,Lazio,0.0,1.0,5.795454545454546,0.0,0.0,-2.5,22.0,6.5,0.0,7.0,5.0,23.0,6.282608695652174,0.0,0.0,0.0,0.0,6.5,0.0,7.0,5.0,23.0,6.282608695652174,0.0,0.0,0.0,0.0,65.0,6.0,,,6.0,12.0,18.0,12.0
2025-26,6884,Conceicao,centrocampista,Juventus,Juventus,0.0,1.0,6.7,3.0,5.0,12.5,30.0,6.5,3.0,3.0,9.5,25.0,6.12,285.0,0.11295831389725208,0.3877572789788246,3.0,6.5,3.0,3.0,9.5,25.0,6.12,285.0,0.11295831389725208,0.3877572789788246,3.0,67.0,4.0,,,11.0,14.0,12.5,18.0
2025-26,5589,Konè M.,centrocampista,Roma,Roma,0.0,1.0,6.5344827586206895,2.0,3.0,8.0,29.0,6.378787878787879,2.0,1.0,4.0,33.0,6.257575757575758,0.0,0.0,0.0,0.0,6.378787878787879,2.0,1.0,4.0,33.0,6.257575757575758,0.0,0.0,0.0,0.0,66.0,5.0,,,8.0,15.0,20.5,14.0
2025-26,6190,Pisilli,centrocampista,Roma,Roma,0.0,1.0,6.4772727272727275,2.0,4.0,8.5,22.0,6.125,2.0,1.0,3.5,24.0,5.979166666666667,0.0,0.0,0.0,0.0,6.125,2.0,1.0,3.5,24.0,5.979166666666667,0.0,0.0,0.0,0.0,66.0,5.0,,,1.0,8.0,6.0,7.0
2025-26,6653,Bravo,attaccante,Udinese,Udinese,0.0,1.0,6.625,1.0,0.0,2.5,4.0,6.28125,2.0,0.0,4.5,16.0,6.0,0.0,0.0,0.0,0.0,6.28125,2.0,0.0,4.5,16.0,6.0,0.0,0.0,0.0,0.0,44.0,12.0,,,4.0,8.0,5.5,6.0
2025-26,6893,Kempf,difensore,Como,Como,0.0,1.0,6.517241379310345,4.0,1.0,11.5,29.0,5.758064516129032,0.0,0.0,-3.0,31.0,5.854838709677419,0.0,0.0,0.0,0.0,5.758064516129032,0.0,0.0,-3.0,31.0,5.854838709677419,0.0,0.0,0.0,0.0,49.0,10.0,,,3.0,6.0,7.0,5.0
2025-26,6896,Van Der Brempt,difensore,Como,Como,0.0,1.0,5.964285714285714,0.0,1.0,0.0,14.0,5.916666666666667,0.0,1.0,-0.5,18.0,5.944444444444445,0.0,0.0,0.0,0.0,5.916666666666667,0.0,1.0,-0.5,18.0,5.944444444444445,0.0,0.0,0.0,0.0,49.0,10.0,,,5.0,5.0,4.0,4.0
2025-26,6815,Fadera,centrocampista,Sassuolo,Como,1.0,1.0,6.145833333333333,2.0,1.0,5.5,24.0,6.1875,1.0,3.0,4.5,24.0,6.0,0.0,0.0,0.0,0.0,6.1875,1.0,3.0,4.5,24.0,6.0,0.0,0.0,0.0,0.0,49.0,10.0,,,6.0,9.0,6.5,6.0
2025-26,6889,Anjorin,centrocampista,Torino,Empoli,1.0,1.0,5.722222222222222,0.0,0.0,-0.5,9.0,6.636363636363637,2.0,3.0,7.5,22.0,6.295454545454546,0.0,0.0,0.0,0.0,6.636363636363637,2.0,3.0,7.5,22.0,6.295454545454546,0.0,0.0,0.0,0.0,31.0,17.0,44.0,11.0,2.0,13.0,13.5,10.0
2025-26,4807,Hermoso,difensore,Roma,Roma,0.0,1.0,6.407407407407407,3.0,2.0,6.5,27.0,4.875,0.0,0.0,-1.0,4.0,5.125,0.0,0.0,0.0,0.0,4.875,0.0,0.0,-1.0,4.0,5.125,0.0,0.0,0.0,0.0,66.0,5.0,,,10.0,2.0,2.0,3.0
2025-26,2521,De Gea,portiere,Fiorentina,Fiorentina,0.0,1.0,5.0,0.0,0.0,-46.0,37.0,5.414285714285715,0.0,0.0,-32.5,35.0,6.3428571428571425,0.0,0.0,0.0,0.0,5.414285714285715,0.0,0.0,-32.5,35.0,6.3428571428571425,0.0,0.0,0.0,0.0,62.0,7.0,,,11.0,16.0,34.5,14.0
2025-26,4777,McTominay,centrocampista,Napoli,Napoli,0.0,1.0,7.257575757575758,10.0,2.0,28.5,33.0,7.661764705882353,12.0,3.0,37.5,34.0,6.5588235294117645,0.0,0.0,0.0,0.0,7.661764705882353,12.0,3.0,37.5,34.0,6.5588235294117645,0.0,0.0,0.0,0.0,79.0,1.0,,,16.0,30.0,108.5,26.0
2025-26,5131,Gilmour,centrocampista,Napoli,Napoli,0.0,1.0,6.269230769230769,1.0,0.0,2.5,13.0,6.0588235294117645,0.0,1.0,1.0,17.0,6.0,0.0,0.0,0.0,0.0,6.0588235294117645,0.0,1.0,1.0,17.0,6.0,0.0,0.0,0.0,0.0,79.0,1.0,,,7.0,8.0,8.5,7.0
2025-26,6898,Keita M.,centrocampista,Parma,Parma,0.0,1.0,6.055555555555555,1.0,1.0,1.5,36.0,5.660714285714286,0.0,1.0,-2.0,28.0,5.732142857142857,0.0,0.0,0.0,0.0,5.660714285714286,0.0,1.0,-2.0,28.0,5.732142857142857,0.0,0.0,0.0,0.0,33.0,16.0,,,6.0,5.0,7.0,6.0
2025-26,6159,Sarr A.,attaccante,Verona,Verona,0.0,1.0,5.637931034482759,0.0,0.0,-1.0,29.0,6.258620689655173,4.0,0.0,11.5,29.0,5.862068965517241,3152.0,2.963864615187049,1.0477176792919636,22.0,6.258620689655173,4.0,0.0,11.5,29.0,5.862068965517241,3152.0,2.963864615187049,1.0477176792919636,22.0,34.0,15.0,,,4.0,13.0,10.0,8.0
2025-26,4665,Maripan,difensore,Torino,Torino,0.0,1.0,6.096153846153846,2.0,0.0,4.0,26.0,5.928571428571429,1.0,0.0,0.0,28.0,5.928571428571429,0.0,0.0,0.0,0.0,5.928571428571429,1.0,0.0,0.0,28.0,5.928571428571429,0.0,0.0,0.0,0.0,44.0,11.0,,,7.0,8.0,10.5,7.0
2025-26,5578,Kossounou,difensore,Atalanta,Atalanta,0.0,1.0,6.09375,1.0,0.0,2.5,16.0,5.911764705882353,0.0,0.0,-0.5,17.0,5.9411764705882355,0.0,0.0,0.0,0.0,5.911764705882353,0.0,0.0,-0.5,17.0,5.9411764705882355,0.0,0.0,0.0,0.0,74.0,3.0,,,10.0,5.0,6.5,9.0
2025-26,6908,Atta,centrocampista,Udinese,Udinese,0.0,1.0,6.875,5.0,3.0,16.5,32.0,5.891304347826087,0.0,0.0,-2.5,23.0,6.0,0.0,0.0,0.0,0.0,5.891304347826087,0.0,0.0,-2.5,23.0,6.0,0.0,0.0,0.0,0.0,44.0,12.0,,,1.0,7.0,6.5,6.0
2025-26,6916,Ahanor,difensore,Atalanta,Genoa,1.0,1.0,5.690476190476191,0.0,0.0,-2.0,21.0,6.0,0.0,0.0,0.0,6.0,6.0,0.0,0.0,0.0,0.0,6.0,0.0,0.0,0.0,6.0,6.0,0.0,0.0,0.0,0.0,40.0,13.0,74.0,3.0,1.0,3.0,2.5,6.0
2025-26,6827,Njie,attaccante,Torino,Torino,0.0,1.0,6.15,1.0,1.0,3.5,10.0,6.2727272727272725,1.0,0.0,2.5,11.0,6.045454545454546,0.0,0.0,0.0,0.0,6.2727272727272725,1.0,0.0,2.5,11.0,6.045454545454546,0.0,0.0,0.0,0.0,44.0,11.0,,,1.0,1.0,3.0,1.0
2025-26,6631,Ghilardi,difensore,Roma,Verona,1.0,1.0,5.9523809523809526,0.0,0.0,-0.5,21.0,5.541666666666667,0.0,0.0,-4.5,24.0,5.729166666666667,0.0,0.0,0.0,0.0,5.541666666666667,0.0,0.0,-4.5,24.0,5.729166666666667,0.0,0.0,0.0,0.0,34.0,15.0,66.0,5.0,1.0,4.0,5.0,4.0
2025-26,6822,Ekhator,attaccante,Genoa,Genoa,0.0,1.0,6.28,3.0,0.0,8.0,25.0,6.1,1.0,1.0,3.5,15.0,5.866666666666666,0.0,0.0,0.0,0.0,6.1,1.0,1.0,3.5,15.0,5.866666666666666,0.0,0.0,0.0,0.0,40.0,13.0,,,1.0,6.0,4.0,1.0
2025-26,6660,Marcandalli,difensore,Genoa,Venezia,1.0,1.0,5.838709677419355,0.0,1.0,-1.0,31.0,5.75,0.0,0.0,-1.0,8.0,5.875,0.0,0.0,0.0,0.0,5.75,0.0,0.0,-1.0,8.0,5.875,0.0,0.0,0.0,0.0,29.0,19.0,40.0,13.0,1.0,3.0,3.5,3.0
2025-26,6814,Norton-Cuffy,difensore,Genoa,Genoa,0.0,1.0,6.092592592592593,2.0,1.0,4.5,27.0,5.7,0.0,0.0,0.0,10.0,5.7,0.0,0.0,0.0,0.0,5.7,0.0,0.0,0.0,10.0,5.7,0.0,0.0,0.0,0.0,40.0,13.0,,,4.0,4.0,3.0,3.0
2025-26,6917,Masini,centrocampista,Genoa,Genoa,0.0,1.0,5.904761904761905,0.0,1.0,-1.5,21.0,6.136363636363637,1.0,0.0,2.0,22.0,6.045454545454546,0.0,0.0,0.0,0.0,6.136363636363637,1.0,0.0,2.0,22.0,6.045454545454546,0.0,0.0,0.0,0.0,40.0,13.0,,,1.0,8.0,9.0,5.0
2025-26,6895,Dominguez B.,attaccante,Bologna,Bologna,0.0,1.0,6.041666666666667,0.0,3.0,2.5,12.0,6.825,3.0,2.0,11.0,20.0,6.275,0.0,0.0,0.0,0.0,6.825,3.0,2.0,11.0,20.0,6.275,0.0,0.0,0.0,0.0,62.0,8.0,,,5.0,19.0,8.5,9.0
2025-26,6677,Adzic,centrocampista,Juventus,Juventus,0.0,1.0,6.875,1.0,0.0,3.0,4.0,6.0,0.0,0.0,0.0,1.0,6.0,0.0,0.0,0.0,0.0,6.0,0.0,0.0,0.0,1.0,6.0,0.0,0.0,0.0,0.0,67.0,4.0,,,1.0,1.0,1.5,1.0
2025-26,6900,Rui Modesto,centrocampista,Udinese,Udinese,0.0,1.0,6.25,0.0,1.0,1.0,2.0,6.038461538461538,0.0,1.0,1.0,13.0,5.961538461538462,0.0,0.0,0.0,0.0,6.038461538461538,0.0,1.0,1.0,13.0,5.961538461538462,0.0,0.0,0.0,0.0,44.0,12.0,,,3.0,6.0,7.0,3.0
2025-26,7008,Gimenez,attaccante,Milan,Milan,0.0,1.0,5.533333333333333,0.0,1.0,0.5,15.0,6.769230769230769,5.0,2.0,11.5,13.0,5.884615384615385,0.0,0.0,0.0,0.0,6.769230769230769,5.0,2.0,11.5,13.0,5.884615384615385,0.0,0.0,0.0,0.0,60.0,9.0,,,30.0,25.0,65.0,25.0
2025-26,6667,Benedyczak,attaccante,Parma,Parma,0.0,1.0,6.3,0.0,1.0,3.5,10.0,5.666666666666667,0.0,0.0,0.0,6.0,5.666666666666667,0.0,0.0,0.0,0.0,5.666666666666667,0.0,0.0,0.0,6.0,5.666666666666667,0.0,0.0,0.0,0.0,33.0,16.0,,,10.0,2.0,2.5,1.0
2025-26,6519,Camarda,attaccante,Lecce,Milan,1.0,1.0,5.638888888888889,1.0,0.0,-0.5,18.0,5.916666666666667,0.0,0.0,0.0,6.0,5.916666666666667,0.0,0.0,0.0,0.0,5.916666666666667,0.0,0.0,0.0,6.0,5.916666666666667,0.0,0.0,0.0,0.0,60.0,9.0,31.0,18.0,1.0,2.0,3.0,12.0
2025-26,6809,Marianucci,difensore,Torino,Empoli,1.0,1.0,5.7272727272727275,0.0,1.0,0.0,11.0,5.730769230769231,0.0,0.0,-1.0,13.0,5.8076923076923075,0.0,0.0,0.0,0.0,5.730769230769231,0.0,0.0,-1.0,13.0,5.8076923076923075,0.0,0.0,0.0,0.0,31.0,17.0,44.0,11.0,1.0,4.0,5.0,3.0
2025-26,6842,Sava,portiere,Udinese,Udinese,0.0,1.0,3.5,0.0,0.0,-14.5,7.0,4.666666666666667,0.0,0.0,-16.5,12.0,6.041666666666667,0.0,0.0,0.0,0.0,4.666666666666667,0.0,0.0,-16.5,12.0,6.041666666666667,0.0,0.0,0.0,0.0,44.0,12.0,,,1.0,4.0,0.5,4.0
2025-26,6956,Solet,difensore,Udinese,Udinese,0.0,1.0,6.397058823529412,2.0,1.0,7.5,34.0,6.2894736842105265,1.0,1.0,2.5,19.0,6.157894736842105,0.0,0.0,0.0,0.0,6.2894736842105265,1.0,1.0,2.5,19.0,6.157894736842105,0.0,0.0,0.0,0.0,44.0,12.0,,,5.0,9.0,21.0,11.0
2025-26,6966,Butez,portiere,Como,Como,0.0,1.0,5.368421052631579,0.0,1.0,-26.5,38.0,5.184210526315789,0.0,0.0,-20.0,19.0,6.2368421052631575,0.0,0.0,0.0,0.0,5.184210526315789,0.0,0.0,-20.0,19.0,6.2368421052631575,0.0,0.0,0.0,0.0,49.0,10.0,,,2.0,10.0,14.0,10.0
2025-26,5036,Caqueret,centrocampista,Como,Como,0.0,1.0,6.410714285714286,2.0,4.0,8.5,28.0,6.823529411764706,2.0,4.0,8.0,17.0,6.352941176470588,0.0,0.0,0.0,0.0,6.823529411764706,2.0,4.0,8.0,17.0,6.352941176470588,0.0,0.0,0.0,0.0,49.0,10.0,,,8.0,13.0,15.5,12.0
2025-26,6967,Diao,centrocampista,Como,Como,0.0,1.0,6.375,2.0,1.0,6.0,16.0,8.066666666666666,8.0,0.0,23.0,15.0,6.533333333333333,0.0,0.0,0.0,0.0,8.066666666666666,8.0,0.0,23.0,15.0,6.533333333333333,0.0,0.0,0.0,0.0,49.0,10.0,,,8.0,15.0,51.0,17.0
2025-26,6980,Venturino,centrocampista,Roma,Genoa,1.0,1.0,5.857142857142857,0.0,0.0,0.0,7.0,7.7,2.0,0.0,6.0,5.0,6.5,1.0,0.0,0.0,0.0,7.7,2.0,0.0,6.0,5.0,6.5,1.0,0.0,0.0,0.0,40.0,13.0,66.0,5.0,1.0,5.0,0.5,3.0
2025-26,6965,Lovik,difensore,Parma,Parma,0.0,1.0,5.583333333333333,0.0,0.0,0.0,6.0,5.75,0.0,0.0,0.0,4.0,5.75,0.0,0.0,0.0,0.0,5.75,0.0,0.0,0.0,4.0,5.75,0.0,0.0,0.0,0.0,33.0,16.0,,,3.0,2.0,2.5,2.0
2025-26,6986,Rensch,difensore,Roma,Roma,0.0,1.0,6.5,1.0,4.0,6.5,19.0,6.1875,0.0,1.0,1.0,8.0,6.0625,0.0,0.0,0.0,0.0,6.1875,0.0,1.0,1.0,8.0,6.0625,0.0,0.0,0.0,0.0,66.0,5.0,,,5.0,5.0,5.0,5.0
2025-26,6985,Candè,difensore,Sassuolo,Venezia,1.0,1.0,5.5625,0.0,0.0,-1.0,8.0,5.823529411764706,1.0,0.0,1.0,17.0,5.764705882352941,0.0,0.0,0.0,0.0,5.823529411764706,1.0,0.0,1.0,17.0,5.764705882352941,0.0,0.0,0.0,0.0,29.0,19.0,,,1.0,6.0,7.0,6.0
2025-26,4677,Cornet,centrocampista,Genoa,Genoa,0.0,1.0,4.5,0.0,0.0,-3.0,5.0,7.25,2.0,1.0,7.0,6.0,6.083333333333333,0.0,0.0,0.0,0.0,7.25,2.0,1.0,7.0,6.0,6.083333333333333,0.0,0.0,0.0,0.0,40.0,13.0,,,8.0,7.0,6.5,7.0
2025-26,6984,Ondrejka,centrocampista,Parma,Parma,0.0,1.0,5.633333333333334,0.0,0.0,-1.0,15.0,7.85,5.0,0.0,15.0,10.0,6.35,0.0,0.0,0.0,0.0,7.85,5.0,0.0,15.0,10.0,6.35,0.0,0.0,0.0,0.0,33.0,16.0,,,7.0,12.0,19.0,13.0
2025-26,5540,Niasse,centrocampista,Verona,Verona,0.0,1.0,5.71875,0.0,1.0,0.5,16.0,5.318181818181818,0.0,0.0,-2.0,11.0,5.5,0.0,0.0,0.0,0.0,5.318181818181818,0.0,0.0,-2.0,11.0,5.5,0.0,0.0,0.0,0.0,34.0,15.0,,,2.0,2.0,5.5,3.0
2025-26,6867,Valle,difensore,Como,Como,0.0,1.0,6.230769230769231,1.0,3.0,4.5,26.0,5.730769230769231,0.0,0.0,-1.0,13.0,5.8076923076923075,0.0,0.0,0.0,0.0,5.730769230769231,0.0,0.0,-1.0,13.0,5.8076923076923075,0.0,0.0,0.0,0.0,49.0,10.0,,,3.0,5.0,5.5,6.0
2025-26,7014,Smolcic I.,difensore,Como,Como,0.0,1.0,5.84,0.0,1.0,-3.0,25.0,5.75,0.0,0.0,-0.5,8.0,5.8125,0.0,0.0,0.0,0.0,5.75,0.0,0.0,-0.5,8.0,5.8125,0.0,0.0,0.0,0.0,49.0,10.0,,,2.0,3.0,5.0,2.0
2025-26,7017,Douvikas,attaccante,Como,Como,0.0,1.0,7.375,13.0,1.0,43.0,36.0,6.75,2.0,1.0,6.5,12.0,6.208333333333333,0.0,0.0,0.0,0.0,6.75,2.0,1.0,6.5,12.0,6.208333333333333,0.0,0.0,0.0,0.0,49.0,10.0,,,8.0,11.0,13.0,8.0
2025-26,6766,Kelly L.,difensore,Juventus,Juventus,0.0,1.0,6.071428571428571,1.0,1.0,2.0,35.0,5.625,0.0,0.0,-0.5,12.0,5.666666666666667,0.0,0.0,0.0,0.0,5.625,0.0,0.0,-0.5,12.0,5.666666666666667,0.0,0.0,0.0,0.0,67.0,4.0,,,6.0,6.0,6.5,7.0
2025-26,6957,Valentini N.,difensore,Verona,Verona,0.0,1.0,5.578947368421052,0.0,0.0,-4.0,19.0,5.428571428571429,0.0,0.0,-2.5,14.0,5.607142857142857,0.0,0.0,0.0,0.0,5.428571428571429,0.0,0.0,-2.5,14.0,5.607142857142857,0.0,0.0,0.0,0.0,34.0,15.0,,,3.0,4.0,5.0,4.0
2025-26,6992,Oyegoke,difensore,Verona,Verona,0.0,1.0,5.7,0.0,0.0,-1.0,10.0,5.666666666666667,0.0,0.0,-0.5,3.0,5.833333333333333,0.0,0.0,0.0,0.0,5.666666666666667,0.0,0.0,-0.5,3.0,5.833333333333333,0.0,0.0,0.0,0.0,34.0,15.0,,,2.0,1.0,2.0,2.0
2025-26,7028,Bernede,centrocampista,Verona,Verona,0.0,1.0,6.0,1.0,2.0,4.0,31.0,5.958333333333333,1.0,0.0,2.0,12.0,5.791666666666667,0.0,0.0,0.0,0.0,5.958333333333333,1.0,0.0,2.0,12.0,5.791666666666667,0.0,0.0,0.0,0.0,34.0,15.0,,,3.0,5.0,7.0,4.0
2025-26,5888,Casadei,centrocampista,Torino,Torino,0.0,1.0,6.453125,6.0,0.0,15.5,32.0,6.266666666666667,1.0,1.0,3.5,15.0,6.033333333333333,0.0,0.0,0.0,0.0,6.266666666666667,1.0,1.0,3.5,15.0,6.033333333333333,0.0,0.0,0.0,0.0,44.0,11.0,,,10.0,11.0,12.0,12.0
2025-26,7018,Nelsson,difensore,Verona,Roma,1.0,1.0,5.5675675675675675,0.0,0.0,-4.0,37.0,6.0,0.0,0.0,0.0,4.0,6.0,0.0,0.0,0.0,0.0,6.0,0.0,0.0,0.0,4.0,6.0,0.0,0.0,0.0,0.0,66.0,5.0,34.0,15.0,4.0,4.0,4.0,5.0
2025-26,6294,Ndour,centrocampista,Fiorentina,Fiorentina,0.0,1.0,6.066666666666666,3.0,0.0,8.0,30.0,5.642857142857143,0.0,0.0,-0.5,7.0,5.714285714285714,0.0,0.0,0.0,0.0,5.642857142857143,0.0,0.0,-0.5,7.0,5.714285714285714,0.0,0.0,0.0,0.0,62.0,7.0,,,4.0,3.0,6.0,2.0
2025-26,6990,Veiga D.,difensore,Lecce,Lecce,0.0,1.0,5.694444444444445,0.0,0.0,-4.5,36.0,5.7272727272727275,0.0,0.0,0.0,11.0,5.7272727272727275,0.0,0.0,0.0,0.0,5.7272727272727275,0.0,0.0,0.0,11.0,5.7272727272727275,0.0,0.0,0.0,0.0,31.0,18.0,,,2.0,5.0,3.5,1.0
2025-26,6538,Onana J.,centrocampista,Genoa,Genoa,0.0,1.0,5.75,0.0,0.0,0.0,2.0,5.785714285714286,0.0,0.0,-0.5,7.0,5.857142857142857,0.0,0.0,0.0,0.0,5.785714285714286,0.0,0.0,-0.5,7.0,5.857142857142857,0.0,0.0,0.0,0.0,40.0,13.0,,,5.0,4.0,5.5,2.0
2025-26,7023,Pellegrino M.,attaccante,Parma,Parma,0.0,1.0,6.648648648648648,8.0,0.0,24.5,37.0,6.863636363636363,3.0,0.0,8.0,11.0,6.136363636363637,0.0,0.0,0.0,0.0,6.863636363636363,3.0,0.0,8.0,11.0,6.136363636363637,0.0,0.0,0.0,0.0,33.0,16.0,,,3.0,8.0,14.0,13.0
2025-26,7001,N'Dri,attaccante,Lecce,Lecce,0.0,1.0,6.088235294117647,2.0,0.0,4.5,17.0,5.857142857142857,0.0,0.0,0.0,7.0,5.857142857142857,0.0,0.0,0.0,0.0,5.857142857142857,0.0,0.0,0.0,7.0,5.857142857142857,0.0,0.0,0.0,0.0,31.0,18.0,,,3.0,4.0,3.5,5.0
2025-26,7012,Provstgaard,difensore,Lazio,Lazio,0.0,1.0,5.8478260869565215,0.0,0.0,-1.5,23.0,6.5,0.0,0.0,0.0,1.0,6.5,0.0,0.0,0.0,0.0,6.5,0.0,0.0,0.0,1.0,6.5,0.0,0.0,0.0,0.0,65.0,6.0,,,2.0,1.0,2.5,3.0
2025-26,6989,Tiago Gabriel,difensore,Lecce,Lecce,0.0,1.0,6.013888888888889,2.0,0.0,0.5,36.0,6.25,0.0,0.0,0.0,2.0,6.25,0.0,0.0,0.0,0.0,6.25,0.0,0.0,0.0,2.0,6.25,0.0,0.0,0.0,0.0,31.0,18.0,,,1.0,2.0,0.5,1.0
2025-26,6977,Otoa,difensore,Genoa,Genoa,0.0,1.0,5.35,0.0,0.0,-2.5,10.0,4.666666666666667,0.0,0.0,-1.5,3.0,5.166666666666667,270.0,0.0,0.0,0.0,4.666666666666667,0.0,0.0,-1.5,3.0,5.166666666666667,270.0,0.0,0.0,0.0,40.0,13.0,,,3.0,2.0,2.5,2.0
2025-26,219,Sommariva,portiere,Genoa,Genoa,0.0,1.0,3.75,0.0,0.0,-4.0,2.0,6.0,0.0,0.0,-1.0,1.0,7.0,0.0,0.0,0.0,0.0,6.0,0.0,0.0,-1.0,1.0,7.0,0.0,0.0,0.0,0.0,40.0,13.0,,,1.0,3.0,0.5,1.0
